evaluation,model,ID,y_true,y_pred,y_score
holdout,logistic,1,0,0,0.06870253533194652
holdout,logistic,2,0,0,0.29806029545909873
holdout,logistic,4,1,0,0.49018373171647006
holdout,logistic,18,1,1,0.9826874221500379
holdout,logistic,19,0,0,0.2209163594842358
holdout,logistic,20,0,0,0.47208624398183846
holdout,logistic,27,0,0,0.3308499285655939
holdout,logistic,31,0,0,0.3958682649525011
holdout,logistic,37,0,0,0.4352404320372329
holdout,logistic,42,0,0,0.46251310542149154
holdout,logistic,44,0,0,0.2851067820841884
holdout,logistic,46,0,1,0.982818874717402
holdout,logistic,62,0,0,0.31149816880750725
holdout,logistic,66,1,0,0.3826227146560764
holdout,logistic,80,0,0,0.38035606745130984
holdout,logistic,92,1,0,0.32001750574876353
holdout,logistic,93,0,0,0.3771012872340708
holdout,logistic,96,1,1,0.9936842360347506
holdout,logistic,97,1,0,0.42633549559094414
holdout,logistic,101,0,0,0.317811803172412
holdout,logistic,106,1,1,0.9844366870709004
holdout,logistic,111,0,0,0.44249558313464366
holdout,logistic,132,1,1,0.9876352128155431
holdout,logistic,138,0,0,0.41639378601297217
holdout,logistic,141,0,0,0.2851519301200004
holdout,logistic,146,1,1,0.6656813006366854
holdout,logistic,147,0,0,0.3831091037883768
holdout,logistic,148,1,1,0.6880319944252536
holdout,logistic,149,0,0,0.3573905152371713
holdout,logistic,154,1,1,0.680257416746919
holdout,logistic,163,1,1,0.9999790987427262
holdout,logistic,168,0,0,0.42410728517954743
holdout,logistic,172,0,1,0.9605895836610865
holdout,logistic,176,0,0,0.4014831583786753
holdout,logistic,185,0,1,0.9999790160966663
holdout,logistic,186,1,1,0.9922770078771862
holdout,logistic,197,1,1,0.9916985507727079
holdout,logistic,198,0,0,0.37936647040333876
holdout,logistic,209,1,1,0.9911790752182911
holdout,logistic,210,1,1,0.9909039469444598
holdout,logistic,229,1,0,0.4187853105067876
holdout,logistic,235,1,0,0.368148886897502
holdout,logistic,239,0,1,0.5027671104130258
holdout,logistic,244,0,0,0.21976954601903848
holdout,logistic,246,1,1,0.9867410011016138
holdout,logistic,251,1,0,0.36597977974904605
holdout,logistic,252,0,0,0.3429375084562818
holdout,logistic,256,1,1,0.9877627993769462
holdout,logistic,258,0,0,0.3923206217994709
holdout,logistic,262,1,1,0.9940158259310072
holdout,logistic,266,1,1,0.9899521594440538
holdout,logistic,271,0,0,0.337662873224593
holdout,logistic,272,0,0,0.21536708055429368
holdout,logistic,275,1,1,0.9814007133904435
holdout,logistic,277,1,0,0.35810333267539657
holdout,logistic,279,0,0,0.4780579098225351
holdout,logistic,281,1,0,0.4379345300937066
holdout,logistic,283,1,1,0.9933927586114925
holdout,logistic,286,0,0,0.4113543821628274
holdout,logistic,287,0,0,0.26820181659888975
holdout,logistic,291,1,1,0.9951527607126973
holdout,logistic,309,0,0,0.2572234151229407
holdout,logistic,316,0,0,0.26102290929570876
holdout,logistic,323,0,0,0.40016945741691645
holdout,logistic,326,1,1,0.7314370045421515
holdout,logistic,327,0,0,0.4422863758226833
holdout,logistic,341,1,1,0.8949592257992033
holdout,logistic,348,0,0,0.45053214549302045
holdout,logistic,349,1,0,0.20367781554690037
holdout,logistic,351,1,0,0.29270857952212326
holdout,logistic,353,1,0,0.3609036876440228
holdout,logistic,356,0,1,0.5489493787039342
holdout,logistic,363,0,0,0.23023201391489168
holdout,logistic,366,1,0,0.40413855385076075
holdout,logistic,373,0,0,0.39383888468124817
holdout,logistic,377,0,0,0.4627408899990318
holdout,logistic,380,0,0,0.47633442029873896
holdout,logistic,394,0,0,0.2947431638785472
holdout,logistic,404,0,0,0.2431081273920275
holdout,logistic,408,1,1,0.9946692529660578
holdout,logistic,412,0,0,0.4497279823996739
holdout,logistic,414,0,0,0.4422965037688785
holdout,logistic,417,0,0,0.2746868774229702
holdout,logistic,424,0,0,0.40718252018718815
holdout,logistic,429,0,0,0.49274654969710724
holdout,logistic,437,0,0,0.3209409749004111
holdout,logistic,441,1,0,0.4003463736713117
holdout,logistic,445,0,0,0.35159419576520906
holdout,logistic,450,0,0,0.4957500730908959
holdout,logistic,451,0,1,0.6121221874255229
holdout,logistic,454,1,1,0.9814980661573557
holdout,logistic,458,0,1,0.993554973887332
holdout,logistic,471,0,1,0.995723901989502
holdout,logistic,476,0,0,0.35906480670482016
holdout,logistic,477,0,0,0.2542169263894403
holdout,logistic,483,0,0,0.4719562580009892
holdout,logistic,486,0,0,0.25724500356604035
holdout,logistic,496,1,0,0.35474736587268724
holdout,logistic,502,0,0,0.41019156874423146
holdout,logistic,508,0,0,0.3468887739441712
holdout,logistic,519,0,0,0.3166351976389636
holdout,logistic,520,0,0,0.31912719563205677
holdout,logistic,533,0,1,0.6377829748937915
holdout,logistic,536,0,1,0.5500073015500478
holdout,logistic,537,0,0,0.27206168950423126
holdout,logistic,542,1,0,0.3046170894715878
holdout,logistic,546,0,0,0.4739582914494589
holdout,logistic,550,0,0,0.3566410190038839
holdout,logistic,551,0,0,0.2258134943112517
holdout,logistic,563,0,1,0.6236853598232124
holdout,logistic,565,1,0,0.28462673640712055
holdout,logistic,566,0,0,0.3734696524180375
holdout,logistic,575,0,0,0.4178529016800876
holdout,logistic,584,0,0,0.4040874951869754
holdout,logistic,589,1,1,0.8137430637802209
holdout,logistic,595,0,0,0.27432296888582924
holdout,logistic,609,0,0,0.2816646371165074
holdout,logistic,614,0,0,0.3844647361471637
holdout,logistic,628,0,0,0.18139523156764337
holdout,logistic,637,1,0,0.2160673475810826
holdout,logistic,644,1,0,0.27869548309576064
holdout,logistic,654,0,1,0.6292723393742723
holdout,logistic,669,0,0,0.4172191885212487
holdout,logistic,672,0,0,0.4061609560119001
holdout,logistic,675,0,1,0.7289123805325247
holdout,logistic,682,0,0,0.38717301986555946
holdout,logistic,695,1,0,0.14092613765472234
holdout,logistic,711,0,1,0.5463593561870043
holdout,logistic,722,0,0,0.3642976765561043
holdout,logistic,725,1,0,0.43157404809992456
holdout,logistic,732,0,1,0.5321036016076637
holdout,logistic,763,0,0,0.4339791740367786
holdout,logistic,769,0,1,0.899049273126442
holdout,logistic,777,0,0,0.27419678164185335
holdout,logistic,783,0,1,0.536912035270815
holdout,logistic,792,0,1,0.532249785228419
holdout,logistic,793,1,0,0.25429346003253345
holdout,logistic,795,1,1,0.9711167738721608
holdout,logistic,796,0,0,0.31466877072129856
holdout,logistic,799,0,1,0.58782465194676
holdout,logistic,802,0,0,0.3658135788563225
holdout,logistic,817,0,0,0.34806164531344624
holdout,logistic,822,0,0,0.42681363766109787
holdout,logistic,837,0,0,0.3595740007435975
holdout,logistic,839,0,0,0.3051536916648413
holdout,logistic,861,1,0,0.14648088341957088
holdout,logistic,882,0,0,0.2844728586296465
holdout,logistic,883,1,1,0.7085195380334706
holdout,logistic,884,0,0,0.4216388033641975
holdout,logistic,885,0,0,0.4081733406467344
holdout,logistic,886,0,1,0.6292738055398508
holdout,logistic,896,0,0,0.22798280168151341
holdout,logistic,906,0,0,0.23118592242284003
holdout,logistic,912,0,0,0.2304502115293519
holdout,logistic,914,1,1,0.9806530189639305
holdout,logistic,921,0,0,0.3985940019778823
holdout,logistic,935,0,0,0.4464341438900949
holdout,logistic,937,0,1,0.5375016077577467
holdout,logistic,938,0,0,0.4135981235375629
holdout,logistic,939,1,1,0.5601164306097841
holdout,logistic,948,1,1,0.8432969639787637
holdout,logistic,951,0,0,0.33307699877579916
holdout,logistic,953,0,0,0.40973748702657015
holdout,logistic,956,0,1,0.6258275616284626
holdout,logistic,958,0,0,0.14270578401971415
holdout,logistic,965,0,1,0.5553526909299962
holdout,logistic,969,0,0,0.48502562662508725
holdout,logistic,971,1,0,0.4961772092991269
holdout,logistic,974,0,0,0.4630891933998088
holdout,logistic,976,0,0,0.22696613071722518
holdout,logistic,981,0,0,0.4749713464235961
holdout,logistic,990,0,0,0.44141747869476494
holdout,logistic,995,0,0,0.35801169480127143
holdout,logistic,1007,0,0,0.3238819311442099
holdout,logistic,1010,0,1,0.7444066688797284
holdout,logistic,1012,0,0,0.38171045742192566
holdout,logistic,1013,0,1,0.5707649446375246
holdout,logistic,1016,1,0,0.36969659409440553
holdout,logistic,1030,0,0,0.34431108107273756
external,logistic,39,0,0,0.3924661921718583
external,logistic,63,0,0,0.3688621158711414
external,logistic,65,1,1,0.9875325777224772
external,logistic,84,1,1,0.9999668978260511
external,logistic,86,1,1,0.9851053139397709
external,logistic,89,0,0,0.31940082164628764
external,logistic,102,0,1,0.5013069145909121
external,logistic,125,0,0,0.43969283077888693
external,logistic,137,0,0,0.26542545309046983
external,logistic,159,1,1,0.6230987916366092
external,logistic,167,1,1,0.9870736421528608
external,logistic,184,1,1,0.6658105813769131
external,logistic,200,0,0,0.23080534800382968
external,logistic,273,1,0,0.3131071818359
external,logistic,285,0,0,0.38197567938308546
external,logistic,297,0,0,0.45205499322845266
external,logistic,303,1,0,0.311631829407058
external,logistic,304,1,0,0.3402871008890872
external,logistic,335,0,0,0.46612863054649106
external,logistic,342,0,0,0.09467917425192152
external,logistic,352,0,0,0.4528490360591433
external,logistic,367,1,1,0.5109531826220448
external,logistic,378,0,0,0.31953619626949803
external,logistic,387,1,0,0.464332432789699
external,logistic,400,0,0,0.43705663049606486
external,logistic,402,0,0,0.13809041224057464
external,logistic,409,1,1,0.7934398903796632
external,logistic,410,1,0,0.19597751237610148
external,logistic,418,0,0,0.3886048735120501
external,logistic,421,0,0,0.3533246594622419
external,logistic,436,1,1,0.572655745381518
external,logistic,448,0,0,0.37377199982714193
external,logistic,459,1,0,0.29151651901130193
external,logistic,461,1,1,0.703065461678978
external,logistic,473,0,0,0.2243195940576586
external,logistic,484,0,0,0.35649987832905006
external,logistic,487,0,1,0.5160512305327096
external,logistic,491,0,0,0.39740055409763647
external,logistic,497,0,0,0.27380672500637776
external,logistic,507,0,0,0.3734144699711161
external,logistic,510,0,0,0.3932182034459129
external,logistic,511,0,0,0.37835322474736244
external,logistic,526,0,0,0.3921475730354403
external,logistic,534,0,0,0.3203550093216086
external,logistic,538,1,1,0.6640217862818596
external,logistic,539,1,1,0.5714091048698747
external,logistic,543,0,0,0.24082884248381484
external,logistic,547,0,0,0.3242623412681402
external,logistic,564,1,0,0.19108670309469453
external,logistic,577,0,0,0.38722649343087795
external,logistic,581,0,0,0.28466069027325996
external,logistic,586,0,1,0.7088103828290861
external,logistic,596,0,0,0.25990308912751153
external,logistic,597,0,0,0.17593481806742428
external,logistic,601,0,0,0.22887344137548793
external,logistic,607,1,0,0.27136453961112195
external,logistic,610,0,0,0.18633984563299272
external,logistic,618,1,1,0.5194793243900818
external,logistic,629,0,0,0.3360955699147031
external,logistic,639,0,1,0.6055343400992691
external,logistic,643,0,0,0.35109092807186215
external,logistic,648,0,0,0.3102481937848472
external,logistic,660,0,0,0.27150178140228537
external,logistic,663,0,0,0.3767760886021313
external,logistic,665,1,0,0.2971424923304499
external,logistic,668,0,0,0.1773591299144417
external,logistic,671,1,0,0.23198706549612058
external,logistic,676,0,0,0.3570247525594641
external,logistic,677,0,0,0.4613620637691391
external,logistic,684,1,0,0.13752017622023016
external,logistic,702,0,1,0.797295610650082
external,logistic,705,0,1,0.5018080387150612
external,logistic,784,1,0,0.4056047951116003
external,logistic,801,0,0,0.2013886781671189
external,logistic,825,0,1,0.5078260928412706
external,logistic,852,0,1,0.5398260215112232
external,logistic,854,0,0,0.32609659273597824
external,logistic,857,0,0,0.48676731312443844
external,logistic,881,0,1,0.528388128381656
external,logistic,890,0,0,0.21124576792109553
external,logistic,955,0,1,0.8060825040506957
external,logistic,980,0,0,0.3348896768206699
external,logistic,985,0,0,0.4313377636731515
external,logistic,987,0,0,0.1553006140781368
external,logistic,988,1,0,0.1967642417970123
external,logistic,989,0,0,0.3888676543750567
external,logistic,992,0,0,0.3344631249257134
external,logistic,1011,1,1,0.9742948906129462
external,logistic,1031,0,1,0.8546221618759269
holdout,rbf_svc,1,0,0,-1.4128499398664127
holdout,rbf_svc,2,0,0,-1.2618021781362598
holdout,rbf_svc,4,1,0,-0.7221245313681974
holdout,rbf_svc,18,1,1,2.9207337917203953
holdout,rbf_svc,19,0,0,-1.1007117989552748
holdout,rbf_svc,20,0,0,-0.9046738211027892
holdout,rbf_svc,27,0,0,-1.4601916911610493
holdout,rbf_svc,31,0,0,-1.1924079729339523
holdout,rbf_svc,37,0,0,-0.26515863233802417
holdout,rbf_svc,42,0,0,-1.1174568360519173
holdout,rbf_svc,44,0,0,-1.0842995769788386
holdout,rbf_svc,46,0,1,2.173507450217408
holdout,rbf_svc,62,0,0,-1.36997198632731
holdout,rbf_svc,66,1,0,-1.6427380650204446
holdout,rbf_svc,80,0,0,-0.5136590550154585
holdout,rbf_svc,92,1,0,-0.9962825638109818
holdout,rbf_svc,93,0,0,-0.9831527790856489
holdout,rbf_svc,96,1,1,2.1662598649964773
holdout,rbf_svc,97,1,0,-0.4113949757238151
holdout,rbf_svc,101,0,0,-0.9603428987032983
holdout,rbf_svc,106,1,1,1.279011221566118
holdout,rbf_svc,111,0,0,-1.849626917343655
holdout,rbf_svc,132,1,1,2.4659620398178808
holdout,rbf_svc,138,0,0,-0.4790666327993476
holdout,rbf_svc,141,0,0,-1.292614254431121
holdout,rbf_svc,146,1,1,1.63509730777485
holdout,rbf_svc,147,0,0,-0.9740270202287986
holdout,rbf_svc,148,1,1,1.3397863288770369
holdout,rbf_svc,149,0,0,-1.9019125382400288
holdout,rbf_svc,154,1,1,1.330191431526413
holdout,rbf_svc,163,1,0,-1.7414770141636469
holdout,rbf_svc,168,0,0,-0.8715447597188897
holdout,rbf_svc,172,0,1,1.6871649634891925
holdout,rbf_svc,176,0,0,-1.1431592580207832
holdout,rbf_svc,185,0,0,-2.220716726565004
holdout,rbf_svc,186,1,1,2.540480983894679
holdout,rbf_svc,197,1,1,2.25241825733323
holdout,rbf_svc,198,0,0,-1.478549351444566
holdout,rbf_svc,209,1,1,2.4128427188244688
holdout,rbf_svc,210,1,1,1.6882651513994853
holdout,rbf_svc,229,1,0,-0.9885834654013044
holdout,rbf_svc,235,1,0,-1.1061910217731237
holdout,rbf_svc,239,0,0,-0.6595293160762195
holdout,rbf_svc,244,0,0,-2.3562546123645545
holdout,rbf_svc,246,1,1,3.0712425130876033
holdout,rbf_svc,251,1,0,-0.9047731723281869
holdout,rbf_svc,252,0,0,-1.1827849695944321
holdout,rbf_svc,256,1,1,2.332842114061614
holdout,rbf_svc,258,0,0,-1.7365112177346118
holdout,rbf_svc,262,1,1,1.3482720181676422
holdout,rbf_svc,266,1,1,2.109077612019086
holdout,rbf_svc,271,0,0,-0.8290829759022271
holdout,rbf_svc,272,0,0,-1.5328107102250703
holdout,rbf_svc,275,1,1,2.7597961595242824
holdout,rbf_svc,277,1,0,-0.0671981969432407
holdout,rbf_svc,279,0,0,-1.029523333185856
holdout,rbf_svc,281,1,0,-0.7621934067592582
holdout,rbf_svc,283,1,1,2.3314890507974164
holdout,rbf_svc,286,0,0,-1.0603539331635536
holdout,rbf_svc,287,0,0,-1.4757984436972391
holdout,rbf_svc,291,1,1,1.8143299434539246
holdout,rbf_svc,309,0,0,-1.0445293001613711
holdout,rbf_svc,316,0,0,-0.23413517601548772
holdout,rbf_svc,323,0,0,-1.1629540399434566
holdout,rbf_svc,326,1,1,1.15457012644496
holdout,rbf_svc,327,0,0,-0.8406461657607727
holdout,rbf_svc,341,1,0,-0.4236123096778952
holdout,rbf_svc,348,0,0,-1.0106399092517995
holdout,rbf_svc,349,1,0,-2.059035376828567
holdout,rbf_svc,351,1,0,-0.41918961060386284
holdout,rbf_svc,353,1,0,-1.4056178403045356
holdout,rbf_svc,356,0,0,-0.20821538931359296
holdout,rbf_svc,363,0,0,-1.860592514370917
holdout,rbf_svc,366,1,0,-0.15111889197223416
holdout,rbf_svc,373,0,0,-1.2665814815302232
holdout,rbf_svc,377,0,0,-0.1174477591211831
holdout,rbf_svc,380,0,0,-0.37233778050376554
holdout,rbf_svc,394,0,0,-1.2947280060961708
holdout,rbf_svc,404,0,0,-1.5673006491691224
holdout,rbf_svc,408,1,1,1.4148907706085234
holdout,rbf_svc,412,0,0,-0.8289974813072112
holdout,rbf_svc,414,0,0,-0.6590853082199954
holdout,rbf_svc,417,0,0,-0.9150491660275994
holdout,rbf_svc,424,0,0,-0.031183252094812097
holdout,rbf_svc,429,0,1,0.7520316332220469
holdout,rbf_svc,437,0,0,-1.1313981112680578
holdout,rbf_svc,441,1,0,-0.7361998071177025
holdout,rbf_svc,445,0,0,-0.837609972848731
holdout,rbf_svc,450,0,0,-0.5734314364706128
holdout,rbf_svc,451,0,1,0.098572898918321
holdout,rbf_svc,454,1,1,1.4413090769769221
holdout,rbf_svc,458,0,1,2.3747855685734764
holdout,rbf_svc,471,0,1,2.472082148842561
holdout,rbf_svc,476,0,0,-0.7920053481323341
holdout,rbf_svc,477,0,0,-2.0150562572037733
holdout,rbf_svc,483,0,0,-0.6770148691539353
holdout,rbf_svc,486,0,0,-0.9137113618161221
holdout,rbf_svc,496,1,0,-0.8968687349272342
holdout,rbf_svc,502,0,0,-0.49623148235508463
holdout,rbf_svc,508,0,0,-0.8717374670239613
holdout,rbf_svc,519,0,0,-1.116103646635529
holdout,rbf_svc,520,0,0,-1.485390166743918
holdout,rbf_svc,533,0,1,0.5991865311893152
holdout,rbf_svc,536,0,0,-0.11061212713030866
holdout,rbf_svc,537,0,0,-1.2516094821738148
holdout,rbf_svc,542,1,0,-1.5800384149436608
holdout,rbf_svc,546,0,0,-0.4308920540140049
holdout,rbf_svc,550,0,0,-0.9799088199934962
holdout,rbf_svc,551,0,0,-0.41341065841477675
holdout,rbf_svc,563,0,1,0.6489312656762865
holdout,rbf_svc,565,1,0,-0.49649771057965975
holdout,rbf_svc,566,0,0,-1.0860899835749676
holdout,rbf_svc,575,0,0,-0.3098885355944416
holdout,rbf_svc,584,0,0,-0.48705658109527317
holdout,rbf_svc,589,1,1,1.6632627043139268
holdout,rbf_svc,595,0,0,-1.1626434671363617
holdout,rbf_svc,609,0,0,-1.017043585133563
holdout,rbf_svc,614,0,0,-0.613739673965557
holdout,rbf_svc,628,0,0,-1.7564309467140253
holdout,rbf_svc,637,1,0,-1.588286255416473
holdout,rbf_svc,644,1,0,-1.3526224167761063
holdout,rbf_svc,654,0,1,0.2715603107693427
holdout,rbf_svc,669,0,0,-0.6725190453484329
holdout,rbf_svc,672,0,0,-0.7013389966803691
holdout,rbf_svc,675,0,1,0.9935287956406436
holdout,rbf_svc,682,0,0,-0.46943679096403823
holdout,rbf_svc,695,1,0,-1.9359526966471732
holdout,rbf_svc,711,0,1,0.2853698442856514
holdout,rbf_svc,722,0,0,-0.8695670145707792
holdout,rbf_svc,725,1,0,-0.07767457608510053
holdout,rbf_svc,732,0,1,0.0011558242268892016
holdout,rbf_svc,763,0,0,-1.3014087885603542
holdout,rbf_svc,769,0,0,-0.5072652711188956
holdout,rbf_svc,777,0,0,-1.459155983705677
holdout,rbf_svc,783,0,0,-0.03453002635914881
holdout,rbf_svc,792,0,1,0.234365553690993
holdout,rbf_svc,793,1,0,-1.8006253010673197
holdout,rbf_svc,795,1,1,4.478926478924994
holdout,rbf_svc,796,0,0,-1.751235379425867
holdout,rbf_svc,799,0,1,0.6399772240212238
holdout,rbf_svc,802,0,0,-0.9165120972186775
holdout,rbf_svc,817,0,0,-0.7859369399265672
holdout,rbf_svc,822,0,0,-1.6275872651911198
holdout,rbf_svc,837,0,0,-2.062554443620038
holdout,rbf_svc,839,0,0,-1.5193530269248745
holdout,rbf_svc,861,1,0,-1.3744962741555922
holdout,rbf_svc,882,0,0,-1.8946607779999871
holdout,rbf_svc,883,1,1,2.0586306134141745
holdout,rbf_svc,884,0,0,-0.7021190934292099
holdout,rbf_svc,885,0,1,0.10035677968050738
holdout,rbf_svc,886,0,0,-1.722103888880631
holdout,rbf_svc,896,0,0,-0.8513874891144946
holdout,rbf_svc,906,0,0,-1.3082200620231488
holdout,rbf_svc,912,0,0,-1.0915897218694246
holdout,rbf_svc,914,1,1,2.460095739904605
holdout,rbf_svc,921,0,0,-0.5645964843811369
holdout,rbf_svc,935,0,0,-0.2773108044030179
holdout,rbf_svc,937,0,0,-0.0666315442463441
holdout,rbf_svc,938,0,0,-0.1940767829972243
holdout,rbf_svc,939,1,0,-0.4310108870122127
holdout,rbf_svc,948,1,0,-0.9025183127968388
holdout,rbf_svc,951,0,1,0.2537518808804018
holdout,rbf_svc,953,0,0,-0.04683950955479954
holdout,rbf_svc,956,0,1,0.7985011972686396
holdout,rbf_svc,958,0,0,-1.8139294487475786
holdout,rbf_svc,965,0,1,0.14859186298747762
holdout,rbf_svc,969,0,0,-0.42430496605540124
holdout,rbf_svc,971,1,1,1.3624860800427436
holdout,rbf_svc,974,0,0,-0.03722834950892828
holdout,rbf_svc,976,0,0,-1.6758890414282268
holdout,rbf_svc,981,0,0,-0.8350143704857755
holdout,rbf_svc,990,0,0,-1.1365417458249665
holdout,rbf_svc,995,0,0,-0.9225536582253424
holdout,rbf_svc,1007,0,0,-0.5335926000843285
holdout,rbf_svc,1010,0,1,1.62706991648911
holdout,rbf_svc,1012,0,0,-0.5214234037249836
holdout,rbf_svc,1013,0,1,0.04946849396291686
holdout,rbf_svc,1016,1,0,-0.9471345780269713
holdout,rbf_svc,1030,0,0,-0.9448874845827921
external,rbf_svc,39,0,0,-1.2230406782092755
external,rbf_svc,63,0,0,-0.29231599460050983
external,rbf_svc,65,1,1,2.2804648421075777
external,rbf_svc,84,1,0,-2.22054310746124
external,rbf_svc,86,1,1,1.5985131478515386
external,rbf_svc,89,0,0,-1.083015481167826
external,rbf_svc,102,0,0,-0.4426134931759327
external,rbf_svc,125,0,0,-0.6037676687730444
external,rbf_svc,137,0,0,-1.43194550075287
external,rbf_svc,159,1,1,0.6776853174251771
external,rbf_svc,167,1,1,1.969521974759922
external,rbf_svc,184,1,1,0.8463686098650927
external,rbf_svc,200,0,0,-1.9819883870230859
external,rbf_svc,273,1,0,-0.05639885108515852
external,rbf_svc,285,0,0,-1.2331243898953863
external,rbf_svc,297,0,0,-0.40624281000336193
external,rbf_svc,303,1,0,-0.6399523457394549
external,rbf_svc,304,1,0,-0.8580005150878653
external,rbf_svc,335,0,0,-0.5530938979825235
external,rbf_svc,342,0,0,-1.371071330616469
external,rbf_svc,352,0,0,-0.18898045571198008
external,rbf_svc,367,1,1,0.3476818250596816
external,rbf_svc,378,0,0,-1.1633112899201974
external,rbf_svc,387,1,0,-2.0850630865505826
external,rbf_svc,400,0,0,-1.228421682303103
external,rbf_svc,402,0,0,-0.871575337483006
external,rbf_svc,409,1,1,1.7722927937426762
external,rbf_svc,410,1,0,-1.4191271482331151
external,rbf_svc,418,0,0,-1.1827457876677228
external,rbf_svc,421,0,0,-1.1179730057150712
external,rbf_svc,436,1,1,0.11899515625503998
external,rbf_svc,448,0,0,-0.8618813099440876
external,rbf_svc,459,1,0,-0.25956836565974495
external,rbf_svc,461,1,0,-0.27075572687451466
external,rbf_svc,473,0,0,-1.880804361298586
external,rbf_svc,484,0,0,-0.2700321891927251
external,rbf_svc,487,0,1,0.15528280673879724
external,rbf_svc,491,0,0,-1.3063769845856248
external,rbf_svc,497,0,0,-1.0104049420944134
external,rbf_svc,507,0,0,-0.9943754894673935
external,rbf_svc,510,0,0,-0.624262635207578
external,rbf_svc,511,0,0,-0.7656801220818741
external,rbf_svc,526,0,0,-1.2691580691225175
external,rbf_svc,534,0,0,-1.1429031250283606
external,rbf_svc,538,1,1,0.977088047789846
external,rbf_svc,539,1,1,1.5727142653700428
external,rbf_svc,543,0,0,-1.5517927923165855
external,rbf_svc,547,0,0,-0.9017107448708463
external,rbf_svc,564,1,0,-1.467572639608302
external,rbf_svc,577,0,0,-0.7605034276569951
external,rbf_svc,581,0,0,-1.5846618044397784
external,rbf_svc,586,0,1,1.354763600339635
external,rbf_svc,596,0,0,-1.3296752118651503
external,rbf_svc,597,0,0,-1.9958272821600493
external,rbf_svc,601,0,0,-1.0517389602971674
external,rbf_svc,607,1,0,-0.8243713707108062
external,rbf_svc,610,0,0,-1.2469706315892592
external,rbf_svc,618,1,1,0.027166279198447718
external,rbf_svc,629,0,0,-1.2371942102076856
external,rbf_svc,639,0,1,0.20133154269671483
external,rbf_svc,643,0,0,-0.8098284997725349
external,rbf_svc,648,0,0,-1.418738966242322
external,rbf_svc,660,0,0,-1.3880133143901316
external,rbf_svc,663,0,0,-1.5767999815415505
external,rbf_svc,665,1,0,-1.0477968968746074
external,rbf_svc,668,0,0,-2.0517599161715756
external,rbf_svc,671,1,0,-1.3528094065319598
external,rbf_svc,676,0,0,-0.7690906722929389
external,rbf_svc,677,0,0,-0.08451124220118356
external,rbf_svc,684,1,0,-1.8790531004973827
external,rbf_svc,702,0,1,1.1744412496272583
external,rbf_svc,705,0,0,-0.014977578241011535
external,rbf_svc,784,1,0,-0.8664468065734736
external,rbf_svc,801,0,0,-1.2062757710572631
external,rbf_svc,825,0,0,-0.36435702815225124
external,rbf_svc,852,0,1,0.5207422523558138
external,rbf_svc,854,0,0,-0.9407407299453316
external,rbf_svc,857,0,1,0.2374655765209459
external,rbf_svc,881,0,1,0.4073791026385303
external,rbf_svc,890,0,0,-1.05451356040028
external,rbf_svc,955,0,1,1.5119484661012388
external,rbf_svc,980,0,0,-1.0305229319444953
external,rbf_svc,985,0,0,-0.6193837912264213
external,rbf_svc,987,0,0,-1.8261104972478668
external,rbf_svc,988,1,0,-0.8309521387577581
external,rbf_svc,989,0,0,-0.46664172417986105
external,rbf_svc,992,0,0,-0.3016392581560714
external,rbf_svc,1011,1,1,4.329977761625334
external,rbf_svc,1031,0,1,1.0287099532922364
holdout,random_forest,1,0,0,0.11666666666666667
holdout,random_forest,2,0,0,0.30666666666666664
holdout,random_forest,4,1,0,0.15333333333333332
holdout,random_forest,18,1,1,0.95
holdout,random_forest,19,0,0,0.15
holdout,random_forest,20,0,0,0.11333333333333333
holdout,random_forest,27,0,0,0.26
holdout,random_forest,31,0,0,0.11666666666666667
holdout,random_forest,37,0,0,0.03666666666666667
holdout,random_forest,42,0,0,0.19666666666666666
holdout,random_forest,44,0,0,0.056666666666666664
holdout,random_forest,46,0,1,0.9933333333333333
holdout,random_forest,62,0,0,0.04
holdout,random_forest,66,1,0,0.36
holdout,random_forest,80,0,0,0.03666666666666667
holdout,random_forest,92,1,0,0.06333333333333334
holdout,random_forest,93,0,0,0.2866666666666667
holdout,random_forest,96,1,1,0.9766666666666667
holdout,random_forest,97,1,1,0.5833333333333334
holdout,random_forest,101,0,0,0.09666666666666666
holdout,random_forest,106,1,1,0.9566666666666667
holdout,random_forest,111,0,0,0.09
holdout,random_forest,132,1,1,0.9833333333333333
holdout,random_forest,138,0,0,0.13333333333333333
holdout,random_forest,141,0,0,0.22
holdout,random_forest,146,1,1,0.66
holdout,random_forest,147,0,0,0.13666666666666666
holdout,random_forest,148,1,1,0.6433333333333333
holdout,random_forest,149,0,0,0.07666666666666666
holdout,random_forest,154,1,1,0.7333333333333333
holdout,random_forest,163,1,1,0.8333333333333334
holdout,random_forest,168,0,0,0.14333333333333334
holdout,random_forest,172,0,1,0.71
holdout,random_forest,176,0,0,0.19333333333333333
holdout,random_forest,185,0,1,0.6566666666666666
holdout,random_forest,186,1,1,0.99
holdout,random_forest,197,1,1,0.9633333333333334
holdout,random_forest,198,0,0,0.14333333333333334
holdout,random_forest,209,1,1,0.9
holdout,random_forest,210,1,1,0.9166666666666666
holdout,random_forest,229,1,1,0.59
holdout,random_forest,235,1,0,0.4866666666666667
holdout,random_forest,239,0,0,0.27
holdout,random_forest,244,0,0,0.17333333333333334
holdout,random_forest,246,1,1,0.93
holdout,random_forest,251,1,0,0.32
holdout,random_forest,252,0,0,0.2
holdout,random_forest,256,1,1,0.9366666666666666
holdout,random_forest,258,0,0,0.16
holdout,random_forest,262,1,1,0.73
holdout,random_forest,266,1,1,0.98
holdout,random_forest,271,0,0,0.30333333333333334
holdout,random_forest,272,0,0,0.21333333333333335
holdout,random_forest,275,1,1,0.9566666666666667
holdout,random_forest,277,1,1,0.6733333333333333
holdout,random_forest,279,0,0,0.14333333333333334
holdout,random_forest,281,1,1,0.59
holdout,random_forest,283,1,1,0.8633333333333333
holdout,random_forest,286,0,0,0.16666666666666666
holdout,random_forest,287,0,0,0.07333333333333333
holdout,random_forest,291,1,1,0.8533333333333334
holdout,random_forest,309,0,0,0.08333333333333333
holdout,random_forest,316,0,0,0.15
holdout,random_forest,323,0,0,0.17
holdout,random_forest,326,1,1,0.9333333333333333
holdout,random_forest,327,0,0,0.10333333333333333
holdout,random_forest,341,1,0,0.24333333333333335
holdout,random_forest,348,0,0,0.17666666666666667
holdout,random_forest,349,1,0,0.05333333333333334
holdout,random_forest,351,1,0,0.20333333333333334
holdout,random_forest,353,1,0,0.12
holdout,random_forest,356,0,0,0.21666666666666667
holdout,random_forest,363,0,0,0.03333333333333333
holdout,random_forest,366,1,0,0.15666666666666668
holdout,random_forest,373,0,0,0.11333333333333333
holdout,random_forest,377,0,0,0.01
holdout,random_forest,380,0,0,0.22333333333333333
holdout,random_forest,394,0,0,0.12333333333333334
holdout,random_forest,404,0,0,0.19333333333333333
holdout,random_forest,408,1,1,0.7333333333333333
holdout,random_forest,412,0,0,0.16
holdout,random_forest,414,0,0,0.15
holdout,random_forest,417,0,0,0.11333333333333333
holdout,random_forest,424,0,1,0.5266666666666666
holdout,random_forest,429,0,1,0.5066666666666667
holdout,random_forest,437,0,0,0.06333333333333334
holdout,random_forest,441,1,0,0.44
holdout,random_forest,445,0,0,0.08666666666666667
holdout,random_forest,450,0,0,0.13666666666666666
holdout,random_forest,451,0,0,0.48333333333333334
holdout,random_forest,454,1,1,0.9133333333333333
holdout,random_forest,458,0,1,0.93
holdout,random_forest,471,0,1,0.9466666666666667
holdout,random_forest,476,0,0,0.31666666666666665
holdout,random_forest,477,0,0,0.023333333333333334
holdout,random_forest,483,0,0,0.38666666666666666
holdout,random_forest,486,0,1,0.5433333333333333
holdout,random_forest,496,1,0,0.13
holdout,random_forest,502,0,0,0.22333333333333333
holdout,random_forest,508,0,0,0.09333333333333334
holdout,random_forest,519,0,0,0.25333333333333335
holdout,random_forest,520,0,0,0.16666666666666666
holdout,random_forest,533,0,0,0.41333333333333333
holdout,random_forest,536,0,0,0.36666666666666664
holdout,random_forest,537,0,0,0.14
holdout,random_forest,542,1,0,0.08666666666666667
holdout,random_forest,546,0,0,0.15
holdout,random_forest,550,0,0,0.10333333333333333
holdout,random_forest,551,0,0,0.17
holdout,random_forest,563,0,0,0.42333333333333334
holdout,random_forest,565,1,0,0.2866666666666667
holdout,random_forest,566,0,0,0.22
holdout,random_forest,575,0,0,0.18666666666666668
holdout,random_forest,584,0,0,0.3
holdout,random_forest,589,1,1,0.8266666666666667
holdout,random_forest,595,0,0,0.03666666666666667
holdout,random_forest,609,0,0,0.15333333333333332
holdout,random_forest,614,0,0,0.27
holdout,random_forest,628,0,0,0.023333333333333334
holdout,random_forest,637,1,0,0.10666666666666667
holdout,random_forest,644,1,0,0.18666666666666668
holdout,random_forest,654,0,0,0.3333333333333333
holdout,random_forest,669,0,0,0.2866666666666667
holdout,random_forest,672,0,0,0.14
holdout,random_forest,675,0,0,0.4633333333333333
holdout,random_forest,682,0,0,0.08666666666666667
holdout,random_forest,695,1,0,0.03
holdout,random_forest,711,0,0,0.22
holdout,random_forest,722,0,0,0.18
holdout,random_forest,725,1,0,0.3333333333333333
holdout,random_forest,732,0,0,0.46
holdout,random_forest,763,0,0,0.23
holdout,random_forest,769,0,0,0.2966666666666667
holdout,random_forest,777,0,0,0.1
holdout,random_forest,783,0,0,0.25666666666666665
holdout,random_forest,792,0,0,0.23666666666666666
holdout,random_forest,793,1,0,0.12666666666666668
holdout,random_forest,795,1,1,0.62
holdout,random_forest,796,0,0,0.07333333333333333
holdout,random_forest,799,0,0,0.4066666666666667
holdout,random_forest,802,0,0,0.2
holdout,random_forest,817,0,0,0.31333333333333335
holdout,random_forest,822,0,0,0.20666666666666667
holdout,random_forest,837,0,0,0.23
holdout,random_forest,839,0,0,0.05333333333333334
holdout,random_forest,861,1,0,0.043333333333333335
holdout,random_forest,882,0,0,0.21333333333333335
holdout,random_forest,883,1,1,0.6966666666666667
holdout,random_forest,884,0,0,0.19
holdout,random_forest,885,0,0,0.31666666666666665
holdout,random_forest,886,0,0,0.16666666666666666
holdout,random_forest,896,0,0,0.15333333333333332
holdout,random_forest,906,0,0,0.11
holdout,random_forest,912,0,0,0.16666666666666666
holdout,random_forest,914,1,1,0.9733333333333334
holdout,random_forest,921,0,0,0.12666666666666668
holdout,random_forest,935,0,0,0.043333333333333335
holdout,random_forest,937,0,0,0.016666666666666666
holdout,random_forest,938,0,0,0.30666666666666664
holdout,random_forest,939,1,0,0.2
holdout,random_forest,948,1,0,0.39
holdout,random_forest,951,0,0,0.18666666666666668
holdout,random_forest,953,0,0,0.11666666666666667
holdout,random_forest,956,0,1,0.58
holdout,random_forest,958,0,0,0.10666666666666667
holdout,random_forest,965,0,0,0.36333333333333334
holdout,random_forest,969,0,0,0.21666666666666667
holdout,random_forest,971,1,1,0.81
holdout,random_forest,974,0,0,0.30666666666666664
holdout,random_forest,976,0,0,0.09
holdout,random_forest,981,0,0,0.18666666666666668
holdout,random_forest,990,0,0,0.18666666666666668
holdout,random_forest,995,0,0,0.18333333333333332
holdout,random_forest,1007,0,0,0.24666666666666667
holdout,random_forest,1010,0,0,0.47333333333333333
holdout,random_forest,1012,0,0,0.17333333333333334
holdout,random_forest,1013,0,0,0.04666666666666667
holdout,random_forest,1016,1,0,0.07666666666666666
holdout,random_forest,1030,0,0,0.07666666666666666
external,random_forest,39,0,0,0.13666666666666666
external,random_forest,63,0,0,0.12
external,random_forest,65,1,1,0.9666666666666667
external,random_forest,84,1,1,0.69
external,random_forest,86,1,1,0.9033333333333333
external,random_forest,89,0,0,0.0033333333333333335
external,random_forest,102,0,0,0.30666666666666664
external,random_forest,125,0,0,0.32666666666666666
external,random_forest,137,0,0,0.16333333333333333
external,random_forest,159,1,0,0.4866666666666667
external,random_forest,167,1,1,0.9566666666666667
external,random_forest,184,1,1,0.7733333333333333
external,random_forest,200,0,0,0.09333333333333334
external,random_forest,273,1,0,0.17
external,random_forest,285,0,0,0.12666666666666668
external,random_forest,297,0,0,0.44666666666666666
external,random_forest,303,1,1,0.6666666666666666
external,random_forest,304,1,0,0.1
external,random_forest,335,0,0,0.33666666666666667
external,random_forest,342,0,0,0.06333333333333334
external,random_forest,352,0,0,0.06
external,random_forest,367,1,0,0.36333333333333334
external,random_forest,378,0,0,0.05333333333333334
external,random_forest,387,1,0,0.16666666666666666
external,random_forest,400,0,0,0.23333333333333334
external,random_forest,402,0,0,0.16
external,random_forest,409,1,1,0.9266666666666666
external,random_forest,410,1,0,0.09666666666666666
external,random_forest,418,0,0,0.013333333333333334
external,random_forest,421,0,0,0.09666666666666666
external,random_forest,436,1,0,0.14666666666666667
external,random_forest,448,0,0,0.2633333333333333
external,random_forest,459,1,1,0.6633333333333333
external,random_forest,461,1,0,0.19666666666666666
external,random_forest,473,0,0,0.0
external,random_forest,484,0,0,0.39
external,random_forest,487,0,0,0.49666666666666665
external,random_forest,491,0,0,0.07666666666666666
external,random_forest,497,0,0,0.06
external,random_forest,507,0,0,0.22
external,random_forest,510,0,0,0.35
external,random_forest,511,0,0,0.09333333333333334
external,random_forest,526,0,0,0.17
external,random_forest,534,0,0,0.10666666666666667
external,random_forest,538,1,0,0.35
external,random_forest,539,1,1,0.79
external,random_forest,543,0,0,0.05333333333333334
external,random_forest,547,0,0,0.20666666666666667
external,random_forest,564,1,0,0.06
external,random_forest,577,0,0,0.33666666666666667
external,random_forest,581,0,0,0.04
external,random_forest,586,0,0,0.4533333333333333
external,random_forest,596,0,0,0.14
external,random_forest,597,0,0,0.10666666666666667
external,random_forest,601,0,0,0.4166666666666667
external,random_forest,607,1,0,0.12666666666666668
external,random_forest,610,0,0,0.023333333333333334
external,random_forest,618,1,0,0.27
external,random_forest,629,0,0,0.16666666666666666
external,random_forest,639,0,0,0.47
external,random_forest,643,0,0,0.14666666666666667
external,random_forest,648,0,0,0.23666666666666666
external,random_forest,660,0,0,0.03333333333333333
external,random_forest,663,0,0,0.21666666666666667
external,random_forest,665,1,0,0.06666666666666667
external,random_forest,668,0,0,0.016666666666666666
external,random_forest,671,1,0,0.06333333333333334
external,random_forest,676,0,0,0.06333333333333334
external,random_forest,677,0,0,0.20666666666666667
external,random_forest,684,1,0,0.06666666666666667
external,random_forest,702,0,0,0.36
external,random_forest,705,0,0,0.32
external,random_forest,784,1,0,0.43
external,random_forest,801,0,0,0.09666666666666666
external,random_forest,825,0,0,0.19
external,random_forest,852,0,0,0.42333333333333334
external,random_forest,854,0,0,0.14333333333333334
external,random_forest,857,0,0,0.21333333333333335
external,random_forest,881,0,0,0.46
external,random_forest,890,0,0,0.19666666666666666
external,random_forest,955,0,0,0.47333333333333333
external,random_forest,980,0,0,0.09666666666666666
external,random_forest,985,0,0,0.12
external,random_forest,987,0,0,0.22666666666666666
external,random_forest,988,1,0,0.11
external,random_forest,989,0,0,0.10333333333333333
external,random_forest,992,0,0,0.14
external,random_forest,1011,1,1,0.6933333333333334
external,random_forest,1031,0,0,0.43
holdout,xgboost,1,0,0,0.10235126316547394
holdout,xgboost,2,0,0,0.19671693444252014
holdout,xgboost,4,1,0,0.07881129533052444
holdout,xgboost,18,1,1,0.9920958876609802
holdout,xgboost,19,0,0,0.035814642906188965
holdout,xgboost,20,0,0,0.07995922118425369
holdout,xgboost,27,0,0,0.2711840867996216
holdout,xgboost,31,0,0,0.019097957760095596
holdout,xgboost,37,0,0,0.040718186646699905
holdout,xgboost,42,0,0,0.11250945925712585
holdout,xgboost,44,0,0,0.07387597113847733
holdout,xgboost,46,0,1,0.9737648367881775
holdout,xgboost,62,0,0,0.011383475735783577
holdout,xgboost,66,1,0,0.4629819691181183
holdout,xgboost,80,0,0,0.06824003905057907
holdout,xgboost,92,1,0,0.038571108132600784
holdout,xgboost,93,0,0,0.1373279094696045
holdout,xgboost,96,1,1,0.9684006571769714
holdout,xgboost,97,1,1,0.574354350566864
holdout,xgboost,101,0,0,0.05543426424264908
holdout,xgboost,106,1,1,0.9704475998878479
holdout,xgboost,111,0,0,0.013396157883107662
holdout,xgboost,132,1,1,0.9793998599052429
holdout,xgboost,138,0,0,0.04435031861066818
holdout,xgboost,141,0,0,0.1326379030942917
holdout,xgboost,146,1,1,0.7441866993904114
holdout,xgboost,147,0,0,0.10725481808185577
holdout,xgboost,148,1,1,0.729610800743103
holdout,xgboost,149,0,0,0.010021165013313293
holdout,xgboost,154,1,1,0.8750433325767517
holdout,xgboost,163,1,1,0.9773378372192383
holdout,xgboost,168,0,0,0.05215505510568619
holdout,xgboost,172,0,1,0.9611921906471252
holdout,xgboost,176,0,0,0.0786541998386383
holdout,xgboost,185,0,1,0.8930956125259399
holdout,xgboost,186,1,1,0.9799883365631104
holdout,xgboost,197,1,1,0.9799444675445557
holdout,xgboost,198,0,0,0.10742282122373581
holdout,xgboost,209,1,1,0.9797343611717224
holdout,xgboost,210,1,1,0.9693458080291748
holdout,xgboost,229,1,0,0.32305169105529785
holdout,xgboost,235,1,0,0.18502096831798553
holdout,xgboost,239,0,0,0.13821503520011902
holdout,xgboost,244,0,0,0.14142104983329773
holdout,xgboost,246,1,1,0.9919291734695435
holdout,xgboost,251,1,0,0.30659982562065125
holdout,xgboost,252,0,0,0.08724911510944366
holdout,xgboost,256,1,1,0.9617515802383423
holdout,xgboost,258,0,0,0.13232913613319397
holdout,xgboost,262,1,1,0.7010833621025085
holdout,xgboost,266,1,1,0.9782116413116455
holdout,xgboost,271,0,0,0.41449180245399475
holdout,xgboost,272,0,0,0.16011133790016174
holdout,xgboost,275,1,1,0.9925315976142883
holdout,xgboost,277,1,1,0.5057887434959412
holdout,xgboost,279,0,0,0.03258352354168892
holdout,xgboost,281,1,0,0.33790621161460876
holdout,xgboost,283,1,1,0.9709223508834839
holdout,xgboost,286,0,0,0.014556070789694786
holdout,xgboost,287,0,0,0.025954674929380417
holdout,xgboost,291,1,1,0.9629824757575989
holdout,xgboost,309,0,0,0.0655025765299797
holdout,xgboost,316,0,0,0.16211585700511932
holdout,xgboost,323,0,0,0.04305071756243706
holdout,xgboost,326,1,1,0.9809399247169495
holdout,xgboost,327,0,0,0.048245660960674286
holdout,xgboost,341,1,0,0.3968251049518585
holdout,xgboost,348,0,0,0.1146109476685524
holdout,xgboost,349,1,0,0.021926941350102425
holdout,xgboost,351,1,0,0.25530195236206055
holdout,xgboost,353,1,0,0.024964511394500732
holdout,xgboost,356,0,0,0.3543461263179779
holdout,xgboost,363,0,0,0.016118021681904793
holdout,xgboost,366,1,0,0.1357841044664383
holdout,xgboost,373,0,0,0.0145166777074337
holdout,xgboost,377,0,0,0.055495038628578186
holdout,xgboost,380,0,0,0.22295331954956055
holdout,xgboost,394,0,0,0.0593750923871994
holdout,xgboost,404,0,0,0.1282583326101303
holdout,xgboost,408,1,1,0.8148589730262756
holdout,xgboost,412,0,0,0.05283031612634659
holdout,xgboost,414,0,0,0.1010759025812149
holdout,xgboost,417,0,0,0.048699188977479935
holdout,xgboost,424,0,1,0.5158199667930603
holdout,xgboost,429,0,0,0.2901306748390198
holdout,xgboost,437,0,0,0.056308336555957794
holdout,xgboost,441,1,0,0.2020660638809204
holdout,xgboost,445,0,0,0.018344879150390625
holdout,xgboost,450,0,0,0.08793948590755463
holdout,xgboost,451,0,1,0.5984265208244324
holdout,xgboost,454,1,1,0.9530041813850403
holdout,xgboost,458,0,1,0.9786755442619324
holdout,xgboost,471,0,1,0.9940377473831177
holdout,xgboost,476,0,0,0.2450033575296402
holdout,xgboost,477,0,0,0.004931607283651829
holdout,xgboost,483,0,0,0.2917906939983368
holdout,xgboost,486,0,1,0.6657230854034424
holdout,xgboost,496,1,0,0.05414317175745964
holdout,xgboost,502,0,0,0.2734586298465729
holdout,xgboost,508,0,0,0.046103570610284805
holdout,xgboost,519,0,1,0.5442178845405579
holdout,xgboost,520,0,0,0.12017028778791428
holdout,xgboost,533,0,1,0.8096367716789246
holdout,xgboost,536,0,0,0.3891184628009796
holdout,xgboost,537,0,0,0.027780653908848763
holdout,xgboost,542,1,0,0.01887020841240883
holdout,xgboost,546,0,0,0.07360327988862991
holdout,xgboost,550,0,0,0.07865523546934128
holdout,xgboost,551,0,0,0.11341685056686401
holdout,xgboost,563,0,1,0.719211220741272
holdout,xgboost,565,1,0,0.3237876296043396
holdout,xgboost,566,0,0,0.1654222309589386
holdout,xgboost,575,0,0,0.08913727104663849
holdout,xgboost,584,0,0,0.11638879776000977
holdout,xgboost,589,1,1,0.9403159022331238
holdout,xgboost,595,0,0,0.02684592641890049
holdout,xgboost,609,0,0,0.044483836740255356
holdout,xgboost,614,0,0,0.0808621495962143
holdout,xgboost,628,0,0,0.014962609857320786
holdout,xgboost,637,1,0,0.050170548260211945
holdout,xgboost,644,1,0,0.13603313267230988
holdout,xgboost,654,0,0,0.23971351981163025
holdout,xgboost,669,0,0,0.1528889387845993
holdout,xgboost,672,0,0,0.04734199121594429
holdout,xgboost,675,0,1,0.852640688419342
holdout,xgboost,682,0,0,0.04829680174589157
holdout,xgboost,695,1,0,0.009228786453604698
holdout,xgboost,711,0,0,0.1374739408493042
holdout,xgboost,722,0,0,0.16592499613761902
holdout,xgboost,725,1,0,0.27877140045166016
holdout,xgboost,732,0,1,0.6899434924125671
holdout,xgboost,763,0,0,0.07492811977863312
holdout,xgboost,769,0,0,0.4007788300514221
holdout,xgboost,777,0,0,0.05109363794326782
holdout,xgboost,783,0,0,0.07821580767631531
holdout,xgboost,792,0,0,0.13620321452617645
holdout,xgboost,793,1,0,0.025677351281046867
holdout,xgboost,795,1,1,0.9209532141685486
holdout,xgboost,796,0,0,0.011998591013252735
holdout,xgboost,799,0,0,0.27297550439834595
holdout,xgboost,802,0,0,0.1737084686756134
holdout,xgboost,817,0,0,0.2697092294692993
holdout,xgboost,822,0,0,0.06768560409545898
holdout,xgboost,837,0,0,0.08157238364219666
holdout,xgboost,839,0,0,0.0166183989495039
holdout,xgboost,861,1,0,0.07132276147603989
holdout,xgboost,882,0,0,0.05540663003921509
holdout,xgboost,883,1,1,0.7079803943634033
holdout,xgboost,884,0,0,0.12241925299167633
holdout,xgboost,885,0,0,0.312813401222229
holdout,xgboost,886,0,0,0.1251165270805359
holdout,xgboost,896,0,0,0.06117904931306839
holdout,xgboost,906,0,0,0.10437854379415512
holdout,xgboost,912,0,0,0.193137988448143
holdout,xgboost,914,1,1,0.9746177196502686
holdout,xgboost,921,0,0,0.18426793813705444
holdout,xgboost,935,0,0,0.08077047765254974
holdout,xgboost,937,0,0,0.06609693169593811
holdout,xgboost,938,0,0,0.20382466912269592
holdout,xgboost,939,1,0,0.14610515534877777
holdout,xgboost,948,1,0,0.38236820697784424
holdout,xgboost,951,0,0,0.2454654574394226
holdout,xgboost,953,0,0,0.11680695414543152
holdout,xgboost,956,0,1,0.814201831817627
holdout,xgboost,958,0,0,0.02259853109717369
holdout,xgboost,965,0,0,0.2247871309518814
holdout,xgboost,969,0,0,0.10500126332044601
holdout,xgboost,971,1,1,0.8824135661125183
holdout,xgboost,974,0,0,0.3947947323322296
holdout,xgboost,976,0,0,0.02600090391933918
holdout,xgboost,981,0,0,0.03082401491701603
holdout,xgboost,990,0,0,0.0705081894993782
holdout,xgboost,995,0,0,0.03704607114195824
holdout,xgboost,1007,0,0,0.25901809334754944
holdout,xgboost,1010,0,1,0.6938061714172363
holdout,xgboost,1012,0,0,0.21395283937454224
holdout,xgboost,1013,0,0,0.08770637214183807
holdout,xgboost,1016,1,0,0.028561769053339958
holdout,xgboost,1030,0,0,0.09563349932432175
external,xgboost,39,0,0,0.06059974059462547
external,xgboost,63,0,0,0.18996140360832214
external,xgboost,65,1,1,0.981351375579834
external,xgboost,84,1,1,0.9176283478736877
external,xgboost,86,1,1,0.9766925573348999
external,xgboost,89,0,0,0.005390341859310865
external,xgboost,102,0,0,0.3391702473163605
external,xgboost,125,0,0,0.30358001589775085
external,xgboost,137,0,0,0.23359288275241852
external,xgboost,159,1,0,0.4114725887775421
external,xgboost,167,1,1,0.9635215997695923
external,xgboost,184,1,1,0.7557951211929321
external,xgboost,200,0,0,0.03625139594078064
external,xgboost,273,1,0,0.14374575018882751
external,xgboost,285,0,0,0.06774775683879852
external,xgboost,297,0,1,0.5302915573120117
external,xgboost,303,1,1,0.7335668802261353
external,xgboost,304,1,0,0.03832019865512848
external,xgboost,335,0,0,0.3215429186820984
external,xgboost,342,0,0,0.06783826649188995
external,xgboost,352,0,0,0.06561816483736038
external,xgboost,367,1,0,0.47274357080459595
external,xgboost,378,0,0,0.05150901526212692
external,xgboost,387,1,0,0.04969778284430504
external,xgboost,400,0,0,0.26277050375938416
external,xgboost,402,0,0,0.05249606445431709
external,xgboost,409,1,1,0.9254093170166016
external,xgboost,410,1,0,0.025142725557088852
external,xgboost,418,0,0,0.008881289511919022
external,xgboost,421,0,0,0.02258472703397274
external,xgboost,436,1,0,0.1898600161075592
external,xgboost,448,0,0,0.14322519302368164
external,xgboost,459,1,1,0.5213518142700195
external,xgboost,461,1,0,0.31767168641090393
external,xgboost,473,0,0,0.01072607096284628
external,xgboost,484,0,0,0.2517613172531128
external,xgboost,487,0,1,0.7566620707511902
external,xgboost,491,0,0,0.04029431194067001
external,xgboost,497,0,0,0.0327618345618248
external,xgboost,507,0,0,0.14818616211414337
external,xgboost,510,0,0,0.29659879207611084
external,xgboost,511,0,0,0.07864854484796524
external,xgboost,526,0,0,0.11143273115158081
external,xgboost,534,0,0,0.1687154471874237
external,xgboost,538,1,0,0.4913736581802368
external,xgboost,539,1,1,0.8524250984191895
external,xgboost,543,0,0,0.02674693614244461
external,xgboost,547,0,0,0.21462632715702057
external,xgboost,564,1,0,0.03758674114942551
external,xgboost,577,0,0,0.18307393789291382
external,xgboost,581,0,0,0.04195823147892952
external,xgboost,586,0,0,0.16970103979110718
external,xgboost,596,0,0,0.061681609600782394
external,xgboost,597,0,0,0.0993591919541359
external,xgboost,601,0,0,0.44928666949272156
external,xgboost,607,1,0,0.10724306851625443
external,xgboost,610,0,0,0.026980655267834663
external,xgboost,618,1,0,0.23338577151298523
external,xgboost,629,0,0,0.05849849805235863
external,xgboost,639,0,1,0.5057445168495178
external,xgboost,643,0,0,0.0388626791536808
external,xgboost,648,0,0,0.1208905279636383
external,xgboost,660,0,0,0.012455147691071033
external,xgboost,663,0,0,0.09103907644748688
external,xgboost,665,1,0,0.046625617891550064
external,xgboost,668,0,0,0.009962801821529865
external,xgboost,671,1,0,0.025267697870731354
external,xgboost,676,0,0,0.019005248323082924
external,xgboost,677,0,0,0.10823690891265869
external,xgboost,684,1,0,0.03851532191038132
external,xgboost,702,0,0,0.4421447813510895
external,xgboost,705,0,0,0.27469751238822937
external,xgboost,784,1,0,0.3325403928756714
external,xgboost,801,0,0,0.025007501244544983
external,xgboost,825,0,0,0.07456868886947632
external,xgboost,852,0,0,0.42952993512153625
external,xgboost,854,0,0,0.05609625577926636
external,xgboost,857,0,0,0.18071220815181732
external,xgboost,881,0,1,0.6482618451118469
external,xgboost,890,0,0,0.16424591839313507
external,xgboost,955,0,1,0.7387173771858215
external,xgboost,980,0,0,0.04941927641630173
external,xgboost,985,0,0,0.0639067217707634
external,xgboost,987,0,0,0.08336567878723145
external,xgboost,988,1,0,0.06239081546664238
external,xgboost,989,0,0,0.015249768272042274
external,xgboost,992,0,0,0.058566268533468246
external,xgboost,1011,1,1,0.9241645336151123
external,xgboost,1031,0,1,0.9192761182785034
holdout,mlp,1,0,0,0.2548970199253436
holdout,mlp,2,0,0,0.15100891537795538
holdout,mlp,4,1,0,0.38608047394670136
holdout,mlp,18,1,1,0.8127564249677941
holdout,mlp,19,0,0,0.1766712568376977
holdout,mlp,20,0,0,0.2806904856509842
holdout,mlp,27,0,0,0.20187197716855193
holdout,mlp,31,0,0,0.22608793794333132
holdout,mlp,37,0,0,0.19570833964793796
holdout,mlp,42,0,0,0.22798492000462353
holdout,mlp,44,0,0,0.14611534415106803
holdout,mlp,46,0,1,0.8088271436688806
holdout,mlp,62,0,0,0.18079181820352727
holdout,mlp,66,1,0,0.24851111119981267
holdout,mlp,80,0,0,0.20074633823339003
holdout,mlp,92,1,0,0.2520122578999853
holdout,mlp,93,0,0,0.24074627250761024
holdout,mlp,96,1,1,0.8390039326180743
holdout,mlp,97,1,0,0.25714992870905784
holdout,mlp,101,0,0,0.25803184888547065
holdout,mlp,106,1,1,0.8438733917449731
holdout,mlp,111,0,0,0.2534111263770933
holdout,mlp,132,1,1,0.8216185406725331
holdout,mlp,138,0,0,0.3351751548743441
holdout,mlp,141,0,0,0.19403979099280752
holdout,mlp,146,1,0,0.44851952720682753
holdout,mlp,147,0,0,0.2934443118438278
holdout,mlp,148,1,0,0.45388279775585066
holdout,mlp,149,0,0,0.2289697219785077
holdout,mlp,154,1,0,0.43938199004790446
holdout,mlp,163,1,1,0.9830953883541552
holdout,mlp,168,0,0,0.22048105426845638
holdout,mlp,172,0,1,0.6494906254741678
holdout,mlp,176,0,0,0.19338642855933244
holdout,mlp,185,0,1,0.9830820365775085
holdout,mlp,186,1,1,0.8668664105689076
holdout,mlp,197,1,1,0.8575721249273905
holdout,mlp,198,0,0,0.20648343305952827
holdout,mlp,209,1,1,0.8078756801220642
holdout,mlp,210,1,1,0.8298604513937531
holdout,mlp,229,1,0,0.22875473161794155
holdout,mlp,235,1,0,0.2138501105269988
holdout,mlp,239,0,0,0.2990652685358346
holdout,mlp,244,0,0,0.25831010401442683
holdout,mlp,246,1,1,0.8002076444205385
holdout,mlp,251,1,0,0.19169184221989852
holdout,mlp,252,0,0,0.19952108125040466
holdout,mlp,256,1,1,0.8160215635735516
holdout,mlp,258,0,0,0.17686937079520162
holdout,mlp,262,1,1,0.8792046408831522
holdout,mlp,266,1,1,0.8259374326791573
holdout,mlp,271,0,0,0.20264803573927048
holdout,mlp,272,0,0,0.24580230943678186
holdout,mlp,275,1,1,0.7662800023300999
holdout,mlp,277,1,0,0.24202308418245402
holdout,mlp,279,0,0,0.28749920417198555
holdout,mlp,281,1,0,0.22119202603271337
holdout,mlp,283,1,1,0.8160349379568804
holdout,mlp,286,0,0,0.2455692205800695
holdout,mlp,287,0,0,0.2831999259571523
holdout,mlp,291,1,1,0.8508562394668463
holdout,mlp,309,0,0,0.16470668748829348
holdout,mlp,316,0,0,0.33112570338142244
holdout,mlp,323,0,0,0.21906900338454377
holdout,mlp,326,1,1,0.5614814607858144
holdout,mlp,327,0,0,0.23304893324807513
holdout,mlp,341,1,0,0.4505485734494997
holdout,mlp,348,0,0,0.21289906295721178
holdout,mlp,349,1,0,0.11026890178141104
holdout,mlp,351,1,0,0.26175467364808586
holdout,mlp,353,1,0,0.22021453024694726
holdout,mlp,356,0,0,0.40691558158994084
holdout,mlp,363,0,0,0.11911324568278352
holdout,mlp,366,1,0,0.26160531099968265
holdout,mlp,373,0,0,0.20962343104378647
holdout,mlp,377,0,0,0.20518217014203835
holdout,mlp,380,0,0,0.22423156741996503
holdout,mlp,394,0,0,0.25306253904911785
holdout,mlp,404,0,0,0.17584694618492683
holdout,mlp,408,1,1,0.8972193076877794
holdout,mlp,412,0,0,0.2141725637593336
holdout,mlp,414,0,0,0.30406564214022075
holdout,mlp,417,0,0,0.159907366700134
holdout,mlp,424,0,0,0.31024816879069755
holdout,mlp,429,0,0,0.3493724140806128
holdout,mlp,437,0,0,0.3061278059285071
holdout,mlp,441,1,0,0.2881705443156776
holdout,mlp,445,0,0,0.2763561703724359
holdout,mlp,450,0,0,0.2873841586839531
holdout,mlp,451,0,0,0.4070316303062253
holdout,mlp,454,1,1,0.7875691515631337
holdout,mlp,458,0,1,0.8470378429933911
holdout,mlp,471,0,1,0.8861766293900118
holdout,mlp,476,0,0,0.3049533047877527
holdout,mlp,477,0,0,0.18918582298514
holdout,mlp,483,0,0,0.30552414188575683
holdout,mlp,486,0,0,0.2626630379290222
holdout,mlp,496,1,0,0.24553415725332944
holdout,mlp,502,0,0,0.3124217167415845
holdout,mlp,508,0,0,0.26279520839858217
holdout,mlp,519,0,0,0.17747936409871454
holdout,mlp,520,0,0,0.18091476786593733
holdout,mlp,533,0,0,0.42268811936798595
holdout,mlp,536,0,0,0.3224817133389812
holdout,mlp,537,0,0,0.2523070767329136
holdout,mlp,542,1,0,0.19108713550522424
holdout,mlp,546,0,0,0.28610262417622045
holdout,mlp,550,0,0,0.2091538432774427
holdout,mlp,551,0,0,0.3121734666415933
holdout,mlp,563,0,0,0.4108250613253202
holdout,mlp,565,1,0,0.2771861341539074
holdout,mlp,566,0,0,0.27794388312810475
holdout,mlp,575,0,0,0.34208247254006524
holdout,mlp,584,0,0,0.31242352550003494
holdout,mlp,589,1,1,0.6419181820228034
holdout,mlp,595,0,0,0.19323973673455502
holdout,mlp,609,0,0,0.15103931397669115
holdout,mlp,614,0,0,0.30471780513318164
holdout,mlp,628,0,0,0.15434340210968212
holdout,mlp,637,1,0,0.24905436954272445
holdout,mlp,644,1,0,0.16893496328941482
holdout,mlp,654,0,0,0.4737416975188062
holdout,mlp,669,0,0,0.30907594205290195
holdout,mlp,672,0,0,0.27587174688413774
holdout,mlp,675,0,0,0.4907541184336441
holdout,mlp,682,0,0,0.30280533790367364
holdout,mlp,695,1,0,0.19275196303621359
holdout,mlp,711,0,0,0.4762045930899173
holdout,mlp,722,0,0,0.2740558290080291
holdout,mlp,725,1,0,0.36689003371556483
holdout,mlp,732,0,0,0.44538727425302405
holdout,mlp,763,0,0,0.19090329753307733
holdout,mlp,769,0,0,0.444010933409323
holdout,mlp,777,0,0,0.21851946185402768
holdout,mlp,783,0,0,0.36812469791090574
holdout,mlp,792,0,0,0.3581143752661707
holdout,mlp,793,1,0,0.2286020830813593
holdout,mlp,795,1,1,0.8154703420752264
holdout,mlp,796,0,0,0.18234851808844255
holdout,mlp,799,0,0,0.47573591573817015
holdout,mlp,802,0,0,0.2970282861064351
holdout,mlp,817,0,0,0.2564636267387192
holdout,mlp,822,0,0,0.21732988773694809
holdout,mlp,837,0,0,0.1313378287130012
holdout,mlp,839,0,0,0.1743274674429028
holdout,mlp,861,1,0,0.1573517145155239
holdout,mlp,882,0,0,0.09998759261257076
holdout,mlp,883,1,0,0.4944778261610402
holdout,mlp,884,0,0,0.31800835900425173
holdout,mlp,885,0,0,0.25593454604138066
holdout,mlp,886,0,0,0.18243221747310626
holdout,mlp,896,0,0,0.13675917778030086
holdout,mlp,906,0,0,0.3080014586466117
holdout,mlp,912,0,0,0.21526427274737683
holdout,mlp,914,1,1,0.806263791446747
holdout,mlp,921,0,0,0.29136628864909553
holdout,mlp,935,0,0,0.20118643164822272
holdout,mlp,937,0,0,0.22203557570395355
holdout,mlp,938,0,0,0.2598613303714468
holdout,mlp,939,1,0,0.43232562394913604
holdout,mlp,948,1,0,0.4491509316864771
holdout,mlp,951,0,0,0.3557690553032563
holdout,mlp,953,0,0,0.3445642041698788
holdout,mlp,956,0,0,0.3458971571369319
holdout,mlp,958,0,0,0.1321778105159928
holdout,mlp,965,0,0,0.34818021607659144
holdout,mlp,969,0,0,0.30306226455374285
holdout,mlp,971,1,0,0.42367116756059814
holdout,mlp,974,0,0,0.3588098329856027
holdout,mlp,976,0,0,0.15480434848022215
holdout,mlp,981,0,0,0.3166921167774391
holdout,mlp,990,0,0,0.27567842755852767
holdout,mlp,995,0,0,0.2250368349757385
holdout,mlp,1007,0,0,0.2793224169852258
holdout,mlp,1010,0,1,0.5827773805172104
holdout,mlp,1012,0,0,0.35262502367026993
holdout,mlp,1013,0,0,0.23714474996167006
holdout,mlp,1016,1,0,0.24453539132622362
holdout,mlp,1030,0,0,0.23988293556307744
external,mlp,39,0,0,0.20456744090719262
external,mlp,63,0,0,0.373165983334634
external,mlp,65,1,1,0.8134215874091527
external,mlp,84,1,1,0.9793833773100526
external,mlp,86,1,1,0.785126740202469
external,mlp,89,0,0,0.23842403146549168
external,mlp,102,0,0,0.3234777029380212
external,mlp,125,0,0,0.34312354354040064
external,mlp,137,0,0,0.19319584997850228
external,mlp,159,1,0,0.4745130710952161
external,mlp,167,1,1,0.8203683039892656
external,mlp,184,1,0,0.45991769426607976
external,mlp,200,0,0,0.20864377712863247
external,mlp,273,1,0,0.3268685495055094
external,mlp,285,0,0,0.1968187445304792
external,mlp,297,0,0,0.2689459647012708
external,mlp,303,1,0,0.20541622508867444
external,mlp,304,1,0,0.2694733184959877
external,mlp,335,0,0,0.3350201733478333
external,mlp,342,0,0,0.15169434562417508
external,mlp,352,0,0,0.30701658175916624
external,mlp,367,1,0,0.2916557085394741
external,mlp,378,0,0,0.2867055218203763
external,mlp,387,1,0,0.18236467295904882
external,mlp,400,0,0,0.3135708190546261
external,mlp,402,0,0,0.1299267873290076
external,mlp,409,1,1,0.542120832910753
external,mlp,410,1,0,0.18113849086322178
external,mlp,418,0,0,0.24292310761872649
external,mlp,421,0,0,0.269957676345072
external,mlp,436,1,1,0.5344803681838146
external,mlp,448,0,0,0.30646221915937827
external,mlp,459,1,0,0.268311392220301
external,mlp,461,1,0,0.3122118444226079
external,mlp,473,0,0,0.10670228727244802
external,mlp,484,0,0,0.32769517815898724
external,mlp,487,0,0,0.39946196721331
external,mlp,491,0,0,0.1936127926212425
external,mlp,497,0,0,0.26516551126916954
external,mlp,507,0,0,0.31350205544064197
external,mlp,510,0,0,0.31810693780509636
external,mlp,511,0,0,0.24126368390568448
external,mlp,526,0,0,0.2549338166897385
external,mlp,534,0,0,0.299712843096112
external,mlp,538,1,0,0.4962047627847913
external,mlp,539,1,0,0.4374066384713261
external,mlp,543,0,0,0.13780042450835533
external,mlp,547,0,0,0.173355139002397
external,mlp,564,1,0,0.2193747022083551
external,mlp,577,0,0,0.3213655211567259
external,mlp,581,0,0,0.22795522652439193
external,mlp,586,0,0,0.2681267525340618
external,mlp,596,0,0,0.22488898991938616
external,mlp,597,0,0,0.24948515734670884
external,mlp,601,0,0,0.21497738205289899
external,mlp,607,1,0,0.1697783785267407
external,mlp,610,0,0,0.1564574471118789
external,mlp,618,1,0,0.3710634532207643
external,mlp,629,0,0,0.15350449903605456
external,mlp,639,0,0,0.45805953113927955
external,mlp,643,0,0,0.20682857750508446
external,mlp,648,0,0,0.256841322924346
external,mlp,660,0,0,0.2624132443504659
external,mlp,663,0,0,0.23057659573272418
external,mlp,665,1,0,0.40377240490201777
external,mlp,668,0,0,0.16761942516896192
external,mlp,671,1,0,0.3261656406177962
external,mlp,676,0,0,0.2730814692959856
external,mlp,677,0,0,0.29471019426988765
external,mlp,684,1,0,0.23125236170472888
external,mlp,702,0,1,0.5450509429333725
external,mlp,705,0,0,0.3313776253600563
external,mlp,784,1,0,0.3057569205516442
external,mlp,801,0,0,0.2354644436414183
external,mlp,825,0,0,0.28259445386808213
external,mlp,852,0,0,0.35305740400980234
external,mlp,854,0,0,0.2772749594462406
external,mlp,857,0,0,0.2568707286220231
external,mlp,881,0,0,0.4952318290661864
external,mlp,890,0,0,0.2157702293076413
external,mlp,955,0,1,0.5655775317005379
external,mlp,980,0,0,0.2501901421914828
external,mlp,985,0,0,0.2878470183793697
external,mlp,987,0,0,0.11331754008813827
external,mlp,988,1,0,0.2130097609475078
external,mlp,989,0,0,0.29653237535261345
external,mlp,992,0,0,0.2554330710713683
external,mlp,1011,1,1,0.8252722466226805
external,mlp,1031,0,0,0.45348456082382654
holdout,rbf_matched,1,0,0,-1.412957296812532
holdout,rbf_matched,2,0,0,-1.2616535318928839
holdout,rbf_matched,4,1,0,-0.7224285538732942
holdout,rbf_matched,18,1,1,2.9208381631824207
holdout,rbf_matched,19,0,0,-1.1005756146590069
holdout,rbf_matched,20,0,0,-0.9046467464230559
holdout,rbf_matched,27,0,0,-1.4601956166538002
holdout,rbf_matched,31,0,0,-1.1924783113088515
holdout,rbf_matched,37,0,0,-0.26523573271434264
holdout,rbf_matched,42,0,0,-1.117310696638762
holdout,rbf_matched,44,0,0,-1.0842133648669736
holdout,rbf_matched,46,0,1,2.173589736131936
holdout,rbf_matched,62,0,0,-1.369475592239874
holdout,rbf_matched,66,1,0,-1.6422052302618417
holdout,rbf_matched,80,0,0,-0.5138272102763337
holdout,rbf_matched,92,1,0,-0.9962026684322658
holdout,rbf_matched,93,0,0,-0.983334421475726
holdout,rbf_matched,96,1,1,2.1667451180729302
holdout,rbf_matched,97,1,0,-0.41136741772241825
holdout,rbf_matched,101,0,0,-0.9603803004324774
holdout,rbf_matched,106,1,1,1.27910495754683
holdout,rbf_matched,111,0,0,-1.8499348512675708
holdout,rbf_matched,132,1,1,2.4661531034015405
holdout,rbf_matched,138,0,0,-0.47925022186452315
holdout,rbf_matched,141,0,0,-1.2926317162390766
holdout,rbf_matched,146,1,1,1.6346174151947666
holdout,rbf_matched,147,0,0,-0.9742704577471328
holdout,rbf_matched,148,1,1,1.3392492758957588
holdout,rbf_matched,149,0,0,-1.902215623975271
holdout,rbf_matched,154,1,1,1.3296280205155093
holdout,rbf_matched,163,1,0,-1.7411176526414773
holdout,rbf_matched,168,0,0,-0.8713735674613061
holdout,rbf_matched,172,0,1,1.6876041725972386
holdout,rbf_matched,176,0,0,-1.1429543490392127
holdout,rbf_matched,185,0,0,-2.2208244933870804
holdout,rbf_matched,186,1,1,2.540964824537918
holdout,rbf_matched,197,1,1,2.252848832363077
holdout,rbf_matched,198,0,0,-1.4785601096486736
holdout,rbf_matched,209,1,1,2.4133495674879435
holdout,rbf_matched,210,1,1,1.6887514615794523
holdout,rbf_matched,229,1,0,-0.9883628603898393
holdout,rbf_matched,235,1,0,-1.105989165673106
holdout,rbf_matched,239,0,0,-0.6592626121318879
holdout,rbf_matched,244,0,0,-2.355842939877023
holdout,rbf_matched,246,1,1,3.071547902566405
holdout,rbf_matched,251,1,0,-0.9046087604111519
holdout,rbf_matched,252,0,0,-1.1827696434322035
holdout,rbf_matched,256,1,1,2.333055117133276
holdout,rbf_matched,258,0,0,-1.7360511931280782
holdout,rbf_matched,262,1,1,1.3487104242564123
holdout,rbf_matched,266,1,1,2.109567695611292
holdout,rbf_matched,271,0,0,-0.8290484160476423
holdout,rbf_matched,272,0,0,-1.5326906419553175
holdout,rbf_matched,275,1,1,2.759958330360924
holdout,rbf_matched,277,1,0,-0.06724087804747247
holdout,rbf_matched,279,0,0,-1.0296799834426813
holdout,rbf_matched,281,1,0,-0.7619742130575999
holdout,rbf_matched,283,1,1,2.3323608234088824
holdout,rbf_matched,286,0,0,-1.060465621118611
holdout,rbf_matched,287,0,0,-1.4762960505938536
holdout,rbf_matched,291,1,1,1.8147488018791536
holdout,rbf_matched,309,0,0,-1.0445105633745064
holdout,rbf_matched,316,0,0,-0.23440865209557904
holdout,rbf_matched,323,0,0,-1.1628210143192184
holdout,rbf_matched,326,1,1,1.1546372061155687
holdout,rbf_matched,327,0,0,-0.8404912368243749
holdout,rbf_matched,341,1,0,-0.42452465724534383
holdout,rbf_matched,348,0,0,-1.0104339665845266
holdout,rbf_matched,349,1,0,-2.059011013519656
holdout,rbf_matched,351,1,0,-0.41928804322656665
holdout,rbf_matched,353,1,0,-1.405586254768925
holdout,rbf_matched,356,0,0,-0.20821350011029116
holdout,rbf_matched,363,0,0,-1.8605779946522865
holdout,rbf_matched,366,1,0,-0.15123038169663294
holdout,rbf_matched,373,0,0,-1.2662755269202903
holdout,rbf_matched,377,0,0,-0.1172770198563966
holdout,rbf_matched,380,0,0,-0.37189039381119704
holdout,rbf_matched,394,0,0,-1.2944924910347964
holdout,rbf_matched,404,0,0,-1.567378945697539
holdout,rbf_matched,408,1,1,1.4152589974990506
holdout,rbf_matched,412,0,0,-0.8287209882586182
holdout,rbf_matched,414,0,0,-0.6587620773906102
holdout,rbf_matched,417,0,0,-0.9149360056408411
holdout,rbf_matched,424,0,0,-0.030680637713723424
holdout,rbf_matched,429,0,1,0.7519920165886043
holdout,rbf_matched,437,0,0,-1.131906321323894
holdout,rbf_matched,441,1,0,-0.7361501948566356
holdout,rbf_matched,445,0,0,-0.8379148446137044
holdout,rbf_matched,450,0,0,-0.5733360233196669
holdout,rbf_matched,451,0,1,0.09890496797622683
holdout,rbf_matched,454,1,1,1.4415426500115651
holdout,rbf_matched,458,0,1,2.375319558449823
holdout,rbf_matched,471,0,1,2.4727005292317714
holdout,rbf_matched,476,0,0,-0.7920468245730468
holdout,rbf_matched,477,0,0,-2.0147774647298333
holdout,rbf_matched,483,0,0,-0.6769399034261183
holdout,rbf_matched,486,0,0,-0.9137457868754679
holdout,rbf_matched,496,1,0,-0.8966492317092523
holdout,rbf_matched,502,0,0,-0.495965366655875
holdout,rbf_matched,508,0,0,-0.8715243691292414
holdout,rbf_matched,519,0,0,-1.1160014495445743
holdout,rbf_matched,520,0,0,-1.4853672927506323
holdout,rbf_matched,533,0,1,0.5992429299233337
holdout,rbf_matched,536,0,0,-0.11056147748042511
holdout,rbf_matched,537,0,0,-1.2515919694843212
holdout,rbf_matched,542,1,0,-1.5797501135180751
holdout,rbf_matched,546,0,0,-0.4307269022863216
holdout,rbf_matched,550,0,0,-0.9797877565279101
holdout,rbf_matched,551,0,0,-0.4137859136458384
holdout,rbf_matched,563,0,1,0.6490176701776478
holdout,rbf_matched,565,1,0,-0.4962400566912364
holdout,rbf_matched,566,0,0,-1.0861760945601424
holdout,rbf_matched,575,0,0,-0.31039450372300825
holdout,rbf_matched,584,0,0,-0.4869022027792176
holdout,rbf_matched,589,1,1,1.6629979419679715
holdout,rbf_matched,595,0,0,-1.1624801295571188
holdout,rbf_matched,609,0,0,-1.016828614039349
holdout,rbf_matched,614,0,0,-0.6134729872359386
holdout,rbf_matched,628,0,0,-1.7562614854360041
holdout,rbf_matched,637,1,0,-1.5884582838228005
holdout,rbf_matched,644,1,0,-1.3524146086476683
holdout,rbf_matched,654,0,1,0.27113250074721984
holdout,rbf_matched,669,0,0,-0.672313406217421
holdout,rbf_matched,672,0,0,-0.7012052215449684
holdout,rbf_matched,675,0,1,0.993487274167228
holdout,rbf_matched,682,0,0,-0.4694696771969844
holdout,rbf_matched,695,1,0,-1.9360807108183358
holdout,rbf_matched,711,0,1,0.28494413806360663
holdout,rbf_matched,722,0,0,-0.8695397829708056
holdout,rbf_matched,725,1,0,-0.07803702307234905
holdout,rbf_matched,732,0,1,0.0009704910400167854
holdout,rbf_matched,763,0,0,-1.301155803015552
holdout,rbf_matched,769,0,0,-0.5081025607522558
holdout,rbf_matched,777,0,0,-1.4590407450717087
holdout,rbf_matched,783,0,0,-0.03460781002428481
holdout,rbf_matched,792,0,1,0.2346607995528367
holdout,rbf_matched,793,1,0,-1.800746839606004
holdout,rbf_matched,795,1,1,4.478170332848562
holdout,rbf_matched,796,0,0,-1.751071237926309
holdout,rbf_matched,799,0,1,0.6397105457127545
holdout,rbf_matched,802,0,0,-0.916159118245639
holdout,rbf_matched,817,0,0,-0.7858703127309083
holdout,rbf_matched,822,0,0,-1.6272675438376054
holdout,rbf_matched,837,0,0,-2.0617239578719135
holdout,rbf_matched,839,0,0,-1.518898606295513
holdout,rbf_matched,861,1,0,-1.3747293746655553
holdout,rbf_matched,882,0,0,-1.8946419750770143
holdout,rbf_matched,883,1,1,2.0581373035367485
holdout,rbf_matched,884,0,0,-0.7025485323095189
holdout,rbf_matched,885,0,1,0.10082267378838106
holdout,rbf_matched,886,0,0,-1.7217920807106348
holdout,rbf_matched,896,0,0,-0.8510824147156231
holdout,rbf_matched,906,0,0,-1.3084378986380414
holdout,rbf_matched,912,0,0,-1.091562098323029
holdout,rbf_matched,914,1,1,2.4600386771291256
holdout,rbf_matched,921,0,0,-0.5646051062098691
holdout,rbf_matched,935,0,0,-0.2774186607327578
holdout,rbf_matched,937,0,0,-0.06642810278620592
holdout,rbf_matched,938,0,0,-0.1940910278547192
holdout,rbf_matched,939,1,0,-0.431209726294282
holdout,rbf_matched,948,1,0,-0.9029019691574454
holdout,rbf_matched,951,0,1,0.2536148329675947
holdout,rbf_matched,953,0,0,-0.04692054007041824
holdout,rbf_matched,956,0,1,0.7980738595624488
holdout,rbf_matched,958,0,0,-1.8137809179982098
holdout,rbf_matched,965,0,1,0.1487464604661839
holdout,rbf_matched,969,0,0,-0.42475270518809216
holdout,rbf_matched,971,1,1,1.36311474448827
holdout,rbf_matched,974,0,0,-0.037756796382959035
holdout,rbf_matched,976,0,0,-1.675624079185647
holdout,rbf_matched,981,0,0,-0.8349308019576447
holdout,rbf_matched,990,0,0,-1.136804215000717
holdout,rbf_matched,995,0,0,-0.922281422078592
holdout,rbf_matched,1007,0,0,-0.5338876794213774
holdout,rbf_matched,1010,0,1,1.627043530959876
holdout,rbf_matched,1012,0,0,-0.5216242336596344
holdout,rbf_matched,1013,0,1,0.04966377440701075
holdout,rbf_matched,1016,1,0,-0.9471390201000829
holdout,rbf_matched,1030,0,0,-0.9449596117948516
external,rbf_matched,39,0,0,-1.222958527327426
external,rbf_matched,63,0,0,-0.29256802271302496
external,rbf_matched,65,1,1,2.2805057284628547
external,rbf_matched,84,1,0,-2.220537082255541
external,rbf_matched,86,1,1,1.5988736060829773
external,rbf_matched,89,0,0,-1.082987028482639
external,rbf_matched,102,0,0,-0.4424308445816876
external,rbf_matched,125,0,0,-0.6034852480083983
external,rbf_matched,137,0,0,-1.4319196023840184
external,rbf_matched,159,1,1,0.6776931798982084
external,rbf_matched,167,1,1,1.9696723705912569
external,rbf_matched,184,1,1,0.8462709426845252
external,rbf_matched,200,0,0,-1.9822391412699871
external,rbf_matched,273,1,0,-0.056660451908420395
external,rbf_matched,285,0,0,-1.2330253299297964
external,rbf_matched,297,0,0,-0.4061621545982077
external,rbf_matched,303,1,0,-0.639812184019648
external,rbf_matched,304,1,0,-0.8578894081377455
external,rbf_matched,335,0,0,-0.5528927367769625
external,rbf_matched,342,0,0,-1.3714463545143718
external,rbf_matched,352,0,0,-0.18900101517470125
external,rbf_matched,367,1,1,0.34796081938083256
external,rbf_matched,378,0,0,-1.1637276722605256
external,rbf_matched,387,1,0,-2.084571829913164
external,rbf_matched,400,0,0,-1.2287129325853292
external,rbf_matched,402,0,0,-0.8716325384666272
external,rbf_matched,409,1,1,1.7719745810793506
external,rbf_matched,410,1,0,-1.4187861481795188
external,rbf_matched,418,0,0,-1.182466932316442
external,rbf_matched,421,0,0,-1.1177609378776885
external,rbf_matched,436,1,1,0.11849122324635397
external,rbf_matched,448,0,0,-0.8619862906164157
external,rbf_matched,459,1,0,-0.2598470111153133
external,rbf_matched,461,1,0,-0.27082895695940357
external,rbf_matched,473,0,0,-1.8806511295775237
external,rbf_matched,484,0,0,-0.2694392062723998
external,rbf_matched,487,0,1,0.155030391293137
external,rbf_matched,491,0,0,-1.3065888842528373
external,rbf_matched,497,0,0,-1.0103258525418872
external,rbf_matched,507,0,0,-0.9943788596150198
external,rbf_matched,510,0,0,-0.6241316740187712
external,rbf_matched,511,0,0,-0.7658475804935221
external,rbf_matched,526,0,0,-1.26951852069037
external,rbf_matched,534,0,0,-1.1429790058759415
external,rbf_matched,538,1,1,0.9770770601653056
external,rbf_matched,539,1,1,1.5727832122770047
external,rbf_matched,543,0,0,-1.5514906443584215
external,rbf_matched,547,0,0,-0.901305738094274
external,rbf_matched,564,1,0,-1.4678286569669878
external,rbf_matched,577,0,0,-0.760641156675598
external,rbf_matched,581,0,0,-1.584739107216007
external,rbf_matched,586,0,1,1.3544547418982362
external,rbf_matched,596,0,0,-1.3296884111087954
external,rbf_matched,597,0,0,-1.9957268204745815
external,rbf_matched,601,0,0,-1.0519511188251278
external,rbf_matched,607,1,0,-0.8243794871281351
external,rbf_matched,610,0,0,-1.2467770520550956
external,rbf_matched,618,1,1,0.027144464468696672
external,rbf_matched,629,0,0,-1.2373840481523124
external,rbf_matched,639,0,1,0.20145169800822993
external,rbf_matched,643,0,0,-0.8096399044836828
external,rbf_matched,648,0,0,-1.4184827644102689
external,rbf_matched,660,0,0,-1.3881542884967835
external,rbf_matched,663,0,0,-1.576819417895679
external,rbf_matched,665,1,0,-1.0481258602149075
external,rbf_matched,668,0,0,-2.051665816251892
external,rbf_matched,671,1,0,-1.3529813561855142
external,rbf_matched,676,0,0,-0.7691377740923158
external,rbf_matched,677,0,0,-0.08446679926721634
external,rbf_matched,684,1,0,-1.8791765481404723
external,rbf_matched,702,0,1,1.1741715782597333
external,rbf_matched,705,0,0,-0.014788598259011021
external,rbf_matched,784,1,0,-0.8663336159278656
external,rbf_matched,801,0,0,-1.2059456044389107
external,rbf_matched,825,0,0,-0.364226791009441
external,rbf_matched,852,0,1,0.5210943800764967
external,rbf_matched,854,0,0,-0.9410519130184922
external,rbf_matched,857,0,1,0.23754868079256974
external,rbf_matched,881,0,1,0.40713971786866887
external,rbf_matched,890,0,0,-1.0545049226807222
external,rbf_matched,955,0,1,1.5119184691433802
external,rbf_matched,980,0,0,-1.0304436733128255
external,rbf_matched,985,0,0,-0.6194566048022714
external,rbf_matched,987,0,0,-1.8257580086177945
external,rbf_matched,988,1,0,-0.8312373468609127
external,rbf_matched,989,0,0,-0.466613129577373
external,rbf_matched,992,0,0,-0.30150030336515377
external,rbf_matched,1011,1,1,4.329210371894105
external,rbf_matched,1031,0,1,1.0286798698769446
holdout,quantum_angle_product,1,0,1,0.37434378550907876
holdout,quantum_angle_product,2,0,0,-1.1357450668414701
holdout,quantum_angle_product,4,1,0,-0.3564024626628468
holdout,quantum_angle_product,18,1,1,3.3222832485359204
holdout,quantum_angle_product,19,0,0,-0.737583544365795
holdout,quantum_angle_product,20,0,0,-0.6314757556067052
holdout,quantum_angle_product,27,0,0,-1.3172249221605243
holdout,quantum_angle_product,31,0,0,-1.0591887902684407
holdout,quantum_angle_product,37,0,0,-0.3828379554212704
holdout,quantum_angle_product,42,0,0,-0.899916784162305
holdout,quantum_angle_product,44,0,0,-1.1246678896302074
holdout,quantum_angle_product,46,0,1,3.0869833019956827
holdout,quantum_angle_product,62,0,0,-0.9724457204275341
holdout,quantum_angle_product,66,1,0,-0.6921739354222227
holdout,quantum_angle_product,80,0,0,-0.6321864130996078
holdout,quantum_angle_product,92,1,0,-0.9102155041536735
holdout,quantum_angle_product,93,0,0,-0.9333213824476916
holdout,quantum_angle_product,96,1,1,2.9509194447133877
holdout,quantum_angle_product,97,1,0,-0.4824986528231152
holdout,quantum_angle_product,101,0,0,-0.9174457123837287
holdout,quantum_angle_product,106,1,1,2.695887202800132
holdout,quantum_angle_product,111,0,0,-1.2320317001599976
holdout,quantum_angle_product,132,1,1,3.2908534817265247
holdout,quantum_angle_product,138,0,0,-0.857234653800977
holdout,quantum_angle_product,141,0,0,-1.347633227271122
holdout,quantum_angle_product,146,1,1,1.397701591237431
holdout,quantum_angle_product,147,0,0,-0.8470697014108923
holdout,quantum_angle_product,148,1,1,1.3615919264226006
holdout,quantum_angle_product,149,0,0,-1.3301443177080516
holdout,quantum_angle_product,154,1,1,0.8963574879018479
holdout,quantum_angle_product,163,1,1,5.838149101998293
holdout,quantum_angle_product,168,0,0,-0.833771732931031
holdout,quantum_angle_product,172,0,1,2.4946818792283336
holdout,quantum_angle_product,176,0,0,-0.9431143639702286
holdout,quantum_angle_product,185,0,1,5.589182076459177
holdout,quantum_angle_product,186,1,1,3.409211434298366
holdout,quantum_angle_product,197,1,1,3.3686269517172702
holdout,quantum_angle_product,198,0,0,-1.342763380161121
holdout,quantum_angle_product,209,1,1,3.217685419925668
holdout,quantum_angle_product,210,1,1,3.0226376549386016
holdout,quantum_angle_product,229,1,0,-0.6850509632056587
holdout,quantum_angle_product,235,1,0,-0.8486302085944901
holdout,quantum_angle_product,239,0,0,-0.39122213662107175
holdout,quantum_angle_product,244,0,0,-1.248908730451963
holdout,quantum_angle_product,246,1,1,3.433715642081533
holdout,quantum_angle_product,251,1,0,-0.8164034918202292
holdout,quantum_angle_product,252,0,0,-1.080037878260062
holdout,quantum_angle_product,256,1,1,3.146904537048793
holdout,quantum_angle_product,258,0,0,-1.3419977979210005
holdout,quantum_angle_product,262,1,1,2.916517454434124
holdout,quantum_angle_product,266,1,1,3.206866493358471
holdout,quantum_angle_product,271,0,0,-1.0290546636730271
holdout,quantum_angle_product,272,0,0,-1.2846691481938608
holdout,quantum_angle_product,275,1,1,3.1527931153865536
holdout,quantum_angle_product,277,1,0,-0.4909518008166929
holdout,quantum_angle_product,279,0,0,-0.7956512897324233
holdout,quantum_angle_product,281,1,0,-0.5684685270133985
holdout,quantum_angle_product,283,1,1,3.56629560490192
holdout,quantum_angle_product,286,0,0,-0.8628321693350829
holdout,quantum_angle_product,287,0,0,-1.3199393094046075
holdout,quantum_angle_product,291,1,1,2.978942528610399
holdout,quantum_angle_product,309,0,0,-1.071891766111965
holdout,quantum_angle_product,316,0,0,-0.4570770209550874
holdout,quantum_angle_product,323,0,0,-0.9224210599620521
holdout,quantum_angle_product,326,1,1,0.8416643150350565
holdout,quantum_angle_product,327,0,0,-0.6088610470874487
holdout,quantum_angle_product,341,1,1,0.8089870247471351
holdout,quantum_angle_product,348,0,0,-0.7727492447825641
holdout,quantum_angle_product,349,1,0,-1.7371418655046016
holdout,quantum_angle_product,351,1,0,-0.3740239353251029
holdout,quantum_angle_product,353,1,0,-1.357995386607958
holdout,quantum_angle_product,356,0,0,-0.07554962870016357
holdout,quantum_angle_product,363,0,0,-1.57217122417173
holdout,quantum_angle_product,366,1,0,-0.3083676927679351
holdout,quantum_angle_product,373,0,0,-1.0387669227747454
holdout,quantum_angle_product,377,0,0,-0.16038225154257635
holdout,quantum_angle_product,380,0,0,-0.09596210828171525
holdout,quantum_angle_product,394,0,0,-1.1684626410045569
holdout,quantum_angle_product,404,0,0,-1.554822769297762
holdout,quantum_angle_product,408,1,1,3.047950848667692
holdout,quantum_angle_product,412,0,0,-0.5704291537897079
holdout,quantum_angle_product,414,0,0,-0.40759673996881407
holdout,quantum_angle_product,417,0,0,-0.9855973454617315
holdout,quantum_angle_product,424,0,0,-0.15390303577753617
holdout,quantum_angle_product,429,0,1,0.6017418839668762
holdout,quantum_angle_product,437,0,0,-1.041950619320052
holdout,quantum_angle_product,441,1,0,-0.7443302398853477
holdout,quantum_angle_product,445,0,0,-0.8651315393370469
holdout,quantum_angle_product,450,0,0,-0.540576065430959
holdout,quantum_angle_product,451,0,1,0.31367206180824336
holdout,quantum_angle_product,454,1,1,2.4773644544874953
holdout,quantum_angle_product,458,0,1,3.1382798048528384
holdout,quantum_angle_product,471,0,1,3.8540540788094786
holdout,quantum_angle_product,476,0,0,-0.667210749962881
holdout,quantum_angle_product,477,0,0,-1.9680488286355358
holdout,quantum_angle_product,483,0,0,-0.5895827008058534
holdout,quantum_angle_product,486,0,0,-0.9558238827330188
holdout,quantum_angle_product,496,1,0,-0.8881965666638125
holdout,quantum_angle_product,502,0,0,-0.26634344908747654
holdout,quantum_angle_product,508,0,0,-0.8403705155066534
holdout,quantum_angle_product,519,0,0,-1.1736324572786048
holdout,quantum_angle_product,520,0,0,-1.399231802836927
holdout,quantum_angle_product,533,0,1,0.524630986829389
holdout,quantum_angle_product,536,0,0,-0.10741023076237344
holdout,quantum_angle_product,537,0,0,-1.2172894261967615
holdout,quantum_angle_product,542,1,0,-1.452910418902282
holdout,quantum_angle_product,546,0,0,-0.41785141220301103
holdout,quantum_angle_product,550,0,0,-0.8143765947527202
holdout,quantum_angle_product,551,0,0,-0.6497563692257318
holdout,quantum_angle_product,563,0,1,0.5234577228470512
holdout,quantum_angle_product,565,1,0,-0.5965216914228977
holdout,quantum_angle_product,566,0,0,-0.8947171326494656
holdout,quantum_angle_product,575,0,0,-0.4175054310694195
holdout,quantum_angle_product,584,0,0,-0.2529891791326877
holdout,quantum_angle_product,589,1,1,1.2894360439625343
holdout,quantum_angle_product,595,0,0,-1.1997038664719542
holdout,quantum_angle_product,609,0,0,-1.4600507451822198
holdout,quantum_angle_product,614,0,0,-0.33357774841163224
holdout,quantum_angle_product,628,0,0,-1.704014767726382
holdout,quantum_angle_product,637,1,0,-1.50968672340601
holdout,quantum_angle_product,644,1,0,-1.3686425330303296
holdout,quantum_angle_product,654,0,1,0.25702950599305563
holdout,quantum_angle_product,669,0,0,-0.5532994636488882
holdout,quantum_angle_product,672,0,0,-0.6568263177340343
holdout,quantum_angle_product,675,0,1,0.9362302387463712
holdout,quantum_angle_product,682,0,0,-0.42256240533062783
holdout,quantum_angle_product,695,1,0,-1.9138401172494257
holdout,quantum_angle_product,711,0,1,0.08859588731651069
holdout,quantum_angle_product,722,0,0,-0.788244480711616
holdout,quantum_angle_product,725,1,0,-0.23381047867552684
holdout,quantum_angle_product,732,0,1,0.006957919570576898
holdout,quantum_angle_product,763,0,0,-1.1550445917135237
holdout,quantum_angle_product,769,0,1,0.7941772241612268
holdout,quantum_angle_product,777,0,0,-1.5846430104646076
holdout,quantum_angle_product,783,0,1,0.037537282540237804
holdout,quantum_angle_product,792,0,1,0.08716812717362199
holdout,quantum_angle_product,793,1,0,-1.6902069071084798
holdout,quantum_angle_product,795,1,1,4.388823118483923
holdout,quantum_angle_product,796,0,0,-1.7183601488303468
holdout,quantum_angle_product,799,0,1,0.5687911663776317
holdout,quantum_angle_product,802,0,0,-0.6273867219924698
holdout,quantum_angle_product,817,0,0,-0.9055647601089065
holdout,quantum_angle_product,822,0,0,-1.436991712850376
holdout,quantum_angle_product,837,0,0,-0.8101649986042121
holdout,quantum_angle_product,839,0,0,-1.127007727555129
holdout,quantum_angle_product,861,1,0,-0.5166268533404734
holdout,quantum_angle_product,882,0,0,-1.5865314329778544
holdout,quantum_angle_product,883,1,1,1.8324023964474732
holdout,quantum_angle_product,884,0,0,-0.6077776259821421
holdout,quantum_angle_product,885,0,0,-0.11008926554420828
holdout,quantum_angle_product,886,0,0,-0.8371512042168279
holdout,quantum_angle_product,896,0,0,-0.44950650193057573
holdout,quantum_angle_product,906,0,0,-1.1718300958872776
holdout,quantum_angle_product,912,0,0,-1.2075147124038113
holdout,quantum_angle_product,914,1,1,3.139807376614992
holdout,quantum_angle_product,921,0,0,-0.39966243569766835
holdout,quantum_angle_product,935,0,0,-0.3673218135816869
holdout,quantum_angle_product,937,0,1,0.015331230116781391
holdout,quantum_angle_product,938,0,0,-0.2826030286432131
holdout,quantum_angle_product,939,1,0,-0.2616566111791103
holdout,quantum_angle_product,948,1,1,0.581065196553264
holdout,quantum_angle_product,951,0,1,0.06699095526404175
holdout,quantum_angle_product,953,0,0,-0.2054520161008968
holdout,quantum_angle_product,956,0,1,0.6102370710968144
holdout,quantum_angle_product,958,0,0,-1.987869058884617
holdout,quantum_angle_product,965,0,1,0.1753846595621935
holdout,quantum_angle_product,969,0,0,-0.23750829114813587
holdout,quantum_angle_product,971,1,1,1.1107654185776807
holdout,quantum_angle_product,974,0,0,-0.17812943314995255
holdout,quantum_angle_product,976,0,0,-1.4088400273688437
holdout,quantum_angle_product,981,0,0,-0.730077153306941
holdout,quantum_angle_product,990,0,0,-0.8949297938836667
holdout,quantum_angle_product,995,0,0,-0.9813547761193506
holdout,quantum_angle_product,1007,0,0,-0.8159742620572858
holdout,quantum_angle_product,1010,0,1,1.3977408171450731
holdout,quantum_angle_product,1012,0,0,-0.47111157569797957
holdout,quantum_angle_product,1013,0,1,0.10382037831005686
holdout,quantum_angle_product,1016,1,0,-1.1527995828976048
holdout,quantum_angle_product,1030,0,0,-0.27436008864315387
external,quantum_angle_product,39,0,0,-1.059774583475634
external,quantum_angle_product,63,0,0,-0.4128292113483285
external,quantum_angle_product,65,1,1,3.27597202949418
external,quantum_angle_product,84,1,1,5.405719427175593
external,quantum_angle_product,86,1,1,2.82161483557159
external,quantum_angle_product,89,0,0,-0.9506004401668138
external,quantum_angle_product,102,0,0,-0.2813539323765797
external,quantum_angle_product,125,0,0,-0.21172900780634496
external,quantum_angle_product,137,0,0,-1.3308173117864515
external,quantum_angle_product,159,1,1,0.7172324572988016
external,quantum_angle_product,167,1,1,2.9579062855438094
external,quantum_angle_product,184,1,1,0.8751861974898061
external,quantum_angle_product,200,0,0,-1.8606315950294645
external,quantum_angle_product,273,1,0,-0.32776468661645186
external,quantum_angle_product,285,0,0,-1.2738536474751543
external,quantum_angle_product,297,0,0,-0.41885864347306256
external,quantum_angle_product,303,1,0,-0.8869053734581955
external,quantum_angle_product,304,1,0,-0.838569193814739
external,quantum_angle_product,335,0,0,-0.349602714325262
external,quantum_angle_product,342,0,0,-0.5951850540713979
external,quantum_angle_product,352,0,0,-0.32120356432752306
external,quantum_angle_product,367,1,1,0.28163959945363626
external,quantum_angle_product,378,0,0,-1.0663399724497724
external,quantum_angle_product,387,1,0,-2.232735549994506
external,quantum_angle_product,400,0,0,-0.8191819442349315
external,quantum_angle_product,402,0,0,-1.1702600546679394
external,quantum_angle_product,409,1,1,1.7367459727487455
external,quantum_angle_product,410,1,0,-1.680715438799969
external,quantum_angle_product,418,0,0,-0.7442484764394139
external,quantum_angle_product,421,0,0,-0.9864918250293515
external,quantum_angle_product,436,1,1,0.42052252595574213
external,quantum_angle_product,448,0,0,-0.6256677848902159
external,quantum_angle_product,459,1,0,-0.6315588349711918
external,quantum_angle_product,461,1,0,-0.06709716539184729
external,quantum_angle_product,473,0,0,-1.5909001782952616
external,quantum_angle_product,484,0,0,-0.11102697395573546
external,quantum_angle_product,487,0,1,0.1078263573440763
external,quantum_angle_product,491,0,0,-1.3308753681854357
external,quantum_angle_product,497,0,0,-0.9852991823052166
external,quantum_angle_product,507,0,0,-0.7777818970348749
external,quantum_angle_product,510,0,0,-0.3337460399253773
external,quantum_angle_product,511,0,0,-0.7791916754727781
external,quantum_angle_product,526,0,0,-0.8530432905123648
external,quantum_angle_product,534,0,0,-0.9151235009670886
external,quantum_angle_product,538,1,1,0.8351226339164368
external,quantum_angle_product,539,1,1,1.355158388772007
external,quantum_angle_product,543,0,0,-1.9579361753547646
external,quantum_angle_product,547,0,0,-0.961168199328303
external,quantum_angle_product,564,1,0,-1.528202263843629
external,quantum_angle_product,577,0,0,-0.642125549814712
external,quantum_angle_product,581,0,0,-1.495763128639756
external,quantum_angle_product,586,0,1,0.7277278322744207
external,quantum_angle_product,596,0,0,-1.3792512376443442
external,quantum_angle_product,597,0,0,-1.375748204649189
external,quantum_angle_product,601,0,0,-1.1805086228223063
external,quantum_angle_product,607,1,0,-0.9300642478601633
external,quantum_angle_product,610,0,0,-1.5540780831816408
external,quantum_angle_product,618,1,1,0.049120137499993
external,quantum_angle_product,629,0,0,-1.448736225101574
external,quantum_angle_product,639,0,1,0.3277787015522433
external,quantum_angle_product,643,0,0,-0.8517314196152386
external,quantum_angle_product,648,0,0,-0.7877173463368949
external,quantum_angle_product,660,0,0,-1.1880003131129415
external,quantum_angle_product,663,0,0,-1.280187483362643
external,quantum_angle_product,665,1,0,-0.6891497806148736
external,quantum_angle_product,668,0,0,-1.8479795219255282
external,quantum_angle_product,671,1,0,-1.1676984925464824
external,quantum_angle_product,676,0,0,-0.7183731024352271
external,quantum_angle_product,677,0,0,-0.23554911169178627
external,quantum_angle_product,684,1,0,-1.7083165766132327
external,quantum_angle_product,702,0,1,1.2064719570369773
external,quantum_angle_product,705,0,0,-0.08774975878400415
external,quantum_angle_product,784,1,0,-0.7219911782352044
external,quantum_angle_product,801,0,0,-1.2553970428632413
external,quantum_angle_product,825,0,0,-0.374513582223746
external,quantum_angle_product,852,0,1,0.3715999523700573
external,quantum_angle_product,854,0,0,-1.638409482694148
external,quantum_angle_product,857,0,1,0.04578913154152087
external,quantum_angle_product,881,0,1,0.23781651129255987
external,quantum_angle_product,890,0,0,-1.24152287933767
external,quantum_angle_product,955,0,1,1.4387532474956215
external,quantum_angle_product,980,0,0,-1.1162901835313805
external,quantum_angle_product,985,0,0,-0.24059407013443934
external,quantum_angle_product,987,0,0,-2.192408643040541
external,quantum_angle_product,988,1,0,-0.904187761398636
external,quantum_angle_product,989,0,0,-0.6428784428240322
external,quantum_angle_product,992,0,0,-0.5490401714501347
external,quantum_angle_product,1011,1,1,4.289168481985835
external,quantum_angle_product,1031,0,1,1.5365601541172493
holdout,quantum_iqp_zz_linear,1,0,0,-0.3529709681874489
holdout,quantum_iqp_zz_linear,2,0,0,-1.2899221288500438
holdout,quantum_iqp_zz_linear,4,1,0,-0.3800650884298179
holdout,quantum_iqp_zz_linear,18,1,1,2.8640665024687975
holdout,quantum_iqp_zz_linear,19,0,0,-0.8786092571101979
holdout,quantum_iqp_zz_linear,20,0,0,-0.687402619201036
holdout,quantum_iqp_zz_linear,27,0,0,-1.316796196527513
holdout,quantum_iqp_zz_linear,31,0,0,-1.0753409895993027
holdout,quantum_iqp_zz_linear,37,0,0,-0.46606693063917015
holdout,quantum_iqp_zz_linear,42,0,0,-0.9512081499722101
holdout,quantum_iqp_zz_linear,44,0,0,-1.1653928271223872
holdout,quantum_iqp_zz_linear,46,0,1,2.526482133075059
holdout,quantum_iqp_zz_linear,62,0,0,-1.0531502468352212
holdout,quantum_iqp_zz_linear,66,1,0,-0.8569999072373703
holdout,quantum_iqp_zz_linear,80,0,0,-0.6882771664871546
holdout,quantum_iqp_zz_linear,92,1,0,-0.9114642692869409
holdout,quantum_iqp_zz_linear,93,0,0,-0.8905610427829483
holdout,quantum_iqp_zz_linear,96,1,1,2.5204458614803755
holdout,quantum_iqp_zz_linear,97,1,0,-0.48202929499116876
holdout,quantum_iqp_zz_linear,101,0,0,-0.8984683973292663
holdout,quantum_iqp_zz_linear,106,1,1,2.0666043632808284
holdout,quantum_iqp_zz_linear,111,0,0,-1.266710641042751
holdout,quantum_iqp_zz_linear,132,1,1,2.7470427800477344
holdout,quantum_iqp_zz_linear,138,0,0,-0.7937648994334047
holdout,quantum_iqp_zz_linear,141,0,0,-1.2961262307525896
holdout,quantum_iqp_zz_linear,146,1,1,1.4006533030631068
holdout,quantum_iqp_zz_linear,147,0,0,-0.836520152514996
holdout,quantum_iqp_zz_linear,148,1,1,1.2937092155679868
holdout,quantum_iqp_zz_linear,149,0,0,-1.3416176416780172
holdout,quantum_iqp_zz_linear,154,1,1,0.9781943867953692
holdout,quantum_iqp_zz_linear,163,1,1,2.1640533224611396
holdout,quantum_iqp_zz_linear,168,0,0,-0.8495398826815205
holdout,quantum_iqp_zz_linear,172,0,1,2.0847923737515943
holdout,quantum_iqp_zz_linear,176,0,0,-0.9890567328193433
holdout,quantum_iqp_zz_linear,185,0,1,1.7077256592554129
holdout,quantum_iqp_zz_linear,186,1,1,2.84203852246418
holdout,quantum_iqp_zz_linear,197,1,1,2.815781765515835
holdout,quantum_iqp_zz_linear,198,0,0,-1.3343666580743063
holdout,quantum_iqp_zz_linear,209,1,1,2.779561654183404
holdout,quantum_iqp_zz_linear,210,1,1,2.4632115459397377
holdout,quantum_iqp_zz_linear,229,1,0,-0.7681925191932432
holdout,quantum_iqp_zz_linear,235,1,0,-0.9091489045564184
holdout,quantum_iqp_zz_linear,239,0,0,-0.4599851622452392
holdout,quantum_iqp_zz_linear,244,0,0,-1.435540245750806
holdout,quantum_iqp_zz_linear,246,1,1,2.98288519776584
holdout,quantum_iqp_zz_linear,251,1,0,-0.8385012210497326
holdout,quantum_iqp_zz_linear,252,0,0,-1.0876188457961318
holdout,quantum_iqp_zz_linear,256,1,1,2.6270774665760217
holdout,quantum_iqp_zz_linear,258,0,0,-1.4399330917031015
holdout,quantum_iqp_zz_linear,262,1,1,2.2770601456638158
holdout,quantum_iqp_zz_linear,266,1,1,2.737312405463596
holdout,quantum_iqp_zz_linear,271,0,0,-0.9803734696197314
holdout,quantum_iqp_zz_linear,272,0,0,-1.3053009351346274
holdout,quantum_iqp_zz_linear,275,1,1,2.702713770126761
holdout,quantum_iqp_zz_linear,277,1,0,-0.3732608687806044
holdout,quantum_iqp_zz_linear,279,0,0,-0.8396015022143094
holdout,quantum_iqp_zz_linear,281,1,0,-0.6347521575692116
holdout,quantum_iqp_zz_linear,283,1,1,3.0593851097149614
holdout,quantum_iqp_zz_linear,286,0,0,-0.8960112474319165
holdout,quantum_iqp_zz_linear,287,0,0,-1.2909089765844142
holdout,quantum_iqp_zz_linear,291,1,1,2.4357358976088213
holdout,quantum_iqp_zz_linear,309,0,0,-0.9670052184025061
holdout,quantum_iqp_zz_linear,316,0,0,-0.4836628478108841
holdout,quantum_iqp_zz_linear,323,0,0,-0.9777571263865831
holdout,quantum_iqp_zz_linear,326,1,1,0.9097518177809377
holdout,quantum_iqp_zz_linear,327,0,0,-0.6721264016868199
holdout,quantum_iqp_zz_linear,341,1,0,-0.23663628010034976
holdout,quantum_iqp_zz_linear,348,0,0,-0.8385263694204
holdout,quantum_iqp_zz_linear,349,1,0,-1.7232295436126321
holdout,quantum_iqp_zz_linear,351,1,0,-0.4487606205646185
holdout,quantum_iqp_zz_linear,353,1,0,-1.3584802284989426
holdout,quantum_iqp_zz_linear,356,0,0,-0.0918775527344603
holdout,quantum_iqp_zz_linear,363,0,0,-1.5841493981026136
holdout,quantum_iqp_zz_linear,366,1,0,-0.23450556379575482
holdout,quantum_iqp_zz_linear,373,0,0,-1.1035780216726345
holdout,quantum_iqp_zz_linear,377,0,0,-0.23396812504030506
holdout,quantum_iqp_zz_linear,380,0,0,-0.21923201514251256
holdout,quantum_iqp_zz_linear,394,0,0,-1.2080404343056932
holdout,quantum_iqp_zz_linear,404,0,0,-1.4723817445521563
holdout,quantum_iqp_zz_linear,408,1,1,2.333113337229855
holdout,quantum_iqp_zz_linear,412,0,0,-0.6610461397505235
holdout,quantum_iqp_zz_linear,414,0,0,-0.4798558970476777
holdout,quantum_iqp_zz_linear,417,0,0,-0.9163915016203398
holdout,quantum_iqp_zz_linear,424,0,0,-0.1910501821106224
holdout,quantum_iqp_zz_linear,429,0,1,0.7397922655698638
holdout,quantum_iqp_zz_linear,437,0,0,-1.0110838942648868
holdout,quantum_iqp_zz_linear,441,1,0,-0.7429734198999035
holdout,quantum_iqp_zz_linear,445,0,0,-0.8281072288102128
holdout,quantum_iqp_zz_linear,450,0,0,-0.5902485818169959
holdout,quantum_iqp_zz_linear,451,0,1,0.26333979487295733
holdout,quantum_iqp_zz_linear,454,1,1,1.9602870972930333
holdout,quantum_iqp_zz_linear,458,0,1,2.6976981966442444
holdout,quantum_iqp_zz_linear,471,0,1,3.1299750834820563
holdout,quantum_iqp_zz_linear,476,0,0,-0.6678296010431285
holdout,quantum_iqp_zz_linear,477,0,0,-1.95158302434639
holdout,quantum_iqp_zz_linear,483,0,0,-0.611049980233347
holdout,quantum_iqp_zz_linear,486,0,0,-0.8911838441572938
holdout,quantum_iqp_zz_linear,496,1,0,-0.9081569051484412
holdout,quantum_iqp_zz_linear,502,0,0,-0.30429466662540217
holdout,quantum_iqp_zz_linear,508,0,0,-0.8573708239665107
holdout,quantum_iqp_zz_linear,519,0,0,-1.135563164566456
holdout,quantum_iqp_zz_linear,520,0,0,-1.3786252845178115
holdout,quantum_iqp_zz_linear,533,0,1,0.5202307058137973
holdout,quantum_iqp_zz_linear,536,0,0,-0.11405979655750953
holdout,quantum_iqp_zz_linear,537,0,0,-1.2022159928003946
holdout,quantum_iqp_zz_linear,542,1,0,-1.4691236578989488
holdout,quantum_iqp_zz_linear,546,0,0,-0.4378885987787188
holdout,quantum_iqp_zz_linear,550,0,0,-0.9130234965200618
holdout,quantum_iqp_zz_linear,551,0,0,-0.6131883445395973
holdout,quantum_iqp_zz_linear,563,0,1,0.5358230295073988
holdout,quantum_iqp_zz_linear,565,1,0,-0.5659109402303347
holdout,quantum_iqp_zz_linear,566,0,0,-0.9143853098517757
holdout,quantum_iqp_zz_linear,575,0,0,-0.3801737225086851
holdout,quantum_iqp_zz_linear,584,0,0,-0.23734652472726048
holdout,quantum_iqp_zz_linear,589,1,1,1.3253921547025573
holdout,quantum_iqp_zz_linear,595,0,0,-1.2371869591317464
holdout,quantum_iqp_zz_linear,609,0,0,-1.3573219519271333
holdout,quantum_iqp_zz_linear,614,0,0,-0.3345612966157524
holdout,quantum_iqp_zz_linear,628,0,0,-1.6362795159440973
holdout,quantum_iqp_zz_linear,637,1,0,-1.486584374302967
holdout,quantum_iqp_zz_linear,644,1,0,-1.369437559779175
holdout,quantum_iqp_zz_linear,654,0,1,0.2872537972046779
holdout,quantum_iqp_zz_linear,669,0,0,-0.5872752581190072
holdout,quantum_iqp_zz_linear,672,0,0,-0.6762886705060686
holdout,quantum_iqp_zz_linear,675,0,1,0.9141666614013774
holdout,quantum_iqp_zz_linear,682,0,0,-0.43443438135275525
holdout,quantum_iqp_zz_linear,695,1,0,-1.828808501075191
holdout,quantum_iqp_zz_linear,711,0,1,0.16031363315850322
holdout,quantum_iqp_zz_linear,722,0,0,-0.7905398878241671
holdout,quantum_iqp_zz_linear,725,1,0,-0.09252084737517008
holdout,quantum_iqp_zz_linear,732,0,1,0.03733964831348302
holdout,quantum_iqp_zz_linear,763,0,0,-1.1681983099171167
holdout,quantum_iqp_zz_linear,769,0,0,-0.2744965410570407
holdout,quantum_iqp_zz_linear,777,0,0,-1.5804534604999514
holdout,quantum_iqp_zz_linear,783,0,1,0.06946335122420633
holdout,quantum_iqp_zz_linear,792,0,1,0.06277617672015079
holdout,quantum_iqp_zz_linear,793,1,0,-1.7037879133012206
holdout,quantum_iqp_zz_linear,795,1,1,3.7024603092670745
holdout,quantum_iqp_zz_linear,796,0,0,-1.7148041457990102
holdout,quantum_iqp_zz_linear,799,0,1,0.6761410895482837
holdout,quantum_iqp_zz_linear,802,0,0,-0.6929946088837339
holdout,quantum_iqp_zz_linear,817,0,0,-0.8342518261733322
holdout,quantum_iqp_zz_linear,822,0,0,-1.4871981542544401
holdout,quantum_iqp_zz_linear,837,0,0,-1.0792598714317143
holdout,quantum_iqp_zz_linear,839,0,0,-1.2155601443363717
holdout,quantum_iqp_zz_linear,861,1,0,-1.0005395537727915
holdout,quantum_iqp_zz_linear,882,0,0,-1.7881328805977073
holdout,quantum_iqp_zz_linear,883,1,1,1.774893277610015
holdout,quantum_iqp_zz_linear,884,0,0,-0.7076566689351481
holdout,quantum_iqp_zz_linear,885,0,0,-0.16571169071976455
holdout,quantum_iqp_zz_linear,886,0,0,-1.4893853745651309
holdout,quantum_iqp_zz_linear,896,0,0,-0.6635332671882942
holdout,quantum_iqp_zz_linear,906,0,0,-1.1258583707286371
holdout,quantum_iqp_zz_linear,912,0,0,-1.193687914173287
holdout,quantum_iqp_zz_linear,914,1,1,2.639647836239819
holdout,quantum_iqp_zz_linear,921,0,0,-0.36075438337247834
holdout,quantum_iqp_zz_linear,935,0,0,-0.47446456473296805
holdout,quantum_iqp_zz_linear,937,0,0,-0.10677909624500115
holdout,quantum_iqp_zz_linear,938,0,0,-0.2160552206125529
holdout,quantum_iqp_zz_linear,939,1,0,-0.2910879774735019
holdout,quantum_iqp_zz_linear,948,1,0,-0.008228618022932399
holdout,quantum_iqp_zz_linear,951,0,0,-0.061324036354260536
holdout,quantum_iqp_zz_linear,953,0,0,-0.15715918774387572
holdout,quantum_iqp_zz_linear,956,0,1,0.6863546249904163
holdout,quantum_iqp_zz_linear,958,0,0,-1.8145809001674906
holdout,quantum_iqp_zz_linear,965,0,1,0.13095390592422385
holdout,quantum_iqp_zz_linear,969,0,0,-0.2561507026072799
holdout,quantum_iqp_zz_linear,971,1,1,1.1509191704918051
holdout,quantum_iqp_zz_linear,974,0,0,-0.06804959298001478
holdout,quantum_iqp_zz_linear,976,0,0,-1.432619705793067
holdout,quantum_iqp_zz_linear,981,0,0,-0.7612782531791346
holdout,quantum_iqp_zz_linear,990,0,0,-0.8652832386664945
holdout,quantum_iqp_zz_linear,995,0,0,-1.0256684657422568
holdout,quantum_iqp_zz_linear,1007,0,0,-0.7230242645759076
holdout,quantum_iqp_zz_linear,1010,0,1,1.412405115081484
holdout,quantum_iqp_zz_linear,1012,0,0,-0.44335566633000145
holdout,quantum_iqp_zz_linear,1013,0,0,-0.030326248183864757
holdout,quantum_iqp_zz_linear,1016,1,0,-1.1266913993595207
holdout,quantum_iqp_zz_linear,1030,0,0,-0.3752622393217405
external,quantum_iqp_zz_linear,39,0,0,-1.094706111802731
external,quantum_iqp_zz_linear,63,0,0,-0.31548873452342285
external,quantum_iqp_zz_linear,65,1,1,2.6651595366205205
external,quantum_iqp_zz_linear,84,1,1,1.7765741269313424
external,quantum_iqp_zz_linear,86,1,1,2.1924192732416037
external,quantum_iqp_zz_linear,89,0,0,-0.9517606122597974
external,quantum_iqp_zz_linear,102,0,0,-0.35838129156321863
external,quantum_iqp_zz_linear,125,0,0,-0.2777590853322499
external,quantum_iqp_zz_linear,137,0,0,-1.319908857545291
external,quantum_iqp_zz_linear,159,1,1,0.7825470832435312
external,quantum_iqp_zz_linear,167,1,1,2.4472232708366572
external,quantum_iqp_zz_linear,184,1,1,0.9530113907069498
external,quantum_iqp_zz_linear,200,0,0,-1.8273701662953843
external,quantum_iqp_zz_linear,273,1,0,-0.3958938214079911
external,quantum_iqp_zz_linear,285,0,0,-1.2637513015008395
external,quantum_iqp_zz_linear,297,0,0,-0.44372518548021767
external,quantum_iqp_zz_linear,303,1,0,-0.827574232506694
external,quantum_iqp_zz_linear,304,1,0,-0.8804601102853905
external,quantum_iqp_zz_linear,335,0,0,-0.42855105056610665
external,quantum_iqp_zz_linear,342,0,0,-0.9682018515746522
external,quantum_iqp_zz_linear,352,0,0,-0.28363739108248176
external,quantum_iqp_zz_linear,367,1,1,0.34696048392219436
external,quantum_iqp_zz_linear,378,0,0,-1.0216622593369484
external,quantum_iqp_zz_linear,387,1,0,-2.156026334595352
external,quantum_iqp_zz_linear,400,0,0,-0.8288466020115931
external,quantum_iqp_zz_linear,402,0,0,-0.9812024866759271
external,quantum_iqp_zz_linear,409,1,1,1.8369308538496716
external,quantum_iqp_zz_linear,410,1,0,-1.6347921615260335
external,quantum_iqp_zz_linear,418,0,0,-0.8211265883391002
external,quantum_iqp_zz_linear,421,0,0,-1.0310871623204196
external,quantum_iqp_zz_linear,436,1,1,0.24749721674823044
external,quantum_iqp_zz_linear,448,0,0,-0.5834140467158765
external,quantum_iqp_zz_linear,459,1,0,-0.5334640723002583
external,quantum_iqp_zz_linear,461,1,0,-0.19176876186152925
external,quantum_iqp_zz_linear,473,0,0,-1.6284112875203842
external,quantum_iqp_zz_linear,484,0,0,-0.18301473633112375
external,quantum_iqp_zz_linear,487,0,1,0.06351618519289504
external,quantum_iqp_zz_linear,491,0,0,-1.2778375539029776
external,quantum_iqp_zz_linear,497,0,0,-0.9544359342736183
external,quantum_iqp_zz_linear,507,0,0,-0.8926490968460709
external,quantum_iqp_zz_linear,510,0,0,-0.3633376025769862
external,quantum_iqp_zz_linear,511,0,0,-0.7551327463495482
external,quantum_iqp_zz_linear,526,0,0,-0.8497879327398855
external,quantum_iqp_zz_linear,534,0,0,-1.0259746220411587
external,quantum_iqp_zz_linear,538,1,1,0.8649580465309364
external,quantum_iqp_zz_linear,539,1,1,1.4970437696040713
external,quantum_iqp_zz_linear,543,0,0,-1.8055923710430282
external,quantum_iqp_zz_linear,547,0,0,-0.9682025724785445
external,quantum_iqp_zz_linear,564,1,0,-1.479701303422098
external,quantum_iqp_zz_linear,577,0,0,-0.6181772285027908
external,quantum_iqp_zz_linear,581,0,0,-1.50798561552064
external,quantum_iqp_zz_linear,586,0,1,0.7281534753109459
external,quantum_iqp_zz_linear,596,0,0,-1.3569794361246106
external,quantum_iqp_zz_linear,597,0,0,-1.3962308413436473
external,quantum_iqp_zz_linear,601,0,0,-1.1122200189102602
external,quantum_iqp_zz_linear,607,1,0,-0.9591453760881367
external,quantum_iqp_zz_linear,610,0,0,-1.446629850428196
external,quantum_iqp_zz_linear,618,1,1,0.0063378782028747915
external,quantum_iqp_zz_linear,629,0,0,-1.3273746194665685
external,quantum_iqp_zz_linear,639,0,1,0.3155472510993097
external,quantum_iqp_zz_linear,643,0,0,-0.9652620308700689
external,quantum_iqp_zz_linear,648,0,0,-0.8615048031106404
external,quantum_iqp_zz_linear,660,0,0,-1.209766551697427
external,quantum_iqp_zz_linear,663,0,0,-1.3639838501558175
external,quantum_iqp_zz_linear,665,1,0,-0.7954989990096838
external,quantum_iqp_zz_linear,668,0,0,-1.8080448173716448
external,quantum_iqp_zz_linear,671,1,0,-1.1908997741689373
external,quantum_iqp_zz_linear,676,0,0,-0.6972458535572273
external,quantum_iqp_zz_linear,677,0,0,-0.21369378578842302
external,quantum_iqp_zz_linear,684,1,0,-1.6785455502805928
external,quantum_iqp_zz_linear,702,0,1,1.2531324531721069
external,quantum_iqp_zz_linear,705,0,0,-0.07509914483561586
external,quantum_iqp_zz_linear,784,1,0,-0.7454984575125928
external,quantum_iqp_zz_linear,801,0,0,-1.2153309344689602
external,quantum_iqp_zz_linear,825,0,0,-0.31239521584825936
external,quantum_iqp_zz_linear,852,0,1,0.3639316448353659
external,quantum_iqp_zz_linear,854,0,0,-1.7959519099344559
external,quantum_iqp_zz_linear,857,0,1,0.0033561341569608993
external,quantum_iqp_zz_linear,881,0,1,0.33548862812141855
external,quantum_iqp_zz_linear,890,0,0,-1.1841812286708957
external,quantum_iqp_zz_linear,955,0,1,1.44380852276602
external,quantum_iqp_zz_linear,980,0,0,-1.117016666823452
external,quantum_iqp_zz_linear,985,0,0,-0.2248824747304653
external,quantum_iqp_zz_linear,987,0,0,-1.8445271953833768
external,quantum_iqp_zz_linear,988,1,0,-0.9572829715019554
external,quantum_iqp_zz_linear,989,0,0,-0.6179447583711367
external,quantum_iqp_zz_linear,992,0,0,-0.5313407653226788
external,quantum_iqp_zz_linear,1011,1,1,3.6134427086431424
external,quantum_iqp_zz_linear,1031,0,1,1.1573943968525309
