ID,name,BUTINA_CLUSTER_ID,MODEL,OUTER_FOLD,LABEL,SCORE,THRESHOLD,MARGIN,PRED
3,Benzoic acid,108,logistic,1,0,0.2055421228617677,0.5760642101502049,-0.3705220872884372,0
13,Formothion (Ref: SAN 6913I),109,logistic,1,1,0.9520478829401164,0.5760642101502049,0.3759836727899115,1
22,"2,3,4,5,6-Pentachlorophenol",456,logistic,1,0,0.5708318657818673,0.5760642101502049,-0.005232344368337638,0
24,Warfarin,455,logistic,1,0,0.3180695742494141,0.5760642101502049,-0.2579946359007908,0
25,1-Naphthalenol methylcarbamate,12,logistic,1,1,0.27018769647472496,0.5760642101502049,-0.30587651367547997,0
35,"Benzoic acid, Methyl ester",108,logistic,1,0,0.1964272890303042,0.5760642101502049,-0.3796369211199007,0
43,2-Chloro-N-(1-methylethyl)-N-phenylacetamide,6,logistic,1,0,0.3147019594654795,0.5760642101502049,-0.2613622506847254,0
53,Alpha-terpinoline,447,logistic,1,0,0.3654544381897414,0.5760642101502049,-0.21060977196046354,0
65,"2-[(Dimethoxyphosphinothioyl)thio]butanedioic acid 1,4-diethyl ester",168,logistic,1,1,0.9775897145981728,0.5760642101502049,0.40152550444796786,1
68,"1,2,3,4-Tetrahydronaphthalene",445,logistic,1,1,0.2502937712366428,0.5760642101502049,-0.3257704389135621,0
70,"As,As-Dimethylarsinic acid",166,logistic,1,0,0.1384707548462111,0.5760642101502049,-0.43759345530399385,0
72,"2-(1-Methylethoxy)phenol, 1-(N-Methylcarbamate)",12,logistic,1,1,0.2645452531200645,0.5760642101502049,-0.31151895703014043,0
75,"2-Aminobenzoic acid, Methyl ester",108,logistic,1,0,0.2281300894264168,0.5760642101502049,-0.34793412072378815,0
88,1-Naphthaleneacetic acid,12,logistic,1,0,0.21491598661370356,0.5760642101502049,-0.36114822353650133,0
89,2-Chloro-N-(ethoxymethyl)-N-(2-ethyl-6-methylphenyl)acetamide,6,logistic,1,0,0.27134855289886534,0.5760642101502049,-0.3047156572513396,0
110,DNOC (Ref: ENT 154),41,logistic,1,0,0.2286716387854371,0.5760642101502049,-0.34739257136476787,0
129,Abamectin (Ref: MK 936),58,logistic,1,1,0.9426840893929128,0.5760642101502049,0.3666198792427079,1
133,"Phosphoric acid 1,2-dibromo-2,2-dichloroethyl dimethyl ester",432,logistic,1,1,0.9810963845667683,0.5760642101502049,0.40503217441656336,1
144,"2-Cyclohexyl-4,6-dinitrophenol",41,logistic,1,0,0.4494804983124612,0.5760642101502049,-0.12658371183774375,0
153,Dinobuton (Ref: OMS 1056),41,logistic,1,0,0.5787339295446474,0.5760642101502049,0.0026697193944424935,1
155,"2-(1-Methylpropyl)-4,6-dinitrophenol",41,logistic,1,0,0.2792334153555975,0.5760642101502049,-0.29683079479460744,0
168,"2-Chloro-9-hydroxy-9H-fluorene-9-carboxylic acid, Methyl ester",424,logistic,1,0,0.34551582056736596,0.5760642101502049,-0.23054838958283896,0
171,Dinocap (Ref: ENT 24727),41,logistic,1,1,0.5135258893768094,0.5760642101502049,-0.0625383207733955,0
197,"alpha-[(Dimethoxyphosphinothioyl)thio] benzeneacetic acid, Ethyl ester",168,logistic,1,1,0.984470315664807,0.5760642101502049,0.4084061055146021,1
205,Binapacryl (Ref: FMC 9044),41,logistic,1,0,0.49516534366545334,0.5760642101502049,-0.08089886648475159,0
209,"Phosphoric acid, 2-Chloro-3-(diethylamino)-1-methyl-3-oxo-1-propen-1-yl dimethyl ester",420,logistic,1,1,0.977012512309251,0.5760642101502049,0.4009483021590461,1
232,"2-Chloro-N-(2,6-diethylphenyl)-N-(methoxymethyl)acetamide",6,logistic,1,0,0.2624897673977123,0.5760642101502049,-0.31357444275249263,0
237,Medlure,117,logistic,1,0,0.4381436917902157,0.5760642101502049,-0.13792051835998925,0
243,"6-Methyl-1,3-dithiolo[4,5-b]quinoxalin-2-one",414,logistic,1,0,0.30295781811598754,0.5760642101502049,-0.2731063920342174,0
250,Methylarsonic acid,166,logistic,1,0,0.05696653840976127,0.5760642101502049,-0.5190976717404436,0
270,"2,3-Dihydro-2,2-dimethyl-7-benzofuranol 7-(N-methylcarbamate)",12,logistic,1,1,0.33690853895693,0.5760642101502049,-0.2391556711932749,0
272,Methoprotryne (Ref: G 36393),19,logistic,1,0,0.1822595165467062,0.5760642101502049,-0.39380469360349873,0
282,Bensulide (Ref: R 4461),406,logistic,1,1,0.9845896998835739,0.5760642101502049,0.408525489733369,1
289,Butachlor (Ref: CP 53619),6,logistic,1,0,0.2515803484837145,0.5760642101502049,-0.3244838616664904,0
303,"Benzo[b]thiophene-4-ol, 4-(N-methylcarbamate)",12,logistic,1,1,0.30516504229154673,0.5760642101502049,-0.2708991678586582,0
305,Fenclorim (Ref: CGA 123407),402,logistic,1,0,0.3411479447571077,0.5760642101502049,-0.23491626539309723,0
306,"3,5-Dibromo-4-hydroxybenzonitrile",101,logistic,1,1,0.41811264604667997,0.5760642101502049,-0.15795156410352496,0
307,"2-(1,3-Dioxolan-2-yl)phenol 1-(N-methylcarbamate)",12,logistic,1,1,0.24645889391064257,0.5760642101502049,-0.32960531623956235,0
314,Anilazine (Ref: ENT 26 058),398,logistic,1,0,0.34786416001431913,0.5760642101502049,-0.2282000501358858,0
318,Validamycin A,127,logistic,1,1,0.007370567939993852,0.5760642101502049,-0.5686936422102111,0
328,Cyclohexylethylcarbamothioic acid S-ethyl ester,395,logistic,1,1,0.4970130170566638,0.5760642101502049,-0.07905119309354114,0
345,Triazophos (Ref: HOE 002960 ),73,logistic,1,0,0.9574593554042323,0.5760642101502049,0.3813951452540274,1
346,"2,2-Dimethyl-1,3-benzodioxol-4-ol 4-(N-methylcarbamate)",12,logistic,1,1,0.32803228316152616,0.5760642101502049,-0.24803192698867876,0
350,Napropamide (Ref: R 7465),12,logistic,1,0,0.32466170697979446,0.5760642101502049,-0.25140250317041046,0
362,(E)-dodec-8-enyl acetate,36,logistic,1,0,0.22059694948718225,0.5760642101502049,-0.3554672606630227,0
366,Hydroprene (Ref: OMS 1696),79,logistic,1,1,0.3332745520774349,0.5760642101502049,-0.24278965807277003,0
367,Methoprene (Ref: OMS 1697),79,logistic,1,1,0.43591201017317455,0.5760642101502049,-0.14015219997703038,0
368,"1-[2-(2,4-Dichlorophenyl)-2-(2-propenyloxy)ethyl]-1H-imidazole",387,logistic,1,0,0.3282949046129829,0.5760642101502049,-0.24776930553722204,0
383,2-[(Ethylthio)methyl]phenol 1-(N-methylcarbamate),12,logistic,1,1,0.29949377684086476,0.5760642101502049,-0.27657043330934017,0
390,Metamitron (Ref: BAY DRW 1139),381,logistic,1,0,0.17438544261210998,0.5760642101502049,-0.40167876753809495,0
411,Dimethachlor (Ref: CGA 17020),6,logistic,1,0,0.284417014477578,0.5760642101502049,-0.2916471956726269,0
415,Isoprocarb (Ref: OMS 32),12,logistic,1,1,0.3089608525407967,0.5760642101502049,-0.26710335760940823,0
418,2-Chloro-N-(2-ethyl-6-methylphenyl)-N-(2-methoxy-1-methylethyl)acetamide,6,logistic,1,0,0.3298905063031115,0.5760642101502049,-0.24617370384709342,0
427,"N-(2,6-Dimethylphenyl)-N-(methoxyacetyl)alanine methyl ester",6,logistic,1,0,0.2866350412020044,0.5760642101502049,-0.28942916894820053,0
432,Prochloraz (Ref: BTS 40542),375,logistic,1,0,0.47992523004603876,0.5760642101502049,-0.09613898010416616,0
433,Milbemycin A4,58,logistic,1,1,0.909428436787177,0.5760642101502049,0.33336422663697207,1
445,Ofurace (Ref: AE F057623),95,logistic,1,0,0.2946701385527009,0.5760642101502049,-0.281394071597504,0
452,Pyridafenthion (Ref: ENT 23968)),73,logistic,1,1,0.9654081654406091,0.5760642101502049,0.3893439552904042,1
467,Benalaxyl (Ref: M 9834),6,logistic,1,0,0.3192264566864685,0.5760642101502049,-0.25683775346373644,0
476,Oxadixyl (Ref: SAN 371F),95,logistic,1,0,0.29762291080207504,0.5760642101502049,-0.2784412993481299,0
478,Metazachlor (Ref: BAS 47900H),6,logistic,1,0,0.24327373624778156,0.5760642101502049,-0.33279047390242333,0
488,Imazaquin (Ref: BAS 725H),26,logistic,1,1,0.3259946443192763,0.5760642101502049,-0.2500695658309286,0
507,Imazethapyr (Ref: AC 252925),26,logistic,1,0,0.27588302741262216,0.5760642101502049,-0.30018118273758276,0
509,Aclonifen (Ref: AE F068300),362,logistic,1,0,0.42902611290214593,0.5760642101502049,-0.147038097248059,0
512,Fenothiocarb (Ref: KCO 3001),361,logistic,1,0,0.3695075040968699,0.5760642101502049,-0.20655670605333504,0
521,Imazamethabenz (Ref: AC 263840),26,logistic,1,0,0.311850031095018,0.5760642101502049,-0.2642141790551869,0
530,Diflumetorim (Ref: UBF 002),358,logistic,1,1,0.37139811413616136,0.5760642101502049,-0.20466609601404356,0
531,Pretilachlor (Ref: CGA 26423),6,logistic,1,0,0.25568801247105905,0.5760642101502049,-0.3203761976791459,0
532,Imazamethabenz-methyl (Ref: AC 222293),26,logistic,1,0,0.3847303006809647,0.5760642101502049,-0.19133390946924023,0
534,Imazamox (Ref: BAS 720H),26,logistic,1,0,0.2348530065652015,0.5760642101502049,-0.34121120358500345,0
552,Diethatyl ethyl (Ref: BAY NNT 6867),6,logistic,1,0,0.24950585731823063,0.5760642101502049,-0.3265583528319743,0
564,Imidacloprid (Ref: BAY NTN 33893),47,logistic,1,1,0.17069707927655275,0.5760642101502049,-0.40536713087365217,0
573,Fenchlorazole-ethyl (Ref: HOE 070542),350,logistic,1,0,0.5778898114411508,0.5760642101502049,0.0018256012909458885,1
576,Triazamate (Ref: RH 7988),349,logistic,1,0,0.4579003047664036,0.5760642101502049,-0.11816390538380134,0
578,Imazapic (Ref: AC 263222),26,logistic,1,0,0.28911247738372164,0.5760642101502049,-0.2869517327664833,0
590,Iminoctadine triacetate (Ref: DF 125),152,logistic,1,0,0.04610209845496338,0.5760642101502049,-0.5299621116952415,0
591,Fenpyroximate (Ref: NNI 850),343,logistic,1,0,0.5474671136086667,0.5760642101502049,-0.02859709654153819,0
630,Oxadiargyl (Ref: RP 020630 ),67,logistic,1,0,0.4974621993851231,0.5760642101502049,-0.07860201076508183,0
637,"(1E)-N-[(6-Chloro-3-pyridinyl)methyl]-N-ethyl-N'-methyl-2-nitro-1,1-ethenediamine",47,logistic,1,1,0.1931768983618501,0.5760642101502049,-0.38288731178835483,0
639,"2-(2,6-Difluorophenyl)-4-[4-(1,1-dimethylethyl)-2-ethoxyphenyl]-4,5-dihydrooxazole",332,logistic,1,0,0.5811652305594093,0.5760642101502049,0.005101020409204349,1
642,Flupoxam (Ref: MON 18500),331,logistic,1,0,0.3796320523661919,0.5760642101502049,-0.19643215778401302,0
644,"1-[(6-Chloro-3-pyridinyl)methyl]-4,5-dihydro-1H-imidazol-2-amine",47,logistic,1,1,0.22973908324020642,0.5760642101502049,-0.3463251269099985,0
650,Benthiavalicarb-isopropyl (Ref: KIF-230),88,logistic,1,0,0.47271734057366205,0.5760642101502049,-0.10334686957654288,0
651,Azafenidin,67,logistic,1,0,0.3468825571059617,0.5760642101502049,-0.2291816530442432,0
654,Cinidon-ethyl (Ref: BAS 615H),327,logistic,1,0,0.6067754820940447,0.5760642101502049,0.030711271943839824,1
673,Verbutin (Ref: MB-599),320,logistic,1,0,0.2682069834088576,0.5760642101502049,-0.3078572267413473,0
676,Propisochlor,6,logistic,1,0,0.30146817285616767,0.5760642101502049,-0.27459603729403725,0
679,Dimethenamid-P,6,logistic,1,0,0.37147176553020556,0.5760642101502049,-0.20459244461999937,0
680,Picolinafen (Ref: BAS 700H),145,logistic,1,0,0.4811443409894186,0.5760642101502049,-0.09491986916078632,0
695,1-[(6-Chloro-3-pyridinyl)methyl]-N-nitro-1H-imidazol-2-amine,47,logistic,1,1,0.15594193173956342,0.5760642101502049,-0.42012227841064154,0
708,Thifluzamide (Ref: MON 24000),310,logistic,1,0,0.7467547622210592,0.5760642101502049,0.17069055207085426,1
709,Iprovalicarb (Ref: SZX 0722),88,logistic,1,0,0.35629325423043146,0.5760642101502049,-0.21977095591977347,0
713,Dimethirimol (Ref: PP675),139,logistic,1,0,0.21531778367175755,0.5760642101502049,-0.36074642647844735,0
721,Ethirimol (Ref: PP149),139,logistic,1,1,0.18264014173153625,0.5760642101502049,-0.39342406841866867,0
722,Pyrifenox (Ref: CGA 179945),307,logistic,1,0,0.3757651886009078,0.5760642101502049,-0.20029902154929713,0
727,"N'-[4-[(3,4-Dihydro-2-methoxy-2,4,4-trimethyl-2H-1-benzopyran-7-yl)oxy]phenyl]-N-methoxy-N-methylurea",32,logistic,1,0,0.6063401638497838,0.5760642101502049,0.030275953699578917,1
734,"3-(1-Ethylpropyl)phenol, 1-(N-Methylcarbamate) mixt. with 3-(1-Methylbutyl)phenyl N-methylcarbamate",12,logistic,1,1,0.31711614093422774,0.5760642101502049,-0.2589480692159772,0
748,Metamifop (Ref: DBH-129),64,logistic,1,0,0.5793726914174607,0.5760642101502049,0.003308481267255803,1
763,"2,4,5-trichlorophenol",301,logistic,1,0,0.4246192088120391,0.5760642101502049,-0.15144500133816585,0
771,Isopyrazam (Ref: SYN 520453),43,logistic,1,0,0.516978382726999,0.5760642101502049,-0.059085827423205894,0
773,Emamectin benzoate (Ref: MK 244),58,logistic,1,1,0.9325582821884665,0.5760642101502049,0.35649407203826156,1
775,Hexylthiofos,134,logistic,1,0,0.9846054199629164,0.5760642101502049,0.40854120981271147,1
779,"N-(3',4'-Dichloro-5-fluoro[1,1'-biphenyl]-2-yl)-3-(difluoromethyl)-1-methyl-1H-pyrazole-4-carboxamide",43,logistic,1,0,0.5354296990654624,0.5760642101502049,-0.040634511084742475,0
782,Fluxapyroxad (Ref: BAS 700F),43,logistic,1,0,0.3731585274734833,0.5760642101502049,-0.2029056826767216,0
783,Cyflumetofen (Ref: OK-5101),296,logistic,1,0,0.6000901462774018,0.5760642101502049,0.024025936127196834,1
784,"N-(2-[1,1'-Bicyclopropyl]-2-ylphenyl)-3-(difluoromethyl)-1-methyl-1H-pyrazole-4-carboxamide",43,logistic,1,1,0.3694974280818883,0.5760642101502049,-0.20656678206831663,0
788,"1-Acetyl-3,4-dihydro-3-[(3-pyridinylmethyl)amino]-6-[1,2,2,2-tetrafluoro-1-(trifluoromethyl)ethyl]-2(1H)-quinazolinone",295,logistic,1,1,0.4591400015985369,0.5760642101502049,-0.11692420855166802,0
795,Spinetoram,110,logistic,1,1,0.9216680057599148,0.5760642101502049,0.3456037956097099,1
797,"N-[9-(Dichloromethylene)-1,2,3,4-tetrahydro-1,4-1H-pyrazole-4-carboxamide",43,logistic,1,0,0.6088935684289495,0.5760642101502049,0.03282935827874456,1
812,(2Z)-2-[[2-Fluoro-5-(trifluoromethyl)phenyl]thio]-2-[3-(2-methoxyphenyl)-2-thiazolidinylidene]acetonitrile,285,logistic,1,0,0.7913166184641961,0.5760642101502049,0.21525240831399117,1
814,Methyl 3-(4-chlorophenyl)-3-[(N-{[(propan-2-yl)oxy]carbonyl}valyl)amino]propanoate,88,logistic,1,0,0.3753078633090956,0.5760642101502049,-0.20075634684110932,0
836,"Cyanamide (Ref: LH 21,810A)",279,logistic,1,1,0.14140358513518161,0.5760642101502049,-0.43466062501502334,0
853,Bromomethane,272,logistic,1,0,0.25205967588956835,0.5760642101502049,-0.3240045342606366,0
868,Alpha-pinene,261,logistic,1,0,0.3287149423913409,0.5760642101502049,-0.247349267758864,0
886,Ryanodine,255,logistic,1,0,0.22196738657698492,0.5760642101502049,-0.35409682357322003,0
889,Laminarin (Ref: H11),127,logistic,1,0,0.008861347285141262,0.5760642101502049,-0.5672028628650637,0
892,Imazapyr,26,logistic,1,0,0.24506310677205967,0.5760642101502049,-0.33100110337814526,0
903,N-(Phenylmethyl)-1H-purin-6-amine,248,logistic,1,0,0.1566537655818073,0.5760642101502049,-0.4194104445683976,0
909,Nepetalactone,245,logistic,1,0,0.3688315267584098,0.5760642101502049,-0.20723268339179512,0
912,Desmetryn (Ref: G 34360),19,logistic,1,0,0.19370216151721972,0.5760642101502049,-0.3823620486329852,0
924,Bentazone,239,logistic,1,0,0.22395516474486896,0.5760642101502049,-0.35210904540533594,0
929,"3-[2,4-Dichloro-5-(1-methylethoxy)phenyl]-5-(1,1-dimethylethyl)-1,3,4-oxadiazol-2(3H)-one",67,logistic,1,0,0.5786425154892288,0.5760642101502049,0.002578305339023923,1
937,Lineatin,230,logistic,1,0,0.42559206630199553,0.5760642101502049,-0.1504721438482094,0
938,Kinoprene,79,logistic,1,0,0.3268125419252419,0.5760642101502049,-0.24925166822496303,0
944,Milbemectin (Ref: SL 8601),58,logistic,1,1,0.9082258463141861,0.5760642101502049,0.3321616361639812,1
956,"Tetrahydro-5,5-dimethyl-2(1H)-pyrimidio[3-[4-trifluoromethyl)phenyl]-1-[2-[4-(trifluoromethyl)phenyl]ethenyl]-2-propenylidene]hydrazone",222,logistic,1,0,0.5961024748454218,0.5760642101502049,0.020038264695216856,1
959,Siglure,117,logistic,1,0,0.37188473831094626,0.5760642101502049,-0.20417947183925866,0
961,Bensultap (Ref: OMS 3011),219,logistic,1,0,0.4547854923122162,0.5760642101502049,-0.12127871783798871,0
970,Pefurazoate (Ref: UR-0003),213,logistic,1,0,0.29829037633579325,0.5760642101502049,-0.2777738338144117,0
983,Pyrimidifen,205,logistic,1,1,0.27166042762432197,0.5760642101502049,-0.30440378252588296,0
989,[N(Z)]-N-[3-[(6-Chloro-3-pyridinyl)methyl]-2-thiazolidinylidene]cyanamide,47,logistic,1,0,0.4396529935892949,0.5760642101502049,-0.13641121656091004,0
992,N-(Cyano-2-thienylmethyl)-4-ethyl-2-(ethylamino)-5-thiazolecarboxamide,200,logistic,1,0,0.38072431984058497,0.5760642101502049,-0.19533989030961996,0
997,Thenylchlor (Ref: NSK 850),6,logistic,1,0,0.45747349622383443,0.5760642101502049,-0.1185907139263705,0
1007,Cyflufenamid (Ref: NF 149),195,logistic,1,0,0.34623482889418417,0.5760642101502049,-0.22982938125602076,0
1011,Spinosad (Ref: XDE 105),110,logistic,1,1,0.9277777243564481,0.5760642101502049,0.3517135142062432,1
1023,"1-[4-[4-[5-(2,6-Difluorophenyl)-4,5-dihydro-3-isoxazolyl]-2-thiazolyl]-1-piperidinyl]-2-[5-methyl-3-(trifluoromethyl)-1H-pyrazol-1-yl]ethanone",187,logistic,1,0,0.7263630874734873,0.5760642101502049,0.1502988773232824,1
1034,Maltodextrin,178,logistic,1,0,0.022336676970411803,0.5760642101502049,-0.5537275331797932,0
3,Benzoic acid,108,random_forest,1,0,0.08677937755950688,0.5318873464768938,-0.44510796891738696,0
13,Formothion (Ref: SAN 6913I),109,random_forest,1,1,0.9305266253242909,0.5318873464768938,0.398639278847397,1
22,"2,3,4,5,6-Pentachlorophenol",456,random_forest,1,0,0.23108166289360232,0.5318873464768938,-0.3008056835832915,0
24,Warfarin,455,random_forest,1,0,0.3746432851515029,0.5318873464768938,-0.15724406132539093,0
25,1-Naphthalenol methylcarbamate,12,random_forest,1,1,0.3874929505340976,0.5318873464768938,-0.14439439594279624,0
35,"Benzoic acid, Methyl ester",108,random_forest,1,0,0.11465329896096328,0.5318873464768938,-0.4172340475159306,0
43,2-Chloro-N-(1-methylethyl)-N-phenylacetamide,6,random_forest,1,0,0.14322964301547475,0.5318873464768938,-0.3886577034614191,0
53,Alpha-terpinoline,447,random_forest,1,0,0.33643398192540314,0.5318873464768938,-0.1954533645514907,0
65,"2-[(Dimethoxyphosphinothioyl)thio]butanedioic acid 1,4-diethyl ester",168,random_forest,1,1,0.9694975992948374,0.5318873464768938,0.4376102528179435,1
68,"1,2,3,4-Tetrahydronaphthalene",445,random_forest,1,1,0.28959854737037233,0.5318873464768938,-0.2422887991065215,0
70,"As,As-Dimethylarsinic acid",166,random_forest,1,0,0.19689608598539143,0.5318873464768938,-0.3349912604915024,0
72,"2-(1-Methylethoxy)phenol, 1-(N-Methylcarbamate)",12,random_forest,1,1,0.3662732658771029,0.5318873464768938,-0.16561408059979094,0
75,"2-Aminobenzoic acid, Methyl ester",108,random_forest,1,0,0.15808284037035142,0.5318873464768938,-0.3738045061065424,0
88,1-Naphthaleneacetic acid,12,random_forest,1,0,0.25584962730112,0.5318873464768938,-0.27603771917577385,0
89,2-Chloro-N-(ethoxymethyl)-N-(2-ethyl-6-methylphenyl)acetamide,6,random_forest,1,0,0.11378485509510228,0.5318873464768938,-0.41810249138179156,0
110,DNOC (Ref: ENT 154),41,random_forest,1,0,0.2554606394948986,0.5318873464768938,-0.27642670698199523,0
129,Abamectin (Ref: MK 936),58,random_forest,1,1,0.4908909645351835,0.5318873464768938,-0.04099638194171035,0
133,"Phosphoric acid 1,2-dibromo-2,2-dichloroethyl dimethyl ester",432,random_forest,1,1,0.8352749296794431,0.5318873464768938,0.3033875832025492,1
144,"2-Cyclohexyl-4,6-dinitrophenol",41,random_forest,1,0,0.22514870250452282,0.5318873464768938,-0.30673864397237105,0
153,Dinobuton (Ref: OMS 1056),41,random_forest,1,0,0.4168398339325329,0.5318873464768938,-0.11504751254436096,0
155,"2-(1-Methylpropyl)-4,6-dinitrophenol",41,random_forest,1,0,0.28091106096743645,0.5318873464768938,-0.2509762855094574,0
168,"2-Chloro-9-hydroxy-9H-fluorene-9-carboxylic acid, Methyl ester",424,random_forest,1,0,0.13784758086218857,0.5318873464768938,-0.3940397656147053,0
171,Dinocap (Ref: ENT 24727),41,random_forest,1,1,0.3848380565869181,0.5318873464768938,-0.14704928988997573,0
197,"alpha-[(Dimethoxyphosphinothioyl)thio] benzeneacetic acid, Ethyl ester",168,random_forest,1,1,0.9924691289631975,0.5318873464768938,0.46058178248630366,1
205,Binapacryl (Ref: FMC 9044),41,random_forest,1,0,0.3726294002354535,0.5318873464768938,-0.15925794624144035,0
209,"Phosphoric acid, 2-Chloro-3-(diethylamino)-1-methyl-3-oxo-1-propen-1-yl dimethyl ester",420,random_forest,1,1,0.8952187494977971,0.5318873464768938,0.3633314030209033,1
232,"2-Chloro-N-(2,6-diethylphenyl)-N-(methoxymethyl)acetamide",6,random_forest,1,0,0.1094025126607419,0.5318873464768938,-0.42248483381615193,0
237,Medlure,117,random_forest,1,0,0.09517635504723597,0.5318873464768938,-0.43671099142965786,0
243,"6-Methyl-1,3-dithiolo[4,5-b]quinoxalin-2-one",414,random_forest,1,0,0.26708374516661915,0.5318873464768938,-0.2648036013102747,0
250,Methylarsonic acid,166,random_forest,1,0,0.21343287213972692,0.5318873464768938,-0.3184544743371669,0
270,"2,3-Dihydro-2,2-dimethyl-7-benzofuranol 7-(N-methylcarbamate)",12,random_forest,1,1,0.4110770748776791,0.5318873464768938,-0.12081027159921476,0
272,Methoprotryne (Ref: G 36393),19,random_forest,1,0,0.11207958218838653,0.5318873464768938,-0.4198077642885073,0
282,Bensulide (Ref: R 4461),406,random_forest,1,1,0.836450382797091,0.5318873464768938,0.3045630363201972,1
289,Butachlor (Ref: CP 53619),6,random_forest,1,0,0.18955907013509896,0.5318873464768938,-0.34232827634179486,0
303,"Benzo[b]thiophene-4-ol, 4-(N-methylcarbamate)",12,random_forest,1,1,0.4760637081921393,0.5318873464768938,-0.05582363828475456,0
305,Fenclorim (Ref: CGA 123407),402,random_forest,1,0,0.1610136120367414,0.5318873464768938,-0.3708737344401525,0
306,"3,5-Dibromo-4-hydroxybenzonitrile",101,random_forest,1,1,0.10437816595927493,0.5318873464768938,-0.4275091805176189,0
307,"2-(1,3-Dioxolan-2-yl)phenol 1-(N-methylcarbamate)",12,random_forest,1,1,0.3609988680665017,0.5318873464768938,-0.17088847841039212,0
314,Anilazine (Ref: ENT 26 058),398,random_forest,1,0,0.20296397221386223,0.5318873464768938,-0.32892337426303164,0
318,Validamycin A,127,random_forest,1,1,0.32053035498945104,0.5318873464768938,-0.2113569914874428,0
328,Cyclohexylethylcarbamothioic acid S-ethyl ester,395,random_forest,1,1,0.37591349007970726,0.5318873464768938,-0.15597385639718658,0
345,Triazophos (Ref: HOE 002960 ),73,random_forest,1,0,0.9309315105825431,0.5318873464768938,0.39904416410564925,1
346,"2,2-Dimethyl-1,3-benzodioxol-4-ol 4-(N-methylcarbamate)",12,random_forest,1,1,0.3345601333477397,0.5318873464768938,-0.19732721312915413,0
350,Napropamide (Ref: R 7465),12,random_forest,1,0,0.18945947737783503,0.5318873464768938,-0.3424278690990588,0
362,(E)-dodec-8-enyl acetate,36,random_forest,1,0,0.12460354047318972,0.5318873464768938,-0.4072838060037041,0
366,Hydroprene (Ref: OMS 1696),79,random_forest,1,1,0.17900126360130805,0.5318873464768938,-0.35288608287558576,0
367,Methoprene (Ref: OMS 1697),79,random_forest,1,1,0.20376219892180739,0.5318873464768938,-0.3281251475550865,0
368,"1-[2-(2,4-Dichlorophenyl)-2-(2-propenyloxy)ethyl]-1H-imidazole",387,random_forest,1,0,0.306871533669503,0.5318873464768938,-0.22501581280739086,0
383,2-[(Ethylthio)methyl]phenol 1-(N-methylcarbamate),12,random_forest,1,1,0.35151179474519756,0.5318873464768938,-0.18037555173169628,0
390,Metamitron (Ref: BAY DRW 1139),381,random_forest,1,0,0.4593120280503543,0.5318873464768938,-0.07257531842653953,0
411,Dimethachlor (Ref: CGA 17020),6,random_forest,1,0,0.17493117054957885,0.5318873464768938,-0.356956175927315,0
415,Isoprocarb (Ref: OMS 32),12,random_forest,1,1,0.4118629731028204,0.5318873464768938,-0.12002437337407346,0
418,2-Chloro-N-(2-ethyl-6-methylphenyl)-N-(2-methoxy-1-methylethyl)acetamide,6,random_forest,1,0,0.14774721176691352,0.5318873464768938,-0.3841401347099803,0
427,"N-(2,6-Dimethylphenyl)-N-(methoxyacetyl)alanine methyl ester",6,random_forest,1,0,0.3960723306500215,0.5318873464768938,-0.13581501582687233,0
432,Prochloraz (Ref: BTS 40542),375,random_forest,1,0,0.21225714272707805,0.5318873464768938,-0.31963020374981577,0
433,Milbemycin A4,58,random_forest,1,1,0.5209110186415568,0.5318873464768938,-0.010976327835337085,0
445,Ofurace (Ref: AE F057623),95,random_forest,1,0,0.20050522292277423,0.5318873464768938,-0.3313821235541196,0
452,Pyridafenthion (Ref: ENT 23968)),73,random_forest,1,1,0.9062062985911339,0.5318873464768938,0.37431895211424004,1
467,Benalaxyl (Ref: M 9834),6,random_forest,1,0,0.24320928032339736,0.5318873464768938,-0.28867806615349645,0
476,Oxadixyl (Ref: SAN 371F),95,random_forest,1,0,0.4396475969748057,0.5318873464768938,-0.09223974950208813,0
478,Metazachlor (Ref: BAS 47900H),6,random_forest,1,0,0.18777278539124767,0.5318873464768938,-0.3441145610856462,0
488,Imazaquin (Ref: BAS 725H),26,random_forest,1,1,0.1020832327795438,0.5318873464768938,-0.42980411369735005,0
507,Imazethapyr (Ref: AC 252925),26,random_forest,1,0,0.07781923736574914,0.5318873464768938,-0.4540681091111447,0
509,Aclonifen (Ref: AE F068300),362,random_forest,1,0,0.24460052594385445,0.5318873464768938,-0.2872868205330394,0
512,Fenothiocarb (Ref: KCO 3001),361,random_forest,1,0,0.2731754098035238,0.5318873464768938,-0.25871193667337006,0
521,Imazamethabenz (Ref: AC 263840),26,random_forest,1,0,0.11441651464441373,0.5318873464768938,-0.4174708318324801,0
530,Diflumetorim (Ref: UBF 002),358,random_forest,1,1,0.24795328796031693,0.5318873464768938,-0.28393405851657694,0
531,Pretilachlor (Ref: CGA 26423),6,random_forest,1,0,0.2203584946656054,0.5318873464768938,-0.3115288518112884,0
532,Imazamethabenz-methyl (Ref: AC 222293),26,random_forest,1,0,0.17537477720026562,0.5318873464768938,-0.3565125692766282,0
534,Imazamox (Ref: BAS 720H),26,random_forest,1,0,0.10332023879698683,0.5318873464768938,-0.428567107679907,0
552,Diethatyl ethyl (Ref: BAY NNT 6867),6,random_forest,1,0,0.14196671542404968,0.5318873464768938,-0.38992063105284414,0
564,Imidacloprid (Ref: BAY NTN 33893),47,random_forest,1,1,0.20519177956510343,0.5318873464768938,-0.3266955669117904,0
573,Fenchlorazole-ethyl (Ref: HOE 070542),350,random_forest,1,0,0.5049626778179198,0.5318873464768938,-0.026924668658974027,0
576,Triazamate (Ref: RH 7988),349,random_forest,1,0,0.26607469566263203,0.5318873464768938,-0.2658126508142618,0
578,Imazapic (Ref: AC 263222),26,random_forest,1,0,0.07275755365079363,0.5318873464768938,-0.4591297928261002,0
590,Iminoctadine triacetate (Ref: DF 125),152,random_forest,1,0,0.17807156192882945,0.5318873464768938,-0.3538157845480644,0
591,Fenpyroximate (Ref: NNI 850),343,random_forest,1,0,0.4071295652289546,0.5318873464768938,-0.12475778124793924,0
630,Oxadiargyl (Ref: RP 020630 ),67,random_forest,1,0,0.20615704388416353,0.5318873464768938,-0.3257303025927303,0
637,"(1E)-N-[(6-Chloro-3-pyridinyl)methyl]-N-ethyl-N'-methyl-2-nitro-1,1-ethenediamine",47,random_forest,1,1,0.16349672872265147,0.5318873464768938,-0.36839061775424237,0
639,"2-(2,6-Difluorophenyl)-4-[4-(1,1-dimethylethyl)-2-ethoxyphenyl]-4,5-dihydrooxazole",332,random_forest,1,0,0.472133584180814,0.5318873464768938,-0.059753762296079815,0
642,Flupoxam (Ref: MON 18500),331,random_forest,1,0,0.3378344945925938,0.5318873464768938,-0.19405285188430005,0
644,"1-[(6-Chloro-3-pyridinyl)methyl]-4,5-dihydro-1H-imidazol-2-amine",47,random_forest,1,1,0.17446316043410107,0.5318873464768938,-0.3574241860427928,0
650,Benthiavalicarb-isopropyl (Ref: KIF-230),88,random_forest,1,0,0.3006654847071477,0.5318873464768938,-0.23122186176974613,0
651,Azafenidin,67,random_forest,1,0,0.16433995938934415,0.5318873464768938,-0.3675473870875497,0
654,Cinidon-ethyl (Ref: BAS 615H),327,random_forest,1,0,0.279690604275896,0.5318873464768938,-0.25219674220099786,0
673,Verbutin (Ref: MB-599),320,random_forest,1,0,0.14710474200762833,0.5318873464768938,-0.3847826044692655,0
676,Propisochlor,6,random_forest,1,0,0.18469666900415768,0.5318873464768938,-0.34719067747273613,0
679,Dimethenamid-P,6,random_forest,1,0,0.28600978022685697,0.5318873464768938,-0.24587756625003687,0
680,Picolinafen (Ref: BAS 700H),145,random_forest,1,0,0.5450283618055788,0.5318873464768938,0.013141015328684946,1
695,1-[(6-Chloro-3-pyridinyl)methyl]-N-nitro-1H-imidazol-2-amine,47,random_forest,1,1,0.1296471165479219,0.5318873464768938,-0.4022402299289719,0
708,Thifluzamide (Ref: MON 24000),310,random_forest,1,0,0.6473452592994846,0.5318873464768938,0.11545791282259077,1
709,Iprovalicarb (Ref: SZX 0722),88,random_forest,1,0,0.19363223145008202,0.5318873464768938,-0.3382551150268118,0
713,Dimethirimol (Ref: PP675),139,random_forest,1,0,0.3193360442006823,0.5318873464768938,-0.21255130227621155,0
721,Ethirimol (Ref: PP149),139,random_forest,1,1,0.300689013391315,0.5318873464768938,-0.23119833308557886,0
722,Pyrifenox (Ref: CGA 179945),307,random_forest,1,0,0.38045630713238937,0.5318873464768938,-0.15143103934450447,0
727,"N'-[4-[(3,4-Dihydro-2-methoxy-2,4,4-trimethyl-2H-1-benzopyran-7-yl)oxy]phenyl]-N-methoxy-N-methylurea",32,random_forest,1,0,0.42338884515205544,0.5318873464768938,-0.1084985013248384,0
734,"3-(1-Ethylpropyl)phenol, 1-(N-Methylcarbamate) mixt. with 3-(1-Methylbutyl)phenyl N-methylcarbamate",12,random_forest,1,1,0.23969640868219916,0.5318873464768938,-0.2921909377946947,0
748,Metamifop (Ref: DBH-129),64,random_forest,1,0,0.6402438123493106,0.5318873464768938,0.10835646587241676,1
763,"2,4,5-trichlorophenol",301,random_forest,1,0,0.13367850803402376,0.5318873464768938,-0.3982088384428701,0
771,Isopyrazam (Ref: SYN 520453),43,random_forest,1,0,0.286783862679889,0.5318873464768938,-0.24510348379700486,0
773,Emamectin benzoate (Ref: MK 244),58,random_forest,1,1,0.5407469701167944,0.5318873464768938,0.00885962363990056,1
775,Hexylthiofos,134,random_forest,1,0,0.8258346913068814,0.5318873464768938,0.2939473448299875,1
779,"N-(3',4'-Dichloro-5-fluoro[1,1'-biphenyl]-2-yl)-3-(difluoromethyl)-1-methyl-1H-pyrazole-4-carboxamide",43,random_forest,1,0,0.7103915167553312,0.5318873464768938,0.17850417027843735,1
782,Fluxapyroxad (Ref: BAS 700F),43,random_forest,1,0,0.4716634389634002,0.5318873464768938,-0.06022390751349366,0
783,Cyflumetofen (Ref: OK-5101),296,random_forest,1,0,0.22599640438427054,0.5318873464768938,-0.3058909420926233,0
784,"N-(2-[1,1'-Bicyclopropyl]-2-ylphenyl)-3-(difluoromethyl)-1-methyl-1H-pyrazole-4-carboxamide",43,random_forest,1,1,0.32212602761979975,0.5318873464768938,-0.2097613188570941,0
788,"1-Acetyl-3,4-dihydro-3-[(3-pyridinylmethyl)amino]-6-[1,2,2,2-tetrafluoro-1-(trifluoromethyl)ethyl]-2(1H)-quinazolinone",295,random_forest,1,1,0.37052566340112225,0.5318873464768938,-0.1613616830757716,0
795,Spinetoram,110,random_forest,1,1,0.6391361933436183,0.5318873464768938,0.10724884686672442,1
797,"N-[9-(Dichloromethylene)-1,2,3,4-tetrahydro-1,4-1H-pyrazole-4-carboxamide",43,random_forest,1,0,0.40684956388148646,0.5318873464768938,-0.12503778259540738,0
812,(2Z)-2-[[2-Fluoro-5-(trifluoromethyl)phenyl]thio]-2-[3-(2-methoxyphenyl)-2-thiazolidinylidene]acetonitrile,285,random_forest,1,0,0.6021258777072416,0.5318873464768938,0.07023853123034773,1
814,Methyl 3-(4-chlorophenyl)-3-[(N-{[(propan-2-yl)oxy]carbonyl}valyl)amino]propanoate,88,random_forest,1,0,0.17898311945708612,0.5318873464768938,-0.3529042270198077,0
836,"Cyanamide (Ref: LH 21,810A)",279,random_forest,1,1,0.10195254707992117,0.5318873464768938,-0.42993479939697266,0
853,Bromomethane,272,random_forest,1,0,0.4452170053905281,0.5318873464768938,-0.08667034108636573,0
868,Alpha-pinene,261,random_forest,1,0,0.3338859304673345,0.5318873464768938,-0.19800141600955934,0
886,Ryanodine,255,random_forest,1,0,0.2545661758841464,0.5318873464768938,-0.27732117059274747,0
889,Laminarin (Ref: H11),127,random_forest,1,0,0.3666469564768,0.5318873464768938,-0.16524039000009383,0
892,Imazapyr,26,random_forest,1,0,0.09584154119602445,0.5318873464768938,-0.4360458052808694,0
903,N-(Phenylmethyl)-1H-purin-6-amine,248,random_forest,1,0,0.3025386199692617,0.5318873464768938,-0.22934872650763216,0
909,Nepetalactone,245,random_forest,1,0,0.18471440984519985,0.5318873464768938,-0.347172936631694,0
912,Desmetryn (Ref: G 34360),19,random_forest,1,0,0.3190794966729481,0.5318873464768938,-0.21280784980394574,0
924,Bentazone,239,random_forest,1,0,0.24348474542157214,0.5318873464768938,-0.2884026010553217,0
929,"3-[2,4-Dichloro-5-(1-methylethoxy)phenyl]-5-(1,1-dimethylethyl)-1,3,4-oxadiazol-2(3H)-one",67,random_forest,1,0,0.23299781418720286,0.5318873464768938,-0.29888953228969095,0
937,Lineatin,230,random_forest,1,0,0.055071714826022425,0.5318873464768938,-0.47681563165087143,0
938,Kinoprene,79,random_forest,1,0,0.19963901744924886,0.5318873464768938,-0.332248329027645,0
944,Milbemectin (Ref: SL 8601),58,random_forest,1,1,0.5386621559995947,0.5318873464768938,0.00677480952270082,1
956,"Tetrahydro-5,5-dimethyl-2(1H)-pyrimidio[3-[4-trifluoromethyl)phenyl]-1-[2-[4-(trifluoromethyl)phenyl]ethenyl]-2-propenylidene]hydrazone",222,random_forest,1,0,0.7649441589619393,0.5318873464768938,0.2330568124850455,1
959,Siglure,117,random_forest,1,0,0.11082006568214067,0.5318873464768938,-0.4210672807947532,0
961,Bensultap (Ref: OMS 3011),219,random_forest,1,0,0.3505301387928688,0.5318873464768938,-0.18135720768402502,0
970,Pefurazoate (Ref: UR-0003),213,random_forest,1,0,0.2454267542324455,0.5318873464768938,-0.2864605922444483,0
983,Pyrimidifen,205,random_forest,1,1,0.31475884623836764,0.5318873464768938,-0.2171285002385262,0
989,[N(Z)]-N-[3-[(6-Chloro-3-pyridinyl)methyl]-2-thiazolidinylidene]cyanamide,47,random_forest,1,0,0.26822040196037267,0.5318873464768938,-0.2636669445165212,0
992,N-(Cyano-2-thienylmethyl)-4-ethyl-2-(ethylamino)-5-thiazolecarboxamide,200,random_forest,1,0,0.15820101230937522,0.5318873464768938,-0.3736863341675186,0
997,Thenylchlor (Ref: NSK 850),6,random_forest,1,0,0.30376693171473934,0.5318873464768938,-0.2281204147621545,0
1007,Cyflufenamid (Ref: NF 149),195,random_forest,1,0,0.24584747441435614,0.5318873464768938,-0.28603987206253767,0
1011,Spinosad (Ref: XDE 105),110,random_forest,1,1,0.6649049474100386,0.5318873464768938,0.13301760093314474,1
1023,"1-[4-[4-[5-(2,6-Difluorophenyl)-4,5-dihydro-3-isoxazolyl]-2-thiazolyl]-1-piperidinyl]-2-[5-methyl-3-(trifluoromethyl)-1H-pyrazol-1-yl]ethanone",187,random_forest,1,0,0.44458051185127395,0.5318873464768938,-0.08730683462561989,0
1034,Maltodextrin,178,random_forest,1,0,0.20589485551705428,0.5318873464768938,-0.32599249095983956,0
3,Benzoic acid,108,mlp,1,0,0.20921658335643717,0.5240377444370137,-0.3148211610805765,0
13,Formothion (Ref: SAN 6913I),109,mlp,1,1,0.6419713203668225,0.5240377444370137,0.1179335759298088,1
22,"2,3,4,5,6-Pentachlorophenol",456,mlp,1,0,0.37465716991431375,0.5240377444370137,-0.14938057452269993,0
24,Warfarin,455,mlp,1,0,0.3915492999148672,0.5240377444370137,-0.13248844452214648,0
25,1-Naphthalenol methylcarbamate,12,mlp,1,1,0.259588907508182,0.5240377444370137,-0.2644488369288317,0
35,"Benzoic acid, Methyl ester",108,mlp,1,0,0.2163472939460067,0.5240377444370137,-0.30769045049100696,0
43,2-Chloro-N-(1-methylethyl)-N-phenylacetamide,6,mlp,1,0,0.30614309356562697,0.5240377444370137,-0.2178946508713867,0
53,Alpha-terpinoline,447,mlp,1,0,0.1565297517385854,0.5240377444370137,-0.36750799269842827,0
65,"2-[(Dimethoxyphosphinothioyl)thio]butanedioic acid 1,4-diethyl ester",168,mlp,1,1,0.608808766531469,0.5240377444370137,0.0847710220944553,1
68,"1,2,3,4-Tetrahydronaphthalene",445,mlp,1,1,0.1767831680294688,0.5240377444370137,-0.34725457640754487,0
70,"As,As-Dimethylarsinic acid",166,mlp,1,0,0.15065306972028197,0.5240377444370137,-0.3733846747167317,0
72,"2-(1-Methylethoxy)phenol, 1-(N-Methylcarbamate)",12,mlp,1,1,0.273708805350421,0.5240377444370137,-0.25032893908659265,0
75,"2-Aminobenzoic acid, Methyl ester",108,mlp,1,0,0.20381853280786866,0.5240377444370137,-0.320219211629145,0
88,1-Naphthaleneacetic acid,12,mlp,1,0,0.27257253818706334,0.5240377444370137,-0.25146520624995033,0
89,2-Chloro-N-(ethoxymethyl)-N-(2-ethyl-6-methylphenyl)acetamide,6,mlp,1,0,0.37361143350725756,0.5240377444370137,-0.1504263109297561,0
110,DNOC (Ref: ENT 154),41,mlp,1,0,0.31628797070611087,0.5240377444370137,-0.2077497737309028,0
129,Abamectin (Ref: MK 936),58,mlp,1,1,0.4360320184698556,0.5240377444370137,-0.08800572596715805,0
133,"Phosphoric acid 1,2-dibromo-2,2-dichloroethyl dimethyl ester",432,mlp,1,1,0.6586388649953184,0.5240377444370137,0.13460112055830475,1
144,"2-Cyclohexyl-4,6-dinitrophenol",41,mlp,1,0,0.3485220219232253,0.5240377444370137,-0.17551572251378839,0
153,Dinobuton (Ref: OMS 1056),41,mlp,1,0,0.45409607859908224,0.5240377444370137,-0.06994166583793143,0
155,"2-(1-Methylpropyl)-4,6-dinitrophenol",41,mlp,1,0,0.37052662533666786,0.5240377444370137,-0.15351111910034582,0
168,"2-Chloro-9-hydroxy-9H-fluorene-9-carboxylic acid, Methyl ester",424,mlp,1,0,0.3203975703969341,0.5240377444370137,-0.20364017404007956,0
171,Dinocap (Ref: ENT 24727),41,mlp,1,1,0.42101993426130413,0.5240377444370137,-0.10301781017570955,0
197,"alpha-[(Dimethoxyphosphinothioyl)thio] benzeneacetic acid, Ethyl ester",168,mlp,1,1,0.6010835635404138,0.5240377444370137,0.07704581910340014,1
205,Binapacryl (Ref: FMC 9044),41,mlp,1,0,0.4536214807593868,0.5240377444370137,-0.07041626367762688,0
209,"Phosphoric acid, 2-Chloro-3-(diethylamino)-1-methyl-3-oxo-1-propen-1-yl dimethyl ester",420,mlp,1,1,0.6260555371481935,0.5240377444370137,0.10201779271117983,1
232,"2-Chloro-N-(2,6-diethylphenyl)-N-(methoxymethyl)acetamide",6,mlp,1,0,0.37243981744595145,0.5240377444370137,-0.15159792699106223,0
237,Medlure,117,mlp,1,0,0.25906284862279283,0.5240377444370137,-0.26497489581422085,0
243,"6-Methyl-1,3-dithiolo[4,5-b]quinoxalin-2-one",414,mlp,1,0,0.33924073834718876,0.5240377444370137,-0.1847970060898249,0
250,Methylarsonic acid,166,mlp,1,0,0.13203153792593306,0.5240377444370137,-0.39200620651108065,0
270,"2,3-Dihydro-2,2-dimethyl-7-benzofuranol 7-(N-methylcarbamate)",12,mlp,1,1,0.23644571889064003,0.5240377444370137,-0.28759202554637364,0
272,Methoprotryne (Ref: G 36393),19,mlp,1,0,0.3328503123218091,0.5240377444370137,-0.19118743211520456,0
282,Bensulide (Ref: R 4461),406,mlp,1,1,0.5381487296580387,0.5240377444370137,0.014110985221025052,1
289,Butachlor (Ref: CP 53619),6,mlp,1,0,0.37193604870570535,0.5240377444370137,-0.15210169573130833,0
303,"Benzo[b]thiophene-4-ol, 4-(N-methylcarbamate)",12,mlp,1,1,0.28157909782400997,0.5240377444370137,-0.2424586466130037,0
305,Fenclorim (Ref: CGA 123407),402,mlp,1,0,0.3645448514655161,0.5240377444370137,-0.1594928929714976,0
306,"3,5-Dibromo-4-hydroxybenzonitrile",101,mlp,1,1,0.3063826516977964,0.5240377444370137,-0.2176550927392173,0
307,"2-(1,3-Dioxolan-2-yl)phenol 1-(N-methylcarbamate)",12,mlp,1,1,0.2521143837962648,0.5240377444370137,-0.2719233606407489,0
314,Anilazine (Ref: ENT 26 058),398,mlp,1,0,0.46841696500974983,0.5240377444370137,-0.055620779427263844,0
318,Validamycin A,127,mlp,1,1,0.02682971752510373,0.5240377444370137,-0.49720802691190996,0
328,Cyclohexylethylcarbamothioic acid S-ethyl ester,395,mlp,1,1,0.2569982457432996,0.5240377444370137,-0.2670394986937141,0
345,Triazophos (Ref: HOE 002960 ),73,mlp,1,0,0.5729492431359113,0.5240377444370137,0.04891149869889766,1
346,"2,2-Dimethyl-1,3-benzodioxol-4-ol 4-(N-methylcarbamate)",12,mlp,1,1,0.24271412897230007,0.5240377444370137,-0.28132361546471363,0
350,Napropamide (Ref: R 7465),12,mlp,1,0,0.3730812782293436,0.5240377444370137,-0.15095646620767006,0
362,(E)-dodec-8-enyl acetate,36,mlp,1,0,0.33191829038162324,0.5240377444370137,-0.19211945405539044,0
366,Hydroprene (Ref: OMS 1696),79,mlp,1,1,0.33300010388462636,0.5240377444370137,-0.1910376405523873,0
367,Methoprene (Ref: OMS 1697),79,mlp,1,1,0.36618425973348184,0.5240377444370137,-0.15785348470353183,0
368,"1-[2-(2,4-Dichlorophenyl)-2-(2-propenyloxy)ethyl]-1H-imidazole",387,mlp,1,0,0.44581263412171357,0.5240377444370137,-0.0782251103153001,0
383,2-[(Ethylthio)methyl]phenol 1-(N-methylcarbamate),12,mlp,1,1,0.3127782668831427,0.5240377444370137,-0.21125947755387098,0
390,Metamitron (Ref: BAY DRW 1139),381,mlp,1,0,0.24069235681695914,0.5240377444370137,-0.28334538762005457,0
411,Dimethachlor (Ref: CGA 17020),6,mlp,1,0,0.36174985194762266,0.5240377444370137,-0.16228789248939102,0
415,Isoprocarb (Ref: OMS 32),12,mlp,1,1,0.2495238109892624,0.5240377444370137,-0.27451393344775127,0
418,2-Chloro-N-(2-ethyl-6-methylphenyl)-N-(2-methoxy-1-methylethyl)acetamide,6,mlp,1,0,0.3921699113671729,0.5240377444370137,-0.1318678330698408,0
427,"N-(2,6-Dimethylphenyl)-N-(methoxyacetyl)alanine methyl ester",6,mlp,1,0,0.3568657930226902,0.5240377444370137,-0.16717195141432345,0
432,Prochloraz (Ref: BTS 40542),375,mlp,1,0,0.482569157836265,0.5240377444370137,-0.0414685866007487,0
433,Milbemycin A4,58,mlp,1,1,0.33703391552643575,0.5240377444370137,-0.18700382891057793,0
445,Ofurace (Ref: AE F057623),95,mlp,1,0,0.3399562168149384,0.5240377444370137,-0.1840815276220753,0
452,Pyridafenthion (Ref: ENT 23968)),73,mlp,1,1,0.5475186599485281,0.5240377444370137,0.023480915511514433,1
467,Benalaxyl (Ref: M 9834),6,mlp,1,0,0.39267321881280115,0.5240377444370137,-0.13136452562421252,0
476,Oxadixyl (Ref: SAN 371F),95,mlp,1,0,0.35159418483382016,0.5240377444370137,-0.17244355960319352,0
478,Metazachlor (Ref: BAS 47900H),6,mlp,1,0,0.38941895357839446,0.5240377444370137,-0.13461879085861922,0
488,Imazaquin (Ref: BAS 725H),26,mlp,1,1,0.2925994558563494,0.5240377444370137,-0.2314382885806643,0
507,Imazethapyr (Ref: AC 252925),26,mlp,1,0,0.2892574814717231,0.5240377444370137,-0.2347802629652906,0
509,Aclonifen (Ref: AE F068300),362,mlp,1,0,0.39595733026368923,0.5240377444370137,-0.12808041417332444,0
512,Fenothiocarb (Ref: KCO 3001),361,mlp,1,0,0.3799798813318167,0.5240377444370137,-0.14405786310519697,0
521,Imazamethabenz (Ref: AC 263840),26,mlp,1,0,0.27683262474912074,0.5240377444370137,-0.24720511968789294,0
530,Diflumetorim (Ref: UBF 002),358,mlp,1,1,0.49890528089188085,0.5240377444370137,-0.02513246354513282,0
531,Pretilachlor (Ref: CGA 26423),6,mlp,1,0,0.38832416341869513,0.5240377444370137,-0.13571358101831854,0
532,Imazamethabenz-methyl (Ref: AC 222293),26,mlp,1,0,0.29416010562211703,0.5240377444370137,-0.22987763881489665,0
534,Imazamox (Ref: BAS 720H),26,mlp,1,0,0.2939263095206607,0.5240377444370137,-0.230111434916353,0
552,Diethatyl ethyl (Ref: BAY NNT 6867),6,mlp,1,0,0.3978624100275622,0.5240377444370137,-0.1261753344094515,0
564,Imidacloprid (Ref: BAY NTN 33893),47,mlp,1,1,0.32817253466567226,0.5240377444370137,-0.19586520977134142,0
573,Fenchlorazole-ethyl (Ref: HOE 070542),350,mlp,1,0,0.5147068777638608,0.5240377444370137,-0.00933086667315286,0
576,Triazamate (Ref: RH 7988),349,mlp,1,0,0.3757968597097137,0.5240377444370137,-0.14824088472729996,0
578,Imazapic (Ref: AC 263222),26,mlp,1,0,0.2634572084099771,0.5240377444370137,-0.26058053602703657,0
590,Iminoctadine triacetate (Ref: DF 125),152,mlp,1,0,0.3203682973281097,0.5240377444370137,-0.203669447108904,0
591,Fenpyroximate (Ref: NNI 850),343,mlp,1,0,0.4327014793266372,0.5240377444370137,-0.09133626511037646,0
630,Oxadiargyl (Ref: RP 020630 ),67,mlp,1,0,0.47311859979640664,0.5240377444370137,-0.05091914464060704,0
637,"(1E)-N-[(6-Chloro-3-pyridinyl)methyl]-N-ethyl-N'-methyl-2-nitro-1,1-ethenediamine",47,mlp,1,1,0.39754982966579155,0.5240377444370137,-0.12648791477122212,0
639,"2-(2,6-Difluorophenyl)-4-[4-(1,1-dimethylethyl)-2-ethoxyphenyl]-4,5-dihydrooxazole",332,mlp,1,0,0.4552113755695025,0.5240377444370137,-0.0688263688675112,0
642,Flupoxam (Ref: MON 18500),331,mlp,1,0,0.4922848242635499,0.5240377444370137,-0.03175292017346376,0
644,"1-[(6-Chloro-3-pyridinyl)methyl]-4,5-dihydro-1H-imidazol-2-amine",47,mlp,1,1,0.2514301574655582,0.5240377444370137,-0.2726075869714555,0
650,Benthiavalicarb-isopropyl (Ref: KIF-230),88,mlp,1,0,0.45068329125557405,0.5240377444370137,-0.07335445318143963,0
651,Azafenidin,67,mlp,1,0,0.45278859414269956,0.5240377444370137,-0.07124915029431411,0
654,Cinidon-ethyl (Ref: BAS 615H),327,mlp,1,0,0.4674229066928288,0.5240377444370137,-0.056614837744184854,0
673,Verbutin (Ref: MB-599),320,mlp,1,0,0.32608169493643974,0.5240377444370137,-0.19795604950057394,0
676,Propisochlor,6,mlp,1,0,0.3755377389246578,0.5240377444370137,-0.14850000551235587,0
679,Dimethenamid-P,6,mlp,1,0,0.412493973534999,0.5240377444370137,-0.11154377090201467,0
680,Picolinafen (Ref: BAS 700H),145,mlp,1,0,0.4887878477090769,0.5240377444370137,-0.03524989672793677,0
695,1-[(6-Chloro-3-pyridinyl)methyl]-N-nitro-1H-imidazol-2-amine,47,mlp,1,1,0.43736170229207316,0.5240377444370137,-0.08667604214494051,0
708,Thifluzamide (Ref: MON 24000),310,mlp,1,0,0.5149823704069418,0.5240377444370137,-0.009055374030071839,0
709,Iprovalicarb (Ref: SZX 0722),88,mlp,1,0,0.32854153405183,0.5240377444370137,-0.19549621038518367,0
713,Dimethirimol (Ref: PP675),139,mlp,1,0,0.2745786851831146,0.5240377444370137,-0.24945905925389905,0
721,Ethirimol (Ref: PP149),139,mlp,1,1,0.27532778825475895,0.5240377444370137,-0.24870995618225472,0
722,Pyrifenox (Ref: CGA 179945),307,mlp,1,0,0.44454165190041156,0.5240377444370137,-0.07949609253660211,0
727,"N'-[4-[(3,4-Dihydro-2-methoxy-2,4,4-trimethyl-2H-1-benzopyran-7-yl)oxy]phenyl]-N-methoxy-N-methylurea",32,mlp,1,0,0.4814114647660513,0.5240377444370137,-0.042626279670962386,0
734,"3-(1-Ethylpropyl)phenol, 1-(N-Methylcarbamate) mixt. with 3-(1-Methylbutyl)phenyl N-methylcarbamate",12,mlp,1,1,0.3074648053070044,0.5240377444370137,-0.2165729391300093,0
748,Metamifop (Ref: DBH-129),64,mlp,1,0,0.4750183643080022,0.5240377444370137,-0.04901938012901147,0
763,"2,4,5-trichlorophenol",301,mlp,1,0,0.2821794263155934,0.5240377444370137,-0.24185831812142028,0
771,Isopyrazam (Ref: SYN 520453),43,mlp,1,0,0.4693721423565697,0.5240377444370137,-0.054665602080443965,0
773,Emamectin benzoate (Ref: MK 244),58,mlp,1,1,0.43266016934044876,0.5240377444370137,-0.09137757509656491,0
775,Hexylthiofos,134,mlp,1,0,0.6050858350137404,0.5240377444370137,0.08104809057672668,1
779,"N-(3',4'-Dichloro-5-fluoro[1,1'-biphenyl]-2-yl)-3-(difluoromethyl)-1-methyl-1H-pyrazole-4-carboxamide",43,mlp,1,0,0.4977996147554035,0.5240377444370137,-0.026238129681610156,0
782,Fluxapyroxad (Ref: BAS 700F),43,mlp,1,0,0.48579652335346557,0.5240377444370137,-0.038241221083548105,0
783,Cyflumetofen (Ref: OK-5101),296,mlp,1,0,0.48211859347945274,0.5240377444370137,-0.041919150957560936,0
784,"N-(2-[1,1'-Bicyclopropyl]-2-ylphenyl)-3-(difluoromethyl)-1-methyl-1H-pyrazole-4-carboxamide",43,mlp,1,1,0.4582273781552792,0.5240377444370137,-0.06581036628173448,0
788,"1-Acetyl-3,4-dihydro-3-[(3-pyridinylmethyl)amino]-6-[1,2,2,2-tetrafluoro-1-(trifluoromethyl)ethyl]-2(1H)-quinazolinone",295,mlp,1,1,0.5577349140833856,0.5240377444370137,0.03369716964637193,1
795,Spinetoram,110,mlp,1,1,0.35050843183052693,0.5240377444370137,-0.17352931260648674,0
797,"N-[9-(Dichloromethylene)-1,2,3,4-tetrahydro-1,4-1H-pyrazole-4-carboxamide",43,mlp,1,0,0.5149961074722339,0.5240377444370137,-0.009041636964779776,0
812,(2Z)-2-[[2-Fluoro-5-(trifluoromethyl)phenyl]thio]-2-[3-(2-methoxyphenyl)-2-thiazolidinylidene]acetonitrile,285,mlp,1,0,0.47900245438592587,0.5240377444370137,-0.045035290051087806,0
814,Methyl 3-(4-chlorophenyl)-3-[(N-{[(propan-2-yl)oxy]carbonyl}valyl)amino]propanoate,88,mlp,1,0,0.39394419065692016,0.5240377444370137,-0.13009355378009352,0
836,"Cyanamide (Ref: LH 21,810A)",279,mlp,1,1,0.1771134498439844,0.5240377444370137,-0.3469242945930293,0
853,Bromomethane,272,mlp,1,0,0.13418971899075594,0.5240377444370137,-0.38984802544625774,0
868,Alpha-pinene,261,mlp,1,0,0.1508163248551878,0.5240377444370137,-0.37322141958182586,0
886,Ryanodine,255,mlp,1,0,0.10530271561280448,0.5240377444370137,-0.4187350288242092,0
889,Laminarin (Ref: H11),127,mlp,1,0,0.027993733779342368,0.5240377444370137,-0.4960440106576713,0
892,Imazapyr,26,mlp,1,0,0.25270717836145623,0.5240377444370137,-0.27133056607555744,0
903,N-(Phenylmethyl)-1H-purin-6-amine,248,mlp,1,0,0.27381487327909276,0.5240377444370137,-0.2502228711579209,0
909,Nepetalactone,245,mlp,1,0,0.1695385901571827,0.5240377444370137,-0.354499154279831,0
912,Desmetryn (Ref: G 34360),19,mlp,1,0,0.275346937136702,0.5240377444370137,-0.24869080730031168,0
924,Bentazone,239,mlp,1,0,0.2434020582421323,0.5240377444370137,-0.2806356861948814,0
929,"3-[2,4-Dichloro-5-(1-methylethoxy)phenyl]-5-(1,1-dimethylethyl)-1,3,4-oxadiazol-2(3H)-one",67,mlp,1,0,0.4851287880483658,0.5240377444370137,-0.038908956388647886,0
937,Lineatin,230,mlp,1,0,0.16548910528660166,0.5240377444370137,-0.358548639150412,0
938,Kinoprene,79,mlp,1,0,0.33163628948303986,0.5240377444370137,-0.19240145495397382,0
944,Milbemectin (Ref: SL 8601),58,mlp,1,1,0.30278969530902666,0.5240377444370137,-0.221248049127987,0
956,"Tetrahydro-5,5-dimethyl-2(1H)-pyrimidio[3-[4-trifluoromethyl)phenyl]-1-[2-[4-(trifluoromethyl)phenyl]ethenyl]-2-propenylidene]hydrazone",222,mlp,1,0,0.5634820575428634,0.5240377444370137,0.039444313105849726,1
959,Siglure,117,mlp,1,0,0.21918045846200232,0.5240377444370137,-0.3048572859750114,0
961,Bensultap (Ref: OMS 3011),219,mlp,1,0,0.409200465859942,0.5240377444370137,-0.11483727857707166,0
970,Pefurazoate (Ref: UR-0003),213,mlp,1,0,0.4115845060080425,0.5240377444370137,-0.11245323842897115,0
983,Pyrimidifen,205,mlp,1,1,0.4309804124630241,0.5240377444370137,-0.09305733197398958,0
989,[N(Z)]-N-[3-[(6-Chloro-3-pyridinyl)methyl]-2-thiazolidinylidene]cyanamide,47,mlp,1,0,0.38134704921764623,0.5240377444370137,-0.14269069521936745,0
992,N-(Cyano-2-thienylmethyl)-4-ethyl-2-(ethylamino)-5-thiazolecarboxamide,200,mlp,1,0,0.36269237899997886,0.5240377444370137,-0.16134536543703482,0
997,Thenylchlor (Ref: NSK 850),6,mlp,1,0,0.4429452712959386,0.5240377444370137,-0.0810924731410751,0
1007,Cyflufenamid (Ref: NF 149),195,mlp,1,0,0.5113360575827125,0.5240377444370137,-0.012701686854301175,0
1011,Spinosad (Ref: XDE 105),110,mlp,1,1,0.3571466525295372,0.5240377444370137,-0.16689109190747647,0
1023,"1-[4-[4-[5-(2,6-Difluorophenyl)-4,5-dihydro-3-isoxazolyl]-2-thiazolyl]-1-piperidinyl]-2-[5-methyl-3-(trifluoromethyl)-1H-pyrazol-1-yl]ethanone",187,mlp,1,0,0.5221746499073022,0.5240377444370137,-0.001863094529711451,0
1034,Maltodextrin,178,mlp,1,0,0.11274074894939921,0.5240377444370137,-0.41129699548761445,0
3,Benzoic acid,108,rbf_matched,1,0,-0.9638983035524398,-0.04758572161847177,-0.916312581933968,0
13,Formothion (Ref: SAN 6913I),109,rbf_matched,1,1,1.9474343792193618,-0.04758572161847177,1.9950201008378337,1
22,"2,3,4,5,6-Pentachlorophenol",456,rbf_matched,1,0,-0.09402255747762683,-0.04758572161847177,-0.04643683585915506,0
24,Warfarin,455,rbf_matched,1,0,-0.4496334259160755,-0.04758572161847177,-0.4020477042976037,0
25,1-Naphthalenol methylcarbamate,12,rbf_matched,1,1,-1.0861599249796108,-0.04758572161847177,-1.038574203361139,0
35,"Benzoic acid, Methyl ester",108,rbf_matched,1,0,-1.0426516117439182,-0.04758572161847177,-0.9950658901254464,0
43,2-Chloro-N-(1-methylethyl)-N-phenylacetamide,6,rbf_matched,1,0,-1.1973572281287777,-0.04758572161847177,-1.1497715065103058,0
53,Alpha-terpinoline,447,rbf_matched,1,0,-1.082782831681515,-0.04758572161847177,-1.035197110063043,0
65,"2-[(Dimethoxyphosphinothioyl)thio]butanedioic acid 1,4-diethyl ester",168,rbf_matched,1,1,2.193633415676525,-0.04758572161847177,2.2412191372949968,1
68,"1,2,3,4-Tetrahydronaphthalene",445,rbf_matched,1,1,-0.9720878253469813,-0.04758572161847177,-0.9245021037285096,0
70,"As,As-Dimethylarsinic acid",166,rbf_matched,1,0,-0.8357150106038873,-0.04758572161847177,-0.7881292889854156,0
72,"2-(1-Methylethoxy)phenol, 1-(N-Methylcarbamate)",12,rbf_matched,1,1,-1.034179269695451,-0.04758572161847177,-0.9865935480769793,0
75,"2-Aminobenzoic acid, Methyl ester",108,rbf_matched,1,0,-0.847946455135703,-0.04758572161847177,-0.8003607335172312,0
88,1-Naphthaleneacetic acid,12,rbf_matched,1,0,-1.0911244915623837,-0.04758572161847177,-1.0435387699439118,0
89,2-Chloro-N-(ethoxymethyl)-N-(2-ethyl-6-methylphenyl)acetamide,6,rbf_matched,1,0,-1.2899074022648993,-0.04758572161847177,-1.2423216806464275,0
110,DNOC (Ref: ENT 154),41,rbf_matched,1,0,-0.5083052232682903,-0.04758572161847177,-0.46071950164981856,0
129,Abamectin (Ref: MK 936),58,rbf_matched,1,1,1.1727688618951715,-0.04758572161847177,1.2203545835136433,1
133,"Phosphoric acid 1,2-dibromo-2,2-dichloroethyl dimethyl ester",432,rbf_matched,1,1,1.161081895520504,-0.04758572161847177,1.2086676171389759,1
144,"2-Cyclohexyl-4,6-dinitrophenol",41,rbf_matched,1,0,-0.18741872883363558,-0.04758572161847177,-0.1398330072151638,0
153,Dinobuton (Ref: OMS 1056),41,rbf_matched,1,0,0.6616429031030069,-0.04758572161847177,0.7092286247214786,1
155,"2-(1-Methylpropyl)-4,6-dinitrophenol",41,rbf_matched,1,0,-0.34655325697455136,-0.04758572161847177,-0.29896753535607956,0
168,"2-Chloro-9-hydroxy-9H-fluorene-9-carboxylic acid, Methyl ester",424,rbf_matched,1,0,-1.19370386916117,-0.04758572161847177,-1.1461181475426983,0
171,Dinocap (Ref: ENT 24727),41,rbf_matched,1,1,0.19707882035409047,-0.04758572161847177,0.24466454197256224,1
197,"alpha-[(Dimethoxyphosphinothioyl)thio] benzeneacetic acid, Ethyl ester",168,rbf_matched,1,1,2.1567916838857992,-0.04758572161847177,2.204377405504271,1
205,Binapacryl (Ref: FMC 9044),41,rbf_matched,1,0,0.15859740172555686,-0.04758572161847177,0.20618312334402863,1
209,"Phosphoric acid, 2-Chloro-3-(diethylamino)-1-methyl-3-oxo-1-propen-1-yl dimethyl ester",420,rbf_matched,1,1,1.6781318377192658,-0.04758572161847177,1.7257175593377376,1
232,"2-Chloro-N-(2,6-diethylphenyl)-N-(methoxymethyl)acetamide",6,rbf_matched,1,0,-1.3406396407519392,-0.04758572161847177,-1.2930539191334673,0
237,Medlure,117,rbf_matched,1,0,-0.9679874900916225,-0.04758572161847177,-0.9204017684731508,0
243,"6-Methyl-1,3-dithiolo[4,5-b]quinoxalin-2-one",414,rbf_matched,1,0,-0.8915483540365365,-0.04758572161847177,-0.8439626324180648,0
250,Methylarsonic acid,166,rbf_matched,1,0,-0.9671383248150198,-0.04758572161847177,-0.9195526031965481,0
270,"2,3-Dihydro-2,2-dimethyl-7-benzofuranol 7-(N-methylcarbamate)",12,rbf_matched,1,1,-1.0627324920546457,-0.04758572161847177,-1.0151467704361739,0
272,Methoprotryne (Ref: G 36393),19,rbf_matched,1,0,-1.002357363840422,-0.04758572161847177,-0.9547716422219502,0
282,Bensulide (Ref: R 4461),406,rbf_matched,1,1,1.932058362385934,-0.04758572161847177,1.9796440840044058,1
289,Butachlor (Ref: CP 53619),6,rbf_matched,1,0,-1.150984204863682,-0.04758572161847177,-1.1033984832452102,0
303,"Benzo[b]thiophene-4-ol, 4-(N-methylcarbamate)",12,rbf_matched,1,1,-0.7787746592817044,-0.04758572161847177,-0.7311889376632327,0
305,Fenclorim (Ref: CGA 123407),402,rbf_matched,1,0,-1.013623020550024,-0.04758572161847177,-0.9660372989315523,0
306,"3,5-Dibromo-4-hydroxybenzonitrile",101,rbf_matched,1,1,-1.1570572328205035,-0.04758572161847177,-1.1094715112020317,0
307,"2-(1,3-Dioxolan-2-yl)phenol 1-(N-methylcarbamate)",12,rbf_matched,1,1,-1.0391206988974464,-0.04758572161847177,-0.9915349772789747,0
314,Anilazine (Ref: ENT 26 058),398,rbf_matched,1,0,-1.2025783698351475,-0.04758572161847177,-1.1549926482166757,0
318,Validamycin A,127,rbf_matched,1,1,-1.2457773386262279,-0.04758572161847177,-1.198191617007756,0
328,Cyclohexylethylcarbamothioic acid S-ethyl ester,395,rbf_matched,1,1,-0.5335019517234241,-0.04758572161847177,-0.48591623010495233,0
345,Triazophos (Ref: HOE 002960 ),73,rbf_matched,1,0,1.2442261848661065,-0.04758572161847177,1.2918119064845783,1
346,"2,2-Dimethyl-1,3-benzodioxol-4-ol 4-(N-methylcarbamate)",12,rbf_matched,1,1,-0.9224463814225736,-0.04758572161847177,-0.8748606598041019,0
350,Napropamide (Ref: R 7465),12,rbf_matched,1,0,-0.7567958050765882,-0.04758572161847177,-0.7092100834581164,0
362,(E)-dodec-8-enyl acetate,36,rbf_matched,1,0,-1.0136842538160515,-0.04758572161847177,-0.9660985321975798,0
366,Hydroprene (Ref: OMS 1696),79,rbf_matched,1,1,-0.7370116327490142,-0.04758572161847177,-0.6894259111305424,0
367,Methoprene (Ref: OMS 1697),79,rbf_matched,1,1,-0.3599312256206944,-0.04758572161847177,-0.3123455040022226,0
368,"1-[2-(2,4-Dichlorophenyl)-2-(2-propenyloxy)ethyl]-1H-imidazole",387,rbf_matched,1,0,-0.8711163872672067,-0.04758572161847177,-0.823530665648735,0
383,2-[(Ethylthio)methyl]phenol 1-(N-methylcarbamate),12,rbf_matched,1,1,-0.7394749074894442,-0.04758572161847177,-0.6918891858709725,0
390,Metamitron (Ref: BAY DRW 1139),381,rbf_matched,1,0,-1.0540825624845855,-0.04758572161847177,-1.0064968408661137,0
411,Dimethachlor (Ref: CGA 17020),6,rbf_matched,1,0,-1.3676630502873899,-0.04758572161847177,-1.320077328668918,0
415,Isoprocarb (Ref: OMS 32),12,rbf_matched,1,1,-1.0605452589756823,-0.04758572161847177,-1.0129595373572104,0
418,2-Chloro-N-(2-ethyl-6-methylphenyl)-N-(2-methoxy-1-methylethyl)acetamide,6,rbf_matched,1,0,-1.215838687611199,-0.04758572161847177,-1.1682529659927272,0
427,"N-(2,6-Dimethylphenyl)-N-(methoxyacetyl)alanine methyl ester",6,rbf_matched,1,0,-0.9991289416286915,-0.04758572161847177,-0.9515432200102197,0
432,Prochloraz (Ref: BTS 40542),375,rbf_matched,1,0,-0.5246191847234052,-0.04758572161847177,-0.47703346310493344,0
433,Milbemycin A4,58,rbf_matched,1,1,0.5467055220262995,-0.04758572161847177,0.5942912436447713,1
445,Ofurace (Ref: AE F057623),95,rbf_matched,1,0,-1.3170483971839773,-0.04758572161847177,-1.2694626755655054,0
452,Pyridafenthion (Ref: ENT 23968)),73,rbf_matched,1,1,1.3333209078185326,-0.04758572161847177,1.3809066294370045,1
467,Benalaxyl (Ref: M 9834),6,rbf_matched,1,0,-0.6914322281131462,-0.04758572161847177,-0.6438465064946745,0
476,Oxadixyl (Ref: SAN 371F),95,rbf_matched,1,0,-0.9075411772106368,-0.04758572161847177,-0.859955455592165,0
478,Metazachlor (Ref: BAS 47900H),6,rbf_matched,1,0,-1.2732304590255439,-0.04758572161847177,-1.225644737407072,0
488,Imazaquin (Ref: BAS 725H),26,rbf_matched,1,1,-1.04855344918997,-0.04758572161847177,-1.000967727571498,0
507,Imazethapyr (Ref: AC 252925),26,rbf_matched,1,0,-0.9701988876473433,-0.04758572161847177,-0.9226131660288716,0
509,Aclonifen (Ref: AE F068300),362,rbf_matched,1,0,-0.6014080482776365,-0.04758572161847177,-0.5538223266591648,0
512,Fenothiocarb (Ref: KCO 3001),361,rbf_matched,1,0,-0.524971833174056,-0.04758572161847177,-0.4773861115555843,0
521,Imazamethabenz (Ref: AC 263840),26,rbf_matched,1,0,-1.0369988380401989,-0.04758572161847177,-0.9894131164217271,0
530,Diflumetorim (Ref: UBF 002),358,rbf_matched,1,1,-0.9205032679304257,-0.04758572161847177,-0.872917546311954,0
531,Pretilachlor (Ref: CGA 26423),6,rbf_matched,1,0,-1.3095713569079461,-0.04758572161847177,-1.2619856352894743,0
532,Imazamethabenz-methyl (Ref: AC 222293),26,rbf_matched,1,0,-0.890980228703085,-0.04758572161847177,-0.8433945070846133,0
534,Imazamox (Ref: BAS 720H),26,rbf_matched,1,0,-0.9917089737285825,-0.04758572161847177,-0.9441232521101107,0
552,Diethatyl ethyl (Ref: BAY NNT 6867),6,rbf_matched,1,0,-1.3900816421370987,-0.04758572161847177,-1.3424959205186269,0
564,Imidacloprid (Ref: BAY NTN 33893),47,rbf_matched,1,1,-1.1029136340407562,-0.04758572161847177,-1.0553279124222843,0
573,Fenchlorazole-ethyl (Ref: HOE 070542),350,rbf_matched,1,0,0.2675935681829748,-0.04758572161847177,0.3151792898014466,1
576,Triazamate (Ref: RH 7988),349,rbf_matched,1,0,-0.07539157609875008,-0.04758572161847177,-0.027805854480278308,0
578,Imazapic (Ref: AC 263222),26,rbf_matched,1,0,-0.973070158390388,-0.04758572161847177,-0.9254844367719163,0
590,Iminoctadine triacetate (Ref: DF 125),152,rbf_matched,1,0,-0.698435768862512,-0.04758572161847177,-0.6508500472440403,0
591,Fenpyroximate (Ref: NNI 850),343,rbf_matched,1,0,0.6264208484028646,-0.04758572161847177,0.6740065700213363,1
630,Oxadiargyl (Ref: RP 020630 ),67,rbf_matched,1,0,-0.6394013447735063,-0.04758572161847177,-0.5918156231550346,0
637,"(1E)-N-[(6-Chloro-3-pyridinyl)methyl]-N-ethyl-N'-methyl-2-nitro-1,1-ethenediamine",47,rbf_matched,1,1,-1.3721536147263873,-0.04758572161847177,-1.3245678931079155,0
639,"2-(2,6-Difluorophenyl)-4-[4-(1,1-dimethylethyl)-2-ethoxyphenyl]-4,5-dihydrooxazole",332,rbf_matched,1,0,0.333782525236997,-0.04758572161847177,0.3813682468554688,1
642,Flupoxam (Ref: MON 18500),331,rbf_matched,1,0,-0.5221668360452665,-0.04758572161847177,-0.47458111442679474,0
644,"1-[(6-Chloro-3-pyridinyl)methyl]-4,5-dihydro-1H-imidazol-2-amine",47,rbf_matched,1,1,-1.1787974163195838,-0.04758572161847177,-1.131211694701112,0
650,Benthiavalicarb-isopropyl (Ref: KIF-230),88,rbf_matched,1,0,-0.5329556153912283,-0.04758572161847177,-0.4853698937727565,0
651,Azafenidin,67,rbf_matched,1,0,-1.2171450164950717,-0.04758572161847177,-1.1695592948765998,0
654,Cinidon-ethyl (Ref: BAS 615H),327,rbf_matched,1,0,-0.41955779901631846,-0.04758572161847177,-0.37197207739784666,0
673,Verbutin (Ref: MB-599),320,rbf_matched,1,0,-1.0996871716668732,-0.04758572161847177,-1.0521014500484014,0
676,Propisochlor,6,rbf_matched,1,0,-1.1426320569964308,-0.04758572161847177,-1.095046335377959,0
679,Dimethenamid-P,6,rbf_matched,1,0,-0.8943940806779616,-0.04758572161847177,-0.8468083590594898,0
680,Picolinafen (Ref: BAS 700H),145,rbf_matched,1,0,0.2619986540569907,-0.04758572161847177,0.3095843756754625,1
695,1-[(6-Chloro-3-pyridinyl)methyl]-N-nitro-1H-imidazol-2-amine,47,rbf_matched,1,1,-1.3927208761680856,-0.04758572161847177,-1.3451351545496137,0
708,Thifluzamide (Ref: MON 24000),310,rbf_matched,1,0,1.115038775492082,-0.04758572161847177,1.162624497110554,1
709,Iprovalicarb (Ref: SZX 0722),88,rbf_matched,1,0,-0.8615579966030762,-0.04758572161847177,-0.8139722749846044,0
713,Dimethirimol (Ref: PP675),139,rbf_matched,1,0,-1.2691560191702902,-0.04758572161847177,-1.2215702975518183,0
721,Ethirimol (Ref: PP149),139,rbf_matched,1,1,-1.3347149134535716,-0.04758572161847177,-1.2871291918350998,0
722,Pyrifenox (Ref: CGA 179945),307,rbf_matched,1,0,-0.7995644635042922,-0.04758572161847177,-0.7519787418858205,0
727,"N'-[4-[(3,4-Dihydro-2-methoxy-2,4,4-trimethyl-2H-1-benzopyran-7-yl)oxy]phenyl]-N-methoxy-N-methylurea",32,rbf_matched,1,0,0.4572783726321325,-0.04758572161847177,0.5048640942506043,1
734,"3-(1-Ethylpropyl)phenol, 1-(N-Methylcarbamate) mixt. with 3-(1-Methylbutyl)phenyl N-methylcarbamate",12,rbf_matched,1,1,-0.9488553492677039,-0.04758572161847177,-0.9012696276492321,0
748,Metamifop (Ref: DBH-129),64,rbf_matched,1,0,0.9729118586139645,-0.04758572161847177,1.0204975802324363,1
763,"2,4,5-trichlorophenol",301,rbf_matched,1,0,-0.8062923205308501,-0.04758572161847177,-0.7587065989123783,0
771,Isopyrazam (Ref: SYN 520453),43,rbf_matched,1,0,-0.18852822538027364,-0.04758572161847177,-0.14094250376180187,0
773,Emamectin benzoate (Ref: MK 244),58,rbf_matched,1,1,1.0394512483550373,-0.04758572161847177,1.0870369699735092,1
775,Hexylthiofos,134,rbf_matched,1,0,1.5545865273867967,-0.04758572161847177,1.6021722490052686,1
779,"N-(3',4'-Dichloro-5-fluoro[1,1'-biphenyl]-2-yl)-3-(difluoromethyl)-1-methyl-1H-pyrazole-4-carboxamide",43,rbf_matched,1,0,0.8164933377217636,-0.04758572161847177,0.8640790593402353,1
782,Fluxapyroxad (Ref: BAS 700F),43,rbf_matched,1,0,-0.09050624369344656,-0.04758572161847177,-0.04292052207497479,0
783,Cyflumetofen (Ref: OK-5101),296,rbf_matched,1,0,-0.14676360819844209,-0.04758572161847177,-0.09917788657997031,0
784,"N-(2-[1,1'-Bicyclopropyl]-2-ylphenyl)-3-(difluoromethyl)-1-methyl-1H-pyrazole-4-carboxamide",43,rbf_matched,1,1,-0.8577359149977568,-0.04758572161847177,-0.8101501933792851,0
788,"1-Acetyl-3,4-dihydro-3-[(3-pyridinylmethyl)amino]-6-[1,2,2,2-tetrafluoro-1-(trifluoromethyl)ethyl]-2(1H)-quinazolinone",295,rbf_matched,1,1,0.0423535006131181,-0.04758572161847177,0.08993922223158987,1
795,Spinetoram,110,rbf_matched,1,1,1.5581675781418312,-0.04758572161847177,1.605753299760303,1
797,"N-[9-(Dichloromethylene)-1,2,3,4-tetrahydro-1,4-1H-pyrazole-4-carboxamide",43,rbf_matched,1,0,0.27502210262799903,-0.04758572161847177,0.32260782424647083,1
812,(2Z)-2-[[2-Fluoro-5-(trifluoromethyl)phenyl]thio]-2-[3-(2-methoxyphenyl)-2-thiazolidinylidene]acetonitrile,285,rbf_matched,1,0,0.6336539988056493,-0.04758572161847177,0.6812397204241211,1
814,Methyl 3-(4-chlorophenyl)-3-[(N-{[(propan-2-yl)oxy]carbonyl}valyl)amino]propanoate,88,rbf_matched,1,0,-0.928251172289339,-0.04758572161847177,-0.8806654506708672,0
836,"Cyanamide (Ref: LH 21,810A)",279,rbf_matched,1,1,-1.2866718137754678,-0.04758572161847177,-1.239086092156996,0
853,Bromomethane,272,rbf_matched,1,0,-0.6906737502689808,-0.04758572161847177,-0.6430880286505091,0
868,Alpha-pinene,261,rbf_matched,1,0,-1.0605544909345321,-0.04758572161847177,-1.0129687693160603,0
886,Ryanodine,255,rbf_matched,1,0,-2.0495618231678487,-0.04758572161847177,-2.001976101549377,0
889,Laminarin (Ref: H11),127,rbf_matched,1,0,-1.1676550818733487,-0.04758572161847177,-1.1200693602548768,0
892,Imazapyr,26,rbf_matched,1,0,-0.9981098512823963,-0.04758572161847177,-0.9505241296639245,0
903,N-(Phenylmethyl)-1H-purin-6-amine,248,rbf_matched,1,0,-1.1902783838580764,-0.04758572161847177,-1.1426926622396045,0
909,Nepetalactone,245,rbf_matched,1,0,-1.0012463787638908,-0.04758572161847177,-0.953660657145419,0
912,Desmetryn (Ref: G 34360),19,rbf_matched,1,0,-0.8272280130247023,-0.04758572161847177,-0.7796422914062305,0
924,Bentazone,239,rbf_matched,1,0,-1.0981020046380305,-0.04758572161847177,-1.0505162830195587,0
929,"3-[2,4-Dichloro-5-(1-methylethoxy)phenyl]-5-(1,1-dimethylethyl)-1,3,4-oxadiazol-2(3H)-one",67,rbf_matched,1,0,-0.25912856258354583,-0.04758572161847177,-0.21154284096507406,0
937,Lineatin,230,rbf_matched,1,0,-1.020065798319812,-0.04758572161847177,-0.9724800767013403,0
938,Kinoprene,79,rbf_matched,1,0,-0.7899241975225195,-0.04758572161847177,-0.7423384759040478,0
944,Milbemectin (Ref: SL 8601),58,rbf_matched,1,1,0.26374019316108804,-0.04758572161847177,0.31132591477955984,1
956,"Tetrahydro-5,5-dimethyl-2(1H)-pyrimidio[3-[4-trifluoromethyl)phenyl]-1-[2-[4-(trifluoromethyl)phenyl]ethenyl]-2-propenylidene]hydrazone",222,rbf_matched,1,0,0.8509369528188564,-0.04758572161847177,0.8985226744373281,1
959,Siglure,117,rbf_matched,1,0,-0.9182051338212223,-0.04758572161847177,-0.8706194122027505,0
961,Bensultap (Ref: OMS 3011),219,rbf_matched,1,0,-0.46385045215591464,-0.04758572161847177,-0.41626473053744284,0
970,Pefurazoate (Ref: UR-0003),213,rbf_matched,1,0,-0.9884768593352782,-0.04758572161847177,-0.9408911377168064,0
983,Pyrimidifen,205,rbf_matched,1,1,-0.9925406871665772,-0.04758572161847177,-0.9449549655481054,0
989,[N(Z)]-N-[3-[(6-Chloro-3-pyridinyl)methyl]-2-thiazolidinylidene]cyanamide,47,rbf_matched,1,0,-0.46158115672723926,-0.04758572161847177,-0.41399543510876746,0
992,N-(Cyano-2-thienylmethyl)-4-ethyl-2-(ethylamino)-5-thiazolecarboxamide,200,rbf_matched,1,0,-0.3425469924837768,-0.04758572161847177,-0.294961270865305,0
997,Thenylchlor (Ref: NSK 850),6,rbf_matched,1,0,-0.4012493809619085,-0.04758572161847177,-0.3536636593434367,0
1007,Cyflufenamid (Ref: NF 149),195,rbf_matched,1,0,-0.8450623216800495,-0.04758572161847177,-0.7974766000615777,0
1011,Spinosad (Ref: XDE 105),110,rbf_matched,1,1,1.7642629976060318,-0.04758572161847177,1.8118487192245036,1
1023,"1-[4-[4-[5-(2,6-Difluorophenyl)-4,5-dihydro-3-isoxazolyl]-2-thiazolyl]-1-piperidinyl]-2-[5-methyl-3-(trifluoromethyl)-1H-pyrazol-1-yl]ethanone",187,rbf_matched,1,0,0.9614646283656743,-0.04758572161847177,1.0090503499841461,1
1034,Maltodextrin,178,rbf_matched,1,0,-2.0136713858090483,-0.04758572161847177,-1.9660856641905764,0
3,Benzoic acid,108,quantum_angle_product,1,0,-0.9379481784668255,0.02900538217637269,-0.9669535606431983,0
13,Formothion (Ref: SAN 6913I),109,quantum_angle_product,1,1,1.4137353473635481,0.02900538217637269,1.3847299651871754,1
22,"2,3,4,5,6-Pentachlorophenol",456,quantum_angle_product,1,0,-0.21592688683563696,0.02900538217637269,-0.24493226901200965,0
24,Warfarin,455,quantum_angle_product,1,0,-0.589687874061515,0.02900538217637269,-0.6186932562378877,0
25,1-Naphthalenol methylcarbamate,12,quantum_angle_product,1,1,-1.0518488498401464,0.02900538217637269,-1.080854232016519,0
35,"Benzoic acid, Methyl ester",108,quantum_angle_product,1,0,-1.0439918079251616,0.02900538217637269,-1.0729971901015343,0
43,2-Chloro-N-(1-methylethyl)-N-phenylacetamide,6,quantum_angle_product,1,0,-1.1829601580448792,0.02900538217637269,-1.211965540221252,0
53,Alpha-terpinoline,447,quantum_angle_product,1,0,-0.9812369886175376,0.02900538217637269,-1.0102423707939103,0
65,"2-[(Dimethoxyphosphinothioyl)thio]butanedioic acid 1,4-diethyl ester",168,quantum_angle_product,1,1,1.7837420714534697,0.02900538217637269,1.754736689277097,1
68,"1,2,3,4-Tetrahydronaphthalene",445,quantum_angle_product,1,1,-0.998654814380701,0.02900538217637269,-1.0276601965570737,0
70,"As,As-Dimethylarsinic acid",166,quantum_angle_product,1,0,-0.8356939650721869,0.02900538217637269,-0.8646993472485596,0
72,"2-(1-Methylethoxy)phenol, 1-(N-Methylcarbamate)",12,quantum_angle_product,1,1,-0.9922191363024113,0.02900538217637269,-1.021224518478784,0
75,"2-Aminobenzoic acid, Methyl ester",108,quantum_angle_product,1,0,-0.9355794168417619,0.02900538217637269,-0.9645847990181347,0
88,1-Naphthaleneacetic acid,12,quantum_angle_product,1,0,-1.1050202576206192,0.02900538217637269,-1.134025639796992,0
89,2-Chloro-N-(ethoxymethyl)-N-(2-ethyl-6-methylphenyl)acetamide,6,quantum_angle_product,1,0,-1.2667206661685824,0.02900538217637269,-1.295726048344955,0
110,DNOC (Ref: ENT 154),41,quantum_angle_product,1,0,-0.48619818001210835,0.02900538217637269,-0.5152035621884811,0
129,Abamectin (Ref: MK 936),58,quantum_angle_product,1,1,-0.04532447783404733,0.02900538217637269,-0.07432986001042002,0
133,"Phosphoric acid 1,2-dibromo-2,2-dichloroethyl dimethyl ester",432,quantum_angle_product,1,1,0.8440797761153569,0.02900538217637269,0.8150743939389842,1
144,"2-Cyclohexyl-4,6-dinitrophenol",41,quantum_angle_product,1,0,-0.15795340290622073,0.02900538217637269,-0.18695878508259342,0
153,Dinobuton (Ref: OMS 1056),41,quantum_angle_product,1,0,0.4650885418593456,0.02900538217637269,0.43608315968297295,1
155,"2-(1-Methylpropyl)-4,6-dinitrophenol",41,quantum_angle_product,1,0,-0.21280951656668168,0.02900538217637269,-0.24181489874305437,0
168,"2-Chloro-9-hydroxy-9H-fluorene-9-carboxylic acid, Methyl ester",424,quantum_angle_product,1,0,-1.128655489563498,0.02900538217637269,-1.1576608717398706,0
171,Dinocap (Ref: ENT 24727),41,quantum_angle_product,1,1,0.2068025046966343,0.02900538217637269,0.1777971225202616,1
197,"alpha-[(Dimethoxyphosphinothioyl)thio] benzeneacetic acid, Ethyl ester",168,quantum_angle_product,1,1,2.067359720857885,0.02900538217637269,2.0383543386815126,1
205,Binapacryl (Ref: FMC 9044),41,quantum_angle_product,1,0,0.1708772776284213,0.02900538217637269,0.14187189545204862,1
209,"Phosphoric acid, 2-Chloro-3-(diethylamino)-1-methyl-3-oxo-1-propen-1-yl dimethyl ester",420,quantum_angle_product,1,1,1.5566204224431701,0.02900538217637269,1.5276150402667974,1
232,"2-Chloro-N-(2,6-diethylphenyl)-N-(methoxymethyl)acetamide",6,quantum_angle_product,1,0,-1.3092847132306769,0.02900538217637269,-1.3382900954070496,0
237,Medlure,117,quantum_angle_product,1,0,-1.0345633387135922,0.02900538217637269,-1.063568720889965,0
243,"6-Methyl-1,3-dithiolo[4,5-b]quinoxalin-2-one",414,quantum_angle_product,1,0,-0.7276870766339483,0.02900538217637269,-0.756692458810321,0
250,Methylarsonic acid,166,quantum_angle_product,1,0,-0.7716865029888247,0.02900538217637269,-0.8006918851651974,0
270,"2,3-Dihydro-2,2-dimethyl-7-benzofuranol 7-(N-methylcarbamate)",12,quantum_angle_product,1,1,-0.9854848225316555,0.02900538217637269,-1.0144902047080282,0
272,Methoprotryne (Ref: G 36393),19,quantum_angle_product,1,0,-0.9667351426600082,0.02900538217637269,-0.9957405248363809,0
282,Bensulide (Ref: R 4461),406,quantum_angle_product,1,1,1.7621298070423344,0.02900538217637269,1.7331244248659616,1
289,Butachlor (Ref: CP 53619),6,quantum_angle_product,1,0,-1.0724770985349736,0.02900538217637269,-1.1014824807113464,0
303,"Benzo[b]thiophene-4-ol, 4-(N-methylcarbamate)",12,quantum_angle_product,1,1,-0.838149422146024,0.02900538217637269,-0.8671548043223967,0
305,Fenclorim (Ref: CGA 123407),402,quantum_angle_product,1,0,-0.9897504279977636,0.02900538217637269,-1.0187558101741363,0
306,"3,5-Dibromo-4-hydroxybenzonitrile",101,quantum_angle_product,1,1,-1.0338428672757325,0.02900538217637269,-1.0628482494521052,0
307,"2-(1,3-Dioxolan-2-yl)phenol 1-(N-methylcarbamate)",12,quantum_angle_product,1,1,-1.0027664109213892,0.02900538217637269,-1.031771793097762,0
314,Anilazine (Ref: ENT 26 058),398,quantum_angle_product,1,0,-1.096073013668604,0.02900538217637269,-1.1250783958449768,0
318,Validamycin A,127,quantum_angle_product,1,1,-0.9272689998951411,0.02900538217637269,-0.9562743820715138,0
328,Cyclohexylethylcarbamothioic acid S-ethyl ester,395,quantum_angle_product,1,1,-0.690543888531018,0.02900538217637269,-0.7195492707073907,0
345,Triazophos (Ref: HOE 002960 ),73,quantum_angle_product,1,0,1.3047447225805284,0.02900538217637269,1.2757393404041557,1
346,"2,2-Dimethyl-1,3-benzodioxol-4-ol 4-(N-methylcarbamate)",12,quantum_angle_product,1,1,-0.8765207835275599,0.02900538217637269,-0.9055261657039326,0
350,Napropamide (Ref: R 7465),12,quantum_angle_product,1,0,-0.7320643850327249,0.02900538217637269,-0.7610697672090976,0
362,(E)-dodec-8-enyl acetate,36,quantum_angle_product,1,0,-1.0257658157048835,0.02900538217637269,-1.0547711978812562,0
366,Hydroprene (Ref: OMS 1696),79,quantum_angle_product,1,1,-0.8656305298031577,0.02900538217637269,-0.8946359119795304,0
367,Methoprene (Ref: OMS 1697),79,quantum_angle_product,1,1,-0.574447647409812,0.02900538217637269,-0.6034530295861847,0
368,"1-[2-(2,4-Dichlorophenyl)-2-(2-propenyloxy)ethyl]-1H-imidazole",387,quantum_angle_product,1,0,-0.8191337512081613,0.02900538217637269,-0.8481391333845341,0
383,2-[(Ethylthio)methyl]phenol 1-(N-methylcarbamate),12,quantum_angle_product,1,1,-0.7994467751674925,0.02900538217637269,-0.8284521573438652,0
390,Metamitron (Ref: BAY DRW 1139),381,quantum_angle_product,1,0,-1.138280520030438,0.02900538217637269,-1.1672859022068107,0
411,Dimethachlor (Ref: CGA 17020),6,quantum_angle_product,1,0,-1.28250686560888,0.02900538217637269,-1.3115122477852528,0
415,Isoprocarb (Ref: OMS 32),12,quantum_angle_product,1,1,-1.0107791848491028,0.02900538217637269,-1.0397845670254755,0
418,2-Chloro-N-(2-ethyl-6-methylphenyl)-N-(2-methoxy-1-methylethyl)acetamide,6,quantum_angle_product,1,0,-1.1225429344774727,0.02900538217637269,-1.1515483166538454,0
427,"N-(2,6-Dimethylphenyl)-N-(methoxyacetyl)alanine methyl ester",6,quantum_angle_product,1,0,-0.9799258562453292,0.02900538217637269,-1.008931238421702,0
432,Prochloraz (Ref: BTS 40542),375,quantum_angle_product,1,0,-0.4274054263233834,0.02900538217637269,-0.4564108084997561,0
433,Milbemycin A4,58,quantum_angle_product,1,1,0.023468484280627644,0.02900538217637269,-0.0055368978957450465,0
445,Ofurace (Ref: AE F057623),95,quantum_angle_product,1,0,-1.27602155845928,0.02900538217637269,-1.3050269406356527,0
452,Pyridafenthion (Ref: ENT 23968)),73,quantum_angle_product,1,1,1.3293864660750394,0.02900538217637269,1.3003810838986667,1
467,Benalaxyl (Ref: M 9834),6,quantum_angle_product,1,0,-0.7158029332681985,0.02900538217637269,-0.7448083154445713,0
476,Oxadixyl (Ref: SAN 371F),95,quantum_angle_product,1,0,-0.8935047640944105,0.02900538217637269,-0.9225101462707832,0
478,Metazachlor (Ref: BAS 47900H),6,quantum_angle_product,1,0,-1.265982719295258,0.02900538217637269,-1.2949881014716307,0
488,Imazaquin (Ref: BAS 725H),26,quantum_angle_product,1,1,-1.0556212483362573,0.02900538217637269,-1.08462663051263,0
507,Imazethapyr (Ref: AC 252925),26,quantum_angle_product,1,0,-0.990792586422713,0.02900538217637269,-1.0197979685990857,0
509,Aclonifen (Ref: AE F068300),362,quantum_angle_product,1,0,-0.650373528378644,0.02900538217637269,-0.6793789105550168,0
512,Fenothiocarb (Ref: KCO 3001),361,quantum_angle_product,1,0,-0.5961173511622126,0.02900538217637269,-0.6251227333385854,0
521,Imazamethabenz (Ref: AC 263840),26,quantum_angle_product,1,0,-0.9983651784924739,0.02900538217637269,-1.0273705606688466,0
530,Diflumetorim (Ref: UBF 002),358,quantum_angle_product,1,1,-0.7308177039938187,0.02900538217637269,-0.7598230861701915,0
531,Pretilachlor (Ref: CGA 26423),6,quantum_angle_product,1,0,-1.1666532483784917,0.02900538217637269,-1.1956586305548644,0
532,Imazamethabenz-methyl (Ref: AC 222293),26,quantum_angle_product,1,0,-0.8949239934670916,0.02900538217637269,-0.9239293756434643,0
534,Imazamox (Ref: BAS 720H),26,quantum_angle_product,1,0,-1.022364390567015,0.02900538217637269,-1.0513697727433877,0
552,Diethatyl ethyl (Ref: BAY NNT 6867),6,quantum_angle_product,1,0,-1.3182848650229224,0.02900538217637269,-1.3472902471992951,0
564,Imidacloprid (Ref: BAY NTN 33893),47,quantum_angle_product,1,1,-1.0489410964943366,0.02900538217637269,-1.0779464786707094,0
573,Fenchlorazole-ethyl (Ref: HOE 070542),350,quantum_angle_product,1,0,0.12012695789142525,0.02900538217637269,0.09112157571505256,1
576,Triazamate (Ref: RH 7988),349,quantum_angle_product,1,0,-0.35211582343117404,0.02900538217637269,-0.3811212056075467,0
578,Imazapic (Ref: AC 263222),26,quantum_angle_product,1,0,-1.000465202521215,0.02900538217637269,-1.0294705846975878,0
590,Iminoctadine triacetate (Ref: DF 125),152,quantum_angle_product,1,0,-0.5210457806580129,0.02900538217637269,-0.5500511628343856,0
591,Fenpyroximate (Ref: NNI 850),343,quantum_angle_product,1,0,0.4397255822094918,0.02900538217637269,0.41072020003311915,1
630,Oxadiargyl (Ref: RP 020630 ),67,quantum_angle_product,1,0,-0.6746605118636686,0.02900538217637269,-0.7036658940400413,0
637,"(1E)-N-[(6-Chloro-3-pyridinyl)methyl]-N-ethyl-N'-methyl-2-nitro-1,1-ethenediamine",47,quantum_angle_product,1,1,-1.275424888817185,0.02900538217637269,-1.3044302709935578,0
639,"2-(2,6-Difluorophenyl)-4-[4-(1,1-dimethylethyl)-2-ethoxyphenyl]-4,5-dihydrooxazole",332,quantum_angle_product,1,0,0.15674423821910638,0.02900538217637269,0.1277388560427337,1
642,Flupoxam (Ref: MON 18500),331,quantum_angle_product,1,0,-0.34675392578733655,0.02900538217637269,-0.37575930796370927,0
644,"1-[(6-Chloro-3-pyridinyl)methyl]-4,5-dihydro-1H-imidazol-2-amine",47,quantum_angle_product,1,1,-1.2142662567324933,0.02900538217637269,-1.243271638908866,0
650,Benthiavalicarb-isopropyl (Ref: KIF-230),88,quantum_angle_product,1,0,-0.5471731905862827,0.02900538217637269,-0.5761785727626554,0
651,Azafenidin,67,quantum_angle_product,1,0,-1.2170439847590762,0.02900538217637269,-1.2460493669354489,0
654,Cinidon-ethyl (Ref: BAS 615H),327,quantum_angle_product,1,0,-0.48839443051460163,0.02900538217637269,-0.5173998126909743,0
673,Verbutin (Ref: MB-599),320,quantum_angle_product,1,0,-1.0833137993037723,0.02900538217637269,-1.112319181480145,0
676,Propisochlor,6,quantum_angle_product,1,0,-1.1429154818974254,0.02900538217637269,-1.1719208640737981,0
679,Dimethenamid-P,6,quantum_angle_product,1,0,-0.9663875729718439,0.02900538217637269,-0.9953929551482166,0
680,Picolinafen (Ref: BAS 700H),145,quantum_angle_product,1,0,0.15200158607587472,0.02900538217637269,0.12299620389950203,1
695,1-[(6-Chloro-3-pyridinyl)methyl]-N-nitro-1H-imidazol-2-amine,47,quantum_angle_product,1,1,-1.2264412341369155,0.02900538217637269,-1.2554466163132882,0
708,Thifluzamide (Ref: MON 24000),310,quantum_angle_product,1,0,0.8267848744053614,0.02900538217637269,0.7977794922289887,1
709,Iprovalicarb (Ref: SZX 0722),88,quantum_angle_product,1,0,-0.7876434420162708,0.02900538217637269,-0.8166488241926435,0
713,Dimethirimol (Ref: PP675),139,quantum_angle_product,1,0,-1.1666606825376622,0.02900538217637269,-1.195666064714035,0
721,Ethirimol (Ref: PP149),139,quantum_angle_product,1,1,-1.1919069628173318,0.02900538217637269,-1.2209123449937045,0
722,Pyrifenox (Ref: CGA 179945),307,quantum_angle_product,1,0,-0.8085795846259776,0.02900538217637269,-0.8375849668023503,0
727,"N'-[4-[(3,4-Dihydro-2-methoxy-2,4,4-trimethyl-2H-1-benzopyran-7-yl)oxy]phenyl]-N-methoxy-N-methylurea",32,quantum_angle_product,1,0,0.33863506624488343,0.02900538217637269,0.30962968406851077,1
734,"3-(1-Ethylpropyl)phenol, 1-(N-Methylcarbamate) mixt. with 3-(1-Methylbutyl)phenyl N-methylcarbamate",12,quantum_angle_product,1,1,-0.9206369925062916,0.02900538217637269,-0.9496423746826643,0
748,Metamifop (Ref: DBH-129),64,quantum_angle_product,1,0,0.6423325688729378,0.02900538217637269,0.613327186696565,1
763,"2,4,5-trichlorophenol",301,quantum_angle_product,1,0,-0.8987996166853627,0.02900538217637269,-0.9278049988617354,0
771,Isopyrazam (Ref: SYN 520453),43,quantum_angle_product,1,0,-0.17779420516132838,0.02900538217637269,-0.20679958733770107,0
773,Emamectin benzoate (Ref: MK 244),58,quantum_angle_product,1,1,-0.06842370531537692,0.02900538217637269,-0.09742908749174961,0
775,Hexylthiofos,134,quantum_angle_product,1,0,1.4172554439517282,0.02900538217637269,1.3882500617753555,1
779,"N-(3',4'-Dichloro-5-fluoro[1,1'-biphenyl]-2-yl)-3-(difluoromethyl)-1-methyl-1H-pyrazole-4-carboxamide",43,quantum_angle_product,1,0,0.571835578381193,0.02900538217637269,0.5428301962048203,1
782,Fluxapyroxad (Ref: BAS 700F),43,quantum_angle_product,1,0,-0.1768448493279607,0.02900538217637269,-0.2058502315043334,0
783,Cyflumetofen (Ref: OK-5101),296,quantum_angle_product,1,0,-0.1447568591406522,0.02900538217637269,-0.1737622413170249,0
784,"N-(2-[1,1'-Bicyclopropyl]-2-ylphenyl)-3-(difluoromethyl)-1-methyl-1H-pyrazole-4-carboxamide",43,quantum_angle_product,1,1,-0.7745723539977543,0.02900538217637269,-0.803577736174127,0
788,"1-Acetyl-3,4-dihydro-3-[(3-pyridinylmethyl)amino]-6-[1,2,2,2-tetrafluoro-1-(trifluoromethyl)ethyl]-2(1H)-quinazolinone",295,quantum_angle_product,1,1,-0.03705765289638893,0.02900538217637269,-0.06606303507276162,0
795,Spinetoram,110,quantum_angle_product,1,1,0.16755201121841856,0.02900538217637269,0.13854662904204587,1
797,"N-[9-(Dichloromethylene)-1,2,3,4-tetrahydro-1,4-1H-pyrazole-4-carboxamide",43,quantum_angle_product,1,0,0.20829743438470522,0.02900538217637269,0.17929205220833253,1
812,(2Z)-2-[[2-Fluoro-5-(trifluoromethyl)phenyl]thio]-2-[3-(2-methoxyphenyl)-2-thiazolidinylidene]acetonitrile,285,quantum_angle_product,1,0,0.4608157655480221,0.02900538217637269,0.43181038337164945,1
814,Methyl 3-(4-chlorophenyl)-3-[(N-{[(propan-2-yl)oxy]carbonyl}valyl)amino]propanoate,88,quantum_angle_product,1,0,-0.8306982825016407,0.02900538217637269,-0.8597036646780134,0
836,"Cyanamide (Ref: LH 21,810A)",279,quantum_angle_product,1,1,-1.0304355408823909,0.02900538217637269,-1.0594409230587636,0
853,Bromomethane,272,quantum_angle_product,1,0,-0.8490725717148662,0.02900538217637269,-0.8780779538912389,0
868,Alpha-pinene,261,quantum_angle_product,1,0,-0.9938403922536851,0.02900538217637269,-1.0228457744300579,0
886,Ryanodine,255,quantum_angle_product,1,0,-1.1629252703928026,0.02900538217637269,-1.1919306525691753,0
889,Laminarin (Ref: H11),127,quantum_angle_product,1,0,-0.991862587700465,0.02900538217637269,-1.0208679698768377,0
892,Imazapyr,26,quantum_angle_product,1,0,-1.0256771709631223,0.02900538217637269,-1.054682553139495,0
903,N-(Phenylmethyl)-1H-purin-6-amine,248,quantum_angle_product,1,0,-1.265786988102084,0.02900538217637269,-1.2947923702784567,0
909,Nepetalactone,245,quantum_angle_product,1,0,-0.9798895835219501,0.02900538217637269,-1.0088949656983228,0
912,Desmetryn (Ref: G 34360),19,quantum_angle_product,1,0,-0.9212735640635237,0.02900538217637269,-0.9502789462398964,0
924,Bentazone,239,quantum_angle_product,1,0,-0.9358421744909273,0.02900538217637269,-0.9648475566673,0
929,"3-[2,4-Dichloro-5-(1-methylethoxy)phenyl]-5-(1,1-dimethylethyl)-1,3,4-oxadiazol-2(3H)-one",67,quantum_angle_product,1,0,-0.3324108931033517,0.02900538217637269,-0.3614162752797244,0
937,Lineatin,230,quantum_angle_product,1,0,-0.9445048033438022,0.02900538217637269,-0.9735101855201749,0
938,Kinoprene,79,quantum_angle_product,1,0,-0.9096313162253704,0.02900538217637269,-0.9386366984017431,0
944,Milbemectin (Ref: SL 8601),58,quantum_angle_product,1,1,-0.14197286644896642,0.02900538217637269,-0.1709782486253391,0
956,"Tetrahydro-5,5-dimethyl-2(1H)-pyrimidio[3-[4-trifluoromethyl)phenyl]-1-[2-[4-(trifluoromethyl)phenyl]ethenyl]-2-propenylidene]hydrazone",222,quantum_angle_product,1,0,0.8121593423869866,0.02900538217637269,0.7831539602106139,1
959,Siglure,117,quantum_angle_product,1,0,-0.9959318682980727,0.02900538217637269,-1.0249372504744454,0
961,Bensultap (Ref: OMS 3011),219,quantum_angle_product,1,0,-0.46735618298066817,0.02900538217637269,-0.4963615651570409,0
970,Pefurazoate (Ref: UR-0003),213,quantum_angle_product,1,0,-0.7190121983572122,0.02900538217637269,-0.7480175805335849,0
983,Pyrimidifen,205,quantum_angle_product,1,1,-0.6759365402589659,0.02900538217637269,-0.7049419224353386,0
989,[N(Z)]-N-[3-[(6-Chloro-3-pyridinyl)methyl]-2-thiazolidinylidene]cyanamide,47,quantum_angle_product,1,0,-0.5913720926388475,0.02900538217637269,-0.6203774748152202,0
992,N-(Cyano-2-thienylmethyl)-4-ethyl-2-(ethylamino)-5-thiazolecarboxamide,200,quantum_angle_product,1,0,-0.5109800609794498,0.02900538217637269,-0.5399854431558225,0
997,Thenylchlor (Ref: NSK 850),6,quantum_angle_product,1,0,-0.44544546494636883,0.02900538217637269,-0.47445084712274155,0
1007,Cyflufenamid (Ref: NF 149),195,quantum_angle_product,1,0,-0.6437618825216918,0.02900538217637269,-0.6727672646980645,0
1011,Spinosad (Ref: XDE 105),110,quantum_angle_product,1,1,0.22194280947917705,0.02900538217637269,0.19293742730280436,1
1023,"1-[4-[4-[5-(2,6-Difluorophenyl)-4,5-dihydro-3-isoxazolyl]-2-thiazolyl]-1-piperidinyl]-2-[5-methyl-3-(trifluoromethyl)-1H-pyrazol-1-yl]ethanone",187,quantum_angle_product,1,0,0.5006818045287487,0.02900538217637269,0.47167642235237595,1
1034,Maltodextrin,178,quantum_angle_product,1,0,-1.1125832153272248,0.02900538217637269,-1.1415885975035975,0
3,Benzoic acid,108,quantum_iqp_zz_linear,1,0,-1.1437322192346553,0.18260755653527475,-1.32633977576993,0
13,Formothion (Ref: SAN 6913I),109,quantum_iqp_zz_linear,1,1,2.2513987722623003,0.18260755653527475,2.0687912157270256,1
22,"2,3,4,5,6-Pentachlorophenol",456,quantum_iqp_zz_linear,1,0,-0.12844285974147057,0.18260755653527475,-0.31105041627674535,0
24,Warfarin,455,quantum_iqp_zz_linear,1,0,-0.5821535494424328,0.18260755653527475,-0.7647611059777075,0
25,1-Naphthalenol methylcarbamate,12,quantum_iqp_zz_linear,1,1,-1.1498076142827927,0.18260755653527475,-1.3324151708180674,0
35,"Benzoic acid, Methyl ester",108,quantum_iqp_zz_linear,1,0,-1.2578404954996731,0.18260755653527475,-1.4404480520349479,0
43,2-Chloro-N-(1-methylethyl)-N-phenylacetamide,6,quantum_iqp_zz_linear,1,0,-1.1649934975461758,0.18260755653527475,-1.3476010540814505,0
53,Alpha-terpinoline,447,quantum_iqp_zz_linear,1,0,-0.9712523380575497,0.18260755653527475,-1.1538598945928245,0
65,"2-[(Dimethoxyphosphinothioyl)thio]butanedioic acid 1,4-diethyl ester",168,quantum_iqp_zz_linear,1,1,2.4641666817769163,0.18260755653527475,2.2815591252416416,1
68,"1,2,3,4-Tetrahydronaphthalene",445,quantum_iqp_zz_linear,1,1,-1.0767410424066313,0.18260755653527475,-1.259348598941906,0
70,"As,As-Dimethylarsinic acid",166,quantum_iqp_zz_linear,1,0,-1.2343746929700181,0.18260755653527475,-1.4169822495052928,0
72,"2-(1-Methylethoxy)phenol, 1-(N-Methylcarbamate)",12,quantum_iqp_zz_linear,1,1,-1.0785289189571063,0.18260755653527475,-1.261136475492381,0
75,"2-Aminobenzoic acid, Methyl ester",108,quantum_iqp_zz_linear,1,0,-1.0682926569568103,0.18260755653527475,-1.250900213492085,0
88,1-Naphthaleneacetic acid,12,quantum_iqp_zz_linear,1,0,-1.2237384798979445,0.18260755653527475,-1.4063460364332192,0
89,2-Chloro-N-(ethoxymethyl)-N-(2-ethyl-6-methylphenyl)acetamide,6,quantum_iqp_zz_linear,1,0,-1.2397230854405183,0.18260755653527475,-1.422330641975793,0
110,DNOC (Ref: ENT 154),41,quantum_iqp_zz_linear,1,0,-0.46326494781789757,0.18260755653527475,-0.6458725043531723,0
129,Abamectin (Ref: MK 936),58,quantum_iqp_zz_linear,1,1,1.4087768225194361,0.18260755653527475,1.2261692659841614,1
133,"Phosphoric acid 1,2-dibromo-2,2-dichloroethyl dimethyl ester",432,quantum_iqp_zz_linear,1,1,1.0274095123109728,0.18260755653527475,0.844801955775698,1
144,"2-Cyclohexyl-4,6-dinitrophenol",41,quantum_iqp_zz_linear,1,0,-0.14060063307197262,0.18260755653527475,-0.3232081896072474,0
153,Dinobuton (Ref: OMS 1056),41,quantum_iqp_zz_linear,1,0,0.49572452329095645,0.18260755653527475,0.3131169667556817,1
155,"2-(1-Methylpropyl)-4,6-dinitrophenol",41,quantum_iqp_zz_linear,1,0,-0.49567704813550323,0.18260755653527475,-0.678284604670778,0
168,"2-Chloro-9-hydroxy-9H-fluorene-9-carboxylic acid, Methyl ester",424,quantum_iqp_zz_linear,1,0,-1.1131286967138347,0.18260755653527475,-1.2957362532491095,0
171,Dinocap (Ref: ENT 24727),41,quantum_iqp_zz_linear,1,1,0.11420911916708937,0.18260755653527475,-0.06839843736818538,0
197,"alpha-[(Dimethoxyphosphinothioyl)thio] benzeneacetic acid, Ethyl ester",168,quantum_iqp_zz_linear,1,1,2.554673083218015,0.18260755653527475,2.37206552668274,1
205,Binapacryl (Ref: FMC 9044),41,quantum_iqp_zz_linear,1,0,0.0247905012662884,0.18260755653527475,-0.15781705526898634,0
209,"Phosphoric acid, 2-Chloro-3-(diethylamino)-1-methyl-3-oxo-1-propen-1-yl dimethyl ester",420,quantum_iqp_zz_linear,1,1,1.9285757387819338,0.18260755653527475,1.745968182246659,1
232,"2-Chloro-N-(2,6-diethylphenyl)-N-(methoxymethyl)acetamide",6,quantum_iqp_zz_linear,1,0,-1.2862755656293423,0.18260755653527475,-1.468883122164617,0
237,Medlure,117,quantum_iqp_zz_linear,1,0,-0.8757525864399529,0.18260755653527475,-1.0583601429752276,0
243,"6-Methyl-1,3-dithiolo[4,5-b]quinoxalin-2-one",414,quantum_iqp_zz_linear,1,0,-0.816017126634252,0.18260755653527475,-0.9986246831695267,0
250,Methylarsonic acid,166,quantum_iqp_zz_linear,1,0,-1.2898281726872778,0.18260755653527475,-1.4724357292225525,0
270,"2,3-Dihydro-2,2-dimethyl-7-benzofuranol 7-(N-methylcarbamate)",12,quantum_iqp_zz_linear,1,1,-1.0507577042312484,0.18260755653527475,-1.233365260766523,0
272,Methoprotryne (Ref: G 36393),19,quantum_iqp_zz_linear,1,0,-1.036459074495001,0.18260755653527475,-1.2190666310302758,0
282,Bensulide (Ref: R 4461),406,quantum_iqp_zz_linear,1,1,2.4436452171826293,0.18260755653527475,2.2610376606473546,1
289,Butachlor (Ref: CP 53619),6,quantum_iqp_zz_linear,1,0,-1.1803075919340227,0.18260755653527475,-1.3629151484692974,0
303,"Benzo[b]thiophene-4-ol, 4-(N-methylcarbamate)",12,quantum_iqp_zz_linear,1,1,-0.8489171611471118,0.18260755653527475,-1.0315247176823865,0
305,Fenclorim (Ref: CGA 123407),402,quantum_iqp_zz_linear,1,0,-1.0088944795025938,0.18260755653527475,-1.1915020360378685,0
306,"3,5-Dibromo-4-hydroxybenzonitrile",101,quantum_iqp_zz_linear,1,1,-1.0548909997809695,0.18260755653527475,-1.2374985563162442,0
307,"2-(1,3-Dioxolan-2-yl)phenol 1-(N-methylcarbamate)",12,quantum_iqp_zz_linear,1,1,-1.1829661013327577,0.18260755653527475,-1.3655736578680324,0
314,Anilazine (Ref: ENT 26 058),398,quantum_iqp_zz_linear,1,0,-1.0754139112369163,0.18260755653527475,-1.258021467772191,0
318,Validamycin A,127,quantum_iqp_zz_linear,1,1,-1.2883301181359215,0.18260755653527475,-1.4709376746711962,0
328,Cyclohexylethylcarbamothioic acid S-ethyl ester,395,quantum_iqp_zz_linear,1,1,-0.4604856785780242,0.18260755653527475,-0.643093235113299,0
345,Triazophos (Ref: HOE 002960 ),73,quantum_iqp_zz_linear,1,0,1.5592315685109295,0.18260755653527475,1.3766240119756548,1
346,"2,2-Dimethyl-1,3-benzodioxol-4-ol 4-(N-methylcarbamate)",12,quantum_iqp_zz_linear,1,1,-0.9717899691939706,0.18260755653527475,-1.1543975257292454,0
350,Napropamide (Ref: R 7465),12,quantum_iqp_zz_linear,1,0,-0.718068528641286,0.18260755653527475,-0.9006760851765607,0
362,(E)-dodec-8-enyl acetate,36,quantum_iqp_zz_linear,1,0,-1.074910573374936,0.18260755653527475,-1.2575181299102107,0
366,Hydroprene (Ref: OMS 1696),79,quantum_iqp_zz_linear,1,1,-0.8000786141247413,0.18260755653527475,-0.9826861706600161,0
367,Methoprene (Ref: OMS 1697),79,quantum_iqp_zz_linear,1,1,-0.40387959605272344,0.18260755653527475,-0.5864871525879982,0
368,"1-[2-(2,4-Dichlorophenyl)-2-(2-propenyloxy)ethyl]-1H-imidazole",387,quantum_iqp_zz_linear,1,0,-0.8730261166539091,0.18260755653527475,-1.0556336731891838,0
383,2-[(Ethylthio)methyl]phenol 1-(N-methylcarbamate),12,quantum_iqp_zz_linear,1,1,-0.7887548392071704,0.18260755653527475,-0.9713623957424451,0
390,Metamitron (Ref: BAY DRW 1139),381,quantum_iqp_zz_linear,1,0,-1.3802769338013654,0.18260755653527475,-1.5628844903366401,0
411,Dimethachlor (Ref: CGA 17020),6,quantum_iqp_zz_linear,1,0,-1.2713372456482617,0.18260755653527475,-1.4539448021835364,0
415,Isoprocarb (Ref: OMS 32),12,quantum_iqp_zz_linear,1,1,-1.0292097855656621,0.18260755653527475,-1.2118173421009368,0
418,2-Chloro-N-(2-ethyl-6-methylphenyl)-N-(2-methoxy-1-methylethyl)acetamide,6,quantum_iqp_zz_linear,1,0,-1.0813869313648343,0.18260755653527475,-1.263994487900109,0
427,"N-(2,6-Dimethylphenyl)-N-(methoxyacetyl)alanine methyl ester",6,quantum_iqp_zz_linear,1,0,-1.0279774264067587,0.18260755653527475,-1.2105849829420334,0
432,Prochloraz (Ref: BTS 40542),375,quantum_iqp_zz_linear,1,0,-0.44721533505279426,0.18260755653527475,-0.629822891588069,0
433,Milbemycin A4,58,quantum_iqp_zz_linear,1,1,0.9369784457368517,0.18260755653527475,0.754370889201577,1
445,Ofurace (Ref: AE F057623),95,quantum_iqp_zz_linear,1,0,-1.3009855933161756,0.18260755653527475,-1.4835931498514503,0
452,Pyridafenthion (Ref: ENT 23968)),73,quantum_iqp_zz_linear,1,1,1.666546389565104,0.18260755653527475,1.4839388330298293,1
467,Benalaxyl (Ref: M 9834),6,quantum_iqp_zz_linear,1,0,-0.7695303587628946,0.18260755653527475,-0.9521379152981693,0
476,Oxadixyl (Ref: SAN 371F),95,quantum_iqp_zz_linear,1,0,-1.003593134481191,0.18260755653527475,-1.1862006910164657,0
478,Metazachlor (Ref: BAS 47900H),6,quantum_iqp_zz_linear,1,0,-1.3044753006953034,0.18260755653527475,-1.487082857230578,0
488,Imazaquin (Ref: BAS 725H),26,quantum_iqp_zz_linear,1,1,-1.0069062105488893,0.18260755653527475,-1.189513767084164,0
507,Imazethapyr (Ref: AC 252925),26,quantum_iqp_zz_linear,1,0,-1.0280734831007354,0.18260755653527475,-1.2106810396360101,0
509,Aclonifen (Ref: AE F068300),362,quantum_iqp_zz_linear,1,0,-0.4697369478927324,0.18260755653527475,-0.6523445044280072,0
512,Fenothiocarb (Ref: KCO 3001),361,quantum_iqp_zz_linear,1,0,-0.5112179496134832,0.18260755653527475,-0.6938255061487579,0
521,Imazamethabenz (Ref: AC 263840),26,quantum_iqp_zz_linear,1,0,-1.034508769515588,0.18260755653527475,-1.2171163260508626,0
530,Diflumetorim (Ref: UBF 002),358,quantum_iqp_zz_linear,1,1,-0.794360498354914,0.18260755653527475,-0.9769680548901887,0
531,Pretilachlor (Ref: CGA 26423),6,quantum_iqp_zz_linear,1,0,-1.2364801263972964,0.18260755653527475,-1.4190876829325711,0
532,Imazamethabenz-methyl (Ref: AC 222293),26,quantum_iqp_zz_linear,1,0,-0.8418296283276057,0.18260755653527475,-1.0244371848628804,0
534,Imazamox (Ref: BAS 720H),26,quantum_iqp_zz_linear,1,0,-1.0932386940082353,0.18260755653527475,-1.27584625054351,0
552,Diethatyl ethyl (Ref: BAY NNT 6867),6,quantum_iqp_zz_linear,1,0,-1.3598177631578636,0.18260755653527475,-1.5424253196931383,0
564,Imidacloprid (Ref: BAY NTN 33893),47,quantum_iqp_zz_linear,1,1,-1.3951420505774745,0.18260755653527475,-1.5777496071127493,0
573,Fenchlorazole-ethyl (Ref: HOE 070542),350,quantum_iqp_zz_linear,1,0,0.35469906273409896,0.18260755653527475,0.1720915061988242,1
576,Triazamate (Ref: RH 7988),349,quantum_iqp_zz_linear,1,0,-0.2007693965592025,0.18260755653527475,-0.3833769530944773,0
578,Imazapic (Ref: AC 263222),26,quantum_iqp_zz_linear,1,0,-1.024066864403034,0.18260755653527475,-1.2066744209383087,0
590,Iminoctadine triacetate (Ref: DF 125),152,quantum_iqp_zz_linear,1,0,-1.0022384421498503,0.18260755653527475,-1.184845998685125,0
591,Fenpyroximate (Ref: NNI 850),343,quantum_iqp_zz_linear,1,0,0.5692747451481459,0.18260755653527475,0.3866671886128712,1
630,Oxadiargyl (Ref: RP 020630 ),67,quantum_iqp_zz_linear,1,0,-0.5145066016078275,0.18260755653527475,-0.6971141581431022,0
637,"(1E)-N-[(6-Chloro-3-pyridinyl)methyl]-N-ethyl-N'-methyl-2-nitro-1,1-ethenediamine",47,quantum_iqp_zz_linear,1,1,-1.43853436723065,0.18260755653527475,-1.6211419237659248,0
639,"2-(2,6-Difluorophenyl)-4-[4-(1,1-dimethylethyl)-2-ethoxyphenyl]-4,5-dihydrooxazole",332,quantum_iqp_zz_linear,1,0,0.22346174135252644,0.18260755653527475,0.0408541848172517,1
642,Flupoxam (Ref: MON 18500),331,quantum_iqp_zz_linear,1,0,-0.6761465200686079,0.18260755653527475,-0.8587540766038826,0
644,"1-[(6-Chloro-3-pyridinyl)methyl]-4,5-dihydro-1H-imidazol-2-amine",47,quantum_iqp_zz_linear,1,1,-1.3714458192876116,0.18260755653527475,-1.5540533758228863,0
650,Benthiavalicarb-isopropyl (Ref: KIF-230),88,quantum_iqp_zz_linear,1,0,-0.36795638607266484,0.18260755653527475,-0.5505639426079396,0
651,Azafenidin,67,quantum_iqp_zz_linear,1,0,-1.1766907925364993,0.18260755653527475,-1.359298349071774,0
654,Cinidon-ethyl (Ref: BAS 615H),327,quantum_iqp_zz_linear,1,0,-0.2576263650227481,0.18260755653527475,-0.4402339215580229,0
673,Verbutin (Ref: MB-599),320,quantum_iqp_zz_linear,1,0,-1.0773490976499094,0.18260755653527475,-1.259956654185184,0
676,Propisochlor,6,quantum_iqp_zz_linear,1,0,-1.108961153895141,0.18260755653527475,-1.2915687104304157,0
679,Dimethenamid-P,6,quantum_iqp_zz_linear,1,0,-0.8400979771291404,0.18260755653527475,-1.022705533664415,0
680,Picolinafen (Ref: BAS 700H),145,quantum_iqp_zz_linear,1,0,0.1122274458776325,0.18260755653527475,-0.07038011065764224,0
695,1-[(6-Chloro-3-pyridinyl)methyl]-N-nitro-1H-imidazol-2-amine,47,quantum_iqp_zz_linear,1,1,-1.5295502562079921,0.18260755653527475,-1.7121578127432668,0
708,Thifluzamide (Ref: MON 24000),310,quantum_iqp_zz_linear,1,0,1.1578663827928963,0.18260755653527475,0.9752588262576216,1
709,Iprovalicarb (Ref: SZX 0722),88,quantum_iqp_zz_linear,1,0,-0.7993163917346582,0.18260755653527475,-0.9819239482699329,0
713,Dimethirimol (Ref: PP675),139,quantum_iqp_zz_linear,1,0,-1.2582740231384335,0.18260755653527475,-1.4408815796737082,0
721,Ethirimol (Ref: PP149),139,quantum_iqp_zz_linear,1,1,-1.335024859560173,0.18260755653527475,-1.5176324160954477,0
722,Pyrifenox (Ref: CGA 179945),307,quantum_iqp_zz_linear,1,0,-0.7852607241430292,0.18260755653527475,-0.9678682806783039,0
727,"N'-[4-[(3,4-Dihydro-2-methoxy-2,4,4-trimethyl-2H-1-benzopyran-7-yl)oxy]phenyl]-N-methoxy-N-methylurea",32,quantum_iqp_zz_linear,1,0,0.43616462425927877,0.18260755653527475,0.253557067724004,1
734,"3-(1-Ethylpropyl)phenol, 1-(N-Methylcarbamate) mixt. with 3-(1-Methylbutyl)phenyl N-methylcarbamate",12,quantum_iqp_zz_linear,1,1,-0.8837088092362606,0.18260755653527475,-1.0663163657715353,0
748,Metamifop (Ref: DBH-129),64,quantum_iqp_zz_linear,1,0,0.9481805651616781,0.18260755653527475,0.7655730086264034,1
763,"2,4,5-trichlorophenol",301,quantum_iqp_zz_linear,1,0,-0.8860206591347826,0.18260755653527475,-1.0686282156700573,0
771,Isopyrazam (Ref: SYN 520453),43,quantum_iqp_zz_linear,1,0,-0.12521404664764008,0.18260755653527475,-0.30782160318291485,0
773,Emamectin benzoate (Ref: MK 244),58,quantum_iqp_zz_linear,1,1,1.3120966507093383,0.18260755653527475,1.1294890941740636,1
775,Hexylthiofos,134,quantum_iqp_zz_linear,1,0,2.012475351790835,0.18260755653527475,1.8298677952555602,1
779,"N-(3',4'-Dichloro-5-fluoro[1,1'-biphenyl]-2-yl)-3-(difluoromethyl)-1-methyl-1H-pyrazole-4-carboxamide",43,quantum_iqp_zz_linear,1,0,0.5562634490962814,0.18260755653527475,0.37365589256100673,1
782,Fluxapyroxad (Ref: BAS 700F),43,quantum_iqp_zz_linear,1,0,-0.3331208826005571,0.18260755653527475,-0.5157284391358319,0
783,Cyflumetofen (Ref: OK-5101),296,quantum_iqp_zz_linear,1,0,-0.0367769677115905,0.18260755653527475,-0.21938452424686525,0
784,"N-(2-[1,1'-Bicyclopropyl]-2-ylphenyl)-3-(difluoromethyl)-1-methyl-1H-pyrazole-4-carboxamide",43,quantum_iqp_zz_linear,1,1,-0.7758970901751461,0.18260755653527475,-0.9585046467104208,0
788,"1-Acetyl-3,4-dihydro-3-[(3-pyridinylmethyl)amino]-6-[1,2,2,2-tetrafluoro-1-(trifluoromethyl)ethyl]-2(1H)-quinazolinone",295,quantum_iqp_zz_linear,1,1,-0.20662380985925916,0.18260755653527475,-0.38923136639453393,0
795,Spinetoram,110,quantum_iqp_zz_linear,1,1,1.5625332098027105,0.18260755653527475,1.3799256532674358,1
797,"N-[9-(Dichloromethylene)-1,2,3,4-tetrahydro-1,4-1H-pyrazole-4-carboxamide",43,quantum_iqp_zz_linear,1,0,0.294791231888528,0.18260755653527475,0.11218367535325327,1
812,(2Z)-2-[[2-Fluoro-5-(trifluoromethyl)phenyl]thio]-2-[3-(2-methoxyphenyl)-2-thiazolidinylidene]acetonitrile,285,quantum_iqp_zz_linear,1,0,0.9337742571894836,0.18260755653527475,0.7511667006542089,1
814,Methyl 3-(4-chlorophenyl)-3-[(N-{[(propan-2-yl)oxy]carbonyl}valyl)amino]propanoate,88,quantum_iqp_zz_linear,1,0,-0.8679114059452093,0.18260755653527475,-1.050518962480484,0
836,"Cyanamide (Ref: LH 21,810A)",279,quantum_iqp_zz_linear,1,1,-0.7540786687791812,0.18260755653527475,-0.9366862253144559,0
853,Bromomethane,272,quantum_iqp_zz_linear,1,0,-1.056135066151775,0.18260755653527475,-1.2387426226870497,0
868,Alpha-pinene,261,quantum_iqp_zz_linear,1,0,-1.011170665632255,0.18260755653527475,-1.1937782221675297,0
886,Ryanodine,255,quantum_iqp_zz_linear,1,0,-2.0482862809138718,0.18260755653527475,-2.2308938374491465,0
889,Laminarin (Ref: H11),127,quantum_iqp_zz_linear,1,0,-1.0269954166314865,0.18260755653527475,-1.2096029731667612,0
892,Imazapyr,26,quantum_iqp_zz_linear,1,0,-1.1060974066915215,0.18260755653527475,-1.2887049632267962,0
903,N-(Phenylmethyl)-1H-purin-6-amine,248,quantum_iqp_zz_linear,1,0,-1.4855368133498654,0.18260755653527475,-1.6681443698851401,0
909,Nepetalactone,245,quantum_iqp_zz_linear,1,0,-0.993934606660968,0.18260755653527475,-1.1765421631962427,0
912,Desmetryn (Ref: G 34360),19,quantum_iqp_zz_linear,1,0,-1.0157513648338838,0.18260755653527475,-1.1983589213691586,0
924,Bentazone,239,quantum_iqp_zz_linear,1,0,-1.1851245272692985,0.18260755653527475,-1.3677320838045732,0
929,"3-[2,4-Dichloro-5-(1-methylethoxy)phenyl]-5-(1,1-dimethylethyl)-1,3,4-oxadiazol-2(3H)-one",67,quantum_iqp_zz_linear,1,0,-0.10728900486421361,0.18260755653527475,-0.2898965613994884,0
937,Lineatin,230,quantum_iqp_zz_linear,1,0,-0.9558732221802746,0.18260755653527475,-1.1384807787155493,0
938,Kinoprene,79,quantum_iqp_zz_linear,1,0,-0.8320948763533735,0.18260755653527475,-1.0147024328886483,0
944,Milbemectin (Ref: SL 8601),58,quantum_iqp_zz_linear,1,1,0.744279118106645,0.18260755653527475,0.5616715615713703,1
956,"Tetrahydro-5,5-dimethyl-2(1H)-pyrimidio[3-[4-trifluoromethyl)phenyl]-1-[2-[4-(trifluoromethyl)phenyl]ethenyl]-2-propenylidene]hydrazone",222,quantum_iqp_zz_linear,1,0,0.8367261285180927,0.18260755653527475,0.654118571982818,1
959,Siglure,117,quantum_iqp_zz_linear,1,0,-0.8816705143525461,0.18260755653527475,-1.0642780708878208,0
961,Bensultap (Ref: OMS 3011),219,quantum_iqp_zz_linear,1,0,-0.26209634384421315,0.18260755653527475,-0.4447039003794879,0
970,Pefurazoate (Ref: UR-0003),213,quantum_iqp_zz_linear,1,0,-0.7491109844191275,0.18260755653527475,-0.9317185409544022,0
983,Pyrimidifen,205,quantum_iqp_zz_linear,1,1,-0.9099460183848151,0.18260755653527475,-1.0925535749200899,0
989,[N(Z)]-N-[3-[(6-Chloro-3-pyridinyl)methyl]-2-thiazolidinylidene]cyanamide,47,quantum_iqp_zz_linear,1,0,-0.5032763521579646,0.18260755653527475,-0.6858839086932393,0
992,N-(Cyano-2-thienylmethyl)-4-ethyl-2-(ethylamino)-5-thiazolecarboxamide,200,quantum_iqp_zz_linear,1,0,-0.23915151076942814,0.18260755653527475,-0.4217590673047029,0
997,Thenylchlor (Ref: NSK 850),6,quantum_iqp_zz_linear,1,0,-0.3401057524969335,0.18260755653527475,-0.5227133090322083,0
1007,Cyflufenamid (Ref: NF 149),195,quantum_iqp_zz_linear,1,0,-0.877227999584564,0.18260755653527475,-1.0598355561198387,0
1011,Spinosad (Ref: XDE 105),110,quantum_iqp_zz_linear,1,1,1.6671840360268764,0.18260755653527475,1.4845764794916017,1
1023,"1-[4-[4-[5-(2,6-Difluorophenyl)-4,5-dihydro-3-isoxazolyl]-2-thiazolyl]-1-piperidinyl]-2-[5-methyl-3-(trifluoromethyl)-1H-pyrazol-1-yl]ethanone",187,quantum_iqp_zz_linear,1,0,0.8222502343776412,0.18260755653527475,0.6396426778423665,1
1034,Maltodextrin,178,quantum_iqp_zz_linear,1,0,-1.9118905612806687,0.18260755653527475,-2.0944981178159434,0
2,Para-cymene,460,logistic,2,0,0.2508233834102646,0.6977101359957492,-0.44688675258548455,0
8,Orange oil,107,logistic,2,0,0.3836595806110978,0.6977101359957492,-0.3140505553846514,0
18,"3-[(Dimethoxyphosphinyl)oxy]-2-butenoic acid, Methyl ester",56,logistic,2,1,0.9586904873927142,0.6977101359957492,0.26098035139696507,1
33,5-Methyl-2-(1-methylethyl)phenol,452,logistic,2,0,0.3602373860047621,0.6977101359957492,-0.3374727499909871,0
34,"N-Butyl-N-ethyl-2,6-dinitro-4-(trifluoromethyl)benzenamine",23,logistic,2,0,0.374752425677969,0.6977101359957492,-0.32295771031778014,0
37,Carvone,177,logistic,2,0,0.38453064195808645,0.6977101359957492,-0.3131794940376627,0
50,Tetraethyl ester diphosphoric acid,40,logistic,2,1,0.873342048616048,0.6977101359957492,0.17563191262029887,1
51,Chlorobenzilate (Ref: ENT 18596),75,logistic,2,1,0.37503028449492254,0.6977101359957492,-0.3226798515008266,0
55,Alpha-terpineol,107,logistic,2,0,0.45274886653847074,0.6977101359957492,-0.24496126945727842,0
67,1-Methyl-2-pyrrolidinone,446,logistic,2,0,0.24159447426890898,0.6977101359957492,-0.45611566172684015,0
81,Tridemorph (Ref: BAS 2205-F),441,logistic,2,0,0.3230287738312179,0.6977101359957492,-0.37468136216453124,0
97,"3,5-Dimethyl-4-(methylthio)phenol, Methylcarbamate",30,logistic,2,1,0.42238310856326783,0.6977101359957492,-0.27532702743248133,0
108,2-aminobutane,436,logistic,2,0,0.24802567008686188,0.6977101359957492,-0.4496844659088873,0
114,1-naphthylacetamide,173,logistic,2,0,0.19219725275727165,0.6977101359957492,-0.5055128832384775,0
115,Tribenuron-methyl (Ref: DPX L5300),2,logistic,2,1,0.2081651587825283,0.6977101359957492,-0.4895449772132209,0
118,2-naphthyloxyacetic acid,172,logistic,2,0,0.23461313369256104,0.6977101359957492,-0.4630970023031881,0
140,Tribufos,40,logistic,2,0,0.9852287166143879,0.6977101359957492,0.2875185806186388,1
166,Fosetyl,425,logistic,2,0,0.19231718373913895,0.6977101359957492,-0.5053929522566102,0
177,"Phosphorodithioic acid O-ethyl S,S-dipropyl ester",40,logistic,2,1,0.976644314190403,0.6977101359957492,0.2789341781946538,1
216,Dimetilan,167,logistic,2,1,0.2820410072979481,0.6977101359957492,-0.41566912869780104,0
229,"4-(Dimethylamino)-3,5-dimethylphenol, Methylcarbamate(ester)",30,logistic,2,1,0.36276494083368255,0.6977101359957492,-0.3349451951620666,0
235,"4-(Dimethylamino)-3-methylphenol, Methylcarbamate (ester)",30,logistic,2,1,0.32196803184940054,0.6977101359957492,-0.3757421041463486,0
240,"N,N-dimethylcarbamic acid 3-methyl-1-(1-methylethyl)-1H-pyrazol-5-yl ester",167,logistic,2,1,0.3034466174492441,0.6977101359957492,-0.39426351854650504,0
241,"2,6-Dinitro-N,N-dipropyl-4-(trifluoromethyl)benzenamine",23,logistic,2,0,0.375284087174677,0.6977101359957492,-0.3224260488210722,0
246,"Phosphoric acid, (1E)-3-(Dimethylamino)-1-methyl-3-oxo-1-propen-1-yl dimethyl ester",56,logistic,2,1,0.9605657969331959,0.6977101359957492,0.2628556609374467,1
249,Gibberellins,124,logistic,2,0,0.7209982173244011,0.6977101359957492,0.0232880813286519,1
251,XMC (Ref: H 69),30,logistic,2,1,0.34103214072693433,0.6977101359957492,-0.35667799526881483,0
253,Kasugamycin hydrochloride hydrate,412,logistic,2,0,0.3184264384112091,0.6977101359957492,-0.37928369758454006,0
254,Alpha-endosulfan,411,logistic,2,1,0.7068874451793554,0.6977101359957492,0.009177309183606264,1
262,"Phosphoric acid, 2-Chloro-1-(2,4-dichlorophenyl)ethenyl diethyl ester",98,logistic,2,1,0.9855573827409397,0.6977101359957492,0.2878472467451906,1
265,Bromopropylate (Ref: GS 19851),75,logistic,2,0,0.5420887038858648,0.6977101359957492,-0.15562143210988433,0
275,Monocrotophos (Ref: ENT 27129),56,logistic,2,1,0.9579609736351631,0.6977101359957492,0.2602508376394139,1
281,3-methyl-5-(1-methylethyl)phenol 1-(N-methylcarbamate)  ,30,logistic,2,1,0.4067875074047021,0.6977101359957492,-0.29092262859104706,0
283,(2E)-3-[(Dimethoxyphosphinyl)oxy]-2-butenoic acid 1-phenylethyl ester,56,logistic,2,1,0.9763840273025447,0.6977101359957492,0.27867389130679554,1
291,"Phosphoric acid (1Z)-2-chloro-1-(2,4,5-trichlorophenyl)ethenyl dimethyl ester",98,logistic,2,1,0.9889874402689017,0.6977101359957492,0.29127730427315257,1
301,Benazolin (Ref: RD 7693),403,logistic,2,0,0.24119099031138222,0.6977101359957492,-0.4565191456843669,0
325,N-(2-Methylcyclohexyl)-N'-phenylurea,396,logistic,2,0,0.5183282128467297,0.6977101359957492,-0.17938192314901946,0
344,Isopropalin (Ref: EL-179),23,logistic,2,1,0.41094146233076756,0.6977101359957492,-0.2867686736649816,0
359,Fluchloralin (Ref: BAS 392H),23,logistic,2,0,0.3535711352622425,0.6977101359957492,-0.3441390007335067,0
365,Methyl cyclohexenone,388,logistic,2,0,0.34870915143659575,0.6977101359957492,-0.3490009845591534,0
378,"N-Ethyl-N-(2-methyl-2-propenyl)-2,6-dinitro-4-(trifluoromethyl)benzenamine",23,logistic,2,0,0.3851631353566641,0.6977101359957492,-0.3125470006390851,0
389,alpha-Cyclopropyl-alpha-(4-methoxyphenyl)-5-pyrimidinemethanol,382,logistic,2,0,0.2350759137799154,0.6977101359957492,-0.4626342222158337,0
408,Akton,98,logistic,2,1,0.9870232702832418,0.6977101359957492,0.2893131342874926,1
413,Furalaxyl (Ref: IPE 134),62,logistic,2,1,0.3361725287667775,0.6977101359957492,-0.36153760722897166,0
425,"2,6-Dinitro-N1,N1-dipropyl-4-(trifluoromethyl)-1,3-benzenediamine",23,logistic,2,0,0.4241565795482207,0.6977101359957492,-0.27355355644752843,0
426,Dienochlor (Ref: SAN 804),377,logistic,2,0,0.8619806515373969,0.6977101359957492,0.16427051554164773,1
439,Fenpropidin (Ref: CGA 114900),156,logistic,2,1,0.4165917234206326,0.6977101359957492,-0.28111841257511655,0
461,"(4aS)-7-Chloro-2,5-dihydro-2-[[(methoxycarbonyl)[4-(trifluoromethoxy)phenyl]amino]carbonyl]indeno[1,2-e][1,3,4]oxadiazine-4a(3H)-carboxylic acid methyl ester",371,logistic,2,1,0.6193453355158793,0.6977101359957492,-0.07836480047986982,0
487,"(2R,6S)-rel-4-[3-[4-(1,1-Dimethylethyl)phenyl]-2-methylpropyl]-2,6-dimethylmorpholine  ",156,logistic,2,0,0.4260025423739633,0.6977101359957492,-0.27170759362178587,0
505,Benfuracarb,81,logistic,2,1,0.5030316688867866,0.6977101359957492,-0.19467846710896253,0
514,Sulfluramid (Ref: GX 071),360,logistic,2,1,0.3072955562662039,0.6977101359957492,-0.39041457972954524,0
515,"3-(N-butyl-N-acetyl)-aminopropionic acid, ethyl ester (Ref: OMS 3065)",150,logistic,2,0,0.21353457848577578,0.6977101359957492,-0.4841755575099734,0
523,Thifensulfuron-methyl (Ref: DPX M6316),2,logistic,2,1,0.28574509804146914,0.6977101359957492,-0.41196503795428,0
526,"2-Chloro-N-[2,6-dinitro-4-(trifluoromethyl)phenyl]-N-ethyl-6-fluorobenzenemethanamine",23,logistic,2,0,0.45784939681553954,0.6977101359957492,-0.23986073918020961,0
541,"[[2-Chloro-4-fluoro-5-[(tetrahydro-3-oxo-1H,3H-[1,3,4]thiadiazolo [3,4-a]pyridazin-1-ylidine)amino]phenyl]thioacetic acid methyl ester",113,logistic,2,0,0.33403038399937224,0.6977101359957492,-0.3636797519963769,0
551,Prohexadione,353,logistic,2,0,0.2714689492589023,0.6977101359957492,-0.42624118673684686,0
584,"(2R)-2-[4-(4-Cyano-2-fluorophenoxy)phenoxy]propanoic acid, Butyl ester",46,logistic,2,0,0.3542220231372251,0.6977101359957492,-0.34348811285852404,0
586,"N2-[1,1-Dimethyl-2-(methylsulfonyl)ethyl]-3-iodo-N1-[2-methyl-4-[1,2,2,2-tetrafluoro-1-(trifluoromethyl)ethyl]phenyl]-1,2-benzenedicarboxamide",346,logistic,2,0,0.7312171917170166,0.6977101359957492,0.03350705572126744,1
589,(2-Oxo-3-thiazolidinyl)phosphonothioic acid O-ethyl S-(1-methylpropyl)ester,153,logistic,2,1,0.7987716015622891,0.6977101359957492,0.10106146556653994,1
593,Sulfentrazone (Ref: FMC 97285),90,logistic,2,0,0.2800623032111393,0.6977101359957492,-0.4176478327846099,0
598,"alpha,2-Dichloro-5-[4-(difluoromethyl)-4,5-dihydro-3-methyl-5-oxo-1H-1,2,4-triazol-1-yl]-4-fluorobenzenepropanoic acid, Ethyl ester",90,logistic,2,0,0.22664041597782528,0.6977101359957492,-0.4710697200179239,0
599,Benoxacor (Ref: CGA 154281),340,logistic,2,0,0.3946487164913098,0.6977101359957492,-0.3030614195044394,0
603,Cadusafos (Ref: FMC 67825),40,logistic,2,1,0.9845600870651056,0.6977101359957492,0.2868499510693564,1
609,Triflusulfuron-methyl (Ref: DPX 66037),7,logistic,2,0,0.28564635005089556,0.6977101359957492,-0.4120637859448536,0
623,Oryctalure,150,logistic,2,0,0.2637148381655322,0.6977101359957492,-0.43399529783021695,0
624,Alanycarb,149,logistic,2,1,0.4008193182639693,0.6977101359957492,-0.29689081773177983,0
636,"5-Methyl-5-(4-phenoxyphenyl)-3-(phenylamino)-2,4-oxazolidinedione",334,logistic,2,1,0.44231837157254006,0.6977101359957492,-0.2553917644232091,0
661,"alpha,2-Dichloro-5-[4-(difluoromethyl)-4,5-dihydro-3-methyl-5-oxo-1H-1,2,4-triazol-1-yl]-4-fluorobenzenepropanoic acid",90,logistic,2,0,0.24446579528053522,0.6977101359957492,-0.4532443407152139,0
670,Pyridalyl (Ref: S-1812),322,logistic,2,0,0.5105400922953972,0.6977101359957492,-0.18717004370035195,0
677,"(5S)-3,5-Dihydro-5-methyl-2-(methylthio)-5-phenyl-3-(phenylamino)-4H-imidazol-4-one",319,logistic,2,0,0.409554449041345,0.6977101359957492,-0.28815568695440413,0
707,Sucrose octanoate,311,logistic,2,0,0.20652913354194607,0.6977101359957492,-0.4911810024538031,0
710,Zarilamid (Ref: ICIA001),75,logistic,2,1,0.2790332322747049,0.6977101359957492,-0.41867690372104427,0
716,Alloxydim,309,logistic,2,0,0.36760705925763115,0.6977101359957492,-0.330103076738118,0
762,"Carbonic acid, cis-3-(2,5-Dimethylphenyl)-8-methoxy-2-oxo-1-azaspiro[4.5]dec-3-en-4-yl ethyl ester",302,logistic,2,0,0.6272992142479722,0.6977101359957492,-0.07041092174777697,0
766,"2-Chloro-5-[3,6-dihydro-3-methyl-2,6-dioxo-4-(trifluoromethyl-1(2H)-pyrimidinyl]-4-fluoro-N-[[methyl(1-methylethyl)amino]sulfonyl]benzamide",130,logistic,2,0,0.24904402641360404,0.6977101359957492,-0.44866610958214515,0
777,"2-[1-[2-[[(3,5-Difluorophenyl)amino]carbonyl]hydrazinylidene]ethyl]-3-pyridinecarboxylic acid",297,logistic,2,0,0.3746966298394589,0.6977101359957492,-0.32301350615629026,0
790,Furalaxyl-M,62,logistic,2,1,0.3674377150511102,0.6977101359957492,-0.33027242094463893,0
791,"N-{2-[(4,6-Dimethoxypyrimidin-2-yl)(hydroxy)methyl]-6-(methoxymethyl)phenyl}-1,1-difluoromethanesulfonamide",294,logistic,2,0,0.1979010041434113,0.6977101359957492,-0.4998091318523379,0
793,"4-[[(6-Chloro-3-pyridinyl)methyl](2,2-difluoroethyl)amino]-2(5H)-furanone",292,logistic,2,1,0.2442654898064542,0.6977101359957492,-0.4534446461892949,0
810,Triafamone (Ref: AE 1887198),286,logistic,2,0,0.13993453343826448,0.6977101359957492,-0.5577756025574847,0
819,"Methyl N-[2-({2-chloro-4-fluoro-5-[3-methyl-2,6-dioxo-4-(trifluoromethyl)-3,6-dihydropyrimidin-1(2H)-yl]phenyl}sulfanyl)propanoyl]-beta-alaninate",130,logistic,2,1,0.300598240531981,0.6977101359957492,-0.3971118954637682,0
825,Benzyl 4-amino-3-chloro-6-(4-chloro-2-fluoro-3-methoxyphenyl)-5-fluoropyridine-2-carboxylate,83,logistic,2,0,0.48278329223609084,0.6977101359957492,-0.21492684375965831,0
831,Nicotine,281,logistic,2,0,0.2513046178018843,0.6977101359957492,-0.44640551819386487,0
842,Strychnine,277,logistic,2,0,0.5164713987338556,0.6977101359957492,-0.18123873726189355,0
850,Dimethyl disulfide,273,logistic,2,0,0.2572083747650167,0.6977101359957492,-0.4405017612307325,0
859,Dithianon (Ref: BAS 216F),267,logistic,2,0,0.5023164447081098,0.6977101359957492,-0.1953936912876394,0
863,Carbosulfan (Ref: OMS 3022),81,logistic,2,1,0.5273974163221913,0.6977101359957492,-0.17031271967355788,0
884,"4-[(2R)-2-[(1S,3S,5S)-3,5-Dimethyl-2-oxocyclohexyl]-2-hydroxyethyl]-2,6-piperidinedione",257,logistic,2,0,0.42049627040966353,0.6977101359957492,-0.27721386558608563,0
895,Gibberellic acid,124,logistic,2,0,0.6588694131177688,0.6977101359957492,-0.03884072287798035,0
896,ACC,251,logistic,2,0,0.27330677311877155,0.6977101359957492,-0.4244033628769776,0
914,"3-[(Dimethoxyphosphinyl)oxy]-2-pentenedioic acid, Dimethyl ester",56,logistic,2,1,0.9495505632204756,0.6977101359957492,0.25184042722472644,1
922,Metribuzin (Ref: DPX G2504),240,logistic,2,0,0.24473090358055358,0.6977101359957492,-0.45297923241519555,0
923,Oryzalin (Ref: EL 119),23,logistic,2,0,0.26196792839806715,0.6977101359957492,-0.435742207597682,0
933,Jasmonic acid,232,logistic,2,0,0.35313593692838796,0.6977101359957492,-0.3445741990673612,0
947,"1,7-dioxaspiro(5.5)undecane",226,logistic,2,0,0.45973890367611975,0.6977101359957492,-0.2379712323196294,0
951,"2,3-Dihydro-5,6-dimethyl-1,4-dithiin 1,1,4,4-tetraoxide",223,logistic,2,0,0.3448388374652855,0.6977101359957492,-0.3528712985304637,0
953,Nitrothal-isopropyl (Ref: BAS 300 OOF),119,logistic,2,0,0.37809344588226523,0.6977101359957492,-0.3196166901134839,0
965,Cinmethylin (Ref: BAS 684 H),216,logistic,2,0,0.45895298705071286,0.6977101359957492,-0.2387571489450363,0
976,Ecolyst (Ref: HSDB 7282),209,logistic,2,0,0.18070961678140324,0.6977101359957492,-0.5170005192143459,0
986,Fluthiacet,113,logistic,2,0,0.3700080353435096,0.6977101359957492,-0.32770210065223954,0
1001,Di-1-p-menthene,107,logistic,2,0,0.6501627256957462,0.6977101359957492,-0.04754741030000298,0
1005,"alpha-Methyl-omega-[3-[1,3,3,3-tetramethyl-1-[(trimethylsilyl)oxy]-1-disiloxanyl]propoxy]poly(oxy-1,2-ethanediyl)",196,logistic,2,0,0.34719084778922227,0.6977101359957492,-0.3505192882065269,0
1020,Sabadilla (Ref: ENT 123 ),188,logistic,2,0,0.8504213311283663,0.6977101359957492,0.1527111951326171,1
1026,Triflumezopyrim (Ref: DPX-RAB55),186,logistic,2,1,0.3777249035641008,0.6977101359957492,-0.31998523243164834,0
1030,1-({1-Ethyl-4-[4-(methanesulfonyl)-3-(2-methoxyethoxy)-2-methylbenzoyl]-1H-pyrazol-5-yl}oxy)ethyl methyl carbonate,182,logistic,2,0,0.22572118389656007,0.6977101359957492,-0.4719889520991891,0
2,Para-cymene,460,random_forest,2,0,0.43103504386313746,0.5601787460707077,-0.12914370220757027,0
8,Orange oil,107,random_forest,2,0,0.35645008134721373,0.5601787460707077,-0.203728664723494,0
18,"3-[(Dimethoxyphosphinyl)oxy]-2-butenoic acid, Methyl ester",56,random_forest,2,1,0.9734516224769503,0.5601787460707077,0.41327287640624255,1
33,5-Methyl-2-(1-methylethyl)phenol,452,random_forest,2,0,0.04555127187919494,0.5601787460707077,-0.5146274741915128,0
34,"N-Butyl-N-ethyl-2,6-dinitro-4-(trifluoromethyl)benzenamine",23,random_forest,2,0,0.23866396904482556,0.5601787460707077,-0.32151477702588216,0
37,Carvone,177,random_forest,2,0,0.04494838134919653,0.5601787460707077,-0.5152303647215112,0
50,Tetraethyl ester diphosphoric acid,40,random_forest,2,1,0.9414880487529069,0.5601787460707077,0.3813093026821992,1
51,Chlorobenzilate (Ref: ENT 18596),75,random_forest,2,1,0.4715025233648266,0.5601787460707077,-0.0886762227058811,0
55,Alpha-terpineol,107,random_forest,2,0,0.033678940717028684,0.5601787460707077,-0.526499805353679,0
67,1-Methyl-2-pyrrolidinone,446,random_forest,2,0,0.17216427840631077,0.5601787460707077,-0.38801446766439696,0
81,Tridemorph (Ref: BAS 2205-F),441,random_forest,2,0,0.4456555158793196,0.5601787460707077,-0.1145232301913881,0
97,"3,5-Dimethyl-4-(methylthio)phenol, Methylcarbamate",30,random_forest,2,1,0.42733487572803863,0.5601787460707077,-0.1328438703426691,0
108,2-aminobutane,436,random_forest,2,0,0.13707086872308746,0.5601787460707077,-0.42310787734762023,0
114,1-naphthylacetamide,173,random_forest,2,0,0.1511142931586366,0.5601787460707077,-0.40906445291207116,0
115,Tribenuron-methyl (Ref: DPX L5300),2,random_forest,2,1,0.1839525363780696,0.5601787460707077,-0.3762262096926381,0
118,2-naphthyloxyacetic acid,172,random_forest,2,0,0.5343714068432037,0.5601787460707077,-0.025807339227504,0
140,Tribufos,40,random_forest,2,0,0.6652170358731291,0.5601787460707077,0.10503828980242136,1
166,Fosetyl,425,random_forest,2,0,0.4044618885539821,0.5601787460707077,-0.15571685751672565,0
177,"Phosphorodithioic acid O-ethyl S,S-dipropyl ester",40,random_forest,2,1,0.7831174753054482,0.5601787460707077,0.22293872923474045,1
216,Dimetilan,167,random_forest,2,1,0.2713273993189466,0.5601787460707077,-0.2888513467517611,0
229,"4-(Dimethylamino)-3,5-dimethylphenol, Methylcarbamate(ester)",30,random_forest,2,1,0.5267267836791023,0.5601787460707077,-0.033451962391605417,0
235,"4-(Dimethylamino)-3-methylphenol, Methylcarbamate (ester)",30,random_forest,2,1,0.4808251864665984,0.5601787460707077,-0.07935355960410934,0
240,"N,N-dimethylcarbamic acid 3-methyl-1-(1-methylethyl)-1H-pyrazol-5-yl ester",167,random_forest,2,1,0.5910979360349973,0.5601787460707077,0.03091918996428955,1
241,"2,6-Dinitro-N,N-dipropyl-4-(trifluoromethyl)benzenamine",23,random_forest,2,0,0.23087116093150817,0.5601787460707077,-0.32930758513919955,0
246,"Phosphoric acid, (1E)-3-(Dimethylamino)-1-methyl-3-oxo-1-propen-1-yl dimethyl ester",56,random_forest,2,1,0.9035183048455584,0.5601787460707077,0.3433395587748507,1
249,Gibberellins,124,random_forest,2,0,0.3915228724164745,0.5601787460707077,-0.16865587365423323,0
251,XMC (Ref: H 69),30,random_forest,2,1,0.3417921089812942,0.5601787460707077,-0.21838663708941353,0
253,Kasugamycin hydrochloride hydrate,412,random_forest,2,0,0.3674618850007327,0.5601787460707077,-0.19271686106997504,0
254,Alpha-endosulfan,411,random_forest,2,1,0.3955825978455032,0.5601787460707077,-0.16459614822520452,0
262,"Phosphoric acid, 2-Chloro-1-(2,4-dichlorophenyl)ethenyl diethyl ester",98,random_forest,2,1,0.6904951700402978,0.5601787460707077,0.1303164239695901,1
265,Bromopropylate (Ref: GS 19851),75,random_forest,2,0,0.33515325027118686,0.5601787460707077,-0.22502549579952086,0
275,Monocrotophos (Ref: ENT 27129),56,random_forest,2,1,0.949437111942107,0.5601787460707077,0.3892583658713993,1
281,3-methyl-5-(1-methylethyl)phenol 1-(N-methylcarbamate)  ,30,random_forest,2,1,0.4916059605944759,0.5601787460707077,-0.0685727854762318,0
283,(2E)-3-[(Dimethoxyphosphinyl)oxy]-2-butenoic acid 1-phenylethyl ester,56,random_forest,2,1,0.8663912426456442,0.5601787460707077,0.30621249657493643,1
291,"Phosphoric acid (1Z)-2-chloro-1-(2,4,5-trichlorophenyl)ethenyl dimethyl ester",98,random_forest,2,1,0.6962488831950755,0.5601787460707077,0.13607013712436777,1
301,Benazolin (Ref: RD 7693),403,random_forest,2,0,0.34610602142648483,0.5601787460707077,-0.2140727246442229,0
325,N-(2-Methylcyclohexyl)-N'-phenylurea,396,random_forest,2,0,0.1858576049222591,0.5601787460707077,-0.3743211411484486,0
344,Isopropalin (Ref: EL-179),23,random_forest,2,1,0.28247104485678265,0.5601787460707077,-0.2777077012139251,0
359,Fluchloralin (Ref: BAS 392H),23,random_forest,2,0,0.20608945046546906,0.5601787460707077,-0.35408929560523866,0
365,Methyl cyclohexenone,388,random_forest,2,0,0.11784462194901661,0.5601787460707077,-0.4423341241216911,0
378,"N-Ethyl-N-(2-methyl-2-propenyl)-2,6-dinitro-4-(trifluoromethyl)benzenamine",23,random_forest,2,0,0.2164819972565049,0.5601787460707077,-0.3436967488142028,0
389,alpha-Cyclopropyl-alpha-(4-methoxyphenyl)-5-pyrimidinemethanol,382,random_forest,2,0,0.20219397687792762,0.5601787460707077,-0.3579847691927801,0
408,Akton,98,random_forest,2,1,0.6742563652283144,0.5601787460707077,0.11407761915760672,1
413,Furalaxyl (Ref: IPE 134),62,random_forest,2,1,0.11484187373007333,0.5601787460707077,-0.4453368723406344,0
425,"2,6-Dinitro-N1,N1-dipropyl-4-(trifluoromethyl)-1,3-benzenediamine",23,random_forest,2,0,0.21930311924699272,0.5601787460707077,-0.340875626823715,0
426,Dienochlor (Ref: SAN 804),377,random_forest,2,0,0.9158305174544247,0.5601787460707077,0.35565177138371695,1
439,Fenpropidin (Ref: CGA 114900),156,random_forest,2,1,0.3749762245357649,0.5601787460707077,-0.18520252153494282,0
461,"(4aS)-7-Chloro-2,5-dihydro-2-[[(methoxycarbonyl)[4-(trifluoromethoxy)phenyl]amino]carbonyl]indeno[1,2-e][1,3,4]oxadiazine-4a(3H)-carboxylic acid methyl ester",371,random_forest,2,1,0.40480092308791155,0.5601787460707077,-0.15537782298279618,0
487,"(2R,6S)-rel-4-[3-[4-(1,1-Dimethylethyl)phenyl]-2-methylpropyl]-2,6-dimethylmorpholine  ",156,random_forest,2,0,0.38433999816871206,0.5601787460707077,-0.17583874790199566,0
505,Benfuracarb,81,random_forest,2,1,0.2647784448075791,0.5601787460707077,-0.2954003012631286,0
514,Sulfluramid (Ref: GX 071),360,random_forest,2,1,0.6284764647417849,0.5601787460707077,0.06829771867107715,1
515,"3-(N-butyl-N-acetyl)-aminopropionic acid, ethyl ester (Ref: OMS 3065)",150,random_forest,2,0,0.42558266908023623,0.5601787460707077,-0.1345960769904715,0
523,Thifensulfuron-methyl (Ref: DPX M6316),2,random_forest,2,1,0.32028357695332726,0.5601787460707077,-0.23989516911738046,0
526,"2-Chloro-N-[2,6-dinitro-4-(trifluoromethyl)phenyl]-N-ethyl-6-fluorobenzenemethanamine",23,random_forest,2,0,0.19976963892620467,0.5601787460707077,-0.360409107144503,0
541,"[[2-Chloro-4-fluoro-5-[(tetrahydro-3-oxo-1H,3H-[1,3,4]thiadiazolo [3,4-a]pyridazin-1-ylidine)amino]phenyl]thioacetic acid methyl ester",113,random_forest,2,0,0.1091168470446519,0.5601787460707077,-0.4510618990260558,0
551,Prohexadione,353,random_forest,2,0,0.5530896088762729,0.5601787460707077,-0.007089137194434825,0
584,"(2R)-2-[4-(4-Cyano-2-fluorophenoxy)phenoxy]propanoic acid, Butyl ester",46,random_forest,2,0,0.16565857818059995,0.5601787460707077,-0.3945201678901078,0
586,"N2-[1,1-Dimethyl-2-(methylsulfonyl)ethyl]-3-iodo-N1-[2-methyl-4-[1,2,2,2-tetrafluoro-1-(trifluoromethyl)ethyl]phenyl]-1,2-benzenedicarboxamide",346,random_forest,2,0,0.712889529822969,0.5601787460707077,0.15271078375226133,1
589,(2-Oxo-3-thiazolidinyl)phosphonothioic acid O-ethyl S-(1-methylpropyl)ester,153,random_forest,2,1,0.8024581086534462,0.5601787460707077,0.24227936258273852,1
593,Sulfentrazone (Ref: FMC 97285),90,random_forest,2,0,0.06976641286508908,0.5601787460707077,-0.4904123332056186,0
598,"alpha,2-Dichloro-5-[4-(difluoromethyl)-4,5-dihydro-3-methyl-5-oxo-1H-1,2,4-triazol-1-yl]-4-fluorobenzenepropanoic acid, Ethyl ester",90,random_forest,2,0,0.0870385552874193,0.5601787460707077,-0.4731401907832884,0
599,Benoxacor (Ref: CGA 154281),340,random_forest,2,0,0.15898006112682864,0.5601787460707077,-0.4011986849438791,0
603,Cadusafos (Ref: FMC 67825),40,random_forest,2,1,0.7105355206586693,0.5601787460707077,0.1503567745879616,1
609,Triflusulfuron-methyl (Ref: DPX 66037),7,random_forest,2,0,0.2637119052106996,0.5601787460707077,-0.29646684086000813,0
623,Oryctalure,150,random_forest,2,0,0.08822482538714486,0.5601787460707077,-0.47195392068356284,0
624,Alanycarb,149,random_forest,2,1,0.3164592928530311,0.5601787460707077,-0.24371945321767663,0
636,"5-Methyl-5-(4-phenoxyphenyl)-3-(phenylamino)-2,4-oxazolidinedione",334,random_forest,2,1,0.17283774548045058,0.5601787460707077,-0.3873410005902571,0
661,"alpha,2-Dichloro-5-[4-(difluoromethyl)-4,5-dihydro-3-methyl-5-oxo-1H-1,2,4-triazol-1-yl]-4-fluorobenzenepropanoic acid",90,random_forest,2,0,0.0753259150880884,0.5601787460707077,-0.48485283098261933,0
670,Pyridalyl (Ref: S-1812),322,random_forest,2,0,0.8158695148256587,0.5601787460707077,0.255690768754951,1
677,"(5S)-3,5-Dihydro-5-methyl-2-(methylthio)-5-phenyl-3-(phenylamino)-4H-imidazol-4-one",319,random_forest,2,0,0.18657304263457944,0.5601787460707077,-0.3736057034361283,0
707,Sucrose octanoate,311,random_forest,2,0,0.37257388043353573,0.5601787460707077,-0.187604865637172,0
710,Zarilamid (Ref: ICIA001),75,random_forest,2,1,0.3017211804811412,0.5601787460707077,-0.2584575655895665,0
716,Alloxydim,309,random_forest,2,0,0.3224585353177305,0.5601787460707077,-0.23772021075297722,0
762,"Carbonic acid, cis-3-(2,5-Dimethylphenyl)-8-methoxy-2-oxo-1-azaspiro[4.5]dec-3-en-4-yl ethyl ester",302,random_forest,2,0,0.19481338640933377,0.5601787460707077,-0.36536535966137396,0
766,"2-Chloro-5-[3,6-dihydro-3-methyl-2,6-dioxo-4-(trifluoromethyl-1(2H)-pyrimidinyl]-4-fluoro-N-[[methyl(1-methylethyl)amino]sulfonyl]benzamide",130,random_forest,2,0,0.2157013052217286,0.5601787460707077,-0.34447744084897913,0
777,"2-[1-[2-[[(3,5-Difluorophenyl)amino]carbonyl]hydrazinylidene]ethyl]-3-pyridinecarboxylic acid",297,random_forest,2,0,0.12774650878695104,0.5601787460707077,-0.4324322372837567,0
790,Furalaxyl-M,62,random_forest,2,1,0.3210371630382761,0.5601787460707077,-0.2391415830324316,0
791,"N-{2-[(4,6-Dimethoxypyrimidin-2-yl)(hydroxy)methyl]-6-(methoxymethyl)phenyl}-1,1-difluoromethanesulfonamide",294,random_forest,2,0,0.07742732783771102,0.5601787460707077,-0.4827514182329967,0
793,"4-[[(6-Chloro-3-pyridinyl)methyl](2,2-difluoroethyl)amino]-2(5H)-furanone",292,random_forest,2,1,0.08131654694703964,0.5601787460707077,-0.47886219912366806,0
810,Triafamone (Ref: AE 1887198),286,random_forest,2,0,0.10677880502394634,0.5601787460707077,-0.4533999410467614,0
819,"Methyl N-[2-({2-chloro-4-fluoro-5-[3-methyl-2,6-dioxo-4-(trifluoromethyl)-3,6-dihydropyrimidin-1(2H)-yl]phenyl}sulfanyl)propanoyl]-beta-alaninate",130,random_forest,2,1,0.26649529641961445,0.5601787460707077,-0.2936834496510933,0
825,Benzyl 4-amino-3-chloro-6-(4-chloro-2-fluoro-3-methoxyphenyl)-5-fluoropyridine-2-carboxylate,83,random_forest,2,0,0.2679127173458153,0.5601787460707077,-0.29226602872489243,0
831,Nicotine,281,random_forest,2,0,0.04264895853848721,0.5601787460707077,-0.5175297875322206,0
842,Strychnine,277,random_forest,2,0,0.18348242817316993,0.5601787460707077,-0.37669631789753777,0
850,Dimethyl disulfide,273,random_forest,2,0,0.35673742787149637,0.5601787460707077,-0.20344131819921135,0
859,Dithianon (Ref: BAS 216F),267,random_forest,2,0,0.29131530342911827,0.5601787460707077,-0.26886344264158946,0
863,Carbosulfan (Ref: OMS 3022),81,random_forest,2,1,0.397883476210421,0.5601787460707077,-0.1622952698602867,0
884,"4-[(2R)-2-[(1S,3S,5S)-3,5-Dimethyl-2-oxocyclohexyl]-2-hydroxyethyl]-2,6-piperidinedione",257,random_forest,2,0,0.39485552160908954,0.5601787460707077,-0.16532322446161818,0
895,Gibberellic acid,124,random_forest,2,0,0.34820963666999094,0.5601787460707077,-0.21196910940071678,0
896,ACC,251,random_forest,2,0,0.3510165630536663,0.5601787460707077,-0.20916218301704143,0
914,"3-[(Dimethoxyphosphinyl)oxy]-2-pentenedioic acid, Dimethyl ester",56,random_forest,2,1,0.9773480751461657,0.5601787460707077,0.417169329075458,1
922,Metribuzin (Ref: DPX G2504),240,random_forest,2,0,0.24389410719823465,0.5601787460707077,-0.31628463887247305,0
923,Oryzalin (Ref: EL 119),23,random_forest,2,0,0.24162166700790985,0.5601787460707077,-0.31855707906279784,0
933,Jasmonic acid,232,random_forest,2,0,0.552601083799481,0.5601787460707077,-0.007577662271226693,0
947,"1,7-dioxaspiro(5.5)undecane",226,random_forest,2,0,0.06257841605340632,0.5601787460707077,-0.4976003300173014,0
951,"2,3-Dihydro-5,6-dimethyl-1,4-dithiin 1,1,4,4-tetraoxide",223,random_forest,2,0,0.4680201085383598,0.5601787460707077,-0.09215863753234793,0
953,Nitrothal-isopropyl (Ref: BAS 300 OOF),119,random_forest,2,0,0.17440307277745687,0.5601787460707077,-0.38577567329325085,0
965,Cinmethylin (Ref: BAS 684 H),216,random_forest,2,0,0.2094710832983858,0.5601787460707077,-0.3507076627723219,0
976,Ecolyst (Ref: HSDB 7282),209,random_forest,2,0,0.1088141856328436,0.5601787460707077,-0.4513645604378641,0
986,Fluthiacet,113,random_forest,2,0,0.09503086449469866,0.5601787460707077,-0.46514788157600906,0
1001,Di-1-p-menthene,107,random_forest,2,0,0.5137046850970401,0.5601787460707077,-0.046474060973667575,0
1005,"alpha-Methyl-omega-[3-[1,3,3,3-tetramethyl-1-[(trimethylsilyl)oxy]-1-disiloxanyl]propoxy]poly(oxy-1,2-ethanediyl)",196,random_forest,2,0,0.39905785493260587,0.5601787460707077,-0.16112089113810185,0
1020,Sabadilla (Ref: ENT 123 ),188,random_forest,2,0,0.3625086218567912,0.5601787460707077,-0.1976701242139165,0
1026,Triflumezopyrim (Ref: DPX-RAB55),186,random_forest,2,1,0.10843531493358863,0.5601787460707077,-0.4517434311371191,0
1030,1-({1-Ethyl-4-[4-(methanesulfonyl)-3-(2-methoxyethoxy)-2-methylbenzoyl]-1H-pyrazol-5-yl}oxy)ethyl methyl carbonate,182,random_forest,2,0,0.26561970210081914,0.5601787460707077,-0.2945590439698886,0
2,Para-cymene,460,mlp,2,0,0.08992224225418358,0.5398554398724426,-0.449933197618259,0
8,Orange oil,107,mlp,2,0,0.10599525088863784,0.5398554398724426,-0.43386018898380474,0
18,"3-[(Dimethoxyphosphinyl)oxy]-2-butenoic acid, Methyl ester",56,mlp,2,1,0.9222818610212206,0.5398554398724426,0.382426421148778,1
33,5-Methyl-2-(1-methylethyl)phenol,452,mlp,2,0,0.10261502519635055,0.5398554398724426,-0.437240414676092,0
34,"N-Butyl-N-ethyl-2,6-dinitro-4-(trifluoromethyl)benzenamine",23,mlp,2,0,0.3914258738846887,0.5398554398724426,-0.14842956598775386,0
37,Carvone,177,mlp,2,0,0.10688940804752291,0.5398554398724426,-0.43296603182491966,0
50,Tetraethyl ester diphosphoric acid,40,mlp,2,1,0.8629854794533527,0.5398554398724426,0.32313003958091013,1
51,Chlorobenzilate (Ref: ENT 18596),75,mlp,2,1,0.22998427135620517,0.5398554398724426,-0.3098711685162374,0
55,Alpha-terpineol,107,mlp,2,0,0.10832567275309996,0.5398554398724426,-0.4315297671193426,0
67,1-Methyl-2-pyrrolidinone,446,mlp,2,0,0.12931909143141332,0.5398554398724426,-0.41053634844102926,0
81,Tridemorph (Ref: BAS 2205-F),441,mlp,2,0,0.21527505999229746,0.5398554398724426,-0.3245803798801451,0
97,"3,5-Dimethyl-4-(methylthio)phenol, Methylcarbamate",30,mlp,2,1,0.19589310896982173,0.5398554398724426,-0.34396233090262085,0
108,2-aminobutane,436,mlp,2,0,0.09333495760747385,0.5398554398724426,-0.4465204822649687,0
114,1-naphthylacetamide,173,mlp,2,0,0.1136953057158669,0.5398554398724426,-0.42616013415657567,0
115,Tribenuron-methyl (Ref: DPX L5300),2,mlp,2,1,0.1879918093234121,0.5398554398724426,-0.35186363054903047,0
118,2-naphthyloxyacetic acid,172,mlp,2,0,0.1476435720914379,0.5398554398724426,-0.39221186778100464,0
140,Tribufos,40,mlp,2,0,0.9351267244582381,0.5398554398724426,0.3952712845857955,1
166,Fosetyl,425,mlp,2,0,0.37515921545990244,0.5398554398724426,-0.16469622441254012,0
177,"Phosphorodithioic acid O-ethyl S,S-dipropyl ester",40,mlp,2,1,0.930624053269495,0.5398554398724426,0.3907686133970525,1
216,Dimetilan,167,mlp,2,1,0.17003884293719493,0.5398554398724426,-0.3698165969352476,0
229,"4-(Dimethylamino)-3,5-dimethylphenol, Methylcarbamate(ester)",30,mlp,2,1,0.1529808520826151,0.5398554398724426,-0.3868745877898274,0
235,"4-(Dimethylamino)-3-methylphenol, Methylcarbamate (ester)",30,mlp,2,1,0.1501194185096066,0.5398554398724426,-0.3897360213628359,0
240,"N,N-dimethylcarbamic acid 3-methyl-1-(1-methylethyl)-1H-pyrazol-5-yl ester",167,mlp,2,1,0.16557079096095348,0.5398554398724426,-0.37428464891148905,0
241,"2,6-Dinitro-N,N-dipropyl-4-(trifluoromethyl)benzenamine",23,mlp,2,0,0.3931031568437753,0.5398554398724426,-0.14675228302866727,0
246,"Phosphoric acid, (1E)-3-(Dimethylamino)-1-methyl-3-oxo-1-propen-1-yl dimethyl ester",56,mlp,2,1,0.9187671274650615,0.5398554398724426,0.37891168759261895,1
249,Gibberellins,124,mlp,2,0,0.3478756659921752,0.5398554398724426,-0.19197977388026738,0
251,XMC (Ref: H 69),30,mlp,2,1,0.13542186778579712,0.5398554398724426,-0.40443357208664543,0
253,Kasugamycin hydrochloride hydrate,412,mlp,2,0,0.15496240050344937,0.5398554398724426,-0.3848930393689932,0
254,Alpha-endosulfan,411,mlp,2,1,0.316903898203826,0.5398554398724426,-0.22295154166861658,0
262,"Phosphoric acid, 2-Chloro-1-(2,4-dichlorophenyl)ethenyl diethyl ester",98,mlp,2,1,0.9310872410007267,0.5398554398724426,0.39123180112828415,1
265,Bromopropylate (Ref: GS 19851),75,mlp,2,0,0.419149380906764,0.5398554398724426,-0.12070605896567854,0
275,Monocrotophos (Ref: ENT 27129),56,mlp,2,1,0.8957239890527109,0.5398554398724426,0.35586854918026833,1
281,3-methyl-5-(1-methylethyl)phenol 1-(N-methylcarbamate)  ,30,mlp,2,1,0.15822831705510446,0.5398554398724426,-0.3816271228173381,0
283,(2E)-3-[(Dimethoxyphosphinyl)oxy]-2-butenoic acid 1-phenylethyl ester,56,mlp,2,1,0.9265059422730911,0.5398554398724426,0.3866505024006486,1
291,"Phosphoric acid (1Z)-2-chloro-1-(2,4,5-trichlorophenyl)ethenyl dimethyl ester",98,mlp,2,1,0.9260001287643428,0.5398554398724426,0.38614468889190023,1
301,Benazolin (Ref: RD 7693),403,mlp,2,0,0.19241393603706622,0.5398554398724426,-0.3474415038353763,0
325,N-(2-Methylcyclohexyl)-N'-phenylurea,396,mlp,2,0,0.19639795740417165,0.5398554398724426,-0.3434574824682709,0
344,Isopropalin (Ref: EL-179),23,mlp,2,1,0.3506495388774709,0.5398554398724426,-0.18920590099497164,0
359,Fluchloralin (Ref: BAS 392H),23,mlp,2,0,0.35766856834226585,0.5398554398724426,-0.1821868715301767,0
365,Methyl cyclohexenone,388,mlp,2,0,0.09796640467181446,0.5398554398724426,-0.4418890352006281,0
378,"N-Ethyl-N-(2-methyl-2-propenyl)-2,6-dinitro-4-(trifluoromethyl)benzenamine",23,mlp,2,0,0.3749476406507933,0.5398554398724426,-0.16490779922164928,0
389,alpha-Cyclopropyl-alpha-(4-methoxyphenyl)-5-pyrimidinemethanol,382,mlp,2,0,0.15070675503032713,0.5398554398724426,-0.3891486848421154,0
408,Akton,98,mlp,2,1,0.9269890436952208,0.5398554398724426,0.3871336038227783,1
413,Furalaxyl (Ref: IPE 134),62,mlp,2,1,0.1769476842297566,0.5398554398724426,-0.36290775564268596,0
425,"2,6-Dinitro-N1,N1-dipropyl-4-(trifluoromethyl)-1,3-benzenediamine",23,mlp,2,0,0.41278127982735047,0.5398554398724426,-0.1270741600450921,0
426,Dienochlor (Ref: SAN 804),377,mlp,2,0,0.9615328677197387,0.5398554398724426,0.4216774278472961,1
439,Fenpropidin (Ref: CGA 114900),156,mlp,2,1,0.22554145525458588,0.5398554398724426,-0.31431398461785665,0
461,"(4aS)-7-Chloro-2,5-dihydro-2-[[(methoxycarbonyl)[4-(trifluoromethoxy)phenyl]amino]carbonyl]indeno[1,2-e][1,3,4]oxadiazine-4a(3H)-carboxylic acid methyl ester",371,mlp,2,1,0.2289681303254609,0.5398554398724426,-0.3108873095469816,0
487,"(2R,6S)-rel-4-[3-[4-(1,1-Dimethylethyl)phenyl]-2-methylpropyl]-2,6-dimethylmorpholine  ",156,mlp,2,0,0.23475097262908345,0.5398554398724426,-0.3051044672433591,0
505,Benfuracarb,81,mlp,2,1,0.30915575576081783,0.5398554398724426,-0.23069968411162473,0
514,Sulfluramid (Ref: GX 071),360,mlp,2,1,0.5224072449922661,0.5398554398724426,-0.01744819488017646,0
515,"3-(N-butyl-N-acetyl)-aminopropionic acid, ethyl ester (Ref: OMS 3065)",150,mlp,2,0,0.24142506148216542,0.5398554398724426,-0.29843037839027714,0
523,Thifensulfuron-methyl (Ref: DPX M6316),2,mlp,2,1,0.16296712758650334,0.5398554398724426,-0.3768883122859392,0
526,"2-Chloro-N-[2,6-dinitro-4-(trifluoromethyl)phenyl]-N-ethyl-6-fluorobenzenemethanamine",23,mlp,2,0,0.24147484831971633,0.5398554398724426,-0.2983805915527262,0
541,"[[2-Chloro-4-fluoro-5-[(tetrahydro-3-oxo-1H,3H-[1,3,4]thiadiazolo [3,4-a]pyridazin-1-ylidine)amino]phenyl]thioacetic acid methyl ester",113,mlp,2,0,0.22062985760807288,0.5398554398724426,-0.3192255822643697,0
551,Prohexadione,353,mlp,2,0,0.3544483399075469,0.5398554398724426,-0.18540709996489563,0
584,"(2R)-2-[4-(4-Cyano-2-fluorophenoxy)phenoxy]propanoic acid, Butyl ester",46,mlp,2,0,0.2792523564333684,0.5398554398724426,-0.2606030834390742,0
586,"N2-[1,1-Dimethyl-2-(methylsulfonyl)ethyl]-3-iodo-N1-[2-methyl-4-[1,2,2,2-tetrafluoro-1-(trifluoromethyl)ethyl]phenyl]-1,2-benzenedicarboxamide",346,mlp,2,0,0.695959331207133,0.5398554398724426,0.1561038913346905,1
589,(2-Oxo-3-thiazolidinyl)phosphonothioic acid O-ethyl S-(1-methylpropyl)ester,153,mlp,2,1,0.7031857467978522,0.5398554398724426,0.16333030692540962,1
593,Sulfentrazone (Ref: FMC 97285),90,mlp,2,0,0.23282573598944567,0.5398554398724426,-0.3070297038829969,0
598,"alpha,2-Dichloro-5-[4-(difluoromethyl)-4,5-dihydro-3-methyl-5-oxo-1H-1,2,4-triazol-1-yl]-4-fluorobenzenepropanoic acid, Ethyl ester",90,mlp,2,0,0.27072875287635906,0.5398554398724426,-0.2691266869960835,0
599,Benoxacor (Ref: CGA 154281),340,mlp,2,0,0.16336636000951277,0.5398554398724426,-0.3764890798629298,0
603,Cadusafos (Ref: FMC 67825),40,mlp,2,1,0.9293541767109098,0.5398554398724426,0.38949873683846725,1
609,Triflusulfuron-methyl (Ref: DPX 66037),7,mlp,2,0,0.20716242778511643,0.5398554398724426,-0.33269301208732616,0
623,Oryctalure,150,mlp,2,0,0.1650079491718881,0.5398554398724426,-0.37484749070055445,0
624,Alanycarb,149,mlp,2,1,0.33608041116940945,0.5398554398724426,-0.2037750287030331,0
636,"5-Methyl-5-(4-phenoxyphenyl)-3-(phenylamino)-2,4-oxazolidinedione",334,mlp,2,1,0.26150757605794855,0.5398554398724426,-0.278347863814494,0
661,"alpha,2-Dichloro-5-[4-(difluoromethyl)-4,5-dihydro-3-methyl-5-oxo-1H-1,2,4-triazol-1-yl]-4-fluorobenzenepropanoic acid",90,mlp,2,0,0.23910010254604835,0.5398554398724426,-0.3007553373263942,0
670,Pyridalyl (Ref: S-1812),322,mlp,2,0,0.6565222209624204,0.5398554398724426,0.11666678108997786,1
677,"(5S)-3,5-Dihydro-5-methyl-2-(methylthio)-5-phenyl-3-(phenylamino)-4H-imidazol-4-one",319,mlp,2,0,0.20334745716485034,0.5398554398724426,-0.3365079827075922,0
707,Sucrose octanoate,311,mlp,2,0,0.21854509567156288,0.5398554398724426,-0.32131034420087967,0
710,Zarilamid (Ref: ICIA001),75,mlp,2,1,0.24555419024609984,0.5398554398724426,-0.29430124962634274,0
716,Alloxydim,309,mlp,2,0,0.2866819454554663,0.5398554398724426,-0.25317349441697623,0
762,"Carbonic acid, cis-3-(2,5-Dimethylphenyl)-8-methoxy-2-oxo-1-azaspiro[4.5]dec-3-en-4-yl ethyl ester",302,mlp,2,0,0.3124251096701146,0.5398554398724426,-0.22743033020232795,0
766,"2-Chloro-5-[3,6-dihydro-3-methyl-2,6-dioxo-4-(trifluoromethyl-1(2H)-pyrimidinyl]-4-fluoro-N-[[methyl(1-methylethyl)amino]sulfonyl]benzamide",130,mlp,2,0,0.1759871045316916,0.5398554398724426,-0.3638683353407509,0
777,"2-[1-[2-[[(3,5-Difluorophenyl)amino]carbonyl]hydrazinylidene]ethyl]-3-pyridinecarboxylic acid",297,mlp,2,0,0.19578409214676418,0.5398554398724426,-0.3440713477256784,0
790,Furalaxyl-M,62,mlp,2,1,0.22778027521539818,0.5398554398724426,-0.3120751646570444,0
791,"N-{2-[(4,6-Dimethoxypyrimidin-2-yl)(hydroxy)methyl]-6-(methoxymethyl)phenyl}-1,1-difluoromethanesulfonamide",294,mlp,2,0,0.25383725471071894,0.5398554398724426,-0.2860181851617236,0
793,"4-[[(6-Chloro-3-pyridinyl)methyl](2,2-difluoroethyl)amino]-2(5H)-furanone",292,mlp,2,1,0.2474193328095805,0.5398554398724426,-0.29243610706286205,0
810,Triafamone (Ref: AE 1887198),286,mlp,2,0,0.2542349123262277,0.5398554398724426,-0.28562052754621486,0
819,"Methyl N-[2-({2-chloro-4-fluoro-5-[3-methyl-2,6-dioxo-4-(trifluoromethyl)-3,6-dihydropyrimidin-1(2H)-yl]phenyl}sulfanyl)propanoyl]-beta-alaninate",130,mlp,2,1,0.2275071214610133,0.5398554398724426,-0.3123483184114293,0
825,Benzyl 4-amino-3-chloro-6-(4-chloro-2-fluoro-3-methoxyphenyl)-5-fluoropyridine-2-carboxylate,83,mlp,2,0,0.32978003939328066,0.5398554398724426,-0.2100754004791619,0
831,Nicotine,281,mlp,2,0,0.09327722656363742,0.5398554398724426,-0.44657821330880515,0
842,Strychnine,277,mlp,2,0,0.13791543989200625,0.5398554398724426,-0.4019399999804363,0
850,Dimethyl disulfide,273,mlp,2,0,0.2464317589091096,0.5398554398724426,-0.29342368096333293,0
859,Dithianon (Ref: BAS 216F),267,mlp,2,0,0.19592668158562185,0.5398554398724426,-0.3439287582868207,0
863,Carbosulfan (Ref: OMS 3022),81,mlp,2,1,0.30779078887638645,0.5398554398724426,-0.2320646509960561,0
884,"4-[(2R)-2-[(1S,3S,5S)-3,5-Dimethyl-2-oxocyclohexyl]-2-hydroxyethyl]-2,6-piperidinedione",257,mlp,2,0,0.25694526041652654,0.5398554398724426,-0.282910179455916,0
895,Gibberellic acid,124,mlp,2,0,0.28247376060878654,0.5398554398724426,-0.257381679263656,0
896,ACC,251,mlp,2,0,0.2415199324002596,0.5398554398724426,-0.29833550747218296,0
914,"3-[(Dimethoxyphosphinyl)oxy]-2-pentenedioic acid, Dimethyl ester",56,mlp,2,1,0.9326913475080714,0.5398554398724426,0.3928359076356288,1
922,Metribuzin (Ref: DPX G2504),240,mlp,2,0,0.18761717361990637,0.5398554398724426,-0.3522382662525362,0
923,Oryzalin (Ref: EL 119),23,mlp,2,0,0.37461534970584953,0.5398554398724426,-0.16524009016659302,0
933,Jasmonic acid,232,mlp,2,0,0.2269565391087255,0.5398554398724426,-0.31289890076371707,0
947,"1,7-dioxaspiro(5.5)undecane",226,mlp,2,0,0.12416183567225533,0.5398554398724426,-0.4156936042001872,0
951,"2,3-Dihydro-5,6-dimethyl-1,4-dithiin 1,1,4,4-tetraoxide",223,mlp,2,0,0.2839410383026463,0.5398554398724426,-0.2559144015697963,0
953,Nitrothal-isopropyl (Ref: BAS 300 OOF),119,mlp,2,0,0.337420000714229,0.5398554398724426,-0.20243543915821355,0
965,Cinmethylin (Ref: BAS 684 H),216,mlp,2,0,0.18930722234207709,0.5398554398724426,-0.35054821753036547,0
976,Ecolyst (Ref: HSDB 7282),209,mlp,2,0,0.13010799124555997,0.5398554398724426,-0.4097474486268826,0
986,Fluthiacet,113,mlp,2,0,0.2140975059740917,0.5398554398724426,-0.32575793389835084,0
1001,Di-1-p-menthene,107,mlp,2,0,0.39390125292573847,0.5398554398724426,-0.1459541869467041,0
1005,"alpha-Methyl-omega-[3-[1,3,3,3-tetramethyl-1-[(trimethylsilyl)oxy]-1-disiloxanyl]propoxy]poly(oxy-1,2-ethanediyl)",196,mlp,2,0,0.20091821348812242,0.5398554398724426,-0.3389372263843201,0
1020,Sabadilla (Ref: ENT 123 ),188,mlp,2,0,0.547881461209941,0.5398554398724426,0.008026021337498412,1
1026,Triflumezopyrim (Ref: DPX-RAB55),186,mlp,2,1,0.2096192898842151,0.5398554398724426,-0.3302361499882275,0
1030,1-({1-Ethyl-4-[4-(methanesulfonyl)-3-(2-methoxyethoxy)-2-methylbenzoyl]-1H-pyrazol-5-yl}oxy)ethyl methyl carbonate,182,mlp,2,0,0.192380863079713,0.5398554398724426,-0.34747457679272953,0
2,Para-cymene,460,rbf_matched,2,0,-0.6860097208139659,-0.15153191568899937,-0.5344778051249666,0
8,Orange oil,107,rbf_matched,2,0,-0.5688812266048016,-0.15153191568899937,-0.4173493109158022,0
18,"3-[(Dimethoxyphosphinyl)oxy]-2-butenoic acid, Methyl ester",56,rbf_matched,2,1,1.0438897730153047,-0.15153191568899937,1.195421688704304,1
33,5-Methyl-2-(1-methylethyl)phenol,452,rbf_matched,2,0,-0.9446108926434162,-0.15153191568899937,-0.7930789769544169,0
34,"N-Butyl-N-ethyl-2,6-dinitro-4-(trifluoromethyl)benzenamine",23,rbf_matched,2,0,-0.7907187662200432,-0.15153191568899937,-0.6391868505310438,0
37,Carvone,177,rbf_matched,2,0,-0.8067125819733005,-0.15153191568899937,-0.6551806662843012,0
50,Tetraethyl ester diphosphoric acid,40,rbf_matched,2,1,0.49263845524734373,-0.15153191568899937,0.6441703709363431,1
51,Chlorobenzilate (Ref: ENT 18596),75,rbf_matched,2,1,-0.8868145009723711,-0.15153191568899937,-0.7352825852833718,0
55,Alpha-terpineol,107,rbf_matched,2,0,-0.802072183337337,-0.15153191568899937,-0.6505402676483376,0
67,1-Methyl-2-pyrrolidinone,446,rbf_matched,2,0,-0.9484210123341719,-0.15153191568899937,-0.7968890966451725,0
81,Tridemorph (Ref: BAS 2205-F),441,rbf_matched,2,0,-0.5467595443089663,-0.15153191568899937,-0.39522762861996696,0
97,"3,5-Dimethyl-4-(methylthio)phenol, Methylcarbamate",30,rbf_matched,2,1,-0.9035746585614033,-0.15153191568899937,-0.7520427428724039,0
108,2-aminobutane,436,rbf_matched,2,0,-1.0197353081973477,-0.15153191568899937,-0.8682033925083483,0
114,1-naphthylacetamide,173,rbf_matched,2,0,-1.2452093426390347,-0.15153191568899937,-1.0936774269500353,0
115,Tribenuron-methyl (Ref: DPX L5300),2,rbf_matched,2,1,-1.0409534555303461,-0.15153191568899937,-0.8894215398413468,0
118,2-naphthyloxyacetic acid,172,rbf_matched,2,0,-1.2011350085464982,-0.15153191568899937,-1.0496030928574989,0
140,Tribufos,40,rbf_matched,2,0,1.3830734971312204,-0.15153191568899937,1.5346054128202198,1
166,Fosetyl,425,rbf_matched,2,0,-0.5796544252876994,-0.15153191568899937,-0.4281225095987,0
177,"Phosphorodithioic acid O-ethyl S,S-dipropyl ester",40,rbf_matched,2,1,1.1964450898785752,-0.15153191568899937,1.3479770055675746,1
216,Dimetilan,167,rbf_matched,2,1,-1.0246366220165901,-0.15153191568899937,-0.8731047063275907,0
229,"4-(Dimethylamino)-3,5-dimethylphenol, Methylcarbamate(ester)",30,rbf_matched,2,1,-1.015222314101593,-0.15153191568899937,-0.8636903984125937,0
235,"4-(Dimethylamino)-3-methylphenol, Methylcarbamate (ester)",30,rbf_matched,2,1,-1.0735373088247655,-0.15153191568899937,-0.9220053931357661,0
240,"N,N-dimethylcarbamic acid 3-methyl-1-(1-methylethyl)-1H-pyrazol-5-yl ester",167,rbf_matched,2,1,-1.0311396868788802,-0.15153191568899937,-0.8796077711898809,0
241,"2,6-Dinitro-N,N-dipropyl-4-(trifluoromethyl)benzenamine",23,rbf_matched,2,0,-0.790911083247577,-0.15153191568899937,-0.6393791675585776,0
246,"Phosphoric acid, (1E)-3-(Dimethylamino)-1-methyl-3-oxo-1-propen-1-yl dimethyl ester",56,rbf_matched,2,1,0.9993906028727566,-0.15153191568899937,1.150922518561756,1
249,Gibberellins,124,rbf_matched,2,0,-0.43834838554427313,-0.15153191568899937,-0.28681646985527376,0
251,XMC (Ref: H 69),30,rbf_matched,2,1,-1.0340844614886022,-0.15153191568899937,-0.8825525457996028,0
253,Kasugamycin hydrochloride hydrate,412,rbf_matched,2,0,-0.4238555936912276,-0.15153191568899937,-0.27232367800222823,0
254,Alpha-endosulfan,411,rbf_matched,2,1,-0.08316505373222327,-0.15153191568899937,0.0683668619567761,1
262,"Phosphoric acid, 2-Chloro-1-(2,4-dichlorophenyl)ethenyl diethyl ester",98,rbf_matched,2,1,1.3661134403396011,-0.15153191568899937,1.5176453560286005,1
265,Bromopropylate (Ref: GS 19851),75,rbf_matched,2,0,-0.47583600130929016,-0.15153191568899937,-0.3243040856202908,0
275,Monocrotophos (Ref: ENT 27129),56,rbf_matched,2,1,0.9440741655288827,-0.15153191568899937,1.095606081217882,1
281,3-methyl-5-(1-methylethyl)phenol 1-(N-methylcarbamate)  ,30,rbf_matched,2,1,-0.93571605205517,-0.15153191568899937,-0.7841841363661706,0
283,(2E)-3-[(Dimethoxyphosphinyl)oxy]-2-butenoic acid 1-phenylethyl ester,56,rbf_matched,2,1,1.149902937832993,-0.15153191568899937,1.3014348535219924,1
291,"Phosphoric acid (1Z)-2-chloro-1-(2,4,5-trichlorophenyl)ethenyl dimethyl ester",98,rbf_matched,2,1,1.4140580913978484,-0.15153191568899937,1.5655900070868478,1
301,Benazolin (Ref: RD 7693),403,rbf_matched,2,0,-1.1819999969744204,-0.15153191568899937,-1.030468081285421,0
325,N-(2-Methylcyclohexyl)-N'-phenylurea,396,rbf_matched,2,0,-0.7936590153701653,-0.15153191568899937,-0.6421270996811659,0
344,Isopropalin (Ref: EL-179),23,rbf_matched,2,1,-0.6796298018239011,-0.15153191568899937,-0.5280978861349017,0
359,Fluchloralin (Ref: BAS 392H),23,rbf_matched,2,0,-0.7888195398655868,-0.15153191568899937,-0.6372876241765875,0
365,Methyl cyclohexenone,388,rbf_matched,2,0,-0.8739497607796254,-0.15153191568899937,-0.722417845090626,0
378,"N-Ethyl-N-(2-methyl-2-propenyl)-2,6-dinitro-4-(trifluoromethyl)benzenamine",23,rbf_matched,2,0,-0.7966231847053298,-0.15153191568899937,-0.6450912690163304,0
389,alpha-Cyclopropyl-alpha-(4-methoxyphenyl)-5-pyrimidinemethanol,382,rbf_matched,2,0,-1.2023518584927644,-0.15153191568899937,-1.050819942803765,0
408,Akton,98,rbf_matched,2,1,1.4426176293417978,-0.15153191568899937,1.5941495450307972,1
413,Furalaxyl (Ref: IPE 134),62,rbf_matched,2,1,-0.9277524561188126,-0.15153191568899937,-0.7762205404298133,0
425,"2,6-Dinitro-N1,N1-dipropyl-4-(trifluoromethyl)-1,3-benzenediamine",23,rbf_matched,2,0,-0.8262181312768184,-0.15153191568899937,-0.674686215587819,0
426,Dienochlor (Ref: SAN 804),377,rbf_matched,2,0,1.8714871963156514,-0.15153191568899937,2.0230191120046506,1
439,Fenpropidin (Ref: CGA 114900),156,rbf_matched,2,1,-0.4252269499063266,-0.15153191568899937,-0.2736950342173272,0
461,"(4aS)-7-Chloro-2,5-dihydro-2-[[(methoxycarbonyl)[4-(trifluoromethoxy)phenyl]amino]carbonyl]indeno[1,2-e][1,3,4]oxadiazine-4a(3H)-carboxylic acid methyl ester",371,rbf_matched,2,1,-0.2872481969198044,-0.15153191568899937,-0.13571628123080504,0
487,"(2R,6S)-rel-4-[3-[4-(1,1-Dimethylethyl)phenyl]-2-methylpropyl]-2,6-dimethylmorpholine  ",156,rbf_matched,2,0,-0.4869030172932367,-0.15153191568899937,-0.33537110160423733,0
505,Benfuracarb,81,rbf_matched,2,1,-0.49389279921529305,-0.15153191568899937,-0.3423608835262937,0
514,Sulfluramid (Ref: GX 071),360,rbf_matched,2,1,1.484925846798809,-0.15153191568899937,1.6364577624878083,1
515,"3-(N-butyl-N-acetyl)-aminopropionic acid, ethyl ester (Ref: OMS 3065)",150,rbf_matched,2,0,-1.0906263269285599,-0.15153191568899937,-0.9390944112395605,0
523,Thifensulfuron-methyl (Ref: DPX M6316),2,rbf_matched,2,1,-0.8137229075969266,-0.15153191568899937,-0.6621909919079272,0
526,"2-Chloro-N-[2,6-dinitro-4-(trifluoromethyl)phenyl]-N-ethyl-6-fluorobenzenemethanamine",23,rbf_matched,2,0,-0.3863654167021384,-0.15153191568899937,-0.23483350101313905,0
541,"[[2-Chloro-4-fluoro-5-[(tetrahydro-3-oxo-1H,3H-[1,3,4]thiadiazolo [3,4-a]pyridazin-1-ylidine)amino]phenyl]thioacetic acid methyl ester",113,rbf_matched,2,0,-0.8490911966893211,-0.15153191568899937,-0.6975592810003217,0
551,Prohexadione,353,rbf_matched,2,0,-0.8930040626317612,-0.15153191568899937,-0.7414721469427619,0
584,"(2R)-2-[4-(4-Cyano-2-fluorophenoxy)phenoxy]propanoic acid, Butyl ester",46,rbf_matched,2,0,-0.7372205457745309,-0.15153191568899937,-0.5856886300855315,0
586,"N2-[1,1-Dimethyl-2-(methylsulfonyl)ethyl]-3-iodo-N1-[2-methyl-4-[1,2,2,2-tetrafluoro-1-(trifluoromethyl)ethyl]phenyl]-1,2-benzenedicarboxamide",346,rbf_matched,2,0,0.6569498888577652,-0.15153191568899937,0.8084818045467645,1
589,(2-Oxo-3-thiazolidinyl)phosphonothioic acid O-ethyl S-(1-methylpropyl)ester,153,rbf_matched,2,1,0.1068745758090941,-0.15153191568899937,0.25840649149809347,1
593,Sulfentrazone (Ref: FMC 97285),90,rbf_matched,2,0,-1.0913944255870336,-0.15153191568899937,-0.9398625098980342,0
598,"alpha,2-Dichloro-5-[4-(difluoromethyl)-4,5-dihydro-3-methyl-5-oxo-1H-1,2,4-triazol-1-yl]-4-fluorobenzenepropanoic acid, Ethyl ester",90,rbf_matched,2,0,-0.8214066726304374,-0.15153191568899937,-0.669874756941438,0
599,Benoxacor (Ref: CGA 154281),340,rbf_matched,2,0,-0.9434122650917904,-0.15153191568899937,-0.7918803494027911,0
603,Cadusafos (Ref: FMC 67825),40,rbf_matched,2,1,1.328280850113519,-0.15153191568899937,1.4798127658025184,1
609,Triflusulfuron-methyl (Ref: DPX 66037),7,rbf_matched,2,0,-1.0215772957987521,-0.15153191568899937,-0.8700453801097527,0
623,Oryctalure,150,rbf_matched,2,0,-0.9792940100377698,-0.15153191568899937,-0.8277620943487705,0
624,Alanycarb,149,rbf_matched,2,1,-0.5918259993491328,-0.15153191568899937,-0.44029408366013345,0
636,"5-Methyl-5-(4-phenoxyphenyl)-3-(phenylamino)-2,4-oxazolidinedione",334,rbf_matched,2,1,-0.6160961590133107,-0.15153191568899937,-0.46456424332431134,0
661,"alpha,2-Dichloro-5-[4-(difluoromethyl)-4,5-dihydro-3-methyl-5-oxo-1H-1,2,4-triazol-1-yl]-4-fluorobenzenepropanoic acid",90,rbf_matched,2,0,-1.03919520922095,-0.15153191568899937,-0.8876632935319506,0
670,Pyridalyl (Ref: S-1812),322,rbf_matched,2,0,0.3612541705338326,-0.15153191568899937,0.512786086222832,1
677,"(5S)-3,5-Dihydro-5-methyl-2-(methylthio)-5-phenyl-3-(phenylamino)-4H-imidazol-4-one",319,rbf_matched,2,0,-0.830864576422351,-0.15153191568899937,-0.6793326607333516,0
707,Sucrose octanoate,311,rbf_matched,2,0,-0.5879756049806188,-0.15153191568899937,-0.4364436892916195,0
710,Zarilamid (Ref: ICIA001),75,rbf_matched,2,1,-1.17710183328891,-0.15153191568899937,-1.0255699175999107,0
716,Alloxydim,309,rbf_matched,2,0,-0.8601810104945009,-0.15153191568899937,-0.7086490948055015,0
762,"Carbonic acid, cis-3-(2,5-Dimethylphenyl)-8-methoxy-2-oxo-1-azaspiro[4.5]dec-3-en-4-yl ethyl ester",302,rbf_matched,2,0,-0.5144958114522138,-0.15153191568899937,-0.3629638957632144,0
766,"2-Chloro-5-[3,6-dihydro-3-methyl-2,6-dioxo-4-(trifluoromethyl-1(2H)-pyrimidinyl]-4-fluoro-N-[[methyl(1-methylethyl)amino]sulfonyl]benzamide",130,rbf_matched,2,0,-0.8963443685941892,-0.15153191568899937,-0.7448124529051898,0
777,"2-[1-[2-[[(3,5-Difluorophenyl)amino]carbonyl]hydrazinylidene]ethyl]-3-pyridinecarboxylic acid",297,rbf_matched,2,0,-1.1022514844157636,-0.15153191568899937,-0.9507195687267642,0
790,Furalaxyl-M,62,rbf_matched,2,1,-0.520910637669284,-0.15153191568899937,-0.36937872198028465,0
791,"N-{2-[(4,6-Dimethoxypyrimidin-2-yl)(hydroxy)methyl]-6-(methoxymethyl)phenyl}-1,1-difluoromethanesulfonamide",294,rbf_matched,2,0,-1.218836122316575,-0.15153191568899937,-1.0673042066275755,0
793,"4-[[(6-Chloro-3-pyridinyl)methyl](2,2-difluoroethyl)amino]-2(5H)-furanone",292,rbf_matched,2,1,-1.186907525807135,-0.15153191568899937,-1.0353756101181357,0
810,Triafamone (Ref: AE 1887198),286,rbf_matched,2,0,-1.2645065027114162,-0.15153191568899937,-1.1129745870224168,0
819,"Methyl N-[2-({2-chloro-4-fluoro-5-[3-methyl-2,6-dioxo-4-(trifluoromethyl)-3,6-dihydropyrimidin-1(2H)-yl]phenyl}sulfanyl)propanoyl]-beta-alaninate",130,rbf_matched,2,1,-0.8282683178317287,-0.15153191568899937,-0.6767364021427293,0
825,Benzyl 4-amino-3-chloro-6-(4-chloro-2-fluoro-3-methoxyphenyl)-5-fluoropyridine-2-carboxylate,83,rbf_matched,2,0,-0.4086943417406381,-0.15153191568899937,-0.25716242605163875,0
831,Nicotine,281,rbf_matched,2,0,-1.0743756844223753,-0.15153191568899937,-0.9228437687333759,0
842,Strychnine,277,rbf_matched,2,0,-0.7146130880317878,-0.15153191568899937,-0.5630811723427884,0
850,Dimethyl disulfide,273,rbf_matched,2,0,-0.803187513419805,-0.15153191568899937,-0.6516555977308056,0
859,Dithianon (Ref: BAS 216F),267,rbf_matched,2,0,-0.47190749228393214,-0.15153191568899937,-0.32037557659493276,0
863,Carbosulfan (Ref: OMS 3022),81,rbf_matched,2,1,-0.3970646238759403,-0.15153191568899937,-0.24553270818694095,0
884,"4-[(2R)-2-[(1S,3S,5S)-3,5-Dimethyl-2-oxocyclohexyl]-2-hydroxyethyl]-2,6-piperidinedione",257,rbf_matched,2,0,-0.8712226406897547,-0.15153191568899937,-0.7196907250007554,0
895,Gibberellic acid,124,rbf_matched,2,0,-0.5633194119842331,-0.15153191568899937,-0.4117874962952337,0
896,ACC,251,rbf_matched,2,0,-0.7701527940071402,-0.15153191568899937,-0.6186208783181408,0
914,"3-[(Dimethoxyphosphinyl)oxy]-2-pentenedioic acid, Dimethyl ester",56,rbf_matched,2,1,1.0555340283069994,-0.15153191568899937,1.2070659439959988,1
922,Metribuzin (Ref: DPX G2504),240,rbf_matched,2,0,-1.074330503155675,-0.15153191568899937,-0.9227985874666755,0
923,Oryzalin (Ref: EL 119),23,rbf_matched,2,0,-0.8430331861151152,-0.15153191568899937,-0.6915012704261159,0
933,Jasmonic acid,232,rbf_matched,2,0,-0.9398128493384614,-0.15153191568899937,-0.7882809336494621,0
947,"1,7-dioxaspiro(5.5)undecane",226,rbf_matched,2,0,-0.7537212419046206,-0.15153191568899937,-0.6021893262156213,0
951,"2,3-Dihydro-5,6-dimethyl-1,4-dithiin 1,1,4,4-tetraoxide",223,rbf_matched,2,0,-0.6474182764860701,-0.15153191568899937,-0.4958863607970707,0
953,Nitrothal-isopropyl (Ref: BAS 300 OOF),119,rbf_matched,2,0,-0.8104296088948411,-0.15153191568899937,-0.6588976932058417,0
965,Cinmethylin (Ref: BAS 684 H),216,rbf_matched,2,0,-0.6550931558206881,-0.15153191568899937,-0.5035612401316887,0
976,Ecolyst (Ref: HSDB 7282),209,rbf_matched,2,0,-1.1394322591306338,-0.15153191568899937,-0.9879003434416345,0
986,Fluthiacet,113,rbf_matched,2,0,-0.9248680566675735,-0.15153191568899937,-0.7733361409785742,0
1001,Di-1-p-menthene,107,rbf_matched,2,0,0.07707212821051068,-0.15153191568899937,0.22860404389951006,1
1005,"alpha-Methyl-omega-[3-[1,3,3,3-tetramethyl-1-[(trimethylsilyl)oxy]-1-disiloxanyl]propoxy]poly(oxy-1,2-ethanediyl)",196,rbf_matched,2,0,-0.7407338054811692,-0.15153191568899937,-0.5892018897921698,0
1020,Sabadilla (Ref: ENT 123 ),188,rbf_matched,2,0,0.0052175421040860925,-0.15153191568899937,0.15674945779308547,1
1026,Triflumezopyrim (Ref: DPX-RAB55),186,rbf_matched,2,1,-0.8515434139886795,-0.15153191568899937,-0.7000114982996801,0
1030,1-({1-Ethyl-4-[4-(methanesulfonyl)-3-(2-methoxyethoxy)-2-methylbenzoyl]-1H-pyrazol-5-yl}oxy)ethyl methyl carbonate,182,rbf_matched,2,0,-0.766028529709512,-0.15153191568899937,-0.6144966140205126,0
2,Para-cymene,460,quantum_angle_product,2,0,-0.7229763542244667,0.16669056849192576,-0.8896669227163925,0
8,Orange oil,107,quantum_angle_product,2,0,-0.5168129464711138,0.16669056849192576,-0.6835035149630395,0
18,"3-[(Dimethoxyphosphinyl)oxy]-2-butenoic acid, Methyl ester",56,quantum_angle_product,2,1,1.1871879545110433,0.16669056849192576,1.0204973860191175,1
33,5-Methyl-2-(1-methylethyl)phenol,452,quantum_angle_product,2,0,-0.8839650064419677,0.16669056849192576,-1.0506555749338935,0
34,"N-Butyl-N-ethyl-2,6-dinitro-4-(trifluoromethyl)benzenamine",23,quantum_angle_product,2,0,-0.836245854741656,0.16669056849192576,-1.0029364232335818,0
37,Carvone,177,quantum_angle_product,2,0,-0.7438296454137143,0.16669056849192576,-0.9105202139056401,0
50,Tetraethyl ester diphosphoric acid,40,quantum_angle_product,2,1,0.5406713531105263,0.16669056849192576,0.3739807846186005,1
51,Chlorobenzilate (Ref: ENT 18596),75,quantum_angle_product,2,1,-0.855176600259095,0.16669056849192576,-1.0218671687510208,0
55,Alpha-terpineol,107,quantum_angle_product,2,0,-0.687277548493511,0.16669056849192576,-0.8539681169854367,0
67,1-Methyl-2-pyrrolidinone,446,quantum_angle_product,2,0,-0.9534938648413389,0.16669056849192576,-1.1201844333332647,0
81,Tridemorph (Ref: BAS 2205-F),441,quantum_angle_product,2,0,-0.6417672132295982,0.16669056849192576,-0.8084577817215239,0
97,"3,5-Dimethyl-4-(methylthio)phenol, Methylcarbamate",30,quantum_angle_product,2,1,-0.8094464378083286,0.16669056849192576,-0.9761370063002544,0
108,2-aminobutane,436,quantum_angle_product,2,0,-1.0321354050916502,0.16669056849192576,-1.198825973583576,0
114,1-naphthylacetamide,173,quantum_angle_product,2,0,-1.3417952124701555,0.16669056849192576,-1.5084857809620813,0
115,Tribenuron-methyl (Ref: DPX L5300),2,quantum_angle_product,2,1,-1.1470854529189554,0.16669056849192576,-1.3137760214108811,0
118,2-naphthyloxyacetic acid,172,quantum_angle_product,2,0,-1.2525180894711605,0.16669056849192576,-1.4192086579630863,0
140,Tribufos,40,quantum_angle_product,2,0,1.7563279143590806,0.16669056849192576,1.5896373458671549,1
166,Fosetyl,425,quantum_angle_product,2,0,-0.5744869986983323,0.16669056849192576,-0.7411775671902581,0
177,"Phosphorodithioic acid O-ethyl S,S-dipropyl ester",40,quantum_angle_product,2,1,1.3982355365311916,0.16669056849192576,1.2315449680392658,1
216,Dimetilan,167,quantum_angle_product,2,1,-1.0323714831615964,0.16669056849192576,-1.1990620516535222,0
229,"4-(Dimethylamino)-3,5-dimethylphenol, Methylcarbamate(ester)",30,quantum_angle_product,2,1,-0.972654963239072,0.16669056849192576,-1.1393455317309977,0
235,"4-(Dimethylamino)-3-methylphenol, Methylcarbamate (ester)",30,quantum_angle_product,2,1,-1.0610228090092972,0.16669056849192576,-1.227713377501223,0
240,"N,N-dimethylcarbamic acid 3-methyl-1-(1-methylethyl)-1H-pyrazol-5-yl ester",167,quantum_angle_product,2,1,-1.0097853947231057,0.16669056849192576,-1.1764759632150315,0
241,"2,6-Dinitro-N,N-dipropyl-4-(trifluoromethyl)benzenamine",23,quantum_angle_product,2,0,-0.8358954263482596,0.16669056849192576,-1.0025859948401854,0
246,"Phosphoric acid, (1E)-3-(Dimethylamino)-1-methyl-3-oxo-1-propen-1-yl dimethyl ester",56,quantum_angle_product,2,1,1.1632535361620198,0.16669056849192576,0.996562967670094,1
249,Gibberellins,124,quantum_angle_product,2,0,-0.159595954760122,0.16669056849192576,-0.32628652325204777,0
251,XMC (Ref: H 69),30,quantum_angle_product,2,1,-1.0019365996890164,0.16669056849192576,-1.1686271681809421,0
253,Kasugamycin hydrochloride hydrate,412,quantum_angle_product,2,0,-0.34048349967217195,0.16669056849192576,-0.5071740681640977,0
254,Alpha-endosulfan,411,quantum_angle_product,2,1,-0.08783121739303734,0.16669056849192576,-0.2545217858849631,0
262,"Phosphoric acid, 2-Chloro-1-(2,4-dichlorophenyl)ethenyl diethyl ester",98,quantum_angle_product,2,1,1.6660892173186719,0.16669056849192576,1.4993986488267461,1
265,Bromopropylate (Ref: GS 19851),75,quantum_angle_product,2,0,-0.335796668402387,0.16669056849192576,-0.5024872368943127,0
275,Monocrotophos (Ref: ENT 27129),56,quantum_angle_product,2,1,1.0992295928898832,0.16669056849192576,0.9325390243979574,1
281,3-methyl-5-(1-methylethyl)phenol 1-(N-methylcarbamate)  ,30,quantum_angle_product,2,1,-0.8530958634031416,0.16669056849192576,-1.0197864318950673,0
283,(2E)-3-[(Dimethoxyphosphinyl)oxy]-2-butenoic acid 1-phenylethyl ester,56,quantum_angle_product,2,1,1.4269842282804026,0.16669056849192576,1.2602936597884768,1
291,"Phosphoric acid (1Z)-2-chloro-1-(2,4,5-trichlorophenyl)ethenyl dimethyl ester",98,quantum_angle_product,2,1,1.7259842871470736,0.16669056849192576,1.5592937186551479,1
301,Benazolin (Ref: RD 7693),403,quantum_angle_product,2,0,-1.28058128216058,0.16669056849192576,-1.4472718506525057,0
325,N-(2-Methylcyclohexyl)-N'-phenylurea,396,quantum_angle_product,2,0,-0.6492597611037914,0.16669056849192576,-0.8159503295957171,0
344,Isopropalin (Ref: EL-179),23,quantum_angle_product,2,1,-0.5769749742658066,0.16669056849192576,-0.7436655427577323,0
359,Fluchloralin (Ref: BAS 392H),23,quantum_angle_product,2,0,-0.8992348024760721,0.16669056849192576,-1.0659253709679979,0
365,Methyl cyclohexenone,388,quantum_angle_product,2,0,-0.8016656212850739,0.16669056849192576,-0.9683561897769997,0
378,"N-Ethyl-N-(2-methyl-2-propenyl)-2,6-dinitro-4-(trifluoromethyl)benzenamine",23,quantum_angle_product,2,0,-0.8444843105682844,0.16669056849192576,-1.0111748790602102,0
389,alpha-Cyclopropyl-alpha-(4-methoxyphenyl)-5-pyrimidinemethanol,382,quantum_angle_product,2,0,-1.2538341134327107,0.16669056849192576,-1.4205246819246364,0
408,Akton,98,quantum_angle_product,2,1,1.7633335633613916,0.16669056849192576,1.5966429948694658,1
413,Furalaxyl (Ref: IPE 134),62,quantum_angle_product,2,1,-0.870894224060005,0.16669056849192576,-1.0375847925519308,0
425,"2,6-Dinitro-N1,N1-dipropyl-4-(trifluoromethyl)-1,3-benzenediamine",23,quantum_angle_product,2,0,-0.8073507721238995,0.16669056849192576,-0.9740413406158253,0
426,Dienochlor (Ref: SAN 804),377,quantum_angle_product,2,0,2.487013258591042,0.16669056849192576,2.3203226900991165,1
439,Fenpropidin (Ref: CGA 114900),156,quantum_angle_product,2,1,-0.3557670325377744,0.16669056849192576,-0.5224576010297002,0
461,"(4aS)-7-Chloro-2,5-dihydro-2-[[(methoxycarbonyl)[4-(trifluoromethoxy)phenyl]amino]carbonyl]indeno[1,2-e][1,3,4]oxadiazine-4a(3H)-carboxylic acid methyl ester",371,quantum_angle_product,2,1,-0.1628774877416097,0.16669056849192576,-0.32956805623353547,0
487,"(2R,6S)-rel-4-[3-[4-(1,1-Dimethylethyl)phenyl]-2-methylpropyl]-2,6-dimethylmorpholine  ",156,quantum_angle_product,2,0,-0.4290054447682037,0.16669056849192576,-0.5956960132601294,0
505,Benfuracarb,81,quantum_angle_product,2,1,-0.35157234629223755,0.16669056849192576,-0.5182629147841633,0
514,Sulfluramid (Ref: GX 071),360,quantum_angle_product,2,1,1.7329045409604609,0.16669056849192576,1.566213972468535,1
515,"3-(N-butyl-N-acetyl)-aminopropionic acid, ethyl ester (Ref: OMS 3065)",150,quantum_angle_product,2,0,-1.1676865544211106,0.16669056849192576,-1.3343771229130363,0
523,Thifensulfuron-methyl (Ref: DPX M6316),2,quantum_angle_product,2,1,-0.7481504300419983,0.16669056849192576,-0.9148409985339241,0
526,"2-Chloro-N-[2,6-dinitro-4-(trifluoromethyl)phenyl]-N-ethyl-6-fluorobenzenemethanamine",23,quantum_angle_product,2,0,-0.35201006711241245,0.16669056849192576,-0.5187006356043382,0
541,"[[2-Chloro-4-fluoro-5-[(tetrahydro-3-oxo-1H,3H-[1,3,4]thiadiazolo [3,4-a]pyridazin-1-ylidine)amino]phenyl]thioacetic acid methyl ester",113,quantum_angle_product,2,0,-0.8818532648103554,0.16669056849192576,-1.0485438333022812,0
551,Prohexadione,353,quantum_angle_product,2,0,-0.8871662731903855,0.16669056849192576,-1.0538568416823113,0
584,"(2R)-2-[4-(4-Cyano-2-fluorophenoxy)phenoxy]propanoic acid, Butyl ester",46,quantum_angle_product,2,0,-0.6637031393852224,0.16669056849192576,-0.8303937078771482,0
586,"N2-[1,1-Dimethyl-2-(methylsulfonyl)ethyl]-3-iodo-N1-[2-methyl-4-[1,2,2,2-tetrafluoro-1-(trifluoromethyl)ethyl]phenyl]-1,2-benzenedicarboxamide",346,quantum_angle_product,2,0,1.015222764491452,0.16669056849192576,0.8485321959995262,1
589,(2-Oxo-3-thiazolidinyl)phosphonothioic acid O-ethyl S-(1-methylpropyl)ester,153,quantum_angle_product,2,1,0.24831049449171605,0.16669056849192576,0.08161992599979029,1
593,Sulfentrazone (Ref: FMC 97285),90,quantum_angle_product,2,0,-1.2652500744819806,0.16669056849192576,-1.4319406429739063,0
598,"alpha,2-Dichloro-5-[4-(difluoromethyl)-4,5-dihydro-3-methyl-5-oxo-1H-1,2,4-triazol-1-yl]-4-fluorobenzenepropanoic acid, Ethyl ester",90,quantum_angle_product,2,0,-1.0303496803511072,0.16669056849192576,-1.197040248843033,0
599,Benoxacor (Ref: CGA 154281),340,quantum_angle_product,2,0,-0.9444829564850634,0.16669056849192576,-1.1111735249769892,0
603,Cadusafos (Ref: FMC 67825),40,quantum_angle_product,2,1,1.6238778041760957,0.16669056849192576,1.45718723568417,1
609,Triflusulfuron-methyl (Ref: DPX 66037),7,quantum_angle_product,2,0,-1.141837688615868,0.16669056849192576,-1.3085282571077939,0
623,Oryctalure,150,quantum_angle_product,2,0,-1.0487037351275026,0.16669056849192576,-1.2153943036194284,0
624,Alanycarb,149,quantum_angle_product,2,1,-0.5357284039730681,0.16669056849192576,-0.7024189724649939,0
636,"5-Methyl-5-(4-phenoxyphenyl)-3-(phenylamino)-2,4-oxazolidinedione",334,quantum_angle_product,2,1,-0.4608981966253536,0.16669056849192576,-0.6275887651172793,0
661,"alpha,2-Dichloro-5-[4-(difluoromethyl)-4,5-dihydro-3-methyl-5-oxo-1H-1,2,4-triazol-1-yl]-4-fluorobenzenepropanoic acid",90,quantum_angle_product,2,0,-1.2535269984188622,0.16669056849192576,-1.420217566910788,0
670,Pyridalyl (Ref: S-1812),322,quantum_angle_product,2,0,0.5650164520611023,0.16669056849192576,0.39832588356917653,1
677,"(5S)-3,5-Dihydro-5-methyl-2-(methylthio)-5-phenyl-3-(phenylamino)-4H-imidazol-4-one",319,quantum_angle_product,2,0,-0.7453405334161891,0.16669056849192576,-0.9120311019081149,0
707,Sucrose octanoate,311,quantum_angle_product,2,0,-0.702659076238116,0.16669056849192576,-0.8693496447300417,0
710,Zarilamid (Ref: ICIA001),75,quantum_angle_product,2,1,-1.2297698570334985,0.16669056849192576,-1.3964604255254243,0
716,Alloxydim,309,quantum_angle_product,2,0,-0.8681166553795334,0.16669056849192576,-1.0348072238714592,0
762,"Carbonic acid, cis-3-(2,5-Dimethylphenyl)-8-methoxy-2-oxo-1-azaspiro[4.5]dec-3-en-4-yl ethyl ester",302,quantum_angle_product,2,0,-0.2989528025406356,0.16669056849192576,-0.46564337103256137,0
766,"2-Chloro-5-[3,6-dihydro-3-methyl-2,6-dioxo-4-(trifluoromethyl-1(2H)-pyrimidinyl]-4-fluoro-N-[[methyl(1-methylethyl)amino]sulfonyl]benzamide",130,quantum_angle_product,2,0,-1.1455885284110794,0.16669056849192576,-1.3122790969030051,0
777,"2-[1-[2-[[(3,5-Difluorophenyl)amino]carbonyl]hydrazinylidene]ethyl]-3-pyridinecarboxylic acid",297,quantum_angle_product,2,0,-1.1157224660731222,0.16669056849192576,-1.282413034565048,0
790,Furalaxyl-M,62,quantum_angle_product,2,1,-0.4050718043001167,0.16669056849192576,-0.5717623727920425,0
791,"N-{2-[(4,6-Dimethoxypyrimidin-2-yl)(hydroxy)methyl]-6-(methoxymethyl)phenyl}-1,1-difluoromethanesulfonamide",294,quantum_angle_product,2,0,-1.3734295026281371,0.16669056849192576,-1.5401200711200629,0
793,"4-[[(6-Chloro-3-pyridinyl)methyl](2,2-difluoroethyl)amino]-2(5H)-furanone",292,quantum_angle_product,2,1,-1.352376353715866,0.16669056849192576,-1.5190669222077917,0
810,Triafamone (Ref: AE 1887198),286,quantum_angle_product,2,0,-1.5644491538780327,0.16669056849192576,-1.7311397223699585,0
819,"Methyl N-[2-({2-chloro-4-fluoro-5-[3-methyl-2,6-dioxo-4-(trifluoromethyl)-3,6-dihydropyrimidin-1(2H)-yl]phenyl}sulfanyl)propanoyl]-beta-alaninate",130,quantum_angle_product,2,1,-0.9800417794248188,0.16669056849192576,-1.1467323479167446,0
825,Benzyl 4-amino-3-chloro-6-(4-chloro-2-fluoro-3-methoxyphenyl)-5-fluoropyridine-2-carboxylate,83,quantum_angle_product,2,0,-0.2494251355676047,0.16669056849192576,-0.41611570405953047,0
831,Nicotine,281,quantum_angle_product,2,0,-1.109646184183382,0.16669056849192576,-1.2763367526753078,0
842,Strychnine,277,quantum_angle_product,2,0,-0.602645679430565,0.16669056849192576,-0.7693362479224908,0
850,Dimethyl disulfide,273,quantum_angle_product,2,0,-0.8547953836412985,0.16669056849192576,-1.0214859521332242,0
859,Dithianon (Ref: BAS 216F),267,quantum_angle_product,2,0,-0.3004001680219348,0.16669056849192576,-0.46709073651386057,0
863,Carbosulfan (Ref: OMS 3022),81,quantum_angle_product,2,1,-0.229230626946074,0.16669056849192576,-0.39592119543799975,0
884,"4-[(2R)-2-[(1S,3S,5S)-3,5-Dimethyl-2-oxocyclohexyl]-2-hydroxyethyl]-2,6-piperidinedione",257,quantum_angle_product,2,0,-0.8239858126840742,0.16669056849192576,-0.990676381176,0
895,Gibberellic acid,124,quantum_angle_product,2,0,-0.3478753840797717,0.16669056849192576,-0.5145659525716975,0
896,ACC,251,quantum_angle_product,2,0,-0.6867712399197581,0.16669056849192576,-0.8534618084116838,0
914,"3-[(Dimethoxyphosphinyl)oxy]-2-pentenedioic acid, Dimethyl ester",56,quantum_angle_product,2,1,1.1726658206793035,0.16669056849192576,1.0059752521873777,1
922,Metribuzin (Ref: DPX G2504),240,quantum_angle_product,2,0,-1.10551865072829,0.16669056849192576,-1.2722092192202157,0
923,Oryzalin (Ref: EL 119),23,quantum_angle_product,2,0,-0.8613943788341922,0.16669056849192576,-1.028084947326118,0
933,Jasmonic acid,232,quantum_angle_product,2,0,-0.9231935107788667,0.16669056849192576,-1.0898840792707924,0
947,"1,7-dioxaspiro(5.5)undecane",226,quantum_angle_product,2,0,-0.6039952048581076,0.16669056849192576,-0.7706857733500334,0
951,"2,3-Dihydro-5,6-dimethyl-1,4-dithiin 1,1,4,4-tetraoxide",223,quantum_angle_product,2,0,-0.5451022774466727,0.16669056849192576,-0.7117928459385985,0
953,Nitrothal-isopropyl (Ref: BAS 300 OOF),119,quantum_angle_product,2,0,-0.7281348917129629,0.16669056849192576,-0.8948254602048886,0
965,Cinmethylin (Ref: BAS 684 H),216,quantum_angle_product,2,0,-0.538049602106013,0.16669056849192576,-0.7047401705979388,0
976,Ecolyst (Ref: HSDB 7282),209,quantum_angle_product,2,0,-1.2746847943081496,0.16669056849192576,-1.4413753628000754,0
986,Fluthiacet,113,quantum_angle_product,2,0,-0.9246624821588716,0.16669056849192576,-1.0913530506507974,0
1001,Di-1-p-menthene,107,quantum_angle_product,2,0,0.3025480504768927,0.16669056849192576,0.13585748198496694,1
1005,"alpha-Methyl-omega-[3-[1,3,3,3-tetramethyl-1-[(trimethylsilyl)oxy]-1-disiloxanyl]propoxy]poly(oxy-1,2-ethanediyl)",196,quantum_angle_product,2,0,-0.7571032979131802,0.16669056849192576,-0.923793866405106,0
1020,Sabadilla (Ref: ENT 123 ),188,quantum_angle_product,2,0,0.3594507014492452,0.16669056849192576,0.19276013295731942,1
1026,Triflumezopyrim (Ref: DPX-RAB55),186,quantum_angle_product,2,1,-0.8761681336267246,0.16669056849192576,-1.0428587021186504,0
1030,1-({1-Ethyl-4-[4-(methanesulfonyl)-3-(2-methoxyethoxy)-2-methylbenzoyl]-1H-pyrazol-5-yl}oxy)ethyl methyl carbonate,182,quantum_angle_product,2,0,-0.8127531213339294,0.16669056849192576,-0.9794436898258552,0
2,Para-cymene,460,quantum_iqp_zz_linear,2,0,-0.6831425969031294,0.1769772718214202,-0.8601198687245496,0
8,Orange oil,107,quantum_iqp_zz_linear,2,0,-0.6170864936561692,0.1769772718214202,-0.7940637654775894,0
18,"3-[(Dimethoxyphosphinyl)oxy]-2-butenoic acid, Methyl ester",56,quantum_iqp_zz_linear,2,1,1.1201652811416352,0.1769772718214202,0.943188009320215,1
33,5-Methyl-2-(1-methylethyl)phenol,452,quantum_iqp_zz_linear,2,0,-0.9357517911953445,0.1769772718214202,-1.1127290630167646,0
34,"N-Butyl-N-ethyl-2,6-dinitro-4-(trifluoromethyl)benzenamine",23,quantum_iqp_zz_linear,2,0,-0.878510026777593,0.1769772718214202,-1.0554872985990134,0
37,Carvone,177,quantum_iqp_zz_linear,2,0,-0.8272181562124753,0.1769772718214202,-1.0041954280338956,0
50,Tetraethyl ester diphosphoric acid,40,quantum_iqp_zz_linear,2,1,0.4891811245367632,0.1769772718214202,0.312203852715343,1
51,Chlorobenzilate (Ref: ENT 18596),75,quantum_iqp_zz_linear,2,1,-0.8855172146664471,0.1769772718214202,-1.0624944864878674,0
55,Alpha-terpineol,107,quantum_iqp_zz_linear,2,0,-0.7849408434378341,0.1769772718214202,-0.9619181152592543,0
67,1-Methyl-2-pyrrolidinone,446,quantum_iqp_zz_linear,2,0,-0.8201310930492293,0.1769772718214202,-0.9971083648706495,0
81,Tridemorph (Ref: BAS 2205-F),441,quantum_iqp_zz_linear,2,0,-0.7261377613776913,0.1769772718214202,-0.9031150331991115,0
97,"3,5-Dimethyl-4-(methylthio)phenol, Methylcarbamate",30,quantum_iqp_zz_linear,2,1,-0.874693977387157,0.1769772718214202,-1.0516712492085771,0
108,2-aminobutane,436,quantum_iqp_zz_linear,2,0,-0.9243847290830906,0.1769772718214202,-1.1013620009045106,0
114,1-naphthylacetamide,173,quantum_iqp_zz_linear,2,0,-1.2392130642505697,0.1769772718214202,-1.4161903360719899,0
115,Tribenuron-methyl (Ref: DPX L5300),2,quantum_iqp_zz_linear,2,1,-1.0688095474403743,0.1769772718214202,-1.2457868192617945,0
118,2-naphthyloxyacetic acid,172,quantum_iqp_zz_linear,2,0,-1.1870832804279825,0.1769772718214202,-1.3640605522494027,0
140,Tribufos,40,quantum_iqp_zz_linear,2,0,1.147904320549459,0.1769772718214202,0.9709270487280388,1
166,Fosetyl,425,quantum_iqp_zz_linear,2,0,-0.31042351635082766,0.1769772718214202,-0.48740078817224786,0
177,"Phosphorodithioic acid O-ethyl S,S-dipropyl ester",40,quantum_iqp_zz_linear,2,1,1.1492829274232066,0.1769772718214202,0.9723056556017864,1
216,Dimetilan,167,quantum_iqp_zz_linear,2,1,-0.9962620879648117,0.1769772718214202,-1.173239359786232,0
229,"4-(Dimethylamino)-3,5-dimethylphenol, Methylcarbamate(ester)",30,quantum_iqp_zz_linear,2,1,-1.0027879803417932,0.1769772718214202,-1.1797652521632134,0
235,"4-(Dimethylamino)-3-methylphenol, Methylcarbamate (ester)",30,quantum_iqp_zz_linear,2,1,-1.0592725711106628,0.1769772718214202,-1.236249842932083,0
240,"N,N-dimethylcarbamic acid 3-methyl-1-(1-methylethyl)-1H-pyrazol-5-yl ester",167,quantum_iqp_zz_linear,2,1,-1.0138570812257295,0.1769772718214202,-1.1908343530471497,0
241,"2,6-Dinitro-N,N-dipropyl-4-(trifluoromethyl)benzenamine",23,quantum_iqp_zz_linear,2,0,-0.8784608405805846,0.1769772718214202,-1.0554381124020047,0
246,"Phosphoric acid, (1E)-3-(Dimethylamino)-1-methyl-3-oxo-1-propen-1-yl dimethyl ester",56,quantum_iqp_zz_linear,2,1,1.0552088086897664,0.1769772718214202,0.8782315368683462,1
249,Gibberellins,124,quantum_iqp_zz_linear,2,0,-0.35120115060098944,0.1769772718214202,-0.5281784224224096,0
251,XMC (Ref: H 69),30,quantum_iqp_zz_linear,2,1,-1.0121287535211878,0.1769772718214202,-1.189106025342608,0
253,Kasugamycin hydrochloride hydrate,412,quantum_iqp_zz_linear,2,0,-0.45168665803432007,0.1769772718214202,-0.6286639298557403,0
254,Alpha-endosulfan,411,quantum_iqp_zz_linear,2,1,-0.18798891759217418,0.1769772718214202,-0.3649661894135944,0
262,"Phosphoric acid, 2-Chloro-1-(2,4-dichlorophenyl)ethenyl diethyl ester",98,quantum_iqp_zz_linear,2,1,1.300840346582423,0.1769772718214202,1.1238630747610028,1
265,Bromopropylate (Ref: GS 19851),75,quantum_iqp_zz_linear,2,0,-0.3958374077776189,0.1769772718214202,-0.5728146795990391,0
275,Monocrotophos (Ref: ENT 27129),56,quantum_iqp_zz_linear,2,1,1.0136894231589526,0.1769772718214202,0.8367121513375324,1
281,3-methyl-5-(1-methylethyl)phenol 1-(N-methylcarbamate)  ,30,quantum_iqp_zz_linear,2,1,-0.9193998020633954,0.1769772718214202,-1.0963770738848155,0
283,(2E)-3-[(Dimethoxyphosphinyl)oxy]-2-butenoic acid 1-phenylethyl ester,56,quantum_iqp_zz_linear,2,1,1.1767634947070964,0.1769772718214202,0.9997862228856762,1
291,"Phosphoric acid (1Z)-2-chloro-1-(2,4,5-trichlorophenyl)ethenyl dimethyl ester",98,quantum_iqp_zz_linear,2,1,1.3235610443787102,0.1769772718214202,1.14658377255729,1
301,Benazolin (Ref: RD 7693),403,quantum_iqp_zz_linear,2,0,-1.2018499075921185,0.1769772718214202,-1.3788271794135387,0
325,N-(2-Methylcyclohexyl)-N'-phenylurea,396,quantum_iqp_zz_linear,2,0,-0.7468954338889172,0.1769772718214202,-0.9238727057103374,0
344,Isopropalin (Ref: EL-179),23,quantum_iqp_zz_linear,2,1,-0.6273981830296792,0.1769772718214202,-0.8043754548510994,0
359,Fluchloralin (Ref: BAS 392H),23,quantum_iqp_zz_linear,2,0,-0.9190856403939497,0.1769772718214202,-1.0960629122153698,0
365,Methyl cyclohexenone,388,quantum_iqp_zz_linear,2,0,-0.8233124467376066,0.1769772718214202,-1.000289718559027,0
378,"N-Ethyl-N-(2-methyl-2-propenyl)-2,6-dinitro-4-(trifluoromethyl)benzenamine",23,quantum_iqp_zz_linear,2,0,-0.8927205338288123,0.1769772718214202,-1.0696978056502324,0
389,alpha-Cyclopropyl-alpha-(4-methoxyphenyl)-5-pyrimidinemethanol,382,quantum_iqp_zz_linear,2,0,-1.2068898535144443,0.1769772718214202,-1.3838671253358645,0
408,Akton,98,quantum_iqp_zz_linear,2,1,1.3790473365354066,0.1769772718214202,1.2020700647139864,1
413,Furalaxyl (Ref: IPE 134),62,quantum_iqp_zz_linear,2,1,-0.9109648700186969,0.1769772718214202,-1.087942141840117,0
425,"2,6-Dinitro-N1,N1-dipropyl-4-(trifluoromethyl)-1,3-benzenediamine",23,quantum_iqp_zz_linear,2,0,-0.8843122288319073,0.1769772718214202,-1.0612895006533276,0
426,Dienochlor (Ref: SAN 804),377,quantum_iqp_zz_linear,2,0,2.06673010364896,0.1769772718214202,1.8897528318275396,1
439,Fenpropidin (Ref: CGA 114900),156,quantum_iqp_zz_linear,2,1,-0.43971551566450195,0.1769772718214202,-0.6166927874859222,0
461,"(4aS)-7-Chloro-2,5-dihydro-2-[[(methoxycarbonyl)[4-(trifluoromethoxy)phenyl]amino]carbonyl]indeno[1,2-e][1,3,4]oxadiazine-4a(3H)-carboxylic acid methyl ester",371,quantum_iqp_zz_linear,2,1,-0.3234473472409992,0.1769772718214202,-0.5004246190624194,0
487,"(2R,6S)-rel-4-[3-[4-(1,1-Dimethylethyl)phenyl]-2-methylpropyl]-2,6-dimethylmorpholine  ",156,quantum_iqp_zz_linear,2,0,-0.5116067890060442,0.1769772718214202,-0.6885840608274644,0
505,Benfuracarb,81,quantum_iqp_zz_linear,2,1,-0.46132867151260937,0.1769772718214202,-0.6383059433340296,0
514,Sulfluramid (Ref: GX 071),360,quantum_iqp_zz_linear,2,1,1.4379050105746862,0.1769772718214202,1.260927738753266,1
515,"3-(N-butyl-N-acetyl)-aminopropionic acid, ethyl ester (Ref: OMS 3065)",150,quantum_iqp_zz_linear,2,0,-1.0827234827830519,0.1769772718214202,-1.259700754604472,0
523,Thifensulfuron-methyl (Ref: DPX M6316),2,quantum_iqp_zz_linear,2,1,-0.7920822445844103,0.1769772718214202,-0.9690595164058305,0
526,"2-Chloro-N-[2,6-dinitro-4-(trifluoromethyl)phenyl]-N-ethyl-6-fluorobenzenemethanamine",23,quantum_iqp_zz_linear,2,0,-0.3920024471240572,0.1769772718214202,-0.5689797189454774,0
541,"[[2-Chloro-4-fluoro-5-[(tetrahydro-3-oxo-1H,3H-[1,3,4]thiadiazolo [3,4-a]pyridazin-1-ylidine)amino]phenyl]thioacetic acid methyl ester",113,quantum_iqp_zz_linear,2,0,-0.927646471466142,0.1769772718214202,-1.1046237432875623,0
551,Prohexadione,353,quantum_iqp_zz_linear,2,0,-0.7745109067412496,0.1769772718214202,-0.9514881785626698,0
584,"(2R)-2-[4-(4-Cyano-2-fluorophenoxy)phenoxy]propanoic acid, Butyl ester",46,quantum_iqp_zz_linear,2,0,-0.674678166139484,0.1769772718214202,-0.8516554379609041,0
586,"N2-[1,1-Dimethyl-2-(methylsulfonyl)ethyl]-3-iodo-N1-[2-methyl-4-[1,2,2,2-tetrafluoro-1-(trifluoromethyl)ethyl]phenyl]-1,2-benzenedicarboxamide",346,quantum_iqp_zz_linear,2,0,0.8334625036790398,0.1769772718214202,0.6564852318576196,1
589,(2-Oxo-3-thiazolidinyl)phosphonothioic acid O-ethyl S-(1-methylpropyl)ester,153,quantum_iqp_zz_linear,2,1,0.142007830388174,0.1769772718214202,-0.03496944143324621,0
593,Sulfentrazone (Ref: FMC 97285),90,quantum_iqp_zz_linear,2,0,-1.2361984685331548,0.1769772718214202,-1.413175740354575,0
598,"alpha,2-Dichloro-5-[4-(difluoromethyl)-4,5-dihydro-3-methyl-5-oxo-1H-1,2,4-triazol-1-yl]-4-fluorobenzenepropanoic acid, Ethyl ester",90,quantum_iqp_zz_linear,2,0,-0.9363425644101072,0.1769772718214202,-1.1133198362315273,0
599,Benoxacor (Ref: CGA 154281),340,quantum_iqp_zz_linear,2,0,-1.022100777805755,0.1769772718214202,-1.1990780496271751,0
603,Cadusafos (Ref: FMC 67825),40,quantum_iqp_zz_linear,2,1,1.2459216269114153,0.1769772718214202,1.068944355089995,1
609,Triflusulfuron-methyl (Ref: DPX 66037),7,quantum_iqp_zz_linear,2,0,-1.117525046840024,0.1769772718214202,-1.2945023186614442,0
623,Oryctalure,150,quantum_iqp_zz_linear,2,0,-1.0481416472833507,0.1769772718214202,-1.2251189191047709,0
624,Alanycarb,149,quantum_iqp_zz_linear,2,1,-0.5838546849442084,0.1769772718214202,-0.7608319567656286,0
636,"5-Methyl-5-(4-phenoxyphenyl)-3-(phenylamino)-2,4-oxazolidinedione",334,quantum_iqp_zz_linear,2,1,-0.4871517602576073,0.1769772718214202,-0.6641290320790275,0
661,"alpha,2-Dichloro-5-[4-(difluoromethyl)-4,5-dihydro-3-methyl-5-oxo-1H-1,2,4-triazol-1-yl]-4-fluorobenzenepropanoic acid",90,quantum_iqp_zz_linear,2,0,-1.1752542363909728,0.1769772718214202,-1.352231508212393,0
670,Pyridalyl (Ref: S-1812),322,quantum_iqp_zz_linear,2,0,0.5694913444644844,0.1769772718214202,0.39251407264306415,1
677,"(5S)-3,5-Dihydro-5-methyl-2-(methylthio)-5-phenyl-3-(phenylamino)-4H-imidazol-4-one",319,quantum_iqp_zz_linear,2,0,-0.8016910924293287,0.1769772718214202,-0.9786683642507489,0
707,Sucrose octanoate,311,quantum_iqp_zz_linear,2,0,-0.4227895695349645,0.1769772718214202,-0.5997668413563847,0
710,Zarilamid (Ref: ICIA001),75,quantum_iqp_zz_linear,2,1,-1.2115530203180285,0.1769772718214202,-1.3885302921394487,0
716,Alloxydim,309,quantum_iqp_zz_linear,2,0,-0.891228241853479,0.1769772718214202,-1.0682055136748994,0
762,"Carbonic acid, cis-3-(2,5-Dimethylphenyl)-8-methoxy-2-oxo-1-azaspiro[4.5]dec-3-en-4-yl ethyl ester",302,quantum_iqp_zz_linear,2,0,-0.4544566629559005,0.1769772718214202,-0.6314339347773207,0
766,"2-Chloro-5-[3,6-dihydro-3-methyl-2,6-dioxo-4-(trifluoromethyl-1(2H)-pyrimidinyl]-4-fluoro-N-[[methyl(1-methylethyl)amino]sulfonyl]benzamide",130,quantum_iqp_zz_linear,2,0,-1.0761921553655767,0.1769772718214202,-1.2531694271869969,0
777,"2-[1-[2-[[(3,5-Difluorophenyl)amino]carbonyl]hydrazinylidene]ethyl]-3-pyridinecarboxylic acid",297,quantum_iqp_zz_linear,2,0,-1.1270882506174456,0.1769772718214202,-1.3040655224388658,0
790,Furalaxyl-M,62,quantum_iqp_zz_linear,2,1,-0.3952933520361751,0.1769772718214202,-0.5722706238575953,0
791,"N-{2-[(4,6-Dimethoxypyrimidin-2-yl)(hydroxy)methyl]-6-(methoxymethyl)phenyl}-1,1-difluoromethanesulfonamide",294,quantum_iqp_zz_linear,2,0,-1.2979906501249658,0.1769772718214202,-1.474967921946386,0
793,"4-[[(6-Chloro-3-pyridinyl)methyl](2,2-difluoroethyl)amino]-2(5H)-furanone",292,quantum_iqp_zz_linear,2,1,-1.3328618562626522,0.1769772718214202,-1.5098391280840724,0
810,Triafamone (Ref: AE 1887198),286,quantum_iqp_zz_linear,2,0,-1.4202468210361738,0.1769772718214202,-1.597224092857594,0
819,"Methyl N-[2-({2-chloro-4-fluoro-5-[3-methyl-2,6-dioxo-4-(trifluoromethyl)-3,6-dihydropyrimidin-1(2H)-yl]phenyl}sulfanyl)propanoyl]-beta-alaninate",130,quantum_iqp_zz_linear,2,1,-0.9606142513421535,0.1769772718214202,-1.1375915231635738,0
825,Benzyl 4-amino-3-chloro-6-(4-chloro-2-fluoro-3-methoxyphenyl)-5-fluoropyridine-2-carboxylate,83,quantum_iqp_zz_linear,2,0,-0.25494305230499836,0.1769772718214202,-0.43192032412641856,0
831,Nicotine,281,quantum_iqp_zz_linear,2,0,-1.0916068248377218,0.1769772718214202,-1.268584096659142,0
842,Strychnine,277,quantum_iqp_zz_linear,2,0,-0.7398393036973189,0.1769772718214202,-0.9168165755187391,0
850,Dimethyl disulfide,273,quantum_iqp_zz_linear,2,0,-0.7283044213291222,0.1769772718214202,-0.9052816931505424,0
859,Dithianon (Ref: BAS 216F),267,quantum_iqp_zz_linear,2,0,-0.38101917308307665,0.1769772718214202,-0.5579964449044968,0
863,Carbosulfan (Ref: OMS 3022),81,quantum_iqp_zz_linear,2,1,-0.3328809121371975,0.1769772718214202,-0.5098581839586177,0
884,"4-[(2R)-2-[(1S,3S,5S)-3,5-Dimethyl-2-oxocyclohexyl]-2-hydroxyethyl]-2,6-piperidinedione",257,quantum_iqp_zz_linear,2,0,-0.8395726923958687,0.1769772718214202,-1.016549964217289,0
895,Gibberellic acid,124,quantum_iqp_zz_linear,2,0,-0.5078331439955986,0.1769772718214202,-0.6848104158170188,0
896,ACC,251,quantum_iqp_zz_linear,2,0,-0.5799269614988679,0.1769772718214202,-0.7569042333202881,0
914,"3-[(Dimethoxyphosphinyl)oxy]-2-pentenedioic acid, Dimethyl ester",56,quantum_iqp_zz_linear,2,1,1.1141449968857846,0.1769772718214202,0.9371677250643644,1
922,Metribuzin (Ref: DPX G2504),240,quantum_iqp_zz_linear,2,0,-1.010840067563536,0.1769772718214202,-1.1878173393849563,0
923,Oryzalin (Ref: EL 119),23,quantum_iqp_zz_linear,2,0,-0.7817512270218042,0.1769772718214202,-0.9587284988432244,0
933,Jasmonic acid,232,quantum_iqp_zz_linear,2,0,-0.930691098765006,0.1769772718214202,-1.1076683705864263,0
947,"1,7-dioxaspiro(5.5)undecane",226,quantum_iqp_zz_linear,2,0,-0.6979908459319019,0.1769772718214202,-0.8749681177533221,0
951,"2,3-Dihydro-5,6-dimethyl-1,4-dithiin 1,1,4,4-tetraoxide",223,quantum_iqp_zz_linear,2,0,-0.4785499215360006,0.1769772718214202,-0.6555271933574208,0
953,Nitrothal-isopropyl (Ref: BAS 300 OOF),119,quantum_iqp_zz_linear,2,0,-0.7659149703597151,0.1769772718214202,-0.9428922421811353,0
965,Cinmethylin (Ref: BAS 684 H),216,quantum_iqp_zz_linear,2,0,-0.6641089104764638,0.1769772718214202,-0.841086182297884,0
976,Ecolyst (Ref: HSDB 7282),209,quantum_iqp_zz_linear,2,0,-1.198559955755493,0.1769772718214202,-1.375537227576913,0
986,Fluthiacet,113,quantum_iqp_zz_linear,2,0,-0.9781379099934272,0.1769772718214202,-1.1551151818148475,0
1001,Di-1-p-menthene,107,quantum_iqp_zz_linear,2,0,-0.011427968763703,0.1769772718214202,-0.1884052405851232,0
1005,"alpha-Methyl-omega-[3-[1,3,3,3-tetramethyl-1-[(trimethylsilyl)oxy]-1-disiloxanyl]propoxy]poly(oxy-1,2-ethanediyl)",196,quantum_iqp_zz_linear,2,0,-0.8164889234051346,0.1769772718214202,-0.9934661952265548,0
1020,Sabadilla (Ref: ENT 123 ),188,quantum_iqp_zz_linear,2,0,0.04811627960188236,0.1769772718214202,-0.12886099221953784,0
1026,Triflumezopyrim (Ref: DPX-RAB55),186,quantum_iqp_zz_linear,2,1,-0.9444558494493377,0.1769772718214202,-1.121433121270758,0
1030,1-({1-Ethyl-4-[4-(methanesulfonyl)-3-(2-methoxyethoxy)-2-methylbenzoyl]-1H-pyrazol-5-yl}oxy)ethyl methyl carbonate,182,quantum_iqp_zz_linear,2,0,-0.790990823917964,0.1769772718214202,-0.9679680957393842,0
20,Neburon,3,logistic,3,0,0.4440843794421034,0.6498215901961384,-0.205737210754035,0
29,"1,8-cineole",453,logistic,3,0,0.36630921631752494,0.6498215901961384,-0.28351237387861344,0
31,"N'-(3,4-Dichlorophenyl)-N-methoxy-N-methylurea",3,logistic,3,0,0.3975068692303297,0.6498215901961384,-0.2523147209658087,0
36,"2-[(Trichloromethyl)thio]-1H-isoindole-1,3(2H)dione",80,logistic,3,0,0.42062032993169324,0.6498215901961384,-0.22920126026444515,0
39,"N-(3,4-Dichlorophenyl)propanamide",42,logistic,3,0,0.3833783866356005,0.6498215901961384,-0.2664432035605379,0
42,"N'-(3,4-Dichlorophenyl)-N,N-dimethylurea",3,logistic,3,0,0.4386995084972172,0.6498215901961384,-0.21112208169892116,0
78,Trichlorfon (Ref: OMS 800),443,logistic,3,1,0.7041765724347488,0.6498215901961384,0.05435498223861046,1
87,As-(4-Aminophenyl)arsonic acid,439,logistic,3,0,0.13285044332868784,0.6498215901961384,-0.5169711468674505,0
92,Penconazole (Ref: CGA 71818),27,logistic,3,1,0.32704784067835363,0.6498215901961384,-0.32277374951778476,0
93,Dichlone (Ref: USR 604),165,logistic,3,0,0.37105088514686085,0.6498215901961384,-0.27877070504927753,0
101,"1-(4-Chlorophenoxy)-3,3-dimethyl-1-(1H-1,2,4-triazol-1-yl)-2-butanone",27,logistic,3,0,0.32632916823043795,0.6498215901961384,-0.32349242196570044,0
125,[2-[[[1-(4-Chlorophenyl)-1H-pyrazol-3-yl]oxy]methyl]phenyl]methoxycarbamic acid methyl ester,111,logistic,3,0,0.4533031829522948,0.6498215901961384,-0.19651840724384356,0
145,"2-[(1,1-Dimethylethyl)imino]tetrahydro-3-(1-methylethyl)-5-phenyl-4H-1,3,5-thiadiazin-4-one",430,logistic,3,0,0.577770574419365,0.6498215901961384,-0.07205101577677342,0
146,"1,4,5,6,7,8,8-Heptachloro-3a,4,7,7a-tetrahydro-4,7-methano-1H-indene",59,logistic,3,1,0.46624960984775027,0.6498215901961384,-0.18357198034838812,0
147,"2-(2,4,5-Trichlorophenoxy)acetic acid, Butyl ester",16,logistic,3,0,0.4253388495176692,0.6498215901961384,-0.22448274067846918,0
148,"(1R,4S,4aS,5S,8R,8aR)-rel-1,2,3,4,10,10-Hexachloro-1,4,4a,5,8,8a-hexahydro-1,4:5,8-dimethanonaphthalene",59,logistic,3,1,0.4723293908193699,0.6498215901961384,-0.17749219937676847,0
154,"(1aR,2R,2aS,3S,6R,6aR,7S,7aS)-rel-3,4,5,6,9,9-Hexachloro-1a,2,2a,3,6,6a,7,7a-octahydro-2,7:3,6-dimethanonaphth[2,3-b]oxirene ",59,logistic,3,1,0.50412960363387,0.6498215901961384,-0.14569198656226834,0
158,"alpha-(4-(1,1,3,3-Tetramethylbutyl)phenyl)-omega-hydroxypoly(oxy-1,2-ethanediyl)",428,logistic,3,0,0.3701824497664734,0.6498215901961384,-0.279639140429665,0
173,Chlorbenside (Ref: ENT 20696),52,logistic,3,0,0.2988314223308212,0.6498215901961384,-0.35099016786531717,0
175,"Phosphorothioic acid, S-[2-(Ethylsulfinyl)ethyl] O,O-dimethyl ester",38,logistic,3,1,0.9658615385225954,0.6498215901961384,0.316039948326457,1
176,"N'-(4-chlorophenyl)-N,N-dimethylurea",3,logistic,3,0,0.3891139913042121,0.6498215901961384,-0.2607075988919263,0
192,"6-Chloro-N,N'-diethyl-1,3,5-triazine-2,4-diamine",8,logistic,3,0,0.24654011914898571,0.6498215901961384,-0.4032814710471527,0
196,"6-Chloro-N2,N4-bis(1-methylethyl)-1,3,5-triazine-2,4-diamine",8,logistic,3,0,0.3214107480653947,0.6498215901961384,-0.3284108421307437,0
202,Methazole (Ref: VCS-438),421,logistic,3,0,0.25130068815499806,0.6498215901961384,-0.3985209020411403,0
211,"6-Methoxy-N2,N4-bis(1-methylethyl)-1,3,5-triazine-2,4-diamine",8,logistic,3,0,0.2908081626369367,0.6498215901961384,-0.3590134275592017,0
217,"N2-Ethyl-N4-(1-methylethyl)-6-(methylthio)-1,3,5-triazine-2,4-diamine",8,logistic,3,0,0.28018990693962137,0.6498215901961384,-0.369631683256517,0
218,"6-Chloro-N-ethyl-N'-(1-methylethyl)-1,3,5-triazine-2,4-diamine",8,logistic,3,0,0.2769836187966618,0.6498215901961384,-0.3728379713994766,0
220,"N2,N4-Bis(1-methylethyl)-6-(methylthio)-1,3,5-triazine-2,4-diamine",8,logistic,3,0,0.34184968281874817,0.6498215901961384,-0.3079719073773902,0
226,Trietazine (Ref: G 27901),8,logistic,3,0,0.2725207088320213,0.6498215901961384,-0.3773008813641171,0
227,Vamidothion (Ref: ENT 26613),38,logistic,3,1,0.9573667428488861,0.6498215901961384,0.30754515265274773,1
230,"1,1a,3,3a,4,5,5,5a,5b,6-Decachlorooctahydro-1,3,4-metheno-2H-cyclobuta[cd]pentalen-2-one",121,logistic,3,1,0.6017905796020905,0.6498215901961384,-0.04803101059404791,0
238,"N-Cyclopropyl-1,3,5-triazine-2,4,6-triamine",415,logistic,3,0,0.27182330371447566,0.6498215901961384,-0.3779982864816627,0
239,Chloroxuron (Ref: C 1983),3,logistic,3,0,0.4655193030752409,0.6498215901961384,-0.18430228712089747,0
242,Methyl trithion,52,logistic,3,1,0.9783156657974758,0.6498215901961384,0.32849407560133737,1
252,Monolinuron (Ref: HOE 002747),3,logistic,3,0,0.35665204632414826,0.6498215901961384,-0.2931695438719901,0
257,Captafol (Ref: Ortho-5865),80,logistic,3,0,0.4955745613174836,0.6498215901961384,-0.15424702887865477,0
266,"Phosphorothioic acid, O,O-Diethyl O(4-methylsulfinyl)phenyl)ester",103,logistic,3,1,0.9693586069493154,0.6498215901961384,0.31953701675317703,1
268,Terbuthylazine,8,logistic,3,0,0.35641567877441377,0.6498215901961384,-0.2934059114217246,0
271,Quinoclamine,165,logistic,3,0,0.34304510358485685,0.6498215901961384,-0.30677648661128154,0
278,"3-Cyclohexyl-6-(dimethylamino)-1-methyl-1,3,5-triazine-2,4-(1H,3H)dione",407,logistic,3,0,0.33200617150788,0.6498215901961384,-0.3178154186882584,0
279,Chlorbromuron (Ref: C6313),3,logistic,3,0,0.44308394320078814,0.6498215901961384,-0.20673764699535024,0
284,"O,O-Dimethyl S-[2-(methylamino)-2-oxoethyl ester phosphorothioic acid",38,logistic,3,1,0.9368716134242073,0.6498215901961384,0.28705002322806894,1
285,"N,N-Dimethyl-N'-[3-(trifluoromethyl)phenyl]urea",3,logistic,3,0,0.3691925996126733,0.6498215901961384,-0.2806289905834651,0
286,Metobromuron (Ref: C 3216),3,logistic,3,0,0.3851758787611756,0.6498215901961384,-0.2646457114349628,0
287,"1,1-Dichloro-N-[(dimethylamino)sulfonyl]-1-fluoro-N-phenylmethanesulfenamide",158,logistic,3,0,0.3059126462081086,0.6498215901961384,-0.3439089439880298,0
290,(1-Methylethyl)phosphoramidic acid ethyl-3-methyl-4-(methylthio)phenyl ester,164,logistic,3,1,0.7016010653629627,0.6498215901961384,0.05177947516682435,1
300,"Ethylphosphonodithioic acid, O-Ethyl S-phenyl ester",404,logistic,3,1,0.6738368231644061,0.6498215901961384,0.024015232968267686,1
309,Looplure (Ref: ENT 33266),22,logistic,3,0,0.2933632146149071,0.6498215901961384,-0.3564583755812313,0
320,"S-[2-(Ethylsulfonyl)ethyl]O,O-dimethyl ester phosphorothioic acid",38,logistic,3,1,0.9662430565391328,0.6498215901961384,0.3164214663429944,1
321,Asulam (Ref: M&B 9057),397,logistic,3,0,0.39754788811773556,0.6498215901961384,-0.25227370207840283,0
323,Metoxuron (Ref: SAN 6915H),3,logistic,3,0,0.4066500312935075,0.6498215901961384,-0.24317155890263087,0
327,Monalide (Ref: SN 35830),3,logistic,3,0,0.40670086745838846,0.6498215901961384,-0.24312072273774993,0
332,"O,O-Dimethyl O-[2-(methylthio)ethyl]ester phosphorothioic acid mixt. with O,O-dimethyl S-[2-(methylthio)ethyl]phosphorothioate",38,logistic,3,1,0.9612090348428219,0.6498215901961384,0.31138744464668355,1
333,Cyanazine,8,logistic,3,0,0.3446790033235482,0.6498215901961384,-0.30514258687259016,0
341,"2aR,3S,4S,4aR,5S,7aS,8S,10R,10aS,10bR)-10-(Acetyloxy)octahydro-3,5-dihydroxy-4-methyl-8-[[(2E)-2-methyl-1-oxo-2-buten-1-yl]oxy]-4-[(1aR,2S,3aS,6aS,7S,7aS)-3a,6a,7,7a-tetrahydro-6a-hydroxy-7a-methyl-2,7-methanofuro[2,3-b]oxireno[e]oxepin-1a(2H)-yl]-1H,7H-naptho[1,8-bc:4,4a-c']difuran-5,10a(8H)-dicarboxylic acid 5-10a-dimethyl ester",135,logistic,3,1,0.7265815258027108,0.6498215901961384,0.07675993560657246,1
348,Chlorotoluron (Ref: C 2242),3,logistic,3,0,0.4170381569927743,0.6498215901961384,-0.2327834332033641,0
349,8-dodecenol,22,logistic,3,1,0.2134285663872144,0.6498215901961384,-0.436393023808924,0
353,Diflubenzuron (Ref: OMS 1804),3,logistic,3,1,0.32882065325228904,0.6498215901961384,-0.32100093694384935,0
354,"Benzoyl chloride, (2,4,6-Trichlorophenyl)hydrazone",391,logistic,3,1,0.4085819212334891,0.6498215901961384,-0.2412396689626493,0
356,Piperalin (Ref: HSDB 7058),390,logistic,3,0,0.5094814483223207,0.6498215901961384,-0.14034014187381771,0
363,Codlemone (Ref: BAS 2851),22,logistic,3,0,0.23343007054504653,0.6498215901961384,-0.4163915196510919,0
370,Dipropetryn (Ref: GC 16068),8,logistic,3,0,0.36677048614002644,0.6498215901961384,-0.28305110405611195,0
387,"5-Amino-1-[2,6-dichloro-4-(trifluoromethyl)phenyl]-4-[(trifluoromethyl)sulfinyl]-1H-pyrazole-3-carbonitrile",383,logistic,3,1,0.5346830060452147,0.6498215901961384,-0.1151385841509237,0
406,Procymidone (Ref: S 7131),78,logistic,3,0,0.43051896768023706,0.6498215901961384,-0.21930262251590132,0
412,Isoproturon (Ref: HOE 16410),3,logistic,3,0,0.4049521098399361,0.6498215901961384,-0.24486948035620226,0
414,Difenoxuron (Ref: C3470),3,logistic,3,0,0.42680251489425686,0.6498215901961384,-0.22301907530188153,0
416,Mefluidide (Ref: MBR 12325),378,logistic,3,0,0.32623778934659015,0.6498215901961384,-0.32358380084954824,0
417,(E)-dec-5-enyl acetate,22,logistic,3,0,0.3204526915615917,0.6498215901961384,-0.3293688986345467,0
419,O-(4-bromo-2-chlorophenyl) O-ethyl S-propyl ester phosphorothioic acid,154,logistic,3,1,0.9782992437124959,0.6498215901961384,0.3284776535163575,1
421,"beta-(4-Chlorophenoxy)-alpha-(1,1-dimethylethyl)-1H-1,2,4-triazole-1-ethanol",27,logistic,3,0,0.35446701495437055,0.6498215901961384,-0.29535457524176784,0
424,Bitertanol (Ref: KWG 0599),27,logistic,3,0,0.36452424542067396,0.6498215901961384,-0.2852973447754644,0
437,"1,1-Dichloro-N-[(dimethylamino)sulfonyl]-1-fluoro-N-(4-methylphenyl)methanesulfenamide",158,logistic,3,0,0.3416943885514219,0.6498215901961384,-0.30812720164471646,0
438,Climbazole (Ref: 106162),96,logistic,3,1,0.3411159206672563,0.6498215901961384,-0.30870566952888207,0
441,Diclobutrazol (Ref: PP296),27,logistic,3,1,0.3540845612294721,0.6498215901961384,-0.2957370289666663,0
443,Triclopyr-triethylammonium,372,logistic,3,0,0.25160096615950533,0.6498215901961384,-0.39822062403663305,0
448,Fluazifop-butyl (Ref: SL 236),13,logistic,3,0,0.4232024874429841,0.6498215901961384,-0.22661910275315428,0
450,Dimefuron (Ref: RP 23465),3,logistic,3,0,0.4517243222285156,0.6498215901961384,-0.19809726796762278,0
451,Pencycuron (Ref: NTN 19701),3,logistic,3,0,0.5254461455006505,0.6498215901961384,-0.12437544469548789,0
456,Chlozolinate (Ref: M 8164),78,logistic,3,0,0.5240900627846989,0.6498215901961384,-0.12573152741143945,0
469,Dimethametryn (Ref: C 18898),8,logistic,3,0,0.3639310581234056,0.6498215901961384,-0.2858905320727328,0
473,5-decenol (Ref: BAS 287 1),22,logistic,3,0,0.24195153807467548,0.6498215901961384,-0.4078700521214629,0
483,Diniconazole (Ref: XE-779),27,logistic,3,0,0.41956876497821455,0.6498215901961384,-0.23025282521792384,0
490,Triflumizole (Ref: NF 114 ),364,logistic,3,0,0.33334363282583446,0.6498215901961384,-0.31647795737030393,0
511,"2-[(2-Chlorophenyl)methyl]-4,4-dimethyl-3-isoxazolidinone",129,logistic,3,0,0.34551733991131695,0.6498215901961384,-0.30430425028482144,0
522,Pyraclofos (Ref: OMS 3040),154,logistic,3,1,0.9653155520056639,0.6498215901961384,0.3154939618095255,1
544,Chlorantraniliprole (Ref: DPX E2Y45),63,logistic,3,1,0.49010797717330845,0.6498215901961384,-0.15971361302282994,0
547,"4,6-Dimethyl-N-phenyl-2-pyrimidinamine",77,logistic,3,0,0.3082148602794864,0.6498215901961384,-0.341606729916652,0
550,"[3-(4,5-Dihydro-3-isoxazolyl)-2-methyl-4-(methylsulfonyl)phenyl](5-hydroxy-1-methyl-1H-pyrazol-4-yl)methanone",354,logistic,3,0,0.4012875577111036,0.6498215901961384,-0.2485340324850348,0
556,Propaquizafop (Ref: CGA 233380),13,logistic,3,0,0.4498845133283633,0.6498215901961384,-0.19993707686777507,0
567,Quizalofop-P-tefuryl (Ref: UBI C4874 ),13,logistic,3,0,0.4750835406559857,0.6498215901961384,-0.1747380495401527,0
580,"4-[2-[4-(1,1-Dimethylethyl)phenyl]ethoxy]quinazoline",348,logistic,3,1,0.3981738065972452,0.6498215901961384,-0.25164778359889317,0
597,"1,2,3-Benzothiadiazole-7-carbothioic acid S-methyl ester",341,logistic,3,0,0.246836151716701,0.6498215901961384,-0.40298543847943735,0
606,Fluquinconazole (Ref: AE C597265),337,logistic,3,0,0.25028932591906183,0.6498215901961384,-0.39953226427707655,0
628,"3-Chloro-2-[[(5-ethoxy-7-fluoro[1,2,4]triazolo[1,5-c]pyrimidin-2-yl)sulfonyl]amino]benzoic acid, Methyl ester",147,logistic,3,0,0.21706576319507986,0.6498215901961384,-0.4327558270010585,0
632,Cyprodinil (Ref: CGA 219417),77,logistic,3,0,0.3505885168059395,0.6498215901961384,-0.2992330733901989,0
649,2-[2-Chloro-5-[4-chloro-5-(difluoromethoxy)-1-methyl-1H-pyrazol-3-yl]-4-fluorophenoxy]acetic acid ethyl ester,89,logistic,3,0,0.36428720004809945,0.6498215901961384,-0.28553439014803894,0
652,Fenhexamid (Ref: KBR 2738),328,logistic,3,0,0.5243399358324716,0.6498215901961384,-0.12548165436366676,0
681,Cafenstrole (Ref: CH 900),318,logistic,3,0,0.3915602287009633,0.6498215901961384,-0.2582613614951751,0
685,Propoxycarbazone,33,logistic,3,0,0.22147922734575295,0.6498215901961384,-0.4283423628503854,0
686,"2-(4-Methoxy[1,1'-biphenyl]-3-yl)hydrazinecarboxylic acid, 1-Methylethyl ester",144,logistic,3,1,0.3992570705583712,0.6498215901961384,-0.2505645196377672,0
690,Fentrazamide (Ref: BAY YRC 2388),315,logistic,3,0,0.4290537615546575,0.6498215901961384,-0.22076782864148087,0
694,Flucarbazone,33,logistic,3,0,0.21157503201683303,0.6498215901961384,-0.43824655817930536,0
696,"2-[2-Chloro-4-fluoro-5-[5-methyl-6-oxo-4-(trifluoromethyl)-1(6H)-pyridazinyl]phenoxy]acetic acid, Ethyl ester",89,logistic,3,0,0.35201377357532637,0.6498215901961384,-0.297807816620812,0
717,Profoxydim (Ref: BAS 625H),140,logistic,3,0,0.5675140455844331,0.6498215901961384,-0.08230754461170531,0
718,Picloram-tripromine,308,logistic,3,0,0.21222009925702465,0.6498215901961384,-0.4376014909391137,0
743,Haloxyfop-etotyl (Ref: DOWCO 453EE),13,logistic,3,0,0.42204919906052074,0.6498215901961384,-0.22777239113561765,0
756,"N-[2-(1,3-Dimethylbutyl)-3-thienyl]-1-methyl-3-(trifluoromethyl)-1H-pyrazole-4-carboxamide",303,logistic,3,0,0.4249747204329051,0.6498215901961384,-0.22484686976323331,0
767,3-Bromo-1-(3-chloro-2-pyridinyl)-N-[4-cyano-2-methyl-6-[(methylamino)carbonyl]phenyl]-1H-pyrazole-5-carboxamide,63,logistic,3,1,0.44979807005348627,0.6498215901961384,-0.20002352014265212,0
768,Iprobenfos,300,logistic,3,0,0.9705484098640192,0.6498215901961384,0.32072681966788086,1
769,Dihydroazadirachtin,135,logistic,3,0,0.7345131544993435,0.6498215901961384,0.08469156430320512,1
801,Ametoctradin (Ref: BAS 650F),290,logistic,3,0,0.22787362024491262,0.6498215901961384,-0.42194796995122574,0
805,Cyclaniliprole (Ref: IKI-3106),63,logistic,3,1,0.6189279989243449,0.6498215901961384,-0.030893591271793475,0
807,Fluazaindolizine (Ref: DPX-Q8U80),288,logistic,3,0,0.36374575280691657,0.6498215901961384,-0.2860758373892218,0
808,Thiencarbazone-methyl (Ref: BYH 18636 ),33,logistic,3,0,0.2751805739546875,0.6498215901961384,-0.3746410162414509,0
813,Thiencarbazone,33,logistic,3,0,0.3728585703340941,0.6498215901961384,-0.2769630198620443,0
821,Isoflucypram (Ref: BCS-CN88460),282,logistic,3,0,0.4603961973961719,0.6498215901961384,-0.1894253927999665,0
827,Bixlozone (Ref: F9600),129,logistic,3,0,0.3792759710764577,0.6498215901961384,-0.27054561911968067,0
847,Cinnamaldehyde,274,logistic,3,0,0.2291979050817161,0.6498215901961384,-0.4206236851144223,0
854,"N,N'-[1,4-Piperazinediylbis(2,2,2-trichloroethylidene)]bis-formamide",271,logistic,3,0,0.32258158696301253,0.6498215901961384,-0.32724000323312585,0
864,Garlic extract,264,logistic,3,0,0.24779350262254574,0.6498215901961384,-0.40202808757359265,0
866,"N,N,N',N'-Tetramethylthioperoxydicarbonic diamide ([(H2N)C(S)]2S2)",262,logistic,3,0,0.5580573542357651,0.6498215901961384,-0.09176423596037331,0
869,Captan (Ref: SR 406),80,logistic,3,0,0.4584555098915738,0.6498215901961384,-0.1913660803045646,0
881,"2-[4-(1,1-Dimethylethyl)phenoxy]cyclohexyl 2-propynyl ester sulfurous acid",259,logistic,3,0,0.46381749576706405,0.6498215901961384,-0.18600409442907434,0
883,Chlordane (Technical Grade),59,logistic,3,1,0.5075530328082339,0.6498215901961384,-0.14226855738790445,0
893,"1H-1,2,4-Triazol-3-amine",253,logistic,3,0,0.214439435304657,0.6498215901961384,-0.43538215489148135,0
899,"Phosphorothioic acid O-(3-chloro-4-methyl-2-oxo-2H-1-benzopyran-7-yl) O,O-diethyl ester",123,logistic,3,1,0.9781070861141645,0.6498215901961384,0.32828549591802614,1
904,"S-[(4,6-Diamino-1,3,5-triazin-2-yl)methyl]O,O-dimethyl ester phosphorodithioic acid",52,logistic,3,1,0.9492308576336956,0.6498215901961384,0.29940926743755725,1
913,"1,1a,2,2,3,3a,4,5,5,5a,5b,6-Dodecachlorooctahydro-1,3,4-metheno-1H-cyclobuta[cd]pentalene",121,logistic,3,1,0.6005539752465905,0.6498215901961384,-0.0492676149495479,0
917,Molinate (Ref: OMS 1373),243,logistic,3,1,0.4810331320343008,0.6498215901961384,-0.16878845816183757,0
920,Silthiofam (Ref: MON 65500),241,logistic,3,0,0.37807906175415784,0.6498215901961384,-0.27174252844198055,0
921,"2-(2,4-Dichlorophenoxy)acetic acid, 2-Ethylhexyl ester",16,logistic,3,0,0.4375798883467639,0.6498215901961384,-0.21224170184937446,0
930,Camphechlor (Ref: Hercules 3956),235,logistic,3,1,0.46847652951816393,0.6498215901961384,-0.18134506067797446,0
935,Grandlure (Ref: SHA 112401),231,logistic,3,0,0.3878401738336413,0.6498215901961384,-0.2619814163624971,0
940,Vinclozolin (Ref: BAS 352F),78,logistic,3,0,0.4832062597154857,0.6498215901961384,-0.1666153304806527,0
945,2-Cyano-N-[(ethylamino)carbonyl]-2-(methoxyimino)acetamide,227,logistic,3,0,0.32036867414494485,0.6498215901961384,-0.32945291605119353,0
962,Pyroquilon (Ref: CGA 49104),218,logistic,3,0,0.35736470968398426,0.6498215901961384,-0.2924568805121541,0
963,alpha-(1-Methylethyl)-alpha-[4-(trifluoromethoxy)phenyl]-5-pyrimidinemethanol,217,logistic,3,0,0.30560615202179603,0.6498215901961384,-0.34421543817434236,0
973,Amisulbrom,210,logistic,3,0,0.22598424657038907,0.6498215901961384,-0.4238373436257493,0
982,Mepanipyrim (Ref: KUF 6201),77,logistic,3,0,0.3675575562537024,0.6498215901961384,-0.282264033942436,0
988,Dinotefuran (Ref: MTI 446),202,logistic,3,1,0.26375466535737585,0.6498215901961384,-0.38606692483876254,0
998,"2-Chloro-5-[3,6-dihydro-3-methyl-2,6-dioxo-4-(trifluoromethyl)-1(2H)-pyrimidinyl]benzoic acid 1,1-dimethyl-2-oxo-2-(2-propenyloxy)ethyl ester",198,logistic,3,0,0.43297624171487076,0.6498215901961384,-0.21684534848126763,0
1002,"5-[[(2,6-Difluorophenyl)methoxy]methyl]-4,5-dihydro-5-methyl(3-methyl-2-thienyl)isoxazole",197,logistic,3,0,0.4349622352672889,0.6498215901961384,-0.2148593549288495,0
1006,Metyltetraprole (Ref: S-2367),111,logistic,3,0,0.21231892844993971,0.6498215901961384,-0.4375026617461987,0
1017,"N2-[(1R,2S)-2,3-Dihydro-2,6-dimethyl-1H-inden-1-yl]-6-(1-fluoroethyl)-1,3,5-triazine-2,4-diamine",189,logistic,3,0,0.4157663151940249,0.6498215901961384,-0.23405527500211348,0
1025,1-(3-Chloropyridin-2-yl)-N-[4-cyano-2-methyl-6-(methylcarbamoyl)phenyl]-3-{[5-(trifluoromethyl)-2H-tetrazol-2-yl]methyl}-1H-pyrazole-5-carboxamide,63,logistic,3,1,0.2669114720062603,0.6498215901961384,-0.3829101181898781,0
1028,Penflufen (Ref: BYF-14182),184,logistic,3,0,0.38334409323789664,0.6498215901961384,-0.26647749695824174,0
1029,"N-[6-[[[(Z)-[(1-Methyl-1H-tetrazol-5-yl)phenylmethylene]amino]oxy]methyl]-2-pyridinyl]-1,1-dimethylethyl ester carbamic acid",183,logistic,3,0,0.33361566196125486,0.6498215901961384,-0.3162059282348835,0
20,Neburon,3,random_forest,3,0,0.06,0.62,-0.56,0
29,"1,8-cineole",453,random_forest,3,0,0.043333333333333335,0.62,-0.5766666666666667,0
31,"N'-(3,4-Dichlorophenyl)-N-methoxy-N-methylurea",3,random_forest,3,0,0.29333333333333333,0.62,-0.32666666666666666,0
36,"2-[(Trichloromethyl)thio]-1H-isoindole-1,3(2H)dione",80,random_forest,3,0,0.11666666666666667,0.62,-0.5033333333333333,0
39,"N-(3,4-Dichlorophenyl)propanamide",42,random_forest,3,0,0.14,0.62,-0.48,0
42,"N'-(3,4-Dichlorophenyl)-N,N-dimethylurea",3,random_forest,3,0,0.23333333333333334,0.62,-0.38666666666666666,0
78,Trichlorfon (Ref: OMS 800),443,random_forest,3,1,0.6433333333333333,0.62,0.023333333333333317,1
87,As-(4-Aminophenyl)arsonic acid,439,random_forest,3,0,0.10666666666666667,0.62,-0.5133333333333333,0
92,Penconazole (Ref: CGA 71818),27,random_forest,3,1,0.06333333333333334,0.62,-0.5566666666666666,0
93,Dichlone (Ref: USR 604),165,random_forest,3,0,0.16,0.62,-0.45999999999999996,0
101,"1-(4-Chlorophenoxy)-3,3-dimethyl-1-(1H-1,2,4-triazol-1-yl)-2-butanone",27,random_forest,3,0,0.10666666666666667,0.62,-0.5133333333333333,0
125,[2-[[[1-(4-Chlorophenyl)-1H-pyrazol-3-yl]oxy]methyl]phenyl]methoxycarbamic acid methyl ester,111,random_forest,3,0,0.2,0.62,-0.42,0
145,"2-[(1,1-Dimethylethyl)imino]tetrahydro-3-(1-methylethyl)-5-phenyl-4H-1,3,5-thiadiazin-4-one",430,random_forest,3,0,0.17666666666666667,0.62,-0.44333333333333336,0
146,"1,4,5,6,7,8,8-Heptachloro-3a,4,7,7a-tetrahydro-4,7-methano-1H-indene",59,random_forest,3,1,0.39666666666666667,0.62,-0.22333333333333333,0
147,"2-(2,4,5-Trichlorophenoxy)acetic acid, Butyl ester",16,random_forest,3,0,0.19666666666666666,0.62,-0.42333333333333334,0
148,"(1R,4S,4aS,5S,8R,8aR)-rel-1,2,3,4,10,10-Hexachloro-1,4,4a,5,8,8a-hexahydro-1,4:5,8-dimethanonaphthalene",59,random_forest,3,1,0.38333333333333336,0.62,-0.23666666666666664,0
154,"(1aR,2R,2aS,3S,6R,6aR,7S,7aS)-rel-3,4,5,6,9,9-Hexachloro-1a,2,2a,3,6,6a,7,7a-octahydro-2,7:3,6-dimethanonaphth[2,3-b]oxirene ",59,random_forest,3,1,0.24333333333333335,0.62,-0.37666666666666665,0
158,"alpha-(4-(1,1,3,3-Tetramethylbutyl)phenyl)-omega-hydroxypoly(oxy-1,2-ethanediyl)",428,random_forest,3,0,0.08333333333333333,0.62,-0.5366666666666666,0
173,Chlorbenside (Ref: ENT 20696),52,random_forest,3,0,0.35333333333333333,0.62,-0.26666666666666666,0
175,"Phosphorothioic acid, S-[2-(Ethylsulfinyl)ethyl] O,O-dimethyl ester",38,random_forest,3,1,0.91,0.62,0.29000000000000004,1
176,"N'-(4-chlorophenyl)-N,N-dimethylurea",3,random_forest,3,0,0.2966666666666667,0.62,-0.3233333333333333,0
192,"6-Chloro-N,N'-diethyl-1,3,5-triazine-2,4-diamine",8,random_forest,3,0,0.19,0.62,-0.43,0
196,"6-Chloro-N2,N4-bis(1-methylethyl)-1,3,5-triazine-2,4-diamine",8,random_forest,3,0,0.2966666666666667,0.62,-0.3233333333333333,0
202,Methazole (Ref: VCS-438),421,random_forest,3,0,0.08333333333333333,0.62,-0.5366666666666666,0
211,"6-Methoxy-N2,N4-bis(1-methylethyl)-1,3,5-triazine-2,4-diamine",8,random_forest,3,0,0.10333333333333333,0.62,-0.5166666666666666,0
217,"N2-Ethyl-N4-(1-methylethyl)-6-(methylthio)-1,3,5-triazine-2,4-diamine",8,random_forest,3,0,0.36,0.62,-0.26,0
218,"6-Chloro-N-ethyl-N'-(1-methylethyl)-1,3,5-triazine-2,4-diamine",8,random_forest,3,0,0.2733333333333333,0.62,-0.3466666666666667,0
220,"N2,N4-Bis(1-methylethyl)-6-(methylthio)-1,3,5-triazine-2,4-diamine",8,random_forest,3,0,0.47,0.62,-0.15000000000000002,0
226,Trietazine (Ref: G 27901),8,random_forest,3,0,0.4633333333333333,0.62,-0.15666666666666668,0
227,Vamidothion (Ref: ENT 26613),38,random_forest,3,1,0.9433333333333334,0.62,0.32333333333333336,1
230,"1,1a,3,3a,4,5,5,5a,5b,6-Decachlorooctahydro-1,3,4-metheno-2H-cyclobuta[cd]pentalen-2-one",121,random_forest,3,1,0.35,0.62,-0.27,0
238,"N-Cyclopropyl-1,3,5-triazine-2,4,6-triamine",415,random_forest,3,0,0.04666666666666667,0.62,-0.5733333333333334,0
239,Chloroxuron (Ref: C 1983),3,random_forest,3,0,0.27,0.62,-0.35,0
242,Methyl trithion,52,random_forest,3,1,0.9333333333333333,0.62,0.31333333333333335,1
252,Monolinuron (Ref: HOE 002747),3,random_forest,3,0,0.66,0.62,0.040000000000000036,1
257,Captafol (Ref: Ortho-5865),80,random_forest,3,0,0.25666666666666665,0.62,-0.36333333333333334,0
266,"Phosphorothioic acid, O,O-Diethyl O(4-methylsulfinyl)phenyl)ester",103,random_forest,3,1,0.98,0.62,0.36,1
268,Terbuthylazine,8,random_forest,3,0,0.27666666666666667,0.62,-0.3433333333333333,0
271,Quinoclamine,165,random_forest,3,0,0.49333333333333335,0.62,-0.12666666666666665,0
278,"3-Cyclohexyl-6-(dimethylamino)-1-methyl-1,3,5-triazine-2,4-(1H,3H)dione",407,random_forest,3,0,0.45666666666666667,0.62,-0.16333333333333333,0
279,Chlorbromuron (Ref: C6313),3,random_forest,3,0,0.29,0.62,-0.33,0
284,"O,O-Dimethyl S-[2-(methylamino)-2-oxoethyl ester phosphorothioic acid",38,random_forest,3,1,0.92,0.62,0.30000000000000004,1
285,"N,N-Dimethyl-N'-[3-(trifluoromethyl)phenyl]urea",3,random_forest,3,0,0.11666666666666667,0.62,-0.5033333333333333,0
286,Metobromuron (Ref: C 3216),3,random_forest,3,0,0.37,0.62,-0.25,0
287,"1,1-Dichloro-N-[(dimethylamino)sulfonyl]-1-fluoro-N-phenylmethanesulfenamide",158,random_forest,3,0,0.12333333333333334,0.62,-0.49666666666666665,0
290,(1-Methylethyl)phosphoramidic acid ethyl-3-methyl-4-(methylthio)phenyl ester,164,random_forest,3,1,0.65,0.62,0.030000000000000027,1
300,"Ethylphosphonodithioic acid, O-Ethyl S-phenyl ester",404,random_forest,3,1,0.6633333333333333,0.62,0.043333333333333335,1
309,Looplure (Ref: ENT 33266),22,random_forest,3,0,0.09,0.62,-0.53,0
320,"S-[2-(Ethylsulfonyl)ethyl]O,O-dimethyl ester phosphorothioic acid",38,random_forest,3,1,0.8033333333333333,0.62,0.18333333333333335,1
321,Asulam (Ref: M&B 9057),397,random_forest,3,0,0.1,0.62,-0.52,0
323,Metoxuron (Ref: SAN 6915H),3,random_forest,3,0,0.5966666666666667,0.62,-0.023333333333333317,0
327,Monalide (Ref: SN 35830),3,random_forest,3,0,0.04666666666666667,0.62,-0.5733333333333334,0
332,"O,O-Dimethyl O-[2-(methylthio)ethyl]ester phosphorothioic acid mixt. with O,O-dimethyl S-[2-(methylthio)ethyl]phosphorothioate",38,random_forest,3,1,0.9733333333333334,0.62,0.3533333333333334,1
333,Cyanazine,8,random_forest,3,0,0.15333333333333332,0.62,-0.4666666666666667,0
341,"2aR,3S,4S,4aR,5S,7aS,8S,10R,10aS,10bR)-10-(Acetyloxy)octahydro-3,5-dihydroxy-4-methyl-8-[[(2E)-2-methyl-1-oxo-2-buten-1-yl]oxy]-4-[(1aR,2S,3aS,6aS,7S,7aS)-3a,6a,7,7a-tetrahydro-6a-hydroxy-7a-methyl-2,7-methanofuro[2,3-b]oxireno[e]oxepin-1a(2H)-yl]-1H,7H-naptho[1,8-bc:4,4a-c']difuran-5,10a(8H)-dicarboxylic acid 5-10a-dimethyl ester",135,random_forest,3,1,0.22333333333333333,0.62,-0.39666666666666667,0
348,Chlorotoluron (Ref: C 2242),3,random_forest,3,0,0.30333333333333334,0.62,-0.31666666666666665,0
349,8-dodecenol,22,random_forest,3,1,0.056666666666666664,0.62,-0.5633333333333334,0
353,Diflubenzuron (Ref: OMS 1804),3,random_forest,3,1,0.06,0.62,-0.56,0
354,"Benzoyl chloride, (2,4,6-Trichlorophenyl)hydrazone",391,random_forest,3,1,0.32666666666666666,0.62,-0.29333333333333333,0
356,Piperalin (Ref: HSDB 7058),390,random_forest,3,0,0.14666666666666667,0.62,-0.47333333333333333,0
363,Codlemone (Ref: BAS 2851),22,random_forest,3,0,0.04666666666666667,0.62,-0.5733333333333334,0
370,Dipropetryn (Ref: GC 16068),8,random_forest,3,0,0.19333333333333333,0.62,-0.42666666666666664,0
387,"5-Amino-1-[2,6-dichloro-4-(trifluoromethyl)phenyl]-4-[(trifluoromethyl)sulfinyl]-1H-pyrazole-3-carbonitrile",383,random_forest,3,1,0.22333333333333333,0.62,-0.39666666666666667,0
406,Procymidone (Ref: S 7131),78,random_forest,3,0,0.023333333333333334,0.62,-0.5966666666666667,0
412,Isoproturon (Ref: HOE 16410),3,random_forest,3,0,0.12666666666666668,0.62,-0.4933333333333333,0
414,Difenoxuron (Ref: C3470),3,random_forest,3,0,0.08666666666666667,0.62,-0.5333333333333333,0
416,Mefluidide (Ref: MBR 12325),378,random_forest,3,0,0.14333333333333334,0.62,-0.4766666666666667,0
417,(E)-dec-5-enyl acetate,22,random_forest,3,0,0.14666666666666667,0.62,-0.47333333333333333,0
419,O-(4-bromo-2-chlorophenyl) O-ethyl S-propyl ester phosphorothioic acid,154,random_forest,3,1,0.7766666666666666,0.62,0.15666666666666662,1
421,"beta-(4-Chlorophenoxy)-alpha-(1,1-dimethylethyl)-1H-1,2,4-triazole-1-ethanol",27,random_forest,3,0,0.14,0.62,-0.48,0
424,Bitertanol (Ref: KWG 0599),27,random_forest,3,0,0.35333333333333333,0.62,-0.26666666666666666,0
437,"1,1-Dichloro-N-[(dimethylamino)sulfonyl]-1-fluoro-N-(4-methylphenyl)methanesulfenamide",158,random_forest,3,0,0.08333333333333333,0.62,-0.5366666666666666,0
438,Climbazole (Ref: 106162),96,random_forest,3,1,0.07,0.62,-0.55,0
441,Diclobutrazol (Ref: PP296),27,random_forest,3,1,0.23,0.62,-0.39,0
443,Triclopyr-triethylammonium,372,random_forest,3,0,0.19333333333333333,0.62,-0.42666666666666664,0
448,Fluazifop-butyl (Ref: SL 236),13,random_forest,3,0,0.35,0.62,-0.27,0
450,Dimefuron (Ref: RP 23465),3,random_forest,3,0,0.15,0.62,-0.47,0
451,Pencycuron (Ref: NTN 19701),3,random_forest,3,0,0.41,0.62,-0.21000000000000002,0
456,Chlozolinate (Ref: M 8164),78,random_forest,3,0,0.18666666666666668,0.62,-0.43333333333333335,0
469,Dimethametryn (Ref: C 18898),8,random_forest,3,0,0.2,0.62,-0.42,0
473,5-decenol (Ref: BAS 287 1),22,random_forest,3,0,0.0033333333333333335,0.62,-0.6166666666666667,0
483,Diniconazole (Ref: XE-779),27,random_forest,3,0,0.31,0.62,-0.31,0
490,Triflumizole (Ref: NF 114 ),364,random_forest,3,0,0.08666666666666667,0.62,-0.5333333333333333,0
511,"2-[(2-Chlorophenyl)methyl]-4,4-dimethyl-3-isoxazolidinone",129,random_forest,3,0,0.056666666666666664,0.62,-0.5633333333333334,0
522,Pyraclofos (Ref: OMS 3040),154,random_forest,3,1,0.91,0.62,0.29000000000000004,1
544,Chlorantraniliprole (Ref: DPX E2Y45),63,random_forest,3,1,0.22333333333333333,0.62,-0.39666666666666667,0
547,"4,6-Dimethyl-N-phenyl-2-pyrimidinamine",77,random_forest,3,0,0.28,0.62,-0.33999999999999997,0
550,"[3-(4,5-Dihydro-3-isoxazolyl)-2-methyl-4-(methylsulfonyl)phenyl](5-hydroxy-1-methyl-1H-pyrazol-4-yl)methanone",354,random_forest,3,0,0.17333333333333334,0.62,-0.44666666666666666,0
556,Propaquizafop (Ref: CGA 233380),13,random_forest,3,0,0.34,0.62,-0.27999999999999997,0
567,Quizalofop-P-tefuryl (Ref: UBI C4874 ),13,random_forest,3,0,0.27,0.62,-0.35,0
580,"4-[2-[4-(1,1-Dimethylethyl)phenyl]ethoxy]quinazoline",348,random_forest,3,1,0.21333333333333335,0.62,-0.4066666666666666,0
597,"1,2,3-Benzothiadiazole-7-carbothioic acid S-methyl ester",341,random_forest,3,0,0.20666666666666667,0.62,-0.41333333333333333,0
606,Fluquinconazole (Ref: AE C597265),337,random_forest,3,0,0.14666666666666667,0.62,-0.47333333333333333,0
628,"3-Chloro-2-[[(5-ethoxy-7-fluoro[1,2,4]triazolo[1,5-c]pyrimidin-2-yl)sulfonyl]amino]benzoic acid, Methyl ester",147,random_forest,3,0,0.043333333333333335,0.62,-0.5766666666666667,0
632,Cyprodinil (Ref: CGA 219417),77,random_forest,3,0,0.15,0.62,-0.47,0
649,2-[2-Chloro-5-[4-chloro-5-(difluoromethoxy)-1-methyl-1H-pyrazol-3-yl]-4-fluorophenoxy]acetic acid ethyl ester,89,random_forest,3,0,0.32,0.62,-0.3,0
652,Fenhexamid (Ref: KBR 2738),328,random_forest,3,0,0.27666666666666667,0.62,-0.3433333333333333,0
681,Cafenstrole (Ref: CH 900),318,random_forest,3,0,0.23333333333333334,0.62,-0.38666666666666666,0
685,Propoxycarbazone,33,random_forest,3,0,0.5833333333333334,0.62,-0.036666666666666625,0
686,"2-(4-Methoxy[1,1'-biphenyl]-3-yl)hydrazinecarboxylic acid, 1-Methylethyl ester",144,random_forest,3,1,0.3,0.62,-0.32,0
690,Fentrazamide (Ref: BAY YRC 2388),315,random_forest,3,0,0.30333333333333334,0.62,-0.31666666666666665,0
694,Flucarbazone,33,random_forest,3,0,0.4066666666666667,0.62,-0.21333333333333332,0
696,"2-[2-Chloro-4-fluoro-5-[5-methyl-6-oxo-4-(trifluoromethyl)-1(6H)-pyridazinyl]phenoxy]acetic acid, Ethyl ester",89,random_forest,3,0,0.2633333333333333,0.62,-0.3566666666666667,0
717,Profoxydim (Ref: BAS 625H),140,random_forest,3,0,0.42,0.62,-0.2,0
718,Picloram-tripromine,308,random_forest,3,0,0.2633333333333333,0.62,-0.3566666666666667,0
743,Haloxyfop-etotyl (Ref: DOWCO 453EE),13,random_forest,3,0,0.3233333333333333,0.62,-0.2966666666666667,0
756,"N-[2-(1,3-Dimethylbutyl)-3-thienyl]-1-methyl-3-(trifluoromethyl)-1H-pyrazole-4-carboxamide",303,random_forest,3,0,0.17333333333333334,0.62,-0.44666666666666666,0
767,3-Bromo-1-(3-chloro-2-pyridinyl)-N-[4-cyano-2-methyl-6-[(methylamino)carbonyl]phenyl]-1H-pyrazole-5-carboxamide,63,random_forest,3,1,0.09666666666666666,0.62,-0.5233333333333333,0
768,Iprobenfos,300,random_forest,3,0,0.5433333333333333,0.62,-0.07666666666666666,0
769,Dihydroazadirachtin,135,random_forest,3,0,0.30666666666666664,0.62,-0.31333333333333335,0
801,Ametoctradin (Ref: BAS 650F),290,random_forest,3,0,0.14333333333333334,0.62,-0.4766666666666667,0
805,Cyclaniliprole (Ref: IKI-3106),63,random_forest,3,1,0.25333333333333335,0.62,-0.36666666666666664,0
807,Fluazaindolizine (Ref: DPX-Q8U80),288,random_forest,3,0,0.19666666666666666,0.62,-0.42333333333333334,0
808,Thiencarbazone-methyl (Ref: BYH 18636 ),33,random_forest,3,0,0.4166666666666667,0.62,-0.2033333333333333,0
813,Thiencarbazone,33,random_forest,3,0,0.47333333333333333,0.62,-0.14666666666666667,0
821,Isoflucypram (Ref: BCS-CN88460),282,random_forest,3,0,0.4166666666666667,0.62,-0.2033333333333333,0
827,Bixlozone (Ref: F9600),129,random_forest,3,0,0.023333333333333334,0.62,-0.5966666666666667,0
847,Cinnamaldehyde,274,random_forest,3,0,0.05333333333333334,0.62,-0.5666666666666667,0
854,"N,N'-[1,4-Piperazinediylbis(2,2,2-trichloroethylidene)]bis-formamide",271,random_forest,3,0,0.22,0.62,-0.4,0
864,Garlic extract,264,random_forest,3,0,0.17,0.62,-0.44999999999999996,0
866,"N,N,N',N'-Tetramethylthioperoxydicarbonic diamide ([(H2N)C(S)]2S2)",262,random_forest,3,0,0.21666666666666667,0.62,-0.4033333333333333,0
869,Captan (Ref: SR 406),80,random_forest,3,0,0.26666666666666666,0.62,-0.35333333333333333,0
881,"2-[4-(1,1-Dimethylethyl)phenoxy]cyclohexyl 2-propynyl ester sulfurous acid",259,random_forest,3,0,0.25666666666666665,0.62,-0.36333333333333334,0
883,Chlordane (Technical Grade),59,random_forest,3,1,0.41333333333333333,0.62,-0.20666666666666667,0
893,"1H-1,2,4-Triazol-3-amine",253,random_forest,3,0,0.19666666666666666,0.62,-0.42333333333333334,0
899,"Phosphorothioic acid O-(3-chloro-4-methyl-2-oxo-2H-1-benzopyran-7-yl) O,O-diethyl ester",123,random_forest,3,1,0.9,0.62,0.28,1
904,"S-[(4,6-Diamino-1,3,5-triazin-2-yl)methyl]O,O-dimethyl ester phosphorodithioic acid",52,random_forest,3,1,0.59,0.62,-0.030000000000000027,0
913,"1,1a,2,2,3,3a,4,5,5,5a,5b,6-Dodecachlorooctahydro-1,3,4-metheno-1H-cyclobuta[cd]pentalene",121,random_forest,3,1,0.38333333333333336,0.62,-0.23666666666666664,0
917,Molinate (Ref: OMS 1373),243,random_forest,3,1,0.21,0.62,-0.41000000000000003,0
920,Silthiofam (Ref: MON 65500),241,random_forest,3,0,0.09666666666666666,0.62,-0.5233333333333333,0
921,"2-(2,4-Dichlorophenoxy)acetic acid, 2-Ethylhexyl ester",16,random_forest,3,0,0.44666666666666666,0.62,-0.17333333333333334,0
930,Camphechlor (Ref: Hercules 3956),235,random_forest,3,1,0.47,0.62,-0.15000000000000002,0
935,Grandlure (Ref: SHA 112401),231,random_forest,3,0,0.06666666666666667,0.62,-0.5533333333333333,0
940,Vinclozolin (Ref: BAS 352F),78,random_forest,3,0,0.16666666666666666,0.62,-0.45333333333333337,0
945,2-Cyano-N-[(ethylamino)carbonyl]-2-(methoxyimino)acetamide,227,random_forest,3,0,0.14333333333333334,0.62,-0.4766666666666667,0
962,Pyroquilon (Ref: CGA 49104),218,random_forest,3,0,0.13,0.62,-0.49,0
963,alpha-(1-Methylethyl)-alpha-[4-(trifluoromethoxy)phenyl]-5-pyrimidinemethanol,217,random_forest,3,0,0.2,0.62,-0.42,0
973,Amisulbrom,210,random_forest,3,0,0.13666666666666666,0.62,-0.48333333333333334,0
982,Mepanipyrim (Ref: KUF 6201),77,random_forest,3,0,0.18333333333333332,0.62,-0.43666666666666665,0
988,Dinotefuran (Ref: MTI 446),202,random_forest,3,1,0.12333333333333334,0.62,-0.49666666666666665,0
998,"2-Chloro-5-[3,6-dihydro-3-methyl-2,6-dioxo-4-(trifluoromethyl)-1(2H)-pyrimidinyl]benzoic acid 1,1-dimethyl-2-oxo-2-(2-propenyloxy)ethyl ester",198,random_forest,3,0,0.24333333333333335,0.62,-0.37666666666666665,0
1002,"5-[[(2,6-Difluorophenyl)methoxy]methyl]-4,5-dihydro-5-methyl(3-methyl-2-thienyl)isoxazole",197,random_forest,3,0,0.19333333333333333,0.62,-0.42666666666666664,0
1006,Metyltetraprole (Ref: S-2367),111,random_forest,3,0,0.14,0.62,-0.48,0
1017,"N2-[(1R,2S)-2,3-Dihydro-2,6-dimethyl-1H-inden-1-yl]-6-(1-fluoroethyl)-1,3,5-triazine-2,4-diamine",189,random_forest,3,0,0.22,0.62,-0.4,0
1025,1-(3-Chloropyridin-2-yl)-N-[4-cyano-2-methyl-6-(methylcarbamoyl)phenyl]-3-{[5-(trifluoromethyl)-2H-tetrazol-2-yl]methyl}-1H-pyrazole-5-carboxamide,63,random_forest,3,1,0.17666666666666667,0.62,-0.44333333333333336,0
1028,Penflufen (Ref: BYF-14182),184,random_forest,3,0,0.2866666666666667,0.62,-0.3333333333333333,0
1029,"N-[6-[[[(Z)-[(1-Methyl-1H-tetrazol-5-yl)phenylmethylene]amino]oxy]methyl]-2-pyridinyl]-1,1-dimethylethyl ester carbamic acid",183,random_forest,3,0,0.20666666666666667,0.62,-0.41333333333333333,0
20,Neburon,3,mlp,3,0,0.3986190187657388,0.5205590475153956,-0.12194002874965681,0
29,"1,8-cineole",453,mlp,3,0,0.15165673047678105,0.5205590475153956,-0.36890231703861454,0
31,"N'-(3,4-Dichlorophenyl)-N-methoxy-N-methylurea",3,mlp,3,0,0.34993097339185375,0.5205590475153956,-0.17062807412354186,0
36,"2-[(Trichloromethyl)thio]-1H-isoindole-1,3(2H)dione",80,mlp,3,0,0.4274896628535252,0.5205590475153956,-0.09306938466187042,0
39,"N-(3,4-Dichlorophenyl)propanamide",42,mlp,3,0,0.3208504512989634,0.5205590475153956,-0.19970859621643222,0
42,"N'-(3,4-Dichlorophenyl)-N,N-dimethylurea",3,mlp,3,0,0.31531166656451237,0.5205590475153956,-0.20524738095088324,0
78,Trichlorfon (Ref: OMS 800),443,mlp,3,1,0.4637490178694336,0.5205590475153956,-0.05681002964596199,0
87,As-(4-Aminophenyl)arsonic acid,439,mlp,3,0,0.16925409209742823,0.5205590475153956,-0.35130495541796736,0
92,Penconazole (Ref: CGA 71818),27,mlp,3,1,0.4343371544554026,0.5205590475153956,-0.086221893059993,0
93,Dichlone (Ref: USR 604),165,mlp,3,0,0.2833750073046259,0.5205590475153956,-0.23718404021076972,0
101,"1-(4-Chlorophenoxy)-3,3-dimethyl-1-(1H-1,2,4-triazol-1-yl)-2-butanone",27,mlp,3,0,0.43115606391475725,0.5205590475153956,-0.08940298360063836,0
125,[2-[[[1-(4-Chlorophenyl)-1H-pyrazol-3-yl]oxy]methyl]phenyl]methoxycarbamic acid methyl ester,111,mlp,3,0,0.45816564407182614,0.5205590475153956,-0.06239340344356947,0
145,"2-[(1,1-Dimethylethyl)imino]tetrahydro-3-(1-methylethyl)-5-phenyl-4H-1,3,5-thiadiazin-4-one",430,mlp,3,0,0.3357390383620618,0.5205590475153956,-0.1848200091533338,0
146,"1,4,5,6,7,8,8-Heptachloro-3a,4,7,7a-tetrahydro-4,7-methano-1H-indene",59,mlp,3,1,0.4337655136786569,0.5205590475153956,-0.08679353383673871,0
147,"2-(2,4,5-Trichlorophenoxy)acetic acid, Butyl ester",16,mlp,3,0,0.46870261675189256,0.5205590475153956,-0.05185643076350305,0
148,"(1R,4S,4aS,5S,8R,8aR)-rel-1,2,3,4,10,10-Hexachloro-1,4,4a,5,8,8a-hexahydro-1,4:5,8-dimethanonaphthalene",59,mlp,3,1,0.425456487859394,0.5205590475153956,-0.09510255965600162,0
154,"(1aR,2R,2aS,3S,6R,6aR,7S,7aS)-rel-3,4,5,6,9,9-Hexachloro-1a,2,2a,3,6,6a,7,7a-octahydro-2,7:3,6-dimethanonaphth[2,3-b]oxirene ",59,mlp,3,1,0.4262497905655908,0.5205590475153956,-0.0943092569498048,0
158,"alpha-(4-(1,1,3,3-Tetramethylbutyl)phenyl)-omega-hydroxypoly(oxy-1,2-ethanediyl)",428,mlp,3,0,0.3206638138603998,0.5205590475153956,-0.19989523365499579,0
173,Chlorbenside (Ref: ENT 20696),52,mlp,3,0,0.36746581067086764,0.5205590475153956,-0.15309323684452797,0
175,"Phosphorothioic acid, S-[2-(Ethylsulfinyl)ethyl] O,O-dimethyl ester",38,mlp,3,1,0.6596319615316215,0.5205590475153956,0.1390729140162259,1
176,"N'-(4-chlorophenyl)-N,N-dimethylurea",3,mlp,3,0,0.26879534025686247,0.5205590475153956,-0.25176370725853314,0
192,"6-Chloro-N,N'-diethyl-1,3,5-triazine-2,4-diamine",8,mlp,3,0,0.32336482310056286,0.5205590475153956,-0.19719422441483275,0
196,"6-Chloro-N2,N4-bis(1-methylethyl)-1,3,5-triazine-2,4-diamine",8,mlp,3,0,0.33807276623885874,0.5205590475153956,-0.18248628127653688,0
202,Methazole (Ref: VCS-438),421,mlp,3,0,0.4107661152652624,0.5205590475153956,-0.1097929322501332,0
211,"6-Methoxy-N2,N4-bis(1-methylethyl)-1,3,5-triazine-2,4-diamine",8,mlp,3,0,0.30189931696428973,0.5205590475153956,-0.21865973055110588,0
217,"N2-Ethyl-N4-(1-methylethyl)-6-(methylthio)-1,3,5-triazine-2,4-diamine",8,mlp,3,0,0.32718738519900287,0.5205590475153956,-0.19337166231639275,0
218,"6-Chloro-N-ethyl-N'-(1-methylethyl)-1,3,5-triazine-2,4-diamine",8,mlp,3,0,0.3298874563311371,0.5205590475153956,-0.19067159118425853,0
220,"N2,N4-Bis(1-methylethyl)-6-(methylthio)-1,3,5-triazine-2,4-diamine",8,mlp,3,0,0.33333733140086064,0.5205590475153956,-0.18722171611453498,0
226,Trietazine (Ref: G 27901),8,mlp,3,0,0.35710207322105336,0.5205590475153956,-0.16345697429434225,0
227,Vamidothion (Ref: ENT 26613),38,mlp,3,1,0.6267202906125255,0.5205590475153956,0.10616124309712993,1
230,"1,1a,3,3a,4,5,5,5a,5b,6-Decachlorooctahydro-1,3,4-metheno-2H-cyclobuta[cd]pentalen-2-one",121,mlp,3,1,0.5111545909852551,0.5205590475153956,-0.009404456530140548,0
238,"N-Cyclopropyl-1,3,5-triazine-2,4,6-triamine",415,mlp,3,0,0.19242644948840393,0.5205590475153956,-0.3281325980269917,0
239,Chloroxuron (Ref: C 1983),3,mlp,3,0,0.39646168619458266,0.5205590475153956,-0.12409736132081295,0
242,Methyl trithion,52,mlp,3,1,0.5936265178773527,0.5205590475153956,0.07306747036195704,1
252,Monolinuron (Ref: HOE 002747),3,mlp,3,0,0.2988590330495547,0.5205590475153956,-0.22170001446584092,0
257,Captafol (Ref: Ortho-5865),80,mlp,3,0,0.43436016713591025,0.5205590475153956,-0.08619888037948537,0
266,"Phosphorothioic acid, O,O-Diethyl O(4-methylsulfinyl)phenyl)ester",103,mlp,3,1,0.6312879801996989,0.5205590475153956,0.11072893268430328,1
268,Terbuthylazine,8,mlp,3,0,0.32406566300822354,0.5205590475153956,-0.19649338450717208,0
271,Quinoclamine,165,mlp,3,0,0.24301873681996583,0.5205590475153956,-0.2775403106954298,0
278,"3-Cyclohexyl-6-(dimethylamino)-1-methyl-1,3,5-triazine-2,4-(1H,3H)dione",407,mlp,3,0,0.266713494710327,0.5205590475153956,-0.2538455528050686,0
279,Chlorbromuron (Ref: C6313),3,mlp,3,0,0.36414524385767905,0.5205590475153956,-0.15641380365771657,0
284,"O,O-Dimethyl S-[2-(methylamino)-2-oxoethyl ester phosphorothioic acid",38,mlp,3,1,0.6053092950046821,0.5205590475153956,0.0847502474892865,1
285,"N,N-Dimethyl-N'-[3-(trifluoromethyl)phenyl]urea",3,mlp,3,0,0.3110077534308555,0.5205590475153956,-0.2095512940845401,0
286,Metobromuron (Ref: C 3216),3,mlp,3,0,0.30616114105932407,0.5205590475153956,-0.21439790645607154,0
287,"1,1-Dichloro-N-[(dimethylamino)sulfonyl]-1-fluoro-N-phenylmethanesulfenamide",158,mlp,3,0,0.4684340201985011,0.5205590475153956,-0.0521250273168945,0
290,(1-Methylethyl)phosphoramidic acid ethyl-3-methyl-4-(methylthio)phenyl ester,164,mlp,3,1,0.47121228863202574,0.5205590475153956,-0.04934675888336987,0
300,"Ethylphosphonodithioic acid, O-Ethyl S-phenyl ester",404,mlp,3,1,0.4444353763983312,0.5205590475153956,-0.07612367111706442,0
309,Looplure (Ref: ENT 33266),22,mlp,3,0,0.32413708733361224,0.5205590475153956,-0.19642196018178337,0
320,"S-[2-(Ethylsulfonyl)ethyl]O,O-dimethyl ester phosphorothioic acid",38,mlp,3,1,0.6514781871330827,0.5205590475153956,0.13091913961768709,1
321,Asulam (Ref: M&B 9057),397,mlp,3,0,0.23690083846735446,0.5205590475153956,-0.2836582090480412,0
323,Metoxuron (Ref: SAN 6915H),3,mlp,3,0,0.31275718120722285,0.5205590475153956,-0.20780186630817277,0
327,Monalide (Ref: SN 35830),3,mlp,3,0,0.34473320582497274,0.5205590475153956,-0.17582584169042287,0
332,"O,O-Dimethyl O-[2-(methylthio)ethyl]ester phosphorothioic acid mixt. with O,O-dimethyl S-[2-(methylthio)ethyl]phosphorothioate",38,mlp,3,1,0.6598154763633081,0.5205590475153956,0.13925642884791245,1
333,Cyanazine,8,mlp,3,0,0.3444875936353253,0.5205590475153956,-0.17607145388007034,0
341,"2aR,3S,4S,4aR,5S,7aS,8S,10R,10aS,10bR)-10-(Acetyloxy)octahydro-3,5-dihydroxy-4-methyl-8-[[(2E)-2-methyl-1-oxo-2-buten-1-yl]oxy]-4-[(1aR,2S,3aS,6aS,7S,7aS)-3a,6a,7,7a-tetrahydro-6a-hydroxy-7a-methyl-2,7-methanofuro[2,3-b]oxireno[e]oxepin-1a(2H)-yl]-1H,7H-naptho[1,8-bc:4,4a-c']difuran-5,10a(8H)-dicarboxylic acid 5-10a-dimethyl ester",135,mlp,3,1,0.2744252057067397,0.5205590475153956,-0.24613384180865588,0
348,Chlorotoluron (Ref: C 2242),3,mlp,3,0,0.2764310242097396,0.5205590475153956,-0.24412802330565603,0
349,8-dodecenol,22,mlp,3,1,0.27206274648069184,0.5205590475153956,-0.24849630103470377,0
353,Diflubenzuron (Ref: OMS 1804),3,mlp,3,1,0.41677207473335526,0.5205590475153956,-0.10378697278204035,0
354,"Benzoyl chloride, (2,4,6-Trichlorophenyl)hydrazone",391,mlp,3,1,0.44591637296854547,0.5205590475153956,-0.07464267454685014,0
356,Piperalin (Ref: HSDB 7058),390,mlp,3,0,0.42693597515196263,0.5205590475153956,-0.09362307236343298,0
363,Codlemone (Ref: BAS 2851),22,mlp,3,0,0.26219812002873844,0.5205590475153956,-0.2583609274866572,0
370,Dipropetryn (Ref: GC 16068),8,mlp,3,0,0.3493474174545006,0.5205590475153956,-0.17121163006089501,0
387,"5-Amino-1-[2,6-dichloro-4-(trifluoromethyl)phenyl]-4-[(trifluoromethyl)sulfinyl]-1H-pyrazole-3-carbonitrile",383,mlp,3,1,0.4506233825580577,0.5205590475153956,-0.06993566495733794,0
406,Procymidone (Ref: S 7131),78,mlp,3,0,0.31201964764244844,0.5205590475153956,-0.20853939987294717,0
412,Isoproturon (Ref: HOE 16410),3,mlp,3,0,0.26424488622833614,0.5205590475153956,-0.25631416128705947,0
414,Difenoxuron (Ref: C3470),3,mlp,3,0,0.36848751124230794,0.5205590475153956,-0.15207153627308767,0
416,Mefluidide (Ref: MBR 12325),378,mlp,3,0,0.40740049367190373,0.5205590475153956,-0.11315855384349188,0
417,(E)-dec-5-enyl acetate,22,mlp,3,0,0.3125761849613318,0.5205590475153956,-0.20798286255406379,0
419,O-(4-bromo-2-chlorophenyl) O-ethyl S-propyl ester phosphorothioic acid,154,mlp,3,1,0.5731548268885635,0.5205590475153956,0.05259577937316784,1
421,"beta-(4-Chlorophenoxy)-alpha-(1,1-dimethylethyl)-1H-1,2,4-triazole-1-ethanol",27,mlp,3,0,0.3933884883775092,0.5205590475153956,-0.12717055913788639,0
424,Bitertanol (Ref: KWG 0599),27,mlp,3,0,0.43104207175042575,0.5205590475153956,-0.08951697576496986,0
437,"1,1-Dichloro-N-[(dimethylamino)sulfonyl]-1-fluoro-N-(4-methylphenyl)methanesulfenamide",158,mlp,3,0,0.4721763386415256,0.5205590475153956,-0.04838270887387003,0
438,Climbazole (Ref: 106162),96,mlp,3,1,0.40173062377875873,0.5205590475153956,-0.11882842373663688,0
441,Diclobutrazol (Ref: PP296),27,mlp,3,1,0.43555144859344774,0.5205590475153956,-0.08500759892194787,0
443,Triclopyr-triethylammonium,372,mlp,3,0,0.1582517677613095,0.5205590475153956,-0.3623072797540861,0
448,Fluazifop-butyl (Ref: SL 236),13,mlp,3,0,0.5032120309482452,0.5205590475153956,-0.01734701656715043,0
450,Dimefuron (Ref: RP 23465),3,mlp,3,0,0.369852307579927,0.5205590475153956,-0.15070673993546863,0
451,Pencycuron (Ref: NTN 19701),3,mlp,3,0,0.4405814146234769,0.5205590475153956,-0.07997763289191873,0
456,Chlozolinate (Ref: M 8164),78,mlp,3,0,0.4556396752336756,0.5205590475153956,-0.06491937228172001,0
469,Dimethametryn (Ref: C 18898),8,mlp,3,0,0.34740814725687763,0.5205590475153956,-0.17315090025851798,0
473,5-decenol (Ref: BAS 287 1),22,mlp,3,0,0.24748241364518617,0.5205590475153956,-0.2730766338702094,0
483,Diniconazole (Ref: XE-779),27,mlp,3,0,0.4316448638371308,0.5205590475153956,-0.08891418367826481,0
490,Triflumizole (Ref: NF 114 ),364,mlp,3,0,0.4608326792023746,0.5205590475153956,-0.05972636831302103,0
511,"2-[(2-Chlorophenyl)methyl]-4,4-dimethyl-3-isoxazolidinone",129,mlp,3,0,0.2836361341530615,0.5205590475153956,-0.23692291336233412,0
522,Pyraclofos (Ref: OMS 3040),154,mlp,3,1,0.5673324582348737,0.5205590475153956,0.04677341071947805,1
544,Chlorantraniliprole (Ref: DPX E2Y45),63,mlp,3,1,0.5028495165709432,0.5205590475153956,-0.01770953094445238,0
547,"4,6-Dimethyl-N-phenyl-2-pyrimidinamine",77,mlp,3,0,0.2932130606822502,0.5205590475153956,-0.22734598683314539,0
550,"[3-(4,5-Dihydro-3-isoxazolyl)-2-methyl-4-(methylsulfonyl)phenyl](5-hydroxy-1-methyl-1H-pyrazol-4-yl)methanone",354,mlp,3,0,0.33891789951866835,0.5205590475153956,-0.18164114799672726,0
556,Propaquizafop (Ref: CGA 233380),13,mlp,3,0,0.49430612498025706,0.5205590475153956,-0.026252922535138556,0
567,Quizalofop-P-tefuryl (Ref: UBI C4874 ),13,mlp,3,0,0.46748040723487155,0.5205590475153956,-0.05307864028052406,0
580,"4-[2-[4-(1,1-Dimethylethyl)phenyl]ethoxy]quinazoline",348,mlp,3,1,0.39444155433682443,0.5205590475153956,-0.12611749317857118,0
597,"1,2,3-Benzothiadiazole-7-carbothioic acid S-methyl ester",341,mlp,3,0,0.33116152385111725,0.5205590475153956,-0.18939752366427837,0
606,Fluquinconazole (Ref: AE C597265),337,mlp,3,0,0.43185804824186796,0.5205590475153956,-0.08870099927352765,0
628,"3-Chloro-2-[[(5-ethoxy-7-fluoro[1,2,4]triazolo[1,5-c]pyrimidin-2-yl)sulfonyl]amino]benzoic acid, Methyl ester",147,mlp,3,0,0.4427259011546623,0.5205590475153956,-0.0778331463607333,0
632,Cyprodinil (Ref: CGA 219417),77,mlp,3,0,0.3228883511280367,0.5205590475153956,-0.1976706963873589,0
649,2-[2-Chloro-5-[4-chloro-5-(difluoromethoxy)-1-methyl-1H-pyrazol-3-yl]-4-fluorophenoxy]acetic acid ethyl ester,89,mlp,3,0,0.49794408021931447,0.5205590475153956,-0.022614967296081145,0
652,Fenhexamid (Ref: KBR 2738),328,mlp,3,0,0.38438969702687703,0.5205590475153956,-0.13616935048851858,0
681,Cafenstrole (Ref: CH 900),318,mlp,3,0,0.3987075919133206,0.5205590475153956,-0.121851455602075,0
685,Propoxycarbazone,33,mlp,3,0,0.3638912143899384,0.5205590475153956,-0.15666783312545723,0
686,"2-(4-Methoxy[1,1'-biphenyl]-3-yl)hydrazinecarboxylic acid, 1-Methylethyl ester",144,mlp,3,1,0.38077123841067895,0.5205590475153956,-0.13978780910471666,0
690,Fentrazamide (Ref: BAY YRC 2388),315,mlp,3,0,0.4306703618631993,0.5205590475153956,-0.08988868565219632,0
694,Flucarbazone,33,mlp,3,0,0.4505649086455189,0.5205590475153956,-0.06999413886987671,0
696,"2-[2-Chloro-4-fluoro-5-[5-methyl-6-oxo-4-(trifluoromethyl)-1(6H)-pyridazinyl]phenoxy]acetic acid, Ethyl ester",89,mlp,3,0,0.5126489133145917,0.5205590475153956,-0.007910134200803887,0
717,Profoxydim (Ref: BAS 625H),140,mlp,3,0,0.4435345038128842,0.5205590475153956,-0.07702454370251144,0
718,Picloram-tripromine,308,mlp,3,0,0.26310356799498624,0.5205590475153956,-0.25745547952040937,0
743,Haloxyfop-etotyl (Ref: DOWCO 453EE),13,mlp,3,0,0.5121191078735856,0.5205590475153956,-0.008439939641810001,0
756,"N-[2-(1,3-Dimethylbutyl)-3-thienyl]-1-methyl-3-(trifluoromethyl)-1H-pyrazole-4-carboxamide",303,mlp,3,0,0.46480690878317654,0.5205590475153956,-0.05575213873221907,0
767,3-Bromo-1-(3-chloro-2-pyridinyl)-N-[4-cyano-2-methyl-6-[(methylamino)carbonyl]phenyl]-1H-pyrazole-5-carboxamide,63,mlp,3,1,0.45849443881496316,0.5205590475153956,-0.062064608700432455,0
768,Iprobenfos,300,mlp,3,0,0.5866404863911713,0.5205590475153956,0.06608143887577567,1
769,Dihydroazadirachtin,135,mlp,3,0,0.27224649755077657,0.5205590475153956,-0.24831254996461904,0
801,Ametoctradin (Ref: BAS 650F),290,mlp,3,0,0.3866368979816233,0.5205590475153956,-0.1339221495337723,0
805,Cyclaniliprole (Ref: IKI-3106),63,mlp,3,1,0.6146043122072946,0.5205590475153956,0.094045264691899,1
807,Fluazaindolizine (Ref: DPX-Q8U80),288,mlp,3,0,0.4613855554200921,0.5205590475153956,-0.05917349209530354,0
808,Thiencarbazone-methyl (Ref: BYH 18636 ),33,mlp,3,0,0.3105458403384533,0.5205590475153956,-0.21001320717694233,0
813,Thiencarbazone,33,mlp,3,0,0.24969640254546122,0.5205590475153956,-0.2708626449699344,0
821,Isoflucypram (Ref: BCS-CN88460),282,mlp,3,0,0.48657264163710456,0.5205590475153956,-0.03398640587829105,0
827,Bixlozone (Ref: F9600),129,mlp,3,0,0.3271586031886684,0.5205590475153956,-0.1934004443267272,0
847,Cinnamaldehyde,274,mlp,3,0,0.21295868514861602,0.5205590475153956,-0.30760036236677957,0
854,"N,N'-[1,4-Piperazinediylbis(2,2,2-trichloroethylidene)]bis-formamide",271,mlp,3,0,0.401986309245947,0.5205590475153956,-0.11857273826944859,0
864,Garlic extract,264,mlp,3,0,0.20253829035041304,0.5205590475153956,-0.31802075716498257,0
866,"N,N,N',N'-Tetramethylthioperoxydicarbonic diamide ([(H2N)C(S)]2S2)",262,mlp,3,0,0.2372501127898096,0.5205590475153956,-0.28330893472558605,0
869,Captan (Ref: SR 406),80,mlp,3,0,0.32027191591611476,0.5205590475153956,-0.20028713159928085,0
881,"2-[4-(1,1-Dimethylethyl)phenoxy]cyclohexyl 2-propynyl ester sulfurous acid",259,mlp,3,0,0.39237142958820553,0.5205590475153956,-0.12818761792719008,0
883,Chlordane (Technical Grade),59,mlp,3,1,0.4608399013304115,0.5205590475153956,-0.059719146184984084,0
893,"1H-1,2,4-Triazol-3-amine",253,mlp,3,0,0.17876591277089024,0.5205590475153956,-0.34179313474450534,0
899,"Phosphorothioic acid O-(3-chloro-4-methyl-2-oxo-2H-1-benzopyran-7-yl) O,O-diethyl ester",123,mlp,3,1,0.5892721570832173,0.5205590475153956,0.06871310956782173,1
904,"S-[(4,6-Diamino-1,3,5-triazin-2-yl)methyl]O,O-dimethyl ester phosphorodithioic acid",52,mlp,3,1,0.5055442721838064,0.5205590475153956,-0.015014775331589236,0
913,"1,1a,2,2,3,3a,4,5,5,5a,5b,6-Dodecachlorooctahydro-1,3,4-metheno-1H-cyclobuta[cd]pentalene",121,mlp,3,1,0.561867104923905,0.5205590475153956,0.0413080574085094,1
917,Molinate (Ref: OMS 1373),243,mlp,3,1,0.207562977673348,0.5205590475153956,-0.31299606984204764,0
920,Silthiofam (Ref: MON 65500),241,mlp,3,0,0.31441155247878216,0.5205590475153956,-0.20614749503661345,0
921,"2-(2,4-Dichlorophenoxy)acetic acid, 2-Ethylhexyl ester",16,mlp,3,0,0.43416472415878676,0.5205590475153956,-0.08639432335660885,0
930,Camphechlor (Ref: Hercules 3956),235,mlp,3,1,0.4837723143456064,0.5205590475153956,-0.0367867331697892,0
935,Grandlure (Ref: SHA 112401),231,mlp,3,0,0.16838652191176118,0.5205590475153956,-0.35217252560363443,0
940,Vinclozolin (Ref: BAS 352F),78,mlp,3,0,0.39365768106487975,0.5205590475153956,-0.12690136645051586,0
945,2-Cyano-N-[(ethylamino)carbonyl]-2-(methoxyimino)acetamide,227,mlp,3,0,0.24903110195590536,0.5205590475153956,-0.2715279455594902,0
962,Pyroquilon (Ref: CGA 49104),218,mlp,3,0,0.20320608473841636,0.5205590475153956,-0.3173529627769792,0
963,alpha-(1-Methylethyl)-alpha-[4-(trifluoromethoxy)phenyl]-5-pyrimidinemethanol,217,mlp,3,0,0.4786854157184857,0.5205590475153956,-0.041873631796909894,0
973,Amisulbrom,210,mlp,3,0,0.4078537602770337,0.5205590475153956,-0.11270528723836193,0
982,Mepanipyrim (Ref: KUF 6201),77,mlp,3,0,0.2996470478461742,0.5205590475153956,-0.22091199966922143,0
988,Dinotefuran (Ref: MTI 446),202,mlp,3,1,0.2272842832691163,0.5205590475153956,-0.2932747642462793,0
998,"2-Chloro-5-[3,6-dihydro-3-methyl-2,6-dioxo-4-(trifluoromethyl)-1(2H)-pyrimidinyl]benzoic acid 1,1-dimethyl-2-oxo-2-(2-propenyloxy)ethyl ester",198,mlp,3,0,0.5205259925987553,0.5205590475153956,-3.305491664029603e-05,0
1002,"5-[[(2,6-Difluorophenyl)methoxy]methyl]-4,5-dihydro-5-methyl(3-methyl-2-thienyl)isoxazole",197,mlp,3,0,0.48010353478135326,0.5205590475153956,-0.040455512734042354,0
1006,Metyltetraprole (Ref: S-2367),111,mlp,3,0,0.4088324993238774,0.5205590475153956,-0.11172654819151823,0
1017,"N2-[(1R,2S)-2,3-Dihydro-2,6-dimethyl-1H-inden-1-yl]-6-(1-fluoroethyl)-1,3,5-triazine-2,4-diamine",189,mlp,3,0,0.3548361566069268,0.5205590475153956,-0.1657228909084688,0
1025,1-(3-Chloropyridin-2-yl)-N-[4-cyano-2-methyl-6-(methylcarbamoyl)phenyl]-3-{[5-(trifluoromethyl)-2H-tetrazol-2-yl]methyl}-1H-pyrazole-5-carboxamide,63,mlp,3,1,0.43388652898256475,0.5205590475153956,-0.08667251853283087,0
1028,Penflufen (Ref: BYF-14182),184,mlp,3,0,0.4216428095067001,0.5205590475153956,-0.09891623800869553,0
1029,"N-[6-[[[(Z)-[(1-Methyl-1H-tetrazol-5-yl)phenylmethylene]amino]oxy]methyl]-2-pyridinyl]-1,1-dimethylethyl ester carbamic acid",183,mlp,3,0,0.40761466150684716,0.5205590475153956,-0.11294438600854845,0
20,Neburon,3,rbf_matched,3,0,-0.6029280977488916,0.9301158312713812,-1.5330439290202729,0
29,"1,8-cineole",453,rbf_matched,3,0,-1.0369751634151565,0.9301158312713812,-1.9670909946865378,0
31,"N'-(3,4-Dichlorophenyl)-N-methoxy-N-methylurea",3,rbf_matched,3,0,-1.0393715259480427,0.9301158312713812,-1.9694873572194238,0
36,"2-[(Trichloromethyl)thio]-1H-isoindole-1,3(2H)dione",80,rbf_matched,3,0,-0.9924001533244429,0.9301158312713812,-1.9225159845958242,0
39,"N-(3,4-Dichlorophenyl)propanamide",42,rbf_matched,3,0,-0.9761748156100292,0.9301158312713812,-1.9062906468814105,0
42,"N'-(3,4-Dichlorophenyl)-N,N-dimethylurea",3,rbf_matched,3,0,-0.9504158716384425,0.9301158312713812,-1.8805317029098236,0
78,Trichlorfon (Ref: OMS 800),443,rbf_matched,3,1,-0.3451807418880789,0.9301158312713812,-1.27529657315946,0
87,As-(4-Aminophenyl)arsonic acid,439,rbf_matched,3,0,-1.5916555796467844,0.9301158312713812,-2.5217714109181655,0
92,Penconazole (Ref: CGA 71818),27,rbf_matched,3,1,-0.6693272356299123,0.9301158312713812,-1.5994430669012933,0
93,Dichlone (Ref: USR 604),165,rbf_matched,3,0,-1.0895975206088397,0.9301158312713812,-2.019713351880221,0
101,"1-(4-Chlorophenoxy)-3,3-dimethyl-1-(1H-1,2,4-triazol-1-yl)-2-butanone",27,rbf_matched,3,0,-0.8607361788746102,0.9301158312713812,-1.7908520101459913,0
125,[2-[[[1-(4-Chlorophenyl)-1H-pyrazol-3-yl]oxy]methyl]phenyl]methoxycarbamic acid methyl ester,111,rbf_matched,3,0,-0.399468852563,0.9301158312713812,-1.3295846838343812,0
145,"2-[(1,1-Dimethylethyl)imino]tetrahydro-3-(1-methylethyl)-5-phenyl-4H-1,3,5-thiadiazin-4-one",430,rbf_matched,3,0,0.11397004883747469,0.9301158312713812,-0.8161457824339065,0
146,"1,4,5,6,7,8,8-Heptachloro-3a,4,7,7a-tetrahydro-4,7-methano-1H-indene",59,rbf_matched,3,1,0.08956781931295582,0.9301158312713812,-0.8405480119584254,0
147,"2-(2,4,5-Trichlorophenoxy)acetic acid, Butyl ester",16,rbf_matched,3,0,-0.6732437099554317,0.9301158312713812,-1.603359541226813,0
148,"(1R,4S,4aS,5S,8R,8aR)-rel-1,2,3,4,10,10-Hexachloro-1,4,4a,5,8,8a-hexahydro-1,4:5,8-dimethanonaphthalene",59,rbf_matched,3,1,-0.0037972918016857538,0.9301158312713812,-0.933913123073067,0
154,"(1aR,2R,2aS,3S,6R,6aR,7S,7aS)-rel-3,4,5,6,9,9-Hexachloro-1a,2,2a,3,6,6a,7,7a-octahydro-2,7:3,6-dimethanonaphth[2,3-b]oxirene ",59,rbf_matched,3,1,-0.35032121837599894,0.9301158312713812,-1.28043704964738,0
158,"alpha-(4-(1,1,3,3-Tetramethylbutyl)phenyl)-omega-hydroxypoly(oxy-1,2-ethanediyl)",428,rbf_matched,3,0,-0.6060106604028106,0.9301158312713812,-1.536126491674192,0
173,Chlorbenside (Ref: ENT 20696),52,rbf_matched,3,0,-0.1324131917342667,0.9301158312713812,-1.0625290230056479,0
175,"Phosphorothioic acid, S-[2-(Ethylsulfinyl)ethyl] O,O-dimethyl ester",38,rbf_matched,3,1,1.8906848285497728,0.9301158312713812,0.9605689972783916,1
176,"N'-(4-chlorophenyl)-N,N-dimethylurea",3,rbf_matched,3,0,-1.0054786048142148,0.9301158312713812,-1.9355944360855961,0
192,"6-Chloro-N,N'-diethyl-1,3,5-triazine-2,4-diamine",8,rbf_matched,3,0,-1.4186621703505449,0.9301158312713812,-2.348778001621926,0
196,"6-Chloro-N2,N4-bis(1-methylethyl)-1,3,5-triazine-2,4-diamine",8,rbf_matched,3,0,-1.1857645954122948,0.9301158312713812,-2.115880426683676,0
202,Methazole (Ref: VCS-438),421,rbf_matched,3,0,-1.5377716476120242,0.9301158312713812,-2.4678874788834055,0
211,"6-Methoxy-N2,N4-bis(1-methylethyl)-1,3,5-triazine-2,4-diamine",8,rbf_matched,3,0,-1.1017928911167632,0.9301158312713812,-2.0319087223881445,0
217,"N2-Ethyl-N4-(1-methylethyl)-6-(methylthio)-1,3,5-triazine-2,4-diamine",8,rbf_matched,3,0,-0.9437693054055141,0.9301158312713812,-1.8738851366768952,0
218,"6-Chloro-N-ethyl-N'-(1-methylethyl)-1,3,5-triazine-2,4-diamine",8,rbf_matched,3,0,-1.3263267138909127,0.9301158312713812,-2.256442545162294,0
220,"N2,N4-Bis(1-methylethyl)-6-(methylthio)-1,3,5-triazine-2,4-diamine",8,rbf_matched,3,0,-0.7627391220434785,0.9301158312713812,-1.6928549533148596,0
226,Trietazine (Ref: G 27901),8,rbf_matched,3,0,-1.3472285422173942,0.9301158312713812,-2.2773443734887753,0
227,Vamidothion (Ref: ENT 26613),38,rbf_matched,3,1,1.664964793843952,0.9301158312713812,0.7348489625725708,1
230,"1,1a,3,3a,4,5,5,5a,5b,6-Decachlorooctahydro-1,3,4-metheno-2H-cyclobuta[cd]pentalen-2-one",121,rbf_matched,3,1,0.15533827053775978,0.9301158312713812,-0.7747775607336214,0
238,"N-Cyclopropyl-1,3,5-triazine-2,4,6-triamine",415,rbf_matched,3,0,-0.92759417860991,0.9301158312713812,-1.8577100098812913,0
239,Chloroxuron (Ref: C 1983),3,rbf_matched,3,0,-0.3921363553438111,0.9301158312713812,-1.3222521866151924,0
242,Methyl trithion,52,rbf_matched,3,1,2.037361376736561,0.9301158312713812,1.1072455454651795,1
252,Monolinuron (Ref: HOE 002747),3,rbf_matched,3,0,-1.0586135433618982,0.9301158312713812,-1.9887293746332793,0
257,Captafol (Ref: Ortho-5865),80,rbf_matched,3,0,-0.8269707104915975,0.9301158312713812,-1.7570865417629786,0
266,"Phosphorothioic acid, O,O-Diethyl O(4-methylsulfinyl)phenyl)ester",103,rbf_matched,3,1,1.7711263924841723,0.9301158312713812,0.841010561212791,1
268,Terbuthylazine,8,rbf_matched,3,0,-1.100031309110096,0.9301158312713812,-2.030147140381477,0
271,Quinoclamine,165,rbf_matched,3,0,-1.1011352351641392,0.9301158312713812,-2.0312510664355203,0
278,"3-Cyclohexyl-6-(dimethylamino)-1-methyl-1,3,5-triazine-2,4-(1H,3H)dione",407,rbf_matched,3,0,-1.1020153486425057,0.9301158312713812,-2.032131179913887,0
279,Chlorbromuron (Ref: C6313),3,rbf_matched,3,0,-0.9594242099802734,0.9301158312713812,-1.8895400412516548,0
284,"O,O-Dimethyl S-[2-(methylamino)-2-oxoethyl ester phosphorothioic acid",38,rbf_matched,3,1,1.4693106926675192,0.9301158312713812,0.539194861396138,1
285,"N,N-Dimethyl-N'-[3-(trifluoromethyl)phenyl]urea",3,rbf_matched,3,0,-1.2486019684400707,0.9301158312713812,-2.178717799711452,0
286,Metobromuron (Ref: C 3216),3,rbf_matched,3,0,-1.0343004174827943,0.9301158312713812,-1.9644162487541754,0
287,"1,1-Dichloro-N-[(dimethylamino)sulfonyl]-1-fluoro-N-phenylmethanesulfenamide",158,rbf_matched,3,0,-1.2241983707995066,0.9301158312713812,-2.154314202070888,0
290,(1-Methylethyl)phosphoramidic acid ethyl-3-methyl-4-(methylthio)phenyl ester,164,rbf_matched,3,1,0.4411158063851712,0.9301158312713812,-0.48900002488620997,0
300,"Ethylphosphonodithioic acid, O-Ethyl S-phenyl ester",404,rbf_matched,3,1,0.3756061031445565,0.9301158312713812,-0.5545097281268248,0
309,Looplure (Ref: ENT 33266),22,rbf_matched,3,0,-1.0356981378740686,0.9301158312713812,-1.96581396914545,0
320,"S-[2-(Ethylsulfonyl)ethyl]O,O-dimethyl ester phosphorothioic acid",38,rbf_matched,3,1,2.041152933797992,0.9301158312713812,1.1110371025266108,1
321,Asulam (Ref: M&B 9057),397,rbf_matched,3,0,-0.44028901127791054,0.9301158312713812,-1.3704048425492918,0
323,Metoxuron (Ref: SAN 6915H),3,rbf_matched,3,0,-0.9581840564847481,0.9301158312713812,-1.8882998877561294,0
327,Monalide (Ref: SN 35830),3,rbf_matched,3,0,-0.5668686184652383,0.9301158312713812,-1.4969844497366194,0
332,"O,O-Dimethyl O-[2-(methylthio)ethyl]ester phosphorothioic acid mixt. with O,O-dimethyl S-[2-(methylthio)ethyl]phosphorothioate",38,rbf_matched,3,1,1.7747188485093892,0.9301158312713812,0.844603017238008,1
333,Cyanazine,8,rbf_matched,3,0,-1.0151841003124538,0.9301158312713812,-1.9452999315838349,0
341,"2aR,3S,4S,4aR,5S,7aS,8S,10R,10aS,10bR)-10-(Acetyloxy)octahydro-3,5-dihydroxy-4-methyl-8-[[(2E)-2-methyl-1-oxo-2-buten-1-yl]oxy]-4-[(1aR,2S,3aS,6aS,7S,7aS)-3a,6a,7,7a-tetrahydro-6a-hydroxy-7a-methyl-2,7-methanofuro[2,3-b]oxireno[e]oxepin-1a(2H)-yl]-1H,7H-naptho[1,8-bc:4,4a-c']difuran-5,10a(8H)-dicarboxylic acid 5-10a-dimethyl ester",135,rbf_matched,3,1,-0.20374838160790032,0.9301158312713812,-1.1338642128792815,0
348,Chlorotoluron (Ref: C 2242),3,rbf_matched,3,0,-0.8978259248603571,0.9301158312713812,-1.8279417561317381,0
349,8-dodecenol,22,rbf_matched,3,1,-1.4426527560617197,0.9301158312713812,-2.372768587333101,0
353,Diflubenzuron (Ref: OMS 1804),3,rbf_matched,3,1,-1.3267039960045652,0.9301158312713812,-2.2568198272759465,0
354,"Benzoyl chloride, (2,4,6-Trichlorophenyl)hydrazone",391,rbf_matched,3,1,-0.17025450609133524,0.9301158312713812,-1.1003703373627165,0
356,Piperalin (Ref: HSDB 7058),390,rbf_matched,3,0,-0.3108586557675631,0.9301158312713812,-1.2409744870389443,0
363,Codlemone (Ref: BAS 2851),22,rbf_matched,3,0,-1.3742587976303973,0.9301158312713812,-2.3043746289017784,0
370,Dipropetryn (Ref: GC 16068),8,rbf_matched,3,0,-0.673997348268228,0.9301158312713812,-1.6041131795396093,0
387,"5-Amino-1-[2,6-dichloro-4-(trifluoromethyl)phenyl]-4-[(trifluoromethyl)sulfinyl]-1H-pyrazole-3-carbonitrile",383,rbf_matched,3,1,-1.4147702568877125,0.9301158312713812,-2.3448860881590936,0
406,Procymidone (Ref: S 7131),78,rbf_matched,3,0,-0.8300603696312234,0.9301158312713812,-1.7601762009026047,0
412,Isoproturon (Ref: HOE 16410),3,rbf_matched,3,0,-0.7073247199728772,0.9301158312713812,-1.6374405512442585,0
414,Difenoxuron (Ref: C3470),3,rbf_matched,3,0,-0.45073761814761804,0.9301158312713812,-1.3808534494189992,0
416,Mefluidide (Ref: MBR 12325),378,rbf_matched,3,0,-1.451287806389041,0.9301158312713812,-2.3814036376604224,0
417,(E)-dec-5-enyl acetate,22,rbf_matched,3,0,-1.0014298419880068,0.9301158312713812,-1.931545673259388,0
419,O-(4-bromo-2-chlorophenyl) O-ethyl S-propyl ester phosphorothioic acid,154,rbf_matched,3,1,1.8445303258365633,0.9301158312713812,0.9144144945651821,1
421,"beta-(4-Chlorophenoxy)-alpha-(1,1-dimethylethyl)-1H-1,2,4-triazole-1-ethanol",27,rbf_matched,3,0,-0.9749753549591571,0.9301158312713812,-1.9050911862305382,0
424,Bitertanol (Ref: KWG 0599),27,rbf_matched,3,0,-0.4719029784110481,0.9301158312713812,-1.4020188096824293,0
437,"1,1-Dichloro-N-[(dimethylamino)sulfonyl]-1-fluoro-N-(4-methylphenyl)methanesulfenamide",158,rbf_matched,3,0,-1.071092514879556,0.9301158312713812,-2.0012083461509373,0
438,Climbazole (Ref: 106162),96,rbf_matched,3,1,-0.6440358040843837,0.9301158312713812,-1.574151635355765,0
441,Diclobutrazol (Ref: PP296),27,rbf_matched,3,1,-0.8657732968795953,0.9301158312713812,-1.7958891281509763,0
443,Triclopyr-triethylammonium,372,rbf_matched,3,0,-1.4850878617889836,0.9301158312713812,-2.4152036930603646,0
448,Fluazifop-butyl (Ref: SL 236),13,rbf_matched,3,0,-0.42332704101162955,0.9301158312713812,-1.3534428722830107,0
450,Dimefuron (Ref: RP 23465),3,rbf_matched,3,0,-0.777875103410244,0.9301158312713812,-1.707990934681625,0
451,Pencycuron (Ref: NTN 19701),3,rbf_matched,3,0,0.18787129199314145,0.9301158312713812,-0.7422445392782397,0
456,Chlozolinate (Ref: M 8164),78,rbf_matched,3,0,-0.6137719602495496,0.9301158312713812,-1.5438877915209308,0
469,Dimethametryn (Ref: C 18898),8,rbf_matched,3,0,-0.6986002863786518,0.9301158312713812,-1.628716117650033,0
473,5-decenol (Ref: BAS 287 1),22,rbf_matched,3,0,-1.374043946192233,0.9301158312713812,-2.3041597774636142,0
483,Diniconazole (Ref: XE-779),27,rbf_matched,3,0,-0.707497911804752,0.9301158312713812,-1.637613743076133,0
490,Triflumizole (Ref: NF 114 ),364,rbf_matched,3,0,-0.708365723426348,0.9301158312713812,-1.6384815546977292,0
511,"2-[(2-Chlorophenyl)methyl]-4,4-dimethyl-3-isoxazolidinone",129,rbf_matched,3,0,-1.0305685886914049,0.9301158312713812,-1.960684419962786,0
522,Pyraclofos (Ref: OMS 3040),154,rbf_matched,3,1,1.6440794999624184,0.9301158312713812,0.7139636686910372,1
544,Chlorantraniliprole (Ref: DPX E2Y45),63,rbf_matched,3,1,-1.1422929966093123,0.9301158312713812,-2.0724088278806936,0
547,"4,6-Dimethyl-N-phenyl-2-pyrimidinamine",77,rbf_matched,3,0,-0.8274469745412352,0.9301158312713812,-1.7575628058126163,0
550,"[3-(4,5-Dihydro-3-isoxazolyl)-2-methyl-4-(methylsulfonyl)phenyl](5-hydroxy-1-methyl-1H-pyrazol-4-yl)methanone",354,rbf_matched,3,0,-0.7971223069294711,0.9301158312713812,-1.7272381382008524,0
556,Propaquizafop (Ref: CGA 233380),13,rbf_matched,3,0,-0.22762898665737075,0.9301158312713812,-1.157744817928752,0
567,Quizalofop-P-tefuryl (Ref: UBI C4874 ),13,rbf_matched,3,0,-0.24384139615334333,0.9301158312713812,-1.1739572274247245,0
580,"4-[2-[4-(1,1-Dimethylethyl)phenyl]ethoxy]quinazoline",348,rbf_matched,3,1,0.005348955244335235,0.9301158312713812,-0.924766876027046,0
597,"1,2,3-Benzothiadiazole-7-carbothioic acid S-methyl ester",341,rbf_matched,3,0,-0.7049967988259471,0.9301158312713812,-1.6351126300973284,0
606,Fluquinconazole (Ref: AE C597265),337,rbf_matched,3,0,-1.4257157065533241,0.9301158312713812,-2.3558315378247054,0
628,"3-Chloro-2-[[(5-ethoxy-7-fluoro[1,2,4]triazolo[1,5-c]pyrimidin-2-yl)sulfonyl]amino]benzoic acid, Methyl ester",147,rbf_matched,3,0,-1.7257433576302563,0.9301158312713812,-2.6558591889016374,0
632,Cyprodinil (Ref: CGA 219417),77,rbf_matched,3,0,-0.6076624638903878,0.9301158312713812,-1.5377782951617691,0
649,2-[2-Chloro-5-[4-chloro-5-(difluoromethoxy)-1-methyl-1H-pyrazol-3-yl]-4-fluorophenoxy]acetic acid ethyl ester,89,rbf_matched,3,0,-1.1460030803625116,0.9301158312713812,-2.076118911633893,0
652,Fenhexamid (Ref: KBR 2738),328,rbf_matched,3,0,-0.4598478133211188,0.9301158312713812,-1.3899636445925,0
681,Cafenstrole (Ref: CH 900),318,rbf_matched,3,0,-0.6096786900001538,0.9301158312713812,-1.539794521271535,0
685,Propoxycarbazone,33,rbf_matched,3,0,-1.093406305167209,0.9301158312713812,-2.02352213643859,0
686,"2-(4-Methoxy[1,1'-biphenyl]-3-yl)hydrazinecarboxylic acid, 1-Methylethyl ester",144,rbf_matched,3,1,-0.5214493666222957,0.9301158312713812,-1.451565197893677,0
690,Fentrazamide (Ref: BAY YRC 2388),315,rbf_matched,3,0,-0.7623105116827046,0.9301158312713812,-1.6924263429540858,0
694,Flucarbazone,33,rbf_matched,3,0,-1.7888451809984167,0.9301158312713812,-2.718961012269798,0
696,"2-[2-Chloro-4-fluoro-5-[5-methyl-6-oxo-4-(trifluoromethyl)-1(6H)-pyridazinyl]phenoxy]acetic acid, Ethyl ester",89,rbf_matched,3,0,-1.367662849133552,0.9301158312713812,-2.2977786804049334,0
717,Profoxydim (Ref: BAS 625H),140,rbf_matched,3,0,0.23676068811715506,0.9301158312713812,-0.6933551431542262,0
718,Picloram-tripromine,308,rbf_matched,3,0,-1.6525683163626068,0.9301158312713812,-2.582684147633988,0
743,Haloxyfop-etotyl (Ref: DOWCO 453EE),13,rbf_matched,3,0,-0.6509339994604948,0.9301158312713812,-1.5810498307318759,0
756,"N-[2-(1,3-Dimethylbutyl)-3-thienyl]-1-methyl-3-(trifluoromethyl)-1H-pyrazole-4-carboxamide",303,rbf_matched,3,0,-0.5280771281318102,0.9301158312713812,-1.4581929594031915,0
767,3-Bromo-1-(3-chloro-2-pyridinyl)-N-[4-cyano-2-methyl-6-[(methylamino)carbonyl]phenyl]-1H-pyrazole-5-carboxamide,63,rbf_matched,3,1,-1.2362363267222365,0.9301158312713812,-2.1663521579936176,0
768,Iprobenfos,300,rbf_matched,3,0,1.8179132962680167,0.9301158312713812,0.8877974649966355,1
769,Dihydroazadirachtin,135,rbf_matched,3,0,-0.23256689848308376,0.9301158312713812,-1.162682729754465,0
801,Ametoctradin (Ref: BAS 650F),290,rbf_matched,3,0,-0.986086212455209,0.9301158312713812,-1.91620204372659,0
805,Cyclaniliprole (Ref: IKI-3106),63,rbf_matched,3,1,-0.46072057458641225,0.9301158312713812,-1.3908364058577933,0
807,Fluazaindolizine (Ref: DPX-Q8U80),288,rbf_matched,3,0,-1.6393959793529618,0.9301158312713812,-2.569511810624343,0
808,Thiencarbazone-methyl (Ref: BYH 18636 ),33,rbf_matched,3,0,-0.5206673627234595,0.9301158312713812,-1.4507831939948406,0
813,Thiencarbazone,33,rbf_matched,3,0,-0.19434042934295692,0.9301158312713812,-1.124456260614338,0
821,Isoflucypram (Ref: BCS-CN88460),282,rbf_matched,3,0,-0.2979960083831559,0.9301158312713812,-1.2281118396545372,0
827,Bixlozone (Ref: F9600),129,rbf_matched,3,0,-0.9352174578084307,0.9301158312713812,-1.8653332890798118,0
847,Cinnamaldehyde,274,rbf_matched,3,0,-1.2540458260481662,0.9301158312713812,-2.1841616573195473,0
854,"N,N'-[1,4-Piperazinediylbis(2,2,2-trichloroethylidene)]bis-formamide",271,rbf_matched,3,0,-1.900729289201197,0.9301158312713812,-2.830845120472578,0
864,Garlic extract,264,rbf_matched,3,0,-1.3002855210357207,0.9301158312713812,-2.230401352307102,0
866,"N,N,N',N'-Tetramethylthioperoxydicarbonic diamide ([(H2N)C(S)]2S2)",262,rbf_matched,3,0,0.28492139743544215,0.9301158312713812,-0.645194433835939,0
869,Captan (Ref: SR 406),80,rbf_matched,3,0,-0.9380687176042568,0.9301158312713812,-1.8681845488756381,0
881,"2-[4-(1,1-Dimethylethyl)phenoxy]cyclohexyl 2-propynyl ester sulfurous acid",259,rbf_matched,3,0,-0.20703001752224043,0.9301158312713812,-1.1371458487936217,0
883,Chlordane (Technical Grade),59,rbf_matched,3,1,0.43195874700360054,0.9301158312713812,-0.49815708426778066,0
893,"1H-1,2,4-Triazol-3-amine",253,rbf_matched,3,0,-0.7232143297102204,0.9301158312713812,-1.6533301609816016,0
899,"Phosphorothioic acid O-(3-chloro-4-methyl-2-oxo-2H-1-benzopyran-7-yl) O,O-diethyl ester",123,rbf_matched,3,1,1.8354750180565285,0.9301158312713812,0.9053591867851473,1
904,"S-[(4,6-Diamino-1,3,5-triazin-2-yl)methyl]O,O-dimethyl ester phosphorodithioic acid",52,rbf_matched,3,1,1.8624047872597236,0.9301158312713812,0.9322889559883424,1
913,"1,1a,2,2,3,3a,4,5,5,5a,5b,6-Dodecachlorooctahydro-1,3,4-metheno-1H-cyclobuta[cd]pentalene",121,rbf_matched,3,1,1.4002678219477624,0.9301158312713812,0.47015199067638125,1
917,Molinate (Ref: OMS 1373),243,rbf_matched,3,1,-0.5386110437011981,0.9301158312713812,-1.4687268749725793,0
920,Silthiofam (Ref: MON 65500),241,rbf_matched,3,0,-0.7330834361654135,0.9301158312713812,-1.6631992674367946,0
921,"2-(2,4-Dichlorophenoxy)acetic acid, 2-Ethylhexyl ester",16,rbf_matched,3,0,-0.2734503786035889,0.9301158312713812,-1.2035662098749702,0
930,Camphechlor (Ref: Hercules 3956),235,rbf_matched,3,1,0.3252736253613129,0.9301158312713812,-0.6048422059100683,0
935,Grandlure (Ref: SHA 112401),231,rbf_matched,3,0,-0.9374547968381355,0.9301158312713812,-1.8675706281095166,0
940,Vinclozolin (Ref: BAS 352F),78,rbf_matched,3,0,-0.6847932116859001,0.9301158312713812,-1.6149090429572812,0
945,2-Cyano-N-[(ethylamino)carbonyl]-2-(methoxyimino)acetamide,227,rbf_matched,3,0,-0.3200469248260781,0.9301158312713812,-1.2501627560974593,0
962,Pyroquilon (Ref: CGA 49104),218,rbf_matched,3,0,-1.0522158766287468,0.9301158312713812,-1.9823317079001281,0
963,alpha-(1-Methylethyl)-alpha-[4-(trifluoromethoxy)phenyl]-5-pyrimidinemethanol,217,rbf_matched,3,0,-1.3039944547625815,0.9301158312713812,-2.2341102860339626,0
973,Amisulbrom,210,rbf_matched,3,0,-1.6517793243808692,0.9301158312713812,-2.5818951556522505,0
982,Mepanipyrim (Ref: KUF 6201),77,rbf_matched,3,0,-0.7349103875270239,0.9301158312713812,-1.665026218798405,0
988,Dinotefuran (Ref: MTI 446),202,rbf_matched,3,1,-0.8656038078880675,0.9301158312713812,-1.7957196391594485,0
998,"2-Chloro-5-[3,6-dihydro-3-methyl-2,6-dioxo-4-(trifluoromethyl)-1(2H)-pyrimidinyl]benzoic acid 1,1-dimethyl-2-oxo-2-(2-propenyloxy)ethyl ester",198,rbf_matched,3,0,-1.2458805883398048,0.9301158312713812,-2.175996419611186,0
1002,"5-[[(2,6-Difluorophenyl)methoxy]methyl]-4,5-dihydro-5-methyl(3-methyl-2-thienyl)isoxazole",197,rbf_matched,3,0,-0.393365076721118,0.9301158312713812,-1.3234809079924992,0
1006,Metyltetraprole (Ref: S-2367),111,rbf_matched,3,0,-1.3729966643747382,0.9301158312713812,-2.3031124956461193,0
1017,"N2-[(1R,2S)-2,3-Dihydro-2,6-dimethyl-1H-inden-1-yl]-6-(1-fluoroethyl)-1,3,5-triazine-2,4-diamine",189,rbf_matched,3,0,-0.8628356087989919,0.9301158312713812,-1.792951440070373,0
1025,1-(3-Chloropyridin-2-yl)-N-[4-cyano-2-methyl-6-(methylcarbamoyl)phenyl]-3-{[5-(trifluoromethyl)-2H-tetrazol-2-yl]methyl}-1H-pyrazole-5-carboxamide,63,rbf_matched,3,1,-2.297465847364265,0.9301158312713812,-3.227581678635646,0
1028,Penflufen (Ref: BYF-14182),184,rbf_matched,3,0,-0.47760223744383923,0.9301158312713812,-1.4077180687152204,0
1029,"N-[6-[[[(Z)-[(1-Methyl-1H-tetrazol-5-yl)phenylmethylene]amino]oxy]methyl]-2-pyridinyl]-1,1-dimethylethyl ester carbamic acid",183,rbf_matched,3,0,-0.8401917177665243,0.9301158312713812,-1.7703075490379057,0
20,Neburon,3,quantum_angle_product,3,0,-0.7726747981763591,0.5061772608875286,-1.2788520590638877,0
29,"1,8-cineole",453,quantum_angle_product,3,0,-0.8936725313361444,0.5061772608875286,-1.399849792223673,0
31,"N'-(3,4-Dichlorophenyl)-N-methoxy-N-methylurea",3,quantum_angle_product,3,0,-0.9777339533547882,0.5061772608875286,-1.4839112142423168,0
36,"2-[(Trichloromethyl)thio]-1H-isoindole-1,3(2H)dione",80,quantum_angle_product,3,0,-0.78459204033794,0.5061772608875286,-1.2907693012254686,0
39,"N-(3,4-Dichlorophenyl)propanamide",42,quantum_angle_product,3,0,-1.001407836469729,0.5061772608875286,-1.5075850973572575,0
42,"N'-(3,4-Dichlorophenyl)-N,N-dimethylurea",3,quantum_angle_product,3,0,-0.9141450458061269,0.5061772608875286,-1.4203223066936554,0
78,Trichlorfon (Ref: OMS 800),443,quantum_angle_product,3,1,-0.35499417511119535,0.5061772608875286,-0.8611714359987239,0
87,As-(4-Aminophenyl)arsonic acid,439,quantum_angle_product,3,0,-1.6049193747847061,0.5061772608875286,-2.1110966356722347,0
92,Penconazole (Ref: CGA 71818),27,quantum_angle_product,3,1,-0.8778807000939741,0.5061772608875286,-1.3840579609815027,0
93,Dichlone (Ref: USR 604),165,quantum_angle_product,3,0,-0.9387220794512556,0.5061772608875286,-1.4448993403387842,0
101,"1-(4-Chlorophenoxy)-3,3-dimethyl-1-(1H-1,2,4-triazol-1-yl)-2-butanone",27,quantum_angle_product,3,0,-0.8985299200281913,0.5061772608875286,-1.4047071809157199,0
125,[2-[[[1-(4-Chlorophenyl)-1H-pyrazol-3-yl]oxy]methyl]phenyl]methoxycarbamic acid methyl ester,111,quantum_angle_product,3,0,-0.42176476602603463,0.5061772608875286,-0.9279420269135632,0
145,"2-[(1,1-Dimethylethyl)imino]tetrahydro-3-(1-methylethyl)-5-phenyl-4H-1,3,5-thiadiazin-4-one",430,quantum_angle_product,3,0,-0.22666490854630572,0.5061772608875286,-0.7328421694338343,0
146,"1,4,5,6,7,8,8-Heptachloro-3a,4,7,7a-tetrahydro-4,7-methano-1H-indene",59,quantum_angle_product,3,1,-0.31630308023619724,0.5061772608875286,-0.8224803411237258,0
147,"2-(2,4,5-Trichlorophenoxy)acetic acid, Butyl ester",16,quantum_angle_product,3,0,-0.7382937652205221,0.5061772608875286,-1.2444710261080507,0
148,"(1R,4S,4aS,5S,8R,8aR)-rel-1,2,3,4,10,10-Hexachloro-1,4,4a,5,8,8a-hexahydro-1,4:5,8-dimethanonaphthalene",59,quantum_angle_product,3,1,-0.35137881591936937,0.5061772608875286,-0.8575560768068979,0
154,"(1aR,2R,2aS,3S,6R,6aR,7S,7aS)-rel-3,4,5,6,9,9-Hexachloro-1a,2,2a,3,6,6a,7,7a-octahydro-2,7:3,6-dimethanonaphth[2,3-b]oxirene ",59,quantum_angle_product,3,1,-0.4731339340184846,0.5061772608875286,-0.9793111949060131,0
158,"alpha-(4-(1,1,3,3-Tetramethylbutyl)phenyl)-omega-hydroxypoly(oxy-1,2-ethanediyl)",428,quantum_angle_product,3,0,-0.8503160993086869,0.5061772608875286,-1.3564933601962155,0
173,Chlorbenside (Ref: ENT 20696),52,quantum_angle_product,3,0,-0.6994690023964107,0.5061772608875286,-1.2056462632839393,0
175,"Phosphorothioic acid, S-[2-(Ethylsulfinyl)ethyl] O,O-dimethyl ester",38,quantum_angle_product,3,1,1.4236395723278674,0.5061772608875286,0.9174623114403389,1
176,"N'-(4-chlorophenyl)-N,N-dimethylurea",3,quantum_angle_product,3,0,-0.9803933083721104,0.5061772608875286,-1.486570569259639,0
192,"6-Chloro-N,N'-diethyl-1,3,5-triazine-2,4-diamine",8,quantum_angle_product,3,0,-1.3540675467291639,0.5061772608875286,-1.8602448076166924,0
196,"6-Chloro-N2,N4-bis(1-methylethyl)-1,3,5-triazine-2,4-diamine",8,quantum_angle_product,3,0,-1.1586754214421764,0.5061772608875286,-1.664852682329705,0
202,Methazole (Ref: VCS-438),421,quantum_angle_product,3,0,-1.2711111692268373,0.5061772608875286,-1.7772884301143659,0
211,"6-Methoxy-N2,N4-bis(1-methylethyl)-1,3,5-triazine-2,4-diamine",8,quantum_angle_product,3,0,-1.1307171718000721,0.5061772608875286,-1.6368944326876007,0
217,"N2-Ethyl-N4-(1-methylethyl)-6-(methylthio)-1,3,5-triazine-2,4-diamine",8,quantum_angle_product,3,0,-1.0824399148956072,0.5061772608875286,-1.5886171757831358,0
218,"6-Chloro-N-ethyl-N'-(1-methylethyl)-1,3,5-triazine-2,4-diamine",8,quantum_angle_product,3,0,-1.274964832629351,0.5061772608875286,-1.7811420935168796,0
220,"N2,N4-Bis(1-methylethyl)-6-(methylthio)-1,3,5-triazine-2,4-diamine",8,quantum_angle_product,3,0,-0.9301753586509629,0.5061772608875286,-1.4363526195384915,0
226,Trietazine (Ref: G 27901),8,quantum_angle_product,3,0,-1.260682585801181,0.5061772608875286,-1.7668598466887095,0
227,Vamidothion (Ref: ENT 26613),38,quantum_angle_product,3,1,1.2173680626463672,0.5061772608875286,0.7111908017588386,1
230,"1,1a,3,3a,4,5,5,5a,5b,6-Decachlorooctahydro-1,3,4-metheno-2H-cyclobuta[cd]pentalen-2-one",121,quantum_angle_product,3,1,-0.04414791904079074,0.5061772608875286,-0.5503251799283193,0
238,"N-Cyclopropyl-1,3,5-triazine-2,4,6-triamine",415,quantum_angle_product,3,0,-1.1129428434626,0.5061772608875286,-1.6191201043501287,0
239,Chloroxuron (Ref: C 1983),3,quantum_angle_product,3,0,-0.6039846608698607,0.5061772608875286,-1.1101619217573893,0
242,Methyl trithion,52,quantum_angle_product,3,1,1.6289738050671616,0.5061772608875286,1.122796544179633,1
252,Monolinuron (Ref: HOE 002747),3,quantum_angle_product,3,0,-1.026723834090364,0.5061772608875286,-1.5329010949778925,0
257,Captafol (Ref: Ortho-5865),80,quantum_angle_product,3,0,-0.6673528632196009,0.5061772608875286,-1.1735301241071294,0
266,"Phosphorothioic acid, O,O-Diethyl O(4-methylsulfinyl)phenyl)ester",103,quantum_angle_product,3,1,1.3891230069369338,0.5061772608875286,0.8829457460494052,1
268,Terbuthylazine,8,quantum_angle_product,3,0,-1.0809115306532258,0.5061772608875286,-1.5870887915407543,0
271,Quinoclamine,165,quantum_angle_product,3,0,-1.052147000971067,0.5061772608875286,-1.5583242618585955,0
278,"3-Cyclohexyl-6-(dimethylamino)-1-methyl-1,3,5-triazine-2,4-(1H,3H)dione",407,quantum_angle_product,3,0,-1.0242246584073547,0.5061772608875286,-1.5304019192948832,0
279,Chlorbromuron (Ref: C6313),3,quantum_angle_product,3,0,-0.8749237948168975,0.5061772608875286,-1.381101055704426,0
284,"O,O-Dimethyl S-[2-(methylamino)-2-oxoethyl ester phosphorothioic acid",38,quantum_angle_product,3,1,1.0366222546301982,0.5061772608875286,0.5304449937426696,1
285,"N,N-Dimethyl-N'-[3-(trifluoromethyl)phenyl]urea",3,quantum_angle_product,3,0,-1.147759775228403,0.5061772608875286,-1.6539370361159316,0
286,Metobromuron (Ref: C 3216),3,quantum_angle_product,3,0,-0.9674143244601789,0.5061772608875286,-1.4735915853477075,0
287,"1,1-Dichloro-N-[(dimethylamino)sulfonyl]-1-fluoro-N-phenylmethanesulfenamide",158,quantum_angle_product,3,0,-1.0460911128063106,0.5061772608875286,-1.5522683736938392,0
290,(1-Methylethyl)phosphoramidic acid ethyl-3-methyl-4-(methylthio)phenyl ester,164,quantum_angle_product,3,1,-0.012195968572950022,0.5061772608875286,-0.5183732294604786,0
300,"Ethylphosphonodithioic acid, O-Ethyl S-phenyl ester",404,quantum_angle_product,3,1,-0.0036797995686925766,0.5061772608875286,-0.5098570604562211,0
309,Looplure (Ref: ENT 33266),22,quantum_angle_product,3,0,-1.0358470021700437,0.5061772608875286,-1.5420242630575722,0
320,"S-[2-(Ethylsulfonyl)ethyl]O,O-dimethyl ester phosphorothioic acid",38,quantum_angle_product,3,1,1.4881259889114138,0.5061772608875286,0.9819487280238852,1
321,Asulam (Ref: M&B 9057),397,quantum_angle_product,3,0,-0.6967897832736103,0.5061772608875286,-1.2029670441611389,0
323,Metoxuron (Ref: SAN 6915H),3,quantum_angle_product,3,0,-0.9281106117641449,0.5061772608875286,-1.4342878726516735,0
327,Monalide (Ref: SN 35830),3,quantum_angle_product,3,0,-0.80908091638541,0.5061772608875286,-1.3152581772729386,0
332,"O,O-Dimethyl O-[2-(methylthio)ethyl]ester phosphorothioic acid mixt. with O,O-dimethyl S-[2-(methylthio)ethyl]phosphorothioate",38,quantum_angle_product,3,1,1.341113642733335,0.5061772608875286,0.8349363818458064,1
333,Cyanazine,8,quantum_angle_product,3,0,-1.0374891455781543,0.5061772608875286,-1.5436664064656829,0
341,"2aR,3S,4S,4aR,5S,7aS,8S,10R,10aS,10bR)-10-(Acetyloxy)octahydro-3,5-dihydroxy-4-methyl-8-[[(2E)-2-methyl-1-oxo-2-buten-1-yl]oxy]-4-[(1aR,2S,3aS,6aS,7S,7aS)-3a,6a,7,7a-tetrahydro-6a-hydroxy-7a-methyl-2,7-methanofuro[2,3-b]oxireno[e]oxepin-1a(2H)-yl]-1H,7H-naptho[1,8-bc:4,4a-c']difuran-5,10a(8H)-dicarboxylic acid 5-10a-dimethyl ester",135,quantum_angle_product,3,1,-0.02921693527980329,0.5061772608875286,-0.5353941961673319,0
348,Chlorotoluron (Ref: C 2242),3,quantum_angle_product,3,0,-0.9033486020234536,0.5061772608875286,-1.4095258629109821,0
349,8-dodecenol,22,quantum_angle_product,3,1,-1.374861542419048,0.5061772608875286,-1.8810388033065766,0
353,Diflubenzuron (Ref: OMS 1804),3,quantum_angle_product,3,1,-1.1625491388013507,0.5061772608875286,-1.6687263996888793,0
354,"Benzoyl chloride, (2,4,6-Trichlorophenyl)hydrazone",391,quantum_angle_product,3,1,-0.6086117527024824,0.5061772608875286,-1.114789013590011,0
356,Piperalin (Ref: HSDB 7058),390,quantum_angle_product,3,0,-0.5257114601250592,0.5061772608875286,-1.0318887210125878,0
363,Codlemone (Ref: BAS 2851),22,quantum_angle_product,3,0,-1.322976998716157,0.5061772608875286,-1.8291542596036856,0
370,Dipropetryn (Ref: GC 16068),8,quantum_angle_product,3,0,-0.8564078798270307,0.5061772608875286,-1.3625851407145593,0
387,"5-Amino-1-[2,6-dichloro-4-(trifluoromethyl)phenyl]-4-[(trifluoromethyl)sulfinyl]-1H-pyrazole-3-carbonitrile",383,quantum_angle_product,3,1,-0.7646873854771084,0.5061772608875286,-1.270864646364637,0
406,Procymidone (Ref: S 7131),78,quantum_angle_product,3,0,-0.7885616363283856,0.5061772608875286,-1.2947388972159142,0
412,Isoproturon (Ref: HOE 16410),3,quantum_angle_product,3,0,-0.8237623936011138,0.5061772608875286,-1.3299396544886424,0
414,Difenoxuron (Ref: C3470),3,quantum_angle_product,3,0,-0.6432249925011013,0.5061772608875286,-1.14940225338863,0
416,Mefluidide (Ref: MBR 12325),378,quantum_angle_product,3,0,-1.2212706335685501,0.5061772608875286,-1.7274478944560787,0
417,(E)-dec-5-enyl acetate,22,quantum_angle_product,3,0,-0.9997238044696526,0.5061772608875286,-1.5059010653571812,0
419,O-(4-bromo-2-chlorophenyl) O-ethyl S-propyl ester phosphorothioic acid,154,quantum_angle_product,3,1,1.5502308595547971,0.5061772608875286,1.0440535986672685,1
421,"beta-(4-Chlorophenoxy)-alpha-(1,1-dimethylethyl)-1H-1,2,4-triazole-1-ethanol",27,quantum_angle_product,3,0,-0.9647738712516589,0.5061772608875286,-1.4709511321391875,0
424,Bitertanol (Ref: KWG 0599),27,quantum_angle_product,3,0,-0.6692047878363883,0.5061772608875286,-1.1753820487239168,0
437,"1,1-Dichloro-N-[(dimethylamino)sulfonyl]-1-fluoro-N-(4-methylphenyl)methanesulfenamide",158,quantum_angle_product,3,0,-0.9426375514968504,0.5061772608875286,-1.448814812384379,0
438,Climbazole (Ref: 106162),96,quantum_angle_product,3,1,-0.8152713848750435,0.5061772608875286,-1.321448645762572,0
441,Diclobutrazol (Ref: PP296),27,quantum_angle_product,3,1,-0.9405530977576633,0.5061772608875286,-1.4467303586451918,0
443,Triclopyr-triethylammonium,372,quantum_angle_product,3,0,-1.311094000081598,0.5061772608875286,-1.8172712609691266,0
448,Fluazifop-butyl (Ref: SL 236),13,quantum_angle_product,3,0,-0.5360856173007846,0.5061772608875286,-1.0422628781883132,0
450,Dimefuron (Ref: RP 23465),3,quantum_angle_product,3,0,-0.7389211180130464,0.5061772608875286,-1.245098378900575,0
451,Pencycuron (Ref: NTN 19701),3,quantum_angle_product,3,0,-0.3254387998450503,0.5061772608875286,-0.8316160607325789,0
456,Chlozolinate (Ref: M 8164),78,quantum_angle_product,3,0,-0.569385446720744,0.5061772608875286,-1.0755627076082726,0
469,Dimethametryn (Ref: C 18898),8,quantum_angle_product,3,0,-0.8633514139251726,0.5061772608875286,-1.3695286748127011,0
473,5-decenol (Ref: BAS 287 1),22,quantum_angle_product,3,0,-1.3159884468209024,0.5061772608875286,-1.822165707708431,0
483,Diniconazole (Ref: XE-779),27,quantum_angle_product,3,0,-0.7882832732292719,0.5061772608875286,-1.2944605341168005,0
490,Triflumizole (Ref: NF 114 ),364,quantum_angle_product,3,0,-0.847309734047462,0.5061772608875286,-1.3534869949349906,0
511,"2-[(2-Chlorophenyl)methyl]-4,4-dimethyl-3-isoxazolidinone",129,quantum_angle_product,3,0,-0.9815747605540164,0.5061772608875286,-1.487752021441545,0
522,Pyraclofos (Ref: OMS 3040),154,quantum_angle_product,3,1,1.3801127746752302,0.5061772608875286,0.8739355137877016,1
544,Chlorantraniliprole (Ref: DPX E2Y45),63,quantum_angle_product,3,1,-0.7011712428204886,0.5061772608875286,-1.2073485037080172,0
547,"4,6-Dimethyl-N-phenyl-2-pyrimidinamine",77,quantum_angle_product,3,0,-0.9766433328188322,0.5061772608875286,-1.4828205937063608,0
550,"[3-(4,5-Dihydro-3-isoxazolyl)-2-methyl-4-(methylsulfonyl)phenyl](5-hydroxy-1-methyl-1H-pyrazol-4-yl)methanone",354,quantum_angle_product,3,0,-0.7840073438087898,0.5061772608875286,-1.2901846046963183,0
556,Propaquizafop (Ref: CGA 233380),13,quantum_angle_product,3,0,-0.2695591240697488,0.5061772608875286,-0.7757363849572774,0
567,Quizalofop-P-tefuryl (Ref: UBI C4874 ),13,quantum_angle_product,3,0,-0.2971459068610862,0.5061772608875286,-0.8033231677486148,0
580,"4-[2-[4-(1,1-Dimethylethyl)phenyl]ethoxy]quinazoline",348,quantum_angle_product,3,1,-0.4292354733220334,0.5061772608875286,-0.935412734209562,0
597,"1,2,3-Benzothiadiazole-7-carbothioic acid S-methyl ester",341,quantum_angle_product,3,0,-0.7512248798537122,0.5061772608875286,-1.2574021407412408,0
606,Fluquinconazole (Ref: AE C597265),337,quantum_angle_product,3,0,-1.038771175264917,0.5061772608875286,-1.5449484361524455,0
628,"3-Chloro-2-[[(5-ethoxy-7-fluoro[1,2,4]triazolo[1,5-c]pyrimidin-2-yl)sulfonyl]amino]benzoic acid, Methyl ester",147,quantum_angle_product,3,0,-1.2755576078285755,0.5061772608875286,-1.781734868716104,0
632,Cyprodinil (Ref: CGA 219417),77,quantum_angle_product,3,0,-0.840510778886526,0.5061772608875286,-1.3466880397740546,0
649,2-[2-Chloro-5-[4-chloro-5-(difluoromethoxy)-1-methyl-1H-pyrazol-3-yl]-4-fluorophenoxy]acetic acid ethyl ester,89,quantum_angle_product,3,0,-0.8491452317146599,0.5061772608875286,-1.3553224926021885,0
652,Fenhexamid (Ref: KBR 2738),328,quantum_angle_product,3,0,-0.6152826607944557,0.5061772608875286,-1.1214599216819843,0
681,Cafenstrole (Ref: CH 900),318,quantum_angle_product,3,0,-0.6776471802457773,0.5061772608875286,-1.1838244411333059,0
685,Propoxycarbazone,33,quantum_angle_product,3,0,-1.1256218246570726,0.5061772608875286,-1.6317990855446012,0
686,"2-(4-Methoxy[1,1'-biphenyl]-3-yl)hydrazinecarboxylic acid, 1-Methylethyl ester",144,quantum_angle_product,3,1,-0.7389471475883025,0.5061772608875286,-1.245124408475831,0
690,Fentrazamide (Ref: BAY YRC 2388),315,quantum_angle_product,3,0,-0.7167486468309217,0.5061772608875286,-1.2229259077184502,0
694,Flucarbazone,33,quantum_angle_product,3,0,-1.468049269748005,0.5061772608875286,-1.9742265306355335,0
696,"2-[2-Chloro-4-fluoro-5-[5-methyl-6-oxo-4-(trifluoromethyl)-1(6H)-pyridazinyl]phenoxy]acetic acid, Ethyl ester",89,quantum_angle_product,3,0,-1.0067053091979794,0.5061772608875286,-1.512882570085508,0
717,Profoxydim (Ref: BAS 625H),140,quantum_angle_product,3,0,-0.16521254825234655,0.5061772608875286,-0.6713898091398751,0
718,Picloram-tripromine,308,quantum_angle_product,3,0,-1.4355397392612987,0.5061772608875286,-1.9417170001488273,0
743,Haloxyfop-etotyl (Ref: DOWCO 453EE),13,quantum_angle_product,3,0,-0.5363041492291498,0.5061772608875286,-1.0424814101166784,0
756,"N-[2-(1,3-Dimethylbutyl)-3-thienyl]-1-methyl-3-(trifluoromethyl)-1H-pyrazole-4-carboxamide",303,quantum_angle_product,3,0,-0.6705992484098382,0.5061772608875286,-1.1767765092973668,0
767,3-Bromo-1-(3-chloro-2-pyridinyl)-N-[4-cyano-2-methyl-6-[(methylamino)carbonyl]phenyl]-1H-pyrazole-5-carboxamide,63,quantum_angle_product,3,1,-0.7997083342728764,0.5061772608875286,-1.305885595160405,0
768,Iprobenfos,300,quantum_angle_product,3,0,1.404467224657175,0.5061772608875286,0.8982899637696464,1
769,Dihydroazadirachtin,135,quantum_angle_product,3,0,-0.02674976246647187,0.5061772608875286,-0.5329270233540004,0
801,Ametoctradin (Ref: BAS 650F),290,quantum_angle_product,3,0,-1.1298348126735447,0.5061772608875286,-1.6360120735610733,0
805,Cyclaniliprole (Ref: IKI-3106),63,quantum_angle_product,3,1,-0.09377898065533863,0.5061772608875286,-0.5999562415428672,0
807,Fluazaindolizine (Ref: DPX-Q8U80),288,quantum_angle_product,3,0,-0.98918857332235,0.5061772608875286,-1.4953658342098786,0
808,Thiencarbazone-methyl (Ref: BYH 18636 ),33,quantum_angle_product,3,0,-0.8367137237467364,0.5061772608875286,-1.342890984634265,0
813,Thiencarbazone,33,quantum_angle_product,3,0,-0.6041877934802931,0.5061772608875286,-1.1103650543678216,0
821,Isoflucypram (Ref: BCS-CN88460),282,quantum_angle_product,3,0,-0.49007654144254964,0.5061772608875286,-0.9962538023300782,0
827,Bixlozone (Ref: F9600),129,quantum_angle_product,3,0,-0.9093848224196432,0.5061772608875286,-1.4155620833071718,0
847,Cinnamaldehyde,274,quantum_angle_product,3,0,-1.2214179972305015,0.5061772608875286,-1.72759525811803,0
854,"N,N'-[1,4-Piperazinediylbis(2,2,2-trichloroethylidene)]bis-formamide",271,quantum_angle_product,3,0,-1.3710002334574152,0.5061772608875286,-1.8771774943449437,0
864,Garlic extract,264,quantum_angle_product,3,0,-1.2231957856205624,0.5061772608875286,-1.729373046508091,0
866,"N,N,N',N'-Tetramethylthioperoxydicarbonic diamide ([(H2N)C(S)]2S2)",262,quantum_angle_product,3,0,-0.08491912532314272,0.5061772608875286,-0.5910963862106713,0
869,Captan (Ref: SR 406),80,quantum_angle_product,3,0,-0.7327872474859753,0.5061772608875286,-1.238964508373504,0
881,"2-[4-(1,1-Dimethylethyl)phenoxy]cyclohexyl 2-propynyl ester sulfurous acid",259,quantum_angle_product,3,0,-0.4948153279174008,0.5061772608875286,-1.0009925888049294,0
883,Chlordane (Technical Grade),59,quantum_angle_product,3,1,-0.07533542048088782,0.5061772608875286,-0.5815126813684164,0
893,"1H-1,2,4-Triazol-3-amine",253,quantum_angle_product,3,0,-1.0351271419709258,0.5061772608875286,-1.5413044028584544,0
899,"Phosphorothioic acid O-(3-chloro-4-methyl-2-oxo-2H-1-benzopyran-7-yl) O,O-diethyl ester",123,quantum_angle_product,3,1,1.5638233269162964,0.5061772608875286,1.0576460660287679,1
904,"S-[(4,6-Diamino-1,3,5-triazin-2-yl)methyl]O,O-dimethyl ester phosphorodithioic acid",52,quantum_angle_product,3,1,1.2154940374930576,0.5061772608875286,0.709316776605529,1
913,"1,1a,2,2,3,3a,4,5,5,5a,5b,6-Dodecachlorooctahydro-1,3,4-metheno-1H-cyclobuta[cd]pentalene",121,quantum_angle_product,3,1,0.7140168134922606,0.5061772608875286,0.20783955260473208,1
917,Molinate (Ref: OMS 1373),243,quantum_angle_product,3,1,-0.584120157123273,0.5061772608875286,-1.0902974180108016,0
920,Silthiofam (Ref: MON 65500),241,quantum_angle_product,3,0,-0.8755324642831641,0.5061772608875286,-1.3817097251706927,0
921,"2-(2,4-Dichlorophenoxy)acetic acid, 2-Ethylhexyl ester",16,quantum_angle_product,3,0,-0.54537990710724,0.5061772608875286,-1.0515571679947686,0
930,Camphechlor (Ref: Hercules 3956),235,quantum_angle_product,3,1,-0.2118628670458622,0.5061772608875286,-0.7180401279333908,0
935,Grandlure (Ref: SHA 112401),231,quantum_angle_product,3,0,-0.8573128635526412,0.5061772608875286,-1.3634901244401698,0
940,Vinclozolin (Ref: BAS 352F),78,quantum_angle_product,3,0,-0.6633229399735114,0.5061772608875286,-1.16950020086104,0
945,2-Cyano-N-[(ethylamino)carbonyl]-2-(methoxyimino)acetamide,227,quantum_angle_product,3,0,-0.6967879908825272,0.5061772608875286,-1.2029652517700558,0
962,Pyroquilon (Ref: CGA 49104),218,quantum_angle_product,3,0,-0.9478858135559096,0.5061772608875286,-1.4540630744434382,0
963,alpha-(1-Methylethyl)-alpha-[4-(trifluoromethoxy)phenyl]-5-pyrimidinemethanol,217,quantum_angle_product,3,0,-1.1806065514899884,0.5061772608875286,-1.686783812377517,0
973,Amisulbrom,210,quantum_angle_product,3,0,-1.1889130114390096,0.5061772608875286,-1.6950902723265382,0
982,Mepanipyrim (Ref: KUF 6201),77,quantum_angle_product,3,0,-0.8577524819043023,0.5061772608875286,-1.3639297427918309,0
988,Dinotefuran (Ref: MTI 446),202,quantum_angle_product,3,1,-1.0444349090198064,0.5061772608875286,-1.550612169907335,0
998,"2-Chloro-5-[3,6-dihydro-3-methyl-2,6-dioxo-4-(trifluoromethyl)-1(2H)-pyrimidinyl]benzoic acid 1,1-dimethyl-2-oxo-2-(2-propenyloxy)ethyl ester",198,quantum_angle_product,3,0,-0.8145710480481139,0.5061772608875286,-1.3207483089356424,0
1002,"5-[[(2,6-Difluorophenyl)methoxy]methyl]-4,5-dihydro-5-methyl(3-methyl-2-thienyl)isoxazole",197,quantum_angle_product,3,0,-0.587815793432819,0.5061772608875286,-1.0939930543203475,0
1006,Metyltetraprole (Ref: S-2367),111,quantum_angle_product,3,0,-1.0695690816975905,0.5061772608875286,-1.575746342585119,0
1017,"N2-[(1R,2S)-2,3-Dihydro-2,6-dimethyl-1H-inden-1-yl]-6-(1-fluoroethyl)-1,3,5-triazine-2,4-diamine",189,quantum_angle_product,3,0,-0.8897618806528071,0.5061772608875286,-1.3959391415403357,0
1025,1-(3-Chloropyridin-2-yl)-N-[4-cyano-2-methyl-6-(methylcarbamoyl)phenyl]-3-{[5-(trifluoromethyl)-2H-tetrazol-2-yl]methyl}-1H-pyrazole-5-carboxamide,63,quantum_angle_product,3,1,-1.292047164105906,0.5061772608875286,-1.7982244249934345,0
1028,Penflufen (Ref: BYF-14182),184,quantum_angle_product,3,0,-0.7492983048180966,0.5061772608875286,-1.2554755657056251,0
1029,"N-[6-[[[(Z)-[(1-Methyl-1H-tetrazol-5-yl)phenylmethylene]amino]oxy]methyl]-2-pyridinyl]-1,1-dimethylethyl ester carbamic acid",183,quantum_angle_product,3,0,-0.7801495959310332,0.5061772608875286,-1.2863268568185617,0
20,Neburon,3,quantum_iqp_zz_linear,3,0,-0.8038209293858707,0.43582441750255496,-1.2396453468884256,0
29,"1,8-cineole",453,quantum_iqp_zz_linear,3,0,-0.9495000018798403,0.43582441750255496,-1.3853244193823953,0
31,"N'-(3,4-Dichlorophenyl)-N-methoxy-N-methylurea",3,quantum_iqp_zz_linear,3,0,-1.0126307794714782,0.43582441750255496,-1.4484551969740331,0
36,"2-[(Trichloromethyl)thio]-1H-isoindole-1,3(2H)dione",80,quantum_iqp_zz_linear,3,0,-0.9053951859609668,0.43582441750255496,-1.3412196034635218,0
39,"N-(3,4-Dichlorophenyl)propanamide",42,quantum_iqp_zz_linear,3,0,-1.0199506692115563,0.43582441750255496,-1.4557750867141113,0
42,"N'-(3,4-Dichlorophenyl)-N,N-dimethylurea",3,quantum_iqp_zz_linear,3,0,-0.9614980584688779,0.43582441750255496,-1.3973224759714329,0
78,Trichlorfon (Ref: OMS 800),443,quantum_iqp_zz_linear,3,1,-0.39051002224097836,0.43582441750255496,-0.8263344397435333,0
87,As-(4-Aminophenyl)arsonic acid,439,quantum_iqp_zz_linear,3,0,-1.3350064071475742,0.43582441750255496,-1.7708308246501292,0
92,Penconazole (Ref: CGA 71818),27,quantum_iqp_zz_linear,3,1,-0.8633419044739357,0.43582441750255496,-1.2991663219764906,0
93,Dichlone (Ref: USR 604),165,quantum_iqp_zz_linear,3,0,-1.017193083561158,0.43582441750255496,-1.453017501063713,0
101,"1-(4-Chlorophenoxy)-3,3-dimethyl-1-(1H-1,2,4-triazol-1-yl)-2-butanone",27,quantum_iqp_zz_linear,3,0,-0.9214755454705406,0.43582441750255496,-1.3572999629730955,0
125,[2-[[[1-(4-Chlorophenyl)-1H-pyrazol-3-yl]oxy]methyl]phenyl]methoxycarbamic acid methyl ester,111,quantum_iqp_zz_linear,3,0,-0.47298577229164745,0.43582441750255496,-0.9088101897942025,0
145,"2-[(1,1-Dimethylethyl)imino]tetrahydro-3-(1-methylethyl)-5-phenyl-4H-1,3,5-thiadiazin-4-one",430,quantum_iqp_zz_linear,3,0,-0.42612457119182195,0.43582441750255496,-0.861948988694377,0
146,"1,4,5,6,7,8,8-Heptachloro-3a,4,7,7a-tetrahydro-4,7-methano-1H-indene",59,quantum_iqp_zz_linear,3,1,-0.2844588374659927,0.43582441750255496,-0.7202832549685476,0
147,"2-(2,4,5-Trichlorophenoxy)acetic acid, Butyl ester",16,quantum_iqp_zz_linear,3,0,-0.7656748375938478,0.43582441750255496,-1.2014992550964028,0
148,"(1R,4S,4aS,5S,8R,8aR)-rel-1,2,3,4,10,10-Hexachloro-1,4,4a,5,8,8a-hexahydro-1,4:5,8-dimethanonaphthalene",59,quantum_iqp_zz_linear,3,1,-0.35593926988991637,0.43582441750255496,-0.7917636873924714,0
154,"(1aR,2R,2aS,3S,6R,6aR,7S,7aS)-rel-3,4,5,6,9,9-Hexachloro-1a,2,2a,3,6,6a,7,7a-octahydro-2,7:3,6-dimethanonaphth[2,3-b]oxirene ",59,quantum_iqp_zz_linear,3,1,-0.4672058101327869,0.43582441750255496,-0.9030302276353419,0
158,"alpha-(4-(1,1,3,3-Tetramethylbutyl)phenyl)-omega-hydroxypoly(oxy-1,2-ethanediyl)",428,quantum_iqp_zz_linear,3,0,-0.8409477255076092,0.43582441750255496,-1.2767721430101642,0
173,Chlorbenside (Ref: ENT 20696),52,quantum_iqp_zz_linear,3,0,-0.6961273600410558,0.43582441750255496,-1.1319517775436108,0
175,"Phosphorothioic acid, S-[2-(Ethylsulfinyl)ethyl] O,O-dimethyl ester",38,quantum_iqp_zz_linear,3,1,1.2348102569359436,0.43582441750255496,0.7989858394333886,1
176,"N'-(4-chlorophenyl)-N,N-dimethylurea",3,quantum_iqp_zz_linear,3,0,-1.004887552324312,0.43582441750255496,-1.440711969826867,0
192,"6-Chloro-N,N'-diethyl-1,3,5-triazine-2,4-diamine",8,quantum_iqp_zz_linear,3,0,-1.2547334098623004,0.43582441750255496,-1.6905578273648554,0
196,"6-Chloro-N2,N4-bis(1-methylethyl)-1,3,5-triazine-2,4-diamine",8,quantum_iqp_zz_linear,3,0,-1.1182439070740733,0.43582441750255496,-1.5540683245766282,0
202,Methazole (Ref: VCS-438),421,quantum_iqp_zz_linear,3,0,-1.2383623991387245,0.43582441750255496,-1.6741868166412794,0
211,"6-Methoxy-N2,N4-bis(1-methylethyl)-1,3,5-triazine-2,4-diamine",8,quantum_iqp_zz_linear,3,0,-1.0759901960179925,0.43582441750255496,-1.5118146135205475,0
217,"N2-Ethyl-N4-(1-methylethyl)-6-(methylthio)-1,3,5-triazine-2,4-diamine",8,quantum_iqp_zz_linear,3,0,-1.0460501514203402,0.43582441750255496,-1.4818745689228952,0
218,"6-Chloro-N-ethyl-N'-(1-methylethyl)-1,3,5-triazine-2,4-diamine",8,quantum_iqp_zz_linear,3,0,-1.202437189650576,0.43582441750255496,-1.638261607153131,0
220,"N2,N4-Bis(1-methylethyl)-6-(methylthio)-1,3,5-triazine-2,4-diamine",8,quantum_iqp_zz_linear,3,0,-0.9387751796604846,0.43582441750255496,-1.3745995971630396,0
226,Trietazine (Ref: G 27901),8,quantum_iqp_zz_linear,3,0,-1.1955990641363372,0.43582441750255496,-1.6314234816388922,0
227,Vamidothion (Ref: ENT 26613),38,quantum_iqp_zz_linear,3,1,1.13082986535339,0.43582441750255496,0.695005447850835,1
230,"1,1a,3,3a,4,5,5,5a,5b,6-Decachlorooctahydro-1,3,4-metheno-2H-cyclobuta[cd]pentalen-2-one",121,quantum_iqp_zz_linear,3,1,0.03761786538703199,0.43582441750255496,-0.39820655211552297,0
238,"N-Cyclopropyl-1,3,5-triazine-2,4,6-triamine",415,quantum_iqp_zz_linear,3,0,-1.0560149415613576,0.43582441750255496,-1.4918393590639125,0
239,Chloroxuron (Ref: C 1983),3,quantum_iqp_zz_linear,3,0,-0.6696577654621574,0.43582441750255496,-1.1054821829647123,0
242,Methyl trithion,52,quantum_iqp_zz_linear,3,1,1.3763562097044686,0.43582441750255496,0.9405317922019136,1
252,Monolinuron (Ref: HOE 002747),3,quantum_iqp_zz_linear,3,0,-1.0423641235124383,0.43582441750255496,-1.4781885410149933,0
257,Captafol (Ref: Ortho-5865),80,quantum_iqp_zz_linear,3,0,-0.745778524952381,0.43582441750255496,-1.181602942454936,0
266,"Phosphorothioic acid, O,O-Diethyl O(4-methylsulfinyl)phenyl)ester",103,quantum_iqp_zz_linear,3,1,1.2482648244935644,0.43582441750255496,0.8124404069910094,1
268,Terbuthylazine,8,quantum_iqp_zz_linear,3,0,-1.0680937069372607,0.43582441750255496,-1.5039181244398157,0
271,Quinoclamine,165,quantum_iqp_zz_linear,3,0,-1.069282534228626,0.43582441750255496,-1.505106951731181,0
278,"3-Cyclohexyl-6-(dimethylamino)-1-methyl-1,3,5-triazine-2,4-(1H,3H)dione",407,quantum_iqp_zz_linear,3,0,-1.027364102778117,0.43582441750255496,-1.463188520280672,0
279,Chlorbromuron (Ref: C6313),3,quantum_iqp_zz_linear,3,0,-0.9196748266564638,0.43582441750255496,-1.3554992441590188,0
284,"O,O-Dimethyl S-[2-(methylamino)-2-oxoethyl ester phosphorothioic acid",38,quantum_iqp_zz_linear,3,1,0.9981573531006318,0.43582441750255496,0.5623329355980768,1
285,"N,N-Dimethyl-N'-[3-(trifluoromethyl)phenyl]urea",3,quantum_iqp_zz_linear,3,0,-1.1264272573779897,0.43582441750255496,-1.5622516748805446,0
286,Metobromuron (Ref: C 3216),3,quantum_iqp_zz_linear,3,0,-0.9918506527870274,0.43582441750255496,-1.4276750702895824,0
287,"1,1-Dichloro-N-[(dimethylamino)sulfonyl]-1-fluoro-N-phenylmethanesulfenamide",158,quantum_iqp_zz_linear,3,0,-1.0382883091802912,0.43582441750255496,-1.4741127266828462,0
290,(1-Methylethyl)phosphoramidic acid ethyl-3-methyl-4-(methylthio)phenyl ester,164,quantum_iqp_zz_linear,3,1,-0.04837373615983964,0.43582441750255496,-0.4841981536623946,0
300,"Ethylphosphonodithioic acid, O-Ethyl S-phenyl ester",404,quantum_iqp_zz_linear,3,1,-0.10503859939782628,0.43582441750255496,-0.5408630169003812,0
309,Looplure (Ref: ENT 33266),22,quantum_iqp_zz_linear,3,0,-0.9972052937142224,0.43582441750255496,-1.4330297112167774,0
320,"S-[2-(Ethylsulfonyl)ethyl]O,O-dimethyl ester phosphorothioic acid",38,quantum_iqp_zz_linear,3,1,1.2679671921410458,0.43582441750255496,0.8321427746384908,1
321,Asulam (Ref: M&B 9057),397,quantum_iqp_zz_linear,3,0,-0.7924811816994148,0.43582441750255496,-1.2283055992019698,0
323,Metoxuron (Ref: SAN 6915H),3,quantum_iqp_zz_linear,3,0,-0.967829050591259,0.43582441750255496,-1.403653468093814,0
327,Monalide (Ref: SN 35830),3,quantum_iqp_zz_linear,3,0,-0.8395101683750823,0.43582441750255496,-1.2753345858776373,0
332,"O,O-Dimethyl O-[2-(methylthio)ethyl]ester phosphorothioic acid mixt. with O,O-dimethyl S-[2-(methylthio)ethyl]phosphorothioate",38,quantum_iqp_zz_linear,3,1,1.2069274074467866,0.43582441750255496,0.7711029899442317,1
333,Cyanazine,8,quantum_iqp_zz_linear,3,0,-1.0479654168329926,0.43582441750255496,-1.4837898343355476,0
341,"2aR,3S,4S,4aR,5S,7aS,8S,10R,10aS,10bR)-10-(Acetyloxy)octahydro-3,5-dihydroxy-4-methyl-8-[[(2E)-2-methyl-1-oxo-2-buten-1-yl]oxy]-4-[(1aR,2S,3aS,6aS,7S,7aS)-3a,6a,7,7a-tetrahydro-6a-hydroxy-7a-methyl-2,7-methanofuro[2,3-b]oxireno[e]oxepin-1a(2H)-yl]-1H,7H-naptho[1,8-bc:4,4a-c']difuran-5,10a(8H)-dicarboxylic acid 5-10a-dimethyl ester",135,quantum_iqp_zz_linear,3,1,-0.2208562987509159,0.43582441750255496,-0.6566807162534709,0
348,Chlorotoluron (Ref: C 2242),3,quantum_iqp_zz_linear,3,0,-0.9481645555941771,0.43582441750255496,-1.383988973096732,0
349,8-dodecenol,22,quantum_iqp_zz_linear,3,1,-1.2214544822001001,0.43582441750255496,-1.657278899702655,0
353,Diflubenzuron (Ref: OMS 1804),3,quantum_iqp_zz_linear,3,1,-1.1100342265803433,0.43582441750255496,-1.5458586440828983,0
354,"Benzoyl chloride, (2,4,6-Trichlorophenyl)hydrazone",391,quantum_iqp_zz_linear,3,1,-0.5594187411562725,0.43582441750255496,-0.9952431586588275,0
356,Piperalin (Ref: HSDB 7058),390,quantum_iqp_zz_linear,3,0,-0.5908725699655653,0.43582441750255496,-1.0266969874681202,0
363,Codlemone (Ref: BAS 2851),22,quantum_iqp_zz_linear,3,0,-1.1926999777006695,0.43582441750255496,-1.6285243952032245,0
370,Dipropetryn (Ref: GC 16068),8,quantum_iqp_zz_linear,3,0,-0.8713533236523991,0.43582441750255496,-1.307177741154954,0
387,"5-Amino-1-[2,6-dichloro-4-(trifluoromethyl)phenyl]-4-[(trifluoromethyl)sulfinyl]-1H-pyrazole-3-carbonitrile",383,quantum_iqp_zz_linear,3,1,-0.7262737480815706,0.43582441750255496,-1.1620981655841256,0
406,Procymidone (Ref: S 7131),78,quantum_iqp_zz_linear,3,0,-0.8822317594762821,0.43582441750255496,-1.318056176978837,0
412,Isoproturon (Ref: HOE 16410),3,quantum_iqp_zz_linear,3,0,-0.8684406885286331,0.43582441750255496,-1.304265106031188,0
414,Difenoxuron (Ref: C3470),3,quantum_iqp_zz_linear,3,0,-0.693029929082454,0.43582441750255496,-1.128854346585009,0
416,Mefluidide (Ref: MBR 12325),378,quantum_iqp_zz_linear,3,0,-1.1932183282257067,0.43582441750255496,-1.6290427457282617,0
417,(E)-dec-5-enyl acetate,22,quantum_iqp_zz_linear,3,0,-0.9888608144186937,0.43582441750255496,-1.4246852319212486,0
419,O-(4-bromo-2-chlorophenyl) O-ethyl S-propyl ester phosphorothioic acid,154,quantum_iqp_zz_linear,3,1,1.327020545069029,0.43582441750255496,0.8911961275664739,1
421,"beta-(4-Chlorophenoxy)-alpha-(1,1-dimethylethyl)-1H-1,2,4-triazole-1-ethanol",27,quantum_iqp_zz_linear,3,0,-0.9685815038745695,0.43582441750255496,-1.4044059213771245,0
424,Bitertanol (Ref: KWG 0599),27,quantum_iqp_zz_linear,3,0,-0.6514636385497823,0.43582441750255496,-1.0872880560523372,0
437,"1,1-Dichloro-N-[(dimethylamino)sulfonyl]-1-fluoro-N-(4-methylphenyl)methanesulfenamide",158,quantum_iqp_zz_linear,3,0,-0.9533890697460794,0.43582441750255496,-1.3892134872486344,0
438,Climbazole (Ref: 106162),96,quantum_iqp_zz_linear,3,1,-0.8352807954712675,0.43582441750255496,-1.2711052129738225,0
441,Diclobutrazol (Ref: PP296),27,quantum_iqp_zz_linear,3,1,-0.9097466382364592,0.43582441750255496,-1.3455710557390141,0
443,Triclopyr-triethylammonium,372,quantum_iqp_zz_linear,3,0,-1.1877066108283167,0.43582441750255496,-1.6235310283308717,0
448,Fluazifop-butyl (Ref: SL 236),13,quantum_iqp_zz_linear,3,0,-0.5097079582200705,0.43582441750255496,-0.9455323757226255,0
450,Dimefuron (Ref: RP 23465),3,quantum_iqp_zz_linear,3,0,-0.831146209561187,0.43582441750255496,-1.266970627063742,0
451,Pencycuron (Ref: NTN 19701),3,quantum_iqp_zz_linear,3,0,-0.37453797829169694,0.43582441750255496,-0.8103623957942518,0
456,Chlozolinate (Ref: M 8164),78,quantum_iqp_zz_linear,3,0,-0.7092062660152954,0.43582441750255496,-1.1450306835178503,0
469,Dimethametryn (Ref: C 18898),8,quantum_iqp_zz_linear,3,0,-0.8783802081666354,0.43582441750255496,-1.3142046256691904,0
473,5-decenol (Ref: BAS 287 1),22,quantum_iqp_zz_linear,3,0,-1.1917473511626413,0.43582441750255496,-1.6275717686651963,0
483,Diniconazole (Ref: XE-779),27,quantum_iqp_zz_linear,3,0,-0.8105225831082239,0.43582441750255496,-1.2463470006107789,0
490,Triflumizole (Ref: NF 114 ),364,quantum_iqp_zz_linear,3,0,-0.792776895317284,0.43582441750255496,-1.228601312819839,0
511,"2-[(2-Chlorophenyl)methyl]-4,4-dimethyl-3-isoxazolidinone",129,quantum_iqp_zz_linear,3,0,-1.0153269795802609,0.43582441750255496,-1.4511513970828158,0
522,Pyraclofos (Ref: OMS 3040),154,quantum_iqp_zz_linear,3,1,1.2125546560853953,0.43582441750255496,0.7767302385828403,1
544,Chlorantraniliprole (Ref: DPX E2Y45),63,quantum_iqp_zz_linear,3,1,-0.677525215970715,0.43582441750255496,-1.11334963347327,0
547,"4,6-Dimethyl-N-phenyl-2-pyrimidinamine",77,quantum_iqp_zz_linear,3,0,-0.9596121796429069,0.43582441750255496,-1.3954365971454619,0
550,"[3-(4,5-Dihydro-3-isoxazolyl)-2-methyl-4-(methylsulfonyl)phenyl](5-hydroxy-1-methyl-1H-pyrazol-4-yl)methanone",354,quantum_iqp_zz_linear,3,0,-0.8672696833226485,0.43582441750255496,-1.3030941008252035,0
556,Propaquizafop (Ref: CGA 233380),13,quantum_iqp_zz_linear,3,0,-0.2844695158937441,0.43582441750255496,-0.720293933396299,0
567,Quizalofop-P-tefuryl (Ref: UBI C4874 ),13,quantum_iqp_zz_linear,3,0,-0.3431499824820737,0.43582441750255496,-0.7789743999846286,0
580,"4-[2-[4-(1,1-Dimethylethyl)phenyl]ethoxy]quinazoline",348,quantum_iqp_zz_linear,3,1,-0.4703100336735751,0.43582441750255496,-0.90613445117613,0
597,"1,2,3-Benzothiadiazole-7-carbothioic acid S-methyl ester",341,quantum_iqp_zz_linear,3,0,-0.7960600863693208,0.43582441750255496,-1.2318845038718758,0
606,Fluquinconazole (Ref: AE C597265),337,quantum_iqp_zz_linear,3,0,-0.9701018080411248,0.43582441750255496,-1.4059262255436797,0
628,"3-Chloro-2-[[(5-ethoxy-7-fluoro[1,2,4]triazolo[1,5-c]pyrimidin-2-yl)sulfonyl]amino]benzoic acid, Methyl ester",147,quantum_iqp_zz_linear,3,0,-1.1926945553605215,0.43582441750255496,-1.6285189728630765,0
632,Cyprodinil (Ref: CGA 219417),77,quantum_iqp_zz_linear,3,0,-0.8490617183816991,0.43582441750255496,-1.284886135884254,0
649,2-[2-Chloro-5-[4-chloro-5-(difluoromethoxy)-1-methyl-1H-pyrazol-3-yl]-4-fluorophenoxy]acetic acid ethyl ester,89,quantum_iqp_zz_linear,3,0,-0.7704715579709391,0.43582441750255496,-1.206295975473494,0
652,Fenhexamid (Ref: KBR 2738),328,quantum_iqp_zz_linear,3,0,-0.670403724850126,0.43582441750255496,-1.106228142352681,0
681,Cafenstrole (Ref: CH 900),318,quantum_iqp_zz_linear,3,0,-0.7505748776159269,0.43582441750255496,-1.1863992951184819,0
685,Propoxycarbazone,33,quantum_iqp_zz_linear,3,0,-1.0533566573416506,0.43582441750255496,-1.4891810748442056,0
686,"2-(4-Methoxy[1,1'-biphenyl]-3-yl)hydrazinecarboxylic acid, 1-Methylethyl ester",144,quantum_iqp_zz_linear,3,1,-0.7289505294430543,0.43582441750255496,-1.1647749469456092,0
690,Fentrazamide (Ref: BAY YRC 2388),315,quantum_iqp_zz_linear,3,0,-0.8040130072401543,0.43582441750255496,-1.2398374247427093,0
694,Flucarbazone,33,quantum_iqp_zz_linear,3,0,-1.3673092000331706,0.43582441750255496,-1.8031336175357255,0
696,"2-[2-Chloro-4-fluoro-5-[5-methyl-6-oxo-4-(trifluoromethyl)-1(6H)-pyridazinyl]phenoxy]acetic acid, Ethyl ester",89,quantum_iqp_zz_linear,3,0,-0.9558268774356911,0.43582441750255496,-1.391651294938246,0
717,Profoxydim (Ref: BAS 625H),140,quantum_iqp_zz_linear,3,0,-0.15180450308930077,0.43582441750255496,-0.5876289205918557,0
718,Picloram-tripromine,308,quantum_iqp_zz_linear,3,0,-1.2038138167155432,0.43582441750255496,-1.6396382342180982,0
743,Haloxyfop-etotyl (Ref: DOWCO 453EE),13,quantum_iqp_zz_linear,3,0,-0.46766820484072386,0.43582441750255496,-0.9034926223432789,0
756,"N-[2-(1,3-Dimethylbutyl)-3-thienyl]-1-methyl-3-(trifluoromethyl)-1H-pyrazole-4-carboxamide",303,quantum_iqp_zz_linear,3,0,-0.6820453559410466,0.43582441750255496,-1.1178697734436016,0
767,3-Bromo-1-(3-chloro-2-pyridinyl)-N-[4-cyano-2-methyl-6-[(methylamino)carbonyl]phenyl]-1H-pyrazole-5-carboxamide,63,quantum_iqp_zz_linear,3,1,-0.8285252737901478,0.43582441750255496,-1.2643496912927028,0
768,Iprobenfos,300,quantum_iqp_zz_linear,3,0,1.215645156904553,0.43582441750255496,0.779820739401998,1
769,Dihydroazadirachtin,135,quantum_iqp_zz_linear,3,0,-0.22638491050905601,0.43582441750255496,-0.662209328011611,0
801,Ametoctradin (Ref: BAS 650F),290,quantum_iqp_zz_linear,3,0,-1.0087985555998504,0.43582441750255496,-1.4446229731024054,0
805,Cyclaniliprole (Ref: IKI-3106),63,quantum_iqp_zz_linear,3,1,0.004631451609431958,0.43582441750255496,-0.431192965893123,0
807,Fluazaindolizine (Ref: DPX-Q8U80),288,quantum_iqp_zz_linear,3,0,-0.9296073043797211,0.43582441750255496,-1.365431721882276,0
808,Thiencarbazone-methyl (Ref: BYH 18636 ),33,quantum_iqp_zz_linear,3,0,-0.8483619406460197,0.43582441750255496,-1.2841863581485746,0
813,Thiencarbazone,33,quantum_iqp_zz_linear,3,0,-0.7147551622792168,0.43582441750255496,-1.1505795797817717,0
821,Isoflucypram (Ref: BCS-CN88460),282,quantum_iqp_zz_linear,3,0,-0.44724849071009104,0.43582441750255496,-0.8830729082126461,0
827,Bixlozone (Ref: F9600),129,quantum_iqp_zz_linear,3,0,-0.958747706986051,0.43582441750255496,-1.394572124488606,0
847,Cinnamaldehyde,274,quantum_iqp_zz_linear,3,0,-1.1443000673689376,0.43582441750255496,-1.5801244848714926,0
854,"N,N'-[1,4-Piperazinediylbis(2,2,2-trichloroethylidene)]bis-formamide",271,quantum_iqp_zz_linear,3,0,-1.1060715597374768,0.43582441750255496,-1.5418959772400318,0
864,Garlic extract,264,quantum_iqp_zz_linear,3,0,-1.154543958779943,0.43582441750255496,-1.590368376282498,0
866,"N,N,N',N'-Tetramethylthioperoxydicarbonic diamide ([(H2N)C(S)]2S2)",262,quantum_iqp_zz_linear,3,0,-0.36730945957363154,0.43582441750255496,-0.8031338770761864,0
869,Captan (Ref: SR 406),80,quantum_iqp_zz_linear,3,0,-0.8415240171050697,0.43582441750255496,-1.2773484346076247,0
881,"2-[4-(1,1-Dimethylethyl)phenoxy]cyclohexyl 2-propynyl ester sulfurous acid",259,quantum_iqp_zz_linear,3,0,-0.551892033435915,0.43582441750255496,-0.9877164509384699,0
883,Chlordane (Technical Grade),59,quantum_iqp_zz_linear,3,1,-0.0640979892820947,0.43582441750255496,-0.49992240678464966,0
893,"1H-1,2,4-Triazol-3-amine",253,quantum_iqp_zz_linear,3,0,-0.9081793484588254,0.43582441750255496,-1.3440037659613804,0
899,"Phosphorothioic acid O-(3-chloro-4-methyl-2-oxo-2H-1-benzopyran-7-yl) O,O-diethyl ester",123,quantum_iqp_zz_linear,3,1,1.2948930018304852,0.43582441750255496,0.8590685843279302,1
904,"S-[(4,6-Diamino-1,3,5-triazin-2-yl)methyl]O,O-dimethyl ester phosphorodithioic acid",52,quantum_iqp_zz_linear,3,1,0.9434663210914591,0.43582441750255496,0.5076419035889042,1
913,"1,1a,2,2,3,3a,4,5,5,5a,5b,6-Dodecachlorooctahydro-1,3,4-metheno-1H-cyclobuta[cd]pentalene",121,quantum_iqp_zz_linear,3,1,0.6321355313281496,0.43582441750255496,0.19631111382559463,1
917,Molinate (Ref: OMS 1373),243,quantum_iqp_zz_linear,3,1,-0.7491670634113439,0.43582441750255496,-1.1849914809138988,0
920,Silthiofam (Ref: MON 65500),241,quantum_iqp_zz_linear,3,0,-0.8874150931141669,0.43582441750255496,-1.3232395106167218,0
921,"2-(2,4-Dichlorophenoxy)acetic acid, 2-Ethylhexyl ester",16,quantum_iqp_zz_linear,3,0,-0.5442550873150211,0.43582441750255496,-0.9800795048175761,0
930,Camphechlor (Ref: Hercules 3956),235,quantum_iqp_zz_linear,3,1,-0.11718901080627636,0.43582441750255496,-0.5530134283088313,0
935,Grandlure (Ref: SHA 112401),231,quantum_iqp_zz_linear,3,0,-0.9382064878961551,0.43582441750255496,-1.37403090539871,0
940,Vinclozolin (Ref: BAS 352F),78,quantum_iqp_zz_linear,3,0,-0.7936778507842446,0.43582441750255496,-1.2295022682867995,0
945,2-Cyano-N-[(ethylamino)carbonyl]-2-(methoxyimino)acetamide,227,quantum_iqp_zz_linear,3,0,-0.748146170991677,0.43582441750255496,-1.183970588494232,0
962,Pyroquilon (Ref: CGA 49104),218,quantum_iqp_zz_linear,3,0,-0.976356127097131,0.43582441750255496,-1.412180544599686,0
963,alpha-(1-Methylethyl)-alpha-[4-(trifluoromethoxy)phenyl]-5-pyrimidinemethanol,217,quantum_iqp_zz_linear,3,0,-1.1255589888398079,0.43582441750255496,-1.5613834063423628,0
973,Amisulbrom,210,quantum_iqp_zz_linear,3,0,-1.1189736323001125,0.43582441750255496,-1.5547980498026674,0
982,Mepanipyrim (Ref: KUF 6201),77,quantum_iqp_zz_linear,3,0,-0.8766503653126461,0.43582441750255496,-1.312474782815201,0
988,Dinotefuran (Ref: MTI 446),202,quantum_iqp_zz_linear,3,1,-0.9869765354055986,0.43582441750255496,-1.4228009529081536,0
998,"2-Chloro-5-[3,6-dihydro-3-methyl-2,6-dioxo-4-(trifluoromethyl)-1(2H)-pyrimidinyl]benzoic acid 1,1-dimethyl-2-oxo-2-(2-propenyloxy)ethyl ester",198,quantum_iqp_zz_linear,3,0,-0.8125532178750656,0.43582441750255496,-1.2483776353776206,0
1002,"5-[[(2,6-Difluorophenyl)methoxy]methyl]-4,5-dihydro-5-methyl(3-methyl-2-thienyl)isoxazole",197,quantum_iqp_zz_linear,3,0,-0.6450072917848615,0.43582441750255496,-1.0808317092874165,0
1006,Metyltetraprole (Ref: S-2367),111,quantum_iqp_zz_linear,3,0,-0.9560186249450897,0.43582441750255496,-1.3918430424476447,0
1017,"N2-[(1R,2S)-2,3-Dihydro-2,6-dimethyl-1H-inden-1-yl]-6-(1-fluoroethyl)-1,3,5-triazine-2,4-diamine",189,quantum_iqp_zz_linear,3,0,-0.9145210754533737,0.43582441750255496,-1.3503454929559287,0
1025,1-(3-Chloropyridin-2-yl)-N-[4-cyano-2-methyl-6-(methylcarbamoyl)phenyl]-3-{[5-(trifluoromethyl)-2H-tetrazol-2-yl]methyl}-1H-pyrazole-5-carboxamide,63,quantum_iqp_zz_linear,3,1,-1.123279948718605,0.43582441750255496,-1.5591043662211599,0
1028,Penflufen (Ref: BYF-14182),184,quantum_iqp_zz_linear,3,0,-0.73204001041478,0.43582441750255496,-1.167864427917335,0
1029,"N-[6-[[[(Z)-[(1-Methyl-1H-tetrazol-5-yl)phenylmethylene]amino]oxy]methyl]-2-pyridinyl]-1,1-dimethylethyl ester carbamic acid",183,quantum_iqp_zz_linear,3,0,-0.7835216673459604,0.43582441750255496,-1.2193460848485154,0
16,2-[[Ethoxy[(1-methylethyl)amino]phosphinothioyl]oxy]benzoic acid 1-methylethyl ester,93,logistic,4,1,0.676812625802428,0.6173617095679432,0.05945091623448473,1
19,(2-Chloroethyl)phosphonic acid,457,logistic,4,0,0.43471690119221384,0.6173617095679432,-0.18264480837572938,0
27,"3,6-Dichloro-2-methyoxybenzoic acid",53,logistic,4,0,0.41625710292432977,0.6173617095679432,-0.20110460664361346,0
44,Anethole,450,logistic,4,0,0.2248978432096471,0.6173617095679432,-0.3924638663582961,0
60,"3-(2-Chloro-3,3,3-trifluoro-1-propenyl)-2,2-dimethylcyclopropanecarboxylic acid cyano(3-phenoxyphenyl)methyl ester",4,logistic,4,1,0.5495862967552405,0.6173617095679432,-0.06777541281270272,0
62,Methyleugenol (Ref: Ent 21040),82,logistic,4,0,0.2747105903350708,0.6173617095679432,-0.34265111923287245,0
66,Capsaicin (Ref: NCI-C56564),82,logistic,4,1,0.347649458980536,0.6173617095679432,-0.2697122505874072,0
69,2-phenylphenol,444,logistic,4,0,0.24584502789860946,0.6173617095679432,-0.37151668166933377,0
83,DDT (Ref: OMS 16),60,logistic,4,1,0.42929803877176886,0.6173617095679432,-0.18806367079617436,0
84,Ethion (Ref: ENT 24105),9,logistic,4,1,0.999108485369784,0.6173617095679432,0.3817467758018408,1
86,"Phosphorodithioic acid O,O-diethyl S-[(4-oxo-1,2,3-benzotriazin-3(4H)-yl)methyl] ester",174,logistic,4,1,0.9420491752771045,0.6173617095679432,0.3246874657091613,1
90,Chlormephos (Ref: MC 2188),9,logistic,4,1,0.9598160369291496,0.6173617095679432,0.3424543273612064,1
95,5-Amino-4-chloro-2-phenyl-3(2H)-pyridazinone,161,logistic,4,0,0.2856584231905401,0.6173617095679432,-0.33170328637740315,0
102,(3-Methylphenyl)carbamic acid 3-[(methoxycarbonyl)amino]phenyl ester,15,logistic,4,0,0.44219496462067337,0.6173617095679432,-0.17516674494726986,0
112,"S-[2-(Ethylthio)ethyl]O,O-dimethyl ester phosphorodithioc acid",9,logistic,4,1,0.952904085323494,0.6173617095679432,0.3355423757555508,1
117,Piperonyl butoxide (Ref: ENT 14250),433,logistic,4,0,0.24465116771480128,0.6173617095679432,-0.37271054185314195,0
119,Metsulfuron-methyl (Ref: DPX T6376),0,logistic,4,0,0.31615995838551253,0.6173617095679432,-0.3012017511824307,0
123,"Phosphorodithioic acid S-[[(1,1-dimethylethyl)thio]O,O-diethylmethyl]ester",9,logistic,4,1,0.9669344773127343,0.6173617095679432,0.34957276774479107,1
131,"O,P'-DDT",170,logistic,4,1,0.42929803877176886,0.6173617095679432,-0.18806367079617436,0
134,"N-Phenylcarbamic acid, 1-Methylethyl ester",15,logistic,4,0,0.2899141475986489,0.6173617095679432,-0.3274475619692943,0
138,Flurochloridone (Ref: R 40244),431,logistic,4,0,0.42472697038652263,0.6173617095679432,-0.1926347391814206,0
142,Cyclosulfamuron (Ref: BAS 710H),0,logistic,4,0,0.3017187438408011,0.6173617095679432,-0.3156429657271421,0
156,"O,O-Diethyl S-[2-(ethylsulfanyl)ethyl] phosphorothioate",9,logistic,4,1,0.9490227108167766,0.6173617095679432,0.33166100124883335,1
157,"2-Chloro-N-[[(4-methoxy-6-methyl-1,3,5-triazin-2-yl)amino]carbonyl]benzenesulfonamide",0,logistic,4,0,0.3649370143026006,0.6173617095679432,-0.2524246952653426,0
159,"3-(2,2-Dichloroethenyl)-2,2-dimethylcyclopropanecarboxylic acid, (3-Phenoxyphenyl)methyl ester",4,logistic,4,1,0.49079174215592714,0.6173617095679432,-0.1265699674120161,0
169,Demeton-O-methyl (Ref: ENT 18862),9,logistic,4,1,0.9451663529698693,0.6173617095679432,0.32780464340192605,1
170,"1,1'-(2,2-Dichloroethylidene)bis[4-ethylbenzene",60,logistic,4,1,0.26763822719447716,0.6173617095679432,-0.34972348237346607,0
178,"N-(3-Chlorophenyl)carbamic acid, 1-Methylethyl ester",54,logistic,4,0,0.34142240099888993,0.6173617095679432,-0.2759393085690533,0
181,Demeton (Ref: ENT 17295),9,logistic,4,1,0.9409243783474839,0.6173617095679432,0.32356266877954065,1
183,"2,2-Dichloropropanoic acid",422,logistic,4,0,0.4080999803418991,0.6173617095679432,-0.20926172922604414,0
184,Beta-cypermethrin (Ref: OMS 3068),4,logistic,4,1,0.5176388361452087,0.6173617095679432,-0.09972287342273456,0
187,"Phosphorodithioic acid, O,O-Diethyl-S-[2-(ethylthio)ethyl] ester",9,logistic,4,1,0.9505183490167765,0.6173617095679432,0.3331566394488332,1
193,"S-[2-(Ethylthio)ethyl]O,O-dimethyl ester phosphorothioic acid",9,logistic,4,1,0.9508169698377773,0.6173617095679432,0.3334552602698341,1
198,"2,3,6-TBA (Ref: HC 1281)",53,logistic,4,0,0.44596433636854144,0.6173617095679432,-0.1713973731994018,0
201,"O,O-Diethyl S-[(ethylthio)methyl])ester, Phosphorodithioic acid",9,logistic,4,1,0.9550953146442386,0.6173617095679432,0.33773360507629535,1
206,Dichlobenil (Ref: H 133),125,logistic,4,1,0.35878396323953754,0.6173617095679432,-0.2585777463284057,0
210,"S-[(6-Chloro-2-oxo-3(2H)-benzoxazolyl)methyl]O,O-diethyl ester phosphorodithioic acid",104,logistic,4,1,0.9602254434085689,0.6173617095679432,0.34286373384062563,1
221,Carbofenthion,9,logistic,4,1,0.9662566347868086,0.6173617095679432,0.34889492521886534,1
236,1-methylcyclopropene,416,logistic,4,1,0.1989961704922827,0.6173617095679432,-0.41836553907566054,0
258,Chloramben (Ref: ACP M-629),35,logistic,4,0,0.4394738086829272,0.6173617095679432,-0.17788790088501605,0
277,Pebulate (Ref: R 2061),102,logistic,4,1,0.2918976628286049,0.6173617095679432,-0.3254640467393383,0
294,Fuberidazole,122,logistic,4,0,0.2475041623937913,0.6173617095679432,-0.3698575471741519,0
304,Terbutryn (Ref: GS 14260),24,logistic,4,1,0.3259935708203898,0.6173617095679432,-0.2913681387475534,0
310,"5-Chloro-3-(1,1-dimethylethyl)-6-methyl-2,4(1H,3H)-pyrimidinedione",401,logistic,4,0,0.3479324324937768,0.6173617095679432,-0.2694292770741664,0
311,Chlorophacinone (Ref: LM 91),400,logistic,4,1,0.3634503439613496,0.6173617095679432,-0.2539113656065936,0
322,Thiophanate,15,logistic,4,0,0.49999017246775546,0.6173617095679432,-0.11737153710018777,0
335,"N-[3-[[(Phenylamino)carbonyl]oxy]phenyl]carbamic acid, Ethyl ester",15,logistic,4,0,0.4210157670654986,0.6173617095679432,-0.19634594250244464,0
337,Carbetamide (Ref: RP 11561),15,logistic,4,0,0.32395558045166717,0.6173617095679432,-0.29340612911627606,0
355,Proximpham,15,logistic,4,0,0.32326917400888355,0.6173617095679432,-0.2940925355590597,0
358,Dodemorph,389,logistic,4,0,0.5318840297301708,0.6173617095679432,-0.08547767983777244,0
371,Norflurazon (Ref: H 52143),161,logistic,4,0,0.34388612561368664,0.6173617095679432,-0.2734755839542566,0
379,Terbumeton (Ref: GS 14259),24,logistic,4,0,0.30725205634564773,0.6173617095679432,-0.3101096532222955,0
382,Multistriatin,384,logistic,4,0,0.39694764180210607,0.6173617095679432,-0.22041406776583716,0
384,Tembotrione (Ref: AE 0172747),69,logistic,4,0,0.40130182069776316,0.6173617095679432,-0.21605988887018007,0
386,Fenpropathrin (Ref: OMS 1999),4,logistic,4,1,0.4437614855108697,0.6173617095679432,-0.17360022405707354,0
392,"2,2-Dimethyl-3-(1,1,2,2-tetrabromoethyl)cyclopropanecarboxylic acid cyano(3-phenoxyphenyl)methyl ester",4,logistic,4,1,0.8221026913651927,0.6173617095679432,0.20474098179724942,1
393,"2-[[[[(4-Chloro-6-methoxy-2-pyrimidinyl)amino]carbonyl]amino]sulfonyl]benzoic acid, Ethyl ester",0,logistic,4,0,0.35587967918579855,0.6173617095679432,-0.2614820303821447,0
400,2-Chloro-1-(3-ethoxy-4-nitrophenoxy)-4-(trifluoromethyl)benzene,28,logistic,4,0,0.4492729769037056,0.6173617095679432,-0.16808873266423763,0
401,4-Chloro-alpha-(1-methylethyl)benzeneacetic acid cyano(3-phenoxyphenyl)methyl ester,4,logistic,4,1,0.4299699962111619,0.6173617095679432,-0.18739171335678134,0
404,"3,6-Dichloro-2-pyridinecarboxylic acid",35,logistic,4,0,0.4063031572798439,0.6173617095679432,-0.21105855228809933,0
405,"3-(3,5-Dichlorophenyl)-N-(1-methylethyl)-2,4-dioxo-1-imidazolidinecarboxamide",379,logistic,4,0,0.5228510577388595,0.6173617095679432,-0.09451065182908369,0
407,Nuarimol (Ref: EL 228),160,logistic,4,0,0.2828139001656016,0.6173617095679432,-0.33454780940234163,0
409,"(1R,3R)-3-(2,2-Dibromoethenyl)-2,2-dimethylcyclopropanecarboxylic acid (S)cyano(3-phenoxyphenyl)methyl ester",4,logistic,4,1,0.6465813863586525,0.6173617095679432,0.029219676790709248,1
423,Triflumuron (Ref: OMS 2015),50,logistic,4,0,0.4764031629513312,0.6173617095679432,-0.140958546616612,0
430,Flucythrinate (Ref: OMS 2007),4,logistic,4,1,0.4087878712912211,0.6173617095679432,-0.2085738382767221,0
434,Etrimfos,97,logistic,4,1,0.9492060373608847,0.6173617095679432,0.3318443277929415,1
446,Cyphenothrin (Ref: S 2703),4,logistic,4,1,0.46528838591635885,0.6173617095679432,-0.15207332365158438,0
454,Azamethiphos (Ref: GCA 18809),104,logistic,4,1,0.9575096983565149,0.6173617095679432,0.34014798878857166,1
455,2-[(Aminomethoxyphosphinothioyl)oxy]benzoic acid 1-methylethyl ester,93,logistic,4,1,0.6633864248308879,0.6173617095679432,0.046024715262944715,1
462,Fenoxycarb (Ref: OMS 3010),15,logistic,4,0,0.30761511145060566,0.6173617095679432,-0.30974659811733757,0
464,Bifenthrin (Ref: FMC 54800),4,logistic,4,1,0.5225677670999147,0.6173617095679432,-0.09479394246802852,0
465,"3-[2-Chloro-2-(4-chlorophenyl)ethenyl]-2,2-dimethylcyclopropanecarboxylic acid cyano(4-fluoro-3-phenoxyphenyl)methyl ester",4,logistic,4,1,0.5986147364516569,0.6173617095679432,-0.01874697311628637,0
466,"2-[[[[(4,6-Dimethyl-2-pyrimidinyl)amino]carbonyl]amino]sulfonyl]benzoic acid, Methyl ester",0,logistic,4,0,0.3074434947185742,0.6173617095679432,-0.30991821484936904,0
470,Sulfometuron,0,logistic,4,0,0.3757013788755755,0.6173617095679432,-0.24166033069236775,0
480,"2-Ethoxy-2,3-dihydro-3,3-dimethyl-5-benzofuranol 5-methanesulfonate",367,logistic,4,0,0.3878098321978276,0.6173617095679432,-0.22955187737011562,0
481,Beta-cyfluthrin (Ref: OMS 3051),4,logistic,4,1,0.5472292653813282,0.6173617095679432,-0.07013244418661502,0
484,2-[1-Methyl-2-(4-phenoxyphenoxy)ethoxy]pyridine,365,logistic,4,0,0.28154855733013023,0.6173617095679432,-0.335813152237813,0
495,Metsulfuron (Ref: IN F5438),0,logistic,4,0,0.35798684997761804,0.6173617095679432,-0.2593748595903252,0
498,Diethofencarb (Ref: S 1605),54,logistic,4,0,0.3555289145359167,0.6173617095679432,-0.26183279503202656,0
499,Mepronil (Ref: B1 2459),15,logistic,4,0,0.3523412003511636,0.6173617095679432,-0.2650205092167796,0
500,"5-[2-Chloro-4-(trifluoromethyl)phenoxy]-2-nitrobenzoic acid, 2-Ethoxy-1-methyl-2-oxoethyl ester",28,logistic,4,0,0.4693987933878894,0.6173617095679432,-0.1479629161800538,0
501,Uniconazole (Ref: XE 1019),72,logistic,4,0,0.34024441480691986,0.6173617095679432,-0.27711729476102337,0
503,Isofenphos-methyl,93,logistic,4,1,0.6796720448245622,0.6173617095679432,0.062310335256619,1
506,"2-(2-Chloroethoxy)-N-[[(4-methoxy-6-methyl-1,3,5-triazin-2-yl)amino]carbonyl]benzenesulfonamide",0,logistic,4,0,0.3049196922562047,0.6173617095679432,-0.31244201731173854,0
517,Pyrazosulfuron-ethyl (Ref: NC 311),0,logistic,4,0,0.2640137592360172,0.6173617095679432,-0.353347950331926,0
519,Quinmerac (Ref: BAS 518H),53,logistic,4,0,0.34313316976097125,0.6173617095679432,-0.274228539806972,0
520,"3,7-Dichloro-8-quinolinecarboxylic acidZ",53,logistic,4,0,0.3824506294892537,0.6173617095679432,-0.23491108007868955,0
524,Bensulfuron-methyl (Ref: DPX F5384),0,logistic,4,0,0.2961983955844847,0.6173617095679432,-0.32116331398345854,0
525,Flutolanil (Ref: NNF 136),15,logistic,4,0,0.3949865640165586,0.6173617095679432,-0.22237514555138466,0
527,Bensulfuron (Ref: IN R9419),0,logistic,4,0,0.3165183062993364,0.6173617095679432,-0.3008434032686068,0
528,Diclomezine (Ref: F-850),359,logistic,4,0,0.3304419224229544,0.6173617095679432,-0.28691978714498884,0
529,"2-[[[[[4,6-Bis(difluoromethoxy)-2-pyrimidinyl]amino]carbonyl]amino]sulfonyl]benzoic acid, Methyl ester",0,logistic,4,0,0.32939896190427165,0.6173617095679432,-0.2879627476636716,0
542,Aminopyralid (Ref: XDE 750),35,logistic,4,1,0.44844334020346777,0.6173617095679432,-0.16891836936447546,0
543,"N-[[4,6-Dimethoxy-2-pyrimidinyl)amino]carbonyl]-3-(trifluoromethyl)-2-pyridinesulfonamide",0,logistic,4,0,0.38116987431579946,0.6173617095679432,-0.23619183525214377,0
545,Tebufenpyrad (Ref: AC 801757),136,logistic,4,1,0.38974178451074043,0.6173617095679432,-0.2276199250572028,0
553,Chlorimuron,0,logistic,4,0,0.41572338280986343,0.6173617095679432,-0.2016383267580798,0
559,Flamprop-M-isopropyl (Ref: WL 43425),351,logistic,4,0,0.38932139911406444,0.6173617095679432,-0.2280403104538788,0
560,Cinosulfuron (Ref: CGA 142464),0,logistic,4,0,0.2589606134019932,0.6173617095679432,-0.35840109616595,0
568,"N-[[(4,6-Dimethoxy-2-pyrimidinyl)amino]carbonyl]-2-(ethylsulfonyl)imidazo[1,2-a]pyridine-3-sulfonamide",0,logistic,4,0,0.25906939548224844,0.6173617095679432,-0.3582923140856948,0
570,Thifensulfuron (Ref: IN L9225),0,logistic,4,1,0.4021910130338455,0.6173617095679432,-0.2151706965340977,0
572,Nicosulfuron (Ref: DPX V9360),0,logistic,4,1,0.30320448502244135,0.6173617095679432,-0.3141572245455019,0
577,(alphaE)-alpha-(Methoxyimino)-2-[[[(E)-[1-[3-(trifluoromethyl)phenyl]ethylidene]amino]oxy]methyl]benzeneacteic acid methyl ester,44,logistic,4,0,0.36934701249802565,0.6173617095679432,-0.24801469706991758,0
581,"N-(4-Fluorophenyl)-N-(1-methylethyl)-2-[[5-(trifluoromethyl)-1,3,4-thiadiazol-2-yl]oxy]acetamide",347,logistic,4,0,0.33538486448908544,0.6173617095679432,-0.2819768450788578,0
582,(alphaE)-alpha-(Methoxyimino)-2-[(2-methylphenoxy)methyl]benzeneacetic acid methyl ester,44,logistic,4,0,0.3099888745698703,0.6173617095679432,-0.30737283499807294,0
583,Sulcotrione (Ref: SC 0051),69,logistic,4,0,0.4064401232417694,0.6173617095679432,-0.2109215863261738,0
588,Fenchlorazole (Ref: HOE 072829),344,logistic,4,0,0.5022216368720046,0.6173617095679432,-0.11514007269593862,0
592,Ethametsulfuron-methyl (Ref: DPX-A7881),0,logistic,4,1,0.3217190826283306,0.6173617095679432,-0.29564262693961263,0
595,Aminocyclopyrachlor (Ref: DPX-MAT28),35,logistic,4,0,0.3746018965198823,0.6173617095679432,-0.24275981304806094,0
600,Tebutam (Ref: GPC-5544),151,logistic,4,0,0.3412578664114691,0.6173617095679432,-0.2761038431564741,0
602,Cymiazol (Ref: CGA 50439),338,logistic,4,0,0.29966222688557753,0.6173617095679432,-0.3176994826823657,0
604,"N-[[(4,6-Dimethoxy-2-pyrimidinyl)amino]carbonyl]-3-(ethylsulfonyl)-2-pyridine sulfonamide",0,logistic,4,0,0.31817195529154774,0.6173617095679432,-0.2991897542763955,0
605,"2-[[[[[(4,6-Dimethoxy-2-pyrimidinyl)amino]carbonyl]amino]sulfonyl]amino]-N,N-dimethylbenzamide",0,logistic,4,0,0.31340913544204857,0.6173617095679432,-0.30395257412589466,0
607,Tribenuron (Ref: IN R9803),0,logistic,4,1,0.3501991729073718,0.6173617095679432,-0.26716253666057144,0
608,Amidosulfuron,0,logistic,4,0,0.330253549431461,0.6173617095679432,-0.2871081601364822,0
610,"2-Chloro-N-[[(4,6-dimethoxy-2-pyrimidinyl)amino]carbonyl]imidazo[1,2-a]pyridine-3-sulfonamide",0,logistic,4,0,0.29901720736566073,0.6173617095679432,-0.3183445022022825,0
611,Triflusulfuron,0,logistic,4,0,0.3744120051940187,0.6173617095679432,-0.24294970437392455,0
613,(alphaE)-2-[[6-(2-Cyanophenoxy)-4-pyrimidinyl]oxy]-alpha-(methoxymethylene)benzeneacetic acid methyl ester,85,logistic,4,0,0.34948436543809047,0.6173617095679432,-0.26787734412985276,0
615,"2-[[[[[4-Ethoxy-6-(methylamino)-1,3,5-triazin-2-yl]amino]carbonyl]amino]sulfonyl]benzoic acid",0,logistic,4,0,0.334396646292474,0.6173617095679432,-0.2829650632754692,0
627,Diofenolan (Ref: CGA 059205),335,logistic,4,0,0.3398386146677829,0.6173617095679432,-0.2775230949001603,0
633,"N-[[(4-Methoxy-6-methyl-1,3,5-triazin-2-yl)amino]carbonyl]-2-(3,3,3-trifluoropropyl)benzenesulfonamide",0,logistic,4,0,0.2944800983214451,0.6173617095679432,-0.3228816112464981,0
646,Mesosulfuron-methyl (Ref: AE F130060),0,logistic,4,0,0.29438607779283865,0.6173617095679432,-0.3229756317751046,0
647,Flupyrsulfuron,0,logistic,4,0,0.42740709431466467,0.6173617095679432,-0.18995461525327856,0
648,4-Chloro-N-[2-[3-methoxy-4-(2-propynyloxy)phenyl]ethyl]-alpha-(2-propynyloxy)benzeneacetamide,329,logistic,4,0,0.3091758631094192,0.6173617095679432,-0.30818584645852404,0
657,Acrinathrin (Ref: RU 38702),4,logistic,4,1,0.5455205191025918,0.6173617095679432,-0.07184119046535142,0
662,Foramsulfuron (Ref: AE F130360),0,logistic,4,0,0.29710134536402005,0.6173617095679432,-0.3202603642039232,0
665,Mesotrione (Ref: ZA 1296),69,logistic,4,1,0.36832752334183605,0.6173617095679432,-0.24903418622610718,0
666,Metominostrobin (Ref: SSF 126),44,logistic,4,0,0.3111241579707496,0.6173617095679432,-0.3062375515971936,0
667,Primisulfuron,0,logistic,4,0,0.3752794751138055,0.6173617095679432,-0.24208223445413773,0
671,"3-[(2-Chloro-5-thiazolyl)methyl]tetrahydro-5-methyl-N-nitro-4H-1,3,5-oxadiazin-4-imine",321,logistic,4,1,0.3615996537986521,0.6173617095679432,-0.2557620557692911,0
674,Tau-fluvalinate (Ref: SAN 527l),4,logistic,4,0,0.5151191770782163,0.6173617095679432,-0.10224253248972692,0
683,Pyribenzoxim (Ref: LGC 40863 ),142,logistic,4,0,0.2908790908554778,0.6173617095679432,-0.3264826187124654,0
691,Pyriminobac-methyl (Ref: KIH-6127),142,logistic,4,0,0.3080070253411627,0.6173617095679432,-0.30935468422678053,0
692,Pyrazosulfuron,0,logistic,4,0,0.3330060025267659,0.6173617095679432,-0.28435570704117735,0
693,Ethoxysulfuron (Ref: AE F095404),0,logistic,4,0,0.2949227102197567,0.6173617095679432,-0.32243899934818654,0
699,Azimsulfuron,0,logistic,4,0,0.1986842709934959,0.6173617095679432,-0.41867743857444734,0
701,Mesosulfuron (Ref: AE F154851),0,logistic,4,1,0.331150368757451,0.6173617095679432,-0.2862113408104922,0
704,Mefenpyr diethyl (Ref: HOE 107892),313,logistic,4,0,0.5044900520684416,0.6173617095679432,-0.11287165749950168,0
706,Oxasulfuron (Ref: CGA 277476 ),0,logistic,4,0,0.34492756606615077,0.6173617095679432,-0.27243414350179246,0
715,Sumithrin ,4,logistic,4,1,0.45066684548033026,0.6173617095679432,-0.16669486408761297,0
729,Trifloxysulfuron (Ref: CGA 292230),0,logistic,4,0,0.32366755653747026,0.6173617095679432,-0.29369415303047297,0
731,"1,1'-(2-Nitrobutylidene)bis(4-chlorobenzene), Mixt. with 1,1'-(2-Nitropropylidene)bis(4-chlorobenzene)",60,logistic,4,0,0.35952444307272935,0.6173617095679432,-0.2578372664952139,0
735,"(3-Bromo-6-methoxy-2-methylphenyl)(2,3,4-trimethoxy-6-methylphenyl)methanone",132,logistic,4,0,0.48677694688153395,0.6173617095679432,-0.13058476268640928,0
737,Fluacrypyrim,85,logistic,4,1,0.3800225610205726,0.6173617095679432,-0.23733914854737065,0
738,4-Chloro-3-ethyl-1-methyl-N-[[4-(4-methylphenoxy)phenyl]methyl]-1H-pyrazole-5-carboxamide,136,logistic,4,1,0.35783510590086215,0.6173617095679432,-0.2595266036670811,0
740,Dimoxystrobin (Ref: BAS 505F),44,logistic,4,0,0.31868037829037554,0.6173617095679432,-0.2986813312775677,0
742,Sintofen (Ref: SC 2053),305,logistic,4,0,0.2725991636593937,0.6173617095679432,-0.34476254590854954,0
745,Tritosulfuron,0,logistic,4,0,0.39601068003546486,0.6173617095679432,-0.22135102953247837,0
753,(alphaE)-alpha-(Methoxymethylene)-2-[[[6-(trifluoromethyl)-2-pyridinyl]oxy]methyl]benzeneacetic acid methyl ester,85,logistic,4,0,0.3692070002318143,0.6173617095679432,-0.24815470933612893,0
761,Orysastrobin,44,logistic,4,0,0.27734109819243724,0.6173617095679432,-0.340020611375506,0
776,Trifludimoxazin,298,logistic,4,0,0.349388937038929,0.6173617095679432,-0.26797277252901425,0
794,Iodosulfuron,0,logistic,4,0,0.553931542179509,0.6173617095679432,-0.06343016738843421,0
796,Picloram-dimethylammonium,35,logistic,4,0,0.4643536340534151,0.6173617095679432,-0.1530080755145281,0
800,"(5-Chloro-2-methoxy-4-methylpyridin-3-yl)(2,3,4-trimethoxy-6-methylphenyl)methanone",132,logistic,4,0,0.3872522860820676,0.6173617095679432,-0.23010942348587565,0
803,N-[(2-Chlorophenyl)methyl]-N'-(1-methyl-1-phenylethyl)urea,289,logistic,4,0,0.38034655974544646,0.6173617095679432,-0.23701514982249677,0
818,Flupyrimin,283,logistic,4,0,0.3364938301785041,0.6173617095679432,-0.28086787938943913,0
822,Halauxifen (Ref: X11393729),35,logistic,4,0,0.45175090784878685,0.6173617095679432,-0.16561080171915638,0
839,Eugenol,82,logistic,4,0,0.2794163000444346,0.6173617095679432,-0.33794540952350866,0
844,Trichloronitromethane,276,logistic,4,0,0.46942364732961794,0.6173617095679432,-0.14793806223832529,0
855,Dibromochloropropane (Ref: OS1897),270,logistic,4,0,0.3196570102077664,0.6173617095679432,-0.29770469936017685,0
865,Dicyclopentadiene,263,logistic,4,0,0.27417393808754903,0.6173617095679432,-0.3431877714803942,0
867,"1,1'-(2,2-Dichloroethylidene)bis[4-chlorobenzene]",60,logistic,4,0,0.33100083907418953,0.6173617095679432,-0.2863608704937537,0
885,Karanjin,256,logistic,4,0,0.31701536322782337,0.6173617095679432,-0.30034634634011986,0
888,"1,3-dichloropropene (Ref: D D92)",254,logistic,4,1,0.23331819943729928,0.6173617095679432,-0.384043510130644,0
891,"2,4,5,6-Tetrachloro-1,3-benzenedicarbonitrile",125,logistic,4,0,0.5048389228692924,0.6173617095679432,-0.11252278669865079,0
902,2-(4-Thiazolyl)-1H-benzimidazole,122,logistic,4,1,0.23769969834534882,0.6173617095679432,-0.3796620112225944,0
907,"5-Bromo-6-methyl-3-(1-methylpropyl)-2,4(1H,3H)-pyrimidinedione",246,logistic,4,0,0.36426766927594495,0.6173617095679432,-0.2530940402919983,0
918,Oxolinic acid,242,logistic,4,0,0.38266410995014327,0.6173617095679432,-0.23469759961779996,0
931,Propyzamide (Ref: RH 315),234,logistic,4,0,0.3995888818390112,0.6173617095679432,-0.21777282772893203,0
949,Difenzoquat metilsulfate (Ref: AC 84777),224,logistic,4,0,0.2687008617401557,0.6173617095679432,-0.3486608478277875,0
954,"(1R,3R)-rel-3-[(1Z)-2-Chloro-3,3,3-trifluoro-1-propen-1-yl]-2,2-dimethylcyclopropanecarboxylic acid (2,3,5,6-tetrafluoro-4-methylphenyl)methyl ester",4,logistic,4,1,0.48570480205908173,0.6173617095679432,-0.1316569075088615,0
968,Diafenthiuron (Ref: CGA 106630),214,logistic,4,1,0.5288800284989807,0.6173617095679432,-0.08848168106896248,0
980,"2-[2-(1-Chlorocyclopropyl)-3-(2-chlorophenyl)-2-hydroxypropyl]-1,2-dihydro-3H-1,2,4-triazole-3-thione",207,logistic,4,0,0.3378245967506417,0.6173617095679432,-0.27953711281730154,0
981,Furilazole (Ref: MON 13900),206,logistic,4,0,0.4543613666587984,0.6173617095679432,-0.16300034290914484,0
984,"8-(1,1-Dimethylethyl)-N-ethyl-N-propyl-1,4-dioxaspiro[4.5]decane-2-methanamine",204,logistic,4,1,0.4618511828276491,0.6173617095679432,-0.15551052674029414,0
991,"3-Chloro-5-[[[[(4,6-dimethoxy-2-pyrimidinyl)amino]carbonyl]amino]sulfonyl]-1-methyl-1H-pyrazole-4-carboxylic acid, Methyl ester",0,logistic,4,0,0.32940641862120434,0.6173617095679432,-0.2879552909467389,0
993,3-[2-Chloro-4-(methanesulfonyl)benzoyl]-4-(phenylsulfanyl)bicyclo[3.2.1]oct-3-en-2-one,69,logistic,4,0,0.4859314606640277,0.6173617095679432,-0.13143024890391553,0
995,Benthiavalicarb,112,logistic,4,0,0.35422822216696753,0.6173617095679432,-0.2631334874009757,0
1016,N-[Methyloxido[1-[6-(trifluoromethyl)-3-pyridinyl]ethyl]-lambda4-sulfanylidene]cyanamide,190,logistic,4,1,0.41428716130505916,0.6173617095679432,-0.20307454826288407,0
1024,Brofluthrinate (Ref: ZXI 8901),4,logistic,4,1,0.5475804884544594,0.6173617095679432,-0.06978122111348384,0
1031,"Cyclopropanecarboxylic acid, [(3S,4R,4aR,6S,6aS,12R,12aS,12bS)-3-[(Cyclopropylcarbonyl)oxy]-1,3,4,4a,5,6,6a,12,12a,12b-decahydro-6,12-dihydroxy-4,6a,12b-trimethyl-11-oxo-9-(3-pyridinyl)-2H,11H-naphtho[2,1-b]pyrano[3,4-e]pyran-4-yl]methyl ester",181,logistic,4,0,0.6729453069402193,0.6173617095679432,0.05558359737227603,1
1033,Fluindapyr (Ref: IR9792),179,logistic,4,0,0.44993776122230233,0.6173617095679432,-0.1674239483456409,0
16,2-[[Ethoxy[(1-methylethyl)amino]phosphinothioyl]oxy]benzoic acid 1-methylethyl ester,93,random_forest,4,1,0.7485301833603064,0.6464497655516229,0.10208041780868349,1
19,(2-Chloroethyl)phosphonic acid,457,random_forest,4,0,0.21885897805901958,0.6464497655516229,-0.4275907874926034,0
27,"3,6-Dichloro-2-methyoxybenzoic acid",53,random_forest,4,0,0.6083885723762646,0.6464497655516229,-0.03806119317535828,0
44,Anethole,450,random_forest,4,0,0.08569155597902975,0.6464497655516229,-0.5607582095725931,0
60,"3-(2-Chloro-3,3,3-trifluoro-1-propenyl)-2,2-dimethylcyclopropanecarboxylic acid cyano(3-phenoxyphenyl)methyl ester",4,random_forest,4,1,0.2957879185184322,0.6464497655516229,-0.3506618470331907,0
62,Methyleugenol (Ref: Ent 21040),82,random_forest,4,0,0.10144963216967573,0.6464497655516229,-0.5450001333819472,0
66,Capsaicin (Ref: NCI-C56564),82,random_forest,4,1,0.38447868144900466,0.6464497655516229,-0.26197108410261827,0
69,2-phenylphenol,444,random_forest,4,0,0.06143847793838899,0.6464497655516229,-0.585011287613234,0
83,DDT (Ref: OMS 16),60,random_forest,4,1,0.5711071438937735,0.6464497655516229,-0.07534262165784944,0
84,Ethion (Ref: ENT 24105),9,random_forest,4,1,0.8422229406709167,0.6464497655516229,0.19577317511929382,1
86,"Phosphorodithioic acid O,O-diethyl S-[(4-oxo-1,2,3-benzotriazin-3(4H)-yl)methyl] ester",174,random_forest,4,1,0.9347464945832157,0.6464497655516229,0.28829672903159276,1
90,Chlormephos (Ref: MC 2188),9,random_forest,4,1,0.9723794946057888,0.6464497655516229,0.32592972905416584,1
95,5-Amino-4-chloro-2-phenyl-3(2H)-pyridazinone,161,random_forest,4,0,0.521025944131743,0.6464497655516229,-0.12542382141987996,0
102,(3-Methylphenyl)carbamic acid 3-[(methoxycarbonyl)amino]phenyl ester,15,random_forest,4,0,0.30585999008916026,0.6464497655516229,-0.34058977546246266,0
112,"S-[2-(Ethylthio)ethyl]O,O-dimethyl ester phosphorodithioc acid",9,random_forest,4,1,0.9628031293951018,0.6464497655516229,0.3163533638434789,1
117,Piperonyl butoxide (Ref: ENT 14250),433,random_forest,4,0,0.33655141674876754,0.6464497655516229,-0.3098983488028554,0
119,Metsulfuron-methyl (Ref: DPX T6376),0,random_forest,4,0,0.4415443059230003,0.6464497655516229,-0.2049054596286226,0
123,"Phosphorodithioic acid S-[[(1,1-dimethylethyl)thio]O,O-diethylmethyl]ester",9,random_forest,4,1,0.938470332775918,0.6464497655516229,0.29202056722429504,1
131,"O,P'-DDT",170,random_forest,4,1,0.5711071438937735,0.6464497655516229,-0.07534262165784944,0
134,"N-Phenylcarbamic acid, 1-Methylethyl ester",15,random_forest,4,0,0.3928587540428066,0.6464497655516229,-0.2535910115088163,0
138,Flurochloridone (Ref: R 40244),431,random_forest,4,0,0.17427030695410856,0.6464497655516229,-0.47217945859751437,0
142,Cyclosulfamuron (Ref: BAS 710H),0,random_forest,4,0,0.24316707840866703,0.6464497655516229,-0.4032826871429559,0
156,"O,O-Diethyl S-[2-(ethylsulfanyl)ethyl] phosphorothioate",9,random_forest,4,1,0.9658996542709929,0.6464497655516229,0.31944988871936997,1
157,"2-Chloro-N-[[(4-methoxy-6-methyl-1,3,5-triazin-2-yl)amino]carbonyl]benzenesulfonamide",0,random_forest,4,0,0.21558093129825176,0.6464497655516229,-0.4308688342533712,0
159,"3-(2,2-Dichloroethenyl)-2,2-dimethylcyclopropanecarboxylic acid, (3-Phenoxyphenyl)methyl ester",4,random_forest,4,1,0.35460135414638627,0.6464497655516229,-0.29184841140523665,0
169,Demeton-O-methyl (Ref: ENT 18862),9,random_forest,4,1,0.986008861758812,0.6464497655516229,0.33955909620718905,1
170,"1,1'-(2,2-Dichloroethylidene)bis[4-ethylbenzene",60,random_forest,4,1,0.5160822769345369,0.6464497655516229,-0.13036748861708602,0
178,"N-(3-Chlorophenyl)carbamic acid, 1-Methylethyl ester",54,random_forest,4,0,0.2992997723254995,0.6464497655516229,-0.34714999322612344,0
181,Demeton (Ref: ENT 17295),9,random_forest,4,1,0.9550601480751205,0.6464497655516229,0.3086103825234976,1
183,"2,2-Dichloropropanoic acid",422,random_forest,4,0,0.16381083918377567,0.6464497655516229,-0.4826389263678472,0
184,Beta-cypermethrin (Ref: OMS 3068),4,random_forest,4,1,0.30878875422954866,0.6464497655516229,-0.33766101132207427,0
187,"Phosphorodithioic acid, O,O-Diethyl-S-[2-(ethylthio)ethyl] ester",9,random_forest,4,1,0.9694133127034905,0.6464497655516229,0.3229635471518676,1
193,"S-[2-(Ethylthio)ethyl]O,O-dimethyl ester phosphorothioic acid",9,random_forest,4,1,0.9714569260342152,0.6464497655516229,0.32500716048259226,1
198,"2,3,6-TBA (Ref: HC 1281)",53,random_forest,4,0,0.21279713595242883,0.6464497655516229,-0.4336526295991941,0
201,"O,O-Diethyl S-[(ethylthio)methyl])ester, Phosphorodithioic acid",9,random_forest,4,1,0.9734970143376926,0.6464497655516229,0.3270472487860697,1
206,Dichlobenil (Ref: H 133),125,random_forest,4,1,0.03957647095761558,0.6464497655516229,-0.6068732945940073,0
210,"S-[(6-Chloro-2-oxo-3(2H)-benzoxazolyl)methyl]O,O-diethyl ester phosphorodithioic acid",104,random_forest,4,1,0.9489086133872472,0.6464497655516229,0.30245884783562427,1
221,Carbofenthion,9,random_forest,4,1,0.9403650729548415,0.6464497655516229,0.2939153074032186,1
236,1-methylcyclopropene,416,random_forest,4,1,0.1672325529963545,0.6464497655516229,-0.4792172125552684,0
258,Chloramben (Ref: ACP M-629),35,random_forest,4,0,0.30313770932553963,0.6464497655516229,-0.3433120562260833,0
277,Pebulate (Ref: R 2061),102,random_forest,4,1,0.3791630603183572,0.6464497655516229,-0.2672867052332657,0
294,Fuberidazole,122,random_forest,4,0,0.515573633024638,0.6464497655516229,-0.13087613252698493,0
304,Terbutryn (Ref: GS 14260),24,random_forest,4,1,0.15496937430543578,0.6464497655516229,-0.49148039124618714,0
310,"5-Chloro-3-(1,1-dimethylethyl)-6-methyl-2,4(1H,3H)-pyrimidinedione",401,random_forest,4,0,0.2649769066351262,0.6464497655516229,-0.38147285891649674,0
311,Chlorophacinone (Ref: LM 91),400,random_forest,4,1,0.20533906113552342,0.6464497655516229,-0.4411107044160995,0
322,Thiophanate,15,random_forest,4,0,0.21366310483432913,0.6464497655516229,-0.43278666071729377,0
335,"N-[3-[[(Phenylamino)carbonyl]oxy]phenyl]carbamic acid, Ethyl ester",15,random_forest,4,0,0.32378105359298326,0.6464497655516229,-0.32266871195863966,0
337,Carbetamide (Ref: RP 11561),15,random_forest,4,0,0.15619136598325328,0.6464497655516229,-0.49025839956836964,0
355,Proximpham,15,random_forest,4,0,0.43020589399270504,0.6464497655516229,-0.2162438715589179,0
358,Dodemorph,389,random_forest,4,0,0.4531849727781388,0.6464497655516229,-0.19326479277348413,0
371,Norflurazon (Ref: H 52143),161,random_forest,4,0,0.17044376610083248,0.6464497655516229,-0.4760059994507905,0
379,Terbumeton (Ref: GS 14259),24,random_forest,4,0,0.16177967703707175,0.6464497655516229,-0.4846700885145512,0
382,Multistriatin,384,random_forest,4,0,0.04130442615458568,0.6464497655516229,-0.6051453393970372,0
384,Tembotrione (Ref: AE 0172747),69,random_forest,4,0,0.13939847262598531,0.6464497655516229,-0.5070512929256377,0
386,Fenpropathrin (Ref: OMS 1999),4,random_forest,4,1,0.3123622768926881,0.6464497655516229,-0.33408748865893484,0
392,"2,2-Dimethyl-3-(1,1,2,2-tetrabromoethyl)cyclopropanecarboxylic acid cyano(3-phenoxyphenyl)methyl ester",4,random_forest,4,1,0.5378452522428847,0.6464497655516229,-0.10860451330873822,0
393,"2-[[[[(4-Chloro-6-methoxy-2-pyrimidinyl)amino]carbonyl]amino]sulfonyl]benzoic acid, Ethyl ester",0,random_forest,4,0,0.23357315380180832,0.6464497655516229,-0.4128766117498146,0
400,2-Chloro-1-(3-ethoxy-4-nitrophenoxy)-4-(trifluoromethyl)benzene,28,random_forest,4,0,0.31353411795425423,0.6464497655516229,-0.3329156475973687,0
401,4-Chloro-alpha-(1-methylethyl)benzeneacetic acid cyano(3-phenoxyphenyl)methyl ester,4,random_forest,4,1,0.2931976050272188,0.6464497655516229,-0.3532521605244041,0
404,"3,6-Dichloro-2-pyridinecarboxylic acid",35,random_forest,4,0,0.3776396774499667,0.6464497655516229,-0.26881008810165624,0
405,"3-(3,5-Dichlorophenyl)-N-(1-methylethyl)-2,4-dioxo-1-imidazolidinecarboxamide",379,random_forest,4,0,0.28332969930945445,0.6464497655516229,-0.36312006624216847,0
407,Nuarimol (Ref: EL 228),160,random_forest,4,0,0.3251081089691919,0.6464497655516229,-0.321341656582431,0
409,"(1R,3R)-3-(2,2-Dibromoethenyl)-2,2-dimethylcyclopropanecarboxylic acid (S)cyano(3-phenoxyphenyl)methyl ester",4,random_forest,4,1,0.4205118983939759,0.6464497655516229,-0.22593786715764702,0
423,Triflumuron (Ref: OMS 2015),50,random_forest,4,0,0.31001585325408443,0.6464497655516229,-0.3364339122975385,0
430,Flucythrinate (Ref: OMS 2007),4,random_forest,4,1,0.26306190417492564,0.6464497655516229,-0.3833878613766973,0
434,Etrimfos,97,random_forest,4,1,0.9669311137229037,0.6464497655516229,0.3204813481712808,1
446,Cyphenothrin (Ref: S 2703),4,random_forest,4,1,0.38122277119120135,0.6464497655516229,-0.2652269943604216,0
454,Azamethiphos (Ref: GCA 18809),104,random_forest,4,1,0.8909533092859588,0.6464497655516229,0.24450354373433592,1
455,2-[(Aminomethoxyphosphinothioyl)oxy]benzoic acid 1-methylethyl ester,93,random_forest,4,1,0.8227237954934714,0.6464497655516229,0.1762740299418485,1
462,Fenoxycarb (Ref: OMS 3010),15,random_forest,4,0,0.29383741142556913,0.6464497655516229,-0.3526123541260538,0
464,Bifenthrin (Ref: FMC 54800),4,random_forest,4,1,0.46468380826947236,0.6464497655516229,-0.18176595728215056,0
465,"3-[2-Chloro-2-(4-chlorophenyl)ethenyl]-2,2-dimethylcyclopropanecarboxylic acid cyano(4-fluoro-3-phenoxyphenyl)methyl ester",4,random_forest,4,1,0.5038021602124835,0.6464497655516229,-0.14264760533913945,0
466,"2-[[[[(4,6-Dimethyl-2-pyrimidinyl)amino]carbonyl]amino]sulfonyl]benzoic acid, Methyl ester",0,random_forest,4,0,0.14832825981480763,0.6464497655516229,-0.4981215057368153,0
470,Sulfometuron,0,random_forest,4,0,0.20809111109451087,0.6464497655516229,-0.4383586544571121,0
480,"2-Ethoxy-2,3-dihydro-3,3-dimethyl-5-benzofuranol 5-methanesulfonate",367,random_forest,4,0,0.34500878585024136,0.6464497655516229,-0.30144097970138156,0
481,Beta-cyfluthrin (Ref: OMS 3051),4,random_forest,4,1,0.25370230688154577,0.6464497655516229,-0.39274745867007715,0
484,2-[1-Methyl-2-(4-phenoxyphenoxy)ethoxy]pyridine,365,random_forest,4,0,0.42473954812897563,0.6464497655516229,-0.2217102174226473,0
495,Metsulfuron (Ref: IN F5438),0,random_forest,4,0,0.337541042413864,0.6464497655516229,-0.3089087231377589,0
498,Diethofencarb (Ref: S 1605),54,random_forest,4,0,0.22476936529123204,0.6464497655516229,-0.4216804002603909,0
499,Mepronil (Ref: B1 2459),15,random_forest,4,0,0.4123809233208989,0.6464497655516229,-0.23406884223072405,0
500,"5-[2-Chloro-4-(trifluoromethyl)phenoxy]-2-nitrobenzoic acid, 2-Ethoxy-1-methyl-2-oxoethyl ester",28,random_forest,4,0,0.2807135355370828,0.6464497655516229,-0.36573623001454014,0
501,Uniconazole (Ref: XE 1019),72,random_forest,4,0,0.1314799740394537,0.6464497655516229,-0.5149697915121693,0
503,Isofenphos-methyl,93,random_forest,4,1,0.8463669236637397,0.6464497655516229,0.19991715811211674,1
506,"2-(2-Chloroethoxy)-N-[[(4-methoxy-6-methyl-1,3,5-triazin-2-yl)amino]carbonyl]benzenesulfonamide",0,random_forest,4,0,0.19626135596990524,0.6464497655516229,-0.4501884095817177,0
517,Pyrazosulfuron-ethyl (Ref: NC 311),0,random_forest,4,0,0.32671702589567914,0.6464497655516229,-0.3197327396559438,0
519,Quinmerac (Ref: BAS 518H),53,random_forest,4,0,0.4646663277539267,0.6464497655516229,-0.18178343779769623,0
520,"3,7-Dichloro-8-quinolinecarboxylic acidZ",53,random_forest,4,0,0.29804750029821697,0.6464497655516229,-0.34840226525340595,0
524,Bensulfuron-methyl (Ref: DPX F5384),0,random_forest,4,0,0.31104432587351816,0.6464497655516229,-0.33540543967810477,0
525,Flutolanil (Ref: NNF 136),15,random_forest,4,0,0.37224640967223366,0.6464497655516229,-0.27420335587938927,0
527,Bensulfuron (Ref: IN R9419),0,random_forest,4,0,0.4030115351861876,0.6464497655516229,-0.24343823036543533,0
528,Diclomezine (Ref: F-850),359,random_forest,4,0,0.13471230432699396,0.6464497655516229,-0.5117374612246289,0
529,"2-[[[[[4,6-Bis(difluoromethoxy)-2-pyrimidinyl]amino]carbonyl]amino]sulfonyl]benzoic acid, Methyl ester",0,random_forest,4,0,0.3115714503285272,0.6464497655516229,-0.33487831522309575,0
542,Aminopyralid (Ref: XDE 750),35,random_forest,4,1,0.20040957939992463,0.6464497655516229,-0.44604018615169827,0
543,"N-[[4,6-Dimethoxy-2-pyrimidinyl)amino]carbonyl]-3-(trifluoromethyl)-2-pyridinesulfonamide",0,random_forest,4,0,0.24583524773259663,0.6464497655516229,-0.4006145178190263,0
545,Tebufenpyrad (Ref: AC 801757),136,random_forest,4,1,0.3153951613083074,0.6464497655516229,-0.3310546042433155,0
553,Chlorimuron,0,random_forest,4,0,0.351991606364324,0.6464497655516229,-0.29445815918729895,0
559,Flamprop-M-isopropyl (Ref: WL 43425),351,random_forest,4,0,0.17183823329490952,0.6464497655516229,-0.4746115322567134,0
560,Cinosulfuron (Ref: CGA 142464),0,random_forest,4,0,0.3091003249718021,0.6464497655516229,-0.3373494405798208,0
568,"N-[[(4,6-Dimethoxy-2-pyrimidinyl)amino]carbonyl]-2-(ethylsulfonyl)imidazo[1,2-a]pyridine-3-sulfonamide",0,random_forest,4,0,0.3581709069918049,0.6464497655516229,-0.288278858559818,0
570,Thifensulfuron (Ref: IN L9225),0,random_forest,4,1,0.35695134127068107,0.6464497655516229,-0.28949842428094186,0
572,Nicosulfuron (Ref: DPX V9360),0,random_forest,4,1,0.3037217092953506,0.6464497655516229,-0.34272805625627234,0
577,(alphaE)-alpha-(Methoxyimino)-2-[[[(E)-[1-[3-(trifluoromethyl)phenyl]ethylidene]amino]oxy]methyl]benzeneacteic acid methyl ester,44,random_forest,4,0,0.1717114438387496,0.6464497655516229,-0.47473832171287333,0
581,"N-(4-Fluorophenyl)-N-(1-methylethyl)-2-[[5-(trifluoromethyl)-1,3,4-thiadiazol-2-yl]oxy]acetamide",347,random_forest,4,0,0.17805518454010658,0.6464497655516229,-0.4683945810115163,0
582,(alphaE)-alpha-(Methoxyimino)-2-[(2-methylphenoxy)methyl]benzeneacetic acid methyl ester,44,random_forest,4,0,0.20520539675442329,0.6464497655516229,-0.44124436879719964,0
583,Sulcotrione (Ref: SC 0051),69,random_forest,4,0,0.06005736899508668,0.6464497655516229,-0.5863923965565363,0
588,Fenchlorazole (Ref: HOE 072829),344,random_forest,4,0,0.310002136523091,0.6464497655516229,-0.3364476290285319,0
592,Ethametsulfuron-methyl (Ref: DPX-A7881),0,random_forest,4,1,0.36670009979270957,0.6464497655516229,-0.27974966575891336,0
595,Aminocyclopyrachlor (Ref: DPX-MAT28),35,random_forest,4,0,0.20868220333860021,0.6464497655516229,-0.4377675622130227,0
600,Tebutam (Ref: GPC-5544),151,random_forest,4,0,0.11809405047812982,0.6464497655516229,-0.5283557150734931,0
602,Cymiazol (Ref: CGA 50439),338,random_forest,4,0,0.47573742854202794,0.6464497655516229,-0.17071233700959498,0
604,"N-[[(4,6-Dimethoxy-2-pyrimidinyl)amino]carbonyl]-3-(ethylsulfonyl)-2-pyridine sulfonamide",0,random_forest,4,0,0.37742956214298223,0.6464497655516229,-0.2690202034086407,0
605,"2-[[[[[(4,6-Dimethoxy-2-pyrimidinyl)amino]carbonyl]amino]sulfonyl]amino]-N,N-dimethylbenzamide",0,random_forest,4,0,0.333799590176606,0.6464497655516229,-0.31265017537501694,0
607,Tribenuron (Ref: IN R9803),0,random_forest,4,1,0.3821572206143143,0.6464497655516229,-0.26429254493730864,0
608,Amidosulfuron,0,random_forest,4,0,0.32352797670355204,0.6464497655516229,-0.3229217888480709,0
610,"2-Chloro-N-[[(4,6-dimethoxy-2-pyrimidinyl)amino]carbonyl]imidazo[1,2-a]pyridine-3-sulfonamide",0,random_forest,4,0,0.32493383108096696,0.6464497655516229,-0.32151593447065596,0
611,Triflusulfuron,0,random_forest,4,0,0.3431235754840811,0.6464497655516229,-0.3033261900675418,0
613,(alphaE)-2-[[6-(2-Cyanophenoxy)-4-pyrimidinyl]oxy]-alpha-(methoxymethylene)benzeneacetic acid methyl ester,85,random_forest,4,0,0.43385915781821505,0.6464497655516229,-0.21259060773340788,0
615,"2-[[[[[4-Ethoxy-6-(methylamino)-1,3,5-triazin-2-yl]amino]carbonyl]amino]sulfonyl]benzoic acid",0,random_forest,4,0,0.41361956588546067,0.6464497655516229,-0.23283019966616225,0
627,Diofenolan (Ref: CGA 059205),335,random_forest,4,0,0.28639285352473354,0.6464497655516229,-0.3600569120268894,0
633,"N-[[(4-Methoxy-6-methyl-1,3,5-triazin-2-yl)amino]carbonyl]-2-(3,3,3-trifluoropropyl)benzenesulfonamide",0,random_forest,4,0,0.10922650616409074,0.6464497655516229,-0.5372232593875321,0
646,Mesosulfuron-methyl (Ref: AE F130060),0,random_forest,4,0,0.410658629802877,0.6464497655516229,-0.23579113574874594,0
647,Flupyrsulfuron,0,random_forest,4,0,0.31612584143581357,0.6464497655516229,-0.33032392411580935,0
648,4-Chloro-N-[2-[3-methoxy-4-(2-propynyloxy)phenyl]ethyl]-alpha-(2-propynyloxy)benzeneacetamide,329,random_forest,4,0,0.3153717684121265,0.6464497655516229,-0.3310779971394964,0
657,Acrinathrin (Ref: RU 38702),4,random_forest,4,1,0.4054196803953921,0.6464497655516229,-0.2410300851562308,0
662,Foramsulfuron (Ref: AE F130360),0,random_forest,4,0,0.30912499330941173,0.6464497655516229,-0.3373247722422112,0
665,Mesotrione (Ref: ZA 1296),69,random_forest,4,1,0.16055389657145797,0.6464497655516229,-0.48589586898016496,0
666,Metominostrobin (Ref: SSF 126),44,random_forest,4,0,0.2866683385448889,0.6464497655516229,-0.35978142700673404,0
667,Primisulfuron,0,random_forest,4,0,0.3182112429444723,0.6464497655516229,-0.32823852260715064,0
671,"3-[(2-Chloro-5-thiazolyl)methyl]tetrahydro-5-methyl-N-nitro-4H-1,3,5-oxadiazin-4-imine",321,random_forest,4,1,0.1939637911843189,0.6464497655516229,-0.45248597436730403,0
674,Tau-fluvalinate (Ref: SAN 527l),4,random_forest,4,0,0.41817175332484313,0.6464497655516229,-0.2282780122267798,0
683,Pyribenzoxim (Ref: LGC 40863 ),142,random_forest,4,0,0.5909369752174988,0.6464497655516229,-0.05551279033412415,0
691,Pyriminobac-methyl (Ref: KIH-6127),142,random_forest,4,0,0.15116606579754555,0.6464497655516229,-0.4952836997540774,0
692,Pyrazosulfuron,0,random_forest,4,0,0.3518390858913672,0.6464497655516229,-0.2946106796602557,0
693,Ethoxysulfuron (Ref: AE F095404),0,random_forest,4,0,0.2374658793595289,0.6464497655516229,-0.408983886192094,0
699,Azimsulfuron,0,random_forest,4,0,0.3606641856844233,0.6464497655516229,-0.2857855798671996,0
701,Mesosulfuron (Ref: AE F154851),0,random_forest,4,1,0.35694414359554316,0.6464497655516229,-0.28950562195607976,0
704,Mefenpyr diethyl (Ref: HOE 107892),313,random_forest,4,0,0.23769105769416554,0.6464497655516229,-0.4087587078574574,0
706,Oxasulfuron (Ref: CGA 277476 ),0,random_forest,4,0,0.2886411022775739,0.6464497655516229,-0.35780866327404903,0
715,Sumithrin ,4,random_forest,4,1,0.4619038469301891,0.6464497655516229,-0.18454591862143382,0
729,Trifloxysulfuron (Ref: CGA 292230),0,random_forest,4,0,0.22790311235674626,0.6464497655516229,-0.41854665319487666,0
731,"1,1'-(2-Nitrobutylidene)bis(4-chlorobenzene), Mixt. with 1,1'-(2-Nitropropylidene)bis(4-chlorobenzene)",60,random_forest,4,0,0.20002692922927287,0.6464497655516229,-0.44642283632235,0
735,"(3-Bromo-6-methoxy-2-methylphenyl)(2,3,4-trimethoxy-6-methylphenyl)methanone",132,random_forest,4,0,0.2154025013367726,0.6464497655516229,-0.4310472642148503,0
737,Fluacrypyrim,85,random_forest,4,1,0.1393776449953482,0.6464497655516229,-0.5070721205562747,0
738,4-Chloro-3-ethyl-1-methyl-N-[[4-(4-methylphenoxy)phenyl]methyl]-1H-pyrazole-5-carboxamide,136,random_forest,4,1,0.3999188743938735,0.6464497655516229,-0.2465308911577494,0
740,Dimoxystrobin (Ref: BAS 505F),44,random_forest,4,0,0.23531529658122488,0.6464497655516229,-0.41113446897039807,0
742,Sintofen (Ref: SC 2053),305,random_forest,4,0,0.2082959602464426,0.6464497655516229,-0.43815380530518033,0
745,Tritosulfuron,0,random_forest,4,0,0.2516955331026089,0.6464497655516229,-0.39475423244901403,0
753,(alphaE)-alpha-(Methoxymethylene)-2-[[[6-(trifluoromethyl)-2-pyridinyl]oxy]methyl]benzeneacetic acid methyl ester,85,random_forest,4,0,0.1889897723031656,0.6464497655516229,-0.4574599932484573,0
761,Orysastrobin,44,random_forest,4,0,0.2663187062862171,0.6464497655516229,-0.3801310592654058,0
776,Trifludimoxazin,298,random_forest,4,0,0.1264719824167027,0.6464497655516229,-0.5199777831349202,0
794,Iodosulfuron,0,random_forest,4,0,0.4088147731187324,0.6464497655516229,-0.23763499243289055,0
796,Picloram-dimethylammonium,35,random_forest,4,0,0.1768713703113959,0.6464497655516229,-0.46957839524022704,0
800,"(5-Chloro-2-methoxy-4-methylpyridin-3-yl)(2,3,4-trimethoxy-6-methylphenyl)methanone",132,random_forest,4,0,0.22514244594616273,0.6464497655516229,-0.4213073196054602,0
803,N-[(2-Chlorophenyl)methyl]-N'-(1-methyl-1-phenylethyl)urea,289,random_forest,4,0,0.3501196179960093,0.6464497655516229,-0.2963301475556136,0
818,Flupyrimin,283,random_forest,4,0,0.15606386028685468,0.6464497655516229,-0.4903859052647682,0
822,Halauxifen (Ref: X11393729),35,random_forest,4,0,0.3486072952374835,0.6464497655516229,-0.2978424703141394,0
839,Eugenol,82,random_forest,4,0,0.06764700386626511,0.6464497655516229,-0.5788027616853578,0
844,Trichloronitromethane,276,random_forest,4,0,0.1961577198290576,0.6464497655516229,-0.4502920457225653,0
855,Dibromochloropropane (Ref: OS1897),270,random_forest,4,0,0.24546683310163075,0.6464497655516229,-0.40098293244999217,0
865,Dicyclopentadiene,263,random_forest,4,0,0.25364287724950696,0.6464497655516229,-0.39280688830211596,0
867,"1,1'-(2,2-Dichloroethylidene)bis[4-chlorobenzene]",60,random_forest,4,0,0.5678098293565003,0.6464497655516229,-0.07863993619512266,0
885,Karanjin,256,random_forest,4,0,0.3851371921616449,0.6464497655516229,-0.26131257338997804,0
888,"1,3-dichloropropene (Ref: D D92)",254,random_forest,4,1,0.12885221813033818,0.6464497655516229,-0.5175975474212847,0
891,"2,4,5,6-Tetrachloro-1,3-benzenedicarbonitrile",125,random_forest,4,0,0.21864608783940076,0.6464497655516229,-0.42780367771222216,0
902,2-(4-Thiazolyl)-1H-benzimidazole,122,random_forest,4,1,0.39987912877252957,0.6464497655516229,-0.24657063677909336,0
907,"5-Bromo-6-methyl-3-(1-methylpropyl)-2,4(1H,3H)-pyrimidinedione",246,random_forest,4,0,0.15045061949457425,0.6464497655516229,-0.49599914605704865,0
918,Oxolinic acid,242,random_forest,4,0,0.25826390223586876,0.6464497655516229,-0.38818586331575416,0
931,Propyzamide (Ref: RH 315),234,random_forest,4,0,0.02582247006685743,0.6464497655516229,-0.6206272954847655,0
949,Difenzoquat metilsulfate (Ref: AC 84777),224,random_forest,4,0,0.12430265012792378,0.6464497655516229,-0.5221471154236992,0
954,"(1R,3R)-rel-3-[(1Z)-2-Chloro-3,3,3-trifluoro-1-propen-1-yl]-2,2-dimethylcyclopropanecarboxylic acid (2,3,5,6-tetrafluoro-4-methylphenyl)methyl ester",4,random_forest,4,1,0.652205151538247,0.6464497655516229,0.005755385986624062,1
968,Diafenthiuron (Ref: CGA 106630),214,random_forest,4,1,0.33745005824832186,0.6464497655516229,-0.30899970730330106,0
980,"2-[2-(1-Chlorocyclopropyl)-3-(2-chlorophenyl)-2-hydroxypropyl]-1,2-dihydro-3H-1,2,4-triazole-3-thione",207,random_forest,4,0,0.1430475250677373,0.6464497655516229,-0.5034022404838856,0
981,Furilazole (Ref: MON 13900),206,random_forest,4,0,0.30102105593720047,0.6464497655516229,-0.34542870961442246,0
984,"8-(1,1-Dimethylethyl)-N-ethyl-N-propyl-1,4-dioxaspiro[4.5]decane-2-methanamine",204,random_forest,4,1,0.1975079993033697,0.6464497655516229,-0.4489417662482532,0
991,"3-Chloro-5-[[[[(4,6-dimethoxy-2-pyrimidinyl)amino]carbonyl]amino]sulfonyl]-1-methyl-1H-pyrazole-4-carboxylic acid, Methyl ester",0,random_forest,4,0,0.32522946731370783,0.6464497655516229,-0.3212202982379151,0
993,3-[2-Chloro-4-(methanesulfonyl)benzoyl]-4-(phenylsulfanyl)bicyclo[3.2.1]oct-3-en-2-one,69,random_forest,4,0,0.23602056816122513,0.6464497655516229,-0.4104291973903978,0
995,Benthiavalicarb,112,random_forest,4,0,0.1470652300648696,0.6464497655516229,-0.4993845354867533,0
1016,N-[Methyloxido[1-[6-(trifluoromethyl)-3-pyridinyl]ethyl]-lambda4-sulfanylidene]cyanamide,190,random_forest,4,1,0.20016813375888762,0.6464497655516229,-0.4462816317927353,0
1024,Brofluthrinate (Ref: ZXI 8901),4,random_forest,4,1,0.5087478022423145,0.6464497655516229,-0.1377019633093084,0
1031,"Cyclopropanecarboxylic acid, [(3S,4R,4aR,6S,6aS,12R,12aS,12bS)-3-[(Cyclopropylcarbonyl)oxy]-1,3,4,4a,5,6,6a,12,12a,12b-decahydro-6,12-dihydroxy-4,6a,12b-trimethyl-11-oxo-9-(3-pyridinyl)-2H,11H-naphtho[2,1-b]pyrano[3,4-e]pyran-4-yl]methyl ester",181,random_forest,4,0,0.5701310193199316,0.6464497655516229,-0.07631874623169133,0
1033,Fluindapyr (Ref: IR9792),179,random_forest,4,0,0.1793187777547338,0.6464497655516229,-0.4671309877968891,0
16,2-[[Ethoxy[(1-methylethyl)amino]phosphinothioyl]oxy]benzoic acid 1-methylethyl ester,93,mlp,4,1,0.4623994891898761,0.5277474054271143,-0.06534791623723818,0
19,(2-Chloroethyl)phosphonic acid,457,mlp,4,0,0.2910523839270169,0.5277474054271143,-0.2366950215000974,0
27,"3,6-Dichloro-2-methyoxybenzoic acid",53,mlp,4,0,0.3850009328395568,0.5277474054271143,-0.14274647258755752,0
44,Anethole,450,mlp,4,0,0.18174636907438235,0.5277474054271143,-0.34600103635273194,0
60,"3-(2-Chloro-3,3,3-trifluoro-1-propenyl)-2,2-dimethylcyclopropanecarboxylic acid cyano(3-phenoxyphenyl)methyl ester",4,mlp,4,1,0.47245183641500993,0.5277474054271143,-0.05529556901210436,0
62,Methyleugenol (Ref: Ent 21040),82,mlp,4,0,0.28586503457776336,0.5277474054271143,-0.24188237084935094,0
66,Capsaicin (Ref: NCI-C56564),82,mlp,4,1,0.37752984923517546,0.5277474054271143,-0.15021755619193883,0
69,2-phenylphenol,444,mlp,4,0,0.22602072446186328,0.5277474054271143,-0.301726680965251,0
83,DDT (Ref: OMS 16),60,mlp,4,1,0.43186248870960936,0.5277474054271143,-0.09588491671750493,0
84,Ethion (Ref: ENT 24105),9,mlp,4,1,0.7529278225657364,0.5277474054271143,0.22518041713862214,1
86,"Phosphorodithioic acid O,O-diethyl S-[(4-oxo-1,2,3-benzotriazin-3(4H)-yl)methyl] ester",174,mlp,4,1,0.532084132943866,0.5277474054271143,0.004336727516751737,1
90,Chlormephos (Ref: MC 2188),9,mlp,4,1,0.6498102142021853,0.5277474054271143,0.12206280877507103,1
95,5-Amino-4-chloro-2-phenyl-3(2H)-pyridazinone,161,mlp,4,0,0.29626842719037777,0.5277474054271143,-0.23147897823673652,0
102,(3-Methylphenyl)carbamic acid 3-[(methoxycarbonyl)amino]phenyl ester,15,mlp,4,0,0.3423515557023299,0.5277474054271143,-0.1853958497247844,0
112,"S-[2-(Ethylthio)ethyl]O,O-dimethyl ester phosphorodithioc acid",9,mlp,4,1,0.6701517747158576,0.5277474054271143,0.14240436928874334,1
117,Piperonyl butoxide (Ref: ENT 14250),433,mlp,4,0,0.36168237929479513,0.5277474054271143,-0.16606502613231916,0
119,Metsulfuron-methyl (Ref: DPX T6376),0,mlp,4,0,0.3403526594996129,0.5277474054271143,-0.18739474592750138,0
123,"Phosphorodithioic acid S-[[(1,1-dimethylethyl)thio]O,O-diethylmethyl]ester",9,mlp,4,1,0.6383713864934866,0.5277474054271143,0.11062398106637228,1
131,"O,P'-DDT",170,mlp,4,1,0.43186248870960936,0.5277474054271143,-0.09588491671750493,0
134,"N-Phenylcarbamic acid, 1-Methylethyl ester",15,mlp,4,0,0.22824185771260408,0.5277474054271143,-0.2995055477145102,0
138,Flurochloridone (Ref: R 40244),431,mlp,4,0,0.41519145387391765,0.5277474054271143,-0.11255595155319664,0
142,Cyclosulfamuron (Ref: BAS 710H),0,mlp,4,0,0.37315657086031806,0.5277474054271143,-0.15459083456679623,0
156,"O,O-Diethyl S-[2-(ethylsulfanyl)ethyl] phosphorothioate",9,mlp,4,1,0.6553845885016931,0.5277474054271143,0.12763718307457883,1
157,"2-Chloro-N-[[(4-methoxy-6-methyl-1,3,5-triazin-2-yl)amino]carbonyl]benzenesulfonamide",0,mlp,4,0,0.38627322006603815,0.5277474054271143,-0.14147418536107614,0
159,"3-(2,2-Dichloroethenyl)-2,2-dimethylcyclopropanecarboxylic acid, (3-Phenoxyphenyl)methyl ester",4,mlp,4,1,0.4081365066117024,0.5277474054271143,-0.11961089881541187,0
169,Demeton-O-methyl (Ref: ENT 18862),9,mlp,4,1,0.6654965019087253,0.5277474054271143,0.13774909648161104,1
170,"1,1'-(2,2-Dichloroethylidene)bis[4-ethylbenzene",60,mlp,4,1,0.3073013870001949,0.5277474054271143,-0.2204460184269194,0
178,"N-(3-Chlorophenyl)carbamic acid, 1-Methylethyl ester",54,mlp,4,0,0.26403821934057686,0.5277474054271143,-0.26370918608653743,0
181,Demeton (Ref: ENT 17295),9,mlp,4,1,0.6454735394619707,0.5277474054271143,0.11772613403485643,1
183,"2,2-Dichloropropanoic acid",422,mlp,4,0,0.27562364060063227,0.5277474054271143,-0.252123764826482,0
184,Beta-cypermethrin (Ref: OMS 3068),4,mlp,4,1,0.4389409162411883,0.5277474054271143,-0.08880648918592599,0
187,"Phosphorodithioic acid, O,O-Diethyl-S-[2-(ethylthio)ethyl] ester",9,mlp,4,1,0.6585866986578378,0.5277474054271143,0.13083929323072352,1
193,"S-[2-(Ethylthio)ethyl]O,O-dimethyl ester phosphorothioic acid",9,mlp,4,1,0.663754621917133,0.5277474054271143,0.13600721649001868,1
198,"2,3,6-TBA (Ref: HC 1281)",53,mlp,4,0,0.3710979716688092,0.5277474054271143,-0.1566494337583051,0
201,"O,O-Diethyl S-[(ethylthio)methyl])ester, Phosphorodithioic acid",9,mlp,4,1,0.6670403990631237,0.5277474054271143,0.13929299363600944,1
206,Dichlobenil (Ref: H 133),125,mlp,4,1,0.2479951209932802,0.5277474054271143,-0.2797522844338341,0
210,"S-[(6-Chloro-2-oxo-3(2H)-benzoxazolyl)methyl]O,O-diethyl ester phosphorodithioic acid",104,mlp,4,1,0.5549446950573571,0.5277474054271143,0.027197289630242816,1
221,Carbofenthion,9,mlp,4,1,0.592550443603235,0.5277474054271143,0.06480303817612076,1
236,1-methylcyclopropene,416,mlp,4,1,0.09346291355149809,0.5277474054271143,-0.4342844918756162,0
258,Chloramben (Ref: ACP M-629),35,mlp,4,0,0.31907001137456853,0.5277474054271143,-0.20867739405254576,0
277,Pebulate (Ref: R 2061),102,mlp,4,1,0.2973207650175159,0.5277474054271143,-0.23042664040959837,0
294,Fuberidazole,122,mlp,4,0,0.26379791294030885,0.5277474054271143,-0.26394949248680544,0
304,Terbutryn (Ref: GS 14260),24,mlp,4,1,0.3190334746970987,0.5277474054271143,-0.2087139307300156,0
310,"5-Chloro-3-(1,1-dimethylethyl)-6-methyl-2,4(1H,3H)-pyrimidinedione",401,mlp,4,0,0.2268907462028399,0.5277474054271143,-0.3008566592242744,0
311,Chlorophacinone (Ref: LM 91),400,mlp,4,1,0.3606234310429901,0.5277474054271143,-0.16712397438412419,0
322,Thiophanate,15,mlp,4,0,0.2807625665255228,0.5277474054271143,-0.2469848389015915,0
335,"N-[3-[[(Phenylamino)carbonyl]oxy]phenyl]carbamic acid, Ethyl ester",15,mlp,4,0,0.3728226923609789,0.5277474054271143,-0.15492471306613537,0
337,Carbetamide (Ref: RP 11561),15,mlp,4,0,0.2958851806658401,0.5277474054271143,-0.23186222476127422,0
355,Proximpham,15,mlp,4,0,0.2631440475942334,0.5277474054271143,-0.2646033578328809,0
358,Dodemorph,389,mlp,4,0,0.1852059527558968,0.5277474054271143,-0.3425414526712175,0
371,Norflurazon (Ref: H 52143),161,mlp,4,0,0.4389258952368818,0.5277474054271143,-0.08882151019023249,0
379,Terbumeton (Ref: GS 14259),24,mlp,4,0,0.2942833766524554,0.5277474054271143,-0.23346402877465888,0
382,Multistriatin,384,mlp,4,0,0.16424569100217312,0.5277474054271143,-0.36350171442494117,0
384,Tembotrione (Ref: AE 0172747),69,mlp,4,0,0.5060680926853109,0.5277474054271143,-0.021679312741803347,0
386,Fenpropathrin (Ref: OMS 1999),4,mlp,4,1,0.38465386161704795,0.5277474054271143,-0.14309354381006634,0
392,"2,2-Dimethyl-3-(1,1,2,2-tetrabromoethyl)cyclopropanecarboxylic acid cyano(3-phenoxyphenyl)methyl ester",4,mlp,4,1,0.44315620548482754,0.5277474054271143,-0.08459119994228675,0
393,"2-[[[[(4-Chloro-6-methoxy-2-pyrimidinyl)amino]carbonyl]amino]sulfonyl]benzoic acid, Ethyl ester",0,mlp,4,0,0.4082814289101362,0.5277474054271143,-0.1194659765169781,0
400,2-Chloro-1-(3-ethoxy-4-nitrophenoxy)-4-(trifluoromethyl)benzene,28,mlp,4,0,0.47347434502620195,0.5277474054271143,-0.05427306040091234,0
401,4-Chloro-alpha-(1-methylethyl)benzeneacetic acid cyano(3-phenoxyphenyl)methyl ester,4,mlp,4,1,0.3848204403038673,0.5277474054271143,-0.14292696512324699,0
404,"3,6-Dichloro-2-pyridinecarboxylic acid",35,mlp,4,0,0.3708909909213145,0.5277474054271143,-0.1568564145057998,0
405,"3-(3,5-Dichlorophenyl)-N-(1-methylethyl)-2,4-dioxo-1-imidazolidinecarboxamide",379,mlp,4,0,0.40965729969145687,0.5277474054271143,-0.11809010573565742,0
407,Nuarimol (Ref: EL 228),160,mlp,4,0,0.38166671802838276,0.5277474054271143,-0.14608068739873153,0
409,"(1R,3R)-3-(2,2-Dibromoethenyl)-2,2-dimethylcyclopropanecarboxylic acid (S)cyano(3-phenoxyphenyl)methyl ester",4,mlp,4,1,0.4110384170381942,0.5277474054271143,-0.11670898838892008,0
423,Triflumuron (Ref: OMS 2015),50,mlp,4,0,0.4629358877035326,0.5277474054271143,-0.06481151772358168,0
430,Flucythrinate (Ref: OMS 2007),4,mlp,4,1,0.456214159553547,0.5277474054271143,-0.0715332458735673,0
434,Etrimfos,97,mlp,4,1,0.6278542794255052,0.5277474054271143,0.10010687399839091,1
446,Cyphenothrin (Ref: S 2703),4,mlp,4,1,0.38517358778723965,0.5277474054271143,-0.14257381763987464,0
454,Azamethiphos (Ref: GCA 18809),104,mlp,4,1,0.527492505423853,0.5277474054271143,-0.000254900003261338,0
455,2-[(Aminomethoxyphosphinothioyl)oxy]benzoic acid 1-methylethyl ester,93,mlp,4,1,0.4768331650649199,0.5277474054271143,-0.050914240362194385,0
462,Fenoxycarb (Ref: OMS 3010),15,mlp,4,0,0.40034262149939703,0.5277474054271143,-0.12740478392771726,0
464,Bifenthrin (Ref: FMC 54800),4,mlp,4,1,0.3997421743561855,0.5277474054271143,-0.12800523107092882,0
465,"3-[2-Chloro-2-(4-chlorophenyl)ethenyl]-2,2-dimethylcyclopropanecarboxylic acid cyano(4-fluoro-3-phenoxyphenyl)methyl ester",4,mlp,4,1,0.4414539996879042,0.5277474054271143,-0.08629340573921007,0
466,"2-[[[[(4,6-Dimethyl-2-pyrimidinyl)amino]carbonyl]amino]sulfonyl]benzoic acid, Methyl ester",0,mlp,4,0,0.3376443316617394,0.5277474054271143,-0.19010307376537489,0
470,Sulfometuron,0,mlp,4,0,0.30022152087098364,0.5277474054271143,-0.22752588455613065,0
480,"2-Ethoxy-2,3-dihydro-3,3-dimethyl-5-benzofuranol 5-methanesulfonate",367,mlp,4,0,0.3646466710197555,0.5277474054271143,-0.16310073440735878,0
481,Beta-cyfluthrin (Ref: OMS 3051),4,mlp,4,1,0.4626292018306327,0.5277474054271143,-0.06511820359648157,0
484,2-[1-Methyl-2-(4-phenoxyphenoxy)ethoxy]pyridine,365,mlp,4,0,0.37754366402542205,0.5277474054271143,-0.15020374140169224,0
495,Metsulfuron (Ref: IN F5438),0,mlp,4,0,0.28011573968721165,0.5277474054271143,-0.24763166573990264,0
498,Diethofencarb (Ref: S 1605),54,mlp,4,0,0.3643250762830984,0.5277474054271143,-0.1634223291440159,0
499,Mepronil (Ref: B1 2459),15,mlp,4,0,0.3369733527906744,0.5277474054271143,-0.19077405263643987,0
500,"5-[2-Chloro-4-(trifluoromethyl)phenoxy]-2-nitrobenzoic acid, 2-Ethoxy-1-methyl-2-oxoethyl ester",28,mlp,4,0,0.49051212156809487,0.5277474054271143,-0.03723528385901942,0
501,Uniconazole (Ref: XE 1019),72,mlp,4,0,0.36034747854013643,0.5277474054271143,-0.16739992688697786,0
503,Isofenphos-methyl,93,mlp,4,1,0.4772944987741733,0.5277474054271143,-0.050452906652941,0
506,"2-(2-Chloroethoxy)-N-[[(4-methoxy-6-methyl-1,3,5-triazin-2-yl)amino]carbonyl]benzenesulfonamide",0,mlp,4,0,0.41084672929495575,0.5277474054271143,-0.11690067613215854,0
517,Pyrazosulfuron-ethyl (Ref: NC 311),0,mlp,4,0,0.3522416193717336,0.5277474054271143,-0.1755057860553807,0
519,Quinmerac (Ref: BAS 518H),53,mlp,4,0,0.3237796972682619,0.5277474054271143,-0.2039677081588524,0
520,"3,7-Dichloro-8-quinolinecarboxylic acidZ",53,mlp,4,0,0.3901647263428661,0.5277474054271143,-0.1375826790842482,0
524,Bensulfuron-methyl (Ref: DPX F5384),0,mlp,4,0,0.3831958493814055,0.5277474054271143,-0.1445515560457088,0
525,Flutolanil (Ref: NNF 136),15,mlp,4,0,0.43916869014760757,0.5277474054271143,-0.08857871527950673,0
527,Bensulfuron (Ref: IN R9419),0,mlp,4,0,0.322953992294975,0.5277474054271143,-0.20479341313213928,0
528,Diclomezine (Ref: F-850),359,mlp,4,0,0.33227454874126694,0.5277474054271143,-0.19547285668584735,0
529,"2-[[[[[4,6-Bis(difluoromethoxy)-2-pyrimidinyl]amino]carbonyl]amino]sulfonyl]benzoic acid, Methyl ester",0,mlp,4,0,0.47761313089893676,0.5277474054271143,-0.050134274528177536,0
542,Aminopyralid (Ref: XDE 750),35,mlp,4,1,0.33689716903284195,0.5277474054271143,-0.19085023639427234,0
543,"N-[[4,6-Dimethoxy-2-pyrimidinyl)amino]carbonyl]-3-(trifluoromethyl)-2-pyridinesulfonamide",0,mlp,4,0,0.4323428393190348,0.5277474054271143,-0.09540456610807951,0
545,Tebufenpyrad (Ref: AC 801757),136,mlp,4,1,0.3854719395246671,0.5277474054271143,-0.14227546590244722,0
553,Chlorimuron,0,mlp,4,0,0.33519099498810306,0.5277474054271143,-0.19255641043901123,0
559,Flamprop-M-isopropyl (Ref: WL 43425),351,mlp,4,0,0.43012764803674364,0.5277474054271143,-0.09761975739037065,0
560,Cinosulfuron (Ref: CGA 142464),0,mlp,4,0,0.37692952453481116,0.5277474054271143,-0.15081788089230314,0
568,"N-[[(4,6-Dimethoxy-2-pyrimidinyl)amino]carbonyl]-2-(ethylsulfonyl)imidazo[1,2-a]pyridine-3-sulfonamide",0,mlp,4,0,0.39934749400324443,0.5277474054271143,-0.12839991142386986,0
570,Thifensulfuron (Ref: IN L9225),0,mlp,4,1,0.25670546462442234,0.5277474054271143,-0.27104194080269195,0
572,Nicosulfuron (Ref: DPX V9360),0,mlp,4,1,0.34801192264554176,0.5277474054271143,-0.17973548278157253,0
577,(alphaE)-alpha-(Methoxyimino)-2-[[[(E)-[1-[3-(trifluoromethyl)phenyl]ethylidene]amino]oxy]methyl]benzeneacteic acid methyl ester,44,mlp,4,0,0.4896353053306457,0.5277474054271143,-0.03811210009646859,0
581,"N-(4-Fluorophenyl)-N-(1-methylethyl)-2-[[5-(trifluoromethyl)-1,3,4-thiadiazol-2-yl]oxy]acetamide",347,mlp,4,0,0.48760701364281467,0.5277474054271143,-0.04014039178429962,0
582,(alphaE)-alpha-(Methoxyimino)-2-[(2-methylphenoxy)methyl]benzeneacetic acid methyl ester,44,mlp,4,0,0.4019777394166675,0.5277474054271143,-0.1257696660104468,0
583,Sulcotrione (Ref: SC 0051),69,mlp,4,0,0.3988435263618663,0.5277474054271143,-0.12890387906524797,0
588,Fenchlorazole (Ref: HOE 072829),344,mlp,4,0,0.453621375564697,0.5277474054271143,-0.07412602986241729,0
592,Ethametsulfuron-methyl (Ref: DPX-A7881),0,mlp,4,1,0.3206404623260775,0.5277474054271143,-0.20710694310103678,0
595,Aminocyclopyrachlor (Ref: DPX-MAT28),35,mlp,4,0,0.2963533310831007,0.5277474054271143,-0.2313940743440136,0
600,Tebutam (Ref: GPC-5544),151,mlp,4,0,0.2535303731371895,0.5277474054271143,-0.2742170322899248,0
602,Cymiazol (Ref: CGA 50439),338,mlp,4,0,0.28869537948372176,0.5277474054271143,-0.23905202594339253,0
604,"N-[[(4,6-Dimethoxy-2-pyrimidinyl)amino]carbonyl]-3-(ethylsulfonyl)-2-pyridine sulfonamide",0,mlp,4,0,0.35484347491882057,0.5277474054271143,-0.17290393050829372,0
605,"2-[[[[[(4,6-Dimethoxy-2-pyrimidinyl)amino]carbonyl]amino]sulfonyl]amino]-N,N-dimethylbenzamide",0,mlp,4,0,0.34280999169984766,0.5277474054271143,-0.18493741372726663,0
607,Tribenuron (Ref: IN R9803),0,mlp,4,1,0.32501116079039,0.5277474054271143,-0.2027362446367243,0
608,Amidosulfuron,0,mlp,4,0,0.25838709909839574,0.5277474054271143,-0.26936030632871855,0
610,"2-Chloro-N-[[(4,6-dimethoxy-2-pyrimidinyl)amino]carbonyl]imidazo[1,2-a]pyridine-3-sulfonamide",0,mlp,4,0,0.40149095470049456,0.5277474054271143,-0.12625645072661973,0
611,Triflusulfuron,0,mlp,4,0,0.4258973843294459,0.5277474054271143,-0.10185002109766839,0
613,(alphaE)-2-[[6-(2-Cyanophenoxy)-4-pyrimidinyl]oxy]-alpha-(methoxymethylene)benzeneacetic acid methyl ester,85,mlp,4,0,0.4309126097466897,0.5277474054271143,-0.09683479568042458,0
615,"2-[[[[[4-Ethoxy-6-(methylamino)-1,3,5-triazin-2-yl]amino]carbonyl]amino]sulfonyl]benzoic acid",0,mlp,4,0,0.26958589735536986,0.5277474054271143,-0.2581615080717444,0
627,Diofenolan (Ref: CGA 059205),335,mlp,4,0,0.3969827788789441,0.5277474054271143,-0.13076462654817017,0
633,"N-[[(4-Methoxy-6-methyl-1,3,5-triazin-2-yl)amino]carbonyl]-2-(3,3,3-trifluoropropyl)benzenesulfonamide",0,mlp,4,0,0.45268497245853495,0.5277474054271143,-0.07506243296857934,0
646,Mesosulfuron-methyl (Ref: AE F130060),0,mlp,4,0,0.35636967638319156,0.5277474054271143,-0.17137772904392273,0
647,Flupyrsulfuron,0,mlp,4,0,0.36710372121847656,0.5277474054271143,-0.16064368420863773,0
648,4-Chloro-N-[2-[3-methoxy-4-(2-propynyloxy)phenyl]ethyl]-alpha-(2-propynyloxy)benzeneacetamide,329,mlp,4,0,0.40898886242695853,0.5277474054271143,-0.11875854300015576,0
657,Acrinathrin (Ref: RU 38702),4,mlp,4,1,0.49105014736610586,0.5277474054271143,-0.03669725806100843,0
662,Foramsulfuron (Ref: AE F130360),0,mlp,4,0,0.3493604071118543,0.5277474054271143,-0.17838699831526,0
665,Mesotrione (Ref: ZA 1296),69,mlp,4,1,0.38038192305545576,0.5277474054271143,-0.14736548237165853,0
666,Metominostrobin (Ref: SSF 126),44,mlp,4,0,0.3617652506472683,0.5277474054271143,-0.16598215477984601,0
667,Primisulfuron,0,mlp,4,0,0.4296574766753273,0.5277474054271143,-0.09808992875178701,0
671,"3-[(2-Chloro-5-thiazolyl)methyl]tetrahydro-5-methyl-N-nitro-4H-1,3,5-oxadiazin-4-imine",321,mlp,4,1,0.39544893939886155,0.5277474054271143,-0.13229846602825274,0
674,Tau-fluvalinate (Ref: SAN 527l),4,mlp,4,0,0.49417045830115036,0.5277474054271143,-0.03357694712596393,0
683,Pyribenzoxim (Ref: LGC 40863 ),142,mlp,4,0,0.38792592682889193,0.5277474054271143,-0.13982147859822236,0
691,Pyriminobac-methyl (Ref: KIH-6127),142,mlp,4,0,0.4226324918789055,0.5277474054271143,-0.10511491354820879,0
692,Pyrazosulfuron,0,mlp,4,0,0.25187106103809814,0.5277474054271143,-0.27587634438901615,0
693,Ethoxysulfuron (Ref: AE F095404),0,mlp,4,0,0.39415543126475777,0.5277474054271143,-0.13359197416235652,0
699,Azimsulfuron,0,mlp,4,0,0.3471331019114825,0.5277474054271143,-0.1806143035156318,0
701,Mesosulfuron (Ref: AE F154851),0,mlp,4,1,0.27907464013686967,0.5277474054271143,-0.24867276529024462,0
704,Mefenpyr diethyl (Ref: HOE 107892),313,mlp,4,0,0.451427049612355,0.5277474054271143,-0.07632035581475927,0
706,Oxasulfuron (Ref: CGA 277476 ),0,mlp,4,0,0.3511284815645974,0.5277474054271143,-0.17661892386251687,0
715,Sumithrin ,4,mlp,4,1,0.3679109356710682,0.5277474054271143,-0.1598364697560461,0
729,Trifloxysulfuron (Ref: CGA 292230),0,mlp,4,0,0.4436745462961597,0.5277474054271143,-0.08407285913095458,0
731,"1,1'-(2-Nitrobutylidene)bis(4-chlorobenzene), Mixt. with 1,1'-(2-Nitropropylidene)bis(4-chlorobenzene)",60,mlp,4,0,0.40809623672114337,0.5277474054271143,-0.11965116870597092,0
735,"(3-Bromo-6-methoxy-2-methylphenyl)(2,3,4-trimethoxy-6-methylphenyl)methanone",132,mlp,4,0,0.4214816400236819,0.5277474054271143,-0.10626576540343241,0
737,Fluacrypyrim,85,mlp,4,1,0.4765335561140672,0.5277474054271143,-0.051213849313047066,0
738,4-Chloro-3-ethyl-1-methyl-N-[[4-(4-methylphenoxy)phenyl]methyl]-1H-pyrazole-5-carboxamide,136,mlp,4,1,0.41625420448347594,0.5277474054271143,-0.11149320094363835,0
740,Dimoxystrobin (Ref: BAS 505F),44,mlp,4,0,0.37758199306455975,0.5277474054271143,-0.15016541236255454,0
742,Sintofen (Ref: SC 2053),305,mlp,4,0,0.43464851251730385,0.5277474054271143,-0.09309889290981044,0
745,Tritosulfuron,0,mlp,4,0,0.44596002610545854,0.5277474054271143,-0.08178737932165575,0
753,(alphaE)-alpha-(Methoxymethylene)-2-[[[6-(trifluoromethyl)-2-pyridinyl]oxy]methyl]benzeneacetic acid methyl ester,85,mlp,4,0,0.4858865133124733,0.5277474054271143,-0.041860892114641,0
761,Orysastrobin,44,mlp,4,0,0.3920722031355378,0.5277474054271143,-0.13567520229157648,0
776,Trifludimoxazin,298,mlp,4,0,0.4088007529182988,0.5277474054271143,-0.11894665250881548,0
794,Iodosulfuron,0,mlp,4,0,0.3336728700111382,0.5277474054271143,-0.19407453541597608,0
796,Picloram-dimethylammonium,35,mlp,4,0,0.3969322539406465,0.5277474054271143,-0.13081515148646777,0
800,"(5-Chloro-2-methoxy-4-methylpyridin-3-yl)(2,3,4-trimethoxy-6-methylphenyl)methanone",132,mlp,4,0,0.43746678692108437,0.5277474054271143,-0.09028061850602992,0
803,N-[(2-Chlorophenyl)methyl]-N'-(1-methyl-1-phenylethyl)urea,289,mlp,4,0,0.34910333578220876,0.5277474054271143,-0.17864406964490553,0
818,Flupyrimin,283,mlp,4,0,0.48481685039753075,0.5277474054271143,-0.04293055502958354,0
822,Halauxifen (Ref: X11393729),35,mlp,4,0,0.4386470306149492,0.5277474054271143,-0.0891003748121651,0
839,Eugenol,82,mlp,4,0,0.2573941474400801,0.5277474054271143,-0.2703532579870342,0
844,Trichloronitromethane,276,mlp,4,0,0.31132832355241397,0.5277474054271143,-0.21641908187470033,0
855,Dibromochloropropane (Ref: OS1897),270,mlp,4,0,0.20114986926101294,0.5277474054271143,-0.3265975361661013,0
865,Dicyclopentadiene,263,mlp,4,0,0.1076942350520612,0.5277474054271143,-0.4200531703750531,0
867,"1,1'-(2,2-Dichloroethylidene)bis[4-chlorobenzene]",60,mlp,4,0,0.3876008348484694,0.5277474054271143,-0.14014657057864488,0
885,Karanjin,256,mlp,4,0,0.35363348917530385,0.5277474054271143,-0.17411391625181044,0
888,"1,3-dichloropropene (Ref: D D92)",254,mlp,4,1,0.13881919996564418,0.5277474054271143,-0.3889282054614701,0
891,"2,4,5,6-Tetrachloro-1,3-benzenedicarbonitrile",125,mlp,4,0,0.421135729597371,0.5277474054271143,-0.10661167582974329,0
902,2-(4-Thiazolyl)-1H-benzimidazole,122,mlp,4,1,0.2842642259733214,0.5277474054271143,-0.2434831794537929,0
907,"5-Bromo-6-methyl-3-(1-methylpropyl)-2,4(1H,3H)-pyrimidinedione",246,mlp,4,0,0.2925070124651485,0.5277474054271143,-0.2352403929619658,0
918,Oxolinic acid,242,mlp,4,0,0.3433678364073571,0.5277474054271143,-0.18437956901975722,0
931,Propyzamide (Ref: RH 315),234,mlp,4,0,0.30372479674508945,0.5277474054271143,-0.22402260868202484,0
949,Difenzoquat metilsulfate (Ref: AC 84777),224,mlp,4,0,0.28956264186944913,0.5277474054271143,-0.23818476355766516,0
954,"(1R,3R)-rel-3-[(1Z)-2-Chloro-3,3,3-trifluoro-1-propen-1-yl]-2,2-dimethylcyclopropanecarboxylic acid (2,3,5,6-tetrafluoro-4-methylphenyl)methyl ester",4,mlp,4,1,0.4878020559611077,0.5277474054271143,-0.039945349466006586,0
968,Diafenthiuron (Ref: CGA 106630),214,mlp,4,1,0.3917035633953426,0.5277474054271143,-0.13604384203177167,0
980,"2-[2-(1-Chlorocyclopropyl)-3-(2-chlorophenyl)-2-hydroxypropyl]-1,2-dihydro-3H-1,2,4-triazole-3-thione",207,mlp,4,0,0.4302592502943931,0.5277474054271143,-0.09748815513272119,0
981,Furilazole (Ref: MON 13900),206,mlp,4,0,0.3805531503290662,0.5277474054271143,-0.14719425509804807,0
984,"8-(1,1-Dimethylethyl)-N-ethyl-N-propyl-1,4-dioxaspiro[4.5]decane-2-methanamine",204,mlp,4,1,0.2580541884492243,0.5277474054271143,-0.26969321697789,0
991,"3-Chloro-5-[[[[(4,6-dimethoxy-2-pyrimidinyl)amino]carbonyl]amino]sulfonyl]-1-methyl-1H-pyrazole-4-carboxylic acid, Methyl ester",0,mlp,4,0,0.3671305855707951,0.5277474054271143,-0.1606168198563192,0
993,3-[2-Chloro-4-(methanesulfonyl)benzoyl]-4-(phenylsulfanyl)bicyclo[3.2.1]oct-3-en-2-one,69,mlp,4,0,0.40708682390463163,0.5277474054271143,-0.12066058152248266,0
995,Benthiavalicarb,112,mlp,4,0,0.3596731417506161,0.5277474054271143,-0.1680742636764982,0
1016,N-[Methyloxido[1-[6-(trifluoromethyl)-3-pyridinyl]ethyl]-lambda4-sulfanylidene]cyanamide,190,mlp,4,1,0.4619427679104539,0.5277474054271143,-0.06580463751666038,0
1024,Brofluthrinate (Ref: ZXI 8901),4,mlp,4,1,0.49160384856630807,0.5277474054271143,-0.036143556860806225,0
1031,"Cyclopropanecarboxylic acid, [(3S,4R,4aR,6S,6aS,12R,12aS,12bS)-3-[(Cyclopropylcarbonyl)oxy]-1,3,4,4a,5,6,6a,12,12a,12b-decahydro-6,12-dihydroxy-4,6a,12b-trimethyl-11-oxo-9-(3-pyridinyl)-2H,11H-naphtho[2,1-b]pyrano[3,4-e]pyran-4-yl]methyl ester",181,mlp,4,0,0.5133983787209875,0.5277474054271143,-0.01434902670612681,0
1033,Fluindapyr (Ref: IR9792),179,mlp,4,0,0.433544155504783,0.5277474054271143,-0.09420324992233131,0
16,2-[[Ethoxy[(1-methylethyl)amino]phosphinothioyl]oxy]benzoic acid 1-methylethyl ester,93,rbf_matched,4,1,0.3889756861764033,0.5683983822205286,-0.1794226960441253,0
19,(2-Chloroethyl)phosphonic acid,457,rbf_matched,4,0,-0.5347007199463473,0.5683983822205286,-1.103099102166876,0
27,"3,6-Dichloro-2-methyoxybenzoic acid",53,rbf_matched,4,0,-0.6721790628646857,0.5683983822205286,-1.2405774450852143,0
44,Anethole,450,rbf_matched,4,0,-1.0803248057488941,0.5683983822205286,-1.6487231879694226,0
60,"3-(2-Chloro-3,3,3-trifluoro-1-propenyl)-2,2-dimethylcyclopropanecarboxylic acid cyano(3-phenoxyphenyl)methyl ester",4,rbf_matched,4,1,-0.9176301615718824,0.5683983822205286,-1.486028543792411,0
62,Methyleugenol (Ref: Ent 21040),82,rbf_matched,4,0,-0.8702360725744771,0.5683983822205286,-1.4386344547950056,0
66,Capsaicin (Ref: NCI-C56564),82,rbf_matched,4,1,-0.9174837035807195,0.5683983822205286,-1.485882085801248,0
69,2-phenylphenol,444,rbf_matched,4,0,-0.8951478491029454,0.5683983822205286,-1.4635462313234742,0
83,DDT (Ref: OMS 16),60,rbf_matched,4,1,0.12491055700334719,0.5683983822205286,-0.44348782521718144,0
84,Ethion (Ref: ENT 24105),9,rbf_matched,4,1,0.47699435646378485,0.5683983822205286,-0.09140402575674378,0
86,"Phosphorodithioic acid O,O-diethyl S-[(4-oxo-1,2,3-benzotriazin-3(4H)-yl)methyl] ester",174,rbf_matched,4,1,1.1460887447865247,0.5683983822205286,0.577690362565996,1
90,Chlormephos (Ref: MC 2188),9,rbf_matched,4,1,1.3566695636654245,0.5683983822205286,0.7882711814448958,1
95,5-Amino-4-chloro-2-phenyl-3(2H)-pyridazinone,161,rbf_matched,4,0,-0.9473700668556662,0.5683983822205286,-1.515768449076195,0
102,(3-Methylphenyl)carbamic acid 3-[(methoxycarbonyl)amino]phenyl ester,15,rbf_matched,4,0,-0.7092139515380048,0.5683983822205286,-1.2776123337585334,0
112,"S-[2-(Ethylthio)ethyl]O,O-dimethyl ester phosphorodithioc acid",9,rbf_matched,4,1,1.3862298677126301,0.5683983822205286,0.8178314854921015,1
117,Piperonyl butoxide (Ref: ENT 14250),433,rbf_matched,4,0,-0.744408844820957,0.5683983822205286,-1.3128072270414857,0
119,Metsulfuron-methyl (Ref: DPX T6376),0,rbf_matched,4,0,-0.8591382925334948,0.5683983822205286,-1.4275366747540235,0
123,"Phosphorodithioic acid S-[[(1,1-dimethylethyl)thio]O,O-diethylmethyl]ester",9,rbf_matched,4,1,1.4506938006333983,0.5683983822205286,0.8822954184128696,1
131,"O,P'-DDT",170,rbf_matched,4,1,0.12491055700334719,0.5683983822205286,-0.44348782521718144,0
134,"N-Phenylcarbamic acid, 1-Methylethyl ester",15,rbf_matched,4,0,-0.8830698773754722,0.5683983822205286,-1.451468259596001,0
138,Flurochloridone (Ref: R 40244),431,rbf_matched,4,0,-0.608606318489429,0.5683983822205286,-1.1770047007099578,0
142,Cyclosulfamuron (Ref: BAS 710H),0,rbf_matched,4,0,-0.8778523586823762,0.5683983822205286,-1.4462507409029048,0
156,"O,O-Diethyl S-[2-(ethylsulfanyl)ethyl] phosphorothioate",9,rbf_matched,4,1,1.1787564084644975,0.5683983822205286,0.6103580262439688,1
157,"2-Chloro-N-[[(4-methoxy-6-methyl-1,3,5-triazin-2-yl)amino]carbonyl]benzenesulfonamide",0,rbf_matched,4,0,-1.0602769423238443,0.5683983822205286,-1.628675324544373,0
159,"3-(2,2-Dichloroethenyl)-2,2-dimethylcyclopropanecarboxylic acid, (3-Phenoxyphenyl)methyl ester",4,rbf_matched,4,1,-0.6825386456799934,0.5683983822205286,-1.250937027900522,0
169,Demeton-O-methyl (Ref: ENT 18862),9,rbf_matched,4,1,1.2658344698293926,0.5683983822205286,0.697436087608864,1
170,"1,1'-(2,2-Dichloroethylidene)bis[4-ethylbenzene",60,rbf_matched,4,1,-0.24440468229321077,0.5683983822205286,-0.8128030645137394,0
178,"N-(3-Chlorophenyl)carbamic acid, 1-Methylethyl ester",54,rbf_matched,4,0,-1.0431760890792017,0.5683983822205286,-1.6115744712997304,0
181,Demeton (Ref: ENT 17295),9,rbf_matched,4,1,1.1140800542445142,0.5683983822205286,0.5456816720239855,1
183,"2,2-Dichloropropanoic acid",422,rbf_matched,4,0,-0.5790183841606842,0.5683983822205286,-1.147416766381213,0
184,Beta-cypermethrin (Ref: OMS 3068),4,rbf_matched,4,1,-0.7852076125469001,0.5683983822205286,-1.3536059947674288,0
187,"Phosphorodithioic acid, O,O-Diethyl-S-[2-(ethylthio)ethyl] ester",9,rbf_matched,4,1,1.2418777458891253,0.5683983822205286,0.6734793636685966,1
193,"S-[2-(Ethylthio)ethyl]O,O-dimethyl ester phosphorothioic acid",9,rbf_matched,4,1,1.3319195516473468,0.5683983822205286,0.7635211694268181,1
198,"2,3,6-TBA (Ref: HC 1281)",53,rbf_matched,4,0,-0.8536076290579614,0.5683983822205286,-1.42200601127849,0
201,"O,O-Diethyl S-[(ethylthio)methyl])ester, Phosphorodithioic acid",9,rbf_matched,4,1,1.3695034810896887,0.5683983822205286,0.80110509886916,1
206,Dichlobenil (Ref: H 133),125,rbf_matched,4,1,-1.0961238899081032,0.5683983822205286,-1.664522272128632,0
210,"S-[(6-Chloro-2-oxo-3(2H)-benzoxazolyl)methyl]O,O-diethyl ester phosphorodithioic acid",104,rbf_matched,4,1,1.161786209354781,0.5683983822205286,0.5933878271342524,1
221,Carbofenthion,9,rbf_matched,4,1,1.3836130355629186,0.5683983822205286,0.81521465334239,1
236,1-methylcyclopropene,416,rbf_matched,4,1,-1.2492940850150245,0.5683983822205286,-1.817692467235553,0
258,Chloramben (Ref: ACP M-629),35,rbf_matched,4,0,-0.8500058530773928,0.5683983822205286,-1.4184042352979214,0
277,Pebulate (Ref: R 2061),102,rbf_matched,4,1,-0.6033251433011966,0.5683983822205286,-1.1717235255217253,0
294,Fuberidazole,122,rbf_matched,4,0,-0.622937668337677,0.5683983822205286,-1.1913360505582058,0
304,Terbutryn (Ref: GS 14260),24,rbf_matched,4,1,-0.8620459707192345,0.5683983822205286,-1.4304443529397632,0
310,"5-Chloro-3-(1,1-dimethylethyl)-6-methyl-2,4(1H,3H)-pyrimidinedione",401,rbf_matched,4,0,-1.0594957794333388,0.5683983822205286,-1.6278941616538676,0
311,Chlorophacinone (Ref: LM 91),400,rbf_matched,4,1,-0.852326241695933,0.5683983822205286,-1.4207246239164615,0
322,Thiophanate,15,rbf_matched,4,0,-0.7457821608577193,0.5683983822205286,-1.314180543078248,0
335,"N-[3-[[(Phenylamino)carbonyl]oxy]phenyl]carbamic acid, Ethyl ester",15,rbf_matched,4,0,-0.7380871185434154,0.5683983822205286,-1.306485500763944,0
337,Carbetamide (Ref: RP 11561),15,rbf_matched,4,0,-0.9362256434747509,0.5683983822205286,-1.5046240256952794,0
355,Proximpham,15,rbf_matched,4,0,-0.6731305130014202,0.5683983822205286,-1.2415288952219488,0
358,Dodemorph,389,rbf_matched,4,0,-0.8777088016272941,0.5683983822205286,-1.4461071838478228,0
371,Norflurazon (Ref: H 52143),161,rbf_matched,4,0,-0.9982200577237682,0.5683983822205286,-1.5666184399442968,0
379,Terbumeton (Ref: GS 14259),24,rbf_matched,4,0,-0.9587396120023897,0.5683983822205286,-1.5271379942229184,0
382,Multistriatin,384,rbf_matched,4,0,-1.0134700195942676,0.5683983822205286,-1.5818684018147962,0
384,Tembotrione (Ref: AE 0172747),69,rbf_matched,4,0,-1.0617327276590185,0.5683983822205286,-1.6301311098795472,0
386,Fenpropathrin (Ref: OMS 1999),4,rbf_matched,4,1,-0.5623015098672104,0.5683983822205286,-1.1306998920877391,0
392,"2,2-Dimethyl-3-(1,1,2,2-tetrabromoethyl)cyclopropanecarboxylic acid cyano(3-phenoxyphenyl)methyl ester",4,rbf_matched,4,1,-0.12393369532647258,0.5683983822205286,-0.6923320775470012,0
393,"2-[[[[(4-Chloro-6-methoxy-2-pyrimidinyl)amino]carbonyl]amino]sulfonyl]benzoic acid, Ethyl ester",0,rbf_matched,4,0,-0.9016557369384177,0.5683983822205286,-1.4700541191589465,0
400,2-Chloro-1-(3-ethoxy-4-nitrophenoxy)-4-(trifluoromethyl)benzene,28,rbf_matched,4,0,-1.1277822051845383,0.5683983822205286,-1.6961805874050668,0
401,4-Chloro-alpha-(1-methylethyl)benzeneacetic acid cyano(3-phenoxyphenyl)methyl ester,4,rbf_matched,4,1,-0.4447853343611764,0.5683983822205286,-1.013183716581705,0
404,"3,6-Dichloro-2-pyridinecarboxylic acid",35,rbf_matched,4,0,-0.769149266740776,0.5683983822205286,-1.3375476489613045,0
405,"3-(3,5-Dichlorophenyl)-N-(1-methylethyl)-2,4-dioxo-1-imidazolidinecarboxamide",379,rbf_matched,4,0,-0.7051037872332481,0.5683983822205286,-1.2735021694537767,0
407,Nuarimol (Ref: EL 228),160,rbf_matched,4,0,-0.9458952144490629,0.5683983822205286,-1.5142935966695914,0
409,"(1R,3R)-3-(2,2-Dibromoethenyl)-2,2-dimethylcyclopropanecarboxylic acid (S)cyano(3-phenoxyphenyl)methyl ester",4,rbf_matched,4,1,-0.5658290948956857,0.5683983822205286,-1.1342274771162142,0
423,Triflumuron (Ref: OMS 2015),50,rbf_matched,4,0,-0.5635747965422804,0.5683983822205286,-1.131973178762809,0
430,Flucythrinate (Ref: OMS 2007),4,rbf_matched,4,1,-0.6358911875734828,0.5683983822205286,-1.2042895697940115,0
434,Etrimfos,97,rbf_matched,4,1,1.29962638091546,0.5683983822205286,0.7312279986949314,1
446,Cyphenothrin (Ref: S 2703),4,rbf_matched,4,1,-0.43338080951423485,0.5683983822205286,-1.0017791917347636,0
454,Azamethiphos (Ref: GCA 18809),104,rbf_matched,4,1,0.9657100108653791,0.5683983822205286,0.3973116286448505,1
455,2-[(Aminomethoxyphosphinothioyl)oxy]benzoic acid 1-methylethyl ester,93,rbf_matched,4,1,0.3436743105147604,0.5683983822205286,-0.22472407170576825,0
462,Fenoxycarb (Ref: OMS 3010),15,rbf_matched,4,0,-0.8633300584418058,0.5683983822205286,-1.4317284406623343,0
464,Bifenthrin (Ref: FMC 54800),4,rbf_matched,4,1,-0.6596668256916667,0.5683983822205286,-1.2280652079121954,0
465,"3-[2-Chloro-2-(4-chlorophenyl)ethenyl]-2,2-dimethylcyclopropanecarboxylic acid cyano(4-fluoro-3-phenoxyphenyl)methyl ester",4,rbf_matched,4,1,-0.4968009851763566,0.5683983822205286,-1.0651993673968851,0
466,"2-[[[[(4,6-Dimethyl-2-pyrimidinyl)amino]carbonyl]amino]sulfonyl]benzoic acid, Methyl ester",0,rbf_matched,4,0,-1.0342309109265226,0.5683983822205286,-1.6026292931470514,0
470,Sulfometuron,0,rbf_matched,4,0,-1.0034242673827305,0.5683983822205286,-1.5718226496032592,0
480,"2-Ethoxy-2,3-dihydro-3,3-dimethyl-5-benzofuranol 5-methanesulfonate",367,rbf_matched,4,0,-0.4417624955676284,0.5683983822205286,-1.010160877788157,0
481,Beta-cyfluthrin (Ref: OMS 3051),4,rbf_matched,4,1,-0.8308367286753519,0.5683983822205286,-1.3992351108958805,0
484,2-[1-Methyl-2-(4-phenoxyphenoxy)ethoxy]pyridine,365,rbf_matched,4,0,-0.5053508938548619,0.5683983822205286,-1.0737492760753904,0
495,Metsulfuron (Ref: IN F5438),0,rbf_matched,4,0,-0.7260105711249789,0.5683983822205286,-1.2944089533455077,0
498,Diethofencarb (Ref: S 1605),54,rbf_matched,4,0,-0.6665021956892426,0.5683983822205286,-1.2349005779097713,0
499,Mepronil (Ref: B1 2459),15,rbf_matched,4,0,-0.7656352545597337,0.5683983822205286,-1.3340336367802623,0
500,"5-[2-Chloro-4-(trifluoromethyl)phenoxy]-2-nitrobenzoic acid, 2-Ethoxy-1-methyl-2-oxoethyl ester",28,rbf_matched,4,0,-1.0055633786415938,0.5683983822205286,-1.5739617608621224,0
501,Uniconazole (Ref: XE 1019),72,rbf_matched,4,0,-1.1015309326570843,0.5683983822205286,-1.669929314877613,0
503,Isofenphos-methyl,93,rbf_matched,4,1,0.4096996683571186,0.5683983822205286,-0.15869871386341006,0
506,"2-(2-Chloroethoxy)-N-[[(4-methoxy-6-methyl-1,3,5-triazin-2-yl)amino]carbonyl]benzenesulfonamide",0,rbf_matched,4,0,-1.1011947574294496,0.5683983822205286,-1.6695931396499781,0
517,Pyrazosulfuron-ethyl (Ref: NC 311),0,rbf_matched,4,0,-0.7427663536007791,0.5683983822205286,-1.3111647358213077,0
519,Quinmerac (Ref: BAS 518H),53,rbf_matched,4,0,-0.8352910920954003,0.5683983822205286,-1.403689474315929,0
520,"3,7-Dichloro-8-quinolinecarboxylic acidZ",53,rbf_matched,4,0,-0.9127722664217509,0.5683983822205286,-1.4811706486422795,0
524,Bensulfuron-methyl (Ref: DPX F5384),0,rbf_matched,4,0,-0.9588078852826886,0.5683983822205286,-1.5272062675032172,0
525,Flutolanil (Ref: NNF 136),15,rbf_matched,4,0,-0.9578124438743386,0.5683983822205286,-1.5262108260948672,0
527,Bensulfuron (Ref: IN R9419),0,rbf_matched,4,0,-0.8236849098814724,0.5683983822205286,-1.392083292102001,0
528,Diclomezine (Ref: F-850),359,rbf_matched,4,0,-1.153834286921317,0.5683983822205286,-1.7222326691418455,0
529,"2-[[[[[4,6-Bis(difluoromethoxy)-2-pyrimidinyl]amino]carbonyl]amino]sulfonyl]benzoic acid, Methyl ester",0,rbf_matched,4,0,-0.5751064084278994,0.5683983822205286,-1.1435047906484281,0
542,Aminopyralid (Ref: XDE 750),35,rbf_matched,4,1,-0.878222119192994,0.5683983822205286,-1.4466205014135225,0
543,"N-[[4,6-Dimethoxy-2-pyrimidinyl)amino]carbonyl]-3-(trifluoromethyl)-2-pyridinesulfonamide",0,rbf_matched,4,0,-0.6552685731865981,0.5683983822205286,-1.2236669554071269,0
545,Tebufenpyrad (Ref: AC 801757),136,rbf_matched,4,1,-1.0665094611481893,0.5683983822205286,-1.634907843368718,0
553,Chlorimuron,0,rbf_matched,4,0,-0.7181393824926958,0.5683983822205286,-1.2865377647132243,0
559,Flamprop-M-isopropyl (Ref: WL 43425),351,rbf_matched,4,0,-1.1225593829894418,0.5683983822205286,-1.6909577652099705,0
560,Cinosulfuron (Ref: CGA 142464),0,rbf_matched,4,0,-0.9633188607387001,0.5683983822205286,-1.5317172429592287,0
568,"N-[[(4,6-Dimethoxy-2-pyrimidinyl)amino]carbonyl]-2-(ethylsulfonyl)imidazo[1,2-a]pyridine-3-sulfonamide",0,rbf_matched,4,0,-0.3790851235199635,0.5683983822205286,-0.9474835057404921,0
570,Thifensulfuron (Ref: IN L9225),0,rbf_matched,4,1,-0.3565536339243026,0.5683983822205286,-0.9249520161448312,0
572,Nicosulfuron (Ref: DPX V9360),0,rbf_matched,4,1,-0.854482931052132,0.5683983822205286,-1.4228813132726605,0
577,(alphaE)-alpha-(Methoxyimino)-2-[[[(E)-[1-[3-(trifluoromethyl)phenyl]ethylidene]amino]oxy]methyl]benzeneacteic acid methyl ester,44,rbf_matched,4,0,-1.3025985046617399,0.5683983822205286,-1.8709968868822684,0
581,"N-(4-Fluorophenyl)-N-(1-methylethyl)-2-[[5-(trifluoromethyl)-1,3,4-thiadiazol-2-yl]oxy]acetamide",347,rbf_matched,4,0,-1.3488733182605086,0.5683983822205286,-1.9172717004810371,0
582,(alphaE)-alpha-(Methoxyimino)-2-[(2-methylphenoxy)methyl]benzeneacetic acid methyl ester,44,rbf_matched,4,0,-0.8687671111498848,0.5683983822205286,-1.4371654933704134,0
583,Sulcotrione (Ref: SC 0051),69,rbf_matched,4,0,-0.9353940337299294,0.5683983822205286,-1.5037924159504579,0
588,Fenchlorazole (Ref: HOE 072829),344,rbf_matched,4,0,-0.7128303022984142,0.5683983822205286,-1.281228684518943,0
592,Ethametsulfuron-methyl (Ref: DPX-A7881),0,rbf_matched,4,1,-0.7719171532116151,0.5683983822205286,-1.3403155354321439,0
595,Aminocyclopyrachlor (Ref: DPX-MAT28),35,rbf_matched,4,0,-1.0036923587486541,0.5683983822205286,-1.5720907409691827,0
600,Tebutam (Ref: GPC-5544),151,rbf_matched,4,0,-1.0777458426026687,0.5683983822205286,-1.6461442248231974,0
602,Cymiazol (Ref: CGA 50439),338,rbf_matched,4,0,-0.7432528970610242,0.5683983822205286,-1.311651279281553,0
604,"N-[[(4,6-Dimethoxy-2-pyrimidinyl)amino]carbonyl]-3-(ethylsulfonyl)-2-pyridine sulfonamide",0,rbf_matched,4,0,-0.529314462071051,0.5683983822205286,-1.0977128442915798,0
605,"2-[[[[[(4,6-Dimethoxy-2-pyrimidinyl)amino]carbonyl]amino]sulfonyl]amino]-N,N-dimethylbenzamide",0,rbf_matched,4,0,-0.8843919288642105,0.5683983822205286,-1.452790311084739,0
607,Tribenuron (Ref: IN R9803),0,rbf_matched,4,1,-0.8166439234940882,0.5683983822205286,-1.3850423057146168,0
608,Amidosulfuron,0,rbf_matched,4,0,-0.5876080607087579,0.5683983822205286,-1.1560064429292867,0
610,"2-Chloro-N-[[(4,6-dimethoxy-2-pyrimidinyl)amino]carbonyl]imidazo[1,2-a]pyridine-3-sulfonamide",0,rbf_matched,4,0,-0.6857634025776496,0.5683983822205286,-1.2541617847981783,0
611,Triflusulfuron,0,rbf_matched,4,0,-0.282933723506947,0.5683983822205286,-0.8513321057274756,0
613,(alphaE)-2-[[6-(2-Cyanophenoxy)-4-pyrimidinyl]oxy]-alpha-(methoxymethylene)benzeneacetic acid methyl ester,85,rbf_matched,4,0,-0.9947987096321799,0.5683983822205286,-1.5631970918527085,0
615,"2-[[[[[4-Ethoxy-6-(methylamino)-1,3,5-triazin-2-yl]amino]carbonyl]amino]sulfonyl]benzoic acid",0,rbf_matched,4,0,-0.6725833088985679,0.5683983822205286,-1.2409816911190965,0
627,Diofenolan (Ref: CGA 059205),335,rbf_matched,4,0,-0.6672741928638916,0.5683983822205286,-1.2356725750844202,0
633,"N-[[(4-Methoxy-6-methyl-1,3,5-triazin-2-yl)amino]carbonyl]-2-(3,3,3-trifluoropropyl)benzenesulfonamide",0,rbf_matched,4,0,-1.044073488190223,0.5683983822205286,-1.6124718704107517,0
646,Mesosulfuron-methyl (Ref: AE F130060),0,rbf_matched,4,0,-0.3121369560133622,0.5683983822205286,-0.8805353382338909,0
647,Flupyrsulfuron,0,rbf_matched,4,0,-0.2479484212860606,0.5683983822205286,-0.8163468035065893,0
648,4-Chloro-N-[2-[3-methoxy-4-(2-propynyloxy)phenyl]ethyl]-alpha-(2-propynyloxy)benzeneacetamide,329,rbf_matched,4,0,-1.0497269867814514,0.5683983822205286,-1.6181253690019801,0
657,Acrinathrin (Ref: RU 38702),4,rbf_matched,4,1,-0.8486270064318933,0.5683983822205286,-1.417025388652422,0
662,Foramsulfuron (Ref: AE F130360),0,rbf_matched,4,0,-0.6739214539398274,0.5683983822205286,-1.242319836160356,0
665,Mesotrione (Ref: ZA 1296),69,rbf_matched,4,1,-0.7017603482386875,0.5683983822205286,-1.2701587304592161,0
666,Metominostrobin (Ref: SSF 126),44,rbf_matched,4,0,-0.9514891014452602,0.5683983822205286,-1.519887483665789,0
667,Primisulfuron,0,rbf_matched,4,0,-0.25423992599696776,0.5683983822205286,-0.8226383082174964,0
671,"3-[(2-Chloro-5-thiazolyl)methyl]tetrahydro-5-methyl-N-nitro-4H-1,3,5-oxadiazin-4-imine",321,rbf_matched,4,1,-1.0170397066226307,0.5683983822205286,-1.5854380888431594,0
674,Tau-fluvalinate (Ref: SAN 527l),4,rbf_matched,4,0,-0.5175168454137345,0.5683983822205286,-1.0859152276342632,0
683,Pyribenzoxim (Ref: LGC 40863 ),142,rbf_matched,4,0,-0.3485417983469796,0.5683983822205286,-0.9169401805675083,0
691,Pyriminobac-methyl (Ref: KIH-6127),142,rbf_matched,4,0,-1.0369902085494003,0.5683983822205286,-1.605388590769929,0
692,Pyrazosulfuron,0,rbf_matched,4,0,-0.5361532081631126,0.5683983822205286,-1.1045515903836414,0
693,Ethoxysulfuron (Ref: AE F095404),0,rbf_matched,4,0,-1.0314548288402705,0.5683983822205286,-1.599853211060799,0
699,Azimsulfuron,0,rbf_matched,4,0,-0.38812236456537874,0.5683983822205286,-0.9565207467859074,0
701,Mesosulfuron (Ref: AE F154851),0,rbf_matched,4,1,-0.2989665150685266,0.5683983822205286,-0.8673648972890553,0
704,Mefenpyr diethyl (Ref: HOE 107892),313,rbf_matched,4,0,-0.7398511488157736,0.5683983822205286,-1.3082495310363023,0
706,Oxasulfuron (Ref: CGA 277476 ),0,rbf_matched,4,0,-0.9455642267816691,0.5683983822205286,-1.5139626090021978,0
715,Sumithrin ,4,rbf_matched,4,1,-0.40413841435184794,0.5683983822205286,-0.9725367965723766,0
729,Trifloxysulfuron (Ref: CGA 292230),0,rbf_matched,4,0,-0.7615357831760887,0.5683983822205286,-1.3299341653966175,0
731,"1,1'-(2-Nitrobutylidene)bis(4-chlorobenzene), Mixt. with 1,1'-(2-Nitropropylidene)bis(4-chlorobenzene)",60,rbf_matched,4,0,-0.929997561697767,0.5683983822205286,-1.4983959439182957,0
735,"(3-Bromo-6-methoxy-2-methylphenyl)(2,3,4-trimethoxy-6-methylphenyl)methanone",132,rbf_matched,4,0,-0.8429892525062772,0.5683983822205286,-1.4113876347268057,0
737,Fluacrypyrim,85,rbf_matched,4,1,-1.2142119322033555,0.5683983822205286,-1.7826103144238843,0
738,4-Chloro-3-ethyl-1-methyl-N-[[4-(4-methylphenoxy)phenyl]methyl]-1H-pyrazole-5-carboxamide,136,rbf_matched,4,1,-0.716010122409981,0.5683983822205286,-1.2844085046305096,0
740,Dimoxystrobin (Ref: BAS 505F),44,rbf_matched,4,0,-1.0821916071318498,0.5683983822205286,-1.6505899893523783,0
742,Sintofen (Ref: SC 2053),305,rbf_matched,4,0,-1.1357593305499356,0.5683983822205286,-1.7041577127704644,0
745,Tritosulfuron,0,rbf_matched,4,0,-0.3081337275424789,0.5683983822205286,-0.8765321097630075,0
753,(alphaE)-alpha-(Methoxymethylene)-2-[[[6-(trifluoromethyl)-2-pyridinyl]oxy]methyl]benzeneacetic acid methyl ester,85,rbf_matched,4,0,-1.1806345585937714,0.5683983822205286,-1.7490329408143,0
761,Orysastrobin,44,rbf_matched,4,0,-1.0621794663999307,0.5683983822205286,-1.6305778486204594,0
776,Trifludimoxazin,298,rbf_matched,4,0,-1.2039381124756652,0.5683983822205286,-1.772336494696194,0
794,Iodosulfuron,0,rbf_matched,4,0,-0.2404153665610257,0.5683983822205286,-0.8088137487815543,0
796,Picloram-dimethylammonium,35,rbf_matched,4,0,-0.7909752185393515,0.5683983822205286,-1.3593736007598802,0
800,"(5-Chloro-2-methoxy-4-methylpyridin-3-yl)(2,3,4-trimethoxy-6-methylphenyl)methanone",132,rbf_matched,4,0,-1.0166596915627526,0.5683983822205286,-1.5850580737832813,0
803,N-[(2-Chlorophenyl)methyl]-N'-(1-methyl-1-phenylethyl)urea,289,rbf_matched,4,0,-0.9149634904716396,0.5683983822205286,-1.4833618726921682,0
818,Flupyrimin,283,rbf_matched,4,0,-1.0858198805466088,0.5683983822205286,-1.6542182627671376,0
822,Halauxifen (Ref: X11393729),35,rbf_matched,4,0,-0.5436250768273208,0.5683983822205286,-1.1120234590478493,0
839,Eugenol,82,rbf_matched,4,0,-0.8748831697739364,0.5683983822205286,-1.443281551994465,0
844,Trichloronitromethane,276,rbf_matched,4,0,-1.2414027415432853,0.5683983822205286,-1.809801123763814,0
855,Dibromochloropropane (Ref: OS1897),270,rbf_matched,4,0,-0.8117294127634056,0.5683983822205286,-1.3801277949839341,0
865,Dicyclopentadiene,263,rbf_matched,4,0,-1.0814736249722943,0.5683983822205286,-1.649872007192823,0
867,"1,1'-(2,2-Dichloroethylidene)bis[4-chlorobenzene]",60,rbf_matched,4,0,-0.02247071333404249,0.5683983822205286,-0.5908690955545711,0
885,Karanjin,256,rbf_matched,4,0,-0.5433960567662388,0.5683983822205286,-1.1117944389867676,0
888,"1,3-dichloropropene (Ref: D D92)",254,rbf_matched,4,1,-1.3232059481051976,0.5683983822205286,-1.8916043303257264,0
891,"2,4,5,6-Tetrachloro-1,3-benzenedicarbonitrile",125,rbf_matched,4,0,-0.9904388709396866,0.5683983822205286,-1.5588372531602153,0
902,2-(4-Thiazolyl)-1H-benzimidazole,122,rbf_matched,4,1,-0.6813344359636666,0.5683983822205286,-1.2497328181841953,0
907,"5-Bromo-6-methyl-3-(1-methylpropyl)-2,4(1H,3H)-pyrimidinedione",246,rbf_matched,4,0,-1.0235010326278424,0.5683983822205286,-1.591899414848371,0
918,Oxolinic acid,242,rbf_matched,4,0,-0.7963748270811324,0.5683983822205286,-1.364773209301661,0
931,Propyzamide (Ref: RH 315),234,rbf_matched,4,0,-1.1761328570241447,0.5683983822205286,-1.7445312392446732,0
949,Difenzoquat metilsulfate (Ref: AC 84777),224,rbf_matched,4,0,-0.6746006829208663,0.5683983822205286,-1.242999065141395,0
954,"(1R,3R)-rel-3-[(1Z)-2-Chloro-3,3,3-trifluoro-1-propen-1-yl]-2,2-dimethylcyclopropanecarboxylic acid (2,3,5,6-tetrafluoro-4-methylphenyl)methyl ester",4,rbf_matched,4,1,0.41876179605929376,0.5683983822205286,-0.14963658616123487,0
968,Diafenthiuron (Ref: CGA 106630),214,rbf_matched,4,1,-0.41596669560846194,0.5683983822205286,-0.9843650778289905,0
980,"2-[2-(1-Chlorocyclopropyl)-3-(2-chlorophenyl)-2-hydroxypropyl]-1,2-dihydro-3H-1,2,4-triazole-3-thione",207,rbf_matched,4,0,-1.1359653159775527,0.5683983822205286,-1.7043636981980814,0
981,Furilazole (Ref: MON 13900),206,rbf_matched,4,0,-0.7137537910185485,0.5683983822205286,-1.2821521732390773,0
984,"8-(1,1-Dimethylethyl)-N-ethyl-N-propyl-1,4-dioxaspiro[4.5]decane-2-methanamine",204,rbf_matched,4,1,-1.0235173823469916,0.5683983822205286,-1.5919157645675202,0
991,"3-Chloro-5-[[[[(4,6-dimethoxy-2-pyrimidinyl)amino]carbonyl]amino]sulfonyl]-1-methyl-1H-pyrazole-4-carboxylic acid, Methyl ester",0,rbf_matched,4,0,-0.6177447985453557,0.5683983822205286,-1.1861431807658844,0
993,3-[2-Chloro-4-(methanesulfonyl)benzoyl]-4-(phenylsulfanyl)bicyclo[3.2.1]oct-3-en-2-one,69,rbf_matched,4,0,-0.8241450622901029,0.5683983822205286,-1.3925434445106315,0
995,Benthiavalicarb,112,rbf_matched,4,0,-1.0396941398158535,0.5683983822205286,-1.6080925220363822,0
1016,N-[Methyloxido[1-[6-(trifluoromethyl)-3-pyridinyl]ethyl]-lambda4-sulfanylidene]cyanamide,190,rbf_matched,4,1,-0.8536897734011132,0.5683983822205286,-1.4220881556216418,0
1024,Brofluthrinate (Ref: ZXI 8901),4,rbf_matched,4,1,-0.5026827617865322,0.5683983822205286,-1.071081144007061,0
1031,"Cyclopropanecarboxylic acid, [(3S,4R,4aR,6S,6aS,12R,12aS,12bS)-3-[(Cyclopropylcarbonyl)oxy]-1,3,4,4a,5,6,6a,12,12a,12b-decahydro-6,12-dihydroxy-4,6a,12b-trimethyl-11-oxo-9-(3-pyridinyl)-2H,11H-naphtho[2,1-b]pyrano[3,4-e]pyran-4-yl]methyl ester",181,rbf_matched,4,0,0.467745729053913,0.5683983822205286,-0.10065265316661565,0
1033,Fluindapyr (Ref: IR9792),179,rbf_matched,4,0,-1.0082890581078119,0.5683983822205286,-1.5766874403283406,0
16,2-[[Ethoxy[(1-methylethyl)amino]phosphinothioyl]oxy]benzoic acid 1-methylethyl ester,93,quantum_angle_product,4,1,-0.18298778567213636,-0.2695974905486845,0.08660970487654812,1
19,(2-Chloroethyl)phosphonic acid,457,quantum_angle_product,4,0,-0.8366025675096712,-0.2695974905486845,-0.5670050769609867,0
27,"3,6-Dichloro-2-methyoxybenzoic acid",53,quantum_angle_product,4,0,-0.9359716162501109,-0.2695974905486845,-0.6663741257014264,0
44,Anethole,450,quantum_angle_product,4,0,-1.1267305394049862,-0.2695974905486845,-0.8571330488563018,0
60,"3-(2-Chloro-3,3,3-trifluoro-1-propenyl)-2,2-dimethylcyclopropanecarboxylic acid cyano(3-phenoxyphenyl)methyl ester",4,quantum_angle_product,4,1,-0.6098829183504318,-0.2695974905486845,-0.34028542780174736,0
62,Methyleugenol (Ref: Ent 21040),82,quantum_angle_product,4,0,-1.071457163823212,-0.2695974905486845,-0.8018596732745276,0
66,Capsaicin (Ref: NCI-C56564),82,quantum_angle_product,4,1,-0.927799874898264,-0.2695974905486845,-0.6582023843495795,0
69,2-phenylphenol,444,quantum_angle_product,4,0,-1.1771582487760917,-0.2695974905486845,-0.9075607582274072,0
83,DDT (Ref: OMS 16),60,quantum_angle_product,4,1,-0.7355590984117987,-0.2695974905486845,-0.4659616078631142,0
84,Ethion (Ref: ENT 24105),9,quantum_angle_product,4,1,2.9882474370582823,-0.2695974905486845,3.2578449276069668,1
86,"Phosphorodithioic acid O,O-diethyl S-[(4-oxo-1,2,3-benzotriazin-3(4H)-yl)methyl] ester",174,quantum_angle_product,4,1,0.994171602597456,-0.2695974905486845,1.2637690931461405,1
90,Chlormephos (Ref: MC 2188),9,quantum_angle_product,4,1,1.0439251630677435,-0.2695974905486845,1.313522653616428,1
95,5-Amino-4-chloro-2-phenyl-3(2H)-pyridazinone,161,quantum_angle_product,4,0,-1.0940673539024375,-0.2695974905486845,-0.824469863353753,0
102,(3-Methylphenyl)carbamic acid 3-[(methoxycarbonyl)amino]phenyl ester,15,quantum_angle_product,4,0,-0.9092013259672326,-0.2695974905486845,-0.639603835418548,0
112,"S-[2-(Ethylthio)ethyl]O,O-dimethyl ester phosphorodithioc acid",9,quantum_angle_product,4,1,1.0891806289527142,-0.2695974905486845,1.3587781195013986,1
117,Piperonyl butoxide (Ref: ENT 14250),433,quantum_angle_product,4,0,-0.9292222050708324,-0.2695974905486845,-0.6596247145221479,0
119,Metsulfuron-methyl (Ref: DPX T6376),0,quantum_angle_product,4,0,-0.8330992031012349,-0.2695974905486845,-0.5635017125525503,0
123,"Phosphorodithioic acid S-[[(1,1-dimethylethyl)thio]O,O-diethylmethyl]ester",9,quantum_angle_product,4,1,1.1814474956801648,-0.2695974905486845,1.4510449862288493,1
131,"O,P'-DDT",170,quantum_angle_product,4,1,-0.7355590984117987,-0.2695974905486845,-0.4659616078631142,0
134,"N-Phenylcarbamic acid, 1-Methylethyl ester",15,quantum_angle_product,4,0,-1.0704101310663785,-0.2695974905486845,-0.8008126405176941,0
138,Flurochloridone (Ref: R 40244),431,quantum_angle_product,4,0,-0.8180802438831228,-0.2695974905486845,-0.5484827533344383,0
142,Cyclosulfamuron (Ref: BAS 710H),0,quantum_angle_product,4,0,-0.8486666603215031,-0.2695974905486845,-0.5790691697728185,0
156,"O,O-Diethyl S-[2-(ethylsulfanyl)ethyl] phosphorothioate",9,quantum_angle_product,4,1,1.0460482130105357,-0.2695974905486845,1.3156457035592202,1
157,"2-Chloro-N-[[(4-methoxy-6-methyl-1,3,5-triazin-2-yl)amino]carbonyl]benzenesulfonamide",0,quantum_angle_product,4,0,-0.8728255969731532,-0.2695974905486845,-0.6032281064244687,0
159,"3-(2,2-Dichloroethenyl)-2,2-dimethylcyclopropanecarboxylic acid, (3-Phenoxyphenyl)methyl ester",4,quantum_angle_product,4,1,-0.7698077172802883,-0.2695974905486845,-0.5002102267316038,0
169,Demeton-O-methyl (Ref: ENT 18862),9,quantum_angle_product,4,1,1.0020986272738561,-0.2695974905486845,1.2716961178225406,1
170,"1,1'-(2,2-Dichloroethylidene)bis[4-ethylbenzene",60,quantum_angle_product,4,1,-0.9815749310513019,-0.2695974905486845,-0.7119774405026174,0
178,"N-(3-Chlorophenyl)carbamic acid, 1-Methylethyl ester",54,quantum_angle_product,4,0,-1.0047059938088387,-0.2695974905486845,-0.7351085032601543,0
181,Demeton (Ref: ENT 17295),9,quantum_angle_product,4,1,1.0030234375842295,-0.2695974905486845,1.272620928132914,1
183,"2,2-Dichloropropanoic acid",422,quantum_angle_product,4,0,-0.9092513499463503,-0.2695974905486845,-0.6396538593976657,0
184,Beta-cypermethrin (Ref: OMS 3068),4,quantum_angle_product,4,1,-0.6882361827842173,-0.2695974905486845,-0.4186386922355328,0
187,"Phosphorodithioic acid, O,O-Diethyl-S-[2-(ethylthio)ethyl] ester",9,quantum_angle_product,4,1,1.097950890249514,-0.2695974905486845,1.3675483807981985,1
193,"S-[2-(Ethylthio)ethyl]O,O-dimethyl ester phosphorothioic acid",9,quantum_angle_product,4,1,1.035490768727604,-0.2695974905486845,1.3050882592762885,1
198,"2,3,6-TBA (Ref: HC 1281)",53,quantum_angle_product,4,0,-0.9088046045314403,-0.2695974905486845,-0.6392071139827558,0
201,"O,O-Diethyl S-[(ethylthio)methyl])ester, Phosphorodithioic acid",9,quantum_angle_product,4,1,1.1135502805922584,-0.2695974905486845,1.3831477711409428,1
206,Dichlobenil (Ref: H 133),125,quantum_angle_product,4,1,-0.9762243335250537,-0.2695974905486845,-0.7066268429763691,0
210,"S-[(6-Chloro-2-oxo-3(2H)-benzoxazolyl)methyl]O,O-diethyl ester phosphorodithioic acid",104,quantum_angle_product,4,1,1.0546458705898765,-0.2695974905486845,1.324243361138561,1
221,Carbofenthion,9,quantum_angle_product,4,1,1.1406415710642803,-0.2695974905486845,1.4102390616129648,1
236,1-methylcyclopropene,416,quantum_angle_product,4,1,-1.1075838429431117,-0.2695974905486845,-0.8379863523944273,0
258,Chloramben (Ref: ACP M-629),35,quantum_angle_product,4,0,-0.9167966390914292,-0.2695974905486845,-0.6471991485427446,0
277,Pebulate (Ref: R 2061),102,quantum_angle_product,4,1,-0.9214736664608391,-0.2695974905486845,-0.6518761759121545,0
294,Fuberidazole,122,quantum_angle_product,4,0,-1.1835561875921239,-0.2695974905486845,-0.9139586970434395,0
304,Terbutryn (Ref: GS 14260),24,quantum_angle_product,4,1,-0.9687551375697566,-0.2695974905486845,-0.6991576470210721,0
310,"5-Chloro-3-(1,1-dimethylethyl)-6-methyl-2,4(1H,3H)-pyrimidinedione",401,quantum_angle_product,4,0,-0.9958673531105474,-0.2695974905486845,-0.7262698625618629,0
311,Chlorophacinone (Ref: LM 91),400,quantum_angle_product,4,1,-0.9425263205386393,-0.2695974905486845,-0.6729288299899547,0
322,Thiophanate,15,quantum_angle_product,4,0,-0.6650800223554495,-0.2695974905486845,-0.395482531806765,0
335,"N-[3-[[(Phenylamino)carbonyl]oxy]phenyl]carbamic acid, Ethyl ester",15,quantum_angle_product,4,0,-0.9199978492268898,-0.2695974905486845,-0.6504003586782052,0
337,Carbetamide (Ref: RP 11561),15,quantum_angle_product,4,0,-1.022276252663684,-0.2695974905486845,-0.7526787621149995,0
355,Proximpham,15,quantum_angle_product,4,0,-1.0176576829420485,-0.2695974905486845,-0.7480601923933641,0
358,Dodemorph,389,quantum_angle_product,4,0,-0.7007765870254873,-0.2695974905486845,-0.4311790964768028,0
371,Norflurazon (Ref: H 52143),161,quantum_angle_product,4,0,-1.001344584161581,-0.2695974905486845,-0.7317470936128965,0
379,Terbumeton (Ref: GS 14259),24,quantum_angle_product,4,0,-1.0298133896822779,-0.2695974905486845,-0.7602158991335934,0
382,Multistriatin,384,quantum_angle_product,4,0,-0.9022331031995044,-0.2695974905486845,-0.6326356126508199,0
384,Tembotrione (Ref: AE 0172747),69,quantum_angle_product,4,0,-0.6554572739276113,-0.2695974905486845,-0.38585978337892685,0
386,Fenpropathrin (Ref: OMS 1999),4,quantum_angle_product,4,1,-0.8074228863308238,-0.2695974905486845,-0.5378253957821393,0
392,"2,2-Dimethyl-3-(1,1,2,2-tetrabromoethyl)cyclopropanecarboxylic acid cyano(3-phenoxyphenyl)methyl ester",4,quantum_angle_product,4,1,-0.17371700491299402,-0.2695974905486845,0.09588048563569046,1
393,"2-[[[[(4-Chloro-6-methoxy-2-pyrimidinyl)amino]carbonyl]amino]sulfonyl]benzoic acid, Ethyl ester",0,quantum_angle_product,4,0,-0.8116912614632018,-0.2695974905486845,-0.5420937709145173,0
400,2-Chloro-1-(3-ethoxy-4-nitrophenoxy)-4-(trifluoromethyl)benzene,28,quantum_angle_product,4,0,-0.7734689602209114,-0.2695974905486845,-0.5038714696722268,0
401,4-Chloro-alpha-(1-methylethyl)benzeneacetic acid cyano(3-phenoxyphenyl)methyl ester,4,quantum_angle_product,4,1,-0.7911464984301645,-0.2695974905486845,-0.52154900788148,0
404,"3,6-Dichloro-2-pyridinecarboxylic acid",35,quantum_angle_product,4,0,-0.9495217651428608,-0.2695974905486845,-0.6799242745941763,0
405,"3-(3,5-Dichlorophenyl)-N-(1-methylethyl)-2,4-dioxo-1-imidazolidinecarboxamide",379,quantum_angle_product,4,0,-0.7695835460648924,-0.2695974905486845,-0.49998605551620795,0
407,Nuarimol (Ref: EL 228),160,quantum_angle_product,4,0,-1.1053327278199498,-0.2695974905486845,-0.8357352372712654,0
409,"(1R,3R)-3-(2,2-Dibromoethenyl)-2,2-dimethylcyclopropanecarboxylic acid (S)cyano(3-phenoxyphenyl)methyl ester",4,quantum_angle_product,4,1,-0.5247607138352525,-0.2695974905486845,-0.255163223286568,0
423,Triflumuron (Ref: OMS 2015),50,quantum_angle_product,4,0,-0.8581336392841529,-0.2695974905486845,-0.5885361487354683,0
430,Flucythrinate (Ref: OMS 2007),4,quantum_angle_product,4,1,-0.759099932562319,-0.2695974905486845,-0.4895024420136345,0
434,Etrimfos,97,quantum_angle_product,4,1,0.9971404801233376,-0.2695974905486845,1.266737970672022,1
446,Cyphenothrin (Ref: S 2703),4,quantum_angle_product,4,1,-0.7619694495126194,-0.2695974905486845,-0.4923719589639349,0
454,Azamethiphos (Ref: GCA 18809),104,quantum_angle_product,4,1,0.9992749663708184,-0.2695974905486845,1.268872456919503,1
455,2-[(Aminomethoxyphosphinothioyl)oxy]benzoic acid 1-methylethyl ester,93,quantum_angle_product,4,1,-0.21158192894709515,-0.2695974905486845,0.05801556160158933,1
462,Fenoxycarb (Ref: OMS 3010),15,quantum_angle_product,4,0,-1.0120108525073186,-0.2695974905486845,-0.7424133619586342,0
464,Bifenthrin (Ref: FMC 54800),4,quantum_angle_product,4,1,-0.689011443525977,-0.2695974905486845,-0.4194139529772925,0
465,"3-[2-Chloro-2-(4-chlorophenyl)ethenyl]-2,2-dimethylcyclopropanecarboxylic acid cyano(4-fluoro-3-phenoxyphenyl)methyl ester",4,quantum_angle_product,4,1,-0.5529302829253387,-0.2695974905486845,-0.28333279237665426,0
466,"2-[[[[(4,6-Dimethyl-2-pyrimidinyl)amino]carbonyl]amino]sulfonyl]benzoic acid, Methyl ester",0,quantum_angle_product,4,0,-0.9016837051570291,-0.2695974905486845,-0.6320862146083446,0
470,Sulfometuron,0,quantum_angle_product,4,0,-0.8582401428438055,-0.2695974905486845,-0.5886426522951209,0
480,"2-Ethoxy-2,3-dihydro-3,3-dimethyl-5-benzofuranol 5-methanesulfonate",367,quantum_angle_product,4,0,-0.8476827011870619,-0.2695974905486845,-0.5780852106383774,0
481,Beta-cyfluthrin (Ref: OMS 3051),4,quantum_angle_product,4,1,-0.6403851108589477,-0.2695974905486845,-0.3707876203102632,0
484,2-[1-Methyl-2-(4-phenoxyphenoxy)ethoxy]pyridine,365,quantum_angle_product,4,0,-1.0380365932359954,-0.2695974905486845,-0.768439102687311,0
495,Metsulfuron (Ref: IN F5438),0,quantum_angle_product,4,0,-0.7966675868542085,-0.2695974905486845,-0.5270700963055239,0
498,Diethofencarb (Ref: S 1605),54,quantum_angle_product,4,0,-0.9331327041144654,-0.2695974905486845,-0.6635352135657808,0
499,Mepronil (Ref: B1 2459),15,quantum_angle_product,4,0,-1.0230676045975642,-0.2695974905486845,-0.7534701140488798,0
500,"5-[2-Chloro-4-(trifluoromethyl)phenoxy]-2-nitrobenzoic acid, 2-Ethoxy-1-methyl-2-oxoethyl ester",28,quantum_angle_product,4,0,-0.6162098492433813,-0.2695974905486845,-0.3466123586946968,0
501,Uniconazole (Ref: XE 1019),72,quantum_angle_product,4,0,-1.0217643531644223,-0.2695974905486845,-0.7521668626157378,0
503,Isofenphos-methyl,93,quantum_angle_product,4,1,-0.19754485051461323,-0.2695974905486845,0.07205264003407125,1
506,"2-(2-Chloroethoxy)-N-[[(4-methoxy-6-methyl-1,3,5-triazin-2-yl)amino]carbonyl]benzenesulfonamide",0,quantum_angle_product,4,0,-0.873025708630098,-0.2695974905486845,-0.6034282180814134,0
517,Pyrazosulfuron-ethyl (Ref: NC 311),0,quantum_angle_product,4,0,-0.8245252483745634,-0.2695974905486845,-0.5549277578258789,0
519,Quinmerac (Ref: BAS 518H),53,quantum_angle_product,4,0,-1.0478868735908509,-0.2695974905486845,-0.7782893830421664,0
520,"3,7-Dichloro-8-quinolinecarboxylic acidZ",53,quantum_angle_product,4,0,-1.0038207530253023,-0.2695974905486845,-0.7342232624766178,0
524,Bensulfuron-methyl (Ref: DPX F5384),0,quantum_angle_product,4,0,-0.8372087577984589,-0.2695974905486845,-0.5676112672497744,0
525,Flutolanil (Ref: NNF 136),15,quantum_angle_product,4,0,-0.939610707341351,-0.2695974905486845,-0.6700132167926665,0
527,Bensulfuron (Ref: IN R9419),0,quantum_angle_product,4,0,-0.8276123538655408,-0.2695974905486845,-0.5580148633168562,0
528,Diclomezine (Ref: F-850),359,quantum_angle_product,4,0,-1.045273245586686,-0.2695974905486845,-0.7756757550380016,0
529,"2-[[[[[4,6-Bis(difluoromethoxy)-2-pyrimidinyl]amino]carbonyl]amino]sulfonyl]benzoic acid, Methyl ester",0,quantum_angle_product,4,0,-0.772090731149882,-0.2695974905486845,-0.5024932406011975,0
542,Aminopyralid (Ref: XDE 750),35,quantum_angle_product,4,1,-0.8895359566049753,-0.2695974905486845,-0.6199384660562908,0
543,"N-[[4,6-Dimethoxy-2-pyrimidinyl)amino]carbonyl]-3-(trifluoromethyl)-2-pyridinesulfonamide",0,quantum_angle_product,4,0,-0.8188365429773256,-0.2695974905486845,-0.549239052428641,0
545,Tebufenpyrad (Ref: AC 801757),136,quantum_angle_product,4,1,-0.9594445847234018,-0.2695974905486845,-0.6898470941747172,0
553,Chlorimuron,0,quantum_angle_product,4,0,-0.781648693739086,-0.2695974905486845,-0.5120512031904014,0
559,Flamprop-M-isopropyl (Ref: WL 43425),351,quantum_angle_product,4,0,-0.8886427556620223,-0.2695974905486845,-0.6190452651133378,0
560,Cinosulfuron (Ref: CGA 142464),0,quantum_angle_product,4,0,-0.8305913452167978,-0.2695974905486845,-0.5609938546681132,0
568,"N-[[(4,6-Dimethoxy-2-pyrimidinyl)amino]carbonyl]-2-(ethylsulfonyl)imidazo[1,2-a]pyridine-3-sulfonamide",0,quantum_angle_product,4,0,-0.8098699202384098,-0.2695974905486845,-0.5402724296897252,0
570,Thifensulfuron (Ref: IN L9225),0,quantum_angle_product,4,1,-0.6450189379719699,-0.2695974905486845,-0.37542144742328537,0
572,Nicosulfuron (Ref: DPX V9360),0,quantum_angle_product,4,1,-0.8271649654726235,-0.2695974905486845,-0.557567474923939,0
577,(alphaE)-alpha-(Methoxyimino)-2-[[[(E)-[1-[3-(trifluoromethyl)phenyl]ethylidene]amino]oxy]methyl]benzeneacteic acid methyl ester,44,quantum_angle_product,4,0,-0.8348769165845139,-0.2695974905486845,-0.5652794260358294,0
581,"N-(4-Fluorophenyl)-N-(1-methylethyl)-2-[[5-(trifluoromethyl)-1,3,4-thiadiazol-2-yl]oxy]acetamide",347,quantum_angle_product,4,0,-0.8678263787782429,-0.2695974905486845,-0.5982288882295583,0
582,(alphaE)-alpha-(Methoxyimino)-2-[(2-methylphenoxy)methyl]benzeneacetic acid methyl ester,44,quantum_angle_product,4,0,-0.9758873725090306,-0.2695974905486845,-0.706289881960346,0
583,Sulcotrione (Ref: SC 0051),69,quantum_angle_product,4,0,-0.7763938120414889,-0.2695974905486845,-0.5067963214928044,0
588,Fenchlorazole (Ref: HOE 072829),344,quantum_angle_product,4,0,-0.7784036101612354,-0.2695974905486845,-0.5088061196125508,0
592,Ethametsulfuron-methyl (Ref: DPX-A7881),0,quantum_angle_product,4,1,-0.8084201008834976,-0.2695974905486845,-0.538822610334813,0
595,Aminocyclopyrachlor (Ref: DPX-MAT28),35,quantum_angle_product,4,0,-0.9363248903339133,-0.2695974905486845,-0.6667273997852288,0
600,Tebutam (Ref: GPC-5544),151,quantum_angle_product,4,0,-0.9849355029450862,-0.2695974905486845,-0.7153380123964017,0
602,Cymiazol (Ref: CGA 50439),338,quantum_angle_product,4,0,-1.0406847670783579,-0.2695974905486845,-0.7710872765296735,0
604,"N-[[(4,6-Dimethoxy-2-pyrimidinyl)amino]carbonyl]-3-(ethylsulfonyl)-2-pyridine sulfonamide",0,quantum_angle_product,4,0,-0.7204407790553479,-0.2695974905486845,-0.4508432885066634,0
605,"2-[[[[[(4,6-Dimethoxy-2-pyrimidinyl)amino]carbonyl]amino]sulfonyl]amino]-N,N-dimethylbenzamide",0,quantum_angle_product,4,0,-0.8489480991569066,-0.2695974905486845,-0.5793506086082221,0
607,Tribenuron (Ref: IN R9803),0,quantum_angle_product,4,1,-0.7850588891882041,-0.2695974905486845,-0.5154613986395196,0
608,Amidosulfuron,0,quantum_angle_product,4,0,-0.7031225465858252,-0.2695974905486845,-0.4335250560371407,0
610,"2-Chloro-N-[[(4,6-dimethoxy-2-pyrimidinyl)amino]carbonyl]imidazo[1,2-a]pyridine-3-sulfonamide",0,quantum_angle_product,4,0,-0.9242169213029608,-0.2695974905486845,-0.6546194307542763,0
611,Triflusulfuron,0,quantum_angle_product,4,0,-0.7478721190943335,-0.2695974905486845,-0.478274628545649,0
613,(alphaE)-2-[[6-(2-Cyanophenoxy)-4-pyrimidinyl]oxy]-alpha-(methoxymethylene)benzeneacetic acid methyl ester,85,quantum_angle_product,4,0,-0.8143596221989605,-0.2695974905486845,-0.544762131650276,0
615,"2-[[[[[4-Ethoxy-6-(methylamino)-1,3,5-triazin-2-yl]amino]carbonyl]amino]sulfonyl]benzoic acid",0,quantum_angle_product,4,0,-0.8004714695936593,-0.2695974905486845,-0.5308739790449748,0
627,Diofenolan (Ref: CGA 059205),335,quantum_angle_product,4,0,-0.9783852744246225,-0.2695974905486845,-0.708787783875938,0
633,"N-[[(4-Methoxy-6-methyl-1,3,5-triazin-2-yl)amino]carbonyl]-2-(3,3,3-trifluoropropyl)benzenesulfonamide",0,quantum_angle_product,4,0,-0.884251896048473,-0.2695974905486845,-0.6146544054997884,0
646,Mesosulfuron-methyl (Ref: AE F130060),0,quantum_angle_product,4,0,-0.6849788004287144,-0.2695974905486845,-0.4153813098800299,0
647,Flupyrsulfuron,0,quantum_angle_product,4,0,-0.6962647227938602,-0.2695974905486845,-0.4266672322451757,0
648,4-Chloro-N-[2-[3-methoxy-4-(2-propynyloxy)phenyl]ethyl]-alpha-(2-propynyloxy)benzeneacetamide,329,quantum_angle_product,4,0,-0.9578858495152173,-0.2695974905486845,-0.6882883589665327,0
657,Acrinathrin (Ref: RU 38702),4,quantum_angle_product,4,1,-0.46469658903206146,-0.2695974905486845,-0.19509909848337698,0
662,Foramsulfuron (Ref: AE F130360),0,quantum_angle_product,4,0,-0.800208077894882,-0.2695974905486845,-0.5306105873461975,0
665,Mesotrione (Ref: ZA 1296),69,quantum_angle_product,4,1,-0.6787967764522392,-0.2695974905486845,-0.40919928590355475,0
666,Metominostrobin (Ref: SSF 126),44,quantum_angle_product,4,0,-1.031420043980376,-0.2695974905486845,-0.7618225534316916,0
667,Primisulfuron,0,quantum_angle_product,4,0,-0.7472557242196752,-0.2695974905486845,-0.47765823367099075,0
671,"3-[(2-Chloro-5-thiazolyl)methyl]tetrahydro-5-methyl-N-nitro-4H-1,3,5-oxadiazin-4-imine",321,quantum_angle_product,4,1,-0.7742662423331083,-0.2695974905486845,-0.5046687517844237,0
674,Tau-fluvalinate (Ref: SAN 527l),4,quantum_angle_product,4,0,-0.6447856891413878,-0.2695974905486845,-0.3751881985927033,0
683,Pyribenzoxim (Ref: LGC 40863 ),142,quantum_angle_product,4,0,-0.6522894287368081,-0.2695974905486845,-0.3826919381881236,0
691,Pyriminobac-methyl (Ref: KIH-6127),142,quantum_angle_product,4,0,-0.8577882633660968,-0.2695974905486845,-0.5881907728174123,0
692,Pyrazosulfuron,0,quantum_angle_product,4,0,-0.7581138314852064,-0.2695974905486845,-0.4885163409365219,0
693,Ethoxysulfuron (Ref: AE F095404),0,quantum_angle_product,4,0,-0.842892638511611,-0.2695974905486845,-0.5732951479629265,0
699,Azimsulfuron,0,quantum_angle_product,4,0,-0.9012596703039847,-0.2695974905486845,-0.6316621797553001,0
701,Mesosulfuron (Ref: AE F154851),0,quantum_angle_product,4,1,-0.6485008290490574,-0.2695974905486845,-0.3789033385003729,0
704,Mefenpyr diethyl (Ref: HOE 107892),313,quantum_angle_product,4,0,-0.7002777921143654,-0.2695974905486845,-0.4306803015656809,0
706,Oxasulfuron (Ref: CGA 277476 ),0,quantum_angle_product,4,0,-0.8345714472416167,-0.2695974905486845,-0.5649739566929322,0
715,Sumithrin ,4,quantum_angle_product,4,1,-0.8331640828808217,-0.2695974905486845,-0.5635665923321371,0
729,Trifloxysulfuron (Ref: CGA 292230),0,quantum_angle_product,4,0,-0.8244720348997677,-0.2695974905486845,-0.5548745443510832,0
731,"1,1'-(2-Nitrobutylidene)bis(4-chlorobenzene), Mixt. with 1,1'-(2-Nitropropylidene)bis(4-chlorobenzene)",60,quantum_angle_product,4,0,-0.9186921128168893,-0.2695974905486845,-0.6490946222682048,0
735,"(3-Bromo-6-methoxy-2-methylphenyl)(2,3,4-trimethoxy-6-methylphenyl)methanone",132,quantum_angle_product,4,0,-0.7719031929472425,-0.2695974905486845,-0.502305702398558,0
737,Fluacrypyrim,85,quantum_angle_product,4,1,-0.789591719977316,-0.2695974905486845,-0.5199942294286315,0
738,4-Chloro-3-ethyl-1-methyl-N-[[4-(4-methylphenoxy)phenyl]methyl]-1H-pyrazole-5-carboxamide,136,quantum_angle_product,4,1,-0.9723842176968461,-0.2695974905486845,-0.7027867271481616,0
740,Dimoxystrobin (Ref: BAS 505F),44,quantum_angle_product,4,0,-1.006803742505912,-0.2695974905486845,-0.7372062519572276,0
742,Sintofen (Ref: SC 2053),305,quantum_angle_product,4,0,-1.0241189507760629,-0.2695974905486845,-0.7545214602273784,0
745,Tritosulfuron,0,quantum_angle_product,4,0,-0.7580798949859627,-0.2695974905486845,-0.48848240443727825,0
753,(alphaE)-alpha-(Methoxymethylene)-2-[[[6-(trifluoromethyl)-2-pyridinyl]oxy]methyl]benzeneacetic acid methyl ester,85,quantum_angle_product,4,0,-0.8871340132096687,-0.2695974905486845,-0.6175365226609841,0
761,Orysastrobin,44,quantum_angle_product,4,0,-0.8217585670364026,-0.2695974905486845,-0.5521610764877181,0
776,Trifludimoxazin,298,quantum_angle_product,4,0,-0.8287363975521994,-0.2695974905486845,-0.5591389070035149,0
794,Iodosulfuron,0,quantum_angle_product,4,0,-0.6035449487781789,-0.2695974905486845,-0.3339474582294944,0
796,Picloram-dimethylammonium,35,quantum_angle_product,4,0,-0.8763836759926268,-0.2695974905486845,-0.6067861854439422,0
800,"(5-Chloro-2-methoxy-4-methylpyridin-3-yl)(2,3,4-trimethoxy-6-methylphenyl)methanone",132,quantum_angle_product,4,0,-0.8603757086511782,-0.2695974905486845,-0.5907782181024936,0
803,N-[(2-Chlorophenyl)methyl]-N'-(1-methyl-1-phenylethyl)urea,289,quantum_angle_product,4,0,-1.0183717514988535,-0.2695974905486845,-0.7487742609501691,0
818,Flupyrimin,283,quantum_angle_product,4,0,-0.9668793306101778,-0.2695974905486845,-0.6972818400614933,0
822,Halauxifen (Ref: X11393729),35,quantum_angle_product,4,0,-0.8728589432014339,-0.2695974905486845,-0.6032614526527493,0
839,Eugenol,82,quantum_angle_product,4,0,-1.0996420443854498,-0.2695974905486845,-0.8300445538367653,0
844,Trichloronitromethane,276,quantum_angle_product,4,0,-0.7611578002003662,-0.2695974905486845,-0.4915603096516817,0
855,Dibromochloropropane (Ref: OS1897),270,quantum_angle_product,4,0,-0.9028967666483535,-0.2695974905486845,-0.633299276099669,0
865,Dicyclopentadiene,263,quantum_angle_product,4,0,-0.9908368030635103,-0.2695974905486845,-0.7212393125148258,0
867,"1,1'-(2,2-Dichloroethylidene)bis[4-chlorobenzene]",60,quantum_angle_product,4,0,-0.8697864916383672,-0.2695974905486845,-0.6001890010896826,0
885,Karanjin,256,quantum_angle_product,4,0,-1.0285661610854748,-0.2695974905486845,-0.7589686705367904,0
888,"1,3-dichloropropene (Ref: D D92)",254,quantum_angle_product,4,1,-1.0515723962863373,-0.2695974905486845,-0.7819749057376528,0
891,"2,4,5,6-Tetrachloro-1,3-benzenedicarbonitrile",125,quantum_angle_product,4,0,-0.7514647753735563,-0.2695974905486845,-0.4818672848248718,0
902,2-(4-Thiazolyl)-1H-benzimidazole,122,quantum_angle_product,4,1,-1.1464145263156977,-0.2695974905486845,-0.8768170357670133,0
907,"5-Bromo-6-methyl-3-(1-methylpropyl)-2,4(1H,3H)-pyrimidinedione",246,quantum_angle_product,4,0,-0.9749354702237697,-0.2695974905486845,-0.7053379796750852,0
918,Oxolinic acid,242,quantum_angle_product,4,0,-0.9440231126057047,-0.2695974905486845,-0.6744256220570202,0
931,Propyzamide (Ref: RH 315),234,quantum_angle_product,4,0,-0.9545958309774735,-0.2695974905486845,-0.6849983404287889,0
949,Difenzoquat metilsulfate (Ref: AC 84777),224,quantum_angle_product,4,0,-1.148548699734525,-0.2695974905486845,-0.8789512091858405,0
954,"(1R,3R)-rel-3-[(1Z)-2-Chloro-3,3,3-trifluoro-1-propen-1-yl]-2,2-dimethylcyclopropanecarboxylic acid (2,3,5,6-tetrafluoro-4-methylphenyl)methyl ester",4,quantum_angle_product,4,1,-0.5263611191394314,-0.2695974905486845,-0.2567636285907469,0
968,Diafenthiuron (Ref: CGA 106630),214,quantum_angle_product,4,1,-0.7457835719151441,-0.2695974905486845,-0.4761860813664596,0
980,"2-[2-(1-Chlorocyclopropyl)-3-(2-chlorophenyl)-2-hydroxypropyl]-1,2-dihydro-3H-1,2,4-triazole-3-thione",207,quantum_angle_product,4,0,-0.9741378729224287,-0.2695974905486845,-0.7045403823737442,0
981,Furilazole (Ref: MON 13900),206,quantum_angle_product,4,0,-0.8461974586860056,-0.2695974905486845,-0.5765999681373211,0
984,"8-(1,1-Dimethylethyl)-N-ethyl-N-propyl-1,4-dioxaspiro[4.5]decane-2-methanamine",204,quantum_angle_product,4,1,-0.7843200260342095,-0.2695974905486845,-0.5147225354855249,0
991,"3-Chloro-5-[[[[(4,6-dimethoxy-2-pyrimidinyl)amino]carbonyl]amino]sulfonyl]-1-methyl-1H-pyrazole-4-carboxylic acid, Methyl ester",0,quantum_angle_product,4,0,-0.7718133742772034,-0.2695974905486845,-0.5022158837285189,0
993,3-[2-Chloro-4-(methanesulfonyl)benzoyl]-4-(phenylsulfanyl)bicyclo[3.2.1]oct-3-en-2-one,69,quantum_angle_product,4,0,-0.6424963759745829,-0.2695974905486845,-0.3728988854258984,0
995,Benthiavalicarb,112,quantum_angle_product,4,0,-0.9283159804726734,-0.2695974905486845,-0.6587184899239888,0
1016,N-[Methyloxido[1-[6-(trifluoromethyl)-3-pyridinyl]ethyl]-lambda4-sulfanylidene]cyanamide,190,quantum_angle_product,4,1,-0.8119464570020262,-0.2695974905486845,-0.5423489664533416,0
1024,Brofluthrinate (Ref: ZXI 8901),4,quantum_angle_product,4,1,-0.5732047497208322,-0.2695974905486845,-0.30360725917214776,0
1031,"Cyclopropanecarboxylic acid, [(3S,4R,4aR,6S,6aS,12R,12aS,12bS)-3-[(Cyclopropylcarbonyl)oxy]-1,3,4,4a,5,6,6a,12,12a,12b-decahydro-6,12-dihydroxy-4,6a,12b-trimethyl-11-oxo-9-(3-pyridinyl)-2H,11H-naphtho[2,1-b]pyrano[3,4-e]pyran-4-yl]methyl ester",181,quantum_angle_product,4,0,-0.39439559427241855,-0.2695974905486845,-0.12479810372373407,0
1033,Fluindapyr (Ref: IR9792),179,quantum_angle_product,4,0,-0.8540671140449999,-0.2695974905486845,-0.5844696234963154,0
16,2-[[Ethoxy[(1-methylethyl)amino]phosphinothioyl]oxy]benzoic acid 1-methylethyl ester,93,quantum_iqp_zz_linear,4,1,0.013498480831542009,0.06535323416911916,-0.05185475333757715,0
19,(2-Chloroethyl)phosphonic acid,457,quantum_iqp_zz_linear,4,0,-0.46325699700858747,0.06535323416911916,-0.5286102311777067,0
27,"3,6-Dichloro-2-methyoxybenzoic acid",53,quantum_iqp_zz_linear,4,0,-0.6193693186701524,0.06535323416911916,-0.6847225528392716,0
44,Anethole,450,quantum_iqp_zz_linear,4,0,-0.74132073951355,0.06535323416911916,-0.8066739736826692,0
60,"3-(2-Chloro-3,3,3-trifluoro-1-propenyl)-2,2-dimethylcyclopropanecarboxylic acid cyano(3-phenoxyphenyl)methyl ester",4,quantum_iqp_zz_linear,4,1,-0.6853410907584088,0.06535323416911916,-0.750694324927528,0
62,Methyleugenol (Ref: Ent 21040),82,quantum_iqp_zz_linear,4,0,-0.7000833475072973,0.06535323416911916,-0.7654365816764165,0
66,Capsaicin (Ref: NCI-C56564),82,quantum_iqp_zz_linear,4,1,-0.49791307078366964,0.06535323416911916,-0.5632663049527888,0
69,2-phenylphenol,444,quantum_iqp_zz_linear,4,0,-0.6557474522633907,0.06535323416911916,-0.7211006864325099,0
83,DDT (Ref: OMS 16),60,quantum_iqp_zz_linear,4,1,-0.19633955893519495,0.06535323416911916,-0.2616927931043141,0
84,Ethion (Ref: ENT 24105),9,quantum_iqp_zz_linear,4,1,-0.18367996460956024,0.06535323416911916,-0.2490331987786794,0
86,"Phosphorodithioic acid O,O-diethyl S-[(4-oxo-1,2,3-benzotriazin-3(4H)-yl)methyl] ester",174,quantum_iqp_zz_linear,4,1,0.851343157765178,0.06535323416911916,0.7859899235960588,1
90,Chlormephos (Ref: MC 2188),9,quantum_iqp_zz_linear,4,1,1.0857503980885705,0.06535323416911916,1.0203971639194513,1
95,5-Amino-4-chloro-2-phenyl-3(2H)-pyridazinone,161,quantum_iqp_zz_linear,4,0,-0.6431542795727552,0.06535323416911916,-0.7085075137418744,0
102,(3-Methylphenyl)carbamic acid 3-[(methoxycarbonyl)amino]phenyl ester,15,quantum_iqp_zz_linear,4,0,-0.7804521702334817,0.06535323416911916,-0.8458054044026009,0
112,"S-[2-(Ethylthio)ethyl]O,O-dimethyl ester phosphorodithioc acid",9,quantum_iqp_zz_linear,4,1,1.048913833430283,0.06535323416911916,0.9835605992611638,1
117,Piperonyl butoxide (Ref: ENT 14250),433,quantum_iqp_zz_linear,4,0,-0.30766952844638945,0.06535323416911916,-0.3730227626155086,0
119,Metsulfuron-methyl (Ref: DPX T6376),0,quantum_iqp_zz_linear,4,0,-0.3932273086168535,0.06535323416911916,-0.45858054278597266,0
123,"Phosphorodithioic acid S-[[(1,1-dimethylethyl)thio]O,O-diethylmethyl]ester",9,quantum_iqp_zz_linear,4,1,0.7542631333214931,0.06535323416911916,0.6889098991523739,1
131,"O,P'-DDT",170,quantum_iqp_zz_linear,4,1,-0.19633955893519495,0.06535323416911916,-0.2616927931043141,0
134,"N-Phenylcarbamic acid, 1-Methylethyl ester",15,quantum_iqp_zz_linear,4,0,-0.8934924670008045,0.06535323416911916,-0.9588457011699237,0
138,Flurochloridone (Ref: R 40244),431,quantum_iqp_zz_linear,4,0,-0.6009644077506249,0.06535323416911916,-0.6663176419197441,0
142,Cyclosulfamuron (Ref: BAS 710H),0,quantum_iqp_zz_linear,4,0,-0.37536298130264323,0.06535323416911916,-0.4407162154717624,0
156,"O,O-Diethyl S-[2-(ethylsulfanyl)ethyl] phosphorothioate",9,quantum_iqp_zz_linear,4,1,0.7534856825637958,0.06535323416911916,0.6881324483946766,1
157,"2-Chloro-N-[[(4-methoxy-6-methyl-1,3,5-triazin-2-yl)amino]carbonyl]benzenesulfonamide",0,quantum_iqp_zz_linear,4,0,-0.6652165882306832,0.06535323416911916,-0.7305698223998024,0
159,"3-(2,2-Dichloroethenyl)-2,2-dimethylcyclopropanecarboxylic acid, (3-Phenoxyphenyl)methyl ester",4,quantum_iqp_zz_linear,4,1,-0.6590831875326195,0.06535323416911916,-0.7244364217017387,0
169,Demeton-O-methyl (Ref: ENT 18862),9,quantum_iqp_zz_linear,4,1,1.0550748122928513,0.06535323416911916,0.9897215781237321,1
170,"1,1'-(2,2-Dichloroethylidene)bis[4-ethylbenzene",60,quantum_iqp_zz_linear,4,1,-0.26690688630008924,0.06535323416911916,-0.3322601204692084,0
178,"N-(3-Chlorophenyl)carbamic acid, 1-Methylethyl ester",54,quantum_iqp_zz_linear,4,0,-1.023396227394477,0.06535323416911916,-1.0887494615635962,0
181,Demeton (Ref: ENT 17295),9,quantum_iqp_zz_linear,4,1,0.7500446884053252,0.06535323416911916,0.684691454236206,1
183,"2,2-Dichloropropanoic acid",422,quantum_iqp_zz_linear,4,0,-0.29253565119590563,0.06535323416911916,-0.3578888853650248,0
184,Beta-cypermethrin (Ref: OMS 3068),4,quantum_iqp_zz_linear,4,1,-0.7431217442427149,0.06535323416911916,-0.8084749784118341,0
187,"Phosphorodithioic acid, O,O-Diethyl-S-[2-(ethylthio)ethyl] ester",9,quantum_iqp_zz_linear,4,1,0.7703933929568354,0.06535323416911916,0.7050401587877162,1
193,"S-[2-(Ethylthio)ethyl]O,O-dimethyl ester phosphorothioic acid",9,quantum_iqp_zz_linear,4,1,1.0312469055015105,0.06535323416911916,0.9658936713323913,1
198,"2,3,6-TBA (Ref: HC 1281)",53,quantum_iqp_zz_linear,4,0,-0.8017786550797217,0.06535323416911916,-0.8671318892488409,0
201,"O,O-Diethyl S-[(ethylthio)methyl])ester, Phosphorodithioic acid",9,quantum_iqp_zz_linear,4,1,0.909990142401734,0.06535323416911916,0.8446369082326148,1
206,Dichlobenil (Ref: H 133),125,quantum_iqp_zz_linear,4,1,-0.8853091568964822,0.06535323416911916,-0.9506623910656014,0
210,"S-[(6-Chloro-2-oxo-3(2H)-benzoxazolyl)methyl]O,O-diethyl ester phosphorodithioic acid",104,quantum_iqp_zz_linear,4,1,0.8417743248516025,0.06535323416911916,0.7764210906824833,1
221,Carbofenthion,9,quantum_iqp_zz_linear,4,1,0.9302911997258696,0.06535323416911916,0.8649379655567504,1
236,1-methylcyclopropene,416,quantum_iqp_zz_linear,4,1,-0.5627825481636725,0.06535323416911916,-0.6281357823327917,0
258,Chloramben (Ref: ACP M-629),35,quantum_iqp_zz_linear,4,0,-0.4638752842458047,0.06535323416911916,-0.5292285184149239,0
277,Pebulate (Ref: R 2061),102,quantum_iqp_zz_linear,4,1,-0.8039183291163159,0.06535323416911916,-0.8692715632854351,0
294,Fuberidazole,122,quantum_iqp_zz_linear,4,0,-0.4604951415265216,0.06535323416911916,-0.5258483756956408,0
304,Terbutryn (Ref: GS 14260),24,quantum_iqp_zz_linear,4,1,-0.9129875991119748,0.06535323416911916,-0.978340833281094,0
310,"5-Chloro-3-(1,1-dimethylethyl)-6-methyl-2,4(1H,3H)-pyrimidinedione",401,quantum_iqp_zz_linear,4,0,-0.6649773772023899,0.06535323416911916,-0.7303306113715091,0
311,Chlorophacinone (Ref: LM 91),400,quantum_iqp_zz_linear,4,1,-0.5302161232801897,0.06535323416911916,-0.595569357449309,0
322,Thiophanate,15,quantum_iqp_zz_linear,4,0,-0.30485941242525294,0.06535323416911916,-0.3702126465943721,0
335,"N-[3-[[(Phenylamino)carbonyl]oxy]phenyl]carbamic acid, Ethyl ester",15,quantum_iqp_zz_linear,4,0,-0.7901936481650006,0.06535323416911916,-0.8555468823341198,0
337,Carbetamide (Ref: RP 11561),15,quantum_iqp_zz_linear,4,0,-0.8090384854572518,0.06535323416911916,-0.874391719626371,0
355,Proximpham,15,quantum_iqp_zz_linear,4,0,-0.6757493856282029,0.06535323416911916,-0.7411026197973221,0
358,Dodemorph,389,quantum_iqp_zz_linear,4,0,-0.3080514987656522,0.06535323416911916,-0.37340473293477133,0
371,Norflurazon (Ref: H 52143),161,quantum_iqp_zz_linear,4,0,-0.778228334189742,0.06535323416911916,-0.8435815683588612,0
379,Terbumeton (Ref: GS 14259),24,quantum_iqp_zz_linear,4,0,-0.7848211614242219,0.06535323416911916,-0.8501743955933411,0
382,Multistriatin,384,quantum_iqp_zz_linear,4,0,-0.8851316035141107,0.06535323416911916,-0.9504848376832299,0
384,Tembotrione (Ref: AE 0172747),69,quantum_iqp_zz_linear,4,0,-0.6766345532482388,0.06535323416911916,-0.741987787417358,0
386,Fenpropathrin (Ref: OMS 1999),4,quantum_iqp_zz_linear,4,1,-0.697551037938213,0.06535323416911916,-0.7629042721073322,0
392,"2,2-Dimethyl-3-(1,1,2,2-tetrabromoethyl)cyclopropanecarboxylic acid cyano(3-phenoxyphenyl)methyl ester",4,quantum_iqp_zz_linear,4,1,-0.6362481034411587,0.06535323416911916,-0.7016013376102779,0
393,"2-[[[[(4-Chloro-6-methoxy-2-pyrimidinyl)amino]carbonyl]amino]sulfonyl]benzoic acid, Ethyl ester",0,quantum_iqp_zz_linear,4,0,-0.6054412114420337,0.06535323416911916,-0.6707944456111529,0
400,2-Chloro-1-(3-ethoxy-4-nitrophenoxy)-4-(trifluoromethyl)benzene,28,quantum_iqp_zz_linear,4,0,-0.9159338784069359,0.06535323416911916,-0.981287112576055,0
401,4-Chloro-alpha-(1-methylethyl)benzeneacetic acid cyano(3-phenoxyphenyl)methyl ester,4,quantum_iqp_zz_linear,4,1,-0.41328385400895795,0.06535323416911916,-0.4786370881780771,0
404,"3,6-Dichloro-2-pyridinecarboxylic acid",35,quantum_iqp_zz_linear,4,0,-0.45492628847610783,0.06535323416911916,-0.520279522645227,0
405,"3-(3,5-Dichlorophenyl)-N-(1-methylethyl)-2,4-dioxo-1-imidazolidinecarboxamide",379,quantum_iqp_zz_linear,4,0,-0.9751297156684244,0.06535323416911916,-1.0404829498375436,0
407,Nuarimol (Ref: EL 228),160,quantum_iqp_zz_linear,4,0,-0.6053669467004956,0.06535323416911916,-0.6707201808696148,0
409,"(1R,3R)-3-(2,2-Dibromoethenyl)-2,2-dimethylcyclopropanecarboxylic acid (S)cyano(3-phenoxyphenyl)methyl ester",4,quantum_iqp_zz_linear,4,1,-0.6003826047033441,0.06535323416911916,-0.6657358388724633,0
423,Triflumuron (Ref: OMS 2015),50,quantum_iqp_zz_linear,4,0,-0.6792412996888961,0.06535323416911916,-0.7445945338580153,0
430,Flucythrinate (Ref: OMS 2007),4,quantum_iqp_zz_linear,4,1,-0.42997173265952726,0.06535323416911916,-0.4953249668286464,0
434,Etrimfos,97,quantum_iqp_zz_linear,4,1,1.2478593445417252,0.06535323416911916,1.182506110372606,1
446,Cyphenothrin (Ref: S 2703),4,quantum_iqp_zz_linear,4,1,-0.5618446226806071,0.06535323416911916,-0.6271978568497263,0
454,Azamethiphos (Ref: GCA 18809),104,quantum_iqp_zz_linear,4,1,0.678158339017985,0.06535323416911916,0.6128051048488657,1
455,2-[(Aminomethoxyphosphinothioyl)oxy]benzoic acid 1-methylethyl ester,93,quantum_iqp_zz_linear,4,1,-0.15110132088868422,0.06535323416911916,-0.21645455505780337,0
462,Fenoxycarb (Ref: OMS 3010),15,quantum_iqp_zz_linear,4,0,-0.7734192263537338,0.06535323416911916,-0.838772460522853,0
464,Bifenthrin (Ref: FMC 54800),4,quantum_iqp_zz_linear,4,1,-0.3818752669096481,0.06535323416911916,-0.44722850107876727,0
465,"3-[2-Chloro-2-(4-chlorophenyl)ethenyl]-2,2-dimethylcyclopropanecarboxylic acid cyano(4-fluoro-3-phenoxyphenyl)methyl ester",4,quantum_iqp_zz_linear,4,1,-0.33712785237989396,0.06535323416911916,-0.4024810865490131,0
466,"2-[[[[(4,6-Dimethyl-2-pyrimidinyl)amino]carbonyl]amino]sulfonyl]benzoic acid, Methyl ester",0,quantum_iqp_zz_linear,4,0,-0.4936677281903922,0.06535323416911916,-0.5590209623595114,0
470,Sulfometuron,0,quantum_iqp_zz_linear,4,0,-0.35912698337379145,0.06535323416911916,-0.4244802175429106,0
480,"2-Ethoxy-2,3-dihydro-3,3-dimethyl-5-benzofuranol 5-methanesulfonate",367,quantum_iqp_zz_linear,4,0,-0.5343213812781241,0.06535323416911916,-0.5996746154472433,0
481,Beta-cyfluthrin (Ref: OMS 3051),4,quantum_iqp_zz_linear,4,1,-0.726582313518925,0.06535323416911916,-0.7919355476880442,0
484,2-[1-Methyl-2-(4-phenoxyphenoxy)ethoxy]pyridine,365,quantum_iqp_zz_linear,4,0,-0.4907133707124117,0.06535323416911916,-0.5560666048815309,0
495,Metsulfuron (Ref: IN F5438),0,quantum_iqp_zz_linear,4,0,-0.2269310783221568,0.06535323416911916,-0.29228431249127595,0
498,Diethofencarb (Ref: S 1605),54,quantum_iqp_zz_linear,4,0,-0.7936493735843001,0.06535323416911916,-0.8590026077534193,0
499,Mepronil (Ref: B1 2459),15,quantum_iqp_zz_linear,4,0,-0.8380306465699447,0.06535323416911916,-0.903383880739064,0
500,"5-[2-Chloro-4-(trifluoromethyl)phenoxy]-2-nitrobenzoic acid, 2-Ethoxy-1-methyl-2-oxoethyl ester",28,quantum_iqp_zz_linear,4,0,-0.7033856259432677,0.06535323416911916,-0.7687388601123869,0
501,Uniconazole (Ref: XE 1019),72,quantum_iqp_zz_linear,4,0,-1.0645725267033093,0.06535323416911916,-1.1299257608724285,0
503,Isofenphos-methyl,93,quantum_iqp_zz_linear,4,1,-0.03958638527643471,0.06535323416911916,-0.10493961944555387,0
506,"2-(2-Chloroethoxy)-N-[[(4-methoxy-6-methyl-1,3,5-triazin-2-yl)amino]carbonyl]benzenesulfonamide",0,quantum_iqp_zz_linear,4,0,-0.6083550765369079,0.06535323416911916,-0.6737083107060271,0
517,Pyrazosulfuron-ethyl (Ref: NC 311),0,quantum_iqp_zz_linear,4,0,-0.30105652966250807,0.06535323416911916,-0.3664097638316272,0
519,Quinmerac (Ref: BAS 518H),53,quantum_iqp_zz_linear,4,0,-0.7181627909781733,0.06535323416911916,-0.7835160251472925,0
520,"3,7-Dichloro-8-quinolinecarboxylic acidZ",53,quantum_iqp_zz_linear,4,0,-0.78610328731482,0.06535323416911916,-0.8514565214839392,0
524,Bensulfuron-methyl (Ref: DPX F5384),0,quantum_iqp_zz_linear,4,0,-0.450691952090325,0.06535323416911916,-0.5160451862594442,0
525,Flutolanil (Ref: NNF 136),15,quantum_iqp_zz_linear,4,0,-0.8108419422057405,0.06535323416911916,-0.8761951763748597,0
527,Bensulfuron (Ref: IN R9419),0,quantum_iqp_zz_linear,4,0,-0.2523163094964621,0.06535323416911916,-0.31766954366558126,0
528,Diclomezine (Ref: F-850),359,quantum_iqp_zz_linear,4,0,-0.8714768584599818,0.06535323416911916,-0.936830092629101,0
529,"2-[[[[[4,6-Bis(difluoromethoxy)-2-pyrimidinyl]amino]carbonyl]amino]sulfonyl]benzoic acid, Methyl ester",0,quantum_iqp_zz_linear,4,0,-0.3946514358929203,0.06535323416911916,-0.46000467006203943,0
542,Aminopyralid (Ref: XDE 750),35,quantum_iqp_zz_linear,4,1,-0.5045266799215801,0.06535323416911916,-0.5698799140906993,0
543,"N-[[4,6-Dimethoxy-2-pyrimidinyl)amino]carbonyl]-3-(trifluoromethyl)-2-pyridinesulfonamide",0,quantum_iqp_zz_linear,4,0,-0.447567889787413,0.06535323416911916,-0.5129211239565322,0
545,Tebufenpyrad (Ref: AC 801757),136,quantum_iqp_zz_linear,4,1,-1.039452344887387,0.06535323416911916,-1.1048055790565061,0
553,Chlorimuron,0,quantum_iqp_zz_linear,4,0,-0.2571443627480382,0.06535323416911916,-0.32249759691715735,0
559,Flamprop-M-isopropyl (Ref: WL 43425),351,quantum_iqp_zz_linear,4,0,-1.0182804031044694,0.06535323416911916,-1.0836336372735886,0
560,Cinosulfuron (Ref: CGA 142464),0,quantum_iqp_zz_linear,4,0,-0.27764965595565,0.06535323416911916,-0.34300289012476914,0
568,"N-[[(4,6-Dimethoxy-2-pyrimidinyl)amino]carbonyl]-2-(ethylsulfonyl)imidazo[1,2-a]pyridine-3-sulfonamide",0,quantum_iqp_zz_linear,4,0,-0.23471563474550752,0.06535323416911916,-0.3000688689146267,0
570,Thifensulfuron (Ref: IN L9225),0,quantum_iqp_zz_linear,4,1,-0.3946316765376463,0.06535323416911916,-0.45998491070676545,0
572,Nicosulfuron (Ref: DPX V9360),0,quantum_iqp_zz_linear,4,1,-0.3462669116422176,0.06535323416911916,-0.41162014581133677,0
577,(alphaE)-alpha-(Methoxyimino)-2-[[[(E)-[1-[3-(trifluoromethyl)phenyl]ethylidene]amino]oxy]methyl]benzeneacteic acid methyl ester,44,quantum_iqp_zz_linear,4,0,-1.1366115245029538,0.06535323416911916,-1.201964758672073,0
581,"N-(4-Fluorophenyl)-N-(1-methylethyl)-2-[[5-(trifluoromethyl)-1,3,4-thiadiazol-2-yl]oxy]acetamide",347,quantum_iqp_zz_linear,4,0,-1.1272386836781636,0.06535323416911916,-1.1925919178472828,0
582,(alphaE)-alpha-(Methoxyimino)-2-[(2-methylphenoxy)methyl]benzeneacetic acid methyl ester,44,quantum_iqp_zz_linear,4,0,-0.8239546126616532,0.06535323416911916,-0.8893078468307724,0
583,Sulcotrione (Ref: SC 0051),69,quantum_iqp_zz_linear,4,0,-0.7847712250126296,0.06535323416911916,-0.8501244591817488,0
588,Fenchlorazole (Ref: HOE 072829),344,quantum_iqp_zz_linear,4,0,-0.6905222736110018,0.06535323416911916,-0.755875507780121,0
592,Ethametsulfuron-methyl (Ref: DPX-A7881),0,quantum_iqp_zz_linear,4,1,-0.23330556456389367,0.06535323416911916,-0.2986587987330128,0
595,Aminocyclopyrachlor (Ref: DPX-MAT28),35,quantum_iqp_zz_linear,4,0,-0.6936599369165771,0.06535323416911916,-0.7590131710856963,0
600,Tebutam (Ref: GPC-5544),151,quantum_iqp_zz_linear,4,0,-1.0764664707534384,0.06535323416911916,-1.1418197049225576,0
602,Cymiazol (Ref: CGA 50439),338,quantum_iqp_zz_linear,4,0,-0.6801524477610359,0.06535323416911916,-0.7455056819301551,0
604,"N-[[(4,6-Dimethoxy-2-pyrimidinyl)amino]carbonyl]-3-(ethylsulfonyl)-2-pyridine sulfonamide",0,quantum_iqp_zz_linear,4,0,-0.17333203213070678,0.06535323416911916,-0.23868526629982595,0
605,"2-[[[[[(4,6-Dimethoxy-2-pyrimidinyl)amino]carbonyl]amino]sulfonyl]amino]-N,N-dimethylbenzamide",0,quantum_iqp_zz_linear,4,0,-0.33066299698229074,0.06535323416911916,-0.3960162311514099,0
607,Tribenuron (Ref: IN R9803),0,quantum_iqp_zz_linear,4,1,-0.23175618773742354,0.06535323416911916,-0.2971094219065427,0
608,Amidosulfuron,0,quantum_iqp_zz_linear,4,0,-0.1928973723111753,0.06535323416911916,-0.25825060648029446,0
610,"2-Chloro-N-[[(4,6-dimethoxy-2-pyrimidinyl)amino]carbonyl]imidazo[1,2-a]pyridine-3-sulfonamide",0,quantum_iqp_zz_linear,4,0,-0.4392680514824471,0.06535323416911916,-0.5046212856515663,0
611,Triflusulfuron,0,quantum_iqp_zz_linear,4,0,-0.298001772900441,0.06535323416911916,-0.36335500706956014,0
613,(alphaE)-2-[[6-(2-Cyanophenoxy)-4-pyrimidinyl]oxy]-alpha-(methoxymethylene)benzeneacetic acid methyl ester,85,quantum_iqp_zz_linear,4,0,-0.5539449417682217,0.06535323416911916,-0.6192981759373409,0
615,"2-[[[[[4-Ethoxy-6-(methylamino)-1,3,5-triazin-2-yl]amino]carbonyl]amino]sulfonyl]benzoic acid",0,quantum_iqp_zz_linear,4,0,-0.2820536146369627,0.06535323416911916,-0.34740684880608186,0
627,Diofenolan (Ref: CGA 059205),335,quantum_iqp_zz_linear,4,0,-0.7518459232634542,0.06535323416911916,-0.8171991574325734,0
633,"N-[[(4-Methoxy-6-methyl-1,3,5-triazin-2-yl)amino]carbonyl]-2-(3,3,3-trifluoropropyl)benzenesulfonamide",0,quantum_iqp_zz_linear,4,0,-0.5604056722197224,0.06535323416911916,-0.6257589063888416,0
646,Mesosulfuron-methyl (Ref: AE F130060),0,quantum_iqp_zz_linear,4,0,-0.19971236684291854,0.06535323416911916,-0.2650656010120377,0
647,Flupyrsulfuron,0,quantum_iqp_zz_linear,4,0,-0.2697247319787124,0.06535323416911916,-0.33507796614783153,0
648,4-Chloro-N-[2-[3-methoxy-4-(2-propynyloxy)phenyl]ethyl]-alpha-(2-propynyloxy)benzeneacetamide,329,quantum_iqp_zz_linear,4,0,-0.5529057633802712,0.06535323416911916,-0.6182589975493904,0
657,Acrinathrin (Ref: RU 38702),4,quantum_iqp_zz_linear,4,1,-0.4494433405050964,0.06535323416911916,-0.5147965746742156,0
662,Foramsulfuron (Ref: AE F130360),0,quantum_iqp_zz_linear,4,0,-0.2520232286636693,0.06535323416911916,-0.3173764628327884,0
665,Mesotrione (Ref: ZA 1296),69,quantum_iqp_zz_linear,4,1,-0.46366910014204754,0.06535323416911916,-0.5290223343111667,0
666,Metominostrobin (Ref: SSF 126),44,quantum_iqp_zz_linear,4,0,-0.8341923030651898,0.06535323416911916,-0.899545537234309,0
667,Primisulfuron,0,quantum_iqp_zz_linear,4,0,-0.243907560751039,0.06535323416911916,-0.3092607949201582,0
671,"3-[(2-Chloro-5-thiazolyl)methyl]tetrahydro-5-methyl-N-nitro-4H-1,3,5-oxadiazin-4-imine",321,quantum_iqp_zz_linear,4,1,-0.5648686582972516,0.06535323416911916,-0.6302218924663708,0
674,Tau-fluvalinate (Ref: SAN 527l),4,quantum_iqp_zz_linear,4,0,-0.34697869459109665,0.06535323416911916,-0.4123319287602158,0
683,Pyribenzoxim (Ref: LGC 40863 ),142,quantum_iqp_zz_linear,4,0,-0.17923136804745513,0.06535323416911916,-0.2445846022165743,0
691,Pyriminobac-methyl (Ref: KIH-6127),142,quantum_iqp_zz_linear,4,0,-0.6758879482808697,0.06535323416911916,-0.7412411824499889,0
692,Pyrazosulfuron,0,quantum_iqp_zz_linear,4,0,-0.2998258694401576,0.06535323416911916,-0.36517910360927675,0
693,Ethoxysulfuron (Ref: AE F095404),0,quantum_iqp_zz_linear,4,0,-0.4418306646566995,0.06535323416911916,-0.5071838988258187,0
699,Azimsulfuron,0,quantum_iqp_zz_linear,4,0,-0.21074426291400467,0.06535323416911916,-0.2760974970831238,0
701,Mesosulfuron (Ref: AE F154851),0,quantum_iqp_zz_linear,4,1,-0.20949700700498866,0.06535323416911916,-0.27485024117410783,0
704,Mefenpyr diethyl (Ref: HOE 107892),313,quantum_iqp_zz_linear,4,0,-0.8369051648875953,0.06535323416911916,-0.9022583990567145,0
706,Oxasulfuron (Ref: CGA 277476 ),0,quantum_iqp_zz_linear,4,0,-0.5356129321459777,0.06535323416911916,-0.6009661663150969,0
715,Sumithrin ,4,quantum_iqp_zz_linear,4,1,-0.5609456735922272,0.06535323416911916,-0.6262989077613464,0
729,Trifloxysulfuron (Ref: CGA 292230),0,quantum_iqp_zz_linear,4,0,-0.48388353361231407,0.06535323416911916,-0.5492367677814333,0
731,"1,1'-(2-Nitrobutylidene)bis(4-chlorobenzene), Mixt. with 1,1'-(2-Nitropropylidene)bis(4-chlorobenzene)",60,quantum_iqp_zz_linear,4,0,-0.858202546222532,0.06535323416911916,-0.9235557803916512,0
735,"(3-Bromo-6-methoxy-2-methylphenyl)(2,3,4-trimethoxy-6-methylphenyl)methanone",132,quantum_iqp_zz_linear,4,0,-0.7877072029871033,0.06535323416911916,-0.8530604371562225,0
737,Fluacrypyrim,85,quantum_iqp_zz_linear,4,1,-0.9299160772427763,0.06535323416911916,-0.9952693114118955,0
738,4-Chloro-3-ethyl-1-methyl-N-[[4-(4-methylphenoxy)phenyl]methyl]-1H-pyrazole-5-carboxamide,136,quantum_iqp_zz_linear,4,1,-0.5808044261239759,0.06535323416911916,-0.6461576602930951,0
740,Dimoxystrobin (Ref: BAS 505F),44,quantum_iqp_zz_linear,4,0,-0.9249504642058007,0.06535323416911916,-0.9903036983749199,0
742,Sintofen (Ref: SC 2053),305,quantum_iqp_zz_linear,4,0,-0.6357459591276128,0.06535323416911916,-0.701099193296732,0
745,Tritosulfuron,0,quantum_iqp_zz_linear,4,0,-0.36155651106728287,0.06535323416911916,-0.426909745236402,0
753,(alphaE)-alpha-(Methoxymethylene)-2-[[[6-(trifluoromethyl)-2-pyridinyl]oxy]methyl]benzeneacetic acid methyl ester,85,quantum_iqp_zz_linear,4,0,-1.059564541965101,0.06535323416911916,-1.1249177761342202,0
761,Orysastrobin,44,quantum_iqp_zz_linear,4,0,-0.443825302250744,0.06535323416911916,-0.5091785364198632,0
776,Trifludimoxazin,298,quantum_iqp_zz_linear,4,0,-0.6201405156317479,0.06535323416911916,-0.6854937498008671,0
794,Iodosulfuron,0,quantum_iqp_zz_linear,4,0,-0.25954920005088644,0.06535323416911916,-0.3249024342200056,0
796,Picloram-dimethylammonium,35,quantum_iqp_zz_linear,4,0,-0.5771997567568176,0.06535323416911916,-0.6425529909259368,0
800,"(5-Chloro-2-methoxy-4-methylpyridin-3-yl)(2,3,4-trimethoxy-6-methylphenyl)methanone",132,quantum_iqp_zz_linear,4,0,-0.9210179500402433,0.06535323416911916,-0.9863711842093625,0
803,N-[(2-Chlorophenyl)methyl]-N'-(1-methyl-1-phenylethyl)urea,289,quantum_iqp_zz_linear,4,0,-0.7655878226464707,0.06535323416911916,-0.8309410568155899,0
818,Flupyrimin,283,quantum_iqp_zz_linear,4,0,-0.8240011620222715,0.06535323416911916,-0.8893543961913907,0
822,Halauxifen (Ref: X11393729),35,quantum_iqp_zz_linear,4,0,-0.6287630092823097,0.06535323416911916,-0.6941162434514289,0
839,Eugenol,82,quantum_iqp_zz_linear,4,0,-0.6014020368565546,0.06535323416911916,-0.6667552710256738,0
844,Trichloronitromethane,276,quantum_iqp_zz_linear,4,0,-0.3203753262594608,0.06535323416911916,-0.38572856042857995,0
855,Dibromochloropropane (Ref: OS1897),270,quantum_iqp_zz_linear,4,0,-0.3646307434828647,0.06535323416911916,-0.4299839776519839,0
865,Dicyclopentadiene,263,quantum_iqp_zz_linear,4,0,-0.5199960210828612,0.06535323416911916,-0.5853492552519804,0
867,"1,1'-(2,2-Dichloroethylidene)bis[4-chlorobenzene]",60,quantum_iqp_zz_linear,4,0,-0.24556698446125594,0.06535323416911916,-0.3109202186303751,0
885,Karanjin,256,quantum_iqp_zz_linear,4,0,-0.3513901369056994,0.06535323416911916,-0.41674337107481857,0
888,"1,3-dichloropropene (Ref: D D92)",254,quantum_iqp_zz_linear,4,1,-0.6893495391863282,0.06535323416911916,-0.7547027733554474,0
891,"2,4,5,6-Tetrachloro-1,3-benzenedicarbonitrile",125,quantum_iqp_zz_linear,4,0,-0.8413161595991822,0.06535323416911916,-0.9066693937683014,0
902,2-(4-Thiazolyl)-1H-benzimidazole,122,quantum_iqp_zz_linear,4,1,-0.39482355293727384,0.06535323416911916,-0.460176787106393,0
907,"5-Bromo-6-methyl-3-(1-methylpropyl)-2,4(1H,3H)-pyrimidinedione",246,quantum_iqp_zz_linear,4,0,-0.8435570530363742,0.06535323416911916,-0.9089102872054934,0
918,Oxolinic acid,242,quantum_iqp_zz_linear,4,0,-0.5351474681250064,0.06535323416911916,-0.6005007022941256,0
931,Propyzamide (Ref: RH 315),234,quantum_iqp_zz_linear,4,0,-1.0591281988068473,0.06535323416911916,-1.1244814329759665,0
949,Difenzoquat metilsulfate (Ref: AC 84777),224,quantum_iqp_zz_linear,4,0,-0.4648564194535758,0.06535323416911916,-0.530209653622695,0
954,"(1R,3R)-rel-3-[(1Z)-2-Chloro-3,3,3-trifluoro-1-propen-1-yl]-2,2-dimethylcyclopropanecarboxylic acid (2,3,5,6-tetrafluoro-4-methylphenyl)methyl ester",4,quantum_iqp_zz_linear,4,1,-0.10393218863258949,0.06535323416911916,-0.16928542280170866,0
968,Diafenthiuron (Ref: CGA 106630),214,quantum_iqp_zz_linear,4,1,-0.39706529212627933,0.06535323416911916,-0.4624185262953985,0
980,"2-[2-(1-Chlorocyclopropyl)-3-(2-chlorophenyl)-2-hydroxypropyl]-1,2-dihydro-3H-1,2,4-triazole-3-thione",207,quantum_iqp_zz_linear,4,0,-1.0341485134899688,0.06535323416911916,-1.099501747659088,0
981,Furilazole (Ref: MON 13900),206,quantum_iqp_zz_linear,4,0,-0.6813027613724476,0.06535323416911916,-0.7466559955415668,0
984,"8-(1,1-Dimethylethyl)-N-ethyl-N-propyl-1,4-dioxaspiro[4.5]decane-2-methanamine",204,quantum_iqp_zz_linear,4,1,-0.8290360199142637,0.06535323416911916,-0.8943892540833829,0
991,"3-Chloro-5-[[[[(4,6-dimethoxy-2-pyrimidinyl)amino]carbonyl]amino]sulfonyl]-1-methyl-1H-pyrazole-4-carboxylic acid, Methyl ester",0,quantum_iqp_zz_linear,4,0,-0.28275022679121,0.06535323416911916,-0.3481034609603291,0
993,3-[2-Chloro-4-(methanesulfonyl)benzoyl]-4-(phenylsulfanyl)bicyclo[3.2.1]oct-3-en-2-one,69,quantum_iqp_zz_linear,4,0,-0.6386391109200064,0.06535323416911916,-0.7039923450891256,0
995,Benthiavalicarb,112,quantum_iqp_zz_linear,4,0,-0.721056618381864,0.06535323416911916,-0.7864098525509832,0
1016,N-[Methyloxido[1-[6-(trifluoromethyl)-3-pyridinyl]ethyl]-lambda4-sulfanylidene]cyanamide,190,quantum_iqp_zz_linear,4,1,-0.863922042017339,0.06535323416911916,-0.9292752761864582,0
1024,Brofluthrinate (Ref: ZXI 8901),4,quantum_iqp_zz_linear,4,1,-0.3391078840563976,0.06535323416911916,-0.4044611182255167,0
1031,"Cyclopropanecarboxylic acid, [(3S,4R,4aR,6S,6aS,12R,12aS,12bS)-3-[(Cyclopropylcarbonyl)oxy]-1,3,4,4a,5,6,6a,12,12a,12b-decahydro-6,12-dihydroxy-4,6a,12b-trimethyl-11-oxo-9-(3-pyridinyl)-2H,11H-naphtho[2,1-b]pyrano[3,4-e]pyran-4-yl]methyl ester",181,quantum_iqp_zz_linear,4,0,-0.3152165538371017,0.06535323416911916,-0.3805697880062208,0
1033,Fluindapyr (Ref: IR9792),179,quantum_iqp_zz_linear,4,0,-0.8241316669846216,0.06535323416911916,-0.8894849011537408,0
5,"S-[(1,3-Dihydro-1,3-dioxo-2H-isoindol-2-yl)methyl]O,O-dimethyl ester, Phosphorodithioic acid",31,logistic,5,1,0.9704840941623919,0.7021670746648798,0.2683170194975121,1
6,"(2E)-3,7-Dimethyl-2,6-octadien-1-ol",61,logistic,5,0,0.3701644846947506,0.7021670746648798,-0.3320025899701292,0
15,"Phosphoric acid 2,2-dichloroethenyl dimethyl ester",458,logistic,5,1,0.9691321611884944,0.7021670746648798,0.2669650865236146,1
23,Hexadecanoic acid,11,logistic,5,0,0.44172165661967777,0.7021670746648798,-0.26044541804520205,0
26,N-Dodecylguanidine acetate (1:1),11,logistic,5,0,0.3389687926509072,0.7021670746648798,-0.36319828201397264,0
41,8-hydroxyquinoline,451,logistic,5,0,0.24733777884119537,0.7021670746648798,-0.4548292958236845,0
46,Parathion-methyl (Ref: OMS 213),18,logistic,5,0,0.9612016880841405,0.7021670746648798,0.2590346134192607,1
49,Caprylic acid,11,logistic,5,0,0.31138913200783985,0.7021670746648798,-0.39077794265703997,0
52,2-Furancarboxaldehyde,448,logistic,5,0,0.2029197043101726,0.7021670746648798,-0.49924737035470723,0
57,Linalool,61,logistic,5,0,0.36831148089027127,0.7021670746648798,-0.33385559377460855,0
58,Nonanoic acid,11,logistic,5,0,0.3216520746761317,0.7021670746648798,-0.3805149999887481,0
59,Myristyl alcohol,11,logistic,5,0,0.33895675816480936,0.7021670746648798,-0.36321031650007046,0
76,Pentacosane,11,logistic,5,0,0.5374914168375879,0.7021670746648798,-0.16467565782729188,0
79,Methoxychlor (Ref: OMS 466),175,logistic,5,1,0.5153247699075002,0.7021670746648798,-0.18684230475737962,0
85,"Phosphorothioic acid O,O-diethyl O-2-quinoxalinyl ester  ",17,logistic,5,1,0.9560786799381502,0.7021670746648798,0.2539116052732704,1
96,"Phosphorothioic acid, O,O-Dimethyl O-(2,4,5-trichlorophenyl)ester",18,logistic,5,1,0.983327010795988,0.7021670746648798,0.28115993613110823,1
98,Verbenone,438,logistic,5,0,0.40018601203286186,0.7021670746648798,-0.30198106263201796,0
100,"O,O-Dimethyl S-[2-(methylamino)-2-oxoethyl]phosphorodithioic acid ester",31,logistic,5,1,0.9551228756852287,0.7021670746648798,0.25295580102034887,1
105,Rotenone (Ref: ENT 133),437,logistic,5,1,0.5395325357353986,0.7021670746648798,-0.1626345389294812,0
106,"Phosphorothioic acid, O,O-Diethyl-O-(4-nitrophenyl)ester",18,logistic,5,1,0.9645095188961763,0.7021670746648798,0.2623424442312965,1
111,"1,2,3,4,5-Pentachloro-6-nitrobenzene",106,logistic,5,0,0.5458087889360956,0.7021670746648798,-0.15635828572878419,0
116,Streptomycin sulphate,434,logistic,5,0,0.17512167106351972,0.7021670746648798,-0.5270454036013601,0
130,"1-[2-(2,4-Dichlorophenyl)-3-(1,1,2,2-tetrafluoroethoxy)propyl]-1H-1,2,4-triazole",171,logistic,5,0,0.3128445231164216,0.7021670746648798,-0.38932255154845824,0
132,"Phosphorothioic acid O,O-dimethyl O-(3-methyl-4-nitrophenyl)ester",18,logistic,5,1,0.9674677092384061,0.7021670746648798,0.26530063457352626,1
141,"2,6-Dichloro-4-nitrobenzenamine",106,logistic,5,0,0.3578630401290904,0.7021670746648798,-0.3443040345357894,0
149,Tecnazene,106,logistic,5,0,0.460960476293654,0.7021670746648798,-0.24120659837122582,0
150,"Phosphoric acid, Dimethyl 4-nitrophenyl ester",55,logistic,5,1,0.954451898082637,0.7021670746648798,0.25228482341775715,1
152,Oxytetracycline,429,logistic,5,0,0.49335092855159035,0.7021670746648798,-0.20881614611328947,0
161,"N,N-Bis(1-methylethyl)carbamothioic acid, S-(2,3,3-trichloro-2-propen-1-yl) ester",427,logistic,5,0,0.6009891750874229,0.7021670746648798,-0.10117789957745693,0
163,"O,O'-(Thiodi-4,1-phenylene) O,O,O',O'-tetramethyl ester phosphorothioic acid",18,logistic,5,1,0.999729619862934,0.7021670746648798,0.29756254519805414,1
165,"O,O-Diethyl O-[6-methyl-2-(1-methylethyl)-4-pyrimidinyl] ester phosphorothioic acid",17,logistic,5,1,0.9708340862346976,0.7021670746648798,0.26866701156981776,1
167,Chlorthion (Ref: BAY 22/190 ),18,logistic,5,1,0.9707190737113579,0.7021670746648798,0.2685519990464781,1
172,"Thiodiphosphoric acid, Tetrapropyl ester",423,logistic,5,0,0.9450991587487515,0.7021670746648798,0.24293208408387168,1
179,Myristyl acetate,11,logistic,5,0,0.3990312956625737,0.7021670746648798,-0.3031357790023061,0
182,"O,O-Dimethyl S-[(4-oxo-1,2,3-benzotriazin-3(4H)-yl)methyl] ester, Phosphorodithioic acid",31,logistic,5,1,0.946901214833998,0.7021670746648798,0.2447341401691182,1
186,"O,O-Dimethyl O-[3-methyl-4-(methylthio)phenyl]ester phosphorothioic acid",18,logistic,5,1,0.9747456421754517,0.7021670746648798,0.27257856751057186,1
195,"Phosphorodithioic acid S-[(5-methoxy-2-oxo-1,3,4-thiadiazol-3(2H)yl)methyl] O,O-dimethyl ester",31,logistic,5,1,0.9488226020968302,0.7021670746648798,0.2466555274319504,1
208,Dialifos (Ref: AC 14503),31,logistic,5,1,0.9806787058791121,0.7021670746648798,0.2785116312142323,1
215,Farnesol,61,logistic,5,0,0.4616342471079157,0.7021670746648798,-0.24053282755696415,0
219,Chlormequat,418,logistic,5,0,0.2760665639930192,0.7021670746648798,-0.4261005106718606,0
223,6-Chloro-3-pyridinecarboxylic acid,68,logistic,5,0,0.27562231098807977,0.7021670746648798,-0.42654476367680005,0
225,P-Phenylphosphonothioic acid O-ethyl O-(4-nitrophenyl) ester ,55,logistic,5,1,0.6924292390475484,0.7021670746648798,-0.009737835617331436,0
231,Diquat,417,logistic,5,0,0.23609038098870844,0.7021670746648798,-0.4660766936761714,0
233,"Phosphorothioic acid, O,O-Diethyl O-2-pyrazinyl ester  ",17,logistic,5,1,0.9474500103250622,0.7021670746648798,0.24528293566018233,1
255,Diphenamid (Ref: L 34314),410,logistic,5,0,0.314617411720828,0.7021670746648798,-0.3875496629440518,0
256,"O-[4[(Dimethylamino)sulfonyl]phenyl]O,O-dimethylester phosphorothioic acid",18,logistic,5,1,0.9625269385548163,0.7021670746648798,0.2603598638899365,1
259,2-Chloro-6-(trichloromethyl)pyridine,409,logistic,5,0,0.40158170338166305,0.7021670746648798,-0.3005853712832168,0
261,2-Methyl-2-(methylthio)propanol O-[(methylamino)carbonyl]oxime,25,logistic,5,1,0.3328845086346519,0.7021670746648798,-0.3692825660302279,0
273,2-(Dimethylamino)-N-[[(methylamino)carbonyl]oxy]-2-oxo-ethanimidothioic acid methyl ester,25,logistic,5,1,0.31985431034993966,0.7021670746648798,-0.38231276431494016,0
276,"Phosphorothioic acid, O,O-Diethyl O-(3,5,6-trichloro-2-pyridinyl) ester",17,logistic,5,1,0.9806831953693566,0.7021670746648798,0.27851612070447673,1
297,"5,6-Dihydro-2-methyl-N-phenyl-1,4-oxathiin-3-carboxamide",163,logistic,5,0,0.4146540533010261,0.7021670746648798,-0.2875130213638537,0
298,N-1H-Benzimidazol-2-yl carbamic acid methyl ester,405,logistic,5,0,0.2734282406839106,0.7021670746648798,-0.42873883398096924,0
316,Aldoxycarb,100,logistic,5,0,0.30471029408070216,0.7021670746648798,-0.39745678058417766,0
319,Oxycarboxin (Ref: F 461),163,logistic,5,0,0.3431520794687818,0.7021670746648798,-0.35901499519609803,0
326,"4-Ethoxy-7-phenyl-3,5-dioxa-6-aza-4-phosphaoct-6-ene-8-nitrile 4-sulfide",157,logistic,5,1,0.6885620351969212,0.7021670746648798,-0.013605039467958657,0
330,Methabenzthiazuron (Ref: BAY 74283 ),76,logistic,5,1,0.28543952337374295,0.7021670746648798,-0.41672755129113687,0
334,Glufosinate (Ref: HOE 00661),394,logistic,5,0,0.28898043147908314,0.7021670746648798,-0.4131866431857967,0
336,Dimethyl 4-(methylsulfanyl)phenyl phosphate,55,logistic,5,1,0.964982462916846,0.7021670746648798,0.26281538825196615,1
338,"2-[(Diethoxyphosphinothionyl)oxy]-5-methylpyrazolo[1,5-a]pyrimidine-6-carboxylic acid ethyl ester",17,logistic,5,1,0.9612311796464601,0.7021670746648798,0.2590641049815803,1
339,Muscalure,11,logistic,5,0,0.5153998703673855,0.7021670746648798,-0.18676720429749427,0
340,"2-Fluoroethyl ([1,1'-biphenyl]-4-yl)acetate",393,logistic,5,0,0.3012459204049416,0.7021670746648798,-0.40092115425993824,0
343,"O-[2-(Diethylamino)-6-methyl-4-pyrimidinyl]O,O-dimethyl ester, Phosphorothioic acid",17,logistic,5,1,0.9655970590548983,0.7021670746648798,0.2634299843900185,1
347,"Phosphorothioic acid O-[2-(diethylamino)-6-methyl-4-pyrimidinyl] O,O-diethyl ester",17,logistic,5,1,0.9704150651536874,0.7021670746648798,0.26824799048880754,1
351,2-Methyl-2-(methylsulfinyl)propanal O-[(methylamino)carbonyl]oxime,100,logistic,5,1,0.33826018884268044,0.7021670746648798,-0.3639068858221994,0
357,"O,O-Dimethyl O-(3,5,6-trichloro-2-pyridinyl) ester phosphorothioic acid",37,logistic,5,1,0.9801379367319015,0.7021670746648798,0.2779708620670217,1
364,"3,3-Dimethyl-1-(methylthio)-2-butanone O-[(methylamino)carbonyl]oxime",25,logistic,5,1,0.4165834097030407,0.7021670746648798,-0.2855836649618391,0
372,Isoxathion (Ref: SL 6711),17,logistic,5,1,0.9699967676366816,0.7021670746648798,0.2678296929718018,1
377,Frontalin,386,logistic,5,0,0.3901739782058162,0.7021670746648798,-0.31199309645906365,0
381,"N-[5-(1,1-Dimethylethyl)-1,3,4-thiadiazol-2-yl]-N,N'-dimethylurea",76,logistic,5,0,0.34272609672864046,0.7021670746648798,-0.35944097793623936,0
397,2-(Octylsulfanyl)ethan-1-ol,11,logistic,5,0,0.2991368483127608,0.7021670746648798,-0.40303022635211905,0
402,5-Methyl-3(2H)-isoxazolone,380,logistic,5,0,0.1960747659895174,0.7021670746648798,-0.5060923086753624,0
435,Ipsenol,374,logistic,5,0,0.3213848844812152,0.7021670746648798,-0.3807821901836646,0
436,"N,N'-[Thiobis[(methylimino)carbonyloxy]]bisethanimidothioic acid dimethyl ester",25,logistic,5,1,0.5218359837406228,0.7021670746648798,-0.18033109092425703,0
458,"Phosphorothioic acid O-(2,6-dichloro-4-methylphenyl) O,O-dimethyl ester",18,logistic,5,0,0.9811754043758639,0.7021670746648798,0.2790083297109841,1
459,Butocarboxim (Ref: Co 755),25,logistic,5,1,0.3367999447179545,0.7021670746648798,-0.36536712994692533,0
468,Aviglycine,370,logistic,5,0,0.21206262398951192,0.7021670746648798,-0.4901044506753679,0
479,Thiocyclam,368,logistic,5,0,0.3446007664354889,0.7021670746648798,-0.3575663082293909,0
486,Oxabetrinil (Ref: CGA 92194),157,logistic,5,0,0.2710865276654073,0.7021670746648798,-0.4310805469994725,0
494,"[(3,5,6-Trichloro-2-pyridinyl)oxy]acetic acid, 2-Butoxyethyl ester",94,logistic,5,0,0.41035392295026374,0.7021670746648798,-0.2918131517146161,0
533,Methoxyfenozide (Ref: RH 2485),71,logistic,5,0,0.5318283098658491,0.7021670746648798,-0.17033876479903076,0
536,Halofenozide (Ref: RH 0345),71,logistic,5,0,0.4797966348683381,0.7021670746648798,-0.2223704397965417,0
549,"3,5-Dichloro-N-(3-chloro-1-ethyl-1-methyl-2-oxopropyl)-4-methylbenzamide",355,logistic,5,0,0.5071830429764078,0.7021670746648798,-0.194984031688472,0
555,"Phosphorothioic acid O,O-diethyl-O-(1,2,2,2-tetrachloroethyl) ester",352,logistic,5,1,0.9845115452834318,0.7021670746648798,0.28234447061855195,1
557,"2-[2-Chloro-4-fluoro-5-(1,3,4,5,6,7-hexahydro-1,3-dioxo-2H-isoindol-2-yl)phenoxy]acetic acid pentyl ester",66,logistic,5,0,0.5678180383546543,0.7021670746648798,-0.13434903631022554,0
563,"1-(1,1-Dimethylethyl)-2-(4-ethylbenzoyl)hydrazide-3,5-dimethylbenzoic acid",71,logistic,5,0,0.5273142161166626,0.7021670746648798,-0.1748528585482172,0
575,"2-(Difluoromethyl)-5-(4,5-dihydro-2-thiazolyl)-4-(2-methylpropyl)-6-(trifluoromethyl)-3-pyridinecarboxylic acid methyl ester",115,logistic,5,0,0.4924635555860799,0.7021670746648798,-0.20970351907879992,0
579,Fenpiclonil (Ref: CGA 142705),114,logistic,5,1,0.417194629082466,0.7021670746648798,-0.2849724455824138,0
585,Anilofos (Ref: HOE 30374),31,logistic,5,1,0.9831862414360736,0.7021670746648798,0.28101916677119376,1
587,"2-(Acetyloxy)-3-dodecyl-1,4-naphthalenedione",345,logistic,5,0,0.5537650196263543,0.7021670746648798,-0.14840205503852555,0
601,"4,5-Dihydro-6-methyl-4-[(E)-(3-pyridinylmethylene)amino]-1,2,4-triazin-3(2H)-one",339,logistic,5,0,0.2555395489431993,0.7021670746648798,-0.4466275257216805,0
612,Metosulam (Ref: XDE 511),87,logistic,5,0,0.298764039673615,0.7021670746648798,-0.40340303499126484,0
620,6-chloro-3-pyridinemethanol,68,logistic,5,0,0.2582040719808606,0.7021670746648798,-0.4439630026840192,0
634,Butathiofos (Ref: Dowco 429),17,logistic,5,1,0.972650264109109,0.7021670746648798,0.2704831894442292,1
635,Acetamiprid,68,logistic,5,1,0.3555897984647002,0.7021670746648798,-0.34657727620017964,0
640,Isoxaflutole (Ref: RPA 201772),146,logistic,5,0,0.3293889334749838,0.7021670746648798,-0.372778141189896,0
641,Flumiclorac,66,logistic,5,0,0.4531092239424573,0.7021670746648798,-0.24905785072242254,0
643,"4-Amino-N-(1,1-dimethylethyl)-4,5-dihydro-3-(1-methylethyl)-5-oxo-1H-1,2,4-triazole-1-carboxamide",330,logistic,5,0,0.3118645429992397,0.7021670746648798,-0.3903025316656401,0
645,"(5-Hydroxy-1,3-dimethyl-1H-pyrazol-4-yl)[2-(methylsulfonyl)-4-(trifluoromethyl)phenyl]methanone",146,logistic,5,0,0.3105803142369275,0.7021670746648798,-0.3915867604279523,0
656,"2,2-Dimethylpropanoic acid  8-(2,6-diethyl-4-methylphenyl)-1,2,4,5- tetrahydro-7-oxo-7H-pyrazolo[1,2-d][1,4,5]oxadiazepin-9-yl ester",326,logistic,5,0,0.5207360269201222,0.7021670746648798,-0.1814310477447576,0
664,Diflovidazin (Ref: SZ1 121),116,logistic,5,0,0.27510641276536213,0.7021670746648798,-0.4270606618995177,0
675,Chromafenozide (Ref: ANS 118),71,logistic,5,0,0.5971044713894483,0.7021670746648798,-0.10506260327543149,0
682,Pyriftalid (Ref: CGA 279233),317,logistic,5,0,0.35553431203933983,0.7021670746648798,-0.34663276262554,0
688,2-Chloro-N-(2-ethoxyethyl)-N-(2-methyl-1-phenyl-1-propen-1-yl)acetamide,143,logistic,5,0,0.3973284331309579,0.7021670746648798,-0.30483864153392193,0
698,Beflubutamid (Ref: UBH 820),314,logistic,5,0,0.4091827272435863,0.7021670746648798,-0.29298434742129353,0
711,Cycloxydim (Ref: BAS 517H),45,logistic,5,0,0.530779308746967,0.7021670746648798,-0.17138776591791283,0
723,"N-[[(Methylamino)carbonyl]oxy]ethanimidothioic acid, 2-Cyanoethylester",25,logistic,5,0,0.3623335504394647,0.7021670746648798,-0.33983352422541513,0
725,Sethoxydim (Ref: BAS 9052H),45,logistic,5,1,0.49032965179533167,0.7021670746648798,-0.21183742286954815,0
726,"S-[(5-Ethoxy-2-oxo-1,3,4-thiadiazol-3(2H)-yl)methyl] O,O-dimethyl phosphorodithioate",31,logistic,5,1,0.9538779805090972,0.7021670746648798,0.2517109058442174,1
732,Tralkoxydim (Ref: PP 604),45,logistic,5,0,0.4993848036023519,0.7021670746648798,-0.20278227106252794,0
736,Imibenconazole (Ref: HF 6305),137,logistic,5,0,0.4825847775277905,0.7021670746648798,-0.21958229713708932,0
741,N-(Cyanomethyl)-4-(trifluoromethyl)-3-pyridinecarboxamide,306,logistic,5,0,0.29473096312203667,0.7021670746648798,-0.40743611154284315,0
744,"N-(5,7-Dimethoxy[1,2,4]triazolo[1,5-a]pyrimidin-2-yl)-2-methoxy-4-(trifluoromethyl)-3-pyridinesulfonamide",87,logistic,5,0,0.21588939775928634,0.7021670746648798,-0.4862776769055935,0
749,"C6-12 Fatty acids, Me esters",11,logistic,5,0,0.3263006168747802,0.7021670746648798,-0.37586645779009964,0
799,Butroxydim (Ref: ICIA0500),45,logistic,5,0,0.5796560970181115,0.7021670746648798,-0.12251097764676833,0
802,"2-{2-[(2,5-Dimethylphenoxy)methyl]phenyl}-2-methoxy-N-methylacetamide",131,logistic,5,0,0.36739014475893744,0.7021670746648798,-0.3347769299059424,0
816,"3-(Difluoromethyl)-N-methoxy-1-methyl-N-[1-(2,4,6-trichlorophenyl)propan-2-yl]-1H-pyrazole-4-carboxamide",284,logistic,5,0,0.4852322019714469,0.7021670746648798,-0.21693487269343292,0
837,Hydroquinone,278,logistic,5,0,0.35338973004761004,0.7021670746648798,-0.3487773446172698,0
845,1-decanol,11,logistic,5,0,0.2784924545198997,0.7021670746648798,-0.42367462014498014,0
857,Metaldehyde,268,logistic,5,0,0.4092556875959463,0.7021670746648798,-0.2929113870689335,0
858,Nerolidol,61,logistic,5,0,0.4624935468537999,0.7021670746648798,-0.23967352781107992,0
860,Paraffin oils,266,logistic,5,0,0.46387494604636426,0.7021670746648798,-0.23829212861851556,0
870,Lenacil (Ref: DPX B634),260,logistic,5,0,0.3444012078084805,0.7021670746648798,-0.35776586685639933,0
900,Dikegulac,249,logistic,5,0,0.41738420247025615,0.7021670746648798,-0.28478287219462367,0
906,Bupirimate (Ref: PP 588),247,logistic,5,0,0.29119470923338564,0.7021670746648798,-0.4109723654314942,0
915,N-[[(Methylamino)carbonyl]oxy]ethanimidothioic acid methyl ester,25,logistic,5,1,0.3218022647980398,0.7021670746648798,-0.38036480986684,0
926,Pirimicarb (Ref: OMS 1330),238,logistic,5,1,0.3151854551333517,0.7021670746648798,-0.3869816195315281,0
939,4-Bromo-2-(4-chlorophenyl)-1-(ethoxymethyl)-5-(trifluoromethyl)-1H-pyrrole-3-carbonitrile,229,logistic,5,1,0.5757328795638743,0.7021670746648798,-0.1264341951010055,0
948,24-epibrassinolide,225,logistic,5,1,0.7879975613287126,0.7021670746648798,0.08583048666383275,1
958,Triazoxide (Ref: SAS 9244),220,logistic,5,0,0.15784407590454594,0.7021670746648798,-0.5443229987603339,0
960,"3,6-Bis(2-chlorophenyl)-1,2,4,5-tetrazine",116,logistic,5,0,0.32628519113304555,0.7021670746648798,-0.37588188353183427,0
969,"2-(Difluoromethyl)-4-(2-methylpropyl)-6-(trifluoromethyl)-3,5-pyridinedicarbothioic acid, S3,S5-Dimethyl ester",115,logistic,5,0,0.5521050508781624,0.7021670746648798,-0.1500620237867174,0
971,Silafluofen (Ref: HOE 084498),212,logistic,5,1,0.506271908552389,0.7021670746648798,-0.1958951661124908,0
972,Rhyncolure,211,logistic,5,0,0.31379875329077933,0.7021670746648798,-0.3883683213741005,0
974,Clethodim (Ref: RE 45601),45,logistic,5,0,0.5349548655187768,0.7021670746648798,-0.16721220914610302,0
975,"2-[7-Fluoro-3,4-dihydro-3-oxo-4-(2-propynyl)-2H-1,4-benzoxazin-6-yl]-4,5,6,7-tetrahydro-1H-isoindole-1,3(2H)-dione",66,logistic,5,0,0.4274026963165458,0.7021670746648798,-0.274764378348334,0
979,"4-(2,2-Difluoro-1,3-benzodioxol-4-yl)-1H-pyrrole-3-carbonitrile",114,logistic,5,0,0.340481483953894,0.7021670746648798,-0.3616855907109858,0
990,Phthalide (Ref: BAY 96610),201,logistic,5,0,0.4801479112174589,0.7021670746648798,-0.2220191634474209,0
1008,Ethidimuron (Ref: MET 1486 ),76,logistic,5,0,0.2153222613975795,0.7021670746648798,-0.48684481326730034,0
1010,Cyenopyrafen (Ref: NC-512 ),194,logistic,5,0,0.6041848863686858,0.7021670746648798,-0.09798218829619398,0
1015,"3-Phenyl-5-(2-thienyl)-1,2,4-oxadiazole",191,logistic,5,1,0.23693161592333903,0.7021670746648798,-0.4652354587415408,0
1027,Broflanilide (Ref: MCI-8007),185,logistic,5,1,0.7961002739255022,0.7021670746648798,0.09393319926062238,1
1032,Fenpicoxamid (Ref: XDE 777),180,logistic,5,0,0.5008953506978219,0.7021670746648798,-0.20127172396705795,0
5,"S-[(1,3-Dihydro-1,3-dioxo-2H-isoindol-2-yl)methyl]O,O-dimethyl ester, Phosphorodithioic acid",31,random_forest,5,1,0.9466666666666667,0.5366666666666666,0.41000000000000003,1
6,"(2E)-3,7-Dimethyl-2,6-octadien-1-ol",61,random_forest,5,0,0.0,0.5366666666666666,-0.5366666666666666,0
15,"Phosphoric acid 2,2-dichloroethenyl dimethyl ester",458,random_forest,5,1,0.79,0.5366666666666666,0.2533333333333334,1
23,Hexadecanoic acid,11,random_forest,5,0,0.43666666666666665,0.5366666666666666,-0.09999999999999998,0
26,N-Dodecylguanidine acetate (1:1),11,random_forest,5,0,0.23666666666666666,0.5366666666666666,-0.29999999999999993,0
41,8-hydroxyquinoline,451,random_forest,5,0,0.2,0.5366666666666666,-0.3366666666666666,0
46,Parathion-methyl (Ref: OMS 213),18,random_forest,5,0,0.9566666666666667,0.5366666666666666,0.42000000000000004,1
49,Caprylic acid,11,random_forest,5,0,0.13666666666666666,0.5366666666666666,-0.39999999999999997,0
52,2-Furancarboxaldehyde,448,random_forest,5,0,0.09666666666666666,0.5366666666666666,-0.43999999999999995,0
57,Linalool,61,random_forest,5,0,0.013333333333333334,0.5366666666666666,-0.5233333333333333,0
58,Nonanoic acid,11,random_forest,5,0,0.12666666666666668,0.5366666666666666,-0.4099999999999999,0
59,Myristyl alcohol,11,random_forest,5,0,0.44333333333333336,0.5366666666666666,-0.09333333333333327,0
76,Pentacosane,11,random_forest,5,0,0.3933333333333333,0.5366666666666666,-0.1433333333333333,0
79,Methoxychlor (Ref: OMS 466),175,random_forest,5,1,0.22333333333333333,0.5366666666666666,-0.3133333333333333,0
85,"Phosphorothioic acid O,O-diethyl O-2-quinoxalinyl ester  ",17,random_forest,5,1,0.7166666666666667,0.5366666666666666,0.18000000000000005,1
96,"Phosphorothioic acid, O,O-Dimethyl O-(2,4,5-trichlorophenyl)ester",18,random_forest,5,1,0.8066666666666666,0.5366666666666666,0.27,1
98,Verbenone,438,random_forest,5,0,0.02,0.5366666666666666,-0.5166666666666666,0
100,"O,O-Dimethyl S-[2-(methylamino)-2-oxoethyl]phosphorodithioic acid ester",31,random_forest,5,1,0.9866666666666667,0.5366666666666666,0.45000000000000007,1
105,Rotenone (Ref: ENT 133),437,random_forest,5,1,0.27,0.5366666666666666,-0.2666666666666666,0
106,"Phosphorothioic acid, O,O-Diethyl-O-(4-nitrophenyl)ester",18,random_forest,5,1,0.94,0.5366666666666666,0.4033333333333333,1
111,"1,2,3,4,5-Pentachloro-6-nitrobenzene",106,random_forest,5,0,0.13666666666666666,0.5366666666666666,-0.39999999999999997,0
116,Streptomycin sulphate,434,random_forest,5,0,0.47,0.5366666666666666,-0.06666666666666665,0
130,"1-[2-(2,4-Dichlorophenyl)-3-(1,1,2,2-tetrafluoroethoxy)propyl]-1H-1,2,4-triazole",171,random_forest,5,0,0.32,0.5366666666666666,-0.21666666666666662,0
132,"Phosphorothioic acid O,O-dimethyl O-(3-methyl-4-nitrophenyl)ester",18,random_forest,5,1,0.9633333333333334,0.5366666666666666,0.42666666666666675,1
141,"2,6-Dichloro-4-nitrobenzenamine",106,random_forest,5,0,0.4,0.5366666666666666,-0.1366666666666666,0
149,Tecnazene,106,random_forest,5,0,0.06,0.5366666666666666,-0.4766666666666666,0
150,"Phosphoric acid, Dimethyl 4-nitrophenyl ester",55,random_forest,5,1,0.9033333333333333,0.5366666666666666,0.3666666666666667,1
152,Oxytetracycline,429,random_forest,5,0,0.21666666666666667,0.5366666666666666,-0.31999999999999995,0
161,"N,N-Bis(1-methylethyl)carbamothioic acid, S-(2,3,3-trichloro-2-propen-1-yl) ester",427,random_forest,5,0,0.3933333333333333,0.5366666666666666,-0.1433333333333333,0
163,"O,O'-(Thiodi-4,1-phenylene) O,O,O',O'-tetramethyl ester phosphorothioic acid",18,random_forest,5,1,0.82,0.5366666666666666,0.2833333333333333,1
165,"O,O-Diethyl O-[6-methyl-2-(1-methylethyl)-4-pyrimidinyl] ester phosphorothioic acid",17,random_forest,5,1,0.9366666666666666,0.5366666666666666,0.4,1
167,Chlorthion (Ref: BAY 22/190 ),18,random_forest,5,1,0.9533333333333334,0.5366666666666666,0.41666666666666674,1
172,"Thiodiphosphoric acid, Tetrapropyl ester",423,random_forest,5,0,0.8666666666666667,0.5366666666666666,0.33000000000000007,1
179,Myristyl acetate,11,random_forest,5,0,0.37333333333333335,0.5366666666666666,-0.16333333333333327,0
182,"O,O-Dimethyl S-[(4-oxo-1,2,3-benzotriazin-3(4H)-yl)methyl] ester, Phosphorodithioic acid",31,random_forest,5,1,0.8966666666666666,0.5366666666666666,0.36,1
186,"O,O-Dimethyl O-[3-methyl-4-(methylthio)phenyl]ester phosphorothioic acid",18,random_forest,5,1,0.94,0.5366666666666666,0.4033333333333333,1
195,"Phosphorodithioic acid S-[(5-methoxy-2-oxo-1,3,4-thiadiazol-3(2H)yl)methyl] O,O-dimethyl ester",31,random_forest,5,1,0.9466666666666667,0.5366666666666666,0.41000000000000003,1
208,Dialifos (Ref: AC 14503),31,random_forest,5,1,0.9666666666666667,0.5366666666666666,0.43000000000000005,1
215,Farnesol,61,random_forest,5,0,0.51,0.5366666666666666,-0.026666666666666616,0
219,Chlormequat,418,random_forest,5,0,0.18333333333333332,0.5366666666666666,-0.3533333333333333,0
223,6-Chloro-3-pyridinecarboxylic acid,68,random_forest,5,0,0.12333333333333334,0.5366666666666666,-0.4133333333333333,0
225,P-Phenylphosphonothioic acid O-ethyl O-(4-nitrophenyl) ester ,55,random_forest,5,1,0.8133333333333334,0.5366666666666666,0.2766666666666667,1
231,Diquat,417,random_forest,5,0,0.09,0.5366666666666666,-0.44666666666666666,0
233,"Phosphorothioic acid, O,O-Diethyl O-2-pyrazinyl ester  ",17,random_forest,5,1,0.9,0.5366666666666666,0.3633333333333334,1
255,Diphenamid (Ref: L 34314),410,random_forest,5,0,0.09333333333333334,0.5366666666666666,-0.4433333333333333,0
256,"O-[4[(Dimethylamino)sulfonyl]phenyl]O,O-dimethylester phosphorothioic acid",18,random_forest,5,1,0.9466666666666667,0.5366666666666666,0.41000000000000003,1
259,2-Chloro-6-(trichloromethyl)pyridine,409,random_forest,5,0,0.09333333333333334,0.5366666666666666,-0.4433333333333333,0
261,2-Methyl-2-(methylthio)propanol O-[(methylamino)carbonyl]oxime,25,random_forest,5,1,0.18666666666666668,0.5366666666666666,-0.35,0
273,2-(Dimethylamino)-N-[[(methylamino)carbonyl]oxy]-2-oxo-ethanimidothioic acid methyl ester,25,random_forest,5,1,0.08,0.5366666666666666,-0.4566666666666666,0
276,"Phosphorothioic acid, O,O-Diethyl O-(3,5,6-trichloro-2-pyridinyl) ester",17,random_forest,5,1,0.84,0.5366666666666666,0.30333333333333334,1
297,"5,6-Dihydro-2-methyl-N-phenyl-1,4-oxathiin-3-carboxamide",163,random_forest,5,0,0.5833333333333334,0.5366666666666666,0.046666666666666745,1
298,N-1H-Benzimidazol-2-yl carbamic acid methyl ester,405,random_forest,5,0,0.2866666666666667,0.5366666666666666,-0.24999999999999994,0
316,Aldoxycarb,100,random_forest,5,0,0.21,0.5366666666666666,-0.32666666666666666,0
319,Oxycarboxin (Ref: F 461),163,random_forest,5,0,0.32666666666666666,0.5366666666666666,-0.20999999999999996,0
326,"4-Ethoxy-7-phenyl-3,5-dioxa-6-aza-4-phosphaoct-6-ene-8-nitrile 4-sulfide",157,random_forest,5,1,0.9066666666666666,0.5366666666666666,0.37,1
330,Methabenzthiazuron (Ref: BAY 74283 ),76,random_forest,5,1,0.43666666666666665,0.5366666666666666,-0.09999999999999998,0
334,Glufosinate (Ref: HOE 00661),394,random_forest,5,0,0.09,0.5366666666666666,-0.44666666666666666,0
336,Dimethyl 4-(methylsulfanyl)phenyl phosphate,55,random_forest,5,1,0.8533333333333334,0.5366666666666666,0.31666666666666676,1
338,"2-[(Diethoxyphosphinothionyl)oxy]-5-methylpyrazolo[1,5-a]pyrimidine-6-carboxylic acid ethyl ester",17,random_forest,5,1,0.9,0.5366666666666666,0.3633333333333334,1
339,Muscalure,11,random_forest,5,0,0.28,0.5366666666666666,-0.2566666666666666,0
340,"2-Fluoroethyl ([1,1'-biphenyl]-4-yl)acetate",393,random_forest,5,0,0.03333333333333333,0.5366666666666666,-0.5033333333333333,0
343,"O-[2-(Diethylamino)-6-methyl-4-pyrimidinyl]O,O-dimethyl ester, Phosphorothioic acid",17,random_forest,5,1,0.98,0.5366666666666666,0.44333333333333336,1
347,"Phosphorothioic acid O-[2-(diethylamino)-6-methyl-4-pyrimidinyl] O,O-diethyl ester",17,random_forest,5,1,0.9333333333333333,0.5366666666666666,0.3966666666666667,1
351,2-Methyl-2-(methylsulfinyl)propanal O-[(methylamino)carbonyl]oxime,100,random_forest,5,1,0.2633333333333333,0.5366666666666666,-0.2733333333333333,0
357,"O,O-Dimethyl O-(3,5,6-trichloro-2-pyridinyl) ester phosphorothioic acid",37,random_forest,5,1,0.86,0.5366666666666666,0.32333333333333336,1
364,"3,3-Dimethyl-1-(methylthio)-2-butanone O-[(methylamino)carbonyl]oxime",25,random_forest,5,1,0.33666666666666667,0.5366666666666666,-0.19999999999999996,0
372,Isoxathion (Ref: SL 6711),17,random_forest,5,1,0.82,0.5366666666666666,0.2833333333333333,1
377,Frontalin,386,random_forest,5,0,0.01,0.5366666666666666,-0.5266666666666666,0
381,"N-[5-(1,1-Dimethylethyl)-1,3,4-thiadiazol-2-yl]-N,N'-dimethylurea",76,random_forest,5,0,0.36,0.5366666666666666,-0.17666666666666664,0
397,2-(Octylsulfanyl)ethan-1-ol,11,random_forest,5,0,0.27,0.5366666666666666,-0.2666666666666666,0
402,5-Methyl-3(2H)-isoxazolone,380,random_forest,5,0,0.14666666666666667,0.5366666666666666,-0.38999999999999996,0
435,Ipsenol,374,random_forest,5,0,0.07333333333333333,0.5366666666666666,-0.46333333333333326,0
436,"N,N'-[Thiobis[(methylimino)carbonyloxy]]bisethanimidothioic acid dimethyl ester",25,random_forest,5,1,0.18333333333333332,0.5366666666666666,-0.3533333333333333,0
458,"Phosphorothioic acid O-(2,6-dichloro-4-methylphenyl) O,O-dimethyl ester",18,random_forest,5,0,0.79,0.5366666666666666,0.2533333333333334,1
459,Butocarboxim (Ref: Co 755),25,random_forest,5,1,0.20333333333333334,0.5366666666666666,-0.33333333333333326,0
468,Aviglycine,370,random_forest,5,0,0.12,0.5366666666666666,-0.41666666666666663,0
479,Thiocyclam,368,random_forest,5,0,0.12666666666666668,0.5366666666666666,-0.4099999999999999,0
486,Oxabetrinil (Ref: CGA 92194),157,random_forest,5,0,0.46,0.5366666666666666,-0.0766666666666666,0
494,"[(3,5,6-Trichloro-2-pyridinyl)oxy]acetic acid, 2-Butoxyethyl ester",94,random_forest,5,0,0.23666666666666666,0.5366666666666666,-0.29999999999999993,0
533,Methoxyfenozide (Ref: RH 2485),71,random_forest,5,0,0.31666666666666665,0.5366666666666666,-0.21999999999999997,0
536,Halofenozide (Ref: RH 0345),71,random_forest,5,0,0.38,0.5366666666666666,-0.15666666666666662,0
549,"3,5-Dichloro-N-(3-chloro-1-ethyl-1-methyl-2-oxopropyl)-4-methylbenzamide",355,random_forest,5,0,0.38333333333333336,0.5366666666666666,-0.15333333333333327,0
555,"Phosphorothioic acid O,O-diethyl-O-(1,2,2,2-tetrachloroethyl) ester",352,random_forest,5,1,0.8033333333333333,0.5366666666666666,0.2666666666666667,1
557,"2-[2-Chloro-4-fluoro-5-(1,3,4,5,6,7-hexahydro-1,3-dioxo-2H-isoindol-2-yl)phenoxy]acetic acid pentyl ester",66,random_forest,5,0,0.3333333333333333,0.5366666666666666,-0.2033333333333333,0
563,"1-(1,1-Dimethylethyl)-2-(4-ethylbenzoyl)hydrazide-3,5-dimethylbenzoic acid",71,random_forest,5,0,0.2866666666666667,0.5366666666666666,-0.24999999999999994,0
575,"2-(Difluoromethyl)-5-(4,5-dihydro-2-thiazolyl)-4-(2-methylpropyl)-6-(trifluoromethyl)-3-pyridinecarboxylic acid methyl ester",115,random_forest,5,0,0.24,0.5366666666666666,-0.29666666666666663,0
579,Fenpiclonil (Ref: CGA 142705),114,random_forest,5,1,0.24333333333333335,0.5366666666666666,-0.2933333333333333,0
585,Anilofos (Ref: HOE 30374),31,random_forest,5,1,0.9733333333333334,0.5366666666666666,0.43666666666666676,1
587,"2-(Acetyloxy)-3-dodecyl-1,4-naphthalenedione",345,random_forest,5,0,0.79,0.5366666666666666,0.2533333333333334,1
601,"4,5-Dihydro-6-methyl-4-[(E)-(3-pyridinylmethylene)amino]-1,2,4-triazin-3(2H)-one",339,random_forest,5,0,0.27,0.5366666666666666,-0.2666666666666666,0
612,Metosulam (Ref: XDE 511),87,random_forest,5,0,0.13333333333333333,0.5366666666666666,-0.4033333333333333,0
620,6-chloro-3-pyridinemethanol,68,random_forest,5,0,0.08333333333333333,0.5366666666666666,-0.4533333333333333,0
634,Butathiofos (Ref: Dowco 429),17,random_forest,5,1,0.9133333333333333,0.5366666666666666,0.3766666666666667,1
635,Acetamiprid,68,random_forest,5,1,0.31666666666666665,0.5366666666666666,-0.21999999999999997,0
640,Isoxaflutole (Ref: RPA 201772),146,random_forest,5,0,0.06333333333333334,0.5366666666666666,-0.4733333333333333,0
641,Flumiclorac,66,random_forest,5,0,0.25,0.5366666666666666,-0.2866666666666666,0
643,"4-Amino-N-(1,1-dimethylethyl)-4,5-dihydro-3-(1-methylethyl)-5-oxo-1H-1,2,4-triazole-1-carboxamide",330,random_forest,5,0,0.11,0.5366666666666666,-0.42666666666666664,0
645,"(5-Hydroxy-1,3-dimethyl-1H-pyrazol-4-yl)[2-(methylsulfonyl)-4-(trifluoromethyl)phenyl]methanone",146,random_forest,5,0,0.16,0.5366666666666666,-0.3766666666666666,0
656,"2,2-Dimethylpropanoic acid  8-(2,6-diethyl-4-methylphenyl)-1,2,4,5- tetrahydro-7-oxo-7H-pyrazolo[1,2-d][1,4,5]oxadiazepin-9-yl ester",326,random_forest,5,0,0.4266666666666667,0.5366666666666666,-0.10999999999999993,0
664,Diflovidazin (Ref: SZ1 121),116,random_forest,5,0,0.09333333333333334,0.5366666666666666,-0.4433333333333333,0
675,Chromafenozide (Ref: ANS 118),71,random_forest,5,0,0.4533333333333333,0.5366666666666666,-0.08333333333333331,0
682,Pyriftalid (Ref: CGA 279233),317,random_forest,5,0,0.07666666666666666,0.5366666666666666,-0.45999999999999996,0
688,2-Chloro-N-(2-ethoxyethyl)-N-(2-methyl-1-phenyl-1-propen-1-yl)acetamide,143,random_forest,5,0,0.05,0.5366666666666666,-0.48666666666666664,0
698,Beflubutamid (Ref: UBH 820),314,random_forest,5,0,0.14,0.5366666666666666,-0.3966666666666666,0
711,Cycloxydim (Ref: BAS 517H),45,random_forest,5,0,0.11,0.5366666666666666,-0.42666666666666664,0
723,"N-[[(Methylamino)carbonyl]oxy]ethanimidothioic acid, 2-Cyanoethylester",25,random_forest,5,0,0.16,0.5366666666666666,-0.3766666666666666,0
725,Sethoxydim (Ref: BAS 9052H),45,random_forest,5,1,0.3933333333333333,0.5366666666666666,-0.1433333333333333,0
726,"S-[(5-Ethoxy-2-oxo-1,3,4-thiadiazol-3(2H)-yl)methyl] O,O-dimethyl phosphorodithioate",31,random_forest,5,1,0.9466666666666667,0.5366666666666666,0.41000000000000003,1
732,Tralkoxydim (Ref: PP 604),45,random_forest,5,0,0.38,0.5366666666666666,-0.15666666666666662,0
736,Imibenconazole (Ref: HF 6305),137,random_forest,5,0,0.5,0.5366666666666666,-0.036666666666666625,0
741,N-(Cyanomethyl)-4-(trifluoromethyl)-3-pyridinecarboxamide,306,random_forest,5,0,0.22333333333333333,0.5366666666666666,-0.3133333333333333,0
744,"N-(5,7-Dimethoxy[1,2,4]triazolo[1,5-a]pyrimidin-2-yl)-2-methoxy-4-(trifluoromethyl)-3-pyridinesulfonamide",87,random_forest,5,0,0.08,0.5366666666666666,-0.4566666666666666,0
749,"C6-12 Fatty acids, Me esters",11,random_forest,5,0,0.043333333333333335,0.5366666666666666,-0.4933333333333333,0
799,Butroxydim (Ref: ICIA0500),45,random_forest,5,0,0.47,0.5366666666666666,-0.06666666666666665,0
802,"2-{2-[(2,5-Dimethylphenoxy)methyl]phenyl}-2-methoxy-N-methylacetamide",131,random_forest,5,0,0.20666666666666667,0.5366666666666666,-0.32999999999999996,0
816,"3-(Difluoromethyl)-N-methoxy-1-methyl-N-[1-(2,4,6-trichlorophenyl)propan-2-yl]-1H-pyrazole-4-carboxamide",284,random_forest,5,0,0.20333333333333334,0.5366666666666666,-0.33333333333333326,0
837,Hydroquinone,278,random_forest,5,0,0.21666666666666667,0.5366666666666666,-0.31999999999999995,0
845,1-decanol,11,random_forest,5,0,0.07666666666666666,0.5366666666666666,-0.45999999999999996,0
857,Metaldehyde,268,random_forest,5,0,0.11,0.5366666666666666,-0.42666666666666664,0
858,Nerolidol,61,random_forest,5,0,0.49,0.5366666666666666,-0.046666666666666634,0
860,Paraffin oils,266,random_forest,5,0,0.19666666666666666,0.5366666666666666,-0.33999999999999997,0
870,Lenacil (Ref: DPX B634),260,random_forest,5,0,0.12666666666666668,0.5366666666666666,-0.4099999999999999,0
900,Dikegulac,249,random_forest,5,0,0.24,0.5366666666666666,-0.29666666666666663,0
906,Bupirimate (Ref: PP 588),247,random_forest,5,0,0.17666666666666667,0.5366666666666666,-0.36,0
915,N-[[(Methylamino)carbonyl]oxy]ethanimidothioic acid methyl ester,25,random_forest,5,1,0.14666666666666667,0.5366666666666666,-0.38999999999999996,0
926,Pirimicarb (Ref: OMS 1330),238,random_forest,5,1,0.48,0.5366666666666666,-0.05666666666666664,0
939,4-Bromo-2-(4-chlorophenyl)-1-(ethoxymethyl)-5-(trifluoromethyl)-1H-pyrrole-3-carbonitrile,229,random_forest,5,1,0.21333333333333335,0.5366666666666666,-0.32333333333333325,0
948,24-epibrassinolide,225,random_forest,5,1,0.33,0.5366666666666666,-0.2066666666666666,0
958,Triazoxide (Ref: SAS 9244),220,random_forest,5,0,0.24,0.5366666666666666,-0.29666666666666663,0
960,"3,6-Bis(2-chlorophenyl)-1,2,4,5-tetrazine",116,random_forest,5,0,0.15666666666666668,0.5366666666666666,-0.37999999999999995,0
969,"2-(Difluoromethyl)-4-(2-methylpropyl)-6-(trifluoromethyl)-3,5-pyridinedicarbothioic acid, S3,S5-Dimethyl ester",115,random_forest,5,0,0.25666666666666665,0.5366666666666666,-0.27999999999999997,0
971,Silafluofen (Ref: HOE 084498),212,random_forest,5,1,0.7,0.5366666666666666,0.16333333333333333,1
972,Rhyncolure,211,random_forest,5,0,0.03333333333333333,0.5366666666666666,-0.5033333333333333,0
974,Clethodim (Ref: RE 45601),45,random_forest,5,0,0.37333333333333335,0.5366666666666666,-0.16333333333333327,0
975,"2-[7-Fluoro-3,4-dihydro-3-oxo-4-(2-propynyl)-2H-1,4-benzoxazin-6-yl]-4,5,6,7-tetrahydro-1H-isoindole-1,3(2H)-dione",66,random_forest,5,0,0.11333333333333333,0.5366666666666666,-0.4233333333333333,0
979,"4-(2,2-Difluoro-1,3-benzodioxol-4-yl)-1H-pyrrole-3-carbonitrile",114,random_forest,5,0,0.19666666666666666,0.5366666666666666,-0.33999999999999997,0
990,Phthalide (Ref: BAY 96610),201,random_forest,5,0,0.12,0.5366666666666666,-0.41666666666666663,0
1008,Ethidimuron (Ref: MET 1486 ),76,random_forest,5,0,0.27666666666666667,0.5366666666666666,-0.25999999999999995,0
1010,Cyenopyrafen (Ref: NC-512 ),194,random_forest,5,0,0.4866666666666667,0.5366666666666666,-0.04999999999999993,0
1015,"3-Phenyl-5-(2-thienyl)-1,2,4-oxadiazole",191,random_forest,5,1,0.2,0.5366666666666666,-0.3366666666666666,0
1027,Broflanilide (Ref: MCI-8007),185,random_forest,5,1,0.3933333333333333,0.5366666666666666,-0.1433333333333333,0
1032,Fenpicoxamid (Ref: XDE 777),180,random_forest,5,0,0.3433333333333333,0.5366666666666666,-0.1933333333333333,0
5,"S-[(1,3-Dihydro-1,3-dioxo-2H-isoindol-2-yl)methyl]O,O-dimethyl ester, Phosphorodithioic acid",31,mlp,5,1,0.5472723728198088,0.5134378167505225,0.033834556069286315,1
6,"(2E)-3,7-Dimethyl-2,6-octadien-1-ol",61,mlp,5,0,0.22356170596196145,0.5134378167505225,-0.289876110788561,0
15,"Phosphoric acid 2,2-dichloroethenyl dimethyl ester",458,mlp,5,1,0.6122895298638473,0.5134378167505225,0.09885171311332486,1
23,Hexadecanoic acid,11,mlp,5,0,0.43464519012480496,0.5134378167505225,-0.07879262662571751,0
26,N-Dodecylguanidine acetate (1:1),11,mlp,5,0,0.37699987610885927,0.5134378167505225,-0.1364379406416632,0
41,8-hydroxyquinoline,451,mlp,5,0,0.22267078933522663,0.5134378167505225,-0.2907670274152958,0
46,Parathion-methyl (Ref: OMS 213),18,mlp,5,0,0.5738160939791093,0.5134378167505225,0.060378277228586796,1
49,Caprylic acid,11,mlp,5,0,0.314635335906282,0.5134378167505225,-0.19880248084424046,0
52,2-Furancarboxaldehyde,448,mlp,5,0,0.254192042380223,0.5134378167505225,-0.25924577437029944,0
57,Linalool,61,mlp,5,0,0.22089969510787627,0.5134378167505225,-0.2925381216426462,0
58,Nonanoic acid,11,mlp,5,0,0.34344013955832664,0.5134378167505225,-0.16999767719219583,0
59,Myristyl alcohol,11,mlp,5,0,0.3405041592276828,0.5134378167505225,-0.17293365752283968,0
76,Pentacosane,11,mlp,5,0,0.2640106836613941,0.5134378167505225,-0.2494271330891284,0
79,Methoxychlor (Ref: OMS 466),175,mlp,5,1,0.4639148748867457,0.5134378167505225,-0.04952294186377676,0
85,"Phosphorothioic acid O,O-diethyl O-2-quinoxalinyl ester  ",17,mlp,5,1,0.5485792185588511,0.5134378167505225,0.03514140180832859,1
96,"Phosphorothioic acid, O,O-Dimethyl O-(2,4,5-trichlorophenyl)ester",18,mlp,5,1,0.5675980625378099,0.5134378167505225,0.0541602457872874,1
98,Verbenone,438,mlp,5,0,0.16426206313886074,0.5134378167505225,-0.34917575361166175,0
100,"O,O-Dimethyl S-[2-(methylamino)-2-oxoethyl]phosphorodithioic acid ester",31,mlp,5,1,0.5915520883718244,0.5134378167505225,0.07811427162130191,1
105,Rotenone (Ref: ENT 133),437,mlp,5,1,0.3979986517479873,0.5134378167505225,-0.11543916500253515,0
106,"Phosphorothioic acid, O,O-Diethyl-O-(4-nitrophenyl)ester",18,mlp,5,1,0.6016043715392588,0.5134378167505225,0.08816655478873636,1
111,"1,2,3,4,5-Pentachloro-6-nitrobenzene",106,mlp,5,0,0.4525497195343498,0.5134378167505225,-0.060888097216172665,0
116,Streptomycin sulphate,434,mlp,5,0,0.04804198429484804,0.5134378167505225,-0.46539583245567445,0
130,"1-[2-(2,4-Dichlorophenyl)-3-(1,1,2,2-tetrafluoroethoxy)propyl]-1H-1,2,4-triazole",171,mlp,5,0,0.5259073814585724,0.5134378167505225,0.01246956470804994,1
132,"Phosphorothioic acid O,O-dimethyl O-(3-methyl-4-nitrophenyl)ester",18,mlp,5,1,0.5724923789364575,0.5134378167505225,0.05905456218593508,1
141,"2,6-Dichloro-4-nitrobenzenamine",106,mlp,5,0,0.34548357117900985,0.5134378167505225,-0.16795424557151262,0
149,Tecnazene,106,mlp,5,0,0.44138401482550627,0.5134378167505225,-0.0720538019250162,0
150,"Phosphoric acid, Dimethyl 4-nitrophenyl ester",55,mlp,5,1,0.5885104029339225,0.5134378167505225,0.07507258618340007,1
152,Oxytetracycline,429,mlp,5,0,0.11353308015968948,0.5134378167505225,-0.399904736590833,0
161,"N,N-Bis(1-methylethyl)carbamothioic acid, S-(2,3,3-trichloro-2-propen-1-yl) ester",427,mlp,5,0,0.4361897332178991,0.5134378167505225,-0.07724808353262336,0
163,"O,O'-(Thiodi-4,1-phenylene) O,O,O',O'-tetramethyl ester phosphorothioic acid",18,mlp,5,1,0.6127378324246041,0.5134378167505225,0.09930001567408164,1
165,"O,O-Diethyl O-[6-methyl-2-(1-methylethyl)-4-pyrimidinyl] ester phosphorothioic acid",17,mlp,5,1,0.5883536115562925,0.5134378167505225,0.07491579480577004,1
167,Chlorthion (Ref: BAY 22/190 ),18,mlp,5,1,0.5634054050942834,0.5134378167505225,0.049967588343760916,1
172,"Thiodiphosphoric acid, Tetrapropyl ester",423,mlp,5,0,0.5444189721911549,0.5134378167505225,0.030981155440632402,1
179,Myristyl acetate,11,mlp,5,0,0.34825142135814435,0.5134378167505225,-0.16518639539237812,0
182,"O,O-Dimethyl S-[(4-oxo-1,2,3-benzotriazin-3(4H)-yl)methyl] ester, Phosphorodithioic acid",31,mlp,5,1,0.47109193101518176,0.5134378167505225,-0.042345885735340705,0
186,"O,O-Dimethyl O-[3-methyl-4-(methylthio)phenyl]ester phosphorothioic acid",18,mlp,5,1,0.587250359196837,0.5134378167505225,0.07381254244631452,1
195,"Phosphorodithioic acid S-[(5-methoxy-2-oxo-1,3,4-thiadiazol-3(2H)yl)methyl] O,O-dimethyl ester",31,mlp,5,1,0.538898954741851,0.5134378167505225,0.025461137991328542,1
208,Dialifos (Ref: AC 14503),31,mlp,5,1,0.5898548100375166,0.5134378167505225,0.07641699328699414,1
215,Farnesol,61,mlp,5,0,0.31639366508441724,0.5134378167505225,-0.19704415166610523,0
219,Chlormequat,418,mlp,5,0,0.18814085432226121,0.5134378167505225,-0.3252969624282612,0
223,6-Chloro-3-pyridinecarboxylic acid,68,mlp,5,0,0.2888758353940963,0.5134378167505225,-0.2245619813564262,0
225,P-Phenylphosphonothioic acid O-ethyl O-(4-nitrophenyl) ester ,55,mlp,5,1,0.4709202697185135,0.5134378167505225,-0.042517547032008995,0
231,Diquat,417,mlp,5,0,0.2110172309933776,0.5134378167505225,-0.30242058575714487,0
233,"Phosphorothioic acid, O,O-Diethyl O-2-pyrazinyl ester  ",17,mlp,5,1,0.6158191663924186,0.5134378167505225,0.10238134964189616,1
255,Diphenamid (Ref: L 34314),410,mlp,5,0,0.33134149042996713,0.5134378167505225,-0.18209632632055534,0
256,"O-[4[(Dimethylamino)sulfonyl]phenyl]O,O-dimethylester phosphorothioic acid",18,mlp,5,1,0.5763129680304271,0.5134378167505225,0.06287515127990462,1
259,2-Chloro-6-(trichloromethyl)pyridine,409,mlp,5,0,0.35960805822827374,0.5134378167505225,-0.15382975852224873,0
261,2-Methyl-2-(methylthio)propanol O-[(methylamino)carbonyl]oxime,25,mlp,5,1,0.2571256493971722,0.5134378167505225,-0.2563121673533503,0
273,2-(Dimethylamino)-N-[[(methylamino)carbonyl]oxy]-2-oxo-ethanimidothioic acid methyl ester,25,mlp,5,1,0.1995209078957034,0.5134378167505225,-0.31391690885481904,0
276,"Phosphorothioic acid, O,O-Diethyl O-(3,5,6-trichloro-2-pyridinyl) ester",17,mlp,5,1,0.5710749394533109,0.5134378167505225,0.057637122702788424,1
297,"5,6-Dihydro-2-methyl-N-phenyl-1,4-oxathiin-3-carboxamide",163,mlp,5,0,0.2917408173517949,0.5134378167505225,-0.22169699939872756,0
298,N-1H-Benzimidazol-2-yl carbamic acid methyl ester,405,mlp,5,0,0.23555784479842334,0.5134378167505225,-0.2778799719520991,0
316,Aldoxycarb,100,mlp,5,0,0.27243009422378284,0.5134378167505225,-0.24100772252673963,0
319,Oxycarboxin (Ref: F 461),163,mlp,5,0,0.28463763506934453,0.5134378167505225,-0.22880018168117794,0
326,"4-Ethoxy-7-phenyl-3,5-dioxa-6-aza-4-phosphaoct-6-ene-8-nitrile 4-sulfide",157,mlp,5,1,0.5141278412653185,0.5134378167505225,0.0006900245147960504,1
330,Methabenzthiazuron (Ref: BAY 74283 ),76,mlp,5,1,0.2831306880115721,0.5134378167505225,-0.23030712873895037,0
334,Glufosinate (Ref: HOE 00661),394,mlp,5,0,0.23895265160339454,0.5134378167505225,-0.27448516514712795,0
336,Dimethyl 4-(methylsulfanyl)phenyl phosphate,55,mlp,5,1,0.597906922568616,0.5134378167505225,0.08446910581809353,1
338,"2-[(Diethoxyphosphinothionyl)oxy]-5-methylpyrazolo[1,5-a]pyrimidine-6-carboxylic acid ethyl ester",17,mlp,5,1,0.5240800441336032,0.5134378167505225,0.010642227383080738,1
339,Muscalure,11,mlp,5,0,0.2788031939571071,0.5134378167505225,-0.23463462279341535,0
340,"2-Fluoroethyl ([1,1'-biphenyl]-4-yl)acetate",393,mlp,5,0,0.4083042136151633,0.5134378167505225,-0.10513360313535919,0
343,"O-[2-(Diethylamino)-6-methyl-4-pyrimidinyl]O,O-dimethyl ester, Phosphorothioic acid",17,mlp,5,1,0.6070473344554077,0.5134378167505225,0.09360951770488524,1
347,"Phosphorothioic acid O-[2-(diethylamino)-6-methyl-4-pyrimidinyl] O,O-diethyl ester",17,mlp,5,1,0.6068824974172041,0.5134378167505225,0.09344468066668166,1
351,2-Methyl-2-(methylsulfinyl)propanal O-[(methylamino)carbonyl]oxime,100,mlp,5,1,0.2954700823714014,0.5134378167505225,-0.2179677343791211,0
357,"O,O-Dimethyl O-(3,5,6-trichloro-2-pyridinyl) ester phosphorothioic acid",37,mlp,5,1,0.5525477888272572,0.5134378167505225,0.03910997207673472,1
364,"3,3-Dimethyl-1-(methylthio)-2-butanone O-[(methylamino)carbonyl]oxime",25,mlp,5,1,0.2666923345913515,0.5134378167505225,-0.24674548215917097,0
372,Isoxathion (Ref: SL 6711),17,mlp,5,1,0.5852210318760039,0.5134378167505225,0.07178321512548147,1
377,Frontalin,386,mlp,5,0,0.17173127450539516,0.5134378167505225,-0.3417065422451273,0
381,"N-[5-(1,1-Dimethylethyl)-1,3,4-thiadiazol-2-yl]-N,N'-dimethylurea",76,mlp,5,0,0.2586989590745564,0.5134378167505225,-0.25473885767596605,0
397,2-(Octylsulfanyl)ethan-1-ol,11,mlp,5,0,0.33792829514375683,0.5134378167505225,-0.17550952160676564,0
402,5-Methyl-3(2H)-isoxazolone,380,mlp,5,0,0.2074903787829622,0.5134378167505225,-0.3059474379675603,0
435,Ipsenol,374,mlp,5,0,0.22152454101593505,0.5134378167505225,-0.2919132757345874,0
436,"N,N'-[Thiobis[(methylimino)carbonyloxy]]bisethanimidothioic acid dimethyl ester",25,mlp,5,1,0.3421075008375378,0.5134378167505225,-0.17133031591298464,0
458,"Phosphorothioic acid O-(2,6-dichloro-4-methylphenyl) O,O-dimethyl ester",18,mlp,5,0,0.5790411443031097,0.5134378167505225,0.06560332755258724,1
459,Butocarboxim (Ref: Co 755),25,mlp,5,1,0.2571534543950928,0.5134378167505225,-0.2562843623554297,0
468,Aviglycine,370,mlp,5,0,0.25093442102890395,0.5134378167505225,-0.2625033957216185,0
479,Thiocyclam,368,mlp,5,0,0.22851674842726838,0.5134378167505225,-0.2849210683232541,0
486,Oxabetrinil (Ref: CGA 92194),157,mlp,5,0,0.3537429564354925,0.5134378167505225,-0.15969486031503,0
494,"[(3,5,6-Trichloro-2-pyridinyl)oxy]acetic acid, 2-Butoxyethyl ester",94,mlp,5,0,0.4668775079096088,0.5134378167505225,-0.04656030884091367,0
533,Methoxyfenozide (Ref: RH 2485),71,mlp,5,0,0.3801870925519004,0.5134378167505225,-0.13325072419862205,0
536,Halofenozide (Ref: RH 0345),71,mlp,5,0,0.38341208793240483,0.5134378167505225,-0.13002572881811764,0
549,"3,5-Dichloro-N-(3-chloro-1-ethyl-1-methyl-2-oxopropyl)-4-methylbenzamide",355,mlp,5,0,0.46709872520011575,0.5134378167505225,-0.04633909155040672,0
555,"Phosphorothioic acid O,O-diethyl-O-(1,2,2,2-tetrachloroethyl) ester",352,mlp,5,1,0.626764169629558,0.5134378167505225,0.11332635287903559,1
557,"2-[2-Chloro-4-fluoro-5-(1,3,4,5,6,7-hexahydro-1,3-dioxo-2H-isoindol-2-yl)phenoxy]acetic acid pentyl ester",66,mlp,5,0,0.4514483310997428,0.5134378167505225,-0.06198948565077966,0
563,"1-(1,1-Dimethylethyl)-2-(4-ethylbenzoyl)hydrazide-3,5-dimethylbenzoic acid",71,mlp,5,0,0.38326136555320456,0.5134378167505225,-0.1301764511973179,0
575,"2-(Difluoromethyl)-5-(4,5-dihydro-2-thiazolyl)-4-(2-methylpropyl)-6-(trifluoromethyl)-3-pyridinecarboxylic acid methyl ester",115,mlp,5,0,0.5277968524261107,0.5134378167505225,0.014359035675588272,1
579,Fenpiclonil (Ref: CGA 142705),114,mlp,5,1,0.37441973676847,0.5134378167505225,-0.13901807998205246,0
585,Anilofos (Ref: HOE 30374),31,mlp,5,1,0.5898592269548633,0.5134378167505225,0.07642141020434079,1
587,"2-(Acetyloxy)-3-dodecyl-1,4-naphthalenedione",345,mlp,5,0,0.3822510488804288,0.5134378167505225,-0.13118676787009365,0
601,"4,5-Dihydro-6-methyl-4-[(E)-(3-pyridinylmethylene)amino]-1,2,4-triazin-3(2H)-one",339,mlp,5,0,0.26126047153883575,0.5134378167505225,-0.2521773452116867,0
612,Metosulam (Ref: XDE 511),87,mlp,5,0,0.45112293960845423,0.5134378167505225,-0.06231487714206824,0
620,6-chloro-3-pyridinemethanol,68,mlp,5,0,0.24005535659011112,0.5134378167505225,-0.27338246016041134,0
634,Butathiofos (Ref: Dowco 429),17,mlp,5,1,0.5780274073659194,0.5134378167505225,0.06458959061539693,1
635,Acetamiprid,68,mlp,5,1,0.3384253269132639,0.5134378167505225,-0.1750124898372586,0
640,Isoxaflutole (Ref: RPA 201772),146,mlp,5,0,0.47319664026256225,0.5134378167505225,-0.04024117648796022,0
641,Flumiclorac,66,mlp,5,0,0.45570719169663004,0.5134378167505225,-0.057730625053892426,0
643,"4-Amino-N-(1,1-dimethylethyl)-4,5-dihydro-3-(1-methylethyl)-5-oxo-1H-1,2,4-triazole-1-carboxamide",330,mlp,5,0,0.21430175391468562,0.5134378167505225,-0.2991360628358368,0
645,"(5-Hydroxy-1,3-dimethyl-1H-pyrazol-4-yl)[2-(methylsulfonyl)-4-(trifluoromethyl)phenyl]methanone",146,mlp,5,0,0.4672325026848928,0.5134378167505225,-0.046205314065629666,0
656,"2,2-Dimethylpropanoic acid  8-(2,6-diethyl-4-methylphenyl)-1,2,4,5- tetrahydro-7-oxo-7H-pyrazolo[1,2-d][1,4,5]oxadiazepin-9-yl ester",326,mlp,5,0,0.4069477302322969,0.5134378167505225,-0.10649008651822556,0
664,Diflovidazin (Ref: SZ1 121),116,mlp,5,0,0.4431680785689565,0.5134378167505225,-0.07026973818156595,0
675,Chromafenozide (Ref: ANS 118),71,mlp,5,0,0.37114219920941455,0.5134378167505225,-0.14229561754110792,0
682,Pyriftalid (Ref: CGA 279233),317,mlp,5,0,0.42539954133890867,0.5134378167505225,-0.0880382754116138,0
688,2-Chloro-N-(2-ethoxyethyl)-N-(2-methyl-1-phenyl-1-propen-1-yl)acetamide,143,mlp,5,0,0.40231788432065635,0.5134378167505225,-0.11111993242986612,0
698,Beflubutamid (Ref: UBH 820),314,mlp,5,0,0.501596714566742,0.5134378167505225,-0.011841102183780428,0
711,Cycloxydim (Ref: BAS 517H),45,mlp,5,0,0.36922314962253844,0.5134378167505225,-0.14421466712798403,0
723,"N-[[(Methylamino)carbonyl]oxy]ethanimidothioic acid, 2-Cyanoethylester",25,mlp,5,0,0.30062937597824824,0.5134378167505225,-0.21280844077227423,0
725,Sethoxydim (Ref: BAS 9052H),45,mlp,5,1,0.3767322257471976,0.5134378167505225,-0.13670559100332486,0
726,"S-[(5-Ethoxy-2-oxo-1,3,4-thiadiazol-3(2H)-yl)methyl] O,O-dimethyl phosphorodithioate",31,mlp,5,1,0.5500749312401814,0.5134378167505225,0.036637114489658895,1
732,Tralkoxydim (Ref: PP 604),45,mlp,5,0,0.37687683193588495,0.5134378167505225,-0.13656098481463752,0
736,Imibenconazole (Ref: HF 6305),137,mlp,5,0,0.46128832028685535,0.5134378167505225,-0.05214949646366712,0
741,N-(Cyanomethyl)-4-(trifluoromethyl)-3-pyridinecarboxamide,306,mlp,5,0,0.37652582558164843,0.5134378167505225,-0.13691199116887404,0
744,"N-(5,7-Dimethoxy[1,2,4]triazolo[1,5-a]pyrimidin-2-yl)-2-methoxy-4-(trifluoromethyl)-3-pyridinesulfonamide",87,mlp,5,0,0.45047161918722733,0.5134378167505225,-0.06296619756329513,0
749,"C6-12 Fatty acids, Me esters",11,mlp,5,0,0.33107091931757493,0.5134378167505225,-0.18236689743294754,0
799,Butroxydim (Ref: ICIA0500),45,mlp,5,0,0.42030653107963933,0.5134378167505225,-0.09313128567088313,0
802,"2-{2-[(2,5-Dimethylphenoxy)methyl]phenyl}-2-methoxy-N-methylacetamide",131,mlp,5,0,0.38866347942726387,0.5134378167505225,-0.1247743373232586,0
816,"3-(Difluoromethyl)-N-methoxy-1-methyl-N-[1-(2,4,6-trichlorophenyl)propan-2-yl]-1H-pyrazole-4-carboxamide",284,mlp,5,0,0.5235414739498628,0.5134378167505225,0.010103657199340366,1
837,Hydroquinone,278,mlp,5,0,0.24083749453260214,0.5134378167505225,-0.2726003222179203,0
845,1-decanol,11,mlp,5,0,0.2760712295718158,0.5134378167505225,-0.23736658717870668,0
857,Metaldehyde,268,mlp,5,0,0.19707723794001908,0.5134378167505225,-0.3163605788105034,0
858,Nerolidol,61,mlp,5,0,0.3167998947843424,0.5134378167505225,-0.19663792196618007,0
860,Paraffin oils,266,mlp,5,0,0.17281286514519503,0.5134378167505225,-0.34062495160532746,0
870,Lenacil (Ref: DPX B634),260,mlp,5,0,0.23685226262422646,0.5134378167505225,-0.27658555412629604,0
900,Dikegulac,249,mlp,5,0,0.21930598287951822,0.5134378167505225,-0.2941318338710043,0
906,Bupirimate (Ref: PP 588),247,mlp,5,0,0.38467904438062345,0.5134378167505225,-0.12875877236989902,0
915,N-[[(Methylamino)carbonyl]oxy]ethanimidothioic acid methyl ester,25,mlp,5,1,0.2122267589288343,0.5134378167505225,-0.30121105782168817,0
926,Pirimicarb (Ref: OMS 1330),238,mlp,5,1,0.28500352107337706,0.5134378167505225,-0.2284342956771454,0
939,4-Bromo-2-(4-chlorophenyl)-1-(ethoxymethyl)-5-(trifluoromethyl)-1H-pyrrole-3-carbonitrile,229,mlp,5,1,0.5094852948005628,0.5134378167505225,-0.003952521949959653,0
948,24-epibrassinolide,225,mlp,5,1,0.3176401061111557,0.5134378167505225,-0.1957977106393668,0
958,Triazoxide (Ref: SAS 9244),220,mlp,5,0,0.3901454119133829,0.5134378167505225,-0.12329240483713955,0
960,"3,6-Bis(2-chlorophenyl)-1,2,4,5-tetrazine",116,mlp,5,0,0.4321928489742511,0.5134378167505225,-0.08124496777627138,0
969,"2-(Difluoromethyl)-4-(2-methylpropyl)-6-(trifluoromethyl)-3,5-pyridinedicarbothioic acid, S3,S5-Dimethyl ester",115,mlp,5,0,0.5048371838949423,0.5134378167505225,-0.008600632855580215,0
971,Silafluofen (Ref: HOE 084498),212,mlp,5,1,0.39972862586839697,0.5134378167505225,-0.1137091908821255,0
972,Rhyncolure,211,mlp,5,0,0.1814815422961552,0.5134378167505225,-0.33195627445436726,0
974,Clethodim (Ref: RE 45601),45,mlp,5,0,0.40317808042665554,0.5134378167505225,-0.11025973632386693,0
975,"2-[7-Fluoro-3,4-dihydro-3-oxo-4-(2-propynyl)-2H-1,4-benzoxazin-6-yl]-4,5,6,7-tetrahydro-1H-isoindole-1,3(2H)-dione",66,mlp,5,0,0.34030647317462076,0.5134378167505225,-0.1731313435759017,0
979,"4-(2,2-Difluoro-1,3-benzodioxol-4-yl)-1H-pyrrole-3-carbonitrile",114,mlp,5,0,0.383580914252345,0.5134378167505225,-0.1298569024981775,0
990,Phthalide (Ref: BAY 96610),201,mlp,5,0,0.4154966621970041,0.5134378167505225,-0.09794115455351837,0
1008,Ethidimuron (Ref: MET 1486 ),76,mlp,5,0,0.26618833302666944,0.5134378167505225,-0.24724948372385303,0
1010,Cyenopyrafen (Ref: NC-512 ),194,mlp,5,0,0.386894731489838,0.5134378167505225,-0.12654308526068447,0
1015,"3-Phenyl-5-(2-thienyl)-1,2,4-oxadiazole",191,mlp,5,1,0.346598448021033,0.5134378167505225,-0.16683936872948946,0
1027,Broflanilide (Ref: MCI-8007),185,mlp,5,1,0.5143488985653754,0.5134378167505225,0.0009110818148528876,1
1032,Fenpicoxamid (Ref: XDE 777),180,mlp,5,0,0.4405972323959789,0.5134378167505225,-0.07284058435454355,0
5,"S-[(1,3-Dihydro-1,3-dioxo-2H-isoindol-2-yl)methyl]O,O-dimethyl ester, Phosphorodithioic acid",31,rbf_matched,5,1,2.039313161749041,0.24006136819399015,1.799251793555051,1
6,"(2E)-3,7-Dimethyl-2,6-octadien-1-ol",61,rbf_matched,5,0,-1.0419994836240956,0.24006136819399015,-1.2820608518180858,0
15,"Phosphoric acid 2,2-dichloroethenyl dimethyl ester",458,rbf_matched,5,1,1.538699577613857,0.24006136819399015,1.2986382094198667,1
23,Hexadecanoic acid,11,rbf_matched,5,0,0.0854384179436285,0.24006136819399015,-0.15462295025036166,0
26,N-Dodecylguanidine acetate (1:1),11,rbf_matched,5,0,-0.868013617188168,0.24006136819399015,-1.1080749853821583,0
41,8-hydroxyquinoline,451,rbf_matched,5,0,-1.0567042462789984,0.24006136819399015,-1.2967656144729887,0
46,Parathion-methyl (Ref: OMS 213),18,rbf_matched,5,0,1.8151782058358426,0.24006136819399015,1.5751168376418523,1
49,Caprylic acid,11,rbf_matched,5,0,-1.069635751777454,0.24006136819399015,-1.3096971199714442,0
52,2-Furancarboxaldehyde,448,rbf_matched,5,0,-1.0234449318839256,0.24006136819399015,-1.2635063000779159,0
57,Linalool,61,rbf_matched,5,0,-1.0476879001978925,0.24006136819399015,-1.2877492683918828,0
58,Nonanoic acid,11,rbf_matched,5,0,-1.0240141150774718,0.24006136819399015,-1.264075483271462,0
59,Myristyl alcohol,11,rbf_matched,5,0,-0.46901432792392006,0.24006136819399015,-0.7090756961179102,0
76,Pentacosane,11,rbf_matched,5,0,2.014958166771734,0.24006136819399015,1.7748967985777435,1
79,Methoxychlor (Ref: OMS 466),175,rbf_matched,5,1,-0.27658453706643327,0.24006136819399015,-0.5166459052604234,0
85,"Phosphorothioic acid O,O-diethyl O-2-quinoxalinyl ester  ",17,rbf_matched,5,1,1.6485312888275439,0.24006136819399015,1.4084699206335536,1
96,"Phosphorothioic acid, O,O-Dimethyl O-(2,4,5-trichlorophenyl)ester",18,rbf_matched,5,1,2.050315769026915,0.24006136819399015,1.8102544008329247,1
98,Verbenone,438,rbf_matched,5,0,-0.9717887095349265,0.24006136819399015,-1.2118500777289167,0
100,"O,O-Dimethyl S-[2-(methylamino)-2-oxoethyl]phosphorodithioic acid ester",31,rbf_matched,5,1,1.7498369367747295,0.24006136819399015,1.5097755685807392,1
105,Rotenone (Ref: ENT 133),437,rbf_matched,5,1,-0.23222164552283742,0.24006136819399015,-0.47228301371682757,0
106,"Phosphorothioic acid, O,O-Diethyl-O-(4-nitrophenyl)ester",18,rbf_matched,5,1,1.7525672881748204,0.24006136819399015,1.5125059199808302,1
111,"1,2,3,4,5-Pentachloro-6-nitrobenzene",106,rbf_matched,5,0,-0.5119560774443896,0.24006136819399015,-0.7520174456383798,0
116,Streptomycin sulphate,434,rbf_matched,5,0,1.4371998907847638,0.24006136819399015,1.1971385225907736,1
130,"1-[2-(2,4-Dichlorophenyl)-3-(1,1,2,2-tetrafluoroethoxy)propyl]-1H-1,2,4-triazole",171,rbf_matched,5,0,-0.9029720387713698,0.24006136819399015,-1.14303340696536,0
132,"Phosphorothioic acid O,O-dimethyl O-(3-methyl-4-nitrophenyl)ester",18,rbf_matched,5,1,1.9503662622209732,0.24006136819399015,1.710304894026983,1
141,"2,6-Dichloro-4-nitrobenzenamine",106,rbf_matched,5,0,-1.104058840390406,0.24006136819399015,-1.3441202085843962,0
149,Tecnazene,106,rbf_matched,5,0,-0.8258986138234117,0.24006136819399015,-1.065959982017402,0
150,"Phosphoric acid, Dimethyl 4-nitrophenyl ester",55,rbf_matched,5,1,1.6107338486774254,0.24006136819399015,1.3706724804834352,1
152,Oxytetracycline,429,rbf_matched,5,0,-0.9385853246687659,0.24006136819399015,-1.1786466928627561,0
161,"N,N-Bis(1-methylethyl)carbamothioic acid, S-(2,3,3-trichloro-2-propen-1-yl) ester",427,rbf_matched,5,0,-0.2505573685991762,0.24006136819399015,-0.49061873679316637,0
163,"O,O'-(Thiodi-4,1-phenylene) O,O,O',O'-tetramethyl ester phosphorothioic acid",18,rbf_matched,5,1,3.145268725658364,0.24006136819399015,2.9052073574643735,1
165,"O,O-Diethyl O-[6-methyl-2-(1-methylethyl)-4-pyrimidinyl] ester phosphorothioic acid",17,rbf_matched,5,1,1.912268099722262,0.24006136819399015,1.6722067315282718,1
167,Chlorthion (Ref: BAY 22/190 ),18,rbf_matched,5,1,1.8356180021016582,0.24006136819399015,1.5955566339076679,1
172,"Thiodiphosphoric acid, Tetrapropyl ester",423,rbf_matched,5,0,2.026888402730141,0.24006136819399015,1.7868270345361505,1
179,Myristyl acetate,11,rbf_matched,5,0,-0.12784750404581358,0.24006136819399015,-0.36790887223980373,0
182,"O,O-Dimethyl S-[(4-oxo-1,2,3-benzotriazin-3(4H)-yl)methyl] ester, Phosphorodithioic acid",31,rbf_matched,5,1,1.6066578320354101,0.24006136819399015,1.3665964638414199,1
186,"O,O-Dimethyl O-[3-methyl-4-(methylthio)phenyl]ester phosphorothioic acid",18,rbf_matched,5,1,2.086452041775385,0.24006136819399015,1.8463906735813946,1
195,"Phosphorodithioic acid S-[(5-methoxy-2-oxo-1,3,4-thiadiazol-3(2H)yl)methyl] O,O-dimethyl ester",31,rbf_matched,5,1,1.6333949804869765,0.24006136819399015,1.3933336122929862,1
208,Dialifos (Ref: AC 14503),31,rbf_matched,5,1,2.1991657899477244,0.24006136819399015,1.9591044217537341,1
215,Farnesol,61,rbf_matched,5,0,-0.4859748920725333,0.24006136819399015,-0.7260362602665235,0
219,Chlormequat,418,rbf_matched,5,0,-1.3483911197507363,0.24006136819399015,-1.5884524879447266,0
223,6-Chloro-3-pyridinecarboxylic acid,68,rbf_matched,5,0,-1.0957211685187391,0.24006136819399015,-1.3357825367127294,0
225,P-Phenylphosphonothioic acid O-ethyl O-(4-nitrophenyl) ester ,55,rbf_matched,5,1,0.39438224413086376,0.24006136819399015,0.1543208759368736,1
231,Diquat,417,rbf_matched,5,0,-1.2398600398573918,0.24006136819399015,-1.479921408051382,0
233,"Phosphorothioic acid, O,O-Diethyl O-2-pyrazinyl ester  ",17,rbf_matched,5,1,1.5007761576575782,0.24006136819399015,1.260714789463588,1
255,Diphenamid (Ref: L 34314),410,rbf_matched,5,0,-0.9864437807307236,0.24006136819399015,-1.2265051489247139,0
256,"O-[4[(Dimethylamino)sulfonyl]phenyl]O,O-dimethylester phosphorothioic acid",18,rbf_matched,5,1,1.8495137634669185,0.24006136819399015,1.6094523952729283,1
259,2-Chloro-6-(trichloromethyl)pyridine,409,rbf_matched,5,0,-0.7600210611900322,0.24006136819399015,-1.0000824293840225,0
261,2-Methyl-2-(methylthio)propanol O-[(methylamino)carbonyl]oxime,25,rbf_matched,5,1,-1.0185427710250816,0.24006136819399015,-1.2586041392190719,0
273,2-(Dimethylamino)-N-[[(methylamino)carbonyl]oxy]-2-oxo-ethanimidothioic acid methyl ester,25,rbf_matched,5,1,-0.8676374456775267,0.24006136819399015,-1.107698813871517,0
276,"Phosphorothioic acid, O,O-Diethyl O-(3,5,6-trichloro-2-pyridinyl) ester",17,rbf_matched,5,1,1.897426570599905,0.24006136819399015,1.6573652024059147,1
297,"5,6-Dihydro-2-methyl-N-phenyl-1,4-oxathiin-3-carboxamide",163,rbf_matched,5,0,-0.7947742750117288,0.24006136819399015,-1.034835643205719,0
298,N-1H-Benzimidazol-2-yl carbamic acid methyl ester,405,rbf_matched,5,0,-1.0118620646602259,0.24006136819399015,-1.2519234328542161,0
316,Aldoxycarb,100,rbf_matched,5,0,-0.8636396619985116,0.24006136819399015,-1.1037010301925019,0
319,Oxycarboxin (Ref: F 461),163,rbf_matched,5,0,-0.9581806758313127,0.24006136819399015,-1.198242044025303,0
326,"4-Ethoxy-7-phenyl-3,5-dioxa-6-aza-4-phosphaoct-6-ene-8-nitrile 4-sulfide",157,rbf_matched,5,1,0.3316559877491341,0.24006136819399015,0.09159461955514392,1
330,Methabenzthiazuron (Ref: BAY 74283 ),76,rbf_matched,5,1,-0.9818012645654348,0.24006136819399015,-1.221862632759425,0
334,Glufosinate (Ref: HOE 00661),394,rbf_matched,5,0,-0.8551534267637879,0.24006136819399015,-1.0952147949577782,0
336,Dimethyl 4-(methylsulfanyl)phenyl phosphate,55,rbf_matched,5,1,1.7464626854473555,0.24006136819399015,1.5064013172533652,1
338,"2-[(Diethoxyphosphinothionyl)oxy]-5-methylpyrazolo[1,5-a]pyrimidine-6-carboxylic acid ethyl ester",17,rbf_matched,5,1,1.7782501533269088,0.24006136819399015,1.5381887851329186,1
339,Muscalure,11,rbf_matched,5,0,1.6759479032869957,0.24006136819399015,1.4358865350930055,1
340,"2-Fluoroethyl ([1,1'-biphenyl]-4-yl)acetate",393,rbf_matched,5,0,-1.0904661573874086,0.24006136819399015,-1.3305275255813989,0
343,"O-[2-(Diethylamino)-6-methyl-4-pyrimidinyl]O,O-dimethyl ester, Phosphorothioic acid",17,rbf_matched,5,1,1.8836372671055455,0.24006136819399015,1.6435758989115552,1
347,"Phosphorothioic acid O-[2-(diethylamino)-6-methyl-4-pyrimidinyl] O,O-diethyl ester",17,rbf_matched,5,1,1.9495951264939309,0.24006136819399015,1.7095337582999406,1
351,2-Methyl-2-(methylsulfinyl)propanal O-[(methylamino)carbonyl]oxime,100,rbf_matched,5,1,-0.7501744678121365,0.24006136819399015,-0.9902358360061266,0
357,"O,O-Dimethyl O-(3,5,6-trichloro-2-pyridinyl) ester phosphorothioic acid",37,rbf_matched,5,1,1.9223469720483757,0.24006136819399015,1.6822856038543854,1
364,"3,3-Dimethyl-1-(methylthio)-2-butanone O-[(methylamino)carbonyl]oxime",25,rbf_matched,5,1,-0.8472455325264732,0.24006136819399015,-1.0873069007204634,0
372,Isoxathion (Ref: SL 6711),17,rbf_matched,5,1,2.0431503901631634,0.24006136819399015,1.803089021969173,1
377,Frontalin,386,rbf_matched,5,0,-0.8989403839667971,0.24006136819399015,-1.1390017521607874,0
381,"N-[5-(1,1-Dimethylethyl)-1,3,4-thiadiazol-2-yl]-N,N'-dimethylurea",76,rbf_matched,5,0,-0.9123501132785363,0.24006136819399015,-1.1524114814725266,0
397,2-(Octylsulfanyl)ethan-1-ol,11,rbf_matched,5,0,-1.025650386809049,0.24006136819399015,-1.2657117550030392,0
402,5-Methyl-3(2H)-isoxazolone,380,rbf_matched,5,0,-0.8705667578893279,0.24006136819399015,-1.1106281260833182,0
435,Ipsenol,374,rbf_matched,5,0,-1.1503584729431764,0.24006136819399015,-1.3904198411371667,0
436,"N,N'-[Thiobis[(methylimino)carbonyloxy]]bisethanimidothioic acid dimethyl ester",25,rbf_matched,5,1,-0.35814569475131597,0.24006136819399015,-0.5982070629453061,0
458,"Phosphorothioic acid O-(2,6-dichloro-4-methylphenyl) O,O-dimethyl ester",18,rbf_matched,5,0,2.036232213450408,0.24006136819399015,1.7961708452564178,1
459,Butocarboxim (Ref: Co 755),25,rbf_matched,5,1,-1.0015026143042625,0.24006136819399015,-1.2415639824982527,0
468,Aviglycine,370,rbf_matched,5,0,-1.050922308161128,0.24006136819399015,-1.2909836763551183,0
479,Thiocyclam,368,rbf_matched,5,0,-1.0048899965715878,0.24006136819399015,-1.244951364765578,0
486,Oxabetrinil (Ref: CGA 92194),157,rbf_matched,5,0,-1.1177079689515756,0.24006136819399015,-1.357769337145566,0
494,"[(3,5,6-Trichloro-2-pyridinyl)oxy]acetic acid, 2-Butoxyethyl ester",94,rbf_matched,5,0,-1.0349448568676904,0.24006136819399015,-1.2750062250616807,0
533,Methoxyfenozide (Ref: RH 2485),71,rbf_matched,5,0,-0.10240302605646567,0.24006136819399015,-0.34246439425045583,0
536,Halofenozide (Ref: RH 0345),71,rbf_matched,5,0,-0.4689768568732684,0.24006136819399015,-0.7090382250672586,0
549,"3,5-Dichloro-N-(3-chloro-1-ethyl-1-methyl-2-oxopropyl)-4-methylbenzamide",355,rbf_matched,5,0,-0.7121359593478771,0.24006136819399015,-0.9521973275418673,0
555,"Phosphorothioic acid O,O-diethyl-O-(1,2,2,2-tetrachloroethyl) ester",352,rbf_matched,5,1,1.9496304185196718,0.24006136819399015,1.7095690503256815,1
557,"2-[2-Chloro-4-fluoro-5-(1,3,4,5,6,7-hexahydro-1,3-dioxo-2H-isoindol-2-yl)phenoxy]acetic acid pentyl ester",66,rbf_matched,5,0,-0.24913452408589754,0.24006136819399015,-0.4891958922798877,0
563,"1-(1,1-Dimethylethyl)-2-(4-ethylbenzoyl)hydrazide-3,5-dimethylbenzoic acid",71,rbf_matched,5,0,-0.05359533507207237,0.24006136819399015,-0.2936567032660625,0
575,"2-(Difluoromethyl)-5-(4,5-dihydro-2-thiazolyl)-4-(2-methylpropyl)-6-(trifluoromethyl)-3-pyridinecarboxylic acid methyl ester",115,rbf_matched,5,0,-0.2899253990631876,0.24006136819399015,-0.5299867672571777,0
579,Fenpiclonil (Ref: CGA 142705),114,rbf_matched,5,1,-0.8850566104407949,0.24006136819399015,-1.1251179786347851,0
585,Anilofos (Ref: HOE 30374),31,rbf_matched,5,1,2.330496885567492,0.24006136819399015,2.0904355173735016,1
587,"2-(Acetyloxy)-3-dodecyl-1,4-naphthalenedione",345,rbf_matched,5,0,0.742407272661739,0.24006136819399015,0.5023459044677488,1
601,"4,5-Dihydro-6-methyl-4-[(E)-(3-pyridinylmethylene)amino]-1,2,4-triazin-3(2H)-one",339,rbf_matched,5,0,-1.156624083578984,0.24006136819399015,-1.3966854517729743,0
612,Metosulam (Ref: XDE 511),87,rbf_matched,5,0,-1.1691666572430157,0.24006136819399015,-1.409228025437006,0
620,6-chloro-3-pyridinemethanol,68,rbf_matched,5,0,-1.232278028831217,0.24006136819399015,-1.4723393970252072,0
634,Butathiofos (Ref: Dowco 429),17,rbf_matched,5,1,1.9688030262487666,0.24006136819399015,1.7287416580547763,1
635,Acetamiprid,68,rbf_matched,5,1,-1.0171325817024566,0.24006136819399015,-1.2571939498964468,0
640,Isoxaflutole (Ref: RPA 201772),146,rbf_matched,5,0,-1.0594401819581338,0.24006136819399015,-1.299501550152124,0
641,Flumiclorac,66,rbf_matched,5,0,-0.9113302438830444,0.24006136819399015,-1.1513916120770347,0
643,"4-Amino-N-(1,1-dimethylethyl)-4,5-dihydro-3-(1-methylethyl)-5-oxo-1H-1,2,4-triazole-1-carboxamide",330,rbf_matched,5,0,-0.9888631880258703,0.24006136819399015,-1.2289245562198605,0
645,"(5-Hydroxy-1,3-dimethyl-1H-pyrazol-4-yl)[2-(methylsulfonyl)-4-(trifluoromethyl)phenyl]methanone",146,rbf_matched,5,0,-1.2976660632509538,0.24006136819399015,-1.537727431444944,0
656,"2,2-Dimethylpropanoic acid  8-(2,6-diethyl-4-methylphenyl)-1,2,4,5- tetrahydro-7-oxo-7H-pyrazolo[1,2-d][1,4,5]oxadiazepin-9-yl ester",326,rbf_matched,5,0,-0.22986313392529167,0.24006136819399015,-0.46992450211928183,0
664,Diflovidazin (Ref: SZ1 121),116,rbf_matched,5,0,-1.1018727762543015,0.24006136819399015,-1.3419341444482917,0
675,Chromafenozide (Ref: ANS 118),71,rbf_matched,5,0,0.17241614923672133,0.24006136819399015,-0.06764521895726883,0
682,Pyriftalid (Ref: CGA 279233),317,rbf_matched,5,0,-0.7725368705530467,0.24006136819399015,-1.012598238747037,0
688,2-Chloro-N-(2-ethoxyethyl)-N-(2-methyl-1-phenyl-1-propen-1-yl)acetamide,143,rbf_matched,5,0,-0.87396472483077,0.24006136819399015,-1.1140260930247603,0
698,Beflubutamid (Ref: UBH 820),314,rbf_matched,5,0,-0.8446481353021205,0.24006136819399015,-1.0847095034961107,0
711,Cycloxydim (Ref: BAS 517H),45,rbf_matched,5,0,-0.43558460620759254,0.24006136819399015,-0.6756459744015827,0
723,"N-[[(Methylamino)carbonyl]oxy]ethanimidothioic acid, 2-Cyanoethylester",25,rbf_matched,5,0,-0.7315886123974393,0.24006136819399015,-0.9716499805914295,0
725,Sethoxydim (Ref: BAS 9052H),45,rbf_matched,5,1,-0.3765075046734956,0.24006136819399015,-0.6165688728674857,0
726,"S-[(5-Ethoxy-2-oxo-1,3,4-thiadiazol-3(2H)-yl)methyl] O,O-dimethyl phosphorodithioate",31,rbf_matched,5,1,1.693813230058693,0.24006136819399015,1.4537518618647027,1
732,Tralkoxydim (Ref: PP 604),45,rbf_matched,5,0,-0.36084424265535864,0.24006136819399015,-0.6009056108493488,0
736,Imibenconazole (Ref: HF 6305),137,rbf_matched,5,0,0.045045454087445425,0.24006136819399015,-0.19501591410654473,0
741,N-(Cyanomethyl)-4-(trifluoromethyl)-3-pyridinecarboxamide,306,rbf_matched,5,0,-1.345293173787128,0.24006136819399015,-1.5853545419811184,0
744,"N-(5,7-Dimethoxy[1,2,4]triazolo[1,5-a]pyrimidin-2-yl)-2-methoxy-4-(trifluoromethyl)-3-pyridinesulfonamide",87,rbf_matched,5,0,-1.5483673215228868,0.24006136819399015,-1.788428689716877,0
749,"C6-12 Fatty acids, Me esters",11,rbf_matched,5,0,-0.9568438353149555,0.24006136819399015,-1.1969052035089458,0
799,Butroxydim (Ref: ICIA0500),45,rbf_matched,5,0,0.252174265583641,0.24006136819399015,0.012112897389650823,1
802,"2-{2-[(2,5-Dimethylphenoxy)methyl]phenyl}-2-methoxy-N-methylacetamide",131,rbf_matched,5,0,-0.7825685615595126,0.24006136819399015,-1.0226299297535029,0
816,"3-(Difluoromethyl)-N-methoxy-1-methyl-N-[1-(2,4,6-trichlorophenyl)propan-2-yl]-1H-pyrazole-4-carboxamide",284,rbf_matched,5,0,-0.3345519254234737,0.24006136819399015,-0.5746132936174638,0
837,Hydroquinone,278,rbf_matched,5,0,-0.600232980298649,0.24006136819399015,-0.8402943484926392,0
845,1-decanol,11,rbf_matched,5,0,-1.1021701892623805,0.24006136819399015,-1.3422315574563708,0
857,Metaldehyde,268,rbf_matched,5,0,-0.7830586524180521,0.24006136819399015,-1.0231200206120423,0
858,Nerolidol,61,rbf_matched,5,0,-0.4845113697064689,0.24006136819399015,-0.7245727379004591,0
860,Paraffin oils,266,rbf_matched,5,0,-0.8430566741608216,0.24006136819399015,-1.083118042354812,0
870,Lenacil (Ref: DPX B634),260,rbf_matched,5,0,-1.0169390897859922,0.24006136819399015,-1.2570004579799825,0
900,Dikegulac,249,rbf_matched,5,0,-0.7555572382932154,0.24006136819399015,-0.9956186064872056,0
906,Bupirimate (Ref: PP 588),247,rbf_matched,5,0,-1.139175961149753,0.24006136819399015,-1.3792373293437432,0
915,N-[[(Methylamino)carbonyl]oxy]ethanimidothioic acid methyl ester,25,rbf_matched,5,1,-0.931797127124065,0.24006136819399015,-1.1718584953180553,0
926,Pirimicarb (Ref: OMS 1330),238,rbf_matched,5,1,-1.0077266570219847,0.24006136819399015,-1.247788025215975,0
939,4-Bromo-2-(4-chlorophenyl)-1-(ethoxymethyl)-5-(trifluoromethyl)-1H-pyrrole-3-carbonitrile,229,rbf_matched,5,1,-0.08368100586557459,0.24006136819399015,-0.32374237405956474,0
948,24-epibrassinolide,225,rbf_matched,5,1,-0.06621329747288796,0.24006136819399015,-0.3062746656668781,0
958,Triazoxide (Ref: SAS 9244),220,rbf_matched,5,0,-1.4031456686389734,0.24006136819399015,-1.6432070368329637,0
960,"3,6-Bis(2-chlorophenyl)-1,2,4,5-tetrazine",116,rbf_matched,5,0,-0.9274133015262325,0.24006136819399015,-1.1674746697202227,0
969,"2-(Difluoromethyl)-4-(2-methylpropyl)-6-(trifluoromethyl)-3,5-pyridinedicarbothioic acid, S3,S5-Dimethyl ester",115,rbf_matched,5,0,-0.04800928999319565,0.24006136819399015,-0.2880706581871858,0
971,Silafluofen (Ref: HOE 084498),212,rbf_matched,5,1,0.6085047041486207,0.24006136819399015,0.3684433359546305,1
972,Rhyncolure,211,rbf_matched,5,0,-1.192226231771785,0.24006136819399015,-1.4322875999657754,0
974,Clethodim (Ref: RE 45601),45,rbf_matched,5,0,-0.3324633768685241,0.24006136819399015,-0.5725247450625143,0
975,"2-[7-Fluoro-3,4-dihydro-3-oxo-4-(2-propynyl)-2H-1,4-benzoxazin-6-yl]-4,5,6,7-tetrahydro-1H-isoindole-1,3(2H)-dione",66,rbf_matched,5,0,-0.8476208379041448,0.24006136819399015,-1.087682206098135,0
979,"4-(2,2-Difluoro-1,3-benzodioxol-4-yl)-1H-pyrrole-3-carbonitrile",114,rbf_matched,5,0,-1.1142033300146212,0.24006136819399015,-1.3542646982086115,0
990,Phthalide (Ref: BAY 96610),201,rbf_matched,5,0,-0.6634478865780848,0.24006136819399015,-0.903509254772075,0
1008,Ethidimuron (Ref: MET 1486 ),76,rbf_matched,5,0,-1.147615620945849,0.24006136819399015,-1.3876769891398393,0
1010,Cyenopyrafen (Ref: NC-512 ),194,rbf_matched,5,0,0.4856508925438434,0.24006136819399015,0.24558952434985326,1
1015,"3-Phenyl-5-(2-thienyl)-1,2,4-oxadiazole",191,rbf_matched,5,1,-0.9123770085221508,0.24006136819399015,-1.152438376716141,0
1027,Broflanilide (Ref: MCI-8007),185,rbf_matched,5,1,2.5019020509317653,0.24006136819399015,2.261840682737775,1
1032,Fenpicoxamid (Ref: XDE 777),180,rbf_matched,5,0,0.0038143953918976514,0.24006136819399015,-0.2362469728020925,0
5,"S-[(1,3-Dihydro-1,3-dioxo-2H-isoindol-2-yl)methyl]O,O-dimethyl ester, Phosphorodithioic acid",31,quantum_angle_product,5,1,1.5861949375344624,0.30997307341526437,1.276221864119198,1
6,"(2E)-3,7-Dimethyl-2,6-octadien-1-ol",61,quantum_angle_product,5,0,-0.9820553878800835,0.30997307341526437,-1.2920284612953479,0
15,"Phosphoric acid 2,2-dichloroethenyl dimethyl ester",458,quantum_angle_product,5,1,1.2594687078932205,0.30997307341526437,0.9494956344779562,1
23,Hexadecanoic acid,11,quantum_angle_product,5,0,-0.05085820682307318,0.30997307341526437,-0.36083128023833755,0
26,N-Dodecylguanidine acetate (1:1),11,quantum_angle_product,5,0,-0.9311120368036958,0.30997307341526437,-1.2410851102189602,0
41,8-hydroxyquinoline,451,quantum_angle_product,5,0,-1.2551875767651195,0.30997307341526437,-1.5651606501803839,0
46,Parathion-methyl (Ref: OMS 213),18,quantum_angle_product,5,0,1.4420234920030444,0.30997307341526437,1.13205041858778,1
49,Caprylic acid,11,quantum_angle_product,5,0,-1.1497508269787664,0.30997307341526437,-1.4597239003940308,0
52,2-Furancarboxaldehyde,448,quantum_angle_product,5,0,-1.332921890404207,0.30997307341526437,-1.6428949638194714,0
57,Linalool,61,quantum_angle_product,5,0,-0.9830679937010052,0.30997307341526437,-1.2930410671162695,0
58,Nonanoic acid,11,quantum_angle_product,5,0,-1.0718093344884414,0.30997307341526437,-1.3817824079037058,0
59,Myristyl alcohol,11,quantum_angle_product,5,0,-0.4060402189730121,0.30997307341526437,-0.7160132923882765,0
76,Pentacosane,11,quantum_angle_product,5,0,2.5046552499695443,0.30997307341526437,2.19468217655428,1
79,Methoxychlor (Ref: OMS 466),175,quantum_angle_product,5,1,-0.14579304226855339,0.30997307341526437,-0.45576611568381775,0
85,"Phosphorothioic acid O,O-diethyl O-2-quinoxalinyl ester  ",17,quantum_angle_product,5,1,1.3269497173428464,0.30997307341526437,1.016976643927582,1
96,"Phosphorothioic acid, O,O-Dimethyl O-(2,4,5-trichlorophenyl)ester",18,quantum_angle_product,5,1,1.7620904926950898,0.30997307341526437,1.4521174192798254,1
98,Verbenone,438,quantum_angle_product,5,0,-0.8609642939296682,0.30997307341526437,-1.1709373673449326,0
100,"O,O-Dimethyl S-[2-(methylamino)-2-oxoethyl]phosphorodithioic acid ester",31,quantum_angle_product,5,1,1.194829602764842,0.30997307341526437,0.8848565293495776,1
105,Rotenone (Ref: ENT 133),437,quantum_angle_product,5,1,-0.24325705267908315,0.30997307341526437,-0.5532301260943475,0
106,"Phosphorothioic acid, O,O-Diethyl-O-(4-nitrophenyl)ester",18,quantum_angle_product,5,1,1.4968034436918503,0.30997307341526437,1.1868303702765859,1
111,"1,2,3,4,5-Pentachloro-6-nitrobenzene",106,quantum_angle_product,5,0,-0.3075111266876247,0.30997307341526437,-0.6174842001028891,0
116,Streptomycin sulphate,434,quantum_angle_product,5,0,0.5678088006728892,0.30997307341526437,0.2578357272576248,1
130,"1-[2-(2,4-Dichlorophenyl)-3-(1,1,2,2-tetrafluoroethoxy)propyl]-1H-1,2,4-triazole",171,quantum_angle_product,5,0,-0.731081202432601,0.30997307341526437,-1.0410542758478654,0
132,"Phosphorothioic acid O,O-dimethyl O-(3-methyl-4-nitrophenyl)ester",18,quantum_angle_product,5,1,1.5269306894928052,0.30997307341526437,1.2169576160775408,1
141,"2,6-Dichloro-4-nitrobenzenamine",106,quantum_angle_product,5,0,-1.0521785952415064,0.30997307341526437,-1.3621516686567707,0
149,Tecnazene,106,quantum_angle_product,5,0,-0.587395293788961,0.30997307341526437,-0.8973683672042254,0
150,"Phosphoric acid, Dimethyl 4-nitrophenyl ester",55,quantum_angle_product,5,1,1.283209982035209,0.30997307341526437,0.9732369086199446,1
152,Oxytetracycline,429,quantum_angle_product,5,0,-0.3592044790768343,0.30997307341526437,-0.6691775524920986,0
161,"N,N-Bis(1-methylethyl)carbamothioic acid, S-(2,3,3-trichloro-2-propen-1-yl) ester",427,quantum_angle_product,5,0,-0.10323872163764403,0.30997307341526437,-0.4132117950529084,0
163,"O,O'-(Thiodi-4,1-phenylene) O,O,O',O'-tetramethyl ester phosphorothioic acid",18,quantum_angle_product,5,1,4.6053454183082225,0.30997307341526437,4.295372344892958,1
165,"O,O-Diethyl O-[6-methyl-2-(1-methylethyl)-4-pyrimidinyl] ester phosphorothioic acid",17,quantum_angle_product,5,1,1.5592541587283923,0.30997307341526437,1.249281085313128,1
167,Chlorthion (Ref: BAY 22/190 ),18,quantum_angle_product,5,1,1.5501016875438696,0.30997307341526437,1.2401286141286052,1
172,"Thiodiphosphoric acid, Tetrapropyl ester",423,quantum_angle_product,5,0,1.6769938870071206,0.30997307341526437,1.3670208135918562,1
179,Myristyl acetate,11,quantum_angle_product,5,0,-0.10888344552653795,0.30997307341526437,-0.4188565189418023,0
182,"O,O-Dimethyl S-[(4-oxo-1,2,3-benzotriazin-3(4H)-yl)methyl] ester, Phosphorodithioic acid",31,quantum_angle_product,5,1,1.2319695391739804,0.30997307341526437,0.9219964657587161,1
186,"O,O-Dimethyl O-[3-methyl-4-(methylthio)phenyl]ester phosphorothioic acid",18,quantum_angle_product,5,1,1.629183461682234,0.30997307341526437,1.3192103882669697,1
195,"Phosphorodithioic acid S-[(5-methoxy-2-oxo-1,3,4-thiadiazol-3(2H)yl)methyl] O,O-dimethyl ester",31,quantum_angle_product,5,1,1.4044887651641043,0.30997307341526437,1.09451569174884,1
208,Dialifos (Ref: AC 14503),31,quantum_angle_product,5,1,1.864112381660255,0.30997307341526437,1.5541393082449906,1
215,Farnesol,61,quantum_angle_product,5,0,-0.3836352684095372,0.30997307341526437,-0.6936083418248016,0
219,Chlormequat,418,quantum_angle_product,5,0,-1.3998670904037462,0.30997307341526437,-1.7098401638190106,0
223,6-Chloro-3-pyridinecarboxylic acid,68,quantum_angle_product,5,0,-1.236866310614972,0.30997307341526437,-1.5468393840302364,0
225,P-Phenylphosphonothioic acid O-ethyl O-(4-nitrophenyl) ester ,55,quantum_angle_product,5,1,0.10801702144330338,0.30997307341526437,-0.20195605197196098,0
231,Diquat,417,quantum_angle_product,5,0,-1.3711462844782583,0.30997307341526437,-1.6811193578935226,0
233,"Phosphorothioic acid, O,O-Diethyl O-2-pyrazinyl ester  ",17,quantum_angle_product,5,1,1.1028652335896032,0.30997307341526437,0.7928921601743388,1
255,Diphenamid (Ref: L 34314),410,quantum_angle_product,5,0,-0.9703487378790774,0.30997307341526437,-1.2803218112943417,0
256,"O-[4[(Dimethylamino)sulfonyl]phenyl]O,O-dimethylester phosphorothioic acid",18,quantum_angle_product,5,1,1.3211991798792058,0.30997307341526437,1.0112261064639414,1
259,2-Chloro-6-(trichloromethyl)pyridine,409,quantum_angle_product,5,0,-0.6636688229624932,0.30997307341526437,-0.9736418963777576,0
261,2-Methyl-2-(methylthio)propanol O-[(methylamino)carbonyl]oxime,25,quantum_angle_product,5,1,-1.0827819944215635,0.30997307341526437,-1.392755067836828,0
273,2-(Dimethylamino)-N-[[(methylamino)carbonyl]oxy]-2-oxo-ethanimidothioic acid methyl ester,25,quantum_angle_product,5,1,-1.02498596342729,0.30997307341526437,-1.3349590368425543,0
276,"Phosphorothioic acid, O,O-Diethyl O-(3,5,6-trichloro-2-pyridinyl) ester",17,quantum_angle_product,5,1,1.777190154586953,0.30997307341526437,1.4672170811716887,1
297,"5,6-Dihydro-2-methyl-N-phenyl-1,4-oxathiin-3-carboxamide",163,quantum_angle_product,5,0,-0.8406390825476242,0.30997307341526437,-1.1506121559628886,0
298,N-1H-Benzimidazol-2-yl carbamic acid methyl ester,405,quantum_angle_product,5,0,-1.1497992388970166,0.30997307341526437,-1.459772312312281,0
316,Aldoxycarb,100,quantum_angle_product,5,0,-1.0486814464252747,0.30997307341526437,-1.358654519840539,0
319,Oxycarboxin (Ref: F 461),163,quantum_angle_product,5,0,-1.0656415414515044,0.30997307341526437,-1.3756146148667687,0
326,"4-Ethoxy-7-phenyl-3,5-dioxa-6-aza-4-phosphaoct-6-ene-8-nitrile 4-sulfide",157,quantum_angle_product,5,1,0.01870556481997543,0.30997307341526437,-0.29126750859528894,0
330,Methabenzthiazuron (Ref: BAY 74283 ),76,quantum_angle_product,5,1,-1.1193604216172686,0.30997307341526437,-1.429333495032533,0
334,Glufosinate (Ref: HOE 00661),394,quantum_angle_product,5,0,-0.9238569624247477,0.30997307341526437,-1.233830035840012,0
336,Dimethyl 4-(methylsulfanyl)phenyl phosphate,55,quantum_angle_product,5,1,1.3793838628338078,0.30997307341526437,1.0694107894185434,1
338,"2-[(Diethoxyphosphinothionyl)oxy]-5-methylpyrazolo[1,5-a]pyrimidine-6-carboxylic acid ethyl ester",17,quantum_angle_product,5,1,1.4548435353051472,0.30997307341526437,1.1448704618898828,1
339,Muscalure,11,quantum_angle_product,5,0,1.9368827233557644,0.30997307341526437,1.6269096499405,1
340,"2-Fluoroethyl ([1,1'-biphenyl]-4-yl)acetate",393,quantum_angle_product,5,0,-0.9968832042511364,0.30997307341526437,-1.3068562776664008,0
343,"O-[2-(Diethylamino)-6-methyl-4-pyrimidinyl]O,O-dimethyl ester, Phosphorothioic acid",17,quantum_angle_product,5,1,1.3586241493642737,0.30997307341526437,1.0486510759490093,1
347,"Phosphorothioic acid O-[2-(diethylamino)-6-methyl-4-pyrimidinyl] O,O-diethyl ester",17,quantum_angle_product,5,1,1.5500446595905766,0.30997307341526437,1.2400715861753122,1
351,2-Methyl-2-(methylsulfinyl)propanal O-[(methylamino)carbonyl]oxime,100,quantum_angle_product,5,1,-0.9330458409553346,0.30997307341526437,-1.243018914370599,0
357,"O,O-Dimethyl O-(3,5,6-trichloro-2-pyridinyl) ester phosphorothioic acid",37,quantum_angle_product,5,1,1.6139755280896457,0.30997307341526437,1.3040024546743814,1
364,"3,3-Dimethyl-1-(methylthio)-2-butanone O-[(methylamino)carbonyl]oxime",25,quantum_angle_product,5,1,-0.8788157647417156,0.30997307341526437,-1.18878883815698,0
372,Isoxathion (Ref: SL 6711),17,quantum_angle_product,5,1,1.6504758301893299,0.30997307341526437,1.3405027567740655,1
377,Frontalin,386,quantum_angle_product,5,0,-0.921600549732541,0.30997307341526437,-1.2315736231478054,0
381,"N-[5-(1,1-Dimethylethyl)-1,3,4-thiadiazol-2-yl]-N,N'-dimethylurea",76,quantum_angle_product,5,0,-1.0287073318454008,0.30997307341526437,-1.3386804052606651,0
397,2-(Octylsulfanyl)ethan-1-ol,11,quantum_angle_product,5,0,-1.0275981667852845,0.30997307341526437,-1.3375712402005488,0
402,5-Methyl-3(2H)-isoxazolone,380,quantum_angle_product,5,0,-1.2992275206275865,0.30997307341526437,-1.6092005940428509,0
435,Ipsenol,374,quantum_angle_product,5,0,-1.0911301181540436,0.30997307341526437,-1.401103191569308,0
436,"N,N'-[Thiobis[(methylimino)carbonyloxy]]bisethanimidothioic acid dimethyl ester",25,quantum_angle_product,5,1,-0.15908326895908953,0.30997307341526437,-0.4690563423743539,0
458,"Phosphorothioic acid O-(2,6-dichloro-4-methylphenyl) O,O-dimethyl ester",18,quantum_angle_product,5,0,1.6869771834654559,0.30997307341526437,1.3770041100501915,1
459,Butocarboxim (Ref: Co 755),25,quantum_angle_product,5,1,-1.0782428487845523,0.30997307341526437,-1.3882159221998167,0
468,Aviglycine,370,quantum_angle_product,5,0,-1.3150414102775718,0.30997307341526437,-1.6250144836928362,0
479,Thiocyclam,368,quantum_angle_product,5,0,-0.8618709600355432,0.30997307341526437,-1.1718440334508076,0
486,Oxabetrinil (Ref: CGA 92194),157,quantum_angle_product,5,0,-1.2507802288554677,0.30997307341526437,-1.560753302270732,0
494,"[(3,5,6-Trichloro-2-pyridinyl)oxy]acetic acid, 2-Butoxyethyl ester",94,quantum_angle_product,5,0,-0.7793479262406917,0.30997307341526437,-1.089320999655956,0
533,Methoxyfenozide (Ref: RH 2485),71,quantum_angle_product,5,0,-0.1974035168102466,0.30997307341526437,-0.507376590225511,0
536,Halofenozide (Ref: RH 0345),71,quantum_angle_product,5,0,-0.4559008795211268,0.30997307341526437,-0.7658739529363912,0
549,"3,5-Dichloro-N-(3-chloro-1-ethyl-1-methyl-2-oxopropyl)-4-methylbenzamide",355,quantum_angle_product,5,0,-0.593366274836316,0.30997307341526437,-0.9033393482515804,0
555,"Phosphorothioic acid O,O-diethyl-O-(1,2,2,2-tetrachloroethyl) ester",352,quantum_angle_product,5,1,1.741831886097125,0.30997307341526437,1.4318588126818605,1
557,"2-[2-Chloro-4-fluoro-5-(1,3,4,5,6,7-hexahydro-1,3-dioxo-2H-isoindol-2-yl)phenoxy]acetic acid pentyl ester",66,quantum_angle_product,5,0,-0.20503740633443623,0.30997307341526437,-0.5150104797497006,0
563,"1-(1,1-Dimethylethyl)-2-(4-ethylbenzoyl)hydrazide-3,5-dimethylbenzoic acid",71,quantum_angle_product,5,0,-0.14900339169601562,0.30997307341526437,-0.45897646511128,0
575,"2-(Difluoromethyl)-5-(4,5-dihydro-2-thiazolyl)-4-(2-methylpropyl)-6-(trifluoromethyl)-3-pyridinecarboxylic acid methyl ester",115,quantum_angle_product,5,0,-0.261070580533846,0.30997307341526437,-0.5710436539491104,0
579,Fenpiclonil (Ref: CGA 142705),114,quantum_angle_product,5,1,-0.762349689978385,0.30997307341526437,-1.0723227633936494,0
585,Anilofos (Ref: HOE 30374),31,quantum_angle_product,5,1,1.9359516498879001,0.30997307341526437,1.6259785764726358,1
587,"2-(Acetyloxy)-3-dodecyl-1,4-naphthalenedione",345,quantum_angle_product,5,0,0.46470519103034835,0.30997307341526437,0.15473211761508399,1
601,"4,5-Dihydro-6-methyl-4-[(E)-(3-pyridinylmethylene)amino]-1,2,4-triazin-3(2H)-one",339,quantum_angle_product,5,0,-1.3416929383660365,0.30997307341526437,-1.651666011781301,0
612,Metosulam (Ref: XDE 511),87,quantum_angle_product,5,0,-0.9946303518015922,0.30997307341526437,-1.3046034252168566,0
620,6-chloro-3-pyridinemethanol,68,quantum_angle_product,5,0,-1.4223491884372708,0.30997307341526437,-1.7323222618525351,0
634,Butathiofos (Ref: Dowco 429),17,quantum_angle_product,5,1,1.5659377695100245,0.30997307341526437,1.2559646960947601,1
635,Acetamiprid,68,quantum_angle_product,5,1,-1.055217609858107,0.30997307341526437,-1.3651906832733713,0
640,Isoxaflutole (Ref: RPA 201772),146,quantum_angle_product,5,0,-0.9301947632326799,0.30997307341526437,-1.2401678366479443,0
641,Flumiclorac,66,quantum_angle_product,5,0,-0.8316805688323994,0.30997307341526437,-1.1416536422476637,0
643,"4-Amino-N-(1,1-dimethylethyl)-4,5-dihydro-3-(1-methylethyl)-5-oxo-1H-1,2,4-triazole-1-carboxamide",330,quantum_angle_product,5,0,-1.1928320660680027,0.30997307341526437,-1.502805139483267,0
645,"(5-Hydroxy-1,3-dimethyl-1H-pyrazol-4-yl)[2-(methylsulfonyl)-4-(trifluoromethyl)phenyl]methanone",146,quantum_angle_product,5,0,-1.3001076450619058,0.30997307341526437,-1.6100807184771702,0
656,"2,2-Dimethylpropanoic acid  8-(2,6-diethyl-4-methylphenyl)-1,2,4,5- tetrahydro-7-oxo-7H-pyrazolo[1,2-d][1,4,5]oxadiazepin-9-yl ester",326,quantum_angle_product,5,0,-0.2760309507079368,0.30997307341526437,-0.5860040241232012,0
664,Diflovidazin (Ref: SZ1 121),116,quantum_angle_product,5,0,-0.9812099201331383,0.30997307341526437,-1.2911829935484027,0
675,Chromafenozide (Ref: ANS 118),71,quantum_angle_product,5,0,0.0630592385303439,0.30997307341526437,-0.24691383488492047,0
682,Pyriftalid (Ref: CGA 279233),317,quantum_angle_product,5,0,-0.7608473102381046,0.30997307341526437,-1.070820383653369,0
688,2-Chloro-N-(2-ethoxyethyl)-N-(2-methyl-1-phenyl-1-propen-1-yl)acetamide,143,quantum_angle_product,5,0,-0.7685657430289003,0.30997307341526437,-1.0785388164441647,0
698,Beflubutamid (Ref: UBH 820),314,quantum_angle_product,5,0,-0.6814791407883396,0.30997307341526437,-0.991452214203604,0
711,Cycloxydim (Ref: BAS 517H),45,quantum_angle_product,5,0,-0.4653844619642902,0.30997307341526437,-0.7753575353795545,0
723,"N-[[(Methylamino)carbonyl]oxy]ethanimidothioic acid, 2-Cyanoethylester",25,quantum_angle_product,5,0,-0.8289006446308624,0.30997307341526437,-1.1388737180461268,0
725,Sethoxydim (Ref: BAS 9052H),45,quantum_angle_product,5,1,-0.4472620240558909,0.30997307341526437,-0.7572350974711552,0
726,"S-[(5-Ethoxy-2-oxo-1,3,4-thiadiazol-3(2H)-yl)methyl] O,O-dimethyl phosphorodithioate",31,quantum_angle_product,5,1,1.4381593690779573,0.30997307341526437,1.128186295662693,1
732,Tralkoxydim (Ref: PP 604),45,quantum_angle_product,5,0,-0.41547217076316567,0.30997307341526437,-0.72544524417843,0
736,Imibenconazole (Ref: HF 6305),137,quantum_angle_product,5,0,0.093614755927665,0.30997307341526437,-0.21635831748759937,0
741,N-(Cyanomethyl)-4-(trifluoromethyl)-3-pyridinecarboxamide,306,quantum_angle_product,5,0,-1.4202634570303365,0.30997307341526437,-1.7302365304456009,0
744,"N-(5,7-Dimethoxy[1,2,4]triazolo[1,5-a]pyrimidin-2-yl)-2-methoxy-4-(trifluoromethyl)-3-pyridinesulfonamide",87,quantum_angle_product,5,0,-1.3826405314040917,0.30997307341526437,-1.692613604819356,0
749,"C6-12 Fatty acids, Me esters",11,quantum_angle_product,5,0,-0.9005970319850496,0.30997307341526437,-1.210570105400314,0
799,Butroxydim (Ref: ICIA0500),45,quantum_angle_product,5,0,0.041430167114309135,0.30997307341526437,-0.26854290630095523,0
802,"2-{2-[(2,5-Dimethylphenoxy)methyl]phenyl}-2-methoxy-N-methylacetamide",131,quantum_angle_product,5,0,-0.8053801750620186,0.30997307341526437,-1.115353248477283,0
816,"3-(Difluoromethyl)-N-methoxy-1-methyl-N-[1-(2,4,6-trichlorophenyl)propan-2-yl]-1H-pyrazole-4-carboxamide",284,quantum_angle_product,5,0,-0.23146244481574652,0.30997307341526437,-0.5414355182310109,0
837,Hydroquinone,278,quantum_angle_product,5,0,-0.716050173033099,0.30997307341526437,-1.0260232464483634,0
845,1-decanol,11,quantum_angle_product,5,0,-1.018466508180393,0.30997307341526437,-1.3284395815956573,0
857,Metaldehyde,268,quantum_angle_product,5,0,-0.8576283715117734,0.30997307341526437,-1.1676014449270378,0
858,Nerolidol,61,quantum_angle_product,5,0,-0.3840450954861838,0.30997307341526437,-0.6940181689014482,0
860,Paraffin oils,266,quantum_angle_product,5,0,-0.20013964876623458,0.30997307341526437,-0.510112722181499,0
870,Lenacil (Ref: DPX B634),260,quantum_angle_product,5,0,-1.1191757277440777,0.30997307341526437,-1.429148801159342,0
900,Dikegulac,249,quantum_angle_product,5,0,-0.8476300489152413,0.30997307341526437,-1.1576031223305057,0
906,Bupirimate (Ref: PP 588),247,quantum_angle_product,5,0,-1.182356482921418,0.30997307341526437,-1.4923295563366823,0
915,N-[[(Methylamino)carbonyl]oxy]ethanimidothioic acid methyl ester,25,quantum_angle_product,5,1,-1.0166306981511548,0.30997307341526437,-1.3266037715664192,0
926,Pirimicarb (Ref: OMS 1330),238,quantum_angle_product,5,1,-1.1637857948490682,0.30997307341526437,-1.4737588682643326,0
939,4-Bromo-2-(4-chlorophenyl)-1-(ethoxymethyl)-5-(trifluoromethyl)-1H-pyrrole-3-carbonitrile,229,quantum_angle_product,5,1,0.007100636434697272,0.30997307341526437,-0.3028724369805671,0
948,24-epibrassinolide,225,quantum_angle_product,5,1,0.18321395549424313,0.30997307341526437,-0.12675911792102124,0
958,Triazoxide (Ref: SAS 9244),220,quantum_angle_product,5,0,-1.5375788809337072,0.30997307341526437,-1.8475519543489716,0
960,"3,6-Bis(2-chlorophenyl)-1,2,4,5-tetrazine",116,quantum_angle_product,5,0,-0.7852400096111465,0.30997307341526437,-1.0952130830264108,0
969,"2-(Difluoromethyl)-4-(2-methylpropyl)-6-(trifluoromethyl)-3,5-pyridinedicarbothioic acid, S3,S5-Dimethyl ester",115,quantum_angle_product,5,0,-0.009345093420333406,0.30997307341526437,-0.31931816683559777,0
971,Silafluofen (Ref: HOE 084498),212,quantum_angle_product,5,1,0.5068988732262563,0.30997307341526437,0.1969257998109919,1
972,Rhyncolure,211,quantum_angle_product,5,0,-1.1846150206217922,0.30997307341526437,-1.4945880940370566,0
974,Clethodim (Ref: RE 45601),45,quantum_angle_product,5,0,-0.34281424326234333,0.30997307341526437,-0.6527873166776077,0
975,"2-[7-Fluoro-3,4-dihydro-3-oxo-4-(2-propynyl)-2H-1,4-benzoxazin-6-yl]-4,5,6,7-tetrahydro-1H-isoindole-1,3(2H)-dione",66,quantum_angle_product,5,0,-0.8509446805185581,0.30997307341526437,-1.1609177539338225,0
979,"4-(2,2-Difluoro-1,3-benzodioxol-4-yl)-1H-pyrrole-3-carbonitrile",114,quantum_angle_product,5,0,-1.0577589235657205,0.30997307341526437,-1.367731996980985,0
990,Phthalide (Ref: BAY 96610),201,quantum_angle_product,5,0,-0.5072949707704906,0.30997307341526437,-0.8172680441857549,0
1008,Ethidimuron (Ref: MET 1486 ),76,quantum_angle_product,5,0,-1.2600734436942984,0.30997307341526437,-1.5700465171095628,0
1010,Cyenopyrafen (Ref: NC-512 ),194,quantum_angle_product,5,0,0.3100304052027427,0.30997307341526437,5.73317874783541e-05,1
1015,"3-Phenyl-5-(2-thienyl)-1,2,4-oxadiazole",191,quantum_angle_product,5,1,-0.9367826968438502,0.30997307341526437,-1.2467557702591145,0
1027,Broflanilide (Ref: MCI-8007),185,quantum_angle_product,5,1,2.2002516181899177,0.30997307341526437,1.8902785447746533,1
1032,Fenpicoxamid (Ref: XDE 777),180,quantum_angle_product,5,0,-0.074508799661678,0.30997307341526437,-0.38448187307694237,0
5,"S-[(1,3-Dihydro-1,3-dioxo-2H-isoindol-2-yl)methyl]O,O-dimethyl ester, Phosphorodithioic acid",31,quantum_iqp_zz_linear,5,1,1.277316864623725,0.06840351123842597,1.208913353385299,1
6,"(2E)-3,7-Dimethyl-2,6-octadien-1-ol",61,quantum_iqp_zz_linear,5,0,-0.9618865178391522,0.06840351123842597,-1.0302900290775783,0
15,"Phosphoric acid 2,2-dichloroethenyl dimethyl ester",458,quantum_iqp_zz_linear,5,1,0.9417785937685483,0.06840351123842597,0.8733750825301223,1
23,Hexadecanoic acid,11,quantum_iqp_zz_linear,5,0,-0.09671095313068756,0.06840351123842597,-0.16511446436911353,0
26,N-Dodecylguanidine acetate (1:1),11,quantum_iqp_zz_linear,5,0,-0.7868256426666824,0.06840351123842597,-0.8552291539051085,0
41,8-hydroxyquinoline,451,quantum_iqp_zz_linear,5,0,-1.147431280347883,0.06840351123842597,-1.215834791586309,0
46,Parathion-methyl (Ref: OMS 213),18,quantum_iqp_zz_linear,5,0,1.1725389797470962,0.06840351123842597,1.1041354685086702,1
49,Caprylic acid,11,quantum_iqp_zz_linear,5,0,-1.0622625367312726,0.06840351123842597,-1.1306660479696986,0
52,2-Furancarboxaldehyde,448,quantum_iqp_zz_linear,5,0,-1.174792828862078,0.06840351123842597,-1.243196340100504,0
57,Linalool,61,quantum_iqp_zz_linear,5,0,-0.9578898355025915,0.06840351123842597,-1.0262933467410176,0
58,Nonanoic acid,11,quantum_iqp_zz_linear,5,0,-0.997741159568458,0.06840351123842597,-1.066144670806884,0
59,Myristyl alcohol,11,quantum_iqp_zz_linear,5,0,-0.37155096109458485,0.06840351123842597,-0.4399544723330108,0
76,Pentacosane,11,quantum_iqp_zz_linear,5,0,1.0966319816573329,0.06840351123842597,1.0282284704189069,1
79,Methoxychlor (Ref: OMS 466),175,quantum_iqp_zz_linear,5,1,-0.25919208207902056,0.06840351123842597,-0.32759559331744653,0
85,"Phosphorothioic acid O,O-diethyl O-2-quinoxalinyl ester  ",17,quantum_iqp_zz_linear,5,1,1.0236283009741716,0.06840351123842597,0.9552247897357455,1
96,"Phosphorothioic acid, O,O-Dimethyl O-(2,4,5-trichlorophenyl)ester",18,quantum_iqp_zz_linear,5,1,1.2507428105899643,0.06840351123842597,1.1823392993515383,1
98,Verbenone,438,quantum_iqp_zz_linear,5,0,-0.9114771105290964,0.06840351123842597,-0.9798806217675224,0
100,"O,O-Dimethyl S-[2-(methylamino)-2-oxoethyl]phosphorodithioic acid ester",31,quantum_iqp_zz_linear,5,1,1.0452160152897538,0.06840351123842597,0.9768125040513278,1
105,Rotenone (Ref: ENT 133),437,quantum_iqp_zz_linear,5,1,-0.39538416780106767,0.06840351123842597,-0.46378767903949364,0
106,"Phosphorothioic acid, O,O-Diethyl-O-(4-nitrophenyl)ester",18,quantum_iqp_zz_linear,5,1,1.207470382427819,0.06840351123842597,1.139066871189393,1
111,"1,2,3,4,5-Pentachloro-6-nitrobenzene",106,quantum_iqp_zz_linear,5,0,-0.4934557031367912,0.06840351123842597,-0.5618592143752172,0
116,Streptomycin sulphate,434,quantum_iqp_zz_linear,5,0,0.3215263450902006,0.06840351123842597,0.25312283385177464,1
130,"1-[2-(2,4-Dichlorophenyl)-3-(1,1,2,2-tetrafluoroethoxy)propyl]-1H-1,2,4-triazole",171,quantum_iqp_zz_linear,5,0,-0.6054739136480403,0.06840351123842597,-0.6738774248864663,0
132,"Phosphorothioic acid O,O-dimethyl O-(3-methyl-4-nitrophenyl)ester",18,quantum_iqp_zz_linear,5,1,1.2338802356603764,0.06840351123842597,1.1654767244219504,1
141,"2,6-Dichloro-4-nitrobenzenamine",106,quantum_iqp_zz_linear,5,0,-1.0810737590227613,0.06840351123842597,-1.1494772702611873,0
149,Tecnazene,106,quantum_iqp_zz_linear,5,0,-0.7437778844846317,0.06840351123842597,-0.8121813957230577,0
150,"Phosphoric acid, Dimethyl 4-nitrophenyl ester",55,quantum_iqp_zz_linear,5,1,1.0455377269172481,0.06840351123842597,0.9771342156788221,1
152,Oxytetracycline,429,quantum_iqp_zz_linear,5,0,-0.8039049691820856,0.06840351123842597,-0.8723084804205117,0
161,"N,N-Bis(1-methylethyl)carbamothioic acid, S-(2,3,3-trichloro-2-propen-1-yl) ester",427,quantum_iqp_zz_linear,5,0,-0.22801167162873792,0.06840351123842597,-0.2964151828671639,0
163,"O,O'-(Thiodi-4,1-phenylene) O,O,O',O'-tetramethyl ester phosphorothioic acid",18,quantum_iqp_zz_linear,5,1,2.491527600360949,0.06840351123842597,2.423124089122523,1
165,"O,O-Diethyl O-[6-methyl-2-(1-methylethyl)-4-pyrimidinyl] ester phosphorothioic acid",17,quantum_iqp_zz_linear,5,1,1.2342000237194488,0.06840351123842597,1.1657965124810228,1
167,Chlorthion (Ref: BAY 22/190 ),18,quantum_iqp_zz_linear,5,1,1.2072495444979825,0.06840351123842597,1.1388460332595565,1
172,"Thiodiphosphoric acid, Tetrapropyl ester",423,quantum_iqp_zz_linear,5,0,1.256789360795226,0.06840351123842597,1.1883858495568,1
179,Myristyl acetate,11,quantum_iqp_zz_linear,5,0,-0.15542020255266764,0.06840351123842597,-0.22382371379109361,0
182,"O,O-Dimethyl S-[(4-oxo-1,2,3-benzotriazin-3(4H)-yl)methyl] ester, Phosphorodithioic acid",31,quantum_iqp_zz_linear,5,1,0.9885715645647142,0.06840351123842597,0.9201680533262881,1
186,"O,O-Dimethyl O-[3-methyl-4-(methylthio)phenyl]ester phosphorothioic acid",18,quantum_iqp_zz_linear,5,1,1.27581500076099,0.06840351123842597,1.207411489522564,1
195,"Phosphorodithioic acid S-[(5-methoxy-2-oxo-1,3,4-thiadiazol-3(2H)yl)methyl] O,O-dimethyl ester",31,quantum_iqp_zz_linear,5,1,1.1502283973158622,0.06840351123842597,1.0818248860774362,1
208,Dialifos (Ref: AC 14503),31,quantum_iqp_zz_linear,5,1,1.4545087974894693,0.06840351123842597,1.3861052862510432,1
215,Farnesol,61,quantum_iqp_zz_linear,5,0,-0.46462666978891143,0.06840351123842597,-0.5330301810273375,0
219,Chlormequat,418,quantum_iqp_zz_linear,5,0,-1.1902868694719466,0.06840351123842597,-1.2586903807103726,0
223,6-Chloro-3-pyridinecarboxylic acid,68,quantum_iqp_zz_linear,5,0,-1.161200504949133,0.06840351123842597,-1.229604016187559,0
225,P-Phenylphosphonothioic acid O-ethyl O-(4-nitrophenyl) ester ,55,quantum_iqp_zz_linear,5,1,-0.01908198502902181,0.06840351123842597,-0.08748549626744778,0
231,Diquat,417,quantum_iqp_zz_linear,5,0,-1.1885888478195368,0.06840351123842597,-1.2569923590579628,0
233,"Phosphorothioic acid, O,O-Diethyl O-2-pyrazinyl ester  ",17,quantum_iqp_zz_linear,5,1,0.9507353164853671,0.06840351123842597,0.8823318052469411,1
255,Diphenamid (Ref: L 34314),410,quantum_iqp_zz_linear,5,0,-0.9772663467236031,0.06840351123842597,-1.0456698579620292,0
256,"O-[4[(Dimethylamino)sulfonyl]phenyl]O,O-dimethylester phosphorothioic acid",18,quantum_iqp_zz_linear,5,1,1.1240370515930453,0.06840351123842597,1.0556335403546193,1
259,2-Chloro-6-(trichloromethyl)pyridine,409,quantum_iqp_zz_linear,5,0,-0.6460610844960644,0.06840351123842597,-0.7144645957344904,0
261,2-Methyl-2-(methylthio)propanol O-[(methylamino)carbonyl]oxime,25,quantum_iqp_zz_linear,5,1,-1.0205316047138175,0.06840351123842597,-1.0889351159522436,0
273,2-(Dimethylamino)-N-[[(methylamino)carbonyl]oxy]-2-oxo-ethanimidothioic acid methyl ester,25,quantum_iqp_zz_linear,5,1,-0.9359637341513676,0.06840351123842597,-1.0043672453897936,0
276,"Phosphorothioic acid, O,O-Diethyl O-(3,5,6-trichloro-2-pyridinyl) ester",17,quantum_iqp_zz_linear,5,1,1.2800504425093093,0.06840351123842597,1.2116469312708833,1
297,"5,6-Dihydro-2-methyl-N-phenyl-1,4-oxathiin-3-carboxamide",163,quantum_iqp_zz_linear,5,0,-0.8841120379656657,0.06840351123842597,-0.9525155492040918,0
298,N-1H-Benzimidazol-2-yl carbamic acid methyl ester,405,quantum_iqp_zz_linear,5,0,-1.0793803137041984,0.06840351123842597,-1.1477838249426244,0
316,Aldoxycarb,100,quantum_iqp_zz_linear,5,0,-0.9388511761339569,0.06840351123842597,-1.0072546873723829,0
319,Oxycarboxin (Ref: F 461),163,quantum_iqp_zz_linear,5,0,-1.0515386501031634,0.06840351123842597,-1.1199421613415894,0
326,"4-Ethoxy-7-phenyl-3,5-dioxa-6-aza-4-phosphaoct-6-ene-8-nitrile 4-sulfide",157,quantum_iqp_zz_linear,5,1,-0.040632924063664255,0.06840351123842597,-0.10903643530209023,0
330,Methabenzthiazuron (Ref: BAY 74283 ),76,quantum_iqp_zz_linear,5,1,-1.0846898392730753,0.06840351123842597,-1.1530933505115013,0
334,Glufosinate (Ref: HOE 00661),394,quantum_iqp_zz_linear,5,0,-0.860039061034497,0.06840351123842597,-0.928442572272923,0
336,Dimethyl 4-(methylsulfanyl)phenyl phosphate,55,quantum_iqp_zz_linear,5,1,1.0715487416460516,0.06840351123842597,1.0031452304076256,1
338,"2-[(Diethoxyphosphinothionyl)oxy]-5-methylpyrazolo[1,5-a]pyrimidine-6-carboxylic acid ethyl ester",17,quantum_iqp_zz_linear,5,1,1.1524356770468205,0.06840351123842597,1.0840321658083945,1
339,Muscalure,11,quantum_iqp_zz_linear,5,0,0.9814777165041981,0.06840351123842597,0.9130742052657721,1
340,"2-Fluoroethyl ([1,1'-biphenyl]-4-yl)acetate",393,quantum_iqp_zz_linear,5,0,-0.9919863587619531,0.06840351123842597,-1.060389870000379,0
343,"O-[2-(Diethylamino)-6-methyl-4-pyrimidinyl]O,O-dimethyl ester, Phosphorothioic acid",17,quantum_iqp_zz_linear,5,1,1.1477265403375085,0.06840351123842597,1.0793230290990825,1
347,"Phosphorothioic acid O-[2-(diethylamino)-6-methyl-4-pyrimidinyl] O,O-diethyl ester",17,quantum_iqp_zz_linear,5,1,1.2624765052500893,0.06840351123842597,1.1940729940116632,1
351,2-Methyl-2-(methylsulfinyl)propanal O-[(methylamino)carbonyl]oxime,100,quantum_iqp_zz_linear,5,1,-0.8447010267577637,0.06840351123842597,-0.9131045379961897,0
357,"O,O-Dimethyl O-(3,5,6-trichloro-2-pyridinyl) ester phosphorothioic acid",37,quantum_iqp_zz_linear,5,1,1.1669854830949828,0.06840351123842597,1.0985819718565568,1
364,"3,3-Dimethyl-1-(methylthio)-2-butanone O-[(methylamino)carbonyl]oxime",25,quantum_iqp_zz_linear,5,1,-0.8786979890579643,0.06840351123842597,-0.9471015002963903,0
372,Isoxathion (Ref: SL 6711),17,quantum_iqp_zz_linear,5,1,1.2680680684448014,0.06840351123842597,1.1996645572063753,1
377,Frontalin,386,quantum_iqp_zz_linear,5,0,-0.9267876989002612,0.06840351123842597,-0.9951912101386873,0
381,"N-[5-(1,1-Dimethylethyl)-1,3,4-thiadiazol-2-yl]-N,N'-dimethylurea",76,quantum_iqp_zz_linear,5,0,-1.0082452076469428,0.06840351123842597,-1.0766487188853688,0
397,2-(Octylsulfanyl)ethan-1-ol,11,quantum_iqp_zz_linear,5,0,-0.9016549568152139,0.06840351123842597,-0.9700584680536399,0
402,5-Methyl-3(2H)-isoxazolone,380,quantum_iqp_zz_linear,5,0,-1.0758794632830775,0.06840351123842597,-1.1442829745215035,0
435,Ipsenol,374,quantum_iqp_zz_linear,5,0,-1.0131288479634135,0.06840351123842597,-1.0815323592018395,0
436,"N,N'-[Thiobis[(methylimino)carbonyloxy]]bisethanimidothioic acid dimethyl ester",25,quantum_iqp_zz_linear,5,1,-0.2571223362960222,0.06840351123842597,-0.3255258475344482,0
458,"Phosphorothioic acid O-(2,6-dichloro-4-methylphenyl) O,O-dimethyl ester",18,quantum_iqp_zz_linear,5,0,1.2272241736201797,0.06840351123842597,1.1588206623817536,1
459,Butocarboxim (Ref: Co 755),25,quantum_iqp_zz_linear,5,1,-1.015226849507882,0.06840351123842597,-1.083630360746308,0
468,Aviglycine,370,quantum_iqp_zz_linear,5,0,-1.0793856499665897,0.06840351123842597,-1.1477891612050157,0
479,Thiocyclam,368,quantum_iqp_zz_linear,5,0,-0.8853813072529066,0.06840351123842597,-0.9537848184913327,0
486,Oxabetrinil (Ref: CGA 92194),157,quantum_iqp_zz_linear,5,0,-1.157914497374035,0.06840351123842597,-1.226318008612461,0
494,"[(3,5,6-Trichloro-2-pyridinyl)oxy]acetic acid, 2-Butoxyethyl ester",94,quantum_iqp_zz_linear,5,0,-0.766122525715556,0.06840351123842597,-0.834526036953982,0
533,Methoxyfenozide (Ref: RH 2485),71,quantum_iqp_zz_linear,5,0,-0.3025233767480091,0.06840351123842597,-0.3709268879864351,0
536,Halofenozide (Ref: RH 0345),71,quantum_iqp_zz_linear,5,0,-0.54181615741912,0.06840351123842597,-0.6102196686575461,0
549,"3,5-Dichloro-N-(3-chloro-1-ethyl-1-methyl-2-oxopropyl)-4-methylbenzamide",355,quantum_iqp_zz_linear,5,0,-0.6323911423808457,0.06840351123842597,-0.7007946536192717,0
555,"Phosphorothioic acid O,O-diethyl-O-(1,2,2,2-tetrachloroethyl) ester",352,quantum_iqp_zz_linear,5,1,1.2542848950153949,0.06840351123842597,1.1858813837769688,1
557,"2-[2-Chloro-4-fluoro-5-(1,3,4,5,6,7-hexahydro-1,3-dioxo-2H-isoindol-2-yl)phenoxy]acetic acid pentyl ester",66,quantum_iqp_zz_linear,5,0,-0.2776846099225543,0.06840351123842597,-0.34608812116098026,0
563,"1-(1,1-Dimethylethyl)-2-(4-ethylbenzoyl)hydrazide-3,5-dimethylbenzoic acid",71,quantum_iqp_zz_linear,5,0,-0.2550318336809474,0.06840351123842597,-0.32343534491937337,0
575,"2-(Difluoromethyl)-5-(4,5-dihydro-2-thiazolyl)-4-(2-methylpropyl)-6-(trifluoromethyl)-3-pyridinecarboxylic acid methyl ester",115,quantum_iqp_zz_linear,5,0,-0.2518884936151433,0.06840351123842597,-0.3202920048535693,0
579,Fenpiclonil (Ref: CGA 142705),114,quantum_iqp_zz_linear,5,1,-0.8357465951244532,0.06840351123842597,-0.9041501063628792,0
585,Anilofos (Ref: HOE 30374),31,quantum_iqp_zz_linear,5,1,1.4973004964230652,0.06840351123842597,1.4288969851846391,1
587,"2-(Acetyloxy)-3-dodecyl-1,4-naphthalenedione",345,quantum_iqp_zz_linear,5,0,0.3476501092993809,0.06840351123842597,0.2792465980609549,1
601,"4,5-Dihydro-6-methyl-4-[(E)-(3-pyridinylmethylene)amino]-1,2,4-triazin-3(2H)-one",339,quantum_iqp_zz_linear,5,0,-1.2378510137539982,0.06840351123842597,-1.3062545249924242,0
612,Metosulam (Ref: XDE 511),87,quantum_iqp_zz_linear,5,0,-1.018782435897748,0.06840351123842597,-1.087185947136174,0
620,6-chloro-3-pyridinemethanol,68,quantum_iqp_zz_linear,5,0,-1.2776974785715354,0.06840351123842597,-1.3461009898099614,0
634,Butathiofos (Ref: Dowco 429),17,quantum_iqp_zz_linear,5,1,1.2348332918818645,0.06840351123842597,1.1664297806434385,1
635,Acetamiprid,68,quantum_iqp_zz_linear,5,1,-1.0514421785291035,0.06840351123842597,-1.1198456897675295,0
640,Isoxaflutole (Ref: RPA 201772),146,quantum_iqp_zz_linear,5,0,-0.938410512644005,0.06840351123842597,-1.006814023882431,0
641,Flumiclorac,66,quantum_iqp_zz_linear,5,0,-0.8936067300653303,0.06840351123842597,-0.9620102413037563,0
643,"4-Amino-N-(1,1-dimethylethyl)-4,5-dihydro-3-(1-methylethyl)-5-oxo-1H-1,2,4-triazole-1-carboxamide",330,quantum_iqp_zz_linear,5,0,-1.0936721157441598,0.06840351123842597,-1.1620756269825858,0
645,"(5-Hydroxy-1,3-dimethyl-1H-pyrazol-4-yl)[2-(methylsulfonyl)-4-(trifluoromethyl)phenyl]methanone",146,quantum_iqp_zz_linear,5,0,-1.2664740262316754,0.06840351123842597,-1.3348775374701014,0
656,"2,2-Dimethylpropanoic acid  8-(2,6-diethyl-4-methylphenyl)-1,2,4,5- tetrahydro-7-oxo-7H-pyrazolo[1,2-d][1,4,5]oxadiazepin-9-yl ester",326,quantum_iqp_zz_linear,5,0,-0.3873839548949354,0.06840351123842597,-0.45578746613336135,0
664,Diflovidazin (Ref: SZ1 121),116,quantum_iqp_zz_linear,5,0,-0.9897069126488878,0.06840351123842597,-1.0581104238873138,0
675,Chromafenozide (Ref: ANS 118),71,quantum_iqp_zz_linear,5,0,-0.08290486603731106,0.06840351123842597,-0.15130837727573704,0
682,Pyriftalid (Ref: CGA 279233),317,quantum_iqp_zz_linear,5,0,-0.8082894058821306,0.06840351123842597,-0.8766929171205566,0
688,2-Chloro-N-(2-ethoxyethyl)-N-(2-methyl-1-phenyl-1-propen-1-yl)acetamide,143,quantum_iqp_zz_linear,5,0,-0.7886753771890618,0.06840351123842597,-0.8570788884274878,0
698,Beflubutamid (Ref: UBH 820),314,quantum_iqp_zz_linear,5,0,-0.6499689656544814,0.06840351123842597,-0.7183724768929074,0
711,Cycloxydim (Ref: BAS 517H),45,quantum_iqp_zz_linear,5,0,-0.5100982801635356,0.06840351123842597,-0.5785017914019617,0
723,"N-[[(Methylamino)carbonyl]oxy]ethanimidothioic acid, 2-Cyanoethylester",25,quantum_iqp_zz_linear,5,0,-0.7910016029477278,0.06840351123842597,-0.8594051141861538,0
725,Sethoxydim (Ref: BAS 9052H),45,quantum_iqp_zz_linear,5,1,-0.44792821959661744,0.06840351123842597,-0.5163317308350435,0
726,"S-[(5-Ethoxy-2-oxo-1,3,4-thiadiazol-3(2H)-yl)methyl] O,O-dimethyl phosphorodithioate",31,quantum_iqp_zz_linear,5,1,1.194093483026142,0.06840351123842597,1.125689971787716,1
732,Tralkoxydim (Ref: PP 604),45,quantum_iqp_zz_linear,5,0,-0.47946559768975416,0.06840351123842597,-0.5478691089281802,0
736,Imibenconazole (Ref: HF 6305),137,quantum_iqp_zz_linear,5,0,-0.022777851615178202,0.06840351123842597,-0.09118136285360418,0
741,N-(Cyanomethyl)-4-(trifluoromethyl)-3-pyridinecarboxamide,306,quantum_iqp_zz_linear,5,0,-1.3205242428933632,0.06840351123842597,-1.3889277541317893,0
744,"N-(5,7-Dimethoxy[1,2,4]triazolo[1,5-a]pyrimidin-2-yl)-2-methoxy-4-(trifluoromethyl)-3-pyridinesulfonamide",87,quantum_iqp_zz_linear,5,0,-1.2808262053095982,0.06840351123842597,-1.3492297165480243,0
749,"C6-12 Fatty acids, Me esters",11,quantum_iqp_zz_linear,5,0,-0.8665770912775923,0.06840351123842597,-0.9349806025160183,0
799,Butroxydim (Ref: ICIA0500),45,quantum_iqp_zz_linear,5,0,-0.032323755818099764,0.06840351123842597,-0.10072726705652574,0
802,"2-{2-[(2,5-Dimethylphenoxy)methyl]phenyl}-2-methoxy-N-methylacetamide",131,quantum_iqp_zz_linear,5,0,-0.8040469193879198,0.06840351123842597,-0.8724504306263459,0
816,"3-(Difluoromethyl)-N-methoxy-1-methyl-N-[1-(2,4,6-trichlorophenyl)propan-2-yl]-1H-pyrazole-4-carboxamide",284,quantum_iqp_zz_linear,5,0,-0.2528855958379559,0.06840351123842597,-0.32128910707638186,0
837,Hydroquinone,278,quantum_iqp_zz_linear,5,0,-0.5801317872390075,0.06840351123842597,-0.6485352984774335,0
845,1-decanol,11,quantum_iqp_zz_linear,5,0,-0.8947953208162287,0.06840351123842597,-0.9631988320546547,0
857,Metaldehyde,268,quantum_iqp_zz_linear,5,0,-0.8637452582772005,0.06840351123842597,-0.9321487695156265,0
858,Nerolidol,61,quantum_iqp_zz_linear,5,0,-0.4649741907940341,0.06840351123842597,-0.5333777020324602,0
860,Paraffin oils,266,quantum_iqp_zz_linear,5,0,-0.44353868353123205,0.06840351123842597,-0.5119421947696581,0
870,Lenacil (Ref: DPX B634),260,quantum_iqp_zz_linear,5,0,-1.078083956704377,0.06840351123842597,-1.146487467942803,0
900,Dikegulac,249,quantum_iqp_zz_linear,5,0,-0.8464252891524495,0.06840351123842597,-0.9148288003908756,0
906,Bupirimate (Ref: PP 588),247,quantum_iqp_zz_linear,5,0,-1.087228262771966,0.06840351123842597,-1.155631774010392,0
915,N-[[(Methylamino)carbonyl]oxy]ethanimidothioic acid methyl ester,25,quantum_iqp_zz_linear,5,1,-0.9561410908514254,0.06840351123842597,-1.0245446020898514,0
926,Pirimicarb (Ref: OMS 1330),238,quantum_iqp_zz_linear,5,1,-1.1024575700026866,0.06840351123842597,-1.1708610812411127,0
939,4-Bromo-2-(4-chlorophenyl)-1-(ethoxymethyl)-5-(trifluoromethyl)-1H-pyrrole-3-carbonitrile,229,quantum_iqp_zz_linear,5,1,-0.09720385911352802,0.06840351123842597,-0.165607370351954,0
948,24-epibrassinolide,225,quantum_iqp_zz_linear,5,1,-0.10070075082016472,0.06840351123842597,-0.1691042620585907,0
958,Triazoxide (Ref: SAS 9244),220,quantum_iqp_zz_linear,5,0,-1.3769778321532782,0.06840351123842597,-1.4453813433917042,0
960,"3,6-Bis(2-chlorophenyl)-1,2,4,5-tetrazine",116,quantum_iqp_zz_linear,5,0,-0.8606839403367352,0.06840351123842597,-0.9290874515751613,0
969,"2-(Difluoromethyl)-4-(2-methylpropyl)-6-(trifluoromethyl)-3,5-pyridinedicarbothioic acid, S3,S5-Dimethyl ester",115,quantum_iqp_zz_linear,5,0,-0.06530608318469122,0.06840351123842597,-0.1337095944231172,0
971,Silafluofen (Ref: HOE 084498),212,quantum_iqp_zz_linear,5,1,0.38352092535744364,0.06840351123842597,0.31511741411901767,1
972,Rhyncolure,211,quantum_iqp_zz_linear,5,0,-1.0851189332208862,0.06840351123842597,-1.1535224444593122,0
974,Clethodim (Ref: RE 45601),45,quantum_iqp_zz_linear,5,0,-0.36473620352520153,0.06840351123842597,-0.4331397147636275,0
975,"2-[7-Fluoro-3,4-dihydro-3-oxo-4-(2-propynyl)-2H-1,4-benzoxazin-6-yl]-4,5,6,7-tetrahydro-1H-isoindole-1,3(2H)-dione",66,quantum_iqp_zz_linear,5,0,-0.9071122055899143,0.06840351123842597,-0.9755157168283404,0
979,"4-(2,2-Difluoro-1,3-benzodioxol-4-yl)-1H-pyrrole-3-carbonitrile",114,quantum_iqp_zz_linear,5,0,-1.092948060027384,0.06840351123842597,-1.16135157126581,0
990,Phthalide (Ref: BAY 96610),201,quantum_iqp_zz_linear,5,0,-0.6213442352678946,0.06840351123842597,-0.6897477465063206,0
1008,Ethidimuron (Ref: MET 1486 ),76,quantum_iqp_zz_linear,5,0,-1.1143882534702767,0.06840351123842597,-1.1827917647087027,0
1010,Cyenopyrafen (Ref: NC-512 ),194,quantum_iqp_zz_linear,5,0,0.12441215152559315,0.06840351123842597,0.05600864028716718,1
1015,"3-Phenyl-5-(2-thienyl)-1,2,4-oxadiazole",191,quantum_iqp_zz_linear,5,1,-0.9534121911499753,0.06840351123842597,-1.0218157023884014,0
1027,Broflanilide (Ref: MCI-8007),185,quantum_iqp_zz_linear,5,1,1.430538025994274,0.06840351123842597,1.362134514755848,1
1032,Fenpicoxamid (Ref: XDE 777),180,quantum_iqp_zz_linear,5,0,-0.1941902008363947,0.06840351123842597,-0.2625937120748207,0
