ID,name,CID,CAS,SMILES,LABEL,SET,BUTINA_CLUSTER_ID,STRICT_CV_FOLD,MolLogP,MolWt,TPSA_SP,NumHDonors,NumRotatableBonds,NumAromaticRings,nHalogen,n_OP,LiPHEX_prediction,sasa002_frac_polar_hetero_only
2,Para-cymene,7463,99-87-6,Cc1ccc(C(C)C)cc1,0,DEVELOPMENT,460,2,3.1184200000000013,134.222,0.0,0.0,1.0,1.0,0.0,0.0,4.57335649595227,0.0
3,Benzoic acid,243,65-85-0,O=C(O)c1ccccc1,0,DEVELOPMENT,108,1,1.3848,122.12299999999996,37.3,1.0,1.0,1.0,0.0,0.0,-0.9308754335330032,0.1613297071393626
5,"S-[(1,3-Dihydro-1,3-dioxo-2H-isoindol-2-yl)methyl]O,O-dimethyl ester, Phosphorodithioic acid",12901,732-11-6,COP(=S)(OC)SCN1C(=O)c2ccccc2C1=O,1,DEVELOPMENT,31,5,2.4906000000000006,317.32800000000003,123.03999999999999,0.0,5.0,1.0,0.0,3.0,-0.1305909339963521,0.3202818218954936
6,"(2E)-3,7-Dimethyl-2,6-octadien-1-ol",637566,106-24-1,CC(C)=CCCC(C)=CCO,0,DEVELOPMENT,61,5,2.6714000000000016,154.253,20.23,1.0,4.0,0.0,0.0,0.0,1.1704398287919953,0.0374836401834934
8,Orange oil,22311,8028-48-6,C=C(C)C1CC=C(C)CC1,0,DEVELOPMENT,107,2,3.308900000000002,136.23799999999997,0.0,0.0,1.0,0.0,0.0,0.0,4.028807453409837,0.0
13,Formothion (Ref: SAN 6913I),17345,2540-82-1,COP(=S)(OC)SCC(=O)N(C)C=O,1,DEVELOPMENT,109,1,0.8516999999999999,257.27299999999997,123.03999999999999,0.0,6.0,0.0,0.0,3.0,0.5055308139675897,0.3579266787524079
15,"Phosphoric acid 2,2-dichloroethenyl dimethyl ester",3039,62-73-7,COP(=O)(OC)OC=C(Cl)Cl,1,DEVELOPMENT,458,5,2.6804000000000006,220.976,54.57000000000001,0.0,4.0,0.0,2.0,3.0,0.813318509057721,0.2650275527719233
16,2-[[Ethoxy[(1-methylethyl)amino]phosphinothioyl]oxy]benzoic acid 1-methylethyl ester,32872,25311-71-1,CCOP(=S)(NC(C)C)Oc1ccccc1C(=O)OC(C)C,1,DEVELOPMENT,93,4,3.8896000000000033,345.4010000000002,98.69000000000001,1.0,8.0,1.0,0.0,1.0,-0.2364895010165969,0.1697183293393034
18,"3-[(Dimethoxyphosphinyl)oxy]-2-butenoic acid, Methyl ester",5355863,7786-34-7,COC(=O)C=C(C)OP(=O)(OC)OC,1,DEVELOPMENT,56,2,1.4807,224.14899999999997,80.87,0.0,5.0,0.0,0.0,3.0,0.0069114152071412,0.2847845287551011
19,(2-Chloroethyl)phosphonic acid,27982,16672-87-0,O=P(O)(O)CCCl,0,DEVELOPMENT,457,4,0.4029,144.494,67.34,2.0,2.0,0.0,1.0,0.0,-3.4675509034865826,0.2793824010647875
20,Neburon,11145,555-37-3,CCCCN(C)C(=O)Nc1ccc(Cl)c(Cl)c1,0,DEVELOPMENT,3,3,4.257200000000004,275.179,32.34,1.0,4.0,1.0,2.0,0.0,0.3236949446641465,0.0742701257368511
22,"2,3,4,5,6-Pentachlorophenol",992,87-86-5,Oc1c(Cl)c(Cl)c(Cl)c(Cl)c1Cl,0,DEVELOPMENT,456,1,4.6592,266.33799999999997,20.23,1.0,0.0,1.0,5.0,0.0,0.6848437999482117,0.0660143950773826
23,Hexadecanoic acid,985,57-10-3,CCCCCCCCCCCCCCCC(=O)O,0,DEVELOPMENT,11,5,5.552300000000005,256.4299999999999,37.3,1.0,14.0,0.0,0.0,0.0,1.3617284958500406,0.0590065196102859
24,Warfarin,54678486,81-81-2,CC(=O)CC(c1ccccc1)c1c(O)c2ccccc2oc1=O,0,DEVELOPMENT,455,1,3.609600000000003,308.3330000000001,67.50999999999999,1.0,4.0,3.0,0.0,0.0,0.0720242887643096,0.1456390905084187
25,1-Naphthalenol methylcarbamate,6129,63-25-2,CNC(=O)Oc1cccc2ccccc12,1,DEVELOPMENT,12,1,2.5580000000000007,201.225,38.33,1.0,1.0,2.0,0.0,0.0,0.2064248562958885,0.1188231881020564
26,N-Dodecylguanidine acetate (1:1),17110,2439-10-3,CCCCCCCCCCCCN=C(N)N,0,DEVELOPMENT,11,5,3.1807,227.39599999999996,64.39999999999999,2.0,11.0,0.0,0.0,0.0,0.9054162275908588,0.0458497024638795
27,"3,6-Dichloro-2-methyoxybenzoic acid",3030,1918-00-9,COc1c(Cl)ccc(Cl)c1C(=O)O,0,DEVELOPMENT,53,4,2.7002000000000006,221.039,46.53,1.0,2.0,1.0,2.0,0.0,-0.818415455014356,0.1827304136910303
29,"1,8-cineole",2758,470-82-6,CC12CCC(CC1)C(C)(C)O2,0,DEVELOPMENT,453,3,2.7441000000000013,154.253,9.23,0.0,0.0,0.0,0.0,0.0,3.0407143770852447,0.0408607438482537
31,"N'-(3,4-Dichlorophenyl)-N-methoxy-N-methylurea",9502,330-55-2,CON(C)C(=O)Nc1ccc(Cl)c(Cl)c1,0,DEVELOPMENT,3,3,3.0185000000000013,249.09699999999998,41.57,1.0,2.0,1.0,2.0,0.0,0.1513393801935929,0.1351634796023808
33,5-Methyl-2-(1-methylethyl)phenol,6989,89-83-8,Cc1ccc(C(C)C)c(O)c1,0,DEVELOPMENT,452,2,2.824020000000001,150.221,20.23,1.0,1.0,1.0,0.0,0.0,0.8801981107668958,0.0368670541396633
34,"N-Butyl-N-ethyl-2,6-dinitro-4-(trifluoromethyl)benzenamine",2319,1861-40-1,CCCCN(CC)c1c([N+](=O)[O-])cc(C(F)(F)F)cc1[N+](=O)[O-],0,DEVELOPMENT,23,2,4.148200000000004,335.28200000000004,89.52,0.0,7.0,1.0,3.0,0.0,0.82593821479986,0.2144446323150032
35,"Benzoic acid, Methyl ester",7150,93-58-3,COC(=O)c1ccccc1,0,DEVELOPMENT,108,1,1.4732,136.14999999999998,26.3,0.0,1.0,1.0,0.0,0.0,1.2870142565620772,0.1346812359181654
36,"2-[(Trichloromethyl)thio]-1H-isoindole-1,3(2H)dione",8607,133-07-3,O=C1c2ccccc2C(=O)N1SC(Cl)(Cl)Cl,0,DEVELOPMENT,80,3,3.2585000000000006,296.562,62.68000000000001,0.0,1.0,1.0,3.0,0.0,1.312533446136884,0.2467240059010302
37,Carvone,7439,99-49-0,C=C(C)C1CC=C(C)C(=O)C1,0,DEVELOPMENT,177,2,2.4879000000000007,150.22099999999998,17.07,0.0,1.0,0.0,0.0,0.0,1.7158214039176392,0.0713679304218109
39,"N-(3,4-Dichlorophenyl)propanamide",4933,709-98-8,CCC(=O)Nc1ccc(Cl)c(Cl)c1,0,DEVELOPMENT,42,3,3.3419000000000016,218.08299999999997,29.1,1.0,2.0,1.0,2.0,0.0,0.4089555138753033,0.0870624063846804
41,8-hydroxyquinoline,1923,148-24-3,Oc1cccc2cccnc12,0,DEVELOPMENT,451,5,1.9403999999999995,145.16099999999997,33.120000000000005,1.0,0.0,2.0,0.0,0.0,0.1894139014594897,0.1158805022381064
42,"N'-(3,4-Dichlorophenyl)-N,N-dimethylurea",3120,330-54-1,CN(C)C(=O)Nc1ccc(Cl)c(Cl)c1,0,DEVELOPMENT,3,3,3.0869000000000018,233.09799999999998,32.34,1.0,1.0,1.0,2.0,0.0,-0.1117375088850175,0.0966211216906392
43,2-Chloro-N-(1-methylethyl)-N-phenylacetamide,4931,1918-16-7,CC(C)N(C(=O)CCl)c1ccccc1,0,DEVELOPMENT,6,1,2.666800000000001,211.69200000000004,20.310000000000002,0.0,3.0,1.0,1.0,0.0,0.1888266678365819,0.0800752349095822
44,Anethole,637563,4180-23-8,CC=Cc1ccc(OC)cc1,0,DEVELOPMENT,450,4,2.728300000000001,148.20499999999998,9.23,0.0,2.0,1.0,0.0,0.0,2.7081278410781024,0.0462851334090098
46,Parathion-methyl (Ref: OMS 213),4130,298-00-0,COP(=S)(OC)Oc1ccc([N+](=O)[O-])cc1,0,DEVELOPMENT,18,5,2.4909,263.21099999999996,112.73000000000002,0.0,5.0,1.0,0.0,3.0,0.2857960001912968,0.3488288656364286
49,Caprylic acid,379,124-07-2,CCCCCCCC(=O)O,0,DEVELOPMENT,11,5,2.4314999999999998,144.214,37.3,1.0,6.0,0.0,0.0,0.0,0.3862100490339001,0.107434440104465
50,Tetraethyl ester diphosphoric acid,7873,107-49-3,CCOP(=O)(OCC)OP(=O)(OCC)OCC,1,DEVELOPMENT,40,2,3.3652000000000024,290.189,99.91000000000003,0.0,10.0,0.0,0.0,2.0,1.1323879690142562,0.253090602640055
51,Chlorobenzilate (Ref: ENT 18596),10522,510-15-6,CCOC(=O)C(O)(c1ccc(Cl)cc1)c1ccc(Cl)cc1,1,DEVELOPMENT,75,2,3.7924000000000024,325.19100000000003,46.53,1.0,4.0,2.0,2.0,0.0,0.4676904847281619,0.0917315442548266
52,2-Furancarboxaldehyde,7362,98-01-1,O=Cc1ccco1,0,DEVELOPMENT,448,5,1.0920999999999998,96.08499999999998,30.21,0.0,1.0,1.0,0.0,0.0,-0.2434542122271884,0.2405426494350445
53,Alpha-terpinoline,11463,586-62-9,CC1=CCC(=C(C)C)CC1,0,DEVELOPMENT,447,1,3.453000000000002,136.238,0.0,0.0,0.0,0.0,0.0,0.0,4.406977396532444,0.0
55,Alpha-terpineol,17100,98-55-5,CC1=CCC(C(C)(C)O)CC1,0,DEVELOPMENT,107,2,2.503700000000001,154.25299999999996,20.23,1.0,1.0,0.0,0.0,0.0,0.620652123934033,0.0356531249680375
57,Linalool,6549,78-70-6,C=CC(C)(O)CCC=C(C)C,0,DEVELOPMENT,61,5,2.6698000000000013,154.253,20.23,1.0,4.0,0.0,0.0,0.0,1.2718794213983846,0.0309526233443786
58,Nonanoic acid,8158,112-05-0,CCCCCCCCC(=O)O,0,DEVELOPMENT,11,5,2.821600000000001,158.241,37.3,1.0,7.0,0.0,0.0,0.0,0.7269374383000716,0.0989940199831791
59,Myristyl alcohol,8209,112-72-1,CCCCCCCCCCCCCCO,0,DEVELOPMENT,11,5,4.679800000000005,214.39299999999994,20.23,1.0,12.0,0.0,0.0,0.0,3.2910827455596845,0.0232413822567084
60,"3-(2-Chloro-3,3,3-trifluoro-1-propenyl)-2,2-dimethylcyclopropanecarboxylic acid cyano(3-phenoxyphenyl)methyl ester",5281873,68085-85-8,CC1(C)C(C=C(Cl)C(F)(F)F)C1C(=O)OC(C#N)c1cccc(Oc2ccccc2)c1,1,DEVELOPMENT,4,4,6.543980000000005,449.8560000000001,59.32000000000001,0.0,6.0,2.0,4.0,0.0,0.0535790638605541,0.1094834397964171
62,Methyleugenol (Ref: Ent 21040),7127,93-15-2,C=CCc1ccc(OC)c(OC)c1,0,DEVELOPMENT,82,4,2.4323000000000006,178.23099999999997,18.46,0.0,4.0,1.0,0.0,0.0,-0.4357395395582241,0.0801968425322627
65,"2-[(Dimethoxyphosphinothioyl)thio]butanedioic acid 1,4-diethyl ester",4004,121-75-5,CCOC(=O)CC(SP(=S)(OC)OC)C(=O)OCC,1,DEVELOPMENT,168,1,2.1218000000000004,330.3640000000001,138.26,0.0,9.0,0.0,0.0,3.0,-0.1039642984758476,0.2896180382553118
66,Capsaicin (Ref: NCI-C56564),1548943,404-86-4,COc1cc(CNC(=O)CCCCC=CC(C)C)ccc1O,1,DEVELOPMENT,82,4,3.789600000000003,305.418,58.56,2.0,9.0,1.0,0.0,0.0,-1.355857699960643,0.0905966708882157
67,1-Methyl-2-pyrrolidinone,13387,872-50-4,CN1CCCC1=O,0,DEVELOPMENT,446,2,0.23859999999999992,99.133,20.310000000000002,0.0,0.0,0.0,0.0,0.0,-1.047627675331472,0.1335703628007176
68,"1,2,3,4-Tetrahydronaphthalene",8404,119-64-2,c1ccc2c(c1)CCCC2,1,DEVELOPMENT,445,1,2.5654000000000003,132.206,0.0,0.0,0.0,1.0,0.0,0.0,3.633363199740888,0.0
69,2-phenylphenol,7017,90-43-7,Oc1ccccc1-c1ccccc1,0,DEVELOPMENT,444,4,3.0592000000000015,170.211,20.23,1.0,1.0,2.0,0.0,0.0,1.6109579113898878,0.0471514739685133
70,"As,As-Dimethylarsinic acid",2513,75-60-5,C[As](C)(=O)O,0,DEVELOPMENT,166,1,0.11099999999999993,137.998,37.3,1.0,0.0,0.0,0.0,0.0,0.5906440611718405,0.210190003983408
72,"2-(1-Methylethoxy)phenol, 1-(N-Methylcarbamate)",4944,114-26-1,CNC(=O)Oc1ccccc1OC(C)C,1,DEVELOPMENT,12,1,2.192,209.24499999999998,47.56,1.0,3.0,1.0,0.0,0.0,-0.4058662626550041,0.1424872803906549
75,"2-Aminobenzoic acid, Methyl ester",8635,134-20-3,COC(=O)c1ccccc1N,0,DEVELOPMENT,108,1,1.0554,151.16499999999996,52.32,1.0,1.0,1.0,0.0,0.0,-0.2264006262599066,0.1382650320821103
76,Pentacosane,12406,629-99-2,CCCCCCCCCCCCCCCCCCCCCCCCC,0,DEVELOPMENT,11,5,9.998499999999995,352.69100000000014,0.0,0.0,22.0,0.0,0.0,0.0,6.554140929375176,0.0
78,Trichlorfon (Ref: OMS 800),5853,52-68-6,COP(=O)(OC)C(O)C(Cl)(Cl)Cl,1,DEVELOPMENT,443,3,2.1609000000000003,257.437,65.57000000000001,1.0,3.0,0.0,3.0,1.0,-0.5548994030085918,0.2340776483260781
79,Methoxychlor (Ref: OMS 466),4115,72-43-5,COc1ccc(C(c2ccc(OC)cc2)C(Cl)(Cl)Cl)cc1,1,DEVELOPMENT,175,5,5.205900000000003,345.653,18.46,0.0,4.0,2.0,3.0,0.0,0.6072181285989954,0.0570709278291155
81,Tridemorph (Ref: BAS 2205-F),32518,81412-43-3,CCCCCCCCCCCCCN1CC(C)OC(C)C1,0,DEVELOPMENT,441,2,5.406600000000005,297.527,12.47,0.0,12.0,0.0,0.0,0.0,3.938351023444468,0.0314828522550611
83,DDT (Ref: OMS 16),3036,50-29-3,Clc1ccc(C(c2ccc(Cl)cc2)C(Cl)(Cl)Cl)cc1,1,DEVELOPMENT,60,4,6.495500000000002,354.491,0.0,0.0,2.0,2.0,5.0,0.0,4.109428466498469,0.0
84,Ethion (Ref: ENT 24105),3286,563-12-2,CCOP(=S)(OCC)SCSP(=S)(OCC)OCC,1,DEVELOPMENT,9,4,5.005300000000004,384.4870000000002,171.32,0.0,12.0,0.0,0.0,6.0,0.0708995773729962,0.293900137257672
85,"Phosphorothioic acid O,O-diethyl O-2-quinoxalinyl ester  ",26124,13593-03-8,CCOP(=S)(OCC)Oc1cnc2ccccc2n1,1,DEVELOPMENT,17,5,3.3061000000000016,298.30400000000003,95.37,0.0,6.0,2.0,0.0,3.0,1.2510619223956752,0.2340015626328293
86,"Phosphorodithioic acid O,O-diethyl S-[(4-oxo-1,2,3-benzotriazin-3(4H)-yl)methyl] ester",17531,2642-71-9,CCOP(=S)(OCC)SCn1nnc2ccccc2c1=O,1,DEVELOPMENT,174,4,2.779700000000001,345.3860000000001,133.44,0.0,7.0,2.0,0.0,3.0,0.2731409192310255,0.2850325482418688
87,As-(4-Aminophenyl)arsonic acid,7389,98-50-0,Nc1ccc([As](=O)(O)O)cc1,0,DEVELOPMENT,439,3,-1.1702000000000004,217.056,83.55000000000001,3.0,1.0,1.0,0.0,0.0,0.8941480206626476,0.2274269041603887
88,1-Naphthaleneacetic acid,6862,86-87-3,O=C(O)Cc1cccc2ccccc12,0,DEVELOPMENT,12,1,2.4669000000000008,186.21,37.3,1.0,2.0,2.0,0.0,0.0,0.4200293789862251,0.114745088644429
89,2-Chloro-N-(ethoxymethyl)-N-(2-ethyl-6-methylphenyl)acetamide,1988,34256-82-1,CCOCN(C(=O)CCl)c1c(C)cccc1CC,0,DEVELOPMENT,6,1,3.1232200000000017,269.772,29.54,0.0,6.0,1.0,1.0,0.0,0.9286923513896224,0.0805188118348878
90,Chlormephos (Ref: MC 2188),32739,24934-91-6,CCOP(=S)(OCC)SCCl,1,DEVELOPMENT,9,4,3.213400000000002,234.70999999999998,85.66,0.0,6.0,0.0,1.0,3.0,0.5007601064631052,0.2490681624251334
92,Penconazole (Ref: CGA 71818),91693,66246-88-6,CCCC(Cn1cncn1)c1ccc(Cl)cc1Cl,1,DEVELOPMENT,27,3,4.168800000000003,284.19,30.71,0.0,5.0,2.0,2.0,0.0,0.9329154469423436,0.0873767273274773
93,Dichlone (Ref: USR 604),8342,117-80-6,O=C1C(Cl)=C(Cl)C(=O)c2ccccc21,0,DEVELOPMENT,165,3,2.7548000000000004,227.04600000000002,34.14,0.0,0.0,1.0,2.0,0.0,1.4114727496042618,0.1670759224728935
95,5-Amino-4-chloro-2-phenyl-3(2H)-pyridazinone,15546,1698-60-8,Nc1cnn(-c2ccccc2)c(=O)c1Cl,0,DEVELOPMENT,161,4,1.4681,221.647,60.91,1.0,1.0,2.0,1.0,0.0,-0.3918157026263861,0.1530876709623812
96,"Phosphorothioic acid, O,O-Dimethyl O-(2,4,5-trichlorophenyl)ester",9298,299-84-3,COP(=S)(OC)Oc1cc(Cl)c(Cl)cc1Cl,1,DEVELOPMENT,18,5,4.542900000000002,321.549,69.59,0.0,4.0,1.0,3.0,3.0,0.175842934959248,0.2121287752628607
97,"3,5-Dimethyl-4-(methylthio)phenol, Methylcarbamate",16248,2032-65-7,CNC(=O)Oc1cc(C)c(SC)c(C)c1,1,DEVELOPMENT,30,2,2.743540000000001,225.313,63.629999999999995,1.0,2.0,1.0,0.0,0.0,0.3703167784470567,0.1538636079135271
98,Verbenone,29025,80-57-9,CC1=CC(=O)C2CC1C2(C)C,0,DEVELOPMENT,438,5,2.1776999999999997,150.22099999999998,17.07,0.0,0.0,0.0,0.0,0.0,1.2715169995396851,0.071824105748831
100,"O,O-Dimethyl S-[2-(methylamino)-2-oxoethyl]phosphorodithioic acid ester",3082,60-51-5,CNC(=O)CSP(=S)(OC)OC,1,DEVELOPMENT,31,5,0.9828999999999999,229.26299999999998,114.76000000000002,1.0,5.0,0.0,0.0,3.0,0.4524298523058329,0.3191735316315766
101,"1-(4-Chlorophenoxy)-3,3-dimethyl-1-(1H-1,2,4-triazol-1-yl)-2-butanone",39385,43121-43-3,CC(C)(C)C(=O)C(Oc1ccc(Cl)cc1)n1cncn1,0,DEVELOPMENT,27,3,3.1243000000000016,293.754,57.010000000000005,0.0,4.0,2.0,1.0,0.0,0.903484601416476,0.1554430416813598
102,(3-Methylphenyl)carbamic acid 3-[(methoxycarbonyl)amino]phenyl ester,24744,13684-63-4,COC(=O)Nc1cccc(OC(=O)Nc2cccc(C)c2)c1,0,DEVELOPMENT,15,4,3.784220000000002,300.314,76.66,2.0,3.0,2.0,0.0,0.0,-0.7180973748553563,0.1612778745229473
105,Rotenone (Ref: ENT 133),6758,83-79-4,C=C(C)C1Cc2c(ccc3c2OC2COc4cc(OC)c(OC)cc4C2C3=O)O1,1,DEVELOPMENT,437,5,3.7033000000000023,394.4230000000001,63.22,0.0,3.0,2.0,0.0,0.0,-0.560662915172737,0.1504669404377789
106,"Phosphorothioic acid, O,O-Diethyl-O-(4-nitrophenyl)ester",991,56-38-2,CCOP(=S)(OCC)Oc1ccc([N+](=O)[O-])cc1,1,DEVELOPMENT,18,5,3.2711000000000023,291.265,112.73000000000002,0.0,7.0,1.0,0.0,3.0,1.2128794007384445,0.2872320991524159
108,2-aminobutane,24874,13952-84-6,CCC(C)N,0,DEVELOPMENT,436,2,0.7436,73.13900000000001,26.02,1.0,1.0,0.0,0.0,0.0,-0.6005751104969008,0.0311647525099408
110,DNOC (Ref: ENT 154),10800,534-52-1,Cc1cc([N+](=O)[O-])cc([N+](=O)[O-])c1O,0,DEVELOPMENT,41,1,1.5170199999999998,198.134,106.51,1.0,2.0,1.0,0.0,0.0,-0.8325433388253117,0.4149466493546236
111,"1,2,3,4,5-Pentachloro-6-nitrobenzene",6720,82-68-8,O=[N+]([O-])c1c(Cl)c(Cl)c(Cl)c(Cl)c1Cl,0,DEVELOPMENT,106,5,4.8618,295.336,43.14,0.0,1.0,1.0,5.0,0.0,0.8409021911930036,0.2188145196531646
112,"S-[2-(Ethylthio)ethyl]O,O-dimethyl ester phosphorodithioc acid",12541,640-15-3,CCSCCSP(=S)(OC)OC,1,DEVELOPMENT,9,4,2.990000000000001,246.35899999999998,110.96000000000001,0.0,7.0,0.0,0.0,3.0,0.6666618165079848,0.2708458202298827
114,1-naphthylacetamide,6861,86-86-2,NC(=O)Cc1cccc2ccccc12,0,DEVELOPMENT,173,2,1.8676,185.226,43.09,1.0,2.0,2.0,0.0,0.0,1.044106155838899,0.0841475262471628
115,Tribenuron-methyl (Ref: DPX L5300),153909,101200-48-0,COC(=O)c1ccccc1S(=O)(=O)NC(=O)N(C)c1nc(C)nc(OC)n1,1,DEVELOPMENT,2,2,0.5099199999999997,395.39700000000016,149.06,1.0,5.0,2.0,0.0,0.0,0.4513308428129582,0.3036877603623635
116,Streptomycin sulphate,44134949,3810-74-0,CNC1C(OC2C(OC3C(O)C(O)C(N=C(N)N)C(O)C3N=C(N)N)OC(C)C2(O)C=O)OC(CO)C(O)C1O,0,DEVELOPMENT,434,5,-8.161100000000008,581.5800000000005,336.43000000000006,12.0,9.0,0.0,0.0,0.0,-2.75414350649087,0.2150977863626046
117,Piperonyl butoxide (Ref: ENT 14250),5794,51-03-6,CCCCOCCOCCOCc1cc2c(cc1CCC)OCO2,0,DEVELOPMENT,433,4,3.7177000000000024,338.44400000000013,46.150000000000006,0.0,13.0,1.0,0.0,0.0,-0.4038444443467928,0.1070435480027867
118,2-naphthyloxyacetic acid,8422,120-23-0,O=C(O)COc1ccc2ccccc2c1,0,DEVELOPMENT,172,2,2.3032000000000004,202.209,46.53,1.0,3.0,2.0,0.0,0.0,-0.453160476662365,0.155334778269696
119,Metsulfuron-methyl (Ref: DPX T6376),52999,74223-64-6,COC(=O)c1ccccc1S(=O)(=O)NC(=O)Nc1nc(C)nc(OC)n1,0,DEVELOPMENT,0,4,0.48561999999999983,381.3700000000001,157.84999999999997,2.0,5.0,2.0,0.0,0.0,-0.2840510851042188,0.3238774925855812
123,"Phosphorodithioic acid S-[[(1,1-dimethylethyl)thio]O,O-diethylmethyl]ester",25670,13071-79-9,CCOP(=S)(OCC)SCSC(C)(C)C,1,DEVELOPMENT,9,4,4.506300000000004,288.44,110.96,0.0,7.0,0.0,0.0,3.0,0.7070181146255172,0.2186881992638996
125,[2-[[[1-(4-Chlorophenyl)-1H-pyrazol-3-yl]oxy]methyl]phenyl]methoxycarbamic acid methyl ester,6422843,175013-18-0,COC(=O)N(OC)c1ccccc1COc1ccn(-c2ccc(Cl)cc2)n1,0,DEVELOPMENT,111,3,4.238900000000004,387.82300000000004,65.82,0.0,6.0,3.0,1.0,0.0,-1.0569604033601891,0.1503602727301515
129,Abamectin (Ref: MK 936),6435890,71751-41-2,CCC(C)C1OC2(C=CC1C)CC1CC(CC=C(C)C(OC3CC(OC)C(OC4CC(OC)C(O)C(C)O4)C(C)O3)C(C)C=CC=C3COC4C(O)C(C)=CC(C(=O)O1)C34O)O2,1,DEVELOPMENT,58,1,5.377400000000007,873.0900000000003,170.06,3.0,8.0,0.0,0.0,0.0,-0.8367220993540396,0.1185185790996395
130,"1-[2-(2,4-Dichlorophenyl)-3-(1,1,2,2-tetrafluoroethoxy)propyl]-1H-1,2,4-triazole",80277,112281-77-3,FC(F)C(F)(F)OCC(Cn1cncn1)c1ccc(Cl)cc1Cl,0,DEVELOPMENT,171,5,4.2432000000000025,372.1490000000001,39.94,0.0,7.0,2.0,6.0,0.0,2.074402954581915,0.1109060168430638
131,"O,P'-DDT",13089,789-02-6,Clc1ccc(C(c2ccccc2Cl)C(Cl)(Cl)Cl)cc1,1,DEVELOPMENT,170,4,6.495500000000002,354.491,0.0,0.0,2.0,2.0,5.0,0.0,4.109428466498469,0.0
132,"Phosphorothioic acid O,O-dimethyl O-(3-methyl-4-nitrophenyl)ester",31200,122-14-5,COP(=S)(OC)Oc1ccc([N+](=O)[O-])c(C)c1,1,DEVELOPMENT,18,5,2.7993200000000007,277.238,112.73000000000002,0.0,5.0,1.0,0.0,3.0,0.1637771845092783,0.3161288872368137
133,"Phosphoric acid 1,2-dibromo-2,2-dichloroethyl dimethyl ester",4420,300-76-5,COP(=O)(OC)OC(Br)C(Cl)(Cl)Br,1,DEVELOPMENT,432,1,3.651200000000001,380.784,54.57000000000001,0.0,5.0,0.0,4.0,3.0,0.9823926661284956,0.2236207881315832
134,"N-Phenylcarbamic acid, 1-Methylethyl ester",24685,122-42-9,CC(C)OC(=O)Nc1ccccc1,0,DEVELOPMENT,15,4,2.6435000000000013,179.21900000000002,38.33,1.0,2.0,1.0,0.0,0.0,1.682135181295915,0.1115274669130926
138,Flurochloridone (Ref: R 40244),91677,61213-25-0,O=C1C(Cl)C(CCl)CN1c1cccc(C(F)(F)F)c1,0,DEVELOPMENT,431,4,3.514400000000002,312.118,20.310000000000002,0.0,2.0,1.0,5.0,0.0,1.197563774017541,0.0706621996426917
140,Tribufos,5125,78-48-8,CCCCSP(=O)(SCCCC)SCCCC,0,DEVELOPMENT,40,2,6.694400000000005,314.5220000000001,102.78,0.0,12.0,0.0,0.0,3.0,3.4192407921185954,0.1690136277437004
141,"2,6-Dichloro-4-nitrobenzenamine",7430,99-30-9,Nc1c(Cl)cc([N+](=O)[O-])cc1Cl,0,DEVELOPMENT,106,5,2.4838000000000005,207.016,69.16,1.0,1.0,1.0,2.0,0.0,0.0621649741255374,0.2391817941140107
142,Cyclosulfamuron (Ref: BAS 710H),6451137,136849-15-5,COc1cc(OC)nc(NC(=O)NS(=O)(=O)Nc2ccccc2C(=O)C2CC2)n1,0,DEVELOPMENT,0,4,1.5648999999999997,421.4350000000002,156.99,3.0,8.0,2.0,0.0,0.0,-0.1123893912611938,0.2626537759204236
144,"2-Cyclohexyl-4,6-dinitrophenol",8540,131-89-5,O=[N+]([O-])c1cc(C2CCCCC2)c(O)c([N+](=O)[O-])c1,0,DEVELOPMENT,41,1,3.256300000000002,266.25299999999993,106.51000000000002,1.0,3.0,1.0,0.0,0.0,0.8122643246950382,0.262451126309821
145,"2-[(1,1-Dimethylethyl)imino]tetrahydro-3-(1-methylethyl)-5-phenyl-4H-1,3,5-thiadiazin-4-one",50367,69327-76-0,CC(C)N1C(=O)N(c2ccccc2)CSC1=NC(C)(C)C,0,DEVELOPMENT,430,3,4.1822000000000035,305.4470000000001,61.21000000000001,0.0,2.0,1.0,0.0,0.0,1.3995539630225569,0.1159281980770153
146,"1,4,5,6,7,8,8-Heptachloro-3a,4,7,7a-tetrahydro-4,7-methano-1H-indene",3589,76-44-8,ClC1=C(Cl)C2(Cl)C3C(Cl)C=CC3C1(Cl)C2(Cl)Cl,1,DEVELOPMENT,59,3,5.241500000000001,373.321,0.0,0.0,0.0,0.0,7.0,0.0,4.437961900065996,0.0
147,"2-(2,4,5-Trichlorophenoxy)acetic acid, Butyl ester",7161,93-79-8,CCCCOC(=O)COc1cc(Cl)c(Cl)cc1Cl,0,DEVELOPMENT,16,3,4.368900000000003,311.592,35.53,0.0,6.0,1.0,3.0,0.0,0.2703927124120384,0.1173920780586074
148,"(1R,4S,4aS,5S,8R,8aR)-rel-1,2,3,4,10,10-Hexachloro-1,4,4a,5,8,8a-hexahydro-1,4:5,8-dimethanonaphthalene",2087,309-00-2,ClC1=C(Cl)C2(Cl)C3C4C=CC(C4)C3C1(Cl)C2(Cl)Cl,1,DEVELOPMENT,59,3,5.270200000000002,364.914,0.0,0.0,0.0,0.0,6.0,0.0,4.67299160796819,0.0
149,Tecnazene,8330,117-18-0,O=[N+]([O-])c1c(Cl)c(Cl)cc(Cl)c1Cl,0,DEVELOPMENT,106,5,4.2084,260.891,43.14,0.0,1.0,1.0,4.0,0.0,1.3671449056612344,0.2260465670699397
150,"Phosphoric acid, Dimethyl 4-nitrophenyl ester",13708,950-35-6,COP(=O)(OC)Oc1ccc([N+](=O)[O-])cc1,1,DEVELOPMENT,55,5,2.3745000000000003,247.143,97.71000000000001,0.0,5.0,1.0,0.0,3.0,0.9705649947307364,0.3361900337790161
152,Oxytetracycline,54675779,79-57-2,CN(C)C1C(=O)C(C(N)=O)=C(O)C2(O)C(=O)C3=C(O)c4c(O)cccc4C(C)(O)C3C(O)C12,0,DEVELOPMENT,429,5,-1.4001999999999974,460.43900000000014,201.84999999999997,7.0,2.0,1.0,0.0,0.0,-2.5444648487126407,0.2080182973328653
153,Dinobuton (Ref: OMS 1056),13783,973-21-7,CCC(C)c1cc([N+](=O)[O-])cc([N+](=O)[O-])c1OC(=O)OC(C)C,0,DEVELOPMENT,41,1,3.9403000000000032,326.30500000000006,121.81000000000002,0.0,6.0,1.0,0.0,0.0,0.1366936122360157,0.2837149602399669
154,"(1aR,2R,2aS,3S,6R,6aR,7S,7aS)-rel-3,4,5,6,9,9-Hexachloro-1a,2,2a,3,6,6a,7,7a-octahydro-2,7:3,6-dimethanonaphth[2,3-b]oxirene ",969491,60-57-1,ClC1=C(Cl)C2(Cl)C3C4CC(C5OC45)C3C1(Cl)C2(Cl)Cl,1,DEVELOPMENT,59,3,4.481400000000002,380.913,12.53,0.0,0.0,0.0,6.0,0.0,3.3944579136600623,0.0422411340187462
155,"2-(1-Methylpropyl)-4,6-dinitrophenol",6950,88-85-7,CCC(C)c1cc([N+](=O)[O-])cc([N+](=O)[O-])c1O,0,DEVELOPMENT,41,1,2.7221000000000015,240.21499999999997,106.51,1.0,4.0,1.0,0.0,0.0,1.163832392956017,0.3141749697019349
156,"O,O-Diethyl S-[2-(ethylsulfanyl)ethyl] phosphorothioate",24723,126-75-0,CCOP(=O)(OCC)SCCSCC,1,DEVELOPMENT,9,4,3.653800000000002,258.34499999999997,95.94,0.0,9.0,0.0,0.0,3.0,0.3709655306346461,0.2160302619655117
157,"2-Chloro-N-[[(4-methoxy-6-methyl-1,3,5-triazin-2-yl)amino]carbonyl]benzenesulfonamide",47491,64902-72-3,COc1nc(C)nc(NC(=O)NS(=O)(=O)c2ccccc2Cl)n1,0,DEVELOPMENT,0,4,1.3524199999999997,357.77900000000005,131.55,2.0,4.0,2.0,1.0,0.0,-0.4089097088825344,0.3027722006389246
158,"alpha-(4-(1,1,3,3-Tetramethylbutyl)phenyl)-omega-hydroxypoly(oxy-1,2-ethanediyl)",5590,9002-93-1,CC(C)(C)CC(C)(C)c1ccc(OCCO)cc1,0,DEVELOPMENT,428,3,3.7715000000000023,250.38199999999998,29.46,1.0,5.0,1.0,0.0,0.0,1.0017567300734638,0.0530027233797202
159,"3-(2,2-Dichloroethenyl)-2,2-dimethylcyclopropanecarboxylic acid, (3-Phenoxyphenyl)methyl ester",40326,52645-53-1,CC1(C)C(C=C(Cl)Cl)C1C(=O)OCc1cccc(Oc2ccccc2)c1,1,DEVELOPMENT,4,4,6.113300000000004,391.2940000000001,35.53,0.0,6.0,2.0,2.0,0.0,0.2501527387986744,0.0810607453017032
161,"N,N-Bis(1-methylethyl)carbamothioic acid, S-(2,3,3-trichloro-2-propen-1-yl) ester",5543,2303-17-5,CC(C)N(C(=O)SCC(Cl)=C(Cl)Cl)C(C)C,0,DEVELOPMENT,427,5,4.843900000000003,304.6700000000001,45.61,0.0,4.0,0.0,3.0,0.0,1.6560463573292514,0.1034678989153494
163,"O,O'-(Thiodi-4,1-phenylene) O,O,O',O'-tetramethyl ester phosphorothioic acid",5392,3383-96-8,COP(=S)(OC)Oc1ccc(Sc2ccc(OP(=S)(OC)OC)cc2)cc1,1,DEVELOPMENT,18,5,5.630000000000004,466.47900000000016,164.48,0.0,10.0,2.0,0.0,6.0,-0.3113203940240379,0.2636544315074786
165,"O,O-Diethyl O-[6-methyl-2-(1-methylethyl)-4-pyrimidinyl] ester phosphorothioic acid",3017,333-41-5,CCOP(=S)(OCC)Oc1cc(C)nc(C(C)C)n1,1,DEVELOPMENT,17,5,3.5847200000000026,304.35200000000003,95.37,0.0,7.0,1.0,0.0,3.0,1.1842477258468438,0.1985825892531259
166,Fosetyl,6328134,15845-66-6,CCO[P+](=O)[O-],0,DEVELOPMENT,425,2,0.04059999999999997,108.03299999999999,49.36,0.0,2.0,0.0,0.0,0.0,-1.2438351337593754,0.4432106906109365
167,Chlorthion (Ref: BAY 22/190 ),10372,500-28-7,COP(=S)(OC)Oc1ccc([N+](=O)[O-])c(Cl)c1,1,DEVELOPMENT,18,5,3.144300000000001,297.65599999999995,112.73000000000002,0.0,5.0,1.0,1.0,3.0,0.2225563504496834,0.339008825887722
168,"2-Chloro-9-hydroxy-9H-fluorene-9-carboxylic acid, Methyl ester",17334,2536-31-4,COC(=O)C1(O)c2ccccc2-c2ccc(Cl)cc21,0,DEVELOPMENT,424,1,2.729300000000001,274.70300000000003,46.53,1.0,1.0,2.0,1.0,0.0,0.2590419322948522,0.1203787886296004
169,Demeton-O-methyl (Ref: ENT 18862),13346,867-27-6,CCSCCOP(=S)(OC)OC,1,DEVELOPMENT,9,4,2.2734000000000005,230.291,94.89000000000001,0.0,7.0,0.0,0.0,3.0,0.63451148564518,0.2528200439702412
170,"1,1'-(2,2-Dichloroethylidene)bis[4-ethylbenzene",6295,72-56-0,CCc1ccc(C(c2ccc(CC)cc2)C(Cl)Cl)cc1,1,DEVELOPMENT,60,4,5.747000000000004,307.264,0.0,0.0,5.0,2.0,2.0,0.0,5.031567823370049,0.0
171,Dinocap (Ref: ENT 24727),5284389,39300-45-3,CC=CC(=O)Oc1c(C(C)CCCCCC)cc([N+](=O)[O-])cc1[N+](=O)[O-],1,DEVELOPMENT,41,1,5.058400000000006,364.398,112.58000000000001,0.0,10.0,1.0,0.0,0.0,1.3149189735999334,0.2136536333806932
172,"Thiodiphosphoric acid, Tetrapropyl ester",18609,3244-90-4,CCCOP(=S)(OCCC)OP(=S)(OCCC)OCCC,0,DEVELOPMENT,423,5,5.158400000000005,378.4330000000002,129.95000000000002,0.0,14.0,0.0,0.0,2.0,-0.5210221943997044,0.2150730536782716
173,Chlorbenside (Ref: ENT 20696),7639,103-17-3,Clc1ccc(CSc2ccc(Cl)cc2)cc1,0,DEVELOPMENT,52,3,5.285700000000003,269.196,25.3,0.0,3.0,2.0,2.0,0.0,3.8386342589830336,0.0550669905398542
175,"Phosphorothioic acid, S-[2-(Ethylsulfinyl)ethyl] O,O-dimethyl ester",4618,301-12-2,CC[S+]([O-])CCSP(=O)(OC)OC,1,DEVELOPMENT,38,3,1.8890999999999998,246.28999999999996,93.70000000000002,0.0,7.0,0.0,0.0,3.0,-1.1069046456958445,0.2964988639113444
176,"N'-(4-chlorophenyl)-N,N-dimethylurea",8800,150-68-5,CN(C)C(=O)Nc1ccc(Cl)cc1,0,DEVELOPMENT,3,3,2.4335000000000004,198.653,32.34,1.0,1.0,1.0,1.0,0.0,-0.138698093314943,0.1000167734165763
177,"Phosphorodithioic acid O-ethyl S,S-dipropyl ester",3289,13194-48-4,CCCSP(=O)(OCC)SCCC,1,DEVELOPMENT,40,2,4.417400000000004,242.34599999999995,86.71,0.0,8.0,0.0,0.0,3.0,2.0663935817805594,0.2056759266081052
178,"N-(3-Chlorophenyl)carbamic acid, 1-Methylethyl ester",2728,101-21-3,CC(C)OC(=O)Nc1cccc(Cl)c1,0,DEVELOPMENT,54,4,3.2969000000000017,213.66400000000002,38.33,1.0,2.0,1.0,1.0,0.0,1.7153734275802857,0.1091796191050662
179,Myristyl acetate,12531,638-59-5,CCCCCCCCCCCCCCOC(C)=O,0,DEVELOPMENT,11,5,5.250600000000005,256.42999999999995,26.3,0.0,13.0,0.0,0.0,0.0,2.451379690185272,0.0588385554314637
181,Demeton (Ref: ENT 17295),24722,8065-48-3,CCOP(=S)(OCC)OCCSCC,1,DEVELOPMENT,9,4,3.053600000000001,258.3449999999999,94.89,0.0,9.0,0.0,0.0,3.0,0.6499754712507856,0.2074076417060341
182,"O,O-Dimethyl S-[(4-oxo-1,2,3-benzotriazin-3(4H)-yl)methyl] ester, Phosphorodithioic acid",2268,86-50-0,COP(=S)(OC)SCn1nnc2ccccc2c1=O,1,DEVELOPMENT,31,5,1.9994999999999998,317.33200000000005,133.44,0.0,5.0,2.0,0.0,3.0,0.5023478135870695,0.3343208265189611
183,"2,2-Dichloropropanoic acid",6418,75-99-0,CC(Cl)(Cl)C(=O)O,0,DEVELOPMENT,422,4,1.2648,142.969,37.3,1.0,1.0,0.0,2.0,0.0,-1.6026505140801184,0.1964994227516901
184,Beta-cypermethrin (Ref: OMS 3068),93357,65731-84-2,CC1(C)C(C=C(Cl)Cl)C1C(=O)OC(C#N)c1cccc(Oc2ccccc2)c1,1,DEVELOPMENT,4,4,6.177980000000004,416.30400000000014,59.32000000000001,0.0,6.0,2.0,2.0,0.0,0.1006085407211071,0.1145680578360897
186,"O,O-Dimethyl O-[3-methyl-4-(methylthio)phenyl]ester phosphorothioic acid",3346,55-38-9,COP(=S)(OC)Oc1ccc(SC)c(C)c1,1,DEVELOPMENT,18,5,3.6130200000000023,278.335,94.89,0.0,5.0,1.0,0.0,3.0,0.5701484824312083,0.2220892934673176
187,"Phosphorodithioic acid, O,O-Diethyl-S-[2-(ethylthio)ethyl] ester",3118,298-04-4,CCOP(=S)(OCC)SCCSCC,1,DEVELOPMENT,9,4,3.7702000000000027,274.413,110.96,0.0,9.0,0.0,0.0,3.0,0.4774548674416718,0.226273721988179
192,"6-Chloro-N,N'-diethyl-1,3,5-triazine-2,4-diamine",5216,122-34-9,CCNc1nc(Cl)nc(NCC)n1,0,DEVELOPMENT,8,3,1.3885999999999998,201.661,62.730000000000004,2.0,4.0,1.0,1.0,0.0,-0.6569289585258801,0.1655693929662448
193,"S-[2-(Ethylthio)ethyl]O,O-dimethyl ester phosphorothioic acid",13526,919-86-8,CCSCCSP(=O)(OC)OC,1,DEVELOPMENT,9,4,2.8736000000000015,230.29099999999997,95.94000000000001,0.0,7.0,0.0,0.0,3.0,0.6817769946229081,0.2608710595705346
195,"Phosphorodithioic acid S-[(5-methoxy-2-oxo-1,3,4-thiadiazol-3(2H)yl)methyl] O,O-dimethyl ester",13709,950-37-8,COc1nn(CSP(=S)(OC)OC)c(=O)s1,1,DEVELOPMENT,31,5,1.5213999999999999,302.339,158.02,0.0,6.0,1.0,0.0,3.0,0.4570154563017921,0.4161545917886552
196,"6-Chloro-N2,N4-bis(1-methylethyl)-1,3,5-triazine-2,4-diamine",4937,139-40-2,CC(C)Nc1nc(Cl)nc(NC(C)C)n1,0,DEVELOPMENT,8,3,2.1655999999999995,229.71500000000003,62.730000000000004,2.0,4.0,1.0,1.0,0.0,-0.6550959316539866,0.1326930998624045
197,"alpha-[(Dimethoxyphosphinothioyl)thio] benzeneacetic acid, Ethyl ester",17435,2597-03-7,CCOC(=O)C(SP(=S)(OC)OC)c1ccccc1,1,DEVELOPMENT,168,1,3.5413000000000023,320.37199999999996,111.96000000000001,0.0,7.0,1.0,0.0,3.0,0.0716181588150866,0.2414747059423052
198,"2,3,6-TBA (Ref: HC 1281)",5759,50-31-7,O=C(O)c1c(Cl)ccc(Cl)c1Cl,0,DEVELOPMENT,53,4,3.3450000000000006,225.458,37.3,1.0,1.0,1.0,3.0,0.0,-0.2003053511482902,0.1544214958418963
201,"O,O-Diethyl S-[(ethylthio)methyl])ester, Phosphorodithioic acid",4790,298-02-2,CCOP(=S)(OCC)SCSCC,1,DEVELOPMENT,9,4,3.727700000000003,260.38599999999997,110.96,0.0,8.0,0.0,0.0,3.0,0.4909423063804786,0.2502036387559105
202,Methazole (Ref: VCS-438),4690,20354-26-1,Cn1c(=O)on(-c2ccc(Cl)c(Cl)c2)c1=O,0,DEVELOPMENT,421,3,1.4359999999999997,261.064,57.14,0.0,1.0,2.0,2.0,0.0,0.602095273548591,0.2369910132506863
205,Binapacryl (Ref: FMC 9044),10234,485-31-4,CCC(C)c1cc([N+](=O)[O-])cc([N+](=O)[O-])c1OC(=O)C=C(C)C,0,DEVELOPMENT,41,1,3.888100000000003,322.31700000000006,112.58000000000001,0.0,6.0,1.0,0.0,0.0,1.5071266270715,0.2593261874758947
206,Dichlobenil (Ref: H 133),3031,1194-65-6,N#Cc1c(Cl)cccc1Cl,1,DEVELOPMENT,125,4,2.8650800000000007,172.01399999999998,23.79,0.0,0.0,1.0,2.0,0.0,0.4237228464353038,0.1133911626165165
208,Dialifos (Ref: AC 14503),25146,10311-84-9,CCOP(=S)(OCC)SC(CCl)N1C(=O)c2ccccc2C1=O,1,DEVELOPMENT,31,5,3.878200000000003,393.85400000000016,123.03999999999999,0.0,8.0,1.0,1.0,3.0,-0.2093082484462904,0.2483127015594546
209,"Phosphoric acid, 2-Chloro-3-(diethylamino)-1-methyl-3-oxo-1-propen-1-yl dimethyl ester",3032604,13171-21-6,CCN(CC)C(=O)C(Cl)=C(C)OP(=O)(OC)OC,1,DEVELOPMENT,420,1,2.7426000000000013,299.69100000000003,74.88000000000001,0.0,7.0,0.0,1.0,3.0,-0.5900025848668277,0.201088154129312
210,"S-[(6-Chloro-2-oxo-3(2H)-benzoxazolyl)methyl]O,O-diethyl ester phosphorodithioic acid",4793,2310-17-0,CCOP(=S)(OCC)SCn1c(=O)oc2cc(Cl)ccc21,1,DEVELOPMENT,104,4,4.236100000000003,367.8160000000001,120.8,0.0,7.0,2.0,1.0,3.0,-0.1037032819644934,0.2639354161600277
211,"6-Methoxy-N2,N4-bis(1-methylethyl)-1,3,5-triazine-2,4-diamine",4928,1610-18-0,COc1nc(NC(C)C)nc(NC(C)C)n1,0,DEVELOPMENT,8,3,1.5208,225.296,71.96000000000001,2.0,5.0,1.0,0.0,0.0,-0.9328390452560416,0.1476338720776837
215,Farnesol,445070,4602-84-0,CC(C)=CCCC(C)=CCCC(C)=CCO,0,DEVELOPMENT,61,5,4.397900000000004,222.37199999999996,20.23,1.0,7.0,0.0,0.0,0.0,2.498454777327816,0.0262946097774638
216,Dimetilan,12572,644-64-4,Cc1cc(OC(=O)N(C)C)nn1C(=O)N(C)C,1,DEVELOPMENT,167,2,0.78162,240.263,67.67,0.0,1.0,1.0,0.0,0.0,-0.4795860951207918,0.2018953238097452
217,"N2-Ethyl-N4-(1-methylethyl)-6-(methylthio)-1,3,5-triazine-2,4-diamine",13263,834-12-8,CCNc1nc(NC(C)C)nc(SC)n1,0,DEVELOPMENT,8,3,1.8455999999999997,227.337,88.03,2.0,5.0,1.0,0.0,0.0,-0.0949021397171012,0.1790927460103536
218,"6-Chloro-N-ethyl-N'-(1-methylethyl)-1,3,5-triazine-2,4-diamine",2256,1912-24-9,CCNc1nc(Cl)nc(NC(C)C)n1,0,DEVELOPMENT,8,3,1.7770999999999997,215.68800000000002,62.730000000000004,2.0,4.0,1.0,1.0,0.0,-0.5358074256022244,0.1478927224657875
219,Chlormequat,13836,7003-89-6,C[N+](C)(C)CCCl,0,DEVELOPMENT,418,5,0.9314,122.619,0.0,0.0,2.0,0.0,1.0,0.0,-0.0820141035071249,0.0019564259666894
220,"N2,N4-Bis(1-methylethyl)-6-(methylthio)-1,3,5-triazine-2,4-diamine",4929,7287-19-6,CSc1nc(NC(C)C)nc(NC(C)C)n1,0,DEVELOPMENT,8,3,2.2340999999999998,241.364,88.03,2.0,5.0,1.0,0.0,0.0,-0.5315152029760698,0.164177537376124
221,Carbofenthion,13081,786-19-6,CCOP(=S)(OCC)SCSc1ccc(Cl)cc1,1,DEVELOPMENT,9,4,5.420300000000004,342.875,110.96,0.0,8.0,1.0,1.0,3.0,0.3363965160977019,0.2167619448704933
223,6-Chloro-3-pyridinecarboxylic acid,79222,5326-23-8,O=C(O)c1ccc(Cl)nc1,0,DEVELOPMENT,68,5,1.4331999999999998,157.55599999999998,50.19,1.0,1.0,1.0,1.0,0.0,-0.6696648426878321,0.2426408656757401
225,P-Phenylphosphonothioic acid O-ethyl O-(4-nitrophenyl) ester ,16421,2104-64-5,CCOP(=S)(Oc1ccc([N+](=O)[O-])cc1)c1ccccc1,1,DEVELOPMENT,55,5,3.645100000000002,323.31000000000006,103.5,0.0,6.0,2.0,0.0,1.0,-0.3832498045249768,0.2368428353990257
226,Trietazine (Ref: G 27901),15951,1912-26-1,CCNc1nc(Cl)nc(N(CC)CC)n1,0,DEVELOPMENT,8,3,1.803,229.71499999999997,53.940000000000005,1.0,5.0,1.0,1.0,0.0,-0.2085203065859168,0.1360301197576399
227,Vamidothion (Ref: ENT 26613),560193,2275-23-2,CNC(=O)C(C)SCCSP(=O)(OC)OC,1,DEVELOPMENT,38,3,1.9881999999999997,287.34299999999996,125.04000000000002,1.0,8.0,0.0,0.0,3.0,0.1874533213850315,0.2640690890881453
229,"4-(Dimethylamino)-3,5-dimethylphenol, Methylcarbamate(ester)",9414,315-18-4,CNC(=O)Oc1cc(C)c(N(C)C)c(C)c1,1,DEVELOPMENT,30,2,2.08764,222.28799999999998,41.57,1.0,2.0,1.0,0.0,0.0,-0.4321345066277389,0.112223410328762
230,"1,1a,3,3a,4,5,5,5a,5b,6-Decachlorooctahydro-1,3,4-metheno-2H-cyclobuta[cd]pentalen-2-one",299,143-50-0,O=C1C2(Cl)C3(Cl)C4(Cl)C(Cl)(Cl)C5(Cl)C3(Cl)C1(Cl)C5(Cl)C24Cl,1,DEVELOPMENT,121,3,4.6182,490.63900000000024,17.07,0.0,0.0,0.0,10.0,0.0,1.6578714392852334,0.0653621234753263
231,Diquat,6795,2764-72-9,c1cc[n+]2c(c1)-c1cccc[n+]1CC2,0,DEVELOPMENT,417,5,0.9421999999999999,184.24199999999996,7.76,0.0,0.0,2.0,0.0,0.0,-0.7363889152834261,0.0433908536692043
232,"2-Chloro-N-(2,6-diethylphenyl)-N-(methoxymethyl)acetamide",2078,15972-60-8,CCc1cccc(CC)c1N(COC)C(=O)CCl,0,DEVELOPMENT,6,1,2.9871000000000016,269.77199999999993,29.54,0.0,6.0,1.0,1.0,0.0,0.8594968513148503,0.0808297134491565
233,"Phosphorothioic acid, O,O-Diethyl O-2-pyrazinyl ester  ",9272,297-97-2,CCOP(=S)(OCC)Oc1cnccn1,1,DEVELOPMENT,17,5,2.1529,248.244,95.37,0.0,6.0,1.0,0.0,3.0,1.187848374282439,0.2772267030048585
235,"4-(Dimethylamino)-3-methylphenol, Methylcarbamate (ester)",16247,2032-59-9,CNC(=O)Oc1ccc(N(C)C)c(C)c1,1,DEVELOPMENT,30,2,1.77922,208.26099999999997,41.57,1.0,2.0,1.0,0.0,0.0,-0.4729634743332256,0.1205008576039139
236,1-methylcyclopropene,151080,3100-04-7,CC1=CC1,1,DEVELOPMENT,416,4,1.3364,54.092000000000006,0.0,0.0,0.0,0.0,0.0,0.0,2.105768299200769,0.0
237,Medlure,20056429,13929-18-5,CCC(C)OC(=O)C1CCC(Cl)CC1C,0,DEVELOPMENT,117,1,3.3717000000000024,232.75099999999995,26.3,0.0,3.0,0.0,1.0,0.0,1.518067609609683,0.0734347961744387
238,"N-Cyclopropyl-1,3,5-triazine-2,4,6-triamine",47866,66215-27-8,Nc1nc(N)nc(NC2CC2)n1,0,DEVELOPMENT,415,3,-0.3897000000000006,166.188,102.74,3.0,2.0,1.0,0.0,0.0,-2.427297206307594,0.2087123269097653
239,Chloroxuron (Ref: C 1983),16115,1982-47-4,CN(C)C(=O)Nc1ccc(Oc2ccc(Cl)cc2)cc1,0,DEVELOPMENT,3,3,4.225800000000003,290.75,41.57000000000001,1.0,3.0,2.0,1.0,0.0,-0.3692277682569092,0.1012704436119688
240,"N,N-dimethylcarbamic acid 3-methyl-1-(1-methylethyl)-1H-pyrazol-5-yl ester",8393,119-38-0,Cc1cc(OC(=O)N(C)C)n(C(C)C)n1,1,DEVELOPMENT,167,2,1.83282,211.26500000000001,47.36,0.0,2.0,1.0,0.0,0.0,-0.4571812673803735,0.1462471279884259
241,"2,6-Dinitro-N,N-dipropyl-4-(trifluoromethyl)benzenamine",5569,1582-09-8,CCCN(CCC)c1c([N+](=O)[O-])cc(C(F)(F)F)cc1[N+](=O)[O-],0,DEVELOPMENT,23,2,4.148200000000004,335.28200000000004,89.52,0.0,7.0,1.0,3.0,0.0,0.804899959508406,0.2149654620034544
242,Methyl trithion,13721,953-17-3,COP(=S)(OC)SCSc1ccc(Cl)cc1,1,DEVELOPMENT,52,3,4.640100000000003,314.821,110.96,0.0,6.0,1.0,1.0,3.0,0.568669829172279,0.2587908099906397
243,"6-Methyl-1,3-dithiolo[4,5-b]quinoxalin-2-one",17109,2439-01-2,Cc1ccc2nc3sc(=O)sc3nc2c1,0,DEVELOPMENT,414,1,2.5746200000000004,234.305,99.33,0.0,0.0,3.0,0.0,0.0,1.6993087732776653,0.3324378145452702
246,"Phosphoric acid, (1E)-3-(Dimethylamino)-1-methyl-3-oxo-1-propen-1-yl dimethyl ester",5371560,141-66-2,COP(=O)(OC)OC(C)=CC(=O)N(C)C,1,DEVELOPMENT,56,2,1.3959,237.19199999999998,74.88000000000001,0.0,5.0,0.0,0.0,3.0,-0.4063195765272953,0.2404190695431907
249,Gibberellins,622971,8030-53-3,C=C1CC23CC1CCC2C12CCC(O)C(C)(C(=O)O1)C2C3C(=O)O,0,DEVELOPMENT,124,2,2.1361999999999997,332.396,83.83,2.0,1.0,0.0,0.0,0.0,-2.030691999166552,0.1496555957964068
250,Methylarsonic acid,8948,124-58-3,C[As](=O)(O)O,0,DEVELOPMENT,166,1,-1.0298,139.97,57.53,2.0,0.0,0.0,0.0,0.0,0.3844847208892146,0.3396959020086457
251,XMC (Ref: H 69),17563,2655-14-3,CNC(=O)Oc1cc(C)cc(C)c1,1,DEVELOPMENT,30,2,2.02164,179.219,38.33,1.0,1.0,1.0,0.0,0.0,0.0471419749716653,0.1204749991766189
252,Monolinuron (Ref: HOE 002747),15629,1746-81-2,CON(C)C(=O)Nc1ccc(Cl)cc1,0,DEVELOPMENT,3,3,2.365100000000001,214.652,41.57,1.0,2.0,1.0,1.0,0.0,-0.0007448853629691,0.1383569677601432
253,Kasugamycin hydrochloride hydrate,88045,19408-46-9,CC1OC(OC2C(O)C(O)C(O)C(O)C2O)C(N)CC1N=C(N)C(=O)O,0,DEVELOPMENT,412,2,-4.537699999999994,379.3660000000002,221.31,8.0,3.0,0.0,0.0,0.0,-2.965483169717148,0.2323252213011274
254,Alpha-endosulfan,12309460,959-98-8,O=S1OCC2C(CO1)C1(Cl)C(Cl)=C(Cl)C2(Cl)C1(Cl)Cl,1,DEVELOPMENT,411,2,3.689800000000001,406.9290000000001,54.74000000000001,0.0,0.0,0.0,6.0,0.0,0.7778211298483692,0.1771147725077253
255,Diphenamid (Ref: L 34314),13728,957-51-7,CN(C)C(=O)C(c1ccccc1)c1ccccc1,0,DEVELOPMENT,410,5,2.9067000000000016,239.318,20.310000000000002,0.0,3.0,2.0,0.0,0.0,0.4582137016450514,0.0568713267723457
256,"O-[4[(Dimethylamino)sulfonyl]phenyl]O,O-dimethylester phosphorothioic acid",5859,52-85-7,COP(=S)(OC)Oc1ccc(S(=O)(=O)N(C)C)cc1,1,DEVELOPMENT,18,5,1.8330000000000002,325.348,115.34999999999998,0.0,6.0,1.0,0.0,3.0,-0.043393447949356,0.2753217810613468
257,Captafol (Ref: Ortho-5865),17038,2425-06-1,O=C1C2CC=CCC2C(=O)N1SC(Cl)(Cl)C(Cl)Cl,0,DEVELOPMENT,80,3,3.520900000000002,349.0659999999999,62.68000000000001,0.0,3.0,0.0,4.0,0.0,1.4077596468267508,0.1896569436991994
258,Chloramben (Ref: ACP M-629),8630,133-90-4,Nc1cc(Cl)cc(C(=O)O)c1Cl,0,DEVELOPMENT,35,4,2.2738,206.028,63.32000000000001,2.0,1.0,1.0,2.0,0.0,-2.3720053485538646,0.1668276911786279
259,2-Chloro-6-(trichloromethyl)pyridine,16004,1929-82-4,Clc1cccc(C(Cl)(Cl)Cl)n1,0,DEVELOPMENT,409,5,3.5617,230.909,12.89,0.0,0.0,1.0,4.0,0.0,2.363777636129242,0.0683484486592653
261,2-Methyl-2-(methylthio)propanol O-[(methylamino)carbonyl]oxime,2086,116-06-3,CNC(=O)ON=CC(C)(C)SC,1,DEVELOPMENT,25,5,1.4698,190.26799999999997,75.99,1.0,3.0,0.0,0.0,0.0,0.6298722733817198,0.2139580179153835
262,"Phosphoric acid, 2-Chloro-1-(2,4-dichlorophenyl)ethenyl diethyl ester",10107,470-90-6,CCOP(=O)(OCC)OC(=CCl)c1ccc(Cl)cc1Cl,1,DEVELOPMENT,98,2,5.7283000000000035,359.5730000000001,54.57000000000001,0.0,7.0,1.0,3.0,3.0,0.9259409618137032,0.1488195920971667
265,Bromopropylate (Ref: GS 19851),28936,18181-80-1,CC(C)OC(=O)C(O)(c1ccc(Br)cc1)c1ccc(Br)cc1,0,DEVELOPMENT,75,2,4.3991000000000025,428.12000000000006,46.53,1.0,4.0,2.0,2.0,0.0,0.4052430389482501,0.0827403095903624
266,"Phosphorothioic acid, O,O-Diethyl O(4-methylsulfinyl)phenyl)ester",8292,115-90-2,CCOP(=S)(OCC)Oc1ccc([S+](C)[O-])cc1,1,DEVELOPMENT,103,3,3.1003000000000016,308.36100000000005,92.65,0.0,7.0,1.0,0.0,3.0,-0.3877422960430283,0.2324496402836954
268,Terbuthylazine,22206,5915-41-3,CCNc1nc(Cl)nc(NC(C)(C)C)n1,0,DEVELOPMENT,8,3,2.1672000000000002,229.715,62.730000000000004,2.0,3.0,1.0,1.0,0.0,-0.7799781069061199,0.135803178304184
270,"2,3-Dihydro-2,2-dimethyl-7-benzofuranol 7-(N-methylcarbamate)",2566,1563-66-2,CNC(=O)Oc1cccc2c1OC(C)(C)C2,1,DEVELOPMENT,12,1,2.1183,221.25599999999994,47.56,1.0,1.0,1.0,0.0,0.0,-0.2929736053738412,0.1434840295532869
271,Quinoclamine,17748,2797-51-5,NC1=C(Cl)C(=O)c2ccccc2C1=O,0,DEVELOPMENT,165,3,1.4747000000000001,207.61599999999999,60.160000000000004,1.0,0.0,1.0,1.0,0.0,0.3326086542396678,0.1743348431449888
272,Methoprotryne (Ref: G 36393),13290,841-06-5,COCCCNc1nc(NC(C)C)nc(SC)n1,0,DEVELOPMENT,19,1,1.8621999999999999,271.39,97.26,2.0,8.0,1.0,0.0,0.0,-1.0453381392087884,0.1741032841514547
273,2-(Dimethylamino)-N-[[(methylamino)carbonyl]oxy]-2-oxo-ethanimidothioic acid methyl ester,9595287,23135-22-0,CNC(=O)ON=C(SC)C(=O)N(C)C,1,DEVELOPMENT,25,5,0.10709999999999997,219.266,96.3,1.0,1.0,0.0,0.0,0.0,-0.0827807918028242,0.2752717940649606
275,Monocrotophos (Ref: ENT 27129),5371562,6923-22-4,CNC(=O)/C=C(\C)OP(=O)(OC)OC,1,DEVELOPMENT,56,2,1.0536999999999999,223.16499999999996,83.67000000000002,1.0,5.0,0.0,0.0,3.0,-0.2233410775655286,0.2540103925412439
276,"Phosphorothioic acid, O,O-Diethyl O-(3,5,6-trichloro-2-pyridinyl) ester",2730,2921-88-2,CCOP(=S)(OCC)Oc1nc(Cl)c(Cl)cc1Cl,1,DEVELOPMENT,17,5,4.718100000000002,350.591,82.48,0.0,6.0,1.0,3.0,3.0,1.316084172155921,0.2205170784975432
277,Pebulate (Ref: R 2061),14215,1114-71-2,CCCCN(CC)C(=O)SCCC,1,DEVELOPMENT,102,4,3.3716000000000026,203.35099999999997,45.61,0.0,6.0,0.0,0.0,0.0,1.2108582784152218,0.1062866337637805
278,"3-Cyclohexyl-6-(dimethylamino)-1-methyl-1,3,5-triazine-2,4-(1H,3H)dione",39965,51235-04-2,CN(C)c1nc(=O)n(C2CCCCC2)c(=O)n1C,0,DEVELOPMENT,407,3,0.5131999999999994,252.31799999999993,60.13,0.0,2.0,1.0,0.0,0.0,0.025313351664509,0.1564182486093798
279,Chlorbromuron (Ref: C6313),25912,13360-45-7,CON(C)C(=O)Nc1ccc(Br)c(Cl)c1,0,DEVELOPMENT,3,3,3.127600000000002,293.548,41.57,1.0,2.0,1.0,2.0,0.0,0.0772119145431766,0.1351278354028292
281,3-methyl-5-(1-methylethyl)phenol 1-(N-methylcarbamate)  ,17516,2631-37-0,CNC(=O)Oc1cc(C)cc(C(C)C)c1,1,DEVELOPMENT,30,2,2.836620000000001,207.273,38.33,1.0,2.0,1.0,0.0,0.0,0.0998746438519578,0.1005269331731514
282,Bensulide (Ref: R 4461),12932,741-58-2,CC(C)OP(=S)(OC(C)C)SCCNS(=O)(=O)c1ccccc1,1,DEVELOPMENT,406,1,3.7726000000000024,397.52400000000006,140.20999999999998,1.0,10.0,1.0,0.0,3.0,-0.4034061361596434,0.2195559060754399
283,(2E)-3-[(Dimethoxyphosphinyl)oxy]-2-butenoic acid 1-phenylethyl ester,5371578,7700-17-6,COP(=O)(OC)OC(C)=CC(=O)OC(C)c1ccccc1,1,DEVELOPMENT,56,2,3.6121000000000025,314.274,80.87000000000002,0.0,7.0,1.0,0.0,3.0,-1.1945105115636308,0.1949996856710508
284,"O,O-Dimethyl S-[2-(methylamino)-2-oxoethyl ester phosphorothioic acid",14210,1113-02-6,CNC(=O)CSP(=O)(OC)OC,1,DEVELOPMENT,38,3,0.8664999999999998,213.19499999999996,99.74000000000001,1.0,5.0,0.0,0.0,3.0,0.2828857440153636,0.3120489451625949
285,"N,N-Dimethyl-N'-[3-(trifluoromethyl)phenyl]urea",16562,2164-17-2,CN(C)C(=O)Nc1cccc(C(F)(F)F)c1,0,DEVELOPMENT,3,3,2.7989000000000006,232.20499999999996,32.34,1.0,1.0,1.0,3.0,0.0,0.3475949716941368,0.0894675719168296
286,Metobromuron (Ref: C 3216),18290,3060-89-7,CON(C)C(=O)Nc1ccc(Br)cc1,0,DEVELOPMENT,3,3,2.4742000000000006,259.10299999999995,41.57,1.0,2.0,1.0,1.0,0.0,0.1969643340165766,0.1377851707999638
287,"1,1-Dichloro-N-[(dimethylamino)sulfonyl]-1-fluoro-N-phenylmethanesulfenamide",14145,1085-98-9,CN(C)S(=O)(=O)N(SC(F)(Cl)Cl)c1ccccc1,0,DEVELOPMENT,158,3,3.006000000000001,333.237,74.30000000000001,0.0,5.0,1.0,3.0,0.0,1.856829403661295,0.210945818103888
289,Butachlor (Ref: CP 53619),31677,23184-66-9,CCCCOCN(C(=O)CCl)c1c(CC)cccc1CC,0,DEVELOPMENT,6,1,4.1574000000000035,311.85300000000007,29.54,0.0,9.0,1.0,1.0,0.0,1.663688166214032,0.0680380660621443
290,(1-Methylethyl)phosphoramidic acid ethyl-3-methyl-4-(methylthio)phenyl ester,31070,22224-92-6,CCOP(=O)(NC(C)C)Oc1ccc(SC)c(C)c1,1,DEVELOPMENT,164,3,4.238320000000003,303.36400000000003,82.67,1.0,7.0,1.0,0.0,1.0,1.1544269956282085,0.1533886823570907
291,"Phosphoric acid (1Z)-2-chloro-1-(2,4,5-trichlorophenyl)ethenyl dimethyl ester",5284462,22248-79-9,COP(=O)(OC)OC(=CCl)c1cc(Cl)c(Cl)cc1Cl,1,DEVELOPMENT,98,2,5.6015000000000015,365.96400000000006,54.57000000000001,0.0,5.0,1.0,4.0,3.0,0.3736623863936277,0.1757150625139673
294,Fuberidazole,19756,3878-19-1,c1coc(-c2nc3ccccc3[nH]2)c1,0,DEVELOPMENT,122,4,2.8228999999999997,184.198,41.82,1.0,1.0,3.0,0.0,0.0,-0.2605018875021184,0.1332070451967054
297,"5,6-Dihydro-2-methyl-N-phenyl-1,4-oxathiin-3-carboxamide",21307,5234-68-4,CC1=C(C(=O)Nc2ccccc2)SCCO1,0,DEVELOPMENT,163,5,2.620000000000001,235.30799999999996,63.63000000000001,1.0,2.0,1.0,0.0,0.0,0.0145394947250958,0.1489278637132508
298,N-1H-Benzimidazol-2-yl carbamic acid methyl ester,25429,10605-21-7,COC(=O)Nc1nc2ccccc2[nH]1,0,DEVELOPMENT,405,5,1.7411999999999996,191.19000000000003,67.00999999999999,2.0,1.0,2.0,0.0,0.0,-0.6656635897267194,0.2070582289702801
300,"Ethylphosphonodithioic acid, O-Ethyl S-phenyl ester",13676,944-22-9,CCOP(=S)(CC)Sc1ccccc1,1,DEVELOPMENT,404,3,4.144600000000003,246.33700000000005,76.43,0.0,5.0,1.0,0.0,1.0,2.3026372717507813,0.1825726046468437
301,Benazolin (Ref: RD 7693),19662,3813-05-6,O=C(O)Cn1c(=O)sc2cccc(Cl)c21,0,DEVELOPMENT,403,2,1.8010000000000004,243.671,87.53999999999999,1.0,2.0,2.0,1.0,0.0,0.4144511923656184,0.2885186653950491
303,"Benzo[b]thiophene-4-ol, 4-(N-methylcarbamate)",14119,1079-33-0,CNC(=O)Oc1cccc2sccc12,1,DEVELOPMENT,12,1,2.6195000000000013,207.254,66.57,1.0,1.0,2.0,0.0,0.0,0.2543755547580154,0.1964087835280387
304,Terbutryn (Ref: GS 14260),13450,886-50-0,CCNc1nc(NC(C)(C)C)nc(SC)n1,1,DEVELOPMENT,24,4,2.2356999999999996,241.364,88.03,2.0,4.0,1.0,0.0,0.0,-0.3975312680634724,0.1635587442784771
305,Fenclorim (Ref: CGA 123407),77338,3740-92-9,Clc1cc(Cl)nc(-c2ccccc2)n1,0,DEVELOPMENT,402,1,3.450400000000002,225.07800000000003,25.78,0.0,1.0,2.0,2.0,0.0,1.7377214213651702,0.1010875844032231
306,"3,5-Dibromo-4-hydroxybenzonitrile",15531,1689-84-5,N#Cc1cc(Br)c(O)c(Br)c1,1,DEVELOPMENT,101,1,2.78888,276.91499999999996,44.019999999999996,1.0,0.0,1.0,2.0,0.0,-0.0194220451463481,0.1732513498920436
307,"2-(1,3-Dioxolan-2-yl)phenol 1-(N-methylcarbamate)",23421,6988-21-2,CNC(=O)Oc1ccccc1C1OCCO1,1,DEVELOPMENT,12,1,1.4502,223.22799999999995,56.790000000000006,1.0,2.0,1.0,0.0,0.0,-0.4403890870259492,0.1824194162469372
309,Looplure (Ref: ENT 33266),5363527,14959-86-5,CCCCC=CCCCCCCOC(C)=O,0,DEVELOPMENT,22,3,4.246400000000003,226.35999999999993,26.3,0.0,10.0,0.0,0.0,0.0,2.069271115986598,0.0674697301442354
310,"5-Chloro-3-(1,1-dimethylethyl)-6-methyl-2,4(1H,3H)-pyrimidinedione",22188,5902-51-2,Cc1[nH]c(=O)n(C(C)(C)C)c(=O)c1Cl,0,DEVELOPMENT,401,4,1.25342,216.66799999999998,54.86,1.0,0.0,1.0,1.0,0.0,0.7964449625482257,0.1515965394574661
311,Chlorophacinone (Ref: LM 91),19402,3691-35-8,O=C1c2ccccc2C(=O)C1C(=O)C(c1ccccc1)c1ccc(Cl)cc1,1,DEVELOPMENT,400,4,4.736400000000003,374.8230000000001,51.21,0.0,4.0,3.0,1.0,0.0,1.629806942596252,0.1202210255990319
314,Anilazine (Ref: ENT 26 058),7541,101-05-3,Clc1nc(Cl)nc(Nc2ccccc2Cl)n1,0,DEVELOPMENT,398,1,3.575400000000001,275.526,50.7,1.0,2.0,2.0,3.0,0.0,0.2452220954579438,0.1687407909043307
316,Aldoxycarb,9570093,1646-88-4,CNC(=O)ON=CC(C)(C)S(C)(=O)=O,0,DEVELOPMENT,100,5,0.15139999999999998,222.26599999999996,93.21000000000001,1.0,3.0,0.0,0.0,0.0,-0.986562623672386,0.2791531738123821
318,Validamycin A,443629,37248-47-8,OCC1=CC(NC2CC(CO)C(OC3OC(CO)C(O)C(O)C3O)C(O)C2O)C(O)C(O)C1O,1,DEVELOPMENT,127,1,-6.752699999999988,497.494,253.01999999999995,12.0,7.0,0.0,0.0,0.0,-2.743128488588132,0.2047763938481195
319,Oxycarboxin (Ref: F 461),21330,5259-88-1,CC1=C(C(=O)Nc2ccccc2)S(=O)(=O)CCO1,0,DEVELOPMENT,163,5,1.3016,267.306,80.85000000000001,1.0,2.0,1.0,0.0,0.0,-0.0137690779819151,0.2178614549251466
320,"S-[2-(Ethylsulfonyl)ethyl]O,O-dimethyl ester phosphorothioic acid",28213,17040-19-6,CCS(=O)(=O)CCSP(=O)(OC)OC,1,DEVELOPMENT,38,3,1.5552000000000001,262.289,113.16000000000003,0.0,7.0,0.0,0.0,3.0,-1.0636643049006405,0.3208937646134604
321,Asulam (Ref: M&B 9057),18752,3337-71-1,COC(=O)NS(=O)(=O)c1ccc(N)cc1,0,DEVELOPMENT,397,3,0.3134999999999998,230.245,106.86999999999999,2.0,2.0,1.0,0.0,0.0,-2.7625087212971047,0.2867269334395514
322,Thiophanate,3032792,23564-06-9,CCOC(=O)NC(=S)Nc1ccccc1NC(=S)NC(=O)OCC,0,DEVELOPMENT,15,4,2.572400000000001,370.45600000000013,164.89999999999998,4.0,4.0,1.0,0.0,0.0,-0.6726155173480614,0.2587496919088125
323,Metoxuron (Ref: SAN 6915H),29863,19937-59-8,COc1ccc(NC(=O)N(C)C)cc1Cl,0,DEVELOPMENT,3,3,2.4421,228.67899999999997,41.57,1.0,2.0,1.0,1.0,0.0,-0.5398052058488039,0.1277483033434746
325,N-(2-Methylcyclohexyl)-N'-phenylurea,16116,1982-49-6,CC1CCCCC1NC(=O)Nc1ccccc1,0,DEVELOPMENT,396,2,3.386800000000001,232.32700000000003,41.13,2.0,2.0,1.0,0.0,0.0,0.2841862395871536,0.0690178906650509
326,"4-Ethoxy-7-phenyl-3,5-dioxa-6-aza-4-phosphaoct-6-ene-8-nitrile 4-sulfide",26927,14816-18-3,CCOP(=S)(OCC)ON=C(C#N)c1ccccc1,1,DEVELOPMENT,157,5,3.2283800000000014,298.304,105.74000000000001,0.0,7.0,1.0,0.0,1.0,0.2876279179041499,0.2436271620660687
327,Monalide (Ref: SN 35830),23715,7287-36-7,CCCC(C)(C)C(=O)Nc1ccc(Cl)cc1,0,DEVELOPMENT,3,3,4.104800000000003,239.746,29.1,1.0,4.0,1.0,1.0,0.0,0.7281677307279731,0.0607093524654369
328,Cyclohexylethylcarbamothioic acid S-ethyl ester,14337,1134-23-2,CCSC(=O)N(CC)C1CCCCC1,1,DEVELOPMENT,395,1,3.5141000000000027,215.36199999999994,45.61000000000001,0.0,3.0,0.0,0.0,0.0,1.3795600767456928,0.1056414464739565
330,Methabenzthiazuron (Ref: BAY 74283 ),29216,18691-97-9,CNC(=O)N(C)c1nc2ccccc2s1,1,DEVELOPMENT,76,5,2.0719000000000003,221.28500000000003,73.47,1.0,1.0,2.0,0.0,0.0,0.3438104853040344,0.1911168790672701
332,"O,O-Dimethyl O-[2-(methylthio)ethyl]ester phosphorothioic acid mixt. with O,O-dimethyl S-[2-(methylthio)ethyl]phosphorothioate",115122,8065-62-1,COP(=O)(OC)SCCSC,1,DEVELOPMENT,38,3,2.4835000000000003,216.26399999999995,95.94,0.0,6.0,0.0,0.0,3.0,0.4630078834732017,0.2863155760148974
333,Cyanazine,30773,21725-46-2,CCNc1nc(Cl)nc(NC(C)(C)C#N)n1,0,DEVELOPMENT,8,3,1.6708799999999997,240.698,86.52,2.0,4.0,1.0,1.0,0.0,-1.4371715301645205,0.2028132114863276
334,Glufosinate (Ref: HOE 00661),4794,51276-47-2,CP(=O)(O)CCC(N)C(=O)O,0,DEVELOPMENT,394,5,-0.3114000000000004,181.128,110.42999999999999,3.0,4.0,0.0,0.0,0.0,-2.818476829540524,0.2643530530968047
335,"N-[3-[[(Phenylamino)carbonyl]oxy]phenyl]carbamic acid, Ethyl ester",24743,13684-56-5,CCOC(=O)Nc1cccc(OC(=O)Nc2ccccc2)c1,0,DEVELOPMENT,15,4,3.8659000000000017,300.314,76.66,2.0,4.0,2.0,0.0,0.0,-0.9494003605592352,0.1613328046146874
336,Dimethyl 4-(methylsulfanyl)phenyl phosphate,18621,3254-63-5,COP(=O)(OC)Oc1ccc(SC)cc1,1,DEVELOPMENT,55,5,3.188200000000002,248.24,79.87,0.0,5.0,1.0,0.0,3.0,1.290731533022642,0.2351955888193385
337,Carbetamide (Ref: RP 11561),27689,16118-49-3,CCNC(=O)C(C)OC(=O)Nc1ccccc1,0,DEVELOPMENT,15,4,1.7596999999999998,236.27100000000002,67.42999999999999,2.0,4.0,1.0,0.0,0.0,-0.6294187016299683,0.1439528143061658
338,"2-[(Diethoxyphosphinothionyl)oxy]-5-methylpyrazolo[1,5-a]pyrimidine-6-carboxylic acid ethyl ester",26033,13457-18-6,CCOC(=O)c1cn2nc(OP(=S)(OCC)OCC)cc2nc1C,1,DEVELOPMENT,17,5,2.890720000000001,373.37100000000015,126.08000000000001,0.0,8.0,2.0,0.0,3.0,-0.1664900043260306,0.2548938671835732
339,Muscalure,5365075,27519-02-4,CCCCCCCCC=CCCCCCCCCCCCCC,0,DEVELOPMENT,11,5,8.9943,322.6210000000001,0.0,0.0,19.0,0.0,0.0,0.0,6.08496544250093,0.0
340,"2-Fluoroethyl ([1,1'-biphenyl]-4-yl)acetate",20288,4301-50-2,O=C(Cc1ccc(-c2ccccc2)cc1)OCCF,0,DEVELOPMENT,393,5,3.408800000000002,258.292,26.3,0.0,5.0,2.0,1.0,0.0,0.7090861994513883,0.0771860974648598
341,"2aR,3S,4S,4aR,5S,7aS,8S,10R,10aS,10bR)-10-(Acetyloxy)octahydro-3,5-dihydroxy-4-methyl-8-[[(2E)-2-methyl-1-oxo-2-buten-1-yl]oxy]-4-[(1aR,2S,3aS,6aS,7S,7aS)-3a,6a,7,7a-tetrahydro-6a-hydroxy-7a-methyl-2,7-methanofuro[2,3-b]oxireno[e]oxepin-1a(2H)-yl]-1H,7H-naptho[1,8-bc:4,4a-c']difuran-5,10a(8H)-dicarboxylic acid 5-10a-dimethyl ester",5281303,11141-17-6,CC=C(C)C(=O)OC1CC(OC(C)=O)C2(C(=O)OC)COC3C2C12COC(O)(C(=O)OC)C2C(C)(C12OC1(C)C1CC2OC2OC=CC21O)C3O,1,DEVELOPMENT,135,3,-0.2030999999999955,720.7210000000003,215.33999999999997,3.0,6.0,0.0,0.0,0.0,-1.3268496125238192,0.2107488091323919
343,"O-[2-(Diethylamino)-6-methyl-4-pyrimidinyl]O,O-dimethyl ester, Phosphorothioic acid",34526,29232-93-7,CCN(CC)c1nc(C)cc(OP(=S)(OC)OC)n1,1,DEVELOPMENT,17,5,2.5273200000000005,305.34000000000003,98.61000000000001,0.0,7.0,1.0,0.0,3.0,-0.2508536968524797,0.2157794714923055
344,Isopropalin (Ref: EL-179),36606,33820-53-0,CCCN(CCC)c1c([N+](=O)[O-])cc(C(C)C)cc1[N+](=O)[O-],1,DEVELOPMENT,23,2,4.252800000000004,309.36600000000004,89.52,0.0,8.0,1.0,0.0,0.0,-0.1441307569795012,0.1946378217118836
345,Triazophos (Ref: HOE 002960 ),32184,24017-47-8,CCOP(=S)(OCC)Oc1ncn(-c2ccccc2)n1,0,DEVELOPMENT,73,1,2.943600000000001,313.319,100.3,0.0,7.0,2.0,0.0,3.0,1.4945460384655904,0.2440667444812636
346,"2,2-Dimethyl-1,3-benzodioxol-4-ol 4-(N-methylcarbamate)",2314,22781-23-3,CNC(=O)Oc1cccc2c1OC(C)(C)O2,1,DEVELOPMENT,12,1,1.9121,223.22799999999995,56.790000000000006,1.0,1.0,1.0,0.0,0.0,-0.7927543434190142,0.1934879191154007
347,"Phosphorothioic acid O-[2-(diethylamino)-6-methyl-4-pyrimidinyl] O,O-diethyl ester",31957,23505-41-1,CCOP(=S)(OCC)Oc1cc(C)nc(N(CC)CC)n1,1,DEVELOPMENT,17,5,3.307520000000002,333.3940000000001,98.61,0.0,9.0,1.0,0.0,3.0,-0.0793104494232298,0.1887642732065742
348,Chlorotoluron (Ref: C 2242),27375,15545-48-9,Cc1ccc(NC(=O)N(C)C)cc1Cl,0,DEVELOPMENT,3,3,2.7419200000000012,212.68,32.34,1.0,1.0,1.0,1.0,0.0,0.0055940261769501,0.0903095375148508
349,8-dodecenol,5283295,40642-40-8,CCCC=CCCCCCCCO,1,DEVELOPMENT,22,3,3.6756000000000024,184.32299999999998,20.23,1.0,9.0,0.0,0.0,0.0,2.504294146284628,0.0295525352935623
350,Napropamide (Ref: R 7465),27189,15299-99-7,CCN(CC)C(=O)C(C)Oc1cccc2ccccc12,0,DEVELOPMENT,12,1,3.475500000000002,271.36,29.540000000000003,0.0,5.0,2.0,0.0,0.0,-0.1681456703526992,0.0797812070822653
351,2-Methyl-2-(methylsulfinyl)propanal O-[(methylamino)carbonyl]oxime,9568700,1646-87-3,CNC(=O)ON=CC(C)(C)[S+](C)[O-],1,DEVELOPMENT,100,5,0.48529999999999984,206.26699999999997,73.75,1.0,3.0,0.0,0.0,0.0,-1.9408900611095163,0.2561755556752501
353,Diflubenzuron (Ref: OMS 1804),37123,35367-38-5,O=C(NC(=O)c1c(F)cccc1F)Nc1ccc(Cl)cc1,1,DEVELOPMENT,3,3,3.5801000000000016,310.687,58.2,2.0,2.0,2.0,3.0,0.0,0.6402179456862283,0.1391978029155469
354,"Benzoyl chloride, (2,4,6-Trichlorophenyl)hydrazone",33246,25939-05-3,ClC(=NNc1c(Cl)cc(Cl)cc1Cl)c1ccccc1,1,DEVELOPMENT,391,3,5.659300000000002,334.0330000000001,24.39,1.0,3.0,2.0,4.0,0.0,1.6116692984353076,0.0531069982639197
355,Proximpham,17808,2828-42-4,CC(C)=NOC(=O)Nc1ccccc1,0,DEVELOPMENT,15,4,2.6309000000000013,192.21800000000002,50.69,1.0,2.0,1.0,0.0,0.0,1.291489886060066,0.15779452356461
356,Piperalin (Ref: HSDB 7058),18996,3478-94-2,CC1CCCCN1CCCOC(=O)c1ccc(Cl)c(Cl)c1,0,DEVELOPMENT,390,3,4.414700000000004,330.255,29.54,0.0,5.0,1.0,2.0,0.0,0.2255740157304725,0.0744490380190067
357,"O,O-Dimethyl O-(3,5,6-trichloro-2-pyridinyl) ester phosphorothioic acid",21803,5598-13-0,COP(=S)(OC)Oc1nc(Cl)c(Cl)cc1Cl,1,DEVELOPMENT,37,5,3.9379000000000017,322.53700000000003,82.48,0.0,4.0,1.0,3.0,3.0,-0.1257487731539154,0.2670959029837296
358,Dodemorph,61899,1593-77-7,CC1CN(C2CCCCCCCCCCC2)CC(C)O1,0,DEVELOPMENT,389,4,4.768900000000005,281.4839999999999,12.47,0.0,1.0,0.0,0.0,0.0,3.941558796121301,0.0346000182073105
359,Fluchloralin (Ref: BAS 392H),36392,33245-39-5,CCCN(CCCl)c1c([N+](=O)[O-])cc(C(F)(F)F)cc1[N+](=O)[O-],0,DEVELOPMENT,23,2,3.977000000000003,355.70000000000005,89.52,0.0,7.0,1.0,4.0,0.0,0.9308957004498049,0.2273883351118895
362,(E)-dodec-8-enyl acetate,5363237,38363-29-0,CCCC=CCCCCCCCOC(C)=O,0,DEVELOPMENT,36,1,4.246400000000003,226.35999999999996,26.3,0.0,10.0,0.0,0.0,0.0,2.158996353864693,0.0648981004618803
363,Codlemone (Ref: BAS 2851),1787910,33956-49-9,CC=CC=CCCCCCCCO,0,DEVELOPMENT,22,3,3.451600000000002,182.307,20.23,1.0,8.0,0.0,0.0,0.0,2.2453721305001744,0.031653026534975
364,"3,3-Dimethyl-1-(methylthio)-2-butanone O-[(methylamino)carbonyl]oxime",38235,39196-18-4,CNC(=O)ON=C(CSC)C(C)(C)C,1,DEVELOPMENT,25,5,2.1075,218.32199999999997,75.99,1.0,3.0,0.0,0.0,0.0,0.3990787786930494,0.1702477418969308
365,Methyl cyclohexenone,14511,1193-18-6,CC1=CC(=O)CCC1,0,DEVELOPMENT,388,2,1.6857,110.156,17.07,0.0,0.0,0.0,0.0,0.0,0.0785831486659608,0.0945004363691765
366,Hydroprene (Ref: OMS 1696),5372477,41096-46-2,CCOC(=O)C=C(C)C=CCC(C)CCCC(C)C,1,DEVELOPMENT,79,1,4.904500000000005,266.42499999999995,26.3,0.0,9.0,0.0,0.0,0.0,2.2981169570674496,0.0570029128853657
367,Methoprene (Ref: OMS 1697),5366546,40596-69-8,COC(C)(C)CCCC(C)CC=CC(C)=CC(=O)OC(C)C,1,DEVELOPMENT,79,1,5.062000000000006,310.47800000000007,35.53,0.0,10.0,0.0,0.0,0.0,0.4752401807243808,0.0681221998782026
368,"1-[2-(2,4-Dichlorophenyl)-2-(2-propenyloxy)ethyl]-1H-imidazole",37175,35554-44-0,C=CCOC(Cn1ccnc1)c1ccc(Cl)cc1Cl,0,DEVELOPMENT,387,1,4.133800000000003,297.18500000000006,27.05,0.0,6.0,2.0,2.0,0.0,0.2169752248751101,0.0775391546798287
370,Dipropetryn (Ref: GC 16068),20105,4147-51-7,CCSc1nc(NC(C)C)nc(NC(C)C)n1,0,DEVELOPMENT,8,3,2.624200000000001,255.39100000000002,88.03,2.0,6.0,1.0,0.0,0.0,-0.7663005200418245,0.1499513886726532
371,Norflurazon (Ref: H 52143),33775,27314-13-2,CNc1cnn(-c2cccc(C(F)(F)F)c2)c(=O)c1Cl,0,DEVELOPMENT,161,4,2.9464000000000006,303.67100000000005,46.92,1.0,2.0,2.0,4.0,0.0,0.8138877999274858,0.1208183946633178
372,Isoxathion (Ref: SL 6711),29307,18854-01-8,CCOP(=S)(OCC)Oc1cc(-c2ccccc2)on1,1,DEVELOPMENT,17,5,4.017900000000004,313.315,95.62,0.0,7.0,2.0,0.0,3.0,-0.6619500638203454,0.2230299788701804
377,Frontalin,10888022,28401-39-0,CC12CCCC(C)(OC1)O2,0,DEVELOPMENT,386,5,1.692,142.198,18.46,0.0,0.0,0.0,0.0,0.0,-0.1428107723740097,0.0992671498709694
378,"N-Ethyl-N-(2-methyl-2-propenyl)-2,6-dinitro-4-(trifluoromethyl)benzenamine",41381,55283-68-6,C=C(C)CN(CC)c1c([N+](=O)[O-])cc(C(F)(F)F)cc1[N+](=O)[O-],0,DEVELOPMENT,23,2,3.9242000000000035,333.266,89.52,0.0,6.0,1.0,3.0,0.0,1.0228109062177968,0.2218231079353361
379,Terbumeton (Ref: GS 14259),36584,33693-04-8,CCNc1nc(NC(C)(C)C)nc(OC)n1,0,DEVELOPMENT,24,4,1.5223999999999998,225.296,71.96000000000001,2.0,4.0,1.0,0.0,0.0,-0.9175019583069494,0.1509750696194384
381,"N-[5-(1,1-Dimethylethyl)-1,3,4-thiadiazol-2-yl]-N,N'-dimethylurea",5383,34014-18-1,CNC(=O)N(C)c1nnc(C(C)(C)C)s1,0,DEVELOPMENT,76,5,1.6111999999999997,228.321,86.36,1.0,1.0,1.0,0.0,0.0,0.3171831932401269,0.2079102558759049
382,Multistriatin,13199930,54815-06-4,CCC12OCC(O1)C(C)CC2C,0,DEVELOPMENT,384,4,2.184,170.25199999999995,18.46,0.0,1.0,0.0,0.0,0.0,0.1945109708778659,0.0771624378507429
383,2-[(Ethylthio)methyl]phenol 1-(N-methylcarbamate),34766,29973-13-5,CCSCc1ccccc1OC(=O)NC,1,DEVELOPMENT,12,1,2.6579000000000006,225.313,63.63,1.0,4.0,1.0,0.0,0.0,0.2077084651516605,0.1468021931441263
384,Tembotrione (Ref: AE 0172747),11556911,335104-84-2,CS(=O)(=O)c1ccc(C(=O)C2C(=O)CCCC2=O)c(Cl)c1COCC(F)(F)F,0,DEVELOPMENT,69,4,2.9434000000000013,440.82300000000015,102.96,0.0,6.0,1.0,4.0,0.0,2.16332908632159,0.2207925170327764
386,Fenpropathrin (Ref: OMS 1999),47326,39515-41-8,CC1(C)C(C(=O)OC(C#N)c2cccc(Oc3ccccc3)c2)C1(C)C,1,DEVELOPMENT,4,4,5.268980000000004,349.43000000000006,59.32000000000001,0.0,5.0,2.0,0.0,0.0,0.2292903418314242,0.1167300675682672
387,"5-Amino-1-[2,6-dichloro-4-(trifluoromethyl)phenyl]-4-[(trifluoromethyl)sulfinyl]-1H-pyrazole-3-carbonitrile",3352,120068-37-3,N#Cc1nn(-c2c(Cl)cc(C(F)(F)F)cc2Cl)c(N)c1[S+]([O-])C(F)(F)F,1,DEVELOPMENT,383,3,4.279179999999999,437.15200000000004,90.69,1.0,2.0,2.0,8.0,0.0,-1.3891205778755662,0.2076844221122845
389,alpha-Cyclopropyl-alpha-(4-methoxyphenyl)-5-pyrimidinemethanol,25572,12771-68-5,COc1ccc(C(O)(c2cncnc2)C2CC2)cc1,0,DEVELOPMENT,382,2,2.1311,256.305,55.24,1.0,4.0,2.0,0.0,0.0,-0.4587493688625914,0.1229971269490861
390,Metamitron (Ref: BAY DRW 1139),38854,41394-05-2,Cc1nnc(-c2ccccc2)c(=O)n1N,0,DEVELOPMENT,381,1,0.3275199999999999,202.21699999999998,73.8,1.0,1.0,2.0,0.0,0.0,-0.3334187362123074,0.1922527163064811
392,"2,2-Dimethyl-3-(1,1,2,2-tetrabromoethyl)cyclopropanecarboxylic acid cyano(3-phenoxyphenyl)methyl ester",9809914,66841-25-6,CC1(C)C(C(=O)OC(C#N)c2cccc(Oc3ccccc3)c2)C1C(Br)C(Br)(Br)Br,1,DEVELOPMENT,4,4,7.460980000000004,665.014,59.32000000000001,0.0,6.0,2.0,4.0,0.0,0.1311847526044798,0.1067323271679931
393,"2-[[[[(4-Chloro-6-methoxy-2-pyrimidinyl)amino]carbonyl]amino]sulfonyl]benzoic acid, Ethyl ester",56160,90982-32-4,CCOC(=O)c1ccccc1S(=O)(=O)NC(=O)Nc1nc(Cl)cc(OC)n1,0,DEVELOPMENT,0,4,1.8257,414.82700000000017,144.95999999999998,2.0,6.0,2.0,1.0,0.0,0.1034487030165734,0.2881637235706455
397,2-(Octylsulfanyl)ethan-1-ol,19079,3547-33-9,CCCCCCCCSCCO,0,DEVELOPMENT,11,5,3.0724000000000022,190.35199999999998,45.53,1.0,9.0,0.0,0.0,0.0,1.93592206022928,0.0781391963137069
400,2-Chloro-1-(3-ethoxy-4-nitrophenoxy)-4-(trifluoromethyl)benzene,39327,42874-03-3,CCOc1cc(Oc2ccc(C(F)(F)F)cc2Cl)ccc1[N+](=O)[O-],0,DEVELOPMENT,28,4,5.458000000000003,361.70300000000003,61.599999999999994,0.0,5.0,2.0,4.0,0.0,-0.0005155101158478,0.1719288609793229
401,4-Chloro-alpha-(1-methylethyl)benzeneacetic acid cyano(3-phenoxyphenyl)methyl ester,3347,51630-58-1,CC(C)C(C(=O)OC(C#N)c1cccc(Oc2ccccc2)c1)c1ccc(Cl)cc1,1,DEVELOPMENT,4,4,6.679980000000006,419.908,59.32000000000001,0.0,7.0,3.0,1.0,0.0,0.2739964057661826,0.1018778149971864
402,5-Methyl-3(2H)-isoxazolone,24781,10004-44-1,Cc1cc(=O)[nH]o1,0,DEVELOPMENT,380,5,0.27631999999999995,99.089,46.0,1.0,0.0,1.0,0.0,0.0,-0.717233565697375,0.2715490661547218
404,"3,6-Dichloro-2-pyridinecarboxylic acid",15553,1702-17-6,O=C(O)c1nc(Cl)ccc1Cl,0,DEVELOPMENT,35,4,2.0866,192.00100000000003,50.19,1.0,1.0,1.0,2.0,0.0,-0.5845575105782891,0.2432899210204122
405,"3-(3,5-Dichlorophenyl)-N-(1-methylethyl)-2,4-dioxo-1-imidazolidinecarboxamide",37517,36734-19-7,CC(C)NC(=O)N1CC(=O)N(c2cc(Cl)cc(Cl)c2)C1=O,0,DEVELOPMENT,379,4,2.880000000000001,330.17100000000005,69.72,1.0,2.0,1.0,2.0,0.0,-0.4656280457367033,0.1742055731514869
406,Procymidone (Ref: S 7131),36242,32809-16-8,CC12CC1(C)C(=O)N(c1cc(Cl)cc(Cl)c1)C2=O,0,DEVELOPMENT,78,3,3.2829000000000024,284.14200000000005,37.38,0.0,1.0,1.0,2.0,0.0,1.5680570872566788,0.1243854881777243
407,Nuarimol (Ref: EL 228),91683,63284-71-9,OC(c1ccc(F)cc1)(c1cncnc1)c1ccccc1Cl,0,DEVELOPMENT,160,4,3.553300000000002,314.74700000000007,46.010000000000005,1.0,3.0,3.0,2.0,0.0,1.0223874389037373,0.0877181745277059
408,Akton,15649,1757-18-2,CCOP(=S)(OCC)OC(=CCl)c1cc(Cl)ccc1Cl,1,DEVELOPMENT,98,2,5.844700000000003,375.6410000000001,69.59,0.0,7.0,1.0,3.0,3.0,1.2998225793657558,0.1568311489071864
409,"(1R,3R)-3-(2,2-Dibromoethenyl)-2,2-dimethylcyclopropanecarboxylic acid (S)cyano(3-phenoxyphenyl)methyl ester",40585,52918-63-5,CC1(C)C(C=C(Br)Br)C1C(=O)OC(C#N)c1cccc(Oc2ccccc2)c1,1,DEVELOPMENT,4,4,6.490180000000005,505.20600000000024,59.32000000000001,0.0,6.0,2.0,2.0,0.0,0.2010760825526591,0.1148397979522694
411,Dimethachlor (Ref: CGA 17020),39722,50563-36-5,COCCN(C(=O)CCl)c1c(C)cccc1C,0,DEVELOPMENT,6,1,2.5216400000000005,255.74499999999998,29.54,0.0,5.0,1.0,1.0,0.0,-0.2126479146879384,0.0919638450036486
412,Isoproturon (Ref: HOE 16410),36679,34123-59-6,CC(C)c1ccc(NC(=O)N(C)C)cc1,0,DEVELOPMENT,3,3,2.903500000000001,206.289,32.34,1.0,2.0,1.0,0.0,0.0,0.2827596509662141,0.0769739342312387
413,Furalaxyl (Ref: IPE 134),42504,57646-30-7,COC(=O)C(C)N(C(=O)c1ccco1)c1c(C)cccc1C,1,DEVELOPMENT,62,2,3.1047400000000014,301.34200000000004,59.75,0.0,4.0,2.0,0.0,0.0,-0.755361864011475,0.14609342184725
414,Difenoxuron (Ref: C3470),26576,14214-32-5,COc1ccc(Oc2ccc(NC(=O)N(C)C)cc2)cc1,0,DEVELOPMENT,3,3,3.581000000000002,286.331,50.800000000000004,1.0,4.0,2.0,0.0,0.0,-0.6313315660421975,0.1222725542646136
415,Isoprocarb (Ref: OMS 32),17517,2631-40-5,CNC(=O)Oc1ccccc1C(C)C,1,DEVELOPMENT,12,1,2.528200000000001,193.24599999999998,38.33,1.0,2.0,1.0,0.0,0.0,-0.0428951865688033,0.105533076458571
416,Mefluidide (Ref: MBR 12325),40896,53780-34-0,CC(=O)Nc1cc(NS(=O)(=O)C(F)(F)F)c(C)cc1C,0,DEVELOPMENT,378,3,2.52334,310.297,83.65,2.0,3.0,1.0,3.0,0.0,0.544710376041741,0.1985691467360792
417,(E)-dec-5-enyl acetate,5363095,38421-90-8,CCCCC=CCCCCOC(C)=O,0,DEVELOPMENT,22,3,3.4662000000000024,198.30599999999995,26.3,0.0,8.0,0.0,0.0,0.0,1.228659341388439,0.0762096912275034
418,2-Chloro-N-(2-ethyl-6-methylphenyl)-N-(2-methoxy-1-methylethyl)acetamide,4169,51218-45-2,CCc1cccc(C)c1N(C(=O)CCl)C(C)COC,0,DEVELOPMENT,6,1,3.1641200000000014,283.799,29.540000000000003,0.0,6.0,1.0,1.0,0.0,-0.3598898944041315,0.0841910756520357
419,O-(4-bromo-2-chlorophenyl) O-ethyl S-propyl ester phosphorothioic acid,38779,41198-08-7,CCCSP(=O)(OCC)Oc1ccc(Br)cc1Cl,1,DEVELOPMENT,154,3,5.7691000000000034,373.63599999999997,70.64,0.0,7.0,1.0,2.0,3.0,1.3408918676929904,0.1769905464877015
421,"beta-(4-Chlorophenoxy)-alpha-(1,1-dimethylethyl)-1H-1,2,4-triazole-1-ethanol",41368,55219-65-3,CC(C)(C)C(O)C(Oc1ccc(Cl)cc1)n1cncn1,0,DEVELOPMENT,27,3,2.916100000000001,295.77,60.17,1.0,4.0,2.0,1.0,0.0,-0.3257635488900188,0.1305325925944607
423,Triflumuron (Ref: OMS 2015),47445,64628-44-0,O=C(NC(=O)c1ccccc1Cl)Nc1ccc(OC(F)(F)F)cc1,0,DEVELOPMENT,50,4,4.200500000000002,358.70300000000003,67.43,2.0,3.0,2.0,4.0,0.0,-0.1612487962906753,0.1549252794189144
424,Bitertanol (Ref: KWG 0599),91656,55179-31-2,CC(C)(C)C(O)C(Oc1ccc(-c2ccccc2)cc1)n1cncn1,0,DEVELOPMENT,27,3,3.929700000000002,337.423,60.17,1.0,5.0,3.0,0.0,0.0,-0.1732570010927006,0.105147849425576
425,"2,6-Dinitro-N1,N1-dipropyl-4-(trifluoromethyl)-1,3-benzenediamine",34469,29091-21-2,CCCN(CCC)c1c([N+](=O)[O-])cc(C(F)(F)F)c(N)c1[N+](=O)[O-],0,DEVELOPMENT,23,2,3.730400000000002,350.2970000000001,115.53999999999999,1.0,7.0,1.0,3.0,0.0,-0.3467807006406249,0.2202547604226442
426,Dienochlor (Ref: SAN 804),16686,2227-17-0,ClC1=C(Cl)C(Cl)(C2(Cl)C(Cl)=C(Cl)C(Cl)=C2Cl)C(Cl)=C1Cl,0,DEVELOPMENT,377,2,7.725599999999999,474.6400000000002,0.0,0.0,1.0,0.0,10.0,0.0,3.974401827483861,0.0
427,"N-(2,6-Dimethylphenyl)-N-(methoxyacetyl)alanine methyl ester",42586,57837-19-1,COCC(=O)N(c1c(C)cccc1C)C(C)C(=O)OC,0,DEVELOPMENT,6,1,1.8443400000000003,279.336,55.84,0.0,5.0,1.0,0.0,0.0,-0.2807294482879355,0.1457525323018007
430,Flucythrinate (Ref: OMS 2007),50980,70124-77-5,CC(C)C(C(=O)OC(C#N)c1cccc(Oc2ccccc2)c1)c1ccc(OC(F)F)cc1,1,DEVELOPMENT,4,4,6.627980000000005,451.46900000000005,68.55000000000001,0.0,9.0,3.0,2.0,0.0,-0.4049264628932909,0.1168258638032459
432,Prochloraz (Ref: BTS 40542),73665,67747-09-5,CCCN(CCOc1c(Cl)cc(Cl)cc1Cl)C(=O)n1ccnc1,0,DEVELOPMENT,375,1,4.602400000000004,376.67100000000005,47.36,0.0,6.0,2.0,3.0,0.0,-0.4308954617292468,0.1248424123439265
433,Milbemycin A4,9959038,51596-11-3,CCC1OC2(CCC1C)CC1CC(CC=C(C)CC(C)C=CC=C3COC4C(O)C(C)=CC(C(=O)O1)C34O)O2,1,DEVELOPMENT,58,1,4.924300000000007,542.7130000000003,94.45,2.0,1.0,0.0,0.0,0.0,-0.7327652392085859,0.0911822769299831
434,Etrimfos,37995,38260-54-7,CCOc1cc(OP(=S)(OC)OC)nc(CC)n1,1,DEVELOPMENT,97,4,2.3338,292.297,104.60000000000001,0.0,7.0,1.0,0.0,3.0,-0.4460881066573121,0.2496667587032041
435,Ipsenol,93186,35628-05-8,C=CC(=C)CC(O)CC(C)C,0,DEVELOPMENT,374,5,2.5257000000000005,154.253,20.23,1.0,5.0,0.0,0.0,0.0,1.891258609235732,0.0317186253865065
436,"N,N'-[Thiobis[(methylimino)carbonyloxy]]bisethanimidothioic acid dimethyl ester",62155,59669-26-0,CSC(C)=NOC(=O)N(C)SN(C)C(=O)ON=C(C)SC,1,DEVELOPMENT,25,5,3.079200000000002,354.4790000000001,159.70000000000002,0.0,4.0,0.0,0.0,0.0,2.1107559059049885,0.3119267440704018
437,"1,1-Dichloro-N-[(dimethylamino)sulfonyl]-1-fluoro-N-(4-methylphenyl)methanesulfenamide",12898,731-27-1,Cc1ccc(N(SC(F)(Cl)Cl)S(=O)(=O)N(C)C)cc1,0,DEVELOPMENT,158,3,3.314420000000002,347.2640000000001,74.3,0.0,5.0,1.0,3.0,0.0,1.8488318490227893,0.1939238867439995
438,Climbazole (Ref: 106162),37907,38083-17-9,CC(C)(C)C(=O)C(Oc1ccc(Cl)cc1)n1ccnc1,1,DEVELOPMENT,96,3,3.729300000000002,292.766,44.120000000000005,0.0,4.0,2.0,1.0,0.0,1.308123315882142,0.116850229099817
439,Fenpropidin (Ref: CGA 114900),91694,67306-00-7,CC(Cc1ccc(C(C)(C)C)cc1)CN1CCCCC1,1,DEVELOPMENT,156,2,4.6486000000000045,273.464,3.24,0.0,4.0,1.0,0.0,0.0,4.15523159273653,0.0120342032348335
441,Diclobutrazol (Ref: PP296),53309,75736-33-3,CC(C)(C)C(O)C(Cc1ccc(Cl)cc1Cl)n1cncn1,1,DEVELOPMENT,27,3,3.7757000000000023,328.243,50.94,1.0,4.0,2.0,2.0,0.0,0.7551702149209408,0.0968823096723023
443,Triclopyr-triethylammonium,42163,57213-69-1,CCN(CC)CC,0,DEVELOPMENT,372,3,1.3481,101.193,3.24,0.0,3.0,0.0,0.0,0.0,1.1703335583083645,0.0285250860823192
445,Ofurace (Ref: AE F057623),42850,58810-48-3,Cc1cccc(C)c1N(C(=O)CCl)C1CCOC1=O,0,DEVELOPMENT,95,1,2.19074,281.739,46.61,0.0,3.0,1.0,1.0,0.0,1.4360881201482485,0.1451858458982808
446,Cyphenothrin (Ref: S 2703),38283,39515-40-7,CC(C)=CC1C(C(=O)OC(C#N)c2cccc(Oc3ccccc3)c2)C1(C)C,1,DEVELOPMENT,4,4,5.825180000000005,375.4680000000001,59.32000000000001,0.0,6.0,2.0,0.0,0.0,0.2287341993219355,0.1060341096221105
448,Fluazifop-butyl (Ref: SL 236),50897,69806-50-4,CCCCOC(=O)C(C)Oc1ccc(Oc2ccc(C(F)(F)F)cn2)cc1,0,DEVELOPMENT,13,3,5.003300000000005,383.366,57.650000000000006,0.0,8.0,2.0,3.0,0.0,-0.1061236992919441,0.1290926579559395
450,Dimefuron (Ref: RP 23465),91612,34205-21-5,CN(C)C(=O)Nc1ccc(-n2nc(C(C)(C)C)oc2=O)c(Cl)c1,0,DEVELOPMENT,3,3,2.8699000000000012,338.7950000000001,80.37,1.0,2.0,2.0,1.0,0.0,-0.2174899254875739,0.1721456704475619
451,Pencycuron (Ref: NTN 19701),91692,66063-05-6,O=C(Nc1ccccc1)N(Cc1ccc(Cl)cc1)C1CCCC1,0,DEVELOPMENT,3,3,5.3167000000000035,328.84300000000013,32.34,1.0,4.0,2.0,1.0,0.0,-0.0030995374533934,0.0584884608169652
452,Pyridafenthion (Ref: ENT 23968)),8381,119-12-0,CCOP(=S)(OCC)Oc1ccc(=O)n(-c2ccccc2)n1,1,DEVELOPMENT,73,1,2.908800000000001,340.341,104.48,0.0,7.0,2.0,0.0,3.0,1.4214363317287024,0.2236308188576007
454,Azamethiphos (Ref: GCA 18809),71482,35575-96-3,COP(=O)(OC)SCn1c(=O)oc2cc(Cl)cnc21,1,DEVELOPMENT,104,4,2.7345000000000006,324.682,118.66999999999999,0.0,5.0,2.0,1.0,3.0,0.2109958892074065,0.3463566141760891
455,2-[(Aminomethoxyphosphinothioyl)oxy]benzoic acid 1-methylethyl ester,90479,24353-61-5,COP(N)(=S)Oc1ccccc1C(=O)OC(C)C,1,DEVELOPMENT,93,4,2.4602000000000004,289.29300000000006,112.68000000000002,1.0,5.0,1.0,0.0,1.0,-0.6807937462403785,0.2283323989040855
456,Chlozolinate (Ref: M 8164),51574,84332-86-5,CCOC(=O)C1(C)OC(=O)N(c2cc(Cl)cc(Cl)c2)C1=O,0,DEVELOPMENT,78,3,2.798400000000001,332.13900000000007,72.91,0.0,3.0,1.0,2.0,0.0,-0.8443076150876542,0.225542331439409
458,"Phosphorothioic acid O-(2,6-dichloro-4-methylphenyl) O,O-dimethyl ester",91664,57018-04-9,COP(=S)(OC)Oc1c(Cl)cc(C)cc1Cl,0,DEVELOPMENT,18,5,4.197920000000002,301.131,69.59,0.0,4.0,1.0,2.0,3.0,0.1838238245994667,0.2032928129766028
459,Butocarboxim (Ref: Co 755),5360962,34681-10-2,CNC(=O)ON=C(C)C(C)SC,1,DEVELOPMENT,25,5,1.4698,190.268,75.99,1.0,3.0,0.0,0.0,0.0,0.4967668357452773,0.2082571310111261
461,"(4aS)-7-Chloro-2,5-dihydro-2-[[(methoxycarbonyl)[4-(trifluoromethoxy)phenyl]amino]carbonyl]indeno[1,2-e][1,3,4]oxadiazine-4a(3H)-carboxylic acid methyl ester",107720,173584-44-6,COC(=O)N(C(=O)N1COC2(C(=O)OC)Cc3cc(Cl)ccc3C2=N1)c1ccc(OC(F)(F)F)cc1,1,DEVELOPMENT,371,2,4.093300000000003,527.8390000000002,106.97000000000001,0.0,3.0,2.0,4.0,0.0,-0.0451722310870711,0.2137338920785131
462,Fenoxycarb (Ref: OMS 3010),51605,79127-80-3,CCOC(=O)NCCOc1ccc(Oc2ccccc2)cc1,0,DEVELOPMENT,15,4,3.6038000000000023,301.34200000000004,56.790000000000006,1.0,7.0,2.0,0.0,0.0,-0.7413714909409276,0.1275496464839763
464,Bifenthrin (Ref: FMC 54800),6442842,82657-04-3,Cc1c(COC(=O)C2C(C=C(Cl)C(F)(F)F)C2(C)C)cccc1-c1ccccc1,1,DEVELOPMENT,4,4,6.662420000000005,422.8740000000001,26.3,0.0,5.0,2.0,4.0,0.0,1.3632920879358654,0.0492603210622511
465,"3-[2-Chloro-2-(4-chlorophenyl)ethenyl]-2,2-dimethylcyclopropanecarboxylic acid cyano(4-fluoro-3-phenoxyphenyl)methyl ester",6033664,69770-45-2,CC1(C)C(C=C(Cl)c2ccc(Cl)cc2)C1C(=O)OC(C#N)c1ccc(F)c(Oc2ccccc2)c1,1,DEVELOPMENT,4,4,7.931380000000007,510.3920000000002,59.32000000000001,0.0,7.0,3.0,3.0,0.0,-0.4596747171895594,0.0960346432487818
466,"2-[[[[(4,6-Dimethyl-2-pyrimidinyl)amino]carbonyl]amino]sulfonyl]benzoic acid, Methyl ester",52997,74222-97-2,COC(=O)c1ccccc1S(=O)(=O)NC(=O)Nc1nc(C)cc(C)n1,0,DEVELOPMENT,0,4,1.39044,364.3830000000001,135.73,2.0,4.0,2.0,0.0,0.0,1.6936158222542712,0.2717368779214728
467,Benalaxyl (Ref: M 9834),51369,71626-11-4,COC(=O)C(C)N(C(=O)Cc1ccccc1)c1c(C)cccc1C,0,DEVELOPMENT,6,1,3.440640000000002,325.4080000000001,46.61,0.0,5.0,2.0,0.0,0.0,1.563221357295577,0.1038808787499153
468,Aviglycine,6436272,49669-74-1,NCCOC=CC(N)C(=O)O,0,DEVELOPMENT,370,5,-1.112699999999999,160.17299999999997,98.57000000000001,3.0,5.0,0.0,0.0,0.0,-2.6191585115493705,0.2015413787278605
469,Dimethametryn (Ref: C 18898),31573,22936-75-0,CCNc1nc(NC(C)C(C)C)nc(SC)n1,0,DEVELOPMENT,8,3,2.4817,255.391,88.03,2.0,6.0,1.0,0.0,0.0,-0.9399004156282867,0.157379172131858
470,Sulfometuron,52998,74223-56-6,Cc1cc(C)nc(NC(=O)NS(=O)(=O)c2ccccc2C(=O)O)n1,0,DEVELOPMENT,0,4,1.3020399999999999,350.3560000000001,146.72999999999996,3.0,4.0,2.0,0.0,0.0,-1.0353865968415092,0.2942298959882904
473,5-decenol (Ref: BAS 287 1),5283292,56578-18-8,CCCCC=CCCCCO,0,DEVELOPMENT,22,3,2.8954000000000018,156.26899999999998,20.23,1.0,7.0,0.0,0.0,0.0,1.538613842288682,0.0350418216145964
476,Oxadixyl (Ref: SAN 371F),53735,77732-09-3,COCC(=O)N(c1c(C)cccc1C)N1CCOC1=O,0,DEVELOPMENT,95,1,1.6500400000000004,278.308,59.080000000000005,0.0,4.0,1.0,0.0,0.0,-0.3672783019525723,0.174944688526553
478,Metazachlor (Ref: BAS 47900H),49384,67129-08-2,Cc1cccc(C)c1N(Cn1cccn1)C(=O)CCl,0,DEVELOPMENT,6,1,2.729440000000001,277.755,38.13,0.0,4.0,2.0,1.0,0.0,1.4516764974942216,0.1066077160802452
479,Thiocyclam,35970,31895-21-3,CN(C)C1CSSSC1,0,DEVELOPMENT,368,5,1.9597999999999998,181.351,79.14,0.0,1.0,0.0,0.0,0.0,2.0908905337788664,0.2690808285629001
480,"2-Ethoxy-2,3-dihydro-3,3-dimethyl-5-benzofuranol 5-methanesulfonate",33360,26225-79-6,CCOC1Oc2ccc(OS(C)(=O)=O)cc2C1(C)C,0,DEVELOPMENT,367,4,2.0576,286.34900000000005,70.21000000000001,0.0,4.0,1.0,0.0,0.0,-0.5331013454308422,0.1955192263291249
481,Beta-cyfluthrin (Ref: OMS 3051),56608859,1820573-27-0,CC1(C)C(C=C(Cl)Cl)C1C(=O)OC(C#N)c1ccc(F)c(Oc2ccccc2)c1,1,DEVELOPMENT,4,4,6.317080000000003,434.29400000000015,59.32000000000001,0.0,6.0,2.0,3.0,0.0,-0.3345554738411863,0.1142604175434472
483,Diniconazole (Ref: XE-779),6436605,83657-24-3,CC(C)(C)C(O)C(=Cc1ccc(Cl)cc1Cl)n1cncn1,0,DEVELOPMENT,27,3,3.990000000000003,326.22700000000003,50.94,1.0,3.0,2.0,2.0,0.0,0.338362244084451,0.1061144987667364
484,2-[1-Methyl-2-(4-phenoxyphenoxy)ethoxy]pyridine,91753,95737-68-1,CC(COc1ccc(Oc2ccccc2)cc1)Oc1ccccn1,0,DEVELOPMENT,365,4,4.720200000000004,321.37600000000003,40.58,0.0,7.0,3.0,0.0,0.0,-0.2984244173815185,0.1006992843371252
486,Oxabetrinil (Ref: CGA 92194),9576081,94593-79-0,N#CC(=NOCC1OCCO1)c1ccccc1,0,DEVELOPMENT,157,5,1.3037800000000002,232.239,63.84,0.0,4.0,1.0,0.0,0.0,-0.4848919090233762,0.2047706297693181
487,"(2R,6S)-rel-4-[3-[4-(1,1-Dimethylethyl)phenyl]-2-methylpropyl]-2,6-dimethylmorpholine  ",93365,67564-91-4,CC(Cc1ccc(C(C)(C)C)cc1)CN1CC(C)OC(C)C1,0,DEVELOPMENT,156,2,4.271900000000004,303.49000000000007,12.47,0.0,4.0,1.0,0.0,0.0,3.674852302413369,0.0335408271163824
488,Imazaquin (Ref: BAS 725H),54739,81335-37-7,CC(C)C1(C)N=C(c2nc3ccccc3cc2C(=O)O)NC1=O,1,DEVELOPMENT,26,1,2.2241,311.341,91.65,2.0,3.0,2.0,0.0,0.0,-0.9960935404482056,0.174057349345985
490,Triflumizole (Ref: NF 114 ),91699,99387-89-0,CCCOCC(=Nc1ccc(Cl)cc1C(F)(F)F)n1ccnc1,0,DEVELOPMENT,364,3,4.560200000000004,345.752,39.41,0.0,5.0,2.0,4.0,0.0,1.4038476156067652,0.0998773758495606
494,"[(3,5,6-Trichloro-2-pyridinyl)oxy]acetic acid, 2-Butoxyethyl ester",47455,64700-56-7,CCCCOCCOC(=O)COc1nc(Cl)c(Cl)cc1Cl,0,DEVELOPMENT,94,5,3.7805000000000026,356.63300000000004,57.650000000000006,0.0,9.0,1.0,3.0,0.0,-0.4798236977881994,0.1539437386279457
495,Metsulfuron (Ref: IN F5438),91730,79510-48-8,COc1nc(C)nc(NC(=O)NS(=O)(=O)c2ccccc2C(=O)O)n1,0,DEVELOPMENT,0,4,0.39721999999999946,367.3430000000001,168.84999999999997,3.0,5.0,2.0,0.0,0.0,-2.041682445502248,0.3471151144233103
498,Diethofencarb (Ref: S 1605),91742,87130-20-9,CCOc1ccc(NC(=O)OC(C)C)cc1OCC,0,DEVELOPMENT,54,4,3.440900000000002,267.325,56.790000000000006,1.0,6.0,1.0,0.0,0.0,-0.5191603815777782,0.1247956445494229
499,Mepronil (Ref: B1 2459),41632,55814-41-0,Cc1ccccc1C(=O)Nc1cccc(OC(C)C)c1,0,DEVELOPMENT,15,4,4.034520000000002,269.344,38.33,1.0,4.0,2.0,0.0,0.0,-0.0227689944257729,0.0833981012459079
500,"5-[2-Chloro-4-(trifluoromethyl)phenoxy]-2-nitrobenzoic acid, 2-Ethoxy-1-methyl-2-oxoethyl ester",62276,77501-63-4,CCOC(=O)C(C)OC(=O)c1cc(Oc2ccc(C(F)(F)F)cc2Cl)ccc1[N+](=O)[O-],0,DEVELOPMENT,28,4,5.1677000000000035,461.77600000000007,104.97,0.0,7.0,2.0,4.0,0.0,0.1079463607893864,0.2180963563291315
501,Uniconazole (Ref: XE 1019),6436604,83657-22-1,CC(C)(C)C(O)C(=Cc1ccc(Cl)cc1)n1cncn1,0,DEVELOPMENT,72,4,3.3366000000000025,291.782,50.94,1.0,3.0,2.0,1.0,0.0,0.8462109660894198,0.1066337002393505
503,Isofenphos-methyl,127394,99675-03-3,COP(=S)(NC(C)C)Oc1ccccc1C(=O)OC(C)C,1,DEVELOPMENT,93,4,3.499500000000002,331.3740000000001,98.69000000000001,1.0,7.0,1.0,0.0,1.0,-0.2630331333869662,0.1807830236601411
505,Benfuracarb,54886,82560-54-1,CCOC(=O)CCN(SN(C)C(=O)Oc1cccc2c1OC(C)(C)C2)C(C)C,1,DEVELOPMENT,81,2,4.057500000000004,410.53600000000023,93.61000000000001,0.0,8.0,1.0,0.0,0.0,-0.4371241303836584,0.1660134280558317
506,"2-(2-Chloroethoxy)-N-[[(4-methoxy-6-methyl-1,3,5-triazin-2-yl)amino]carbonyl]benzenesulfonamide",73282,82097-50-5,COc1nc(C)nc(NC(=O)NS(=O)(=O)c2ccccc2OCCCl)n1,0,DEVELOPMENT,0,4,1.3166199999999995,401.83200000000016,140.78,2.0,7.0,2.0,1.0,0.0,-0.4576912985451182,0.2748641335689862
507,Imazethapyr (Ref: AC 252925),54740,81335-77-5,CCc1cnc(C2=NC(C)(C(C)C)C(=O)N2)c(C(=O)O)c1,0,DEVELOPMENT,26,1,1.6333000000000002,289.335,91.65,2.0,4.0,1.0,0.0,0.0,-0.8791221467308826,0.1830891663815863
509,Aclonifen (Ref: AE F068300),92389,74070-46-5,Nc1c([N+](=O)[O-])ccc(Oc2ccccc2)c1Cl,0,DEVELOPMENT,362,1,3.622700000000001,264.668,78.39,1.0,3.0,2.0,1.0,0.0,-0.5165916863781855,0.1891126272360561
511,"2-[(2-Chlorophenyl)methyl]-4,4-dimethyl-3-isoxazolidinone",54778,81777-89-1,CC1(C)CON(Cc2ccccc2Cl)C1=O,0,DEVELOPMENT,129,3,2.6400000000000006,239.702,29.54,0.0,2.0,1.0,1.0,0.0,1.4267857876959014,0.1140898523280267
512,Fenothiocarb (Ref: KCO 3001),44178,62850-32-2,CN(C)C(=O)SCCCCOc1ccccc1,0,DEVELOPMENT,361,1,3.2604000000000024,253.367,54.84,0.0,6.0,1.0,0.0,0.0,-0.0915368364482639,0.1234954085208891
514,Sulfluramid (Ref: GX 071),77797,4151-50-2,CCNS(=O)(=O)C(F)(F)C(F)(F)C(F)(F)C(F)(F)C(F)(F)C(F)(F)C(F)(F)C(F)(F)F,1,DEVELOPMENT,360,2,4.892600000000002,527.196,54.550000000000004,1.0,9.0,0.0,17.0,0.0,3.567335404779997,0.1117661600941521
515,"3-(N-butyl-N-acetyl)-aminopropionic acid, ethyl ester (Ref: OMS 3065)",104150,52304-36-6,CCCCN(CCC(=O)OCC)C(C)=O,0,DEVELOPMENT,150,2,1.5882,215.29299999999995,46.61,0.0,7.0,0.0,0.0,0.0,-0.2300356907998541,0.1374752686567155
517,Pyrazosulfuron-ethyl (Ref: NC 311),91750,93697-74-6,CCOC(=O)c1cnn(C)c1S(=O)(=O)NC(=O)Nc1nc(OC)cc(OC)n1,0,DEVELOPMENT,0,4,-0.08559999999999879,414.4000000000002,172.00999999999993,2.0,7.0,2.0,0.0,0.0,-0.4182738831421194,0.3211753644322893
519,Quinmerac (Ref: BAS 518H),91749,90717-03-6,Cc1cnc2c(C(=O)O)c(Cl)ccc2c1,0,DEVELOPMENT,53,4,2.89482,221.643,50.19,1.0,1.0,2.0,1.0,0.0,0.305424684299392,0.1668568519907857
520,"3,7-Dichloro-8-quinolinecarboxylic acidZ",91739,84087-01-4,O=C(O)c1c(Cl)ccc2cc(Cl)cnc12,0,DEVELOPMENT,53,4,3.2398000000000007,242.061,50.19,1.0,1.0,2.0,2.0,0.0,0.1866887714240395,0.1827463055865629
521,Imazamethabenz (Ref: AC 263840),3034382,100728-84-5,Cc1ccc(C(=O)O)c(C2=NC(C)(C(C)C)C(=O)N2)c1,0,DEVELOPMENT,26,1,1.9843199999999999,274.31999999999994,78.75999999999999,2.0,3.0,1.0,0.0,0.0,-0.8750836828724532,0.1618464388434665
522,Pyraclofos (Ref: OMS 3040),93460,89784-60-1,CCCSP(=O)(OCC)Oc1cnn(-c2ccc(Cl)cc2)c1,1,DEVELOPMENT,154,3,5.192300000000004,360.803,88.46000000000001,0.0,8.0,2.0,1.0,3.0,1.128525023191962,0.1956889624671042
523,Thifensulfuron-methyl (Ref: DPX M6316),73674,79277-27-3,COC(=O)c1sccc1S(=O)(=O)NC(=O)Nc1nc(C)nc(OC)n1,1,DEVELOPMENT,2,2,0.5471199999999999,387.39900000000017,186.08999999999997,2.0,5.0,2.0,0.0,0.0,-1.5778861507489348,0.3808370833079727
524,Bensulfuron-methyl (Ref: DPX F5384),54960,83055-99-6,COC(=O)c1ccccc1CS(=O)(=O)NC(=O)Nc1nc(OC)cc(OC)n1,0,DEVELOPMENT,0,4,0.9319000000000001,410.40800000000013,154.19,2.0,7.0,2.0,0.0,0.0,-0.2690277554359026,0.2853983569104573
525,Flutolanil (Ref: NNF 136),47898,66332-96-5,CC(C)Oc1cccc(NC(=O)c2ccccc2C(F)(F)F)c1,0,DEVELOPMENT,15,4,4.744900000000003,323.31399999999996,38.33,1.0,4.0,2.0,3.0,0.0,0.4878155875094608,0.080627418543205
526,"2-Chloro-N-[2,6-dinitro-4-(trifluoromethyl)phenyl]-N-ethyl-6-fluorobenzenemethanamine",62210,62924-70-3,CCN(Cc1c(F)cccc1Cl)c1c([N+](=O)[O-])cc(C(F)(F)F)cc1[N+](=O)[O-],0,DEVELOPMENT,23,2,5.340800000000003,421.7340000000001,89.52,0.0,6.0,2.0,5.0,0.0,0.971427348529831,0.2012414384400528
527,Bensulfuron (Ref: IN R9419),107828,99283-01-9,COc1cc(OC)nc(NC(=O)NS(=O)(=O)Cc2ccccc2C(=O)O)n1,0,DEVELOPMENT,0,4,0.8434999999999999,396.38100000000014,165.19,3.0,7.0,2.0,0.0,0.0,-1.3328156608603536,0.3058366133401003
528,Diclomezine (Ref: F-850),93341,62865-36-5,Cc1c(Cl)cc(-c2ccc(=O)[nH]n2)cc1Cl,0,DEVELOPMENT,359,4,3.0521200000000013,255.104,45.75,1.0,1.0,2.0,2.0,0.0,1.4853048614353612,0.1286867629315847
529,"2-[[[[[4,6-Bis(difluoromethoxy)-2-pyrimidinyl]amino]carbonyl]amino]sulfonyl]benzoic acid, Methyl ester",101525,86209-51-0,COC(=O)c1ccccc1S(=O)(=O)NC(=O)Nc1nc(OC(F)F)cc(OC(F)F)n1,0,DEVELOPMENT,0,4,1.9763999999999997,468.34100000000007,154.19,2.0,8.0,2.0,4.0,0.0,-0.0301539490219547,0.3005981484101823
530,Diflumetorim (Ref: UBF 002),93341,130339-07-0,CCC(Nc1ncnc(C)c1Cl)c1ccc(OC(F)F)cc1,1,DEVELOPMENT,358,1,4.6030200000000026,327.762,47.040000000000006,1.0,6.0,2.0,3.0,0.0,-0.0896292126946362,0.0994140729361869
531,Pretilachlor (Ref: CGA 26423),91644,51218-49-6,CCCOCCN(C(=O)CCl)c1c(CC)cccc1CC,0,DEVELOPMENT,6,1,3.8098000000000027,311.85300000000007,29.54,0.0,9.0,1.0,1.0,0.0,0.698183629319367,0.0713295512902001
532,Imazamethabenz-methyl (Ref: AC 222293),54744,81405-85-8,COC(=O)c1cc(C)ccc1C1=NC(C)(C(C)C)C(=O)N1,0,DEVELOPMENT,26,1,2.07272,288.347,67.75999999999999,1.0,3.0,1.0,0.0,0.0,-0.82540032990527,0.1417384891381096
533,Methoxyfenozide (Ref: RH 2485),105010,161050-58-4,COc1cccc(C(=O)NN(C(=O)c2cc(C)cc(C)c2)C(C)(C)C)c1C,0,DEVELOPMENT,71,5,4.206160000000003,368.47700000000015,58.64,1.0,3.0,2.0,0.0,0.0,0.9984845214019624,0.0965058003294406
534,Imazamox (Ref: BAS 720H),86137,114311-32-9,COCc1cnc(C2=NC(C)(C(C)C)C(=O)N2)c(C(=O)O)c1,0,DEVELOPMENT,26,1,1.2173000000000003,305.33400000000006,100.88000000000001,2.0,5.0,1.0,0.0,0.0,-1.1065241169130773,0.2048361922365421
536,Halofenozide (Ref: RH 0345),114994,112226-61-6,CC(C)(C)N(NC(=O)c1ccc(Cl)cc1)C(=O)c1ccccc1,0,DEVELOPMENT,71,5,3.9257000000000026,330.81500000000005,49.410000000000004,1.0,2.0,2.0,1.0,0.0,1.0270834804425186,0.0975359727334305
541,"[[2-Chloro-4-fluoro-5-[(tetrahydro-3-oxo-1H,3H-[1,3,4]thiadiazolo [3,4-a]pyridazin-1-ylidine)amino]phenyl]thioacetic acid methyl ester",93542,117337-19-6,COC(=O)CSc1cc(N=c2sc(=O)n3n2CCCC3)c(F)cc1Cl,0,DEVELOPMENT,113,2,2.7951000000000015,403.88800000000026,119.13000000000002,0.0,4.0,2.0,2.0,0.0,1.583499477713785,0.233969501461516
542,Aminopyralid (Ref: XDE 750),213012,150114-71-9,Nc1cc(Cl)nc(C(=O)O)c1Cl,1,DEVELOPMENT,35,4,1.6688,207.01600000000002,76.21,2.0,1.0,1.0,2.0,0.0,-2.579254921318164,0.2441612903372179
543,"N-[[4,6-Dimethoxy-2-pyrimidinyl)amino]carbonyl]-3-(trifluoromethyl)-2-pyridinesulfonamide",93539,104040-78-0,COc1cc(OC)nc(NC(=O)NS(=O)(=O)c2ncccc2C(F)(F)F)n1,0,DEVELOPMENT,0,4,1.418,407.33000000000004,140.78,2.0,5.0,2.0,3.0,0.0,-1.238471079061479,0.2958460498025804
544,Chlorantraniliprole (Ref: DPX E2Y45),11271640,500008-45-7,CNC(=O)c1cc(Cl)cc(C)c1NC(=O)c1cc(Br)nn1-c1ncccc1Cl,1,DEVELOPMENT,63,3,4.256920000000002,483.153,88.91000000000001,2.0,4.0,3.0,3.0,0.0,-1.0720109393708015,0.1576695157922982
545,Tebufenpyrad (Ref: AC 801757),86354,119168-77-3,CCc1nn(C)c(C(=O)NCc2ccc(C(C)(C)C)cc2)c1Cl,1,DEVELOPMENT,136,4,3.863400000000003,333.86300000000006,46.92,1.0,4.0,2.0,1.0,0.0,0.4386102137090571,0.0837762867066265
547,"4,6-Dimethyl-N-phenyl-2-pyrimidinamine",91650,53112-28-0,Cc1cc(C)nc(Nc2ccccc2)n1,0,DEVELOPMENT,77,3,2.837040000000001,199.25700000000003,37.81,1.0,2.0,2.0,0.0,0.0,0.4096855098144091,0.0918557037999638
549,"3,5-Dichloro-N-(3-chloro-1-ethyl-1-methyl-2-oxopropyl)-4-methylbenzamide",122087,156052-68-5,CCC(C)(NC(=O)c1cc(Cl)c(C)c(Cl)c1)C(=O)CCl,0,DEVELOPMENT,355,5,4.008220000000003,336.6460000000001,46.17,1.0,5.0,1.0,3.0,0.0,0.2373258672287845,0.0946674306864484
550,"[3-(4,5-Dihydro-3-isoxazolyl)-2-methyl-4-(methylsulfonyl)phenyl](5-hydroxy-1-methyl-1H-pyrazol-4-yl)methanone",11302979,210631-68-8,Cc1c(C(=O)c2c[nH]n(C)c2=O)ccc(S(C)(=O)=O)c1C1=NOCC1,0,DEVELOPMENT,354,3,0.7807200000000001,363.3950000000002,118.97,1.0,4.0,2.0,0.0,0.0,-1.9543090143680248,0.2558828042952478
551,Prohexadione,184900,88805-35-0,CCC(=O)C1C(=O)CC(C(=O)O)CC1=O,0,DEVELOPMENT,353,2,0.21449999999999964,212.20099999999996,88.50999999999999,1.0,3.0,0.0,0.0,0.0,-0.2680446423214205,0.2804716324910065
552,Diethatyl ethyl (Ref: BAY NNT 6867),38090,38727-55-8,CCOC(=O)CN(C(=O)CCl)c1c(CC)cccc1CC,0,DEVELOPMENT,6,1,2.9463000000000017,311.8090000000001,46.61,0.0,7.0,1.0,1.0,0.0,1.5186879259436037,0.1112105539548141
553,Chlorimuron,91762,99283-00-8,COc1cc(Cl)nc(NC(=O)NS(=O)(=O)c2ccccc2C(=O)O)n1,0,DEVELOPMENT,0,4,1.3472,386.77300000000014,155.95999999999998,3.0,5.0,2.0,1.0,0.0,-1.9683814173388392,0.3294869047683513
555,"Phosphorothioic acid O,O-diethyl-O-(1,2,2,2-tetrachloroethyl) ester",91655,54593-83-8,CCOP(=S)(OCC)OC(Cl)C(Cl)(Cl)Cl,1,DEVELOPMENT,352,5,4.2356000000000025,336.0039999999999,69.59,0.0,6.0,0.0,4.0,3.0,0.4800828116533458,0.1921110761843098
556,Propaquizafop (Ref: CGA 233380),16213016,111479-05-1,CC(C)=NOCCOC(=O)C(C)Oc1ccc(Oc2cnc3cc(Cl)ccc3n2)cc1,0,DEVELOPMENT,13,3,4.798400000000004,443.88700000000017,92.13000000000001,0.0,9.0,3.0,1.0,0.0,-0.7331331462877216,0.1751084774059808
557,"2-[2-Chloro-4-fluoro-5-(1,3,4,5,6,7-hexahydro-1,3-dioxo-2H-isoindol-2-yl)phenoxy]acetic acid pentyl ester",443048,87546-18-7,CCCCCOC(=O)COc1cc(N2C(=O)C3=C(CCCC3)C2=O)c(F)cc1Cl,0,DEVELOPMENT,66,5,4.335100000000004,423.86800000000017,72.91,0.0,8.0,1.0,2.0,0.0,-0.7751080082680971,0.1518507142178454
559,Flamprop-M-isopropyl (Ref: WL 43425),92366,63782-90-1,CC(C)OC(=O)C(C)N(C(=O)c1ccccc1)c1ccc(F)c(Cl)c1,0,DEVELOPMENT,351,4,4.466000000000005,363.81600000000003,46.61,0.0,5.0,2.0,2.0,0.0,1.0359110361545307,0.1072836979255475
560,Cinosulfuron (Ref: CGA 142464),92420,94593-91-6,COCCOc1ccccc1S(=O)(=O)NC(=O)Nc1nc(OC)nc(OC)n1,0,DEVELOPMENT,0,4,0.42440000000000017,413.41200000000015,159.24,2.0,9.0,2.0,0.0,0.0,-1.4544999644080707,0.2983664335837611
563,"1-(1,1-Dimethylethyl)-2-(4-ethylbenzoyl)hydrazide-3,5-dimethylbenzoic acid",91773,112410-23-8,CCc1ccc(C(=O)NN(C(=O)c2cc(C)cc(C)c2)C(C)(C)C)cc1,0,DEVELOPMENT,71,5,4.451540000000004,352.47800000000007,49.410000000000004,1.0,3.0,2.0,0.0,0.0,1.3370098998188265,0.0796479402410772
564,Imidacloprid (Ref: BAY NTN 33893),86418,138261-41-3,O=[N+]([O-])NC1=NCCN1Cc1ccc(Cl)nc1,1,DEVELOPMENT,47,1,0.6879,255.66500000000002,83.66,1.0,3.0,1.0,1.0,0.0,0.202425863316259,0.2651747205992775
567,Quizalofop-P-tefuryl (Ref: UBI C4874 ),86175,119738-06-6,CC(Oc1ccc(Oc2cnc3cc(Cl)ccc3n2)cc1)C(=O)OCC1CCCO1,0,DEVELOPMENT,13,3,4.565000000000004,428.8720000000003,79.77000000000001,0.0,7.0,3.0,1.0,0.0,-0.7850493232365477,0.1644375629948072
568,"N-[[(4,6-Dimethoxy-2-pyrimidinyl)amino]carbonyl]-2-(ethylsulfonyl)imidazo[1,2-a]pyridine-3-sulfonamide",86426,141776-32-1,CCS(=O)(=O)c1nc2ccccn2c1S(=O)(=O)NC(=O)Nc1nc(OC)cc(OC)n1,0,DEVELOPMENT,0,4,0.4454999999999994,470.48900000000026,187.70999999999998,2.0,7.0,3.0,0.0,0.0,-0.3467790345479364,0.3257570872881064
570,Thifensulfuron (Ref: IN L9225),91729,79277-67-1,COc1nc(C)nc(NC(=O)NS(=O)(=O)c2ccsc2C(=O)O)n1,1,DEVELOPMENT,0,4,0.45871999999999985,373.37200000000007,197.08999999999997,3.0,5.0,2.0,0.0,0.0,-3.279535101928193,0.4126927525621921
572,Nicosulfuron (Ref: DPX V9360),73281,111991-09-4,COc1cc(OC)nc(NC(=O)NS(=O)(=O)c2ncccc2C(=O)N(C)C)n1,1,DEVELOPMENT,0,4,0.10100000000000042,410.41200000000015,161.09000000000003,2.0,6.0,2.0,0.0,0.0,-0.6874540712959932,0.302569160217686
573,Fenchlorazole-ethyl (Ref: HOE 070542),3033865,103112-35-2,O=C(Oc1ccccc1)n1c(C(F)(F)F)nc2cc(Cl)c(Cl)cc21,0,DEVELOPMENT,350,1,5.409000000000002,375.133,44.120000000000005,0.0,1.0,3.0,5.0,0.0,1.897040104704437,0.133391259823706
575,"2-(Difluoromethyl)-5-(4,5-dihydro-2-thiazolyl)-4-(2-methylpropyl)-6-(trifluoromethyl)-3-pyridinecarboxylic acid methyl ester",91776,117718-60-2,COC(=O)c1c(C(F)F)nc(C(F)(F)F)c(C2=NCCS2)c1CC(C)C,0,DEVELOPMENT,115,5,4.516500000000003,396.38100000000014,76.85,0.0,5.0,1.0,5.0,0.0,2.46713319337707,0.1450643381221135
576,Triazamate (Ref: RH 7988),86306,110895-43-7,CCOC(=O)CSc1nc(C(C)(C)C)nn1C(=O)N(C)C,0,DEVELOPMENT,349,1,1.7605,314.41100000000006,102.61999999999999,0.0,4.0,1.0,0.0,0.0,-0.434076766623256,0.2123367420741787
577,(alphaE)-alpha-(Methoxyimino)-2-[[[(E)-[1-[3-(trifluoromethyl)phenyl]ethylidene]amino]oxy]methyl]benzeneacteic acid methyl ester,213016,141517-21-7,CON=C(C(=O)OC)c1ccccc1CON=C(C)c1cccc(C(F)(F)F)c1,0,DEVELOPMENT,44,4,4.169700000000004,408.37600000000003,69.48,0.0,7.0,2.0,3.0,0.0,0.261896426209609,0.1401995842763639
578,Imazapic (Ref: AC 263222),91770,104098-48-8,Cc1cnc(C2=NC(C)(C(C)C)C(=O)N2)c(C(=O)O)c1,0,DEVELOPMENT,26,1,1.37932,275.308,91.65,2.0,3.0,1.0,0.0,0.0,-1.0943151136681004,0.1875712845487426
579,Fenpiclonil (Ref: CGA 142705),91724,74738-17-3,N#Cc1c[nH]cc1-c1cccc(Cl)c1Cl,1,DEVELOPMENT,114,5,3.8601800000000006,237.08899999999997,39.58,1.0,1.0,2.0,2.0,0.0,-0.0442078311397304,0.0955895211722197
580,"4-[2-[4-(1,1-Dimethylethyl)phenyl]ethoxy]quinazoline",86356,120928-09-8,CC(C)(C)c1ccc(CCOc2ncnc3ccccc23)cc1,1,DEVELOPMENT,348,3,4.5488000000000035,306.409,35.010000000000005,0.0,4.0,3.0,0.0,0.0,0.4474692153894435,0.0756928738344913
581,"N-(4-Fluorophenyl)-N-(1-methylethyl)-2-[[5-(trifluoromethyl)-1,3,4-thiadiazol-2-yl]oxy]acetamide",86429,142459-58-3,CC(C)N(C(=O)COc1nnc(C(F)(F)F)s1)c1ccc(F)cc1,0,DEVELOPMENT,347,4,3.5164000000000026,363.336,83.56,0.0,5.0,2.0,4.0,0.0,0.5374844053847174,0.1938750604402712
582,(alphaE)-alpha-(Methoxyimino)-2-[(2-methylphenoxy)methyl]benzeneacetic acid methyl ester,86438,143390-89-0,CON=C(C(=O)OC)c1ccccc1COc1ccccc1C,0,DEVELOPMENT,44,4,3.097520000000002,313.353,57.120000000000005,0.0,6.0,2.0,0.0,0.0,-0.3256048669966433,0.1408807938272178
583,Sulcotrione (Ref: SC 0051),91760,99105-77-8,CS(=O)(=O)c1ccc(C(=O)C2C(=O)CCCC2=O)c(Cl)c1,0,DEVELOPMENT,69,4,1.8645000000000003,328.773,93.72999999999999,0.0,3.0,1.0,1.0,0.0,0.9457130593611146,0.2476607057058615
584,"(2R)-2-[4-(4-Cyano-2-fluorophenoxy)phenoxy]propanoic acid, Butyl ester",180089,122008-85-9,CCCCOC(=O)C(C)Oc1ccc(Oc2ccc(C#N)cc2F)cc1,0,DEVELOPMENT,46,2,4.600280000000004,357.38100000000003,68.55000000000001,0.0,8.0,2.0,1.0,0.0,-0.45474921679026,0.1444756535370429
585,Anilofos (Ref: HOE 30374),91687,64249-01-0,COP(=S)(OC)SCC(=O)N(c1ccc(Cl)cc1)C(C)C,1,DEVELOPMENT,31,5,4.331900000000004,367.86,105.96999999999998,0.0,7.0,1.0,1.0,3.0,-0.1553684650669876,0.2142056671232197
586,"N2-[1,1-Dimethyl-2-(methylsulfonyl)ethyl]-3-iodo-N1-[2-methyl-4-[1,2,2,2-tetrafluoro-1-(trifluoromethyl)ethyl]phenyl]-1,2-benzenedicarboxamide",11193251,272451-65-7,Cc1cc(C(F)(C(F)(F)F)C(F)(F)F)ccc1NC(=O)c1cccc(I)c1C(=O)NC(C)(C)CS(C)(=O)=O,0,DEVELOPMENT,346,2,5.694320000000004,682.396,100.72,2.0,7.0,2.0,8.0,0.0,-0.0665369170869754,0.1301666595345318
587,"2-(Acetyloxy)-3-dodecyl-1,4-naphthalenedione",93315,57960-19-7,CCCCCCCCCCCCC1=C(OC(C)=O)C(=O)c2ccccc2C1=O,0,DEVELOPMENT,345,5,6.193800000000007,384.5160000000001,60.440000000000005,0.0,12.0,1.0,0.0,0.0,1.2594544117698518,0.1080958425232297
588,Fenchlorazole (Ref: HOE 072829),93536,103112-36-3,O=C(O)c1nc(C(Cl)(Cl)Cl)n(-c2ccc(Cl)cc2Cl)n1,0,DEVELOPMENT,344,4,4.099,375.4260000000001,68.00999999999999,1.0,2.0,2.0,5.0,0.0,0.6186449025339343,0.207814392607833
589,(2-Oxo-3-thiazolidinyl)phosphonothioic acid O-ethyl S-(1-methylpropyl)ester,91758,98886-44-3,CCOP(=O)(SC(C)CC)N1CCSC1=O,1,DEVELOPMENT,153,2,3.831500000000003,283.355,107.01999999999998,0.0,6.0,0.0,0.0,1.0,1.566433079357421,0.2511946875646843
590,Iminoctadine triacetate (Ref: DF 125),162366,57520-17-9,NC(N)=NCCCCCCCCNCCCCCCCCN=C(N)N,0,DEVELOPMENT,152,1,1.8040000000000005,355.5750000000001,140.83,5.0,18.0,0.0,0.0,0.0,0.0372894348706103,0.0740832749962265
591,Fenpyroximate (Ref: NNI 850),9576412,134098-61-6,Cc1nn(C)c(Oc2ccccc2)c1C=NOCc1ccc(C(=O)OC(C)(C)C)cc1,0,DEVELOPMENT,343,1,5.026820000000005,421.49700000000024,74.94000000000001,0.0,7.0,3.0,0.0,0.0,-0.3989872842756063,0.1285264224456818
592,Ethametsulfuron-methyl (Ref: DPX-A7881),91756,97780-06-8,CCOc1nc(NC)nc(NC(=O)NS(=O)(=O)c2ccccc2C(=O)OC)n1,1,DEVELOPMENT,0,4,0.6089999999999994,410.4120000000002,169.88,3.0,7.0,2.0,0.0,0.0,-1.5469314366953,0.3019544147076199
593,Sulfentrazone (Ref: FMC 97285),86369,122836-35-5,Cc1nn(-c2cc(NS(C)(=O)=O)c(Cl)cc2Cl)c(=O)n1C(F)F,0,DEVELOPMENT,90,2,2.41582,387.19500000000005,94.37,1.0,4.0,2.0,4.0,0.0,0.8318509164369559,0.2427170271337361
595,Aminocyclopyrachlor (Ref: DPX-MAT28),17747875,858956-08-8,Nc1nc(C2CC2)nc(C(=O)O)c1Cl,0,DEVELOPMENT,35,4,1.2878,213.624,89.10000000000001,2.0,2.0,1.0,1.0,0.0,-1.716665999563679,0.2363085832318576
597,"1,2,3-Benzothiadiazole-7-carbothioic acid S-methyl ester",86412,135158-54-2,CSC(=O)c1cccc2nnsc12,0,DEVELOPMENT,341,3,2.1945000000000006,210.283,96.39,0.0,1.0,2.0,0.0,0.0,2.099303053429649,0.3445231340727135
598,"alpha,2-Dichloro-5-[4-(difluoromethyl)-4,5-dihydro-3-methyl-5-oxo-1H-1,2,4-triazol-1-yl]-4-fluorobenzenepropanoic acid, Ethyl ester",86222,128639-02-1,CCOC(=O)C(Cl)Cc1cc(-n2nc(C)n(C(F)F)c2=O)c(F)cc1Cl,0,DEVELOPMENT,90,2,3.2430200000000022,412.19500000000005,66.12,0.0,6.0,2.0,5.0,0.0,1.8140441224641648,0.1556235741392335
599,Benoxacor (Ref: CGA 154281),62306,98730-04-2,CC1COc2ccccc2N1C(=O)C(Cl)Cl,0,DEVELOPMENT,340,2,2.6042000000000005,260.12,29.54,0.0,1.0,1.0,2.0,0.0,0.0916520606371741,0.1178450450486534
600,Tebutam (Ref: GPC-5544),92299,35256-85-0,CC(C)N(Cc1ccccc1)C(=O)C(C)(C)C,0,DEVELOPMENT,151,4,3.4697000000000022,233.35499999999996,20.310000000000002,0.0,3.0,1.0,0.0,0.0,1.41672372393162,0.0530479723827435
601,"4,5-Dihydro-6-methyl-4-[(E)-(3-pyridinylmethylene)amino]-1,2,4-triazin-3(2H)-one",9576037,123312-89-0,CC1=NNC(=O)N(N=Cc2cccnc2)C1,0,DEVELOPMENT,339,5,0.8166,217.232,69.95,1.0,2.0,1.0,0.0,0.0,0.592962741501406,0.2202458483877251
602,Cymiazol (Ref: CGA 50439),43714,61676-87-7,Cc1ccc(N=c2sccn2C)c(C)c1,0,DEVELOPMENT,338,4,2.9358400000000016,218.32500000000002,45.529999999999994,0.0,1.0,2.0,0.0,0.0,0.8281159431568619,0.1117644862279117
603,Cadusafos (Ref: FMC 67825),91752,95465-99-9,CCOP(=O)(SC(C)CC)SC(C)CC,1,DEVELOPMENT,40,2,5.194400000000004,270.4,86.71,0.0,8.0,0.0,0.0,3.0,2.217565266663208,0.1771235512599907
604,"N-[[(4,6-Dimethoxy-2-pyrimidinyl)amino]carbonyl]-3-(ethylsulfonyl)-2-pyridine sulfonamide",91779,122931-48-0,CCS(=O)(=O)c1cccnc1S(=O)(=O)NC(=O)Nc1nc(OC)cc(OC)n1,0,DEVELOPMENT,0,4,0.19279999999999942,431.4520000000002,183.29999999999995,2.0,7.0,2.0,0.0,0.0,-1.511543251182981,0.342922771880441
605,"2-[[[[[(4,6-Dimethoxy-2-pyrimidinyl)amino]carbonyl]amino]sulfonyl]amino]-N,N-dimethylbenzamide",11091168,213464-77-8,COc1cc(OC)nc(NC(=O)NS(=O)(=O)Nc2ccccc2C(=O)N(C)C)n1,0,DEVELOPMENT,0,4,0.6739999999999997,424.43900000000014,160.23000000000002,3.0,7.0,2.0,0.0,0.0,-0.6889927987080063,0.2694424825020765
606,Fluquinconazole (Ref: AE C597265),86417,136426-54-5,O=c1c2cc(F)ccc2nc(-n2cncn2)n1-c1ccc(Cl)cc1Cl,0,DEVELOPMENT,337,3,3.412300000000001,376.1780000000001,65.6,0.0,2.0,4.0,3.0,0.0,1.145958997992803,0.1864924718263951
607,Tribenuron (Ref: IN R9803),91772,106040-48-6,COc1nc(C)nc(N(C)C(=O)NS(=O)(=O)c2ccccc2C(=O)O)n1,1,DEVELOPMENT,0,4,0.4215199999999999,381.3700000000001,160.06,2.0,5.0,2.0,0.0,0.0,-1.784986617763165,0.3216544976028739
608,Amidosulfuron,91777,120923-37-7,COc1cc(OC)nc(NC(=O)NS(=O)(=O)N(C)S(C)(=O)=O)n1,0,DEVELOPMENT,0,4,-1.2484999999999986,369.3810000000001,173.64999999999998,2.0,6.0,1.0,0.0,0.0,-1.781385681613333,0.381896164119466
609,Triflusulfuron-methyl (Ref: DPX 66037),92434,126535-15-7,COC(=O)c1cccc(C)c1S(=O)(=O)NC(=O)Nc1nc(OCC(F)(F)F)nc(N(C)C)n1,0,DEVELOPMENT,7,2,1.4841199999999997,492.4360000000002,161.08999999999997,2.0,7.0,2.0,3.0,0.0,-0.1763971981054777,0.2618570624242659
610,"2-Chloro-N-[[(4,6-dimethoxy-2-pyrimidinyl)amino]carbonyl]imidazo[1,2-a]pyridine-3-sulfonamide",92433,122548-33-8,COc1cc(OC)nc(NC(=O)NS(=O)(=O)c2c(Cl)nc3ccccn23)n1,0,DEVELOPMENT,0,4,1.3053,412.81500000000005,145.19,2.0,5.0,3.0,1.0,0.0,0.1845148912975226,0.3143268095569139
611,Triflusulfuron,86416,135990-29-3,Cc1cccc(C(=O)O)c1S(=O)(=O)NC(=O)Nc1nc(OCC(F)(F)F)nc(N(C)C)n1,0,DEVELOPMENT,0,4,1.3957199999999998,478.40900000000016,172.08999999999997,3.0,7.0,2.0,3.0,0.0,-1.2584908342784549,0.2770616880799308
612,Metosulam (Ref: XDE 511),86422,139528-85-1,COc1cc(OC)n2nc(S(=O)(=O)Nc3c(Cl)ccc(C)c3Cl)nc2n1,0,DEVELOPMENT,87,5,2.5575200000000002,418.2620000000001,116.09,1.0,5.0,3.0,2.0,0.0,-0.0758643163700849,0.2703950819698534
613,(alphaE)-2-[[6-(2-Cyanophenoxy)-4-pyrimidinyl]oxy]-alpha-(methoxymethylene)benzeneacetic acid methyl ester,3034285,131860-33-8,COC=C(C(=O)OC)c1ccccc1Oc1cc(Oc2ccccc2C#N)ncn1,0,DEVELOPMENT,85,4,4.093180000000004,403.3940000000001,103.56,0.0,7.0,3.0,0.0,0.0,-0.9262594564554008,0.2129082870808423
615,"2-[[[[[4-Ethoxy-6-(methylamino)-1,3,5-triazin-2-yl]amino]carbonyl]amino]sulfonyl]benzoic acid",86304,111353-84-5,CCOc1nc(NC)nc(NC(=O)NS(=O)(=O)c2ccccc2C(=O)O)n1,0,DEVELOPMENT,0,4,0.5205999999999995,396.38500000000016,180.88,4.0,7.0,2.0,0.0,0.0,-2.2167492453462336,0.3264590849284232
620,6-chloro-3-pyridinemethanol,177161,21543-49-7,OCc1ccc(Cl)nc1,0,DEVELOPMENT,68,5,1.2273,143.573,33.120000000000005,1.0,1.0,1.0,1.0,0.0,-0.4046807484089507,0.1363322300490516
623,Oryctalure,92058,56196-53-3,CCCCC(C)CCC(=O)OCC,0,DEVELOPMENT,150,2,3.1560000000000015,186.29499999999996,26.3,0.0,7.0,0.0,0.0,0.0,1.7295705152853385,0.078446618967562
624,Alanycarb,9576091,83130-01-2,CCOC(=O)CCN(Cc1ccccc1)SN(C)C(=O)ON=C(C)SC,1,DEVELOPMENT,149,2,3.7698000000000027,399.5380000000002,122.04,0.0,9.0,1.0,0.0,0.0,0.9384341602568748,0.2043916440397027
627,Diofenolan (Ref: CGA 059205),4578030,63837-33-2,CCC1OCC(COc2ccc(Oc3ccccc3)cc2)O1,0,DEVELOPMENT,335,4,4.009200000000003,300.35400000000004,36.92,0.0,6.0,2.0,0.0,0.0,-0.3344825621626403,0.1096680501248706
628,"3-Chloro-2-[[(5-ethoxy-7-fluoro[1,2,4]triazolo[1,5-c]pyrimidin-2-yl)sulfonyl]amino]benzoic acid, Methyl ester",86453,147150-35-4,CCOc1nc(F)cc2nc(S(=O)(=O)Nc3c(Cl)cccc3C(=O)OC)nn12,0,DEVELOPMENT,147,3,1.9028999999999994,429.8170000000002,133.16,1.0,6.0,3.0,2.0,0.0,0.7082094080585385,0.2884067182924031
630,Oxadiargyl (Ref: RP 020630 ),94498,39807-15-3,C#CCOc1cc(-n2nc(C(C)(C)C)oc2=O)c(Cl)cc1Cl,0,DEVELOPMENT,67,1,3.4418000000000024,341.19399999999996,57.26,0.0,3.0,2.0,2.0,0.0,-0.6320364144086074,0.1554639236409905
632,Cyprodinil (Ref: CGA 219417),86367,121552-61-2,Cc1cc(C2CC2)nc(Nc2ccccc2)n1,0,DEVELOPMENT,77,3,3.4060200000000007,225.29500000000004,37.81,1.0,3.0,2.0,0.0,0.0,0.1890746233976769,0.0808867373887336
633,"N-[[(4-Methoxy-6-methyl-1,3,5-triazin-2-yl)amino]carbonyl]-2-(3,3,3-trifluoropropyl)benzenesulfonamide",91751,94125-34-5,COc1nc(C)nc(NC(=O)NS(=O)(=O)c2ccccc2CCC(F)(F)F)n1,0,DEVELOPMENT,0,4,2.1939199999999994,419.3850000000001,131.55,2.0,6.0,2.0,3.0,0.0,1.9250238540353184,0.2418573025514365
634,Butathiofos (Ref: Dowco 429),185020,90338-20-8,CCOP(=S)(OCC)Oc1cnc(C(C)(C)C)nc1,1,DEVELOPMENT,17,5,3.450400000000002,304.35200000000003,95.37,0.0,6.0,1.0,0.0,3.0,1.084303432840234,0.1992978429693117
635,Acetamiprid,213021,135410-20-7,CC(=NC#N)N(C)Cc1ccc(Cl)nc1,1,DEVELOPMENT,68,5,2.06628,222.67900000000003,52.28,0.0,2.0,1.0,1.0,0.0,-0.960816938472158,0.1715198476275686
636,"5-Methyl-5-(4-phenoxyphenyl)-3-(phenylamino)-2,4-oxazolidinedione",213032,131807-57-3,CC1(c2ccc(Oc3ccccc3)cc2)OC(=O)N(Nc2ccccc2)C1=O,1,DEVELOPMENT,334,2,4.700000000000003,374.3960000000001,67.87,1.0,5.0,3.0,0.0,0.0,-0.5253521555909572,0.147465749335247
637,"(1E)-N-[(6-Chloro-3-pyridinyl)methyl]-N-ethyl-N'-methyl-2-nitro-1,1-ethenediamine",3034287,150824-47-8,CCN(Cc1ccc(Cl)nc1)C(=C[N+](=O)[O-])NC,1,DEVELOPMENT,47,1,1.8518999999999999,270.72,71.3,1.0,6.0,1.0,1.0,0.0,-0.0332739990645573,0.1811827885235401
639,"2-(2,6-Difluorophenyl)-4-[4-(1,1-dimethylethyl)-2-ethoxyphenyl]-4,5-dihydrooxazole",153974,153233-91-1,CCOc1cc(C(C)(C)C)ccc1C1COC(c2c(F)cccc2F)=N1,0,DEVELOPMENT,332,1,5.1791000000000045,359.416,30.82,0.0,4.0,2.0,2.0,0.0,0.2954858640316093,0.0696953762686053
640,Isoxaflutole (Ref: RPA 201772),84098,141112-29-0,CS(=O)(=O)c1cc(C(F)(F)F)ccc1C(=O)c1cnoc1C1CC1,0,DEVELOPMENT,146,5,3.205300000000002,359.3250000000001,85.62,0.0,4.0,2.0,3.0,0.0,1.839740623705579,0.2026761235593849
641,Flumiclorac,92414,87547-04-4,O=C(O)COc1cc(N2C(=O)C3=C(CCCC3)C2=O)c(F)cc1Cl,0,DEVELOPMENT,66,5,2.686300000000001,353.73299999999995,83.91,1.0,4.0,1.0,2.0,0.0,0.0264257442684572,0.2094514943385624
642,Flupoxam (Ref: MON 18500),86353,119126-15-7,NC(=O)c1nc(-c2ccccc2)n(-c2ccc(Cl)c(COCC(F)(F)C(F)(F)F)c2)n1,0,DEVELOPMENT,331,1,4.400800000000002,460.79000000000013,83.03,1.0,7.0,3.0,6.0,0.0,0.5127023099321438,0.1315815392865354
643,"4-Amino-N-(1,1-dimethylethyl)-4,5-dihydro-3-(1-methylethyl)-5-oxo-1H-1,2,4-triazole-1-carboxamide",153920,129909-90-6,CC(C)c1nn(C(=O)NC(C)(C)C)c(=O)n1N,0,DEVELOPMENT,330,5,0.23820000000000074,241.295,94.94,2.0,1.0,1.0,0.0,0.0,-1.044432753773959,0.1846669707592425
644,"1-[(6-Chloro-3-pyridinyl)methyl]-4,5-dihydro-1H-imidazol-2-amine",10130527,115970-17-7,NC1=NCCN1Cc1ccc(Cl)nc1,1,DEVELOPMENT,47,1,0.8653,210.668,54.51,1.0,2.0,1.0,1.0,0.0,-0.6664375382033111,0.1323887642035633
645,"(5-Hydroxy-1,3-dimethyl-1H-pyrazol-4-yl)[2-(methylsulfonyl)-4-(trifluoromethyl)phenyl]methanone",11693711,365400-11-9,Cc1[nH]n(C)c(=O)c1C(=O)c1ccc(C(F)(F)F)cc1S(C)(=O)=O,0,DEVELOPMENT,146,5,1.6751200000000002,362.32900000000006,97.38,1.0,3.0,2.0,3.0,0.0,-0.119090853391193,0.2130404313952787
646,Mesosulfuron-methyl (Ref: AE F130060),11409499,208465-21-8,COC(=O)c1ccc(CNS(C)(=O)=O)cc1S(=O)(=O)NC(=O)Nc1nc(OC)cc(OC)n1,0,DEVELOPMENT,0,4,-0.15999999999999903,503.5150000000002,208.73999999999995,3.0,9.0,2.0,0.0,0.0,-1.0364700097689308,0.3223308630041702
647,Flupyrsulfuron,132910,150315-10-9,COc1cc(OC)nc(NC(=O)NS(=O)(=O)c2nc(C(F)(F)F)ccc2C(=O)O)n1,0,DEVELOPMENT,0,4,1.1162,451.3390000000001,178.07999999999998,3.0,6.0,2.0,3.0,0.0,-2.771709770191837,0.3344039193280158
648,4-Chloro-N-[2-[3-methoxy-4-(2-propynyloxy)phenyl]ethyl]-alpha-(2-propynyloxy)benzeneacetamide,11292824,374726-62-2,C#CCOc1ccc(CCNC(=O)C(OCC#C)c2ccc(Cl)cc2)cc1OC,0,DEVELOPMENT,329,4,3.4104000000000028,411.8850000000001,56.790000000000006,1.0,10.0,2.0,1.0,0.0,-0.3768049787450722,0.0963364244741951
649,2-[2-Chloro-5-[4-chloro-5-(difluoromethoxy)-1-methyl-1H-pyrazol-3-yl]-4-fluorophenoxy]acetic acid ethyl ester,182951,129630-19-9,CCOC(=O)COc1cc(-c2nn(C)c(OC(F)F)c2Cl)c(F)cc1Cl,0,DEVELOPMENT,89,3,4.0763000000000025,413.1790000000001,62.58,0.0,7.0,2.0,5.0,0.0,-0.2183050391756841,0.1599841327563191
650,Benthiavalicarb-isopropyl (Ref: KIF-230),53297381,177406-68-7,CC(C)OC(=O)NC(C(=O)NC(C)c1nc2ccc(F)cc2s1)C(C)C,0,DEVELOPMENT,88,1,3.7718000000000025,381.4730000000001,108.55999999999999,2.0,6.0,2.0,1.0,0.0,-1.1179123977718748,0.155195557546259
651,Azafenidin,443029,68049-83-2,C#CCOc1cc(-n2nc3n(c2=O)CCCC3)c(Cl)cc1Cl,0,DEVELOPMENT,67,1,2.6891000000000007,338.19399999999996,49.05,0.0,3.0,2.0,2.0,0.0,0.5156240738879484,0.144434219140025
652,Fenhexamid (Ref: KBR 2738),213031,126833-17-8,CC1(C(=O)Nc2ccc(O)c(Cl)c2Cl)CCCCC1,0,DEVELOPMENT,328,3,4.607900000000002,302.20100000000014,49.33,2.0,2.0,1.0,2.0,0.0,0.4576936267497908,0.0901443878059432
654,Cinidon-ethyl (Ref: BAS 615H),5851439,142891-20-1,CCOC(=O)C(Cl)=Cc1cc(N2C(=O)C3=C(CCCC3)C2=O)ccc1Cl,0,DEVELOPMENT,327,1,4.226600000000003,394.25400000000013,63.68,0.0,4.0,1.0,2.0,0.0,0.9054548258390076,0.144786984365881
656,"2,2-Dimethylpropanoic acid  8-(2,6-diethyl-4-methylphenyl)-1,2,4,5- tetrahydro-7-oxo-7H-pyrazolo[1,2-d][1,4,5]oxadiazepin-9-yl ester",210326,243973-20-8,CCc1cc(C)cc(CC)c1-c1c(OC(=O)C(C)(C)C)n2n(c1=O)CCOCC2,0,DEVELOPMENT,326,5,3.731720000000002,400.51900000000023,62.459999999999994,0.0,4.0,2.0,0.0,0.0,-0.2567812977874231,0.1135494363255759
657,Acrinathrin (Ref: RU 38702),6436606,101007-06-1,CC1(C)C(C=CC(=O)OC(C(F)(F)F)C(F)(F)F)C1C(=O)OC(C#N)c1cccc(Oc2ccccc2)c1,1,DEVELOPMENT,4,4,6.451580000000004,541.4440000000002,85.62000000000002,0.0,8.0,2.0,6.0,0.0,0.4017201281861656,0.137656723876633
661,"alpha,2-Dichloro-5-[4-(difluoromethyl)-4,5-dihydro-3-methyl-5-oxo-1H-1,2,4-triazol-1-yl]-4-fluorobenzenepropanoic acid",443229,128621-72-7,Cc1nn(-c2cc(CC(Cl)C(=O)O)c(Cl)cc2F)c(=O)n1C(F)F,0,DEVELOPMENT,90,2,2.76452,384.141,77.12,1.0,5.0,2.0,5.0,0.0,0.9982895136247596,0.1816125920714365
662,Foramsulfuron (Ref: AE F130360),11419598,173159-57-4,COc1cc(OC)nc(NC(=O)NS(=O)(=O)c2cc(NC=O)ccc2C(=O)N(C)C)n1,0,DEVELOPMENT,0,4,0.27429999999999977,452.4490000000002,177.3,3.0,8.0,2.0,0.0,0.0,-0.8396705575743191,0.2910894646891594
664,Diflovidazin (Ref: SZ1 121),153985,162320-67-4,Fc1cccc(F)c1-c1nnc(-c2ccccc2Cl)nn1,0,DEVELOPMENT,116,5,3.5322000000000022,304.687,51.56,0.0,2.0,3.0,3.0,0.0,1.5296513796273477,0.1607153353734833
665,Mesotrione (Ref: ZA 1296),175967,104206-82-8,CS(=O)(=O)c1ccc(C(=O)C2C(=O)CCCC2=O)c([N+](=O)[O-])c1,1,DEVELOPMENT,69,4,1.1193000000000002,339.32500000000005,136.87,0.0,4.0,1.0,0.0,0.0,0.9046020784393908,0.3448599608086213
666,Metominostrobin (Ref: SSF 126),5483872,133408-50-1,CNC(=O)C(=NOC)c1ccccc1Oc1ccccc1,0,DEVELOPMENT,44,4,2.5754,284.315,59.92,1.0,5.0,2.0,0.0,0.0,-0.9176300623607728,0.1405328951240594
667,Primisulfuron,91774,113036-87-6,O=C(Nc1nc(OC(F)F)cc(OC(F)F)n1)NS(=O)(=O)c1ccccc1C(=O)O,0,DEVELOPMENT,0,4,1.8879999999999997,454.31400000000014,165.18999999999997,3.0,8.0,2.0,4.0,0.0,-1.9354520109449889,0.3221557751533648
670,Pyridalyl (Ref: S-1812),11488729,179101-81-6,FC(F)(F)c1ccc(OCCCOc2c(Cl)cc(OCC=C(Cl)Cl)cc2Cl)nc1,0,DEVELOPMENT,322,2,6.952900000000003,491.12000000000006,40.58,0.0,9.0,2.0,7.0,0.0,0.4629767204254072,0.0918594916338264
671,"3-[(2-Chloro-5-thiazolyl)methyl]tetrahydro-5-methyl-N-nitro-4H-1,3,5-oxadiazin-4-imine",107646,153719-23-4,CN1COCN(Cc2cnc(Cl)s2)C1=N[N+](=O)[O-],1,DEVELOPMENT,321,4,1.0231999999999997,291.72,112.34,0.0,3.0,1.0,1.0,0.0,0.4963488996717289,0.3372373359983728
673,Verbutin (Ref: MB-599),11458968,185676-84-0,CC#CCOC(C)c1ccc(OC)c(OC)c1,0,DEVELOPMENT,320,1,2.8047000000000013,234.29499999999996,27.69,0.0,5.0,1.0,0.0,0.0,0.6160689375228251,0.0867913325930902
674,Tau-fluvalinate (Ref: SAN 527l),91768,102851-06-9,CC(C)C(Nc1ccc(C(F)(F)F)cc1Cl)C(=O)OC(C#N)c1cccc(Oc2ccccc2)c1,0,DEVELOPMENT,4,4,7.395680000000005,502.9200000000002,71.35,1.0,8.0,3.0,4.0,0.0,-0.1161031313501873,0.1057823383764484
675,Chromafenozide (Ref: ANS 118),10157484,143807-66-3,Cc1cc(C)cc(C(=O)N(NC(=O)c2ccc3c(c2C)CCCO3)C(C)(C)C)c1,0,DEVELOPMENT,71,5,4.522560000000004,394.51500000000027,58.64,1.0,2.0,2.0,0.0,0.0,1.3176428831548836,0.0954303005219171
676,Propisochlor,167454,86763-47-5,CCc1cccc(C)c1N(COC(C)C)C(=O)CCl,0,DEVELOPMENT,6,1,3.511720000000002,283.7989999999999,29.54,0.0,6.0,1.0,1.0,0.0,1.296417403493772,0.0760986081361029
677,"(5S)-3,5-Dihydro-5-methyl-2-(methylthio)-5-phenyl-3-(phenylamino)-4H-imidazol-4-one",10403199,161326-34-7,CSC1=NC(C)(c2ccccc2)C(=O)N1Nc1ccccc1,0,DEVELOPMENT,319,2,3.4901000000000018,311.41,70.0,1.0,3.0,2.0,0.0,0.0,1.1963264364145878,0.1343279215334323
679,Dimethenamid-P,13633097,163515-14-8,COCC(C)N(C(=O)CCl)c1c(C)csc1C,0,DEVELOPMENT,6,1,2.9716400000000016,275.80100000000004,57.78,0.0,5.0,1.0,1.0,0.0,0.5170816885747612,0.1304297760848051
680,Picolinafen (Ref: BAS 700H),3294375,137641-05-5,O=C(Nc1ccc(F)cc1)c1cccc(Oc2cccc(C(F)(F)F)c2)n1,0,DEVELOPMENT,145,1,5.284100000000002,376.309,51.22,1.0,4.0,3.0,4.0,0.0,0.2086698371587292,0.1026495145892819
681,Cafenstrole (Ref: CH 900),195429,125306-83-4,CCN(CC)C(=O)n1cnc(S(=O)(=O)c2c(C)cc(C)cc2C)n1,0,DEVELOPMENT,318,3,2.3460600000000005,350.4440000000001,93.54,0.0,4.0,2.0,0.0,0.0,0.4613565712354253,0.1997862040577266
682,Pyriftalid (Ref: CGA 279233),9948894,135186-78-6,COc1cc(OC)nc(Sc2cccc3c2C(=O)OC3C)n1,0,DEVELOPMENT,317,5,2.876400000000001,318.35400000000004,95.84,0.0,4.0,2.0,0.0,0.0,-0.2021912188459383,0.2396665190697933
683,Pyribenzoxim (Ref: LGC 40863 ),178117,168088-61-7,COc1cc(OC)nc(Oc2cccc(Oc3nc(OC)cc(OC)n3)c2C(=O)ON=C(c2ccccc2)c2ccccc2)n1,0,DEVELOPMENT,142,4,5.495000000000005,609.5950000000003,145.60000000000002,0.0,12.0,5.0,0.0,0.0,-0.4005541223918803,0.2060029460365167
685,Propoxycarbazone,177355,145026-81-9,CCCOc1nn(C(=O)NS(=O)(=O)c2ccccc2C(=O)OC)c(=O)n1C,0,DEVELOPMENT,33,3,0.10380000000000056,398.3970000000002,146.97,1.0,6.0,2.0,0.0,0.0,0.4766785002600186,0.3030988162912772
686,"2-(4-Methoxy[1,1'-biphenyl]-3-yl)hydrazinecarboxylic acid, 1-Methylethyl ester",176879,149877-41-8,COc1ccc(-c2ccccc2)cc1NNC(=O)OC(C)C,1,DEVELOPMENT,144,3,3.8237000000000014,300.35800000000006,59.59,2.0,5.0,2.0,0.0,0.0,-0.61287123626085,0.1064635312633369
688,2-Chloro-N-(2-ethoxyethyl)-N-(2-methyl-1-phenyl-1-propen-1-yl)acetamide,6450826,106700-29-2,CCOCCN(C(=O)CCl)C(=C(C)C)c1ccccc1,0,DEVELOPMENT,143,5,3.541400000000002,295.81,29.54,0.0,7.0,1.0,1.0,0.0,0.3646286995490351,0.0766198955620835
690,Fentrazamide (Ref: BAY YRC 2388),3081363,158237-07-1,CCN(C(=O)n1nnn(-c2ccccc2Cl)c1=O)C1CCCCC1,0,DEVELOPMENT,315,3,2.7051000000000007,349.8220000000003,73.02000000000001,0.0,3.0,2.0,1.0,0.0,0.0858647641277975,0.1714869645847714
691,Pyriminobac-methyl (Ref: KIH-6127),9604652,136191-64-5,CON=C(C)c1cccc(Oc2nc(OC)cc(OC)n2)c1C(=O)OC,0,DEVELOPMENT,142,4,2.4431000000000003,361.3540000000001,101.36,0.0,7.0,2.0,0.0,0.0,-0.5628863980482837,0.2255269166919729
692,Pyrazosulfuron,93525,98389-04-9,COc1cc(OC)nc(NC(=O)NS(=O)(=O)c2c(C(=O)O)cnn2C)n1,0,DEVELOPMENT,0,4,-0.5640999999999994,386.3460000000001,183.01,3.0,6.0,2.0,0.0,0.0,-2.9941059297699844,0.3690057174645579
693,Ethoxysulfuron (Ref: AE F095404),3623881,126801-58-9,CCOc1ccccc1OS(=O)(=O)NC(=O)Nc1nc(OC)cc(OC)n1,0,DEVELOPMENT,0,4,1.3377999999999997,398.3970000000001,146.35000000000002,2.0,8.0,2.0,0.0,0.0,-0.7409625515061041,0.2903772265286563
694,Flucarbazone,3081367,145026-88-6,COc1nn(C(=O)NS(=O)(=O)c2ccccc2OC(F)(F)F)c(=O)n1C,0,DEVELOPMENT,33,3,0.4355999999999996,396.30300000000005,129.9,1.0,4.0,2.0,3.0,0.0,0.4895696320207546,0.316111234023377
695,1-[(6-Chloro-3-pyridinyl)methyl]-N-nitro-1H-imidazol-2-amine,14626249,115086-54-9,O=[N+]([O-])Nc1nccn1Cc1ccc(Cl)nc1,1,DEVELOPMENT,47,1,1.5833999999999997,253.649,85.88000000000001,1.0,4.0,2.0,1.0,0.0,-0.0749501183399538,0.2832329410869784
696,"2-[2-Chloro-4-fluoro-5-[5-methyl-6-oxo-4-(trifluoromethyl)-1(6H)-pyridazinyl]phenoxy]acetic acid, Ethyl ester",3083546,188489-07-8,CCOC(=O)COc1cc(-n2ncc(C(F)(F)F)c(C)c2=O)c(F)cc1Cl,0,DEVELOPMENT,89,3,3.294120000000002,408.7350000000001,70.42,0.0,5.0,2.0,5.0,0.0,0.1587524851222247,0.1705058008361469
698,Beflubutamid (Ref: UBH 820),6451159,113614-08-7,CCC(Oc1ccc(F)c(C(F)(F)F)c1)C(=O)NCc1ccccc1,0,DEVELOPMENT,314,5,4.318300000000003,355.331,38.33,1.0,6.0,2.0,4.0,0.0,0.5673933083213833,0.0752342750013708
699,Azimsulfuron,86355,120162-55-2,COc1cc(OC)nc(NC(=O)NS(=O)(=O)c2c(-c3nnn(C)n3)cnn2C)n1,0,DEVELOPMENT,0,4,-1.0717999999999994,424.40300000000013,189.31,2.0,6.0,3.0,0.0,0.0,-0.0820393594639809,0.3634732264841439
701,Mesosulfuron (Ref: AE F154851),11520759,400852-66-6,COc1cc(OC)nc(NC(=O)NS(=O)(=O)c2cc(CNS(C)(=O)=O)ccc2C(=O)O)n1,1,DEVELOPMENT,0,4,-0.24839999999999757,489.4880000000002,219.73999999999995,4.0,9.0,2.0,0.0,0.0,-2.8149457181560145,0.3379751972180781
704,Mefenpyr diethyl (Ref: HOE 107892),10937610,135590-91-9,CCOC(=O)C1=NN(c2ccc(Cl)cc2Cl)C(C)(C(=O)OCC)C1,0,DEVELOPMENT,313,4,3.4444000000000026,373.2360000000002,68.2,0.0,5.0,1.0,2.0,0.0,-1.021128952542499,0.1636278199868146
706,Oxasulfuron (Ref: CGA 277476 ),86443,144651-06-9,Cc1cc(C)nc(NC(=O)NS(=O)(=O)c2ccccc2C(=O)OC2COC2)n1,0,DEVELOPMENT,0,4,1.1594399999999998,406.42000000000024,144.95999999999998,2.0,5.0,2.0,0.0,0.0,0.4074892459034107,0.2749288998327344
707,Sucrose octanoate,5484222,42922-74-7,CCCCCCCC(=O)OC1(C2(CO)OC(CO)C(O)C2O)OC(CO)C(O)C(O)C1O,0,DEVELOPMENT,311,2,-3.0957999999999966,468.4960000000001,206.6,8.0,11.0,0.0,0.0,0.0,-1.2989869789290844,0.1809864374181429
708,Thifluzamide (Ref: MON 24000),86389,130000-40-7,Cc1nc(C(F)(F)F)c(C(=O)Nc2c(Br)cc(OC(F)(F)F)cc2Br)s1,0,DEVELOPMENT,310,1,6.146220000000001,528.066,79.46,1.0,3.0,2.0,8.0,0.0,1.1285007208230586,0.1747034280305313
709,Iprovalicarb (Ref: SZX 0722),10958189,140923-17-7,Cc1ccc(C(C)NC(=O)C(NC(=O)OC(C)C)C(C)C)cc1,0,DEVELOPMENT,88,1,3.3314200000000023,320.43300000000005,67.43,2.0,6.0,1.0,0.0,0.0,-0.9047438395329088,0.0994952651005812
710,Zarilamid (Ref: ICIA001),158659,84527-51-5,CCOC(C#N)NC(=O)c1ccc(Cl)cc1,1,DEVELOPMENT,75,2,1.9559799999999998,238.67400000000004,62.12,1.0,4.0,1.0,1.0,0.0,-0.2522257468686381,0.1720905347724885
711,Cycloxydim (Ref: BAS 517H),91765,101205-02-1,CCCC(NOCC)=C1C(=O)CC(C2CCCSC2)CC1=O,0,DEVELOPMENT,45,5,3.273100000000002,325.47400000000005,80.69999999999999,1.0,6.0,0.0,0.0,0.0,1.0476149625549358,0.1260275000597961
713,Dimethirimol (Ref: PP675),21290,5221-53-4,CCCCc1c(C)[nH]c(N(C)C)nc1=O,0,DEVELOPMENT,139,1,1.4869200000000002,209.29299999999998,48.99,1.0,4.0,1.0,0.0,0.0,-0.8530435024613551,0.1162942904047357
715,Sumithrin ,187827,51186-88-0,CC(C)=CC1C(C(=O)OCc2cccc(Oc3ccccc3)c2)C1(C)C,1,DEVELOPMENT,4,4,5.760500000000005,350.4580000000001,35.53,0.0,6.0,2.0,0.0,0.0,0.0426664397598523,0.0755651464952054
716,Alloxydim,3034433,55634-91-8,C=CCONC(CCC)=C1C(=O)CC(C)(C)C(C(=O)OC)C1=O,0,DEVELOPMENT,309,2,2.1051,323.38900000000007,81.69999999999999,1.0,7.0,0.0,0.0,0.0,0.7798514534193467,0.1508968622038787
717,Profoxydim (Ref: BAS 625H),197395,139001-49-3,CCCC(NOCC(C)Oc1ccc(Cl)cc1)=C1C(=O)CC(C2CCCSC2)CC1=O,0,DEVELOPMENT,140,3,5.374100000000005,466.04300000000035,89.93,1.0,9.0,1.0,1.0,0.0,0.911590526344576,0.115092272438248
718,Picloram-tripromine,62620,6753-47-5,CC(O)CN(CC(C)O)CC(C)O,0,DEVELOPMENT,308,3,-0.5691999999999999,191.271,63.93000000000001,3.0,6.0,0.0,0.0,0.0,-1.9190981696551064,0.1023484949401854
721,Ethirimol (Ref: PP149),32152,23947-60-6,CCCCc1c(C)[nH]c(NCC)nc1=O,1,DEVELOPMENT,139,1,1.85272,209.29299999999998,57.78,2.0,5.0,1.0,0.0,0.0,-1.0585744057128927,0.1158011427609868
722,Pyrifenox (Ref: CGA 179945),6023583,88283-41-4,CON=C(Cc1cccnc1)c1ccc(Cl)cc1Cl,0,DEVELOPMENT,307,1,3.981600000000003,295.169,34.480000000000004,0.0,4.0,2.0,2.0,0.0,0.8861656741325316,0.0991450421382904
723,"N-[[(Methylamino)carbonyl]oxy]ethanimidothioic acid, 2-Cyanoethylester",34476,25171-63-5,CNC(=O)ON=C(C)SCCC#N,0,DEVELOPMENT,25,5,1.32268,201.25099999999998,99.78,1.0,3.0,0.0,0.0,0.0,-0.9222636085143394,0.2812343579332034
725,Sethoxydim (Ref: BAS 9052H),52923,74051-80-2,CCCC(NOCC)=C1C(=O)CC(CC(C)SCC)CC1=O,1,DEVELOPMENT,45,5,3.6616000000000026,327.4900000000001,80.69999999999999,1.0,9.0,0.0,0.0,0.0,1.063852612397807,0.1206666369970787
726,"S-[(5-Ethoxy-2-oxo-1,3,4-thiadiazol-3(2H)-yl)methyl] O,O-dimethyl phosphorodithioate",17580,2669-32-1,CCOc1nn(CSP(=S)(OC)OC)c(=O)s1,1,DEVELOPMENT,31,5,1.9115,316.36600000000004,158.02,0.0,7.0,1.0,0.0,3.0,0.3669591658937458,0.3801218667934904
727,"N'-[4-[(3,4-Dihydro-2-methoxy-2,4,4-trimethyl-2H-1-benzopyran-7-yl)oxy]phenyl]-N-methoxy-N-methylurea",14152665,111578-32-6,CON(C)C(=O)Nc1ccc(Oc2ccc3c(c2)OC(C)(OC)CC3(C)C)cc1,0,DEVELOPMENT,32,1,4.926700000000005,400.4750000000002,69.26,1.0,5.0,2.0,0.0,0.0,-0.7866437150741956,0.1213019046046881
729,Trifloxysulfuron (Ref: CGA 292230),9955886,145099-21-4,COc1cc(OC)nc(NC(=O)NS(=O)(=O)c2ncccc2OCC(F)(F)F)n1,0,DEVELOPMENT,0,4,1.3402999999999998,437.3560000000001,150.01,2.0,7.0,2.0,3.0,0.0,-0.4454235884544162,0.2987144534372797
731,"1,1'-(2-Nitrobutylidene)bis(4-chlorobenzene), Mixt. with 1,1'-(2-Nitropropylidene)bis(4-chlorobenzene)",24694,8027-00-7,CCC(C(c1ccc(Cl)cc1)c1ccc(Cl)cc1)[N+](=O)[O-],0,DEVELOPMENT,60,4,5.1806000000000045,324.20700000000005,43.14,0.0,5.0,2.0,2.0,0.0,1.4441699555928311,0.1042700410150963
732,Tralkoxydim (Ref: PP 604),91746,87820-88-0,CCONC(CC)=C1C(=O)CC(c2c(C)cc(C)cc2C)CC1=O,0,DEVELOPMENT,45,5,3.8326600000000033,329.4400000000001,55.4,1.0,5.0,1.0,0.0,0.0,1.4667209719492522,0.0909144036303725
734,"3-(1-Ethylpropyl)phenol, 1-(N-Methylcarbamate) mixt. with 3-(1-Methylbutyl)phenyl N-methylcarbamate",24721,8065-36-9,CCC(CC)c1cccc(OC(=O)NC)c1,1,DEVELOPMENT,12,1,3.3084000000000016,221.29999999999998,38.33,1.0,4.0,1.0,0.0,0.0,0.1740365315769735,0.0928379344204724
735,"(3-Bromo-6-methoxy-2-methylphenyl)(2,3,4-trimethoxy-6-methylphenyl)methanone",6451057,220899-03-6,COc1cc(C)c(C(=O)c2c(OC)ccc(Br)c2C)c(OC)c1OC,0,DEVELOPMENT,132,4,4.3313400000000035,409.2760000000002,53.99000000000001,0.0,6.0,2.0,1.0,0.0,-0.907431377366996,0.1274159526125791
736,Imibenconazole (Ref: HF 6305),93483,86598-92-7,Clc1ccc(CSC(Cn2cncn2)=Nc2ccc(Cl)cc2Cl)cc1,0,DEVELOPMENT,137,5,5.901900000000002,411.7450000000001,68.37,0.0,5.0,3.0,3.0,0.0,1.3735722275232038,0.1384367413335127
737,Fluacrypyrim,9954185,229977-93-9,COC=C(C(=O)OC)c1ccccc1COc1cc(C(F)(F)F)nc(OC(C)C)n1,1,DEVELOPMENT,85,4,4.021900000000003,426.39100000000013,79.77000000000001,0.0,8.0,2.0,3.0,0.0,-0.7326824931850036,0.1573043424051445
738,4-Chloro-3-ethyl-1-methyl-N-[[4-(4-methylphenoxy)phenyl]methyl]-1H-pyrazole-5-carboxamide,10110536,129558-76-5,CCc1nn(C)c(C(=O)NCc2ccc(Oc3ccc(C)cc3)cc2)c1Cl,1,DEVELOPMENT,136,4,4.6666200000000035,383.879,56.150000000000006,1.0,6.0,3.0,1.0,0.0,-0.0067164963027238,0.1008551566086012
740,Dimoxystrobin (Ref: BAS 505F),10936292,149961-52-4,CNC(=O)C(=NOC)c1ccccc1COc1cc(C)ccc1C,0,DEVELOPMENT,44,4,2.9789400000000006,326.3960000000001,59.92,1.0,6.0,2.0,0.0,0.0,-0.3492191810709716,0.1122389972659978
741,N-(Cyanomethyl)-4-(trifluoromethyl)-3-pyridinecarboxamide,9834513,158062-67-0,N#CCNC(=O)c1cnccc1C(F)(F)F,0,DEVELOPMENT,306,5,1.35378,229.16099999999997,65.78,1.0,2.0,1.0,3.0,0.0,-0.9091103707640704,0.210637300054376
742,Sintofen (Ref: SC 2053),10915750,130561-48-7,COCCOc1cccc2c1c(=O)c(C(=O)O)nn2-c1ccc(C)cc1,0,DEVELOPMENT,305,4,2.4175200000000006,354.362,90.65,1.0,6.0,3.0,0.0,0.0,-0.696647962598783,0.1948548554809734
743,Haloxyfop-etotyl (Ref: DOWCO 453EE),91743,87237-48-7,CCOCCOC(=O)C(C)Oc1ccc(Oc2ncc(C(F)(F)F)cc2Cl)cc1,0,DEVELOPMENT,13,3,4.893100000000004,433.81000000000006,66.88000000000001,0.0,9.0,2.0,4.0,0.0,-0.4231855818925933,0.1470118133134882
744,"N-(5,7-Dimethoxy[1,2,4]triazolo[1,5-a]pyrimidin-2-yl)-2-methoxy-4-(trifluoromethyl)-3-pyridinesulfonamide",11571555,422556-08-9,COc1cc(OC)n2nc(NS(=O)(=O)c3c(C(F)(F)F)ccnc3OC)nc2n1,0,DEVELOPMENT,87,5,1.3646999999999998,434.3560000000001,138.21,1.0,6.0,3.0,3.0,0.0,-0.4100476636837707,0.3010692861529292
745,Tritosulfuron,11657899,142469-14-5,COc1nc(NC(=O)NS(=O)(=O)c2ccccc2C(F)(F)F)nc(C(F)(F)F)n1,0,DEVELOPMENT,0,4,2.4282000000000004,445.30100000000004,131.54999999999998,2.0,4.0,2.0,6.0,0.0,1.1481219775336626,0.2766143693035446
748,Metamifop (Ref: DBH-129),59558935,256412-89-2,CC(Oc1ccc(Oc2nc3ccc(Cl)cc3o2)cc1)C(=O)N(C)c1ccccc1F,0,DEVELOPMENT,64,1,5.842900000000005,440.8580000000001,64.8,0.0,6.0,4.0,2.0,0.0,-0.9894393813321322,0.1415207363193877
749,"C6-12 Fatty acids, Me esters",16204500,67762-39-4,CCCCCCCCCC(=O)OC,0,DEVELOPMENT,11,5,3.3001000000000023,186.295,26.3,0.0,8.0,0.0,0.0,0.0,1.5692930079910947,0.0807024292323132
753,(alphaE)-alpha-(Methoxymethylene)-2-[[[6-(trifluoromethyl)-2-pyridinyl]oxy]methyl]benzeneacetic acid methyl ester,11285653,117428-22-5,COC=C(C(=O)OC)c1ccccc1COc1cccc(C(F)(F)F)n1,0,DEVELOPMENT,85,4,3.8397000000000023,367.32300000000004,57.650000000000006,0.0,6.0,2.0,3.0,0.0,-0.4373565569327628,0.1395810173517327
756,"N-[2-(1,3-Dimethylbutyl)-3-thienyl]-1-methyl-3-(trifluoromethyl)-1H-pyrazole-4-carboxamide",11388558,183675-82-3,CC(C)CC(C)c1sccc1NC(=O)c1cn(C)nc1C(F)(F)F,0,DEVELOPMENT,303,3,4.902300000000003,359.41700000000003,75.16,1.0,5.0,2.0,3.0,0.0,0.8120284317555955,0.1208375228901367
761,Orysastrobin,11486133,248593-16-0,CNC(=O)C(=NOC)c1ccccc1CON=C(C)C(=NOC)C(C)=NOC,0,DEVELOPMENT,44,4,1.7002999999999993,391.42800000000017,115.46000000000001,1.0,10.0,1.0,0.0,0.0,-0.1941777997061094,0.1949116677736794
762,"Carbonic acid, cis-3-(2,5-Dimethylphenyl)-8-methoxy-2-oxo-1-azaspiro[4.5]dec-3-en-4-yl ethyl ester",9969573,203313-25-1,CCOC(=O)OC1=C(c2cc(C)ccc2C)C(=O)NC12CCC(OC)CC2,0,DEVELOPMENT,302,2,3.645240000000002,373.4490000000002,73.86,1.0,4.0,1.0,0.0,0.0,-1.1508984971977154,0.1312291733729242
763,"2,4,5-trichlorophenol",44147467,95-95-4,Oc1cc(Cl)c(Cl)cc1Cl,0,DEVELOPMENT,301,1,3.3524000000000003,197.448,20.23,1.0,0.0,1.0,3.0,0.0,0.0739761064753969,0.0703320368211636
766,"2-Chloro-5-[3,6-dihydro-3-methyl-2,6-dioxo-4-(trifluoromethyl-1(2H)-pyrimidinyl]-4-fluoro-N-[[methyl(1-methylethyl)amino]sulfonyl]benzamide",11571392,372137-35-4,CC(C)N(C)S(=O)(=O)NC(=O)c1cc(-n2c(=O)cc(C(F)(F)F)n(C)c2=O)c(F)cc1Cl,0,DEVELOPMENT,130,2,1.6622999999999994,500.8580000000002,118.86000000000001,1.0,5.0,2.0,5.0,0.0,1.8202508027308253,0.2216014830287128
767,3-Bromo-1-(3-chloro-2-pyridinyl)-N-[4-cyano-2-methyl-6-[(methylamino)carbonyl]phenyl]-1H-pyrazole-5-carboxamide,11578610,736994-63-1,CNC(=O)c1cc(C#N)cc(C)c1NC(=O)c1cc(Br)nn1-c1ncccc1Cl,1,DEVELOPMENT,63,3,3.475200000000002,473.7180000000001,112.7,2.0,4.0,3.0,2.0,0.0,-0.7885144503167562,0.198576026649195
768,Iprobenfos,18772466,26087-47-8,CC(C)OP(=O)(OC(C)C)SCc1ccccc1,0,DEVELOPMENT,300,3,4.877900000000004,288.349,70.64,0.0,7.0,1.0,0.0,3.0,1.366545810977339,0.1571979267545004
769,Dihydroazadirachtin,44631173,108189-58-8,CC=C(C)C(=O)OC1CC(OC(C)=O)C2(C(=O)OC)COC3C2C12COC(O)(C(=O)OC)C2C(C)(C12OC1(C)C1CC2OC2OCCC21O)C3O,0,DEVELOPMENT,135,3,-0.3266999999999948,722.7370000000002,215.33999999999997,3.0,6.0,0.0,0.0,0.0,-1.580799584452944,0.2036107125627378
771,Isopyrazam (Ref: SYN 520453),25271089,881685-58-1,CC(C)C1C2CCC1c1c(NC(=O)c3cn(C)nc3C(F)F)cccc12,0,DEVELOPMENT,43,1,4.856800000000004,359.42,46.92,1.0,4.0,2.0,2.0,0.0,0.2024936313775173,0.0807587649109549
773,Emamectin benzoate (Ref: MK 244),53394847,155569-91-8,CCC(C)C1OC2(C=CC1C)CC1CC(CC=C(C)C(OC3CC(OC)C(OC4CC(OC)C(NC)C(C)O4)C(C)O3)C(C)C=CC=C3COC4C(O)C(C)=CC(C(=O)O1)C34O)O2,1,DEVELOPMENT,58,1,5.604500000000008,886.1330000000003,161.85999999999999,3.0,9.0,0.0,0.0,0.0,-0.7478019361020353,0.1111991869821354
775,Hexylthiofos,6451756,41495-67-4,CCOP(=O)(OC1CCCCC1)SCC,0,DEVELOPMENT,134,1,4.233400000000004,252.31599999999992,70.64,0.0,6.0,0.0,0.0,3.0,1.3137096985626444,0.1695536073438578
776,Trifludimoxazin,49831143,1258836-72-4,C#CCN1C(=O)C(F)(F)Oc2cc(F)c(-n3c(=O)n(C)c(=S)n(C)c3=O)cc21,0,DEVELOPMENT,298,4,0.6946899999999998,412.34900000000016,110.56,0.0,2.0,2.0,3.0,0.0,1.6281880307484595,0.2527250017303606
777,"2-[1-[2-[[(3,5-Difluorophenyl)amino]carbonyl]hydrazinylidene]ethyl]-3-pyridinecarboxylic acid",123626,109293-97-2,CC(=NNC(=O)Nc1cc(F)cc(F)c1)c1ncccc1C(=O)O,0,DEVELOPMENT,297,2,2.603700000000001,334.28200000000004,103.67999999999999,3.0,4.0,2.0,2.0,0.0,-0.0846602110975486,0.2047108564104502
779,"N-(3',4'-Dichloro-5-fluoro[1,1'-biphenyl]-2-yl)-3-(difluoromethyl)-1-methyl-1H-pyrazole-4-carboxamide",11434448,581809-46-3,Cn1cc(C(=O)Nc2ccc(F)cc2-c2ccc(Cl)c(Cl)c2)c(C(F)F)n1,0,DEVELOPMENT,43,1,5.722900000000003,414.21400000000006,46.92,1.0,4.0,3.0,5.0,0.0,0.3346679688153031,0.0908563201931111
782,Fluxapyroxad (Ref: BAS 700F),16095400,907204-31-3,Cn1cc(C(=O)Nc2ccccc2-c2cc(F)c(F)c(F)c2)c(C(F)F)n1,0,DEVELOPMENT,43,1,4.694300000000002,381.30400000000003,46.92,1.0,4.0,3.0,5.0,0.0,0.9075727075773824,0.1006606910620757
783,Cyflumetofen (Ref: OK-5101),11496052,400882-07-7,COCCOC(=O)C(C#N)(C(=O)c1ccccc1C(F)(F)F)c1ccc(C(C)(C)C)cc1,0,DEVELOPMENT,296,1,4.836780000000005,447.45300000000015,76.39,0.0,7.0,2.0,3.0,0.0,-0.184107109001406,0.1299181609297069
784,"N-(2-[1,1'-Bicyclopropyl]-2-ylphenyl)-3-(difluoromethyl)-1-methyl-1H-pyrazole-4-carboxamide",11688533,874967-67-6,Cn1cc(C(=O)Nc2ccccc2C2CC2C2CC2)c(C(F)F)n1,1,DEVELOPMENT,43,1,4.123500000000003,331.366,46.92,1.0,5.0,2.0,2.0,0.0,0.1693343673778464,0.0919906255786912
788,"1-Acetyl-3,4-dihydro-3-[(3-pyridinylmethyl)amino]-6-[1,2,2,2-tetrafluoro-1-(trifluoromethyl)ethyl]-2(1H)-quinazolinone",11842644,337458-27-2,CC(=O)N1C(=O)N(NCc2cccnc2)Cc2cc(C(F)(C(F)(F)F)C(F)(F)F)ccc21,1,DEVELOPMENT,295,1,4.364300000000003,464.34100000000007,65.54,1.0,4.0,2.0,7.0,0.0,1.941592593099364,0.123667423035309
790,Furalaxyl-M,12767955,57764-08-6,COC(=O)C(C)N(C(=O)c1ccc(C(=O)c2ccccc2)cc1)c1c(C)cccc1C,1,DEVELOPMENT,62,2,4.742740000000005,415.48900000000015,63.68,0.0,6.0,3.0,0.0,0.0,1.215621860333642,0.1146630517846413
791,"N-{2-[(4,6-Dimethoxypyrimidin-2-yl)(hydroxy)methyl]-6-(methoxymethyl)phenyl}-1,1-difluoromethanesulfonamide",11407474,221205-90-9,COCc1cccc(C(O)c2nc(OC)cc(OC)n2)c1NS(=O)(=O)C(F)F,0,DEVELOPMENT,294,2,1.6862,419.406,128.25,2.0,9.0,2.0,2.0,0.0,-0.6279053013545787,0.2189162396543475
793,"4-[[(6-Chloro-3-pyridinyl)methyl](2,2-difluoroethyl)amino]-2(5H)-furanone",16752772,951659-40-8,O=C1C=C(N(Cc2ccc(Cl)nc2)CC(F)F)CO1,1,DEVELOPMENT,292,2,2.2428,288.68100000000004,42.43000000000001,0.0,5.0,1.0,3.0,0.0,-0.4903025590414174,0.1562601270809257
794,Iodosulfuron,11027582,185119-76-0,COc1nc(C)nc(NC(=O)NS(=O)(=O)c2cc(I)ccc2C(=O)O)n1,0,DEVELOPMENT,0,4,1.00182,493.2390000000001,168.84999999999997,3.0,5.0,2.0,1.0,0.0,-2.6375696669528543,0.3407746625780599
795,Spinetoram,73462741,935545-74-7,CCOC1C(OC)C(C)OC(OC2CC3CCC4C5CC(=O)OC(CC)CCCC(OC6CCC(N(C)C)C(C)O6)C(C)C(=O)C5=CC4C3C2)C1OC,1,DEVELOPMENT,110,1,6.101500000000008,748.0110000000002,111.22000000000001,0.0,10.0,0.0,0.0,0.0,-0.0821850478623666,0.1019145712558762
796,Picloram-dimethylammonium,87148380,55870-98-9,Nc1c(Cl)c(Cl)nc(C(=O)O)c1Cl,0,DEVELOPMENT,35,4,2.3222,241.46099999999998,76.21,2.0,1.0,1.0,3.0,0.0,-1.2291095627029691,0.2362445028664328
797,"N-[9-(Dichloromethylene)-1,2,3,4-tetrahydro-1,4-1H-pyrazole-4-carboxamide",53491464,1072957-71-1,Cn1cc(C(=O)Nc2cccc3c2C2CCC3C2=C(Cl)Cl)c(C(F)F)n1,0,DEVELOPMENT,43,1,5.273800000000002,398.24,46.92,1.0,3.0,2.0,4.0,0.0,0.257854595103586,0.089996450215193
799,Butroxydim (Ref: ICIA0500),135993077,138164-12-2,CCCC(=O)c1c(C)cc(C)c(C2CC(=O)C(=C(CC)NOCC)C(=O)C2)c1C,0,DEVELOPMENT,45,5,4.815460000000004,399.5310000000002,72.47,1.0,8.0,1.0,0.0,0.0,1.1465921006034203,0.1044699465630801
800,"(5-Chloro-2-methoxy-4-methylpyridin-3-yl)(2,3,4-trimethoxy-6-methylphenyl)methanone",23082663,688046-61-9,COc1cc(C)c(C(=O)c2c(OC)ncc(Cl)c2C)c(OC)c1OC,0,DEVELOPMENT,132,4,3.6172400000000025,365.81300000000016,66.88000000000001,0.0,6.0,2.0,1.0,0.0,-0.7551489983152329,0.1503204761475256
801,Ametoctradin (Ref: BAS 650F),15604010,865318-97-4,CCCCCCCCc1c(CC)nc2ncnn2c1N,0,DEVELOPMENT,290,3,3.171900000000001,275.40000000000003,69.1,1.0,8.0,2.0,0.0,0.0,0.8763236336751525,0.1126398177975861
802,"2-{2-[(2,5-Dimethylphenoxy)methyl]phenyl}-2-methoxy-N-methylacetamide",10935908,173662-97-0,CNC(=O)C(OC)c1ccccc1COc1cc(C)ccc1C,0,DEVELOPMENT,131,5,3.315940000000001,313.39700000000005,47.56,1.0,6.0,2.0,0.0,0.0,-0.0438761453425572,0.0938183277788864
803,N-[(2-Chlorophenyl)methyl]-N'-(1-methyl-1-phenylethyl)urea,11709249,99485-76-4,CC(C)(NC(=O)NCc1ccccc1Cl)c1ccccc1,0,DEVELOPMENT,289,4,4.074500000000002,302.805,41.13,2.0,4.0,2.0,1.0,0.0,0.0930428204408383,0.0604765250172562
805,Cyclaniliprole (Ref: IKI-3106),24822142,1031756-98-5,CC(NC(=O)c1cc(Cl)cc(Br)c1NC(=O)c1cc(Br)nn1-c1ncccc1Cl)C1CC1,1,DEVELOPMENT,63,3,5.879700000000003,602.1139999999999,88.91000000000001,2.0,6.0,3.0,4.0,0.0,-1.0745006781409154,0.140912313135146
807,Fluazaindolizine (Ref: DPX-Q8U80),46944253,1254304-22-7,COc1ccc(Cl)c(S(=O)(=O)NC(=O)c2cn3cc(C(F)(F)F)cc(Cl)c3n2)c1,0,DEVELOPMENT,288,3,3.7872000000000012,468.2400000000001,98.14999999999999,1.0,4.0,3.0,5.0,0.0,0.0422923966447797,0.2169104594561408
808,Thiencarbazone-methyl (Ref: BYH 18636 ),11205153,317815-83-1,COC(=O)c1csc(C)c1S(=O)(=O)NC(=O)n1nc(OC)n(C)c1=O,0,DEVELOPMENT,33,3,-0.30647999999999986,390.39900000000017,175.21,1.0,4.0,2.0,0.0,0.0,-0.0107473575232723,0.3720159000752378
810,Triafamone (Ref: AE 1887198),16004663,874195-61-6,COc1nc(OC)nc(C(=O)c2cccc(F)c2N(C)S(=O)(=O)C(F)F)n1,0,DEVELOPMENT,286,2,1.2475,406.34200000000004,119.96,0.0,7.0,2.0,3.0,0.0,0.6523673541556438,0.2809574989403201
812,(2Z)-2-[[2-Fluoro-5-(trifluoromethyl)phenyl]thio]-2-[3-(2-methoxyphenyl)-2-thiazolidinylidene]acetonitrile,44151818,958647-10-4,COc1ccccc1N1CCSC1=C(C#N)Sc1cc(C(F)(F)F)ccc1F,0,DEVELOPMENT,285,1,5.891280000000004,426.46000000000004,86.86,0.0,4.0,2.0,4.0,0.0,0.3106398218717187,0.1474989867893431
813,Thiencarbazone,20056440,936331-72-5,COc1nn(C(=O)NS(=O)(=O)c2c(C(=O)O)csc2C)c(=O)n1C,0,DEVELOPMENT,33,3,-0.3948799999999999,376.37200000000007,186.20999999999998,2.0,4.0,2.0,0.0,0.0,-2.7686745837258715,0.4008060152343282
814,Methyl 3-(4-chlorophenyl)-3-[(N-{[(propan-2-yl)oxy]carbonyl}valyl)amino]propanoate,11338509,283159-90-0,COC(=O)CC(NC(=O)C(NC(=O)OC(C)C)C(C)C)c1ccc(Cl)cc1,0,DEVELOPMENT,88,1,3.2196000000000016,398.88700000000017,93.73,2.0,8.0,1.0,1.0,0.0,-1.1946776246845288,0.1380136153035373
816,"3-(Difluoromethyl)-N-methoxy-1-methyl-N-[1-(2,4,6-trichlorophenyl)propan-2-yl]-1H-pyrazole-4-carboxamide",56933411,1228284-64-7,CON(C(=O)c1cn(C)nc1C(F)F)C(C)Cc1c(Cl)cc(Cl)cc1Cl,0,DEVELOPMENT,284,5,4.952700000000004,426.6780000000001,47.36,0.0,6.0,2.0,5.0,0.0,0.877912390211864,0.1109407611100465
818,Flupyrimin,14127920,1689566-03-7,O=C(N=c1ccccn1Cc1ccc(Cl)nc1)C(F)(F)F,0,DEVELOPMENT,283,4,2.5744000000000007,315.68199999999996,47.25,0.0,2.0,2.0,4.0,0.0,0.913597293485071,0.1433538583825609
819,"Methyl N-[2-({2-chloro-4-fluoro-5-[3-methyl-2,6-dioxo-4-(trifluoromethyl)-3,6-dihydropyrimidin-1(2H)-yl]phenyl}sulfanyl)propanoyl]-beta-alaninate",67295585,1220411-29-9,COC(=O)CCNC(=O)C(C)Sc1cc(-n2c(=O)cc(C(F)(F)F)n(C)c2=O)c(F)cc1Cl,1,DEVELOPMENT,130,2,2.5074000000000005,511.8810000000002,124.69999999999999,1.0,7.0,2.0,5.0,0.0,0.1261145783467921,0.2009056913004693
821,Isoflucypram (Ref: BCS-CN88460),66553206,1255734-28-1,CC(C)c1ccc(Cl)cc1CN(C(=O)c1c(C(F)F)nn(C)c1F)C1CC1,0,DEVELOPMENT,282,3,5.078400000000004,399.8440000000001,38.13,0.0,6.0,2.0,4.0,0.0,0.0745969353430068,0.0811735731544146
822,Halauxifen (Ref: X11393729),25181547,943832-60-8,COc1c(Cl)ccc(-c2cc(N)c(Cl)c(C(=O)O)n2)c1F,0,DEVELOPMENT,35,4,3.4835000000000003,331.13,85.44,2.0,3.0,2.0,3.0,0.0,-1.6829463129581186,0.1732017356278981
825,Benzyl 4-amino-3-chloro-6-(4-chloro-2-fluoro-3-methoxyphenyl)-5-fluoropyridine-2-carboxylate,70495450,1390661-72-9,COc1c(Cl)ccc(-c2nc(C(=O)OCc3ccccc3)c(Cl)c(N)c2F)c1F,0,DEVELOPMENT,83,2,5.281400000000002,439.24500000000006,74.44,1.0,5.0,3.0,4.0,0.0,-0.6129682399185409,0.1222662619006989
827,Bixlozone (Ref: F9600),15056663,81777-95-9,CC1(C)CON(Cc2ccc(Cl)cc2Cl)C1=O,0,DEVELOPMENT,129,3,3.293400000000002,274.14700000000005,29.54,0.0,2.0,1.0,2.0,0.0,1.6932428776623285,0.1110602642028539
831,Nicotine,89594,54-11-5,CN1CCCC1c1cccnc1,0,DEVELOPMENT,281,2,1.8483,162.236,16.130000000000003,0.0,1.0,1.0,0.0,0.0,1.044229212364728,0.0681101805201937
836,"Cyanamide (Ref: LH 21,810A)",9864,420-04-2,N#CN,1,DEVELOPMENT,279,1,-0.57382,42.041,49.81,1.0,0.0,0.0,0.0,0.0,-4.005417850618863,0.3360556523145945
837,Hydroquinone,785,123-31-9,Oc1ccc(O)cc1,0,DEVELOPMENT,278,5,1.0977999999999999,110.11199999999998,40.46,2.0,0.0,1.0,0.0,0.0,-4.225154593683444,0.1491420193774552
839,Eugenol,3314,97-53-0,C=CCc1ccc(O)c(OC)c1,0,DEVELOPMENT,82,4,2.1292999999999997,164.20399999999995,29.46,1.0,3.0,1.0,0.0,0.0,-0.5232914619921589,0.0828318231196645
842,Strychnine,441071,57-24-9,O=C1CC2OCC=C3CN4CCC56c7ccccc7N1C5C2C3CC46,0,DEVELOPMENT,277,2,2.0925000000000002,334.41900000000004,32.78,0.0,0.0,1.0,0.0,0.0,-0.3284794865437753,0.0953030445621645
844,Trichloronitromethane,6423,76-06-2,O=[N+]([O-])C(Cl)(Cl)Cl,0,DEVELOPMENT,276,4,1.5908,164.37500000000003,43.14,0.0,0.0,0.0,3.0,0.0,1.2321825630041936,0.3819376579617214
845,1-decanol,8174,112-30-1,CCCCCCCCCCO,0,DEVELOPMENT,11,5,3.119400000000002,158.285,20.23,1.0,8.0,0.0,0.0,0.0,2.917576225354811,0.032508900698446
847,Cinnamaldehyde,637511,104-55-2,O=CC=Cc1ccccc1,0,DEVELOPMENT,274,3,1.8987,132.16199999999998,17.07,0.0,2.0,1.0,0.0,0.0,1.7436136536105675,0.0935979110875202
850,Dimethyl disulfide,12232,624-92-0,CSSC,0,DEVELOPMENT,273,2,1.6274,94.20400000000001,50.6,0.0,1.0,0.0,0.0,0.0,2.467558460159968,0.2643480522142918
853,Bromomethane,6323,74-83-9,CBr,0,DEVELOPMENT,272,1,1.0110999999999999,94.939,0.0,0.0,0.0,0.0,1.0,0.0,1.1319320310750018,0.0
854,"N,N'-[1,4-Piperazinediylbis(2,2,2-trichloroethylidene)]bis-formamide",33565,26644-46-2,O=CNC(N1CCN(C(NC=O)C(Cl)(Cl)Cl)CC1)C(Cl)(Cl)Cl,0,DEVELOPMENT,271,3,1.488600000000001,434.9660000000001,64.68,2.0,6.0,0.0,6.0,0.0,-0.5028207205649988,0.1326315505300445
855,Dibromochloropropane (Ref: OS1897),7280,96-12-8,ClCC(Br)CBr,0,DEVELOPMENT,270,4,2.3836000000000004,236.33399999999997,0.0,0.0,2.0,0.0,3.0,0.0,3.1035673523025724,0.0
857,Metaldehyde,61021,108-62-3,CC1OC(C)OC(C)OC(C)O1,0,DEVELOPMENT,268,5,1.4504,176.212,36.92,0.0,0.0,0.0,0.0,0.0,-0.5342938029572619,0.1505921628168928
858,Nerolidol,5284507,7212-44-4,C=CC(C)(O)CCC=C(C)CCC=C(C)C,0,DEVELOPMENT,61,5,4.396300000000004,222.37199999999996,20.23,1.0,7.0,0.0,0.0,0.0,2.4672805426997724,0.0252799432653788
859,Dithianon (Ref: BAS 216F),18771,3347-22-6,N#Cc1sc2c(=O)c3ccccc3c(=O)c=2sc1C#N,0,DEVELOPMENT,267,2,2.1513400000000003,296.33200000000005,138.2,0.0,0.0,1.0,0.0,0.0,1.2515279224176616,0.3805416988385374
860,Paraffin oils,68245,8012-95-1,Oc1cc(O)c2cc(O)c(-c3cc(O)c(O)c(O)c3)[o+]c2c1,0,DEVELOPMENT,266,5,2.6144999999999996,303.24600000000004,132.68,6.0,1.0,3.0,0.0,0.0,-3.0185256374701104,0.226979134852599
863,Carbosulfan (Ref: OMS 3022),41384,55285-14-8,CCCCN(CCCC)SN(C)C(=O)Oc1cccc2c1OC(C)(C)C2,1,DEVELOPMENT,81,2,5.296100000000005,380.55400000000014,67.31,0.0,9.0,1.0,0.0,0.0,0.1990918679799405,0.1219049679287368
864,Garlic extract,16315,8008-99-9,C=CCSCC=C,0,DEVELOPMENT,264,3,2.0916,114.21299999999998,25.3,0.0,4.0,0.0,0.0,0.0,2.0162861589133905,0.0814111016527783
865,Dicyclopentadiene,6492,77-73-6,C1=CC2C3C=CC(C3)C2C1,0,DEVELOPMENT,263,4,2.3846000000000007,132.20599999999996,0.0,0.0,0.0,0.0,0.0,0.0,3.723812133375296,0.0
866,"N,N,N',N'-Tetramethylthioperoxydicarbonic diamide ([(H2N)C(S)]2S2)",5455,137-26-8,CN(C)C(=S)SSC(=S)N(C)C,0,DEVELOPMENT,262,3,2.0608,240.44400000000002,121.26,0.0,0.0,0.0,0.0,0.0,1.0937268484725635,0.3019119328624087
867,"1,1'-(2,2-Dichloroethylidene)bis[4-chlorobenzene]",6294,72-54-8,Clc1ccc(C(c2ccc(Cl)cc2)C(Cl)Cl)cc1,0,DEVELOPMENT,60,4,5.929000000000002,320.04600000000005,0.0,0.0,3.0,2.0,4.0,0.0,4.5710748221289705,0.0
868,Alpha-pinene,6654,80-56-8,CC1=CCC2CC1C2(C)C,0,DEVELOPMENT,261,1,2.9987000000000013,136.238,0.0,0.0,0.0,0.0,0.0,0.0,4.257622062115641,0.0
869,Captan (Ref: SR 406),8606,133-06-2,O=C1C2CC=CCC2C(=O)N1SC(Cl)(Cl)Cl,0,DEVELOPMENT,80,3,2.9135000000000018,300.59399999999994,62.68000000000001,0.0,1.0,0.0,3.0,0.0,1.979139568398557,0.2144439095838398
870,Lenacil (Ref: DPX B634),16559,2164-08-1,O=c1[nH]c2c(c(=O)n1C1CCCCC1)CCC2,0,DEVELOPMENT,260,5,1.5305,234.2989999999999,54.86,1.0,1.0,1.0,0.0,0.0,0.69561037611882,0.126236448316869
881,"2-[4-(1,1-Dimethylethyl)phenoxy]cyclohexyl 2-propynyl ester sulfurous acid",4936,2312-35-8,C#CCOS(=O)OC1CCCCC1Oc1ccc(C(C)(C)C)cc1,0,DEVELOPMENT,259,3,3.9192000000000027,350.4800000000001,63.97000000000001,0.0,6.0,1.0,0.0,0.0,1.396809109093868,0.1240666152826996
883,Chlordane (Technical Grade),5993,12789-03-6,ClC1=C(Cl)C2(Cl)C3C(Cl)C(Cl)CC3C1(Cl)C2(Cl)Cl,1,DEVELOPMENT,59,3,5.682800000000001,409.78200000000015,0.0,0.0,0.0,0.0,8.0,0.0,4.364851431750653,0.0
884,"4-[(2R)-2-[(1S,3S,5S)-3,5-Dimethyl-2-oxocyclohexyl]-2-hydroxyethyl]-2,6-piperidinedione",6197,66-81-9,CC1CC(C)C(=O)C(C(O)CC2CC(=O)NC(=O)C2)C1,0,DEVELOPMENT,257,2,1.0415,281.35200000000003,83.47,2.0,3.0,0.0,0.0,0.0,0.4829558691740391,0.1613284087252585
885,Karanjin,100633,521-88-0,COc1c(-c2ccccc2)oc2c(ccc3occc32)c1=O,0,DEVELOPMENT,256,4,4.214800000000003,292.29,52.580000000000005,0.0,2.0,4.0,0.0,0.0,-0.8190377872743319,0.1488266107220457
886,Ryanodine,5114,15662-33-6,CC1CCC2(O)C3(C)CC4(O)OC2(C1O)C1(O)C3(O)C(OC(=O)c2ccc[nH]2)C(O)(C(C)C)C41C,0,DEVELOPMENT,255,1,-0.18760000000000043,493.5530000000002,172.7,7.0,3.0,1.0,0.0,0.0,-1.448416454884694,0.1477078449662713
888,"1,3-dichloropropene (Ref: D D92)",24726,542-75-6,C=CC(Cl)Cl,1,DEVELOPMENT,254,4,1.9761,110.971,0.0,0.0,1.0,0.0,2.0,0.0,1.9435778698188504,0.0
889,Laminarin (Ref: H11),439306,9008-22-4,OCC1OC(OC2C(O)C(CO)OC(OC3C(O)C(O)OC(CO)C3O)C2O)C(O)C(O)C1O,0,DEVELOPMENT,127,1,-7.572999999999988,504.4380000000001,268.67999999999995,11.0,7.0,0.0,0.0,0.0,-3.18632337401452,0.2479286842297584
891,"2,4,5,6-Tetrachloro-1,3-benzenedicarbonitrile",15910,1897-45-6,N#Cc1c(Cl)c(Cl)c(Cl)c(C#N)c1Cl,0,DEVELOPMENT,125,4,4.04356,265.914,47.58,0.0,0.0,1.0,4.0,0.0,0.9383025364564408,0.1918240820870012
892,Imazapyr,54738,81334-34-1,CC(C)C1(C)N=C(c2ncccc2C(=O)O)NC1=O,0,DEVELOPMENT,26,1,1.0709,261.281,91.65,2.0,3.0,1.0,0.0,0.0,-1.1073061397520896,0.203454551726641
893,"1H-1,2,4-Triazol-3-amine",1639,61-82-5,Nc1ncn[nH]1,0,DEVELOPMENT,253,3,-0.6131000000000002,84.082,67.59,2.0,0.0,1.0,0.0,0.0,-2.1141303615075504,0.3102900596184638
895,Gibberellic acid,6466,77-06-5,C=C1CC23CC1(O)CCC2C12C=CC(O)C(C)(C(=O)O1)C2C3C(=O)O,0,DEVELOPMENT,124,2,1.0271000000000001,346.3790000000001,104.06000000000002,3.0,1.0,0.0,0.0,0.0,-1.4252089504692969,0.17773327976504
896,ACC,535,22059-21-8,NC1(C(=O)O)CC1,0,DEVELOPMENT,251,2,-0.4377000000000004,101.105,63.32000000000001,2.0,1.0,0.0,0.0,0.0,-3.295141484245415,0.2173468858846671
899,"Phosphorothioic acid O-(3-chloro-4-methyl-2-oxo-2H-1-benzopyran-7-yl) O,O-diethyl ester",2871,56-72-4,CCOP(=S)(OCC)Oc1ccc2c(C)c(Cl)c(=O)oc2c1,1,DEVELOPMENT,123,3,4.431120000000004,362.7710000000001,99.8,0.0,6.0,2.0,1.0,3.0,-0.5859276370789871,0.223158695738639
900,Dikegulac,65420,18467-77-1,CC1(C)OCC2OC3(C(=O)O)OC(C)(C)OC3C2O1,0,DEVELOPMENT,249,5,0.46909999999999985,274.269,83.45000000000002,1.0,1.0,0.0,0.0,0.0,-0.6681851118069578,0.2411578048356312
902,2-(4-Thiazolyl)-1H-benzimidazole,5430,148-79-8,c1ccc2[nH]c(-c3cscn3)nc2c1,1,DEVELOPMENT,122,4,2.6864,201.254,69.81,1.0,1.0,3.0,0.0,0.0,0.8505583443425255,0.2065154758291309
903,N-(Phenylmethyl)-1H-purin-6-amine,62389,1214-39-7,c1ccc(CNc2ncnc3nc[nH]c23)cc1,0,DEVELOPMENT,248,1,1.9649999999999996,225.25500000000002,66.49000000000001,2.0,3.0,3.0,0.0,0.0,-1.2158487798609177,0.1649374137761137
904,"S-[(4,6-Diamino-1,3,5-triazin-2-yl)methyl]O,O-dimethyl ester phosphorodithioic acid",6543,78-57-9,COP(=S)(OC)SCc1nc(N)nc(N)n1,1,DEVELOPMENT,52,3,0.7865,281.303,176.37,2.0,5.0,1.0,0.0,3.0,-0.5570076503668456,0.3541351612274199
906,Bupirimate (Ref: PP 588),38884,41483-43-6,CCCCc1c(C)nc(NCC)nc1OS(=O)(=O)N(C)C,0,DEVELOPMENT,247,5,1.74462,316.4270000000001,92.8,1.0,8.0,1.0,0.0,0.0,0.110815460812612,0.1884862199779217
907,"5-Bromo-6-methyl-3-(1-methylpropyl)-2,4(1H,3H)-pyrimidinedione",9411,314-40-9,CCC(C)n1c(=O)[nH]c(C)c(Br)c1=O,0,DEVELOPMENT,246,4,1.5785200000000001,261.11899999999997,54.86,1.0,2.0,1.0,1.0,0.0,0.5814898742530515,0.151980154319836
909,Nepetalactone,161367,490-10-8,CC1=COC(=O)C2C(C)CCC12,0,DEVELOPMENT,245,1,2.1093,166.21999999999997,26.3,0.0,0.0,0.0,0.0,0.0,1.429672116418919,0.1190655382604132
912,Desmetryn (Ref: G 34360),13904,1014-69-3,CNc1nc(NC(C)C)nc(SC)n1,0,DEVELOPMENT,19,1,1.4555,213.30999999999997,88.03,2.0,4.0,1.0,0.0,0.0,-0.3674934886768765,0.1929128229673557
913,"1,1a,2,2,3,3a,4,5,5,5a,5b,6-Dodecachlorooctahydro-1,3,4-metheno-1H-cyclobuta[cd]pentalene",16945,2385-85-5,ClC1(Cl)C2(Cl)C3(Cl)C4(Cl)C(Cl)(Cl)C5(Cl)C3(Cl)C1(Cl)C5(Cl)C24Cl,1,DEVELOPMENT,121,3,6.222999999999999,545.5460000000003,0.0,0.0,0.0,0.0,12.0,0.0,3.5769332759322814,0.0
914,"3-[(Dimethoxyphosphinyl)oxy]-2-pentenedioic acid, Dimethyl ester",31199,122-10-1,COC(=O)C=C(CC(=O)OC)OP(=O)(OC)OC,1,DEVELOPMENT,56,2,1.0238999999999998,282.185,107.17000000000002,0.0,7.0,0.0,0.0,3.0,-0.1541447857042142,0.3068535436547618
915,N-[[(Methylamino)carbonyl]oxy]ethanimidothioic acid methyl ester,4109,16752-77-5,CNC(=O)ON=C(C)SC,1,DEVELOPMENT,25,5,1.0388,162.214,75.99,1.0,1.0,0.0,0.0,0.0,0.3695135151544235,0.2595333872632386
917,Molinate (Ref: OMS 1373),16653,2212-67-1,CCSC(=O)N1CCCCCC1,1,DEVELOPMENT,243,3,2.735500000000001,187.30799999999994,45.61000000000001,0.0,1.0,0.0,0.0,0.0,1.3154411383934244,0.1228730747020966
918,Oxolinic acid,4628,14698-29-4,CCn1cc(C(=O)O)c(=O)c2cc3c(cc21)OCO3,0,DEVELOPMENT,242,4,1.4483000000000001,261.23299999999995,77.76,1.0,2.0,2.0,0.0,0.0,-1.5968968614457602,0.254322434047065
920,Silthiofam (Ref: MON 65500),16116,175217-20-6,C=CCNC(=O)c1c([Si](C)(C)C)sc(C)c1C,0,DEVELOPMENT,241,3,2.825940000000001,267.46999999999997,57.34,1.0,4.0,1.0,0.0,0.0,0.8629504159013721,0.0890131163400949
921,"2-(2,4-Dichlorophenoxy)acetic acid, 2-Ethylhexyl ester",61286,1928-43-4,CCCCC(CC)COC(=O)COc1ccc(Cl)cc1Cl,0,DEVELOPMENT,16,3,5.131800000000005,333.255,35.53,0.0,9.0,1.0,2.0,0.0,0.2648946510830359,0.0882835714570898
922,Metribuzin (Ref: DPX G2504),30479,21087-64-9,CSc1nnc(C(C)(C)C)c(=O)n1N,0,DEVELOPMENT,240,2,0.37150000000000005,214.29399999999998,99.10000000000001,1.0,1.0,1.0,0.0,0.0,0.6424827551733624,0.2201064343487567
923,Oryzalin (Ref: EL 119),29393,19044-88-3,CCCN(CCC)c1c([N+](=O)[O-])cc(S(N)(=O)=O)cc1[N+](=O)[O-],0,DEVELOPMENT,23,2,1.7768,346.36500000000007,158.06,1.0,8.0,1.0,0.0,0.0,0.6516637315311388,0.3072736305284027
924,Bentazone,2328,25057-89-0,CC(C)N1C(=O)c2ccccc2NS1(=O)=O,0,DEVELOPMENT,239,1,1.2074999999999998,240.284,74.86000000000001,1.0,1.0,1.0,0.0,0.0,1.3645997403784944,0.2332062358508343
926,Pirimicarb (Ref: OMS 1330),31645,23103-98-2,Cc1nc(N(C)C)nc(OC(=O)N(C)C)c1C,1,DEVELOPMENT,238,5,1.2198399999999998,238.29099999999997,58.56,0.0,2.0,1.0,0.0,0.0,-0.4634710717106791,0.1636968359027525
929,"3-[2,4-Dichloro-5-(1-methylethoxy)phenyl]-5-(1,1-dimethylethyl)-1,3,4-oxadiazol-2(3H)-one",29732,19666-30-9,CC(C)Oc1cc(-n2nc(C(C)(C)C)oc2=O)c(Cl)cc1Cl,0,DEVELOPMENT,67,1,4.217000000000004,345.226,57.26,0.0,3.0,2.0,2.0,0.0,-0.32094181067353,0.142637492552391
930,Camphechlor (Ref: Hercules 3956),58167,8001-35-2,ClCC1(C(Cl)Cl)C2CC(Cl)(Cl)C1(CCl)C(Cl)C2Cl,1,DEVELOPMENT,235,3,5.662700000000002,413.81399999999996,0.0,0.0,3.0,0.0,8.0,0.0,3.421916715885713,0.0
931,Propyzamide (Ref: RH 315),32154,23950-58-5,C#CC(C)(C)NC(=O)c1cc(Cl)cc(Cl)c1,0,DEVELOPMENT,234,4,3.1350000000000016,256.132,29.1,1.0,2.0,1.0,2.0,0.0,0.5007595872998349,0.067955397426201
933,Jasmonic acid,5281166,6894-38-8,CCC=CCC1C(=O)CCC1CC(=O)O,0,DEVELOPMENT,232,2,2.4127,210.27299999999997,54.370000000000005,1.0,5.0,0.0,0.0,0.0,0.7833688648170054,0.1372316936077352
935,Grandlure (Ref: SHA 112401),6449788,11104-05-5,CC1(C)CCCC(=CC=O)C1,0,DEVELOPMENT,231,3,2.711900000000001,152.23699999999997,17.07,0.0,1.0,0.0,0.0,0.0,2.096785377731452,0.0647216731538048
937,Lineatin,155682,71899-16-6,CC12CC3OC(C1)C2C(C)(C)O3,0,DEVELOPMENT,230,1,1.9364,168.236,18.46,0.0,0.0,0.0,0.0,0.0,-0.1933977820391218,0.0873550277553359
938,Kinoprene,6434236,42588-37-4,C#CCOC(=O)C=C(C)C=CCC(C)CCCC(C)C,0,DEVELOPMENT,79,1,4.517800000000004,276.41999999999996,26.3,0.0,9.0,0.0,0.0,0.0,1.7135032040625575,0.0575572035155609
939,4-Bromo-2-(4-chlorophenyl)-1-(ethoxymethyl)-5-(trifluoromethyl)-1H-pyrrole-3-carbonitrile,91778,122453-73-0,CCOCn1c(-c2ccc(Cl)cc2)c(C#N)c(Br)c1C(F)(F)F,1,DEVELOPMENT,229,5,5.455480000000002,407.617,37.95,0.0,4.0,2.0,5.0,0.0,0.0745680343843935,0.0941930594075287
940,Vinclozolin (Ref: BAS 352F),39676,50471-44-8,C=CC1(C)OC(=O)N(c2cc(Cl)cc(Cl)c2)C1=O,0,DEVELOPMENT,78,3,3.4213000000000013,286.11400000000003,46.61,0.0,2.0,1.0,2.0,0.0,0.3042941292990505,0.1678186914028785
944,Milbemectin (Ref: SL 8601),57369723,51596-11-3 (MA4),CC1=CCC2CC(CC3(CCC(C)C(C)O3)O2)OC(=O)C2C=C(C)C(O)C3OCC(=CC=CC(C)C1)C23O,1,DEVELOPMENT,58,1,4.534200000000005,528.6860000000003,94.45000000000002,2.0,0.0,0.0,0.0,0.0,-0.809997044308372,0.0949273548908737
945,2-Cyano-N-[(ethylamino)carbonyl]-2-(methoxyimino)acetamide,42614,57966-95-7,CCNC(=O)NC(=O)C(C#N)=NOC,0,DEVELOPMENT,227,3,-0.6419199999999998,198.182,103.58000000000001,2.0,3.0,0.0,0.0,0.0,-2.3042304700192537,0.3198800924431538
947,"1,7-dioxaspiro(5.5)undecane",67437,180-84-7,C1CCC2(CCCCO2)OC1,0,DEVELOPMENT,226,2,2.0837,156.225,18.46,0.0,0.0,0.0,0.0,0.0,-0.9080118725241318,0.0880952521116656
948,24-epibrassinolide,443055,78821-43-9,CC(C)C(C)C(O)C(O)C(C)C1CCC2C3COC(=O)C4CC(O)C(O)CC4(C)C3CCC12C,1,DEVELOPMENT,225,5,3.3900000000000015,480.6860000000003,107.22,4.0,5.0,0.0,0.0,0.0,-0.92616998429513,0.0974462397891697
949,Difenzoquat metilsulfate (Ref: AC 84777),39424,43222-48-6,Cn1c(-c2ccccc2)cc(-c2ccccc2)[n+]1C,0,DEVELOPMENT,224,4,3.183600000000002,249.337,8.809999999999999,0.0,2.0,3.0,0.0,0.0,0.2958632441420766,0.0364178319031928
951,"2,3-Dihydro-5,6-dimethyl-1,4-dithiin 1,1,4,4-tetraoxide",41385,55290-64-7,CC1=C(C)S(=O)(=O)CCS1(=O)=O,0,DEVELOPMENT,223,2,0.08099999999999996,210.27599999999995,85.03999999999999,0.0,0.0,0.0,0.0,0.0,-0.7168852039459347,0.3280084607152828
953,Nitrothal-isopropyl (Ref: BAS 300 OOF),43704,10552-74-6,CC(C)OC(=O)c1cc(C(=O)OC(C)C)cc([N+](=O)[O-])c1,0,DEVELOPMENT,119,2,2.725200000000001,295.291,95.74000000000001,0.0,5.0,1.0,0.0,0.0,-0.526403847051241,0.2320104404572375
954,"(1R,3R)-rel-3-[(1Z)-2-Chloro-3,3,3-trifluoro-1-propen-1-yl]-2,2-dimethylcyclopropanecarboxylic acid (2,3,5,6-tetrafluoro-4-methylphenyl)methyl ester",54382,79538-32-2,Cc1c(F)c(F)c(COC(=O)C2C(C=C(Cl)C(F)(F)F)C2(C)C)c(F)c1F,1,DEVELOPMENT,4,4,5.551820000000002,418.7360000000001,26.3,0.0,4.0,1.0,8.0,0.0,2.963061268613169,0.0620025376492411
956,"Tetrahydro-5,5-dimethyl-2(1H)-pyrimidio[3-[4-trifluoromethyl)phenyl]-1-[2-[4-(trifluoromethyl)phenyl]ethenyl]-2-propenylidene]hydrazone",5281875,67485-29-4,CC1(C)CN=C(NN=C(C=Cc2ccc(C(F)(F)F)cc2)C=Cc2ccc(C(F)(F)F)cc2)NC1,0,DEVELOPMENT,222,1,6.3818000000000055,494.4830000000001,48.78,2.0,5.0,2.0,6.0,0.0,1.2089985889966683,0.053524173122054
958,Triazoxide (Ref: SAS 9244),93422,72459-58-6,[O-][n+]1nc(-n2ccnc2)nc2ccc(Cl)cc21,0,DEVELOPMENT,220,5,1.1022999999999992,247.64499999999998,70.53999999999999,0.0,1.0,3.0,1.0,0.0,0.5454619258338088,0.2645750375594356
959,Siglure,164964,2425-20-9,CCC(C)OC(=O)C1CC=CCC1C,0,DEVELOPMENT,117,1,2.9304000000000014,196.28999999999996,26.3,0.0,3.0,0.0,0.0,0.0,1.5652862577915645,0.0752563136655116
960,"3,6-Bis(2-chlorophenyl)-1,2,4,5-tetrazine",73670,74115-24-5,Clc1ccccc1-c1nnc(-c2ccccc2Cl)nn1,0,DEVELOPMENT,116,5,3.9074000000000018,303.152,51.56,0.0,2.0,3.0,2.0,0.0,0.8529304698306482,0.1585446308531868
961,Bensultap (Ref: OMS 3011),87176,17606-31-4,CN(C)C(CSS(=O)(=O)c1ccccc1)CSS(=O)(=O)c1ccccc1,0,DEVELOPMENT,219,1,3.160800000000002,431.62600000000015,138.88,0.0,9.0,2.0,0.0,0.0,0.2378022483400482,0.2407329415759015
962,Pyroquilon (Ref: CGA 49104),91665,57369-32-1,O=C1CCc2cccc3c2N1CC3,0,DEVELOPMENT,218,3,1.5219,173.21499999999995,20.310000000000002,0.0,0.0,1.0,0.0,0.0,0.314814884968391,0.099739799591931
963,alpha-(1-Methylethyl)-alpha-[4-(trifluoromethoxy)phenyl]-5-pyrimidinemethanol,73668,56425-91-3,CC(C)C(O)(c1ccc(OC(F)(F)F)cc1)c1cncnc1,0,DEVELOPMENT,217,3,3.267100000000002,312.29099999999994,55.24,1.0,4.0,2.0,3.0,0.0,0.3843099087231594,0.1186826710536974
965,Cinmethylin (Ref: BAS 684 H),91745,87818-31-3,Cc1ccccc1COC1CC2(C(C)C)CCC1(C)O2,0,DEVELOPMENT,216,2,4.2478200000000035,274.40399999999994,18.46,0.0,4.0,1.0,0.0,0.0,1.369446194145293,0.0479049748069832
968,Diafenthiuron (Ref: CGA 106630),3034380,80060-09-9,CC(C)c1cc(Oc2ccccc2)cc(C(C)C)c1NC(=S)NC(C)(C)C,1,DEVELOPMENT,214,4,6.810600000000006,384.58900000000006,65.38,2.0,5.0,2.0,0.0,0.0,1.2505745967809163,0.0705539113084463
969,"2-(Difluoromethyl)-4-(2-methylpropyl)-6-(trifluoromethyl)-3,5-pyridinedicarbothioic acid, S3,S5-Dimethyl ester",91757,97886-45-8,CSC(=O)c1c(C(F)F)nc(C(F)(F)F)c(C(=O)SC)c1CC(C)C,0,DEVELOPMENT,115,5,5.242900000000003,401.42200000000014,97.63000000000001,0.0,5.0,1.0,5.0,0.0,2.323782578258624,0.1725766211112641
970,Pefurazoate (Ref: UR-0003),93532,101903-30-4,C=CCCCOC(=O)C(CC)N(Cc1ccco1)C(=O)n1ccnc1,0,DEVELOPMENT,213,1,3.2344000000000017,345.399,77.57000000000001,0.0,9.0,2.0,0.0,0.0,-0.7090016297351301,0.1632163564553912
971,Silafluofen (Ref: HOE 084498),92430,105024-66-6,CCOc1ccc([Si](C)(C)CCCc2ccc(F)c(Oc3ccccc3)c2)cc1,1,DEVELOPMENT,212,5,6.564900000000007,408.58900000000006,18.46,0.0,9.0,3.0,1.0,0.0,0.3773762090638,0.0377169902074433
972,Rhyncolure,6506618,83212-30-0,CC=CC(O)CC(C)C,0,DEVELOPMENT,211,5,1.9695,128.21499999999997,20.23,1.0,3.0,0.0,0.0,0.0,1.4223807700506506,0.0363311099883809
973,Amisulbrom,10238657,348635-87-0,Cc1c(Br)c2ccc(F)cc2n1S(=O)(=O)c1ncn(S(=O)(=O)N(C)C)n1,0,DEVELOPMENT,210,3,1.33432,466.3140000000002,123.91999999999999,0.0,4.0,3.0,2.0,0.0,1.7695275879215355,0.29320129674681
974,Clethodim (Ref: RE 45601),135491728,99129-21-2,CCSC(C)CC1CC(=O)C(=C(CC)NOCC=CCl)C(=O)C1,0,DEVELOPMENT,45,5,4.004100000000003,359.91900000000004,80.70000000000002,1.0,9.0,0.0,1.0,0.0,1.0315475547545068,0.1227961582904957
975,"2-[7-Fluoro-3,4-dihydro-3-oxo-4-(2-propynyl)-2H-1,4-benzoxazin-6-yl]-4,5,6,7-tetrahydro-1H-isoindole-1,3(2H)-dione",92425,103361-09-7,C#CCN1C(=O)COc2cc(F)c(N3C(=O)C4=C(CCCC4)C3=O)cc21,0,DEVELOPMENT,66,5,1.9281,354.3370000000002,66.92,0.0,2.0,1.0,1.0,0.0,0.8207521508589872,0.1795633745269285
976,Ecolyst (Ref: HSDB 7282),213029,274671-61-3,CCN(CC)CCOCc1ccc(C)cc1,0,DEVELOPMENT,209,2,2.8534200000000016,221.344,12.47,0.0,7.0,1.0,0.0,0.0,1.689515837473938,0.0413530993303606
979,"4-(2,2-Difluoro-1,3-benzodioxol-4-yl)-1H-pyrrole-3-carbonitrile",86398,131341-86-1,N#Cc1c[nH]cc1-c1cccc2c1OC(F)(F)O2,0,DEVELOPMENT,114,5,2.87488,248.18799999999993,58.040000000000006,1.0,1.0,2.0,2.0,0.0,0.1490050175325753,0.1880820561458801
980,"2-[2-(1-Chlorocyclopropyl)-3-(2-chlorophenyl)-2-hydroxypropyl]-1,2-dihydro-3H-1,2,4-triazole-3-thione",6451142,178928-70-6,OC(Cc1ccccc1Cl)(Cn1[nH]cnc1=S)C1(Cl)CC1,0,DEVELOPMENT,207,4,3.339290000000001,344.26700000000005,85.93,2.0,5.0,2.0,2.0,0.0,0.3200361500741688,0.1419692820883425
981,Furilazole (Ref: MON 13900),86187,121776-33-8,CC1(C)OC(c2ccco2)CN1C(=O)C(Cl)Cl,0,DEVELOPMENT,206,4,2.7193000000000014,278.135,42.68,0.0,2.0,1.0,2.0,0.0,-0.7257956762155287,0.1420725143645328
982,Mepanipyrim (Ref: KUF 6201),86296,110235-47-7,CC#Cc1cc(C)nc(Nc2ccccc2)n1,0,DEVELOPMENT,77,3,2.9000200000000005,223.27900000000002,37.81,1.0,2.0,2.0,0.0,0.0,-0.2668446080151322,0.0852769694258897
983,Pyrimidifen,6451139,105779-78-0,CCOCCc1ccc(OCCNc2ncnc(CC)c2Cl)c(C)c1C,1,DEVELOPMENT,205,1,4.379140000000004,377.91600000000017,56.27,1.0,10.0,2.0,1.0,0.0,-0.2056966478606984,0.0891844726249824
984,"8-(1,1-Dimethylethyl)-N-ethyl-N-propyl-1,4-dioxaspiro[4.5]decane-2-methanamine",86160,118134-30-8,CCCN(CC)CC1COC2(CCC(C(C)(C)C)CC2)O1,1,DEVELOPMENT,204,4,4.066300000000004,297.48300000000006,21.700000000000003,0.0,5.0,0.0,0.0,0.0,1.6676552849163473,0.0553432660857092
986,Fluthiacet,18772468,149253-65-6,O=C(O)CSc1cc(N=c2sc(=O)n3n2CCCC3)c(F)cc1Cl,0,DEVELOPMENT,113,2,2.7067000000000014,389.8610000000002,130.13,1.0,4.0,2.0,2.0,0.0,0.7122923707261216,0.2522896191912452
988,Dinotefuran (Ref: MTI 446),197701,165252-70-0,CN=C(NCC1CCOC1)N[N+](=O)[O-],1,DEVELOPMENT,202,3,-0.6203999999999994,202.214,88.79,2.0,3.0,0.0,0.0,0.0,-0.9939479535469506,0.2462435155947333
989,[N(Z)]-N-[3-[(6-Chloro-3-pyridinyl)methyl]-2-thiazolidinylidene]cyanamide,115224,111988-49-9,N#CN=C1SCCN1Cc1ccc(Cl)nc1,0,DEVELOPMENT,47,1,2.1208799999999997,252.73000000000002,77.58,0.0,2.0,1.0,1.0,0.0,-0.7053279095110051,0.2309373189935504
990,Phthalide (Ref: BAY 96610),5483872,27355-22-2,O=C1OCc2c(Cl)c(Cl)c(Cl)c(Cl)c21,0,DEVELOPMENT,201,5,3.9706,271.91400000000004,26.3,0.0,0.0,1.0,4.0,0.0,1.680826882807772,0.1540247603713778
991,"3-Chloro-5-[[[[(4,6-dimethoxy-2-pyrimidinyl)amino]carbonyl]amino]sulfonyl]-1-methyl-1H-pyrazole-4-carboxylic acid, Methyl ester",91763,100784-20-1,COC(=O)c1c(Cl)nn(C)c1S(=O)(=O)NC(=O)Nc1nc(OC)cc(OC)n1,0,DEVELOPMENT,0,4,0.17769999999999953,434.8180000000002,172.00999999999993,2.0,6.0,2.0,1.0,0.0,-0.74772085822307,0.3385346626533563
992,N-(Cyano-2-thienylmethyl)-4-ethyl-2-(ethylamino)-5-thiazolecarboxamide,11174640,162650-77-3,CCNc1nc(CC)c(C(=O)NC(C#N)c2cccs2)s1,0,DEVELOPMENT,200,1,3.193480000000001,320.44300000000004,134.29,2.0,6.0,2.0,0.0,0.0,-0.2480605730505138,0.2160685282240488
993,3-[2-Chloro-4-(methanesulfonyl)benzoyl]-4-(phenylsulfanyl)bicyclo[3.2.1]oct-3-en-2-one,11236201,156963-66-5,CS(=O)(=O)c1ccc(C(=O)C2=C(Sc3ccccc3)C3CCC(C3)C2=O)c(Cl)c1,0,DEVELOPMENT,69,4,4.971600000000004,446.9770000000002,101.96000000000001,0.0,5.0,2.0,1.0,0.0,1.4419399062294795,0.1763139555483013
995,Benthiavalicarb,20593234,413615-35-7,CC(NC(=O)C(NC(=O)O)C(C)C)c1nc2ccc(F)cc2s1,0,DEVELOPMENT,112,4,2.9048000000000007,339.39200000000005,119.56,3.0,5.0,2.0,1.0,0.0,-0.8523529394795749,0.1839931754152029
997,Thenylchlor (Ref: NSK 850),443036,96491-05-3,COc1ccsc1CN(C(=O)CCl)c1c(C)cccc1C,0,DEVELOPMENT,6,1,4.145540000000003,323.845,57.78,0.0,5.0,2.0,1.0,0.0,0.5011517462984304,0.1189044492294154
998,"2-Chloro-5-[3,6-dihydro-3-methyl-2,6-dioxo-4-(trifluoromethyl)-1(2H)-pyrimidinyl]benzoic acid 1,1-dimethyl-2-oxo-2-(2-propenyloxy)ethyl ester",11826859,134605-64-4,C=CCOC(=O)C(C)(C)OC(=O)c1cc(-n2c(=O)cc(C(F)(F)F)n(C)c2=O)ccc1Cl,0,DEVELOPMENT,198,3,2.873000000000001,474.8190000000001,96.6,0.0,6.0,2.0,4.0,0.0,-0.5460148872286816,0.1844095167677868
1001,Di-1-p-menthene,61928,34363-01-4,CC1=CCC(CCC(C)(C)C2CC=C(C)CC2)CC1,0,DEVELOPMENT,107,2,6.285600000000006,260.465,0.0,0.0,4.0,0.0,0.0,0.0,5.446950728125267,0.0
1002,"5-[[(2,6-Difluorophenyl)methoxy]methyl]-4,5-dihydro-5-methyl(3-methyl-2-thienyl)isoxazole",11500973,403640-27-7,Cc1ccsc1C1=NOC(C)(COCc2c(F)cccc2F)C1,0,DEVELOPMENT,197,3,4.434620000000003,337.391,59.06,0.0,5.0,2.0,2.0,0.0,0.4769928391569915,0.1249621039052261
1005,"alpha-Methyl-omega-[3-[1,3,3,3-tetramethyl-1-[(trimethylsilyl)oxy]-1-disiloxanyl]propoxy]poly(oxy-1,2-ethanediyl)",197160,27306-78-1,COCCOCCC[Si](C)(O[Si](C)(C)C)O[Si](C)(C)C,0,DEVELOPMENT,196,2,3.8145000000000024,338.6690000000001,36.92,0.0,11.0,0.0,0.0,0.0,0.4053499272850573,0.0839307138808599
1006,Metyltetraprole (Ref: S-2367),8988183,1472649-01-6,Cc1cccc(-n2nnn(C)c2=O)c1COc1ccn(-c2ccc(Cl)cc2)n1,0,DEVELOPMENT,111,3,2.692520000000001,396.838,79.76,0.0,5.0,4.0,1.0,0.0,0.9947706443659972,0.1731509085428801
1007,Cyflufenamid (Ref: NF 149),9844539,180409-60-3,O=C(Cc1ccccc1)N=C(NOCC1CC1)c1c(C(F)(F)F)ccc(F)c1F,0,DEVELOPMENT,195,1,4.4307000000000025,412.35799999999995,50.69,1.0,6.0,2.0,5.0,0.0,1.516492520668297,0.0930037939783767
1008,Ethidimuron (Ref: MET 1486 ),91596,30043-49-3,CCS(=O)(=O)c1nnc(N(C)C(=O)NC)s1,0,DEVELOPMENT,76,5,0.10730000000000023,264.332,128.88000000000002,1.0,3.0,1.0,0.0,0.0,0.9105500503097268,0.3394777210187953
1010,Cyenopyrafen (Ref: NC-512 ),18772482,560121-52-0,Cc1nn(C)c(C(OC(=O)C(C)(C)C)=C(C#N)c2ccc(C(C)(C)C)cc2)c1C,0,DEVELOPMENT,194,5,5.315620000000005,393.5310000000001,67.91,0.0,3.0,2.0,0.0,0.0,1.6916405872729048,0.105851230164654
1011,Spinosad (Ref: XDE 105),21871655,168316-95-8,CCC1CCCC(OC2CCC(N(C)C)C(C)O2)C(C)C(=O)C2=CC3C(C=C(C)C4CC(OC5OC(C)C(OC)C(OC)C5OC)CC43)C2CC(=O)O1,1,DEVELOPMENT,110,1,5.877500000000007,745.9950000000001,111.22000000000001,0.0,9.0,0.0,0.0,0.0,-0.2800315912769691,0.1108669642436562
1015,"3-Phenyl-5-(2-thienyl)-1,2,4-oxadiazole",695679,330459-31-9,c1ccc(-c2noc(-c3cccs3)n2)cc1,1,DEVELOPMENT,191,5,3.4651000000000014,228.27600000000004,67.16,0.0,2.0,3.0,0.0,0.0,1.7431305175889955,0.2050397463087305
1016,N-[Methyloxido[1-[6-(trifluoromethyl)-3-pyridinyl]ethyl]-lambda4-sulfanylidene]cyanamide,16723172,946578-00-3,CC(c1ccc(C(F)(F)F)nc1)S(C)(=O)=NC#N,1,DEVELOPMENT,190,4,2.740280000000001,277.271,74.49000000000001,0.0,2.0,1.0,3.0,0.0,-0.0037323038940159,0.2127378238880373
1017,"N2-[(1R,2S)-2,3-Dihydro-2,6-dimethyl-1H-inden-1-yl]-6-(1-fluoroethyl)-1,3,5-triazine-2,4-diamine",44146693,950782-86-2,Cc1ccc2c(c1)C(Nc1nc(N)nc(C(C)F)n1)C(C)C2,0,DEVELOPMENT,189,3,3.1381200000000016,301.369,76.72,2.0,3.0,2.0,1.0,0.0,-0.6531358812034379,0.1030019068861498
1020,Sabadilla (Ref: ENT 123 ),76419455,8051-02-3,COc1ccc(C(=O)OC2CCC3(C)C4CCC5C6(O)CC(O)C7(O)C(CN8CC(C)CCC8C7(C)O)C6(O)CC53OC24O)cc1OC,0,DEVELOPMENT,188,2,1.3560000000000005,673.8000000000003,178.60999999999999,6.0,4.0,1.0,0.0,0.0,-1.5371006212111464,0.1223185049814115
1023,"1-[4-[4-[5-(2,6-Difluorophenyl)-4,5-dihydro-3-isoxazolyl]-2-thiazolyl]-1-piperidinyl]-2-[5-methyl-3-(trifluoromethyl)-1H-pyrazol-1-yl]ethanone",56945145,1003318-67-9,Cc1cc(C(F)(F)F)nn1CC(=O)N1CCC(c2nc(C3=NOC(c4c(F)cccc4F)C3)cs2)CC1,0,DEVELOPMENT,187,1,5.216920000000004,539.5300000000001,100.85,0.0,5.0,3.0,5.0,0.0,0.5483422959527342,0.1549043483715302
1024,Brofluthrinate (Ref: ZXI 8901),16722122,160791-64-0,CC(C)C(C(=O)OC(C#N)c1cccc(Oc2ccc(Br)cc2)c1)c1ccc(OC(F)F)cc1,1,DEVELOPMENT,4,4,7.3904800000000055,530.3650000000001,68.55000000000001,0.0,9.0,3.0,3.0,0.0,-0.8166885159335394,0.1154846688512713
1025,1-(3-Chloropyridin-2-yl)-N-[4-cyano-2-methyl-6-(methylcarbamoyl)phenyl]-3-{[5-(trifluoromethyl)-2H-tetrazol-2-yl]methyl}-1H-pyrazole-5-carboxamide,56602311,1229654-66-3,CNC(=O)c1cc(C#N)cc(C)c1NC(=O)c1cc(Cn2nnc(C(F)(F)F)n2)nn1-c1ncccc1Cl,1,DEVELOPMENT,63,3,2.766300000000001,544.8850000000001,156.3,2.0,6.0,4.0,4.0,0.0,0.0035239834027385,0.232353960588332
1026,Triflumezopyrim (Ref: DPX-RAB55),57414497,1263133-33-0,O=C1C(c2cccc(C(F)(F)F)c2)C(=O)N(Cc2cncnc2)C2CCCCN12,1,DEVELOPMENT,186,2,2.960000000000001,404.3920000000001,66.4,0.0,3.0,2.0,3.0,0.0,0.0310459750917391,0.1425307549549493
1027,Broflanilide (Ref: MCI-8007),53341374,1207727-04-5,CN(C(=O)c1ccccc1)c1cccc(C(=O)Nc2c(Br)cc(C(F)(C(F)(F)F)C(F)(F)F)cc2C(F)(F)F)c1F,1,DEVELOPMENT,185,5,8.425300000000004,663.2810000000002,49.410000000000004,1.0,5.0,3.0,12.0,0.0,0.6284183353168453,0.075847105543003
1028,Penflufen (Ref: BYF-14182),11674113,494793-67-8,Cc1nn(C)c(F)c1C(=O)Nc1ccccc1C(C)CC(C)C,0,DEVELOPMENT,184,3,4.2695200000000035,317.40800000000013,46.92,1.0,5.0,2.0,1.0,0.0,0.5519592606438278,0.0871239147291473
1029,"N-[6-[[[(Z)-[(1-Methyl-1H-tetrazol-5-yl)phenylmethylene]amino]oxy]methyl]-2-pyridinyl]-1,1-dimethylethyl ester carbamic acid",56945144,500207-04-5,Cn1nnnc1C(=NOCc1cccc(NC(=O)OC(C)(C)C)n1)c1ccccc1,0,DEVELOPMENT,183,3,2.9213000000000013,409.45000000000016,116.41,1.0,6.0,3.0,0.0,0.0,0.2684534390209483,0.1953432974524698
1030,1-({1-Ethyl-4-[4-(methanesulfonyl)-3-(2-methoxyethoxy)-2-methylbenzoyl]-1H-pyrazol-5-yl}oxy)ethyl methyl carbonate,44473182,1101132-67-5,CCn1ncc(C(=O)c2ccc(S(C)(=O)=O)c(OCCOC)c2C)c1OC(C)OC(=O)OC,0,DEVELOPMENT,182,2,2.37892,484.5270000000004,140.63,0.0,11.0,2.0,0.0,0.0,-0.6147907904637495,0.2266560284572882
1031,"Cyclopropanecarboxylic acid, [(3S,4R,4aR,6S,6aS,12R,12aS,12bS)-3-[(Cyclopropylcarbonyl)oxy]-1,3,4,4a,5,6,6a,12,12a,12b-decahydro-6,12-dihydroxy-4,6a,12b-trimethyl-11-oxo-9-(3-pyridinyl)-2H,11H-naphtho[2,1-b]pyrano[3,4-e]pyran-4-yl]methyl ester",54589430,915972-17-7,CC1(COC(=O)C2CC2)C(OC(=O)C2CC2)CCC2(C)C1CC(O)C1(C)Oc3cc(-c4cccnc4)oc(=O)c3C(O)C21,0,DEVELOPMENT,181,4,3.964700000000003,593.6730000000003,145.39,2.0,6.0,2.0,0.0,0.0,-1.4808157981984522,0.1667487711402202
1032,Fenpicoxamid (Ref: XDE 777),121494114,517875-34-2,COc1ccnc(C(=O)NC2COC(=O)C(Cc3ccccc3)C(OC(=O)C(C)C)C(C)OC2=O)c1OCOC(=O)C(C)C,0,DEVELOPMENT,180,5,2.6392999999999995,614.6480000000001,165.65,1.0,11.0,2.0,0.0,0.0,-0.599018530673245,0.1963442364807378
1033,Fluindapyr (Ref: IR9792),57343740,1383809-87-7,CC1CC(C)(C)c2c(F)ccc(N=C(O)c3cn(C)nc3C(F)F)c21,0,DEVELOPMENT,179,4,4.917900000000003,351.37200000000007,50.410000000000004,1.0,3.0,2.0,3.0,0.0,0.7733996754167395,0.0880228973349997
1034,Maltodextrin,162179169,9050-36-6,O=CC(O)C(O)C(O)C(O)CO,0,DEVELOPMENT,178,1,-3.3788000000000005,180.15599999999998,118.22000000000001,5.0,5.0,0.0,0.0,0.0,-3.250944877662504,0.2751436451731912
