evaluation_status,representation,n_features,model,ID,BUTINA_CLUSTER_ID,outer_fold,y_true,y_pred,y_score
development_oof,x10,10,logistic,3,108,1,0,0,0.2055421228617677
development_oof,x10,10,logistic,13,109,1,1,1,0.9520478829401164
development_oof,x10,10,logistic,22,456,1,0,1,0.5708318657818673
development_oof,x10,10,logistic,24,455,1,0,0,0.3180695742494141
development_oof,x10,10,logistic,25,12,1,1,0,0.27018769647472496
development_oof,x10,10,logistic,35,108,1,0,0,0.1964272890303042
development_oof,x10,10,logistic,43,6,1,0,0,0.3147019594654795
development_oof,x10,10,logistic,53,447,1,0,0,0.3654544381897414
development_oof,x10,10,logistic,65,168,1,1,1,0.9775897145981728
development_oof,x10,10,logistic,68,445,1,1,0,0.2502937712366428
development_oof,x10,10,logistic,70,166,1,0,0,0.1384707548462111
development_oof,x10,10,logistic,72,12,1,1,0,0.2645452531200645
development_oof,x10,10,logistic,75,108,1,0,0,0.2281300894264168
development_oof,x10,10,logistic,88,12,1,0,0,0.21491598661370356
development_oof,x10,10,logistic,89,6,1,0,0,0.27134855289886534
development_oof,x10,10,logistic,110,41,1,0,0,0.2286716387854371
development_oof,x10,10,logistic,129,58,1,1,1,0.9426840893929128
development_oof,x10,10,logistic,133,432,1,1,1,0.9810963845667683
development_oof,x10,10,logistic,144,41,1,0,0,0.4494804983124612
development_oof,x10,10,logistic,153,41,1,0,1,0.5787339295446474
development_oof,x10,10,logistic,155,41,1,0,0,0.2792334153555975
development_oof,x10,10,logistic,168,424,1,0,0,0.34551582056736596
development_oof,x10,10,logistic,171,41,1,1,1,0.5135258893768094
development_oof,x10,10,logistic,197,168,1,1,1,0.984470315664807
development_oof,x10,10,logistic,205,41,1,0,0,0.49516534366545334
development_oof,x10,10,logistic,209,420,1,1,1,0.977012512309251
development_oof,x10,10,logistic,232,6,1,0,0,0.2624897673977123
development_oof,x10,10,logistic,237,117,1,0,0,0.4381436917902157
development_oof,x10,10,logistic,243,414,1,0,0,0.30295781811598754
development_oof,x10,10,logistic,250,166,1,0,0,0.05696653840976127
development_oof,x10,10,logistic,270,12,1,1,0,0.33690853895693
development_oof,x10,10,logistic,272,19,1,0,0,0.1822595165467062
development_oof,x10,10,logistic,282,406,1,1,1,0.9845896998835739
development_oof,x10,10,logistic,289,6,1,0,0,0.2515803484837145
development_oof,x10,10,logistic,303,12,1,1,0,0.30516504229154673
development_oof,x10,10,logistic,305,402,1,0,0,0.3411479447571077
development_oof,x10,10,logistic,306,101,1,1,0,0.41811264604667997
development_oof,x10,10,logistic,307,12,1,1,0,0.24645889391064257
development_oof,x10,10,logistic,314,398,1,0,0,0.34786416001431913
development_oof,x10,10,logistic,318,127,1,1,0,0.007370567939993852
development_oof,x10,10,logistic,328,395,1,1,0,0.4970130170566638
development_oof,x10,10,logistic,345,73,1,0,1,0.9574593554042323
development_oof,x10,10,logistic,346,12,1,1,0,0.32803228316152616
development_oof,x10,10,logistic,350,12,1,0,0,0.32466170697979446
development_oof,x10,10,logistic,362,36,1,0,0,0.22059694948718225
development_oof,x10,10,logistic,366,79,1,1,0,0.3332745520774349
development_oof,x10,10,logistic,367,79,1,1,0,0.43591201017317455
development_oof,x10,10,logistic,368,387,1,0,0,0.3282949046129829
development_oof,x10,10,logistic,383,12,1,1,0,0.29949377684086476
development_oof,x10,10,logistic,390,381,1,0,0,0.17438544261210998
development_oof,x10,10,logistic,411,6,1,0,0,0.284417014477578
development_oof,x10,10,logistic,415,12,1,1,0,0.3089608525407967
development_oof,x10,10,logistic,418,6,1,0,0,0.3298905063031115
development_oof,x10,10,logistic,427,6,1,0,0,0.2866350412020044
development_oof,x10,10,logistic,432,375,1,0,0,0.47992523004603876
development_oof,x10,10,logistic,433,58,1,1,1,0.909428436787177
development_oof,x10,10,logistic,445,95,1,0,0,0.2946701385527009
development_oof,x10,10,logistic,452,73,1,1,1,0.9654081654406091
development_oof,x10,10,logistic,467,6,1,0,0,0.3192264566864685
development_oof,x10,10,logistic,476,95,1,0,0,0.29762291080207504
development_oof,x10,10,logistic,478,6,1,0,0,0.24327373624778156
development_oof,x10,10,logistic,488,26,1,1,0,0.3259946443192763
development_oof,x10,10,logistic,507,26,1,0,0,0.27588302741262216
development_oof,x10,10,logistic,509,362,1,0,0,0.42902611290214593
development_oof,x10,10,logistic,512,361,1,0,0,0.3695075040968699
development_oof,x10,10,logistic,521,26,1,0,0,0.311850031095018
development_oof,x10,10,logistic,530,358,1,1,0,0.37139811413616136
development_oof,x10,10,logistic,531,6,1,0,0,0.25568801247105905
development_oof,x10,10,logistic,532,26,1,0,0,0.3847303006809647
development_oof,x10,10,logistic,534,26,1,0,0,0.2348530065652015
development_oof,x10,10,logistic,552,6,1,0,0,0.24950585731823063
development_oof,x10,10,logistic,564,47,1,1,0,0.17069707927655275
development_oof,x10,10,logistic,573,350,1,0,1,0.5778898114411508
development_oof,x10,10,logistic,576,349,1,0,0,0.4579003047664036
development_oof,x10,10,logistic,578,26,1,0,0,0.28911247738372164
development_oof,x10,10,logistic,590,152,1,0,0,0.04610209845496338
development_oof,x10,10,logistic,591,343,1,0,1,0.5474671136086667
development_oof,x10,10,logistic,630,67,1,0,0,0.4974621993851231
development_oof,x10,10,logistic,637,47,1,1,0,0.1931768983618501
development_oof,x10,10,logistic,639,332,1,0,1,0.5811652305594093
development_oof,x10,10,logistic,642,331,1,0,0,0.3796320523661919
development_oof,x10,10,logistic,644,47,1,1,0,0.22973908324020642
development_oof,x10,10,logistic,650,88,1,0,0,0.47271734057366205
development_oof,x10,10,logistic,651,67,1,0,0,0.3468825571059617
development_oof,x10,10,logistic,654,327,1,0,1,0.6067754820940447
development_oof,x10,10,logistic,673,320,1,0,0,0.2682069834088576
development_oof,x10,10,logistic,676,6,1,0,0,0.30146817285616767
development_oof,x10,10,logistic,679,6,1,0,0,0.37147176553020556
development_oof,x10,10,logistic,680,145,1,0,0,0.4811443409894186
development_oof,x10,10,logistic,695,47,1,1,0,0.15594193173956342
development_oof,x10,10,logistic,708,310,1,0,1,0.7467547622210592
development_oof,x10,10,logistic,709,88,1,0,0,0.35629325423043146
development_oof,x10,10,logistic,713,139,1,0,0,0.21531778367175755
development_oof,x10,10,logistic,721,139,1,1,0,0.18264014173153625
development_oof,x10,10,logistic,722,307,1,0,0,0.3757651886009078
development_oof,x10,10,logistic,727,32,1,0,1,0.6063401638497838
development_oof,x10,10,logistic,734,12,1,1,0,0.31711614093422774
development_oof,x10,10,logistic,748,64,1,0,1,0.5793726914174607
development_oof,x10,10,logistic,763,301,1,0,0,0.4246192088120391
development_oof,x10,10,logistic,771,43,1,0,1,0.516978382726999
development_oof,x10,10,logistic,773,58,1,1,1,0.9325582821884665
development_oof,x10,10,logistic,775,134,1,0,1,0.9846054199629164
development_oof,x10,10,logistic,779,43,1,0,1,0.5354296990654624
development_oof,x10,10,logistic,782,43,1,0,0,0.3731585274734833
development_oof,x10,10,logistic,783,296,1,0,1,0.6000901462774018
development_oof,x10,10,logistic,784,43,1,1,0,0.3694974280818883
development_oof,x10,10,logistic,788,295,1,1,0,0.4591400015985369
development_oof,x10,10,logistic,795,110,1,1,1,0.9216680057599148
development_oof,x10,10,logistic,797,43,1,0,1,0.6088935684289495
development_oof,x10,10,logistic,812,285,1,0,1,0.7913166184641961
development_oof,x10,10,logistic,814,88,1,0,0,0.3753078633090956
development_oof,x10,10,logistic,836,279,1,1,0,0.14140358513518161
development_oof,x10,10,logistic,853,272,1,0,0,0.25205967588956835
development_oof,x10,10,logistic,868,261,1,0,0,0.3287149423913409
development_oof,x10,10,logistic,886,255,1,0,0,0.22196738657698492
development_oof,x10,10,logistic,889,127,1,0,0,0.008861347285141262
development_oof,x10,10,logistic,892,26,1,0,0,0.24506310677205967
development_oof,x10,10,logistic,903,248,1,0,0,0.1566537655818073
development_oof,x10,10,logistic,909,245,1,0,0,0.3688315267584098
development_oof,x10,10,logistic,912,19,1,0,0,0.19370216151721972
development_oof,x10,10,logistic,924,239,1,0,0,0.22395516474486896
development_oof,x10,10,logistic,929,67,1,0,1,0.5786425154892288
development_oof,x10,10,logistic,937,230,1,0,0,0.42559206630199553
development_oof,x10,10,logistic,938,79,1,0,0,0.3268125419252419
development_oof,x10,10,logistic,944,58,1,1,1,0.9082258463141861
development_oof,x10,10,logistic,956,222,1,0,1,0.5961024748454218
development_oof,x10,10,logistic,959,117,1,0,0,0.37188473831094626
development_oof,x10,10,logistic,961,219,1,0,0,0.4547854923122162
development_oof,x10,10,logistic,970,213,1,0,0,0.29829037633579325
development_oof,x10,10,logistic,983,205,1,1,0,0.27166042762432197
development_oof,x10,10,logistic,989,47,1,0,0,0.4396529935892949
development_oof,x10,10,logistic,992,200,1,0,0,0.38072431984058497
development_oof,x10,10,logistic,997,6,1,0,0,0.45747349622383443
development_oof,x10,10,logistic,1007,195,1,0,0,0.34623482889418417
development_oof,x10,10,logistic,1011,110,1,1,1,0.9277777243564481
development_oof,x10,10,logistic,1023,187,1,0,1,0.7263630874734873
development_oof,x10,10,logistic,1034,178,1,0,0,0.022336676970411803
development_oof,x10,10,logistic,2,460,2,0,0,0.2508233834102646
development_oof,x10,10,logistic,8,107,2,0,0,0.3836595806110978
development_oof,x10,10,logistic,18,56,2,1,1,0.9586904873927142
development_oof,x10,10,logistic,33,452,2,0,0,0.3602373860047621
development_oof,x10,10,logistic,34,23,2,0,0,0.374752425677969
development_oof,x10,10,logistic,37,177,2,0,0,0.38453064195808645
development_oof,x10,10,logistic,50,40,2,1,1,0.873342048616048
development_oof,x10,10,logistic,51,75,2,1,0,0.37503028449492254
development_oof,x10,10,logistic,55,107,2,0,0,0.45274886653847074
development_oof,x10,10,logistic,67,446,2,0,0,0.24159447426890898
development_oof,x10,10,logistic,81,441,2,0,0,0.3230287738312179
development_oof,x10,10,logistic,97,30,2,1,0,0.42238310856326783
development_oof,x10,10,logistic,108,436,2,0,0,0.24802567008686188
development_oof,x10,10,logistic,114,173,2,0,0,0.19219725275727165
development_oof,x10,10,logistic,115,2,2,1,0,0.2081651587825283
development_oof,x10,10,logistic,118,172,2,0,0,0.23461313369256104
development_oof,x10,10,logistic,140,40,2,0,1,0.9852287166143879
development_oof,x10,10,logistic,166,425,2,0,0,0.19231718373913895
development_oof,x10,10,logistic,177,40,2,1,1,0.976644314190403
development_oof,x10,10,logistic,216,167,2,1,0,0.2820410072979481
development_oof,x10,10,logistic,229,30,2,1,0,0.36276494083368255
development_oof,x10,10,logistic,235,30,2,1,0,0.32196803184940054
development_oof,x10,10,logistic,240,167,2,1,0,0.3034466174492441
development_oof,x10,10,logistic,241,23,2,0,0,0.375284087174677
development_oof,x10,10,logistic,246,56,2,1,1,0.9605657969331959
development_oof,x10,10,logistic,249,124,2,0,1,0.7209982173244011
development_oof,x10,10,logistic,251,30,2,1,0,0.34103214072693433
development_oof,x10,10,logistic,253,412,2,0,0,0.3184264384112091
development_oof,x10,10,logistic,254,411,2,1,1,0.7068874451793554
development_oof,x10,10,logistic,262,98,2,1,1,0.9855573827409397
development_oof,x10,10,logistic,265,75,2,0,1,0.5420887038858648
development_oof,x10,10,logistic,275,56,2,1,1,0.9579609736351631
development_oof,x10,10,logistic,281,30,2,1,0,0.4067875074047021
development_oof,x10,10,logistic,283,56,2,1,1,0.9763840273025447
development_oof,x10,10,logistic,291,98,2,1,1,0.9889874402689017
development_oof,x10,10,logistic,301,403,2,0,0,0.24119099031138222
development_oof,x10,10,logistic,325,396,2,0,1,0.5183282128467297
development_oof,x10,10,logistic,344,23,2,1,0,0.41094146233076756
development_oof,x10,10,logistic,359,23,2,0,0,0.3535711352622425
development_oof,x10,10,logistic,365,388,2,0,0,0.34870915143659575
development_oof,x10,10,logistic,378,23,2,0,0,0.3851631353566641
development_oof,x10,10,logistic,389,382,2,0,0,0.2350759137799154
development_oof,x10,10,logistic,408,98,2,1,1,0.9870232702832418
development_oof,x10,10,logistic,413,62,2,1,0,0.3361725287667775
development_oof,x10,10,logistic,425,23,2,0,0,0.4241565795482207
development_oof,x10,10,logistic,426,377,2,0,1,0.8619806515373969
development_oof,x10,10,logistic,439,156,2,1,0,0.4165917234206326
development_oof,x10,10,logistic,461,371,2,1,1,0.6193453355158793
development_oof,x10,10,logistic,487,156,2,0,0,0.4260025423739633
development_oof,x10,10,logistic,505,81,2,1,1,0.5030316688867866
development_oof,x10,10,logistic,514,360,2,1,0,0.3072955562662039
development_oof,x10,10,logistic,515,150,2,0,0,0.21353457848577578
development_oof,x10,10,logistic,523,2,2,1,0,0.28574509804146914
development_oof,x10,10,logistic,526,23,2,0,0,0.45784939681553954
development_oof,x10,10,logistic,541,113,2,0,0,0.33403038399937224
development_oof,x10,10,logistic,551,353,2,0,0,0.2714689492589023
development_oof,x10,10,logistic,584,46,2,0,0,0.3542220231372251
development_oof,x10,10,logistic,586,346,2,0,1,0.7312171917170166
development_oof,x10,10,logistic,589,153,2,1,1,0.7987716015622891
development_oof,x10,10,logistic,593,90,2,0,0,0.2800623032111393
development_oof,x10,10,logistic,598,90,2,0,0,0.22664041597782528
development_oof,x10,10,logistic,599,340,2,0,0,0.3946487164913098
development_oof,x10,10,logistic,603,40,2,1,1,0.9845600870651056
development_oof,x10,10,logistic,609,7,2,0,0,0.28564635005089556
development_oof,x10,10,logistic,623,150,2,0,0,0.2637148381655322
development_oof,x10,10,logistic,624,149,2,1,0,0.4008193182639693
development_oof,x10,10,logistic,636,334,2,1,0,0.44231837157254006
development_oof,x10,10,logistic,661,90,2,0,0,0.24446579528053522
development_oof,x10,10,logistic,670,322,2,0,1,0.5105400922953972
development_oof,x10,10,logistic,677,319,2,0,0,0.409554449041345
development_oof,x10,10,logistic,707,311,2,0,0,0.20652913354194607
development_oof,x10,10,logistic,710,75,2,1,0,0.2790332322747049
development_oof,x10,10,logistic,716,309,2,0,0,0.36760705925763115
development_oof,x10,10,logistic,762,302,2,0,1,0.6272992142479722
development_oof,x10,10,logistic,766,130,2,0,0,0.24904402641360404
development_oof,x10,10,logistic,777,297,2,0,0,0.3746966298394589
development_oof,x10,10,logistic,790,62,2,1,0,0.3674377150511102
development_oof,x10,10,logistic,791,294,2,0,0,0.1979010041434113
development_oof,x10,10,logistic,793,292,2,1,0,0.2442654898064542
development_oof,x10,10,logistic,810,286,2,0,0,0.13993453343826448
development_oof,x10,10,logistic,819,130,2,1,0,0.300598240531981
development_oof,x10,10,logistic,825,83,2,0,0,0.48278329223609084
development_oof,x10,10,logistic,831,281,2,0,0,0.2513046178018843
development_oof,x10,10,logistic,842,277,2,0,1,0.5164713987338556
development_oof,x10,10,logistic,850,273,2,0,0,0.2572083747650167
development_oof,x10,10,logistic,859,267,2,0,1,0.5023164447081098
development_oof,x10,10,logistic,863,81,2,1,1,0.5273974163221913
development_oof,x10,10,logistic,884,257,2,0,0,0.42049627040966353
development_oof,x10,10,logistic,895,124,2,0,1,0.6588694131177688
development_oof,x10,10,logistic,896,251,2,0,0,0.27330677311877155
development_oof,x10,10,logistic,914,56,2,1,1,0.9495505632204756
development_oof,x10,10,logistic,922,240,2,0,0,0.24473090358055358
development_oof,x10,10,logistic,923,23,2,0,0,0.26196792839806715
development_oof,x10,10,logistic,933,232,2,0,0,0.35313593692838796
development_oof,x10,10,logistic,947,226,2,0,0,0.45973890367611975
development_oof,x10,10,logistic,951,223,2,0,0,0.3448388374652855
development_oof,x10,10,logistic,953,119,2,0,0,0.37809344588226523
development_oof,x10,10,logistic,965,216,2,0,0,0.45895298705071286
development_oof,x10,10,logistic,976,209,2,0,0,0.18070961678140324
development_oof,x10,10,logistic,986,113,2,0,0,0.3700080353435096
development_oof,x10,10,logistic,1001,107,2,0,1,0.6501627256957462
development_oof,x10,10,logistic,1005,196,2,0,0,0.34719084778922227
development_oof,x10,10,logistic,1020,188,2,0,1,0.8504213311283663
development_oof,x10,10,logistic,1026,186,2,1,0,0.3777249035641008
development_oof,x10,10,logistic,1030,182,2,0,0,0.22572118389656007
development_oof,x10,10,logistic,20,3,3,0,0,0.44392891971327
development_oof,x10,10,logistic,29,453,3,0,0,0.3660482157184282
development_oof,x10,10,logistic,31,3,3,0,0,0.39756599546495874
development_oof,x10,10,logistic,36,80,3,0,0,0.4210517970485648
development_oof,x10,10,logistic,39,42,3,0,0,0.3832209430096774
development_oof,x10,10,logistic,42,3,3,0,0,0.4383147556943207
development_oof,x10,10,logistic,78,443,3,1,1,0.7037039378148642
development_oof,x10,10,logistic,87,439,3,0,0,0.13354382115505917
development_oof,x10,10,logistic,92,27,3,1,0,0.3273750376275365
development_oof,x10,10,logistic,93,165,3,0,0,0.37130179284939546
development_oof,x10,10,logistic,101,27,3,0,0,0.32670373236944145
development_oof,x10,10,logistic,125,111,3,0,0,0.45342832254697996
development_oof,x10,10,logistic,145,430,3,0,1,0.5768980004830997
development_oof,x10,10,logistic,146,59,3,1,0,0.46591319387106894
development_oof,x10,10,logistic,147,16,3,0,0,0.42567519964263334
development_oof,x10,10,logistic,148,59,3,1,0,0.4720248498525579
development_oof,x10,10,logistic,154,59,3,1,1,0.5038337996032151
development_oof,x10,10,logistic,158,428,3,0,0,0.3703374966752736
development_oof,x10,10,logistic,173,52,3,0,0,0.2989802804722477
development_oof,x10,10,logistic,175,38,3,1,1,0.9655527129380277
development_oof,x10,10,logistic,176,3,3,0,0,0.3888796805511457
development_oof,x10,10,logistic,192,8,3,0,0,0.24699993255557046
development_oof,x10,10,logistic,196,8,3,0,0,0.3215095278353884
development_oof,x10,10,logistic,202,421,3,0,0,0.25205725378165533
development_oof,x10,10,logistic,211,8,3,0,0,0.291061733919004
development_oof,x10,10,logistic,217,8,3,0,0,0.28042529444827774
development_oof,x10,10,logistic,218,8,3,0,0,0.2772910616048078
development_oof,x10,10,logistic,220,8,3,0,0,0.34179873618345424
development_oof,x10,10,logistic,226,8,3,0,0,0.27294604457966826
development_oof,x10,10,logistic,227,38,3,1,1,0.9569241320791718
development_oof,x10,10,logistic,230,121,3,1,1,0.6013719938843001
development_oof,x10,10,logistic,238,415,3,0,0,0.271648877931457
development_oof,x10,10,logistic,239,3,3,0,0,0.46526813140872075
development_oof,x10,10,logistic,242,52,3,1,1,0.9780240786763653
development_oof,x10,10,logistic,252,3,3,0,0,0.3568099043201418
development_oof,x10,10,logistic,257,80,3,0,0,0.4956588483561522
development_oof,x10,10,logistic,266,103,3,1,1,0.9690278929348662
development_oof,x10,10,logistic,268,8,3,0,0,0.35633458030689014
development_oof,x10,10,logistic,271,165,3,0,0,0.34298342241384416
development_oof,x10,10,logistic,278,407,3,0,0,0.3321444692376828
development_oof,x10,10,logistic,279,3,3,0,0,0.44318541041546233
development_oof,x10,10,logistic,284,38,3,1,1,0.9364249557972489
development_oof,x10,10,logistic,285,3,3,0,0,0.36894637018216536
development_oof,x10,10,logistic,286,3,3,0,0,0.38543806085701965
development_oof,x10,10,logistic,287,158,3,0,0,0.3066192533163219
development_oof,x10,10,logistic,290,164,3,1,1,0.7008207783046518
development_oof,x10,10,logistic,300,404,3,1,1,0.6730130428112083
development_oof,x10,10,logistic,309,22,3,0,0,0.29417832499801594
development_oof,x10,10,logistic,320,38,3,1,1,0.9659152743130256
development_oof,x10,10,logistic,321,397,3,0,0,0.39757045234782123
development_oof,x10,10,logistic,323,3,3,0,0,0.40658445470410387
development_oof,x10,10,logistic,327,3,3,0,0,0.4065738067663284
development_oof,x10,10,logistic,332,38,3,1,1,0.9608289404636017
development_oof,x10,10,logistic,333,8,3,0,0,0.3447842676067469
development_oof,x10,10,logistic,341,135,3,1,1,0.7253868874282188
development_oof,x10,10,logistic,348,3,3,0,0,0.416678383055956
development_oof,x10,10,logistic,349,22,3,1,0,0.21412707334798853
development_oof,x10,10,logistic,353,3,3,1,0,0.3290245264429601
development_oof,x10,10,logistic,354,391,3,1,0,0.4085152769328946
development_oof,x10,10,logistic,356,390,3,0,1,0.50936629372583
development_oof,x10,10,logistic,363,22,3,0,0,0.23404180703517727
development_oof,x10,10,logistic,370,8,3,0,0,0.3666353472383708
development_oof,x10,10,logistic,387,383,3,1,1,0.5339520248160047
development_oof,x10,10,logistic,406,78,3,0,0,0.43046174122699965
development_oof,x10,10,logistic,412,3,3,0,0,0.40466573752728163
development_oof,x10,10,logistic,414,3,3,0,0,0.4268105251576156
development_oof,x10,10,logistic,416,378,3,0,0,0.3265539338216816
development_oof,x10,10,logistic,417,22,3,0,0,0.3209956587927418
development_oof,x10,10,logistic,419,154,3,1,1,0.9780516747222547
development_oof,x10,10,logistic,421,27,3,0,0,0.3545716102627744
development_oof,x10,10,logistic,424,27,3,0,0,0.36463108007480216
development_oof,x10,10,logistic,437,158,3,0,0,0.342228758297771
development_oof,x10,10,logistic,438,96,3,1,0,0.34140890647000993
development_oof,x10,10,logistic,441,27,3,1,0,0.3542026372804915
development_oof,x10,10,logistic,443,372,3,0,0,0.25174144746984994
development_oof,x10,10,logistic,448,13,3,0,0,0.42352426173701907
development_oof,x10,10,logistic,450,3,3,0,0,0.4514148295386102
development_oof,x10,10,logistic,451,3,3,0,1,0.5250777947753965
development_oof,x10,10,logistic,456,78,3,0,1,0.5240776101018454
development_oof,x10,10,logistic,469,8,3,0,0,0.36386449993149067
development_oof,x10,10,logistic,473,22,3,0,0,0.24240262476534827
development_oof,x10,10,logistic,483,27,3,0,0,0.41942322080493644
development_oof,x10,10,logistic,490,364,3,0,0,0.33368755237479697
development_oof,x10,10,logistic,511,129,3,0,0,0.345806385073013
development_oof,x10,10,logistic,522,154,3,1,1,0.9649516691392941
development_oof,x10,10,logistic,544,63,3,1,0,0.4900021707893615
development_oof,x10,10,logistic,547,77,3,0,0,0.3081864687631494
development_oof,x10,10,logistic,550,354,3,0,0,0.4013367622590719
development_oof,x10,10,logistic,556,13,3,0,0,0.45014502086510855
development_oof,x10,10,logistic,567,13,3,0,0,0.47521333178450315
development_oof,x10,10,logistic,580,348,3,1,0,0.3981411132017769
development_oof,x10,10,logistic,597,341,3,0,0,0.24760606850176553
development_oof,x10,10,logistic,606,337,3,0,0,0.2508225688393551
development_oof,x10,10,logistic,628,147,3,0,0,0.21781809595051263
development_oof,x10,10,logistic,632,77,3,0,0,0.350486652995253
development_oof,x10,10,logistic,649,89,3,0,0,0.36485139275938105
development_oof,x10,10,logistic,652,328,3,0,1,0.5237282536904027
development_oof,x10,10,logistic,681,318,3,0,0,0.39161459318150993
development_oof,x10,10,logistic,685,33,3,0,0,0.22218360036014217
development_oof,x10,10,logistic,686,144,3,1,0,0.3992969834794552
development_oof,x10,10,logistic,690,315,3,0,0,0.42901146470124785
development_oof,x10,10,logistic,694,33,3,0,0,0.21234473938456808
development_oof,x10,10,logistic,696,89,3,0,0,0.3523800176188623
development_oof,x10,10,logistic,717,140,3,0,1,0.5673456997801132
development_oof,x10,10,logistic,718,308,3,0,0,0.21262843901025538
development_oof,x10,10,logistic,743,13,3,0,0,0.42254344521606674
development_oof,x10,10,logistic,756,303,3,0,0,0.4246165539942811
development_oof,x10,10,logistic,767,63,3,1,0,0.4497056245547845
development_oof,x10,10,logistic,768,300,3,0,1,0.9702012913981576
development_oof,x10,10,logistic,769,135,3,0,1,0.7332635056878457
development_oof,x10,10,logistic,801,290,3,0,0,0.22834276485478655
development_oof,x10,10,logistic,805,63,3,1,1,0.6188354262538389
development_oof,x10,10,logistic,807,288,3,0,0,0.36406558309855913
development_oof,x10,10,logistic,808,33,3,0,0,0.2755725924314725
development_oof,x10,10,logistic,813,33,3,0,0,0.3729054310391691
development_oof,x10,10,logistic,821,282,3,0,0,0.46045163134196315
development_oof,x10,10,logistic,827,129,3,0,0,0.37950204179367036
development_oof,x10,10,logistic,847,274,3,0,0,0.22957904660164868
development_oof,x10,10,logistic,854,271,3,0,0,0.3233644691046792
development_oof,x10,10,logistic,864,264,3,0,0,0.24803521871513512
development_oof,x10,10,logistic,866,262,3,0,1,0.557128275855385
development_oof,x10,10,logistic,869,80,3,0,0,0.45861073951604353
development_oof,x10,10,logistic,881,259,3,0,0,0.463901468853795
development_oof,x10,10,logistic,883,59,3,1,1,0.5071459743124649
development_oof,x10,10,logistic,893,253,3,0,0,0.215200440156625
development_oof,x10,10,logistic,899,123,3,1,1,0.9778172100611545
development_oof,x10,10,logistic,904,52,3,1,1,0.9486119249202611
development_oof,x10,10,logistic,913,121,3,1,1,0.6000965283912187
development_oof,x10,10,logistic,917,243,3,1,0,0.4803819465634175
development_oof,x10,10,logistic,920,241,3,0,0,0.37789580317893373
development_oof,x10,10,logistic,921,16,3,0,0,0.43804180485356226
development_oof,x10,10,logistic,930,235,3,1,0,0.46844780207186376
development_oof,x10,10,logistic,935,231,3,0,0,0.38755998417767085
development_oof,x10,10,logistic,940,78,3,0,0,0.4831732042235639
development_oof,x10,10,logistic,945,227,3,0,0,0.3210285208740428
development_oof,x10,10,logistic,962,218,3,0,0,0.3573059631423078
development_oof,x10,10,logistic,963,217,3,0,0,0.3058193745923074
development_oof,x10,10,logistic,973,210,3,0,0,0.2268554460568233
development_oof,x10,10,logistic,982,77,3,0,0,0.367332609600122
development_oof,x10,10,logistic,988,202,3,1,0,0.26434570088964393
development_oof,x10,10,logistic,998,198,3,0,0,0.4330429845889285
development_oof,x10,10,logistic,1002,197,3,0,0,0.4348228322502757
development_oof,x10,10,logistic,1006,111,3,0,0,0.2129732518418103
development_oof,x10,10,logistic,1017,189,3,0,0,0.415086920059609
development_oof,x10,10,logistic,1025,63,3,1,0,0.2670587387725325
development_oof,x10,10,logistic,1028,184,3,0,0,0.38346440296368434
development_oof,x10,10,logistic,1029,183,3,0,0,0.33377312530422104
development_oof,x10,10,logistic,16,93,4,1,1,0.654036065315323
development_oof,x10,10,logistic,19,457,4,0,0,0.4231656251440651
development_oof,x10,10,logistic,27,53,4,0,0,0.4108209448142889
development_oof,x10,10,logistic,44,450,4,0,0,0.24672013034633758
development_oof,x10,10,logistic,60,4,4,1,1,0.5475304131092772
development_oof,x10,10,logistic,62,82,4,0,0,0.293704940102132
development_oof,x10,10,logistic,66,82,4,1,0,0.3558706778022819
development_oof,x10,10,logistic,69,444,4,0,0,0.25644397635379734
development_oof,x10,10,logistic,83,60,4,1,0,0.41741912571745204
development_oof,x10,10,logistic,84,9,4,1,1,0.9974673846392552
development_oof,x10,10,logistic,86,174,4,1,1,0.913195518625228
development_oof,x10,10,logistic,90,9,4,1,1,0.9326426492591828
development_oof,x10,10,logistic,95,161,4,0,0,0.3070563698590053
development_oof,x10,10,logistic,102,15,4,0,0,0.4233216861633059
development_oof,x10,10,logistic,112,9,4,1,1,0.9278851344059145
development_oof,x10,10,logistic,117,433,4,0,0,0.2793314345053454
development_oof,x10,10,logistic,119,0,4,0,0,0.3539867466964819
development_oof,x10,10,logistic,123,9,4,1,1,0.9468858557583583
development_oof,x10,10,logistic,131,170,4,1,0,0.41741912571745204
development_oof,x10,10,logistic,134,15,4,0,0,0.3012679500804117
development_oof,x10,10,logistic,138,431,4,0,0,0.4307413206458773
development_oof,x10,10,logistic,142,0,4,0,0,0.3385178495939945
development_oof,x10,10,logistic,156,9,4,1,1,0.9226435453093194
development_oof,x10,10,logistic,157,0,4,0,0,0.3839903609951292
development_oof,x10,10,logistic,159,4,4,1,0,0.4715255049023597
development_oof,x10,10,logistic,169,9,4,1,1,0.9143630657070834
development_oof,x10,10,logistic,170,60,4,1,0,0.27433759141368713
development_oof,x10,10,logistic,178,54,4,0,0,0.34681053772430065
development_oof,x10,10,logistic,181,9,4,1,1,0.912498133896506
development_oof,x10,10,logistic,183,422,4,0,0,0.4059181994218698
development_oof,x10,10,logistic,184,4,4,1,1,0.509433682967816
development_oof,x10,10,logistic,187,9,4,1,1,0.9278252273647151
development_oof,x10,10,logistic,193,9,4,1,1,0.9218038306864588
development_oof,x10,10,logistic,198,53,4,0,0,0.43652489884203194
development_oof,x10,10,logistic,201,9,4,1,1,0.9321155416905279
development_oof,x10,10,logistic,206,125,4,1,0,0.37242513564075286
development_oof,x10,10,logistic,210,104,4,1,1,0.9351519442529633
development_oof,x10,10,logistic,221,9,4,1,1,0.9457885183172335
development_oof,x10,10,logistic,236,416,4,1,0,0.23537441773717757
development_oof,x10,10,logistic,258,35,4,0,0,0.4395073860198747
development_oof,x10,10,logistic,277,102,4,1,0,0.33380377648976584
development_oof,x10,10,logistic,294,122,4,0,0,0.2600724445381351
development_oof,x10,10,logistic,304,24,4,1,0,0.3532509485963798
development_oof,x10,10,logistic,310,401,4,0,0,0.35269616125605874
development_oof,x10,10,logistic,311,400,4,1,0,0.35961538246588665
development_oof,x10,10,logistic,322,15,4,0,1,0.5085124735492166
development_oof,x10,10,logistic,335,15,4,0,0,0.4089299795759567
development_oof,x10,10,logistic,337,15,4,0,0,0.333082609188368
development_oof,x10,10,logistic,355,15,4,0,0,0.3310487108376957
development_oof,x10,10,logistic,358,389,4,0,0,0.48096209165355996
development_oof,x10,10,logistic,371,161,4,0,0,0.3581127340552447
development_oof,x10,10,logistic,379,24,4,0,0,0.32458573571411314
development_oof,x10,10,logistic,382,384,4,0,0,0.39262429832227347
development_oof,x10,10,logistic,384,69,4,0,0,0.4446871910194015
development_oof,x10,10,logistic,386,4,4,1,0,0.44142744990199906
development_oof,x10,10,logistic,392,4,4,1,1,0.7489544861388047
development_oof,x10,10,logistic,393,0,4,0,0,0.3870314618591739
development_oof,x10,10,logistic,400,28,4,0,0,0.4694976037628
development_oof,x10,10,logistic,401,4,4,1,0,0.4312525695537092
development_oof,x10,10,logistic,404,35,4,0,0,0.3964261167076152
development_oof,x10,10,logistic,405,379,4,0,1,0.5021396814502114
development_oof,x10,10,logistic,407,160,4,0,0,0.29529601661711813
development_oof,x10,10,logistic,409,4,4,1,1,0.597338836631441
development_oof,x10,10,logistic,423,50,4,0,0,0.46301220292417017
development_oof,x10,10,logistic,430,4,4,1,0,0.4281682093383501
development_oof,x10,10,logistic,434,97,4,1,1,0.9183752726278875
development_oof,x10,10,logistic,446,4,4,1,0,0.4592510705185542
development_oof,x10,10,logistic,454,104,4,1,1,0.9263423123262707
development_oof,x10,10,logistic,455,93,4,1,1,0.648792379414524
development_oof,x10,10,logistic,462,15,4,0,0,0.32040207259762976
development_oof,x10,10,logistic,464,4,4,1,1,0.5011655858437039
development_oof,x10,10,logistic,465,4,4,1,1,0.5723981343015377
development_oof,x10,10,logistic,466,0,4,0,0,0.33399779445836636
development_oof,x10,10,logistic,470,0,4,0,0,0.3909498018666403
development_oof,x10,10,logistic,480,367,4,0,0,0.3983084413555188
development_oof,x10,10,logistic,481,4,4,1,1,0.5393869626570107
development_oof,x10,10,logistic,484,365,4,0,0,0.29616738573587664
development_oof,x10,10,logistic,495,0,4,0,0,0.3876993387529661
development_oof,x10,10,logistic,498,54,4,0,0,0.3681422663175993
development_oof,x10,10,logistic,499,15,4,0,0,0.34681281126365365
development_oof,x10,10,logistic,500,28,4,0,1,0.5083844413781479
development_oof,x10,10,logistic,501,72,4,0,0,0.3440712247030096
development_oof,x10,10,logistic,503,93,4,1,1,0.6541406018862994
development_oof,x10,10,logistic,506,0,4,0,0,0.34552073865303057
development_oof,x10,10,logistic,517,0,4,0,0,0.3191962708289057
development_oof,x10,10,logistic,519,53,4,0,0,0.3439608070988041
development_oof,x10,10,logistic,520,53,4,0,0,0.37768603865982264
development_oof,x10,10,logistic,524,0,4,0,0,0.3393658219146322
development_oof,x10,10,logistic,525,15,4,0,0,0.39621816967399776
development_oof,x10,10,logistic,527,0,4,0,0,0.35470555873010395
development_oof,x10,10,logistic,528,359,4,0,0,0.33585542220559705
development_oof,x10,10,logistic,529,0,4,0,0,0.3901604140632303
development_oof,x10,10,logistic,542,35,4,1,0,0.4437728936381819
development_oof,x10,10,logistic,543,0,4,0,0,0.4190624258639726
development_oof,x10,10,logistic,545,136,4,1,0,0.3796864054792156
development_oof,x10,10,logistic,553,0,4,0,0,0.4313849808131048
development_oof,x10,10,logistic,559,351,4,0,0,0.3940722759544347
development_oof,x10,10,logistic,560,0,4,0,0,0.3124037460422753
development_oof,x10,10,logistic,568,0,4,0,0,0.3173883227707807
development_oof,x10,10,logistic,570,0,4,1,0,0.44480381891972337
development_oof,x10,10,logistic,572,0,4,1,0,0.34587460077113724
development_oof,x10,10,logistic,577,44,4,0,0,0.39998959662856043
development_oof,x10,10,logistic,581,347,4,0,0,0.38765274006708866
development_oof,x10,10,logistic,582,44,4,0,0,0.32792023700344014
development_oof,x10,10,logistic,583,69,4,0,0,0.4240877348954024
development_oof,x10,10,logistic,588,344,4,0,0,0.4903906853609266
development_oof,x10,10,logistic,592,0,4,1,0,0.36181826815590956
development_oof,x10,10,logistic,595,35,4,0,0,0.38960760116462845
development_oof,x10,10,logistic,600,151,4,0,0,0.34352667150373234
development_oof,x10,10,logistic,602,338,4,0,0,0.3200244457374407
development_oof,x10,10,logistic,604,0,4,0,0,0.37459731918193434
development_oof,x10,10,logistic,605,0,4,0,0,0.34647938867824474
development_oof,x10,10,logistic,607,0,4,1,0,0.38815133068881685
development_oof,x10,10,logistic,608,0,4,0,0,0.37699494124824245
development_oof,x10,10,logistic,610,0,4,0,0,0.32735443580305684
development_oof,x10,10,logistic,611,0,4,0,0,0.42668305758736597
development_oof,x10,10,logistic,613,85,4,0,0,0.38176925227953684
development_oof,x10,10,logistic,615,0,4,0,0,0.36889802557250795
development_oof,x10,10,logistic,627,335,4,0,0,0.3423241209755437
development_oof,x10,10,logistic,633,0,4,0,0,0.34197678427817163
development_oof,x10,10,logistic,646,0,4,0,0,0.3579717684465428
development_oof,x10,10,logistic,647,0,4,0,0,0.47158914347285913
development_oof,x10,10,logistic,648,329,4,0,0,0.3177218693444083
development_oof,x10,10,logistic,657,4,4,1,1,0.5692633517980926
development_oof,x10,10,logistic,662,0,4,0,0,0.3418330671310886
development_oof,x10,10,logistic,665,69,4,1,0,0.41119723891755405
development_oof,x10,10,logistic,666,44,4,0,0,0.3211464595801968
development_oof,x10,10,logistic,667,0,4,0,0,0.4284158158307385
development_oof,x10,10,logistic,671,321,4,1,0,0.39585347735573856
development_oof,x10,10,logistic,674,4,4,0,1,0.5103889097260647
development_oof,x10,10,logistic,683,142,4,0,0,0.34234239760207374
development_oof,x10,10,logistic,691,142,4,0,0,0.3479475418158051
development_oof,x10,10,logistic,692,0,4,0,0,0.37451214827110874
development_oof,x10,10,logistic,693,0,4,0,0,0.3351121901136494
development_oof,x10,10,logistic,699,0,4,0,0,0.2575682099457881
development_oof,x10,10,logistic,701,0,4,1,0,0.39029054169298694
development_oof,x10,10,logistic,704,313,4,0,1,0.5029815513092805
development_oof,x10,10,logistic,706,0,4,0,0,0.36961673621809543
development_oof,x10,10,logistic,715,4,4,1,0,0.4314319805453629
development_oof,x10,10,logistic,729,0,4,0,0,0.3759267050441223
development_oof,x10,10,logistic,731,60,4,0,0,0.37630528964427223
development_oof,x10,10,logistic,735,132,4,0,0,0.46377295770237975
development_oof,x10,10,logistic,737,85,4,1,0,0.4165377568157292
development_oof,x10,10,logistic,738,136,4,1,0,0.3539561782221105
development_oof,x10,10,logistic,740,44,4,0,0,0.32654379649702314
development_oof,x10,10,logistic,742,305,4,0,0,0.2946520941087303
development_oof,x10,10,logistic,745,0,4,0,0,0.43905708184791503
development_oof,x10,10,logistic,753,85,4,0,0,0.3934001227673798
development_oof,x10,10,logistic,761,44,4,0,0,0.32775330560789845
development_oof,x10,10,logistic,776,298,4,0,0,0.3830435676737218
development_oof,x10,10,logistic,794,0,4,0,1,0.5330619294333527
development_oof,x10,10,logistic,796,35,4,0,0,0.4591250439421375
development_oof,x10,10,logistic,800,132,4,0,0,0.400251548502961
development_oof,x10,10,logistic,803,289,4,0,0,0.36319081411872867
development_oof,x10,10,logistic,818,283,4,0,0,0.35877226499064224
development_oof,x10,10,logistic,822,35,4,0,0,0.45829449830419466
development_oof,x10,10,logistic,839,82,4,0,0,0.2950601609687429
development_oof,x10,10,logistic,844,276,4,0,0,0.4369304083333651
development_oof,x10,10,logistic,855,270,4,0,0,0.33249877173437803
development_oof,x10,10,logistic,865,263,4,0,0,0.2879910626827342
development_oof,x10,10,logistic,867,60,4,0,0,0.3363030616016377
development_oof,x10,10,logistic,885,256,4,0,0,0.3218540347079351
development_oof,x10,10,logistic,888,254,4,1,0,0.273416943859605
development_oof,x10,10,logistic,891,125,4,0,1,0.5022846024638563
development_oof,x10,10,logistic,902,122,4,1,0,0.2606324751713926
development_oof,x10,10,logistic,907,246,4,0,0,0.36186720019456037
development_oof,x10,10,logistic,918,242,4,0,0,0.37331338328412034
development_oof,x10,10,logistic,931,234,4,0,0,0.3926045858017203
development_oof,x10,10,logistic,949,224,4,0,0,0.26580241844708247
development_oof,x10,10,logistic,954,4,4,1,0,0.4992237924082898
development_oof,x10,10,logistic,968,214,4,1,0,0.4912536756052481
development_oof,x10,10,logistic,980,207,4,0,0,0.3605283960618486
development_oof,x10,10,logistic,981,206,4,0,0,0.44867779705624583
development_oof,x10,10,logistic,984,204,4,1,0,0.4371248000058277
development_oof,x10,10,logistic,991,0,4,0,0,0.37677775783792056
development_oof,x10,10,logistic,993,69,4,0,0,0.49748712255229993
development_oof,x10,10,logistic,995,112,4,0,0,0.3819861700379863
development_oof,x10,10,logistic,1016,190,4,1,0,0.4461406886137267
development_oof,x10,10,logistic,1024,4,4,1,1,0.5357677578257418
development_oof,x10,10,logistic,1031,181,4,0,1,0.6361088740269502
development_oof,x10,10,logistic,1033,179,4,0,0,0.44527666576230557
development_oof,x10,10,logistic,5,31,5,1,1,0.9396676012537912
development_oof,x10,10,logistic,6,61,5,0,0,0.38696191180284617
development_oof,x10,10,logistic,15,458,5,1,1,0.9378259072080384
development_oof,x10,10,logistic,23,11,5,0,0,0.4931801568479208
development_oof,x10,10,logistic,26,11,5,0,0,0.3900850215179705
development_oof,x10,10,logistic,41,451,5,0,0,0.25758785527236655
development_oof,x10,10,logistic,46,18,5,0,1,0.9250501432670634
development_oof,x10,10,logistic,49,11,5,0,0,0.3457936138335997
development_oof,x10,10,logistic,52,448,5,0,0,0.22776220281827506
development_oof,x10,10,logistic,57,61,5,0,0,0.3859049015244093
development_oof,x10,10,logistic,58,11,5,0,0,0.35944428443745924
development_oof,x10,10,logistic,59,11,5,0,0,0.39838446126696775
development_oof,x10,10,logistic,76,11,5,0,1,0.6160645499463114
development_oof,x10,10,logistic,79,175,5,1,1,0.507937757461651
development_oof,x10,10,logistic,85,17,5,1,1,0.9178296824467336
development_oof,x10,10,logistic,96,18,5,1,1,0.9622369035836882
development_oof,x10,10,logistic,98,438,5,0,0,0.39938908158104747
development_oof,x10,10,logistic,100,31,5,1,1,0.9156002473385249
development_oof,x10,10,logistic,105,437,5,1,1,0.5094111395205654
development_oof,x10,10,logistic,106,18,5,1,1,0.9335137529335578
development_oof,x10,10,logistic,111,106,5,0,1,0.534788175296801
development_oof,x10,10,logistic,116,434,5,0,0,0.18904307813188176
development_oof,x10,10,logistic,130,171,5,0,0,0.36789244222163203
development_oof,x10,10,logistic,132,18,5,1,1,0.9350455508650103
development_oof,x10,10,logistic,141,106,5,0,0,0.3656938702798058
development_oof,x10,10,logistic,149,106,5,0,0,0.462349551831099
development_oof,x10,10,logistic,150,55,5,1,1,0.9144892594459414
development_oof,x10,10,logistic,152,429,5,0,0,0.4338994344545027
development_oof,x10,10,logistic,161,427,5,0,1,0.5965988282712025
development_oof,x10,10,logistic,163,18,5,1,1,0.9986369075320155
development_oof,x10,10,logistic,165,17,5,1,1,0.9429852933243958
development_oof,x10,10,logistic,167,18,5,1,1,0.9408540630299553
development_oof,x10,10,logistic,172,423,5,0,1,0.9219645763061521
development_oof,x10,10,logistic,179,11,5,0,0,0.45950312045746267
development_oof,x10,10,logistic,182,31,5,1,1,0.9033946956037804
development_oof,x10,10,logistic,186,18,5,1,1,0.9472275651168466
development_oof,x10,10,logistic,195,31,5,1,1,0.9101846429096239
development_oof,x10,10,logistic,208,31,5,1,1,0.9599990236094595
development_oof,x10,10,logistic,215,61,5,0,0,0.4768452604194287
development_oof,x10,10,logistic,219,418,5,0,0,0.30510995244313693
development_oof,x10,10,logistic,223,68,5,0,0,0.28865834209770597
development_oof,x10,10,logistic,225,55,5,1,1,0.6529710047828594
development_oof,x10,10,logistic,231,417,5,0,0,0.24792029329118104
development_oof,x10,10,logistic,233,17,5,1,1,0.9067817083273025
development_oof,x10,10,logistic,255,410,5,0,0,0.3285049896543852
development_oof,x10,10,logistic,256,18,5,1,1,0.9280847678203555
development_oof,x10,10,logistic,259,409,5,0,0,0.4116453060701535
development_oof,x10,10,logistic,261,25,5,1,0,0.35261812165399614
development_oof,x10,10,logistic,273,25,5,1,0,0.33110117170058606
development_oof,x10,10,logistic,276,17,5,1,1,0.9595137590787058
development_oof,x10,10,logistic,297,163,5,0,0,0.4091759784751864
development_oof,x10,10,logistic,298,405,5,0,0,0.2762152132671073
development_oof,x10,10,logistic,316,100,5,0,0,0.3241308594643225
development_oof,x10,10,logistic,319,163,5,0,0,0.34790274376193236
development_oof,x10,10,logistic,326,157,5,1,1,0.6602645591978544
development_oof,x10,10,logistic,330,76,5,1,0,0.2953947909645452
development_oof,x10,10,logistic,334,394,5,0,0,0.30426342667824574
development_oof,x10,10,logistic,336,55,5,1,1,0.9309957712163383
development_oof,x10,10,logistic,338,17,5,1,1,0.9279376625515053
development_oof,x10,10,logistic,339,11,5,0,1,0.5852259888680617
development_oof,x10,10,logistic,340,393,5,0,0,0.3298625526623478
development_oof,x10,10,logistic,343,17,5,1,1,0.9340408979754923
development_oof,x10,10,logistic,347,17,5,1,1,0.9436887795155394
development_oof,x10,10,logistic,351,100,5,1,0,0.34844778013329303
development_oof,x10,10,logistic,357,37,5,1,1,0.9564356651353485
development_oof,x10,10,logistic,364,25,5,1,0,0.42312914592856177
development_oof,x10,10,logistic,372,17,5,1,1,0.939679640500486
development_oof,x10,10,logistic,377,386,5,0,0,0.3878244461522954
development_oof,x10,10,logistic,381,76,5,0,0,0.34848168438608795
development_oof,x10,10,logistic,397,11,5,0,0,0.35147808062566166
development_oof,x10,10,logistic,402,380,5,0,0,0.21319045486053712
development_oof,x10,10,logistic,435,374,5,0,0,0.35128364375162385
development_oof,x10,10,logistic,436,25,5,1,1,0.5335198711680913
development_oof,x10,10,logistic,458,18,5,0,1,0.9578415580178291
development_oof,x10,10,logistic,459,25,5,1,0,0.35599570011837056
development_oof,x10,10,logistic,468,370,5,0,0,0.24163354273224863
development_oof,x10,10,logistic,479,368,5,0,0,0.3632297111226353
development_oof,x10,10,logistic,486,157,5,0,0,0.30028016246493167
development_oof,x10,10,logistic,494,94,5,0,0,0.4504476527665568
development_oof,x10,10,logistic,533,71,5,0,1,0.5011526372790677
development_oof,x10,10,logistic,536,71,5,0,0,0.45818666794611346
development_oof,x10,10,logistic,549,355,5,0,1,0.506248248680344
development_oof,x10,10,logistic,555,352,5,1,1,0.966908722381144
development_oof,x10,10,logistic,557,66,5,0,1,0.5708679508647964
development_oof,x10,10,logistic,563,71,5,0,0,0.4977001418103928
development_oof,x10,10,logistic,575,115,5,0,1,0.5184284872000647
development_oof,x10,10,logistic,579,114,5,1,0,0.4090194983054046
development_oof,x10,10,logistic,585,31,5,1,1,0.9635057445686809
development_oof,x10,10,logistic,587,345,5,0,1,0.5754185515743322
development_oof,x10,10,logistic,601,339,5,0,0,0.2747535454768859
development_oof,x10,10,logistic,612,87,5,0,0,0.3218735740418291
development_oof,x10,10,logistic,620,68,5,0,0,0.27550107209010205
development_oof,x10,10,logistic,634,17,5,1,1,0.9447968176743611
development_oof,x10,10,logistic,635,68,5,1,0,0.367509494281689
development_oof,x10,10,logistic,640,146,5,0,0,0.36278023437045936
development_oof,x10,10,logistic,641,66,5,0,0,0.45377022951482854
development_oof,x10,10,logistic,643,330,5,0,0,0.31436120885897956
development_oof,x10,10,logistic,645,146,5,0,0,0.33235114009416755
development_oof,x10,10,logistic,656,326,5,0,1,0.5004732615923931
development_oof,x10,10,logistic,664,116,5,0,0,0.30036196600736115
development_oof,x10,10,logistic,675,71,5,0,1,0.5501314264564177
development_oof,x10,10,logistic,682,317,5,0,0,0.37154335740629296
development_oof,x10,10,logistic,688,143,5,0,0,0.4224782245256443
development_oof,x10,10,logistic,698,314,5,0,0,0.4287737449735778
development_oof,x10,10,logistic,711,45,5,0,1,0.5298375387525489
development_oof,x10,10,logistic,723,25,5,0,0,0.3769182910405269
development_oof,x10,10,logistic,725,45,5,1,1,0.5112546586342369
development_oof,x10,10,logistic,726,31,5,1,1,0.9190515665137219
development_oof,x10,10,logistic,732,45,5,0,0,0.49072535875113177
development_oof,x10,10,logistic,736,137,5,0,0,0.48848820798358294
development_oof,x10,10,logistic,741,306,5,0,0,0.31748894782188497
development_oof,x10,10,logistic,744,87,5,0,0,0.25726203944054055
development_oof,x10,10,logistic,749,11,5,0,0,0.3738518149846671
development_oof,x10,10,logistic,799,45,5,0,1,0.5706859906896179
development_oof,x10,10,logistic,802,131,5,0,0,0.377833152960327
development_oof,x10,10,logistic,816,284,5,0,1,0.501916636834436
development_oof,x10,10,logistic,837,278,5,0,0,0.3363000955792143
development_oof,x10,10,logistic,845,11,5,0,0,0.328078471802034
development_oof,x10,10,logistic,857,268,5,0,0,0.4026437609842618
development_oof,x10,10,logistic,858,61,5,0,0,0.47755351798735496
development_oof,x10,10,logistic,860,266,5,0,0,0.39975621097200004
development_oof,x10,10,logistic,870,260,5,0,0,0.345905425234707
development_oof,x10,10,logistic,900,249,5,0,0,0.4056781654231217
development_oof,x10,10,logistic,906,247,5,0,0,0.3308363416692539
development_oof,x10,10,logistic,915,25,5,1,0,0.33355177175744855
development_oof,x10,10,logistic,926,238,5,1,0,0.330201963417565
development_oof,x10,10,logistic,939,229,5,1,1,0.5658376333172193
development_oof,x10,10,logistic,948,225,5,1,1,0.7224299259043315
development_oof,x10,10,logistic,958,220,5,0,0,0.1845857830136734
development_oof,x10,10,logistic,960,116,5,0,0,0.3393550385392959
development_oof,x10,10,logistic,969,115,5,0,1,0.5717659974814444
development_oof,x10,10,logistic,971,212,5,1,1,0.5077668336930588
development_oof,x10,10,logistic,972,211,5,0,0,0.3364370432454497
development_oof,x10,10,logistic,974,45,5,0,1,0.5505762150463841
development_oof,x10,10,logistic,975,66,5,0,0,0.42441896909710286
development_oof,x10,10,logistic,979,114,5,0,0,0.34477871575924607
development_oof,x10,10,logistic,990,201,5,0,0,0.4720614222183672
development_oof,x10,10,logistic,1008,76,5,0,0,0.24801762001051503
development_oof,x10,10,logistic,1010,194,5,0,1,0.5727484626683886
development_oof,x10,10,logistic,1015,191,5,1,0,0.2616451666108738
development_oof,x10,10,logistic,1027,185,5,1,1,0.7681263281341904
development_oof,x10,10,logistic,1032,180,5,0,1,0.5163626051150741
development_oof,x10,10,rbf_svc,3,108,1,0,0,-1.2075969409231953
development_oof,x10,10,rbf_svc,13,109,1,1,1,2.091481937816103
development_oof,x10,10,rbf_svc,22,456,1,0,0,-0.24398735139750127
development_oof,x10,10,rbf_svc,24,455,1,0,0,-0.5399474010131116
development_oof,x10,10,rbf_svc,25,12,1,1,0,-1.1366725874298986
development_oof,x10,10,rbf_svc,35,108,1,0,0,-1.3049078902998101
development_oof,x10,10,rbf_svc,43,6,1,0,0,-1.0946592177421401
development_oof,x10,10,rbf_svc,53,447,1,0,0,-0.8256453090707059
development_oof,x10,10,rbf_svc,65,168,1,1,1,2.35547474510508
development_oof,x10,10,rbf_svc,68,445,1,1,0,-1.0941402551759751
development_oof,x10,10,rbf_svc,70,166,1,0,0,-1.3425055668255947
development_oof,x10,10,rbf_svc,72,12,1,1,0,-1.0661571033582586
development_oof,x10,10,rbf_svc,75,108,1,0,0,-1.1703230985850024
development_oof,x10,10,rbf_svc,88,12,1,0,0,-1.2205826147133518
development_oof,x10,10,rbf_svc,89,6,1,0,0,-1.1309524258046146
development_oof,x10,10,rbf_svc,110,41,1,0,0,-0.5873291389740516
development_oof,x10,10,rbf_svc,129,58,1,1,1,1.9320891659324502
development_oof,x10,10,rbf_svc,133,432,1,1,1,1.3061734326851269
development_oof,x10,10,rbf_svc,144,41,1,0,0,-0.22882224743500434
development_oof,x10,10,rbf_svc,153,41,1,0,1,0.3528648356614077
development_oof,x10,10,rbf_svc,155,41,1,0,0,-0.5714470546234776
development_oof,x10,10,rbf_svc,168,424,1,0,0,-1.1011120347812675
development_oof,x10,10,rbf_svc,171,41,1,1,1,0.15383110839827085
development_oof,x10,10,rbf_svc,197,168,1,1,1,2.413243525363707
development_oof,x10,10,rbf_svc,205,41,1,0,0,-0.004662145535756723
development_oof,x10,10,rbf_svc,209,420,1,1,1,1.8162765960719838
development_oof,x10,10,rbf_svc,232,6,1,0,0,-1.1770048519211536
development_oof,x10,10,rbf_svc,237,117,1,0,0,-0.7420189865572457
development_oof,x10,10,rbf_svc,243,414,1,0,0,-0.9156481707835369
development_oof,x10,10,rbf_svc,250,166,1,0,0,-1.440877447961394
development_oof,x10,10,rbf_svc,270,12,1,1,0,-1.0356616457473156
development_oof,x10,10,rbf_svc,272,19,1,0,0,-1.0425140549923395
development_oof,x10,10,rbf_svc,282,406,1,1,1,2.383023388884438
development_oof,x10,10,rbf_svc,289,6,1,0,0,-1.0516248867024498
development_oof,x10,10,rbf_svc,303,12,1,1,0,-0.9269171393973299
development_oof,x10,10,rbf_svc,305,402,1,0,0,-0.9771849441626099
development_oof,x10,10,rbf_svc,306,101,1,1,0,-1.1159870277755648
development_oof,x10,10,rbf_svc,307,12,1,1,0,-1.1937644518847634
development_oof,x10,10,rbf_svc,314,398,1,0,0,-1.0882811353850415
development_oof,x10,10,rbf_svc,318,127,1,1,0,-1.578569126211123
development_oof,x10,10,rbf_svc,328,395,1,1,0,-0.3754106640489312
development_oof,x10,10,rbf_svc,345,73,1,0,1,1.5782749223770451
development_oof,x10,10,rbf_svc,346,12,1,1,0,-0.9936593593141911
development_oof,x10,10,rbf_svc,350,12,1,0,0,-0.6616171891087312
development_oof,x10,10,rbf_svc,362,36,1,0,0,-1.0136815138345174
development_oof,x10,10,rbf_svc,366,79,1,1,0,-0.6699023841685297
development_oof,x10,10,rbf_svc,367,79,1,1,0,-0.3380811887155535
development_oof,x10,10,rbf_svc,368,387,1,0,0,-0.7627506158830564
development_oof,x10,10,rbf_svc,383,12,1,1,0,-0.8209245889564134
development_oof,x10,10,rbf_svc,390,381,1,0,0,-1.4666243906082326
development_oof,x10,10,rbf_svc,411,6,1,0,0,-1.1735093683828002
development_oof,x10,10,rbf_svc,415,12,1,1,0,-1.0000717238853405
development_oof,x10,10,rbf_svc,418,6,1,0,0,-0.9651630015005364
development_oof,x10,10,rbf_svc,427,6,1,0,0,-0.9986342237141408
development_oof,x10,10,rbf_svc,432,375,1,0,0,-0.3829601933522533
development_oof,x10,10,rbf_svc,433,58,1,1,1,1.1178685350899193
development_oof,x10,10,rbf_svc,445,95,1,0,0,-1.2340295397961942
development_oof,x10,10,rbf_svc,452,73,1,1,1,1.679702872499514
development_oof,x10,10,rbf_svc,467,6,1,0,0,-0.7222145120927543
development_oof,x10,10,rbf_svc,476,95,1,0,0,-0.9909874603718649
development_oof,x10,10,rbf_svc,478,6,1,0,0,-1.234765133471986
development_oof,x10,10,rbf_svc,488,26,1,1,0,-0.9233273631767418
development_oof,x10,10,rbf_svc,507,26,1,0,0,-0.9842018144551237
development_oof,x10,10,rbf_svc,509,362,1,0,0,-0.5261720481739964
development_oof,x10,10,rbf_svc,512,361,1,0,0,-0.5378167870189288
development_oof,x10,10,rbf_svc,521,26,1,0,0,-0.9747010298140506
development_oof,x10,10,rbf_svc,530,358,1,1,0,-0.6498638014188576
development_oof,x10,10,rbf_svc,531,6,1,0,0,-1.0966305518541042
development_oof,x10,10,rbf_svc,532,26,1,0,0,-0.8101597417065378
development_oof,x10,10,rbf_svc,534,26,1,0,0,-1.0426071906030459
development_oof,x10,10,rbf_svc,552,6,1,0,0,-1.2314080804232799
development_oof,x10,10,rbf_svc,564,47,1,1,0,-1.4635632665316038
development_oof,x10,10,rbf_svc,573,350,1,0,1,0.29159337627030335
development_oof,x10,10,rbf_svc,576,349,1,0,0,-0.3438506694988217
development_oof,x10,10,rbf_svc,578,26,1,0,0,-0.9849460192816484
development_oof,x10,10,rbf_svc,590,152,1,0,0,-1.7194343602823914
development_oof,x10,10,rbf_svc,591,343,1,0,1,0.5790351618870015
development_oof,x10,10,rbf_svc,630,67,1,0,0,-0.5888139806850703
development_oof,x10,10,rbf_svc,637,47,1,1,0,-1.3946854126315877
development_oof,x10,10,rbf_svc,639,332,1,0,1,0.19005604854832892
development_oof,x10,10,rbf_svc,642,331,1,0,0,-0.5463799407050189
development_oof,x10,10,rbf_svc,644,47,1,1,0,-1.4160536865679643
development_oof,x10,10,rbf_svc,650,88,1,0,0,-0.2951079535359
development_oof,x10,10,rbf_svc,651,67,1,0,0,-1.144243960721288
development_oof,x10,10,rbf_svc,654,327,1,0,0,-0.20845304822418176
development_oof,x10,10,rbf_svc,673,320,1,0,0,-1.0157202862568504
development_oof,x10,10,rbf_svc,676,6,1,0,0,-0.995471288615174
development_oof,x10,10,rbf_svc,679,6,1,0,0,-0.8164495676035408
development_oof,x10,10,rbf_svc,680,145,1,0,1,0.08563645114545326
development_oof,x10,10,rbf_svc,695,47,1,1,0,-1.5496718483936853
development_oof,x10,10,rbf_svc,708,310,1,0,1,1.0675315386295015
development_oof,x10,10,rbf_svc,709,88,1,0,0,-0.6964535485197392
development_oof,x10,10,rbf_svc,713,139,1,0,0,-1.2240528419749055
development_oof,x10,10,rbf_svc,721,139,1,1,0,-1.274593734024058
development_oof,x10,10,rbf_svc,722,307,1,0,0,-0.7229853461485043
development_oof,x10,10,rbf_svc,727,32,1,0,1,0.4150433260429931
development_oof,x10,10,rbf_svc,734,12,1,1,0,-0.8284573396024506
development_oof,x10,10,rbf_svc,748,64,1,0,1,0.9130729073894421
development_oof,x10,10,rbf_svc,763,301,1,0,0,-0.9397004524438721
development_oof,x10,10,rbf_svc,771,43,1,0,0,-0.10122481312730369
development_oof,x10,10,rbf_svc,773,58,1,1,1,1.856486060768886
development_oof,x10,10,rbf_svc,775,134,1,0,1,2.1741149838384954
development_oof,x10,10,rbf_svc,779,43,1,0,1,0.48274756040115707
development_oof,x10,10,rbf_svc,782,43,1,0,0,-0.33024403775886246
development_oof,x10,10,rbf_svc,783,296,1,0,1,0.03361489557566588
development_oof,x10,10,rbf_svc,784,43,1,1,0,-0.6840445025826949
development_oof,x10,10,rbf_svc,788,295,1,1,0,-0.18331316573876966
development_oof,x10,10,rbf_svc,795,110,1,1,1,1.8564816029433284
development_oof,x10,10,rbf_svc,797,43,1,0,1,0.2234323189574272
development_oof,x10,10,rbf_svc,812,285,1,0,1,0.8443339051484358
development_oof,x10,10,rbf_svc,814,88,1,0,0,-0.7390461993455493
development_oof,x10,10,rbf_svc,836,279,1,1,0,-0.6489854373404758
development_oof,x10,10,rbf_svc,853,272,1,0,0,-1.1726183560634607
development_oof,x10,10,rbf_svc,868,261,1,0,0,-0.9214891192423711
development_oof,x10,10,rbf_svc,886,255,1,0,0,-1.6224416711442349
development_oof,x10,10,rbf_svc,889,127,1,0,0,-1.4110928609721671
development_oof,x10,10,rbf_svc,892,26,1,0,0,-1.0784319284620516
development_oof,x10,10,rbf_svc,903,248,1,0,0,-1.3762990167813165
development_oof,x10,10,rbf_svc,909,245,1,0,0,-0.9158419209078279
development_oof,x10,10,rbf_svc,912,19,1,0,0,-1.0705589511747402
development_oof,x10,10,rbf_svc,924,239,1,0,0,-1.2403921430728169
development_oof,x10,10,rbf_svc,929,67,1,0,0,-0.19465575238543242
development_oof,x10,10,rbf_svc,937,230,1,0,0,-0.8559310625454988
development_oof,x10,10,rbf_svc,938,79,1,0,0,-0.7281449390756738
development_oof,x10,10,rbf_svc,944,58,1,1,1,0.9409807430621828
development_oof,x10,10,rbf_svc,956,222,1,0,1,0.9001968409678944
development_oof,x10,10,rbf_svc,959,117,1,0,0,-0.7773879987226551
development_oof,x10,10,rbf_svc,961,219,1,0,0,-0.16978263188212606
development_oof,x10,10,rbf_svc,970,213,1,0,0,-0.6614875780503209
development_oof,x10,10,rbf_svc,983,205,1,1,0,-0.7548249876237076
development_oof,x10,10,rbf_svc,989,47,1,0,0,-0.6671675685430227
development_oof,x10,10,rbf_svc,992,200,1,0,0,-0.27326877677689976
development_oof,x10,10,rbf_svc,997,6,1,0,0,-0.33169716891099665
development_oof,x10,10,rbf_svc,1007,195,1,0,0,-0.692543747149821
development_oof,x10,10,rbf_svc,1011,110,1,1,1,1.9218349551461376
development_oof,x10,10,rbf_svc,1023,187,1,0,1,0.7270075682227659
development_oof,x10,10,rbf_svc,1034,178,1,0,0,-1.5039221256311308
development_oof,x10,10,rbf_svc,2,460,2,0,0,-0.6860097208140228
development_oof,x10,10,rbf_svc,8,107,2,0,0,-0.5688812266048016
development_oof,x10,10,rbf_svc,18,56,2,1,1,1.0438897730153014
development_oof,x10,10,rbf_svc,33,452,2,0,0,-0.9446108926434087
development_oof,x10,10,rbf_svc,34,23,2,0,0,-0.7907187662200432
development_oof,x10,10,rbf_svc,37,177,2,0,0,-0.8067125819733005
development_oof,x10,10,rbf_svc,50,40,2,1,1,0.4926384552473402
development_oof,x10,10,rbf_svc,51,75,2,1,0,-0.8868145009723711
development_oof,x10,10,rbf_svc,55,107,2,0,0,-0.8020721833373374
development_oof,x10,10,rbf_svc,67,446,2,0,0,-0.9484210123341719
development_oof,x10,10,rbf_svc,81,441,2,0,0,-0.5467595443089948
development_oof,x10,10,rbf_svc,97,30,2,1,0,-0.9035746585614033
development_oof,x10,10,rbf_svc,108,436,2,0,0,-1.0197353081973477
development_oof,x10,10,rbf_svc,114,173,2,0,0,-1.2452093426390343
development_oof,x10,10,rbf_svc,115,2,2,1,0,-1.0409534555303164
development_oof,x10,10,rbf_svc,118,172,2,0,0,-1.2011350085464982
development_oof,x10,10,rbf_svc,140,40,2,0,1,1.383073497131222
development_oof,x10,10,rbf_svc,166,425,2,0,0,-0.5796544252876994
development_oof,x10,10,rbf_svc,177,40,2,1,1,1.1964450898785468
development_oof,x10,10,rbf_svc,216,167,2,1,0,-1.0246366220165901
development_oof,x10,10,rbf_svc,229,30,2,1,0,-1.015222314101593
development_oof,x10,10,rbf_svc,235,30,2,1,0,-1.073537308824769
development_oof,x10,10,rbf_svc,240,167,2,1,0,-1.0311396868788874
development_oof,x10,10,rbf_svc,241,23,2,0,0,-0.790911083247577
development_oof,x10,10,rbf_svc,246,56,2,1,1,0.9993906028727675
development_oof,x10,10,rbf_svc,249,124,2,0,0,-0.43834838554428024
development_oof,x10,10,rbf_svc,251,30,2,1,0,-1.0340844614886093
development_oof,x10,10,rbf_svc,253,412,2,0,0,-0.42385559369120984
development_oof,x10,10,rbf_svc,254,411,2,1,0,-0.08316505373222349
development_oof,x10,10,rbf_svc,262,98,2,1,1,1.3661134403396011
development_oof,x10,10,rbf_svc,265,75,2,0,0,-0.47583600130929726
development_oof,x10,10,rbf_svc,275,56,2,1,1,0.9440741655288827
development_oof,x10,10,rbf_svc,281,30,2,1,0,-0.9357160520551824
development_oof,x10,10,rbf_svc,283,56,2,1,1,1.149902937832994
development_oof,x10,10,rbf_svc,291,98,2,1,1,1.4140580913978484
development_oof,x10,10,rbf_svc,301,403,2,0,0,-1.1819999969744195
development_oof,x10,10,rbf_svc,325,396,2,0,0,-0.7936590153701653
development_oof,x10,10,rbf_svc,344,23,2,1,0,-0.6796298018239011
development_oof,x10,10,rbf_svc,359,23,2,0,0,-0.7888195398655762
development_oof,x10,10,rbf_svc,365,388,2,0,0,-0.8739497607796254
development_oof,x10,10,rbf_svc,378,23,2,0,0,-0.7966231847053298
development_oof,x10,10,rbf_svc,389,382,2,0,0,-1.2023518584927635
development_oof,x10,10,rbf_svc,408,98,2,1,1,1.4426176293417978
development_oof,x10,10,rbf_svc,413,62,2,1,0,-0.9277524561188126
development_oof,x10,10,rbf_svc,425,23,2,0,0,-0.8262181312768184
development_oof,x10,10,rbf_svc,426,377,2,0,1,1.8714871963156514
development_oof,x10,10,rbf_svc,439,156,2,1,0,-0.42522694990629817
development_oof,x10,10,rbf_svc,461,371,2,1,0,-0.2872481969198033
development_oof,x10,10,rbf_svc,487,156,2,0,0,-0.48690301729321006
development_oof,x10,10,rbf_svc,505,81,2,1,0,-0.49389279921529217
development_oof,x10,10,rbf_svc,514,360,2,1,1,1.4849258467988116
development_oof,x10,10,rbf_svc,515,150,2,0,0,-1.0906263269285599
development_oof,x10,10,rbf_svc,523,2,2,1,0,-0.813722907596891
development_oof,x10,10,rbf_svc,526,23,2,0,0,-0.38636541670215263
development_oof,x10,10,rbf_svc,541,113,2,0,0,-0.8490911966893211
development_oof,x10,10,rbf_svc,551,353,2,0,0,-0.8930040626317612
development_oof,x10,10,rbf_svc,584,46,2,0,0,-0.7372205457745309
development_oof,x10,10,rbf_svc,586,346,2,0,1,0.6569498888577643
development_oof,x10,10,rbf_svc,589,153,2,1,1,0.10687457580909387
development_oof,x10,10,rbf_svc,593,90,2,0,0,-1.0913944255870602
development_oof,x10,10,rbf_svc,598,90,2,0,0,-0.8214066726304374
development_oof,x10,10,rbf_svc,599,340,2,0,0,-0.9434122650917904
development_oof,x10,10,rbf_svc,603,40,2,1,1,1.328280850113519
development_oof,x10,10,rbf_svc,609,7,2,0,0,-1.0215772957987521
development_oof,x10,10,rbf_svc,623,150,2,0,0,-0.9792940100377405
development_oof,x10,10,rbf_svc,624,149,2,1,0,-0.5918259993491399
development_oof,x10,10,rbf_svc,636,334,2,1,0,-0.6160961590133107
development_oof,x10,10,rbf_svc,661,90,2,0,0,-1.0391952092209518
development_oof,x10,10,rbf_svc,670,322,2,0,1,0.3612541705338326
development_oof,x10,10,rbf_svc,677,319,2,0,0,-0.830864576422351
development_oof,x10,10,rbf_svc,707,311,2,0,0,-0.5879756049806353
development_oof,x10,10,rbf_svc,710,75,2,1,0,-1.17710183328891
development_oof,x10,10,rbf_svc,716,309,2,0,0,-0.8601810104945009
development_oof,x10,10,rbf_svc,762,302,2,0,0,-0.5144958114522138
development_oof,x10,10,rbf_svc,766,130,2,0,0,-0.8963443685942176
development_oof,x10,10,rbf_svc,777,297,2,0,0,-1.1022514844157636
development_oof,x10,10,rbf_svc,790,62,2,1,0,-0.5209106376692803
development_oof,x10,10,rbf_svc,791,294,2,0,0,-1.218836122316575
development_oof,x10,10,rbf_svc,793,292,2,1,0,-1.186907525807135
development_oof,x10,10,rbf_svc,810,286,2,0,0,-1.2645065027114162
development_oof,x10,10,rbf_svc,819,130,2,1,0,-0.8282683178317283
development_oof,x10,10,rbf_svc,825,83,2,0,0,-0.40869434174064523
development_oof,x10,10,rbf_svc,831,281,2,0,0,-1.0743756844223469
development_oof,x10,10,rbf_svc,842,277,2,0,0,-0.7146130880317878
development_oof,x10,10,rbf_svc,850,273,2,0,0,-0.8031875134198032
development_oof,x10,10,rbf_svc,859,267,2,0,0,-0.47190749228393214
development_oof,x10,10,rbf_svc,863,81,2,1,0,-0.39706462387593566
development_oof,x10,10,rbf_svc,884,257,2,0,0,-0.8712226406897579
development_oof,x10,10,rbf_svc,895,124,2,0,0,-0.5633194119842331
development_oof,x10,10,rbf_svc,896,251,2,0,0,-0.7701527940071402
development_oof,x10,10,rbf_svc,914,56,2,1,1,1.055534028306971
development_oof,x10,10,rbf_svc,922,240,2,0,0,-1.074330503155675
development_oof,x10,10,rbf_svc,923,23,2,0,0,-0.8430331861151161
development_oof,x10,10,rbf_svc,933,232,2,0,0,-0.9398128493384614
development_oof,x10,10,rbf_svc,947,226,2,0,0,-0.7537212419046349
development_oof,x10,10,rbf_svc,951,223,2,0,0,-0.6474182764860701
development_oof,x10,10,rbf_svc,953,119,2,0,0,-0.8104296088948411
development_oof,x10,10,rbf_svc,965,216,2,0,0,-0.6550931558206876
development_oof,x10,10,rbf_svc,976,209,2,0,0,-1.1394322591306263
development_oof,x10,10,rbf_svc,986,113,2,0,0,-0.9248680566675727
development_oof,x10,10,rbf_svc,1001,107,2,0,1,0.07707212821051068
development_oof,x10,10,rbf_svc,1005,196,2,0,0,-0.7407338054811692
development_oof,x10,10,rbf_svc,1020,188,2,0,1,0.005217542104125172
development_oof,x10,10,rbf_svc,1026,186,2,1,0,-0.8515434139887079
development_oof,x10,10,rbf_svc,1030,182,2,0,0,-0.766028529709512
development_oof,x10,10,rbf_svc,20,3,3,0,0,-0.6029077723993157
development_oof,x10,10,rbf_svc,29,453,3,0,0,-1.0366327407871583
development_oof,x10,10,rbf_svc,31,3,3,0,0,-1.0392042202713965
development_oof,x10,10,rbf_svc,36,80,3,0,0,-0.9924098300726975
development_oof,x10,10,rbf_svc,39,42,3,0,0,-0.9758404518930911
development_oof,x10,10,rbf_svc,42,3,3,0,0,-0.9500842531773158
development_oof,x10,10,rbf_svc,78,443,3,1,0,-0.34507640320220845
development_oof,x10,10,rbf_svc,87,439,3,0,0,-1.5909567614384597
development_oof,x10,10,rbf_svc,92,27,3,1,0,-0.6696306544531759
development_oof,x10,10,rbf_svc,93,165,3,0,0,-1.089345814589214
development_oof,x10,10,rbf_svc,101,27,3,0,0,-0.8611484487737048
development_oof,x10,10,rbf_svc,125,111,3,0,0,-0.40022964802593175
development_oof,x10,10,rbf_svc,145,430,3,0,1,0.11380336305927494
development_oof,x10,10,rbf_svc,146,59,3,1,1,0.08865026022242445
development_oof,x10,10,rbf_svc,147,16,3,0,0,-0.6736282918457073
development_oof,x10,10,rbf_svc,148,59,3,1,0,-0.004701124748585084
development_oof,x10,10,rbf_svc,154,59,3,1,0,-0.35080295768637415
development_oof,x10,10,rbf_svc,158,428,3,0,0,-0.6061624122190179
development_oof,x10,10,rbf_svc,173,52,3,0,0,-0.13268358508145872
development_oof,x10,10,rbf_svc,175,38,3,1,1,1.8903451675744805
development_oof,x10,10,rbf_svc,176,3,3,0,0,-1.0051786326565328
development_oof,x10,10,rbf_svc,192,8,3,0,0,-1.418557991332802
development_oof,x10,10,rbf_svc,196,8,3,0,0,-1.1856662614519053
development_oof,x10,10,rbf_svc,202,421,3,0,0,-1.5379679911231885
development_oof,x10,10,rbf_svc,211,8,3,0,0,-1.1019692051376828
development_oof,x10,10,rbf_svc,217,8,3,0,0,-0.9437180875918848
development_oof,x10,10,rbf_svc,218,8,3,0,0,-1.326190259517038
development_oof,x10,10,rbf_svc,220,8,3,0,0,-0.7627951459104733
development_oof,x10,10,rbf_svc,226,8,3,0,0,-1.347511684366808
development_oof,x10,10,rbf_svc,227,38,3,1,1,1.6653744379586937
development_oof,x10,10,rbf_svc,230,121,3,1,1,0.1547218287711294
development_oof,x10,10,rbf_svc,238,415,3,0,0,-0.9276667981853571
development_oof,x10,10,rbf_svc,239,3,3,0,0,-0.3922082056076944
development_oof,x10,10,rbf_svc,242,52,3,1,1,2.0371093498988393
development_oof,x10,10,rbf_svc,252,3,3,0,0,-1.0585360351655688
development_oof,x10,10,rbf_svc,257,80,3,0,0,-0.827025399737651
development_oof,x10,10,rbf_svc,266,103,3,1,1,1.7705373836848612
development_oof,x10,10,rbf_svc,268,8,3,0,0,-1.0998923492190436
development_oof,x10,10,rbf_svc,271,165,3,0,0,-1.1007405107887203
development_oof,x10,10,rbf_svc,278,407,3,0,0,-1.1026193611946398
development_oof,x10,10,rbf_svc,279,3,3,0,0,-0.9593496842938561
development_oof,x10,10,rbf_svc,284,38,3,1,1,1.4696224061696035
development_oof,x10,10,rbf_svc,285,3,3,0,0,-1.2481381888407297
development_oof,x10,10,rbf_svc,286,3,3,0,0,-1.0342661911401771
development_oof,x10,10,rbf_svc,287,158,3,0,0,-1.2244883187016344
development_oof,x10,10,rbf_svc,290,164,3,1,1,0.4409264210852963
development_oof,x10,10,rbf_svc,300,404,3,1,1,0.37520985089333153
development_oof,x10,10,rbf_svc,309,22,3,0,0,-1.0360447139478586
development_oof,x10,10,rbf_svc,320,38,3,1,1,2.0409513498297738
development_oof,x10,10,rbf_svc,321,397,3,0,0,-0.44109307121508934
development_oof,x10,10,rbf_svc,323,3,3,0,0,-0.9582635261998923
development_oof,x10,10,rbf_svc,327,3,3,0,0,-0.5668276823695403
development_oof,x10,10,rbf_svc,332,38,3,1,1,1.7747042705797305
development_oof,x10,10,rbf_svc,333,8,3,0,0,-1.015351154793661
development_oof,x10,10,rbf_svc,341,135,3,1,0,-0.20273639900957796
development_oof,x10,10,rbf_svc,348,3,3,0,0,-0.8974942498167772
development_oof,x10,10,rbf_svc,349,22,3,1,0,-1.4427942100896711
development_oof,x10,10,rbf_svc,353,3,3,1,0,-1.3260163410465164
development_oof,x10,10,rbf_svc,354,391,3,1,0,-0.16990001279444328
development_oof,x10,10,rbf_svc,356,390,3,0,0,-0.3112798365289584
development_oof,x10,10,rbf_svc,363,22,3,0,0,-1.3743711105071172
development_oof,x10,10,rbf_svc,370,8,3,0,0,-0.6741395271899008
development_oof,x10,10,rbf_svc,387,383,3,1,0,-1.414640647502262
development_oof,x10,10,rbf_svc,406,78,3,0,0,-0.8300131528401625
development_oof,x10,10,rbf_svc,412,3,3,0,0,-0.7071534074993185
development_oof,x10,10,rbf_svc,414,3,3,0,0,-0.45120043576392166
development_oof,x10,10,rbf_svc,416,378,3,0,0,-1.4508260676111617
development_oof,x10,10,rbf_svc,417,22,3,0,0,-1.001865450398376
development_oof,x10,10,rbf_svc,419,154,3,1,1,1.8442225963052619
development_oof,x10,10,rbf_svc,421,27,3,0,0,-0.9752077650767174
development_oof,x10,10,rbf_svc,424,27,3,0,0,-0.47212147918609526
development_oof,x10,10,rbf_svc,437,158,3,0,0,-1.0713657527509475
development_oof,x10,10,rbf_svc,438,96,3,1,0,-0.6443303203298648
development_oof,x10,10,rbf_svc,441,27,3,1,0,-0.865673033482428
development_oof,x10,10,rbf_svc,443,372,3,0,0,-1.4851236692139933
development_oof,x10,10,rbf_svc,448,13,3,0,0,-0.42365985250247606
development_oof,x10,10,rbf_svc,450,3,3,0,0,-0.7779411058581182
development_oof,x10,10,rbf_svc,451,3,3,0,1,0.18781432582073934
development_oof,x10,10,rbf_svc,456,78,3,0,0,-0.6144336172225199
development_oof,x10,10,rbf_svc,469,8,3,0,0,-0.6987952733116619
development_oof,x10,10,rbf_svc,473,22,3,0,0,-1.3740730455250838
development_oof,x10,10,rbf_svc,483,27,3,0,0,-0.7073420530093613
development_oof,x10,10,rbf_svc,490,364,3,0,0,-0.708530768236342
development_oof,x10,10,rbf_svc,511,129,3,0,0,-1.0306892569006165
development_oof,x10,10,rbf_svc,522,154,3,1,1,1.643630310787565
development_oof,x10,10,rbf_svc,544,63,3,1,0,-1.1419314806645255
development_oof,x10,10,rbf_svc,547,77,3,0,0,-0.8271279719476178
development_oof,x10,10,rbf_svc,550,354,3,0,0,-0.7980554144195954
development_oof,x10,10,rbf_svc,556,13,3,0,0,-0.22811003670514074
development_oof,x10,10,rbf_svc,567,13,3,0,0,-0.24443956664476585
development_oof,x10,10,rbf_svc,580,348,3,1,1,0.005157330243633823
development_oof,x10,10,rbf_svc,597,341,3,0,0,-0.7052990288652515
development_oof,x10,10,rbf_svc,606,337,3,0,0,-1.425212038505974
development_oof,x10,10,rbf_svc,628,147,3,0,0,-1.7256714732445575
development_oof,x10,10,rbf_svc,632,77,3,0,0,-0.6075998677575307
development_oof,x10,10,rbf_svc,649,89,3,0,0,-1.1462003565698455
development_oof,x10,10,rbf_svc,652,328,3,0,0,-0.4593221608124708
development_oof,x10,10,rbf_svc,681,318,3,0,0,-0.6103337331193658
development_oof,x10,10,rbf_svc,685,33,3,0,0,-1.093709556528374
development_oof,x10,10,rbf_svc,686,144,3,1,0,-0.5216319402227639
development_oof,x10,10,rbf_svc,690,315,3,0,0,-0.7627925230295286
development_oof,x10,10,rbf_svc,694,33,3,0,0,-1.7888708815171377
development_oof,x10,10,rbf_svc,696,89,3,0,0,-1.3678700013459335
development_oof,x10,10,rbf_svc,717,140,3,0,1,0.23698230896049063
development_oof,x10,10,rbf_svc,718,308,3,0,0,-1.6523890324981387
development_oof,x10,10,rbf_svc,743,13,3,0,0,-0.651038707377693
development_oof,x10,10,rbf_svc,756,303,3,0,0,-0.5279380592987136
development_oof,x10,10,rbf_svc,767,63,3,1,0,-1.2359264326943968
development_oof,x10,10,rbf_svc,768,300,3,0,1,1.8175123378387013
development_oof,x10,10,rbf_svc,769,135,3,0,0,-0.23156104280746048
development_oof,x10,10,rbf_svc,801,290,3,0,0,-0.9864359199064267
development_oof,x10,10,rbf_svc,805,63,3,1,0,-0.46012431957086364
development_oof,x10,10,rbf_svc,807,288,3,0,0,-1.639041732000456
development_oof,x10,10,rbf_svc,808,33,3,0,0,-0.5210598292294754
development_oof,x10,10,rbf_svc,813,33,3,0,0,-0.19481165372922987
development_oof,x10,10,rbf_svc,821,282,3,0,0,-0.29823273967758845
development_oof,x10,10,rbf_svc,827,129,3,0,0,-0.9352926555574658
development_oof,x10,10,rbf_svc,847,274,3,0,0,-1.2539989160039284
development_oof,x10,10,rbf_svc,854,271,3,0,0,-1.9003087778224326
development_oof,x10,10,rbf_svc,864,264,3,0,0,-1.300397357908743
development_oof,x10,10,rbf_svc,866,262,3,0,1,0.2848438460940575
development_oof,x10,10,rbf_svc,869,80,3,0,0,-0.9380534205241863
development_oof,x10,10,rbf_svc,881,259,3,0,0,-0.20754995044263486
development_oof,x10,10,rbf_svc,883,59,3,1,1,0.4309645815923073
development_oof,x10,10,rbf_svc,893,253,3,0,0,-0.7234199927910606
development_oof,x10,10,rbf_svc,899,123,3,1,1,1.83483591056874
development_oof,x10,10,rbf_svc,904,52,3,1,1,1.8628051822614342
development_oof,x10,10,rbf_svc,913,121,3,1,1,1.399115190789321
development_oof,x10,10,rbf_svc,917,243,3,1,0,-0.5384730707727146
development_oof,x10,10,rbf_svc,920,241,3,0,0,-0.733180081211069
development_oof,x10,10,rbf_svc,921,16,3,0,0,-0.27383928025250615
development_oof,x10,10,rbf_svc,930,235,3,1,1,0.32446970945494397
development_oof,x10,10,rbf_svc,935,231,3,0,0,-0.9371883731980658
development_oof,x10,10,rbf_svc,940,78,3,0,0,-0.6850313509324354
development_oof,x10,10,rbf_svc,945,227,3,0,0,-0.32039999537507236
development_oof,x10,10,rbf_svc,962,218,3,0,0,-1.0520960199693858
development_oof,x10,10,rbf_svc,963,217,3,0,0,-1.303877063159744
development_oof,x10,10,rbf_svc,973,210,3,0,0,-1.6520984674721375
development_oof,x10,10,rbf_svc,982,77,3,0,0,-0.7348015769552886
development_oof,x10,10,rbf_svc,988,202,3,1,0,-0.8655719502305351
development_oof,x10,10,rbf_svc,998,198,3,0,0,-1.2460573573994718
development_oof,x10,10,rbf_svc,1002,197,3,0,0,-0.39370096201342364
development_oof,x10,10,rbf_svc,1006,111,3,0,0,-1.3730481498598084
development_oof,x10,10,rbf_svc,1017,189,3,0,0,-0.8626218194499228
development_oof,x10,10,rbf_svc,1025,63,3,1,0,-2.2965201158396167
development_oof,x10,10,rbf_svc,1028,184,3,0,0,-0.47770015899825313
development_oof,x10,10,rbf_svc,1029,183,3,0,0,-0.8404011081441715
development_oof,x10,10,rbf_svc,16,93,4,1,0,-0.16827039407364486
development_oof,x10,10,rbf_svc,19,457,4,0,0,-0.8600634080336886
development_oof,x10,10,rbf_svc,27,53,4,0,0,-1.0053625851679933
development_oof,x10,10,rbf_svc,44,450,4,0,0,-1.0845332079894703
development_oof,x10,10,rbf_svc,60,4,4,1,0,-0.6392671829742933
development_oof,x10,10,rbf_svc,62,82,4,0,0,-1.0476871248982664
development_oof,x10,10,rbf_svc,66,82,4,1,0,-0.8854730175651746
development_oof,x10,10,rbf_svc,69,444,4,0,0,-1.0661434019919376
development_oof,x10,10,rbf_svc,83,60,4,1,0,-0.5095138074739045
development_oof,x10,10,rbf_svc,84,9,4,1,1,2.607157198919937
development_oof,x10,10,rbf_svc,86,174,4,1,1,1.0399659023410288
development_oof,x10,10,rbf_svc,90,9,4,1,1,1.0531096151799302
development_oof,x10,10,rbf_svc,95,161,4,0,0,-1.0968948354234658
development_oof,x10,10,rbf_svc,102,15,4,0,0,-0.8705970036111486
development_oof,x10,10,rbf_svc,112,9,4,1,1,1.1356276464892325
development_oof,x10,10,rbf_svc,117,433,4,0,0,-0.9490098069554131
development_oof,x10,10,rbf_svc,119,0,4,0,0,-0.9016404508902516
development_oof,x10,10,rbf_svc,123,9,4,1,1,1.228017428448972
development_oof,x10,10,rbf_svc,131,170,4,1,0,-0.5095138074739045
development_oof,x10,10,rbf_svc,134,15,4,0,0,-1.055517279128596
development_oof,x10,10,rbf_svc,138,431,4,0,0,-0.7663154968602446
development_oof,x10,10,rbf_svc,142,0,4,0,0,-0.8777967243189917
development_oof,x10,10,rbf_svc,156,9,4,1,1,1.0866415042936377
development_oof,x10,10,rbf_svc,157,0,4,0,0,-0.9734041133519424
development_oof,x10,10,rbf_svc,159,4,4,1,0,-0.7941964115458156
development_oof,x10,10,rbf_svc,169,9,4,1,1,1.0561438870034947
development_oof,x10,10,rbf_svc,170,60,4,1,0,-0.892454756599961
development_oof,x10,10,rbf_svc,178,54,4,0,0,-1.0188423355153493
development_oof,x10,10,rbf_svc,181,9,4,1,1,1.0495054551201872
development_oof,x10,10,rbf_svc,183,422,4,0,0,-0.9553932492168571
development_oof,x10,10,rbf_svc,184,4,4,1,0,-0.7291022787285946
development_oof,x10,10,rbf_svc,187,9,4,1,1,1.1387893989696691
development_oof,x10,10,rbf_svc,193,9,4,1,1,1.0844246650647995
development_oof,x10,10,rbf_svc,198,53,4,0,0,-0.9616636017782805
development_oof,x10,10,rbf_svc,201,9,4,1,1,1.1561651568492763
development_oof,x10,10,rbf_svc,206,125,4,1,0,-1.0148930116446353
development_oof,x10,10,rbf_svc,210,104,4,1,1,1.0484967816721031
development_oof,x10,10,rbf_svc,221,9,4,1,1,1.1341639123131164
development_oof,x10,10,rbf_svc,236,416,4,1,0,-1.020037556933197
development_oof,x10,10,rbf_svc,258,35,4,0,0,-0.9458160489526051
development_oof,x10,10,rbf_svc,277,102,4,1,0,-0.9611793223765426
development_oof,x10,10,rbf_svc,294,122,4,0,0,-1.0524664607389989
development_oof,x10,10,rbf_svc,304,24,4,1,0,-0.9803860556372521
development_oof,x10,10,rbf_svc,310,401,4,0,0,-1.0236708897286722
development_oof,x10,10,rbf_svc,311,400,4,1,0,-0.9465501458354231
development_oof,x10,10,rbf_svc,322,15,4,0,0,-0.6966403174341029
development_oof,x10,10,rbf_svc,335,15,4,0,0,-0.8838942117518132
development_oof,x10,10,rbf_svc,337,15,4,0,0,-1.012903739754915
development_oof,x10,10,rbf_svc,355,15,4,0,0,-1.030672616998302
development_oof,x10,10,rbf_svc,358,389,4,0,0,-0.6409543234236068
development_oof,x10,10,rbf_svc,371,161,4,0,0,-1.0163420318688607
development_oof,x10,10,rbf_svc,379,24,4,0,0,-1.023317547629901
development_oof,x10,10,rbf_svc,382,384,4,0,0,-0.8968763369248844
development_oof,x10,10,rbf_svc,384,69,4,0,0,-0.7553011932661298
development_oof,x10,10,rbf_svc,386,4,4,1,0,-0.8095218126353649
development_oof,x10,10,rbf_svc,392,4,4,1,1,0.03409182792828269
development_oof,x10,10,rbf_svc,393,0,4,0,0,-0.8997477405146856
development_oof,x10,10,rbf_svc,400,28,4,0,0,-0.9003917635157503
development_oof,x10,10,rbf_svc,401,4,4,1,0,-0.7936242249285053
development_oof,x10,10,rbf_svc,404,35,4,0,0,-1.036249300443106
development_oof,x10,10,rbf_svc,405,379,4,0,0,-0.8292287808000791
development_oof,x10,10,rbf_svc,407,160,4,0,0,-1.0634507993529192
development_oof,x10,10,rbf_svc,409,4,4,1,0,-0.4913361690212157
development_oof,x10,10,rbf_svc,423,50,4,0,0,-0.8766171850248823
development_oof,x10,10,rbf_svc,430,4,4,1,0,-0.8035339157069927
development_oof,x10,10,rbf_svc,434,97,4,1,1,1.058763832989105
development_oof,x10,10,rbf_svc,446,4,4,1,0,-0.7540782546854243
development_oof,x10,10,rbf_svc,454,104,4,1,1,0.9808753148205357
development_oof,x10,10,rbf_svc,455,93,4,1,0,-0.2228038189617204
development_oof,x10,10,rbf_svc,462,15,4,0,0,-0.9946230764264039
development_oof,x10,10,rbf_svc,464,4,4,1,0,-0.644773881641592
development_oof,x10,10,rbf_svc,465,4,4,1,0,-0.5283659970350263
development_oof,x10,10,rbf_svc,466,0,4,0,0,-0.9350780827284819
development_oof,x10,10,rbf_svc,470,0,4,0,0,-0.9092697752930889
development_oof,x10,10,rbf_svc,480,367,4,0,0,-0.8950917915350931
development_oof,x10,10,rbf_svc,481,4,4,1,0,-0.6802859189961457
development_oof,x10,10,rbf_svc,484,365,4,0,0,-0.9963186558123167
development_oof,x10,10,rbf_svc,495,0,4,0,0,-0.8793851129409085
development_oof,x10,10,rbf_svc,498,54,4,0,0,-0.9363948530549362
development_oof,x10,10,rbf_svc,499,15,4,0,0,-0.9707472646694144
development_oof,x10,10,rbf_svc,500,28,4,0,0,-0.7544911609243512
development_oof,x10,10,rbf_svc,501,72,4,0,0,-1.0212840735833615
development_oof,x10,10,rbf_svc,503,93,4,1,0,-0.18619010679937686
development_oof,x10,10,rbf_svc,506,0,4,0,0,-0.96584713710459
development_oof,x10,10,rbf_svc,517,0,4,0,0,-0.8897388926361709
development_oof,x10,10,rbf_svc,519,53,4,0,0,-1.0618043142570959
development_oof,x10,10,rbf_svc,520,53,4,0,0,-1.0531712648685418
development_oof,x10,10,rbf_svc,524,0,4,0,0,-0.8861164891756126
development_oof,x10,10,rbf_svc,525,15,4,0,0,-0.9462831818211994
development_oof,x10,10,rbf_svc,527,0,4,0,0,-0.8896162730249795
development_oof,x10,10,rbf_svc,528,359,4,0,0,-1.055270139713257
development_oof,x10,10,rbf_svc,529,0,4,0,0,-0.9314683016296554
development_oof,x10,10,rbf_svc,542,35,4,1,0,-0.9581842282475208
development_oof,x10,10,rbf_svc,543,0,4,0,0,-0.9753836527222013
development_oof,x10,10,rbf_svc,545,136,4,1,0,-0.9391181884311124
development_oof,x10,10,rbf_svc,553,0,4,0,0,-0.8874884419508768
development_oof,x10,10,rbf_svc,559,351,4,0,0,-0.9461800971705874
development_oof,x10,10,rbf_svc,560,0,4,0,0,-0.8829641132682056
development_oof,x10,10,rbf_svc,568,0,4,0,0,-0.8331096302454049
development_oof,x10,10,rbf_svc,570,0,4,1,0,-0.7499824231752348
development_oof,x10,10,rbf_svc,572,0,4,1,0,-0.8882931523851523
development_oof,x10,10,rbf_svc,577,44,4,0,0,-0.9417535735441958
development_oof,x10,10,rbf_svc,581,347,4,0,0,-1.0243709132476166
development_oof,x10,10,rbf_svc,582,44,4,0,0,-0.9906367884614176
development_oof,x10,10,rbf_svc,583,69,4,0,0,-0.8901909498908991
development_oof,x10,10,rbf_svc,588,344,4,0,0,-0.833264396762941
development_oof,x10,10,rbf_svc,592,0,4,1,0,-0.8719076328419948
development_oof,x10,10,rbf_svc,595,35,4,0,0,-0.9993391872272583
development_oof,x10,10,rbf_svc,600,151,4,0,0,-0.9742939035883971
development_oof,x10,10,rbf_svc,602,338,4,0,0,-1.025492479092968
development_oof,x10,10,rbf_svc,604,0,4,0,0,-0.7932186463932127
development_oof,x10,10,rbf_svc,605,0,4,0,0,-0.8917546721938365
development_oof,x10,10,rbf_svc,607,0,4,1,0,-0.8551089964945715
development_oof,x10,10,rbf_svc,608,0,4,0,0,-0.810963970096249
development_oof,x10,10,rbf_svc,610,0,4,0,0,-0.9891059288137289
development_oof,x10,10,rbf_svc,611,0,4,0,0,-0.8763338534112708
development_oof,x10,10,rbf_svc,613,85,4,0,0,-0.8230369569961176
development_oof,x10,10,rbf_svc,615,0,4,0,0,-0.8848021661124517
development_oof,x10,10,rbf_svc,627,335,4,0,0,-0.9740509218401876
development_oof,x10,10,rbf_svc,633,0,4,0,0,-0.9851263196573412
development_oof,x10,10,rbf_svc,646,0,4,0,0,-0.7399893176133021
development_oof,x10,10,rbf_svc,647,0,4,0,0,-0.8587198831042893
development_oof,x10,10,rbf_svc,648,329,4,0,0,-0.961812786006631
development_oof,x10,10,rbf_svc,657,4,4,1,0,-0.45418747621097366
development_oof,x10,10,rbf_svc,662,0,4,0,0,-0.8514945892004995
development_oof,x10,10,rbf_svc,665,69,4,1,0,-0.7773977412859945
development_oof,x10,10,rbf_svc,666,44,4,0,0,-1.0092002531516127
development_oof,x10,10,rbf_svc,667,0,4,0,0,-0.9154482995171256
development_oof,x10,10,rbf_svc,671,321,4,1,0,-0.9201836081845227
development_oof,x10,10,rbf_svc,674,4,4,0,0,-0.6241465547316252
development_oof,x10,10,rbf_svc,683,142,4,0,0,-0.5143969456971991
development_oof,x10,10,rbf_svc,691,142,4,0,0,-0.9083960037239713
development_oof,x10,10,rbf_svc,692,0,4,0,0,-0.8561134090821125
development_oof,x10,10,rbf_svc,693,0,4,0,0,-0.8912620280106605
development_oof,x10,10,rbf_svc,699,0,4,0,0,-0.9342431707807946
development_oof,x10,10,rbf_svc,701,0,4,1,0,-0.7450637757555543
development_oof,x10,10,rbf_svc,704,313,4,0,0,-0.7754544758559507
development_oof,x10,10,rbf_svc,706,0,4,0,0,-0.8743838136776676
development_oof,x10,10,rbf_svc,715,4,4,1,0,-0.8082489392358261
development_oof,x10,10,rbf_svc,729,0,4,0,0,-0.9823555660656464
development_oof,x10,10,rbf_svc,731,60,4,0,0,-0.9909390256292616
development_oof,x10,10,rbf_svc,735,132,4,0,0,-0.7831689045207166
development_oof,x10,10,rbf_svc,737,85,4,1,0,-0.9040731395434787
development_oof,x10,10,rbf_svc,738,136,4,1,0,-0.9344980752261107
development_oof,x10,10,rbf_svc,740,44,4,0,0,-0.9803788926634442
development_oof,x10,10,rbf_svc,742,305,4,0,0,-1.0006640226968724
development_oof,x10,10,rbf_svc,745,0,4,0,0,-0.8377239123099058
development_oof,x10,10,rbf_svc,753,85,4,0,0,-0.9922439988841711
development_oof,x10,10,rbf_svc,761,44,4,0,0,-0.8457622059086161
development_oof,x10,10,rbf_svc,776,298,4,0,0,-0.9505568201076684
development_oof,x10,10,rbf_svc,794,0,4,0,0,-0.6899536367636421
development_oof,x10,10,rbf_svc,796,35,4,0,0,-0.9731387706536978
development_oof,x10,10,rbf_svc,800,132,4,0,0,-0.9140287295301552
development_oof,x10,10,rbf_svc,803,289,4,0,0,-0.949873694872283
development_oof,x10,10,rbf_svc,818,283,4,0,0,-1.0308644250516406
development_oof,x10,10,rbf_svc,822,35,4,0,0,-0.9274184533022449
development_oof,x10,10,rbf_svc,839,82,4,0,0,-1.0506852734230725
development_oof,x10,10,rbf_svc,844,276,4,0,0,-0.9013609204170581
development_oof,x10,10,rbf_svc,855,270,4,0,0,-0.8018181165973921
development_oof,x10,10,rbf_svc,865,263,4,0,0,-0.9136471539471851
development_oof,x10,10,rbf_svc,867,60,4,0,0,-0.7063870876463267
development_oof,x10,10,rbf_svc,885,256,4,0,0,-0.8996530918131278
development_oof,x10,10,rbf_svc,888,254,4,1,0,-0.996140432981274
development_oof,x10,10,rbf_svc,891,125,4,0,0,-0.8399821969735233
development_oof,x10,10,rbf_svc,902,122,4,1,0,-1.0840937443056922
development_oof,x10,10,rbf_svc,907,246,4,0,0,-1.0137249136535715
development_oof,x10,10,rbf_svc,918,242,4,0,0,-0.9514788429118441
development_oof,x10,10,rbf_svc,931,234,4,0,0,-0.9463612128151782
development_oof,x10,10,rbf_svc,949,224,4,0,0,-1.0001696748356577
development_oof,x10,10,rbf_svc,954,4,4,1,0,-0.21756615084474618
development_oof,x10,10,rbf_svc,968,214,4,1,0,-0.6352976035390623
development_oof,x10,10,rbf_svc,980,207,4,0,0,-1.017157832794383
development_oof,x10,10,rbf_svc,981,206,4,0,0,-0.9150283999301163
development_oof,x10,10,rbf_svc,984,204,4,1,0,-0.7704708621489977
development_oof,x10,10,rbf_svc,991,0,4,0,0,-0.8862740859694049
development_oof,x10,10,rbf_svc,993,69,4,0,0,-0.683575669763091
development_oof,x10,10,rbf_svc,995,112,4,0,0,-0.9588266709839817
development_oof,x10,10,rbf_svc,1016,190,4,1,0,-0.9563953944365864
development_oof,x10,10,rbf_svc,1024,4,4,1,0,-0.5763125245616074
development_oof,x10,10,rbf_svc,1031,181,4,0,0,-0.22054115397869378
development_oof,x10,10,rbf_svc,1033,179,4,0,0,-0.8467303370672297
development_oof,x10,10,rbf_svc,5,31,5,1,1,1.2219452599216305
development_oof,x10,10,rbf_svc,6,61,5,0,0,-0.8857770070178586
development_oof,x10,10,rbf_svc,15,458,5,1,1,1.039352929050733
development_oof,x10,10,rbf_svc,23,11,5,0,0,-0.11227405473825125
development_oof,x10,10,rbf_svc,26,11,5,0,0,-0.7533456238993692
development_oof,x10,10,rbf_svc,41,451,5,0,0,-1.2132920036536012
development_oof,x10,10,rbf_svc,46,18,5,0,1,1.1360948685555157
development_oof,x10,10,rbf_svc,49,11,5,0,0,-0.9997005497384397
development_oof,x10,10,rbf_svc,52,448,5,0,0,-1.1946412198546172
development_oof,x10,10,rbf_svc,57,61,5,0,0,-0.8812425402444861
development_oof,x10,10,rbf_svc,58,11,5,0,0,-0.9303462999829557
development_oof,x10,10,rbf_svc,59,11,5,0,0,-0.329415046957535
development_oof,x10,10,rbf_svc,76,11,5,0,1,1.3385006888666633
development_oof,x10,10,rbf_svc,79,175,5,1,0,-0.27395120937342887
development_oof,x10,10,rbf_svc,85,17,5,1,1,1.0143495533134097
development_oof,x10,10,rbf_svc,96,18,5,1,1,1.3192813196243256
development_oof,x10,10,rbf_svc,98,438,5,0,0,-0.832465008784401
development_oof,x10,10,rbf_svc,100,31,5,1,1,1.0312702445702993
development_oof,x10,10,rbf_svc,105,437,5,1,0,-0.48867936989969674
development_oof,x10,10,rbf_svc,106,18,5,1,1,1.1932192957415781
development_oof,x10,10,rbf_svc,111,106,5,0,0,-0.3712488654633499
development_oof,x10,10,rbf_svc,116,434,5,0,1,0.33970037650012297
development_oof,x10,10,rbf_svc,130,171,5,0,0,-0.4772430114467301
development_oof,x10,10,rbf_svc,132,18,5,1,1,1.1863085257556933
development_oof,x10,10,rbf_svc,141,106,5,0,0,-1.038778699602774
development_oof,x10,10,rbf_svc,149,106,5,0,0,-0.6096833798103585
development_oof,x10,10,rbf_svc,150,55,5,1,1,1.0393691285671087
development_oof,x10,10,rbf_svc,152,429,5,0,0,-0.6262694383032568
development_oof,x10,10,rbf_svc,161,427,5,0,0,-0.16448877851285726
development_oof,x10,10,rbf_svc,163,18,5,1,1,2.8367239585166955
development_oof,x10,10,rbf_svc,165,17,5,1,1,1.220373143596639
development_oof,x10,10,rbf_svc,167,18,5,1,1,1.1964513352444988
development_oof,x10,10,rbf_svc,172,423,5,0,1,1.1965743270765405
development_oof,x10,10,rbf_svc,179,11,5,0,0,-0.1367003232856998
development_oof,x10,10,rbf_svc,182,31,5,1,1,0.9646478182350597
development_oof,x10,10,rbf_svc,186,18,5,1,1,1.2393760159380935
development_oof,x10,10,rbf_svc,195,31,5,1,1,1.1328814741043591
development_oof,x10,10,rbf_svc,208,31,5,1,1,1.4154706192910735
development_oof,x10,10,rbf_svc,215,61,5,0,0,-0.4181127029787237
development_oof,x10,10,rbf_svc,219,418,5,0,0,-1.1005924971201948
development_oof,x10,10,rbf_svc,223,68,5,0,0,-1.1675137123485426
development_oof,x10,10,rbf_svc,225,55,5,1,0,-0.09599198305572543
development_oof,x10,10,rbf_svc,231,417,5,0,0,-1.2210557157777935
development_oof,x10,10,rbf_svc,233,17,5,1,1,0.9472610452464689
development_oof,x10,10,rbf_svc,255,410,5,0,0,-0.9775588048827466
development_oof,x10,10,rbf_svc,256,18,5,1,1,1.0796460265422014
development_oof,x10,10,rbf_svc,259,409,5,0,0,-0.5678091119382229
development_oof,x10,10,rbf_svc,261,25,5,1,0,-0.9916840560623517
development_oof,x10,10,rbf_svc,273,25,5,1,0,-0.9439858418231133
development_oof,x10,10,rbf_svc,276,17,5,1,1,1.368110067414418
development_oof,x10,10,rbf_svc,297,163,5,0,0,-0.9072579023024956
development_oof,x10,10,rbf_svc,298,405,5,0,0,-1.1777096452864566
development_oof,x10,10,rbf_svc,316,100,5,0,0,-0.952697091540297
development_oof,x10,10,rbf_svc,319,163,5,0,0,-1.0576522022653976
development_oof,x10,10,rbf_svc,326,157,5,1,0,-0.09410670720288472
development_oof,x10,10,rbf_svc,330,76,5,1,0,-1.1397592744259122
development_oof,x10,10,rbf_svc,334,394,5,0,0,-0.8821119467529266
development_oof,x10,10,rbf_svc,336,55,5,1,1,1.080028571640855
development_oof,x10,10,rbf_svc,338,17,5,1,1,1.1160286784293802
development_oof,x10,10,rbf_svc,339,11,5,0,1,1.1115770193466439
development_oof,x10,10,rbf_svc,340,393,5,0,0,-0.9513549765626357
development_oof,x10,10,rbf_svc,343,17,5,1,1,1.0997869544755297
development_oof,x10,10,rbf_svc,347,17,5,1,1,1.2254026465354675
development_oof,x10,10,rbf_svc,351,100,5,1,0,-0.8847099022111198
development_oof,x10,10,rbf_svc,357,37,5,1,1,1.223920179948525
development_oof,x10,10,rbf_svc,364,25,5,1,0,-0.859560588759708
development_oof,x10,10,rbf_svc,372,17,5,1,1,1.2118192783410444
development_oof,x10,10,rbf_svc,377,386,5,0,0,-0.8868254865551435
development_oof,x10,10,rbf_svc,381,76,5,0,0,-1.0321461974180297
development_oof,x10,10,rbf_svc,397,11,5,0,0,-0.8342500426971446
development_oof,x10,10,rbf_svc,402,380,5,0,0,-1.1717643882733182
development_oof,x10,10,rbf_svc,435,374,5,0,0,-0.9257184875675863
development_oof,x10,10,rbf_svc,436,25,5,1,0,-0.29845057348812243
development_oof,x10,10,rbf_svc,458,18,5,0,1,1.261407972363215
development_oof,x10,10,rbf_svc,459,25,5,1,0,-0.9892901533828551
development_oof,x10,10,rbf_svc,468,370,5,0,0,-1.0837220180548457
development_oof,x10,10,rbf_svc,479,368,5,0,0,-0.8195709052828726
development_oof,x10,10,rbf_svc,486,157,5,0,0,-1.1358960948693764
development_oof,x10,10,rbf_svc,494,94,5,0,0,-0.6632972692588759
development_oof,x10,10,rbf_svc,533,71,5,0,0,-0.4556505798184749
development_oof,x10,10,rbf_svc,536,71,5,0,0,-0.6315653965213699
development_oof,x10,10,rbf_svc,549,355,5,0,0,-0.5910301450286097
development_oof,x10,10,rbf_svc,555,352,5,1,1,1.395751079383973
development_oof,x10,10,rbf_svc,557,66,5,0,0,-0.3044371063437217
development_oof,x10,10,rbf_svc,563,71,5,0,0,-0.41503193543153105
development_oof,x10,10,rbf_svc,575,115,5,0,0,-0.20283475075071378
development_oof,x10,10,rbf_svc,579,114,5,1,0,-0.8380487972662383
development_oof,x10,10,rbf_svc,585,31,5,1,1,1.4534447320198924
development_oof,x10,10,rbf_svc,587,345,5,0,1,0.1850196454501265
development_oof,x10,10,rbf_svc,601,339,5,0,0,-1.228454736123602
development_oof,x10,10,rbf_svc,612,87,5,0,0,-1.0147948725958826
development_oof,x10,10,rbf_svc,620,68,5,0,0,-1.2662827610492793
development_oof,x10,10,rbf_svc,634,17,5,1,1,1.215088029954501
development_oof,x10,10,rbf_svc,635,68,5,1,0,-1.0164761849117776
development_oof,x10,10,rbf_svc,640,146,5,0,0,-0.8686966478678915
development_oof,x10,10,rbf_svc,641,66,5,0,0,-0.8552112629324935
development_oof,x10,10,rbf_svc,643,330,5,0,0,-1.1312008989104332
development_oof,x10,10,rbf_svc,645,146,5,0,0,-1.1931534798967969
development_oof,x10,10,rbf_svc,656,326,5,0,0,-0.48325383161478475
development_oof,x10,10,rbf_svc,664,116,5,0,0,-0.9465223908598352
development_oof,x10,10,rbf_svc,675,71,5,0,0,-0.27493410601117874
development_oof,x10,10,rbf_svc,682,317,5,0,0,-0.8519449213314176
development_oof,x10,10,rbf_svc,688,143,5,0,0,-0.7297555754771825
development_oof,x10,10,rbf_svc,698,314,5,0,0,-0.611867635614064
development_oof,x10,10,rbf_svc,711,45,5,0,0,-0.5210631755423871
development_oof,x10,10,rbf_svc,723,25,5,0,0,-0.8247809590539517
development_oof,x10,10,rbf_svc,725,45,5,1,0,-0.4650805364110593
development_oof,x10,10,rbf_svc,726,31,5,1,1,1.1631358695653806
development_oof,x10,10,rbf_svc,732,45,5,0,0,-0.5427328123736093
development_oof,x10,10,rbf_svc,736,137,5,0,0,-0.1322607438184551
development_oof,x10,10,rbf_svc,741,306,5,0,0,-1.2418356057789153
development_oof,x10,10,rbf_svc,744,87,5,0,0,-1.2220711196198624
development_oof,x10,10,rbf_svc,749,11,5,0,0,-0.7691990693328299
development_oof,x10,10,rbf_svc,799,45,5,0,0,-0.17639604823549027
development_oof,x10,10,rbf_svc,802,131,5,0,0,-0.8559151276500965
development_oof,x10,10,rbf_svc,816,284,5,0,0,-0.2247621793499086
development_oof,x10,10,rbf_svc,837,278,5,0,0,-0.7511089531512865
development_oof,x10,10,rbf_svc,845,11,5,0,0,-0.8055038421504659
development_oof,x10,10,rbf_svc,857,268,5,0,0,-0.8517477462105483
development_oof,x10,10,rbf_svc,858,61,5,0,0,-0.4187280606064976
development_oof,x10,10,rbf_svc,860,266,5,0,0,-0.6085834259552423
development_oof,x10,10,rbf_svc,870,260,5,0,0,-1.0822915797811403
development_oof,x10,10,rbf_svc,900,249,5,0,0,-0.8486608325483076
development_oof,x10,10,rbf_svc,906,247,5,0,0,-1.0539117510313287
development_oof,x10,10,rbf_svc,915,25,5,1,0,-0.957095118427308
development_oof,x10,10,rbf_svc,926,238,5,1,0,-1.0896252427768112
development_oof,x10,10,rbf_svc,939,229,5,1,0,-0.08464818817892317
development_oof,x10,10,rbf_svc,948,225,5,1,0,-0.14922189720207468
development_oof,x10,10,rbf_svc,958,220,5,0,0,-1.3822089970232183
development_oof,x10,10,rbf_svc,960,116,5,0,0,-0.8569400814646462
development_oof,x10,10,rbf_svc,969,115,5,0,0,-0.043755742449737234
development_oof,x10,10,rbf_svc,971,212,5,1,1,0.17529086939652894
development_oof,x10,10,rbf_svc,972,211,5,0,0,-1.0125388132932962
development_oof,x10,10,rbf_svc,974,45,5,0,0,-0.36876281231581554
development_oof,x10,10,rbf_svc,975,66,5,0,0,-0.8628126929247737
development_oof,x10,10,rbf_svc,979,114,5,0,0,-1.0776429919684418
development_oof,x10,10,rbf_svc,990,201,5,0,0,-0.5269135131686786
development_oof,x10,10,rbf_svc,1008,76,5,0,0,-1.1142351800275712
development_oof,x10,10,rbf_svc,1010,194,5,0,0,-0.0663181224381113
development_oof,x10,10,rbf_svc,1015,191,5,1,0,-0.9965752156202303
development_oof,x10,10,rbf_svc,1027,185,5,1,1,1.5476475266832226
development_oof,x10,10,rbf_svc,1032,180,5,0,0,-0.2593195433637432
development_oof,x10,10,random_forest,3,108,1,0,0,0.060406269389341884
development_oof,x10,10,random_forest,13,109,1,1,1,0.9236340676926166
development_oof,x10,10,random_forest,22,456,1,0,0,0.24640484614904035
development_oof,x10,10,random_forest,24,455,1,0,0,0.3942992573809494
development_oof,x10,10,random_forest,25,12,1,1,0,0.34616326684962007
development_oof,x10,10,random_forest,35,108,1,0,0,0.10420475647716018
development_oof,x10,10,random_forest,43,6,1,0,0,0.09941981185202924
development_oof,x10,10,random_forest,53,447,1,0,0,0.29659991161232
development_oof,x10,10,random_forest,65,168,1,1,1,0.9699552482894
development_oof,x10,10,random_forest,68,445,1,1,0,0.26630646613093334
development_oof,x10,10,random_forest,70,166,1,0,0,0.1719019515828987
development_oof,x10,10,random_forest,72,12,1,1,0,0.38580808480617435
development_oof,x10,10,random_forest,75,108,1,0,0,0.19942443565291107
development_oof,x10,10,random_forest,88,12,1,0,0,0.21828277180973857
development_oof,x10,10,random_forest,89,6,1,0,0,0.09596673153788468
development_oof,x10,10,random_forest,110,41,1,0,0,0.2697407797712435
development_oof,x10,10,random_forest,129,58,1,1,1,0.5177781294882144
development_oof,x10,10,random_forest,133,432,1,1,1,0.8139430739367061
development_oof,x10,10,random_forest,144,41,1,0,0,0.20599760482490567
development_oof,x10,10,random_forest,153,41,1,0,0,0.41759173297516816
development_oof,x10,10,random_forest,155,41,1,0,0,0.2536758067500442
development_oof,x10,10,random_forest,168,424,1,0,0,0.12295630297572056
development_oof,x10,10,random_forest,171,41,1,1,0,0.4167458220121373
development_oof,x10,10,random_forest,197,168,1,1,1,0.9934178169523784
development_oof,x10,10,random_forest,205,41,1,0,0,0.3571457722183712
development_oof,x10,10,random_forest,209,420,1,1,1,0.8981792784773904
development_oof,x10,10,random_forest,232,6,1,0,0,0.09197184507311412
development_oof,x10,10,random_forest,237,117,1,0,0,0.11212107405970466
development_oof,x10,10,random_forest,243,414,1,0,0,0.21727143282555242
development_oof,x10,10,random_forest,250,166,1,0,0,0.21852110174418404
development_oof,x10,10,random_forest,270,12,1,1,0,0.3706017049854262
development_oof,x10,10,random_forest,272,19,1,0,0,0.11531503793895698
development_oof,x10,10,random_forest,282,406,1,1,1,0.8518415606696056
development_oof,x10,10,random_forest,289,6,1,0,0,0.22750550148927937
development_oof,x10,10,random_forest,303,12,1,1,0,0.45954583611946426
development_oof,x10,10,random_forest,305,402,1,0,0,0.15872402510615757
development_oof,x10,10,random_forest,306,101,1,1,0,0.1037181639158673
development_oof,x10,10,random_forest,307,12,1,1,0,0.37655220702150466
development_oof,x10,10,random_forest,314,398,1,0,0,0.25352474811980186
development_oof,x10,10,random_forest,318,127,1,1,0,0.29032217034051666
development_oof,x10,10,random_forest,328,395,1,1,0,0.3829269413019818
development_oof,x10,10,random_forest,345,73,1,0,1,0.9337684151843604
development_oof,x10,10,random_forest,346,12,1,1,0,0.3361172114136762
development_oof,x10,10,random_forest,350,12,1,0,0,0.16492897819247518
development_oof,x10,10,random_forest,362,36,1,0,0,0.15665177238604613
development_oof,x10,10,random_forest,366,79,1,1,0,0.19346679509236422
development_oof,x10,10,random_forest,367,79,1,1,0,0.2753482317163302
development_oof,x10,10,random_forest,368,387,1,0,0,0.2771423616369059
development_oof,x10,10,random_forest,383,12,1,1,0,0.3325872548091411
development_oof,x10,10,random_forest,390,381,1,0,0,0.4397697854771499
development_oof,x10,10,random_forest,411,6,1,0,0,0.14884851428779272
development_oof,x10,10,random_forest,415,12,1,1,0,0.4424453339471123
development_oof,x10,10,random_forest,418,6,1,0,0,0.11637807458696531
development_oof,x10,10,random_forest,427,6,1,0,0,0.34011064709267813
development_oof,x10,10,random_forest,432,375,1,0,0,0.2136274418820247
development_oof,x10,10,random_forest,433,58,1,1,1,0.5152177255979288
development_oof,x10,10,random_forest,445,95,1,0,0,0.17530614978139125
development_oof,x10,10,random_forest,452,73,1,1,1,0.9130736551661721
development_oof,x10,10,random_forest,467,6,1,0,0,0.19914813684204832
development_oof,x10,10,random_forest,476,95,1,0,0,0.4320508379925945
development_oof,x10,10,random_forest,478,6,1,0,0,0.19731624088619595
development_oof,x10,10,random_forest,488,26,1,1,0,0.10945277330259448
development_oof,x10,10,random_forest,507,26,1,0,0,0.08232586087275424
development_oof,x10,10,random_forest,509,362,1,0,0,0.2656622746806266
development_oof,x10,10,random_forest,512,361,1,0,0,0.2588988994327123
development_oof,x10,10,random_forest,521,26,1,0,0,0.1574006060944777
development_oof,x10,10,random_forest,530,358,1,1,0,0.22983726476985594
development_oof,x10,10,random_forest,531,6,1,0,0,0.2651482567848781
development_oof,x10,10,random_forest,532,26,1,0,0,0.19891764438668016
development_oof,x10,10,random_forest,534,26,1,0,0,0.14575202489786462
development_oof,x10,10,random_forest,552,6,1,0,0,0.14654969700021928
development_oof,x10,10,random_forest,564,47,1,1,0,0.18592368770971543
development_oof,x10,10,random_forest,573,350,1,0,1,0.5195507188842009
development_oof,x10,10,random_forest,576,349,1,0,0,0.2997872299215622
development_oof,x10,10,random_forest,578,26,1,0,0,0.09486216196073627
development_oof,x10,10,random_forest,590,152,1,0,0,0.21230461042383095
development_oof,x10,10,random_forest,591,343,1,0,0,0.3870395274341876
development_oof,x10,10,random_forest,630,67,1,0,0,0.230950035869658
development_oof,x10,10,random_forest,637,47,1,1,0,0.13540956087319533
development_oof,x10,10,random_forest,639,332,1,0,1,0.5503485815312773
development_oof,x10,10,random_forest,642,331,1,0,0,0.33268185543755013
development_oof,x10,10,random_forest,644,47,1,1,0,0.1780658394366088
development_oof,x10,10,random_forest,650,88,1,0,0,0.30823997613171344
development_oof,x10,10,random_forest,651,67,1,0,0,0.19571388481446553
development_oof,x10,10,random_forest,654,327,1,0,0,0.27577991137585256
development_oof,x10,10,random_forest,673,320,1,0,0,0.12942438284367316
development_oof,x10,10,random_forest,676,6,1,0,0,0.13164171050641216
development_oof,x10,10,random_forest,679,6,1,0,0,0.2346091116109478
development_oof,x10,10,random_forest,680,145,1,0,1,0.5054044789250138
development_oof,x10,10,random_forest,695,47,1,1,0,0.07964144165497032
development_oof,x10,10,random_forest,708,310,1,0,1,0.6304171576324186
development_oof,x10,10,random_forest,709,88,1,0,0,0.21277213866468123
development_oof,x10,10,random_forest,713,139,1,0,0,0.30150120943785036
development_oof,x10,10,random_forest,721,139,1,1,0,0.3442752289495686
development_oof,x10,10,random_forest,722,307,1,0,0,0.3846335465928943
development_oof,x10,10,random_forest,727,32,1,0,0,0.3876796357386446
development_oof,x10,10,random_forest,734,12,1,1,0,0.2354525757476146
development_oof,x10,10,random_forest,748,64,1,0,1,0.686432764686768
development_oof,x10,10,random_forest,763,301,1,0,0,0.09320922373017948
development_oof,x10,10,random_forest,771,43,1,0,0,0.3104706135973649
development_oof,x10,10,random_forest,773,58,1,1,1,0.5704618560542591
development_oof,x10,10,random_forest,775,134,1,0,1,0.7646675027718046
development_oof,x10,10,random_forest,779,43,1,0,1,0.7133108804552855
development_oof,x10,10,random_forest,782,43,1,0,0,0.4218886891212475
development_oof,x10,10,random_forest,783,296,1,0,0,0.275869672241476
development_oof,x10,10,random_forest,784,43,1,1,0,0.3081288550598258
development_oof,x10,10,random_forest,788,295,1,1,0,0.36575434030965376
development_oof,x10,10,random_forest,795,110,1,1,1,0.6393008016678743
development_oof,x10,10,random_forest,797,43,1,0,0,0.4079945449796405
development_oof,x10,10,random_forest,812,285,1,0,1,0.6238799794883196
development_oof,x10,10,random_forest,814,88,1,0,0,0.19004545923134325
development_oof,x10,10,random_forest,836,279,1,1,0,0.11192546015954813
development_oof,x10,10,random_forest,853,272,1,0,0,0.4383344038143135
development_oof,x10,10,random_forest,868,261,1,0,0,0.28949969086858146
development_oof,x10,10,random_forest,886,255,1,0,0,0.2833730358948383
development_oof,x10,10,random_forest,889,127,1,0,0,0.2750879883726958
development_oof,x10,10,random_forest,892,26,1,0,0,0.11966797907094572
development_oof,x10,10,random_forest,903,248,1,0,0,0.3156225988323307
development_oof,x10,10,random_forest,909,245,1,0,0,0.18786352366756495
development_oof,x10,10,random_forest,912,19,1,0,0,0.29436551458479593
development_oof,x10,10,random_forest,924,239,1,0,0,0.2532785363756435
development_oof,x10,10,random_forest,929,67,1,0,0,0.2643479293542391
development_oof,x10,10,random_forest,937,230,1,0,0,0.042818487050301404
development_oof,x10,10,random_forest,938,79,1,0,0,0.2459720118508271
development_oof,x10,10,random_forest,944,58,1,1,1,0.532518915314434
development_oof,x10,10,random_forest,956,222,1,0,1,0.7389249465002669
development_oof,x10,10,random_forest,959,117,1,0,0,0.12494690042018819
development_oof,x10,10,random_forest,961,219,1,0,0,0.28644664939842124
development_oof,x10,10,random_forest,970,213,1,0,0,0.2829728754988616
development_oof,x10,10,random_forest,983,205,1,1,0,0.2924504369575892
development_oof,x10,10,random_forest,989,47,1,0,0,0.25371576253185546
development_oof,x10,10,random_forest,992,200,1,0,0,0.12535063359946852
development_oof,x10,10,random_forest,997,6,1,0,0,0.32922202828356756
development_oof,x10,10,random_forest,1007,195,1,0,0,0.2663595775919436
development_oof,x10,10,random_forest,1011,110,1,1,1,0.6654890226036737
development_oof,x10,10,random_forest,1023,187,1,0,0,0.450910161542241
development_oof,x10,10,random_forest,1034,178,1,0,0,0.16559499175236525
development_oof,x10,10,random_forest,2,460,2,0,0,0.3551129429417167
development_oof,x10,10,random_forest,8,107,2,0,0,0.3246291410401186
development_oof,x10,10,random_forest,18,56,2,1,1,0.9549618199339456
development_oof,x10,10,random_forest,33,452,2,0,0,0.06471418793283198
development_oof,x10,10,random_forest,34,23,2,0,0,0.19680319293389234
development_oof,x10,10,random_forest,37,177,2,0,0,0.04576071675606275
development_oof,x10,10,random_forest,50,40,2,1,1,0.9190702913602875
development_oof,x10,10,random_forest,51,75,2,1,0,0.4955781065127249
development_oof,x10,10,random_forest,55,107,2,0,0,0.047564844751410096
development_oof,x10,10,random_forest,67,446,2,0,0,0.16120392745260134
development_oof,x10,10,random_forest,81,441,2,0,0,0.46189787899032864
development_oof,x10,10,random_forest,97,30,2,1,0,0.40869168750402796
development_oof,x10,10,random_forest,108,436,2,0,0,0.14831725326393394
development_oof,x10,10,random_forest,114,173,2,0,0,0.17841060591891222
development_oof,x10,10,random_forest,115,2,2,1,0,0.1944399112987627
development_oof,x10,10,random_forest,118,172,2,0,1,0.5290208922296156
development_oof,x10,10,random_forest,140,40,2,0,1,0.6878528791938524
development_oof,x10,10,random_forest,166,425,2,0,0,0.4112695958980127
development_oof,x10,10,random_forest,177,40,2,1,1,0.8083194646837399
development_oof,x10,10,random_forest,216,167,2,1,0,0.29402873033656796
development_oof,x10,10,random_forest,229,30,2,1,1,0.518806858278434
development_oof,x10,10,random_forest,235,30,2,1,0,0.49529062745909763
development_oof,x10,10,random_forest,240,167,2,1,1,0.5906745007621206
development_oof,x10,10,random_forest,241,23,2,0,0,0.1881446195887885
development_oof,x10,10,random_forest,246,56,2,1,1,0.8995435619195202
development_oof,x10,10,random_forest,249,124,2,0,0,0.3721814818316452
development_oof,x10,10,random_forest,251,30,2,1,0,0.367250967132482
development_oof,x10,10,random_forest,253,412,2,0,0,0.3873695085253827
development_oof,x10,10,random_forest,254,411,2,1,0,0.41170232663914297
development_oof,x10,10,random_forest,262,98,2,1,1,0.7129634675372061
development_oof,x10,10,random_forest,265,75,2,0,0,0.3129835540313968
development_oof,x10,10,random_forest,275,56,2,1,1,0.9346107385748758
development_oof,x10,10,random_forest,281,30,2,1,0,0.46878211372758927
development_oof,x10,10,random_forest,283,56,2,1,1,0.8651915122636249
development_oof,x10,10,random_forest,291,98,2,1,1,0.7029014429892743
development_oof,x10,10,random_forest,301,403,2,0,0,0.31549507525663345
development_oof,x10,10,random_forest,325,396,2,0,0,0.16587518939187795
development_oof,x10,10,random_forest,344,23,2,1,0,0.26781267073430387
development_oof,x10,10,random_forest,359,23,2,0,0,0.16405810351883346
development_oof,x10,10,random_forest,365,388,2,0,0,0.11860709478183648
development_oof,x10,10,random_forest,378,23,2,0,0,0.1719585313409424
development_oof,x10,10,random_forest,389,382,2,0,0,0.2084466435495278
development_oof,x10,10,random_forest,408,98,2,1,1,0.6993810629905242
development_oof,x10,10,random_forest,413,62,2,1,0,0.12693485986005748
development_oof,x10,10,random_forest,425,23,2,0,0,0.202747281855071
development_oof,x10,10,random_forest,426,377,2,0,1,0.9096213882097168
development_oof,x10,10,random_forest,439,156,2,1,0,0.3800115817997509
development_oof,x10,10,random_forest,461,371,2,1,0,0.3737461992777747
development_oof,x10,10,random_forest,487,156,2,0,0,0.3906409868987488
development_oof,x10,10,random_forest,505,81,2,1,0,0.25458399983880414
development_oof,x10,10,random_forest,514,360,2,1,1,0.6272591050383752
development_oof,x10,10,random_forest,515,150,2,0,0,0.41695873460831756
development_oof,x10,10,random_forest,523,2,2,1,0,0.3451279341533628
development_oof,x10,10,random_forest,526,23,2,0,0,0.21548280748283166
development_oof,x10,10,random_forest,541,113,2,0,0,0.11167880335067454
development_oof,x10,10,random_forest,551,353,2,0,1,0.5883728079238669
development_oof,x10,10,random_forest,584,46,2,0,0,0.13914127673053628
development_oof,x10,10,random_forest,586,346,2,0,1,0.7441805288931156
development_oof,x10,10,random_forest,589,153,2,1,1,0.8137711637527251
development_oof,x10,10,random_forest,593,90,2,0,0,0.07109525732838184
development_oof,x10,10,random_forest,598,90,2,0,0,0.08092484912756737
development_oof,x10,10,random_forest,599,340,2,0,0,0.13837792443679778
development_oof,x10,10,random_forest,603,40,2,1,1,0.7516959923053199
development_oof,x10,10,random_forest,609,7,2,0,0,0.24435451089581023
development_oof,x10,10,random_forest,623,150,2,0,0,0.07314705808885298
development_oof,x10,10,random_forest,624,149,2,1,0,0.3047465505520788
development_oof,x10,10,random_forest,636,334,2,1,0,0.18006779668839595
development_oof,x10,10,random_forest,661,90,2,0,0,0.07390953878714634
development_oof,x10,10,random_forest,670,322,2,0,1,0.8029407250858116
development_oof,x10,10,random_forest,677,319,2,0,0,0.13731909789405683
development_oof,x10,10,random_forest,707,311,2,0,0,0.35129831601357175
development_oof,x10,10,random_forest,710,75,2,1,0,0.2939163896672144
development_oof,x10,10,random_forest,716,309,2,0,0,0.3232397721250718
development_oof,x10,10,random_forest,762,302,2,0,0,0.23498091539137828
development_oof,x10,10,random_forest,766,130,2,0,0,0.22409456686123003
development_oof,x10,10,random_forest,777,297,2,0,0,0.1631422557831287
development_oof,x10,10,random_forest,790,62,2,1,0,0.3059116245022878
development_oof,x10,10,random_forest,791,294,2,0,0,0.08410529674134097
development_oof,x10,10,random_forest,793,292,2,1,0,0.1297294185448289
development_oof,x10,10,random_forest,810,286,2,0,0,0.10595532992571237
development_oof,x10,10,random_forest,819,130,2,1,0,0.2745693066366259
development_oof,x10,10,random_forest,825,83,2,0,0,0.2719790791103263
development_oof,x10,10,random_forest,831,281,2,0,0,0.051766848589821675
development_oof,x10,10,random_forest,842,277,2,0,0,0.15984318661327843
development_oof,x10,10,random_forest,850,273,2,0,0,0.3432046658875542
development_oof,x10,10,random_forest,859,267,2,0,0,0.32873493224173533
development_oof,x10,10,random_forest,863,81,2,1,0,0.40389410412212345
development_oof,x10,10,random_forest,884,257,2,0,0,0.4325252397948713
development_oof,x10,10,random_forest,895,124,2,0,0,0.3337546217198316
development_oof,x10,10,random_forest,896,251,2,0,0,0.3303503669367755
development_oof,x10,10,random_forest,914,56,2,1,1,0.9745404549337635
development_oof,x10,10,random_forest,922,240,2,0,0,0.21677624048298824
development_oof,x10,10,random_forest,923,23,2,0,0,0.2552834305274572
development_oof,x10,10,random_forest,933,232,2,0,1,0.5194891344778637
development_oof,x10,10,random_forest,947,226,2,0,0,0.0536045260934162
development_oof,x10,10,random_forest,951,223,2,0,1,0.5063871636678043
development_oof,x10,10,random_forest,953,119,2,0,0,0.1701452327579368
development_oof,x10,10,random_forest,965,216,2,0,0,0.2662659535348267
development_oof,x10,10,random_forest,976,209,2,0,0,0.13174375214555611
development_oof,x10,10,random_forest,986,113,2,0,0,0.07199138033166277
development_oof,x10,10,random_forest,1001,107,2,0,1,0.588998509244455
development_oof,x10,10,random_forest,1005,196,2,0,0,0.4041364096204487
development_oof,x10,10,random_forest,1020,188,2,0,0,0.3902879665967748
development_oof,x10,10,random_forest,1026,186,2,1,0,0.103264045815767
development_oof,x10,10,random_forest,1030,182,2,0,0,0.24686564822440915
development_oof,x10,10,random_forest,20,3,3,0,0,0.14209694758835062
development_oof,x10,10,random_forest,29,453,3,0,0,0.08007225197861263
development_oof,x10,10,random_forest,31,3,3,0,0,0.3460986730720809
development_oof,x10,10,random_forest,36,80,3,0,0,0.1467451934699082
development_oof,x10,10,random_forest,39,42,3,0,0,0.1626753485169149
development_oof,x10,10,random_forest,42,3,3,0,0,0.23617880978845682
development_oof,x10,10,random_forest,78,443,3,1,1,0.6983075585420565
development_oof,x10,10,random_forest,87,439,3,0,0,0.17516152301306281
development_oof,x10,10,random_forest,92,27,3,1,0,0.0772067668921964
development_oof,x10,10,random_forest,93,165,3,0,0,0.1567002666266648
development_oof,x10,10,random_forest,101,27,3,0,0,0.10765255719118651
development_oof,x10,10,random_forest,125,111,3,0,0,0.3101196091219072
development_oof,x10,10,random_forest,145,430,3,0,0,0.2708837350985907
development_oof,x10,10,random_forest,146,59,3,1,0,0.46699112917496527
development_oof,x10,10,random_forest,147,16,3,0,0,0.2430354968136151
development_oof,x10,10,random_forest,148,59,3,1,0,0.4610096245885623
development_oof,x10,10,random_forest,154,59,3,1,0,0.35524042774490067
development_oof,x10,10,random_forest,158,428,3,0,0,0.11219759837284005
development_oof,x10,10,random_forest,173,52,3,0,0,0.3820069101234212
development_oof,x10,10,random_forest,175,38,3,1,1,0.8662159453560139
development_oof,x10,10,random_forest,176,3,3,0,0,0.2808071507519341
development_oof,x10,10,random_forest,192,8,3,0,0,0.2963072287702307
development_oof,x10,10,random_forest,196,8,3,0,0,0.36448025832204767
development_oof,x10,10,random_forest,202,421,3,0,0,0.1594228332811955
development_oof,x10,10,random_forest,211,8,3,0,0,0.19534728298645337
development_oof,x10,10,random_forest,217,8,3,0,0,0.4298320854976149
development_oof,x10,10,random_forest,218,8,3,0,0,0.368890529612309
development_oof,x10,10,random_forest,220,8,3,0,0,0.4695406810129084
development_oof,x10,10,random_forest,226,8,3,0,0,0.458098727124333
development_oof,x10,10,random_forest,227,38,3,1,1,0.9180301938525119
development_oof,x10,10,random_forest,230,121,3,1,0,0.4429087724856648
development_oof,x10,10,random_forest,238,415,3,0,0,0.1000726619145841
development_oof,x10,10,random_forest,239,3,3,0,0,0.3344789565561461
development_oof,x10,10,random_forest,242,52,3,1,1,0.9402595548793707
development_oof,x10,10,random_forest,252,3,3,0,1,0.6666642829574347
development_oof,x10,10,random_forest,257,80,3,0,0,0.30271028211669704
development_oof,x10,10,random_forest,266,103,3,1,1,0.9705973370589777
development_oof,x10,10,random_forest,268,8,3,0,0,0.33377224889072776
development_oof,x10,10,random_forest,271,165,3,0,1,0.5906386586212178
development_oof,x10,10,random_forest,278,407,3,0,0,0.4858104249831712
development_oof,x10,10,random_forest,279,3,3,0,0,0.34178762947263264
development_oof,x10,10,random_forest,284,38,3,1,1,0.9025556901303501
development_oof,x10,10,random_forest,285,3,3,0,0,0.15018500566952966
development_oof,x10,10,random_forest,286,3,3,0,0,0.371457793015468
development_oof,x10,10,random_forest,287,158,3,0,0,0.2109907162128624
development_oof,x10,10,random_forest,290,164,3,1,1,0.6760832286279755
development_oof,x10,10,random_forest,300,404,3,1,1,0.7190864530300081
development_oof,x10,10,random_forest,309,22,3,0,0,0.15434719597619012
development_oof,x10,10,random_forest,320,38,3,1,1,0.833485125742242
development_oof,x10,10,random_forest,321,397,3,0,0,0.16806010463907153
development_oof,x10,10,random_forest,323,3,3,0,0,0.4682292274670548
development_oof,x10,10,random_forest,327,3,3,0,0,0.06385629101363971
development_oof,x10,10,random_forest,332,38,3,1,1,0.9649238508676433
development_oof,x10,10,random_forest,333,8,3,0,0,0.17723574894823232
development_oof,x10,10,random_forest,341,135,3,1,0,0.3006818025956591
development_oof,x10,10,random_forest,348,3,3,0,0,0.2592213629897067
development_oof,x10,10,random_forest,349,22,3,1,0,0.09935990309591788
development_oof,x10,10,random_forest,353,3,3,1,0,0.08502662655864504
development_oof,x10,10,random_forest,354,391,3,1,0,0.42577424897736055
development_oof,x10,10,random_forest,356,390,3,0,0,0.23327490895757183
development_oof,x10,10,random_forest,363,22,3,0,0,0.07101945413384808
development_oof,x10,10,random_forest,370,8,3,0,0,0.24047637029900992
development_oof,x10,10,random_forest,387,383,3,1,0,0.2714246166954669
development_oof,x10,10,random_forest,406,78,3,0,0,0.04873346661351148
development_oof,x10,10,random_forest,412,3,3,0,0,0.1655361427100757
development_oof,x10,10,random_forest,414,3,3,0,0,0.13745705897402552
development_oof,x10,10,random_forest,416,378,3,0,0,0.16309431416647818
development_oof,x10,10,random_forest,417,22,3,0,0,0.12904377641951972
development_oof,x10,10,random_forest,419,154,3,1,1,0.7876867053092689
development_oof,x10,10,random_forest,421,27,3,0,0,0.16768494343005771
development_oof,x10,10,random_forest,424,27,3,0,0,0.3489978705728423
development_oof,x10,10,random_forest,437,158,3,0,0,0.17000966649392563
development_oof,x10,10,random_forest,438,96,3,1,0,0.10984092520239983
development_oof,x10,10,random_forest,441,27,3,1,0,0.22438738066112004
development_oof,x10,10,random_forest,443,372,3,0,0,0.24119448986498918
development_oof,x10,10,random_forest,448,13,3,0,0,0.36897168640134925
development_oof,x10,10,random_forest,450,3,3,0,0,0.22515329628314665
development_oof,x10,10,random_forest,451,3,3,0,0,0.44622833559231784
development_oof,x10,10,random_forest,456,78,3,0,0,0.18419215953986806
development_oof,x10,10,random_forest,469,8,3,0,0,0.2501285753697112
development_oof,x10,10,random_forest,473,22,3,0,0,0.019071933539009944
development_oof,x10,10,random_forest,483,27,3,0,0,0.37432931832960675
development_oof,x10,10,random_forest,490,364,3,0,0,0.15200764446480927
development_oof,x10,10,random_forest,511,129,3,0,0,0.06799506810683145
development_oof,x10,10,random_forest,522,154,3,1,1,0.8696041058806313
development_oof,x10,10,random_forest,544,63,3,1,0,0.2675456054995566
development_oof,x10,10,random_forest,547,77,3,0,0,0.323816832733804
development_oof,x10,10,random_forest,550,354,3,0,0,0.20765406086335067
development_oof,x10,10,random_forest,556,13,3,0,0,0.3945334438683825
development_oof,x10,10,random_forest,567,13,3,0,0,0.26837482520627864
development_oof,x10,10,random_forest,580,348,3,1,0,0.2989888837880312
development_oof,x10,10,random_forest,597,341,3,0,0,0.2960972533159419
development_oof,x10,10,random_forest,606,337,3,0,0,0.266481175117055
development_oof,x10,10,random_forest,628,147,3,0,0,0.10883767362069792
development_oof,x10,10,random_forest,632,77,3,0,0,0.20253422262963638
development_oof,x10,10,random_forest,649,89,3,0,0,0.3169173373216173
development_oof,x10,10,random_forest,652,328,3,0,0,0.34710420587530344
development_oof,x10,10,random_forest,681,318,3,0,0,0.2925867884356368
development_oof,x10,10,random_forest,685,33,3,0,0,0.49399515232793184
development_oof,x10,10,random_forest,686,144,3,1,0,0.3542772586158752
development_oof,x10,10,random_forest,690,315,3,0,0,0.39911184561188967
development_oof,x10,10,random_forest,694,33,3,0,0,0.3800368743733606
development_oof,x10,10,random_forest,696,89,3,0,0,0.3320319229831752
development_oof,x10,10,random_forest,717,140,3,0,1,0.5111319945485641
development_oof,x10,10,random_forest,718,308,3,0,0,0.306985052896661
development_oof,x10,10,random_forest,743,13,3,0,0,0.3582381965281393
development_oof,x10,10,random_forest,756,303,3,0,0,0.2568961036236409
development_oof,x10,10,random_forest,767,63,3,1,0,0.1587952714147503
development_oof,x10,10,random_forest,768,300,3,0,1,0.7142265369629687
development_oof,x10,10,random_forest,769,135,3,0,0,0.3802636011585529
development_oof,x10,10,random_forest,801,290,3,0,0,0.19152094181340837
development_oof,x10,10,random_forest,805,63,3,1,0,0.39091004323276124
development_oof,x10,10,random_forest,807,288,3,0,0,0.24506110687717803
development_oof,x10,10,random_forest,808,33,3,0,0,0.4303958253704716
development_oof,x10,10,random_forest,813,33,3,0,0,0.44413466781574085
development_oof,x10,10,random_forest,821,282,3,0,1,0.5028732233633776
development_oof,x10,10,random_forest,827,129,3,0,0,0.048631350039105715
development_oof,x10,10,random_forest,847,274,3,0,0,0.11767802427426924
development_oof,x10,10,random_forest,854,271,3,0,0,0.21030433636573484
development_oof,x10,10,random_forest,864,264,3,0,0,0.16659461507792087
development_oof,x10,10,random_forest,866,262,3,0,0,0.28636724117405477
development_oof,x10,10,random_forest,869,80,3,0,0,0.26417443147300174
development_oof,x10,10,random_forest,881,259,3,0,0,0.26545867558096603
development_oof,x10,10,random_forest,883,59,3,1,1,0.5573324041360411
development_oof,x10,10,random_forest,893,253,3,0,0,0.24238181193031427
development_oof,x10,10,random_forest,899,123,3,1,1,0.8734335099950662
development_oof,x10,10,random_forest,904,52,3,1,1,0.7002919495145695
development_oof,x10,10,random_forest,913,121,3,1,1,0.6073026163508567
development_oof,x10,10,random_forest,917,243,3,1,0,0.25236450477923356
development_oof,x10,10,random_forest,920,241,3,0,0,0.16506576588549196
development_oof,x10,10,random_forest,921,16,3,0,1,0.5032102425182222
development_oof,x10,10,random_forest,930,235,3,1,1,0.6042517005610865
development_oof,x10,10,random_forest,935,231,3,0,0,0.06266327055192718
development_oof,x10,10,random_forest,940,78,3,0,0,0.2861438392458393
development_oof,x10,10,random_forest,945,227,3,0,0,0.18827347339966555
development_oof,x10,10,random_forest,962,218,3,0,0,0.1587693934974213
development_oof,x10,10,random_forest,963,217,3,0,0,0.2606766761483946
development_oof,x10,10,random_forest,973,210,3,0,0,0.2030601686899936
development_oof,x10,10,random_forest,982,77,3,0,0,0.26414024810205805
development_oof,x10,10,random_forest,988,202,3,1,0,0.1600069823556697
development_oof,x10,10,random_forest,998,198,3,0,0,0.24355798451778662
development_oof,x10,10,random_forest,1002,197,3,0,0,0.2868954631929526
development_oof,x10,10,random_forest,1006,111,3,0,0,0.19233649816518428
development_oof,x10,10,random_forest,1017,189,3,0,0,0.24212853662304998
development_oof,x10,10,random_forest,1025,63,3,1,0,0.19645891202476684
development_oof,x10,10,random_forest,1028,184,3,0,0,0.23219325226267723
development_oof,x10,10,random_forest,1029,183,3,0,0,0.27833903139575666
development_oof,x10,10,random_forest,16,93,4,1,1,0.7966666666666666
development_oof,x10,10,random_forest,19,457,4,0,0,0.19666666666666666
development_oof,x10,10,random_forest,27,53,4,0,0,0.49
development_oof,x10,10,random_forest,44,450,4,0,0,0.043333333333333335
development_oof,x10,10,random_forest,60,4,4,1,0,0.21333333333333335
development_oof,x10,10,random_forest,62,82,4,0,0,0.03666666666666667
development_oof,x10,10,random_forest,66,82,4,1,0,0.37666666666666665
development_oof,x10,10,random_forest,69,444,4,0,0,0.023333333333333334
development_oof,x10,10,random_forest,83,60,4,1,1,0.6133333333333333
development_oof,x10,10,random_forest,84,9,4,1,1,0.6433333333333333
development_oof,x10,10,random_forest,86,174,4,1,1,0.9266666666666666
development_oof,x10,10,random_forest,90,9,4,1,1,0.96
development_oof,x10,10,random_forest,95,161,4,0,0,0.4066666666666667
development_oof,x10,10,random_forest,102,15,4,0,0,0.30333333333333334
development_oof,x10,10,random_forest,112,9,4,1,1,0.94
development_oof,x10,10,random_forest,117,433,4,0,0,0.25333333333333335
development_oof,x10,10,random_forest,119,0,4,0,0,0.49
development_oof,x10,10,random_forest,123,9,4,1,1,0.9533333333333334
development_oof,x10,10,random_forest,131,170,4,1,1,0.6133333333333333
development_oof,x10,10,random_forest,134,15,4,0,0,0.4
development_oof,x10,10,random_forest,138,431,4,0,0,0.09333333333333334
development_oof,x10,10,random_forest,142,0,4,0,0,0.21
development_oof,x10,10,random_forest,156,9,4,1,1,0.9466666666666667
development_oof,x10,10,random_forest,157,0,4,0,0,0.15
development_oof,x10,10,random_forest,159,4,4,1,0,0.23333333333333334
development_oof,x10,10,random_forest,169,9,4,1,1,0.9766666666666667
development_oof,x10,10,random_forest,170,60,4,1,1,0.54
development_oof,x10,10,random_forest,178,54,4,0,0,0.25
development_oof,x10,10,random_forest,181,9,4,1,1,0.9466666666666667
development_oof,x10,10,random_forest,183,422,4,0,0,0.08
development_oof,x10,10,random_forest,184,4,4,1,0,0.24
development_oof,x10,10,random_forest,187,9,4,1,1,0.97
development_oof,x10,10,random_forest,193,9,4,1,1,0.96
development_oof,x10,10,random_forest,198,53,4,0,0,0.16666666666666666
development_oof,x10,10,random_forest,201,9,4,1,1,0.9366666666666666
development_oof,x10,10,random_forest,206,125,4,1,0,0.02666666666666667
development_oof,x10,10,random_forest,210,104,4,1,1,0.9566666666666667
development_oof,x10,10,random_forest,221,9,4,1,1,0.9266666666666666
development_oof,x10,10,random_forest,236,416,4,1,0,0.17
development_oof,x10,10,random_forest,258,35,4,0,0,0.28
development_oof,x10,10,random_forest,277,102,4,1,0,0.37666666666666665
development_oof,x10,10,random_forest,294,122,4,0,0,0.42
development_oof,x10,10,random_forest,304,24,4,1,0,0.08
development_oof,x10,10,random_forest,310,401,4,0,0,0.22666666666666666
development_oof,x10,10,random_forest,311,400,4,1,0,0.17666666666666667
development_oof,x10,10,random_forest,322,15,4,0,0,0.18
development_oof,x10,10,random_forest,335,15,4,0,0,0.35
development_oof,x10,10,random_forest,337,15,4,0,0,0.09333333333333334
development_oof,x10,10,random_forest,355,15,4,0,0,0.4533333333333333
development_oof,x10,10,random_forest,358,389,4,0,0,0.38
development_oof,x10,10,random_forest,371,161,4,0,0,0.11333333333333333
development_oof,x10,10,random_forest,379,24,4,0,0,0.06333333333333334
development_oof,x10,10,random_forest,382,384,4,0,0,0.01
development_oof,x10,10,random_forest,384,69,4,0,0,0.11333333333333333
development_oof,x10,10,random_forest,386,4,4,1,0,0.30333333333333334
development_oof,x10,10,random_forest,392,4,4,1,0,0.4633333333333333
development_oof,x10,10,random_forest,393,0,4,0,0,0.24
development_oof,x10,10,random_forest,400,28,4,0,0,0.25333333333333335
development_oof,x10,10,random_forest,401,4,4,1,0,0.26666666666666666
development_oof,x10,10,random_forest,404,35,4,0,0,0.25333333333333335
development_oof,x10,10,random_forest,405,379,4,0,0,0.18333333333333332
development_oof,x10,10,random_forest,407,160,4,0,0,0.2733333333333333
development_oof,x10,10,random_forest,409,4,4,1,0,0.3333333333333333
development_oof,x10,10,random_forest,423,50,4,0,0,0.27666666666666667
development_oof,x10,10,random_forest,430,4,4,1,0,0.18666666666666668
development_oof,x10,10,random_forest,434,97,4,1,1,0.9833333333333333
development_oof,x10,10,random_forest,446,4,4,1,0,0.37333333333333335
development_oof,x10,10,random_forest,454,104,4,1,1,0.7566666666666667
development_oof,x10,10,random_forest,455,93,4,1,1,0.8266666666666667
development_oof,x10,10,random_forest,462,15,4,0,0,0.25666666666666665
development_oof,x10,10,random_forest,464,4,4,1,1,0.5233333333333333
development_oof,x10,10,random_forest,465,4,4,1,0,0.44
development_oof,x10,10,random_forest,466,0,4,0,0,0.11666666666666667
development_oof,x10,10,random_forest,470,0,4,0,0,0.15
development_oof,x10,10,random_forest,480,367,4,0,0,0.23333333333333334
development_oof,x10,10,random_forest,481,4,4,1,0,0.16666666666666666
development_oof,x10,10,random_forest,484,365,4,0,0,0.4033333333333333
development_oof,x10,10,random_forest,495,0,4,0,0,0.38666666666666666
development_oof,x10,10,random_forest,498,54,4,0,0,0.12
development_oof,x10,10,random_forest,499,15,4,0,0,0.2966666666666667
development_oof,x10,10,random_forest,500,28,4,0,0,0.18333333333333332
development_oof,x10,10,random_forest,501,72,4,0,0,0.07
development_oof,x10,10,random_forest,503,93,4,1,1,0.8733333333333333
development_oof,x10,10,random_forest,506,0,4,0,0,0.13333333333333333
development_oof,x10,10,random_forest,517,0,4,0,0,0.28
development_oof,x10,10,random_forest,519,53,4,0,0,0.41
development_oof,x10,10,random_forest,520,53,4,0,0,0.15666666666666668
development_oof,x10,10,random_forest,524,0,4,0,0,0.3
development_oof,x10,10,random_forest,525,15,4,0,0,0.29
development_oof,x10,10,random_forest,527,0,4,0,0,0.42333333333333334
development_oof,x10,10,random_forest,528,359,4,0,0,0.07
development_oof,x10,10,random_forest,529,0,4,0,0,0.26666666666666666
development_oof,x10,10,random_forest,542,35,4,1,0,0.20666666666666667
development_oof,x10,10,random_forest,543,0,4,0,0,0.18
development_oof,x10,10,random_forest,545,136,4,1,0,0.29333333333333333
development_oof,x10,10,random_forest,553,0,4,0,0,0.39666666666666667
development_oof,x10,10,random_forest,559,351,4,0,0,0.12333333333333334
development_oof,x10,10,random_forest,560,0,4,0,0,0.32
development_oof,x10,10,random_forest,568,0,4,0,0,0.38666666666666666
development_oof,x10,10,random_forest,570,0,4,1,0,0.38
development_oof,x10,10,random_forest,572,0,4,1,0,0.2966666666666667
development_oof,x10,10,random_forest,577,44,4,0,0,0.09333333333333334
development_oof,x10,10,random_forest,581,347,4,0,0,0.09666666666666666
development_oof,x10,10,random_forest,582,44,4,0,0,0.14333333333333334
development_oof,x10,10,random_forest,583,69,4,0,0,0.04
development_oof,x10,10,random_forest,588,344,4,0,0,0.22333333333333333
development_oof,x10,10,random_forest,592,0,4,1,0,0.41
development_oof,x10,10,random_forest,595,35,4,0,0,0.17333333333333334
development_oof,x10,10,random_forest,600,151,4,0,0,0.03666666666666667
development_oof,x10,10,random_forest,602,338,4,0,1,0.5333333333333333
development_oof,x10,10,random_forest,604,0,4,0,0,0.38
development_oof,x10,10,random_forest,605,0,4,0,0,0.31333333333333335
development_oof,x10,10,random_forest,607,0,4,1,0,0.43333333333333335
development_oof,x10,10,random_forest,608,0,4,0,0,0.29333333333333333
development_oof,x10,10,random_forest,610,0,4,0,0,0.3233333333333333
development_oof,x10,10,random_forest,611,0,4,0,0,0.23
development_oof,x10,10,random_forest,613,85,4,0,0,0.38
development_oof,x10,10,random_forest,615,0,4,0,0,0.44666666666666666
development_oof,x10,10,random_forest,627,335,4,0,0,0.24
development_oof,x10,10,random_forest,633,0,4,0,0,0.07666666666666666
development_oof,x10,10,random_forest,646,0,4,0,0,0.37
development_oof,x10,10,random_forest,647,0,4,0,0,0.29333333333333333
development_oof,x10,10,random_forest,648,329,4,0,0,0.32666666666666666
development_oof,x10,10,random_forest,657,4,4,1,0,0.27
development_oof,x10,10,random_forest,662,0,4,0,0,0.23666666666666666
development_oof,x10,10,random_forest,665,69,4,1,0,0.09
development_oof,x10,10,random_forest,666,44,4,0,0,0.27666666666666667
development_oof,x10,10,random_forest,667,0,4,0,0,0.29
development_oof,x10,10,random_forest,671,321,4,1,0,0.10666666666666667
development_oof,x10,10,random_forest,674,4,4,0,0,0.39
development_oof,x10,10,random_forest,683,142,4,0,0,0.43666666666666665
development_oof,x10,10,random_forest,691,142,4,0,0,0.11666666666666667
development_oof,x10,10,random_forest,692,0,4,0,0,0.29333333333333333
development_oof,x10,10,random_forest,693,0,4,0,0,0.18
development_oof,x10,10,random_forest,699,0,4,0,0,0.29
development_oof,x10,10,random_forest,701,0,4,1,0,0.26666666666666666
development_oof,x10,10,random_forest,704,313,4,0,0,0.13333333333333333
development_oof,x10,10,random_forest,706,0,4,0,0,0.2833333333333333
development_oof,x10,10,random_forest,715,4,4,1,0,0.35
development_oof,x10,10,random_forest,729,0,4,0,0,0.14
development_oof,x10,10,random_forest,731,60,4,0,0,0.16333333333333333
development_oof,x10,10,random_forest,735,132,4,0,0,0.16666666666666666
development_oof,x10,10,random_forest,737,85,4,1,0,0.08666666666666667
development_oof,x10,10,random_forest,738,136,4,1,0,0.2966666666666667
development_oof,x10,10,random_forest,740,44,4,0,0,0.16
development_oof,x10,10,random_forest,742,305,4,0,0,0.11666666666666667
development_oof,x10,10,random_forest,745,0,4,0,0,0.15
development_oof,x10,10,random_forest,753,85,4,0,0,0.12666666666666668
development_oof,x10,10,random_forest,761,44,4,0,0,0.23333333333333334
development_oof,x10,10,random_forest,776,298,4,0,0,0.10333333333333333
development_oof,x10,10,random_forest,794,0,4,0,0,0.36333333333333334
development_oof,x10,10,random_forest,796,35,4,0,0,0.15
development_oof,x10,10,random_forest,800,132,4,0,0,0.15666666666666668
development_oof,x10,10,random_forest,803,289,4,0,0,0.2866666666666667
development_oof,x10,10,random_forest,818,283,4,0,0,0.11
development_oof,x10,10,random_forest,822,35,4,0,0,0.31333333333333335
development_oof,x10,10,random_forest,839,82,4,0,0,0.02
development_oof,x10,10,random_forest,844,276,4,0,0,0.14333333333333334
development_oof,x10,10,random_forest,855,270,4,0,0,0.18
development_oof,x10,10,random_forest,865,263,4,0,0,0.45
development_oof,x10,10,random_forest,867,60,4,0,1,0.6233333333333333
development_oof,x10,10,random_forest,885,256,4,0,0,0.37
development_oof,x10,10,random_forest,888,254,4,1,0,0.10666666666666667
development_oof,x10,10,random_forest,891,125,4,0,0,0.15333333333333332
development_oof,x10,10,random_forest,902,122,4,1,0,0.41
development_oof,x10,10,random_forest,907,246,4,0,0,0.11333333333333333
development_oof,x10,10,random_forest,918,242,4,0,0,0.21666666666666667
development_oof,x10,10,random_forest,931,234,4,0,0,0.013333333333333334
development_oof,x10,10,random_forest,949,224,4,0,0,0.12666666666666668
development_oof,x10,10,random_forest,954,4,4,1,1,0.6433333333333333
development_oof,x10,10,random_forest,968,214,4,1,0,0.23333333333333334
development_oof,x10,10,random_forest,980,207,4,0,0,0.12
development_oof,x10,10,random_forest,981,206,4,0,0,0.26
development_oof,x10,10,random_forest,984,204,4,1,0,0.14
development_oof,x10,10,random_forest,991,0,4,0,0,0.3233333333333333
development_oof,x10,10,random_forest,993,69,4,0,0,0.19666666666666666
development_oof,x10,10,random_forest,995,112,4,0,0,0.14333333333333334
development_oof,x10,10,random_forest,1016,190,4,1,0,0.23
development_oof,x10,10,random_forest,1024,4,4,1,0,0.43333333333333335
development_oof,x10,10,random_forest,1031,181,4,0,1,0.53
development_oof,x10,10,random_forest,1033,179,4,0,0,0.14666666666666667
development_oof,x10,10,random_forest,5,31,5,1,1,0.9468919852636483
development_oof,x10,10,random_forest,6,61,5,0,0,0.04161479443925535
development_oof,x10,10,random_forest,15,458,5,1,1,0.8151151451089337
development_oof,x10,10,random_forest,23,11,5,0,1,0.5721897190340036
development_oof,x10,10,random_forest,26,11,5,0,0,0.26772425888769563
development_oof,x10,10,random_forest,41,451,5,0,0,0.23813662682650413
development_oof,x10,10,random_forest,46,18,5,0,1,0.952419401570635
development_oof,x10,10,random_forest,49,11,5,0,0,0.1817305520167949
development_oof,x10,10,random_forest,52,448,5,0,0,0.18463486247050007
development_oof,x10,10,random_forest,57,61,5,0,0,0.06159894368466246
development_oof,x10,10,random_forest,58,11,5,0,0,0.1674322235198772
development_oof,x10,10,random_forest,59,11,5,0,1,0.5263872220741997
development_oof,x10,10,random_forest,76,11,5,0,1,0.6700071847779577
development_oof,x10,10,random_forest,79,175,5,1,0,0.34090395166667875
development_oof,x10,10,random_forest,85,17,5,1,1,0.812156380003379
development_oof,x10,10,random_forest,96,18,5,1,1,0.7985571811012264
development_oof,x10,10,random_forest,98,438,5,0,0,0.04509441076400297
development_oof,x10,10,random_forest,100,31,5,1,1,0.9683927945329683
development_oof,x10,10,random_forest,105,437,5,1,0,0.3327641396736498
development_oof,x10,10,random_forest,106,18,5,1,1,0.8968025500189051
development_oof,x10,10,random_forest,111,106,5,0,0,0.16806167843508146
development_oof,x10,10,random_forest,116,434,5,0,1,0.5375295752971391
development_oof,x10,10,random_forest,130,171,5,0,0,0.32748271466070833
development_oof,x10,10,random_forest,132,18,5,1,1,0.9684775888763084
development_oof,x10,10,random_forest,141,106,5,0,1,0.529243286549337
development_oof,x10,10,random_forest,149,106,5,0,0,0.13568548207722414
development_oof,x10,10,random_forest,150,55,5,1,1,0.8824593062040417
development_oof,x10,10,random_forest,152,429,5,0,0,0.26370513491897735
development_oof,x10,10,random_forest,161,427,5,0,0,0.4623792416989029
development_oof,x10,10,random_forest,163,18,5,1,1,0.841557907693491
development_oof,x10,10,random_forest,165,17,5,1,1,0.9175509415257902
development_oof,x10,10,random_forest,167,18,5,1,1,0.9442591064880134
development_oof,x10,10,random_forest,172,423,5,0,1,0.9389660900932214
development_oof,x10,10,random_forest,179,11,5,0,1,0.5502313469536216
development_oof,x10,10,random_forest,182,31,5,1,1,0.9025746157138095
development_oof,x10,10,random_forest,186,18,5,1,1,0.9312834616000648
development_oof,x10,10,random_forest,195,31,5,1,1,0.9390964757526429
development_oof,x10,10,random_forest,208,31,5,1,1,0.9528564181496794
development_oof,x10,10,random_forest,215,61,5,0,0,0.45534795397266853
development_oof,x10,10,random_forest,219,418,5,0,0,0.3143237542546246
development_oof,x10,10,random_forest,223,68,5,0,0,0.2591234059357122
development_oof,x10,10,random_forest,225,55,5,1,1,0.884465212833553
development_oof,x10,10,random_forest,231,417,5,0,0,0.14062966823161105
development_oof,x10,10,random_forest,233,17,5,1,1,0.8773121382809489
development_oof,x10,10,random_forest,255,410,5,0,0,0.09272283064985412
development_oof,x10,10,random_forest,256,18,5,1,1,0.9389280913791629
development_oof,x10,10,random_forest,259,409,5,0,0,0.19938130579040142
development_oof,x10,10,random_forest,261,25,5,1,0,0.2522073599050893
development_oof,x10,10,random_forest,273,25,5,1,0,0.29648096334422375
development_oof,x10,10,random_forest,276,17,5,1,1,0.8242514645926674
development_oof,x10,10,random_forest,297,163,5,0,1,0.6102790880074171
development_oof,x10,10,random_forest,298,405,5,0,0,0.34205225169342085
development_oof,x10,10,random_forest,316,100,5,0,0,0.3041724908569314
development_oof,x10,10,random_forest,319,163,5,0,0,0.37071261375407116
development_oof,x10,10,random_forest,326,157,5,1,1,0.917785427914529
development_oof,x10,10,random_forest,330,76,5,1,0,0.4487149259261171
development_oof,x10,10,random_forest,334,394,5,0,0,0.1798241084632716
development_oof,x10,10,random_forest,336,55,5,1,1,0.8418908796000723
development_oof,x10,10,random_forest,338,17,5,1,1,0.8936983836083273
development_oof,x10,10,random_forest,339,11,5,0,1,0.5961730438370015
development_oof,x10,10,random_forest,340,393,5,0,0,0.07339767325693844
development_oof,x10,10,random_forest,343,17,5,1,1,0.944307307255895
development_oof,x10,10,random_forest,347,17,5,1,1,0.9089506095293456
development_oof,x10,10,random_forest,351,100,5,1,0,0.31803552312484185
development_oof,x10,10,random_forest,357,37,5,1,1,0.8422028542816549
development_oof,x10,10,random_forest,364,25,5,1,0,0.3876659796759691
development_oof,x10,10,random_forest,372,17,5,1,1,0.8884141555567321
development_oof,x10,10,random_forest,377,386,5,0,0,0.06733853660809724
development_oof,x10,10,random_forest,381,76,5,0,0,0.3568667657253218
development_oof,x10,10,random_forest,397,11,5,0,0,0.2753718850349049
development_oof,x10,10,random_forest,402,380,5,0,0,0.27132668002715893
development_oof,x10,10,random_forest,435,374,5,0,0,0.10695343376035803
development_oof,x10,10,random_forest,436,25,5,1,0,0.22539994220466666
development_oof,x10,10,random_forest,458,18,5,0,1,0.7937992270807084
development_oof,x10,10,random_forest,459,25,5,1,0,0.2739294599211986
development_oof,x10,10,random_forest,468,370,5,0,0,0.2047724676336669
development_oof,x10,10,random_forest,479,368,5,0,0,0.17442944423040482
development_oof,x10,10,random_forest,486,157,5,0,0,0.4747997260974023
development_oof,x10,10,random_forest,494,94,5,0,0,0.3070131488998187
development_oof,x10,10,random_forest,533,71,5,0,0,0.4079275930012485
development_oof,x10,10,random_forest,536,71,5,0,0,0.37982072567441916
development_oof,x10,10,random_forest,549,355,5,0,1,0.5002671551331087
development_oof,x10,10,random_forest,555,352,5,1,1,0.8491800088796762
development_oof,x10,10,random_forest,557,66,5,0,0,0.3660942657192653
development_oof,x10,10,random_forest,563,71,5,0,0,0.3570411817115845
development_oof,x10,10,random_forest,575,115,5,0,0,0.2581737056325635
development_oof,x10,10,random_forest,579,114,5,1,0,0.35939121423353904
development_oof,x10,10,random_forest,585,31,5,1,1,0.9422170568429813
development_oof,x10,10,random_forest,587,345,5,0,1,0.8776934083974087
development_oof,x10,10,random_forest,601,339,5,0,0,0.33690850764067937
development_oof,x10,10,random_forest,612,87,5,0,0,0.17831305115793142
development_oof,x10,10,random_forest,620,68,5,0,0,0.14599527702333598
development_oof,x10,10,random_forest,634,17,5,1,1,0.8732179922239808
development_oof,x10,10,random_forest,635,68,5,1,0,0.3450278083170504
development_oof,x10,10,random_forest,640,146,5,0,0,0.0568812190375492
development_oof,x10,10,random_forest,641,66,5,0,0,0.23105204326621417
development_oof,x10,10,random_forest,643,330,5,0,0,0.20143344419833112
development_oof,x10,10,random_forest,645,146,5,0,0,0.2018827919848945
development_oof,x10,10,random_forest,656,326,5,0,0,0.41023617460435025
development_oof,x10,10,random_forest,664,116,5,0,0,0.1576229960157576
development_oof,x10,10,random_forest,675,71,5,0,1,0.5301431873524072
development_oof,x10,10,random_forest,682,317,5,0,0,0.1519145277034668
development_oof,x10,10,random_forest,688,143,5,0,0,0.05871825100396903
development_oof,x10,10,random_forest,698,314,5,0,0,0.2111912993634281
development_oof,x10,10,random_forest,711,45,5,0,0,0.17257269701942865
development_oof,x10,10,random_forest,723,25,5,0,0,0.28393148491597353
development_oof,x10,10,random_forest,725,45,5,1,0,0.4553103594870922
development_oof,x10,10,random_forest,726,31,5,1,1,0.9225694859164908
development_oof,x10,10,random_forest,732,45,5,0,0,0.43154435531172775
development_oof,x10,10,random_forest,736,137,5,0,1,0.5319715079175069
development_oof,x10,10,random_forest,741,306,5,0,0,0.32642022821097477
development_oof,x10,10,random_forest,744,87,5,0,0,0.09950081546462114
development_oof,x10,10,random_forest,749,11,5,0,0,0.0847507867862005
development_oof,x10,10,random_forest,799,45,5,0,1,0.5482765715991575
development_oof,x10,10,random_forest,802,131,5,0,0,0.3256380871621014
development_oof,x10,10,random_forest,816,284,5,0,0,0.2173665161250348
development_oof,x10,10,random_forest,837,278,5,0,0,0.27286279292819443
development_oof,x10,10,random_forest,845,11,5,0,0,0.13265180100366614
development_oof,x10,10,random_forest,857,268,5,0,0,0.14350340660401067
development_oof,x10,10,random_forest,858,61,5,0,0,0.4520146206393351
development_oof,x10,10,random_forest,860,266,5,0,0,0.22859801012460687
development_oof,x10,10,random_forest,870,260,5,0,0,0.18359112759698823
development_oof,x10,10,random_forest,900,249,5,0,0,0.30689258845186157
development_oof,x10,10,random_forest,906,247,5,0,0,0.2612206102384108
development_oof,x10,10,random_forest,915,25,5,1,0,0.22361088639829096
development_oof,x10,10,random_forest,926,238,5,1,0,0.4822802549782938
development_oof,x10,10,random_forest,939,229,5,1,0,0.28328976215633195
development_oof,x10,10,random_forest,948,225,5,1,0,0.37621041734494437
development_oof,x10,10,random_forest,958,220,5,0,0,0.3320817177607992
development_oof,x10,10,random_forest,960,116,5,0,0,0.20474991619031507
development_oof,x10,10,random_forest,969,115,5,0,0,0.3141629721127227
development_oof,x10,10,random_forest,971,212,5,1,1,0.7794117007167632
development_oof,x10,10,random_forest,972,211,5,0,0,0.053485056368105584
development_oof,x10,10,random_forest,974,45,5,0,0,0.42252419074601866
development_oof,x10,10,random_forest,975,66,5,0,0,0.13610055209575475
development_oof,x10,10,random_forest,979,114,5,0,0,0.24705221150250467
development_oof,x10,10,random_forest,990,201,5,0,0,0.20456340325305053
development_oof,x10,10,random_forest,1008,76,5,0,0,0.31392670963933955
development_oof,x10,10,random_forest,1010,194,5,0,1,0.569331516390378
development_oof,x10,10,random_forest,1015,191,5,1,0,0.2242063309805236
development_oof,x10,10,random_forest,1027,185,5,1,1,0.5483879438758984
development_oof,x10,10,random_forest,1032,180,5,0,0,0.4272698636417562
development_oof,x10,10,xgboost,3,108,1,0,0,0.03474634513258934
development_oof,x10,10,xgboost,13,109,1,1,1,0.9526631832122803
development_oof,x10,10,xgboost,22,456,1,0,0,0.18969957530498505
development_oof,x10,10,xgboost,24,455,1,0,0,0.3387400209903717
development_oof,x10,10,xgboost,25,12,1,1,0,0.3491054177284241
development_oof,x10,10,xgboost,35,108,1,0,0,0.0306968092918396
development_oof,x10,10,xgboost,43,6,1,0,0,0.09621404856443405
development_oof,x10,10,xgboost,53,447,1,0,0,0.17406107485294342
development_oof,x10,10,xgboost,65,168,1,1,1,0.9714877009391785
development_oof,x10,10,xgboost,68,445,1,1,0,0.11137039959430695
development_oof,x10,10,xgboost,70,166,1,0,0,0.0871087908744812
development_oof,x10,10,xgboost,72,12,1,1,0,0.2932760715484619
development_oof,x10,10,xgboost,75,108,1,0,0,0.08056360483169556
development_oof,x10,10,xgboost,88,12,1,0,0,0.3584175109863281
development_oof,x10,10,xgboost,89,6,1,0,0,0.07676971703767776
development_oof,x10,10,xgboost,110,41,1,0,0,0.14637808501720428
development_oof,x10,10,xgboost,129,58,1,1,1,0.5636082887649536
development_oof,x10,10,xgboost,133,432,1,1,1,0.9508442878723145
development_oof,x10,10,xgboost,144,41,1,0,0,0.08177604526281357
development_oof,x10,10,xgboost,153,41,1,0,0,0.25013262033462524
development_oof,x10,10,xgboost,155,41,1,0,0,0.1585921198129654
development_oof,x10,10,xgboost,168,424,1,0,0,0.10034507513046265
development_oof,x10,10,xgboost,171,41,1,1,0,0.12699279189109802
development_oof,x10,10,xgboost,197,168,1,1,1,0.9824966192245483
development_oof,x10,10,xgboost,205,41,1,0,0,0.17576779425144196
development_oof,x10,10,xgboost,209,420,1,1,1,0.9245072603225708
development_oof,x10,10,xgboost,232,6,1,0,0,0.07676971703767776
development_oof,x10,10,xgboost,237,117,1,0,0,0.08013873547315598
development_oof,x10,10,xgboost,243,414,1,0,0,0.13352635502815247
development_oof,x10,10,xgboost,250,166,1,0,0,0.10346881300210953
development_oof,x10,10,xgboost,270,12,1,1,0,0.2327275276184082
development_oof,x10,10,xgboost,272,19,1,0,0,0.09995575994253159
development_oof,x10,10,xgboost,282,406,1,1,1,0.9070523381233215
development_oof,x10,10,xgboost,289,6,1,0,0,0.14943693578243256
development_oof,x10,10,xgboost,303,12,1,1,0,0.29517337679862976
development_oof,x10,10,xgboost,305,402,1,0,0,0.1202777773141861
development_oof,x10,10,xgboost,306,101,1,1,0,0.07895507663488388
development_oof,x10,10,xgboost,307,12,1,1,0,0.256782591342926
development_oof,x10,10,xgboost,314,398,1,0,0,0.09267491102218628
development_oof,x10,10,xgboost,318,127,1,1,0,0.16376611590385437
development_oof,x10,10,xgboost,328,395,1,1,0,0.27514657378196716
development_oof,x10,10,xgboost,345,73,1,0,1,0.8713792562484741
development_oof,x10,10,xgboost,346,12,1,1,0,0.2122136801481247
development_oof,x10,10,xgboost,350,12,1,0,0,0.1071072369813919
development_oof,x10,10,xgboost,362,36,1,0,0,0.08819060027599335
development_oof,x10,10,xgboost,366,79,1,1,0,0.14584320783615112
development_oof,x10,10,xgboost,367,79,1,1,0,0.18405526876449585
development_oof,x10,10,xgboost,368,387,1,0,0,0.160395547747612
development_oof,x10,10,xgboost,383,12,1,1,0,0.23405402898788452
development_oof,x10,10,xgboost,390,381,1,0,1,0.5101721882820129
development_oof,x10,10,xgboost,411,6,1,0,0,0.07509680837392807
development_oof,x10,10,xgboost,415,12,1,1,0,0.2861941158771515
development_oof,x10,10,xgboost,418,6,1,0,0,0.08424712717533112
development_oof,x10,10,xgboost,427,6,1,0,0,0.1943129301071167
development_oof,x10,10,xgboost,432,375,1,0,0,0.20979291200637817
development_oof,x10,10,xgboost,433,58,1,1,1,0.6005622744560242
development_oof,x10,10,xgboost,445,95,1,0,0,0.04849407821893692
development_oof,x10,10,xgboost,452,73,1,1,1,0.8709240555763245
development_oof,x10,10,xgboost,467,6,1,0,0,0.10701920837163925
development_oof,x10,10,xgboost,476,95,1,0,0,0.19232235848903656
development_oof,x10,10,xgboost,478,6,1,0,0,0.04584326222538948
development_oof,x10,10,xgboost,488,26,1,1,0,0.15632329881191254
development_oof,x10,10,xgboost,507,26,1,0,0,0.09206505864858627
development_oof,x10,10,xgboost,509,362,1,0,0,0.13565398752689362
development_oof,x10,10,xgboost,512,361,1,0,0,0.08630586415529251
development_oof,x10,10,xgboost,521,26,1,0,0,0.15911982953548431
development_oof,x10,10,xgboost,530,358,1,1,0,0.14849914610385895
development_oof,x10,10,xgboost,531,6,1,0,0,0.28014233708381653
development_oof,x10,10,xgboost,532,26,1,0,0,0.12177395075559616
development_oof,x10,10,xgboost,534,26,1,0,0,0.14937900006771088
development_oof,x10,10,xgboost,552,6,1,0,0,0.044332105666399
development_oof,x10,10,xgboost,564,47,1,1,0,0.11078903079032898
development_oof,x10,10,xgboost,573,350,1,0,0,0.22331812977790833
development_oof,x10,10,xgboost,576,349,1,0,0,0.20777717232704163
development_oof,x10,10,xgboost,578,26,1,0,0,0.1114175096154213
development_oof,x10,10,xgboost,590,152,1,0,0,0.03286304324865341
development_oof,x10,10,xgboost,591,343,1,0,0,0.20721900463104248
development_oof,x10,10,xgboost,630,67,1,0,0,0.1925029456615448
development_oof,x10,10,xgboost,637,47,1,1,0,0.09979043900966644
development_oof,x10,10,xgboost,639,332,1,0,0,0.21752263605594635
development_oof,x10,10,xgboost,642,331,1,0,0,0.14762233197689056
development_oof,x10,10,xgboost,644,47,1,1,0,0.09535282105207443
development_oof,x10,10,xgboost,650,88,1,0,0,0.2623549699783325
development_oof,x10,10,xgboost,651,67,1,0,0,0.13542871177196503
development_oof,x10,10,xgboost,654,327,1,0,0,0.24943046271800995
development_oof,x10,10,xgboost,673,320,1,0,0,0.13542325794696808
development_oof,x10,10,xgboost,676,6,1,0,0,0.10145547986030579
development_oof,x10,10,xgboost,679,6,1,0,0,0.1183079332113266
development_oof,x10,10,xgboost,680,145,1,0,0,0.4014072120189667
development_oof,x10,10,xgboost,695,47,1,1,0,0.05529724061489105
development_oof,x10,10,xgboost,708,310,1,0,1,0.7961884140968323
development_oof,x10,10,xgboost,709,88,1,0,0,0.10621310025453568
development_oof,x10,10,xgboost,713,139,1,0,0,0.2684312164783478
development_oof,x10,10,xgboost,721,139,1,1,0,0.44470691680908203
development_oof,x10,10,xgboost,722,307,1,0,0,0.21752089262008667
development_oof,x10,10,xgboost,727,32,1,0,0,0.2660455107688904
development_oof,x10,10,xgboost,734,12,1,1,0,0.1572791188955307
development_oof,x10,10,xgboost,748,64,1,0,1,0.6989519000053406
development_oof,x10,10,xgboost,763,301,1,0,0,0.07530131191015244
development_oof,x10,10,xgboost,771,43,1,0,0,0.16507986187934875
development_oof,x10,10,xgboost,773,58,1,1,1,0.5781580805778503
development_oof,x10,10,xgboost,775,134,1,0,1,0.8800263404846191
development_oof,x10,10,xgboost,779,43,1,0,1,0.7203607559204102
development_oof,x10,10,xgboost,782,43,1,0,0,0.3092302978038788
development_oof,x10,10,xgboost,783,296,1,0,0,0.11296205222606659
development_oof,x10,10,xgboost,784,43,1,1,0,0.1882810741662979
development_oof,x10,10,xgboost,788,295,1,1,0,0.12247882783412933
development_oof,x10,10,xgboost,795,110,1,1,0,0.47296780347824097
development_oof,x10,10,xgboost,797,43,1,0,0,0.32873252034187317
development_oof,x10,10,xgboost,812,285,1,0,1,0.6456807255744934
development_oof,x10,10,xgboost,814,88,1,0,0,0.056238070130348206
development_oof,x10,10,xgboost,836,279,1,1,0,0.035122644156217575
development_oof,x10,10,xgboost,853,272,1,0,0,0.14862053096294403
development_oof,x10,10,xgboost,868,261,1,0,0,0.14240393042564392
development_oof,x10,10,xgboost,886,255,1,0,0,0.3166860342025757
development_oof,x10,10,xgboost,889,127,1,0,0,0.17859935760498047
development_oof,x10,10,xgboost,892,26,1,0,0,0.14988793432712555
development_oof,x10,10,xgboost,903,248,1,0,0,0.3457803726196289
development_oof,x10,10,xgboost,909,245,1,0,0,0.18692821264266968
development_oof,x10,10,xgboost,912,19,1,0,0,0.27914008498191833
development_oof,x10,10,xgboost,924,239,1,0,0,0.2525811493396759
development_oof,x10,10,xgboost,929,67,1,0,0,0.2093970775604248
development_oof,x10,10,xgboost,937,230,1,0,0,0.12240173667669296
development_oof,x10,10,xgboost,938,79,1,0,0,0.19169098138809204
development_oof,x10,10,xgboost,944,58,1,1,1,0.5953417420387268
development_oof,x10,10,xgboost,956,222,1,0,1,0.7845211625099182
development_oof,x10,10,xgboost,959,117,1,0,0,0.08674731105566025
development_oof,x10,10,xgboost,961,219,1,0,0,0.2008141577243805
development_oof,x10,10,xgboost,970,213,1,0,0,0.1815515160560608
development_oof,x10,10,xgboost,983,205,1,1,0,0.1614489108324051
development_oof,x10,10,xgboost,989,47,1,0,0,0.12908628582954407
development_oof,x10,10,xgboost,992,200,1,0,0,0.09607516974210739
development_oof,x10,10,xgboost,997,6,1,0,0,0.44615375995635986
development_oof,x10,10,xgboost,1007,195,1,0,0,0.11202584207057953
development_oof,x10,10,xgboost,1011,110,1,1,1,0.6695548892021179
development_oof,x10,10,xgboost,1023,187,1,0,1,0.7076801657676697
development_oof,x10,10,xgboost,1034,178,1,0,0,0.10670731961727142
development_oof,x10,10,xgboost,2,460,2,0,0,0.14394062757492065
development_oof,x10,10,xgboost,8,107,2,0,0,0.20054009556770325
development_oof,x10,10,xgboost,18,56,2,1,1,0.9746180772781372
development_oof,x10,10,xgboost,33,452,2,0,0,0.06658006459474564
development_oof,x10,10,xgboost,34,23,2,0,0,0.14827091991901398
development_oof,x10,10,xgboost,37,177,2,0,0,0.09415016323328018
development_oof,x10,10,xgboost,50,40,2,1,1,0.9359121918678284
development_oof,x10,10,xgboost,51,75,2,1,0,0.25733619928359985
development_oof,x10,10,xgboost,55,107,2,0,0,0.13023924827575684
development_oof,x10,10,xgboost,67,446,2,0,0,0.0626811683177948
development_oof,x10,10,xgboost,81,441,2,0,0,0.08253230899572372
development_oof,x10,10,xgboost,97,30,2,1,0,0.19496184587478638
development_oof,x10,10,xgboost,108,436,2,0,0,0.1149129569530487
development_oof,x10,10,xgboost,114,173,2,0,0,0.13598227500915527
development_oof,x10,10,xgboost,115,2,2,1,0,0.19128112494945526
development_oof,x10,10,xgboost,118,172,2,0,0,0.27266427874565125
development_oof,x10,10,xgboost,140,40,2,0,0,0.3801061511039734
development_oof,x10,10,xgboost,166,425,2,0,0,0.2502124011516571
development_oof,x10,10,xgboost,177,40,2,1,1,0.8248699307441711
development_oof,x10,10,xgboost,216,167,2,1,0,0.13456429541110992
development_oof,x10,10,xgboost,229,30,2,1,0,0.32561519742012024
development_oof,x10,10,xgboost,235,30,2,1,0,0.29871952533721924
development_oof,x10,10,xgboost,240,167,2,1,0,0.26694828271865845
development_oof,x10,10,xgboost,241,23,2,0,0,0.15086187422275543
development_oof,x10,10,xgboost,246,56,2,1,1,0.9567701816558838
development_oof,x10,10,xgboost,249,124,2,0,0,0.2661268413066864
development_oof,x10,10,xgboost,251,30,2,1,0,0.23604170978069305
development_oof,x10,10,xgboost,253,412,2,0,0,0.2629280984401703
development_oof,x10,10,xgboost,254,411,2,1,0,0.276364266872406
development_oof,x10,10,xgboost,262,98,2,1,1,0.7346071600914001
development_oof,x10,10,xgboost,265,75,2,0,0,0.23946930468082428
development_oof,x10,10,xgboost,275,56,2,1,1,0.981141209602356
development_oof,x10,10,xgboost,281,30,2,1,0,0.36007818579673767
development_oof,x10,10,xgboost,283,56,2,1,1,0.9264026880264282
development_oof,x10,10,xgboost,291,98,2,1,1,0.7692426443099976
development_oof,x10,10,xgboost,301,403,2,0,0,0.16171477735042572
development_oof,x10,10,xgboost,325,396,2,0,0,0.18061985075473785
development_oof,x10,10,xgboost,344,23,2,1,0,0.18380619585514069
development_oof,x10,10,xgboost,359,23,2,0,0,0.10739022493362427
development_oof,x10,10,xgboost,365,388,2,0,0,0.137182354927063
development_oof,x10,10,xgboost,378,23,2,0,0,0.1468471735715866
development_oof,x10,10,xgboost,389,382,2,0,0,0.16948868334293365
development_oof,x10,10,xgboost,408,98,2,1,1,0.6901490688323975
development_oof,x10,10,xgboost,413,62,2,1,0,0.13994024693965912
development_oof,x10,10,xgboost,425,23,2,0,0,0.1689002960920334
development_oof,x10,10,xgboost,426,377,2,0,1,0.9852922558784485
development_oof,x10,10,xgboost,439,156,2,1,0,0.1734125167131424
development_oof,x10,10,xgboost,461,371,2,1,0,0.26737111806869507
development_oof,x10,10,xgboost,487,156,2,0,0,0.1744759976863861
development_oof,x10,10,xgboost,505,81,2,1,0,0.17758025228977203
development_oof,x10,10,xgboost,514,360,2,1,1,0.6660911440849304
development_oof,x10,10,xgboost,515,150,2,0,0,0.4206189811229706
development_oof,x10,10,xgboost,523,2,2,1,0,0.20308834314346313
development_oof,x10,10,xgboost,526,23,2,0,0,0.12815997004508972
development_oof,x10,10,xgboost,541,113,2,0,0,0.08191213011741638
development_oof,x10,10,xgboost,551,353,2,0,1,0.5353315472602844
development_oof,x10,10,xgboost,584,46,2,0,0,0.12102881819009781
development_oof,x10,10,xgboost,586,346,2,0,1,0.8412777185440063
development_oof,x10,10,xgboost,589,153,2,1,1,0.8087994456291199
development_oof,x10,10,xgboost,593,90,2,0,0,0.07100185751914978
development_oof,x10,10,xgboost,598,90,2,0,0,0.04297366738319397
development_oof,x10,10,xgboost,599,340,2,0,0,0.08810430765151978
development_oof,x10,10,xgboost,603,40,2,1,1,0.7053397297859192
development_oof,x10,10,xgboost,609,7,2,0,0,0.19585585594177246
development_oof,x10,10,xgboost,623,150,2,0,0,0.11845649778842926
development_oof,x10,10,xgboost,624,149,2,1,0,0.1575954705476761
development_oof,x10,10,xgboost,636,334,2,1,0,0.16208086907863617
development_oof,x10,10,xgboost,661,90,2,0,0,0.053380999714136124
development_oof,x10,10,xgboost,670,322,2,0,1,0.9251949787139893
development_oof,x10,10,xgboost,677,319,2,0,0,0.10171788185834885
development_oof,x10,10,xgboost,707,311,2,0,0,0.07563424855470657
development_oof,x10,10,xgboost,710,75,2,1,0,0.12102320045232773
development_oof,x10,10,xgboost,716,309,2,0,0,0.2115878015756607
development_oof,x10,10,xgboost,762,302,2,0,0,0.19863346219062805
development_oof,x10,10,xgboost,766,130,2,0,0,0.08295979350805283
development_oof,x10,10,xgboost,777,297,2,0,0,0.13715693354606628
development_oof,x10,10,xgboost,790,62,2,1,0,0.19953612983226776
development_oof,x10,10,xgboost,791,294,2,0,0,0.11933612823486328
development_oof,x10,10,xgboost,793,292,2,1,0,0.08702106773853302
development_oof,x10,10,xgboost,810,286,2,0,0,0.09774389117956161
development_oof,x10,10,xgboost,819,130,2,1,0,0.11152438074350357
development_oof,x10,10,xgboost,825,83,2,0,0,0.22187577188014984
development_oof,x10,10,xgboost,831,281,2,0,0,0.06499093770980835
development_oof,x10,10,xgboost,842,277,2,0,0,0.16146311163902283
development_oof,x10,10,xgboost,850,273,2,0,0,0.20712463557720184
development_oof,x10,10,xgboost,859,267,2,0,0,0.1708880364894867
development_oof,x10,10,xgboost,863,81,2,1,0,0.38296711444854736
development_oof,x10,10,xgboost,884,257,2,0,0,0.2928679883480072
development_oof,x10,10,xgboost,895,124,2,0,0,0.2822592258453369
development_oof,x10,10,xgboost,896,251,2,0,0,0.2075517624616623
development_oof,x10,10,xgboost,914,56,2,1,1,0.9616210460662842
development_oof,x10,10,xgboost,922,240,2,0,0,0.36322322487831116
development_oof,x10,10,xgboost,923,23,2,0,0,0.2109382152557373
development_oof,x10,10,xgboost,933,232,2,0,0,0.38695666193962097
development_oof,x10,10,xgboost,947,226,2,0,0,0.1008417084813118
development_oof,x10,10,xgboost,951,223,2,0,1,0.5104175209999084
development_oof,x10,10,xgboost,953,119,2,0,0,0.19044730067253113
development_oof,x10,10,xgboost,965,216,2,0,0,0.14245137572288513
development_oof,x10,10,xgboost,976,209,2,0,0,0.12349700182676315
development_oof,x10,10,xgboost,986,113,2,0,0,0.10348068922758102
development_oof,x10,10,xgboost,1001,107,2,0,1,0.7034062147140503
development_oof,x10,10,xgboost,1005,196,2,0,0,0.15898007154464722
development_oof,x10,10,xgboost,1020,188,2,0,0,0.317181259393692
development_oof,x10,10,xgboost,1026,186,2,1,0,0.10237208008766174
development_oof,x10,10,xgboost,1030,182,2,0,0,0.06972718983888626
development_oof,x10,10,xgboost,20,3,3,0,0,0.13365596532821655
development_oof,x10,10,xgboost,29,453,3,0,0,0.05117139592766762
development_oof,x10,10,xgboost,31,3,3,0,0,0.154035285115242
development_oof,x10,10,xgboost,36,80,3,0,0,0.08957921713590622
development_oof,x10,10,xgboost,39,42,3,0,0,0.13071221113204956
development_oof,x10,10,xgboost,42,3,3,0,0,0.15934157371520996
development_oof,x10,10,xgboost,78,443,3,1,1,0.8423847556114197
development_oof,x10,10,xgboost,87,439,3,0,0,0.05532849580049515
development_oof,x10,10,xgboost,92,27,3,1,0,0.0582120306789875
development_oof,x10,10,xgboost,93,165,3,0,0,0.06235779449343681
development_oof,x10,10,xgboost,101,27,3,0,0,0.11263281106948853
development_oof,x10,10,xgboost,125,111,3,0,0,0.1691245138645172
development_oof,x10,10,xgboost,145,430,3,0,0,0.23963211476802826
development_oof,x10,10,xgboost,146,59,3,1,0,0.2785980701446533
development_oof,x10,10,xgboost,147,16,3,0,0,0.17569082975387573
development_oof,x10,10,xgboost,148,59,3,1,0,0.24690915644168854
development_oof,x10,10,xgboost,154,59,3,1,0,0.15777623653411865
development_oof,x10,10,xgboost,158,428,3,0,0,0.053532425314188004
development_oof,x10,10,xgboost,173,52,3,0,0,0.27162742614746094
development_oof,x10,10,xgboost,175,38,3,1,1,0.9132705926895142
development_oof,x10,10,xgboost,176,3,3,0,0,0.20542892813682556
development_oof,x10,10,xgboost,192,8,3,0,0,0.19528715312480927
development_oof,x10,10,xgboost,196,8,3,0,0,0.1984502524137497
development_oof,x10,10,xgboost,202,421,3,0,0,0.05857974290847778
development_oof,x10,10,xgboost,211,8,3,0,0,0.17039631307125092
development_oof,x10,10,xgboost,217,8,3,0,0,0.32458221912384033
development_oof,x10,10,xgboost,218,8,3,0,0,0.28148409724235535
development_oof,x10,10,xgboost,220,8,3,0,0,0.19773131608963013
development_oof,x10,10,xgboost,226,8,3,0,0,0.26235970854759216
development_oof,x10,10,xgboost,227,38,3,1,1,0.944040060043335
development_oof,x10,10,xgboost,230,121,3,1,0,0.2791481912136078
development_oof,x10,10,xgboost,238,415,3,0,0,0.07354314625263214
development_oof,x10,10,xgboost,239,3,3,0,0,0.11368373036384583
development_oof,x10,10,xgboost,242,52,3,1,1,0.941511332988739
development_oof,x10,10,xgboost,252,3,3,0,1,0.5202179551124573
development_oof,x10,10,xgboost,257,80,3,0,0,0.2283146232366562
development_oof,x10,10,xgboost,266,103,3,1,1,0.9476326107978821
development_oof,x10,10,xgboost,268,8,3,0,0,0.18112418055534363
development_oof,x10,10,xgboost,271,165,3,0,1,0.5280550122261047
development_oof,x10,10,xgboost,278,407,3,0,1,0.6103657484054565
development_oof,x10,10,xgboost,279,3,3,0,0,0.14273591339588165
development_oof,x10,10,xgboost,284,38,3,1,1,0.969184398651123
development_oof,x10,10,xgboost,285,3,3,0,0,0.09459540247917175
development_oof,x10,10,xgboost,286,3,3,0,0,0.11331234127283096
development_oof,x10,10,xgboost,287,158,3,0,0,0.12454009056091309
development_oof,x10,10,xgboost,290,164,3,1,1,0.6819894909858704
development_oof,x10,10,xgboost,300,404,3,1,1,0.761587381362915
development_oof,x10,10,xgboost,309,22,3,0,0,0.16833607852458954
development_oof,x10,10,xgboost,320,38,3,1,1,0.8679155111312866
development_oof,x10,10,xgboost,321,397,3,0,0,0.1290316879749298
development_oof,x10,10,xgboost,323,3,3,0,0,0.20213349163532257
development_oof,x10,10,xgboost,327,3,3,0,0,0.03767109289765358
development_oof,x10,10,xgboost,332,38,3,1,1,0.9700459241867065
development_oof,x10,10,xgboost,333,8,3,0,0,0.09842799603939056
development_oof,x10,10,xgboost,341,135,3,1,0,0.2135758399963379
development_oof,x10,10,xgboost,348,3,3,0,0,0.269115686416626
development_oof,x10,10,xgboost,349,22,3,1,0,0.0902407094836235
development_oof,x10,10,xgboost,353,3,3,1,0,0.022626057267189026
development_oof,x10,10,xgboost,354,391,3,1,0,0.1991773396730423
development_oof,x10,10,xgboost,356,390,3,0,0,0.189595565199852
development_oof,x10,10,xgboost,363,22,3,0,0,0.08706662803888321
development_oof,x10,10,xgboost,370,8,3,0,0,0.10496680438518524
development_oof,x10,10,xgboost,387,383,3,1,0,0.15993162989616394
development_oof,x10,10,xgboost,406,78,3,0,0,0.024497294798493385
development_oof,x10,10,xgboost,412,3,3,0,0,0.1398886740207672
development_oof,x10,10,xgboost,414,3,3,0,0,0.1071196123957634
development_oof,x10,10,xgboost,416,378,3,0,0,0.055901408195495605
development_oof,x10,10,xgboost,417,22,3,0,0,0.13511700928211212
development_oof,x10,10,xgboost,419,154,3,1,1,0.7700357437133789
development_oof,x10,10,xgboost,421,27,3,0,0,0.09421978890895844
development_oof,x10,10,xgboost,424,27,3,0,0,0.37134337425231934
development_oof,x10,10,xgboost,437,158,3,0,0,0.13738229870796204
development_oof,x10,10,xgboost,438,96,3,1,0,0.10062213242053986
development_oof,x10,10,xgboost,441,27,3,1,0,0.09233759343624115
development_oof,x10,10,xgboost,443,372,3,0,0,0.10925689339637756
development_oof,x10,10,xgboost,448,13,3,0,0,0.27980273962020874
development_oof,x10,10,xgboost,450,3,3,0,0,0.1601877510547638
development_oof,x10,10,xgboost,451,3,3,0,0,0.4948546588420868
development_oof,x10,10,xgboost,456,78,3,0,0,0.07309877127408981
development_oof,x10,10,xgboost,469,8,3,0,0,0.12315745651721954
development_oof,x10,10,xgboost,473,22,3,0,0,0.017578521743416786
development_oof,x10,10,xgboost,483,27,3,0,0,0.1866348385810852
development_oof,x10,10,xgboost,490,364,3,0,0,0.12072990089654922
development_oof,x10,10,xgboost,511,129,3,0,0,0.06326905637979507
development_oof,x10,10,xgboost,522,154,3,1,1,0.9189122319221497
development_oof,x10,10,xgboost,544,63,3,1,0,0.07183309644460678
development_oof,x10,10,xgboost,547,77,3,0,0,0.21640756726264954
development_oof,x10,10,xgboost,550,354,3,0,0,0.21396039426326752
development_oof,x10,10,xgboost,556,13,3,0,0,0.30389443039894104
development_oof,x10,10,xgboost,567,13,3,0,0,0.15775854885578156
development_oof,x10,10,xgboost,580,348,3,1,0,0.28465884923934937
development_oof,x10,10,xgboost,597,341,3,0,0,0.27756500244140625
development_oof,x10,10,xgboost,606,337,3,0,0,0.15106910467147827
development_oof,x10,10,xgboost,628,147,3,0,0,0.031889889389276505
development_oof,x10,10,xgboost,632,77,3,0,0,0.14537930488586426
development_oof,x10,10,xgboost,649,89,3,0,0,0.2773279547691345
development_oof,x10,10,xgboost,652,328,3,0,0,0.20788666605949402
development_oof,x10,10,xgboost,681,318,3,0,0,0.2946986258029938
development_oof,x10,10,xgboost,685,33,3,0,0,0.4247092008590698
development_oof,x10,10,xgboost,686,144,3,1,0,0.28471678495407104
development_oof,x10,10,xgboost,690,315,3,0,0,0.29720592498779297
development_oof,x10,10,xgboost,694,33,3,0,0,0.28433552384376526
development_oof,x10,10,xgboost,696,89,3,0,0,0.2409384399652481
development_oof,x10,10,xgboost,717,140,3,0,0,0.4019431471824646
development_oof,x10,10,xgboost,718,308,3,0,0,0.4067755341529846
development_oof,x10,10,xgboost,743,13,3,0,0,0.23278850317001343
development_oof,x10,10,xgboost,756,303,3,0,0,0.13323794305324554
development_oof,x10,10,xgboost,767,63,3,1,0,0.0796729251742363
development_oof,x10,10,xgboost,768,300,3,0,1,0.7025013566017151
development_oof,x10,10,xgboost,769,135,3,0,0,0.23203322291374207
development_oof,x10,10,xgboost,801,290,3,0,0,0.0740986317396164
development_oof,x10,10,xgboost,805,63,3,1,0,0.13331562280654907
development_oof,x10,10,xgboost,807,288,3,0,0,0.15435908734798431
development_oof,x10,10,xgboost,808,33,3,0,0,0.4836217164993286
development_oof,x10,10,xgboost,813,33,3,0,0,0.3675849735736847
development_oof,x10,10,xgboost,821,282,3,0,0,0.4474802613258362
development_oof,x10,10,xgboost,827,129,3,0,0,0.033917441964149475
development_oof,x10,10,xgboost,847,274,3,0,0,0.0883757472038269
development_oof,x10,10,xgboost,854,271,3,0,0,0.07625122368335724
development_oof,x10,10,xgboost,864,264,3,0,0,0.18150165677070618
development_oof,x10,10,xgboost,866,262,3,0,0,0.26802858710289
development_oof,x10,10,xgboost,869,80,3,0,0,0.25713515281677246
development_oof,x10,10,xgboost,881,259,3,0,0,0.21272706985473633
development_oof,x10,10,xgboost,883,59,3,1,0,0.36819374561309814
development_oof,x10,10,xgboost,893,253,3,0,0,0.1451733261346817
development_oof,x10,10,xgboost,899,123,3,1,1,0.8867617249488831
development_oof,x10,10,xgboost,904,52,3,1,1,0.9229170680046082
development_oof,x10,10,xgboost,913,121,3,1,1,0.7995522618293762
development_oof,x10,10,xgboost,917,243,3,1,0,0.19020110368728638
development_oof,x10,10,xgboost,920,241,3,0,0,0.11701728403568268
development_oof,x10,10,xgboost,921,16,3,0,1,0.5113383531570435
development_oof,x10,10,xgboost,930,235,3,1,0,0.42651230096817017
development_oof,x10,10,xgboost,935,231,3,0,0,0.07428594678640366
development_oof,x10,10,xgboost,940,78,3,0,0,0.16205696761608124
development_oof,x10,10,xgboost,945,227,3,0,0,0.12993119657039642
development_oof,x10,10,xgboost,962,218,3,0,0,0.12308073788881302
development_oof,x10,10,xgboost,963,217,3,0,0,0.1266745775938034
development_oof,x10,10,xgboost,973,210,3,0,0,0.07372596114873886
development_oof,x10,10,xgboost,982,77,3,0,0,0.10918301343917847
development_oof,x10,10,xgboost,988,202,3,1,0,0.08994361013174057
development_oof,x10,10,xgboost,998,198,3,0,0,0.13378266990184784
development_oof,x10,10,xgboost,1002,197,3,0,0,0.1570427566766739
development_oof,x10,10,xgboost,1006,111,3,0,0,0.16602149605751038
development_oof,x10,10,xgboost,1017,189,3,0,0,0.11457044631242752
development_oof,x10,10,xgboost,1025,63,3,1,0,0.1278253048658371
development_oof,x10,10,xgboost,1028,184,3,0,0,0.14201585948467255
development_oof,x10,10,xgboost,1029,183,3,0,0,0.3093194365501404
development_oof,x10,10,xgboost,16,93,4,1,1,0.867644727230072
development_oof,x10,10,xgboost,19,457,4,0,0,0.11068625003099442
development_oof,x10,10,xgboost,27,53,4,0,1,0.6758580803871155
development_oof,x10,10,xgboost,44,450,4,0,0,0.06355273723602295
development_oof,x10,10,xgboost,60,4,4,1,0,0.2363574355840683
development_oof,x10,10,xgboost,62,82,4,0,0,0.0360085628926754
development_oof,x10,10,xgboost,66,82,4,1,0,0.4259694516658783
development_oof,x10,10,xgboost,69,444,4,0,0,0.028239071369171143
development_oof,x10,10,xgboost,83,60,4,1,0,0.30508890748023987
development_oof,x10,10,xgboost,84,9,4,1,1,0.8091036677360535
development_oof,x10,10,xgboost,86,174,4,1,1,0.9234833717346191
development_oof,x10,10,xgboost,90,9,4,1,1,0.9579004049301147
development_oof,x10,10,xgboost,95,161,4,0,0,0.3304257094860077
development_oof,x10,10,xgboost,102,15,4,0,0,0.26647043228149414
development_oof,x10,10,xgboost,112,9,4,1,1,0.9304250478744507
development_oof,x10,10,xgboost,117,433,4,0,0,0.18919609487056732
development_oof,x10,10,xgboost,119,0,4,0,0,0.3779403269290924
development_oof,x10,10,xgboost,123,9,4,1,1,0.9535587430000305
development_oof,x10,10,xgboost,131,170,4,1,0,0.30508890748023987
development_oof,x10,10,xgboost,134,15,4,0,0,0.2844880521297455
development_oof,x10,10,xgboost,138,431,4,0,0,0.1023077741265297
development_oof,x10,10,xgboost,142,0,4,0,0,0.240653857588768
development_oof,x10,10,xgboost,156,9,4,1,1,0.9751092195510864
development_oof,x10,10,xgboost,157,0,4,0,0,0.055565863847732544
development_oof,x10,10,xgboost,159,4,4,1,0,0.21134993433952332
development_oof,x10,10,xgboost,169,9,4,1,1,0.9460998773574829
development_oof,x10,10,xgboost,170,60,4,1,0,0.39419883489608765
development_oof,x10,10,xgboost,178,54,4,0,0,0.24428801238536835
development_oof,x10,10,xgboost,181,9,4,1,1,0.946162223815918
development_oof,x10,10,xgboost,183,422,4,0,0,0.05855268985033035
development_oof,x10,10,xgboost,184,4,4,1,0,0.22751131653785706
development_oof,x10,10,xgboost,187,9,4,1,1,0.9793761968612671
development_oof,x10,10,xgboost,193,9,4,1,1,0.93719482421875
development_oof,x10,10,xgboost,198,53,4,0,0,0.1524137705564499
development_oof,x10,10,xgboost,201,9,4,1,1,0.9785929918289185
development_oof,x10,10,xgboost,206,125,4,1,0,0.05577763170003891
development_oof,x10,10,xgboost,210,104,4,1,1,0.9378430843353271
development_oof,x10,10,xgboost,221,9,4,1,1,0.9445931911468506
development_oof,x10,10,xgboost,236,416,4,1,0,0.039399899542331696
development_oof,x10,10,xgboost,258,35,4,0,0,0.3305690288543701
development_oof,x10,10,xgboost,277,102,4,1,0,0.2757323086261749
development_oof,x10,10,xgboost,294,122,4,0,0,0.4360778033733368
development_oof,x10,10,xgboost,304,24,4,1,0,0.1149502769112587
development_oof,x10,10,xgboost,310,401,4,0,0,0.1306203454732895
development_oof,x10,10,xgboost,311,400,4,1,0,0.16257818043231964
development_oof,x10,10,xgboost,322,15,4,0,0,0.21727313101291656
development_oof,x10,10,xgboost,335,15,4,0,0,0.26647043228149414
development_oof,x10,10,xgboost,337,15,4,0,0,0.1103794202208519
development_oof,x10,10,xgboost,355,15,4,0,0,0.2753427028656006
development_oof,x10,10,xgboost,358,389,4,0,1,0.656663179397583
development_oof,x10,10,xgboost,371,161,4,0,0,0.07031600922346115
development_oof,x10,10,xgboost,379,24,4,0,0,0.13296028971672058
development_oof,x10,10,xgboost,382,384,4,0,0,0.05183848366141319
development_oof,x10,10,xgboost,384,69,4,0,0,0.05621238052845001
development_oof,x10,10,xgboost,386,4,4,1,0,0.3336132764816284
development_oof,x10,10,xgboost,392,4,4,1,1,0.6264991760253906
development_oof,x10,10,xgboost,393,0,4,0,0,0.11191612482070923
development_oof,x10,10,xgboost,400,28,4,0,0,0.34439510107040405
development_oof,x10,10,xgboost,401,4,4,1,0,0.19069111347198486
development_oof,x10,10,xgboost,404,35,4,0,0,0.4640800654888153
development_oof,x10,10,xgboost,405,379,4,0,0,0.15602900087833405
development_oof,x10,10,xgboost,407,160,4,0,0,0.18933714926242828
development_oof,x10,10,xgboost,409,4,4,1,0,0.43462181091308594
development_oof,x10,10,xgboost,423,50,4,0,0,0.12824246287345886
development_oof,x10,10,xgboost,430,4,4,1,0,0.16434599459171295
development_oof,x10,10,xgboost,434,97,4,1,1,0.9236919283866882
development_oof,x10,10,xgboost,446,4,4,1,0,0.4319995045661926
development_oof,x10,10,xgboost,454,104,4,1,1,0.8251208066940308
development_oof,x10,10,xgboost,455,93,4,1,1,0.864787220954895
development_oof,x10,10,xgboost,462,15,4,0,0,0.2283552885055542
development_oof,x10,10,xgboost,464,4,4,1,0,0.14744459092617035
development_oof,x10,10,xgboost,465,4,4,1,0,0.47959327697753906
development_oof,x10,10,xgboost,466,0,4,0,0,0.03398429974913597
development_oof,x10,10,xgboost,470,0,4,0,0,0.08772766590118408
development_oof,x10,10,xgboost,480,367,4,0,0,0.2586268186569214
development_oof,x10,10,xgboost,481,4,4,1,0,0.20598562061786652
development_oof,x10,10,xgboost,484,365,4,0,0,0.4195936322212219
development_oof,x10,10,xgboost,495,0,4,0,0,0.13083329796791077
development_oof,x10,10,xgboost,498,54,4,0,0,0.13415923714637756
development_oof,x10,10,xgboost,499,15,4,0,0,0.37691617012023926
development_oof,x10,10,xgboost,500,28,4,0,0,0.18037179112434387
development_oof,x10,10,xgboost,501,72,4,0,0,0.07432927936315536
development_oof,x10,10,xgboost,503,93,4,1,1,0.9338605403900146
development_oof,x10,10,xgboost,506,0,4,0,0,0.07625607401132584
development_oof,x10,10,xgboost,517,0,4,0,0,0.1123107448220253
development_oof,x10,10,xgboost,519,53,4,0,0,0.4792589247226715
development_oof,x10,10,xgboost,520,53,4,0,0,0.23707100749015808
development_oof,x10,10,xgboost,524,0,4,0,0,0.2938162684440613
development_oof,x10,10,xgboost,525,15,4,0,0,0.2793463468551636
development_oof,x10,10,xgboost,527,0,4,0,0,0.3501691222190857
development_oof,x10,10,xgboost,528,359,4,0,0,0.030961833894252777
development_oof,x10,10,xgboost,529,0,4,0,0,0.27464011311531067
development_oof,x10,10,xgboost,542,35,4,1,0,0.1777924746274948
development_oof,x10,10,xgboost,543,0,4,0,0,0.06977154314517975
development_oof,x10,10,xgboost,545,136,4,1,0,0.3082262873649597
development_oof,x10,10,xgboost,553,0,4,0,0,0.1781720370054245
development_oof,x10,10,xgboost,559,351,4,0,0,0.11444887518882751
development_oof,x10,10,xgboost,560,0,4,0,0,0.1060200110077858
development_oof,x10,10,xgboost,568,0,4,0,0,0.176274374127388
development_oof,x10,10,xgboost,570,0,4,1,0,0.14408856630325317
development_oof,x10,10,xgboost,572,0,4,1,0,0.13766814768314362
development_oof,x10,10,xgboost,577,44,4,0,0,0.14921706914901733
development_oof,x10,10,xgboost,581,347,4,0,0,0.16547201573848724
development_oof,x10,10,xgboost,582,44,4,0,0,0.23241545259952545
development_oof,x10,10,xgboost,583,69,4,0,0,0.037408970296382904
development_oof,x10,10,xgboost,588,344,4,0,0,0.2068721204996109
development_oof,x10,10,xgboost,592,0,4,1,0,0.3743421733379364
development_oof,x10,10,xgboost,595,35,4,0,0,0.1601993888616562
development_oof,x10,10,xgboost,600,151,4,0,0,0.10956417769193649
development_oof,x10,10,xgboost,602,338,4,0,0,0.35046160221099854
development_oof,x10,10,xgboost,604,0,4,0,0,0.12917615473270416
development_oof,x10,10,xgboost,605,0,4,0,0,0.3971722424030304
development_oof,x10,10,xgboost,607,0,4,1,0,0.13257071375846863
development_oof,x10,10,xgboost,608,0,4,0,0,0.08265600353479385
development_oof,x10,10,xgboost,610,0,4,0,0,0.10826682299375534
development_oof,x10,10,xgboost,611,0,4,0,0,0.22711361944675446
development_oof,x10,10,xgboost,613,85,4,0,0,0.3558972477912903
development_oof,x10,10,xgboost,615,0,4,0,0,0.3934154510498047
development_oof,x10,10,xgboost,627,335,4,0,0,0.2266789674758911
development_oof,x10,10,xgboost,633,0,4,0,0,0.0375751331448555
development_oof,x10,10,xgboost,646,0,4,0,0,0.18731799721717834
development_oof,x10,10,xgboost,647,0,4,0,0,0.16459551453590393
development_oof,x10,10,xgboost,648,329,4,0,0,0.25010260939598083
development_oof,x10,10,xgboost,657,4,4,1,0,0.18837182223796844
development_oof,x10,10,xgboost,662,0,4,0,0,0.15738871693611145
development_oof,x10,10,xgboost,665,69,4,1,0,0.04402845352888107
development_oof,x10,10,xgboost,666,44,4,0,0,0.24686212837696075
development_oof,x10,10,xgboost,667,0,4,0,0,0.19612321257591248
development_oof,x10,10,xgboost,671,321,4,1,0,0.08954424411058426
development_oof,x10,10,xgboost,674,4,4,0,0,0.3810116946697235
development_oof,x10,10,xgboost,683,142,4,0,0,0.3863706588745117
development_oof,x10,10,xgboost,691,142,4,0,0,0.09974699467420578
development_oof,x10,10,xgboost,692,0,4,0,0,0.0951363742351532
development_oof,x10,10,xgboost,693,0,4,0,0,0.10341980308294296
development_oof,x10,10,xgboost,699,0,4,0,0,0.15611231327056885
development_oof,x10,10,xgboost,701,0,4,1,0,0.1440907120704651
development_oof,x10,10,xgboost,704,313,4,0,0,0.11170544475317001
development_oof,x10,10,xgboost,706,0,4,0,0,0.11933210492134094
development_oof,x10,10,xgboost,715,4,4,1,0,0.3901250660419464
development_oof,x10,10,xgboost,729,0,4,0,0,0.16637712717056274
development_oof,x10,10,xgboost,731,60,4,0,0,0.12035629153251648
development_oof,x10,10,xgboost,735,132,4,0,0,0.13818243145942688
development_oof,x10,10,xgboost,737,85,4,1,0,0.14301393926143646
development_oof,x10,10,xgboost,738,136,4,1,0,0.3195192813873291
development_oof,x10,10,xgboost,740,44,4,0,0,0.21690763533115387
development_oof,x10,10,xgboost,742,305,4,0,0,0.20136407017707825
development_oof,x10,10,xgboost,745,0,4,0,0,0.07225949317216873
development_oof,x10,10,xgboost,753,85,4,0,0,0.2958339750766754
development_oof,x10,10,xgboost,761,44,4,0,0,0.19198006391525269
development_oof,x10,10,xgboost,776,298,4,0,0,0.04781162366271019
development_oof,x10,10,xgboost,794,0,4,0,0,0.300279825925827
development_oof,x10,10,xgboost,796,35,4,0,0,0.0931411013007164
development_oof,x10,10,xgboost,800,132,4,0,0,0.19019566476345062
development_oof,x10,10,xgboost,803,289,4,0,0,0.23919440805912018
development_oof,x10,10,xgboost,818,283,4,0,0,0.08181457221508026
development_oof,x10,10,xgboost,822,35,4,0,0,0.16432137787342072
development_oof,x10,10,xgboost,839,82,4,0,0,0.03937622532248497
development_oof,x10,10,xgboost,844,276,4,0,0,0.09598901122808456
development_oof,x10,10,xgboost,855,270,4,0,0,0.1233818531036377
development_oof,x10,10,xgboost,865,263,4,0,0,0.1049385741353035
development_oof,x10,10,xgboost,867,60,4,0,0,0.3543454706668854
development_oof,x10,10,xgboost,885,256,4,0,0,0.36333900690078735
development_oof,x10,10,xgboost,888,254,4,1,0,0.04556315019726753
development_oof,x10,10,xgboost,891,125,4,0,0,0.18732845783233643
development_oof,x10,10,xgboost,902,122,4,1,0,0.37640705704689026
development_oof,x10,10,xgboost,907,246,4,0,0,0.06249359995126724
development_oof,x10,10,xgboost,918,242,4,0,0,0.1560538113117218
development_oof,x10,10,xgboost,931,234,4,0,0,0.03272965922951698
development_oof,x10,10,xgboost,949,224,4,0,0,0.10983220487833023
development_oof,x10,10,xgboost,954,4,4,1,1,0.5815522074699402
development_oof,x10,10,xgboost,968,214,4,1,0,0.15009203553199768
development_oof,x10,10,xgboost,980,207,4,0,0,0.06546416133642197
development_oof,x10,10,xgboost,981,206,4,0,0,0.20914186537265778
development_oof,x10,10,xgboost,984,204,4,1,0,0.1757010966539383
development_oof,x10,10,xgboost,991,0,4,0,0,0.12926946580410004
development_oof,x10,10,xgboost,993,69,4,0,0,0.1308659017086029
development_oof,x10,10,xgboost,995,112,4,0,0,0.11548855155706406
development_oof,x10,10,xgboost,1016,190,4,1,0,0.21713662147521973
development_oof,x10,10,xgboost,1024,4,4,1,1,0.5366736650466919
development_oof,x10,10,xgboost,1031,181,4,0,1,0.7065677046775818
development_oof,x10,10,xgboost,1033,179,4,0,0,0.1447819322347641
development_oof,x10,10,xgboost,5,31,5,1,1,0.8854636549949646
development_oof,x10,10,xgboost,6,61,5,0,0,0.13919275999069214
development_oof,x10,10,xgboost,15,458,5,1,1,0.8826103210449219
development_oof,x10,10,xgboost,23,11,5,0,1,0.514812707901001
development_oof,x10,10,xgboost,26,11,5,0,0,0.19652915000915527
development_oof,x10,10,xgboost,41,451,5,0,0,0.16996531188488007
development_oof,x10,10,xgboost,46,18,5,0,1,0.889491081237793
development_oof,x10,10,xgboost,49,11,5,0,0,0.1744328737258911
development_oof,x10,10,xgboost,52,448,5,0,0,0.15016447007656097
development_oof,x10,10,xgboost,57,61,5,0,0,0.16827121376991272
development_oof,x10,10,xgboost,58,11,5,0,0,0.15709728002548218
development_oof,x10,10,xgboost,59,11,5,0,0,0.37002119421958923
development_oof,x10,10,xgboost,76,11,5,0,1,0.5601823329925537
development_oof,x10,10,xgboost,79,175,5,1,0,0.29988861083984375
development_oof,x10,10,xgboost,85,17,5,1,1,0.8543136119842529
development_oof,x10,10,xgboost,96,18,5,1,1,0.8829637765884399
development_oof,x10,10,xgboost,98,438,5,0,0,0.13626794517040253
development_oof,x10,10,xgboost,100,31,5,1,1,0.894709050655365
development_oof,x10,10,xgboost,105,437,5,1,0,0.24566622078418732
development_oof,x10,10,xgboost,106,18,5,1,1,0.8613206744194031
development_oof,x10,10,xgboost,111,106,5,0,0,0.26754066348075867
development_oof,x10,10,xgboost,116,434,5,0,0,0.3625248670578003
development_oof,x10,10,xgboost,130,171,5,0,0,0.31103992462158203
development_oof,x10,10,xgboost,132,18,5,1,1,0.8923525214195251
development_oof,x10,10,xgboost,141,106,5,0,0,0.2214023470878601
development_oof,x10,10,xgboost,149,106,5,0,0,0.2130005657672882
development_oof,x10,10,xgboost,150,55,5,1,1,0.8728508949279785
development_oof,x10,10,xgboost,152,429,5,0,0,0.1965402066707611
development_oof,x10,10,xgboost,161,427,5,0,0,0.33126744627952576
development_oof,x10,10,xgboost,163,18,5,1,1,0.8939430713653564
development_oof,x10,10,xgboost,165,17,5,1,1,0.869778037071228
development_oof,x10,10,xgboost,167,18,5,1,1,0.8778616189956665
development_oof,x10,10,xgboost,172,423,5,0,1,0.9095935225486755
development_oof,x10,10,xgboost,179,11,5,0,0,0.3259618878364563
development_oof,x10,10,xgboost,182,31,5,1,1,0.8752274513244629
development_oof,x10,10,xgboost,186,18,5,1,1,0.8810935616493225
development_oof,x10,10,xgboost,195,31,5,1,1,0.8848637342453003
development_oof,x10,10,xgboost,208,31,5,1,1,0.8804634809494019
development_oof,x10,10,xgboost,215,61,5,0,0,0.34709835052490234
development_oof,x10,10,xgboost,219,418,5,0,0,0.20369823276996613
development_oof,x10,10,xgboost,223,68,5,0,0,0.1901165395975113
development_oof,x10,10,xgboost,225,55,5,1,1,0.879227340221405
development_oof,x10,10,xgboost,231,417,5,0,0,0.16586416959762573
development_oof,x10,10,xgboost,233,17,5,1,1,0.8639641404151917
development_oof,x10,10,xgboost,255,410,5,0,0,0.15816524624824524
development_oof,x10,10,xgboost,256,18,5,1,1,0.890190601348877
development_oof,x10,10,xgboost,259,409,5,0,0,0.18903009593486786
development_oof,x10,10,xgboost,261,25,5,1,0,0.19972077012062073
development_oof,x10,10,xgboost,273,25,5,1,0,0.23067806661128998
development_oof,x10,10,xgboost,276,17,5,1,1,0.7413859963417053
development_oof,x10,10,xgboost,297,163,5,0,0,0.21581381559371948
development_oof,x10,10,xgboost,298,405,5,0,0,0.21048134565353394
development_oof,x10,10,xgboost,316,100,5,0,0,0.22682736814022064
development_oof,x10,10,xgboost,319,163,5,0,0,0.20573920011520386
development_oof,x10,10,xgboost,326,157,5,1,1,0.8872789144515991
development_oof,x10,10,xgboost,330,76,5,1,0,0.20686793327331543
development_oof,x10,10,xgboost,334,394,5,0,0,0.23216842114925385
development_oof,x10,10,xgboost,336,55,5,1,1,0.8639641404151917
development_oof,x10,10,xgboost,338,17,5,1,1,0.8795058727264404
development_oof,x10,10,xgboost,339,11,5,0,1,0.5354024767875671
development_oof,x10,10,xgboost,340,393,5,0,0,0.14577408134937286
development_oof,x10,10,xgboost,343,17,5,1,1,0.8854636549949646
development_oof,x10,10,xgboost,347,17,5,1,1,0.890190601348877
development_oof,x10,10,xgboost,351,100,5,1,0,0.23286780714988708
development_oof,x10,10,xgboost,357,37,5,1,1,0.8746068477630615
development_oof,x10,10,xgboost,364,25,5,1,0,0.2230612188577652
development_oof,x10,10,xgboost,372,17,5,1,1,0.8791238069534302
development_oof,x10,10,xgboost,377,386,5,0,0,0.15566210448741913
development_oof,x10,10,xgboost,381,76,5,0,0,0.1935926377773285
development_oof,x10,10,xgboost,397,11,5,0,0,0.21911373734474182
development_oof,x10,10,xgboost,402,380,5,0,0,0.2093416154384613
development_oof,x10,10,xgboost,435,374,5,0,0,0.13919275999069214
development_oof,x10,10,xgboost,436,25,5,1,0,0.18548615276813507
development_oof,x10,10,xgboost,458,18,5,0,1,0.8838006258010864
development_oof,x10,10,xgboost,459,25,5,1,0,0.21203204989433289
development_oof,x10,10,xgboost,468,370,5,0,0,0.20905809104442596
development_oof,x10,10,xgboost,479,368,5,0,0,0.2104090452194214
development_oof,x10,10,xgboost,486,157,5,0,0,0.2043805867433548
development_oof,x10,10,xgboost,494,94,5,0,0,0.24147167801856995
development_oof,x10,10,xgboost,533,71,5,0,0,0.27990126609802246
development_oof,x10,10,xgboost,536,71,5,0,0,0.24308542907238007
development_oof,x10,10,xgboost,549,355,5,0,0,0.27463871240615845
development_oof,x10,10,xgboost,555,352,5,1,1,0.8902422785758972
development_oof,x10,10,xgboost,557,66,5,0,0,0.2824014127254486
development_oof,x10,10,xgboost,563,71,5,0,0,0.3196367025375366
development_oof,x10,10,xgboost,575,115,5,0,0,0.31175878643989563
development_oof,x10,10,xgboost,579,114,5,1,0,0.2669193744659424
development_oof,x10,10,xgboost,585,31,5,1,1,0.8765954971313477
development_oof,x10,10,xgboost,587,345,5,0,1,0.5633360147476196
development_oof,x10,10,xgboost,601,339,5,0,0,0.19109031558036804
development_oof,x10,10,xgboost,612,87,5,0,0,0.18048733472824097
development_oof,x10,10,xgboost,620,68,5,0,0,0.15195804834365845
development_oof,x10,10,xgboost,634,17,5,1,1,0.8703542351722717
development_oof,x10,10,xgboost,635,68,5,1,0,0.20316310226917267
development_oof,x10,10,xgboost,640,146,5,0,0,0.14430804550647736
development_oof,x10,10,xgboost,641,66,5,0,0,0.18663424253463745
development_oof,x10,10,xgboost,643,330,5,0,0,0.19294533133506775
development_oof,x10,10,xgboost,645,146,5,0,0,0.16820569336414337
development_oof,x10,10,xgboost,656,326,5,0,0,0.29633966088294983
development_oof,x10,10,xgboost,664,116,5,0,0,0.15566232800483704
development_oof,x10,10,xgboost,675,71,5,0,0,0.3412511348724365
development_oof,x10,10,xgboost,682,317,5,0,0,0.18898697197437286
development_oof,x10,10,xgboost,688,143,5,0,0,0.1721440851688385
development_oof,x10,10,xgboost,698,314,5,0,0,0.29191574454307556
development_oof,x10,10,xgboost,711,45,5,0,0,0.18158452212810516
development_oof,x10,10,xgboost,723,25,5,0,0,0.23286780714988708
development_oof,x10,10,xgboost,725,45,5,1,0,0.301615834236145
development_oof,x10,10,xgboost,726,31,5,1,1,0.8872789144515991
development_oof,x10,10,xgboost,732,45,5,0,0,0.28072649240493774
development_oof,x10,10,xgboost,736,137,5,0,0,0.4557073414325714
development_oof,x10,10,xgboost,741,306,5,0,0,0.1855042278766632
development_oof,x10,10,xgboost,744,87,5,0,0,0.17320701479911804
development_oof,x10,10,xgboost,749,11,5,0,0,0.15045669674873352
development_oof,x10,10,xgboost,799,45,5,0,0,0.3548552989959717
development_oof,x10,10,xgboost,802,131,5,0,0,0.21073490381240845
development_oof,x10,10,xgboost,816,284,5,0,0,0.3114784359931946
development_oof,x10,10,xgboost,837,278,5,0,0,0.20559144020080566
development_oof,x10,10,xgboost,845,11,5,0,0,0.14459720253944397
development_oof,x10,10,xgboost,857,268,5,0,0,0.17386896908283234
development_oof,x10,10,xgboost,858,61,5,0,0,0.34709835052490234
development_oof,x10,10,xgboost,860,266,5,0,0,0.18838703632354736
development_oof,x10,10,xgboost,870,260,5,0,0,0.1774088591337204
development_oof,x10,10,xgboost,900,249,5,0,0,0.21395651996135712
development_oof,x10,10,xgboost,906,247,5,0,0,0.20211739838123322
development_oof,x10,10,xgboost,915,25,5,1,0,0.20810848474502563
development_oof,x10,10,xgboost,926,238,5,1,0,0.2043805867433548
development_oof,x10,10,xgboost,939,229,5,1,0,0.3232558071613312
development_oof,x10,10,xgboost,948,225,5,1,0,0.2318551391363144
development_oof,x10,10,xgboost,958,220,5,0,0,0.1500561535358429
development_oof,x10,10,xgboost,960,116,5,0,0,0.20352719724178314
development_oof,x10,10,xgboost,969,115,5,0,0,0.32301202416419983
development_oof,x10,10,xgboost,971,212,5,1,1,0.5247953534126282
development_oof,x10,10,xgboost,972,211,5,0,0,0.13626794517040253
development_oof,x10,10,xgboost,974,45,5,0,0,0.27854716777801514
development_oof,x10,10,xgboost,975,66,5,0,0,0.16012103855609894
development_oof,x10,10,xgboost,979,114,5,0,0,0.18477874994277954
development_oof,x10,10,xgboost,990,201,5,0,0,0.20411676168441772
development_oof,x10,10,xgboost,1008,76,5,0,0,0.17045828700065613
development_oof,x10,10,xgboost,1010,194,5,0,0,0.3500607907772064
development_oof,x10,10,xgboost,1015,191,5,1,0,0.16823886334896088
development_oof,x10,10,xgboost,1027,185,5,1,1,0.6762807965278625
development_oof,x10,10,xgboost,1032,180,5,0,0,0.3369472622871399
development_oof,x10,10,mlp,3,108,1,0,0,0.22347058742704853
development_oof,x10,10,mlp,13,109,1,1,1,0.5209900842794739
development_oof,x10,10,mlp,22,456,1,0,0,0.2543125993562585
development_oof,x10,10,mlp,24,455,1,0,0,0.3460000620692777
development_oof,x10,10,mlp,25,12,1,1,0,0.24971272725109755
development_oof,x10,10,mlp,35,108,1,0,0,0.2062150249500011
development_oof,x10,10,mlp,43,6,1,0,0,0.2829387384617087
development_oof,x10,10,mlp,53,447,1,0,0,0.1787510451439817
development_oof,x10,10,mlp,65,168,1,1,1,0.5231250509455652
development_oof,x10,10,mlp,68,445,1,1,0,0.1658908081925644
development_oof,x10,10,mlp,70,166,1,0,0,0.2036745153078814
development_oof,x10,10,mlp,72,12,1,1,0,0.29803451814571036
development_oof,x10,10,mlp,75,108,1,0,0,0.2399454244630176
development_oof,x10,10,mlp,88,12,1,0,0,0.24570068048278068
development_oof,x10,10,mlp,89,6,1,0,0,0.3434415476196314
development_oof,x10,10,mlp,110,41,1,0,0,0.43083426860203305
development_oof,x10,10,mlp,129,58,1,1,0,0.40753094257581085
development_oof,x10,10,mlp,133,432,1,1,1,0.505426576204277
development_oof,x10,10,mlp,144,41,1,0,0,0.4535584201326991
development_oof,x10,10,mlp,153,41,1,0,0,0.4309913916816856
development_oof,x10,10,mlp,155,41,1,0,0,0.43109097710464167
development_oof,x10,10,mlp,168,424,1,0,0,0.29507443072464984
development_oof,x10,10,mlp,171,41,1,1,0,0.37152686177594874
development_oof,x10,10,mlp,197,168,1,1,1,0.5909266638499141
development_oof,x10,10,mlp,205,41,1,0,0,0.43135139114425713
development_oof,x10,10,mlp,209,420,1,1,1,0.5464729948613125
development_oof,x10,10,mlp,232,6,1,0,0,0.3389265531575819
development_oof,x10,10,mlp,237,117,1,0,0,0.29892036118303433
development_oof,x10,10,mlp,243,414,1,0,0,0.3698443576132791
development_oof,x10,10,mlp,250,166,1,0,0,0.23449454004186765
development_oof,x10,10,mlp,270,12,1,1,0,0.2887932307855461
development_oof,x10,10,mlp,272,19,1,0,0,0.36704606482325075
development_oof,x10,10,mlp,282,406,1,1,1,0.500895866778236
development_oof,x10,10,mlp,289,6,1,0,0,0.4172282136123741
development_oof,x10,10,mlp,303,12,1,1,0,0.30905428690827313
development_oof,x10,10,mlp,305,402,1,0,0,0.2607710271832096
development_oof,x10,10,mlp,306,101,1,1,0,0.284036848559476
development_oof,x10,10,mlp,307,12,1,1,0,0.3090738501276871
development_oof,x10,10,mlp,314,398,1,0,0,0.28467645262491
development_oof,x10,10,mlp,318,127,1,1,0,0.019972376489819404
development_oof,x10,10,mlp,328,395,1,1,0,0.3074205996244474
development_oof,x10,10,mlp,345,73,1,0,1,0.535329348167814
development_oof,x10,10,mlp,346,12,1,1,0,0.31575304390501463
development_oof,x10,10,mlp,350,12,1,0,0,0.36893158846014923
development_oof,x10,10,mlp,362,36,1,0,0,0.29953249855274855
development_oof,x10,10,mlp,366,79,1,1,0,0.34975033270642203
development_oof,x10,10,mlp,367,79,1,1,0,0.3792787165976789
development_oof,x10,10,mlp,368,387,1,0,0,0.36742652065762677
development_oof,x10,10,mlp,383,12,1,1,0,0.32583191109014437
development_oof,x10,10,mlp,390,381,1,0,0,0.277240748255819
development_oof,x10,10,mlp,411,6,1,0,0,0.31749249667336127
development_oof,x10,10,mlp,415,12,1,1,0,0.2599950800632471
development_oof,x10,10,mlp,418,6,1,0,0,0.3482547122528017
development_oof,x10,10,mlp,427,6,1,0,0,0.3782415026398276
development_oof,x10,10,mlp,432,375,1,0,0,0.39344143700474865
development_oof,x10,10,mlp,433,58,1,1,0,0.4893799302880067
development_oof,x10,10,mlp,445,95,1,0,0,0.32616592176625714
development_oof,x10,10,mlp,452,73,1,1,1,0.5532908867616957
development_oof,x10,10,mlp,467,6,1,0,0,0.3781516943117226
development_oof,x10,10,mlp,476,95,1,0,0,0.3858384192776238
development_oof,x10,10,mlp,478,6,1,0,0,0.3065641518736808
development_oof,x10,10,mlp,488,26,1,1,0,0.35936834632019143
development_oof,x10,10,mlp,507,26,1,0,0,0.3995243073306478
development_oof,x10,10,mlp,509,362,1,0,0,0.3512598659816988
development_oof,x10,10,mlp,512,361,1,0,0,0.3797894521391345
development_oof,x10,10,mlp,521,26,1,0,0,0.36719548525304335
development_oof,x10,10,mlp,530,358,1,1,0,0.3543580237138337
development_oof,x10,10,mlp,531,6,1,0,0,0.41993024469824
development_oof,x10,10,mlp,532,26,1,0,0,0.38606852925288715
development_oof,x10,10,mlp,534,26,1,0,0,0.4007477669558629
development_oof,x10,10,mlp,552,6,1,0,0,0.42031385840803415
development_oof,x10,10,mlp,564,47,1,1,0,0.3365769747763976
development_oof,x10,10,mlp,573,350,1,0,0,0.4559824407444725
development_oof,x10,10,mlp,576,349,1,0,0,0.45018460131527555
development_oof,x10,10,mlp,578,26,1,0,0,0.3837079877112491
development_oof,x10,10,mlp,590,152,1,0,0,0.15745552210512365
development_oof,x10,10,mlp,591,343,1,0,0,0.4069831857727475
development_oof,x10,10,mlp,630,67,1,0,0,0.4165750846917868
development_oof,x10,10,mlp,637,47,1,1,0,0.3685260553892977
development_oof,x10,10,mlp,639,332,1,0,0,0.46001726887044897
development_oof,x10,10,mlp,642,331,1,0,0,0.27852813275814414
development_oof,x10,10,mlp,644,47,1,1,0,0.2498009790649687
development_oof,x10,10,mlp,650,88,1,0,0,0.3420448302599001
development_oof,x10,10,mlp,651,67,1,0,0,0.3705643578540723
development_oof,x10,10,mlp,654,327,1,0,0,0.4582602109124851
development_oof,x10,10,mlp,673,320,1,0,0,0.30656206058027347
development_oof,x10,10,mlp,676,6,1,0,0,0.3711169053548228
development_oof,x10,10,mlp,679,6,1,0,0,0.37762941926548366
development_oof,x10,10,mlp,680,145,1,0,0,0.36896585494218404
development_oof,x10,10,mlp,695,47,1,1,0,0.34103364960322047
development_oof,x10,10,mlp,708,310,1,0,0,0.3042088238021629
development_oof,x10,10,mlp,709,88,1,0,0,0.3997260128281609
development_oof,x10,10,mlp,713,139,1,0,0,0.29587792479760044
development_oof,x10,10,mlp,721,139,1,1,0,0.30010832697810563
development_oof,x10,10,mlp,722,307,1,0,0,0.34794799444647007
development_oof,x10,10,mlp,727,32,1,0,0,0.4194433564204706
development_oof,x10,10,mlp,734,12,1,1,0,0.2946787562651234
development_oof,x10,10,mlp,748,64,1,0,0,0.3959192402445459
development_oof,x10,10,mlp,763,301,1,0,0,0.19430916743642143
development_oof,x10,10,mlp,771,43,1,0,0,0.4051635291183974
development_oof,x10,10,mlp,773,58,1,1,0,0.39491963355698806
development_oof,x10,10,mlp,775,134,1,0,1,0.6113985133842398
development_oof,x10,10,mlp,779,43,1,0,0,0.3881663241809096
development_oof,x10,10,mlp,782,43,1,0,0,0.35198998760475575
development_oof,x10,10,mlp,783,296,1,0,0,0.37170141289966363
development_oof,x10,10,mlp,784,43,1,1,0,0.3782081232209904
development_oof,x10,10,mlp,788,295,1,1,0,0.3296891172114774
development_oof,x10,10,mlp,795,110,1,1,1,0.524542785369152
development_oof,x10,10,mlp,797,43,1,0,0,0.412181164199392
development_oof,x10,10,mlp,812,285,1,0,0,0.3858064471159654
development_oof,x10,10,mlp,814,88,1,0,0,0.380653602177306
development_oof,x10,10,mlp,836,279,1,1,0,0.2495905465913884
development_oof,x10,10,mlp,853,272,1,0,0,0.13272096993527116
development_oof,x10,10,mlp,868,261,1,0,0,0.16871587957881148
development_oof,x10,10,mlp,886,255,1,0,0,0.1313937500677515
development_oof,x10,10,mlp,889,127,1,0,0,0.027847135413055158
development_oof,x10,10,mlp,892,26,1,0,0,0.3641953534916965
development_oof,x10,10,mlp,903,248,1,0,0,0.2894649232137563
development_oof,x10,10,mlp,909,245,1,0,0,0.22898790342622274
development_oof,x10,10,mlp,912,19,1,0,0,0.31400791492274704
development_oof,x10,10,mlp,924,239,1,0,0,0.34788780963272536
development_oof,x10,10,mlp,929,67,1,0,0,0.42455681716692856
development_oof,x10,10,mlp,937,230,1,0,0,0.2352009099168739
development_oof,x10,10,mlp,938,79,1,0,0,0.3576943705402486
development_oof,x10,10,mlp,944,58,1,1,0,0.48724325034505905
development_oof,x10,10,mlp,956,222,1,0,0,0.27518315459030473
development_oof,x10,10,mlp,959,117,1,0,0,0.25006602005807227
development_oof,x10,10,mlp,961,219,1,0,0,0.3709833905092717
development_oof,x10,10,mlp,970,213,1,0,0,0.37307050477979614
development_oof,x10,10,mlp,983,205,1,1,0,0.3737666431497444
development_oof,x10,10,mlp,989,47,1,0,0,0.38070733292785464
development_oof,x10,10,mlp,992,200,1,0,0,0.3413836681959974
development_oof,x10,10,mlp,997,6,1,0,0,0.41490163609159786
development_oof,x10,10,mlp,1007,195,1,0,0,0.3427186824584333
development_oof,x10,10,mlp,1011,110,1,1,1,0.5420912548203723
development_oof,x10,10,mlp,1023,187,1,0,0,0.3561204569629921
development_oof,x10,10,mlp,1034,178,1,0,0,0.15576262051385506
development_oof,x10,10,mlp,2,460,2,0,0,0.20713072379904937
development_oof,x10,10,mlp,8,107,2,0,0,0.1994540742827191
development_oof,x10,10,mlp,18,56,2,1,1,0.5994558012711815
development_oof,x10,10,mlp,33,452,2,0,0,0.19989886828951528
development_oof,x10,10,mlp,34,23,2,0,1,0.5503651725231395
development_oof,x10,10,mlp,37,177,2,0,0,0.20751229783686903
development_oof,x10,10,mlp,50,40,2,1,1,0.7791304779570271
development_oof,x10,10,mlp,51,75,2,1,0,0.3784838361312898
development_oof,x10,10,mlp,55,107,2,0,0,0.19567449101640316
development_oof,x10,10,mlp,67,446,2,0,0,0.16859847136283562
development_oof,x10,10,mlp,81,441,2,0,0,0.3419618982131154
development_oof,x10,10,mlp,97,30,2,1,0,0.2925812647123365
development_oof,x10,10,mlp,108,436,2,0,0,0.17397252002195449
development_oof,x10,10,mlp,114,173,2,0,0,0.28756941974775474
development_oof,x10,10,mlp,115,2,2,1,0,0.28702699496760276
development_oof,x10,10,mlp,118,172,2,0,0,0.3207949602500677
development_oof,x10,10,mlp,140,40,2,0,1,0.8382031073432854
development_oof,x10,10,mlp,166,425,2,0,0,0.1260785093347604
development_oof,x10,10,mlp,177,40,2,1,1,0.7216291771848535
development_oof,x10,10,mlp,216,167,2,1,0,0.2588201767607432
development_oof,x10,10,mlp,229,30,2,1,0,0.25261786416799736
development_oof,x10,10,mlp,235,30,2,1,0,0.24473096460086552
development_oof,x10,10,mlp,240,167,2,1,0,0.28534660547150426
development_oof,x10,10,mlp,241,23,2,0,1,0.5509983357938675
development_oof,x10,10,mlp,246,56,2,1,1,0.6254141246417869
development_oof,x10,10,mlp,249,124,2,0,0,0.3374370964327184
development_oof,x10,10,mlp,251,30,2,1,0,0.2046007415546444
development_oof,x10,10,mlp,253,412,2,0,0,0.09701850877968107
development_oof,x10,10,mlp,254,411,2,1,0,0.46268412125848546
development_oof,x10,10,mlp,262,98,2,1,1,0.6019444815674686
development_oof,x10,10,mlp,265,75,2,0,0,0.3342184627693759
development_oof,x10,10,mlp,275,56,2,1,1,0.5831373144869254
development_oof,x10,10,mlp,281,30,2,1,0,0.2563258560003354
development_oof,x10,10,mlp,283,56,2,1,1,0.6464751001401015
development_oof,x10,10,mlp,291,98,2,1,1,0.5543163521009917
development_oof,x10,10,mlp,301,403,2,0,0,0.21626048350541216
development_oof,x10,10,mlp,325,396,2,0,0,0.2716789774229903
development_oof,x10,10,mlp,344,23,2,1,1,0.5490594231933226
development_oof,x10,10,mlp,359,23,2,0,1,0.5440418306816617
development_oof,x10,10,mlp,365,388,2,0,0,0.1842150232418732
development_oof,x10,10,mlp,378,23,2,0,1,0.515110238014211
development_oof,x10,10,mlp,389,382,2,0,0,0.38690636724243604
development_oof,x10,10,mlp,408,98,2,1,1,0.6513953356912134
development_oof,x10,10,mlp,413,62,2,1,0,0.3786049803187814
development_oof,x10,10,mlp,425,23,2,0,1,0.5344153981830997
development_oof,x10,10,mlp,426,377,2,0,0,0.45056521175404435
development_oof,x10,10,mlp,439,156,2,1,0,0.25770474557033357
development_oof,x10,10,mlp,461,371,2,1,0,0.383370163155365
development_oof,x10,10,mlp,487,156,2,0,0,0.2646691020866271
development_oof,x10,10,mlp,505,81,2,1,1,0.57877146961711
development_oof,x10,10,mlp,514,360,2,1,1,0.6773453511791471
development_oof,x10,10,mlp,515,150,2,0,0,0.3961078141109372
development_oof,x10,10,mlp,523,2,2,1,0,0.18765540019583613
development_oof,x10,10,mlp,526,23,2,0,0,0.40416677436072296
development_oof,x10,10,mlp,541,113,2,0,0,0.3429936466822629
development_oof,x10,10,mlp,551,353,2,0,0,0.22942498434110525
development_oof,x10,10,mlp,584,46,2,0,0,0.47157898971002526
development_oof,x10,10,mlp,586,346,2,0,0,0.36332266945818903
development_oof,x10,10,mlp,589,153,2,1,1,0.5960696105676572
development_oof,x10,10,mlp,593,90,2,0,0,0.30050863756197643
development_oof,x10,10,mlp,598,90,2,0,0,0.40976423194035594
development_oof,x10,10,mlp,599,340,2,0,0,0.2787046899714124
development_oof,x10,10,mlp,603,40,2,1,1,0.7382584393674698
development_oof,x10,10,mlp,609,7,2,0,0,0.31066725439203163
development_oof,x10,10,mlp,623,150,2,0,0,0.3183143340136102
development_oof,x10,10,mlp,624,149,2,1,1,0.5583389668405553
development_oof,x10,10,mlp,636,334,2,1,0,0.2894552096936623
development_oof,x10,10,mlp,661,90,2,0,0,0.37799770750393047
development_oof,x10,10,mlp,670,322,2,0,0,0.4730989542296514
development_oof,x10,10,mlp,677,319,2,0,0,0.3213702947431639
development_oof,x10,10,mlp,707,311,2,0,0,0.16568758981082082
development_oof,x10,10,mlp,710,75,2,1,0,0.3634602589863137
development_oof,x10,10,mlp,716,309,2,0,0,0.49806477520577364
development_oof,x10,10,mlp,762,302,2,0,0,0.4853654820805195
development_oof,x10,10,mlp,766,130,2,0,0,0.35981116954478437
development_oof,x10,10,mlp,777,297,2,0,0,0.2215779446844761
development_oof,x10,10,mlp,790,62,2,1,0,0.26257272089712086
development_oof,x10,10,mlp,791,294,2,0,0,0.40675765940183806
development_oof,x10,10,mlp,793,292,2,1,0,0.4679741949934268
development_oof,x10,10,mlp,810,286,2,0,0,0.4321771417167153
development_oof,x10,10,mlp,819,130,2,1,0,0.4123666989215325
development_oof,x10,10,mlp,825,83,2,0,0,0.27848711046015057
development_oof,x10,10,mlp,831,281,2,0,0,0.19857151302169623
development_oof,x10,10,mlp,842,277,2,0,0,0.2363187908491447
development_oof,x10,10,mlp,850,273,2,0,0,0.23089963322521823
development_oof,x10,10,mlp,859,267,2,0,0,0.19117139013443757
development_oof,x10,10,mlp,863,81,2,1,1,0.5162537853544628
development_oof,x10,10,mlp,884,257,2,0,0,0.26929681343955864
development_oof,x10,10,mlp,895,124,2,0,0,0.25926559057521886
development_oof,x10,10,mlp,896,251,2,0,0,0.10666211840434109
development_oof,x10,10,mlp,914,56,2,1,1,0.7591538895037901
development_oof,x10,10,mlp,922,240,2,0,0,0.25528419189942225
development_oof,x10,10,mlp,923,23,2,0,0,0.44715185699488114
development_oof,x10,10,mlp,933,232,2,0,0,0.31571135686360696
development_oof,x10,10,mlp,947,226,2,0,0,0.19082764826636192
development_oof,x10,10,mlp,951,223,2,0,0,0.17142552916917797
development_oof,x10,10,mlp,953,119,2,0,0,0.45053092945093426
development_oof,x10,10,mlp,965,216,2,0,0,0.27442705936160217
development_oof,x10,10,mlp,976,209,2,0,0,0.2858529566087472
development_oof,x10,10,mlp,986,113,2,0,0,0.2871539848079999
development_oof,x10,10,mlp,1001,107,2,0,0,0.3032663246867038
development_oof,x10,10,mlp,1005,196,2,0,0,0.4816810062295862
development_oof,x10,10,mlp,1020,188,2,0,0,0.20381309964008917
development_oof,x10,10,mlp,1026,186,2,1,0,0.354508515057048
development_oof,x10,10,mlp,1030,182,2,0,1,0.5385539859811107
development_oof,x10,10,mlp,20,3,3,0,0,0.28452332483415427
development_oof,x10,10,mlp,29,453,3,0,0,0.1364504924830873
development_oof,x10,10,mlp,31,3,3,0,0,0.23895621792440289
development_oof,x10,10,mlp,36,80,3,0,0,0.2554000951610982
development_oof,x10,10,mlp,39,42,3,0,0,0.20298864282025825
development_oof,x10,10,mlp,42,3,3,0,0,0.22198269493502049
development_oof,x10,10,mlp,78,443,3,1,0,0.30173435111692015
development_oof,x10,10,mlp,87,439,3,0,0,0.25054077736194474
development_oof,x10,10,mlp,92,27,3,1,0,0.31283374580965695
development_oof,x10,10,mlp,93,165,3,0,0,0.21787588511728825
development_oof,x10,10,mlp,101,27,3,0,0,0.3275758368742772
development_oof,x10,10,mlp,125,111,3,0,0,0.3986271817994756
development_oof,x10,10,mlp,145,430,3,0,0,0.41822491401222894
development_oof,x10,10,mlp,146,59,3,1,0,0.10772183563273968
development_oof,x10,10,mlp,147,16,3,0,0,0.32780264332638487
development_oof,x10,10,mlp,148,59,3,1,0,0.11757710132540317
development_oof,x10,10,mlp,154,59,3,1,0,0.13651561912963725
development_oof,x10,10,mlp,158,428,3,0,0,0.28697985767109
development_oof,x10,10,mlp,173,52,3,0,0,0.24212286345636877
development_oof,x10,10,mlp,175,38,3,1,1,0.5574112061435047
development_oof,x10,10,mlp,176,3,3,0,0,0.2175065278356971
development_oof,x10,10,mlp,192,8,3,0,0,0.2608873324052185
development_oof,x10,10,mlp,196,8,3,0,0,0.2837202940856415
development_oof,x10,10,mlp,202,421,3,0,0,0.28866400207279536
development_oof,x10,10,mlp,211,8,3,0,0,0.35853221864263835
development_oof,x10,10,mlp,217,8,3,0,0,0.36349534541094053
development_oof,x10,10,mlp,218,8,3,0,0,0.2689789934189625
development_oof,x10,10,mlp,220,8,3,0,0,0.40541113274081636
development_oof,x10,10,mlp,226,8,3,0,0,0.294710463053836
development_oof,x10,10,mlp,227,38,3,1,1,0.5340966018439008
development_oof,x10,10,mlp,230,121,3,1,0,0.11047950650292326
development_oof,x10,10,mlp,238,415,3,0,0,0.293553796467805
development_oof,x10,10,mlp,239,3,3,0,0,0.3457492196883287
development_oof,x10,10,mlp,242,52,3,1,1,0.6436285435350853
development_oof,x10,10,mlp,252,3,3,0,0,0.24473031471068538
development_oof,x10,10,mlp,257,80,3,0,0,0.24864950482711634
development_oof,x10,10,mlp,266,103,3,1,1,0.6163712283263882
development_oof,x10,10,mlp,268,8,3,0,0,0.2751640037674541
development_oof,x10,10,mlp,271,165,3,0,0,0.25854272342616136
development_oof,x10,10,mlp,278,407,3,0,0,0.312111524118273
development_oof,x10,10,mlp,279,3,3,0,0,0.28191713964354054
development_oof,x10,10,mlp,284,38,3,1,1,0.5091188583070513
development_oof,x10,10,mlp,285,3,3,0,0,0.17874664465880735
development_oof,x10,10,mlp,286,3,3,0,0,0.2711864615853439
development_oof,x10,10,mlp,287,158,3,0,0,0.29088828955019863
development_oof,x10,10,mlp,290,164,3,1,1,0.534453313179297
development_oof,x10,10,mlp,300,404,3,1,0,0.45044480748740034
development_oof,x10,10,mlp,309,22,3,0,0,0.26216537814742874
development_oof,x10,10,mlp,320,38,3,1,1,0.5537604041042502
development_oof,x10,10,mlp,321,397,3,0,0,0.39332320364587503
development_oof,x10,10,mlp,323,3,3,0,0,0.26664224722500085
development_oof,x10,10,mlp,327,3,3,0,0,0.25415102660098665
development_oof,x10,10,mlp,332,38,3,1,1,0.581257139439468
development_oof,x10,10,mlp,333,8,3,0,0,0.3708964753286541
development_oof,x10,10,mlp,341,135,3,1,0,0.416003203002489
development_oof,x10,10,mlp,348,3,3,0,0,0.22652027674131697
development_oof,x10,10,mlp,349,22,3,1,0,0.19228854860290534
development_oof,x10,10,mlp,353,3,3,1,0,0.26774089379773724
development_oof,x10,10,mlp,354,391,3,1,0,0.29461481516423826
development_oof,x10,10,mlp,356,390,3,0,0,0.3947025863953481
development_oof,x10,10,mlp,363,22,3,0,0,0.18328902087649282
development_oof,x10,10,mlp,370,8,3,0,0,0.4291587617363233
development_oof,x10,10,mlp,387,383,3,1,0,0.22434240123746693
development_oof,x10,10,mlp,406,78,3,0,0,0.2733374318920931
development_oof,x10,10,mlp,412,3,3,0,0,0.24818269738345985
development_oof,x10,10,mlp,414,3,3,0,0,0.38578710609987105
development_oof,x10,10,mlp,416,378,3,0,0,0.2757605994728501
development_oof,x10,10,mlp,417,22,3,0,0,0.24931739288828392
development_oof,x10,10,mlp,419,154,3,1,1,0.6556753151988898
development_oof,x10,10,mlp,421,27,3,0,0,0.3647540975473553
development_oof,x10,10,mlp,424,27,3,0,0,0.370146783385022
development_oof,x10,10,mlp,437,158,3,0,0,0.30734834315833637
development_oof,x10,10,mlp,438,96,3,1,0,0.3177094679612124
development_oof,x10,10,mlp,441,27,3,1,0,0.3432022014840412
development_oof,x10,10,mlp,443,372,3,0,0,0.1349626335179085
development_oof,x10,10,mlp,448,13,3,0,0,0.3733599984976538
development_oof,x10,10,mlp,450,3,3,0,0,0.36658158906928234
development_oof,x10,10,mlp,451,3,3,0,0,0.3996355938177199
development_oof,x10,10,mlp,456,78,3,0,0,0.4041630814794852
development_oof,x10,10,mlp,469,8,3,0,0,0.42397673398619695
development_oof,x10,10,mlp,473,22,3,0,0,0.16332533456000375
development_oof,x10,10,mlp,483,27,3,0,0,0.34315320138593336
development_oof,x10,10,mlp,490,364,3,0,0,0.3416398878858323
development_oof,x10,10,mlp,511,129,3,0,0,0.24107861260473548
development_oof,x10,10,mlp,522,154,3,1,1,0.6606738403926414
development_oof,x10,10,mlp,544,63,3,1,0,0.3082006686487027
development_oof,x10,10,mlp,547,77,3,0,0,0.25433293124099093
development_oof,x10,10,mlp,550,354,3,0,0,0.39250403878718837
development_oof,x10,10,mlp,556,13,3,0,0,0.3594952159649926
development_oof,x10,10,mlp,567,13,3,0,0,0.37924352962968794
development_oof,x10,10,mlp,580,348,3,1,0,0.37930842335690423
development_oof,x10,10,mlp,597,341,3,0,0,0.38603133881657986
development_oof,x10,10,mlp,606,337,3,0,0,0.30042881111399916
development_oof,x10,10,mlp,628,147,3,0,0,0.29591686166352904
development_oof,x10,10,mlp,632,77,3,0,0,0.2905496344059212
development_oof,x10,10,mlp,649,89,3,0,0,0.3172953120521588
development_oof,x10,10,mlp,652,328,3,0,0,0.2598675375155213
development_oof,x10,10,mlp,681,318,3,0,0,0.3934873461530949
development_oof,x10,10,mlp,685,33,3,0,0,0.39009895639918357
development_oof,x10,10,mlp,686,144,3,1,0,0.3873867506769926
development_oof,x10,10,mlp,690,315,3,0,0,0.38920552784748796
development_oof,x10,10,mlp,694,33,3,0,0,0.3173800751590365
development_oof,x10,10,mlp,696,89,3,0,0,0.3106060457117365
development_oof,x10,10,mlp,717,140,3,0,0,0.4026174684125843
development_oof,x10,10,mlp,718,308,3,0,0,0.24891845192102663
development_oof,x10,10,mlp,743,13,3,0,0,0.343297830378968
development_oof,x10,10,mlp,756,303,3,0,0,0.3343059801798228
development_oof,x10,10,mlp,767,63,3,1,0,0.30970476653910384
development_oof,x10,10,mlp,768,300,3,0,1,0.7161207203443123
development_oof,x10,10,mlp,769,135,3,0,0,0.4134760167418756
development_oof,x10,10,mlp,801,290,3,0,0,0.35258440278791336
development_oof,x10,10,mlp,805,63,3,1,0,0.29781668471372186
development_oof,x10,10,mlp,807,288,3,0,0,0.28047799480304647
development_oof,x10,10,mlp,808,33,3,0,0,0.44934912041106306
development_oof,x10,10,mlp,813,33,3,0,0,0.3906620971554845
development_oof,x10,10,mlp,821,282,3,0,0,0.39637919822323825
development_oof,x10,10,mlp,827,129,3,0,0,0.2563563704623612
development_oof,x10,10,mlp,847,274,3,0,0,0.16509527972938437
development_oof,x10,10,mlp,854,271,3,0,0,0.22342799275605355
development_oof,x10,10,mlp,864,264,3,0,0,0.15843506133932583
development_oof,x10,10,mlp,866,262,3,0,0,0.4365434287999178
development_oof,x10,10,mlp,869,80,3,0,0,0.224396265558344
development_oof,x10,10,mlp,881,259,3,0,0,0.4839070145275333
development_oof,x10,10,mlp,883,59,3,1,0,0.10823952589400902
development_oof,x10,10,mlp,893,253,3,0,0,0.2709041770544769
development_oof,x10,10,mlp,899,123,3,1,1,0.6251738983403242
development_oof,x10,10,mlp,904,52,3,1,0,0.44765824156041345
development_oof,x10,10,mlp,913,121,3,1,0,0.08687538677541977
development_oof,x10,10,mlp,917,243,3,1,0,0.2490479328338644
development_oof,x10,10,mlp,920,241,3,0,0,0.3263293626403991
development_oof,x10,10,mlp,921,16,3,0,0,0.38989917702203053
development_oof,x10,10,mlp,930,235,3,1,0,0.11970893964500742
development_oof,x10,10,mlp,935,231,3,0,0,0.16849883143005254
development_oof,x10,10,mlp,940,78,3,0,0,0.32538361843879704
development_oof,x10,10,mlp,945,227,3,0,0,0.39196942327714235
development_oof,x10,10,mlp,962,218,3,0,0,0.21199998480292842
development_oof,x10,10,mlp,963,217,3,0,0,0.3000773064830735
development_oof,x10,10,mlp,973,210,3,0,0,0.342149433439836
development_oof,x10,10,mlp,982,77,3,0,0,0.2893432465678582
development_oof,x10,10,mlp,988,202,3,1,0,0.31377397858939493
development_oof,x10,10,mlp,998,198,3,0,0,0.32257815292495723
development_oof,x10,10,mlp,1002,197,3,0,0,0.37685488877714723
development_oof,x10,10,mlp,1006,111,3,0,0,0.3194511878540438
development_oof,x10,10,mlp,1017,189,3,0,0,0.3333220943117682
development_oof,x10,10,mlp,1025,63,3,1,0,0.18480582198829834
development_oof,x10,10,mlp,1028,184,3,0,0,0.36115669611332024
development_oof,x10,10,mlp,1029,183,3,0,0,0.33748073871590273
development_oof,x10,10,mlp,16,93,4,1,1,0.5716914133037859
development_oof,x10,10,mlp,19,457,4,0,0,0.19162006588156963
development_oof,x10,10,mlp,27,53,4,0,0,0.3307137390882467
development_oof,x10,10,mlp,44,450,4,0,0,0.17758689171068914
development_oof,x10,10,mlp,60,4,4,1,0,0.34409367213211645
development_oof,x10,10,mlp,62,82,4,0,0,0.30490540130782434
development_oof,x10,10,mlp,66,82,4,1,0,0.47534505651695075
development_oof,x10,10,mlp,69,444,4,0,0,0.2223618294670631
development_oof,x10,10,mlp,83,60,4,1,0,0.18700057411162663
development_oof,x10,10,mlp,84,9,4,1,1,0.9240311051383536
development_oof,x10,10,mlp,86,174,4,1,1,0.6759500467983629
development_oof,x10,10,mlp,90,9,4,1,1,0.6019842966075452
development_oof,x10,10,mlp,95,161,4,0,0,0.3273791865599491
development_oof,x10,10,mlp,102,15,4,0,0,0.3606415161574663
development_oof,x10,10,mlp,112,9,4,1,1,0.6967446967400784
development_oof,x10,10,mlp,117,433,4,0,1,0.5096975520643373
development_oof,x10,10,mlp,119,0,4,0,0,0.27361068629805513
development_oof,x10,10,mlp,123,9,4,1,1,0.7092960123938218
development_oof,x10,10,mlp,131,170,4,1,0,0.18700057411162663
development_oof,x10,10,mlp,134,15,4,0,0,0.23010675430985372
development_oof,x10,10,mlp,138,431,4,0,0,0.3420500996112369
development_oof,x10,10,mlp,142,0,4,0,0,0.25467049489583576
development_oof,x10,10,mlp,156,9,4,1,1,0.7350350989877315
development_oof,x10,10,mlp,157,0,4,0,0,0.25815190133316485
development_oof,x10,10,mlp,159,4,4,1,0,0.30527585566831694
development_oof,x10,10,mlp,169,9,4,1,1,0.6794998115929547
development_oof,x10,10,mlp,170,60,4,1,0,0.1733170503091628
development_oof,x10,10,mlp,178,54,4,0,0,0.2562913626191884
development_oof,x10,10,mlp,181,9,4,1,1,0.7496219993334194
development_oof,x10,10,mlp,183,422,4,0,0,0.18496863058378282
development_oof,x10,10,mlp,184,4,4,1,0,0.34000647514420934
development_oof,x10,10,mlp,187,9,4,1,1,0.7678386511158158
development_oof,x10,10,mlp,193,9,4,1,1,0.6552806992466702
development_oof,x10,10,mlp,198,53,4,0,0,0.30275182134009543
development_oof,x10,10,mlp,201,9,4,1,1,0.7237324201515466
development_oof,x10,10,mlp,206,125,4,1,0,0.2503129849345574
development_oof,x10,10,mlp,210,104,4,1,1,0.6149561722592177
development_oof,x10,10,mlp,221,9,4,1,1,0.676605834970218
development_oof,x10,10,mlp,236,416,4,1,0,0.1280232174079068
development_oof,x10,10,mlp,258,35,4,0,0,0.3127733572381603
development_oof,x10,10,mlp,277,102,4,1,0,0.3187685095472437
development_oof,x10,10,mlp,294,122,4,0,0,0.2754589501631909
development_oof,x10,10,mlp,304,24,4,1,0,0.4099968264364269
development_oof,x10,10,mlp,310,401,4,0,0,0.2349369472226696
development_oof,x10,10,mlp,311,400,4,1,0,0.22871083852121224
development_oof,x10,10,mlp,322,15,4,0,0,0.2495730714217076
development_oof,x10,10,mlp,335,15,4,0,0,0.38378031580144234
development_oof,x10,10,mlp,337,15,4,0,0,0.36375827447430387
development_oof,x10,10,mlp,355,15,4,0,0,0.25798384103068855
development_oof,x10,10,mlp,358,389,4,0,0,0.15578857657019313
development_oof,x10,10,mlp,371,161,4,0,0,0.3362753539899003
development_oof,x10,10,mlp,379,24,4,0,0,0.3763027028612506
development_oof,x10,10,mlp,382,384,4,0,0,0.20068445057491344
development_oof,x10,10,mlp,384,69,4,0,1,0.5015236597951909
development_oof,x10,10,mlp,386,4,4,1,0,0.36670358155149385
development_oof,x10,10,mlp,392,4,4,1,0,0.2635218793992779
development_oof,x10,10,mlp,393,0,4,0,0,0.27935469127280277
development_oof,x10,10,mlp,400,28,4,0,0,0.3586866822933819
development_oof,x10,10,mlp,401,4,4,1,0,0.24778725217075673
development_oof,x10,10,mlp,404,35,4,0,0,0.22674559273097647
development_oof,x10,10,mlp,405,379,4,0,0,0.4009804337477266
development_oof,x10,10,mlp,407,160,4,0,0,0.2571489538656893
development_oof,x10,10,mlp,409,4,4,1,0,0.2928086658101698
development_oof,x10,10,mlp,423,50,4,0,0,0.3253913308200534
development_oof,x10,10,mlp,430,4,4,1,0,0.25827690248301477
development_oof,x10,10,mlp,434,97,4,1,1,0.7017546442166097
development_oof,x10,10,mlp,446,4,4,1,0,0.35150476693223065
development_oof,x10,10,mlp,454,104,4,1,1,0.5461923813431936
development_oof,x10,10,mlp,455,93,4,1,1,0.5267109184812618
development_oof,x10,10,mlp,462,15,4,0,0,0.4322030280381504
development_oof,x10,10,mlp,464,4,4,1,0,0.24149511389231637
development_oof,x10,10,mlp,465,4,4,1,0,0.2247476126100739
development_oof,x10,10,mlp,466,0,4,0,0,0.21438978592144695
development_oof,x10,10,mlp,470,0,4,0,0,0.2177979631182992
development_oof,x10,10,mlp,480,367,4,0,0,0.4375558095484531
development_oof,x10,10,mlp,481,4,4,1,0,0.36688108316844015
development_oof,x10,10,mlp,484,365,4,0,0,0.3175698367641791
development_oof,x10,10,mlp,495,0,4,0,0,0.2397649805919358
development_oof,x10,10,mlp,498,54,4,0,0,0.48781174295699564
development_oof,x10,10,mlp,499,15,4,0,0,0.375717694133557
development_oof,x10,10,mlp,500,28,4,0,0,0.4026640299405357
development_oof,x10,10,mlp,501,72,4,0,0,0.3376360817892388
development_oof,x10,10,mlp,503,93,4,1,1,0.5868295320999911
development_oof,x10,10,mlp,506,0,4,0,0,0.351082374272088
development_oof,x10,10,mlp,517,0,4,0,0,0.3554701973259428
development_oof,x10,10,mlp,519,53,4,0,0,0.28576930139807755
development_oof,x10,10,mlp,520,53,4,0,0,0.3001383950122106
development_oof,x10,10,mlp,524,0,4,0,0,0.3311239561537253
development_oof,x10,10,mlp,525,15,4,0,0,0.33815657307803887
development_oof,x10,10,mlp,527,0,4,0,0,0.2885939365506931
development_oof,x10,10,mlp,528,359,4,0,0,0.26286413372406087
development_oof,x10,10,mlp,529,0,4,0,0,0.3345459566928784
development_oof,x10,10,mlp,542,35,4,1,0,0.2740232142342758
development_oof,x10,10,mlp,543,0,4,0,0,0.3422153706162651
development_oof,x10,10,mlp,545,136,4,1,0,0.34922891628947966
development_oof,x10,10,mlp,553,0,4,0,0,0.25383184377899126
development_oof,x10,10,mlp,559,351,4,0,0,0.31807478248217574
development_oof,x10,10,mlp,560,0,4,0,0,0.42678810741861495
development_oof,x10,10,mlp,568,0,4,0,0,0.2537771497217833
development_oof,x10,10,mlp,570,0,4,1,0,0.24294608912384524
development_oof,x10,10,mlp,572,0,4,1,0,0.34374422348150213
development_oof,x10,10,mlp,577,44,4,0,0,0.38786943585999084
development_oof,x10,10,mlp,581,347,4,0,0,0.4267745516959717
development_oof,x10,10,mlp,582,44,4,0,0,0.44305695680539126
development_oof,x10,10,mlp,583,69,4,0,0,0.3454819371894067
development_oof,x10,10,mlp,588,344,4,0,0,0.2995793196496238
development_oof,x10,10,mlp,592,0,4,1,0,0.31076871174335974
development_oof,x10,10,mlp,595,35,4,0,0,0.2913176371326935
development_oof,x10,10,mlp,600,151,4,0,0,0.22423071259824714
development_oof,x10,10,mlp,602,338,4,0,0,0.26126114098014375
development_oof,x10,10,mlp,604,0,4,0,0,0.3817528605505597
development_oof,x10,10,mlp,605,0,4,0,0,0.2752017767047058
development_oof,x10,10,mlp,607,0,4,1,0,0.34164742649665286
development_oof,x10,10,mlp,608,0,4,0,0,0.4160194730554251
development_oof,x10,10,mlp,610,0,4,0,0,0.18213931405998363
development_oof,x10,10,mlp,611,0,4,0,0,0.31886108318668194
development_oof,x10,10,mlp,613,85,4,0,0,0.3688655583597033
development_oof,x10,10,mlp,615,0,4,0,0,0.2332039988966637
development_oof,x10,10,mlp,627,335,4,0,0,0.3892548391799305
development_oof,x10,10,mlp,633,0,4,0,0,0.24525734277136463
development_oof,x10,10,mlp,646,0,4,0,0,0.3356717517429893
development_oof,x10,10,mlp,647,0,4,0,0,0.32411474874728824
development_oof,x10,10,mlp,648,329,4,0,0,0.3635132098994635
development_oof,x10,10,mlp,657,4,4,1,0,0.35977837823989406
development_oof,x10,10,mlp,662,0,4,0,0,0.30571203341527237
development_oof,x10,10,mlp,665,69,4,1,0,0.3818540691881054
development_oof,x10,10,mlp,666,44,4,0,0,0.4668948991528148
development_oof,x10,10,mlp,667,0,4,0,0,0.31576731316326284
development_oof,x10,10,mlp,671,321,4,1,0,0.3221613902404697
development_oof,x10,10,mlp,674,4,4,0,0,0.20043295191570354
development_oof,x10,10,mlp,683,142,4,0,0,0.15000709964310435
development_oof,x10,10,mlp,691,142,4,0,1,0.5229132559607461
development_oof,x10,10,mlp,692,0,4,0,0,0.2980476070492932
development_oof,x10,10,mlp,693,0,4,0,0,0.3623473913118824
development_oof,x10,10,mlp,699,0,4,0,0,0.24388282258482671
development_oof,x10,10,mlp,701,0,4,1,0,0.31816895866967126
development_oof,x10,10,mlp,704,313,4,0,1,0.5388849031445231
development_oof,x10,10,mlp,706,0,4,0,0,0.2464408665654756
development_oof,x10,10,mlp,715,4,4,1,0,0.3181927964781155
development_oof,x10,10,mlp,729,0,4,0,0,0.3500460037784923
development_oof,x10,10,mlp,731,60,4,0,0,0.3231710938103057
development_oof,x10,10,mlp,735,132,4,0,0,0.3914727801269347
development_oof,x10,10,mlp,737,85,4,1,0,0.4661285595468221
development_oof,x10,10,mlp,738,136,4,1,0,0.24317982503788174
development_oof,x10,10,mlp,740,44,4,0,0,0.4038287012204682
development_oof,x10,10,mlp,742,305,4,0,0,0.34585855781256847
development_oof,x10,10,mlp,745,0,4,0,0,0.26453542911100486
development_oof,x10,10,mlp,753,85,4,0,0,0.4274598404700726
development_oof,x10,10,mlp,761,44,4,0,1,0.5610480290592152
development_oof,x10,10,mlp,776,298,4,0,0,0.3328393954976637
development_oof,x10,10,mlp,794,0,4,0,0,0.28154136646589595
development_oof,x10,10,mlp,796,35,4,0,0,0.2670552176940374
development_oof,x10,10,mlp,800,132,4,0,0,0.45345146653353235
development_oof,x10,10,mlp,803,289,4,0,0,0.3097992330657542
development_oof,x10,10,mlp,818,283,4,0,0,0.3449596315784817
development_oof,x10,10,mlp,822,35,4,0,0,0.35969142468358073
development_oof,x10,10,mlp,839,82,4,0,0,0.2919181506950834
development_oof,x10,10,mlp,844,276,4,0,0,0.14740395558966846
development_oof,x10,10,mlp,855,270,4,0,0,0.19753908181876328
development_oof,x10,10,mlp,865,263,4,0,0,0.12412468533374617
development_oof,x10,10,mlp,867,60,4,0,0,0.1873866659932899
development_oof,x10,10,mlp,885,256,4,0,0,0.2741034864214113
development_oof,x10,10,mlp,888,254,4,1,0,0.1810540061258352
development_oof,x10,10,mlp,891,125,4,0,0,0.29338011777658707
development_oof,x10,10,mlp,902,122,4,1,0,0.26636043631644624
development_oof,x10,10,mlp,907,246,4,0,0,0.2951834129158301
development_oof,x10,10,mlp,918,242,4,0,0,0.3245859825571733
development_oof,x10,10,mlp,931,234,4,0,0,0.287419978782851
development_oof,x10,10,mlp,949,224,4,0,0,0.23787233254056772
development_oof,x10,10,mlp,954,4,4,1,0,0.3581867092104527
development_oof,x10,10,mlp,968,214,4,1,0,0.2819182249264273
development_oof,x10,10,mlp,980,207,4,0,0,0.3357193431923985
development_oof,x10,10,mlp,981,206,4,0,0,0.3732507193868518
development_oof,x10,10,mlp,984,204,4,1,0,0.2457880777911713
development_oof,x10,10,mlp,991,0,4,0,0,0.3253584551504819
development_oof,x10,10,mlp,993,69,4,0,0,0.32722438835301076
development_oof,x10,10,mlp,995,112,4,0,0,0.2894771170590969
development_oof,x10,10,mlp,1016,190,4,1,0,0.39366959670156493
development_oof,x10,10,mlp,1024,4,4,1,0,0.24754515838055957
development_oof,x10,10,mlp,1031,181,4,0,0,0.415199618771514
development_oof,x10,10,mlp,1033,179,4,0,0,0.3342971205374943
development_oof,x10,10,mlp,5,31,5,1,1,0.6913018639056664
development_oof,x10,10,mlp,6,61,5,0,0,0.21609414141219135
development_oof,x10,10,mlp,15,458,5,1,1,0.5564854099533076
development_oof,x10,10,mlp,23,11,5,0,1,0.5517875133712774
development_oof,x10,10,mlp,26,11,5,0,1,0.579092094613201
development_oof,x10,10,mlp,41,451,5,0,0,0.1499102278041531
development_oof,x10,10,mlp,46,18,5,0,1,0.6368174187877326
development_oof,x10,10,mlp,49,11,5,0,0,0.2891622351539074
development_oof,x10,10,mlp,52,448,5,0,0,0.13336862724233284
development_oof,x10,10,mlp,57,61,5,0,0,0.21797398134780654
development_oof,x10,10,mlp,58,11,5,0,0,0.328577172607596
development_oof,x10,10,mlp,59,11,5,0,1,0.5004307989777288
development_oof,x10,10,mlp,76,11,5,0,0,0.4583923398522588
development_oof,x10,10,mlp,79,175,5,1,0,0.3530367096082044
development_oof,x10,10,mlp,85,17,5,1,1,0.5634205318633944
development_oof,x10,10,mlp,96,18,5,1,1,0.5427647036306575
development_oof,x10,10,mlp,98,438,5,0,0,0.15353197205610364
development_oof,x10,10,mlp,100,31,5,1,1,0.6913762903681062
development_oof,x10,10,mlp,105,437,5,1,0,0.33024183449201605
development_oof,x10,10,mlp,106,18,5,1,1,0.745282051634503
development_oof,x10,10,mlp,111,106,5,0,0,0.23815716373027487
development_oof,x10,10,mlp,116,434,5,0,0,0.07344404812073517
development_oof,x10,10,mlp,130,171,5,0,0,0.36703092547134086
development_oof,x10,10,mlp,132,18,5,1,1,0.6543521019314945
development_oof,x10,10,mlp,141,106,5,0,0,0.17348211358187382
development_oof,x10,10,mlp,149,106,5,0,0,0.22615528258774087
development_oof,x10,10,mlp,150,55,5,1,1,0.5959989143521723
development_oof,x10,10,mlp,152,429,5,0,0,0.11643000040492592
development_oof,x10,10,mlp,161,427,5,0,0,0.4739486416826075
development_oof,x10,10,mlp,163,18,5,1,1,0.9126286208182132
development_oof,x10,10,mlp,165,17,5,1,1,0.7447581372725454
development_oof,x10,10,mlp,167,18,5,1,1,0.6419312679735434
development_oof,x10,10,mlp,172,423,5,0,1,0.9090721762848402
development_oof,x10,10,mlp,179,11,5,0,1,0.5088066567717304
development_oof,x10,10,mlp,182,31,5,1,1,0.5972849616994617
development_oof,x10,10,mlp,186,18,5,1,1,0.6497046150037417
development_oof,x10,10,mlp,195,31,5,1,1,0.7340041636609576
development_oof,x10,10,mlp,208,31,5,1,1,0.8206377392947412
development_oof,x10,10,mlp,215,61,5,0,0,0.38447796445483123
development_oof,x10,10,mlp,219,418,5,0,0,0.14461948377638478
development_oof,x10,10,mlp,223,68,5,0,0,0.12934982943903922
development_oof,x10,10,mlp,225,55,5,1,0,0.4710916116062705
development_oof,x10,10,mlp,231,417,5,0,0,0.13469566722085605
development_oof,x10,10,mlp,233,17,5,1,1,0.6675149530717425
development_oof,x10,10,mlp,255,410,5,0,0,0.2451004332810154
development_oof,x10,10,mlp,256,18,5,1,1,0.7413878211653222
development_oof,x10,10,mlp,259,409,5,0,0,0.2785787933710864
development_oof,x10,10,mlp,261,25,5,1,0,0.23461707099976087
development_oof,x10,10,mlp,273,25,5,1,0,0.17037885808267617
development_oof,x10,10,mlp,276,17,5,1,1,0.6687399843919607
development_oof,x10,10,mlp,297,163,5,0,0,0.2690985678133148
development_oof,x10,10,mlp,298,405,5,0,0,0.1759313254198539
development_oof,x10,10,mlp,316,100,5,0,0,0.22090401126439696
development_oof,x10,10,mlp,319,163,5,0,0,0.23767571231388582
development_oof,x10,10,mlp,326,157,5,1,1,0.6360962950844878
development_oof,x10,10,mlp,330,76,5,1,0,0.2110479517173121
development_oof,x10,10,mlp,334,394,5,0,0,0.2296909211715928
development_oof,x10,10,mlp,336,55,5,1,1,0.5899411762926605
development_oof,x10,10,mlp,338,17,5,1,1,0.7234988076514842
development_oof,x10,10,mlp,339,11,5,0,0,0.47818687055307385
development_oof,x10,10,mlp,340,393,5,0,0,0.3285674273848548
development_oof,x10,10,mlp,343,17,5,1,1,0.752892008912317
development_oof,x10,10,mlp,347,17,5,1,1,0.8207459140533713
development_oof,x10,10,mlp,351,100,5,1,0,0.20523123180542166
development_oof,x10,10,mlp,357,37,5,1,1,0.5420401239829106
development_oof,x10,10,mlp,364,25,5,1,0,0.27767901475574724
development_oof,x10,10,mlp,372,17,5,1,1,0.598026576654744
development_oof,x10,10,mlp,377,386,5,0,0,0.1426594897063303
development_oof,x10,10,mlp,381,76,5,0,0,0.21389102276222635
development_oof,x10,10,mlp,397,11,5,0,0,0.45067994248621945
development_oof,x10,10,mlp,402,380,5,0,0,0.08654231479421136
development_oof,x10,10,mlp,435,374,5,0,0,0.2359525006799107
development_oof,x10,10,mlp,436,25,5,1,0,0.4399995229733243
development_oof,x10,10,mlp,458,18,5,0,1,0.5438272391835904
development_oof,x10,10,mlp,459,25,5,1,0,0.23826071299301257
development_oof,x10,10,mlp,468,370,5,0,0,0.2896862986346662
development_oof,x10,10,mlp,479,368,5,0,0,0.21886334201556362
development_oof,x10,10,mlp,486,157,5,0,0,0.35093464388770645
development_oof,x10,10,mlp,494,94,5,0,1,0.5790948644380104
development_oof,x10,10,mlp,533,71,5,0,0,0.3176527217068428
development_oof,x10,10,mlp,536,71,5,0,0,0.2753609908216759
development_oof,x10,10,mlp,549,355,5,0,0,0.4159377920239197
development_oof,x10,10,mlp,555,352,5,1,1,0.7563895278438099
development_oof,x10,10,mlp,557,66,5,0,1,0.6124034359936603
development_oof,x10,10,mlp,563,71,5,0,0,0.30917840663815943
development_oof,x10,10,mlp,575,115,5,0,1,0.5186995972802361
development_oof,x10,10,mlp,579,114,5,1,0,0.2594836392762257
development_oof,x10,10,mlp,585,31,5,1,1,0.7678577836123711
development_oof,x10,10,mlp,587,345,5,0,1,0.5346178642986511
development_oof,x10,10,mlp,601,339,5,0,0,0.21171553589680087
development_oof,x10,10,mlp,612,87,5,0,0,0.1833521630924792
development_oof,x10,10,mlp,620,68,5,0,0,0.15800835000552588
development_oof,x10,10,mlp,634,17,5,1,1,0.7107019860018223
development_oof,x10,10,mlp,635,68,5,1,0,0.2556923850115626
development_oof,x10,10,mlp,640,146,5,0,0,0.30490377178409594
development_oof,x10,10,mlp,641,66,5,0,0,0.38755962572458313
development_oof,x10,10,mlp,643,330,5,0,0,0.21012236139421667
development_oof,x10,10,mlp,645,146,5,0,0,0.2657828135715101
development_oof,x10,10,mlp,656,326,5,0,0,0.3731009315338357
development_oof,x10,10,mlp,664,116,5,0,0,0.19907661221393258
development_oof,x10,10,mlp,675,71,5,0,0,0.2898496530804727
development_oof,x10,10,mlp,682,317,5,0,0,0.3532873970809321
development_oof,x10,10,mlp,688,143,5,0,0,0.3628627009496938
development_oof,x10,10,mlp,698,314,5,0,0,0.3477915981942157
development_oof,x10,10,mlp,711,45,5,0,1,0.5250638014093112
development_oof,x10,10,mlp,723,25,5,0,0,0.2178926374061516
development_oof,x10,10,mlp,725,45,5,1,1,0.619731713428372
development_oof,x10,10,mlp,726,31,5,1,1,0.7929868195422386
development_oof,x10,10,mlp,732,45,5,0,0,0.3976988525087028
development_oof,x10,10,mlp,736,137,5,0,0,0.2661444135722696
development_oof,x10,10,mlp,741,306,5,0,0,0.2338732820117999
development_oof,x10,10,mlp,744,87,5,0,0,0.18041118199789655
development_oof,x10,10,mlp,749,11,5,0,0,0.35165361461191086
development_oof,x10,10,mlp,799,45,5,0,1,0.5254838450097946
development_oof,x10,10,mlp,802,131,5,0,0,0.40375220082680147
development_oof,x10,10,mlp,816,284,5,0,0,0.36537590237102985
development_oof,x10,10,mlp,837,278,5,0,0,0.12094713684093525
development_oof,x10,10,mlp,845,11,5,0,0,0.339961147375233
development_oof,x10,10,mlp,857,268,5,0,0,0.1541008898793062
development_oof,x10,10,mlp,858,61,5,0,0,0.3849870650870978
development_oof,x10,10,mlp,860,266,5,0,0,0.07054186028352136
development_oof,x10,10,mlp,870,260,5,0,0,0.1986839090063876
development_oof,x10,10,mlp,900,249,5,0,0,0.17289562848139947
development_oof,x10,10,mlp,906,247,5,0,1,0.5281142694704022
development_oof,x10,10,mlp,915,25,5,1,0,0.1512058419844104
development_oof,x10,10,mlp,926,238,5,1,0,0.25693357970354463
development_oof,x10,10,mlp,939,229,5,1,0,0.3445951037143052
development_oof,x10,10,mlp,948,225,5,1,1,0.5128156590376226
development_oof,x10,10,mlp,958,220,5,0,0,0.16854497577817493
development_oof,x10,10,mlp,960,116,5,0,0,0.21296517076995697
development_oof,x10,10,mlp,969,115,5,0,1,0.5480904147782474
development_oof,x10,10,mlp,971,212,5,1,0,0.29948014247674193
development_oof,x10,10,mlp,972,211,5,0,0,0.18695544315826795
development_oof,x10,10,mlp,974,45,5,0,1,0.6286420605647718
development_oof,x10,10,mlp,975,66,5,0,0,0.27264415085862037
development_oof,x10,10,mlp,979,114,5,0,0,0.21572107509541144
development_oof,x10,10,mlp,990,201,5,0,0,0.24407929317637836
development_oof,x10,10,mlp,1008,76,5,0,0,0.22573569187393708
development_oof,x10,10,mlp,1010,194,5,0,0,0.3450185895075677
development_oof,x10,10,mlp,1015,191,5,1,0,0.22235310302269573
development_oof,x10,10,mlp,1027,185,5,1,0,0.18064477022913333
development_oof,x10,10,mlp,1032,180,5,0,0,0.4814711625662846
