BALANCED_ACCURACY,DELTA_MCC_ZZ_VS_BEST_SINGLETON,DELTA_MCC_ZZ_VS_NO_ZZ,EDGE_SCORE_SOURCE,INNER_FOLD_DELTAS,INNER_FOLD_DELTA_MEAN,INNER_FOLD_DELTA_SD,INNER_FOLD_POSITIVE_DELTA_COUNT,LEFT_FEATURE,LEFT_INDEX,NO_ZZ_C,NO_ZZ_PARAMS,NO_ZZ_THRESHOLD,OUTER_FOLD,OUTER_VALIDATION_LABELS_ACCESSED,PAIR,PAIR_AUPRC_ZZ,PAIR_AUROC_ZZ,PAIR_INDEX,PAIR_MCC_NO_ZZ,PAIR_MCC_ZZ,RIGHT_FEATURE,RIGHT_INDEX,SENSITIVITY,SPECIFICITY,STABLE_EDGE_SCORE,ZZ_C,ZZ_PARAMS,ZZ_THRESHOLD
0.6040041383552834,-0.021159917612321805,-0.008519354889318403,inner_OOF_outer_train_only,"[0.03409405524122841, -0.03282053402254953, 0.008082055935701826, -0.057562921108891316]",-0.012051835988627652,0.04097728870267204,2,MolLogP,0,100.0,"{""feature_scale"": 0.25}",0.27483749540478486,1,False,MolLogP__MolWt,0.4348664349188226,0.6233537454911501,1,0.22017207165918337,0.21165271676986497,MolWt,1,0.43956043956043955,0.7684478371501272,-0.03254048033996367,100.0,"{""feature_scale"": 0.25}",0.40044481571080226
0.6631364818387719,0.12614348636429565,-0.004228473857105286,inner_OOF_outer_train_only,"[0.018400678258997744, -0.013393397946621532, -0.017010548444173823, 0.0]",-0.003000817032949403,0.01603441315689836,1,MolLogP,0,1.0,"{""feature_scale"": 0.5}",0.6367275414510429,1,False,MolLogP__TPSA_SP,0.5166703387589798,0.6972709224617621,2,0.3631845946035877,0.3589561207464824,TPSA_SP,2,0.45604395604395603,0.8702290076335878,-0.011018023611398583,1.0,"{""feature_scale"": 0.5}",0.5863856992402657
0.6353284120459692,0.022779521782558793,-0.0010944056759198961,inner_OOF_outer_train_only,"[-0.02145418752081818, 0.018939883448885253, 0.025297545712472946, 0.033981325926774386]",0.014191141891828601,0.02455024538421877,3,MolLogP,0,1.0,"{""feature_scale"": 0.5}",0.06141458684565221,1,False,MolLogP__NumHDonors,0.44494001370532343,0.6462964516399631,3,0.25668656184066546,0.25559215616474557,NumHDonors,3,0.5989010989010989,0.6717557251908397,0.0019160191997192166,1.0,"{""feature_scale"": 0.125}",0.3493423058311752
0.6205435785588458,0.014899527136164159,0.0074074183671050675,inner_OOF_outer_train_only,"[0.0006983661554177678, -0.0060836855976477144, -0.038004954889226006, 0.07958669630909895]",0.00904910549441075,0.0499612267339084,2,MolLogP,0,0.1,"{""feature_scale"": 0.25}",-0.0028597729266171823,1,False,MolLogP__NumRotatableBonds,0.4691082974194657,0.6591589072505104,4,0.24378670446799278,0.25119412283509784,NumRotatableBonds,4,0.43956043956043955,0.8015267175572519,-0.015931507872543448,100.0,"{""feature_scale"": 0.25}",0.617114944626408
0.6079327796885049,0.0072163265894368556,-0.017736381513519694,inner_OOF_outer_train_only,"[-0.022139330200127705, 0.0, -0.0019233097274046762, -0.04164852434172028]",-0.016427791067313166,0.019570039724499846,0,MolLogP,0,100.0,"{""feature_scale"": 0.25}",0.6246428831935593,1,False,MolLogP__NumAromaticRings,0.48538291777525766,0.654964628247071,5,0.2577653424851433,0.24002896097162363,NumAromaticRings,5,0.37362637362637363,0.8422391857506362,-0.02621281092956309,100.0,"{""feature_scale"": 0.25}",0.5838264508409705
0.5804252998909487,0.011910718474374443,-0.02892365805447039,inner_OOF_outer_train_only,"[-0.08177307953498594, -0.10044044126388318, 0.025438646490284544, 0.0013369399101670343]",-0.03885948359960439,0.06160030589477101,2,MolLogP,0,1.0,"{""feature_scale"": 0.5}",0.6052489068502578,1,False,MolLogP__nHalogen,0.5053138543996059,0.6707351173000028,6,0.2736470109110316,0.24472335285656122,nHalogen,6,0.21428571428571427,0.9465648854961832,-0.0696596365469899,100.0,"{""feature_scale"": 0.25}",1.0116915787505947
0.7471968235327013,0.05452979086399057,0.08331579359052876,inner_OOF_outer_train_only,"[-0.025789905617487507, 0.09970109806673977, 0.07208669531575629, 0.1341247411139574]",0.07003065721974149,0.06873668163212814,3,MolLogP,0,0.1,"{""feature_scale"": 0.25}",-0.5550997948940981,1,False,MolLogP__n_OP,0.6963466931332636,0.7896149651874843,7,0.5033606401047604,0.5866764336952892,n_OP,7,0.5274725274725275,0.9669211195928753,0.03566231640367742,100.0,"{""feature_scale"": 0.5}",0.37136114715084023
0.5727917121046892,-0.02038400828603129,-0.013815999897554748,inner_OOF_outer_train_only,"[0.17141389100657797, -0.08769547134844613, -0.06378622016929358, 0.06452834215153985]",0.021115135410094528,0.12044696035434906,2,MolLogP,0,10.0,"{""feature_scale"": 0.125}",1.005801102847256,1,False,MolLogP__LiPHEX_prediction,0.4491210421156539,0.6154545200346727,8,0.22624462599371023,0.21242862609615548,LiPHEX_prediction,8,0.21428571428571427,0.9312977099236641,-0.03910834476708,100.0,"{""feature_scale"": 0.25}",0.8055898479076218
0.6877289377289377,0.11806140500970799,-0.012159815135130758,inner_OOF_outer_train_only,"[-0.07281997160728937, 0.12974792082900016, -0.08874922365773108, -0.003895892699589898]",-0.008929291783902546,0.0995154006457683,1,MolLogP,0,100.0,"{""feature_scale"": 0.5}",0.6330469486554893,1,False,MolLogP__sasa002_frac_polar_hetero_only,0.5328607000508891,0.7159913877471129,9,0.3630338545270255,0.35087403939189477,sasa002_frac_polar_hetero_only,9,0.7087912087912088,0.6666666666666666,-0.0586869921067867,100.0,"{""feature_scale"": 0.25}",-0.11492692357693302
0.6765022509297318,0.11747202325151795,0.027886998940541197,inner_OOF_outer_train_only,"[0.14476810828871273, 0.056969962113206096, -0.10670703565377543, -0.012348532564506631]",0.02067062554590919,0.10651003150462496,2,MolWt,1,100.0,"{""feature_scale"": 0.25}",0.28181849219432564,1,False,MolWt__TPSA_SP,0.5111152159823625,0.7073791348600509,10,0.3198107485612939,0.3476977475018351,TPSA_SP,2,0.5769230769230769,0.7760814249363868,-0.03258439020640329,100.0,"{""feature_scale"": 0.5}",0.040840198676812434
0.6386279115286748,0.09475157346095775,0.024060536742406352,inner_OOF_outer_train_only,"[0.026639438542544136, 0.008039661194438927, -0.011192001646930239, 0.1034004477817807]",0.031721886467958385,0.05021984008993802,3,MolWt,1,1.0,"{""feature_scale"": 1.0}",-0.9829820442847872,1,False,MolWt__NumHDonors,0.4210104962407249,0.6349649078656712,11,0.23451155959149564,0.258572096333902,NumHDonors,3,0.6538461538461539,0.6234096692111959,0.0066119664229893765,1.0,"{""feature_scale"": 0.125}",0.27838931004287265
0.5736585297654,-0.010489283759320928,-0.004764604503520037,inner_OOF_outer_train_only,"[-0.1747494819145215, 0.03868455944784077, 0.09952607332330309, 0.01520027976050295]",-0.005334642345718673,0.11840119750125463,3,MolWt,1,0.1,"{""feature_scale"": 1.0}",0.35352883339639407,1,False,MolWt__NumRotatableBonds,0.4651251781117791,0.627820652629813,12,0.2305699164431328,0.22580531193961276,NumRotatableBonds,4,0.2032967032967033,0.9440203562340967,-0.064535241096346,100.0,"{""feature_scale"": 0.5}",1.09187333871412
0.5813620222017168,0.010108977079270914,-0.05058962900107425,inner_OOF_outer_train_only,"[-0.16217145095062674, -0.06596567009055676, -0.0802480672109425, 0.11705807820198266]",-0.04783177751253584,0.11781607040542223,1,MolWt,1,0.1,"{""feature_scale"": 1.0}",0.19829090990734347,1,False,MolWt__NumAromaticRings,0.39411825147516444,0.576846181808014,13,0.21561382323841968,0.16502419423734543,NumAromaticRings,5,0.41208791208791207,0.7506361323155216,-0.10673981271524696,0.1,"{""feature_scale"": 1.0}",0.02798825696416249
0.618474400917149,0.06550658467831547,0.0075565039590696215,inner_OOF_outer_train_only,"[-0.03979350199327265, 0.06927481581568268, -0.03393708505079862, 0.04202441636727877]",0.009392161284722545,0.05461211540048581,2,MolWt,1,100.0,"{""feature_scale"": 0.25}",-0.3422661735257062,1,False,MolWt__nHalogen,0.41362637449772044,0.6222562424852501,14,0.21286529787732036,0.22042180183638999,nHalogen,6,0.6593406593406593,0.5776081424936387,-0.01791389641552036,100.0,"{""feature_scale"": 0.25}",-0.05138299829180887
0.6984103682576965,-0.0016039417527461408,0.0,inner_OOF_outer_train_only,"[0.0, 0.0, 0.0, 0.0]",0.0,0.0,0,MolWt,1,0.1,"{""feature_scale"": 0.125}",-0.33991651316097754,1,False,MolWt__n_OP,0.6713759514294625,0.7451835696110506,15,0.5305427010785525,0.5305427010785525,n_OP,7,0.41208791208791207,0.9847328244274809,0.0,0.1,"{""feature_scale"": 0.125}",-0.33507046896558235
0.5494715208455667,-0.005473878425202194,0.00530370843742109,inner_OOF_outer_train_only,"[0.03095773278085187, -0.013087697632291076, 0.0, -0.008854925392642876]",0.0022537774389794797,0.019897744436462875,1,MolWt,1,10.0,"{""feature_scale"": 0.125}",-0.5689918392832491,1,False,MolWt__LiPHEX_prediction,0.35374145120945166,0.5546234935547913,16,0.14413763029545124,0.14944133873287233,LiPHEX_prediction,8,0.9615384615384616,0.13740458015267176,-0.007695094779251958,10.0,"{""feature_scale"": 0.125}",-0.674989813699836
0.6666387048066438,0.18449264182019554,0.005415563242943178,inner_OOF_outer_train_only,"[0.0024012564256389313, 0.010482121297680391, -0.01664913366620202, 0.030332484370980295]",0.006641682107024399,0.019463182288864535,3,MolWt,1,100.0,"{""feature_scale"": 0.5}",0.6894547054431384,1,False,MolWt__sasa002_frac_polar_hetero_only,0.5569521763305996,0.7256801722450577,17,0.3366600768094731,0.34207564005241625,sasa002_frac_polar_hetero_only,9,0.5164835164835165,0.816793893129771,-0.0030899090374078685,10.0,"{""feature_scale"": 0.5}",0.2557891531234714
0.6287503844755753,0.08452058173876659,0.00043195409686003217,inner_OOF_outer_train_only,"[0.0, 0.10833197979772313, 0.007372050889224435, -0.10182610999961506]",0.003469480171833128,0.08584981554670602,2,TPSA_SP,2,10.0,"{""feature_scale"": 0.25}",1.000165096519538,1,False,TPSA_SP__NumHDonors,0.49513699272652134,0.6653874115706175,18,0.3143143518922237,0.3147463059890837,NumHDonors,3,0.3516483516483517,0.905852417302799,-0.039455427601519884,100.0,"{""feature_scale"": 0.25}",0.9880741883059159
0.6139445795934345,0.04335154516468537,0.021239191017844883,inner_OOF_outer_train_only,"[-0.04065499717673629, 0.018875740343603953, 0.005216157588800674, 0.09649250622034028]",0.019982351744002154,0.057008645253005565,3,TPSA_SP,2,0.1,"{""feature_scale"": 1.0}",0.35765520136892054,1,False,TPSA_SP__NumRotatableBonds,0.4733153226495511,0.6590959930654587,19,0.25840694984577417,0.27964614086361905,NumRotatableBonds,4,0.32967032967032966,0.8982188295165394,-0.008521970882500628,100.0,"{""feature_scale"": 0.5}",0.9398909806831846
0.6191245141626821,0.02988949804291069,-0.010171277179863714,inner_OOF_outer_train_only,"[0.050532955952794584, -0.022568387257784872, 0.07384645470944563, -0.14832348550390845]",-0.011628115524863276,0.09995868260317778,2,TPSA_SP,2,0.1,"{""feature_scale"": 1.0}",0.6087001383979714,1,False,TPSA_SP__NumAromaticRings,0.4384399071314049,0.6219416715599921,20,0.2702864994730915,0.2601152222932278,NumAromaticRings,5,0.4010989010989011,0.8371501272264631,-0.06160745682645216,10.0,"{""feature_scale"": 0.5}",0.43604763825597104
0.6529373933954087,0.062241956341277216,0.0035324424255308573,inner_OOF_outer_train_only,"[0.019032913298236975, 0.03900360543553316, -0.02034838262293212, -0.027439585971305747]",0.0025621375348830674,0.031750393090712314,2,TPSA_SP,2,10.0,"{""feature_scale"": 0.25}",0.14391428434785195,1,False,TPSA_SP__nHalogen,0.47748580550363473,0.6535735257109303,21,0.2889352381660635,0.29246768059159434,nHalogen,6,0.5934065934065934,0.712468193384224,-0.01331305901047309,100.0,"{""feature_scale"": 0.125}",0.24131761663337903
0.696935380141487,0.0,0.009225019544715996,inner_OOF_outer_train_only,"[0.0, 0.0, 0.021368397474273382, 0.01869357769090685]",0.010015493791295058,0.0116163361115661,2,TPSA_SP,2,1.0,"{""feature_scale"": 0.5}",0.8574354221549084,1,False,TPSA_SP__n_OP,0.6570373771867065,0.7230657383329139,22,0.5229216232865826,0.5321466428312986,n_OP,7,0.4065934065934066,0.9872773536895675,0.004207325735512008,100.0,"{""feature_scale"": 0.25}",0.39863937120627657
0.6236543354863966,0.0016043536767480215,-0.011956626540927634,inner_OOF_outer_train_only,"[-0.049011986611205996, 0.008592001582280961, -0.004113742605150933, -0.007241124203256233]",-0.01294371295933305,0.025001301699584536,1,TPSA_SP,2,100.0,"{""feature_scale"": 0.5}",-0.06796371260757517,1,False,TPSA_SP__LiPHEX_prediction,0.47954946964191725,0.6510639487738724,23,0.24378670446799278,0.23183007792706514,LiPHEX_prediction,8,0.7307692307692307,0.5165394402035624,-0.02544436380912532,0.1,"{""feature_scale"": 0.5}",-0.16224649230942179
0.595923160808657,-0.04987414761262873,-0.048109843566636584,inner_OOF_outer_train_only,"[-0.02847852309900889, 0.04487502464878995, -0.15890831276680517, -0.056380329415676]",-0.04972303515817503,0.08439167933941269,1,TPSA_SP,2,0.1,"{""feature_scale"": 1.0}",-0.04308778469742012,1,False,TPSA_SP__sasa002_frac_polar_hetero_only,0.42430252478237823,0.6081075413136481,24,0.22846142020432497,0.1803515766376884,sasa002_frac_polar_hetero_only,9,0.7032967032967034,0.48854961832061067,-0.09191887482788137,0.1,"{""feature_scale"": 0.5}",-0.3833993034751527
0.670860945670106,0.1126033412795816,0.0,inner_OOF_outer_train_only,"[0.0, 0.0, 0.0, 0.0]",0.0,0.0,0,NumHDonors,3,100.0,"{""feature_scale"": 0.125}",0.6525570038621096,1,False,NumHDonors__NumRotatableBonds,0.49939976370537853,0.687330481223611,25,0.3488979369785153,0.3488979369785153,NumRotatableBonds,4,0.5274725274725275,0.8142493638676844,0.0,100.0,"{""feature_scale"": 0.125}",0.6483225480230446
0.6440105695830887,0.10472613273290238,0.007495477257092487,inner_OOF_outer_train_only,"[0.014239131381299064, 0.021899293717942137, -0.0358017237763793, 0.03954941893470226]",0.00997153006439104,0.03230338601432326,3,NumHDonors,3,1.0,"{""feature_scale"": 0.5}",0.20999991482692892,1,False,NumHDonors__NumAromaticRings,0.4270393941759125,0.6507004445935745,26,0.26105117834875413,0.2685466556058466,NumAromaticRings,5,0.7307692307692307,0.5572519083969466,-0.00618016294277059,100.0,"{""feature_scale"": 1.0}",0.9455259530990142
0.6453387579341778,0.10657918432076291,0.0,inner_OOF_outer_train_only,"[0.0, 0.0, 0.0, 0.0]",0.0,0.0,0,NumHDonors,3,1.0,"{""feature_scale"": 0.125}",0.5086359381409409,1,False,NumHDonors__nHalogen,0.43419916367144423,0.6515812431842966,27,0.27039970719370715,0.27039970719370715,nHalogen,6,0.6978021978021978,0.5928753180661578,0.0,1.0,"{""feature_scale"": 0.125}",0.5077840145077162
0.696935380141487,0.0,0.0,inner_OOF_outer_train_only,"[0.0, 0.0, 0.0, 0.0]",0.0,0.0,0,NumHDonors,3,0.1,"{""feature_scale"": 0.125}",-0.25299453168093705,1,False,NumHDonors__n_OP,0.6315438796781289,0.7253236585297654,28,0.5321466428312986,0.5321466428312986,n_OP,7,0.4065934065934066,0.9872773536895675,0.0,0.1,"{""feature_scale"": 0.25}",-0.3808590592468376
0.6372997231775858,0.09162272896639018,-0.04332752920336569,inner_OOF_outer_train_only,"[0.042893028350734, -0.057130092960390136, -0.07962204766015363, -0.06781553232310908]",-0.040418661148229715,0.05629565887514614,1,NumHDonors,3,100.0,"{""feature_scale"": 1.0}",0.1828312013022907,1,False,NumHDonors__LiPHEX_prediction,0.4487633819809975,0.6571316723988478,29,0.2987707810427001,0.2554432518393344,LiPHEX_prediction,8,0.6868131868131868,0.5877862595419847,-0.06856649058580279,10.0,"{""feature_scale"": 0.25}",-0.20951641386821995
0.6002642395772166,0.11157124898367721,0.006035802549287983,inner_OOF_outer_train_only,"[-0.16166432917592527, 0.1682800640233438, -0.02238340491819185, 0.003303361313775399]",-0.003116077189249479,0.13531029098471686,2,NumHDonors,3,10.0,"{""feature_scale"": 0.125}",0.9932168078600623,1,False,NumHDonors__sasa002_frac_polar_hetero_only,0.47861483719527464,0.6620040265078433,30,0.26935596930733346,0.27539177185662145,sasa002_frac_polar_hetero_only,9,0.2692307692307692,0.9312977099236641,-0.0707712226816079,100.0,"{""feature_scale"": 0.125}",0.9998121449542037
0.5925887090009228,-0.0616351936208914,-0.02409337465062389,inner_OOF_outer_train_only,"[-0.06029794880690509, -0.148335472544965, 0.057079654619413556, 0.06482326142551395]",-0.02168262632673565,0.10201119562915775,2,NumRotatableBonds,4,0.1,"{""feature_scale"": 1.0}",-0.234144985051506,1,False,NumRotatableBonds__NumAromaticRings,0.3947379307418906,0.6036825769650198,31,0.19875277672866618,0.1746594020780423,NumAromaticRings,5,0.5439560439560439,0.6412213740458015,-0.07268822414131453,100.0,"{""feature_scale"": 0.125}",0.3367664495121092
0.6657718871459329,0.09993564247826447,0.004575530513576231,inner_OOF_outer_train_only,"[0.0, 0.02421069391605829, -0.02297817396823168, 0.020556261964629396]",0.005447195478114002,0.021741100328354346,2,NumRotatableBonds,4,10.0,"{""feature_scale"": 0.5}",0.7415624794612009,1,False,NumRotatableBonds__nHalogen,0.49381995629058995,0.6761527276794452,32,0.33165470766362193,0.33623023817719816,nHalogen,6,0.5274725274725275,0.8040712468193384,-0.005423354686063172,100.0,"{""feature_scale"": 0.25}",0.593506179493315
0.696935380141487,0.0,0.0,inner_OOF_outer_train_only,"[0.0, 0.0, 0.0, 0.0]",0.0,0.0,0,NumRotatableBonds,4,10.0,"{""feature_scale"": 0.125}",0.08431984413003102,1,False,NumRotatableBonds__n_OP,0.6416020631892442,0.7190811732796466,33,0.5321466428312986,0.5321466428312986,n_OP,7,0.4065934065934066,0.9872773536895675,0.0,10.0,"{""feature_scale"": 0.125}",0.08819998180940081
0.6237871543215054,0.00385991648224146,0.021495146076011773,inner_OOF_outer_train_only,"[0.030684001160122626, -0.03480473936320344, 0.10636320469566213, -0.029211318037796585]",0.018257787113696182,0.06579240853577599,2,NumRotatableBonds,4,100.0,"{""feature_scale"": 0.25}",0.41074643946235634,1,False,NumRotatableBonds__LiPHEX_prediction,0.4561009762100239,0.6465620893101809,34,0.21865936610516337,0.24015451218117514,LiPHEX_prediction,8,0.5274725274725275,0.7201017811704835,-0.014638417154191813,0.1,"{""feature_scale"": 0.5}",0.43491013063514106
0.633874395324777,0.043230960306391286,0.046230817755786774,inner_OOF_outer_train_only,"[0.09153257129087816, 0.04187935378466562, 0.006145316128889994, 0.043526328088301314]",0.04577089232318377,0.03504520743018171,4,NumRotatableBonds,4,0.1,"{""feature_scale"": 0.5}",0.47885109627514993,1,False,NumRotatableBonds__sasa002_frac_polar_hetero_only,0.41973615533112885,0.6528115650253056,35,0.2332947382495382,0.27952555600532497,sasa002_frac_polar_hetero_only,9,0.45604395604395603,0.811704834605598,0.028248288608092916,100.0,"{""feature_scale"": 0.5}",0.7375964770257222
0.5152112518524733,-0.013591111831084496,-0.020560122698601496,inner_OOF_outer_train_only,"[0.06937567317890408, -0.11458502264886847, 0.016722377611742757, -0.23515464588068372]",-0.06591040443472633,0.13680074461996483,2,NumAromaticRings,5,100.0,"{""feature_scale"": 1.0}",-0.03560719433261636,1,False,NumAromaticRings__nHalogen,0.3737070374211286,0.5419357995693873,36,0.149593995996431,0.1290338732978295,nHalogen,6,0.03296703296703297,0.9974554707379135,-0.13431077674470876,1.0,"{""feature_scale"": 1.0}",1.0396752617157485
0.6694628526689596,-0.04704061186274866,-0.03001429638827602,inner_OOF_outer_train_only,"[0.014653324699105852, -0.07276857056743469, -0.043453045003498114, -0.019072121446400858]",-0.030160103079556952,0.037073667441233096,1,NumAromaticRings,5,10.0,"{""feature_scale"": 0.25}",0.7082730129290816,1,False,NumAromaticRings__n_OP,0.6133304778381654,0.7109372815479685,37,0.515120327356826,0.48510603096855,n_OP,7,0.3516483516483517,0.9872773536895675,-0.0486969368001735,0.1,"{""feature_scale"": 0.5}",0.8544496920182443
0.5644870396778794,-0.021209323316383977,-0.028592191490205865,inner_OOF_outer_train_only,"[0.0034775565568312405, 0.043752036925415724, 0.04682980292805043, -0.1713500497331567]",-0.019322663330714827,0.10325816004525681,3,NumAromaticRings,5,0.1,"{""feature_scale"": 1.0}",0.459123041309124,1,False,NumAromaticRings__LiPHEX_prediction,0.33069850514363575,0.5326734334367922,38,0.14868235368193097,0.12009016219172511,LiPHEX_prediction,8,0.6098901098901099,0.5190839694656488,-0.07095174335334323,1.0,"{""feature_scale"": 1.0}",-0.09447995345160853
0.5947138103626654,0.0816991396081991,-0.029393946319073966,inner_OOF_outer_train_only,"[0.02249361927999416, -0.04831665838118143, -0.06203570771382094, -0.05607152835742235]",-0.03598256879310764,0.03938665883065001,1,NumAromaticRings,5,1.0,"{""feature_scale"": 0.5}",0.27875319221896816,1,False,NumAromaticRings__sasa002_frac_polar_hetero_only,0.45150456248879667,0.6212356345944132,39,0.2686760841594938,0.23928213784041982,sasa002_frac_polar_hetero_only,9,0.29120879120879123,0.8982188295165394,-0.05567589820843265,100.0,"{""feature_scale"": 0.5}",0.7376142446670942
0.716774319827755,0.010837786279665473,-0.014606828329767785,inner_OOF_outer_train_only,"[-0.03587918744492158, 0.0, -0.004213373768243878, -0.01893534212675585]",-0.014756975834980327,0.016253640089728263,0,nHalogen,6,100.0,"{""feature_scale"": 0.125}",0.03292828219863697,1,False,nHalogen__n_OP,0.6302407785493886,0.7408075385174622,40,0.5575912574407319,0.5429844291109641,n_OP,7,0.46153846153846156,0.9720101781170484,-0.02288379587984446,10.0,"{""feature_scale"": 1.0}",0.12368744235912243
0.5820470877722786,0.07347002880522091,-0.013502139197946267,inner_OOF_outer_train_only,"[-0.010291624467073823, -0.031058343893185833, -0.02685742197041477, 0.01780346904522001]",-0.012600980321363604,0.02216366444026589,1,nHalogen,6,10.0,"{""feature_scale"": 0.25}",0.9754719889565321,1,False,nHalogen__LiPHEX_prediction,0.45163355062597965,0.6133993233229874,41,0.22959715313208118,0.2160950139341349,LiPHEX_prediction,8,0.25824175824175827,0.905852417302799,-0.023682812541496547,10.0,"{""feature_scale"": 0.25}",0.9707507167550538
0.6307566479322204,0.09503812613025225,0.0019296582349557778,inner_OOF_outer_train_only,"[0.010850763452703069, -0.005797636625391511, 0.0, 0.0]",0.0012632817068278894,0.0069514539309742905,1,nHalogen,6,100.0,"{""feature_scale"": 0.125}",-0.01549911054316766,1,False,nHalogen__sasa002_frac_polar_hetero_only,0.4582359626806536,0.6448004921287362,42,0.2506914661275172,0.25262112436247297,sasa002_frac_polar_hetero_only,9,0.5439560439560439,0.7175572519083969,-0.002212445258659256,100.0,"{""feature_scale"": 0.125}",-0.06076566504431469
0.696935380141487,0.0,0.0,inner_OOF_outer_train_only,"[0.0, 0.0, 0.0, 0.0]",0.0,0.0,0,n_OP,7,0.1,"{""feature_scale"": 0.125}",-0.4083351436011128,1,False,n_OP__LiPHEX_prediction,0.6465708111452763,0.7065542599893746,43,0.5321466428312986,0.5321466428312986,LiPHEX_prediction,8,0.4065934065934066,0.9872773536895675,0.0,0.1,"{""feature_scale"": 0.125}",-0.4084816324344146
0.6886936218997288,-0.013869427623477204,-0.013869427623477204,inner_OOF_outer_train_only,"[-0.03451254267160431, 0.0, 0.0, -0.01869357769090685]",-0.013301530090627789,0.016661758986151215,0,n_OP,7,1.0,"{""feature_scale"": 0.25}",-0.1818668314203829,1,False,n_OP__sasa002_frac_polar_hetero_only,0.6483917716209069,0.7239675083186533,44,0.5321466428312986,0.5182772152078214,sasa002_frac_polar_hetero_only,9,0.3901098901098901,0.9872773536895675,-0.021632409583703396,10.0,"{""feature_scale"": 0.5}",0.45930661766062564
0.6066395436624443,0.04844401337694931,-0.011886542973461478,inner_OOF_outer_train_only,"[-0.05802570652093292, 0.0015739319834859322, -0.00529782331471812, 0.02063398124228591]",-0.010278904152469799,0.03366830611826901,2,LiPHEX_prediction,8,10.0,"{""feature_scale"": 0.5}",0.32993701276495324,1,False,LiPHEX_prediction__sasa002_frac_polar_hetero_only,0.43177086004050086,0.6190895618376534,45,0.2179135545826315,0.20602701160917003,sasa002_frac_polar_hetero_only,9,0.510989010989011,0.7022900763358778,-0.027113057211604303,0.1,"{""feature_scale"": 0.5}",0.12471254964872691
0.5521647239656718,-0.03055605760698027,0.0,inner_OOF_outer_train_only,"[0.0, 0.0, 0.0, 0.0]",0.0,0.0,0,MolLogP,0,1.0,"{""feature_scale"": 0.125}",0.8391554003181192,2,False,MolLogP__MolWt,0.40252012132593695,0.5619444088638402,1,0.19824446355348352,0.19824446355348352,MolWt,1,0.13513513513513514,0.9691943127962085,0.0,1.0,"{""feature_scale"": 0.125}",0.8444644323582382
0.6507877545792238,0.05113451808219299,0.02180237909484639,inner_OOF_outer_train_only,"[0.04892691535567367, 0.0, 0.04772121012947084, -0.020065664471103695]",0.019145615253510204,0.0346774157984103,2,MolLogP,0,100.0,"{""feature_scale"": 0.25}",0.14682676309049514,2,False,MolLogP__TPSA_SP,0.45979373385314354,0.6776995004483156,2,0.2771312747234384,0.2989336538182848,TPSA_SP,2,0.5243243243243243,0.7772511848341233,0.001806907354305054,10.0,"{""feature_scale"": 0.25}",0.10771932828998843
0.5587549634943,-0.008198150726323156,-0.028194211655354573,inner_OOF_outer_train_only,"[-0.11491961173344872, -0.07392492067525573, 0.05454745500186525, -0.14294055040976186]",-0.06930940695415028,0.0872996015399299,1,MolLogP,0,0.1,"{""feature_scale"": 0.25}",0.9333114341169948,2,False,MolLogP__NumHDonors,0.4308822247817504,0.6011848341232228,3,0.2487965820894952,0.22060237043414063,NumHDonors,3,0.14594594594594595,0.9715639810426541,-0.11295920772411522,10.0,"{""feature_scale"": 0.5}",1.0205128914220065
0.5935890867170488,-0.019361224663687865,0.03211288476231769,inner_OOF_outer_train_only,"[0.00493577517678577, 0.08178324905935427, 0.0567316191746326, 0.0004491691025587663]",0.03597495312833285,0.03981101631464754,4,MolLogP,0,0.1,"{""feature_scale"": 0.125}",0.6169904222877158,2,False,MolLogP__NumRotatableBonds,0.40787394099275104,0.6133469962853849,4,0.17732641173445823,0.20943929649677592,NumRotatableBonds,4,0.34594594594594597,0.8412322274881516,0.016069444971009077,100.0,"{""feature_scale"": 0.25}",0.5581096029002173
0.601844498526963,-0.009937658066613286,-0.009743331787474524,inner_OOF_outer_train_only,"[-0.03385259749408834, -0.04338916345942652, 0.018588483587609006, 0.0]",-0.014663319341476463,0.02894879299989281,1,MolLogP,0,100.0,"{""feature_scale"": 0.25}",0.2551039843537846,2,False,MolLogP__NumAromaticRings,0.4368240409414731,0.6053157422825669,5,0.22860619488132503,0.2188628630938505,NumAromaticRings,5,0.3837837837837838,0.8199052132701422,-0.029137715841422867,100.0,"{""feature_scale"": 0.25}",0.22864371975411357
0.6316767003970796,0.013676209761341818,0.006845959603912183,inner_OOF_outer_train_only,"[0.08010911218706171, -0.03362132413575797, -0.013992935935295492, -0.04810892299727579]",-0.0039035177203168847,0.05772689788338629,1,MolLogP,0,10.0,"{""feature_scale"": 0.25}",0.27941412945073973,2,False,MolLogP__nHalogen,0.4678962569101891,0.6499935954912258,6,0.23563077131789342,0.2424767309218056,nHalogen,6,0.6756756756756757,0.5876777251184834,-0.032766966662010025,100.0,"{""feature_scale"": 0.25}",9.200371946371799e-05
0.7320609709235302,0.06090655000360756,0.07178232348363228,inner_OOF_outer_train_only,"[-0.0054414847218888784, 0.04148014099963837, 0.26148722912656863, 0.06290608565197675]",0.09010799276407372,0.11776411029651807,3,MolLogP,0,10.0,"{""feature_scale"": 0.5}",0.9970538805684799,2,False,MolLogP__n_OP,0.6609079254492858,0.7618675547585501,7,0.49095069048790435,0.5627330139715366,n_OP,7,0.4972972972972973,0.966824644549763,0.031225937615814686,100.0,"{""feature_scale"": 0.5}",0.3092253894371474
0.5526834891763802,-0.008480214773460087,0.0,inner_OOF_outer_train_only,"[0.0, 0.0, 0.0, 0.0]",0.0,0.0,0,MolLogP,0,1.0,"{""feature_scale"": 0.125}",0.8983684326420813,2,False,MolLogP__LiPHEX_prediction,0.4269714344162927,0.5866530037146152,8,0.2203203063870037,0.2203203063870037,LiPHEX_prediction,8,0.12432432432432433,0.981042654028436,0.0,1.0,"{""feature_scale"": 0.125}",0.872393239511788
0.6390546945049315,0.08152962803891317,-0.0033895141914676574,inner_OOF_outer_train_only,"[0.06989874899795592, -0.02638425148885737, -0.021011209951147636, -0.046766672024230016]",-0.006065846116569774,0.05184392744092601,1,MolLogP,0,100.0,"{""feature_scale"": 0.25}",0.043884020829646264,2,False,MolLogP__sasa002_frac_polar_hetero_only,0.4905351559445431,0.6928397591904701,9,0.3137196633908446,0.31033014919937696,sasa002_frac_polar_hetero_only,9,0.41081081081081083,0.8672985781990521,-0.03198780983703278,10.0,"{""feature_scale"": 0.25}",0.4179435581636426
0.6254643268861279,0.008073845951108438,0.002842897405538447,inner_OOF_outer_train_only,"[0.06989874899795592, 0.10001324351198554, -0.09256993671193267, -0.05677678807234321]",0.005141316931416395,0.09411969024735274,2,MolWt,1,100.0,"{""feature_scale"": 0.25}",-0.17521629519592263,2,False,MolWt__TPSA_SP,0.47168053976910485,0.6522736006148329,10,0.2530300842816618,0.25587298168720024,TPSA_SP,2,0.4594594594594595,0.7914691943127962,-0.041918528192259975,100.0,"{""feature_scale"": 0.5}",0.07170034985778373
0.6017996669655438,0.0233342083995923,-0.008753248168295868,inner_OOF_outer_train_only,"[-0.0032511127653590544, -0.03131183888785736, -0.002650418709724711, 0.012321992844253588]",-0.006222844379671884,0.018211370505341405,1,MolWt,1,100.0,"{""feature_scale"": 0.125}",0.15723706027559947,2,False,MolWt__NumHDonors,0.3742771160332381,0.5999935954912259,11,0.19702408535822113,0.18827083718992527,NumHDonors,3,0.5945945945945946,0.6090047393364929,-0.015328529632342587,10.0,"{""feature_scale"": 0.125}",0.3093471666402767
0.5787946714486999,-0.022354367214834275,-0.008672569057739415,inner_OOF_outer_train_only,"[-0.15009565789983673, 0.08862857290725362, 0.1189306897653915, -0.0841861009595003]",-0.006680624046672974,0.1309414832004284,2,MolWt,1,10.0,"{""feature_scale"": 1.0}",0.3211923069889112,2,False,MolWt__NumRotatableBonds,0.37563209193636327,0.6082554118099142,12,0.1913923402075061,0.18271977114976667,NumRotatableBonds,4,0.9135135135135135,0.24407582938388625,-0.07215136564688718,10.0,"{""feature_scale"": 1.0}",-0.9390489333415093
0.5205840912002049,-0.08340686372238583,0.01624875193333189,inner_OOF_outer_train_only,"[-0.1250834957880268, 0.04566571835994402, 0.2108075993429312, -0.050446392786142505]",0.020235857282176476,0.1450034040496615,2,MolWt,1,10.0,"{""feature_scale"": 0.125}",0.3552344711268225,2,False,MolWt__NumAromaticRings,0.344177808202779,0.5314973741514026,13,0.08514577406143266,0.10139452599476455,NumAromaticRings,5,0.06486486486486487,0.976303317535545,-0.05226584474265428,10.0,"{""feature_scale"": 0.125}",1.0034425320605092
0.5479441526834892,0.014811726756576299,0.04338258727784128,inner_OOF_outer_train_only,"[-0.06867450332931517, 0.27565919015729423, 0.17343652587395658, -0.25906453841702415]",0.03033916857122787,0.2409820045147101,2,MolWt,1,10.0,"{""feature_scale"": 1.0}",-0.2842600039079971,2,False,MolWt__nHalogen,0.38666265622623724,0.5754066863071603,14,0.14597194148051373,0.189354528758355,nHalogen,6,0.12432432432432433,0.9715639810426541,-0.09015183368612718,10.0,"{""feature_scale"": 1.0}",1.037806638406652
0.6950749327526579,0.008265564069649844,0.008265564069649844,inner_OOF_outer_train_only,"[-0.021303744261061075, -0.0038926507555159806, 0.13954577179980338, -0.025504986110529093]",0.022211097668174307,0.07878070312507897,1,MolWt,1,100.0,"{""feature_scale"": 1.0}",0.9993285707883515,2,False,MolWt__n_OP,0.6196119503170354,0.7215831945689766,15,0.5018264639679291,0.5100920280375789,n_OP,7,0.41621621621621624,0.9739336492890995,-0.017179253894365178,10.0,"{""feature_scale"": 0.5}",0.5213216815178073
0.5106635071090048,-0.0709698520564161,-0.0346758345183541,inner_OOF_outer_train_only,"[-0.40775514193977036, 0.14978757426622746, 0.22065025630586044, -0.00313801924858155]",-0.010113832654066002,0.28106215060712786,2,MolWt,1,0.1,"{""feature_scale"": 1.0}",0.7142785841412884,2,False,MolWt__LiPHEX_prediction,0.3049229921764127,0.4972972972972973,16,0.11590281356042234,0.08122697904206824,LiPHEX_prediction,8,1.0,0.02132701421800948,-0.15064490795762994,0.1,"{""feature_scale"": 1.0}",-1.043356967620071
0.5895926732419623,0.0598063128532266,-0.017726696504057615,inner_OOF_outer_train_only,"[0.1082070923747275, 0.061997170649931516, -0.0032963304164166096, -0.16501892670295043]",0.00047225147632299486,0.11943428302818515,2,MolWt,1,100.0,"{""feature_scale"": 0.5}",-0.22875424090207797,2,False,MolWt__sasa002_frac_polar_hetero_only,0.4592022671266973,0.6363648008197771,17,0.24473816462942857,0.22701146812537096,sasa002_frac_polar_hetero_only,9,0.2810810810810811,0.8981042654028436,-0.05924489003776958,10.0,"{""feature_scale"": 0.5}",0.8758442253906543
0.5815229921864993,-0.01135066276640398,-0.06135629151519098,inner_OOF_outer_train_only,"[-0.15940077120989915, -0.01745589622804522, -0.01286493862936633, -0.05012524881808733]",-0.05996171372134951,0.06833674692492352,0,TPSA_SP,2,0.1,"{""feature_scale"": 1.0}",0.5625393929740243,2,False,TPSA_SP__NumHDonors,0.4461269103394484,0.6244332009734854,18,0.2978047644848788,0.23644847296968782,NumHDonors,3,0.22702702702702704,0.9360189573459715,-0.09413008718381127,0.1,"{""feature_scale"": 1.0}",0.7595565774195467
0.6093249647752017,0.004131284815690306,-0.022637800240706774,inner_OOF_outer_train_only,"[-0.014086165329440098, -0.061978589136023665, 0.052501471982331724, -0.03240159203485676]",-0.0139912186294972,0.04852152957444646,1,TPSA_SP,2,0.1,"{""feature_scale"": 1.0}",0.5607333187239356,2,False,TPSA_SP__NumRotatableBonds,0.4717547892183799,0.6234853336749071,19,0.2745682207924889,0.2519304205517821,NumRotatableBonds,4,0.35135135135135137,0.8672985781990521,-0.03825198341672043,0.1,"{""feature_scale"": 0.5}",0.511198093382552
0.5658255411809914,-0.03838947618515895,-0.009313581726894588,inner_OOF_outer_train_only,"[0.03339481324297122, 0.013194128814317224, -0.0743383991339173, -0.01978120354296281]",-0.011882665154897915,0.04705316589196289,2,TPSA_SP,2,0.1,"{""feature_scale"": 0.5}",0.6025792022494142,2,False,TPSA_SP__NumAromaticRings,0.4013697393199226,0.5784552324836685,20,0.21872324127782744,0.20940965955093285,NumAromaticRings,5,0.1837837837837838,0.9478672985781991,-0.035409248100879365,0.1,"{""feature_scale"": 0.5}",0.7216797721332144
0.6015498911233509,-0.013785735134506705,-0.026014551180237377,inner_OOF_outer_train_only,"[0.09313043988125691, 0.02915615175678335, -0.13788315060910816, -0.09426689653265474]",-0.02746586387593066,0.10708855573422807,2,TPSA_SP,2,100.0,"{""feature_scale"": 0.125}",0.06356632299106968,2,False,TPSA_SP__nHalogen,0.4317483015154335,0.6463045984372999,21,0.2600279517818225,0.2340134006015851,nHalogen,6,0.34054054054054056,0.8625592417061612,-0.08101014174304469,0.1,"{""feature_scale"": 1.0}",0.4832829256424372
0.6758229793774817,-0.018130366973156287,-0.009532222115515576,inner_OOF_outer_train_only,"[-0.017322268618830128, -0.0038926507555159806, 0.0, -0.0157597592846368]",-0.009243669664745727,0.008598488573256357,0,TPSA_SP,2,100.0,"{""feature_scale"": 0.125}",0.12028302949319425,2,False,TPSA_SP__n_OP,0.5828231867642699,0.6754899449212246,22,0.49322831911028836,0.4836960969947728,n_OP,7,0.372972972972973,0.9786729857819905,-0.013542913951373905,1.0,"{""feature_scale"": 0.5}",0.02835126274447512
0.640124247470219,0.026657146519938058,0.003449424912230381,inner_OOF_outer_train_only,"[0.010955825406040565, 0.0545816682383386, -0.049008726231844865, -0.00833727951524127]",0.002047871974323257,0.04302626707837128,2,TPSA_SP,2,10.0,"{""feature_scale"": 0.5}",0.5441045412396404,2,False,TPSA_SP__LiPHEX_prediction,0.4681866378428129,0.6699500448315614,23,0.2710068573437995,0.27445628225602986,LiPHEX_prediction,8,0.5243243243243243,0.7559241706161137,-0.019465261564862384,0.1,"{""feature_scale"": 0.5}",0.1817100726897521
0.6205712821826566,-0.024348561779395456,0.003318739870799614,inner_OOF_outer_train_only,"[0.04418712031429761, 0.0032838682937774144, 0.0004378316765807459, -0.017564197603847698]",0.0075861556702020196,0.026088178007640184,3,TPSA_SP,2,0.1,"{""feature_scale"": 1.0}",0.007959068889417956,2,False,TPSA_SP__sasa002_frac_polar_hetero_only,0.40861721702443,0.6308569232739849,24,0.22013183408589673,0.22345057395669635,sasa002_frac_polar_hetero_only,9,0.6108108108108108,0.6303317535545023,-0.005457933333618072,0.1,"{""feature_scale"": 0.5}",-0.15951637755837295
0.6310170359933394,0.055789723512522565,0.0050042076613624475,inner_OOF_outer_train_only,"[0.0, 0.020992515473095705, 0.0, 0.0]",0.005248128868273926,0.010496257736547854,1,NumHDonors,3,100.0,"{""feature_scale"": 0.125}",0.4711023003974977,2,False,NumHDonors__NumRotatableBonds,0.47686347150955766,0.637805815293967,25,0.25585965421576107,0.2608638618771235,NumRotatableBonds,4,0.4918918918918919,0.7701421800947867,-8.673617379884035e-19,100.0,"{""feature_scale"": 0.125}",0.43347388837780176
0.5599013705648777,-0.0013810025593792574,-0.010335957857612932,inner_OOF_outer_train_only,"[0.0, 0.01818160661526304, -0.004358246276932957, 0.0]",0.003455840084582521,0.01002985222492913,1,NumHDonors,3,0.1,"{""feature_scale"": 0.125}",0.9999999595495603,2,False,NumHDonors__NumAromaticRings,0.40562505344244204,0.5680991417958244,26,0.19375634501538405,0.18342038715777112,NumAromaticRings,5,0.1837837837837838,0.9360189573459715,-0.0015590860278820438,0.1,"{""feature_scale"": 0.125}",0.9999999655221001
0.5964390931215576,0.03367612984012208,0.0,inner_OOF_outer_train_only,"[0.0, 0.0, 0.0, 0.0]",0.0,0.0,0,NumHDonors,3,10.0,"{""feature_scale"": 0.125}",0.8559196739060448,2,False,NumHDonors__nHalogen,0.4078968892824576,0.6188997053925963,27,0.2082189318419008,0.2082189318419008,nHalogen,6,0.372972972972973,0.8199052132701422,0.0,10.0,"{""feature_scale"": 0.125}",0.8531428716629117
0.6781926476239273,-0.006139144115614004,-0.0014394816561734136,inner_OOF_outer_train_only,"[-0.021303744261061075, 0.0, 0.0358091392999314, 0.0]",0.003626348759717582,0.023689254636045175,1,NumHDonors,3,100.0,"{""feature_scale"": 0.5}",-0.7067957556172301,2,False,NumHDonors__n_OP,0.6040215846360584,0.6970667349814269,28,0.4971268015084885,0.49568731985231507,n_OP,7,0.372972972972973,0.9834123222748815,-0.008218278558305005,1.0,"{""feature_scale"": 0.125}",-0.3295539511509136
0.6014282054566416,0.021891610974881875,-0.038388904096324894,inner_OOF_outer_train_only,"[-0.12272012184624664, 0.02347570575330861, 0.012280356452561814, -0.07104981029743355]",-0.039503467484452444,0.06968530211193763,2,NumHDonors,3,0.1,"{""feature_scale"": 1.0}",0.4227491404197471,2,False,NumHDonors__LiPHEX_prediction,0.368851868066182,0.5993339310874857,29,0.22521714386153974,0.18682823976521484,LiPHEX_prediction,8,0.6270270270270271,0.5758293838862559,-0.07434611854042125,100.0,"{""feature_scale"": 0.125}",0.13376315962969487
0.6225438708851031,0.13692515168538555,-0.014875708148443467,inner_OOF_outer_train_only,"[-0.03442899222226903, 0.009155478249872007, -0.031807207973998164, -0.013835038398604782]",-0.017728940086249992,0.020124808799833888,1,NumHDonors,3,100.0,"{""feature_scale"": 0.5}",0.5947691988012356,2,False,NumHDonors__sasa002_frac_polar_hetero_only,0.46371609594142715,0.6207762264634302,30,0.3190060151059734,0.3041303069575299,sasa002_frac_polar_hetero_only,9,0.33513513513513515,0.909952606635071,-0.027791344486166936,100.0,"{""feature_scale"": 0.25}",0.6639488766408572
0.557198667862175,-0.028637525706589784,0.0,inner_OOF_outer_train_only,"[0.0, 0.0, 0.0, 0.0]",0.0,0.0,0,NumRotatableBonds,4,0.1,"{""feature_scale"": 0.125}",0.7697807175479408,2,False,NumRotatableBonds__NumAromaticRings,0.3718727167983913,0.555789675931856,31,0.17643661265801117,0.17643661265801117,NumAromaticRings,5,0.1783783783783784,0.9360189573459715,0.0,0.1,"{""feature_scale"": 0.125}",0.7720426912175977
0.6316831049058538,0.054897668482198875,-0.004009585521008774,inner_OOF_outer_train_only,"[0.0, -0.09862275253052094, 0.0585152768007704, 0.0027094275384387245]",-0.009349512047827954,0.06534057552859296,2,NumRotatableBonds,4,100.0,"{""feature_scale"": 0.25}",0.6713410777129656,2,False,NumRotatableBonds__nHalogen,0.4622285557300596,0.6493915716664531,32,0.2639813923678086,0.2599718068467998,nHalogen,6,0.5027027027027027,0.7606635071090048,-0.042019799812124434,100.0,"{""feature_scale"": 0.25}",0.48517195730057106
0.6766747790444473,-0.00469966245944059,-0.00469966245944059,inner_OOF_outer_train_only,"[-0.017729754522610164, 0.02771990233267596, -0.031293241704479974, 0.0]",-0.005325773473603544,0.025485608388340516,1,NumRotatableBonds,4,100.0,"{""feature_scale"": 1.0}",0.6751203689119047,2,False,NumRotatableBonds__n_OP,0.6047481981776293,0.699602920456001,33,0.5018264639679291,0.4971268015084885,n_OP,7,0.3675675675675676,0.985781990521327,-0.018068577667773804,1.0,"{""feature_scale"": 0.5}",0.32577049124363494
0.6216152171128475,0.054496924396782304,0.05503720022631117,inner_OOF_outer_train_only,"[0.048142137537672436, -0.04102913418323764, 0.09981528492741715, 0.10577631203631949]",0.05317615007954286,0.06792633952191722,3,NumRotatableBonds,4,10.0,"{""feature_scale"": 0.25}",0.6081462983204041,2,False,NumRotatableBonds__LiPHEX_prediction,0.4620149784811045,0.6464711156654286,34,0.20453386253507208,0.25957106276138325,LiPHEX_prediction,8,0.41621621621621624,0.8270142180094787,0.019212980318584247,0.1,"{""feature_scale"": 0.5}",0.52973562691464
0.6264250032022544,0.04102783810608163,0.014468446871352098,inner_OOF_outer_train_only,"[0.10765093929200124, -0.03015602170253731, 0.12760884659562632, -0.14263279647093036]",0.015617741928539972,0.1266893671967937,2,NumRotatableBonds,4,0.1,"{""feature_scale"": 0.5}",0.3915285028352762,2,False,NumRotatableBonds__sasa002_frac_polar_hetero_only,0.4220416130755074,0.6259190470090944,35,0.23163352959933048,0.24610197647068258,sasa002_frac_polar_hetero_only,9,0.5135135135135135,0.7393364928909952,-0.04772694166985687,1.0,"{""feature_scale"": 1.0}",0.050176517713356836
0.5798065838350199,-0.037639665086826674,-0.02200375441933089,inner_OOF_outer_train_only,"[0.10865276023887646, -0.045393507072509276, -0.12199272882590698, -0.02644308424106423]",-0.021294139975151005,0.09597515962184298,1,NumAromaticRings,5,10.0,"{""feature_scale"": 0.125}",-0.17270855158996845,2,False,NumAromaticRings__nHalogen,0.32450424548172363,0.5353785064685539,36,0.1691654790496546,0.1471617246303237,nHalogen,6,0.5837837837837838,0.5758293838862559,-0.0692817197860725,0.1,"{""feature_scale"": 0.25}",-0.26830329926019814
0.6804854617650826,-0.08461214360355751,-0.08461214360355751,inner_OOF_outer_train_only,"[-0.07177528401754651, 0.0, 0.0, -0.16115858983564535]",-0.058233468463297966,0.07650541391855778,0,NumAromaticRings,5,10.0,"{""feature_scale"": 0.125}",-0.22002448024007015,2,False,NumAromaticRings__n_OP,0.5836605524531471,0.7139490201101576,37,0.5018264639679291,0.41721432036437156,n_OP,7,0.4486486486486487,0.9123222748815166,-0.09648617542257686,100.0,"{""feature_scale"": 0.5}",0.9998773763529192
0.5742666837453567,0.04097161928925597,0.07657541427587947,inner_OOF_outer_train_only,"[0.05178661348635685, -0.1508347971161969, 0.08739303667178273, 0.22337988437585093]",0.05293118435444841,0.15466335899979164,3,NumAromaticRings,5,1.0,"{""feature_scale"": 0.125}",0.203262967622182,2,False,NumAromaticRings__LiPHEX_prediction,0.3870224003636668,0.5209683617266556,38,0.14919759473052688,0.22577300900640634,LiPHEX_prediction,8,0.20540540540540542,0.943127962085308,-0.024400495145447412,0.1,"{""feature_scale"": 0.5}",0.7081687170555084
0.6020686563340591,0.0557947182545481,0.06792610272989275,inner_OOF_outer_train_only,"[0.18230923460300438, -0.22853431787845205, 0.1168864913216687, 0.11443336239226509]",0.04627369260962153,0.18588259667567386,3,NumAromaticRings,5,0.1,"{""feature_scale"": 0.5}",-0.728930287776748,2,False,NumAromaticRings__sasa002_frac_polar_hetero_only,0.42942784857599264,0.6003906750352248,39,0.17267000524180573,0.24059610797169848,sasa002_frac_polar_hetero_only,9,0.32972972972972975,0.8744075829383886,-0.0466676057282154,10.0,"{""feature_scale"": 0.125}",-0.1347969858976068
0.7055527091072115,0.03315090081019989,0.012610893496974418,inner_OOF_outer_train_only,"[0.0, 0.0, 0.0, 0.04323445702866091]",0.010808614257165228,0.021617228514330455,1,nHalogen,6,10.0,"{""feature_scale"": 0.25}",0.18342912304417736,2,False,nHalogen__n_OP,0.6127492400263617,0.7032150634046369,40,0.5223664712811545,0.534977364778129,n_OP,7,0.43243243243243246,0.9786729857819905,0.0,100.0,"{""feature_scale"": 0.25}",-0.08591576848142812
0.5784872550275394,0.059133625441578574,0.001338353159961475,inner_OOF_outer_train_only,"[0.0, 0.0, 0.0, 0.005781824065744651]",0.0014454560164361627,0.0028909120328723253,1,nHalogen,6,10.0,"{""feature_scale"": 0.25}",0.9903244267617148,2,False,nHalogen__LiPHEX_prediction,0.4742675954807957,0.6218778019725888,41,0.2323380742833958,0.2336764274433573,LiPHEX_prediction,8,0.21621621621621623,0.9407582938388626,0.0,10.0,"{""feature_scale"": 0.25}",0.9858332952853612
0.6317535545023696,0.07147839905812037,-0.014518264538533804,inner_OOF_outer_train_only,"[-0.011456860397257962, 0.0, -0.021506187199424195, -0.03423271103201442]",-0.016798939657174144,0.014569794647361188,0,nHalogen,6,100.0,"{""feature_scale"": 0.125}",-0.31604269209862457,2,False,nHalogen__sasa002_frac_polar_hetero_only,0.4529780741196572,0.6358588446266171,42,0.2605394655984329,0.24602120105989908,sasa002_frac_polar_hetero_only,9,0.6,0.6635071090047393,-0.02408383698085474,100.0,"{""feature_scale"": 0.125}",-0.2914998305478891
0.6822274881516588,-0.027555986945585864,-0.027555986945585864,inner_OOF_outer_train_only,"[0.011552267653035408, 0.01713618318103799, 0.010675064428643272, -0.10670919113787858]",-0.016836418968790477,0.059983475838564226,3,n_OP,7,0.1,"{""feature_scale"": 0.125}",-0.34339377282826467,2,False,n_OP__LiPHEX_prediction,0.5956664998079428,0.6985781990521327,43,0.5018264639679291,0.4742704770223432,LiPHEX_prediction,8,0.4,0.9644549763033176,-0.04682815688807259,100.0,"{""feature_scale"": 1.0}",0.5096781484310657
0.67937748174715,0.0,0.009424730079681531,inner_OOF_outer_train_only,"[0.017729754522610164, 0.0, 0.0, 0.0157597592846368]",0.00837237845181174,0.009700984904985423,2,n_OP,7,1.0,"{""feature_scale"": 0.5}",0.7379320360926845,2,False,n_OP__sasa002_frac_polar_hetero_only,0.6110537780548944,0.6513641603688998,44,0.49240173388824754,0.5018264639679291,sasa002_frac_polar_hetero_only,9,0.372972972972973,0.985781990521327,0.003521885999319029,0.1,"{""feature_scale"": 0.25}",-0.42693855877700926
0.6120981170744204,0.05838820650588414,0.009873778747163303,inner_OOF_outer_train_only,"[-0.0018006423184692144, -0.06903014479203956, 0.07903362402256442, 0.02247594872962122]",0.007669696410419216,0.06133130855741259,2,LiPHEX_prediction,8,1.0,"{""feature_scale"": 0.5}",-0.052312583285318084,2,False,LiPHEX_prediction__sasa002_frac_polar_hetero_only,0.4208065092173774,0.6188804918662738,45,0.2157195830308652,0.2255933617780285,sasa002_frac_polar_hetero_only,9,0.4540540540540541,0.7701421800947867,-0.02299595786828708,0.1,"{""feature_scale"": 0.5}",0.11505037802573964
0.5475462304409673,-0.030167987313426514,0.11384909099006475,inner_OOF_outer_train_only,"[-0.15904269782959032, 0.4141797581993357, 0.0, -0.1199707932750668]",0.033791566773669644,0.2624658473871384,1,MolLogP,0,0.1,"{""feature_scale"": 0.125}",-0.6947016963204904,3,False,MolLogP__MolWt,0.3970480527328117,0.5115789473684211,1,0.09176723300178556,0.2056163239918503,MolWt,1,0.11351351351351352,0.9815789473684211,-0.09744135691989955,0.1,"{""feature_scale"": 0.125}",0.957961820949038
0.5919985775248934,-0.056755472418617725,0.051174340387877854,inner_OOF_outer_train_only,"[0.12797273861447106, -0.01032796060925012, -0.019833099011733468, 0.10179168558702115]",0.049900841145127155,0.0758907369883951,2,MolLogP,0,1.0,"{""feature_scale"": 0.125}",-0.06001256528942078,3,False,MolLogP__TPSA_SP,0.4042442613802655,0.5754765291607397,2,0.12785449849878125,0.1790288388866591,TPSA_SP,2,0.4918918918918919,0.6921052631578948,0.011955472650929604,0.1,"{""feature_scale"": 1.0}",0.28702406644420503
0.5542674253200569,-0.004968539233341895,0.04971192005555891,inner_OOF_outer_train_only,"[-0.09763961062735922, 0.0, -0.21390814596460087, -0.11357028726741407]",-0.10627951096484355,0.0875729425864958,0,MolLogP,0,0.1,"{""feature_scale"": 0.125}",0.3457050905128487,3,False,MolLogP__NumHDonors,0.4185146029519825,0.5621977240398293,3,0.18110385201637602,0.23081577207193493,NumHDonors,3,0.12432432432432433,0.9842105263157894,-0.15006598225809145,0.1,"{""feature_scale"": 0.125}",0.9887026859073369
0.5736130867709816,-0.08437139801176355,-0.006611522031844175,inner_OOF_outer_train_only,"[0.11272143929382078, -0.14771179999542033, 0.19639964927548334, 0.04340464658175425]",0.05120348378890951,0.1466225281761446,3,MolLogP,0,0.1,"{""feature_scale"": 0.125}",0.7720815649703567,3,False,MolLogP__NumRotatableBonds,0.4039802131031754,0.5848648648648649,4,0.15802443532535745,0.15141291329351328,NumRotatableBonds,4,0.3945945945945946,0.7526315789473684,-0.022107780299162792,0.1,"{""feature_scale"": 0.25}",0.21621906164404842
0.5745376955903272,-0.07088610703022954,0.019031166291940238,inner_OOF_outer_train_only,"[0.053347005154995436, 0.12143244967146419, -0.14168046963334993, -0.013659057900368768]",0.004859981823185231,0.11218614061339491,2,MolLogP,0,1.0,"{""feature_scale"": 0.125}",-0.33538227466501513,3,False,MolLogP__NumAromaticRings,0.3833094031612667,0.5661166429587482,5,0.14586703798310705,0.16489820427504728,NumAromaticRings,5,0.8648648648648649,0.28421052631578947,-0.051233088483512226,0.1,"{""feature_scale"": 0.5}",-0.7718960419253837
0.5779871977240398,-0.08925041976617115,-0.002260222701829351,inner_OOF_outer_train_only,"[0.0035912504882022744, -0.0313681947166096, -0.01603955943397284, 0.04049967230810046]",-0.0008292078385699255,0.031046209114745024,2,MolLogP,0,100.0,"{""feature_scale"": 0.5}",-0.2263386991322962,3,False,MolLogP__nHalogen,0.384817197733264,0.574153627311522,6,0.14879411424093503,0.14653389153910568,nHalogen,6,0.6270270270270271,0.5289473684210526,-0.01635231239594244,100.0,"{""feature_scale"": 0.5}",-0.2926282569831081
0.6787339971550498,-0.005908408211618643,0.0,inner_OOF_outer_train_only,"[0.0, 0.0, 0.0, 0.0]",0.0,0.0,0,MolLogP,0,0.1,"{""feature_scale"": 0.125}",-0.3796354380243395,3,False,MolLogP__n_OP,0.6143431027716206,0.6878662873399716,7,0.4786847984179411,0.4786847984179411,n_OP,7,0.3837837837837838,0.9736842105263158,0.0,0.1,"{""feature_scale"": 0.125}",-0.3772726767296932
0.5976884779516358,-0.04805700262892987,0.017432238421852764,inner_OOF_outer_train_only,"[-0.07473798465968265, 0.039884825596730664, 0.04806981230812801, 0.056106134178211614]",0.01733069685584691,0.061735345353094856,3,MolLogP,0,1.0,"{""feature_scale"": 1.0}",0.861755125795619,3,False,MolLogP__LiPHEX_prediction,0.39172335614130094,0.5912091038406828,8,0.1702950702544942,0.18772730867634696,LiPHEX_prediction,8,0.5243243243243243,0.6710526315789473,-0.013536975820700518,1.0,"{""feature_scale"": 1.0}",0.6875685456596995
0.583605974395448,-0.056533334253532325,0.004856358869597316,inner_OOF_outer_train_only,"[0.0, 0.009600553792611904, 0.008637134204852293, 0.0]",0.004559421999366049,0.005279438244240634,2,MolLogP,0,1.0,"{""feature_scale"": 0.125}",-0.5269791813803015,3,False,MolLogP__sasa002_frac_polar_hetero_only,0.38355202274311145,0.596045519203414,9,0.1743946181821472,0.1792509770517445,sasa002_frac_polar_hetero_only,9,0.8540540540540541,0.3131578947368421,0.0019197028772457323,1.0,"{""feature_scale"": 0.125}",-0.5258606024895174
0.5543385490753912,0.020317094601707747,0.02786596166261744,inner_OOF_outer_train_only,"[0.06302968441596198, 0.07075098824649075, -0.13207550361353262, 0.11131916802715178]",0.02825608426901797,0.10896591835307187,3,MolWt,1,0.1,"{""feature_scale"": 1.0}",-0.18532011736409906,3,False,MolWt__TPSA_SP,0.35403849865883397,0.5463300142247511,10,0.11766336025990821,0.14552932192252566,TPSA_SP,2,0.9297297297297298,0.17894736842105263,-0.026226874907517968,100.0,"{""feature_scale"": 0.125}",-0.909510989321543
0.6032005689900426,-0.010243302771041907,-0.0022201400207931543,inner_OOF_outer_train_only,"[-0.010470549076187878, 0.0, 0.012295027228698185, -0.009360672860768554]",-0.0018840486770645617,0.010554994572040649,1,MolWt,1,100.0,"{""feature_scale"": 0.125}",0.2009861422984387,3,False,MolWt__NumHDonors,0.38565354664241175,0.5873897581792319,11,0.19594631527489875,0.1937261752541056,NumHDonors,3,0.6432432432432432,0.5631578947368421,-0.007161545963084886,10.0,"{""feature_scale"": 0.125}",0.06031744443156617
0.569701280227596,-0.09019009847367632,-0.013345959135854513,inner_OOF_outer_train_only,"[-0.019374905883603077, 0.03840137537590492, -0.05251468984116192, -0.011266175362873915]",-0.011188598927933498,0.03756786295625326,1,MolWt,1,100.0,"{""feature_scale"": 0.125}",0.6610905226382595,3,False,MolWt__NumRotatableBonds,0.37657926641578376,0.5624679943100996,12,0.14668767495242754,0.13334171581657303,NumRotatableBonds,4,0.4972972972972973,0.6421052631578947,-0.029972530406060127,100.0,"{""feature_scale"": 0.125}",0.6359187246053697
0.5176742532005689,0.014076733987444273,0.0,inner_OOF_outer_train_only,"[0.0, 0.0, 0.0, 0.0]",0.0,0.0,0,MolWt,1,10.0,"{""feature_scale"": 0.125}",1.530920734639884,3,False,MolWt__NumAromaticRings,0.35058839163913513,0.4984352773826458,13,0.12005976960711774,0.12005976960711774,NumAromaticRings,5,0.043243243243243246,0.9921052631578947,0.0,10.0,"{""feature_scale"": 0.125}",1.5143635871547398
0.5446301564722618,-0.060976644542378625,0.0007775488779942635,inner_OOF_outer_train_only,"[-0.029029383333171288, -0.011103929357768508, 0.028983527376567897, 0.014082459554587812]",0.0007331685600539782,0.02583416810886681,2,MolWt,1,10.0,"{""feature_scale"": 0.125}",-0.2997774946701087,3,False,MolWt__nHalogen,0.32048068841091204,0.5035988620199147,14,0.08607254497695632,0.08685009385495059,nHalogen,6,0.6918918918918919,0.3973684210526316,-0.012183915494379426,10.0,"{""feature_scale"": 0.125}",-0.2684060620472001
0.6760312944523471,-0.010698696113019934,0.013313495951216225,inner_OOF_outer_train_only,"[0.10021884922262626, 0.0, 0.03239407841928876, -0.02324284967274104]",0.027342519492293493,0.053674856398834035,2,MolWt,1,1.0,"{""feature_scale"": 0.25}",0.6713714423508463,3,False,MolWt__n_OP,0.5930854251939328,0.6336415362731151,15,0.4605810145653236,0.4738945105165398,n_OP,7,0.3783783783783784,0.9736842105263158,0.0005050912928764757,10.0,"{""feature_scale"": 0.125}",-0.38872402764126335
0.5145803698435277,-0.19169071991798214,-0.09363308600260349,inner_OOF_outer_train_only,"[-0.035541501471251874, -0.10863733505658493, -0.021272196275154365, -0.2070371104723217]",-0.09312203581882822,0.0850397674070828,0,MolWt,1,0.1,"{""feature_scale"": 1.0}",-0.4534442972725713,3,False,MolWt__LiPHEX_prediction,0.3109527791546295,0.4808108108108108,16,0.13710953500212256,0.043476448999519066,LiPHEX_prediction,8,0.9081081081081082,0.12105263157894737,-0.13564191952236962,100.0,"{""feature_scale"": 1.0}",-1.1130015211253423
0.5741820768136557,0.0135106794822632,0.01156355024393771,inner_OOF_outer_train_only,"[0.1729324369341155, 0.07489385903629675, -0.11213078830829154, -0.09864641087866685]",0.009262274195863465,0.13841481982081344,2,MolWt,1,100.0,"{""feature_scale"": 0.25}",0.6680193699926995,3,False,MolWt__sasa002_frac_polar_hetero_only,0.3741984986684218,0.5764295874822191,17,0.13561826712363115,0.14718181736756886,sasa002_frac_polar_hetero_only,9,0.43783783783783786,0.7105263157894737,-0.059945135714543255,1.0,"{""feature_scale"": 1.0}",0.3866462319053593
0.5759601706970128,0.07399157149765653,0.0,inner_OOF_outer_train_only,"[0.0, 0.0, 0.0, 0.0]",0.0,0.0,0,TPSA_SP,2,0.1,"{""feature_scale"": 0.125}",0.9830837485255537,3,False,TPSA_SP__NumHDonors,0.46323660210824774,0.5703058321479375,18,0.27796104952280404,0.27796104952280404,NumHDonors,3,0.17297297297297298,0.9789473684210527,0.0,0.1,"{""feature_scale"": 0.125}",0.9761189251616027
0.5900782361308676,-0.052498689548552885,0.002588988803207376,inner_OOF_outer_train_only,"[0.019078724314136153, 0.0, 0.0, -0.009776868044794412]",0.002325464067335435,0.012082407840965297,1,TPSA_SP,2,10.0,"{""feature_scale"": 0.125}",0.4067351386470861,3,False,TPSA_SP__NumRotatableBonds,0.3911678852276654,0.5909815078236131,19,0.1684441359384891,0.17103312474169646,NumRotatableBonds,4,0.5459459459459459,0.6342105263157894,-0.0037157398531472135,10.0,"{""feature_scale"": 0.125}",0.3922291350421645
0.5503200568990043,0.07910744716237134,-0.00739609662826099,inner_OOF_outer_train_only,"[-0.05335949611473033, 0.03859196877250623, 0.0, -0.022150904363844315]",-0.009229607926517103,0.03867167694658579,1,TPSA_SP,2,1.0,"{""feature_scale"": 0.25}",1.0013124872289128,3,False,TPSA_SP__NumAromaticRings,0.4300055194893015,0.5835846372688478,20,0.21171577111145023,0.20431967448318925,NumAromaticRings,5,0.12432432432432433,0.9763157894736842,-0.02856544639981,10.0,"{""feature_scale"": 0.125}",1.0820605171330637
0.6021337126600285,0.04609633079262432,-0.00435444139184718,inner_OOF_outer_train_only,"[-0.10185072363289131, 0.020164309907010063, 0.03963276501876023, 0.02138567748057496]",-0.005166992806636517,0.06506786535162,3,TPSA_SP,2,100.0,"{""feature_scale"": 0.125}",0.11365039119506681,3,False,TPSA_SP__nHalogen,0.40066861169354406,0.61024893314367,21,0.1982775105818007,0.19392306918995353,nHalogen,6,0.5621621621621622,0.6421052631578947,-0.037700925482446516,100.0,"{""feature_scale"": 0.125}",0.1898404240977971
0.6731863442389758,0.0,0.0,inner_OOF_outer_train_only,"[0.0, 0.0, 0.0, 0.0]",0.0,0.0,0,TPSA_SP,2,10.0,"{""feature_scale"": 0.25}",-0.1667008732791615,3,False,TPSA_SP__n_OP,0.6091321983650447,0.6621550497866288,22,0.48459320662955974,0.48459320662955974,n_OP,7,0.3621621621621622,0.9842105263157894,0.0,100.0,"{""feature_scale"": 0.125}",-0.13416985789274305
0.5848150782361309,-0.04654175203683192,-0.04625870105635693,inner_OOF_outer_train_only,"[-0.4986344396858761, -0.11143345032676756, 0.12867614021476437, 0.13215624532491088]",-0.08730887611824212,0.2969765316964745,2,TPSA_SP,2,0.1,"{""feature_scale"": 1.0}",0.1625592731781652,3,False,TPSA_SP__LiPHEX_prediction,0.4200018288798851,0.6008250355618776,23,0.23488411793702624,0.1886254168806693,LiPHEX_prediction,8,0.34594594594594597,0.8236842105263158,-0.23579714196647936,0.1,"{""feature_scale"": 0.5}",0.7075407466166194
0.5515647226173541,0.0893233795329314,0.0013538132839849837,inner_OOF_outer_train_only,"[0.06532282149235402, 0.0, -0.019433992371118813, 0.0]",0.011472207280308802,0.037050888013079035,1,TPSA_SP,2,0.1,"{""feature_scale"": 0.125}",0.9805610260151529,3,False,TPSA_SP__sasa002_frac_polar_hetero_only,0.41408576984685286,0.5144950213371267,24,0.22164070413425208,0.22299451741823706,sasa002_frac_polar_hetero_only,9,0.11891891891891893,0.9842105263157894,-0.007053236726230715,0.1,"{""feature_scale"": 0.125}",0.9834789809384357
0.6430298719772404,0.07614593640325626,-0.005068623936589245,inner_OOF_outer_train_only,"[0.0202650597717642, 0.0074002899567504055, 0.0, -0.04014739997270306]",-0.003120512561047113,0.026065943738850402,2,NumHDonors,3,100.0,"{""feature_scale"": 0.125}",0.7195581830873934,3,False,NumHDonors__NumRotatableBonds,0.4853227414517872,0.6670341394025604,25,0.30474637463009485,0.2996777506935056,NumRotatableBonds,4,0.4702702702702703,0.8157894736842105,-0.016153484430472313,100.0,"{""feature_scale"": 0.25}",0.773705662011047
0.5560810810810811,-0.03789030057083065,0.0,inner_OOF_outer_train_only,"[0.0, 0.0, 0.0, 0.0]",0.0,0.0,0,NumHDonors,3,10.0,"{""feature_scale"": 0.125}",-1.080377351475509,3,False,NumHDonors__NumAromaticRings,0.3834210465504944,0.5788051209103842,26,0.16607917745431686,0.16607917745431686,NumAromaticRings,5,0.9621621621621622,0.15,0.0,10.0,"{""feature_scale"": 0.125}",-1.0006337349542325
0.5866998577524893,-0.021224785835328108,0.0033024412887478483,inner_OOF_outer_train_only,"[0.04016266971610947, 0.0019874275278149237, -0.002096726159807105, -0.044994156096774596]",-0.0012351962531643272,0.034831773862468475,2,NumHDonors,3,0.1,"{""feature_scale"": 0.25}",0.6156302310218803,3,False,NumHDonors__nHalogen,0.4053384841333368,0.5999288762446657,27,0.17944225090107155,0.1827446921898194,nHalogen,6,0.3891891891891892,0.7842105263157895,-0.018651083184398565,0.1,"{""feature_scale"": 0.25}",0.8815348476434213
0.6731863442389758,0.0,0.0455605612248014,inner_OOF_outer_train_only,"[0.15409277277032601, 0.02433626099410635, 0.03353004289476058, 0.04258945326968644]",0.06363713248221985,0.060762441807741395,4,NumHDonors,3,1.0,"{""feature_scale"": 1.0}",0.9998611419085124,3,False,NumHDonors__n_OP,0.6058153435186708,0.6995234708392604,28,0.43903264540475834,0.48459320662955974,n_OP,7,0.3621621621621622,0.9842105263157894,0.033255911578349145,1.0,"{""feature_scale"": 0.25}",-0.3816542739660027
0.630796586059744,0.019881600385883047,-0.016931459726344023,inner_OOF_outer_train_only,"[0.1523749293038054, -0.03834709857299995, 0.11138710375338018, -0.1894385516693297]",0.008994095703713977,0.15562679263796061,2,NumHDonors,3,0.1,"{""feature_scale"": 0.5}",0.9487626895758654,3,False,NumHDonors__LiPHEX_prediction,0.45747060255927013,0.6413513513513514,29,0.2719802290297283,0.25504876930338427,LiPHEX_prediction,8,0.5405405405405406,0.7210526315789474,-0.06881930061526634,0.1,"{""feature_scale"": 0.5}",0.5571780579575536
0.6299075391180654,0.1018632098973031,0.01921655260250038,inner_OOF_outer_train_only,"[-0.006419333252744561, 0.12659148045165164, 0.0, 0.000553783441810618]",0.030181482660179424,0.06435119749257266,2,NumHDonors,3,100.0,"{""feature_scale"": 0.125}",0.9440304366517633,3,False,NumHDonors__sasa002_frac_polar_hetero_only,0.47762104393862737,0.63199146514936,30,0.2866161353199502,0.3058326879224506,sasa002_frac_polar_hetero_only,9,0.372972972972973,0.8868421052631579,-0.001994116086106907,10.0,"{""feature_scale"": 0.25}",0.6515607140051114
0.5599217638691323,-0.07499956120790444,0.01619552249983816,inner_OOF_outer_train_only,"[0.0019671984074217386, 0.09008473571639088, -0.1932866531465173, 0.14841200922236022]",0.011794322549913885,0.1493860324428186,3,NumRotatableBonds,4,1.0,"{""feature_scale"": 0.25}",-0.09005164177500768,3,False,NumRotatableBonds__NumAromaticRings,0.3846888300087389,0.5742034139402561,31,0.13233673058250675,0.1485322530823449,NumAromaticRings,5,0.25405405405405407,0.8657894736842106,-0.0628986936714954,1.0,"{""feature_scale"": 0.25}",0.7697282778623755
0.6108108108108108,0.01003359213447469,0.007254654489625201,inner_OOF_outer_train_only,"[-0.005205392195721456, 0.0, 0.07628828388047304, -0.0547738139997439]",0.00407726942125192,0.05410074725818969,1,NumRotatableBonds,4,0.1,"{""feature_scale"": 0.5}",0.5101563139196089,3,False,NumRotatableBonds__nHalogen,0.429243175802985,0.5990825035561878,32,0.22631075193509884,0.23356540642472404,nHalogen,6,0.42162162162162165,0.8,-0.022973104207842925,0.1,"{""feature_scale"": 0.5}",0.5675787372378932
0.6731863442389758,0.0,0.028899954195172328,inner_OOF_outer_train_only,"[0.029991585069071125, 0.0, 0.016728993956564797, 0.07303804857115054]",0.029939656899196615,0.031243019123581354,3,NumRotatableBonds,4,100.0,"{""feature_scale"": 1.0}",0.5226458969094896,3,False,NumRotatableBonds__n_OP,0.6002639136699167,0.6418634423897582,33,0.4556932524343874,0.48459320662955974,n_OP,7,0.3621621621621622,0.9842105263157894,0.014318147337405938,1.0,"{""feature_scale"": 0.25}",-0.3222993594515967
0.6204125177809389,-0.003396535511565768,-0.0045466534544932324,inner_OOF_outer_train_only,"[-0.02363578812494685, -0.06504745342100177, 0.1155985598730001, -0.04936913398324094]",-0.005613453914047363,0.08259159895217556,1,NumRotatableBonds,4,0.1,"{""feature_scale"": 0.5}",0.5518089809109211,3,False,NumRotatableBonds__LiPHEX_prediction,0.4391598099009834,0.6193598862019914,34,0.2363172868604287,0.23177063340593546,LiPHEX_prediction,8,0.5513513513513514,0.6894736842105263,-0.046909253390135144,0.1,"{""feature_scale"": 0.5}",0.3810433211038419
0.5767425320056899,-0.07025809178785006,-0.0020729990669365317,inner_OOF_outer_train_only,"[-0.0036418395642263124, -0.03488883474325108, 0.022817282704307995, -0.045578451484098254]",-0.015322960771816913,0.03103409365838104,1,NumRotatableBonds,4,100.0,"{""feature_scale"": 0.125}",0.8518702856026739,3,False,NumRotatableBonds__sasa002_frac_polar_hetero_only,0.36885503722718443,0.561294452347084,35,0.15534672156933582,0.1532737225023993,sasa002_frac_polar_hetero_only,9,0.43243243243243246,0.7210526315789474,-0.030840007601007434,100.0,"{""feature_scale"": 0.125}",0.596419472016068
0.5591394025604552,-0.02834016482107378,-0.025847853797269935,inner_OOF_outer_train_only,"[-0.03815939786058695, 0.0921639529518351, -0.18875323489979345, -0.028004128415973994]",-0.04068820205612982,0.1150944968508107,1,NumAromaticRings,5,0.1,"{""feature_scale"": 0.25}",0.4067324951056799,3,False,NumAromaticRings__nHalogen,0.37512378691532666,0.5467567567567566,36,0.14533442737352537,0.11948657357625543,nHalogen,6,0.3945945945945946,0.7236842105263158,-0.09823545048153517,0.1,"{""feature_scale"": 0.25}",0.6747298310247711
0.657325746799431,-0.06538770993673626,-0.05586452885255849,inner_OOF_outer_train_only,"[-0.16065514182168875, -0.028577799314920882, -0.052091826689153464, 0.02632675040857868]",-0.0537495043542961,0.07848011325380298,1,NumAromaticRings,5,100.0,"{""feature_scale"": 0.5}",-0.3676217167512465,3,False,NumAromaticRings__n_OP,0.5429150373172175,0.6904836415362732,37,0.47507002554538197,0.4192054966928235,n_OP,7,0.3567567567567568,0.9578947368421052,-0.0929895609811976,1.0,"{""feature_scale"": 1.0}",0.8433812528580082
0.5573968705547653,-0.04195699920846685,0.034754126346917324,inner_OOF_outer_train_only,"[0.045335727500304984, 0.042063548070864556, -0.1424497190915384, 0.029955442960779288]",-0.00627375013989739,0.09102468810393345,3,NumAromaticRings,5,100.0,"{""feature_scale"": 1.0}",0.5816162257362636,3,False,NumAromaticRings__LiPHEX_prediction,0.4176816687179704,0.582773826458037,38,0.15845604336211705,0.19321016970903437,LiPHEX_prediction,8,0.16216216216216217,0.9526315789473684,-0.05178609419186411,0.1,"{""feature_scale"": 0.5}",0.8436060876084643
0.5589971550497866,0.04739509395649996,0.028302929384469683,inner_OOF_outer_train_only,"[0.08379020127304379, 0.014713163841593168, -0.18831305890565977, 0.12517611339673673]",0.00884160490142848,0.13911080311535126,3,NumAromaticRings,5,1.0,"{""feature_scale"": 0.5}",0.3623455650438675,3,False,NumAromaticRings__sasa002_frac_polar_hetero_only,0.41150372537335395,0.5715504978662873,39,0.15276330245733594,0.18106623184180562,sasa002_frac_polar_hetero_only,9,0.1837837837837838,0.9342105263157895,-0.060713796656247154,1.0,"{""feature_scale"": 0.25}",0.6895563105013716
0.6759601706970129,-0.0032367969534629615,0.0015117523355154816,inner_OOF_outer_train_only,"[0.02741567634248887, 0.023207696614465367, -0.0012936123637330432, -0.024252405647455344]",0.006269338736441463,0.02396421409332755,2,nHalogen,6,10.0,"{""feature_scale"": 1.0}",-0.9230422172305595,3,False,nHalogen__n_OP,0.5916078566146693,0.6606614509246088,40,0.4798446573405813,0.4813564096760968,n_OP,7,0.372972972972973,0.9789473684210527,-0.005712768310222313,10.0,"{""feature_scale"": 0.25}",-0.32610776580311257
0.5682076813655761,-0.013714667467300573,-0.012608667904181692,inner_OOF_outer_train_only,"[-0.06518277246950493, 0.030326791357828772, 0.10906417378727201, -0.12365160608763442]",-0.012360853353009644,0.10286246320591698,2,nHalogen,6,0.1,"{""feature_scale"": 1.0}",0.34723308355070126,3,False,nHalogen__LiPHEX_prediction,0.4666379828149133,0.6239402560455192,41,0.23406116935438234,0.22145250145020065,LiPHEX_prediction,8,0.1837837837837838,0.9526315789473684,-0.06379208495596814,0.1,"{""feature_scale"": 0.5}",0.9854892120856761
0.5787339971550498,0.017137592789995854,0.005348453798197594,inner_OOF_outer_train_only,"[-0.010116220821640001, 0.0, 0.019476504568673447, 0.015926434245321586]",0.006321679498088758,0.01385001726822112,2,nHalogen,6,100.0,"{""feature_scale"": 0.25}",0.6386141705979584,3,False,nHalogen__sasa002_frac_polar_hetero_only,0.3817957106145418,0.5722190611664296,42,0.15961587738912747,0.16496433118732506,sasa002_frac_polar_hetero_only,9,0.3837837837837838,0.7736842105263158,-0.000603329136021802,10.0,"{""feature_scale"": 0.25}",0.5871997753491642
0.6637624466571835,-0.020901500899062897,-0.02746343268632262,inner_OOF_outer_train_only,"[0.0, 0.0, -0.03293531255650839, -0.06603860279844048]",-0.024743478838737218,0.03160629100138634,0,n_OP,7,100.0,"{""feature_scale"": 0.25}",-0.7355349391250511,3,False,n_OP__LiPHEX_prediction,0.6211616533473907,0.7092460881934566,43,0.49115513841681946,0.46369170573049684,LiPHEX_prediction,8,0.34594594594594597,0.9815789473684211,-0.04054662433943039,10.0,"{""feature_scale"": 0.5}",0.3946951163832737
0.6731863442389758,0.0,0.0,inner_OOF_outer_train_only,"[0.0, 0.0, 0.0, 0.0]",0.0,0.0,0,n_OP,7,10.0,"{""feature_scale"": 0.25}",-0.22417088690140574,3,False,n_OP__sasa002_frac_polar_hetero_only,0.6140115707549062,0.6914793741109532,44,0.48459320662955974,0.48459320662955974,sasa002_frac_polar_hetero_only,9,0.3621621621621622,0.9842105263157894,0.0,100.0,"{""feature_scale"": 0.125}",-0.13580734746248924
0.5874110953058322,-0.06010076090911118,0.04243380643561889,inner_OOF_outer_train_only,"[0.13266043650157086, 0.035963361900712615, -0.14037374785961415, 0.14118034851386735]",0.04235759976413417,0.1308334433233417,3,LiPHEX_prediction,8,1.0,"{""feature_scale"": 0.25}",0.6643656903036126,3,False,LiPHEX_prediction__sasa002_frac_polar_hetero_only,0.38932481990308815,0.5743100995732575,45,0.13263260157277115,0.17506640800839005,sasa002_frac_polar_hetero_only,9,0.44324324324324327,0.7315789473684211,-0.023059121897536686,0.1,"{""feature_scale"": 0.5}",0.5111434674920612
0.5334339157108562,0.010156221836870732,-0.0005227725835149633,inner_OOF_outer_train_only,"[0.0, -0.06718820006022692, 0.026353151969449817, 0.0]",-0.010208762022694277,0.03996610045990633,1,MolLogP,0,0.1,"{""feature_scale"": 0.125}",0.6718813732482752,4,False,MolLogP__MolWt,0.37608357992869657,0.5321919178447586,1,0.1587714959098219,0.15824872332630693,MolWt,1,0.08588957055214724,0.9809782608695652,-0.030191812252647443,0.1,"{""feature_scale"": 0.125}",0.6340887080505869
0.6039277140570819,0.02067485954361281,-0.030106221525400517,inner_OOF_outer_train_only,"[-0.027864652004559898, 0.082243308088009, -0.06409003665462834, -0.13464268759300335]",-0.03608851704104565,0.09049320863719687,1,MolLogP,0,0.1,"{""feature_scale"": 0.25}",0.41362776735383877,4,False,MolLogP__TPSA_SP,0.416490835962567,0.6334189117097893,2,0.25192875882061866,0.22182253729521814,TPSA_SP,2,0.39263803680981596,0.8152173913043478,-0.08133512135964407,100.0,"{""feature_scale"": 0.25}",0.39593627436079015
0.524581555081355,-0.01870104583811258,0.0,inner_OOF_outer_train_only,"[0.0, 0.0, 0.0, 0.0]",0.0,0.0,0,MolLogP,0,0.1,"{""feature_scale"": 0.125}",0.9390534852711314,4,False,MolLogP__NumHDonors,0.34465624502755515,0.528257535342758,3,0.11634891176496612,0.11634891176496612,NumHDonors,3,0.0736196319018405,0.9755434782608695,0.0,0.1,"{""feature_scale"": 0.125}",0.9337990967829265
0.5974676580421445,-0.0017765404753294634,0.01721672887953496,inner_OOF_outer_train_only,"[-0.017214067731596755, -0.02315990392094644, 0.1045664101403688, 0.011437447253824944]",0.01890747143541264,0.05906968964000501,2,MolLogP,0,10.0,"{""feature_scale"": 0.125}",0.18194807945961688,4,False,MolLogP__NumRotatableBonds,0.3826352683336419,0.5988430248066151,4,0.16337619018903685,0.1805929190685718,NumRotatableBonds,4,0.588957055214724,0.6059782608695652,-0.010627373384589866,100.0,"{""feature_scale"": 0.5}",0.22291871506109207
0.534134102427314,0.008280683772656783,-0.030080541752543433,inner_OOF_outer_train_only,"[-0.22392544041053744, 0.0, 0.04699290768829306, -0.0694987786791998]",-0.06160782785036105,0.11832007249292784,1,MolLogP,0,1.0,"{""feature_scale"": 0.125}",0.6023793930523778,4,False,MolLogP__NumAromaticRings,0.3526585707715324,0.531358362229928,5,0.1734111831282789,0.14333064137573548,NumAromaticRings,5,0.09815950920245399,0.970108695652174,-0.12076786409682497,0.1,"{""feature_scale"": 0.125}",0.8815479998765142
0.5939667244598559,0.0420855306139897,0.00041462194453395496,inner_OOF_outer_train_only,"[0.02412111848214385, -0.028442664506834303, 0.010581999768605244, -0.010244753631020287]",-0.0009960749717763742,0.023121264063940657,2,MolLogP,0,100.0,"{""feature_scale"": 0.125}",0.07228622253768258,4,False,MolLogP__nHalogen,0.4017481912851436,0.589857295278741,6,0.17672086627253444,0.1771354882170684,nHalogen,6,0.5276073619631901,0.6603260869565217,-0.012556707003746703,100.0,"{""feature_scale"": 0.125}",0.07634731518145577
0.6837406641771139,0.0,0.0,inner_OOF_outer_train_only,"[0.0, 0.0, 0.0, 0.0]",0.0,0.0,0,MolLogP,0,1.0,"{""feature_scale"": 0.125}",-0.31523424720962445,4,False,MolLogP__n_OP,0.6207817855479391,0.6934515870898905,7,0.5010182046881638,0.5010182046881638,n_OP,7,0.38650306748466257,0.9809782608695652,0.0,1.0,"{""feature_scale"": 0.125}",-0.3154451678016932
0.5688183515604162,0.005818553536936638,0.031497439028071256,inner_OOF_outer_train_only,"[0.020421722125843284, 0.029067822625553824, 0.009229925752286872, 0.05506532544781209]",0.028446198987874018,0.01951599084008724,4,MolLogP,0,100.0,"{""feature_scale"": 1.0}",-0.05553399874935294,4,False,MolLogP__LiPHEX_prediction,0.33633268042292397,0.560949586556415,8,0.13552446997562484,0.1670219090036961,LiPHEX_prediction,8,0.9202453987730062,0.21739130434782608,0.018688203567830398,100.0,"{""feature_scale"": 0.5}",-0.7627703289431842
0.6291261002934115,0.10924147997643482,-0.002264316128163635,inner_OOF_outer_train_only,"[0.0, 0.0, -0.007752030353290612, 0.0]",-0.001938007588322653,0.003876015176645306,0,MolLogP,0,1.0,"{""feature_scale"": 0.125}",0.4148617027638513,4,False,MolLogP__sasa002_frac_polar_hetero_only,0.46388087383832904,0.6661943184849294,9,0.27717675197177033,0.2749124358436067,sasa002_frac_polar_hetero_only,9,0.4294478527607362,0.8288043478260869,-0.003876015176645306,1.0,"{""feature_scale"": 0.125}",0.42321808180068143
0.5853560949586556,0.026209298764693856,-0.009580677734804088,inner_OOF_outer_train_only,"[-0.011289817372024308, 0.03025139858385073, 0.15799571831897208, -0.27931402358312424]",-0.025589181013081434,0.18384989631962786,2,MolWt,1,0.1,"{""feature_scale"": 0.5}",-0.848431241997577,4,False,MolWt__TPSA_SP,0.4445821238326808,0.6478560949586556,10,0.23693765425110327,0.2273569765162992,TPSA_SP,2,0.25766871165644173,0.9130434782608695,-0.11751412917289536,100.0,"{""feature_scale"": 0.5}",0.9910499008068437
0.586264670578821,0.030516368145635325,0.02374407409926091,inner_OOF_outer_train_only,"[0.03834845523475566, 0.10252207540474664, -0.0034998562492326024, -0.0671875610642812]",0.017545778331497126,0.07135913856610164,2,MolWt,1,1.0,"{""feature_scale"": 0.125}",-0.11668029476087383,4,False,MolWt__NumHDonors,0.3843196453891563,0.5993931715124033,11,0.15486479553581062,0.17860886963507153,NumHDonors,3,0.39263803680981596,0.779891304347826,-0.018133790951553694,10.0,"{""feature_scale"": 0.5}",0.8533921207261985
0.6069951987196586,0.045425778109480425,-0.005057538369118292,inner_OOF_outer_train_only,"[-0.18687434313047607, 0.2647435016368122, -0.07293423628118176, -0.07381187251059641]",-0.01721923757136051,0.19544200210007032,1,MolWt,1,10.0,"{""feature_scale"": 1.0}",0.15131701208235498,4,False,MolWt__NumRotatableBonds,0.43026267440682664,0.6083622299279808,12,0.23285277602249999,0.2277952376533817,NumRotatableBonds,4,0.3987730061349693,0.8152173913043478,-0.11494023862139567,100.0,"{""feature_scale"": 0.25}",0.7576600023410345
0.518755001333689,-0.014060562517961755,0.0,inner_OOF_outer_train_only,"[0.0, 0.0, 0.0, 0.0]",0.0,0.0,0,MolWt,1,0.1,"{""feature_scale"": 0.125}",0.8221172784001987,4,False,MolWt__NumAromaticRings,0.374702039426159,0.5382351960522805,13,0.13403193897147445,0.13403193897147445,NumAromaticRings,5,0.04294478527607362,0.9945652173913043,0.0,0.1,"{""feature_scale"": 0.125}",0.8222783741687821
0.6113046812483329,0.060071395932775856,0.010130615866047021,inner_OOF_outer_train_only,"[0.08092840404657353, 0.01839350473120621, -0.036846678410358574, -0.036534032978408404]",0.006485299347253191,0.05601161916029046,2,MolWt,1,100.0,"{""feature_scale"": 1.0}",-0.7788335013198158,4,False,MolWt__nHalogen,0.38190427911648883,0.6137386636436384,14,0.19803328155616504,0.20816389742221206,nHalogen,6,0.7361963190184049,0.48641304347826086,-0.02152051023289204,1.0,"{""feature_scale"": 0.5}",-0.2734717908685408
0.7168244865297413,0.03689577924895715,0.00963839756084095,inner_OOF_outer_train_only,"[0.019640306180975786, 0.019318779064198544, 0.01678942379663617, -0.025953009082578082]",0.007448874989808105,0.022304389170609975,3,MolWt,1,0.1,"{""feature_scale"": 0.125}",-0.4212679820575721,4,False,MolWt__n_OP,0.6782080558113884,0.7546762469991999,15,0.52827558637628,0.537913983937121,n_OP,7,0.4662576687116564,0.967391304347826,-0.0037033195954968828,1.0,"{""feature_scale"": 0.5}",-0.4194885635584294
0.5231811816484396,0.004460121101982933,0.0043935244582885835,inner_OOF_outer_train_only,"[0.00569850843705684, -0.05932514067433259, 0.10093274051528377, -0.0395086292670101]",0.0019493697527494802,0.07137949060990482,2,MolWt,1,0.1,"{""feature_scale"": 1.0}",-0.7131407394138011,4,False,MolWt__LiPHEX_prediction,0.4139397913763266,0.5896905841557749,16,0.1612699521104538,0.1656634765687424,LiPHEX_prediction,8,0.049079754601226995,0.9972826086956522,-0.03374037555220293,10.0,"{""feature_scale"": 0.5}",1.3013797395109012
0.6324436516404375,0.08379746703165239,0.005041094075095537,inner_OOF_outer_train_only,"[0.020936256335837178, 0.010434304099823932, -0.011426953539361157, -0.002135720243403305]",0.004451971663224162,0.014178127436250555,2,MolWt,1,0.1,"{""feature_scale"": 0.25}",0.112862356345664,4,False,MolWt__sasa002_frac_polar_hetero_only,0.4245054728961093,0.6454221125633502,17,0.24442732882372872,0.24946842289882426,sasa002_frac_polar_hetero_only,9,0.5828220858895705,0.6820652173913043,-0.0026370920549011155,0.1,"{""feature_scale"": 0.25}",0.1677177777195945
0.6061283008802347,0.07995557134983924,0.01488482917661299,inner_OOF_outer_train_only,"[0.05289726228653538, -0.017406490286911214, -0.016288098751995717, 0.013442810435837615]",0.008161370920866516,0.03306904732855998,2,TPSA_SP,2,10.0,"{""feature_scale"": 0.25}",0.7142425148751921,4,False,TPSA_SP__NumHDonors,0.46729764189376155,0.6584589223793011,18,0.2662184199248316,0.2811032491014446,NumHDonors,3,0.2883435582822086,0.9239130434782609,-0.008373152743413475,10.0,"{""feature_scale"": 0.5}",0.7215240311167047
0.6160309415844225,0.09216316594660448,0.010009459709055868,inner_OOF_outer_train_only,"[0.09665006200144, -0.05325038914455066, -0.02686540797244147, 0.0]",0.004133566221111967,0.06539684777224032,1,TPSA_SP,2,100.0,"{""feature_scale"": 0.125}",0.6594074343553018,4,False,TPSA_SP__NumRotatableBonds,0.4729387641459286,0.6452887436649772,19,0.28330138398915394,0.2933108436982098,NumRotatableBonds,4,0.31901840490797545,0.9130434782608695,-0.028564857665008193,100.0,"{""feature_scale"": 0.125}",0.7463723688712243
0.612780074686583,0.039569272008123685,0.0,inner_OOF_outer_train_only,"[0.0, 0.0, 0.0, 0.0]",0.0,0.0,0,TPSA_SP,2,1.0,"{""feature_scale"": 0.125}",0.2500448758055529,4,False,TPSA_SP__NumAromaticRings,0.42714023892341935,0.631968524939984,20,0.24071694975972902,0.24071694975972902,NumAromaticRings,5,0.4049079754601227,0.8206521739130435,0.0,1.0,"{""feature_scale"": 0.125}",0.25188090688203446
0.635694518538277,0.06978104867247606,0.005674658672681021,inner_OOF_outer_train_only,"[0.02251347646275309, 0.011772899557959349, 0.0, -0.01163724321103983]",0.005662283202418152,0.014749434020057428,2,TPSA_SP,2,1.0,"{""feature_scale"": 0.25}",0.2355275946198436,4,False,TPSA_SP__nHalogen,0.4684075296832402,0.6717958122165911,21,0.26525406775140037,0.2709287264240814,nHalogen,6,0.49693251533742333,0.7744565217391305,-0.001712433807610562,1.0,"{""feature_scale"": 0.25}",0.23927487273059278
0.6806731795145372,-0.005344521556642001,0.007909924283526493,inner_OOF_outer_train_only,"[0.026664088180235135, -0.019555750289290574, 0.02658297157602829, 0.0]",0.008422827366743213,0.022481690789562796,2,TPSA_SP,2,0.1,"{""feature_scale"": 0.125}",-0.2647932164016146,4,False,TPSA_SP__n_OP,0.6103273673239658,0.6939183782341958,22,0.48776375884799533,0.4956736831315218,n_OP,7,0.3803680981595092,0.9809782608695652,-0.002818018028038185,1.0,"{""feature_scale"": 0.25}",-0.2660980452798024
0.622524339823953,0.027317680380559983,0.015076874993004585,inner_OOF_outer_train_only,"[-0.02406644119059831, 0.07019266076579078, -0.019706187512211093, 0.03302974015523738]",0.01486244305455469,0.04509963755860023,2,TPSA_SP,2,10.0,"{""feature_scale"": 0.5}",-0.3959865251038074,4,False,TPSA_SP__LiPHEX_prediction,0.45066164054541674,0.6529407842091224,23,0.21338848313916073,0.2284653581321653,LiPHEX_prediction,8,0.7423312883435583,0.5027173913043478,-0.007687375724745423,1.0,"{""feature_scale"": 0.5}",-0.19506086064732023
0.6006351693785009,-0.001212799896690181,-0.0048854808553057405,inner_OOF_outer_train_only,"[0.010938318636836308, -0.02249367356389148, -0.03137057499011864, 0.025335738672929986]",-0.004397547811060956,0.026921311801317432,2,TPSA_SP,2,0.1,"{""feature_scale"": 0.25}",0.1938757367316094,4,False,TPSA_SP__sasa002_frac_polar_hetero_only,0.40555794135596324,0.6233745665510804,24,0.2048203587102209,0.19993487785491515,sasa002_frac_polar_hetero_only,9,0.4539877300613497,0.7472826086956522,-0.017858203711719672,0.1,"{""feature_scale"": 0.25}",0.25784221970413596
0.5934915977594025,0.002780086475264787,-0.002798196819820603,inner_OOF_outer_train_only,"[-0.0234427186431959, 0.0, 0.01217072635152977, 0.0]",-0.0028179980729165326,0.014898805150660244,1,NumHDonors,3,0.1,"{""feature_scale"": 0.25}",0.4431353786292675,4,False,NumHDonors__NumRotatableBonds,0.37238500425017546,0.5780958255534809,25,0.18794774283898666,0.18514954601916606,NumRotatableBonds,4,0.44785276073619634,0.7391304347826086,-0.010267400648246654,0.1,"{""feature_scale"": 0.25}",0.4471753532770987
0.5865564150440117,0.08136950170801358,0.0,inner_OOF_outer_train_only,"[0.0, 0.0, 0.0, 0.0]",0.0,0.0,0,NumHDonors,3,1.0,"{""feature_scale"": 0.125}",0.2075049916025124,4,False,NumHDonors__NumAromaticRings,0.37380570759637494,0.5775540144038411,26,0.16068670985801325,0.16068670985801325,NumAromaticRings,5,0.5644171779141104,0.6086956521739131,0.0,1.0,"{""feature_scale"": 0.125}",0.17787762876297497
0.577554014403841,0.06638790308914622,0.018394628101234406,inner_OOF_outer_train_only,"[0.0, 0.0, -0.2042806954693987, 0.18671040719052953]",-0.004392572069717292,0.15970201411500096,1,NumHDonors,3,10.0,"{""feature_scale"": 0.125}",0.9996620405476495,4,False,NumHDonors__nHalogen,0.420574756574731,0.5955338090157376,27,0.17860886963507153,0.19700349773630593,nHalogen,6,0.26380368098159507,0.8913043478260869,-0.08424357912721778,10.0,"{""feature_scale"": 0.125}",0.9998966470502921
0.6854494531875167,-0.0013281873353894746,-0.0013281873353894746,inner_OOF_outer_train_only,"[0.01997448810774982, 0.0, -0.02658297157602829, 0.0]",-0.0016521208670696175,0.019102500181398068,1,NumHDonors,3,100.0,"{""feature_scale"": 1.0}",-0.29138792288888915,4,False,NumHDonors__n_OP,0.5971377179077644,0.7103477594025073,28,0.5010182046881638,0.49969001735277435,n_OP,7,0.39263803680981596,0.9782608695652174,-0.011203370957768652,1.0,"{""feature_scale"": 0.5}",-0.22179874248039283
0.580113030141371,-0.01291228365180333,0.004417931720889251,inner_OOF_outer_train_only,"[-0.03061338850088991, -0.060510264910582645, 0.017636939678517566, 0.07777224352955894]",0.00107138244915099,0.06042533623817801,2,NumHDonors,3,0.1,"{""feature_scale"": 1.0}",-0.5342017033237341,4,False,NumHDonors__LiPHEX_prediction,0.3603900453885332,0.5630668178180849,29,0.14387314009406688,0.14829107181495613,LiPHEX_prediction,8,0.5705521472392638,0.5896739130434783,-0.029141285669938014,0.1,"{""feature_scale"": 0.25}",0.6900658439677051
0.6254001066951187,0.09747407875605027,0.0020574918809898035,inner_OOF_outer_train_only,"[0.04867333221284875, -0.03441265701544988, -0.014800601940949148, 0.0]",-0.00013498168588756826,0.03546034954310546,1,NumHDonors,3,10.0,"{""feature_scale"": 0.25}",0.2307618202221038,4,False,NumHDonors__sasa002_frac_polar_hetero_only,0.43989009309086013,0.6279091090957589,30,0.26108754274223234,0.26314503462322214,sasa002_frac_polar_hetero_only,9,0.43558282208588955,0.8152173913043478,-0.017865156457440298,1.0,"{""feature_scale"": 0.25}",0.3250774924658078
0.5417528007468658,-0.06637508471882227,0.0,inner_OOF_outer_train_only,"[0.0, 0.0, 0.0, 0.0]",0.0,0.0,0,NumRotatableBonds,4,0.1,"{""feature_scale"": 0.125}",0.8458838120945138,4,False,NumRotatableBonds__NumAromaticRings,0.34020818797861097,0.5318918378234195,31,0.115994374825079,0.115994374825079,NumAromaticRings,5,0.18404907975460122,0.8994565217391305,0.0,0.1,"{""feature_scale"": 0.125}",0.8459994289377342
0.6326270338757002,0.0828846082074991,-0.007077454551608964,inner_OOF_outer_train_only,"[-0.04491741177067071, -0.015157705415155542, 0.024594730140653442, 0.03827871353199981]",0.0006995816217067498,0.03792770718179247,2,NumRotatableBonds,4,100.0,"{""feature_scale"": 0.25}",0.8623575127945529,4,False,NumRotatableBonds__nHalogen,0.4322546210119391,0.6492731395038678,32,0.27233152230300933,0.26525406775140037,nHalogen,6,0.49079754601226994,0.7744565217391305,-0.018264271969189484,10.0,"{""feature_scale"": 0.5}",0.47150671807284644
0.6803230861563083,0.0031791868491857223,0.007012478881241291,inner_OOF_outer_train_only,"[0.041144482922062076, -0.019555750289290574, 0.0, 0.013313699434134352]",0.008725608016726463,0.025482055750908134,2,NumRotatableBonds,4,10.0,"{""feature_scale"": 1.0}",0.9139374747257478,4,False,NumRotatableBonds__n_OP,0.6256695978428408,0.709930981595092,33,0.49718491265610826,0.5041973915373495,n_OP,7,0.37423312883435583,0.9864130434782609,-0.004015419858727604,1.0,"{""feature_scale"": 0.5}",0.3710577306999498
0.5944168444918645,0.015758950930522903,-0.003579082304204423,inner_OOF_outer_train_only,"[0.11401219161494938, -0.01617025165946201, -0.10843827302322206, -0.018300122244434086]",-0.007224113828042195,0.09155191445948814,1,NumRotatableBonds,4,0.1,"{""feature_scale"": 0.5}",0.2667933096904874,4,False,NumRotatableBonds__LiPHEX_prediction,0.4224863499723335,0.6274673246198986,34,0.2017074927786286,0.19812841047442417,LiPHEX_prediction,8,0.39263803680981596,0.7961956521739131,-0.053000071057786265,10.0,"{""feature_scale"": 0.5}",0.70597009426267
0.6283008802347292,0.135928712098424,-0.020509503895749626,inner_OOF_outer_train_only,"[0.01599906271103374, -0.048654610256118946, -0.0030976845219325977, -0.0542202331581787]",-0.022493366306299126,0.03439410961571616,1,NumRotatableBonds,4,0.1,"{""feature_scale"": 0.5}",0.44272390054963745,4,False,NumRotatableBonds__sasa002_frac_polar_hetero_only,0.48076671996796405,0.6383869031741798,35,0.3388076755380749,0.31829817164232527,sasa002_frac_polar_hetero_only,9,0.34355828220858897,0.9130434782608695,-0.0396904211141572,0.1,"{""feature_scale"": 0.5}",0.5412292222122624
0.58198853027474,0.021794845040635863,0.0,inner_OOF_outer_train_only,"[0.0, 0.0, 0.0, 0.0]",0.0,0.0,0,NumAromaticRings,5,1.0,"{""feature_scale"": 0.125}",0.20101681062593135,4,False,NumAromaticRings__nHalogen,0.3427653835759064,0.5484795945585489,36,0.15241043968779558,0.15241043968779558,nHalogen,6,0.6748466257668712,0.4891304347826087,0.0,1.0,"{""feature_scale"": 0.125}",0.19839321902905427
0.6837406641771139,0.0,0.0,inner_OOF_outer_train_only,"[0.0, 0.0, 0.0, 0.0]",0.0,0.0,0,NumAromaticRings,5,1.0,"{""feature_scale"": 0.125}",-0.34050993232609483,4,False,NumAromaticRings__n_OP,0.6234582035606299,0.7107895438783676,37,0.5010182046881638,0.5010182046881638,n_OP,7,0.38650306748466257,0.9809782608695652,0.0,0.1,"{""feature_scale"": 0.25}",-0.40494845099976556
0.5764453854361163,-0.008049373953321809,-0.01590009585993854,inner_OOF_outer_train_only,"[-0.005469387693358918, 0.007703380429858853, -0.030317210020344848, -0.03843078107466652]",-0.01662849958962786,0.021442064847747504,1,NumAromaticRings,5,100.0,"{""feature_scale"": 1.0}",0.38695140897386676,4,False,NumAromaticRings__LiPHEX_prediction,0.3557347543991599,0.563100160042678,38,0.1690540773733762,0.15315398151343765,LiPHEX_prediction,8,0.4110429447852761,0.7418478260869565,-0.027349532013501612,100.0,"{""feature_scale"": 1.0}",0.6952133976839727
0.5840390770872232,0.0428193096277556,-0.002270935881320546,inner_OOF_outer_train_only,"[-0.015976583833333557, -0.012693366487870589, 0.04771323956908216, -0.0346022216562605]",-0.0038897331020956213,0.03572916485208495,1,NumAromaticRings,5,1.0,"{""feature_scale"": 0.125}",0.48401096540077637,4,False,NumAromaticRings__sasa002_frac_polar_hetero_only,0.4342678555286893,0.6230244731928514,39,0.21076120137624801,0.20849026549492747,sasa002_frac_polar_hetero_only,9,0.2822085889570552,0.8858695652173914,-0.0217543155281381,1.0,"{""feature_scale"": 0.125}",0.41012205977140104
0.7004784609229128,-0.0013700182374219438,0.013809236079108445,inner_OOF_outer_train_only,"[0.05896123469064185, 0.019318779064198544, -0.0016372743312104698, -0.01973939610371389]",0.014225835829979008,0.033825381132640435,2,nHalogen,6,1.0,"{""feature_scale"": 0.25}",-0.21393436957401668,4,False,nHalogen__n_OP,0.6255565930211452,0.7216424379834623,40,0.48583895037163344,0.4996481864507419,n_OP,7,0.44171779141104295,0.9592391304347826,-0.002686854736341209,0.1,"{""feature_scale"": 0.25}",-0.5356084490861948
0.6148389570552147,0.08091546661077456,-0.001513676244733031,inner_OOF_outer_train_only,"[0.0035216791471103515, 0.036975898749319835, -0.03840359990197295, -0.010640139889335348]",-0.002136540473719528,0.03135500573458311,2,nHalogen,6,1.0,"{""feature_scale"": 0.5}",0.8532630740138802,4,False,nHalogen__LiPHEX_prediction,0.4337028434688438,0.6226660442784743,41,0.24363249832226705,0.24211882207753402,LiPHEX_prediction,8,0.4171779141104294,0.8125,-0.017814043341011082,10.0,"{""feature_scale"": 0.25}",0.9052914954156133
0.6240414110429447,0.09402309965703429,-0.011234670899875232,inner_OOF_outer_train_only,"[-0.06710269670535407, 0.004796559558661706, 0.040794627290549196, -0.037138888575262985]",-0.014662599607851538,0.04729097954885432,2,nHalogen,6,100.0,"{""feature_scale"": 0.25}",0.2982128266038021,4,False,nHalogen__sasa002_frac_polar_hetero_only,0.44476224293198907,0.6561749799946651,42,0.2709287264240814,0.25969405552420616,sasa002_frac_polar_hetero_only,9,0.43558282208588955,0.8125,-0.0383080893822787,0.1,"{""feature_scale"": 0.5}",0.39034361853289273
0.6783058815684182,-0.026077473764320458,0.0011450421171702585,inner_OOF_outer_train_only,"[0.05187150806627017, -0.019555750289290574, 0.050575430153188716, -0.08858145954440338]",-0.001422567903558769,0.06700630575023547,2,n_OP,7,1.0,"{""feature_scale"": 1.0}",0.6617556849186164,4,False,n_OP__LiPHEX_prediction,0.5847237841629893,0.7140070685516138,43,0.4737956888066731,0.47494073092384337,LiPHEX_prediction,8,0.38650306748466257,0.970108695652174,-0.034925720778676506,10.0,"{""feature_scale"": 0.5}",0.7561872371396549
0.6837406641771139,0.0,0.0,inner_OOF_outer_train_only,"[0.0, 0.0, 0.0, 0.0]",0.0,0.0,0,n_OP,7,1.0,"{""feature_scale"": 0.5}",-0.051184703203884685,4,False,n_OP__sasa002_frac_polar_hetero_only,0.6140471084824837,0.6925596825820219,44,0.5010182046881638,0.5010182046881638,sasa002_frac_polar_hetero_only,9,0.38650306748466257,0.9809782608695652,0.0,1.0,"{""feature_scale"": 0.25}",-0.9104460000926216
0.6334522539343825,0.08652649452785979,0.027934622673437798,inner_OOF_outer_train_only,"[0.04333321202355356, -0.0066214652702569765, 0.07130291503737105, 0.012814299313058025]",0.030207240275931413,0.03425401954984382,3,LiPHEX_prediction,8,1.0,"{""feature_scale"": 0.5}",0.15628652459181114,4,False,LiPHEX_prediction__sasa002_frac_polar_hetero_only,0.471468426039668,0.6467057882101895,45,0.22426282772159387,0.25219745039503166,sasa002_frac_polar_hetero_only,9,0.5766871165644172,0.6902173913043478,0.013080230501009503,0.1,"{""feature_scale"": 0.5}",0.07641775304244652
0.6230471309386876,-0.0008959589242049648,0.0019327441205582718,inner_OOF_outer_train_only,"[-0.0949822120878458, 0.07084390353119774, -0.0652756464677619, 0.2107429928292966]",0.030332259451221658,0.14027807440390969,2,MolLogP,0,1.0,"{""feature_scale"": 0.125}",0.701974608445619,5,False,MolLogP__MolWt,0.46470693151684017,0.6090767461161019,1,0.25184721476401073,0.253779958884569,MolWt,1,0.44508670520231214,0.801007556675063,-0.039806777750733185,1.0,"{""feature_scale"": 0.125}",0.014151832926893149
0.6041554432812568,-0.04567616658238893,-0.01797586301638579,inner_OOF_outer_train_only,"[0.048709073726387164, -0.02572731554224563, 0.0, -0.08572956869042075]",-0.015686952626569807,0.055975308977278794,1,MolLogP,0,100.0,"{""feature_scale"": 0.25}",0.021590211445785545,5,False,MolLogP__TPSA_SP,0.4306463489282278,0.6246414583363666,2,0.22697561424277082,0.20899975122638503,TPSA_SP,2,0.44508670520231214,0.7632241813602015,-0.04367460711520921,10.0,"{""feature_scale"": 0.25}",0.05918646525433102
0.5424644370349878,-0.03714496025439812,0.0,inner_OOF_outer_train_only,"[0.0, 0.0, 0.0, 0.0]",0.0,0.0,0,MolLogP,0,0.1,"{""feature_scale"": 0.125}",0.902606733533509,5,False,MolLogP__NumHDonors,0.441460778827088,0.5988701387574438,3,0.21753095755437585,0.21753095755437585,NumHDonors,3,0.09248554913294797,0.9924433249370277,0.0,0.1,"{""feature_scale"": 0.125}",0.9016739329033122
0.6133282858432463,0.008483422060790113,0.007130933652288007,inner_OOF_outer_train_only,"[-0.0057045006986101154, 0.034419523808978024, 0.016779413966156315, -0.02008584024372695]",0.0063521492081993185,0.024088970232234934,2,MolLogP,0,10.0,"{""feature_scale"": 0.25}",0.2693250127554361,5,False,MolLogP__NumRotatableBonds,0.4309183181466607,0.6347315851545551,4,0.25602840621727607,0.2631593398695641,NumRotatableBonds,4,0.35260115606936415,0.8740554156171285,-0.005692335907918148,10.0,"{""feature_scale"": 0.25}",0.45726712191514185
0.6436350664667084,0.08000698098143144,0.016774217363580812,inner_OOF_outer_train_only,"[-0.005433399022686358, 0.029229765526818496, 0.011832639947088663, 0.01728934942772664]",0.01322958896973686,0.014407705024410298,3,MolLogP,0,100.0,"{""feature_scale"": 0.125}",0.11755040090780966,5,False,MolLogP__NumAromaticRings,0.5078767476917868,0.6588721771669019,5,0.3179086814266246,0.3346828987902054,NumAromaticRings,5,0.3930635838150289,0.8942065491183879,0.006025736457531712,100.0,"{""feature_scale"": 0.125}",0.3290042415033234
0.6048688865916337,0.04870802438487393,0.02911573433729031,inner_OOF_outer_train_only,"[0.1008243975439288, 0.0034818107386170583, 0.08619750186554415, -0.13874911265777679]",0.012938649372578305,0.10983225565523481,3,MolLogP,0,100.0,"{""feature_scale"": 0.25}",0.315504019781101,5,False,MolLogP__nHalogen,0.49124369028023757,0.6571249690598566,6,0.2742682078563576,0.3033839421936479,nHalogen,6,0.26011560693641617,0.9496221662468514,-0.0419774784550391,100.0,"{""feature_scale"": 0.125}",0.8001739164512802
0.6928335347476012,0.03446104217203011,0.08427398407865844,inner_OOF_outer_train_only,"[-0.01931881782654743, 0.08610719416197493, -0.0008355873480578868, 0.14694521089563245]",0.053224499970750516,0.0775668942085815,2,MolLogP,0,0.1,"{""feature_scale"": 0.25}",-0.5802095047120541,5,False,MolLogP__n_OP,0.6200589036239159,0.741034638400722,7,0.3935450649802849,0.47781904905894335,n_OP,7,0.43352601156069365,0.9521410579345088,0.014441052866459768,100.0,"{""feature_scale"": 1.0}",0.7632784626383713
0.5687016787757896,-0.01016633439095549,0.0002209825443221236,inner_OOF_outer_train_only,"[-0.02242625952170474, 0.04837089467171577, 0.0, 0.0]",0.006486158787502758,0.0298574365064511,1,MolLogP,0,10.0,"{""feature_scale"": 0.125}",0.8337142785003495,5,False,MolLogP__LiPHEX_prediction,0.4456657148234838,0.6114937173308486,8,0.24428860087349635,0.24450958341781848,LiPHEX_prediction,8,0.1676300578034682,0.9697732997481109,-0.008442559465722792,10.0,"{""feature_scale"": 0.125}",0.8147401497210627
0.643955387953,0.02206707344035619,-0.010942250461187353,inner_OOF_outer_train_only,"[-0.04098315173546779, 0.02206206145807671, -0.04630983372442378, 0.03109769204762791]",-0.008533307988546738,0.040770704561468425,2,MolLogP,0,100.0,"{""feature_scale"": 0.25}",0.24891381660334844,5,False,MolLogP__sasa002_frac_polar_hetero_only,0.45268278863772615,0.6706803919570188,9,0.2876852417103175,0.27674299124913015,sasa002_frac_polar_hetero_only,9,0.5549132947976878,0.7329974811083123,-0.02891866026928095,10.0,"{""feature_scale"": 0.25}",0.10541242914925064
0.6242410564785021,0.0664633714871504,0.010361338847904356,inner_OOF_outer_train_only,"[0.0006674908137311863, -0.08275498510555102, -0.022483721694218778, 0.10832312707229746]",0.0009379777715647145,0.0797594957660231,2,MolWt,1,100.0,"{""feature_scale"": 0.25}",0.23165187529933995,5,False,MolWt__TPSA_SP,0.43928430241643746,0.6553122406487966,10,0.23263673451658473,0.2429980733644891,TPSA_SP,2,0.5028901734104047,0.7455919395465995,-0.03894177011144684,100.0,"{""feature_scale"": 0.25}",0.024072297747185445
0.5944293181520363,0.02367889645408039,-0.005923139999150895,inner_OOF_outer_train_only,"[0.0, -0.044898100088127654, 0.009264904199579205, 0.005486293266436362]",-0.007536725655528022,0.025196351063394587,2,MolWt,1,10.0,"{""feature_scale"": 0.125}",-0.1363138975220357,5,False,MolWt__NumHDonors,0.4205502319720633,0.6146750920924272,11,0.19086489056869724,0.18494175056954634,NumHDonors,3,0.8034682080924855,0.3853904282115869,-0.020134901187225315,10.0,"{""feature_scale"": 0.125}",-0.10957654188211197
0.579832850424426,-0.015249203455803328,0.00277344502768867,inner_OOF_outer_train_only,"[0.04613737751571151, -0.01862463780259746, -0.01794056189842899, 0.0]",0.002393044453671264,0.0304110278874161,1,MolWt,1,10.0,"{""feature_scale"": 0.125}",-0.470599839159878,5,False,MolWt__NumRotatableBonds,0.3760122838454028,0.5925583494707416,12,0.15468950363481832,0.15746294866250699,NumRotatableBonds,4,0.791907514450867,0.3677581863979849,-0.012812469490036785,10.0,"{""feature_scale"": 0.125}",-0.4810269006879695
0.5575122668569182,0.018745606491258948,0.003874418230710608,inner_OOF_outer_train_only,"[-0.011800015477763076, 0.0, 0.012479398934991337, 0.06506831521210747]",0.016436924667333933,0.0339026618301958,2,MolWt,1,0.1,"{""feature_scale"": 0.125}",0.5283274598572784,5,False,MolWt__NumAromaticRings,0.4097697316656394,0.5650980620550079,13,0.2031591922412649,0.20703361047197552,NumAromaticRings,5,0.15028901734104047,0.964735516372796,-0.0005144062477639676,0.1,"{""feature_scale"": 0.125}",0.46238603320089167
0.5899739374790699,0.008267651926581604,-0.0202300367267422,inner_OOF_outer_train_only,"[0.007171591873083832, -0.08201513554956907, -0.02743496486158667, 0.03973587282394547]",-0.01563565892853161,0.05206289707244516,2,MolWt,1,10.0,"{""feature_scale"": 1.0}",-0.6672643651427806,5,False,MolWt__nHalogen,0.4051729556873068,0.5905199400125216,14,0.18976054276878976,0.16953050604204756,nHalogen,6,0.7341040462427746,0.44584382871536526,-0.04166710746475419,100.0,"{""feature_scale"": 0.5}",-0.4031336243810186
0.6765262590818422,0.03959060296159311,0.0,inner_OOF_outer_train_only,"[0.0, 0.0, 0.0, 0.0]",0.0,0.0,0,MolWt,1,0.1,"{""feature_scale"": 0.125}",-0.4801057197965087,5,False,MolWt__n_OP,0.6006285602687939,0.6815567624233776,15,0.48294860984850635,0.48294860984850635,n_OP,7,0.37572254335260113,0.9773299748110831,0.0,0.1,"{""feature_scale"": 0.125}",-0.47562235105068595
0.5289017341040463,0.041168690215895254,0.0,inner_OOF_outer_train_only,"[0.0, 0.0, 0.0, 0.0]",0.0,0.0,0,MolWt,1,0.1,"{""feature_scale"": 0.125}",0.7927272356170978,5,False,MolWt__LiPHEX_prediction,0.3935962433764443,0.5298699785967007,16,0.2024315443313612,0.2024315443313612,LiPHEX_prediction,8,0.057803468208092484,1.0,0.0,0.1,"{""feature_scale"": 0.125}",0.7925039297602425
0.6273569109360667,0.08357086131450692,0.035941772487580875,inner_OOF_outer_train_only,"[-0.02404359583357754, 0.1345990063813193, 0.004741138628258909, 0.046049687299402564]",0.04033655911885081,0.0691131610937642,3,MolWt,1,10.0,"{""feature_scale"": 0.25}",-0.7191419046808947,5,False,MolWt__sasa002_frac_polar_hetero_only,0.4512232149396507,0.6549991991962842,17,0.208891942942392,0.24483371542997287,sasa002_frac_polar_hetero_only,9,0.5317919075144508,0.7229219143576826,0.0057799785719687136,10.0,"{""feature_scale"": 0.5}",-0.06218996586283154
0.5529913658799377,0.02124829258615646,0.010690069373620797,inner_OOF_outer_train_only,"[0.024055039500765554, -0.05738499723565753, 0.024381219352856393, 0.016680439407295855]",0.0019329252563150684,0.03970482317001457,3,TPSA_SP,2,10.0,"{""feature_scale"": 0.125}",1.00005174493671,5,False,TPSA_SP__NumHDonors,0.40139502151207856,0.5851618351509151,18,0.18709292508987435,0.19778299446349515,NumHDonors,3,0.13872832369942195,0.9672544080604534,-0.017919486328692218,10.0,"{""feature_scale"": 0.25}",1.0209264705079388
0.5638094960760618,0.06787739799525672,0.024844003872067033,inner_OOF_outer_train_only,"[0.11782906065658658, -0.07300768611067537, -0.026347159968906575, 0.04831184552104156]",0.016696515024511548,0.08391845757771775,2,TPSA_SP,2,1.0,"{""feature_scale"": 1.0}",0.9846998714385156,5,False,TPSA_SP__NumRotatableBonds,0.4352979228519814,0.6041627233150362,19,0.21956809600052837,0.2444120998725954,NumRotatableBonds,4,0.15028901734104047,0.9773299748110831,-0.025262713764347328,0.1,"{""feature_scale"": 0.5}",0.8146387125795869
0.5813762175856496,0.0672315081629957,0.04224863378899685,inner_OOF_outer_train_only,"[0.0, 0.059463442129453675, 0.10261344081978765, -0.03599127524159046]",0.03152140192691272,0.061607347945200404,2,TPSA_SP,2,100.0,"{""feature_scale"": 0.25}",1.0000241766082918,5,False,TPSA_SP__NumAromaticRings,0.42361170684046884,0.5895444154860878,20,0.21327087835471542,0.25551951214371227,NumAromaticRings,5,0.20809248554913296,0.9546599496221663,0.0007177279543125158,100.0,"{""feature_scale"": 0.125}",0.7171491204383349
0.5904325796071694,0.030011065149395083,0.008730874729038468,inner_OOF_outer_train_only,"[-0.048773121697243974, 0.07242273798156701, 0.020761355531579206, 0.02103242595751567]",0.01636084944335448,0.049754589818345546,3,TPSA_SP,2,100.0,"{""feature_scale"": 0.5}",-0.679925330096923,5,False,TPSA_SP__nHalogen,0.4349524183854062,0.6235203331343457,21,0.1978148922976953,0.20654576702673377,nHalogen,6,0.32947976878612717,0.8513853904282116,-0.008516445465818295,100.0,"{""feature_scale"": 0.25}",0.8111962797162424
0.6349499861679357,-0.008595205945873652,-0.003172680687985263,inner_OOF_outer_train_only,"[0.029539231872123206, -0.023554345585752368, -0.011130577643198525, -0.005995706083450347]",-0.0027853493600695084,0.02277556425534427,1,TPSA_SP,2,100.0,"{""feature_scale"": 1.0}",0.9994369250594493,5,False,TPSA_SP__n_OP,0.5968459792759614,0.684869177792985,22,0.43793548162902485,0.4347628009410396,n_OP,7,0.2774566473988439,0.9924433249370277,-0.014173131487741644,100.0,"{""feature_scale"": 1.0}",1.291783592084363
0.5925729095383002,0.0014294872965229244,-0.0005736376589611236,inner_OOF_outer_train_only,"[0.003767828411400151, 0.13995598142114177, -0.1212943979304009, -0.05721325569275268]",-0.008695960947652917,0.11148255755280442,2,TPSA_SP,2,0.1,"{""feature_scale"": 1.0}",0.6027725760652507,5,False,TPSA_SP__LiPHEX_prediction,0.38502893848105646,0.5944438782195949,23,0.17853782683282274,0.17796418917386161,LiPHEX_prediction,8,0.7745664739884393,0.4105793450881612,-0.06443723972405513,0.1,"{""feature_scale"": 0.5}",-0.2921651583614405
0.5741253039414103,0.0055988681715646305,0.025887797753374325,inner_OOF_outer_train_only,"[0.017764219479958793, -0.07557058698387284, 0.009311798584098169, 0.2434878225387126]",0.04874831340472418,0.13649654231165564,3,TPSA_SP,2,0.1,"{""feature_scale"": 1.0}",1.0378513787739065,5,False,TPSA_SP__sasa002_frac_polar_hetero_only,0.389850000784011,0.5808229350184184,24,0.156245772295529,0.18213357004890332,sasa002_frac_polar_hetero_only,9,0.27167630057803466,0.8765743073047859,-0.019499957751103643,1.0,"{""feature_scale"": 1.0}",0.5722920374311176
0.6034784001397766,0.052854028165119776,0.01778192068581383,inner_OOF_outer_train_only,"[-0.02315799746044972, 0.05361952097045368, -0.029875950921848915, 0.05119064346230659]",0.012944054012615409,0.04565890260005094,2,NumHDonors,3,100.0,"{""feature_scale"": 0.125}",-0.17037608931516265,5,False,NumHDonors__NumRotatableBonds,0.4132337460514615,0.6253403415791849,25,0.20778425959761626,0.2255661802834301,NumRotatableBonds,4,0.37572254335260113,0.8312342569269522,-0.009885397287410062,100.0,"{""feature_scale"": 0.5}",0.5150408871997922
0.5836839882937057,0.018193931852481193,0.009551494704511193,inner_OOF_outer_train_only,"[-0.03808114049664443, 0.06461721624368517, 0.05124526792420667, -0.022868789748523466]",0.013728138480680985,0.05170676867753139,2,NumHDonors,3,0.1,"{""feature_scale"": 0.25}",0.9720286976329945,5,False,NumHDonors__NumAromaticRings,0.42879345493417026,0.6064049737190781,26,0.19693044112868657,0.20648193583319777,NumAromaticRings,5,0.2832369942196532,0.8841309823677582,-0.01212524585808471,0.1,"{""feature_scale"": 0.125}",0.8548127166670462
0.5824172624160976,0.016876429829136952,0.0,inner_OOF_outer_train_only,"[0.0, 0.0, 0.0, 0.0]",0.0,0.0,0,NumHDonors,3,10.0,"{""feature_scale"": 0.125}",-0.09767446833788362,5,False,NumHDonors__nHalogen,0.3757044066784202,0.5864431210960819,27,0.15608072217072436,0.15608072217072436,nHalogen,6,0.7341040462427746,0.43073047858942065,0.0,10.0,"{""feature_scale"": 0.125}",-0.10118974241620915
0.6452512339657256,0.005379693677698749,0.005379693677698749,inner_OOF_outer_train_only,"[0.0, 0.0, 0.0, 0.018411546988709393]",0.004602886747177348,0.009205773494354696,1,NumHDonors,3,100.0,"{""feature_scale"": 0.5}",0.6377872985795007,5,False,NumHDonors__n_OP,0.5305849701576564,0.6389030445101265,28,0.44335800688691324,0.448737700564612,n_OP,7,0.30057803468208094,0.9899244332493703,0.0,0.1,"{""feature_scale"": 0.125}",-0.5040423027362139
0.574977067893595,0.0006837084304728569,-0.03092348024111566,inner_OOF_outer_train_only,"[0.03602138715045217, 0.014254858142110478, -0.1618913426928245, -0.0001589720621815935]",-0.02794351736561087,0.09052847208263223,2,NumHDonors,3,100.0,"{""feature_scale"": 0.125}",-0.10036188686733238,5,False,NumHDonors__LiPHEX_prediction,0.3644219688002662,0.5787044451886256,29,0.17081148101317592,0.13988800077206026,LiPHEX_prediction,8,0.5202312138728323,0.6297229219143576,-0.07320775340692698,100.0,"{""feature_scale"": 0.25}",0.9936107687094682
0.55907747411948,0.004737644663598745,0.06213733553094265,inner_OOF_outer_train_only,"[-0.05991855935700853, 0.18599987935305198, 0.0, 0.02713893847157145]",0.03830506461690372,0.1049660245903602,2,NumHDonors,3,10.0,"{""feature_scale"": 0.125}",0.9999098447468517,5,False,NumHDonors__sasa002_frac_polar_hetero_only,0.3620603396292022,0.5428502788252938,30,0.09857047637308618,0.16070781190402883,sasa002_frac_polar_hetero_only,9,0.2138728323699422,0.9042821158690176,-0.014177947678276376,100.0,"{""feature_scale"": 0.125}",0.9994644550782978
0.571446251510607,0.03988339070390165,0.0,inner_OOF_outer_train_only,"[0.0, 0.0, 0.0, 0.0]",0.0,0.0,0,NumRotatableBonds,4,0.1,"{""feature_scale"": 0.125}",0.652182444828388,5,False,NumRotatableBonds__NumAromaticRings,0.4158519297564057,0.5821260610649233,31,0.22817139468461822,0.22817139468461822,NumAromaticRings,5,0.1907514450867052,0.9521410579345088,0.0,0.1,"{""feature_scale"": 0.125}",0.6490249817869638
0.6238697747557549,0.07056281332047681,0.013293112945832769,inner_OOF_outer_train_only,"[-0.008556242756196042, 0.006702739206003755, 0.047421255619174846, 0.0009209029619652864]",0.011622163757736961,0.02468103717488737,3,NumRotatableBonds,4,100.0,"{""feature_scale"": 0.5}",0.7198107888990528,5,False,NumRotatableBonds__nHalogen,0.4657539427680373,0.6377964793756643,32,0.22998185249295436,0.24327496543878713,nHalogen,6,0.49710982658959535,0.7506297229219143,-0.0007183548297067244,10.0,"{""feature_scale"": 0.25}",0.30725203259895184
0.6369519954572589,-0.02025989025592484,-0.01483736499803645,inner_OOF_outer_train_only,"[0.04138104588441055, 0.0, -0.03344238269704919, -0.04361074705518775]",-0.008918020966956597,0.03836038227905992,1,NumRotatableBonds,4,100.0,"{""feature_scale"": 0.25}",0.43498806365774945,5,False,NumRotatableBonds__n_OP,0.5438001579084741,0.6443703498784235,33,0.43793548162902485,0.4230981166309884,n_OP,7,0.28901734104046245,0.9848866498740554,-0.028098212106486557,10.0,"{""feature_scale"": 0.5}",0.8791793895073456
0.6066888950364729,0.027996785073943514,0.019783399945593583,inner_OOF_outer_train_only,"[-0.02894325630614908, 0.1353487671264856, 0.01637567933204863, -0.049811725957595226]",0.018242366048697483,0.08281553012268701,2,NumRotatableBonds,4,0.1,"{""feature_scale"": 0.25}",-0.21025574649578432,5,False,NumRotatableBonds__LiPHEX_prediction,0.43098373117391364,0.6202006377309591,34,0.18092553724666025,0.20070893719225383,LiPHEX_prediction,8,0.5433526011560693,0.6700251889168766,-0.023165399012646023,0.1,"{""feature_scale"": 0.5}",0.02217168800046869
0.6120178797629621,0.04287577512904628,0.02858742084914115,inner_OOF_outer_train_only,"[-0.1347045218369873, 0.1008392648788669, 0.047871675935187125, 0.06473943107828478]",0.019686462513837873,0.10527191713619584,3,NumRotatableBonds,4,0.1,"{""feature_scale"": 0.5}",0.5447436836842973,5,False,NumRotatableBonds__sasa002_frac_polar_hetero_only,0.36856740371640545,0.5985570973049316,35,0.18700050639821544,0.2155879272473566,sasa002_frac_polar_hetero_only,9,0.5086705202312138,0.7153652392947103,-0.03294949605426005,1.0,"{""feature_scale"": 0.5}",0.27327290626600914
0.5870255237984304,0.006820421510944558,0.045302159054537855,inner_OOF_outer_train_only,"[0.019689807235981738, 0.026677287690768048, 0.006882993207216748, 0.10106441781538704]",0.0385786264873384,0.04245592477217428,4,NumAromaticRings,5,100.0,"{""feature_scale"": 0.5}",-1.0001844308587544,5,False,NumAromaticRings__nHalogen,0.4060353928418319,0.5838295889692928,36,0.14980626643712328,0.19510842549166113,nHalogen,6,0.3352601156069364,0.8387909319899244,0.017350664101251256,10.0,"{""feature_scale"": 0.125}",0.08614306198694877
0.6118285988846988,-0.05398875850518181,-0.011081546609899295,inner_OOF_outer_train_only,"[-0.12257707091799941, 0.035258337067771706, -0.04433848878061042, 0.038748950168564944]",-0.023227068115568295,0.0765455955648965,2,NumAromaticRings,5,0.1,"{""feature_scale"": 0.5}",0.231621255351109,5,False,NumAromaticRings__n_OP,0.5598281325624189,0.6852258994481734,37,0.4004507949916307,0.3893692483817314,n_OP,7,0.23121387283236994,0.9924433249370277,-0.061499865898016544,10.0,"{""feature_scale"": 1.0}",1.0001110204955739
0.5853947962318545,0.004323768264373834,0.028104293129696895,inner_OOF_outer_train_only,"[-0.007920225853119633, 0.1017094809085474, 0.0527594608974567, -0.048408235739502425]",0.02453512005334551,0.0661477588981007,2,NumAromaticRings,5,100.0,"{""feature_scale"": 1.0}",0.9953909556034136,5,False,NumAromaticRings__LiPHEX_prediction,0.37907382935237854,0.5705071271530701,38,0.1645074791153935,0.1926117722450904,LiPHEX_prediction,8,0.32947976878612717,0.8413098236775819,-0.008538759395704844,1.0,"{""feature_scale"": 0.125}",0.38189286487098845
0.5813907776532083,0.001359984284589888,0.02520103148074737,inner_OOF_outer_train_only,"[-0.019517331023511456, 0.04887278525148081, 0.1502924990675166, -0.05370931984374666]",0.03148465836293482,0.08995715056557604,2,NumAromaticRings,5,1.0,"{""feature_scale"": 0.5}",-0.35529048059270696,5,False,NumAromaticRings__sasa002_frac_polar_hetero_only,0.39927763672075156,0.6066233747324588,39,0.1644469567845591,0.18964798826530646,sasa002_frac_polar_hetero_only,9,0.3063583815028902,0.8564231738035264,-0.013493916919853202,1.0,"{""feature_scale"": 0.5}",0.7938116247447864
0.6537761535213523,-0.00985323163475732,0.011994259372158145,inner_OOF_outer_train_only,"[0.020599579226599662, 0.059363175336368035, 0.010414728891321001, -0.039150520406478595]",0.012806740761952526,0.04055247070373443,3,nHalogen,6,100.0,"{""feature_scale"": 0.5}",0.9996642753353342,5,False,nHalogen__n_OP,0.5836176984931604,0.6822702057337546,40,0.42151051587999777,0.4335047752521559,n_OP,7,0.3352601156069364,0.9722921914357683,-0.00746949458991469,1.0,"{""feature_scale"": 0.25}",-0.0811256415784054
0.59314075217309,0.05137983595398779,-0.007926678946664073,inner_OOF_outer_train_only,"[-0.07983574701377219, 0.003669013628628648, 0.0975797545314201, -0.04042457239713371]",-0.004752887812714289,0.07627319961803188,2,nHalogen,6,1.0,"{""feature_scale"": 0.5}",0.9118469545584753,5,False,nHalogen__LiPHEX_prediction,0.3778495412617053,0.5756468310012958,41,0.1793995649496457,0.17147288600298163,LiPHEX_prediction,8,0.6069364161849711,0.5793450881612091,-0.04288948762173023,10.0,"{""feature_scale"": 0.25}",0.13791979268405075
0.5867343224472561,0.028435062761505953,0.006671902613686831,inner_OOF_outer_train_only,"[0.0022706402801107722, -0.010160893526849124, 0.012161173903404009, 0.031384645659842336]",0.008913891579126998,0.017544798337499695,3,nHalogen,6,100.0,"{""feature_scale"": 0.25}",0.6789016156904849,5,False,nHalogen__sasa002_frac_polar_hetero_only,0.3942484146228779,0.5995035016962479,42,0.1777333273882492,0.18440523000193604,sasa002_frac_polar_hetero_only,9,0.3699421965317919,0.8035264483627204,0.00014149241037715067,10.0,"{""feature_scale"": 0.25}",0.5597204399153544
0.6366607941060847,-0.07368139942292362,-0.06508619347704997,inner_OOF_outer_train_only,"[-0.029113255986744607, -0.13737696083979312, 0.01843996813786397, -0.10259088601449223]",-0.06266028367579149,0.07042653089229252,1,n_OP,7,1.0,"{""feature_scale"": 1.0}",0.2916677792994864,5,False,n_OP__LiPHEX_prediction,0.5524514439473613,0.6715103158078654,43,0.4347628009410396,0.3696766074639896,LiPHEX_prediction,8,0.3236994219653179,0.9496221662468514,-0.09787354912193774,1.0,"{""feature_scale"": 1.0}",0.4524062902577894
0.6615585096314847,-0.006331410208836485,0.002894679555612123,inner_OOF_outer_train_only,"[-0.03550261837600727, -0.011455660244126586, 0.020883627568232088, 0.018927982865626025]",-0.001786667046568935,0.026915260741879908,2,n_OP,7,10.0,"{""feature_scale"": 0.25}",0.9760493549755649,5,False,n_OP__sasa002_frac_polar_hetero_only,0.5887117462122201,0.6891061574525705,44,0.43413191712246463,0.43702659667807675,sasa002_frac_polar_hetero_only,9,0.3583815028901734,0.964735516372796,-0.015244297417508889,100.0,"{""feature_scale"": 0.5}",0.6300872309154149
0.5633872541168591,-0.013430945296453556,0.02624530092092195,inner_OOF_outer_train_only,"[0.028348354741849754, -0.0475804991587922, 0.037959493225055985, 0.11068977187713733]",0.03235428017131271,0.06473917942861226,3,LiPHEX_prediction,8,10.0,"{""feature_scale"": 0.25}",0.5567891118043997,5,False,LiPHEX_prediction__sasa002_frac_polar_hetero_only,0.3515471696509654,0.5420858752784613,45,0.11629392102305458,0.14253922194397653,sasa002_frac_polar_hetero_only,9,0.30057803468208094,0.8261964735516373,-1.5309542993419134e-05,0.1,"{""feature_scale"": 0.5}",0.5467340727088352
