ARM,AUPRC,AUROC,BALANCED_ACCURACY,C,EXPLORATORY_OUTER_RESULT,FN,FP,KERNEL_PARAMS,LEFT_FEATURE,MCC,OUTER_FOLD,PAIR,PAIR_INDEX,RIGHT_FEATURE,SENSITIVITY,SPECIFICITY,THRESHOLD,TN,TP,USED_FOR_PATH_SELECTION
pair_phase_no_zz,0.24789758422813574,0.4038659793814433,0.46224226804123714,100.0,True,29,34,"{""feature_scale"": 0.25}",MolLogP,-0.07310575842528415,1,MolLogP__MolWt,1,MolWt,0.275,0.6494845360824743,0.27483749540478486,63,11,False
pair_iqp_zz,0.246930139698949,0.41056701030927834,0.465979381443299,100.0,True,32,26,"{""feature_scale"": 0.25}",MolLogP,-0.07161928701403066,1,MolLogP__MolWt,1,MolWt,0.2,0.7319587628865979,0.40044481571080226,71,8,False
pair_rbf_control,0.2942331185337085,0.48634020618556695,0.4800257731958763,100.0,True,35,16,"{""gamma"": 0.03}",MolLogP,-0.050417022455061085,1,MolLogP__MolWt,1,MolWt,0.125,0.8350515463917526,0.8006101966169137,81,5,False
pair_phase_no_zz,0.36261940860303943,0.5520618556701031,0.5322164948453608,1.0,True,30,18,"{""feature_scale"": 0.5}",MolLogP,0.07264937479983895,1,MolLogP__TPSA_SP,2,TPSA_SP,0.25,0.8144329896907216,0.6367275414510429,79,10,False
pair_iqp_zz,0.35043856590947986,0.5438144329896908,0.4990979381443299,1.0,True,31,22,"{""feature_scale"": 0.5}",MolLogP,-0.0019604167191014242,1,MolLogP__TPSA_SP,2,TPSA_SP,0.225,0.7731958762886598,0.5863856992402657,75,9,False
pair_rbf_control,0.3315416386870317,0.5414948453608248,0.5300257731958763,10.0,True,31,16,"{""gamma"": 0.3}",MolLogP,0.07069049822308499,1,MolLogP__TPSA_SP,2,TPSA_SP,0.225,0.8350515463917526,0.6828114560405487,81,9,False
pair_phase_no_zz,0.25876036312245915,0.3829896907216495,0.4061855670103093,1.0,True,24,57,"{""feature_scale"": 0.5}",MolLogP,-0.17098739641590122,1,MolLogP__NumHDonors,3,NumHDonors,0.4,0.41237113402061853,0.06141458684565221,40,16,False
pair_iqp_zz,0.29585160972043234,0.4126288659793814,0.38414948453608244,1.0,True,27,54,"{""feature_scale"": 0.125}",MolLogP,-0.21074506208903,1,MolLogP__NumHDonors,3,NumHDonors,0.325,0.44329896907216493,0.3493423058311752,43,13,False
pair_rbf_control,0.2940152959238559,0.4072164948453608,0.361340206185567,1.0,True,28,56,"{""gamma"": 0.01}",MolLogP,-0.25218392906144305,1,MolLogP__NumHDonors,3,NumHDonors,0.3,0.422680412371134,0.22352288884409188,41,12,False
pair_phase_no_zz,0.44514827275051083,0.5128865979381443,0.4672680412371134,0.1,True,22,50,"{""feature_scale"": 0.25}",MolLogP,-0.05953040704610273,1,MolLogP__NumRotatableBonds,4,NumRotatableBonds,0.45,0.4845360824742268,-0.0028597729266171823,47,18,False
pair_iqp_zz,0.2907940176155349,0.4744845360824742,0.4798969072164948,100.0,True,28,33,"{""feature_scale"": 0.25}",MolLogP,-0.038923202438035244,1,MolLogP__NumRotatableBonds,4,NumRotatableBonds,0.3,0.6597938144329897,0.617114944626408,64,12,False
pair_rbf_control,0.2864497589307566,0.4780927835051546,0.510180412371134,100.0,True,33,15,"{""gamma"": 0.1}",MolLogP,0.025214535260340037,1,MolLogP__NumRotatableBonds,4,NumRotatableBonds,0.175,0.845360824742268,0.861972590274926,82,7,False
pair_phase_no_zz,0.3474678251756694,0.55,0.6006443298969072,100.0,True,27,12,"{""feature_scale"": 0.25}",MolLogP,0.23694969576064112,1,MolLogP__NumAromaticRings,5,NumAromaticRings,0.325,0.8762886597938144,0.6246428831935593,85,13,False
pair_iqp_zz,0.3489159305121019,0.5476804123711341,0.6057989690721649,100.0,True,27,11,"{""feature_scale"": 0.25}",MolLogP,0.2530943508823538,1,MolLogP__NumAromaticRings,5,NumAromaticRings,0.325,0.8865979381443299,0.5838264508409705,86,13,False
pair_rbf_control,0.35077286664157725,0.5376288659793814,0.4966494845360825,10.0,True,18,54,"{""gamma"": 0.1}",MolLogP,-0.006130357073808731,1,MolLogP__NumAromaticRings,5,NumAromaticRings,0.55,0.44329896907216493,-0.6185631964202196,43,22,False
pair_phase_no_zz,0.41902998182888307,0.5798969072164948,0.5586340206185567,1.0,True,25,25,"{""feature_scale"": 0.5}",MolLogP,0.1172680412371134,1,MolLogP__nHalogen,6,nHalogen,0.375,0.7422680412371134,0.6052489068502578,72,15,False
pair_iqp_zz,0.37581833115300445,0.5814432989690722,0.5264175257731959,100.0,True,35,7,"{""feature_scale"": 0.25}",MolLogP,0.08497523390969203,1,MolLogP__nHalogen,6,nHalogen,0.125,0.9278350515463918,1.0116915787505947,90,5,False
pair_rbf_control,0.4446498922327968,0.5404639175257732,0.5594072164948454,10.0,True,27,20,"{""gamma"": 0.01}",MolLogP,0.1263314331618782,1,MolLogP__nHalogen,6,nHalogen,0.325,0.7938144329896907,0.325285196147,77,13,False
pair_phase_no_zz,0.4745743534693082,0.5925257731958763,0.6072164948453609,0.1,True,24,18,"{""feature_scale"": 0.25}",MolLogP,0.22570926816542994,1,MolLogP__n_OP,7,n_OP,0.4,0.8144329896907216,-0.5550997948940981,79,16,False
pair_iqp_zz,0.4578440595063465,0.5791237113402062,0.5764175257731959,100.0,True,31,7,"{""feature_scale"": 0.5}",MolLogP,0.21636457406095785,1,MolLogP__n_OP,7,n_OP,0.225,0.9278350515463918,0.37136114715084023,90,9,False
pair_rbf_control,0.42604356967413587,0.565979381443299,0.5889175257731959,100.0,True,30,7,"{""gamma"": 0.1}",MolLogP,0.24525515481681673,1,MolLogP__n_OP,7,n_OP,0.25,0.9278350515463918,0.421765582487875,90,10,False
pair_phase_no_zz,0.3163885222036491,0.5033505154639175,0.49922680412371134,10.0,True,38,5,"{""feature_scale"": 0.125}",MolLogP,-0.003193115966799965,1,MolLogP__LiPHEX_prediction,8,LiPHEX_prediction,0.05,0.9484536082474226,1.005801102847256,92,2,False
pair_iqp_zz,0.34089240917790264,0.5180412371134021,0.4984536082474227,100.0,True,36,10,"{""feature_scale"": 0.25}",MolLogP,-0.004642466832812115,1,MolLogP__LiPHEX_prediction,8,LiPHEX_prediction,0.1,0.8969072164948454,0.8055898479076218,87,4,False
pair_rbf_control,0.33173882303088253,0.5097938144329897,0.5153350515463917,10.0,True,33,14,"{""gamma"": 0.1}",MolLogP,0.038707262400982385,1,MolLogP__LiPHEX_prediction,8,LiPHEX_prediction,0.175,0.8556701030927835,0.6862569062505185,83,7,False
pair_phase_no_zz,0.33449523758353783,0.5724226804123712,0.5278350515463918,100.0,True,32,14,"{""feature_scale"": 0.5}",MolLogP,0.06894100780042339,1,MolLogP__sasa002_frac_polar_hetero_only,9,sasa002_frac_polar_hetero_only,0.2,0.8556701030927835,0.6330469486554893,83,8,False
pair_iqp_zz,0.33662965520314636,0.5780927835051546,0.5431701030927836,100.0,True,25,28,"{""feature_scale"": 0.25}",MolLogP,0.08459229150653626,1,MolLogP__sasa002_frac_polar_hetero_only,9,sasa002_frac_polar_hetero_only,0.375,0.711340206185567,-0.11492692357693302,69,15,False
pair_rbf_control,0.34081411135647977,0.5832474226804124,0.535180412371134,0.1,True,31,15,"{""gamma"": 0.3}",MolLogP,0.08415926649315786,1,MolLogP__sasa002_frac_polar_hetero_only,9,sasa002_frac_polar_hetero_only,0.225,0.845360824742268,0.5281983682068431,82,9,False
pair_phase_no_zz,0.3901319524623923,0.5414948453608247,0.507860824742268,100.0,True,27,30,"{""feature_scale"": 0.25}",MolWt,0.015403372483279736,1,MolWt__TPSA_SP,10,TPSA_SP,0.325,0.6907216494845361,0.28181849219432564,67,13,False
pair_iqp_zz,0.3590831428435012,0.5505154639175258,0.49458762886597935,100.0,True,26,35,"{""feature_scale"": 0.5}",MolWt,-0.010268193673284994,1,MolWt__TPSA_SP,10,TPSA_SP,0.35,0.6391752577319587,0.040840198676812434,62,14,False
pair_rbf_control,0.3255441933467331,0.5399484536082475,0.47036082474226804,10.0,True,30,30,"{""gamma"": 0.3}",MolWt,-0.059278350515463915,1,MolWt__TPSA_SP,10,TPSA_SP,0.25,0.6907216494845361,0.20339201002864649,67,10,False
pair_phase_no_zz,0.2506305315145413,0.4036082474226804,0.40399484536082475,1.0,True,25,55,"{""feature_scale"": 1.0}",MolWt,-0.17464412820503597,1,MolWt__NumHDonors,11,NumHDonors,0.375,0.4329896907216495,-0.9829820442847872,42,15,False
pair_iqp_zz,0.307327527704615,0.4461340206185567,0.4099226804123711,1.0,True,27,49,"{""feature_scale"": 0.125}",MolWt,-0.16456400054696838,1,MolWt__NumHDonors,11,NumHDonors,0.325,0.4948453608247423,0.27838931004287265,48,13,False
pair_rbf_control,0.2769812146973252,0.4600515463917526,0.4128865979381443,10.0,True,28,46,"{""gamma"": 0.1}",MolWt,-0.16032575387794637,1,MolWt__NumHDonors,11,NumHDonors,0.3,0.5257731958762887,0.4495009601162646,51,12,False
pair_phase_no_zz,0.32362950739649,0.5131443298969072,0.4615979381443299,0.1,True,34,22,"{""feature_scale"": 1.0}",MolWt,-0.08659805476140803,1,MolWt__NumRotatableBonds,12,NumRotatableBonds,0.15,0.7731958762886598,0.35352883339639407,75,6,False
pair_iqp_zz,0.36956646406935256,0.4932989690721649,0.5278350515463918,100.0,True,32,14,"{""feature_scale"": 0.5}",MolWt,0.06894100780042339,1,MolWt__NumRotatableBonds,12,NumRotatableBonds,0.2,0.8556701030927835,1.09187333871412,83,8,False
pair_rbf_control,0.38157045561359204,0.5309278350515464,0.5179123711340207,10.0,True,13,62,"{""gamma"": 0.3}",MolWt,0.03414155641382043,1,MolWt__NumRotatableBonds,12,NumRotatableBonds,0.675,0.36082474226804123,-0.7524329163413591,35,27,False
pair_phase_no_zz,0.3266445896881981,0.5109536082474226,0.5173969072164948,0.1,True,25,33,"{""feature_scale"": 1.0}",MolWt,0.03315906558176805,1,MolWt__NumAromaticRings,13,NumAromaticRings,0.375,0.6597938144329897,0.19829090990734347,64,15,False
pair_iqp_zz,0.316111613445356,0.5163659793814432,0.5344072164948453,0.1,True,29,20,"{""feature_scale"": 1.0}",MolWt,0.07477589485715433,1,MolWt__NumAromaticRings,13,NumAromaticRings,0.275,0.7938144329896907,0.02798825696416249,77,11,False
pair_rbf_control,0.47371829275033417,0.5983247422680412,0.5806701030927836,10.0,True,22,28,"{""gamma"": 0.3}",MolWt,0.15533125759883237,1,MolWt__NumAromaticRings,13,NumAromaticRings,0.45,0.711340206185567,0.3960246737009827,69,18,False
pair_phase_no_zz,0.29758770014959157,0.4797680412371134,0.5032216494845361,100.0,True,15,60,"{""feature_scale"": 0.25}",MolWt,0.00603688650662302,1,MolWt__nHalogen,14,nHalogen,0.625,0.38144329896907214,-0.3422661735257062,37,25,False
pair_iqp_zz,0.32441519269254443,0.48595360824742273,0.5481958762886598,100.0,True,18,44,"{""feature_scale"": 0.25}",MolWt,0.08771110801154186,1,MolWt__nHalogen,14,nHalogen,0.55,0.5463917525773195,-0.05138299829180887,53,22,False
pair_rbf_control,0.40988951590004047,0.5777061855670104,0.5930412371134021,100.0,True,14,45,"{""gamma"": 0.3}",MolWt,0.16932465236452732,1,MolWt__nHalogen,14,nHalogen,0.65,0.5360824742268041,-0.4161513207374157,52,26,False
pair_phase_no_zz,0.5221265416761528,0.5743556701030927,0.6021907216494845,0.1,True,31,2,"{""feature_scale"": 0.125}",MolWt,0.3419603157233907,1,MolWt__n_OP,15,n_OP,0.225,0.979381443298969,-0.33991651316097754,95,9,False
pair_iqp_zz,0.5220695810928764,0.5740979381443299,0.6021907216494845,0.1,True,31,2,"{""feature_scale"": 0.125}",MolWt,0.3419603157233907,1,MolWt__n_OP,15,n_OP,0.225,0.979381443298969,-0.33507046896558235,95,9,False
pair_rbf_control,0.5703380707571152,0.657860824742268,0.6271907216494845,100.0,True,29,2,"{""gamma"": 0.03}",MolWt,0.39465605572152196,1,MolWt__n_OP,15,n_OP,0.275,0.979381443298969,0.6157334482906673,95,11,False
pair_phase_no_zz,0.28444583040983135,0.44226804123711344,0.502319587628866,10.0,True,6,82,"{""feature_scale"": 0.125}",MolWt,0.005854880027039352,1,MolWt__LiPHEX_prediction,16,LiPHEX_prediction,0.85,0.15463917525773196,-0.5689918392832491,15,34,False
pair_iqp_zz,0.2843947651069557,0.4420103092783505,0.5118556701030927,10.0,True,4,85,"{""feature_scale"": 0.125}",MolWt,0.033567522451278455,1,MolWt__LiPHEX_prediction,16,LiPHEX_prediction,0.9,0.12371134020618557,-0.674989813699836,12,36,False
pair_rbf_control,0.28718919007078697,0.4641752577319588,0.5346649484536082,10.0,True,3,83,"{""gamma"": 0.01}",MolWt,0.09561396615322275,1,MolWt__LiPHEX_prediction,16,LiPHEX_prediction,0.925,0.14432989690721648,-0.5705818924272141,14,37,False
pair_phase_no_zz,0.3482370976063594,0.49613402061855666,0.510180412371134,100.0,True,33,15,"{""feature_scale"": 0.5}",MolWt,0.025214535260340037,1,MolWt__sasa002_frac_polar_hetero_only,17,sasa002_frac_polar_hetero_only,0.175,0.845360824742268,0.6894547054431384,82,7,False
pair_iqp_zz,0.3654190428188206,0.5146907216494845,0.5012886597938144,10.0,True,30,24,"{""feature_scale"": 0.5}",MolWt,0.0027128517808344943,1,MolWt__sasa002_frac_polar_hetero_only,17,sasa002_frac_polar_hetero_only,0.25,0.7525773195876289,0.2557891531234714,73,10,False
pair_rbf_control,0.3983066026583327,0.5914948453608248,0.5725515463917525,1.0,True,21,32,"{""gamma"": 0.3}",MolWt,0.13647660750160334,1,MolWt__sasa002_frac_polar_hetero_only,17,sasa002_frac_polar_hetero_only,0.475,0.6701030927835051,-0.17935069027801848,65,19,False
pair_phase_no_zz,0.3407590247465794,0.44033505154639174,0.5514175257731959,10.0,True,33,7,"{""feature_scale"": 0.25}",TPSA_SP,0.1543620221910028,1,TPSA_SP__NumHDonors,18,NumHDonors,0.175,0.9278350515463918,1.000165096519538,90,7,False
pair_iqp_zz,0.3497143358878709,0.4576030927835052,0.5587628865979382,100.0,True,32,8,"{""feature_scale"": 0.25}",TPSA_SP,0.1663781547585106,1,TPSA_SP__NumHDonors,18,NumHDonors,0.2,0.9175257731958762,0.9880741883059159,89,8,False
pair_rbf_control,0.3479562993463065,0.4527061855670103,0.5514175257731959,100.0,True,33,7,"{""gamma"": 0.03}",TPSA_SP,0.1543620221910028,1,TPSA_SP__NumHDonors,18,NumHDonors,0.175,0.9278350515463918,0.9948720977449739,90,7,False
pair_phase_no_zz,0.33834266400740987,0.518298969072165,0.530798969072165,0.1,True,33,11,"{""feature_scale"": 1.0}",TPSA_SP,0.08290339291440539,1,TPSA_SP__NumRotatableBonds,19,NumRotatableBonds,0.175,0.8865979381443299,0.35765520136892054,86,7,False
pair_iqp_zz,0.27788700974035035,0.4533505154639176,0.485180412371134,100.0,True,35,15,"{""feature_scale"": 0.5}",TPSA_SP,-0.038165771765564835,1,TPSA_SP__NumRotatableBonds,19,NumRotatableBonds,0.125,0.845360824742268,0.9398909806831846,82,5,False
pair_rbf_control,0.32789819663927733,0.5185567010309278,0.5043814432989691,0.1,True,38,4,"{""gamma"": 0.3}",TPSA_SP,0.019469364737186187,1,TPSA_SP__NumRotatableBonds,19,NumRotatableBonds,0.05,0.9587628865979382,0.9278865376441316,93,2,False
pair_phase_no_zz,0.3527350854152019,0.5578608247422681,0.5072164948453608,0.1,True,32,18,"{""feature_scale"": 1.0}",TPSA_SP,0.01673493388145812,1,TPSA_SP__NumAromaticRings,20,NumAromaticRings,0.2,0.8144329896907216,0.6087001383979714,79,8,False
pair_iqp_zz,0.3869363260508643,0.5403350515463917,0.5469072164948453,10.0,True,28,20,"{""feature_scale"": 0.5}",TPSA_SP,0.10081284759667206,1,TPSA_SP__NumAromaticRings,20,NumAromaticRings,0.3,0.7938144329896907,0.43604763825597104,77,12,False
pair_rbf_control,0.40995875618832794,0.5637886597938144,0.5255154639175257,100.0,True,26,29,"{""gamma"": 0.1}",TPSA_SP,0.049997831994907996,1,TPSA_SP__NumAromaticRings,20,NumAromaticRings,0.35,0.7010309278350515,0.06198923722594385,68,14,False
pair_phase_no_zz,0.39406239767126516,0.6167525773195877,0.5622422680412371,10.0,True,21,34,"{""feature_scale"": 0.25}",TPSA_SP,0.11621272642242149,1,TPSA_SP__nHalogen,21,nHalogen,0.475,0.6494845360824743,0.14391428434785195,63,19,False
pair_iqp_zz,0.39112108823835207,0.6167525773195877,0.5402061855670104,100.0,True,24,31,"{""feature_scale"": 0.125}",TPSA_SP,0.0770137990672103,1,TPSA_SP__nHalogen,21,nHalogen,0.4,0.6804123711340206,0.24131761663337903,66,16,False
pair_rbf_control,0.39497430219285745,0.6275773195876287,0.5152061855670103,100.0,True,26,31,"{""gamma"": 0.01}",TPSA_SP,0.029441909536462557,1,TPSA_SP__nHalogen,21,nHalogen,0.35,0.6804123711340206,0.34211156542075116,66,14,False
pair_phase_no_zz,0.429381193682015,0.5457474226804124,0.5771907216494845,1.0,True,33,2,"{""feature_scale"": 0.5}",TPSA_SP,0.2833248842736598,1,TPSA_SP__n_OP,22,n_OP,0.175,0.979381443298969,0.8574354221549084,95,7,False
pair_iqp_zz,0.43919917448181656,0.505541237113402,0.5771907216494845,100.0,True,33,2,"{""feature_scale"": 0.25}",TPSA_SP,0.2833248842736598,1,TPSA_SP__n_OP,22,n_OP,0.175,0.979381443298969,0.39863937120627657,95,7,False
pair_rbf_control,0.39687486979100534,0.526159793814433,0.5815721649484537,100.0,True,31,6,"{""gamma"": 0.3}",TPSA_SP,0.2375539752583849,1,TPSA_SP__n_OP,22,n_OP,0.225,0.9381443298969072,0.999746703312073,91,9,False
pair_phase_no_zz,0.41339671570984954,0.6046391752577319,0.5305412371134021,100.0,True,19,45,"{""feature_scale"": 0.5}",TPSA_SP,0.055581637964533206,1,TPSA_SP__LiPHEX_prediction,23,LiPHEX_prediction,0.525,0.5360824742268041,-0.06796371260757517,52,21,False
pair_iqp_zz,0.3967656070952629,0.613659793814433,0.538659793814433,0.1,True,20,41,"{""feature_scale"": 0.5}",TPSA_SP,0.07073488931317767,1,TPSA_SP__LiPHEX_prediction,23,LiPHEX_prediction,0.5,0.5773195876288659,-0.16224649230942179,56,20,False
pair_rbf_control,0.3819485214154816,0.6036082474226805,0.5550257731958763,1.0,True,29,16,"{""gamma"": 0.3}",TPSA_SP,0.12578642889183123,1,TPSA_SP__LiPHEX_prediction,23,LiPHEX_prediction,0.275,0.8350515463917526,0.5333998519802775,81,11,False
pair_phase_no_zz,0.3406485461024869,0.5694587628865979,0.532860824742268,0.1,True,25,30,"{""feature_scale"": 1.0}",TPSA_SP,0.06362446552371145,1,TPSA_SP__sasa002_frac_polar_hetero_only,24,sasa002_frac_polar_hetero_only,0.375,0.6907216494845361,-0.04308778469742012,67,15,False
pair_iqp_zz,0.34658904436068566,0.5895618556701031,0.5577319587628866,0.1,True,16,47,"{""feature_scale"": 0.5}",TPSA_SP,0.10506571227051002,1,TPSA_SP__sasa002_frac_polar_hetero_only,24,sasa002_frac_polar_hetero_only,0.6,0.5154639175257731,-0.3833993034751527,50,24,False
pair_rbf_control,0.3142183564724438,0.5545103092783505,0.48672680412371133,10.0,True,39,5,"{""gamma"": 0.1}",TPSA_SP,-0.058980722586181686,1,TPSA_SP__sasa002_frac_polar_hetero_only,24,sasa002_frac_polar_hetero_only,0.025,0.9484536082474226,1.0141810767467518,92,1,False
pair_phase_no_zz,0.2811771972597203,0.4460051546391752,0.45193298969072165,100.0,True,29,36,"{""feature_scale"": 0.125}",NumHDonors,-0.0920709841412482,1,NumHDonors__NumRotatableBonds,25,NumRotatableBonds,0.275,0.6288659793814433,0.6525570038621096,61,11,False
pair_iqp_zz,0.2822107363639216,0.44806701030927837,0.45193298969072165,100.0,True,29,36,"{""feature_scale"": 0.125}",NumHDonors,-0.0920709841412482,1,NumHDonors__NumRotatableBonds,25,NumRotatableBonds,0.275,0.6288659793814433,0.6483225480230446,61,11,False
pair_rbf_control,0.27819890918063966,0.43466494845360826,0.45193298969072165,1.0,True,29,36,"{""gamma"": 0.1}",NumHDonors,-0.0920709841412482,1,NumHDonors__NumRotatableBonds,25,NumRotatableBonds,0.275,0.6288659793814433,0.4812247344763826,61,11,False
pair_phase_no_zz,0.3028375399742171,0.4295103092783505,0.38634020618556697,1.0,True,26,56,"{""feature_scale"": 0.5}",NumHDonors,-0.20675989406287482,1,NumHDonors__NumAromaticRings,26,NumAromaticRings,0.35,0.422680412371134,0.20999991482692892,41,14,False
pair_iqp_zz,0.2767774883751617,0.40940721649484535,0.40399484536082475,100.0,True,25,55,"{""feature_scale"": 1.0}",NumHDonors,-0.17464412820503597,1,NumHDonors__NumAromaticRings,26,NumAromaticRings,0.375,0.4329896907216495,0.9455259530990142,42,15,False
pair_rbf_control,0.24589048731840898,0.3725515463917526,0.394458762886598,100.0,True,27,52,"{""gamma"": 0.03}",NumHDonors,-0.19219633968858701,1,NumHDonors__NumAromaticRings,26,NumAromaticRings,0.325,0.4639175257731959,0.7513601923795004,45,13,False
pair_phase_no_zz,0.2881473888077796,0.44394329896907214,0.3893041237113402,1.0,True,27,53,"{""feature_scale"": 0.125}",NumHDonors,-0.20145412241153596,1,NumHDonors__nHalogen,27,nHalogen,0.325,0.4536082474226804,0.5086359381409409,44,13,False
pair_iqp_zz,0.2842158765567734,0.42925257731958766,0.3893041237113402,1.0,True,27,53,"{""feature_scale"": 0.125}",NumHDonors,-0.20145412241153596,1,NumHDonors__nHalogen,27,nHalogen,0.325,0.4536082474226804,0.5077840145077162,44,13,False
pair_rbf_control,0.2906696200156249,0.4529639175257732,0.3893041237113402,1.0,True,27,53,"{""gamma"": 0.01}",NumHDonors,-0.20145412241153596,1,NumHDonors__nHalogen,27,nHalogen,0.325,0.4536082474226804,0.30182396294637526,44,13,False
pair_phase_no_zz,0.3752572829746743,0.4792525773195876,0.5771907216494845,0.1,True,33,2,"{""feature_scale"": 0.125}",NumHDonors,0.2833248842736598,1,NumHDonors__n_OP,28,n_OP,0.175,0.979381443298969,-0.25299453168093705,95,7,False
pair_iqp_zz,0.37096564172964985,0.4753865979381443,0.5771907216494845,0.1,True,33,2,"{""feature_scale"": 0.25}",NumHDonors,0.2833248842736598,1,NumHDonors__n_OP,28,n_OP,0.175,0.979381443298969,-0.3808590592468376,95,7,False
pair_rbf_control,0.3592180066098535,0.46456185567010305,0.5771907216494845,0.1,True,33,2,"{""gamma"": 0.01}",NumHDonors,0.2833248842736598,1,NumHDonors__n_OP,28,n_OP,0.175,0.979381443298969,-0.3246143210730302,95,7,False
pair_phase_no_zz,0.2741120621850569,0.47010309278350515,0.46224226804123714,100.0,True,29,34,"{""feature_scale"": 1.0}",NumHDonors,-0.07310575842528415,1,NumHDonors__LiPHEX_prediction,29,LiPHEX_prediction,0.275,0.6494845360824743,0.1828312013022907,63,11,False
pair_iqp_zz,0.2869262903855936,0.44123711340206184,0.37899484536082473,10.0,True,27,55,"{""feature_scale"": 0.25}",NumHDonors,-0.22007500872555302,1,NumHDonors__LiPHEX_prediction,29,LiPHEX_prediction,0.325,0.4329896907216495,-0.20951641386821995,42,13,False
pair_rbf_control,0.3031372254550906,0.45128865979381444,0.4402061855670103,0.1,True,32,31,"{""gamma"": 0.3}",NumHDonors,-0.12049160139075087,1,NumHDonors__LiPHEX_prediction,29,LiPHEX_prediction,0.2,0.6804123711340206,0.789878871917405,66,8,False
pair_phase_no_zz,0.3011701789870695,0.4377577319587629,0.5095360824742268,10.0,True,38,3,"{""feature_scale"": 0.125}",NumHDonors,0.04624277513078463,1,NumHDonors__sasa002_frac_polar_hetero_only,30,sasa002_frac_polar_hetero_only,0.05,0.9690721649484536,0.9932168078600623,94,2,False
pair_iqp_zz,0.3195295042906139,0.45270618556701026,0.5190721649484537,100.0,True,36,6,"{""feature_scale"": 0.125}",NumHDonors,0.06667207814170838,1,NumHDonors__sasa002_frac_polar_hetero_only,30,sasa002_frac_polar_hetero_only,0.1,0.9381443298969072,0.9998121449542037,91,4,False
pair_rbf_control,0.2945590604314302,0.43621134020618557,0.5036082474226804,100.0,True,36,9,"{""gamma"": 0.01}",NumHDonors,0.011195916474369417,1,NumHDonors__sasa002_frac_polar_hetero_only,30,sasa002_frac_polar_hetero_only,0.1,0.9072164948453608,0.9992916719320215,88,4,False
pair_phase_no_zz,0.28288404402443,0.4832474226804124,0.4760309278350516,0.1,True,18,58,"{""feature_scale"": 1.0}",NumRotatableBonds,-0.044219584763023456,1,NumRotatableBonds__NumAromaticRings,31,NumAromaticRings,0.55,0.4020618556701031,-0.234144985051506,39,22,False
pair_iqp_zz,0.39030704998334365,0.5597938144329897,0.5408505154639176,100.0,True,19,43,"{""feature_scale"": 0.125}",NumRotatableBonds,0.07445467673604489,1,NumRotatableBonds__NumAromaticRings,31,NumAromaticRings,0.525,0.5567010309278351,0.3367664495121092,54,21,False
pair_rbf_control,0.28868949097512986,0.49046391752577323,0.4881443298969072,100.0,True,36,12,"{""gamma"": 0.3}",NumRotatableBonds,-0.033567522451278455,1,NumRotatableBonds__NumAromaticRings,31,NumAromaticRings,0.1,0.8762886597938144,1.0002562075984986,85,4,False
pair_phase_no_zz,0.3164536474007892,0.5100515463917527,0.5159793814432989,10.0,True,28,26,"{""feature_scale"": 0.5}",NumRotatableBonds,0.03245610702201503,1,NumRotatableBonds__nHalogen,32,nHalogen,0.3,0.7319587628865979,0.7415624794612009,71,12,False
pair_iqp_zz,0.32682273798848566,0.5247422680412371,0.5211340206185567,100.0,True,28,25,"{""feature_scale"": 0.25}",NumRotatableBonds,0.043283973573919124,1,NumRotatableBonds__nHalogen,32,nHalogen,0.3,0.7422680412371134,0.593506179493315,72,12,False
pair_rbf_control,0.3467373135990613,0.5363402061855671,0.5637886597938144,100.0,True,25,24,"{""gamma"": 0.03}",NumRotatableBonds,0.128541686828495,1,NumRotatableBonds__nHalogen,32,nHalogen,0.375,0.7525773195876289,0.5736790162226539,73,15,False
pair_phase_no_zz,0.3791597227949175,0.5069587628865979,0.5771907216494845,10.0,True,33,2,"{""feature_scale"": 0.125}",NumRotatableBonds,0.2833248842736598,1,NumRotatableBonds__n_OP,33,n_OP,0.175,0.979381443298969,0.08431984413003102,95,7,False
pair_iqp_zz,0.3632888640508915,0.4760309278350516,0.5771907216494845,10.0,True,33,2,"{""feature_scale"": 0.125}",NumRotatableBonds,0.2833248842736598,1,NumRotatableBonds__n_OP,33,n_OP,0.175,0.979381443298969,0.08819998180940081,95,7,False
pair_rbf_control,0.4921742741245482,0.6512886597938146,0.5646907216494845,10.0,True,34,2,"{""gamma"": 0.3}",NumRotatableBonds,0.2508695817174487,1,NumRotatableBonds__n_OP,33,n_OP,0.15,0.979381443298969,0.6647487308587774,95,6,False
pair_phase_no_zz,0.3079339510270872,0.4945876288659794,0.5106958762886598,100.0,True,21,44,"{""feature_scale"": 0.25}",NumRotatableBonds,0.019515338784114333,1,NumRotatableBonds__LiPHEX_prediction,34,LiPHEX_prediction,0.475,0.5463917525773195,0.41074643946235634,53,19,False
pair_iqp_zz,0.3363512080459158,0.5453608247422681,0.5445876288659793,0.1,True,22,35,"{""feature_scale"": 0.5}",NumRotatableBonds,0.08324969636057522,1,NumRotatableBonds__LiPHEX_prediction,34,LiPHEX_prediction,0.45,0.6391752577319587,0.43491013063514106,62,18,False
pair_rbf_control,0.31676335678631923,0.5219072164948454,0.5224226804123712,100.0,True,18,49,"{""gamma"": 0.03}",NumRotatableBonds,0.040806772176492735,1,NumRotatableBonds__LiPHEX_prediction,34,LiPHEX_prediction,0.55,0.4948453608247423,0.10361906625862871,48,22,False
pair_phase_no_zz,0.3884713633324104,0.5586340206185567,0.5432989690721649,0.1,True,32,11,"{""feature_scale"": 0.5}",NumRotatableBonds,0.11392147791162785,1,NumRotatableBonds__sasa002_frac_polar_hetero_only,35,sasa002_frac_polar_hetero_only,0.2,0.8865979381443299,0.47885109627514993,86,8,False
pair_iqp_zz,0.3164729677583493,0.5016752577319588,0.5403350515463917,100.0,True,31,14,"{""feature_scale"": 0.5}",NumRotatableBonds,0.09813233462225332,1,NumRotatableBonds__sasa002_frac_polar_hetero_only,35,sasa002_frac_polar_hetero_only,0.225,0.8556701030927835,0.7375964770257222,83,9,False
pair_rbf_control,0.3607109677805006,0.5393041237113402,0.5528350515463918,10.0,True,30,14,"{""gamma"": 0.1}",NumRotatableBonds,0.12639303759045686,1,NumRotatableBonds__sasa002_frac_polar_hetero_only,35,sasa002_frac_polar_hetero_only,0.25,0.8556701030927835,0.5916621115016261,83,10,False
pair_phase_no_zz,0.3006396682397934,0.5229381443298969,0.5451030927835052,100.0,True,10,64,"{""feature_scale"": 1.0}",NumAromaticRings,0.08838000605160504,1,NumAromaticRings__nHalogen,36,nHalogen,0.75,0.3402061855670103,-0.03560719433261636,33,30,False
pair_iqp_zz,0.33811897440317684,0.5577319587628866,0.5,1.0,True,40,0,"{""feature_scale"": 1.0}",NumAromaticRings,0.0,1,NumAromaticRings__nHalogen,36,nHalogen,0.0,1.0,1.0396752617157485,97,0,False
pair_rbf_control,0.3992245415528694,0.6224226804123711,0.5974226804123711,1.0,True,12,49,"{""gamma"": 0.1}",NumAromaticRings,0.17856031562689398,1,NumAromaticRings__nHalogen,36,nHalogen,0.7,0.4948453608247423,-0.15240294326525294,48,28,False
pair_phase_no_zz,0.38854425969826356,0.5266752577319588,0.5771907216494845,10.0,True,33,2,"{""feature_scale"": 0.25}",NumAromaticRings,0.2833248842736598,1,NumAromaticRings__n_OP,37,n_OP,0.175,0.979381443298969,0.7082730129290816,95,7,False
pair_iqp_zz,0.42692193836171943,0.6001288659793814,0.5771907216494845,0.1,True,33,2,"{""feature_scale"": 0.5}",NumAromaticRings,0.2833248842736598,1,NumAromaticRings__n_OP,37,n_OP,0.175,0.979381443298969,0.8544496920182443,95,7,False
pair_rbf_control,0.3697942596982635,0.526159793814433,0.5720360824742268,10.0,True,33,3,"{""gamma"": 0.1}",NumAromaticRings,0.25182224108929047,1,NumAromaticRings__n_OP,37,n_OP,0.175,0.9690721649484536,0.05548535160851231,94,7,False
pair_phase_no_zz,0.3691479370372579,0.6255154639175258,0.6137886597938145,0.1,True,21,24,"{""feature_scale"": 1.0}",NumAromaticRings,0.2229701295530493,1,NumAromaticRings__LiPHEX_prediction,38,LiPHEX_prediction,0.475,0.7525773195876289,0.459123041309124,73,19,False
pair_iqp_zz,0.38279310490806095,0.602319587628866,0.5885309278350516,1.0,True,9,58,"{""feature_scale"": 1.0}",NumAromaticRings,0.1687428004049974,1,NumAromaticRings__LiPHEX_prediction,38,LiPHEX_prediction,0.775,0.4020618556701031,-0.09447995345160853,39,31,False
pair_rbf_control,0.36356465605853594,0.5871134020618557,0.5819587628865979,10.0,True,12,52,"{""gamma"": 0.3}",NumAromaticRings,0.15120245112517697,1,NumAromaticRings__LiPHEX_prediction,38,LiPHEX_prediction,0.7,0.4639175257731959,-0.06947841755450479,45,28,False
pair_phase_no_zz,0.3473005883188863,0.5502577319587629,0.49987113402061856,1.0,True,33,17,"{""feature_scale"": 0.5}",NumAromaticRings,-0.00030827570144013866,1,NumAromaticRings__sasa002_frac_polar_hetero_only,39,sasa002_frac_polar_hetero_only,0.175,0.8247422680412371,0.27875319221896816,80,7,False
pair_iqp_zz,0.29975862015675186,0.5051546391752577,0.5057989690721649,100.0,True,35,11,"{""feature_scale"": 0.5}",NumAromaticRings,0.016418896851168808,1,NumAromaticRings__sasa002_frac_polar_hetero_only,39,sasa002_frac_polar_hetero_only,0.125,0.8865979381443299,0.7376142446670942,86,5,False
pair_rbf_control,0.3091579970570113,0.5332474226804124,0.4887886597938144,100.0,True,31,24,"{""gamma"": 0.1}",NumAromaticRings,-0.02384128998933493,1,NumAromaticRings__sasa002_frac_polar_hetero_only,39,sasa002_frac_polar_hetero_only,0.225,0.7525773195876289,0.4562996359044377,73,9,False
pair_phase_no_zz,0.3920942247128379,0.5440721649484537,0.5742268041237113,100.0,True,32,5,"{""feature_scale"": 0.125}",nHalogen,0.23031599604417088,1,nHalogen__n_OP,40,n_OP,0.2,0.9484536082474226,0.03292828219863697,92,8,False
pair_iqp_zz,0.3816752799726884,0.6097938144329897,0.5742268041237113,10.0,True,32,5,"{""feature_scale"": 1.0}",nHalogen,0.23031599604417088,1,nHalogen__n_OP,40,n_OP,0.2,0.9484536082474226,0.12368744235912243,92,8,False
pair_rbf_control,0.3920942247128379,0.5440721649484537,0.5742268041237113,10.0,True,32,5,"{""gamma"": 0.03}",nHalogen,0.23031599604417088,1,nHalogen__n_OP,40,n_OP,0.2,0.9484536082474226,-0.030611198149510466,92,8,False
pair_phase_no_zz,0.3759232405786469,0.6012886597938144,0.5065721649484536,10.0,True,37,6,"{""feature_scale"": 0.25}",nHalogen,0.024122819863032805,1,nHalogen__LiPHEX_prediction,41,LiPHEX_prediction,0.075,0.9381443298969072,0.9754719889565321,91,3,False
pair_iqp_zz,0.3668980925192379,0.5909793814432989,0.49922680412371134,10.0,True,38,5,"{""feature_scale"": 0.25}",nHalogen,-0.003193115966799965,1,nHalogen__LiPHEX_prediction,41,LiPHEX_prediction,0.05,0.9484536082474226,0.9707507167550538,92,2,False
pair_rbf_control,0.41422569262879116,0.6067010309278351,0.5043814432989691,10.0,True,38,4,"{""gamma"": 0.1}",nHalogen,0.019469364737186187,1,nHalogen__LiPHEX_prediction,41,LiPHEX_prediction,0.05,0.9587628865979382,0.98038152948614,93,2,False
pair_phase_no_zz,0.3546090975092674,0.5556701030927834,0.5195876288659793,100.0,True,24,35,"{""feature_scale"": 0.125}",nHalogen,0.036846259929384916,1,nHalogen__sasa002_frac_polar_hetero_only,42,sasa002_frac_polar_hetero_only,0.4,0.6391752577319587,-0.01549911054316766,62,16,False
pair_iqp_zz,0.35256641213115447,0.554639175257732,0.5394329896907216,100.0,True,22,36,"{""feature_scale"": 0.125}",nHalogen,0.07337863650353978,1,nHalogen__sasa002_frac_polar_hetero_only,42,sasa002_frac_polar_hetero_only,0.45,0.6288659793814433,-0.06076566504431469,61,18,False
pair_rbf_control,0.35681400926721235,0.5644329896907216,0.5247422680412371,100.0,True,24,34,"{""gamma"": 0.01}",nHalogen,0.04673483755060695,1,nHalogen__sasa002_frac_polar_hetero_only,42,sasa002_frac_polar_hetero_only,0.4,0.6494845360824743,-0.04312851844254606,63,16,False
pair_phase_no_zz,0.41968713632769716,0.5051546391752577,0.5771907216494845,0.1,True,33,2,"{""feature_scale"": 0.125}",n_OP,0.2833248842736598,1,n_OP__LiPHEX_prediction,43,LiPHEX_prediction,0.175,0.979381443298969,-0.4083351436011128,95,7,False
pair_iqp_zz,0.4227077295484559,0.5043814432989691,0.5771907216494845,0.1,True,33,2,"{""feature_scale"": 0.125}",n_OP,0.2833248842736598,1,n_OP__LiPHEX_prediction,43,LiPHEX_prediction,0.175,0.979381443298969,-0.4084816324344146,95,7,False
pair_rbf_control,0.4126214551489437,0.6193298969072164,0.5668814432989691,10.0,True,33,4,"{""gamma"": 0.3}",n_OP,0.22380504900433768,1,n_OP__LiPHEX_prediction,43,LiPHEX_prediction,0.175,0.9587628865979382,0.9439229045839301,93,7,False
pair_phase_no_zz,0.44437887648962143,0.5663659793814433,0.5771907216494845,1.0,True,33,2,"{""feature_scale"": 0.25}",n_OP,0.2833248842736598,1,n_OP__sasa002_frac_polar_hetero_only,44,sasa002_frac_polar_hetero_only,0.175,0.979381443298969,-0.1818668314203829,95,7,False
pair_iqp_zz,0.42386714638879014,0.5743556701030929,0.5771907216494845,10.0,True,33,2,"{""feature_scale"": 0.5}",n_OP,0.2833248842736598,1,n_OP__sasa002_frac_polar_hetero_only,44,sasa002_frac_polar_hetero_only,0.175,0.979381443298969,0.45930661766062564,95,7,False
pair_rbf_control,0.4233980873991541,0.5679123711340206,0.5771907216494845,1.0,True,33,2,"{""gamma"": 0.1}",n_OP,0.2833248842736598,1,n_OP__sasa002_frac_polar_hetero_only,44,sasa002_frac_polar_hetero_only,0.175,0.979381443298969,0.04754969899088851,95,7,False
pair_phase_no_zz,0.359179102419499,0.5734536082474226,0.5373711340206185,10.0,True,30,17,"{""feature_scale"": 0.5}",LiPHEX_prediction,0.08542872219819919,1,LiPHEX_prediction__sasa002_frac_polar_hetero_only,45,sasa002_frac_polar_hetero_only,0.25,0.8247422680412371,0.32993701276495324,80,10,False
pair_iqp_zz,0.34797039222090403,0.5595360824742268,0.5623711340206186,0.1,True,28,17,"{""feature_scale"": 0.5}",LiPHEX_prediction,0.13884128425388856,1,LiPHEX_prediction__sasa002_frac_polar_hetero_only,45,sasa002_frac_polar_hetero_only,0.3,0.8247422680412371,0.12471254964872691,80,12,False
pair_rbf_control,0.37014458833977637,0.5724226804123711,0.5381443298969072,1.0,True,32,12,"{""gamma"": 0.3}",LiPHEX_prediction,0.09823537776180166,1,LiPHEX_prediction__sasa002_frac_polar_hetero_only,45,sasa002_frac_polar_hetero_only,0.2,0.8762886597938144,0.5734187249821691,85,8,False
pair_phase_no_zz,0.41896657015784877,0.5822734499205087,0.47794117647058826,1.0,True,37,3,"{""feature_scale"": 0.125}",MolLogP,-0.12650478333886217,2,MolLogP__MolWt,1,MolWt,0.0,0.9558823529411765,0.8391554003181192,65,0,False
pair_iqp_zz,0.41828422776822205,0.5810810810810811,0.47794117647058826,1.0,True,37,3,"{""feature_scale"": 0.125}",MolLogP,-0.12650478333886217,2,MolLogP__MolWt,1,MolWt,0.0,0.9558823529411765,0.8444644323582382,65,0,False
pair_rbf_control,0.553790497400998,0.660174880763116,0.5747217806041336,10.0,True,1,56,"{""gamma"": 0.3}",MolLogP,0.21675390815606252,2,MolLogP__MolWt,1,MolWt,0.972972972972973,0.17647058823529413,-0.9776011869653318,12,36,False
pair_phase_no_zz,0.3685330916582483,0.5532591414944357,0.5274244833068362,100.0,True,23,22,"{""feature_scale"": 0.25}",MolLogP,0.055201130530730017,2,MolLogP__TPSA_SP,2,TPSA_SP,0.3783783783783784,0.6764705882352942,0.14682676309049514,46,14,False
pair_iqp_zz,0.37304612797144254,0.562798092209857,0.5470985691573926,10.0,True,21,23,"{""feature_scale"": 0.25}",MolLogP,0.09312981845213589,2,MolLogP__TPSA_SP,2,TPSA_SP,0.43243243243243246,0.6617647058823529,0.10771932828998843,45,16,False
pair_rbf_control,0.394544109049525,0.5325914149443561,0.5200715421303657,1.0,True,23,23,"{""gamma"": 0.3}",MolLogP,0.04014308426073132,2,MolLogP__TPSA_SP,2,TPSA_SP,0.3783783783783784,0.6617647058823529,0.22466364099272476,45,14,False
pair_phase_no_zz,0.4340396540854828,0.6073131955484897,0.47058823529411764,0.1,True,37,4,"{""feature_scale"": 0.25}",MolLogP,-0.14679650453912008,2,MolLogP__NumHDonors,3,NumHDonors,0.0,0.9411764705882353,0.9333114341169948,64,0,False
pair_iqp_zz,0.38962569184385265,0.5675675675675675,0.47058823529411764,10.0,True,37,4,"{""feature_scale"": 0.5}",MolLogP,-0.14679650453912008,2,MolLogP__NumHDonors,3,NumHDonors,0.0,0.9411764705882353,1.0205128914220065,64,0,False
pair_rbf_control,0.37065185051320115,0.548489666136725,0.4852941176470588,10.0,True,37,2,"{""gamma"": 0.1}",MolLogP,-0.1027880888285491,2,MolLogP__NumHDonors,3,NumHDonors,0.0,0.9705882352941176,1.0181990113477184,66,0,False
pair_phase_no_zz,0.43852671125376064,0.6089030206677266,0.5184817170111288,0.1,True,34,3,"{""feature_scale"": 0.125}",MolLogP,0.0760736768969141,2,MolLogP__NumRotatableBonds,4,NumRotatableBonds,0.08108108108108109,0.9558823529411765,0.6169904222877158,65,3,False
pair_iqp_zz,0.45084875317571327,0.6029411764705882,0.580087440381558,100.0,True,24,13,"{""feature_scale"": 0.25}",MolLogP,0.17727582212967063,2,MolLogP__NumRotatableBonds,4,NumRotatableBonds,0.35135135135135137,0.8088235294117647,0.5581096029002173,55,13,False
pair_rbf_control,0.47239157691704003,0.5910174880763116,0.5971780604133545,10.0,True,26,7,"{""gamma"": 0.3}",MolLogP,0.2463528902645015,2,MolLogP__NumRotatableBonds,4,NumRotatableBonds,0.2972972972972973,0.8970588235294118,0.9289310548278014,61,11,False
pair_phase_no_zz,0.4537690108596548,0.5361685214626392,0.48946740858505566,100.0,True,22,29,"{""feature_scale"": 0.25}",MolLogP,-0.020395262318277114,2,MolLogP__NumAromaticRings,5,NumAromaticRings,0.40540540540540543,0.5735294117647058,0.2551039843537846,39,15,False
pair_iqp_zz,0.441938382420758,0.5266295707472178,0.48827503974562797,100.0,True,21,31,"{""feature_scale"": 0.25}",MolLogP,-0.02252857735213954,2,MolLogP__NumAromaticRings,5,NumAromaticRings,0.43243243243243246,0.5441176470588235,0.22864371975411357,37,16,False
pair_rbf_control,0.42186712033822055,0.5254372019077902,0.4759538950715421,100.0,True,23,29,"{""gamma"": 0.03}",MolLogP,-0.046719692900143536,2,MolLogP__NumAromaticRings,5,NumAromaticRings,0.3783783783783784,0.5735294117647058,0.10009466695926483,39,14,False
pair_phase_no_zz,0.44842859095395,0.6033386327503976,0.5667726550079492,10.0,True,19,24,"{""feature_scale"": 0.25}",MolLogP,0.13022340267860238,2,MolLogP__nHalogen,6,nHalogen,0.4864864864864865,0.6470588235294118,0.27941412945073973,44,18,False
pair_iqp_zz,0.48483357633900964,0.6160572337042926,0.565779014308426,100.0,True,12,37,"{""feature_scale"": 0.25}",MolLogP,0.12780345743758273,2,MolLogP__nHalogen,6,nHalogen,0.6756756756756757,0.45588235294117646,9.200371946371799e-05,31,25,False
pair_rbf_control,0.4618098210010758,0.6085055643879174,0.5492845786963434,10.0,True,29,8,"{""gamma"": 0.01}",MolLogP,0.13102113816877398,2,MolLogP__nHalogen,6,nHalogen,0.21621621621621623,0.8823529411764706,0.6610414627220162,60,8,False
pair_phase_no_zz,0.5133235622387201,0.6502384737678856,0.6253974562798092,10.0,True,25,5,"{""feature_scale"": 0.5}",MolLogP,0.3252432140396215,2,MolLogP__n_OP,7,n_OP,0.32432432432432434,0.9264705882352942,0.9970538805684799,63,12,False
pair_iqp_zz,0.5537341389995943,0.6760731319554848,0.6253974562798092,100.0,True,25,5,"{""feature_scale"": 0.5}",MolLogP,0.3252432140396215,2,MolLogP__n_OP,7,n_OP,0.32432432432432434,0.9264705882352942,0.3092253894371474,63,12,False
pair_rbf_control,0.534803680605505,0.6772655007949125,0.6253974562798092,10.0,True,25,5,"{""gamma"": 0.3}",MolLogP,0.3252432140396215,2,MolLogP__n_OP,7,n_OP,0.32432432432432434,0.9264705882352942,0.4014400483521076,63,12,False
pair_phase_no_zz,0.415288981167496,0.5878378378378378,0.47058823529411764,1.0,True,37,4,"{""feature_scale"": 0.125}",MolLogP,-0.14679650453912008,2,MolLogP__LiPHEX_prediction,8,LiPHEX_prediction,0.0,0.9411764705882353,0.8983684326420813,64,0,False
pair_iqp_zz,0.41806704039265363,0.589825119236884,0.47058823529411764,1.0,True,37,4,"{""feature_scale"": 0.125}",MolLogP,-0.14679650453912008,2,MolLogP__LiPHEX_prediction,8,LiPHEX_prediction,0.0,0.9411764705882353,0.872393239511788,64,0,False
pair_rbf_control,0.4174347530963647,0.5918124006359301,0.49523052464228934,1.0,True,33,8,"{""gamma"": 0.01}",MolLogP,-0.014322664733310758,2,MolLogP__LiPHEX_prediction,8,LiPHEX_prediction,0.10810810810810811,0.8823529411764706,0.5575461221935532,60,4,False
pair_phase_no_zz,0.38378483742437997,0.5751192368839428,0.5470985691573926,100.0,True,21,23,"{""feature_scale"": 0.25}",MolLogP,0.09312981845213589,2,MolLogP__sasa002_frac_polar_hetero_only,9,sasa002_frac_polar_hetero_only,0.43243243243243246,0.6617647058823529,0.043884020829646264,45,16,False
pair_iqp_zz,0.3908728290278205,0.5854531001589826,0.5174880763116056,10.0,True,27,16,"{""feature_scale"": 0.25}",MolLogP,0.038710353219382175,2,MolLogP__sasa002_frac_polar_hetero_only,9,sasa002_frac_polar_hetero_only,0.2702702702702703,0.7647058823529411,0.4179435581636426,52,10,False
pair_rbf_control,0.39294368068399516,0.5786963434022256,0.5606120826709062,100.0,True,20,23,"{""gamma"": 0.03}",MolLogP,0.11924985152265032,2,MolLogP__sasa002_frac_polar_hetero_only,9,sasa002_frac_polar_hetero_only,0.4594594594594595,0.6617647058823529,0.03643391613032243,45,17,False
pair_phase_no_zz,0.37557725459306346,0.5624006359300477,0.528616852146264,100.0,True,24,20,"{""feature_scale"": 0.25}",MolWt,0.05889574985567543,2,MolWt__TPSA_SP,10,TPSA_SP,0.35135135135135137,0.7058823529411765,-0.17521629519592263,48,13,False
pair_iqp_zz,0.378219984668108,0.5624006359300477,0.5101351351351351,100.0,True,27,17,"{""feature_scale"": 0.5}",MolWt,0.022155710118962356,2,MolWt__TPSA_SP,10,TPSA_SP,0.2702702702702703,0.75,0.07170034985778373,51,10,False
pair_rbf_control,0.3813850219504256,0.5139109697933228,0.5101351351351351,10.0,True,27,17,"{""gamma"": 0.3}",MolWt,0.022155710118962356,2,MolWt__TPSA_SP,10,TPSA_SP,0.2702702702702703,0.75,0.23368207011398645,51,10,False
pair_phase_no_zz,0.45507059042550047,0.6172496025437202,0.5719395866454691,100.0,True,11,38,"{""feature_scale"": 0.125}",MolWt,0.14088713472110792,2,MolWt__NumHDonors,11,NumHDonors,0.7027027027027027,0.4411764705882353,0.15723706027559947,30,26,False
pair_iqp_zz,0.45705885862924545,0.6208267090620032,0.5719395866454691,10.0,True,11,38,"{""feature_scale"": 0.125}",MolWt,0.14088713472110792,2,MolWt__NumHDonors,11,NumHDonors,0.7027027027027027,0.4411764705882353,0.3093471666402767,30,26,False
pair_rbf_control,0.4378269572470709,0.609697933227345,0.5743243243243243,100.0,True,13,34,"{""gamma"": 0.01}",MolWt,0.14280826999491844,2,MolWt__NumHDonors,11,NumHDonors,0.6486486486486487,0.5,0.48305650913377374,34,24,False
pair_phase_no_zz,0.46469159544234423,0.5532591414944357,0.5777027027027027,10.0,True,22,17,"{""feature_scale"": 1.0}",MolWt,0.16128167299841745,2,MolWt__NumRotatableBonds,12,NumRotatableBonds,0.40540540540540543,0.75,0.3211923069889112,51,15,False
pair_iqp_zz,0.3854457161864635,0.5174880763116056,0.4924483306836248,10.0,True,6,58,"{""feature_scale"": 1.0}",MolWt,-0.020075819558118595,2,MolWt__NumRotatableBonds,12,NumRotatableBonds,0.8378378378378378,0.14705882352941177,-0.9390489333415093,10,31,False
pair_rbf_control,0.4894432879717707,0.624006359300477,0.5806836248012719,10.0,True,6,46,"{""gamma"": 0.3}",MolWt,0.1743196466577093,2,MolWt__NumRotatableBonds,12,NumRotatableBonds,0.8378378378378378,0.3235294117647059,-0.8903034450035315,22,31,False
pair_phase_no_zz,0.3827982703405994,0.5007949125596185,0.5371621621621622,10.0,True,25,17,"{""feature_scale"": 0.125}",MolWt,0.07941096856038858,2,MolWt__NumAromaticRings,13,NumAromaticRings,0.32432432432432434,0.75,0.3552344711268225,51,12,False
pair_iqp_zz,0.3830232804910577,0.5027821939586645,0.4682034976152623,10.0,True,35,8,"{""feature_scale"": 0.125}",MolWt,-0.10349106629695173,2,MolWt__NumAromaticRings,13,NumAromaticRings,0.05405405405405406,0.8823529411764706,1.0034425320605092,60,2,False
pair_rbf_control,0.38772498501324415,0.5067567567567568,0.5506756756756757,10.0,True,24,17,"{""gamma"": 0.01}",MolWt,0.1071750273453965,2,MolWt__NumAromaticRings,13,NumAromaticRings,0.35135135135135137,0.75,0.3165251891640175,51,13,False
pair_phase_no_zz,0.393521878246546,0.593402225755167,0.5939984101748808,10.0,True,11,35,"{""feature_scale"": 1.0}",MolWt,0.18201809578386935,2,MolWt__nHalogen,14,nHalogen,0.7027027027027027,0.4852941176470588,-0.2842600039079971,33,26,False
pair_iqp_zz,0.478066722538203,0.6244038155802862,0.5369634340222575,10.0,True,31,6,"{""feature_scale"": 1.0}",MolWt,0.11100065168315837,2,MolWt__nHalogen,14,nHalogen,0.16216216216216217,0.9117647058823529,1.037806638406652,62,6,False
pair_rbf_control,0.4630632619203665,0.6351351351351352,0.49880763116057236,100.0,True,36,2,"{""gamma"": 0.3}",MolWt,-0.006838096396695252,2,MolWt__nHalogen,14,nHalogen,0.02702702702702703,0.9705882352941176,1.7261552886572145,66,1,False
pair_phase_no_zz,0.5948191951056534,0.6124801271860094,0.6548092209856916,100.0,True,25,1,"{""feature_scale"": 1.0}",MolWt,0.44907259163184227,2,MolWt__n_OP,15,n_OP,0.32432432432432434,0.9852941176470589,0.9993285707883515,67,12,False
pair_iqp_zz,0.6047855204626574,0.68879173290938,0.6401033386327504,10.0,True,25,3,"{""feature_scale"": 0.5}",MolWt,0.38253124536839456,2,MolWt__n_OP,15,n_OP,0.32432432432432434,0.9558823529411765,0.5213216815178073,65,12,False
pair_rbf_control,0.579449037140561,0.6903815580286169,0.6401033386327504,10.0,True,25,3,"{""gamma"": 0.1}",MolWt,0.38253124536839456,2,MolWt__n_OP,15,n_OP,0.32432432432432434,0.9558823529411765,0.3150720334862817,65,12,False
pair_phase_no_zz,0.44283150611223265,0.5993640699523053,0.5099364069952306,0.1,True,33,6,"{""feature_scale"": 1.0}",MolWt,0.032340958217797415,2,MolWt__LiPHEX_prediction,16,LiPHEX_prediction,0.10810810810810811,0.9117647058823529,0.7142785841412884,62,4,False
pair_iqp_zz,0.3183206989891818,0.4689984101748808,0.5232511923688394,0.1,True,1,63,"{""feature_scale"": 1.0}",MolWt,0.09570559351547257,2,MolWt__LiPHEX_prediction,16,LiPHEX_prediction,0.972972972972973,0.07352941176470588,-1.043356967620071,5,36,False
pair_rbf_control,0.4122062752257835,0.564785373608903,0.49880763116057236,10.0,True,36,2,"{""gamma"": 0.3}",MolWt,-0.006838096396695252,2,MolWt__LiPHEX_prediction,16,LiPHEX_prediction,0.02702702702702703,0.9705882352941176,1.2134392084716092,66,1,False
pair_phase_no_zz,0.4014886828748577,0.5782988871224165,0.5274244833068362,100.0,True,23,22,"{""feature_scale"": 0.5}",MolWt,0.055201130530730017,2,MolWt__sasa002_frac_polar_hetero_only,17,sasa002_frac_polar_hetero_only,0.3783783783783784,0.6764705882352942,-0.22875424090207797,46,14,False
pair_iqp_zz,0.4127886400846448,0.5735294117647058,0.556637519872814,10.0,True,29,7,"{""feature_scale"": 0.5}",MolWt,0.15464029068084034,2,MolWt__sasa002_frac_polar_hetero_only,17,sasa002_frac_polar_hetero_only,0.21621621621621623,0.8970588235294118,0.8758442253906543,61,8,False
pair_rbf_control,0.37756265974435854,0.5345786963434023,0.49523052464228934,100.0,True,33,8,"{""gamma"": 0.3}",MolWt,-0.014322664733310758,2,MolWt__sasa002_frac_polar_hetero_only,17,sasa002_frac_polar_hetero_only,0.10810810810810811,0.8823529411764706,1.2037334256929173,60,4,False
pair_phase_no_zz,0.4693493383084601,0.5566375198728141,0.5480922098569158,0.1,True,28,10,"{""feature_scale"": 1.0}",TPSA_SP,0.11935318737189474,2,TPSA_SP__NumHDonors,18,NumHDonors,0.24324324324324326,0.8529411764705882,0.5625393929740243,58,9,False
pair_iqp_zz,0.45728506150021825,0.5439189189189189,0.5516693163751987,0.1,True,31,4,"{""feature_scale"": 1.0}",TPSA_SP,0.16817298273254658,2,TPSA_SP__NumHDonors,18,NumHDonors,0.16216216216216217,0.9411764705882353,0.7595565774195467,64,6,False
pair_rbf_control,0.4567469887506791,0.6472575516693164,0.5308028616852146,10.0,True,32,5,"{""gamma"": 0.1}",TPSA_SP,0.100256970475172,2,TPSA_SP__NumHDonors,18,NumHDonors,0.13513513513513514,0.9264705882352942,0.9646583183901822,63,5,False
pair_phase_no_zz,0.4116286742606602,0.5383545310015898,0.5480922098569158,0.1,True,28,10,"{""feature_scale"": 1.0}",TPSA_SP,0.11935318737189474,2,TPSA_SP__NumRotatableBonds,19,NumRotatableBonds,0.24324324324324326,0.8529411764705882,0.5607333187239356,58,9,False
pair_iqp_zz,0.47192883295120613,0.5896263910969795,0.553060413354531,0.1,True,26,13,"{""feature_scale"": 0.5}",TPSA_SP,0.12072794623328764,2,TPSA_SP__NumRotatableBonds,19,NumRotatableBonds,0.2972972972972973,0.8088235294117647,0.511198093382552,55,11,False
pair_rbf_control,0.46092220346094603,0.576112877583466,0.5616057233704292,0.1,True,27,10,"{""gamma"": 0.3}",TPSA_SP,0.14989319430782577,2,TPSA_SP__NumRotatableBonds,19,NumRotatableBonds,0.2702702702702703,0.8529411764705882,0.6532717132212293,58,10,False
pair_phase_no_zz,0.4403708220297159,0.56637519872814,0.5272257551669317,0.1,True,29,11,"{""feature_scale"": 0.5}",TPSA_SP,0.06756771351218833,2,TPSA_SP__NumAromaticRings,20,NumAromaticRings,0.21621621621621623,0.8382352941176471,0.6025792022494142,57,8,False
pair_iqp_zz,0.4467071737171171,0.5703497615262321,0.5210651828298887,0.1,True,30,10,"{""feature_scale"": 0.5}",TPSA_SP,0.05463673643137856,2,TPSA_SP__NumAromaticRings,20,NumAromaticRings,0.1891891891891892,0.8529411764705882,0.7216797721332144,58,7,False
pair_rbf_control,0.3731151859892893,0.46820349761526225,0.5310015898251192,100.0,True,26,16,"{""gamma"": 0.3}",TPSA_SP,0.06777040742270839,2,TPSA_SP__NumAromaticRings,20,NumAromaticRings,0.2972972972972973,0.7647058823529411,0.917104753455588,52,11,False
pair_phase_no_zz,0.46129366028165314,0.6369236883942767,0.6428855325914149,100.0,True,15,21,"{""feature_scale"": 0.125}",TPSA_SP,0.2776153652496133,2,TPSA_SP__nHalogen,21,nHalogen,0.5945945945945946,0.6911764705882353,0.06356632299106968,47,22,False
pair_iqp_zz,0.4738560672211229,0.5932034976152623,0.5554451510333863,0.1,True,28,9,"{""feature_scale"": 1.0}",TPSA_SP,0.14055717051901007,2,TPSA_SP__nHalogen,21,nHalogen,0.24324324324324326,0.8676470588235294,0.4832829256424372,59,9,False
pair_rbf_control,0.44718531331491007,0.6186406995230526,0.5556438791732909,1.0,True,22,20,"{""gamma"": 0.3}",TPSA_SP,0.11277677488692019,2,TPSA_SP__nHalogen,21,nHalogen,0.40540540540540543,0.7058823529411765,0.20893651364823906,48,15,False
pair_phase_no_zz,0.5718490536415446,0.6444753577106518,0.6548092209856916,100.0,True,25,1,"{""feature_scale"": 0.125}",TPSA_SP,0.44907259163184227,2,TPSA_SP__n_OP,22,n_OP,0.32432432432432434,0.9852941176470589,0.12028302949319425,67,12,False
pair_iqp_zz,0.5536232038661593,0.5737281399046106,0.6548092209856916,1.0,True,25,1,"{""feature_scale"": 0.5}",TPSA_SP,0.44907259163184227,2,TPSA_SP__n_OP,22,n_OP,0.32432432432432434,0.9852941176470589,0.02835126274447512,67,12,False
pair_rbf_control,0.5390049262517116,0.6047297297297297,0.6339427662957074,100.0,True,26,2,"{""gamma"": 0.3}",TPSA_SP,0.3885429098329418,2,TPSA_SP__n_OP,22,n_OP,0.2972972972972973,0.9705882352941176,0.9996341722418278,66,11,False
pair_phase_no_zz,0.37183798969050363,0.5333863275039746,0.47217806041335453,10.0,True,26,24,"{""feature_scale"": 0.5}",TPSA_SP,-0.05638838744346009,2,TPSA_SP__LiPHEX_prediction,23,LiPHEX_prediction,0.2972972972972973,0.6470588235294118,0.5441045412396404,44,11,False
pair_iqp_zz,0.38219138752908643,0.5294117647058824,0.4342209856915739,0.1,True,25,31,"{""feature_scale"": 0.5}",TPSA_SP,-0.12780345743758273,2,TPSA_SP__LiPHEX_prediction,23,LiPHEX_prediction,0.32432432432432434,0.5441176470588235,0.1817100726897521,37,12,False
pair_rbf_control,0.38362428545120353,0.5282193958664547,0.44276629570747217,1.0,True,26,28,"{""gamma"": 0.3}",TPSA_SP,-0.11317041229626638,2,TPSA_SP__LiPHEX_prediction,23,LiPHEX_prediction,0.2972972972972973,0.5882352941176471,0.4144688054463418,40,11,False
pair_phase_no_zz,0.3973124055476504,0.45310015898251194,0.5127186009538951,0.1,True,23,24,"{""feature_scale"": 1.0}",TPSA_SP,0.02528689213068028,2,TPSA_SP__sasa002_frac_polar_hetero_only,24,sasa002_frac_polar_hetero_only,0.3783783783783784,0.6470588235294118,0.007959068889417956,44,14,False
pair_iqp_zz,0.33253933446457307,0.44674085850556444,0.4429650238473768,0.1,True,20,39,"{""feature_scale"": 0.5}",TPSA_SP,-0.10922813661252605,2,TPSA_SP__sasa002_frac_polar_hetero_only,24,sasa002_frac_polar_hetero_only,0.4594594594594595,0.4264705882352941,-0.15951637755837295,29,17,False
pair_rbf_control,0.370388100513389,0.47217806041335453,0.4564785373608903,0.1,True,19,39,"{""gamma"": 0.3}",TPSA_SP,-0.08347006466044504,2,TPSA_SP__sasa002_frac_polar_hetero_only,24,sasa002_frac_polar_hetero_only,0.4864864864864865,0.4264705882352941,-0.26187681845690647,29,18,False
pair_phase_no_zz,0.5225892253051074,0.6824324324324323,0.6047297297297297,100.0,True,20,17,"{""feature_scale"": 0.125}",NumHDonors,0.2138388764777403,2,NumHDonors__NumRotatableBonds,25,NumRotatableBonds,0.4594594594594595,0.75,0.4711023003974977,51,17,False
pair_iqp_zz,0.5287089260303942,0.6840222575516693,0.6023449920508743,100.0,True,18,21,"{""feature_scale"": 0.125}",NumHDonors,0.20135630666939316,2,NumHDonors__NumRotatableBonds,25,NumRotatableBonds,0.5135135135135135,0.6911764705882353,0.43347388837780176,47,19,False
pair_rbf_control,0.46565662677409486,0.6641494435612082,0.5739268680445151,1.0,True,25,12,"{""gamma"": 0.3}",NumHDonors,0.16820522845986144,2,NumHDonors__NumRotatableBonds,25,NumRotatableBonds,0.32432432432432434,0.8235294117647058,0.7476379117544206,56,12,False
pair_phase_no_zz,0.3795884755080525,0.5518680445151033,0.4978139904610493,0.1,True,29,15,"{""feature_scale"": 0.125}",NumHDonors,-0.005049710986601668,2,NumHDonors__NumAromaticRings,26,NumAromaticRings,0.21621621621621623,0.7794117647058824,0.9999999595495603,53,8,False
pair_iqp_zz,0.3795884755080525,0.5518680445151033,0.4978139904610493,0.1,True,29,15,"{""feature_scale"": 0.125}",NumHDonors,-0.005049710986601668,2,NumHDonors__NumAromaticRings,26,NumAromaticRings,0.21621621621621623,0.7794117647058824,0.9999999655221001,53,8,False
pair_rbf_control,0.3795884755080525,0.5518680445151033,0.5,0.1,True,37,0,"{""gamma"": 0.01}",NumHDonors,0.0,2,NumHDonors__NumAromaticRings,26,NumAromaticRings,0.0,1.0,1.0000000609266315,68,0,False
pair_phase_no_zz,0.42910376032915154,0.6025437201907791,0.5667726550079492,10.0,True,19,24,"{""feature_scale"": 0.125}",NumHDonors,0.13022340267860238,2,NumHDonors__nHalogen,27,nHalogen,0.4864864864864865,0.6470588235294118,0.8559196739060448,44,18,False
pair_iqp_zz,0.42910376032915154,0.6025437201907791,0.5667726550079492,10.0,True,19,24,"{""feature_scale"": 0.125}",NumHDonors,0.13022340267860238,2,NumHDonors__nHalogen,27,nHalogen,0.4864864864864865,0.6470588235294118,0.8531428716629117,44,18,False
pair_rbf_control,0.42923461993401074,0.602543720190779,0.5667726550079492,10.0,True,19,24,"{""gamma"": 0.01}",NumHDonors,0.13022340267860238,2,NumHDonors__nHalogen,27,nHalogen,0.4864864864864865,0.6470588235294118,0.9996920424137556,44,18,False
pair_phase_no_zz,0.568340273760497,0.6627583465818759,0.6548092209856916,100.0,True,25,1,"{""feature_scale"": 0.5}",NumHDonors,0.44907259163184227,2,NumHDonors__n_OP,28,n_OP,0.32432432432432434,0.9852941176470589,-0.7067957556172301,67,12,False
pair_iqp_zz,0.5704140908744488,0.6810413354531002,0.6548092209856916,1.0,True,25,1,"{""feature_scale"": 0.125}",NumHDonors,0.44907259163184227,2,NumHDonors__n_OP,28,n_OP,0.32432432432432434,0.9852941176470589,-0.3295539511509136,67,12,False
pair_rbf_control,0.5524978334256684,0.6420906200317965,0.6548092209856916,0.1,True,25,1,"{""gamma"": 0.03}",NumHDonors,0.44907259163184227,2,NumHDonors__n_OP,28,n_OP,0.32432432432432434,0.9852941176470589,-0.38133891384122265,67,12,False
pair_phase_no_zz,0.4636149494127527,0.6140699523052464,0.5568362480127187,0.1,True,23,18,"{""feature_scale"": 1.0}",NumHDonors,0.11797073779423885,2,NumHDonors__LiPHEX_prediction,29,LiPHEX_prediction,0.3783783783783784,0.7352941176470589,0.4227491404197471,50,14,False
pair_iqp_zz,0.46210871013864324,0.6319554848966614,0.5596184419713832,100.0,True,13,36,"{""feature_scale"": 0.125}",NumHDonors,0.1151023138790327,2,NumHDonors__LiPHEX_prediction,29,LiPHEX_prediction,0.6486486486486487,0.47058823529411764,0.13376315962969487,32,24,False
pair_rbf_control,0.47055634863442375,0.6466613672496025,0.5701510333863276,1.0,True,28,7,"{""gamma"": 0.1}",NumHDonors,0.18649379747410166,2,NumHDonors__LiPHEX_prediction,29,LiPHEX_prediction,0.24324324324324326,0.8970588235294118,0.986720817162099,61,9,False
pair_phase_no_zz,0.3429794681846663,0.4638314785373609,0.46224165341812407,100.0,True,30,18,"{""feature_scale"": 0.5}",NumHDonors,-0.08469997550505218,2,NumHDonors__sasa002_frac_polar_hetero_only,30,sasa002_frac_polar_hetero_only,0.1891891891891892,0.7352941176470589,0.5947691988012356,50,7,False
pair_iqp_zz,0.35158019355956166,0.5135135135135135,0.492845786963434,100.0,True,31,12,"{""feature_scale"": 0.25}",NumHDonors,-0.018136409099227105,2,NumHDonors__sasa002_frac_polar_hetero_only,30,sasa002_frac_polar_hetero_only,0.16216216216216217,0.8235294117647058,0.6639488766408572,56,6,False
pair_rbf_control,0.3780091845025789,0.5,0.48688394276629576,10.0,True,26,22,"{""gamma"": 0.3}",NumHDonors,-0.026993885350517905,2,NumHDonors__sasa002_frac_polar_hetero_only,30,sasa002_frac_polar_hetero_only,0.2972972972972973,0.6764705882352942,0.5431208037383188,46,11,False
pair_phase_no_zz,0.4186642294745213,0.5480922098569158,0.49761526232114467,0.1,True,35,4,"{""feature_scale"": 0.125}",NumRotatableBonds,-0.009815958309279239,2,NumRotatableBonds__NumAromaticRings,31,NumAromaticRings,0.05405405405405406,0.9411764705882353,0.7697807175479408,64,2,False
pair_iqp_zz,0.4186642294745213,0.5480922098569158,0.49761526232114467,0.1,True,35,4,"{""feature_scale"": 0.125}",NumRotatableBonds,-0.009815958309279239,2,NumRotatableBonds__NumAromaticRings,31,NumAromaticRings,0.05405405405405406,0.9411764705882353,0.7720426912175977,64,2,False
pair_rbf_control,0.4186642294745213,0.5480922098569158,0.49761526232114467,0.1,True,35,4,"{""gamma"": 0.01}",NumRotatableBonds,-0.009815958309279239,2,NumRotatableBonds__NumAromaticRings,31,NumAromaticRings,0.05405405405405406,0.9411764705882353,0.8487125518744398,64,2,False
pair_phase_no_zz,0.5323964653226968,0.6705087440381557,0.6033386327503975,100.0,True,25,8,"{""feature_scale"": 0.25}",NumRotatableBonds,0.25143374529054646,2,NumRotatableBonds__nHalogen,32,nHalogen,0.32432432432432434,0.8823529411764706,0.6713410777129656,60,12,False
pair_iqp_zz,0.5378950906371102,0.6709062003179651,0.6476550079491257,100.0,True,19,13,"{""feature_scale"": 0.25}",NumRotatableBonds,0.30926928378367374,2,NumRotatableBonds__nHalogen,32,nHalogen,0.4864864864864865,0.8088235294117647,0.48517195730057106,55,18,False
pair_rbf_control,0.5696538229003094,0.6776629570747218,0.5947933227344993,100.0,True,24,11,"{""gamma"": 0.03}",NumRotatableBonds,0.21568251068643524,2,NumRotatableBonds__nHalogen,32,nHalogen,0.35135135135135137,0.8382352941176471,0.3019811616617727,57,13,False
pair_phase_no_zz,0.5962633439808791,0.6263910969793324,0.6548092209856916,100.0,True,25,1,"{""feature_scale"": 1.0}",NumRotatableBonds,0.44907259163184227,2,NumRotatableBonds__n_OP,33,n_OP,0.32432432432432434,0.9852941176470589,0.6751203689119047,67,12,False
pair_iqp_zz,0.6129779616167594,0.6530206677265502,0.6621621621621622,1.0,True,25,0,"{""feature_scale"": 0.5}",NumRotatableBonds,0.4869706009325658,2,NumRotatableBonds__n_OP,33,n_OP,0.32432432432432434,1.0,0.32577049124363494,68,12,False
pair_rbf_control,0.6192474065242286,0.624006359300477,0.6401033386327504,100.0,True,25,3,"{""gamma"": 0.3}",NumRotatableBonds,0.38253124536839456,2,NumRotatableBonds__n_OP,33,n_OP,0.32432432432432434,0.9558823529411765,0.7017382901168203,65,12,False
pair_phase_no_zz,0.3739016962167099,0.5425278219395866,0.48330683624801274,10.0,True,23,28,"{""feature_scale"": 0.25}",NumRotatableBonds,-0.032555850669650596,2,NumRotatableBonds__LiPHEX_prediction,34,LiPHEX_prediction,0.3783783783783784,0.5882352941176471,0.6081462983204041,40,14,False
pair_iqp_zz,0.40144605170028236,0.552066772655008,0.4880763116057234,0.1,True,27,20,"{""feature_scale"": 0.5}",NumRotatableBonds,-0.02521765349303447,2,NumRotatableBonds__LiPHEX_prediction,34,LiPHEX_prediction,0.2702702702702703,0.7058823529411765,0.52973562691464,48,10,False
pair_rbf_control,0.38157566442771507,0.5393481717011128,0.49542925278219396,1.0,True,27,19,"{""gamma"": 0.3}",NumRotatableBonds,-0.009767124475341912,2,NumRotatableBonds__LiPHEX_prediction,34,LiPHEX_prediction,0.2702702702702703,0.7205882352941176,0.6082488015650243,49,10,False
pair_phase_no_zz,0.4305334496105413,0.5445151033386327,0.619435612082671,0.1,True,20,15,"{""feature_scale"": 0.5}",NumRotatableBonds,0.24790354340677462,2,NumRotatableBonds__sasa002_frac_polar_hetero_only,35,sasa002_frac_polar_hetero_only,0.4594594594594595,0.7794117647058824,0.3915285028352762,53,17,False
pair_iqp_zz,0.37505411976795994,0.4364069952305246,0.528616852146264,1.0,True,24,20,"{""feature_scale"": 1.0}",NumRotatableBonds,0.05889574985567543,2,NumRotatableBonds__sasa002_frac_polar_hetero_only,35,sasa002_frac_polar_hetero_only,0.35135135135135137,0.7058823529411765,0.050176517713356836,48,13,False
pair_rbf_control,0.44616071408906116,0.5389507154213037,0.6168521462639109,10.0,True,24,8,"{""gamma"": 0.1}",NumRotatableBonds,0.279108277990115,2,NumRotatableBonds__sasa002_frac_polar_hetero_only,35,sasa002_frac_polar_hetero_only,0.35135135135135137,0.8823529411764706,0.7695540700001198,60,13,False
pair_phase_no_zz,0.35074367193344774,0.46701112877583467,0.501987281399046,10.0,True,14,42,"{""feature_scale"": 0.125}",NumAromaticRings,0.003909831197463945,2,NumAromaticRings__nHalogen,36,nHalogen,0.6216216216216216,0.38235294117647056,-0.17270855158996845,26,23,False
pair_iqp_zz,0.3323759698180632,0.47217806041335453,0.5254372019077902,0.1,True,9,48,"{""feature_scale"": 0.25}",NumAromaticRings,0.05435617099320716,2,NumAromaticRings__nHalogen,36,nHalogen,0.7567567567567568,0.29411764705882354,-0.26830329926019814,20,28,False
pair_rbf_control,0.3530536325342719,0.47257551669316383,0.501987281399046,10.0,True,14,42,"{""gamma"": 0.01}",NumAromaticRings,0.003909831197463945,2,NumAromaticRings__nHalogen,36,nHalogen,0.6216216216216216,0.38235294117647056,-0.1426670051246477,26,23,False
pair_phase_no_zz,0.5550668591209131,0.5900238473767885,0.6548092209856916,10.0,True,25,1,"{""feature_scale"": 0.125}",NumAromaticRings,0.44907259163184227,2,NumAromaticRings__n_OP,37,n_OP,0.32432432432432434,0.9852941176470589,-0.22002448024007015,67,12,False
pair_iqp_zz,0.4597374886848571,0.5411367249602543,0.5872416534181241,100.0,True,30,1,"{""feature_scale"": 0.5}",NumAromaticRings,0.3141798595564627,2,NumAromaticRings__n_OP,37,n_OP,0.1891891891891892,0.9852941176470589,0.9998773763529192,67,7,False
pair_rbf_control,0.5583699246489944,0.6003577106518283,0.6548092209856916,0.1,True,25,1,"{""gamma"": 0.3}",NumAromaticRings,0.44907259163184227,2,NumAromaticRings__n_OP,37,n_OP,0.32432432432432434,0.9852941176470589,0.460718270999371,67,12,False
pair_phase_no_zz,0.3756095706752997,0.4666136724960255,0.5401430842607313,1.0,True,9,46,"{""feature_scale"": 0.125}",NumAromaticRings,0.08408128576622086,2,NumAromaticRings__LiPHEX_prediction,38,LiPHEX_prediction,0.7567567567567568,0.3235294117647059,0.203262967622182,22,28,False
pair_iqp_zz,0.44785637575325377,0.5822734499205088,0.47933227344992047,0.1,True,32,12,"{""feature_scale"": 0.5}",NumAromaticRings,-0.053605854611918594,2,NumAromaticRings__LiPHEX_prediction,38,LiPHEX_prediction,0.13513513513513514,0.8235294117647058,0.7081687170555084,56,5,False
pair_rbf_control,0.4195791350412934,0.5401430842607314,0.5099364069952306,0.1,True,33,6,"{""gamma"": 0.3}",NumAromaticRings,0.032340958217797415,2,NumAromaticRings__LiPHEX_prediction,38,LiPHEX_prediction,0.10810810810810811,0.9117647058823529,0.9753395920976509,62,4,False
pair_phase_no_zz,0.42849608269031647,0.5429252782193958,0.5425278219395866,0.1,True,11,42,"{""feature_scale"": 0.5}",NumAromaticRings,0.08505564387917329,2,NumAromaticRings__sasa002_frac_polar_hetero_only,39,sasa002_frac_polar_hetero_only,0.7027027027027027,0.38235294117647056,-0.728930287776748,26,26,False
pair_iqp_zz,0.41037470171763,0.5802861685214626,0.5027821939586645,10.0,True,27,18,"{""feature_scale"": 0.125}",NumAromaticRings,0.0060110222985417005,2,NumAromaticRings__sasa002_frac_polar_hetero_only,39,sasa002_frac_polar_hetero_only,0.2702702702702703,0.7352941176470589,-0.1347969858976068,50,10,False
pair_rbf_control,0.4137345098255599,0.5075516693163752,0.5480922098569158,0.1,True,28,10,"{""gamma"": 0.3}",NumAromaticRings,0.11935318737189474,2,NumAromaticRings__sasa002_frac_polar_hetero_only,39,sasa002_frac_polar_hetero_only,0.24324324324324326,0.8529411764705882,0.46529830503728664,58,9,False
pair_phase_no_zz,0.5750345418823679,0.6408982511923688,0.6462639109697933,10.0,True,24,4,"{""feature_scale"": 0.25}",nHalogen,0.37936450956127005,2,nHalogen__n_OP,40,n_OP,0.35135135135135137,0.9411764705882353,0.18342912304417736,64,13,False
pair_iqp_zz,0.5811273229751491,0.6401033386327504,0.6597774244833068,100.0,True,23,4,"{""feature_scale"": 0.25}",nHalogen,0.4050464698827386,2,nHalogen__n_OP,40,n_OP,0.3783783783783784,0.9411764705882353,-0.08591576848142812,64,14,False
pair_rbf_control,0.5804277906579697,0.6405007949125595,0.6462639109697933,0.1,True,24,4,"{""gamma"": 0.1}",nHalogen,0.37936450956127005,2,nHalogen__n_OP,40,n_OP,0.35135135135135137,0.9411764705882353,-0.07279103997412861,64,13,False
pair_phase_no_zz,0.43708194820851487,0.5914149443561209,0.5172893481717011,10.0,True,33,5,"{""feature_scale"": 0.25}",nHalogen,0.05900747933874171,2,nHalogen__LiPHEX_prediction,41,LiPHEX_prediction,0.10810810810810811,0.9264705882352942,0.9903244267617148,63,4,False
pair_iqp_zz,0.38583707911864795,0.5659777424483307,0.48171701112877585,10.0,True,34,8,"{""feature_scale"": 0.25}",nHalogen,-0.057039044216151746,2,nHalogen__LiPHEX_prediction,41,LiPHEX_prediction,0.08108108108108109,0.8823529411764706,0.9858332952853612,60,3,False
pair_rbf_control,0.4409508330181878,0.6061208267090621,0.50258346581876,10.0,True,33,7,"{""gamma"": 0.1}",nHalogen,0.00805986494358666,2,nHalogen__LiPHEX_prediction,41,LiPHEX_prediction,0.10810810810810811,0.8970588235294118,0.9716496110728192,61,4,False
pair_phase_no_zz,0.4448275619791071,0.6192368839427663,0.6381160572337043,100.0,True,11,29,"{""feature_scale"": 0.125}",nHalogen,0.26421844925938837,2,nHalogen__sasa002_frac_polar_hetero_only,42,sasa002_frac_polar_hetero_only,0.7027027027027027,0.5735294117647058,-0.31604269209862457,39,26,False
pair_iqp_zz,0.44679087107033283,0.620429252782194,0.6246025437201908,100.0,True,12,29,"{""feature_scale"": 0.125}",nHalogen,0.23819369115155128,2,nHalogen__sasa002_frac_polar_hetero_only,42,sasa002_frac_polar_hetero_only,0.6756756756756757,0.5735294117647058,-0.2914998305478891,39,25,False
pair_rbf_control,0.4437483944506331,0.6100953895071543,0.6246025437201908,100.0,True,12,29,"{""gamma"": 0.01}",nHalogen,0.23819369115155128,2,nHalogen__sasa002_frac_polar_hetero_only,42,sasa002_frac_polar_hetero_only,0.6756756756756757,0.5735294117647058,-0.3840352372514886,39,25,False
pair_phase_no_zz,0.5731397198781629,0.5325914149443561,0.6548092209856916,0.1,True,25,1,"{""feature_scale"": 0.125}",n_OP,0.44907259163184227,2,n_OP__LiPHEX_prediction,43,LiPHEX_prediction,0.32432432432432434,0.9852941176470589,-0.34339377282826467,67,12,False
pair_iqp_zz,0.5358672888645368,0.6144674085850557,0.6045310015898251,100.0,True,26,6,"{""feature_scale"": 1.0}",n_OP,0.2711219185179729,2,n_OP__LiPHEX_prediction,43,LiPHEX_prediction,0.2972972972972973,0.9117647058823529,0.5096781484310657,62,11,False
pair_rbf_control,0.5641005837662851,0.616852146263911,0.6450715421303657,10.0,True,23,6,"{""gamma"": 0.3}",n_OP,0.35297429627326715,2,n_OP__LiPHEX_prediction,43,LiPHEX_prediction,0.3783783783783784,0.9117647058823529,0.10981213432904643,62,14,False
pair_phase_no_zz,0.5948173548958322,0.613275039745628,0.6548092209856916,1.0,True,25,1,"{""feature_scale"": 0.5}",n_OP,0.44907259163184227,2,n_OP__sasa002_frac_polar_hetero_only,44,sasa002_frac_polar_hetero_only,0.32432432432432434,0.9852941176470589,0.7379320360926845,67,12,False
pair_iqp_zz,0.5841969326103773,0.5846581875993642,0.6548092209856916,0.1,True,25,1,"{""feature_scale"": 0.25}",n_OP,0.44907259163184227,2,n_OP__sasa002_frac_polar_hetero_only,44,sasa002_frac_polar_hetero_only,0.32432432432432434,0.9852941176470589,-0.42693855877700926,67,12,False
pair_rbf_control,0.5803318394404149,0.5794912559618441,0.6548092209856916,0.1,True,25,1,"{""gamma"": 0.1}",n_OP,0.44907259163184227,2,n_OP__sasa002_frac_polar_hetero_only,44,sasa002_frac_polar_hetero_only,0.32432432432432434,0.9852941176470589,-0.39484029408366006,67,12,False
pair_phase_no_zz,0.3697286756835747,0.5548489666136726,0.48946740858505566,1.0,True,22,29,"{""feature_scale"": 0.5}",LiPHEX_prediction,-0.020395262318277114,2,LiPHEX_prediction__sasa002_frac_polar_hetero_only,45,sasa002_frac_polar_hetero_only,0.40540540540540543,0.5735294117647058,-0.052312583285318084,39,15,False
pair_iqp_zz,0.39604145978117566,0.5600158982511924,0.46979332273449925,0.1,True,24,28,"{""feature_scale"": 0.5}",LiPHEX_prediction,-0.05915702894366962,2,LiPHEX_prediction__sasa002_frac_polar_hetero_only,45,sasa002_frac_polar_hetero_only,0.35135135135135137,0.5882352941176471,0.11505037802573964,40,13,False
pair_rbf_control,0.3670112326469117,0.5508744038155804,0.4795310015898251,1.0,True,26,23,"{""gamma"": 0.3}",LiPHEX_prediction,-0.04179393600988093,2,LiPHEX_prediction__sasa002_frac_polar_hetero_only,45,sasa002_frac_polar_hetero_only,0.2972972972972973,0.6617647058823529,0.2919565507753109,45,11,False
pair_phase_no_zz,0.5198779086122269,0.6955773955773956,0.5092137592137592,0.1,True,1,105,"{""feature_scale"": 0.125}",MolLogP,0.040418377635260516,3,MolLogP__MolWt,1,MolWt,0.972972972972973,0.045454545454545456,-0.6947016963204904,5,36,False
pair_iqp_zz,0.5190648183065456,0.6953316953316954,0.5,0.1,True,37,0,"{""feature_scale"": 0.125}",MolLogP,0.0,3,MolLogP__MolWt,1,MolWt,0.0,1.0,0.957961820949038,110,0,False
pair_rbf_control,0.5202847543020914,0.6963144963144964,0.5275184275184275,0.1,True,2,98,"{""gamma"": 0.01}",MolLogP,0.08136937410369871,3,MolLogP__MolWt,1,MolWt,0.9459459459459459,0.10909090909090909,-0.6413680486459798,12,35,False
pair_phase_no_zz,0.4889604028693823,0.6877149877149878,0.6018427518427518,1.0,True,15,43,"{""feature_scale"": 0.125}",MolLogP,0.17798922883872667,3,MolLogP__TPSA_SP,2,TPSA_SP,0.5945945945945946,0.6090909090909091,-0.06001256528942078,67,22,False
pair_iqp_zz,0.39962385825798535,0.658968058968059,0.5891891891891892,0.1,True,23,22,"{""feature_scale"": 1.0}",MolLogP,0.1800224534868779,3,MolLogP__TPSA_SP,2,TPSA_SP,0.3783783783783784,0.8,0.28702406644420503,88,14,False
pair_rbf_control,0.49386971749609593,0.6950859950859952,0.5410319410319411,1.0,True,1,98,"{""gamma"": 0.01}",MolLogP,0.1254368637171023,3,MolLogP__TPSA_SP,2,TPSA_SP,0.972972972972973,0.10909090909090909,-0.8137885422554006,12,36,False
pair_phase_no_zz,0.4757465984584254,0.632923832923833,0.5926289926289926,0.1,True,14,48,"{""feature_scale"": 0.125}",MolLogP,0.16089337831439487,3,MolLogP__NumHDonors,3,NumHDonors,0.6216216216216216,0.5636363636363636,0.3457050905128487,62,23,False
pair_iqp_zz,0.47634915020148083,0.6339066339066338,0.5,0.1,True,37,0,"{""feature_scale"": 0.125}",MolLogP,0.0,3,MolLogP__NumHDonors,3,NumHDonors,0.0,1.0,0.9887026859073369,110,0,False
pair_rbf_control,0.4761797053688001,0.6334152334152334,0.5,0.1,True,37,0,"{""gamma"": 0.01}",MolLogP,0.0,3,MolLogP__NumHDonors,3,NumHDonors,0.0,1.0,0.9835132460242213,110,0,False
pair_phase_no_zz,0.3408960446439386,0.6584766584766585,0.5,0.1,True,37,0,"{""feature_scale"": 0.125}",MolLogP,0.0,3,MolLogP__NumRotatableBonds,4,NumRotatableBonds,0.0,1.0,0.7720815649703567,110,0,False
pair_iqp_zz,0.3289381688202988,0.6398034398034398,0.5530712530712532,0.1,True,25,24,"{""feature_scale"": 0.25}",MolLogP,0.10712079876905131,3,MolLogP__NumRotatableBonds,4,NumRotatableBonds,0.32432432432432434,0.7818181818181819,0.21621906164404842,86,12,False
pair_rbf_control,0.34145282195784854,0.6594594594594595,0.5136363636363637,0.1,True,0,107,"{""gamma"": 0.01}",MolLogP,0.08371126422158345,3,MolLogP__NumRotatableBonds,4,NumRotatableBonds,1.0,0.02727272727272727,-0.7376790702703159,3,37,False
pair_phase_no_zz,0.5221789083085822,0.6805896805896807,0.6007371007371007,1.0,True,6,70,"{""feature_scale"": 0.125}",MolLogP,0.18857192957466873,3,MolLogP__NumAromaticRings,5,NumAromaticRings,0.8378378378378378,0.36363636363636365,-0.33538227466501513,40,31,False
pair_iqp_zz,0.3979004559746767,0.64004914004914,0.5637592137592138,0.1,True,1,93,"{""feature_scale"": 0.5}",MolLogP,0.16882588909217158,3,MolLogP__NumAromaticRings,5,NumAromaticRings,0.972972972972973,0.15454545454545454,-0.7718960419253837,17,36,False
pair_rbf_control,0.4617516809237056,0.6422604422604422,0.5095823095823095,100.0,True,4,96,"{""gamma"": 0.03}",MolLogP,0.02537267697338995,3,MolLogP__NumAromaticRings,5,NumAromaticRings,0.8918918918918919,0.12727272727272726,-0.9624979423529965,14,33,False
pair_phase_no_zz,0.41591164656494606,0.6285012285012286,0.5792383292383292,100.0,True,16,45,"{""feature_scale"": 0.5}",MolLogP,0.13827638999283623,3,MolLogP__nHalogen,6,nHalogen,0.5675675675675675,0.5909090909090909,-0.2263386991322962,65,21,False
pair_iqp_zz,0.42576443932201813,0.6422604422604422,0.6106879606879607,100.0,True,13,47,"{""feature_scale"": 0.5}",MolLogP,0.19226118549240026,3,MolLogP__nHalogen,6,nHalogen,0.6486486486486487,0.5727272727272728,-0.2926282569831081,63,24,False
pair_rbf_control,0.4398590927441526,0.6673218673218674,0.628992628992629,10.0,True,14,40,"{""gamma"": 0.3}",MolLogP,0.22624666005833366,3,MolLogP__nHalogen,6,nHalogen,0.6216216216216216,0.6363636363636364,-0.35378272581138187,70,23,False
pair_phase_no_zz,0.7278545109049298,0.8457002457002456,0.6846437346437346,0.1,True,23,1,"{""feature_scale"": 0.125}",MolLogP,0.5294551546423042,3,MolLogP__n_OP,7,n_OP,0.3783783783783784,0.990909090909091,-0.3796354380243395,109,14,False
pair_iqp_zz,0.7278545109049298,0.8457002457002456,0.6846437346437346,0.1,True,23,1,"{""feature_scale"": 0.125}",MolLogP,0.5294551546423042,3,MolLogP__n_OP,7,n_OP,0.3783783783783784,0.990909090909091,-0.3772726767296932,109,14,False
pair_rbf_control,0.7278545109049298,0.8457002457002456,0.6846437346437346,0.1,True,23,1,"{""gamma"": 0.01}",MolLogP,0.5294551546423042,3,MolLogP__n_OP,7,n_OP,0.3783783783783784,0.990909090909091,-0.3295084657014291,109,14,False
pair_phase_no_zz,0.24526247014797098,0.46511056511056514,0.43095823095823094,1.0,True,30,36,"{""feature_scale"": 1.0}",MolLogP,-0.13173106820267766,3,MolLogP__LiPHEX_prediction,8,LiPHEX_prediction,0.1891891891891892,0.6727272727272727,0.861755125795619,74,7,False
pair_iqp_zz,0.2308622773969285,0.45257985257985256,0.4035626535626536,1.0,True,29,45,"{""feature_scale"": 1.0}",MolLogP,-0.17432938198033254,3,MolLogP__LiPHEX_prediction,8,LiPHEX_prediction,0.21621621621621623,0.5909090909090909,0.6875685456596995,65,8,False
pair_rbf_control,0.3116969754763006,0.5012285012285013,0.5006142506142506,10.0,True,5,95,"{""gamma"": 0.3}",MolLogP,0.0015550914779921077,3,MolLogP__LiPHEX_prediction,8,LiPHEX_prediction,0.8648648648648649,0.13636363636363635,-1.0265375474897187,15,32,False
pair_phase_no_zz,0.49111578141184076,0.6955773955773956,0.6230958230958231,1.0,True,3,74,"{""feature_scale"": 0.125}",MolLogP,0.24200611266445018,3,MolLogP__sasa002_frac_polar_hetero_only,9,sasa002_frac_polar_hetero_only,0.918918918918919,0.32727272727272727,-0.5269791813803015,36,34,False
pair_iqp_zz,0.4899868733061885,0.6948402948402947,0.6230958230958231,1.0,True,3,74,"{""feature_scale"": 0.125}",MolLogP,0.24200611266445018,3,MolLogP__sasa002_frac_polar_hetero_only,9,sasa002_frac_polar_hetero_only,0.918918918918919,0.32727272727272727,-0.5258606024895174,36,34,False
pair_rbf_control,0.4973939478214586,0.6945945945945946,0.6230958230958231,10.0,True,3,74,"{""gamma"": 0.01}",MolLogP,0.24200611266445018,3,MolLogP__sasa002_frac_polar_hetero_only,9,sasa002_frac_polar_hetero_only,0.918918918918919,0.32727272727272727,-0.7404280847726019,36,34,False
pair_phase_no_zz,0.3786441656314518,0.5953316953316954,0.6022113022113023,0.1,True,18,34,"{""feature_scale"": 1.0}",MolWt,0.18476693733456903,3,MolWt__TPSA_SP,10,TPSA_SP,0.5135135135135135,0.6909090909090909,-0.18532011736409906,76,19,False
pair_iqp_zz,0.4497603001449857,0.6656019656019657,0.5321867321867322,100.0,True,3,94,"{""feature_scale"": 0.125}",MolWt,0.08327646880925414,3,MolWt__TPSA_SP,10,TPSA_SP,0.918918918918919,0.14545454545454545,-0.909510989321543,16,34,False
pair_rbf_control,0.5138326673460125,0.6471744471744473,0.5235872235872236,100.0,True,7,84,"{""gamma"": 0.3}",MolWt,0.04906757878691451,3,MolWt__TPSA_SP,10,TPSA_SP,0.8108108108108109,0.23636363636363636,-0.99996366648033,26,30,False
pair_phase_no_zz,0.35623418054807576,0.5901719901719902,0.5566339066339067,100.0,True,17,47,"{""feature_scale"": 0.125}",MolWt,0.09870094844134228,3,MolWt__NumHDonors,11,NumHDonors,0.5405405405405406,0.5727272727272728,0.2009861422984387,63,20,False
pair_iqp_zz,0.3116448158894058,0.5707616707616708,0.5475429975429975,10.0,True,17,49,"{""feature_scale"": 0.125}",MolWt,0.08268789072209957,3,MolWt__NumHDonors,11,NumHDonors,0.5405405405405406,0.5545454545454546,0.06031744443156617,61,20,False
pair_rbf_control,0.3158055123436724,0.5683046683046683,0.5839066339066339,10.0,True,17,41,"{""gamma"": 0.03}",MolWt,0.14781188516556906,3,MolWt__NumHDonors,11,NumHDonors,0.5405405405405406,0.6272727272727273,0.36062947523359323,69,20,False
pair_phase_no_zz,0.3303304183470524,0.5734643734643734,0.5753071253071254,100.0,True,21,31,"{""feature_scale"": 0.125}",MolWt,0.1401568540968537,3,MolWt__NumRotatableBonds,12,NumRotatableBonds,0.43243243243243246,0.7181818181818181,0.6610905226382595,79,16,False
pair_iqp_zz,0.33188960709313353,0.5773955773955773,0.5703931203931204,100.0,True,18,41,"{""feature_scale"": 0.125}",MolWt,0.1243146082865251,3,MolWt__NumRotatableBonds,12,NumRotatableBonds,0.5135135135135135,0.6272727272727273,0.6359187246053697,69,19,False
pair_rbf_control,0.45861789577120593,0.6643734643734643,0.665970515970516,100.0,True,19,17,"{""gamma"": 0.1}",MolWt,0.3382323249648171,3,MolWt__NumRotatableBonds,12,NumRotatableBonds,0.4864864864864865,0.8454545454545455,0.35877318127322844,93,18,False
pair_phase_no_zz,0.5040528054238581,0.6658476658476659,0.5314496314496314,10.0,True,34,2,"{""feature_scale"": 0.125}",MolWt,0.15059605190105393,3,MolWt__NumAromaticRings,13,NumAromaticRings,0.08108108108108109,0.9818181818181818,1.530920734639884,108,3,False
pair_iqp_zz,0.5057882425943674,0.6648648648648648,0.5314496314496314,10.0,True,34,2,"{""feature_scale"": 0.125}",MolWt,0.15059605190105393,3,MolWt__NumAromaticRings,13,NumAromaticRings,0.08108108108108109,0.9818181818181818,1.5143635871547398,108,3,False
pair_rbf_control,0.5141927623890004,0.6628992628992629,0.5,10.0,True,37,0,"{""gamma"": 0.01}",MolWt,0.0,3,MolWt__NumAromaticRings,13,NumAromaticRings,0.0,1.0,2.0282260605826385,110,0,False
pair_phase_no_zz,0.3119124510306902,0.5491400491400492,0.5923832923832923,10.0,True,12,54,"{""feature_scale"": 0.125}",MolWt,0.16082465705633608,3,MolWt__nHalogen,14,nHalogen,0.6756756756756757,0.509090909090909,-0.2997774946701087,56,25,False
pair_iqp_zz,0.3100024766219416,0.5449631449631449,0.6014742014742014,10.0,True,12,52,"{""feature_scale"": 0.125}",MolWt,0.17635527729120146,3,MolWt__nHalogen,14,nHalogen,0.6756756756756757,0.5272727272727272,-0.2684060620472001,58,25,False
pair_rbf_control,0.31854836080257276,0.5523341523341524,0.5611793611793612,100.0,True,17,46,"{""gamma"": 0.01}",MolWt,0.10676223599446891,3,MolWt__nHalogen,14,nHalogen,0.5405405405405406,0.5818181818181818,-0.07746645183852152,64,20,False
pair_phase_no_zz,0.7077829329287776,0.8117936117936119,0.6441031941031942,1.0,True,26,1,"{""feature_scale"": 0.25}",MolWt,0.45681809693002934,3,MolWt__n_OP,15,n_OP,0.2972972972972973,0.990909090909091,0.6713714423508463,109,11,False
pair_iqp_zz,0.7144265340657182,0.8262899262899263,0.7071253071253072,10.0,True,21,2,"{""feature_scale"": 0.125}",MolWt,0.5484401715017366,3,MolWt__n_OP,15,n_OP,0.43243243243243246,0.9818181818181818,-0.38872402764126335,108,16,False
pair_rbf_control,0.6349748041028997,0.7407862407862409,0.6936117936117936,100.0,True,22,2,"{""gamma"": 0.1}",MolWt,0.5254880831660127,3,MolWt__n_OP,15,n_OP,0.40540540540540543,0.9818181818181818,0.7472981306965538,108,15,False
pair_phase_no_zz,0.258235200813777,0.47567567567567576,0.5058968058968059,0.1,True,11,76,"{""feature_scale"": 1.0}",MolWt,0.011105489094937259,3,MolWt__LiPHEX_prediction,16,LiPHEX_prediction,0.7027027027027027,0.3090909090909091,-0.4534442972725713,34,26,False
pair_iqp_zz,0.23893369277443716,0.46953316953316954,0.5409090909090909,100.0,True,0,101,"{""feature_scale"": 1.0}",MolWt,0.1481106305883566,3,MolWt__LiPHEX_prediction,16,LiPHEX_prediction,1.0,0.08181818181818182,-1.1130015211253423,9,37,False
pair_rbf_control,0.25963225698861814,0.4808353808353809,0.5233415233415234,100.0,True,5,90,"{""gamma"": 0.3}",MolWt,0.05392702680103576,3,MolWt__LiPHEX_prediction,16,LiPHEX_prediction,0.8648648648648649,0.18181818181818182,-1.00476544818865,20,32,False
pair_phase_no_zz,0.5097168159974182,0.6547911547911548,0.6393120393120393,100.0,True,24,8,"{""feature_scale"": 0.25}",MolWt,0.34555798270379956,3,MolWt__sasa002_frac_polar_hetero_only,17,sasa002_frac_polar_hetero_only,0.35135135135135137,0.9272727272727272,0.6680193699926995,102,13,False
pair_iqp_zz,0.40000403166572074,0.6262899262899263,0.5757985257985259,1.0,True,25,19,"{""feature_scale"": 1.0}",MolWt,0.16127910989659527,3,MolWt__sasa002_frac_polar_hetero_only,17,sasa002_frac_polar_hetero_only,0.32432432432432434,0.8272727272727273,0.3866462319053593,91,12,False
pair_rbf_control,0.48377131445114296,0.6326781326781326,0.50995085995086,100.0,True,7,87,"{""gamma"": 0.3}",MolWt,0.021430596334924033,3,MolWt__sasa002_frac_polar_hetero_only,17,sasa002_frac_polar_hetero_only,0.8108108108108109,0.20909090909090908,-1.0587390727870343,23,30,False
pair_phase_no_zz,0.3225118326664827,0.5721130221130222,0.5,0.1,True,37,0,"{""feature_scale"": 0.125}",TPSA_SP,0.0,3,TPSA_SP__NumHDonors,18,NumHDonors,0.0,1.0,0.9830837485255537,110,0,False
pair_iqp_zz,0.318430326667522,0.563022113022113,0.5,0.1,True,37,0,"{""feature_scale"": 0.125}",TPSA_SP,0.0,3,TPSA_SP__NumHDonors,18,NumHDonors,0.0,1.0,0.9761189251616027,110,0,False
pair_rbf_control,0.3208451026444129,0.567936117936118,0.5,0.1,True,37,0,"{""gamma"": 0.01}",TPSA_SP,0.0,3,TPSA_SP__NumHDonors,18,NumHDonors,0.0,1.0,0.9914993335674882,110,0,False
pair_phase_no_zz,0.4062168544548079,0.5717444717444716,0.5843980343980344,10.0,True,21,29,"{""feature_scale"": 0.125}",TPSA_SP,0.15894731267128953,3,TPSA_SP__NumRotatableBonds,19,NumRotatableBonds,0.43243243243243246,0.7363636363636363,0.4067351386470861,81,16,False
pair_iqp_zz,0.40633913320465687,0.569041769041769,0.5708845208845209,10.0,True,22,29,"{""feature_scale"": 0.125}",TPSA_SP,0.13434875863006945,3,TPSA_SP__NumRotatableBonds,19,NumRotatableBonds,0.40540540540540543,0.7363636363636363,0.3922291350421645,81,15,False
pair_rbf_control,0.3935053544876776,0.5737100737100738,0.5846437346437346,0.1,True,23,23,"{""gamma"": 0.1}",TPSA_SP,0.1692874692874693,3,TPSA_SP__NumRotatableBonds,19,NumRotatableBonds,0.3783783783783784,0.7909090909090909,0.34099869238893343,87,14,False
pair_phase_no_zz,0.387927344901455,0.4982800982800983,0.580958230958231,1.0,True,30,3,"{""feature_scale"": 0.25}",TPSA_SP,0.2790794936891146,3,TPSA_SP__NumAromaticRings,20,NumAromaticRings,0.1891891891891892,0.9727272727272728,1.0013124872289128,107,7,False
pair_iqp_zz,0.3795119641106665,0.5012285012285013,0.5404176904176905,10.0,True,33,3,"{""feature_scale"": 0.125}",TPSA_SP,0.16473491474970367,3,TPSA_SP__NumAromaticRings,20,NumAromaticRings,0.10810810810810811,0.9727272727272728,1.0820605171330637,107,4,False
pair_rbf_control,0.38692257962188564,0.5009828009828009,0.580958230958231,10.0,True,30,3,"{""gamma"": 0.03}",TPSA_SP,0.2790794936891146,3,TPSA_SP__NumAromaticRings,20,NumAromaticRings,0.1891891891891892,0.9727272727272728,0.9916964957826364,107,7,False
pair_phase_no_zz,0.43055988360532366,0.6437346437346436,0.624938574938575,100.0,True,18,29,"{""feature_scale"": 0.125}",TPSA_SP,0.23125201856661154,3,TPSA_SP__nHalogen,21,nHalogen,0.5135135135135135,0.7363636363636363,0.11365039119506681,81,19,False
pair_iqp_zz,0.4314391601817747,0.6501228501228501,0.625061425061425,100.0,True,19,26,"{""feature_scale"": 0.125}",TPSA_SP,0.23703125872688166,3,TPSA_SP__nHalogen,21,nHalogen,0.4864864864864865,0.7636363636363637,0.1898404240977971,84,18,False
pair_rbf_control,0.3802283171416238,0.6068796068796068,0.5664619164619165,100.0,True,23,27,"{""gamma"": 0.01}",TPSA_SP,0.12863382964370854,3,TPSA_SP__nHalogen,21,nHalogen,0.3783783783783784,0.7545454545454545,0.22871455532231266,83,14,False
pair_phase_no_zz,0.5766749096431096,0.5993857493857494,0.6846437346437346,10.0,True,23,1,"{""feature_scale"": 0.25}",TPSA_SP,0.5294551546423042,3,TPSA_SP__n_OP,22,n_OP,0.3783783783783784,0.990909090909091,-0.1667008732791615,109,14,False
pair_iqp_zz,0.5655504146953898,0.578009828009828,0.6846437346437346,100.0,True,23,1,"{""feature_scale"": 0.125}",TPSA_SP,0.5294551546423042,3,TPSA_SP__n_OP,22,n_OP,0.3783783783783784,0.990909090909091,-0.13416985789274305,109,14,False
pair_rbf_control,0.6289786900924461,0.7330466830466831,0.6846437346437346,1.0,True,23,1,"{""gamma"": 0.03}",TPSA_SP,0.5294551546423042,3,TPSA_SP__n_OP,22,n_OP,0.3783783783783784,0.990909090909091,-0.2950462366993398,109,14,False
pair_phase_no_zz,0.30542418089304624,0.49975429975429975,0.48980343980343977,0.1,True,28,29,"{""feature_scale"": 1.0}",TPSA_SP,-0.020215097507083807,3,TPSA_SP__LiPHEX_prediction,23,LiPHEX_prediction,0.24324324324324326,0.7363636363636363,0.1625592731781652,81,9,False
pair_iqp_zz,0.37173357714541344,0.6137592137592138,0.5310810810810811,0.1,True,31,11,"{""feature_scale"": 0.5}",TPSA_SP,0.08435817578743732,3,TPSA_SP__LiPHEX_prediction,23,LiPHEX_prediction,0.16216216216216217,0.9,0.7075407466166194,99,6,False
pair_rbf_control,0.3225374684418538,0.5277641277641277,0.549017199017199,1.0,True,29,13,"{""gamma"": 0.1}",TPSA_SP,0.12158521613652205,3,TPSA_SP__LiPHEX_prediction,23,LiPHEX_prediction,0.21621621621621623,0.8818181818181818,0.7217799548529154,97,8,False
pair_phase_no_zz,0.32777078091043665,0.5400491400491402,0.5,0.1,True,37,0,"{""feature_scale"": 0.125}",TPSA_SP,0.0,3,TPSA_SP__sasa002_frac_polar_hetero_only,24,sasa002_frac_polar_hetero_only,0.0,1.0,0.9805610260151529,110,0,False
pair_iqp_zz,0.32777078091043665,0.5400491400491402,0.5,0.1,True,37,0,"{""feature_scale"": 0.125}",TPSA_SP,0.0,3,TPSA_SP__sasa002_frac_polar_hetero_only,24,sasa002_frac_polar_hetero_only,0.0,1.0,0.9834789809384357,110,0,False
pair_rbf_control,0.3233541448250564,0.5398034398034399,0.5044226044226044,0.1,True,36,2,"{""gamma"": 0.03}",TPSA_SP,0.02714959920700004,3,TPSA_SP__sasa002_frac_polar_hetero_only,24,sasa002_frac_polar_hetero_only,0.02702702702702703,0.9818181818181818,0.9478508013683897,108,1,False
pair_phase_no_zz,0.2992403376984229,0.5054054054054054,0.5396805896805896,100.0,True,27,21,"{""feature_scale"": 0.125}",NumHDonors,0.0844297447270669,3,NumHDonors__NumRotatableBonds,25,NumRotatableBonds,0.2702702702702703,0.8090909090909091,0.7195581830873934,89,10,False
pair_iqp_zz,0.29553887221795194,0.48869778869778874,0.5442260442260443,100.0,True,27,20,"{""feature_scale"": 0.25}",NumHDonors,0.09524709482188458,3,NumHDonors__NumRotatableBonds,25,NumRotatableBonds,0.2702702702702703,0.8181818181818182,0.773705662011047,90,10,False
pair_rbf_control,0.2951701110652353,0.49090909090909096,0.5442260442260443,100.0,True,27,20,"{""gamma"": 0.03}",NumHDonors,0.09524709482188458,3,NumHDonors__NumRotatableBonds,25,NumRotatableBonds,0.2702702702702703,0.8181818181818182,0.7729999186937757,90,10,False
pair_phase_no_zz,0.3664007419440006,0.5788697788697789,0.45061425061425064,10.0,True,5,106,"{""feature_scale"": 0.125}",NumHDonors,-0.17880022071026833,3,NumHDonors__NumAromaticRings,26,NumAromaticRings,0.8648648648648649,0.03636363636363636,-1.080377351475509,4,32,False
pair_iqp_zz,0.3664007419440006,0.5788697788697789,0.45503685503685504,10.0,True,4,108,"{""feature_scale"": 0.125}",NumHDonors,-0.19724168286007132,3,NumHDonors__NumAromaticRings,26,NumAromaticRings,0.8918918918918919,0.01818181818181818,-1.0006337349542325,2,33,False
pair_rbf_control,0.29127521647160526,0.5415233415233416,0.4722358722358722,10.0,True,33,18,"{""gamma"": 0.03}",NumHDonors,-0.06755303842001954,3,NumHDonors__NumAromaticRings,26,NumAromaticRings,0.10810810810810811,0.8363636363636363,1.0004297958722894,92,4,False
pair_phase_no_zz,0.2558591597504327,0.42702702702702705,0.5486486486486487,0.1,True,26,22,"{""feature_scale"": 0.25}",NumHDonors,0.10120188124801117,3,NumHDonors__nHalogen,27,nHalogen,0.2972972972972973,0.8,0.6156302310218803,88,11,False
pair_iqp_zz,0.25605717756174945,0.42825552825552826,0.5264127764127764,0.1,True,30,15,"{""feature_scale"": 0.25}",NumHDonors,0.0642650586739124,3,NumHDonors__nHalogen,27,nHalogen,0.1891891891891892,0.8636363636363636,0.8815348476434213,95,7,False
pair_rbf_control,0.26101856993735795,0.45331695331695343,0.5264127764127764,0.1,True,30,15,"{""gamma"": 0.1}",NumHDonors,0.0642650586739124,3,NumHDonors__nHalogen,27,nHalogen,0.1891891891891892,0.8636363636363636,0.8824271879145136,95,7,False
pair_phase_no_zz,0.5182964238123494,0.664864864864865,0.6305896805896807,1.0,True,27,1,"{""feature_scale"": 1.0}",NumHDonors,0.4307946122577534,3,NumHDonors__n_OP,28,n_OP,0.2702702702702703,0.990909090909091,0.9998611419085124,109,10,False
pair_iqp_zz,0.559882822908033,0.7304668304668305,0.6846437346437346,1.0,True,23,1,"{""feature_scale"": 0.25}",NumHDonors,0.5294551546423042,3,NumHDonors__n_OP,28,n_OP,0.3783783783783784,0.990909090909091,-0.3816542739660027,109,14,False
pair_rbf_control,0.5262959240323426,0.672972972972973,0.6846437346437346,0.1,True,23,1,"{""gamma"": 0.01}",NumHDonors,0.5294551546423042,3,NumHDonors__n_OP,28,n_OP,0.3783783783783784,0.990909090909091,-0.3697925665715156,109,14,False
pair_phase_no_zz,0.22335781479929212,0.40663390663390664,0.4814496314496315,0.1,True,34,13,"{""feature_scale"": 0.5}",NumHDonors,-0.05169923341586251,3,NumHDonors__LiPHEX_prediction,29,LiPHEX_prediction,0.08108108108108109,0.8818181818181818,0.9487626895758654,97,3,False
pair_iqp_zz,0.22198547446621214,0.3953316953316953,0.5034398034398034,0.1,True,28,26,"{""feature_scale"": 0.5}",NumHDonors,0.007009996372327815,3,NumHDonors__LiPHEX_prediction,29,LiPHEX_prediction,0.24324324324324326,0.7636363636363637,0.5571780579575536,84,9,False
pair_rbf_control,0.22542194244306374,0.413022113022113,0.47690417690417686,0.1,True,34,14,"{""gamma"": 0.3}",NumHDonors,-0.06268512667208781,3,NumHDonors__LiPHEX_prediction,29,LiPHEX_prediction,0.08108108108108109,0.8727272727272727,0.8941737721659317,96,3,False
pair_phase_no_zz,0.3020784577618214,0.4783783783783784,0.5448402948402948,100.0,True,32,5,"{""feature_scale"": 0.125}",NumHDonors,0.15457361941809838,3,NumHDonors__sasa002_frac_polar_hetero_only,30,sasa002_frac_polar_hetero_only,0.13513513513513514,0.9545454545454546,0.9440304366517633,105,5,False
pair_iqp_zz,0.3149532179779664,0.4498771498771499,0.549017199017199,10.0,True,29,13,"{""feature_scale"": 0.25}",NumHDonors,0.12158521613652205,3,NumHDonors__sasa002_frac_polar_hetero_only,30,sasa002_frac_polar_hetero_only,0.21621621621621623,0.8818181818181818,0.6515607140051114,97,8,False
pair_rbf_control,0.3161630064429768,0.48181818181818187,0.5313267813267813,100.0,True,33,5,"{""gamma"": 0.01}",NumHDonors,0.11341805045054335,3,NumHDonors__sasa002_frac_polar_hetero_only,30,sasa002_frac_polar_hetero_only,0.10810810810810811,0.9545454545454546,0.964819492487722,105,4,False
pair_phase_no_zz,0.3267607300092994,0.5361179361179361,0.5568796068796069,1.0,True,19,41,"{""feature_scale"": 0.25}",NumRotatableBonds,0.10072016869828472,3,NumRotatableBonds__NumAromaticRings,31,NumAromaticRings,0.4864864864864865,0.6272727272727273,-0.09005164177500768,69,18,False
pair_iqp_zz,0.33540758413645977,0.5363636363636364,0.5896805896805897,1.0,True,27,10,"{""feature_scale"": 0.25}",NumRotatableBonds,0.22704335578684773,3,NumRotatableBonds__NumAromaticRings,31,NumAromaticRings,0.2702702702702703,0.9090909090909091,0.7697282778623755,100,10,False
pair_rbf_control,0.3370150048208909,0.5417690417690418,0.5475429975429975,10.0,True,17,49,"{""gamma"": 0.03}",NumRotatableBonds,0.08268789072209957,3,NumRotatableBonds__NumAromaticRings,31,NumAromaticRings,0.5405405405405406,0.5545454545454546,-0.11797840285083017,61,20,False
pair_phase_no_zz,0.35408038787755475,0.6156019656019657,0.5981572481572481,0.1,True,22,23,"{""feature_scale"": 0.5}",NumRotatableBonds,0.1946007579296381,3,NumRotatableBonds__nHalogen,32,nHalogen,0.40540540540540543,0.7909090909090909,0.5101563139196089,87,15,False
pair_iqp_zz,0.389706662052109,0.6799754299754299,0.5624078624078623,0.1,True,27,16,"{""feature_scale"": 0.5}",NumRotatableBonds,0.14196691614095241,3,NumRotatableBonds__nHalogen,32,nHalogen,0.2702702702702703,0.8545454545454545,0.5675787372378932,94,10,False
pair_rbf_control,0.36403846219722286,0.6450859950859952,0.5981572481572481,0.1,True,22,23,"{""gamma"": 0.3}",NumRotatableBonds,0.1946007579296381,3,NumRotatableBonds__nHalogen,32,nHalogen,0.40540540540540543,0.7909090909090909,0.3866384765906896,87,15,False
pair_phase_no_zz,0.5780368075198445,0.6776412776412777,0.6711302211302211,100.0,True,24,1,"{""feature_scale"": 1.0}",NumRotatableBonds,0.5060157952073764,3,NumRotatableBonds__n_OP,33,n_OP,0.35135135135135137,0.990909090909091,0.5226458969094896,109,13,False
pair_iqp_zz,0.5514607005668919,0.6587223587223587,0.6846437346437346,1.0,True,23,1,"{""feature_scale"": 0.25}",NumRotatableBonds,0.5294551546423042,3,NumRotatableBonds__n_OP,33,n_OP,0.3783783783783784,0.990909090909091,-0.3222993594515967,109,14,False
pair_rbf_control,0.5275010344718356,0.5933660933660934,0.6846437346437346,100.0,True,23,1,"{""gamma"": 0.01}",NumRotatableBonds,0.5294551546423042,3,NumRotatableBonds__n_OP,33,n_OP,0.3783783783783784,0.990909090909091,-0.1265511746377972,109,14,False
pair_phase_no_zz,0.31230558498195804,0.562899262899263,0.5308353808353808,0.1,True,29,17,"{""feature_scale"": 0.5}",NumRotatableBonds,0.07124044066873672,3,NumRotatableBonds__LiPHEX_prediction,34,LiPHEX_prediction,0.21621621621621623,0.8454545454545455,0.5518089809109211,93,8,False
pair_iqp_zz,0.3554369624473914,0.639066339066339,0.5934889434889434,0.1,True,21,27,"{""feature_scale"": 0.5}",NumRotatableBonds,0.17837605498618808,3,NumRotatableBonds__LiPHEX_prediction,34,LiPHEX_prediction,0.43243243243243246,0.7545454545454545,0.3810433211038419,83,16,False
pair_rbf_control,0.3222914287498161,0.5636363636363637,0.5352579852579853,0.1,True,28,19,"{""gamma"": 0.3}",NumRotatableBonds,0.07793493827075484,3,NumRotatableBonds__LiPHEX_prediction,34,LiPHEX_prediction,0.24324324324324326,0.8272727272727273,0.4267520672936056,91,9,False
pair_phase_no_zz,0.4898619753126058,0.6031941031941032,0.5855036855036855,100.0,True,30,2,"{""feature_scale"": 0.125}",NumRotatableBonds,0.3095645612297183,3,NumRotatableBonds__sasa002_frac_polar_hetero_only,35,sasa002_frac_polar_hetero_only,0.1891891891891892,0.9818181818181818,0.8518702856026739,108,7,False
pair_iqp_zz,0.4810443248825008,0.5953316953316953,0.652948402948403,100.0,True,24,5,"{""feature_scale"": 0.125}",NumRotatableBonds,0.404986959382955,3,NumRotatableBonds__sasa002_frac_polar_hetero_only,35,sasa002_frac_polar_hetero_only,0.35135135135135137,0.9545454545454546,0.596419472016068,105,13,False
pair_rbf_control,0.48591750274327444,0.6031941031941032,0.6347665847665848,100.0,True,24,9,"{""gamma"": 0.01}",NumRotatableBonds,0.32790125286177624,3,NumRotatableBonds__sasa002_frac_polar_hetero_only,35,sasa002_frac_polar_hetero_only,0.35135135135135137,0.9181818181818182,0.6356637733394113,101,13,False
pair_phase_no_zz,0.2910991803936507,0.48992628992628995,0.5482800982800983,0.1,True,23,31,"{""feature_scale"": 0.25}",NumAromaticRings,0.09092619196479881,3,NumAromaticRings__nHalogen,36,nHalogen,0.3783783783783784,0.7181818181818181,0.4067324951056799,79,14,False
pair_iqp_zz,0.2908978515260336,0.48894348894348894,0.567076167076167,0.1,True,28,12,"{""feature_scale"": 0.25}",NumAromaticRings,0.16637976944997757,3,NumAromaticRings__nHalogen,36,nHalogen,0.24324324324324326,0.8909090909090909,0.6747298310247711,98,9,False
pair_rbf_control,0.30080210244172173,0.5218673218673219,0.5482800982800983,0.1,True,23,31,"{""gamma"": 0.1}",NumAromaticRings,0.09092619196479881,3,NumAromaticRings__nHalogen,36,nHalogen,0.3783783783783784,0.7181818181818181,0.3341688632645928,79,14,False
pair_phase_no_zz,0.5963881639787824,0.6628992628992629,0.6846437346437346,100.0,True,23,1,"{""feature_scale"": 0.5}",NumAromaticRings,0.5294551546423042,3,NumAromaticRings__n_OP,37,n_OP,0.3783783783783784,0.990909090909091,-0.3676217167512465,109,14,False
pair_iqp_zz,0.3887847989254229,0.5884520884520885,0.6932432432432433,1.0,True,19,11,"{""feature_scale"": 1.0}",NumAromaticRings,0.4214941151230414,3,NumAromaticRings__n_OP,37,n_OP,0.4864864864864865,0.9,0.8433812528580082,99,18,False
pair_rbf_control,0.5804507603840433,0.7695331695331695,0.6846437346437346,100.0,True,23,1,"{""gamma"": 0.1}",NumAromaticRings,0.5294551546423042,3,NumAromaticRings__n_OP,37,n_OP,0.3783783783783784,0.990909090909091,0.16688323184049902,109,14,False
pair_phase_no_zz,0.28892923351365696,0.5572481572481573,0.5169533169533169,100.0,True,27,26,"{""feature_scale"": 1.0}",NumAromaticRings,0.034219144051224726,3,NumAromaticRings__LiPHEX_prediction,38,LiPHEX_prediction,0.2702702702702703,0.7636363636363637,0.5816162257362636,84,10,False
pair_iqp_zz,0.38045000031499976,0.46019656019656024,0.535995085995086,0.1,True,34,1,"{""feature_scale"": 0.5}",NumAromaticRings,0.1920314677425482,3,NumAromaticRings__LiPHEX_prediction,38,LiPHEX_prediction,0.08108108108108109,0.990909090909091,0.8436060876084643,109,3,False
pair_rbf_control,0.2713665307776721,0.3621621621621621,0.4495085995085995,1.0,True,33,23,"{""gamma"": 0.3}",NumAromaticRings,-0.11318063133705922,3,NumAromaticRings__LiPHEX_prediction,38,LiPHEX_prediction,0.10810810810810811,0.7909090909090909,0.7916014323421684,87,4,False
pair_phase_no_zz,0.4306394632123325,0.5245700245700247,0.5985257985257986,1.0,True,25,14,"{""feature_scale"": 0.5}",NumAromaticRings,0.2241288715453619,3,NumAromaticRings__sasa002_frac_polar_hetero_only,39,sasa002_frac_polar_hetero_only,0.32432432432432434,0.8727272727272727,0.3623455650438675,96,12,False
pair_iqp_zz,0.3974274557378394,0.502948402948403,0.6034398034398034,1.0,True,28,4,"{""feature_scale"": 0.25}",NumAromaticRings,0.31622107559820406,3,NumAromaticRings__sasa002_frac_polar_hetero_only,39,sasa002_frac_polar_hetero_only,0.24324324324324326,0.9636363636363636,0.6895563105013716,106,9,False
pair_rbf_control,0.3848316486788368,0.5071253071253071,0.5988943488943489,1.0,True,28,5,"{""gamma"": 0.1}",NumAromaticRings,0.29242118818516727,3,NumAromaticRings__sasa002_frac_polar_hetero_only,39,sasa002_frac_polar_hetero_only,0.24324324324324326,0.9545454545454546,0.8399104374582502,105,9,False
pair_phase_no_zz,0.5155753802740083,0.6113022113022113,0.6711302211302211,10.0,True,24,1,"{""feature_scale"": 1.0}",nHalogen,0.5060157952073764,3,nHalogen__n_OP,40,n_OP,0.35135135135135137,0.990909090909091,-0.9230422172305595,109,13,False
pair_iqp_zz,0.665158197638295,0.756019656019656,0.6846437346437346,10.0,True,23,1,"{""feature_scale"": 0.25}",nHalogen,0.5294551546423042,3,nHalogen__n_OP,40,n_OP,0.3783783783783784,0.990909090909091,-0.32610776580311257,109,14,False
pair_rbf_control,0.7052971707932507,0.7746928746928747,0.6981572481572482,10.0,True,22,1,"{""gamma"": 0.1}",nHalogen,0.5522573741707697,3,nHalogen__n_OP,40,n_OP,0.40540540540540543,0.990909090909091,0.4529002855859281,109,15,False
pair_phase_no_zz,0.28226494924435125,0.4938574938574939,0.4987714987714988,0.1,True,27,30,"{""feature_scale"": 1.0}",nHalogen,-0.0023959674343086183,3,nHalogen__LiPHEX_prediction,41,LiPHEX_prediction,0.2702702702702703,0.7272727272727273,0.34723308355070126,80,10,False
pair_iqp_zz,0.2649393787065615,0.4803439803439803,0.5222358722358722,0.1,True,33,7,"{""feature_scale"": 0.5}",nHalogen,0.07335261036561934,3,nHalogen__LiPHEX_prediction,41,LiPHEX_prediction,0.10810810810810811,0.9363636363636364,0.9854892120856761,103,4,False
pair_rbf_control,0.2642319737006136,0.4815724815724816,0.5171990171990173,0.1,True,29,20,"{""gamma"": 0.3}",nHalogen,0.0380170430589048,3,nHalogen__LiPHEX_prediction,41,LiPHEX_prediction,0.21621621621621623,0.8181818181818182,0.6005084576503851,90,8,False
pair_phase_no_zz,0.5098498282111196,0.6582309582309582,0.6436117936117937,100.0,True,22,13,"{""feature_scale"": 0.25}",nHalogen,0.3174423095418551,3,nHalogen__sasa002_frac_polar_hetero_only,42,sasa002_frac_polar_hetero_only,0.40540540540540543,0.8818181818181818,0.6386141705979584,97,15,False
pair_iqp_zz,0.5297141238319134,0.6818181818181818,0.639066339066339,10.0,True,22,14,"{""feature_scale"": 0.25}",nHalogen,0.30332570776813916,3,nHalogen__sasa002_frac_polar_hetero_only,42,sasa002_frac_polar_hetero_only,0.40540540540540543,0.8727272727272727,0.5871997753491642,96,15,False
pair_rbf_control,0.438632101986585,0.6461916461916463,0.6120393120393121,10.0,True,24,14,"{""gamma"": 0.03}",nHalogen,0.25114534252894893,3,nHalogen__sasa002_frac_polar_hetero_only,42,sasa002_frac_polar_hetero_only,0.35135135135135137,0.8727272727272727,0.5866784076308789,96,13,False
pair_phase_no_zz,0.6127815381462718,0.622113022113022,0.6846437346437346,100.0,True,23,1,"{""feature_scale"": 0.25}",n_OP,0.5294551546423042,3,n_OP__LiPHEX_prediction,43,LiPHEX_prediction,0.3783783783783784,0.990909090909091,-0.7355349391250511,109,14,False
pair_iqp_zz,0.6521602737761982,0.6732186732186732,0.6846437346437346,10.0,True,23,1,"{""feature_scale"": 0.5}",n_OP,0.5294551546423042,3,n_OP__LiPHEX_prediction,43,LiPHEX_prediction,0.3783783783783784,0.990909090909091,0.3946951163832737,109,14,False
pair_rbf_control,0.6491672522344017,0.6624078624078624,0.6846437346437346,0.1,True,23,1,"{""gamma"": 0.3}",n_OP,0.5294551546423042,3,n_OP__LiPHEX_prediction,43,LiPHEX_prediction,0.3783783783783784,0.990909090909091,-0.38989675224210024,109,14,False
pair_phase_no_zz,0.5564738277862499,0.5968058968058968,0.6846437346437346,10.0,True,23,1,"{""feature_scale"": 0.25}",n_OP,0.5294551546423042,3,n_OP__sasa002_frac_polar_hetero_only,44,sasa002_frac_polar_hetero_only,0.3783783783783784,0.990909090909091,-0.22417088690140574,109,14,False
pair_iqp_zz,0.5711633174892463,0.5990171990171991,0.6846437346437346,100.0,True,23,1,"{""feature_scale"": 0.125}",n_OP,0.5294551546423042,3,n_OP__sasa002_frac_polar_hetero_only,44,sasa002_frac_polar_hetero_only,0.3783783783783784,0.990909090909091,-0.13580734746248924,109,14,False
pair_rbf_control,0.6750483230851428,0.7058968058968059,0.6846437346437346,10.0,True,23,1,"{""gamma"": 0.1}",n_OP,0.5294551546423042,3,n_OP__sasa002_frac_polar_hetero_only,44,sasa002_frac_polar_hetero_only,0.3783783783783784,0.990909090909091,0.4162962436550948,109,14,False
pair_phase_no_zz,0.30383613310110724,0.5432432432432432,0.513022113022113,1.0,True,32,12,"{""feature_scale"": 0.25}",LiPHEX_prediction,0.03534374163426227,3,LiPHEX_prediction__sasa002_frac_polar_hetero_only,45,sasa002_frac_polar_hetero_only,0.13513513513513514,0.8909090909090909,0.6643656903036126,98,5,False
pair_iqp_zz,0.3822610529492674,0.6167076167076168,0.5805896805896806,0.1,True,27,12,"{""feature_scale"": 0.5}",LiPHEX_prediction,0.19608315576784432,3,LiPHEX_prediction__sasa002_frac_polar_hetero_only,45,sasa002_frac_polar_hetero_only,0.2702702702702703,0.8909090909090909,0.5111434674920612,98,10,False
pair_rbf_control,0.31194119182067487,0.5262899262899263,0.5355036855036855,0.1,True,30,13,"{""gamma"": 0.3}",LiPHEX_prediction,0.08988428742794383,3,LiPHEX_prediction__sasa002_frac_polar_hetero_only,45,sasa002_frac_polar_hetero_only,0.1891891891891892,0.8818181818181818,0.46912739816434823,97,7,False
pair_phase_no_zz,0.5277208285745094,0.6204501250347318,0.5084745762711864,0.1,True,58,0,"{""feature_scale"": 0.125}",MolLogP,0.10718096354010848,4,MolLogP__MolWt,1,MolWt,0.01694915254237288,1.0,0.6718813732482752,122,1,False
pair_iqp_zz,0.5281652114908353,0.621005834954154,0.5043762156154488,0.1,True,58,1,"{""feature_scale"": 0.125}",MolLogP,0.03924579355271742,4,MolLogP__MolWt,1,MolWt,0.01694915254237288,0.9918032786885246,0.6340887080505869,121,1,False
pair_rbf_control,0.5287555256692577,0.6214226173937204,0.5084745762711864,0.1,True,58,0,"{""gamma"": 0.01}",MolLogP,0.10718096354010848,4,MolLogP__MolWt,1,MolWt,0.01694915254237288,1.0,0.7676978330085935,122,1,False
pair_phase_no_zz,0.37533840997502194,0.5861350375104195,0.531536537927202,0.1,True,34,44,"{""feature_scale"": 0.25}",MolLogP,0.060871832351657267,4,MolLogP__TPSA_SP,2,TPSA_SP,0.423728813559322,0.639344262295082,0.41362776735383877,78,25,False
pair_iqp_zz,0.5010806102893021,0.7121422617393721,0.6619199777716032,100.0,True,22,37,"{""feature_scale"": 0.25}",MolLogP,0.3087653829019819,4,MolLogP__TPSA_SP,2,TPSA_SP,0.6271186440677966,0.6967213114754098,0.39593627436079015,85,37,False
pair_rbf_control,0.38922658730302384,0.5921089191442067,0.6045429285912753,0.1,True,22,51,"{""gamma"": 0.1}",MolLogP,0.19608653326111167,4,MolLogP__TPSA_SP,2,TPSA_SP,0.6271186440677966,0.5819672131147541,0.2745341640749217,71,37,False
pair_phase_no_zz,0.6720377207166826,0.7510419560989163,0.6016949152542372,0.1,True,47,0,"{""feature_scale"": 0.125}",MolLogP,0.3831785416812042,4,MolLogP__NumHDonors,3,NumHDonors,0.2033898305084746,1.0,0.9390534852711314,122,12,False
pair_iqp_zz,0.6724657101775733,0.7513198110586273,0.5975965545984996,0.1,True,47,1,"{""feature_scale"": 0.125}",MolLogP,0.35435950476603967,4,MolLogP__NumHDonors,3,NumHDonors,0.2033898305084746,0.9918032786885246,0.9337990967829265,121,12,False
pair_rbf_control,0.6732483744697092,0.7511808835787719,0.6016949152542372,0.1,True,47,0,"{""gamma"": 0.01}",MolLogP,0.3831785416812042,4,MolLogP__NumHDonors,3,NumHDonors,0.2033898305084746,1.0,0.9587568021977033,122,12,False
pair_phase_no_zz,0.6849829563655293,0.7540983606557378,0.6239927757710475,10.0,True,11,69,"{""feature_scale"": 0.125}",MolLogP,0.2431360637581729,4,MolLogP__NumRotatableBonds,4,NumRotatableBonds,0.8135593220338984,0.4344262295081967,0.18194807945961688,53,48,False
pair_iqp_zz,0.522959507999292,0.6346207279799945,0.6053764934704084,100.0,True,19,57,"{""feature_scale"": 0.5}",MolLogP,0.19808616748351887,4,MolLogP__NumRotatableBonds,4,NumRotatableBonds,0.6779661016949152,0.5327868852459017,0.22291871506109207,65,40,False
pair_rbf_control,0.5182191047058978,0.6799110864128926,0.6370519588774659,100.0,True,23,41,"{""gamma"": 0.1}",MolLogP,0.2598717864081038,4,MolLogP__NumRotatableBonds,4,NumRotatableBonds,0.6101694915254238,0.6639344262295082,0.3549525710315554,81,36,False
pair_phase_no_zz,0.6858058123251596,0.7724367879966657,0.546749096971381,1.0,True,53,1,"{""feature_scale"": 0.125}",MolLogP,0.22729270590409958,4,MolLogP__NumAromaticRings,5,NumAromaticRings,0.1016949152542373,0.9918032786885246,0.6023793930523778,121,6,False
pair_iqp_zz,0.6914654659950468,0.7722978605168102,0.5043762156154488,0.1,True,58,1,"{""feature_scale"": 0.125}",MolLogP,0.03924579355271742,4,MolLogP__NumAromaticRings,5,NumAromaticRings,0.01694915254237288,0.9918032786885246,0.8815479998765142,121,1,False
pair_rbf_control,0.690344523210354,0.7727146429563768,0.546749096971381,1.0,True,53,1,"{""gamma"": 0.01}",MolLogP,0.22729270590409958,4,MolLogP__NumAromaticRings,5,NumAromaticRings,0.1016949152542373,0.9918032786885246,0.6037575414763421,121,6,False
pair_phase_no_zz,0.522337258926585,0.6919977771603222,0.6146151708808003,100.0,True,30,32,"{""feature_scale"": 0.125}",MolLogP,0.22731206249941469,4,MolLogP__nHalogen,6,nHalogen,0.4915254237288136,0.7377049180327869,0.07228622253768258,90,29,False
pair_iqp_zz,0.517457662451337,0.6878299527646569,0.6020422339538761,100.0,True,31,33,"{""feature_scale"": 0.125}",MolLogP,0.2023766180676607,4,MolLogP__nHalogen,6,nHalogen,0.4745762711864407,0.7295081967213115,0.07634731518145577,89,28,False
pair_rbf_control,0.48857252799256135,0.6440677966101696,0.5935676576826896,100.0,True,32,33,"{""gamma"": 0.01}",MolLogP,0.18633453941264358,4,MolLogP__nHalogen,6,nHalogen,0.4576271186440678,0.7295081967213115,0.12665618768283338,89,27,False
pair_phase_no_zz,0.801016663174274,0.8014726312864685,0.652542372881356,1.0,True,41,0,"{""feature_scale"": 0.125}",MolLogP,0.47785524788666633,4,MolLogP__n_OP,7,n_OP,0.3050847457627119,1.0,-0.31523424720962445,122,18,False
pair_iqp_zz,0.8029344252912526,0.8082800777993887,0.652542372881356,1.0,True,41,0,"{""feature_scale"": 0.125}",MolLogP,0.47785524788666633,4,MolLogP__n_OP,7,n_OP,0.3050847457627119,1.0,-0.3154451678016932,122,18,False
pair_rbf_control,0.8033324302717522,0.8095304251180884,0.652542372881356,1.0,True,41,0,"{""gamma"": 0.01}",MolLogP,0.47785524788666633,4,MolLogP__n_OP,7,n_OP,0.3050847457627119,1.0,-0.3230568414475615,122,18,False
pair_phase_no_zz,0.3902304627796582,0.5477910530702973,0.5146568491247568,100.0,True,21,75,"{""feature_scale"": 1.0}",MolLogP,0.02837153648629843,4,MolLogP__LiPHEX_prediction,8,LiPHEX_prediction,0.6440677966101694,0.38524590163934425,-0.05553399874935294,47,38,False
pair_iqp_zz,0.45018715846610846,0.576549041400389,0.551333703806613,100.0,True,7,95,"{""feature_scale"": 0.5}",MolLogP,0.12320842086165733,4,MolLogP__LiPHEX_prediction,8,LiPHEX_prediction,0.8813559322033898,0.22131147540983606,-0.7627703289431842,27,52,False
pair_rbf_control,0.5830773154760307,0.6646290636287857,0.5150041678243956,1.0,True,5,108,"{""gamma"": 0.1}",MolLogP,0.045889520761331286,4,MolLogP__LiPHEX_prediction,8,LiPHEX_prediction,0.9152542372881356,0.11475409836065574,-0.7458557371093563,14,54,False
pair_phase_no_zz,0.5124281727283689,0.653098082800778,0.5944012225618227,1.0,True,29,39,"{""feature_scale"": 0.125}",MolLogP,0.18221326027731768,4,MolLogP__sasa002_frac_polar_hetero_only,9,sasa002_frac_polar_hetero_only,0.5084745762711864,0.680327868852459,0.4148617027638513,83,30,False
pair_iqp_zz,0.5111403480902967,0.6522645179216449,0.6025979438732981,1.0,True,29,37,"{""feature_scale"": 0.125}",MolLogP,0.19919789609075003,4,MolLogP__sasa002_frac_polar_hetero_only,9,sasa002_frac_polar_hetero_only,0.5084745762711864,0.6967213114754098,0.42321808180068143,85,30,False
pair_rbf_control,0.519842219064399,0.6651847735482078,0.6064184495693248,1.0,True,30,34,"{""gamma"": 0.03}",MolLogP,0.20943128902135802,4,MolLogP__sasa002_frac_polar_hetero_only,9,sasa002_frac_polar_hetero_only,0.4915254237288136,0.7213114754098361,0.4797674334019709,88,29,False
pair_phase_no_zz,0.43303554800184224,0.5934981939427618,0.511183662128369,0.1,True,4,111,"{""feature_scale"": 0.5}",MolWt,0.038029470739319754,4,MolWt__TPSA_SP,10,TPSA_SP,0.9322033898305084,0.09016393442622951,-0.848431241997577,11,55,False
pair_iqp_zz,0.43247205571774094,0.5839121978327313,0.5604334537371493,100.0,True,48,8,"{""feature_scale"": 0.5}",MolWt,0.18483279195536212,4,MolWt__TPSA_SP,10,TPSA_SP,0.1864406779661017,0.9344262295081968,0.9910499008068437,114,11,False
pair_rbf_control,0.46811609673770715,0.5843289802722978,0.5147263128646846,10.0,True,6,106,"{""gamma"": 0.1}",MolWt,0.04224935052710011,4,MolWt__TPSA_SP,10,TPSA_SP,0.8983050847457628,0.13114754098360656,-0.964890583442211,16,53,False
pair_phase_no_zz,0.5178356453635984,0.6637260350097248,0.6026674076132259,1.0,True,14,68,"{""feature_scale"": 0.125}",MolWt,0.19873521766231791,4,MolWt__NumHDonors,11,NumHDonors,0.7627118644067796,0.4426229508196721,-0.11668029476087383,54,45,False
pair_iqp_zz,0.39257945929032023,0.5932898027229786,0.5588357877188108,10.0,True,39,27,"{""feature_scale"": 0.5}",MolWt,0.1257987022813026,4,MolWt__NumHDonors,11,NumHDonors,0.3389830508474576,0.7786885245901639,0.8533921207261985,95,20,False
pair_rbf_control,0.43711628292115734,0.6570575159766603,0.6794248402333982,1.0,True,18,41,"{""gamma"": 0.3}",MolWt,0.3379044891458084,4,MolWt__NumHDonors,11,NumHDonors,0.6949152542372882,0.6639344262295082,0.10401145647778934,81,41,False
pair_phase_no_zz,0.4551051830648858,0.6171853292581272,0.5921783828841345,10.0,True,37,23,"{""feature_scale"": 1.0}",MolWt,0.19993521343424117,4,MolWt__NumRotatableBonds,12,NumRotatableBonds,0.3728813559322034,0.8114754098360656,0.15131701208235498,99,22,False
pair_iqp_zz,0.44617262582388184,0.5996804667963324,0.524937482634065,100.0,True,43,27,"{""feature_scale"": 0.25}",MolWt,0.05493065231800312,4,MolWt__NumRotatableBonds,12,NumRotatableBonds,0.2711864406779661,0.7786885245901639,0.7576600023410345,95,16,False
pair_rbf_control,0.5015530321997843,0.6388580161155877,0.6214226173937205,10.0,True,35,20,"{""gamma"": 0.3}",MolWt,0.26536820409373857,4,MolWt__NumRotatableBonds,12,NumRotatableBonds,0.4067796610169492,0.8360655737704918,0.08772450009303667,102,24,False
pair_phase_no_zz,0.45153143447041355,0.6406640733537093,0.5,0.1,True,59,0,"{""feature_scale"": 0.125}",MolWt,0.0,4,MolWt__NumAromaticRings,13,NumAromaticRings,0.0,1.0,0.8221172784001987,122,0,False
pair_iqp_zz,0.45161916700423144,0.6395526535148653,0.5,0.1,True,59,0,"{""feature_scale"": 0.125}",MolWt,0.0,4,MolWt__NumAromaticRings,13,NumAromaticRings,0.0,1.0,0.8222783741687821,122,0,False
pair_rbf_control,0.451605186345524,0.6405251458738538,0.5,0.1,True,59,0,"{""gamma"": 0.01}",MolWt,0.0,4,MolWt__NumAromaticRings,13,NumAromaticRings,0.0,1.0,0.8747893657201959,122,0,False
pair_phase_no_zz,0.3884905498578434,0.6028757988330092,0.5797443734370659,100.0,True,8,86,"{""feature_scale"": 1.0}",MolWt,0.17428071985103655,4,MolWt__nHalogen,14,nHalogen,0.864406779661017,0.29508196721311475,-0.7788335013198158,36,51,False
pair_iqp_zz,0.4227211107645525,0.5989858293970548,0.5816198944151153,1.0,True,16,69,"{""feature_scale"": 0.5}",MolWt,0.15754273791453147,4,MolWt__nHalogen,14,nHalogen,0.7288135593220338,0.4344262295081967,-0.2734717908685408,53,43,False
pair_rbf_control,0.4124360805586259,0.5762017227007501,0.5996110030564046,100.0,True,25,46,"{""gamma"": 0.3}",MolWt,0.18803450440610242,4,MolWt__nHalogen,14,nHalogen,0.576271186440678,0.6229508196721312,0.04916543294556375,76,34,False
pair_phase_no_zz,0.6738806942201244,0.717907752153376,0.6610169491525424,0.1,True,40,0,"{""feature_scale"": 0.125}",MolWt,0.49246254224428665,4,MolWt__n_OP,15,n_OP,0.3220338983050847,1.0,-0.4212679820575721,122,19,False
pair_iqp_zz,0.6789490360728805,0.7302722978605168,0.6697693803834398,1.0,True,38,2,"{""feature_scale"": 0.5}",MolWt,0.4778623548586392,4,MolWt__n_OP,15,n_OP,0.3559322033898305,0.9836065573770492,-0.4194885635584294,120,21,False
pair_rbf_control,0.608035669753497,0.6862322867463183,0.6785218116143373,100.0,True,36,4,"{""gamma"": 0.3}",MolWt,0.4697696547743627,4,MolWt__n_OP,15,n_OP,0.3898305084745763,0.9672131147540983,0.32232169044332015,118,23,False
pair_phase_no_zz,0.3498516085268012,0.5330647402056127,0.5179911086412892,0.1,True,9,99,"{""feature_scale"": 1.0}",MolWt,0.04421052982250998,4,MolWt__LiPHEX_prediction,16,LiPHEX_prediction,0.847457627118644,0.1885245901639344,-0.7131407394138011,23,50,False
pair_iqp_zz,0.32229269852792386,0.46888024451236454,0.5043762156154488,10.0,True,58,1,"{""feature_scale"": 0.5}",MolWt,0.03924579355271742,4,MolWt__LiPHEX_prediction,16,LiPHEX_prediction,0.01694915254237288,0.9918032786885246,1.3013797395109012,121,1,False
pair_rbf_control,0.30596811297127163,0.4659627674353987,0.4947902195054181,10.0,True,4,115,"{""gamma"": 0.1}",MolWt,-0.020442525067030967,4,MolWt__LiPHEX_prediction,16,LiPHEX_prediction,0.9322033898305084,0.05737704918032787,-0.8695370033412879,7,55,False
pair_phase_no_zz,0.32608590430629864,0.49861072520144484,0.537857738260628,0.1,True,26,59,"{""feature_scale"": 0.25}",MolWt,0.07099073360621626,4,MolWt__sasa002_frac_polar_hetero_only,17,sasa002_frac_polar_hetero_only,0.559322033898305,0.5163934426229508,0.112862356345664,63,33,False
pair_iqp_zz,0.3297574908087112,0.5019449847179772,0.5247290914142817,0.1,True,29,56,"{""feature_scale"": 0.25}",MolWt,0.046422983543690385,4,MolWt__sasa002_frac_polar_hetero_only,17,sasa002_frac_polar_hetero_only,0.5084745762711864,0.5409836065573771,0.1677177777195945,66,30,False
pair_rbf_control,0.41232313077615995,0.5573770491803278,0.5649485968324535,100.0,True,17,71,"{""gamma"": 0.03}",MolWt,0.12572221144402385,4,MolWt__sasa002_frac_polar_hetero_only,17,sasa002_frac_polar_hetero_only,0.711864406779661,0.4180327868852459,-0.37500440843321403,51,42,False
pair_phase_no_zz,0.4926222532416328,0.6192692414559601,0.5612670186162823,10.0,True,45,14,"{""feature_scale"": 0.25}",TPSA_SP,0.1588319737987982,4,TPSA_SP__NumHDonors,18,NumHDonors,0.23728813559322035,0.8852459016393442,0.7142425148751921,108,14,False
pair_iqp_zz,0.4428722994868616,0.5864823562100582,0.5375104195609892,10.0,True,42,26,"{""feature_scale"": 0.5}",TPSA_SP,0.08262549373738631,4,TPSA_SP__NumHDonors,18,NumHDonors,0.288135593220339,0.7868852459016393,0.7215240311167047,96,17,False
pair_rbf_control,0.4817973179693917,0.6121839399833287,0.5910669630452904,10.0,True,41,15,"{""gamma"": 0.01}",TPSA_SP,0.22111028425189913,4,TPSA_SP__NumHDonors,18,NumHDonors,0.3050847457627119,0.8770491803278688,0.7496211439279109,107,18,False
pair_phase_no_zz,0.33547851163425396,0.5394554042789664,0.5350791886635177,100.0,True,36,39,"{""feature_scale"": 0.125}",TPSA_SP,0.06929727092714179,4,TPSA_SP__NumRotatableBonds,19,NumRotatableBonds,0.3898305084745763,0.680327868852459,0.6594074343553018,83,23,False
pair_iqp_zz,0.3306142957257076,0.5391775493192554,0.5350791886635177,100.0,True,36,39,"{""feature_scale"": 0.125}",TPSA_SP,0.06929727092714179,4,TPSA_SP__NumRotatableBonds,19,NumRotatableBonds,0.3898305084745763,0.680327868852459,0.7463723688712243,83,23,False
pair_rbf_control,0.33033128002670575,0.5393164767991109,0.5268824673520422,10.0,True,36,41,"{""gamma"": 0.03}",TPSA_SP,0.05271353315093161,4,TPSA_SP__NumRotatableBonds,19,NumRotatableBonds,0.3898305084745763,0.6639344262295082,0.6256426951834433,81,23,False
pair_phase_no_zz,0.3766889357624809,0.49909697138093917,0.5397332592386774,1.0,True,34,42,"{""feature_scale"": 0.125}",TPSA_SP,0.07714366727414286,4,TPSA_SP__NumAromaticRings,20,NumAromaticRings,0.423728813559322,0.6557377049180327,0.2500448758055529,80,25,False
pair_iqp_zz,0.38897620757671664,0.5042372881355932,0.5353570436232287,1.0,True,35,41,"{""feature_scale"": 0.125}",TPSA_SP,0.06909174925737423,4,TPSA_SP__NumAromaticRings,20,NumAromaticRings,0.4067796610169492,0.6639344262295082,0.25188090688203446,81,24,False
pair_rbf_control,0.46279883806227473,0.533550986385107,0.5564045568213393,10.0,True,33,40,"{""gamma"": 0.01}",TPSA_SP,0.10985737566435709,4,TPSA_SP__NumAromaticRings,20,NumAromaticRings,0.4406779661016949,0.6721311475409836,0.35529608374244015,82,26,False
pair_phase_no_zz,0.3501817441544878,0.5374409558210614,0.5564045568213393,1.0,True,33,40,"{""feature_scale"": 0.25}",TPSA_SP,0.10985737566435709,4,TPSA_SP__nHalogen,21,nHalogen,0.4406779661016949,0.6721311475409836,0.2355275946198436,82,26,False
pair_iqp_zz,0.34134052625598416,0.5334120589052515,0.5566824117810503,1.0,True,32,42,"{""feature_scale"": 0.25}",TPSA_SP,0.10940840352192142,4,TPSA_SP__nHalogen,21,nHalogen,0.4576271186440678,0.6557377049180327,0.23927487273059278,80,27,False
pair_rbf_control,0.4089814806500546,0.5724506807446512,0.5523061961656015,1.0,True,33,41,"{""gamma"": 0.1}",TPSA_SP,0.1015545130374643,4,TPSA_SP__nHalogen,21,nHalogen,0.4406779661016949,0.6639344262295082,0.30868647432933444,81,26,False
pair_phase_no_zz,0.5819377458383257,0.5888441233676022,0.652542372881356,0.1,True,41,0,"{""feature_scale"": 0.125}",TPSA_SP,0.47785524788666633,4,TPSA_SP__n_OP,22,n_OP,0.3050847457627119,1.0,-0.2647932164016146,122,18,False
pair_iqp_zz,0.571351464162446,0.5611975548763546,0.652542372881356,1.0,True,41,0,"{""feature_scale"": 0.25}",TPSA_SP,0.47785524788666633,4,TPSA_SP__n_OP,22,n_OP,0.3050847457627119,1.0,-0.2660980452798024,122,18,False
pair_rbf_control,0.5819377458383257,0.5888441233676022,0.6271186440677966,0.1,True,44,0,"{""gamma"": 0.01}",TPSA_SP,0.4322604438071749,4,TPSA_SP__n_OP,22,n_OP,0.2542372881355932,1.0,0.2691055721237555,122,15,False
pair_phase_no_zz,0.531569896769311,0.6360100027785496,0.5581411503195333,10.0,True,12,83,"{""feature_scale"": 0.5}",TPSA_SP,0.1211609786621162,4,TPSA_SP__LiPHEX_prediction,23,LiPHEX_prediction,0.7966101694915254,0.319672131147541,-0.3959865251038074,39,47,False
pair_iqp_zz,0.44289419702478794,0.571964434565157,0.5573075854404002,1.0,True,15,77,"{""feature_scale"": 0.5}",TPSA_SP,0.11412471790306677,4,TPSA_SP__LiPHEX_prediction,23,LiPHEX_prediction,0.7457627118644068,0.36885245901639346,-0.19506086064732023,45,44,False
pair_rbf_control,0.4417244585133555,0.6001667129758267,0.5165323701028064,100.0,True,29,58,"{""gamma"": 0.1}",TPSA_SP,0.03100903316687347,4,TPSA_SP__LiPHEX_prediction,23,LiPHEX_prediction,0.5084745762711864,0.5245901639344263,0.2036655511111367,64,30,False
pair_phase_no_zz,0.31618545342444504,0.4492220061128091,0.5075020839121978,0.1,True,32,54,"{""feature_scale"": 0.25}",TPSA_SP,0.014144100218534307,4,TPSA_SP__sasa002_frac_polar_hetero_only,24,sasa002_frac_polar_hetero_only,0.4576271186440678,0.5573770491803278,0.1938757367316094,68,27,False
pair_iqp_zz,0.32767354062298837,0.4528341205890525,0.49465129202556263,0.1,True,34,53,"{""feature_scale"": 0.25}",TPSA_SP,-0.010125556242927936,4,TPSA_SP__sasa002_frac_polar_hetero_only,24,sasa002_frac_polar_hetero_only,0.423728813559322,0.5655737704918032,0.25784221970413596,69,25,False
pair_rbf_control,0.29730961077411017,0.4556126701861628,0.5075020839121978,0.1,True,32,54,"{""gamma"": 0.1}",TPSA_SP,0.014144100218534307,4,TPSA_SP__sasa002_frac_polar_hetero_only,24,sasa002_frac_polar_hetero_only,0.4576271186440678,0.5573770491803278,0.24458530642580378,68,27,False
pair_phase_no_zz,0.5891186818439877,0.74534592942484,0.6930397332592386,0.1,True,28,17,"{""feature_scale"": 0.25}",NumHDonors,0.4099549988780266,4,NumHDonors__NumRotatableBonds,25,NumRotatableBonds,0.5254237288135594,0.860655737704918,0.4431353786292675,105,31,False
pair_iqp_zz,0.5886232568821512,0.7438177271464295,0.6886635176437899,0.1,True,29,16,"{""feature_scale"": 0.25}",NumHDonors,0.4062356605354471,4,NumHDonors__NumRotatableBonds,25,NumRotatableBonds,0.5084745762711864,0.8688524590163934,0.4471753532770987,106,30,False
pair_rbf_control,0.643058258232373,0.7534037232564601,0.7113781606001667,0.1,True,21,27,"{""gamma"": 0.1}",NumHDonors,0.41305735361530405,4,NumHDonors__NumRotatableBonds,25,NumRotatableBonds,0.6440677966101694,0.7786885245901639,0.31827313410029223,95,38,False
pair_phase_no_zz,0.5166947221706379,0.6850514031675465,0.6082939705473742,1.0,True,38,17,"{""feature_scale"": 0.125}",NumHDonors,0.24927594824700017,4,NumHDonors__NumAromaticRings,26,NumAromaticRings,0.3559322033898305,0.860655737704918,0.2075049916025124,105,21,False
pair_iqp_zz,0.5166947221706379,0.6850514031675465,0.6082939705473742,1.0,True,38,17,"{""feature_scale"": 0.125}",NumHDonors,0.24927594824700017,4,NumHDonors__NumAromaticRings,26,NumAromaticRings,0.3559322033898305,0.860655737704918,0.17787762876297497,105,21,False
pair_rbf_control,0.516713458002399,0.6851903306474021,0.6041956098916366,1.0,True,38,18,"{""gamma"": 0.01}",NumHDonors,0.23757944430723152,4,NumHDonors__NumAromaticRings,26,NumAromaticRings,0.3559322033898305,0.8524590163934426,0.28147162420739813,104,21,False
pair_phase_no_zz,0.4822510107289889,0.712420116699083,0.582870241733815,10.0,True,41,17,"{""feature_scale"": 0.125}",NumHDonors,0.19670892836973208,4,NumHDonors__nHalogen,27,nHalogen,0.3050847457627119,0.860655737704918,0.9996620405476495,105,18,False
pair_iqp_zz,0.47745567765481167,0.70352875798833,0.582870241733815,10.0,True,41,17,"{""feature_scale"": 0.125}",NumHDonors,0.19670892836973208,4,NumHDonors__nHalogen,27,nHalogen,0.3050847457627119,0.860655737704918,0.9998966470502921,105,18,False
pair_rbf_control,0.4826413392262211,0.7131147540983607,0.6257988330091693,1.0,True,34,21,"{""gamma"": 0.03}",NumHDonors,0.2708736307914929,4,NumHDonors__nHalogen,27,nHalogen,0.423728813559322,0.8278688524590164,0.2594494693731759,101,25,False
pair_phase_no_zz,0.5402169035336607,0.553070297304807,0.652542372881356,100.0,True,41,0,"{""feature_scale"": 1.0}",NumHDonors,0.47785524788666633,4,NumHDonors__n_OP,28,n_OP,0.3050847457627119,1.0,-0.29138792288888915,122,18,False
pair_iqp_zz,0.5457673833704104,0.5255626562934149,0.6440677966101696,1.0,True,42,0,"{""feature_scale"": 0.5}",NumHDonors,0.46297383356551564,4,NumHDonors__n_OP,28,n_OP,0.288135593220339,1.0,-0.22179874248039283,122,17,False
pair_rbf_control,0.5279431403211479,0.5058349541539316,0.652542372881356,10.0,True,41,0,"{""gamma"": 0.01}",NumHDonors,0.47785524788666633,4,NumHDonors__n_OP,28,n_OP,0.3050847457627119,1.0,-0.27493975629548806,122,18,False
pair_phase_no_zz,0.5103301822104018,0.6782439566546262,0.5862739649902751,0.1,True,14,72,"{""feature_scale"": 1.0}",NumHDonors,0.16917366453089677,4,NumHDonors__LiPHEX_prediction,29,LiPHEX_prediction,0.7627118644067796,0.4098360655737705,-0.5342017033237341,50,45,False
pair_iqp_zz,0.433289976507632,0.6589330369547096,0.6731036398999721,0.1,True,26,26,"{""feature_scale"": 0.25}",NumHDonors,0.3462072797999444,4,NumHDonors__LiPHEX_prediction,29,LiPHEX_prediction,0.559322033898305,0.7868852459016393,0.6900658439677051,96,33,False
pair_rbf_control,0.43147474712271616,0.6555987774381773,0.637329813837177,0.1,True,22,43,"{""gamma"": 0.1}",NumHDonors,0.25923585440088176,4,NumHDonors__LiPHEX_prediction,29,LiPHEX_prediction,0.6271186440677966,0.6475409836065574,0.45952140220963755,79,37,False
pair_phase_no_zz,0.48997244149975616,0.5813420394554044,0.595165323701028,10.0,True,41,14,"{""feature_scale"": 0.25}",NumHDonors,0.23385492608818023,4,NumHDonors__sasa002_frac_polar_hetero_only,30,sasa002_frac_polar_hetero_only,0.3050847457627119,0.8852459016393442,0.2307618202221038,108,18,False
pair_iqp_zz,0.4835255320660663,0.5609196999166436,0.595165323701028,1.0,True,41,14,"{""feature_scale"": 0.25}",NumHDonors,0.23385492608818023,4,NumHDonors__sasa002_frac_polar_hetero_only,30,sasa002_frac_polar_hetero_only,0.3050847457627119,0.8852459016393442,0.3250774924658078,108,18,False
pair_rbf_control,0.473144099826188,0.5222978605168103,0.531258682967491,0.1,True,35,42,"{""gamma"": 0.1}",NumHDonors,0.06088155055290726,4,NumHDonors__sasa002_frac_polar_hetero_only,30,sasa002_frac_polar_hetero_only,0.4067796610169492,0.6557377049180327,0.08171361579286351,80,24,False
pair_phase_no_zz,0.5535570440426025,0.6615031953320366,0.5721728257849402,0.1,True,50,1,"{""feature_scale"": 0.125}",NumRotatableBonds,0.2961498869567678,4,NumRotatableBonds__NumAromaticRings,31,NumAromaticRings,0.15254237288135594,0.9918032786885246,0.8458838120945138,121,9,False
pair_iqp_zz,0.5535570440426025,0.6615031953320366,0.5721728257849402,0.1,True,50,1,"{""feature_scale"": 0.125}",NumRotatableBonds,0.2961498869567678,4,NumRotatableBonds__NumAromaticRings,31,NumAromaticRings,0.15254237288135594,0.9918032786885246,0.8459994289377342,121,9,False
pair_rbf_control,0.569931273331015,0.6749791608780217,0.5680744651292026,0.1,True,50,2,"{""gamma"": 0.03}",NumRotatableBonds,0.2671156608758713,4,NumRotatableBonds__NumAromaticRings,31,NumAromaticRings,0.15254237288135594,0.9836065573770492,0.705307336304597,120,9,False
pair_phase_no_zz,0.40098004580771496,0.5996110030564046,0.5585579327590997,100.0,True,40,25,"{""feature_scale"": 0.25}",NumRotatableBonds,0.12797791536099634,4,NumRotatableBonds__nHalogen,32,nHalogen,0.3220338983050847,0.7950819672131147,0.8623575127945529,97,19,False
pair_iqp_zz,0.42078400696622215,0.6403167546540706,0.6230897471519867,10.0,True,29,32,"{""feature_scale"": 0.5}",NumRotatableBonds,0.2431579486790005,4,NumRotatableBonds__nHalogen,32,nHalogen,0.5084745762711864,0.7377049180327869,0.47150671807284644,90,30,False
pair_rbf_control,0.40408831511607507,0.5982217282578495,0.5973881633787163,100.0,True,33,30,"{""gamma"": 0.03}",NumRotatableBonds,0.19751181162290035,4,NumRotatableBonds__nHalogen,32,nHalogen,0.4406779661016949,0.7540983606557377,0.4850627988000882,92,26,False
pair_phase_no_zz,0.55056102101782,0.5890525145873854,0.6271186440677966,10.0,True,44,0,"{""feature_scale"": 1.0}",NumRotatableBonds,0.4322604438071749,4,NumRotatableBonds__n_OP,33,n_OP,0.2542372881355932,1.0,0.9139374747257478,122,15,False
pair_iqp_zz,0.6282398770271953,0.6885245901639344,0.6440677966101696,1.0,True,42,0,"{""feature_scale"": 0.5}",NumRotatableBonds,0.46297383356551564,4,NumRotatableBonds__n_OP,33,n_OP,0.288135593220339,1.0,0.3710577306999498,122,17,False
pair_rbf_control,0.6219366451142805,0.648791330925257,0.635593220338983,1.0,True,43,0,"{""gamma"": 0.3}",NumRotatableBonds,0.4477874615072448,4,NumRotatableBonds__n_OP,33,n_OP,0.2711864406779661,1.0,0.8820155618601925,122,16,False
pair_phase_no_zz,0.4672624570243751,0.6469852736871353,0.6212142261739372,0.1,True,21,49,"{""feature_scale"": 0.5}",NumRotatableBonds,0.22743953408830406,4,NumRotatableBonds__LiPHEX_prediction,34,LiPHEX_prediction,0.6440677966101694,0.5983606557377049,0.2667933096904874,73,38,False
pair_iqp_zz,0.4595218061506501,0.6239233120311198,0.6110725201444847,10.0,True,28,37,"{""feature_scale"": 0.5}",NumRotatableBonds,0.2150051509080151,4,NumRotatableBonds__LiPHEX_prediction,34,LiPHEX_prediction,0.5254237288135594,0.6967213114754098,0.70597009426267,85,31,False
pair_rbf_control,0.451104646632004,0.6450402889691581,0.5393164767991109,10.0,True,6,100,"{""gamma"": 0.1}",NumRotatableBonds,0.10192618726770951,4,NumRotatableBonds__LiPHEX_prediction,34,LiPHEX_prediction,0.8983050847457628,0.18032786885245902,-0.8593543017019882,22,53,False
pair_phase_no_zz,0.33375072468496875,0.5256321200333426,0.5014587385384829,0.1,True,39,41,"{""feature_scale"": 0.5}",NumRotatableBonds,0.0028930626136289142,4,NumRotatableBonds__sasa002_frac_polar_hetero_only,35,sasa002_frac_polar_hetero_only,0.3389830508474576,0.6639344262295082,0.44272390054963745,81,20,False
pair_iqp_zz,0.3598156143446552,0.5324395665462629,0.4924284523478744,0.1,True,42,37,"{""feature_scale"": 0.5}",NumRotatableBonds,-0.015513930316103904,4,NumRotatableBonds__sasa002_frac_polar_hetero_only,35,sasa002_frac_polar_hetero_only,0.288135593220339,0.6967213114754098,0.5412292222122624,85,17,False
pair_rbf_control,0.3638307007215185,0.5197971658794109,0.5654348430119478,100.0,True,30,44,"{""gamma"": 0.3}",NumRotatableBonds,0.12504653838618657,4,NumRotatableBonds__sasa002_frac_polar_hetero_only,35,sasa002_frac_polar_hetero_only,0.4915254237288136,0.639344262295082,0.18396250338789044,78,29,False
pair_phase_no_zz,0.48081665906645465,0.5875243123089748,0.5968324534592943,1.0,True,35,26,"{""feature_scale"": 0.125}",NumAromaticRings,0.2030187748413764,4,NumAromaticRings__nHalogen,36,nHalogen,0.4067796610169492,0.7868852459016393,0.20101681062593135,96,24,False
pair_iqp_zz,0.48081665906645465,0.5875243123089748,0.5968324534592943,1.0,True,35,26,"{""feature_scale"": 0.125}",NumAromaticRings,0.2030187748413764,4,NumAromaticRings__nHalogen,36,nHalogen,0.4067796610169492,0.7868852459016393,0.19839321902905427,96,24,False
pair_rbf_control,0.47590522401823576,0.5830786329535983,0.5730758544040011,1.0,True,32,38,"{""gamma"": 0.01}",NumAromaticRings,0.1427986644769306,4,NumAromaticRings__nHalogen,36,nHalogen,0.4576271186440678,0.6885245901639344,0.061253990812721426,84,27,False
pair_phase_no_zz,0.6040923036083521,0.6821339260905808,0.652542372881356,1.0,True,41,0,"{""feature_scale"": 0.125}",NumAromaticRings,0.47785524788666633,4,NumAromaticRings__n_OP,37,n_OP,0.3050847457627119,1.0,-0.34050993232609483,122,18,False
pair_iqp_zz,0.6054231519525959,0.6833842734092804,0.6484440122256182,0.1,True,41,1,"{""feature_scale"": 0.25}",NumAromaticRings,0.45400882345817106,4,NumAromaticRings__n_OP,37,n_OP,0.3050847457627119,0.9918032786885246,-0.40494845099976556,121,18,False
pair_rbf_control,0.6030003322274591,0.6968602389552653,0.6484440122256182,0.1,True,41,1,"{""gamma"": 0.1}",NumAromaticRings,0.45400882345817106,4,NumAromaticRings__n_OP,37,n_OP,0.3050847457627119,0.9918032786885246,-0.42541746463497293,121,18,False
pair_phase_no_zz,0.39750202744563135,0.6191997777160322,0.554459572103362,100.0,True,40,26,"{""feature_scale"": 1.0}",NumAromaticRings,0.11812298970041077,4,NumAromaticRings__LiPHEX_prediction,38,LiPHEX_prediction,0.3220338983050847,0.7868852459016393,0.38695140897386676,96,19,False
pair_iqp_zz,0.38920094190793186,0.5634898582939705,0.5913448180050014,100.0,True,40,17,"{""feature_scale"": 1.0}",NumAromaticRings,0.21452829451639643,4,NumAromaticRings__LiPHEX_prediction,38,LiPHEX_prediction,0.3220338983050847,0.860655737704918,0.6952133976839727,105,19,False
pair_rbf_control,0.3852314892474388,0.5134759655459851,0.5667546540705751,100.0,True,40,23,"{""gamma"": 0.3}",NumAromaticRings,0.14824683193847815,4,NumAromaticRings__LiPHEX_prediction,38,LiPHEX_prediction,0.3220338983050847,0.8114754098360656,0.5807593774721345,99,19,False
pair_phase_no_zz,0.4016281205169821,0.4854820783550986,0.5661989441511531,1.0,True,42,19,"{""feature_scale"": 0.125}",NumAromaticRings,0.15547183625408806,4,NumAromaticRings__sasa002_frac_polar_hetero_only,39,sasa002_frac_polar_hetero_only,0.288135593220339,0.8442622950819673,0.48401096540077637,103,17,False
pair_iqp_zz,0.40444608753842093,0.48617671575437615,0.5670325090302861,1.0,True,39,25,"{""feature_scale"": 0.125}",NumAromaticRings,0.1453937309450209,4,NumAromaticRings__sasa002_frac_polar_hetero_only,39,sasa002_frac_polar_hetero_only,0.3389830508474576,0.7950819672131147,0.41012205977140104,97,20,False
pair_rbf_control,0.39247174948763774,0.4824256737982773,0.5618227285357044,1.0,True,43,18,"{""gamma"": 0.01}",NumAromaticRings,0.14838361917033155,4,NumAromaticRings__sasa002_frac_polar_hetero_only,39,sasa002_frac_polar_hetero_only,0.2711864406779661,0.8524590163934426,0.45374103897560536,104,16,False
pair_phase_no_zz,0.6092775243505649,0.6701861628230065,0.635593220338983,1.0,True,43,0,"{""feature_scale"": 0.25}",nHalogen,0.4477874615072448,4,nHalogen__n_OP,40,n_OP,0.2711864406779661,1.0,-0.21393436957401668,122,16,False
pair_iqp_zz,0.6092775243505648,0.6701861628230065,0.6653931647679912,0.1,True,39,1,"{""feature_scale"": 0.25}",nHalogen,0.4841543470151669,4,nHalogen__n_OP,40,n_OP,0.3389830508474576,0.9918032786885246,-0.5356084490861948,121,20,False
pair_rbf_control,0.6251547159201913,0.7013059183106418,0.6653931647679912,0.1,True,39,1,"{""gamma"": 0.1}",nHalogen,0.4841543470151669,4,nHalogen__n_OP,40,n_OP,0.3389830508474576,0.9918032786885246,-0.40804570514800703,121,20,False
pair_phase_no_zz,0.39267144116331687,0.555570991942206,0.5211169769380384,1.0,True,42,30,"{""feature_scale"": 0.5}",nHalogen,0.04515089196400943,4,nHalogen__LiPHEX_prediction,41,LiPHEX_prediction,0.288135593220339,0.7540983606557377,0.8532630740138802,92,17,False
pair_iqp_zz,0.4116377975553137,0.5662684078910809,0.5457071408724645,10.0,True,42,24,"{""feature_scale"": 0.25}",nHalogen,0.10236795470872698,4,nHalogen__LiPHEX_prediction,41,LiPHEX_prediction,0.288135593220339,0.8032786885245902,0.9052914954156133,98,17,False
pair_rbf_control,0.34446895837825453,0.549597110308419,0.5266046123923311,100.0,True,37,39,"{""gamma"": 0.03}",nHalogen,0.05276395147713686,4,nHalogen__LiPHEX_prediction,41,LiPHEX_prediction,0.3728813559322034,0.680327868852459,0.6760570121438478,83,22,False
pair_phase_no_zz,0.3677661551385544,0.5381355932203389,0.5730758544040011,100.0,True,32,38,"{""feature_scale"": 0.25}",nHalogen,0.1427986644769306,4,nHalogen__sasa002_frac_polar_hetero_only,42,sasa002_frac_polar_hetero_only,0.4576271186440678,0.6885245901639344,0.2982128266038021,84,27,False
pair_iqp_zz,0.34814305647732635,0.5007641011392054,0.5689774937482635,0.1,True,32,39,"{""feature_scale"": 0.5}",nHalogen,0.13434528822008202,4,nHalogen__sasa002_frac_polar_hetero_only,42,sasa002_frac_polar_hetero_only,0.4576271186440678,0.680327868852459,0.39034361853289273,83,27,False
pair_rbf_control,0.3584556288120213,0.5320227841066962,0.5566824117810503,10.0,True,32,42,"{""gamma"": 0.03}",nHalogen,0.10940840352192142,4,nHalogen__sasa002_frac_polar_hetero_only,42,sasa002_frac_polar_hetero_only,0.4576271186440678,0.6557377049180327,0.1790649980484047,80,27,False
pair_phase_no_zz,0.5101523755282386,0.5718255070853014,0.6101694915254238,1.0,True,46,0,"{""feature_scale"": 1.0}",n_OP,0.400010088654049,4,n_OP__LiPHEX_prediction,43,LiPHEX_prediction,0.22033898305084745,1.0,0.6617556849186164,122,13,False
pair_iqp_zz,0.635272852051999,0.6599055293136982,0.6440677966101696,10.0,True,42,0,"{""feature_scale"": 0.5}",n_OP,0.46297383356551564,4,n_OP__LiPHEX_prediction,43,LiPHEX_prediction,0.288135593220339,1.0,0.7561872371396549,122,17,False
pair_rbf_control,0.6569297642744584,0.6949152542372882,0.6656710197277022,10.0,True,38,3,"{""gamma"": 0.3}",n_OP,0.4579594394945591,4,n_OP__LiPHEX_prediction,43,LiPHEX_prediction,0.3559322033898305,0.9754098360655737,0.2663358802455752,119,21,False
pair_phase_no_zz,0.5654090465759023,0.5588357877188107,0.6440677966101696,1.0,True,42,0,"{""feature_scale"": 0.5}",n_OP,0.46297383356551564,4,n_OP__sasa002_frac_polar_hetero_only,44,sasa002_frac_polar_hetero_only,0.288135593220339,1.0,-0.051184703203884685,122,17,False
pair_iqp_zz,0.6115762253981706,0.6498332870241734,0.652542372881356,1.0,True,41,0,"{""feature_scale"": 0.25}",n_OP,0.47785524788666633,4,n_OP__sasa002_frac_polar_hetero_only,44,sasa002_frac_polar_hetero_only,0.3050847457627119,1.0,-0.9104460000926216,122,18,False
pair_rbf_control,0.5667327816158947,0.5334120589052515,0.635593220338983,0.1,True,43,0,"{""gamma"": 0.01}",n_OP,0.4477874615072448,4,n_OP__sasa002_frac_polar_hetero_only,44,sasa002_frac_polar_hetero_only,0.2711864406779661,1.0,-0.24848516395947612,122,16,False
pair_phase_no_zz,0.3931503248504838,0.5163934426229508,0.5083356487913309,1.0,True,29,60,"{""feature_scale"": 0.5}",LiPHEX_prediction,0.015629078554068948,4,LiPHEX_prediction__sasa002_frac_polar_hetero_only,45,sasa002_frac_polar_hetero_only,0.5084745762711864,0.5081967213114754,0.15628652459181114,62,30,False
pair_iqp_zz,0.37787951129155034,0.5052792442345095,0.5075020839121978,0.1,True,32,54,"{""feature_scale"": 0.5}",LiPHEX_prediction,0.014144100218534307,4,LiPHEX_prediction__sasa002_frac_polar_hetero_only,45,sasa002_frac_polar_hetero_only,0.4576271186440678,0.5573770491803278,0.07641775304244652,68,27,False
pair_rbf_control,0.4064524219392497,0.5140316754654071,0.5277160322311754,100.0,True,33,47,"{""gamma"": 0.1}",LiPHEX_prediction,0.05296557199160132,4,LiPHEX_prediction__sasa002_frac_polar_hetero_only,45,sasa002_frac_polar_hetero_only,0.4406779661016949,0.6147540983606558,0.3245127430891057,75,26,False
pair_phase_no_zz,0.3706971700846131,0.5402677199912223,0.5091068685538732,1.0,True,46,4,"{""feature_scale"": 0.125}",MolLogP,0.039996563079103216,5,MolLogP__MolWt,1,MolWt,0.061224489795918366,0.956989247311828,0.701974608445619,89,3,False
pair_iqp_zz,0.3705926646294917,0.5404871626069783,0.47783629580864606,1.0,True,38,25,"{""feature_scale"": 0.125}",MolLogP,-0.04844039458330754,5,MolLogP__MolWt,1,MolWt,0.22448979591836735,0.7311827956989247,0.014151832926893149,68,11,False
pair_rbf_control,0.36068982268920735,0.5161290322580645,0.478384902348036,1.0,True,39,23,"{""gamma"": 0.3}",MolLogP,-0.04865825084482263,5,MolLogP__MolWt,1,MolWt,0.20408163265306123,0.7526881720430108,-0.1460611492601,70,10,False
pair_phase_no_zz,0.47406461121256926,0.6813693219223174,0.6674347158218126,100.0,True,21,22,"{""feature_scale"": 0.25}",MolLogP,0.33330060615403345,5,MolLogP__TPSA_SP,2,TPSA_SP,0.5714285714285714,0.7634408602150538,0.021590211445785545,71,28,False
pair_iqp_zz,0.49609756533849814,0.6978275181040158,0.6577792407285494,10.0,True,23,20,"{""feature_scale"": 0.25}",MolLogP,0.32055668585142044,5,MolLogP__TPSA_SP,2,TPSA_SP,0.5306122448979592,0.7849462365591398,0.05918646525433102,73,26,False
pair_rbf_control,0.5582311803772425,0.7230634189159535,0.6052227342549923,1.0,True,35,7,"{""gamma"": 0.3}",MolLogP,0.2818232120072482,5,MolLogP__TPSA_SP,2,TPSA_SP,0.2857142857142857,0.9247311827956989,0.5822914975377701,86,14,False
pair_phase_no_zz,0.3914112338676375,0.577572964669739,0.49945139346061007,0.1,True,48,2,"{""feature_scale"": 0.125}",MolLogP,-0.0036271244974032885,5,MolLogP__NumHDonors,3,NumHDonors,0.02040816326530612,0.978494623655914,0.902606733533509,91,1,False
pair_iqp_zz,0.3836409152686487,0.5683563748079877,0.49945139346061007,0.1,True,48,2,"{""feature_scale"": 0.125}",MolLogP,-0.0036271244974032885,5,MolLogP__NumHDonors,3,NumHDonors,0.02040816326530612,0.978494623655914,0.9016739329033122,91,1,False
pair_rbf_control,0.39147197362422365,0.576695194206715,0.5080096554750932,0.1,True,44,8,"{""gamma"": 0.03}",MolLogP,0.02640686313461683,5,MolLogP__NumHDonors,3,NumHDonors,0.10204081632653061,0.9139784946236559,0.6487166155568465,85,5,False
pair_phase_no_zz,0.3586484434624146,0.5453149001536097,0.49396532806671056,10.0,True,38,22,"{""feature_scale"": 0.25}",MolLogP,-0.01358479084500124,5,MolLogP__NumRotatableBonds,4,NumRotatableBonds,0.22448979591836735,0.7634408602150538,0.2693250127554361,71,11,False
pair_iqp_zz,0.3883135511983702,0.5784507351327628,0.4896861970594689,10.0,True,40,19,"{""feature_scale"": 0.25}",MolLogP,-0.02464659325655545,5,MolLogP__NumRotatableBonds,4,NumRotatableBonds,0.1836734693877551,0.7956989247311828,0.45726712191514185,74,9,False
pair_rbf_control,0.4448354576860779,0.6271669958305903,0.5305025235900812,100.0,True,36,19,"{""gamma"": 0.1}",MolLogP,0.06941190278970766,5,MolLogP__NumRotatableBonds,4,NumRotatableBonds,0.2653061224489796,0.7956989247311828,0.16743413989534206,74,13,False
pair_phase_no_zz,0.3332681778701397,0.5113012947114329,0.4659863945578231,100.0,True,36,31,"{""feature_scale"": 0.125}",MolLogP,-0.06993310375942265,5,MolLogP__NumAromaticRings,5,NumAromaticRings,0.2653061224489796,0.6666666666666666,0.11755040090780966,62,13,False
pair_iqp_zz,0.3319570738342026,0.5073513276278253,0.4520517884573184,100.0,True,40,26,"{""feature_scale"": 0.125}",MolLogP,-0.10578303220941854,5,MolLogP__NumAromaticRings,5,NumAromaticRings,0.1836734693877551,0.7204301075268817,0.3290042415033234,67,9,False
pair_rbf_control,0.3321708166141393,0.5086679833223613,0.4515031819179285,100.0,True,39,28,"{""gamma"": 0.01}",MolLogP,-0.10415360034932314,5,MolLogP__NumAromaticRings,5,NumAromaticRings,0.20408163265306123,0.6989247311827957,0.24647958726496189,65,10,False
pair_phase_no_zz,0.37095587663385554,0.5692341452710116,0.5052666227781435,100.0,True,39,18,"{""feature_scale"": 0.25}",MolLogP,0.012585494428879377,5,MolLogP__nHalogen,6,nHalogen,0.20408163265306123,0.8064516129032258,0.315504019781101,75,10,False
pair_iqp_zz,0.39297859833715454,0.5931533903884134,0.4553434276936581,100.0,True,46,14,"{""feature_scale"": 0.125}",MolLogP,-0.1307902674151385,5,MolLogP__nHalogen,6,nHalogen,0.061224489795918366,0.8494623655913979,0.8001739164512802,79,3,False
pair_rbf_control,0.3933969496694273,0.5907395216150977,0.4660961158657011,100.0,True,46,12,"{""gamma"": 0.01}",MolLogP,-0.104874879570027,5,MolLogP__nHalogen,6,nHalogen,0.061224489795918366,0.8709677419354839,0.8143409459858582,81,3,False
pair_phase_no_zz,0.6374285026622825,0.7636603028308098,0.6689708141321045,0.1,True,14,35,"{""feature_scale"": 0.25}",MolLogP,0.32134085014143376,5,MolLogP__n_OP,7,n_OP,0.7142857142857143,0.6236559139784946,-0.5802095047120541,58,35,False
pair_iqp_zz,0.6271347910534336,0.7684880403774413,0.7679394338380514,100.0,True,18,9,"{""feature_scale"": 1.0}",MolLogP,0.56633847074635,5,MolLogP__n_OP,7,n_OP,0.6326530612244898,0.9032258064516129,0.7632784626383713,84,31,False
pair_rbf_control,0.6279264241067144,0.7897739741057713,0.7835198595567259,100.0,True,17,8,"{""gamma"": 0.3}",MolLogP,0.5992705194138283,5,MolLogP__n_OP,7,n_OP,0.6530612244897959,0.9139784946236559,0.7986254813040525,85,32,False
pair_phase_no_zz,0.35044477411658037,0.510862409479921,0.4983541803818301,10.0,True,46,6,"{""feature_scale"": 0.125}",MolLogP,-0.006422508231540598,5,MolLogP__LiPHEX_prediction,8,LiPHEX_prediction,0.061224489795918366,0.9354838709677419,0.8337142785003495,87,3,False
pair_iqp_zz,0.35160607370083086,0.5128373930217248,0.4983541803818301,10.0,True,46,6,"{""feature_scale"": 0.125}",MolLogP,-0.006422508231540598,5,MolLogP__LiPHEX_prediction,8,LiPHEX_prediction,0.061224489795918366,0.9354838709677419,0.8147401497210627,87,3,False
pair_rbf_control,0.3534412771538873,0.5145929339477726,0.5037305244678517,10.0,True,46,5,"{""gamma"": 0.01}",MolLogP,0.015383034359159047,5,MolLogP__LiPHEX_prediction,8,LiPHEX_prediction,0.061224489795918366,0.946236559139785,0.8031435365636295,88,3,False
pair_phase_no_zz,0.5986888819883124,0.761026991441738,0.7195523370638578,100.0,True,18,18,"{""feature_scale"": 0.25}",MolLogP,0.4391046741277156,5,MolLogP__sasa002_frac_polar_hetero_only,9,sasa002_frac_polar_hetero_only,0.6326530612244898,0.8064516129032258,0.24891381660334844,75,31,False
pair_iqp_zz,0.5952471524396752,0.760588106210226,0.7340355497037525,10.0,True,15,21,"{""feature_scale"": 0.25}",MolLogP,0.4567834602731855,5,MolLogP__sasa002_frac_polar_hetero_only,9,sasa002_frac_polar_hetero_only,0.6938775510204082,0.7741935483870968,0.10541242914925064,72,34,False
pair_rbf_control,0.5800658649584617,0.7502743032696949,0.7039719113451832,10.0,True,19,19,"{""gamma"": 0.03}",MolLogP,0.40794382269036644,5,MolLogP__sasa002_frac_polar_hetero_only,9,sasa002_frac_polar_hetero_only,0.6122448979591837,0.7956989247311828,0.2202186132850823,74,30,False
pair_phase_no_zz,0.5350982974720289,0.7305244678516569,0.6443932411674347,100.0,True,28,13,"{""feature_scale"": 0.25}",MolWt,0.32171035411981974,5,MolWt__TPSA_SP,10,TPSA_SP,0.42857142857142855,0.8602150537634409,0.23165187529933995,80,21,False
pair_iqp_zz,0.5239559766750925,0.7303050252359008,0.7077024358130348,100.0,True,16,24,"{""feature_scale"": 0.25}",MolWt,0.4028693324997097,5,MolWt__TPSA_SP,10,TPSA_SP,0.673469387755102,0.7419354838709677,0.024072297747185445,69,33,False
pair_rbf_control,0.5345420945706728,0.7346938775510204,0.684551239850779,100.0,True,13,34,"{""gamma"": 0.03}",MolWt,0.3509709804791504,5,MolWt__TPSA_SP,10,TPSA_SP,0.7346938775510204,0.6344086021505376,-0.44065931215796006,59,36,False
pair_phase_no_zz,0.47135541606944265,0.6780776826859776,0.596883914856265,10.0,True,10,56,"{""feature_scale"": 0.125}",MolWt,0.19575391551442975,5,MolWt__NumHDonors,11,NumHDonors,0.7959183673469388,0.3978494623655914,-0.1363138975220357,37,39,False
pair_iqp_zz,0.469011660880151,0.6789554531490015,0.6022602589422866,10.0,True,10,55,"{""feature_scale"": 0.125}",MolWt,0.20553787046245886,5,MolWt__NumHDonors,11,NumHDonors,0.7959183673469388,0.40860215053763443,-0.10957654188211197,38,39,False
pair_rbf_control,0.47590109398973357,0.6780776826859777,0.6458196181698486,10.0,True,11,45,"{""gamma"": 0.01}",MolWt,0.28133282982713825,5,MolWt__NumHDonors,11,NumHDonors,0.7755102040816326,0.5161290322580645,0.04477913424254876,48,38,False
pair_phase_no_zz,0.3696518063548878,0.5870089971472461,0.5866798332236121,10.0,True,11,56,"{""feature_scale"": 0.125}",MolWt,0.17422201466238466,5,MolWt__NumRotatableBonds,12,NumRotatableBonds,0.7755102040816326,0.3978494623655914,-0.470599839159878,37,38,False
pair_iqp_zz,0.37134226669370557,0.5881062102260259,0.5866798332236121,10.0,True,11,56,"{""feature_scale"": 0.125}",MolWt,0.17422201466238466,5,MolWt__NumRotatableBonds,12,NumRotatableBonds,0.7755102040816326,0.3978494623655914,-0.4810269006879695,37,38,False
pair_rbf_control,0.5466164117438386,0.7579547948211542,0.6931095018652622,100.0,True,9,40,"{""gamma"": 0.3}",MolWt,0.37019650584066527,5,MolWt__NumRotatableBonds,12,NumRotatableBonds,0.8163265306122449,0.5698924731182796,-0.8844032301950748,53,40,False
pair_phase_no_zz,0.3708283452195178,0.5483870967741935,0.4946236559139785,0.1,True,49,1,"{""feature_scale"": 0.125}",MolWt,-0.06112896032392871,5,MolWt__NumAromaticRings,13,NumAromaticRings,0.0,0.989247311827957,0.5283274598572784,92,0,False
pair_iqp_zz,0.37341873283948795,0.5510204081632654,0.4946236559139785,0.1,True,49,1,"{""feature_scale"": 0.125}",MolWt,-0.06112896032392871,5,MolWt__NumAromaticRings,13,NumAromaticRings,0.0,0.989247311827957,0.46238603320089167,92,0,False
pair_rbf_control,0.3673924968874833,0.5536537195523371,0.4805793285055958,100.0,True,43,15,"{""gamma"": 0.3}",MolWt,-0.052015337356916505,5,MolWt__NumAromaticRings,13,NumAromaticRings,0.12244897959183673,0.8387096774193549,0.9147264669952933,78,6,False
pair_phase_no_zz,0.46857043941877274,0.6166337502743032,0.5544217687074829,10.0,True,11,62,"{""feature_scale"": 1.0}",MolWt,0.11337505663129067,5,MolWt__nHalogen,14,nHalogen,0.7755102040816326,0.3333333333333333,-0.6672643651427806,31,38,False
pair_iqp_zz,0.4675417245395139,0.6387974544656573,0.597981127935045,100.0,True,12,52,"{""feature_scale"": 0.5}",MolWt,0.19261007771592276,5,MolWt__nHalogen,14,nHalogen,0.7551020408163265,0.44086021505376344,-0.4031336243810186,41,37,False
pair_rbf_control,0.4787055743915895,0.6598639455782314,0.5048277375466316,100.0,True,48,1,"{""gamma"": 0.3}",MolWt,0.03895239329267279,5,MolWt__nHalogen,14,nHalogen,0.02040816326530612,0.989247311827957,1.5638601527511713,92,1,False
pair_phase_no_zz,0.8029805037942591,0.8097432521395654,0.8001974983541804,0.1,True,18,3,"{""feature_scale"": 0.125}",MolWt,0.6688446268023001,5,MolWt__n_OP,15,n_OP,0.6326530612244898,0.967741935483871,-0.4801057197965087,90,31,False
pair_iqp_zz,0.8029805037942591,0.8097432521395654,0.8001974983541804,0.1,True,18,3,"{""feature_scale"": 0.125}",MolWt,0.6688446268023001,5,MolWt__n_OP,15,n_OP,0.6326530612244898,0.967741935483871,-0.47562235105068595,90,31,False
pair_rbf_control,0.7554485014829008,0.7913100724160632,0.7690366469168313,0.1,True,20,5,"{""gamma"": 0.3}",MolWt,0.599417772265804,5,MolWt__n_OP,15,n_OP,0.5918367346938775,0.946236559139785,0.44429329271597273,88,29,False
pair_phase_no_zz,0.36102290721483177,0.5409260478384903,0.5,0.1,True,49,0,"{""feature_scale"": 0.125}",MolWt,0.0,5,MolWt__LiPHEX_prediction,16,LiPHEX_prediction,0.0,1.0,0.7927272356170978,93,0,False
pair_iqp_zz,0.3611336706518212,0.5411454904542463,0.5,0.1,True,49,0,"{""feature_scale"": 0.125}",MolWt,0.0,5,MolWt__LiPHEX_prediction,16,LiPHEX_prediction,0.0,1.0,0.7925039297602425,93,0,False
pair_rbf_control,0.3620282439384706,0.5426815887645381,0.5,0.1,True,49,0,"{""gamma"": 0.01}",MolWt,0.0,5,MolWt__LiPHEX_prediction,16,LiPHEX_prediction,0.0,1.0,0.8517828728989536,93,0,False
pair_phase_no_zz,0.562906700254055,0.7098968619705947,0.6462585034013605,10.0,True,2,62,"{""feature_scale"": 0.25}",MolWt,0.3292459308433937,5,MolWt__sasa002_frac_polar_hetero_only,17,sasa002_frac_polar_hetero_only,0.9591836734693877,0.3333333333333333,-0.7191419046808947,31,47,False
pair_iqp_zz,0.6262239494558866,0.7270133859995611,0.6259600614439325,10.0,True,14,43,"{""feature_scale"": 0.5}",MolWt,0.24069390083941852,5,MolWt__sasa002_frac_polar_hetero_only,17,sasa002_frac_polar_hetero_only,0.7142857142857143,0.5376344086021505,-0.06218996586283154,50,35,False
pair_rbf_control,0.5877646638883017,0.7463243361860873,0.6791748957647575,10.0,True,13,35,"{""gamma"": 0.3}",MolWt,0.3407126996971397,5,MolWt__sasa002_frac_polar_hetero_only,17,sasa002_frac_polar_hetero_only,0.7346938775510204,0.6236559139784946,-0.057351905832826455,58,36,False
pair_phase_no_zz,0.7029388761315238,0.7922975641869652,0.6063199473337723,10.0,True,37,3,"{""feature_scale"": 0.125}",TPSA_SP,0.3288794767098905,5,TPSA_SP__NumHDonors,18,NumHDonors,0.24489795918367346,0.967741935483871,1.00005174493671,90,12,False
pair_iqp_zz,0.7018205488444893,0.8084265964450296,0.6014922097871407,10.0,True,38,2,"{""feature_scale"": 0.25}",TPSA_SP,0.33460751232219954,5,TPSA_SP__NumHDonors,18,NumHDonors,0.22448979591836735,0.978494623655914,1.0209264705079388,91,11,False
pair_rbf_control,0.6757547743064064,0.7887864823348694,0.6063199473337723,10.0,True,37,3,"{""gamma"": 0.01}",TPSA_SP,0.3288794767098905,5,TPSA_SP__NumHDonors,18,NumHDonors,0.24489795918367346,0.967741935483871,0.99765473100654,90,12,False
pair_phase_no_zz,0.5504454781698352,0.6406627166995831,0.5558481457098968,1.0,True,43,1,"{""feature_scale"": 1.0}",TPSA_SP,0.24528012779835587,5,TPSA_SP__NumRotatableBonds,19,NumRotatableBonds,0.12244897959183673,0.989247311827957,0.9846998714385156,92,6,False
pair_iqp_zz,0.530691093075226,0.67357910906298,0.5241386877331577,0.1,True,44,5,"{""feature_scale"": 0.5}",TPSA_SP,0.0897007761637876,5,TPSA_SP__NumRotatableBonds,19,NumRotatableBonds,0.10204081632653061,0.946236559139785,0.8146387125795869,88,5,False
pair_rbf_control,0.5218744240925258,0.6678736010533246,0.5751590958964231,0.1,True,39,5,"{""gamma"": 0.3}",TPSA_SP,0.23248961975879773,5,TPSA_SP__NumRotatableBonds,19,NumRotatableBonds,0.20408163265306123,0.946236559139785,0.7107426782409839,88,10,False
pair_phase_no_zz,0.42991627781385,0.5667105551898178,0.5139346061005048,100.0,True,45,5,"{""feature_scale"": 0.25}",TPSA_SP,0.054377236360377064,5,TPSA_SP__NumAromaticRings,20,NumAromaticRings,0.08163265306122448,0.946236559139785,1.0000241766082918,88,4,False
pair_iqp_zz,0.44716931813267774,0.5900811937678296,0.553653719552337,100.0,True,39,9,"{""feature_scale"": 0.125}",TPSA_SP,0.14984421766874167,5,TPSA_SP__NumAromaticRings,20,NumAromaticRings,0.20408163265306123,0.9032258064516129,0.7171491204383349,84,10,False
pair_rbf_control,0.40472854177223294,0.5625411454904542,0.5031819179284617,100.0,True,45,7,"{""gamma"": 0.03}",TPSA_SP,0.011316874329408847,5,TPSA_SP__NumAromaticRings,20,NumAromaticRings,0.08163265306122448,0.9247311827956989,0.9608781267502415,86,4,False
pair_phase_no_zz,0.6085560016172913,0.7341452710116304,0.6011630458635067,100.0,True,8,59,"{""feature_scale"": 0.5}",TPSA_SP,0.21074960123800404,5,TPSA_SP__nHalogen,21,nHalogen,0.8367346938775511,0.3655913978494624,-0.679925330096923,34,41,False
pair_iqp_zz,0.6351313357718065,0.7475312705727453,0.6540487162606978,100.0,True,26,15,"{""feature_scale"": 0.25}",TPSA_SP,0.33084084816843823,5,TPSA_SP__nHalogen,21,nHalogen,0.46938775510204084,0.8387096774193549,0.8111962797162424,78,23,False
pair_rbf_control,0.5848316578763959,0.7310730743910467,0.6352863726135616,10.0,True,31,9,"{""gamma"": 0.1}",TPSA_SP,0.327787780834039,5,TPSA_SP__nHalogen,21,nHalogen,0.3673469387755102,0.9032258064516129,0.932746203675876,84,18,False
pair_phase_no_zz,0.7956841083752846,0.8180820715382927,0.7953697608075488,100.0,True,19,2,"{""feature_scale"": 1.0}",TPSA_SP,0.6721469147837877,5,TPSA_SP__n_OP,22,n_OP,0.6122448979591837,0.978494623655914,0.9994369250594493,91,30,False
pair_iqp_zz,0.7141316949651343,0.7801184990125082,0.7593811718235681,100.0,True,22,3,"{""feature_scale"": 1.0}",TPSA_SP,0.6041410126856792,5,TPSA_SP__n_OP,22,n_OP,0.5510204081632653,0.967741935483871,1.291783592084363,90,27,False
pair_rbf_control,0.702559204180333,0.7781435154707045,0.7738643844634627,100.0,True,19,6,"{""gamma"": 0.3}",TPSA_SP,0.598550618217503,5,TPSA_SP__n_OP,22,n_OP,0.6122448979591837,0.9354838709677419,0.9282493815482693,87,30,False
pair_phase_no_zz,0.6073960863865365,0.7529076146587668,0.6406627166995831,0.1,True,31,8,"{""feature_scale"": 1.0}",TPSA_SP,0.3458062531640577,5,TPSA_SP__LiPHEX_prediction,23,LiPHEX_prediction,0.3673469387755102,0.9139784946236559,0.6027725760652507,85,18,False
pair_iqp_zz,0.6672434654538204,0.7851656791748958,0.6866359447004609,0.1,True,7,45,"{""feature_scale"": 0.5}",TPSA_SP,0.364270354395072,5,TPSA_SP__LiPHEX_prediction,23,LiPHEX_prediction,0.8571428571428571,0.5161290322580645,-0.2921651583614405,48,42,False
pair_rbf_control,0.5278063426707711,0.6982664033355279,0.5493745885450955,10.0,True,41,6,"{""gamma"": 0.3}",TPSA_SP,0.1574722369425577,5,TPSA_SP__LiPHEX_prediction,23,LiPHEX_prediction,0.16326530612244897,0.9354838709677419,1.0996666321915407,87,8,False
pair_phase_no_zz,0.5646180462127417,0.7204301075268816,0.5096554750932631,0.1,True,47,2,"{""feature_scale"": 1.0}",TPSA_SP,0.055484748139582256,5,TPSA_SP__sasa002_frac_polar_hetero_only,24,sasa002_frac_polar_hetero_only,0.04081632653061224,0.978494623655914,1.0378513787739065,91,2,False
pair_iqp_zz,0.48641006790175917,0.6423085363177529,0.5466315558481457,1.0,True,36,16,"{""feature_scale"": 1.0}",TPSA_SP,0.109979361770924,5,TPSA_SP__sasa002_frac_polar_hetero_only,24,sasa002_frac_polar_hetero_only,0.2653061224489796,0.8279569892473119,0.5722920374311176,77,13,False
pair_rbf_control,0.5019947557244998,0.6813693219223173,0.5752688172043011,10.0,True,0,79,"{""gamma"": 0.1}",TPSA_SP,0.24005767676132125,5,TPSA_SP__sasa002_frac_polar_hetero_only,24,sasa002_frac_polar_hetero_only,1.0,0.15053763440860216,-0.9215520280079782,14,49,False
pair_phase_no_zz,0.5949320065613571,0.7429229756418696,0.6463682247092385,100.0,True,12,43,"{""feature_scale"": 0.125}",NumHDonors,0.2805921243133224,5,NumHDonors__NumRotatableBonds,25,NumRotatableBonds,0.7551020408163265,0.5376344086021505,-0.17037608931516265,50,37,False
pair_iqp_zz,0.4786765863602561,0.6553653719552338,0.6390168970814132,100.0,True,28,14,"{""feature_scale"": 0.5}",NumHDonors,0.3066981734767352,5,NumHDonors__NumRotatableBonds,25,NumRotatableBonds,0.42857142857142855,0.8494623655913979,0.5150408871997922,79,21,False
pair_rbf_control,0.6000812329694427,0.7225148123765636,0.6684222075927145,10.0,True,13,37,"{""gamma"": 0.3}",NumHDonors,0.32039290491810973,5,NumHDonors__NumRotatableBonds,25,NumRotatableBonds,0.7346938775510204,0.6021505376344086,-0.04732667763670412,56,36,False
pair_phase_no_zz,0.3746957055708069,0.5335747202106649,0.4660961158657011,0.1,True,46,12,"{""feature_scale"": 0.25}",NumHDonors,-0.104874879570027,5,NumHDonors__NumAromaticRings,26,NumAromaticRings,0.061224489795918366,0.8709677419354839,0.9720286976329945,81,3,False
pair_iqp_zz,0.37964743193023387,0.5445468509984639,0.5,0.1,True,49,0,"{""feature_scale"": 0.125}",NumHDonors,0.0,5,NumHDonors__NumAromaticRings,26,NumAromaticRings,0.0,1.0,0.8548127166670462,93,0,False
pair_rbf_control,0.37964743193023387,0.5445468509984639,0.5,0.1,True,49,0,"{""gamma"": 0.01}",NumHDonors,0.0,5,NumHDonors__NumAromaticRings,26,NumAromaticRings,0.0,1.0,0.9085316431074512,93,0,False
pair_phase_no_zz,0.5320500661136915,0.7227342549923195,0.5924950625411455,10.0,True,2,72,"{""feature_scale"": 0.125}",NumHDonors,0.2386990340992838,5,NumHDonors__nHalogen,27,nHalogen,0.9591836734693877,0.22580645161290322,-0.09767446833788362,21,47,False
pair_iqp_zz,0.5320500661136915,0.7227342549923195,0.5924950625411455,10.0,True,2,72,"{""feature_scale"": 0.125}",NumHDonors,0.2386990340992838,5,NumHDonors__nHalogen,27,nHalogen,0.9591836734693877,0.22580645161290322,-0.10118974241620915,21,47,False
pair_rbf_control,0.5320500661136915,0.7227342549923195,0.5924950625411455,10.0,True,2,72,"{""gamma"": 0.01}",NumHDonors,0.2386990340992838,5,NumHDonors__nHalogen,27,nHalogen,0.9591836734693877,0.22580645161290322,-0.02703172914951768,21,47,False
pair_phase_no_zz,0.7010045391708505,0.7897739741057713,0.7899934167215273,100.0,True,19,3,"{""feature_scale"": 0.5}",NumHDonors,0.6528109491516051,5,NumHDonors__n_OP,28,n_OP,0.6122448979591837,0.967741935483871,0.6377872985795007,90,30,False
pair_iqp_zz,0.7302654607234531,0.794162826420891,0.7846170726355058,0.1,True,19,4,"{""feature_scale"": 0.125}",NumHDonors,0.6341311995340521,5,NumHDonors__n_OP,28,n_OP,0.6122448979591837,0.956989247311828,-0.5040423027362139,89,30,False
pair_rbf_control,0.7325066793398953,0.8007461048935703,0.7695852534562212,0.1,True,21,3,"{""gamma"": 0.01}",NumHDonors,0.6204735972492517,5,NumHDonors__n_OP,28,n_OP,0.5714285714285714,0.967741935483871,-0.045011828292243594,90,28,False
pair_phase_no_zz,0.5363096362838163,0.7230634189159535,0.6189378977397411,100.0,True,11,50,"{""feature_scale"": 0.125}",NumHDonors,0.23294401246193988,5,NumHDonors__LiPHEX_prediction,29,LiPHEX_prediction,0.7755102040816326,0.46236559139784944,-0.10036188686733238,43,38,False
pair_iqp_zz,0.501548287693143,0.7044107965766953,0.6624972569673031,100.0,True,12,40,"{""feature_scale"": 0.25}",NumHDonors,0.3101083807632595,5,NumHDonors__LiPHEX_prediction,29,LiPHEX_prediction,0.7551020408163265,0.5698924731182796,0.9936107687094682,53,37,False
pair_rbf_control,0.5383226973400959,0.7202106649111257,0.6685319289005924,100.0,True,23,18,"{""gamma"": 0.03}",NumHDonors,0.3465072495950748,5,NumHDonors__LiPHEX_prediction,29,LiPHEX_prediction,0.5306122448979592,0.8064516129032258,0.9986204884318157,75,26,False
pair_phase_no_zz,0.4090254699362206,0.6258503401360545,0.511740179942945,10.0,True,41,13,"{""feature_scale"": 0.125}",NumHDonors,0.031444299984124666,5,NumHDonors__sasa002_frac_polar_hetero_only,30,sasa002_frac_polar_hetero_only,0.16326530612244897,0.8602150537634409,0.9999098447468517,80,8,False
pair_iqp_zz,0.6782471485194008,0.759929778362958,0.6460390607856046,100.0,True,31,7,"{""feature_scale"": 0.125}",NumHDonors,0.36456553222419075,5,NumHDonors__sasa002_frac_polar_hetero_only,30,sasa002_frac_polar_hetero_only,0.3673469387755102,0.9247311827956989,0.9994644550782978,86,18,False
pair_rbf_control,0.6551323184493159,0.7583936800526663,0.6213517665130568,10.0,True,35,4,"{""gamma"": 0.01}",NumHDonors,0.3467915585660772,5,NumHDonors__sasa002_frac_polar_hetero_only,30,sasa002_frac_polar_hetero_only,0.2857142857142857,0.956989247311828,0.999692473478953,89,14,False
pair_phase_no_zz,0.3674866979960145,0.5784507351327628,0.4510642966864165,0.1,True,48,11,"{""feature_scale"": 0.125}",NumRotatableBonds,-0.1672757729092362,5,NumRotatableBonds__NumAromaticRings,31,NumAromaticRings,0.02040816326530612,0.8817204301075269,0.652182444828388,82,1,False
pair_iqp_zz,0.36760298382658607,0.5786701777485188,0.4510642966864165,0.1,True,48,11,"{""feature_scale"": 0.125}",NumRotatableBonds,-0.1672757729092362,5,NumRotatableBonds__NumAromaticRings,31,NumAromaticRings,0.02040816326530612,0.8817204301075269,0.6490249817869638,82,1,False
pair_rbf_control,0.36760298382658607,0.5786701777485188,0.5,0.1,True,49,0,"{""gamma"": 0.01}",NumRotatableBonds,0.0,5,NumRotatableBonds__NumAromaticRings,31,NumAromaticRings,0.0,1.0,0.7713208255519165,93,0,False
pair_phase_no_zz,0.471207089811318,0.6567917489576474,0.6024797015580425,100.0,True,30,17,"{""feature_scale"": 0.5}",NumRotatableBonds,0.22397687396440216,5,NumRotatableBonds__nHalogen,32,nHalogen,0.3877551020408163,0.8172043010752689,0.7198107888990528,76,19,False
pair_iqp_zz,0.502247785051093,0.6793943383805134,0.6620583717357911,10.0,True,21,23,"{""feature_scale"": 0.25}",NumRotatableBonds,0.32117016646288565,5,NumRotatableBonds__nHalogen,32,nHalogen,0.5714285714285714,0.7526881720430108,0.30725203259895184,70,28,False
pair_rbf_control,0.45547970901270474,0.6385780118499014,0.5686855387316216,0.1,True,37,10,"{""gamma"": 0.3}",NumRotatableBonds,0.18048156802976084,5,NumRotatableBonds__nHalogen,32,nHalogen,0.24489795918367346,0.8924731182795699,0.7717873355726039,83,12,False
pair_phase_no_zz,0.7661206923334825,0.7719991222295369,0.7851656791748958,100.0,True,20,2,"{""feature_scale"": 0.25}",NumRotatableBonds,0.6563332841883619,5,NumRotatableBonds__n_OP,33,n_OP,0.5918367346938775,0.978494623655914,0.43498806365774945,91,29,False
pair_iqp_zz,0.6942036731630725,0.7520298441957428,0.7797893350888743,10.0,True,20,3,"{""feature_scale"": 0.5}",NumRotatableBonds,0.6366919140782537,5,NumRotatableBonds__n_OP,33,n_OP,0.5918367346938775,0.967741935483871,0.8791793895073456,90,29,False
pair_rbf_control,0.7233911575167554,0.7959183673469387,0.7899934167215273,10.0,True,19,3,"{""gamma"": 0.01}",NumRotatableBonds,0.6528109491516051,5,NumRotatableBonds__n_OP,33,n_OP,0.6122448979591837,0.967741935483871,-0.10270968757324472,90,30,False
pair_phase_no_zz,0.38172563647539615,0.5997366688610928,0.6109282422646478,0.1,True,16,42,"{""feature_scale"": 0.25}",NumRotatableBonds,0.21127280982409619,5,NumRotatableBonds__LiPHEX_prediction,34,LiPHEX_prediction,0.673469387755102,0.5483870967741935,-0.21025574649578432,51,33,False
pair_iqp_zz,0.47200694096165474,0.6333113890717579,0.5798771121351767,0.1,True,28,25,"{""feature_scale"": 0.5}",NumRotatableBonds,0.16228460869251327,5,NumRotatableBonds__LiPHEX_prediction,34,LiPHEX_prediction,0.42857142857142855,0.7311827956989247,0.02217168800046869,68,21,False
pair_rbf_control,0.47441138063083965,0.6370419135396095,0.6012727671713847,1.0,True,18,40,"{""gamma"": 0.3}",NumRotatableBonds,0.19257674330707897,5,NumRotatableBonds__LiPHEX_prediction,34,LiPHEX_prediction,0.6326530612244898,0.5698924731182796,-0.34238403128329287,53,31,False
pair_phase_no_zz,0.5241200766571978,0.6864165020847048,0.6642527978933509,0.1,True,25,15,"{""feature_scale"": 0.5}",NumRotatableBonds,0.3498898709672799,5,NumRotatableBonds__sasa002_frac_polar_hetero_only,35,sasa002_frac_polar_hetero_only,0.4897959183673469,0.8387096774193549,0.5447436836842973,78,24,False
pair_iqp_zz,0.5085673692959817,0.67412771560237,0.6668861092824226,1.0,True,20,24,"{""feature_scale"": 0.5}",NumRotatableBonds,0.32806262956989757,5,NumRotatableBonds__sasa002_frac_polar_hetero_only,35,sasa002_frac_polar_hetero_only,0.5918367346938775,0.7419354838709677,0.27327290626600914,69,29,False
pair_rbf_control,0.5139273741576461,0.6758832565284179,0.586899275839368,100.0,True,31,18,"{""gamma"": 0.03}",NumRotatableBonds,0.18992471539593847,5,NumRotatableBonds__sasa002_frac_polar_hetero_only,35,sasa002_frac_polar_hetero_only,0.3673469387755102,0.8064516129032258,0.3993724778483849,75,18,False
pair_phase_no_zz,0.321256309256178,0.44338380513495723,0.5021944261575598,100.0,True,4,85,"{""feature_scale"": 0.5}",NumAromaticRings,0.007501155735840189,5,NumAromaticRings__nHalogen,36,nHalogen,0.9183673469387755,0.08602150537634409,-1.0001844308587544,8,45,False
pair_iqp_zz,0.35591158274494905,0.500438885231512,0.4606100504718016,10.0,True,36,32,"{""feature_scale"": 0.125}",NumAromaticRings,-0.0804938704221836,5,NumAromaticRings__nHalogen,36,nHalogen,0.2653061224489796,0.6559139784946236,0.08614306198694877,61,13,False
pair_rbf_control,0.3562744873051632,0.5017555409260478,0.445578231292517,1.0,True,38,31,"{""gamma"": 0.03}",NumAromaticRings,-0.11337505663129067,5,NumAromaticRings__nHalogen,36,nHalogen,0.22448979591836735,0.6666666666666666,0.7712528004500332,62,11,False
pair_phase_no_zz,0.7267843155351026,0.8319069563309194,0.7593811718235681,0.1,True,22,3,"{""feature_scale"": 0.5}",NumAromaticRings,0.6041410126856792,5,NumAromaticRings__n_OP,37,n_OP,0.5510204081632653,0.967741935483871,0.231621255351109,90,27,False
pair_iqp_zz,0.6363176309957451,0.771340794382269,0.6981566820276498,10.0,True,28,3,"{""feature_scale"": 1.0}",NumAromaticRings,0.5027263015608273,5,NumAromaticRings__n_OP,37,n_OP,0.42857142857142855,0.967741935483871,1.0001110204955739,90,21,False
pair_rbf_control,0.7418020141051311,0.8380513495720869,0.7797893350888743,0.1,True,20,3,"{""gamma"": 0.3}",NumAromaticRings,0.6366919140782537,5,NumAromaticRings__n_OP,37,n_OP,0.5918367346938775,0.967741935483871,-0.006991035202484008,90,29,False
pair_phase_no_zz,0.4278134022666772,0.5374149659863945,0.5051569014702655,100.0,True,29,37,"{""feature_scale"": 1.0}",NumAromaticRings,0.010002566628360462,5,NumAromaticRings__LiPHEX_prediction,38,LiPHEX_prediction,0.40816326530612246,0.6021505376344086,0.9953909556034136,56,20,False
pair_iqp_zz,0.2965463830632191,0.4301075268817204,0.4504059688391485,1.0,True,37,32,"{""feature_scale"": 0.125}",NumAromaticRings,-0.10196697709438397,5,NumAromaticRings__LiPHEX_prediction,38,LiPHEX_prediction,0.24489795918367346,0.6559139784946236,0.38189286487098845,61,12,False
pair_rbf_control,0.3049342567555903,0.4518323458415624,0.45633091946456006,0.1,True,38,29,"{""gamma"": 0.03}",NumAromaticRings,-0.09230250260321349,5,NumAromaticRings__LiPHEX_prediction,38,LiPHEX_prediction,0.22448979591836735,0.6881720430107527,0.5177414503356222,64,11,False
pair_phase_no_zz,0.36593044642936523,0.5198595567259161,0.5727452271231073,1.0,True,15,51,"{""feature_scale"": 0.5}",NumAromaticRings,0.14110003562985077,5,NumAromaticRings__sasa002_frac_polar_hetero_only,39,sasa002_frac_polar_hetero_only,0.6938775510204082,0.45161290322580644,-0.35529048059270696,42,34,False
pair_iqp_zz,0.4300744547349268,0.5584814570989687,0.511081852095677,1.0,True,30,34,"{""feature_scale"": 0.5}",NumAromaticRings,0.02178456646059149,5,NumAromaticRings__sasa002_frac_polar_hetero_only,39,sasa002_frac_polar_hetero_only,0.3877551020408163,0.6344086021505376,0.7938116247447864,59,19,False
pair_rbf_control,0.45597015064386925,0.5663813912661839,0.532696949747641,10.0,True,40,11,"{""gamma"": 0.1}",NumAromaticRings,0.08936795839415006,5,NumAromaticRings__sasa002_frac_polar_hetero_only,39,sasa002_frac_polar_hetero_only,0.1836734693877551,0.8817204301075269,0.9722688077572602,82,9,False
pair_phase_no_zz,0.6832716252526023,0.7777046302391925,0.7797893350888743,100.0,True,20,3,"{""feature_scale"": 0.5}",nHalogen,0.6366919140782537,5,nHalogen__n_OP,40,n_OP,0.5918367346938775,0.967741935483871,0.9996642753353342,90,29,False
pair_iqp_zz,0.7236071745566423,0.782093482554312,0.7948211542681589,1.0,True,18,4,"{""feature_scale"": 0.25}",nHalogen,0.65043251154853,5,nHalogen__n_OP,40,n_OP,0.6326530612244898,0.956989247311828,-0.0811256415784054,89,31,False
pair_rbf_control,0.7442977410263575,0.7836295808646039,0.8001974983541804,10.0,True,18,3,"{""gamma"": 0.01}",nHalogen,0.6688446268023001,5,nHalogen__n_OP,40,n_OP,0.6326530612244898,0.967741935483871,-0.13324444712328765,90,31,False
pair_phase_no_zz,0.5369662630666743,0.6605222734254993,0.5933728330041694,1.0,True,33,13,"{""feature_scale"": 0.5}",nHalogen,0.22021749851072075,5,nHalogen__LiPHEX_prediction,41,LiPHEX_prediction,0.32653061224489793,0.8602150537634409,0.9118469545584753,80,16,False
pair_iqp_zz,0.5556124369568205,0.663155584814571,0.5937019969278035,10.0,True,14,49,"{""feature_scale"": 0.25}",nHalogen,0.18124444997600198,5,nHalogen__LiPHEX_prediction,41,LiPHEX_prediction,0.7142857142857143,0.4731182795698925,0.13791979268405075,44,35,False
pair_rbf_control,0.5417289035534885,0.6668861092824226,0.6124643405749397,100.0,True,9,55,"{""gamma"": 0.03}",nHalogen,0.22723416013849432,5,nHalogen__LiPHEX_prediction,41,LiPHEX_prediction,0.8163265306122449,0.40860215053763443,-0.1172782109568784,38,40,False
pair_phase_no_zz,0.5802320103050707,0.7375466315558481,0.6830151415404871,100.0,True,20,21,"{""feature_scale"": 0.25}",nHalogen,0.36431547251961194,5,nHalogen__sasa002_frac_polar_hetero_only,42,sasa002_frac_polar_hetero_only,0.5918367346938775,0.7741935483870968,0.6789016156904849,72,29,False
pair_iqp_zz,0.6007093479933734,0.7366688610928243,0.6926706166337503,10.0,True,18,23,"{""feature_scale"": 0.25}",nHalogen,0.37735210874830855,5,nHalogen__sasa002_frac_polar_hetero_only,42,sasa002_frac_polar_hetero_only,0.6326530612244898,0.7526881720430108,0.5597204399153544,70,31,False
pair_rbf_control,0.5647494366661521,0.7344744349352644,0.7103357472021066,100.0,True,11,33,"{""gamma"": 0.03}",nHalogen,0.399967082253164,5,nHalogen__sasa002_frac_polar_hetero_only,42,sasa002_frac_polar_hetero_only,0.7755102040816326,0.6451612903225806,-0.35435450959077985,60,38,False
pair_phase_no_zz,0.8133802040505332,0.849462365591398,0.7953697608075488,1.0,True,19,2,"{""feature_scale"": 1.0}",n_OP,0.6721469147837877,5,n_OP__LiPHEX_prediction,43,LiPHEX_prediction,0.6122448979591837,0.978494623655914,0.2916677792994864,91,30,False
pair_iqp_zz,0.6614239776595968,0.771121351766513,0.7631116962914197,1.0,True,19,8,"{""feature_scale"": 1.0}",n_OP,0.5650686281395405,5,n_OP__LiPHEX_prediction,43,LiPHEX_prediction,0.6122448979591837,0.9139784946236559,0.4524062902577894,85,30,False
pair_rbf_control,0.6619538754165288,0.7702435813034891,0.7792407285494843,10.0,True,19,5,"{""gamma"": 0.3}",n_OP,0.6160590777413506,5,n_OP__LiPHEX_prediction,43,LiPHEX_prediction,0.6122448979591837,0.946236559139785,0.3280004062312973,88,30,False
pair_phase_no_zz,0.7431438550314108,0.7693658108404652,0.7797893350888743,10.0,True,20,3,"{""feature_scale"": 0.25}",n_OP,0.6366919140782537,5,n_OP__sasa002_frac_polar_hetero_only,44,sasa002_frac_polar_hetero_only,0.5918367346938775,0.967741935483871,0.9760493549755649,90,29,False
pair_iqp_zz,0.7187337260195286,0.7338161070879966,0.7636603028308098,100.0,True,20,6,"{""feature_scale"": 0.5}",n_OP,0.5816856439341711,5,n_OP__sasa002_frac_polar_hetero_only,44,sasa002_frac_polar_hetero_only,0.5918367346938775,0.9354838709677419,0.6300872309154149,87,29,False
pair_rbf_control,0.7000756948760132,0.7557603686635945,0.7738643844634627,1.0,True,19,6,"{""gamma"": 0.3}",n_OP,0.598550618217503,5,n_OP__sasa002_frac_polar_hetero_only,44,sasa002_frac_polar_hetero_only,0.6122448979591837,0.9354838709677419,0.5285463915848043,87,30,False
pair_phase_no_zz,0.5168381128884952,0.6973886328725039,0.6872942725477288,10.0,True,18,24,"{""feature_scale"": 0.25}",LiPHEX_prediction,0.3655552586433791,5,LiPHEX_prediction__sasa002_frac_polar_hetero_only,45,sasa002_frac_polar_hetero_only,0.6326530612244898,0.7419354838709677,0.5567891118043997,69,31,False
pair_iqp_zz,0.6327910499906837,0.7386438446346282,0.6492209787140663,0.1,True,27,14,"{""feature_scale"": 0.5}",LiPHEX_prediction,0.3261333496697933,5,LiPHEX_prediction__sasa002_frac_polar_hetero_only,45,sasa002_frac_polar_hetero_only,0.4489795918367347,0.8494623655913979,0.5467340727088352,79,22,False
pair_rbf_control,0.5493743471695169,0.6883914856265086,0.5950186526223392,1.0,True,36,7,"{""gamma"": 0.3}",LiPHEX_prediction,0.25970688580313406,5,LiPHEX_prediction__sasa002_frac_polar_hetero_only,45,sasa002_frac_polar_hetero_only,0.2653061224489796,0.9247311827956989,0.775694772067692,86,13,False
