evaluation_status,representation,n_features,model,ID,BUTINA_CLUSTER_ID,outer_fold,y_true,y_pred,y_score
development_oof,x10,10,rbf_matched,3,108,1,0,0,-1.2075969409231953
development_oof,x10,10,rbf_matched,13,109,1,1,1,2.091481937816103
development_oof,x10,10,rbf_matched,22,456,1,0,0,-0.2439873513974995
development_oof,x10,10,rbf_matched,24,455,1,0,0,-0.5399474010131116
development_oof,x10,10,rbf_matched,25,12,1,1,0,-1.1366725874298986
development_oof,x10,10,rbf_matched,35,108,1,0,0,-1.3049078902998101
development_oof,x10,10,rbf_matched,43,6,1,0,0,-1.0946592177423675
development_oof,x10,10,rbf_matched,53,447,1,0,0,-0.8256453090707343
development_oof,x10,10,rbf_matched,65,168,1,1,1,2.3554747451050497
development_oof,x10,10,rbf_matched,68,445,1,1,0,-1.0941402551759751
development_oof,x10,10,rbf_matched,70,166,1,0,0,-1.3425055668255947
development_oof,x10,10,rbf_matched,72,12,1,1,0,-1.0661571033582586
development_oof,x10,10,rbf_matched,75,108,1,0,0,-1.1703230985850024
development_oof,x10,10,rbf_matched,88,12,1,0,0,-1.2205826147133518
development_oof,x10,10,rbf_matched,89,6,1,0,0,-1.1309524258046146
development_oof,x10,10,rbf_matched,110,41,1,0,0,-0.5873291389740516
development_oof,x10,10,rbf_matched,129,58,1,1,1,1.932089165932452
development_oof,x10,10,rbf_matched,133,432,1,1,1,1.3061734326850984
development_oof,x10,10,rbf_matched,144,41,1,0,0,-0.22882224743500434
development_oof,x10,10,rbf_matched,153,41,1,0,1,0.35286483566163507
development_oof,x10,10,rbf_matched,155,41,1,0,0,-0.5714470546234776
development_oof,x10,10,rbf_matched,168,424,1,0,0,-1.1011120347812675
development_oof,x10,10,rbf_matched,171,41,1,1,1,0.15383110839827085
development_oof,x10,10,rbf_matched,197,168,1,1,1,2.4132435253637086
development_oof,x10,10,rbf_matched,205,41,1,0,0,-0.004662145535756723
development_oof,x10,10,rbf_matched,209,420,1,1,1,1.816276596071975
development_oof,x10,10,rbf_matched,232,6,1,0,0,-1.1770048519211536
development_oof,x10,10,rbf_matched,237,117,1,0,0,-0.7420189865572457
development_oof,x10,10,rbf_matched,243,414,1,0,0,-0.9156481707835227
development_oof,x10,10,rbf_matched,250,166,1,0,0,-1.440877447961401
development_oof,x10,10,rbf_matched,270,12,1,1,0,-1.0356616457473156
development_oof,x10,10,rbf_matched,272,19,1,0,0,-1.0425140549923466
development_oof,x10,10,rbf_matched,282,406,1,1,1,2.383023388884438
development_oof,x10,10,rbf_matched,289,6,1,0,0,-1.0516248867024498
development_oof,x10,10,rbf_matched,303,12,1,1,0,-0.9269171393973015
development_oof,x10,10,rbf_matched,305,402,1,0,0,-0.9771849441626099
development_oof,x10,10,rbf_matched,306,101,1,1,0,-1.1159870277755648
development_oof,x10,10,rbf_matched,307,12,1,1,0,-1.1937644518847652
development_oof,x10,10,rbf_matched,314,398,1,0,0,-1.088281135385038
development_oof,x10,10,rbf_matched,318,127,1,1,0,-1.5785691262111123
development_oof,x10,10,rbf_matched,328,395,1,1,0,-0.3754106640489312
development_oof,x10,10,rbf_matched,345,73,1,0,1,1.578274922376832
development_oof,x10,10,rbf_matched,346,12,1,1,0,-0.9936593593140632
development_oof,x10,10,rbf_matched,350,12,1,0,0,-0.6616171891087312
development_oof,x10,10,rbf_matched,362,36,1,0,0,-1.0136815138345174
development_oof,x10,10,rbf_matched,366,79,1,1,0,-0.6699023841686291
development_oof,x10,10,rbf_matched,367,79,1,1,0,-0.3380811887155535
development_oof,x10,10,rbf_matched,368,387,1,0,0,-0.7627506158830528
development_oof,x10,10,rbf_matched,383,12,1,1,0,-0.8209245889565271
development_oof,x10,10,rbf_matched,390,381,1,0,0,-1.4666243906082326
development_oof,x10,10,rbf_matched,411,6,1,0,0,-1.1735093683828002
development_oof,x10,10,rbf_matched,415,12,1,1,0,-1.0000717238853405
development_oof,x10,10,rbf_matched,418,6,1,0,0,-0.9651630015005328
development_oof,x10,10,rbf_matched,427,6,1,0,0,-0.9986342237141408
development_oof,x10,10,rbf_matched,432,375,1,0,0,-0.38296019335231013
development_oof,x10,10,rbf_matched,433,58,1,1,1,1.1178685350899122
development_oof,x10,10,rbf_matched,445,95,1,0,0,-1.2340295397961942
development_oof,x10,10,rbf_matched,452,73,1,1,1,1.6797028724995442
development_oof,x10,10,rbf_matched,467,6,1,0,0,-0.7222145120927543
development_oof,x10,10,rbf_matched,476,95,1,0,0,-0.9909874603718649
development_oof,x10,10,rbf_matched,478,6,1,0,0,-1.2347651334720144
development_oof,x10,10,rbf_matched,488,26,1,1,0,-0.9233273631767382
development_oof,x10,10,rbf_matched,507,26,1,0,0,-0.9842018144551237
development_oof,x10,10,rbf_matched,509,362,1,0,0,-0.5261720481739964
development_oof,x10,10,rbf_matched,512,361,1,0,0,-0.5378167870189288
development_oof,x10,10,rbf_matched,521,26,1,0,0,-0.9747010298140506
development_oof,x10,10,rbf_matched,530,358,1,1,0,-0.6498638014188256
development_oof,x10,10,rbf_matched,531,6,1,0,0,-1.0966305518541042
development_oof,x10,10,rbf_matched,532,26,1,0,0,-0.8101597417065378
development_oof,x10,10,rbf_matched,534,26,1,0,0,-1.0426071906030459
development_oof,x10,10,rbf_matched,552,6,1,0,0,-1.2314080804232799
development_oof,x10,10,rbf_matched,564,47,1,1,0,-1.4635632665316607
development_oof,x10,10,rbf_matched,573,350,1,0,1,0.29159337627030335
development_oof,x10,10,rbf_matched,576,349,1,0,0,-0.3438506694988217
development_oof,x10,10,rbf_matched,578,26,1,0,0,-0.9849460192817621
development_oof,x10,10,rbf_matched,590,152,1,0,0,-1.7194343602823754
development_oof,x10,10,rbf_matched,591,343,1,0,1,0.5790351618869731
development_oof,x10,10,rbf_matched,630,67,1,0,0,-0.5888139806850703
development_oof,x10,10,rbf_matched,637,47,1,1,0,-1.3946854126315877
development_oof,x10,10,rbf_matched,639,332,1,0,1,0.1900560485483218
development_oof,x10,10,rbf_matched,642,331,1,0,0,-0.5463799407050189
development_oof,x10,10,rbf_matched,644,47,1,1,0,-1.4160536865679643
development_oof,x10,10,rbf_matched,650,88,1,0,0,-0.2951079535359
development_oof,x10,10,rbf_matched,651,67,1,0,0,-1.144243960721288
development_oof,x10,10,rbf_matched,654,327,1,0,0,-0.20845304822412491
development_oof,x10,10,rbf_matched,673,320,1,0,0,-1.0157202862568575
development_oof,x10,10,rbf_matched,676,6,1,0,0,-0.9954712886151882
development_oof,x10,10,rbf_matched,679,6,1,0,0,-0.8164495676035373
development_oof,x10,10,rbf_matched,680,145,1,0,1,0.08563645114545682
development_oof,x10,10,rbf_matched,695,47,1,1,0,-1.5496718483936853
development_oof,x10,10,rbf_matched,708,310,1,0,1,1.0675315386295015
development_oof,x10,10,rbf_matched,709,88,1,0,0,-0.6964535485197392
development_oof,x10,10,rbf_matched,713,139,1,0,0,-1.224052841974902
development_oof,x10,10,rbf_matched,721,139,1,1,0,-1.274593734024058
development_oof,x10,10,rbf_matched,722,307,1,0,0,-0.7229853461480495
development_oof,x10,10,rbf_matched,727,32,1,0,1,0.4150433260429931
development_oof,x10,10,rbf_matched,734,12,1,1,0,-0.8284573396024506
development_oof,x10,10,rbf_matched,748,64,1,0,1,0.9130729073894155
development_oof,x10,10,rbf_matched,763,301,1,0,0,-0.9397004524438721
development_oof,x10,10,rbf_matched,771,43,1,0,0,-0.10122481312730369
development_oof,x10,10,rbf_matched,773,58,1,1,1,1.8564860607689997
development_oof,x10,10,rbf_matched,775,134,1,0,1,2.174114983838497
development_oof,x10,10,rbf_matched,779,43,1,0,1,0.4827475604011642
development_oof,x10,10,rbf_matched,782,43,1,0,0,-0.33024403775886246
development_oof,x10,10,rbf_matched,783,296,1,0,1,0.033614895575669435
development_oof,x10,10,rbf_matched,784,43,1,1,0,-0.6840445025826949
development_oof,x10,10,rbf_matched,788,295,1,1,0,-0.18331316573888867
development_oof,x10,10,rbf_matched,795,110,1,1,1,1.856481602943593
development_oof,x10,10,rbf_matched,797,43,1,0,1,0.22343231895737037
development_oof,x10,10,rbf_matched,812,285,1,0,1,0.84433390514845
development_oof,x10,10,rbf_matched,814,88,1,0,0,-0.7390461993455493
development_oof,x10,10,rbf_matched,836,279,1,1,0,-0.6489854373406463
development_oof,x10,10,rbf_matched,853,272,1,0,0,-1.1726183560635033
development_oof,x10,10,rbf_matched,868,261,1,0,0,-0.9214891192424013
development_oof,x10,10,rbf_matched,886,255,1,0,0,-1.6224416711442065
development_oof,x10,10,rbf_matched,889,127,1,0,0,-1.4110928609721378
development_oof,x10,10,rbf_matched,892,26,1,0,0,-1.0784319284620232
development_oof,x10,10,rbf_matched,903,248,1,0,0,-1.3762990167813165
development_oof,x10,10,rbf_matched,909,245,1,0,0,-0.9158419209078279
development_oof,x10,10,rbf_matched,912,19,1,0,0,-1.0705589511747402
development_oof,x10,10,rbf_matched,924,239,1,0,0,-1.2403921430728169
development_oof,x10,10,rbf_matched,929,67,1,0,0,-0.19465575238543242
development_oof,x10,10,rbf_matched,937,230,1,0,0,-0.8559310625454988
development_oof,x10,10,rbf_matched,938,79,1,0,0,-0.7281449390761303
development_oof,x10,10,rbf_matched,944,58,1,1,1,0.9409807430621846
development_oof,x10,10,rbf_matched,956,222,1,0,1,0.900196840967866
development_oof,x10,10,rbf_matched,959,117,1,0,0,-0.7773879987226693
development_oof,x10,10,rbf_matched,961,219,1,0,0,-0.16978263188212428
development_oof,x10,10,rbf_matched,970,213,1,0,0,-0.6614875780500935
development_oof,x10,10,rbf_matched,983,205,1,1,0,-0.7548249876237076
development_oof,x10,10,rbf_matched,989,47,1,0,0,-0.6671675685430227
development_oof,x10,10,rbf_matched,992,200,1,0,0,-0.2732687767769282
development_oof,x10,10,rbf_matched,997,6,1,0,0,-0.33169716891088297
development_oof,x10,10,rbf_matched,1007,195,1,0,0,-0.692543747149821
development_oof,x10,10,rbf_matched,1011,110,1,1,1,1.9218349551461944
development_oof,x10,10,rbf_matched,1023,187,1,0,1,0.7270075682228654
development_oof,x10,10,rbf_matched,1034,178,1,0,0,-1.5039221256310686
development_oof,x10,10,quantum_angle_product,3,108,1,0,0,-1.3342835086531668
development_oof,x10,10,quantum_angle_product,13,109,1,1,1,2.8462276677861578
development_oof,x10,10,quantum_angle_product,22,456,1,0,0,-0.06924323264090937
development_oof,x10,10,quantum_angle_product,24,455,1,0,0,-0.5450541410819856
development_oof,x10,10,quantum_angle_product,25,12,1,1,0,-1.184215518774872
development_oof,x10,10,quantum_angle_product,35,108,1,0,0,-1.36311893830044
development_oof,x10,10,quantum_angle_product,43,6,1,0,0,-1.0751292606989669
development_oof,x10,10,quantum_angle_product,53,447,1,0,0,-0.8893721103907613
development_oof,x10,10,quantum_angle_product,65,168,1,1,1,3.073706677963079
development_oof,x10,10,quantum_angle_product,68,445,1,1,0,-1.0596537978484353
development_oof,x10,10,quantum_angle_product,70,166,1,0,0,-1.5417185862342055
development_oof,x10,10,quantum_angle_product,72,12,1,1,0,-1.158299820216607
development_oof,x10,10,quantum_angle_product,75,108,1,0,0,-1.1408062583129013
development_oof,x10,10,quantum_angle_product,88,12,1,0,0,-1.290321048881717
development_oof,x10,10,quantum_angle_product,89,6,1,0,0,-1.1707781700215865
development_oof,x10,10,quantum_angle_product,110,41,1,0,0,-0.5219378178407599
development_oof,x10,10,quantum_angle_product,129,58,1,1,1,2.52347223088889
development_oof,x10,10,quantum_angle_product,133,432,1,1,1,1.5580682853443673
development_oof,x10,10,quantum_angle_product,144,41,1,0,0,-0.22845803757901173
development_oof,x10,10,quantum_angle_product,153,41,1,0,1,0.32882793899758234
development_oof,x10,10,quantum_angle_product,155,41,1,0,0,-0.7206405868706245
development_oof,x10,10,quantum_angle_product,168,424,1,0,0,-1.068886477536731
development_oof,x10,10,quantum_angle_product,171,41,1,1,0,-0.058829432117315505
development_oof,x10,10,quantum_angle_product,197,168,1,1,1,2.9803999662228957
development_oof,x10,10,quantum_angle_product,205,41,1,0,0,-0.14986027979299799
development_oof,x10,10,quantum_angle_product,209,420,1,1,1,2.3830722498696755
development_oof,x10,10,quantum_angle_product,232,6,1,0,0,-1.213573949890142
development_oof,x10,10,quantum_angle_product,237,117,1,0,0,-0.7445471147408771
development_oof,x10,10,quantum_angle_product,243,414,1,0,0,-0.8407467306119347
development_oof,x10,10,quantum_angle_product,250,166,1,0,0,-1.685419919262765
development_oof,x10,10,quantum_angle_product,270,12,1,1,0,-1.0865950960351913
development_oof,x10,10,quantum_angle_product,272,19,1,0,0,-1.0588838406091075
development_oof,x10,10,quantum_angle_product,282,406,1,1,1,3.0445489714125156
development_oof,x10,10,quantum_angle_product,289,6,1,0,0,-1.169019961819325
development_oof,x10,10,quantum_angle_product,303,12,1,1,0,-0.9129864531141241
development_oof,x10,10,quantum_angle_product,305,402,1,0,0,-0.911778252805826
development_oof,x10,10,quantum_angle_product,306,101,1,1,0,-1.1357061781486468
development_oof,x10,10,quantum_angle_product,307,12,1,1,0,-1.279167113651292
development_oof,x10,10,quantum_angle_product,314,398,1,0,0,-1.1317368128254461
development_oof,x10,10,quantum_angle_product,318,127,1,1,0,-2.670975629296601
development_oof,x10,10,quantum_angle_product,328,395,1,1,0,-0.3434539348292365
development_oof,x10,10,quantum_angle_product,345,73,1,0,1,1.9307971883230746
development_oof,x10,10,quantum_angle_product,346,12,1,1,0,-1.049916300677305
development_oof,x10,10,quantum_angle_product,350,12,1,0,0,-0.6385724887581805
development_oof,x10,10,quantum_angle_product,362,36,1,0,0,-1.0679544324189951
development_oof,x10,10,quantum_angle_product,366,79,1,1,0,-0.7676634930493638
development_oof,x10,10,quantum_angle_product,367,79,1,1,0,-0.34329044566144695
development_oof,x10,10,quantum_angle_product,368,387,1,0,0,-0.7892499053654465
development_oof,x10,10,quantum_angle_product,383,12,1,1,0,-0.8406137051043263
development_oof,x10,10,quantum_angle_product,390,381,1,0,0,-1.4083932462515438
development_oof,x10,10,quantum_angle_product,411,6,1,0,0,-1.1751749108825127
development_oof,x10,10,quantum_angle_product,415,12,1,1,0,-1.0556719026967674
development_oof,x10,10,quantum_angle_product,418,6,1,0,0,-0.9737563438619166
development_oof,x10,10,quantum_angle_product,427,6,1,0,0,-0.9923024455137668
development_oof,x10,10,quantum_angle_product,432,375,1,0,0,-0.44709745738090056
development_oof,x10,10,quantum_angle_product,433,58,1,1,1,1.3464541603890066
development_oof,x10,10,quantum_angle_product,445,95,1,0,0,-1.2688460626313347
development_oof,x10,10,quantum_angle_product,452,73,1,1,1,2.120134559840684
development_oof,x10,10,quantum_angle_product,467,6,1,0,0,-0.775301536967115
development_oof,x10,10,quantum_angle_product,476,95,1,0,0,-1.0024945602449211
development_oof,x10,10,quantum_angle_product,478,6,1,0,0,-1.2622415812248082
development_oof,x10,10,quantum_angle_product,488,26,1,1,0,-0.9027483691156508
development_oof,x10,10,quantum_angle_product,507,26,1,0,0,-1.0051881924104098
development_oof,x10,10,quantum_angle_product,509,362,1,0,0,-0.46580326221971724
development_oof,x10,10,quantum_angle_product,512,361,1,0,0,-0.4853504926725609
development_oof,x10,10,quantum_angle_product,521,26,1,0,0,-1.0213380606657072
development_oof,x10,10,quantum_angle_product,530,358,1,1,0,-0.7344135176539996
development_oof,x10,10,quantum_angle_product,531,6,1,0,0,-1.174542047269492
development_oof,x10,10,quantum_angle_product,532,26,1,0,0,-0.7662204200114022
development_oof,x10,10,quantum_angle_product,534,26,1,0,0,-1.0701821562368057
development_oof,x10,10,quantum_angle_product,552,6,1,0,0,-1.3324695204775967
development_oof,x10,10,quantum_angle_product,564,47,1,1,0,-1.509615411758043
development_oof,x10,10,quantum_angle_product,573,350,1,0,1,0.43257184414220795
development_oof,x10,10,quantum_angle_product,576,349,1,0,0,-0.09005002541631235
development_oof,x10,10,quantum_angle_product,578,26,1,0,0,-0.9652680660897861
development_oof,x10,10,quantum_angle_product,590,152,1,0,0,-1.6207873267073243
development_oof,x10,10,quantum_angle_product,591,343,1,0,1,0.6670902949503184
development_oof,x10,10,quantum_angle_product,630,67,1,0,0,-0.4807287600259347
development_oof,x10,10,quantum_angle_product,637,47,1,1,0,-1.5007633898741606
development_oof,x10,10,quantum_angle_product,639,332,1,0,1,0.27031168534474226
development_oof,x10,10,quantum_angle_product,642,331,1,0,0,-0.7159887253349755
development_oof,x10,10,quantum_angle_product,644,47,1,1,0,-1.3609925043374265
development_oof,x10,10,quantum_angle_product,650,88,1,0,0,-0.2060459208389691
development_oof,x10,10,quantum_angle_product,651,67,1,0,0,-1.1313405367281266
development_oof,x10,10,quantum_angle_product,654,327,1,0,0,-0.2310928516693398
development_oof,x10,10,quantum_angle_product,673,320,1,0,0,-1.0546006395978882
development_oof,x10,10,quantum_angle_product,676,6,1,0,0,-1.051482724871514
development_oof,x10,10,quantum_angle_product,679,6,1,0,0,-0.7621144131065396
development_oof,x10,10,quantum_angle_product,680,145,1,0,1,0.12698021075467203
development_oof,x10,10,quantum_angle_product,695,47,1,1,0,-1.7258327192056218
development_oof,x10,10,quantum_angle_product,708,310,1,0,1,1.1552436797507735
development_oof,x10,10,quantum_angle_product,709,88,1,0,0,-0.7622545475692082
development_oof,x10,10,quantum_angle_product,713,139,1,0,0,-1.2602593495548806
development_oof,x10,10,quantum_angle_product,721,139,1,1,0,-1.3890512519380511
development_oof,x10,10,quantum_angle_product,722,307,1,0,0,-0.7272740266698268
development_oof,x10,10,quantum_angle_product,727,32,1,0,1,0.4352646218062457
development_oof,x10,10,quantum_angle_product,734,12,1,1,0,-0.9025094099889461
development_oof,x10,10,quantum_angle_product,748,64,1,0,1,1.0311265469740842
development_oof,x10,10,quantum_angle_product,763,301,1,0,0,-0.8473700809700606
development_oof,x10,10,quantum_angle_product,771,43,1,0,0,-0.06789760451204963
development_oof,x10,10,quantum_angle_product,773,58,1,1,1,2.38136314632907
development_oof,x10,10,quantum_angle_product,775,134,1,0,1,2.6154508029858246
development_oof,x10,10,quantum_angle_product,779,43,1,0,1,0.5471551829044099
development_oof,x10,10,quantum_angle_product,782,43,1,0,0,-0.3592822998766767
development_oof,x10,10,quantum_angle_product,783,296,1,0,1,0.04445855606978988
development_oof,x10,10,quantum_angle_product,784,43,1,1,0,-0.718851103199805
development_oof,x10,10,quantum_angle_product,788,295,1,1,0,-0.21257666002106568
development_oof,x10,10,quantum_angle_product,795,110,1,1,1,2.1811222794160496
development_oof,x10,10,quantum_angle_product,797,43,1,0,1,0.3177342328948978
development_oof,x10,10,quantum_angle_product,812,285,1,0,1,1.0455482832092198
development_oof,x10,10,quantum_angle_product,814,88,1,0,0,-0.8017777150829577
development_oof,x10,10,quantum_angle_product,836,279,1,1,0,-0.4796083381079743
development_oof,x10,10,quantum_angle_product,853,272,1,0,0,-1.100162194390558
development_oof,x10,10,quantum_angle_product,868,261,1,0,0,-0.9692016548620277
development_oof,x10,10,quantum_angle_product,886,255,1,0,0,-1.9203561638089557
development_oof,x10,10,quantum_angle_product,889,127,1,0,0,-1.966427354680329
development_oof,x10,10,quantum_angle_product,892,26,1,0,0,-1.0793547671744168
development_oof,x10,10,quantum_angle_product,903,248,1,0,0,-1.5068667439507895
development_oof,x10,10,quantum_angle_product,909,245,1,0,0,-0.9468633762705085
development_oof,x10,10,quantum_angle_product,912,19,1,0,0,-1.085772468395854
development_oof,x10,10,quantum_angle_product,924,239,1,0,0,-1.279959090545768
development_oof,x10,10,quantum_angle_product,929,67,1,0,0,-0.068621564702946
development_oof,x10,10,quantum_angle_product,937,230,1,0,0,-0.8416542828499676
development_oof,x10,10,quantum_angle_product,938,79,1,0,0,-0.7951988760580182
development_oof,x10,10,quantum_angle_product,944,58,1,1,1,1.2105257529938651
development_oof,x10,10,quantum_angle_product,956,222,1,0,1,0.8994714177297478
development_oof,x10,10,quantum_angle_product,959,117,1,0,0,-0.7926063646465114
development_oof,x10,10,quantum_angle_product,961,219,1,0,0,-0.17669546367927502
development_oof,x10,10,quantum_angle_product,970,213,1,0,0,-0.7004008240819903
development_oof,x10,10,quantum_angle_product,983,205,1,1,0,-0.8578608849290763
development_oof,x10,10,quantum_angle_product,989,47,1,0,0,-0.4717877999858988
development_oof,x10,10,quantum_angle_product,992,200,1,0,0,-0.13368494254562258
development_oof,x10,10,quantum_angle_product,997,6,1,0,0,-0.2882284966474433
development_oof,x10,10,quantum_angle_product,1007,195,1,0,0,-0.8587566963843276
development_oof,x10,10,quantum_angle_product,1011,110,1,1,1,2.241955396117552
development_oof,x10,10,quantum_angle_product,1023,187,1,0,1,0.8940858073028348
development_oof,x10,10,quantum_angle_product,1034,178,1,0,0,-1.7197253900153076
development_oof,x10,10,quantum_iqp_zz_linear,3,108,1,0,0,-1.1437322192346553
development_oof,x10,10,quantum_iqp_zz_linear,13,109,1,1,1,2.2513987722623003
development_oof,x10,10,quantum_iqp_zz_linear,22,456,1,0,0,-0.12844285974147057
development_oof,x10,10,quantum_iqp_zz_linear,24,455,1,0,0,-0.5821535494424328
development_oof,x10,10,quantum_iqp_zz_linear,25,12,1,1,0,-1.1498076142827927
development_oof,x10,10,quantum_iqp_zz_linear,35,108,1,0,0,-1.2578404954996731
development_oof,x10,10,quantum_iqp_zz_linear,43,6,1,0,0,-1.1649934975461758
development_oof,x10,10,quantum_iqp_zz_linear,53,447,1,0,0,-0.9712523380575497
development_oof,x10,10,quantum_iqp_zz_linear,65,168,1,1,1,2.4641666817769163
development_oof,x10,10,quantum_iqp_zz_linear,68,445,1,1,0,-1.0767410424066313
development_oof,x10,10,quantum_iqp_zz_linear,70,166,1,0,0,-1.2343746929700181
development_oof,x10,10,quantum_iqp_zz_linear,72,12,1,1,0,-1.0785289189571063
development_oof,x10,10,quantum_iqp_zz_linear,75,108,1,0,0,-1.0682926569568103
development_oof,x10,10,quantum_iqp_zz_linear,88,12,1,0,0,-1.2237384798979445
development_oof,x10,10,quantum_iqp_zz_linear,89,6,1,0,0,-1.2397230854405183
development_oof,x10,10,quantum_iqp_zz_linear,110,41,1,0,0,-0.46326494781789757
development_oof,x10,10,quantum_iqp_zz_linear,129,58,1,1,1,1.4087768225194361
development_oof,x10,10,quantum_iqp_zz_linear,133,432,1,1,1,1.0274095123109728
development_oof,x10,10,quantum_iqp_zz_linear,144,41,1,0,0,-0.14060063307197262
development_oof,x10,10,quantum_iqp_zz_linear,153,41,1,0,1,0.49572452329095645
development_oof,x10,10,quantum_iqp_zz_linear,155,41,1,0,0,-0.49567704813550323
development_oof,x10,10,quantum_iqp_zz_linear,168,424,1,0,0,-1.1131286967138347
development_oof,x10,10,quantum_iqp_zz_linear,171,41,1,1,1,0.11420911916708937
development_oof,x10,10,quantum_iqp_zz_linear,197,168,1,1,1,2.554673083218015
development_oof,x10,10,quantum_iqp_zz_linear,205,41,1,0,1,0.0247905012662884
development_oof,x10,10,quantum_iqp_zz_linear,209,420,1,1,1,1.9285757387819338
development_oof,x10,10,quantum_iqp_zz_linear,232,6,1,0,0,-1.2862755656293423
development_oof,x10,10,quantum_iqp_zz_linear,237,117,1,0,0,-0.8757525864399529
development_oof,x10,10,quantum_iqp_zz_linear,243,414,1,0,0,-0.816017126634252
development_oof,x10,10,quantum_iqp_zz_linear,250,166,1,0,0,-1.2898281726872778
development_oof,x10,10,quantum_iqp_zz_linear,270,12,1,1,0,-1.0507577042312484
development_oof,x10,10,quantum_iqp_zz_linear,272,19,1,0,0,-1.036459074495001
development_oof,x10,10,quantum_iqp_zz_linear,282,406,1,1,1,2.4436452171826293
development_oof,x10,10,quantum_iqp_zz_linear,289,6,1,0,0,-1.1803075919340227
development_oof,x10,10,quantum_iqp_zz_linear,303,12,1,1,0,-0.8489171611471118
development_oof,x10,10,quantum_iqp_zz_linear,305,402,1,0,0,-1.0088944795025938
development_oof,x10,10,quantum_iqp_zz_linear,306,101,1,1,0,-1.0548909997809695
development_oof,x10,10,quantum_iqp_zz_linear,307,12,1,1,0,-1.1829661013327577
development_oof,x10,10,quantum_iqp_zz_linear,314,398,1,0,0,-1.0754139112369163
development_oof,x10,10,quantum_iqp_zz_linear,318,127,1,1,0,-1.2883301181359215
development_oof,x10,10,quantum_iqp_zz_linear,328,395,1,1,0,-0.4604856785780242
development_oof,x10,10,quantum_iqp_zz_linear,345,73,1,0,1,1.5592315685109295
development_oof,x10,10,quantum_iqp_zz_linear,346,12,1,1,0,-0.9717899691939706
development_oof,x10,10,quantum_iqp_zz_linear,350,12,1,0,0,-0.718068528641286
development_oof,x10,10,quantum_iqp_zz_linear,362,36,1,0,0,-1.074910573374936
development_oof,x10,10,quantum_iqp_zz_linear,366,79,1,1,0,-0.8000786141247413
development_oof,x10,10,quantum_iqp_zz_linear,367,79,1,1,0,-0.40387959605272344
development_oof,x10,10,quantum_iqp_zz_linear,368,387,1,0,0,-0.8730261166539091
development_oof,x10,10,quantum_iqp_zz_linear,383,12,1,1,0,-0.7887548392071704
development_oof,x10,10,quantum_iqp_zz_linear,390,381,1,0,0,-1.3802769338013654
development_oof,x10,10,quantum_iqp_zz_linear,411,6,1,0,0,-1.2713372456482617
development_oof,x10,10,quantum_iqp_zz_linear,415,12,1,1,0,-1.0292097855656621
development_oof,x10,10,quantum_iqp_zz_linear,418,6,1,0,0,-1.0813869313648343
development_oof,x10,10,quantum_iqp_zz_linear,427,6,1,0,0,-1.0279774264067587
development_oof,x10,10,quantum_iqp_zz_linear,432,375,1,0,0,-0.44721533505279426
development_oof,x10,10,quantum_iqp_zz_linear,433,58,1,1,1,0.9369784457368517
development_oof,x10,10,quantum_iqp_zz_linear,445,95,1,0,0,-1.3009855933161756
development_oof,x10,10,quantum_iqp_zz_linear,452,73,1,1,1,1.666546389565104
development_oof,x10,10,quantum_iqp_zz_linear,467,6,1,0,0,-0.7695303587628946
development_oof,x10,10,quantum_iqp_zz_linear,476,95,1,0,0,-1.003593134481191
development_oof,x10,10,quantum_iqp_zz_linear,478,6,1,0,0,-1.3044753006953034
development_oof,x10,10,quantum_iqp_zz_linear,488,26,1,1,0,-1.0069062105488893
development_oof,x10,10,quantum_iqp_zz_linear,507,26,1,0,0,-1.0280734831007354
development_oof,x10,10,quantum_iqp_zz_linear,509,362,1,0,0,-0.4697369478927324
development_oof,x10,10,quantum_iqp_zz_linear,512,361,1,0,0,-0.5112179496134832
development_oof,x10,10,quantum_iqp_zz_linear,521,26,1,0,0,-1.034508769515588
development_oof,x10,10,quantum_iqp_zz_linear,530,358,1,1,0,-0.794360498354914
development_oof,x10,10,quantum_iqp_zz_linear,531,6,1,0,0,-1.2364801263972964
development_oof,x10,10,quantum_iqp_zz_linear,532,26,1,0,0,-0.8418296283276057
development_oof,x10,10,quantum_iqp_zz_linear,534,26,1,0,0,-1.0932386940082353
development_oof,x10,10,quantum_iqp_zz_linear,552,6,1,0,0,-1.3598177631578636
development_oof,x10,10,quantum_iqp_zz_linear,564,47,1,1,0,-1.3951420505774745
development_oof,x10,10,quantum_iqp_zz_linear,573,350,1,0,1,0.35469906273409896
development_oof,x10,10,quantum_iqp_zz_linear,576,349,1,0,0,-0.2007693965592025
development_oof,x10,10,quantum_iqp_zz_linear,578,26,1,0,0,-1.024066864403034
development_oof,x10,10,quantum_iqp_zz_linear,590,152,1,0,0,-1.0022384421498503
development_oof,x10,10,quantum_iqp_zz_linear,591,343,1,0,1,0.5692747451481459
development_oof,x10,10,quantum_iqp_zz_linear,630,67,1,0,0,-0.5145066016078275
development_oof,x10,10,quantum_iqp_zz_linear,637,47,1,1,0,-1.43853436723065
development_oof,x10,10,quantum_iqp_zz_linear,639,332,1,0,1,0.22346174135252644
development_oof,x10,10,quantum_iqp_zz_linear,642,331,1,0,0,-0.6761465200686079
development_oof,x10,10,quantum_iqp_zz_linear,644,47,1,1,0,-1.3714458192876116
development_oof,x10,10,quantum_iqp_zz_linear,650,88,1,0,0,-0.36795638607266484
development_oof,x10,10,quantum_iqp_zz_linear,651,67,1,0,0,-1.1766907925364993
development_oof,x10,10,quantum_iqp_zz_linear,654,327,1,0,0,-0.2576263650227481
development_oof,x10,10,quantum_iqp_zz_linear,673,320,1,0,0,-1.0773490976499094
development_oof,x10,10,quantum_iqp_zz_linear,676,6,1,0,0,-1.108961153895141
development_oof,x10,10,quantum_iqp_zz_linear,679,6,1,0,0,-0.8400979771291404
development_oof,x10,10,quantum_iqp_zz_linear,680,145,1,0,1,0.1122274458776325
development_oof,x10,10,quantum_iqp_zz_linear,695,47,1,1,0,-1.5295502562079921
development_oof,x10,10,quantum_iqp_zz_linear,708,310,1,0,1,1.1578663827928963
development_oof,x10,10,quantum_iqp_zz_linear,709,88,1,0,0,-0.7993163917346582
development_oof,x10,10,quantum_iqp_zz_linear,713,139,1,0,0,-1.2582740231384335
development_oof,x10,10,quantum_iqp_zz_linear,721,139,1,1,0,-1.335024859560173
development_oof,x10,10,quantum_iqp_zz_linear,722,307,1,0,0,-0.7852607241430292
development_oof,x10,10,quantum_iqp_zz_linear,727,32,1,0,1,0.43616462425927877
development_oof,x10,10,quantum_iqp_zz_linear,734,12,1,1,0,-0.8837088092362606
development_oof,x10,10,quantum_iqp_zz_linear,748,64,1,0,1,0.9481805651616781
development_oof,x10,10,quantum_iqp_zz_linear,763,301,1,0,0,-0.8860206591347826
development_oof,x10,10,quantum_iqp_zz_linear,771,43,1,0,0,-0.12521404664764008
development_oof,x10,10,quantum_iqp_zz_linear,773,58,1,1,1,1.3120966507093383
development_oof,x10,10,quantum_iqp_zz_linear,775,134,1,0,1,2.012475351790835
development_oof,x10,10,quantum_iqp_zz_linear,779,43,1,0,1,0.5562634490962814
development_oof,x10,10,quantum_iqp_zz_linear,782,43,1,0,0,-0.3331208826005571
development_oof,x10,10,quantum_iqp_zz_linear,783,296,1,0,0,-0.0367769677115905
development_oof,x10,10,quantum_iqp_zz_linear,784,43,1,1,0,-0.7758970901751461
development_oof,x10,10,quantum_iqp_zz_linear,788,295,1,1,0,-0.20662380985925916
development_oof,x10,10,quantum_iqp_zz_linear,795,110,1,1,1,1.5625332098027105
development_oof,x10,10,quantum_iqp_zz_linear,797,43,1,0,1,0.294791231888528
development_oof,x10,10,quantum_iqp_zz_linear,812,285,1,0,1,0.9337742571894836
development_oof,x10,10,quantum_iqp_zz_linear,814,88,1,0,0,-0.8679114059452093
development_oof,x10,10,quantum_iqp_zz_linear,836,279,1,1,0,-0.7540786687791812
development_oof,x10,10,quantum_iqp_zz_linear,853,272,1,0,0,-1.056135066151775
development_oof,x10,10,quantum_iqp_zz_linear,868,261,1,0,0,-1.011170665632255
development_oof,x10,10,quantum_iqp_zz_linear,886,255,1,0,0,-2.0482862809138718
development_oof,x10,10,quantum_iqp_zz_linear,889,127,1,0,0,-1.0269954166314865
development_oof,x10,10,quantum_iqp_zz_linear,892,26,1,0,0,-1.1060974066915215
development_oof,x10,10,quantum_iqp_zz_linear,903,248,1,0,0,-1.4855368133498654
development_oof,x10,10,quantum_iqp_zz_linear,909,245,1,0,0,-0.993934606660968
development_oof,x10,10,quantum_iqp_zz_linear,912,19,1,0,0,-1.0157513648338838
development_oof,x10,10,quantum_iqp_zz_linear,924,239,1,0,0,-1.1851245272692985
development_oof,x10,10,quantum_iqp_zz_linear,929,67,1,0,0,-0.10728900486421361
development_oof,x10,10,quantum_iqp_zz_linear,937,230,1,0,0,-0.9558732221802746
development_oof,x10,10,quantum_iqp_zz_linear,938,79,1,0,0,-0.8320948763533735
development_oof,x10,10,quantum_iqp_zz_linear,944,58,1,1,1,0.744279118106645
development_oof,x10,10,quantum_iqp_zz_linear,956,222,1,0,1,0.8367261285180927
development_oof,x10,10,quantum_iqp_zz_linear,959,117,1,0,0,-0.8816705143525461
development_oof,x10,10,quantum_iqp_zz_linear,961,219,1,0,0,-0.26209634384421315
development_oof,x10,10,quantum_iqp_zz_linear,970,213,1,0,0,-0.7491109844191275
development_oof,x10,10,quantum_iqp_zz_linear,983,205,1,1,0,-0.9099460183848151
development_oof,x10,10,quantum_iqp_zz_linear,989,47,1,0,0,-0.5032763521579646
development_oof,x10,10,quantum_iqp_zz_linear,992,200,1,0,0,-0.23915151076942814
development_oof,x10,10,quantum_iqp_zz_linear,997,6,1,0,0,-0.3401057524969335
development_oof,x10,10,quantum_iqp_zz_linear,1007,195,1,0,0,-0.877227999584564
development_oof,x10,10,quantum_iqp_zz_linear,1011,110,1,1,1,1.6671840360268764
development_oof,x10,10,quantum_iqp_zz_linear,1023,187,1,0,1,0.8222502343776412
development_oof,x10,10,quantum_iqp_zz_linear,1034,178,1,0,0,-1.9118905612806687
development_oof,x10,10,rbf_matched,2,460,2,0,0,-0.6860097208139659
development_oof,x10,10,rbf_matched,8,107,2,0,0,-0.5688812266048016
development_oof,x10,10,rbf_matched,18,56,2,1,1,1.0438897730153047
development_oof,x10,10,rbf_matched,33,452,2,0,0,-0.9446108926434162
development_oof,x10,10,rbf_matched,34,23,2,0,0,-0.7907187662200432
development_oof,x10,10,rbf_matched,37,177,2,0,0,-0.8067125819733005
development_oof,x10,10,rbf_matched,50,40,2,1,1,0.49263845524734373
development_oof,x10,10,rbf_matched,51,75,2,1,0,-0.8868145009723711
development_oof,x10,10,rbf_matched,55,107,2,0,0,-0.802072183337337
development_oof,x10,10,rbf_matched,67,446,2,0,0,-0.9484210123341719
development_oof,x10,10,rbf_matched,81,441,2,0,0,-0.5467595443089663
development_oof,x10,10,rbf_matched,97,30,2,1,0,-0.9035746585614033
development_oof,x10,10,rbf_matched,108,436,2,0,0,-1.0197353081973477
development_oof,x10,10,rbf_matched,114,173,2,0,0,-1.2452093426390347
development_oof,x10,10,rbf_matched,115,2,2,1,0,-1.0409534555303461
development_oof,x10,10,rbf_matched,118,172,2,0,0,-1.2011350085464982
development_oof,x10,10,rbf_matched,140,40,2,0,1,1.3830734971312204
development_oof,x10,10,rbf_matched,166,425,2,0,0,-0.5796544252876994
development_oof,x10,10,rbf_matched,177,40,2,1,1,1.1964450898785752
development_oof,x10,10,rbf_matched,216,167,2,1,0,-1.0246366220165901
development_oof,x10,10,rbf_matched,229,30,2,1,0,-1.015222314101593
development_oof,x10,10,rbf_matched,235,30,2,1,0,-1.0735373088247655
development_oof,x10,10,rbf_matched,240,167,2,1,0,-1.0311396868788802
development_oof,x10,10,rbf_matched,241,23,2,0,0,-0.790911083247577
development_oof,x10,10,rbf_matched,246,56,2,1,1,0.9993906028727566
development_oof,x10,10,rbf_matched,249,124,2,0,0,-0.43834838554427313
development_oof,x10,10,rbf_matched,251,30,2,1,0,-1.0340844614886022
development_oof,x10,10,rbf_matched,253,412,2,0,0,-0.4238555936912276
development_oof,x10,10,rbf_matched,254,411,2,1,0,-0.08316505373222327
development_oof,x10,10,rbf_matched,262,98,2,1,1,1.3661134403396011
development_oof,x10,10,rbf_matched,265,75,2,0,0,-0.47583600130929016
development_oof,x10,10,rbf_matched,275,56,2,1,1,0.9440741655288827
development_oof,x10,10,rbf_matched,281,30,2,1,0,-0.93571605205517
development_oof,x10,10,rbf_matched,283,56,2,1,1,1.149902937832993
development_oof,x10,10,rbf_matched,291,98,2,1,1,1.4140580913978484
development_oof,x10,10,rbf_matched,301,403,2,0,0,-1.1819999969744204
development_oof,x10,10,rbf_matched,325,396,2,0,0,-0.7936590153701653
development_oof,x10,10,rbf_matched,344,23,2,1,0,-0.6796298018239011
development_oof,x10,10,rbf_matched,359,23,2,0,0,-0.7888195398655868
development_oof,x10,10,rbf_matched,365,388,2,0,0,-0.8739497607796254
development_oof,x10,10,rbf_matched,378,23,2,0,0,-0.7966231847053298
development_oof,x10,10,rbf_matched,389,382,2,0,0,-1.2023518584927644
development_oof,x10,10,rbf_matched,408,98,2,1,1,1.4426176293417978
development_oof,x10,10,rbf_matched,413,62,2,1,0,-0.9277524561188126
development_oof,x10,10,rbf_matched,425,23,2,0,0,-0.8262181312768184
development_oof,x10,10,rbf_matched,426,377,2,0,1,1.8714871963156514
development_oof,x10,10,rbf_matched,439,156,2,1,0,-0.4252269499063266
development_oof,x10,10,rbf_matched,461,371,2,1,0,-0.2872481969198044
development_oof,x10,10,rbf_matched,487,156,2,0,0,-0.4869030172932367
development_oof,x10,10,rbf_matched,505,81,2,1,0,-0.49389279921529305
development_oof,x10,10,rbf_matched,514,360,2,1,1,1.484925846798809
development_oof,x10,10,rbf_matched,515,150,2,0,0,-1.0906263269285599
development_oof,x10,10,rbf_matched,523,2,2,1,0,-0.8137229075969266
development_oof,x10,10,rbf_matched,526,23,2,0,0,-0.3863654167021384
development_oof,x10,10,rbf_matched,541,113,2,0,0,-0.8490911966893211
development_oof,x10,10,rbf_matched,551,353,2,0,0,-0.8930040626317612
development_oof,x10,10,rbf_matched,584,46,2,0,0,-0.7372205457745309
development_oof,x10,10,rbf_matched,586,346,2,0,1,0.6569498888577652
development_oof,x10,10,rbf_matched,589,153,2,1,1,0.1068745758090941
development_oof,x10,10,rbf_matched,593,90,2,0,0,-1.0913944255870336
development_oof,x10,10,rbf_matched,598,90,2,0,0,-0.8214066726304374
development_oof,x10,10,rbf_matched,599,340,2,0,0,-0.9434122650917904
development_oof,x10,10,rbf_matched,603,40,2,1,1,1.328280850113519
development_oof,x10,10,rbf_matched,609,7,2,0,0,-1.0215772957987521
development_oof,x10,10,rbf_matched,623,150,2,0,0,-0.9792940100377698
development_oof,x10,10,rbf_matched,624,149,2,1,0,-0.5918259993491328
development_oof,x10,10,rbf_matched,636,334,2,1,0,-0.6160961590133107
development_oof,x10,10,rbf_matched,661,90,2,0,0,-1.03919520922095
development_oof,x10,10,rbf_matched,670,322,2,0,1,0.3612541705338326
development_oof,x10,10,rbf_matched,677,319,2,0,0,-0.830864576422351
development_oof,x10,10,rbf_matched,707,311,2,0,0,-0.5879756049806188
development_oof,x10,10,rbf_matched,710,75,2,1,0,-1.17710183328891
development_oof,x10,10,rbf_matched,716,309,2,0,0,-0.8601810104945009
development_oof,x10,10,rbf_matched,762,302,2,0,0,-0.5144958114522138
development_oof,x10,10,rbf_matched,766,130,2,0,0,-0.8963443685941892
development_oof,x10,10,rbf_matched,777,297,2,0,0,-1.1022514844157636
development_oof,x10,10,rbf_matched,790,62,2,1,0,-0.520910637669284
development_oof,x10,10,rbf_matched,791,294,2,0,0,-1.218836122316575
development_oof,x10,10,rbf_matched,793,292,2,1,0,-1.186907525807135
development_oof,x10,10,rbf_matched,810,286,2,0,0,-1.2645065027114162
development_oof,x10,10,rbf_matched,819,130,2,1,0,-0.8282683178317287
development_oof,x10,10,rbf_matched,825,83,2,0,0,-0.4086943417406381
development_oof,x10,10,rbf_matched,831,281,2,0,0,-1.0743756844223753
development_oof,x10,10,rbf_matched,842,277,2,0,0,-0.7146130880317878
development_oof,x10,10,rbf_matched,850,273,2,0,0,-0.803187513419805
development_oof,x10,10,rbf_matched,859,267,2,0,0,-0.47190749228393214
development_oof,x10,10,rbf_matched,863,81,2,1,0,-0.3970646238759403
development_oof,x10,10,rbf_matched,884,257,2,0,0,-0.8712226406897547
development_oof,x10,10,rbf_matched,895,124,2,0,0,-0.5633194119842331
development_oof,x10,10,rbf_matched,896,251,2,0,0,-0.7701527940071402
development_oof,x10,10,rbf_matched,914,56,2,1,1,1.0555340283069994
development_oof,x10,10,rbf_matched,922,240,2,0,0,-1.074330503155675
development_oof,x10,10,rbf_matched,923,23,2,0,0,-0.8430331861151152
development_oof,x10,10,rbf_matched,933,232,2,0,0,-0.9398128493384614
development_oof,x10,10,rbf_matched,947,226,2,0,0,-0.7537212419046206
development_oof,x10,10,rbf_matched,951,223,2,0,0,-0.6474182764860701
development_oof,x10,10,rbf_matched,953,119,2,0,0,-0.8104296088948411
development_oof,x10,10,rbf_matched,965,216,2,0,0,-0.6550931558206881
development_oof,x10,10,rbf_matched,976,209,2,0,0,-1.1394322591306338
development_oof,x10,10,rbf_matched,986,113,2,0,0,-0.9248680566675735
development_oof,x10,10,rbf_matched,1001,107,2,0,1,0.07707212821051068
development_oof,x10,10,rbf_matched,1005,196,2,0,0,-0.7407338054811692
development_oof,x10,10,rbf_matched,1020,188,2,0,1,0.0052175421040860925
development_oof,x10,10,rbf_matched,1026,186,2,1,0,-0.8515434139886795
development_oof,x10,10,rbf_matched,1030,182,2,0,0,-0.766028529709512
development_oof,x10,10,quantum_angle_product,2,460,2,0,0,-0.7229763542244667
development_oof,x10,10,quantum_angle_product,8,107,2,0,0,-0.5168129464711138
development_oof,x10,10,quantum_angle_product,18,56,2,1,1,1.1871879545110433
development_oof,x10,10,quantum_angle_product,33,452,2,0,0,-0.8839650064419677
development_oof,x10,10,quantum_angle_product,34,23,2,0,0,-0.836245854741656
development_oof,x10,10,quantum_angle_product,37,177,2,0,0,-0.7438296454137143
development_oof,x10,10,quantum_angle_product,50,40,2,1,1,0.5406713531105263
development_oof,x10,10,quantum_angle_product,51,75,2,1,0,-0.855176600259095
development_oof,x10,10,quantum_angle_product,55,107,2,0,0,-0.687277548493511
development_oof,x10,10,quantum_angle_product,67,446,2,0,0,-0.9534938648413389
development_oof,x10,10,quantum_angle_product,81,441,2,0,0,-0.6417672132295982
development_oof,x10,10,quantum_angle_product,97,30,2,1,0,-0.8094464378083286
development_oof,x10,10,quantum_angle_product,108,436,2,0,0,-1.0321354050916502
development_oof,x10,10,quantum_angle_product,114,173,2,0,0,-1.3417952124701555
development_oof,x10,10,quantum_angle_product,115,2,2,1,0,-1.1470854529189554
development_oof,x10,10,quantum_angle_product,118,172,2,0,0,-1.2525180894711605
development_oof,x10,10,quantum_angle_product,140,40,2,0,1,1.7563279143590806
development_oof,x10,10,quantum_angle_product,166,425,2,0,0,-0.5744869986983323
development_oof,x10,10,quantum_angle_product,177,40,2,1,1,1.3982355365311916
development_oof,x10,10,quantum_angle_product,216,167,2,1,0,-1.0323714831615964
development_oof,x10,10,quantum_angle_product,229,30,2,1,0,-0.972654963239072
development_oof,x10,10,quantum_angle_product,235,30,2,1,0,-1.0610228090092972
development_oof,x10,10,quantum_angle_product,240,167,2,1,0,-1.0097853947231057
development_oof,x10,10,quantum_angle_product,241,23,2,0,0,-0.8358954263482596
development_oof,x10,10,quantum_angle_product,246,56,2,1,1,1.1632535361620198
development_oof,x10,10,quantum_angle_product,249,124,2,0,0,-0.159595954760122
development_oof,x10,10,quantum_angle_product,251,30,2,1,0,-1.0019365996890164
development_oof,x10,10,quantum_angle_product,253,412,2,0,0,-0.34048349967217195
development_oof,x10,10,quantum_angle_product,254,411,2,1,0,-0.08783121739303734
development_oof,x10,10,quantum_angle_product,262,98,2,1,1,1.6660892173186719
development_oof,x10,10,quantum_angle_product,265,75,2,0,0,-0.335796668402387
development_oof,x10,10,quantum_angle_product,275,56,2,1,1,1.0992295928898832
development_oof,x10,10,quantum_angle_product,281,30,2,1,0,-0.8530958634031416
development_oof,x10,10,quantum_angle_product,283,56,2,1,1,1.4269842282804026
development_oof,x10,10,quantum_angle_product,291,98,2,1,1,1.7259842871470736
development_oof,x10,10,quantum_angle_product,301,403,2,0,0,-1.28058128216058
development_oof,x10,10,quantum_angle_product,325,396,2,0,0,-0.6492597611037914
development_oof,x10,10,quantum_angle_product,344,23,2,1,0,-0.5769749742658066
development_oof,x10,10,quantum_angle_product,359,23,2,0,0,-0.8992348024760721
development_oof,x10,10,quantum_angle_product,365,388,2,0,0,-0.8016656212850739
development_oof,x10,10,quantum_angle_product,378,23,2,0,0,-0.8444843105682844
development_oof,x10,10,quantum_angle_product,389,382,2,0,0,-1.2538341134327107
development_oof,x10,10,quantum_angle_product,408,98,2,1,1,1.7633335633613916
development_oof,x10,10,quantum_angle_product,413,62,2,1,0,-0.870894224060005
development_oof,x10,10,quantum_angle_product,425,23,2,0,0,-0.8073507721238995
development_oof,x10,10,quantum_angle_product,426,377,2,0,1,2.487013258591042
development_oof,x10,10,quantum_angle_product,439,156,2,1,0,-0.3557670325377744
development_oof,x10,10,quantum_angle_product,461,371,2,1,0,-0.1628774877416097
development_oof,x10,10,quantum_angle_product,487,156,2,0,0,-0.4290054447682037
development_oof,x10,10,quantum_angle_product,505,81,2,1,0,-0.35157234629223755
development_oof,x10,10,quantum_angle_product,514,360,2,1,1,1.7329045409604609
development_oof,x10,10,quantum_angle_product,515,150,2,0,0,-1.1676865544211106
development_oof,x10,10,quantum_angle_product,523,2,2,1,0,-0.7481504300419983
development_oof,x10,10,quantum_angle_product,526,23,2,0,0,-0.35201006711241245
development_oof,x10,10,quantum_angle_product,541,113,2,0,0,-0.8818532648103554
development_oof,x10,10,quantum_angle_product,551,353,2,0,0,-0.8871662731903855
development_oof,x10,10,quantum_angle_product,584,46,2,0,0,-0.6637031393852224
development_oof,x10,10,quantum_angle_product,586,346,2,0,1,1.015222764491452
development_oof,x10,10,quantum_angle_product,589,153,2,1,1,0.24831049449171605
development_oof,x10,10,quantum_angle_product,593,90,2,0,0,-1.2652500744819806
development_oof,x10,10,quantum_angle_product,598,90,2,0,0,-1.0303496803511072
development_oof,x10,10,quantum_angle_product,599,340,2,0,0,-0.9444829564850634
development_oof,x10,10,quantum_angle_product,603,40,2,1,1,1.6238778041760957
development_oof,x10,10,quantum_angle_product,609,7,2,0,0,-1.141837688615868
development_oof,x10,10,quantum_angle_product,623,150,2,0,0,-1.0487037351275026
development_oof,x10,10,quantum_angle_product,624,149,2,1,0,-0.5357284039730681
development_oof,x10,10,quantum_angle_product,636,334,2,1,0,-0.4608981966253536
development_oof,x10,10,quantum_angle_product,661,90,2,0,0,-1.2535269984188622
development_oof,x10,10,quantum_angle_product,670,322,2,0,1,0.5650164520611023
development_oof,x10,10,quantum_angle_product,677,319,2,0,0,-0.7453405334161891
development_oof,x10,10,quantum_angle_product,707,311,2,0,0,-0.702659076238116
development_oof,x10,10,quantum_angle_product,710,75,2,1,0,-1.2297698570334985
development_oof,x10,10,quantum_angle_product,716,309,2,0,0,-0.8681166553795334
development_oof,x10,10,quantum_angle_product,762,302,2,0,0,-0.2989528025406356
development_oof,x10,10,quantum_angle_product,766,130,2,0,0,-1.1455885284110794
development_oof,x10,10,quantum_angle_product,777,297,2,0,0,-1.1157224660731222
development_oof,x10,10,quantum_angle_product,790,62,2,1,0,-0.4050718043001167
development_oof,x10,10,quantum_angle_product,791,294,2,0,0,-1.3734295026281371
development_oof,x10,10,quantum_angle_product,793,292,2,1,0,-1.352376353715866
development_oof,x10,10,quantum_angle_product,810,286,2,0,0,-1.5644491538780327
development_oof,x10,10,quantum_angle_product,819,130,2,1,0,-0.9800417794248188
development_oof,x10,10,quantum_angle_product,825,83,2,0,0,-0.2494251355676047
development_oof,x10,10,quantum_angle_product,831,281,2,0,0,-1.109646184183382
development_oof,x10,10,quantum_angle_product,842,277,2,0,0,-0.602645679430565
development_oof,x10,10,quantum_angle_product,850,273,2,0,0,-0.8547953836412985
development_oof,x10,10,quantum_angle_product,859,267,2,0,0,-0.3004001680219348
development_oof,x10,10,quantum_angle_product,863,81,2,1,0,-0.229230626946074
development_oof,x10,10,quantum_angle_product,884,257,2,0,0,-0.8239858126840742
development_oof,x10,10,quantum_angle_product,895,124,2,0,0,-0.3478753840797717
development_oof,x10,10,quantum_angle_product,896,251,2,0,0,-0.6867712399197581
development_oof,x10,10,quantum_angle_product,914,56,2,1,1,1.1726658206793035
development_oof,x10,10,quantum_angle_product,922,240,2,0,0,-1.10551865072829
development_oof,x10,10,quantum_angle_product,923,23,2,0,0,-0.8613943788341922
development_oof,x10,10,quantum_angle_product,933,232,2,0,0,-0.9231935107788667
development_oof,x10,10,quantum_angle_product,947,226,2,0,0,-0.6039952048581076
development_oof,x10,10,quantum_angle_product,951,223,2,0,0,-0.5451022774466727
development_oof,x10,10,quantum_angle_product,953,119,2,0,0,-0.7281348917129629
development_oof,x10,10,quantum_angle_product,965,216,2,0,0,-0.538049602106013
development_oof,x10,10,quantum_angle_product,976,209,2,0,0,-1.2746847943081496
development_oof,x10,10,quantum_angle_product,986,113,2,0,0,-0.9246624821588716
development_oof,x10,10,quantum_angle_product,1001,107,2,0,1,0.3025480504768927
development_oof,x10,10,quantum_angle_product,1005,196,2,0,0,-0.7571032979131802
development_oof,x10,10,quantum_angle_product,1020,188,2,0,1,0.3594507014492452
development_oof,x10,10,quantum_angle_product,1026,186,2,1,0,-0.8761681336267246
development_oof,x10,10,quantum_angle_product,1030,182,2,0,0,-0.8127531213339294
development_oof,x10,10,quantum_iqp_zz_linear,2,460,2,0,0,-0.6831425969031294
development_oof,x10,10,quantum_iqp_zz_linear,8,107,2,0,0,-0.6170864936561692
development_oof,x10,10,quantum_iqp_zz_linear,18,56,2,1,1,1.1201652811416352
development_oof,x10,10,quantum_iqp_zz_linear,33,452,2,0,0,-0.9357517911953445
development_oof,x10,10,quantum_iqp_zz_linear,34,23,2,0,0,-0.878510026777593
development_oof,x10,10,quantum_iqp_zz_linear,37,177,2,0,0,-0.8272181562124753
development_oof,x10,10,quantum_iqp_zz_linear,50,40,2,1,1,0.4891811245367632
development_oof,x10,10,quantum_iqp_zz_linear,51,75,2,1,0,-0.8855172146664471
development_oof,x10,10,quantum_iqp_zz_linear,55,107,2,0,0,-0.7849408434378341
development_oof,x10,10,quantum_iqp_zz_linear,67,446,2,0,0,-0.8201310930492293
development_oof,x10,10,quantum_iqp_zz_linear,81,441,2,0,0,-0.7261377613776913
development_oof,x10,10,quantum_iqp_zz_linear,97,30,2,1,0,-0.874693977387157
development_oof,x10,10,quantum_iqp_zz_linear,108,436,2,0,0,-0.9243847290830906
development_oof,x10,10,quantum_iqp_zz_linear,114,173,2,0,0,-1.2392130642505697
development_oof,x10,10,quantum_iqp_zz_linear,115,2,2,1,0,-1.0688095474403743
development_oof,x10,10,quantum_iqp_zz_linear,118,172,2,0,0,-1.1870832804279825
development_oof,x10,10,quantum_iqp_zz_linear,140,40,2,0,1,1.147904320549459
development_oof,x10,10,quantum_iqp_zz_linear,166,425,2,0,0,-0.31042351635082766
development_oof,x10,10,quantum_iqp_zz_linear,177,40,2,1,1,1.1492829274232066
development_oof,x10,10,quantum_iqp_zz_linear,216,167,2,1,0,-0.9962620879648117
development_oof,x10,10,quantum_iqp_zz_linear,229,30,2,1,0,-1.0027879803417932
development_oof,x10,10,quantum_iqp_zz_linear,235,30,2,1,0,-1.0592725711106628
development_oof,x10,10,quantum_iqp_zz_linear,240,167,2,1,0,-1.0138570812257295
development_oof,x10,10,quantum_iqp_zz_linear,241,23,2,0,0,-0.8784608405805846
development_oof,x10,10,quantum_iqp_zz_linear,246,56,2,1,1,1.0552088086897664
development_oof,x10,10,quantum_iqp_zz_linear,249,124,2,0,0,-0.35120115060098944
development_oof,x10,10,quantum_iqp_zz_linear,251,30,2,1,0,-1.0121287535211878
development_oof,x10,10,quantum_iqp_zz_linear,253,412,2,0,0,-0.45168665803432007
development_oof,x10,10,quantum_iqp_zz_linear,254,411,2,1,0,-0.18798891759217418
development_oof,x10,10,quantum_iqp_zz_linear,262,98,2,1,1,1.300840346582423
development_oof,x10,10,quantum_iqp_zz_linear,265,75,2,0,0,-0.3958374077776189
development_oof,x10,10,quantum_iqp_zz_linear,275,56,2,1,1,1.0136894231589526
development_oof,x10,10,quantum_iqp_zz_linear,281,30,2,1,0,-0.9193998020633954
development_oof,x10,10,quantum_iqp_zz_linear,283,56,2,1,1,1.1767634947070964
development_oof,x10,10,quantum_iqp_zz_linear,291,98,2,1,1,1.3235610443787102
development_oof,x10,10,quantum_iqp_zz_linear,301,403,2,0,0,-1.2018499075921185
development_oof,x10,10,quantum_iqp_zz_linear,325,396,2,0,0,-0.7468954338889172
development_oof,x10,10,quantum_iqp_zz_linear,344,23,2,1,0,-0.6273981830296792
development_oof,x10,10,quantum_iqp_zz_linear,359,23,2,0,0,-0.9190856403939497
development_oof,x10,10,quantum_iqp_zz_linear,365,388,2,0,0,-0.8233124467376066
development_oof,x10,10,quantum_iqp_zz_linear,378,23,2,0,0,-0.8927205338288123
development_oof,x10,10,quantum_iqp_zz_linear,389,382,2,0,0,-1.2068898535144443
development_oof,x10,10,quantum_iqp_zz_linear,408,98,2,1,1,1.3790473365354066
development_oof,x10,10,quantum_iqp_zz_linear,413,62,2,1,0,-0.9109648700186969
development_oof,x10,10,quantum_iqp_zz_linear,425,23,2,0,0,-0.8843122288319073
development_oof,x10,10,quantum_iqp_zz_linear,426,377,2,0,1,2.06673010364896
development_oof,x10,10,quantum_iqp_zz_linear,439,156,2,1,0,-0.43971551566450195
development_oof,x10,10,quantum_iqp_zz_linear,461,371,2,1,0,-0.3234473472409992
development_oof,x10,10,quantum_iqp_zz_linear,487,156,2,0,0,-0.5116067890060442
development_oof,x10,10,quantum_iqp_zz_linear,505,81,2,1,0,-0.46132867151260937
development_oof,x10,10,quantum_iqp_zz_linear,514,360,2,1,1,1.4379050105746862
development_oof,x10,10,quantum_iqp_zz_linear,515,150,2,0,0,-1.0827234827830519
development_oof,x10,10,quantum_iqp_zz_linear,523,2,2,1,0,-0.7920822445844103
development_oof,x10,10,quantum_iqp_zz_linear,526,23,2,0,0,-0.3920024471240572
development_oof,x10,10,quantum_iqp_zz_linear,541,113,2,0,0,-0.927646471466142
development_oof,x10,10,quantum_iqp_zz_linear,551,353,2,0,0,-0.7745109067412496
development_oof,x10,10,quantum_iqp_zz_linear,584,46,2,0,0,-0.674678166139484
development_oof,x10,10,quantum_iqp_zz_linear,586,346,2,0,1,0.8334625036790398
development_oof,x10,10,quantum_iqp_zz_linear,589,153,2,1,1,0.142007830388174
development_oof,x10,10,quantum_iqp_zz_linear,593,90,2,0,0,-1.2361984685331548
development_oof,x10,10,quantum_iqp_zz_linear,598,90,2,0,0,-0.9363425644101072
development_oof,x10,10,quantum_iqp_zz_linear,599,340,2,0,0,-1.022100777805755
development_oof,x10,10,quantum_iqp_zz_linear,603,40,2,1,1,1.2459216269114153
development_oof,x10,10,quantum_iqp_zz_linear,609,7,2,0,0,-1.117525046840024
development_oof,x10,10,quantum_iqp_zz_linear,623,150,2,0,0,-1.0481416472833507
development_oof,x10,10,quantum_iqp_zz_linear,624,149,2,1,0,-0.5838546849442084
development_oof,x10,10,quantum_iqp_zz_linear,636,334,2,1,0,-0.4871517602576073
development_oof,x10,10,quantum_iqp_zz_linear,661,90,2,0,0,-1.1752542363909728
development_oof,x10,10,quantum_iqp_zz_linear,670,322,2,0,1,0.5694913444644844
development_oof,x10,10,quantum_iqp_zz_linear,677,319,2,0,0,-0.8016910924293287
development_oof,x10,10,quantum_iqp_zz_linear,707,311,2,0,0,-0.4227895695349645
development_oof,x10,10,quantum_iqp_zz_linear,710,75,2,1,0,-1.2115530203180285
development_oof,x10,10,quantum_iqp_zz_linear,716,309,2,0,0,-0.891228241853479
development_oof,x10,10,quantum_iqp_zz_linear,762,302,2,0,0,-0.4544566629559005
development_oof,x10,10,quantum_iqp_zz_linear,766,130,2,0,0,-1.0761921553655767
development_oof,x10,10,quantum_iqp_zz_linear,777,297,2,0,0,-1.1270882506174456
development_oof,x10,10,quantum_iqp_zz_linear,790,62,2,1,0,-0.3952933520361751
development_oof,x10,10,quantum_iqp_zz_linear,791,294,2,0,0,-1.2979906501249658
development_oof,x10,10,quantum_iqp_zz_linear,793,292,2,1,0,-1.3328618562626522
development_oof,x10,10,quantum_iqp_zz_linear,810,286,2,0,0,-1.4202468210361738
development_oof,x10,10,quantum_iqp_zz_linear,819,130,2,1,0,-0.9606142513421535
development_oof,x10,10,quantum_iqp_zz_linear,825,83,2,0,0,-0.25494305230499836
development_oof,x10,10,quantum_iqp_zz_linear,831,281,2,0,0,-1.0916068248377218
development_oof,x10,10,quantum_iqp_zz_linear,842,277,2,0,0,-0.7398393036973189
development_oof,x10,10,quantum_iqp_zz_linear,850,273,2,0,0,-0.7283044213291222
development_oof,x10,10,quantum_iqp_zz_linear,859,267,2,0,0,-0.38101917308307665
development_oof,x10,10,quantum_iqp_zz_linear,863,81,2,1,0,-0.3328809121371975
development_oof,x10,10,quantum_iqp_zz_linear,884,257,2,0,0,-0.8395726923958687
development_oof,x10,10,quantum_iqp_zz_linear,895,124,2,0,0,-0.5078331439955986
development_oof,x10,10,quantum_iqp_zz_linear,896,251,2,0,0,-0.5799269614988679
development_oof,x10,10,quantum_iqp_zz_linear,914,56,2,1,1,1.1141449968857846
development_oof,x10,10,quantum_iqp_zz_linear,922,240,2,0,0,-1.010840067563536
development_oof,x10,10,quantum_iqp_zz_linear,923,23,2,0,0,-0.7817512270218042
development_oof,x10,10,quantum_iqp_zz_linear,933,232,2,0,0,-0.930691098765006
development_oof,x10,10,quantum_iqp_zz_linear,947,226,2,0,0,-0.6979908459319019
development_oof,x10,10,quantum_iqp_zz_linear,951,223,2,0,0,-0.4785499215360006
development_oof,x10,10,quantum_iqp_zz_linear,953,119,2,0,0,-0.7659149703597151
development_oof,x10,10,quantum_iqp_zz_linear,965,216,2,0,0,-0.6641089104764638
development_oof,x10,10,quantum_iqp_zz_linear,976,209,2,0,0,-1.198559955755493
development_oof,x10,10,quantum_iqp_zz_linear,986,113,2,0,0,-0.9781379099934272
development_oof,x10,10,quantum_iqp_zz_linear,1001,107,2,0,0,-0.011427968763703
development_oof,x10,10,quantum_iqp_zz_linear,1005,196,2,0,0,-0.8164889234051346
development_oof,x10,10,quantum_iqp_zz_linear,1020,188,2,0,1,0.04811627960188236
development_oof,x10,10,quantum_iqp_zz_linear,1026,186,2,1,0,-0.9444558494493377
development_oof,x10,10,quantum_iqp_zz_linear,1030,182,2,0,0,-0.790990823917964
development_oof,x10,10,rbf_matched,20,3,3,0,0,-0.6029280977488916
development_oof,x10,10,rbf_matched,29,453,3,0,0,-1.0369751634151565
development_oof,x10,10,rbf_matched,31,3,3,0,0,-1.0393715259480427
development_oof,x10,10,rbf_matched,36,80,3,0,0,-0.9924001533244429
development_oof,x10,10,rbf_matched,39,42,3,0,0,-0.9761748156100292
development_oof,x10,10,rbf_matched,42,3,3,0,0,-0.9504158716384425
development_oof,x10,10,rbf_matched,78,443,3,1,0,-0.3451807418880789
development_oof,x10,10,rbf_matched,87,439,3,0,0,-1.5916555796467844
development_oof,x10,10,rbf_matched,92,27,3,1,0,-0.6693272356299123
development_oof,x10,10,rbf_matched,93,165,3,0,0,-1.0895975206088397
development_oof,x10,10,rbf_matched,101,27,3,0,0,-0.8607361788746102
development_oof,x10,10,rbf_matched,125,111,3,0,0,-0.399468852563
development_oof,x10,10,rbf_matched,145,430,3,0,1,0.11397004883747469
development_oof,x10,10,rbf_matched,146,59,3,1,1,0.08956781931295582
development_oof,x10,10,rbf_matched,147,16,3,0,0,-0.6732437099554317
development_oof,x10,10,rbf_matched,148,59,3,1,0,-0.0037972918016857538
development_oof,x10,10,rbf_matched,154,59,3,1,0,-0.35032121837599894
development_oof,x10,10,rbf_matched,158,428,3,0,0,-0.6060106604028106
development_oof,x10,10,rbf_matched,173,52,3,0,0,-0.1324131917342667
development_oof,x10,10,rbf_matched,175,38,3,1,1,1.8906848285497728
development_oof,x10,10,rbf_matched,176,3,3,0,0,-1.0054786048142148
development_oof,x10,10,rbf_matched,192,8,3,0,0,-1.4186621703505449
development_oof,x10,10,rbf_matched,196,8,3,0,0,-1.1857645954122948
development_oof,x10,10,rbf_matched,202,421,3,0,0,-1.5377716476120242
development_oof,x10,10,rbf_matched,211,8,3,0,0,-1.1017928911167632
development_oof,x10,10,rbf_matched,217,8,3,0,0,-0.9437693054055141
development_oof,x10,10,rbf_matched,218,8,3,0,0,-1.3263267138909127
development_oof,x10,10,rbf_matched,220,8,3,0,0,-0.7627391220434785
development_oof,x10,10,rbf_matched,226,8,3,0,0,-1.3472285422173942
development_oof,x10,10,rbf_matched,227,38,3,1,1,1.664964793843952
development_oof,x10,10,rbf_matched,230,121,3,1,1,0.15533827053775978
development_oof,x10,10,rbf_matched,238,415,3,0,0,-0.92759417860991
development_oof,x10,10,rbf_matched,239,3,3,0,0,-0.3921363553438111
development_oof,x10,10,rbf_matched,242,52,3,1,1,2.037361376736561
development_oof,x10,10,rbf_matched,252,3,3,0,0,-1.0586135433618982
development_oof,x10,10,rbf_matched,257,80,3,0,0,-0.8269707104915975
development_oof,x10,10,rbf_matched,266,103,3,1,1,1.7711263924841723
development_oof,x10,10,rbf_matched,268,8,3,0,0,-1.100031309110096
development_oof,x10,10,rbf_matched,271,165,3,0,0,-1.1011352351641392
development_oof,x10,10,rbf_matched,278,407,3,0,0,-1.1020153486425057
development_oof,x10,10,rbf_matched,279,3,3,0,0,-0.9594242099802734
development_oof,x10,10,rbf_matched,284,38,3,1,1,1.4693106926675192
development_oof,x10,10,rbf_matched,285,3,3,0,0,-1.2486019684400707
development_oof,x10,10,rbf_matched,286,3,3,0,0,-1.0343004174827943
development_oof,x10,10,rbf_matched,287,158,3,0,0,-1.2241983707995066
development_oof,x10,10,rbf_matched,290,164,3,1,1,0.4411158063851712
development_oof,x10,10,rbf_matched,300,404,3,1,1,0.3756061031445565
development_oof,x10,10,rbf_matched,309,22,3,0,0,-1.0356981378740686
development_oof,x10,10,rbf_matched,320,38,3,1,1,2.041152933797992
development_oof,x10,10,rbf_matched,321,397,3,0,0,-0.44028901127791054
development_oof,x10,10,rbf_matched,323,3,3,0,0,-0.9581840564847481
development_oof,x10,10,rbf_matched,327,3,3,0,0,-0.5668686184652383
development_oof,x10,10,rbf_matched,332,38,3,1,1,1.7747188485093892
development_oof,x10,10,rbf_matched,333,8,3,0,0,-1.0151841003124538
development_oof,x10,10,rbf_matched,341,135,3,1,0,-0.20374838160790032
development_oof,x10,10,rbf_matched,348,3,3,0,0,-0.8978259248603571
development_oof,x10,10,rbf_matched,349,22,3,1,0,-1.4426527560617197
development_oof,x10,10,rbf_matched,353,3,3,1,0,-1.3267039960045652
development_oof,x10,10,rbf_matched,354,391,3,1,0,-0.17025450609133524
development_oof,x10,10,rbf_matched,356,390,3,0,0,-0.3108586557675631
development_oof,x10,10,rbf_matched,363,22,3,0,0,-1.3742587976303973
development_oof,x10,10,rbf_matched,370,8,3,0,0,-0.673997348268228
development_oof,x10,10,rbf_matched,387,383,3,1,0,-1.4147702568877125
development_oof,x10,10,rbf_matched,406,78,3,0,0,-0.8300603696312234
development_oof,x10,10,rbf_matched,412,3,3,0,0,-0.7073247199728772
development_oof,x10,10,rbf_matched,414,3,3,0,0,-0.45073761814761804
development_oof,x10,10,rbf_matched,416,378,3,0,0,-1.451287806389041
development_oof,x10,10,rbf_matched,417,22,3,0,0,-1.0014298419880068
development_oof,x10,10,rbf_matched,419,154,3,1,1,1.8445303258365633
development_oof,x10,10,rbf_matched,421,27,3,0,0,-0.9749753549591571
development_oof,x10,10,rbf_matched,424,27,3,0,0,-0.4719029784110481
development_oof,x10,10,rbf_matched,437,158,3,0,0,-1.071092514879556
development_oof,x10,10,rbf_matched,438,96,3,1,0,-0.6440358040843837
development_oof,x10,10,rbf_matched,441,27,3,1,0,-0.8657732968795953
development_oof,x10,10,rbf_matched,443,372,3,0,0,-1.4850878617889836
development_oof,x10,10,rbf_matched,448,13,3,0,0,-0.42332704101162955
development_oof,x10,10,rbf_matched,450,3,3,0,0,-0.777875103410244
development_oof,x10,10,rbf_matched,451,3,3,0,1,0.18787129199314145
development_oof,x10,10,rbf_matched,456,78,3,0,0,-0.6137719602495496
development_oof,x10,10,rbf_matched,469,8,3,0,0,-0.6986002863786518
development_oof,x10,10,rbf_matched,473,22,3,0,0,-1.374043946192233
development_oof,x10,10,rbf_matched,483,27,3,0,0,-0.707497911804752
development_oof,x10,10,rbf_matched,490,364,3,0,0,-0.708365723426348
development_oof,x10,10,rbf_matched,511,129,3,0,0,-1.0305685886914049
development_oof,x10,10,rbf_matched,522,154,3,1,1,1.6440794999624184
development_oof,x10,10,rbf_matched,544,63,3,1,0,-1.1422929966093123
development_oof,x10,10,rbf_matched,547,77,3,0,0,-0.8274469745412352
development_oof,x10,10,rbf_matched,550,354,3,0,0,-0.7971223069294711
development_oof,x10,10,rbf_matched,556,13,3,0,0,-0.22762898665737075
development_oof,x10,10,rbf_matched,567,13,3,0,0,-0.24384139615334333
development_oof,x10,10,rbf_matched,580,348,3,1,1,0.005348955244335235
development_oof,x10,10,rbf_matched,597,341,3,0,0,-0.7049967988259471
development_oof,x10,10,rbf_matched,606,337,3,0,0,-1.4257157065533241
development_oof,x10,10,rbf_matched,628,147,3,0,0,-1.7257433576302563
development_oof,x10,10,rbf_matched,632,77,3,0,0,-0.6076624638903878
development_oof,x10,10,rbf_matched,649,89,3,0,0,-1.1460030803625116
development_oof,x10,10,rbf_matched,652,328,3,0,0,-0.4598478133211188
development_oof,x10,10,rbf_matched,681,318,3,0,0,-0.6096786900001538
development_oof,x10,10,rbf_matched,685,33,3,0,0,-1.093406305167209
development_oof,x10,10,rbf_matched,686,144,3,1,0,-0.5214493666222957
development_oof,x10,10,rbf_matched,690,315,3,0,0,-0.7623105116827046
development_oof,x10,10,rbf_matched,694,33,3,0,0,-1.7888451809984167
development_oof,x10,10,rbf_matched,696,89,3,0,0,-1.367662849133552
development_oof,x10,10,rbf_matched,717,140,3,0,1,0.23676068811715506
development_oof,x10,10,rbf_matched,718,308,3,0,0,-1.6525683163626068
development_oof,x10,10,rbf_matched,743,13,3,0,0,-0.6509339994604948
development_oof,x10,10,rbf_matched,756,303,3,0,0,-0.5280771281318102
development_oof,x10,10,rbf_matched,767,63,3,1,0,-1.2362363267222365
development_oof,x10,10,rbf_matched,768,300,3,0,1,1.8179132962680167
development_oof,x10,10,rbf_matched,769,135,3,0,0,-0.23256689848308376
development_oof,x10,10,rbf_matched,801,290,3,0,0,-0.986086212455209
development_oof,x10,10,rbf_matched,805,63,3,1,0,-0.46072057458641225
development_oof,x10,10,rbf_matched,807,288,3,0,0,-1.6393959793529618
development_oof,x10,10,rbf_matched,808,33,3,0,0,-0.5206673627234595
development_oof,x10,10,rbf_matched,813,33,3,0,0,-0.19434042934295692
development_oof,x10,10,rbf_matched,821,282,3,0,0,-0.2979960083831559
development_oof,x10,10,rbf_matched,827,129,3,0,0,-0.9352174578084307
development_oof,x10,10,rbf_matched,847,274,3,0,0,-1.2540458260481662
development_oof,x10,10,rbf_matched,854,271,3,0,0,-1.900729289201197
development_oof,x10,10,rbf_matched,864,264,3,0,0,-1.3002855210357207
development_oof,x10,10,rbf_matched,866,262,3,0,1,0.28492139743544215
development_oof,x10,10,rbf_matched,869,80,3,0,0,-0.9380687176042568
development_oof,x10,10,rbf_matched,881,259,3,0,0,-0.20703001752224043
development_oof,x10,10,rbf_matched,883,59,3,1,1,0.43195874700360054
development_oof,x10,10,rbf_matched,893,253,3,0,0,-0.7232143297102204
development_oof,x10,10,rbf_matched,899,123,3,1,1,1.8354750180565285
development_oof,x10,10,rbf_matched,904,52,3,1,1,1.8624047872597236
development_oof,x10,10,rbf_matched,913,121,3,1,1,1.4002678219477624
development_oof,x10,10,rbf_matched,917,243,3,1,0,-0.5386110437011981
development_oof,x10,10,rbf_matched,920,241,3,0,0,-0.7330834361654135
development_oof,x10,10,rbf_matched,921,16,3,0,0,-0.2734503786035889
development_oof,x10,10,rbf_matched,930,235,3,1,1,0.3252736253613129
development_oof,x10,10,rbf_matched,935,231,3,0,0,-0.9374547968381355
development_oof,x10,10,rbf_matched,940,78,3,0,0,-0.6847932116859001
development_oof,x10,10,rbf_matched,945,227,3,0,0,-0.3200469248260781
development_oof,x10,10,rbf_matched,962,218,3,0,0,-1.0522158766287468
development_oof,x10,10,rbf_matched,963,217,3,0,0,-1.3039944547625815
development_oof,x10,10,rbf_matched,973,210,3,0,0,-1.6517793243808692
development_oof,x10,10,rbf_matched,982,77,3,0,0,-0.7349103875270239
development_oof,x10,10,rbf_matched,988,202,3,1,0,-0.8656038078880675
development_oof,x10,10,rbf_matched,998,198,3,0,0,-1.2458805883398048
development_oof,x10,10,rbf_matched,1002,197,3,0,0,-0.393365076721118
development_oof,x10,10,rbf_matched,1006,111,3,0,0,-1.3729966643747382
development_oof,x10,10,rbf_matched,1017,189,3,0,0,-0.8628356087989919
development_oof,x10,10,rbf_matched,1025,63,3,1,0,-2.297465847364265
development_oof,x10,10,rbf_matched,1028,184,3,0,0,-0.47760223744383923
development_oof,x10,10,rbf_matched,1029,183,3,0,0,-0.8401917177665243
development_oof,x10,10,quantum_angle_product,20,3,3,0,0,-0.6338233709226644
development_oof,x10,10,quantum_angle_product,29,453,3,0,0,-1.1345333127805926
development_oof,x10,10,quantum_angle_product,31,3,3,0,0,-1.0712619160063828
development_oof,x10,10,quantum_angle_product,36,80,3,0,0,-1.0602892128412342
development_oof,x10,10,quantum_angle_product,39,42,3,0,0,-0.9894016047186482
development_oof,x10,10,quantum_angle_product,42,3,3,0,0,-0.9655101317154606
development_oof,x10,10,quantum_angle_product,78,443,3,1,0,-0.19320082965986551
development_oof,x10,10,quantum_angle_product,87,439,3,0,0,-1.5254691293333311
development_oof,x10,10,quantum_angle_product,92,27,3,1,0,-0.7120449565502358
development_oof,x10,10,quantum_angle_product,93,165,3,0,0,-1.1009260325370103
development_oof,x10,10,quantum_angle_product,101,27,3,0,0,-0.9423844001197434
development_oof,x10,10,quantum_angle_product,125,111,3,0,0,-0.6529846085189484
development_oof,x10,10,quantum_angle_product,145,430,3,0,1,0.12636549177526812
development_oof,x10,10,quantum_angle_product,146,59,3,1,1,0.17137497879677466
development_oof,x10,10,quantum_angle_product,147,16,3,0,0,-0.6697982237757436
development_oof,x10,10,quantum_angle_product,148,59,3,1,1,0.0010424229082459657
development_oof,x10,10,quantum_angle_product,154,59,3,1,0,-0.27530626016525406
development_oof,x10,10,quantum_angle_product,158,428,3,0,0,-0.6684948444851531
development_oof,x10,10,quantum_angle_product,173,52,3,0,0,-0.10293356716806357
development_oof,x10,10,quantum_angle_product,175,38,3,1,1,2.10136042850033
development_oof,x10,10,quantum_angle_product,176,3,3,0,0,-1.0103304627019156
development_oof,x10,10,quantum_angle_product,192,8,3,0,0,-1.4129326738300083
development_oof,x10,10,quantum_angle_product,196,8,3,0,0,-1.1901894850717951
development_oof,x10,10,quantum_angle_product,202,421,3,0,0,-1.5578384500149527
development_oof,x10,10,quantum_angle_product,211,8,3,0,0,-1.0897356629963217
development_oof,x10,10,quantum_angle_product,217,8,3,0,0,-0.8515764533880179
development_oof,x10,10,quantum_angle_product,218,8,3,0,0,-1.3268112955646667
development_oof,x10,10,quantum_angle_product,220,8,3,0,0,-0.6625335679793491
development_oof,x10,10,quantum_angle_product,226,8,3,0,0,-1.3904101235849364
development_oof,x10,10,quantum_angle_product,227,38,3,1,1,1.8308033115928775
development_oof,x10,10,quantum_angle_product,230,121,3,1,1,0.46796404027569305
development_oof,x10,10,quantum_angle_product,238,415,3,0,0,-0.8070610610345055
development_oof,x10,10,quantum_angle_product,239,3,3,0,0,-0.5051992914992482
development_oof,x10,10,quantum_angle_product,242,52,3,1,1,2.0695030866766135
development_oof,x10,10,quantum_angle_product,252,3,3,0,0,-1.0700200162466822
development_oof,x10,10,quantum_angle_product,257,80,3,0,0,-0.7992926826789233
development_oof,x10,10,quantum_angle_product,266,103,3,1,1,1.900762987323487
development_oof,x10,10,quantum_angle_product,268,8,3,0,0,-1.0935103666271146
development_oof,x10,10,quantum_angle_product,271,165,3,0,0,-1.0168759885107042
development_oof,x10,10,quantum_angle_product,278,407,3,0,0,-1.1369300177482111
development_oof,x10,10,quantum_angle_product,279,3,3,0,0,-1.0349988270947608
development_oof,x10,10,quantum_angle_product,284,38,3,1,1,1.5787933967044894
development_oof,x10,10,quantum_angle_product,285,3,3,0,0,-1.2277962193818464
development_oof,x10,10,quantum_angle_product,286,3,3,0,0,-1.1068339401285388
development_oof,x10,10,quantum_angle_product,287,158,3,0,0,-1.3014196526654047
development_oof,x10,10,quantum_angle_product,290,164,3,1,1,0.5141005765826026
development_oof,x10,10,quantum_angle_product,300,404,3,1,1,0.37260048240607135
development_oof,x10,10,quantum_angle_product,309,22,3,0,0,-1.0886406039038496
development_oof,x10,10,quantum_angle_product,320,38,3,1,1,2.2863109631650484
development_oof,x10,10,quantum_angle_product,321,397,3,0,0,-0.3032637249531833
development_oof,x10,10,quantum_angle_product,323,3,3,0,0,-0.9805676214277634
development_oof,x10,10,quantum_angle_product,327,3,3,0,0,-0.5897379758306485
development_oof,x10,10,quantum_angle_product,332,38,3,1,1,1.879529684924221
development_oof,x10,10,quantum_angle_product,333,8,3,0,0,-0.9560008682831509
development_oof,x10,10,quantum_angle_product,341,135,3,1,0,-0.19499607998771284
development_oof,x10,10,quantum_angle_product,348,3,3,0,0,-0.914154255961585
development_oof,x10,10,quantum_angle_product,349,22,3,1,0,-1.5253572854846704
development_oof,x10,10,quantum_angle_product,353,3,3,1,0,-1.5318193738893762
development_oof,x10,10,quantum_angle_product,354,391,3,1,0,-0.18166283158526864
development_oof,x10,10,quantum_angle_product,356,390,3,0,0,-0.32235176281622935
development_oof,x10,10,quantum_angle_product,363,22,3,0,0,-1.4572726571831631
development_oof,x10,10,quantum_angle_product,370,8,3,0,0,-0.569771412128901
development_oof,x10,10,quantum_angle_product,387,383,3,1,0,-1.645443243476689
development_oof,x10,10,quantum_angle_product,406,78,3,0,0,-0.8693426244340123
development_oof,x10,10,quantum_angle_product,412,3,3,0,0,-0.735020368086116
development_oof,x10,10,quantum_angle_product,414,3,3,0,0,-0.5528103485386886
development_oof,x10,10,quantum_angle_product,416,378,3,0,0,-1.5487106578633034
development_oof,x10,10,quantum_angle_product,417,22,3,0,0,-1.0447903237973024
development_oof,x10,10,quantum_angle_product,419,154,3,1,1,1.6918517896070713
development_oof,x10,10,quantum_angle_product,421,27,3,0,0,-1.107672090303464
development_oof,x10,10,quantum_angle_product,424,27,3,0,0,-0.7081798737343032
development_oof,x10,10,quantum_angle_product,437,158,3,0,0,-1.139081376248748
development_oof,x10,10,quantum_angle_product,438,96,3,1,0,-0.7195515861625623
development_oof,x10,10,quantum_angle_product,441,27,3,1,0,-1.0042984332009783
development_oof,x10,10,quantum_angle_product,443,372,3,0,0,-1.5377710840846135
development_oof,x10,10,quantum_angle_product,448,13,3,0,0,-0.45416996891494565
development_oof,x10,10,quantum_angle_product,450,3,3,0,0,-0.8954413648755379
development_oof,x10,10,quantum_angle_product,451,3,3,0,1,0.10994545341623785
development_oof,x10,10,quantum_angle_product,456,78,3,0,0,-0.543464455360285
development_oof,x10,10,quantum_angle_product,469,8,3,0,0,-0.6015914691292896
development_oof,x10,10,quantum_angle_product,473,22,3,0,0,-1.4276342616923883
development_oof,x10,10,quantum_angle_product,483,27,3,0,0,-0.8438393977448342
development_oof,x10,10,quantum_angle_product,490,364,3,0,0,-0.7169194140787181
development_oof,x10,10,quantum_angle_product,511,129,3,0,0,-1.0927730310200932
development_oof,x10,10,quantum_angle_product,522,154,3,1,1,1.4730640186153698
development_oof,x10,10,quantum_angle_product,544,63,3,1,0,-1.654103988592279
development_oof,x10,10,quantum_angle_product,547,77,3,0,0,-0.8535410894363771
development_oof,x10,10,quantum_angle_product,550,354,3,0,0,-0.8128848786987488
development_oof,x10,10,quantum_angle_product,556,13,3,0,0,-0.422165207571491
development_oof,x10,10,quantum_angle_product,567,13,3,0,0,-0.4822969961316981
development_oof,x10,10,quantum_angle_product,580,348,3,1,0,-0.13632459026439636
development_oof,x10,10,quantum_angle_product,597,341,3,0,0,-0.7188390232963988
development_oof,x10,10,quantum_angle_product,606,337,3,0,0,-1.7506135237022458
development_oof,x10,10,quantum_angle_product,628,147,3,0,0,-2.0465977258167323
development_oof,x10,10,quantum_angle_product,632,77,3,0,0,-0.6639543684667986
development_oof,x10,10,quantum_angle_product,649,89,3,0,0,-1.2730311332501654
development_oof,x10,10,quantum_angle_product,652,328,3,0,0,-0.5345136197863127
development_oof,x10,10,quantum_angle_product,681,318,3,0,0,-0.6699162402143093
development_oof,x10,10,quantum_angle_product,685,33,3,0,0,-1.1328610161344157
development_oof,x10,10,quantum_angle_product,686,144,3,1,0,-0.6279547619247015
development_oof,x10,10,quantum_angle_product,690,315,3,0,0,-0.8719148745228369
development_oof,x10,10,quantum_angle_product,694,33,3,0,0,-1.8621030442170945
development_oof,x10,10,quantum_angle_product,696,89,3,0,0,-1.4875897726239617
development_oof,x10,10,quantum_angle_product,717,140,3,0,1,0.29933831184371384
development_oof,x10,10,quantum_angle_product,718,308,3,0,0,-1.7515944999187794
development_oof,x10,10,quantum_angle_product,743,13,3,0,0,-0.7299624481588183
development_oof,x10,10,quantum_angle_product,756,303,3,0,0,-0.6320808924033481
development_oof,x10,10,quantum_angle_product,767,63,3,1,0,-1.7088887395983552
development_oof,x10,10,quantum_angle_product,768,300,3,0,1,1.7024935752973855
development_oof,x10,10,quantum_angle_product,769,135,3,0,0,-0.23109500318532006
development_oof,x10,10,quantum_angle_product,801,290,3,0,0,-1.0274724092106304
development_oof,x10,10,quantum_angle_product,805,63,3,1,0,-0.9550910200775828
development_oof,x10,10,quantum_angle_product,807,288,3,0,0,-2.064250785794022
development_oof,x10,10,quantum_angle_product,808,33,3,0,0,-0.3242080923435007
development_oof,x10,10,quantum_angle_product,813,33,3,0,1,0.09892329553578683
development_oof,x10,10,quantum_angle_product,821,282,3,0,0,-0.3061995739326895
development_oof,x10,10,quantum_angle_product,827,129,3,0,0,-0.9897817920338052
development_oof,x10,10,quantum_angle_product,847,274,3,0,0,-1.2426829794486118
development_oof,x10,10,quantum_angle_product,854,271,3,0,0,-1.9378111928811077
development_oof,x10,10,quantum_angle_product,864,264,3,0,0,-1.2897137063442639
development_oof,x10,10,quantum_angle_product,866,262,3,0,1,0.519617903941217
development_oof,x10,10,quantum_angle_product,869,80,3,0,0,-0.953283200001809
development_oof,x10,10,quantum_angle_product,881,259,3,0,0,-0.22675512795973418
development_oof,x10,10,quantum_angle_product,883,59,3,1,1,0.5305385395797655
development_oof,x10,10,quantum_angle_product,893,253,3,0,0,-0.583182677601248
development_oof,x10,10,quantum_angle_product,899,123,3,1,1,1.8671588102977787
development_oof,x10,10,quantum_angle_product,904,52,3,1,1,2.1274226163944094
development_oof,x10,10,quantum_angle_product,913,121,3,1,1,1.5727558739288943
development_oof,x10,10,quantum_angle_product,917,243,3,1,0,-0.4956957263257713
development_oof,x10,10,quantum_angle_product,920,241,3,0,0,-0.7598725653726386
development_oof,x10,10,quantum_angle_product,921,16,3,0,0,-0.2048119808218425
development_oof,x10,10,quantum_angle_product,930,235,3,1,1,0.49705584529011104
development_oof,x10,10,quantum_angle_product,935,231,3,0,0,-0.9939148000832314
development_oof,x10,10,quantum_angle_product,940,78,3,0,0,-0.6833024299229244
development_oof,x10,10,quantum_angle_product,945,227,3,0,0,-0.2648826820988962
development_oof,x10,10,quantum_angle_product,962,218,3,0,0,-1.0828299861967317
development_oof,x10,10,quantum_angle_product,963,217,3,0,0,-1.4446669719987841
development_oof,x10,10,quantum_angle_product,973,210,3,0,0,-1.9662310512322618
development_oof,x10,10,quantum_angle_product,982,77,3,0,0,-0.817647747306105
development_oof,x10,10,quantum_angle_product,988,202,3,1,0,-0.8146929833750545
development_oof,x10,10,quantum_angle_product,998,198,3,0,0,-1.4199762538670926
development_oof,x10,10,quantum_angle_product,1002,197,3,0,0,-0.42808783487435886
development_oof,x10,10,quantum_angle_product,1006,111,3,0,0,-1.7739342409923398
development_oof,x10,10,quantum_angle_product,1017,189,3,0,0,-0.977878928827953
development_oof,x10,10,quantum_angle_product,1025,63,3,1,0,-2.9198813685963234
development_oof,x10,10,quantum_angle_product,1028,184,3,0,0,-0.5797063660723121
development_oof,x10,10,quantum_angle_product,1029,183,3,0,0,-1.1036821906395085
development_oof,x10,10,quantum_iqp_zz_linear,20,3,3,0,0,-0.6678317288498794
development_oof,x10,10,quantum_iqp_zz_linear,29,453,3,0,0,-1.1059912246578776
development_oof,x10,10,quantum_iqp_zz_linear,31,3,3,0,0,-1.0877514135033053
development_oof,x10,10,quantum_iqp_zz_linear,36,80,3,0,0,-1.058095181816139
development_oof,x10,10,quantum_iqp_zz_linear,39,42,3,0,0,-1.0176350190001886
development_oof,x10,10,quantum_iqp_zz_linear,42,3,3,0,0,-0.9926234044163407
development_oof,x10,10,quantum_iqp_zz_linear,78,443,3,1,0,-0.16655488127059476
development_oof,x10,10,quantum_iqp_zz_linear,87,439,3,0,0,-1.6307320642737322
development_oof,x10,10,quantum_iqp_zz_linear,92,27,3,1,0,-0.7511035291172796
development_oof,x10,10,quantum_iqp_zz_linear,93,165,3,0,0,-1.1184075642877842
development_oof,x10,10,quantum_iqp_zz_linear,101,27,3,0,0,-0.9211470799013042
development_oof,x10,10,quantum_iqp_zz_linear,125,111,3,0,0,-0.6277915596992456
development_oof,x10,10,quantum_iqp_zz_linear,145,430,3,0,1,0.13258493915512332
development_oof,x10,10,quantum_iqp_zz_linear,146,59,3,1,1,0.2583781163287678
development_oof,x10,10,quantum_iqp_zz_linear,147,16,3,0,0,-0.6993665730009668
development_oof,x10,10,quantum_iqp_zz_linear,148,59,3,1,1,0.09846675009070954
development_oof,x10,10,quantum_iqp_zz_linear,154,59,3,1,0,-0.2053795769856978
development_oof,x10,10,quantum_iqp_zz_linear,158,428,3,0,0,-0.6730746301632242
development_oof,x10,10,quantum_iqp_zz_linear,173,52,3,0,0,-0.1314578801709378
development_oof,x10,10,quantum_iqp_zz_linear,175,38,3,1,1,2.2168841618574096
development_oof,x10,10,quantum_iqp_zz_linear,176,3,3,0,0,-1.0290734081369655
development_oof,x10,10,quantum_iqp_zz_linear,192,8,3,0,0,-1.3982175682871225
development_oof,x10,10,quantum_iqp_zz_linear,196,8,3,0,0,-1.198839453982298
development_oof,x10,10,quantum_iqp_zz_linear,202,421,3,0,0,-1.4917690061951103
development_oof,x10,10,quantum_iqp_zz_linear,211,8,3,0,0,-1.0819761420569578
development_oof,x10,10,quantum_iqp_zz_linear,217,8,3,0,0,-0.8556740232688524
development_oof,x10,10,quantum_iqp_zz_linear,218,8,3,0,0,-1.3241452353412866
development_oof,x10,10,quantum_iqp_zz_linear,220,8,3,0,0,-0.6762809922753348
development_oof,x10,10,quantum_iqp_zz_linear,226,8,3,0,0,-1.3472999255733766
development_oof,x10,10,quantum_iqp_zz_linear,227,38,3,1,1,1.8500664497697568
development_oof,x10,10,quantum_iqp_zz_linear,230,121,3,1,1,0.5256645865893763
development_oof,x10,10,quantum_iqp_zz_linear,238,415,3,0,0,-0.8758765099514503
development_oof,x10,10,quantum_iqp_zz_linear,239,3,3,0,0,-0.545078967586256
development_oof,x10,10,quantum_iqp_zz_linear,242,52,3,1,1,2.088509823373709
development_oof,x10,10,quantum_iqp_zz_linear,252,3,3,0,0,-1.0771500846059299
development_oof,x10,10,quantum_iqp_zz_linear,257,80,3,0,0,-0.7829311657196538
development_oof,x10,10,quantum_iqp_zz_linear,266,103,3,1,1,1.9771315404406093
development_oof,x10,10,quantum_iqp_zz_linear,268,8,3,0,0,-1.1144259281226745
development_oof,x10,10,quantum_iqp_zz_linear,271,165,3,0,0,-1.0101702585444805
development_oof,x10,10,quantum_iqp_zz_linear,278,407,3,0,0,-1.0802405936434865
development_oof,x10,10,quantum_iqp_zz_linear,279,3,3,0,0,-1.0511687201309377
development_oof,x10,10,quantum_iqp_zz_linear,284,38,3,1,1,1.5943189149309918
development_oof,x10,10,quantum_iqp_zz_linear,285,3,3,0,0,-1.2300773806094778
development_oof,x10,10,quantum_iqp_zz_linear,286,3,3,0,0,-1.1187471689516888
development_oof,x10,10,quantum_iqp_zz_linear,287,158,3,0,0,-1.2878883367070648
development_oof,x10,10,quantum_iqp_zz_linear,290,164,3,1,1,0.48688129622431503
development_oof,x10,10,quantum_iqp_zz_linear,300,404,3,1,1,0.34208476339393196
development_oof,x10,10,quantum_iqp_zz_linear,309,22,3,0,0,-1.0621582457069052
development_oof,x10,10,quantum_iqp_zz_linear,320,38,3,1,1,2.408309296889421
development_oof,x10,10,quantum_iqp_zz_linear,321,397,3,0,0,-0.303494169726826
development_oof,x10,10,quantum_iqp_zz_linear,323,3,3,0,0,-0.9920825691049309
development_oof,x10,10,quantum_iqp_zz_linear,327,3,3,0,0,-0.6238908410774575
development_oof,x10,10,quantum_iqp_zz_linear,332,38,3,1,1,1.915358715746742
development_oof,x10,10,quantum_iqp_zz_linear,333,8,3,0,0,-0.9585735569033629
development_oof,x10,10,quantum_iqp_zz_linear,341,135,3,1,0,-0.2274544210426424
development_oof,x10,10,quantum_iqp_zz_linear,348,3,3,0,0,-0.9389330887732228
development_oof,x10,10,quantum_iqp_zz_linear,349,22,3,1,0,-1.4621659542084475
development_oof,x10,10,quantum_iqp_zz_linear,353,3,3,1,0,-1.5663720569072555
development_oof,x10,10,quantum_iqp_zz_linear,354,391,3,1,0,-0.24187504289692424
development_oof,x10,10,quantum_iqp_zz_linear,356,390,3,0,0,-0.3405244737249801
development_oof,x10,10,quantum_iqp_zz_linear,363,22,3,0,0,-1.3934757881635464
development_oof,x10,10,quantum_iqp_zz_linear,370,8,3,0,0,-0.5800521656725299
development_oof,x10,10,quantum_iqp_zz_linear,387,383,3,1,0,-1.5895921168806855
development_oof,x10,10,quantum_iqp_zz_linear,406,78,3,0,0,-0.8750918937573415
development_oof,x10,10,quantum_iqp_zz_linear,412,3,3,0,0,-0.7563615242332205
development_oof,x10,10,quantum_iqp_zz_linear,414,3,3,0,0,-0.565762231286568
development_oof,x10,10,quantum_iqp_zz_linear,416,378,3,0,0,-1.5788054373384453
development_oof,x10,10,quantum_iqp_zz_linear,417,22,3,0,0,-1.0061076402814437
development_oof,x10,10,quantum_iqp_zz_linear,419,154,3,1,1,1.6351046198124461
development_oof,x10,10,quantum_iqp_zz_linear,421,27,3,0,0,-1.103080983654391
development_oof,x10,10,quantum_iqp_zz_linear,424,27,3,0,0,-0.7071776959789962
development_oof,x10,10,quantum_iqp_zz_linear,437,158,3,0,0,-1.1308266566818166
development_oof,x10,10,quantum_iqp_zz_linear,438,96,3,1,0,-0.7238444698914519
development_oof,x10,10,quantum_iqp_zz_linear,441,27,3,1,0,-1.0200405440914067
development_oof,x10,10,quantum_iqp_zz_linear,443,372,3,0,0,-1.4394258648627718
development_oof,x10,10,quantum_iqp_zz_linear,448,13,3,0,0,-0.47538809280263344
development_oof,x10,10,quantum_iqp_zz_linear,450,3,3,0,0,-0.8841942866076768
development_oof,x10,10,quantum_iqp_zz_linear,451,3,3,0,1,0.06424852116673146
development_oof,x10,10,quantum_iqp_zz_linear,456,78,3,0,0,-0.5042723594584753
development_oof,x10,10,quantum_iqp_zz_linear,469,8,3,0,0,-0.6094939471810823
development_oof,x10,10,quantum_iqp_zz_linear,473,22,3,0,0,-1.3534836369119625
development_oof,x10,10,quantum_iqp_zz_linear,483,27,3,0,0,-0.8666832338129693
development_oof,x10,10,quantum_iqp_zz_linear,490,364,3,0,0,-0.7521879482983309
development_oof,x10,10,quantum_iqp_zz_linear,511,129,3,0,0,-1.08808947418766
development_oof,x10,10,quantum_iqp_zz_linear,522,154,3,1,1,1.447521269199902
development_oof,x10,10,quantum_iqp_zz_linear,544,63,3,1,0,-1.6777636295232863
development_oof,x10,10,quantum_iqp_zz_linear,547,77,3,0,0,-0.8631418858827318
development_oof,x10,10,quantum_iqp_zz_linear,550,354,3,0,0,-0.7506306776639502
development_oof,x10,10,quantum_iqp_zz_linear,556,13,3,0,0,-0.39649548859154143
development_oof,x10,10,quantum_iqp_zz_linear,567,13,3,0,0,-0.4515400084460241
development_oof,x10,10,quantum_iqp_zz_linear,580,348,3,1,0,-0.1678907127679407
development_oof,x10,10,quantum_iqp_zz_linear,597,341,3,0,0,-0.6379368639925727
development_oof,x10,10,quantum_iqp_zz_linear,606,337,3,0,0,-1.7196722694915658
development_oof,x10,10,quantum_iqp_zz_linear,628,147,3,0,0,-2.018125341844059
development_oof,x10,10,quantum_iqp_zz_linear,632,77,3,0,0,-0.690136122365713
development_oof,x10,10,quantum_iqp_zz_linear,649,89,3,0,0,-1.2792606077482975
development_oof,x10,10,quantum_iqp_zz_linear,652,328,3,0,0,-0.5775765127457373
development_oof,x10,10,quantum_iqp_zz_linear,681,318,3,0,0,-0.6101523791970458
development_oof,x10,10,quantum_iqp_zz_linear,685,33,3,0,0,-1.1163863666689153
development_oof,x10,10,quantum_iqp_zz_linear,686,144,3,1,0,-0.659015408244791
development_oof,x10,10,quantum_iqp_zz_linear,690,315,3,0,0,-0.8333325690758462
development_oof,x10,10,quantum_iqp_zz_linear,694,33,3,0,0,-1.8226751271413328
development_oof,x10,10,quantum_iqp_zz_linear,696,89,3,0,0,-1.4782808072135756
development_oof,x10,10,quantum_iqp_zz_linear,717,140,3,0,1,0.29747648936640153
development_oof,x10,10,quantum_iqp_zz_linear,718,308,3,0,0,-1.7080743636119247
development_oof,x10,10,quantum_iqp_zz_linear,743,13,3,0,0,-0.7446052103357064
development_oof,x10,10,quantum_iqp_zz_linear,756,303,3,0,0,-0.6637706572596882
development_oof,x10,10,quantum_iqp_zz_linear,767,63,3,1,0,-1.7309683376844804
development_oof,x10,10,quantum_iqp_zz_linear,768,300,3,0,1,1.6287646649611203
development_oof,x10,10,quantum_iqp_zz_linear,769,135,3,0,0,-0.24797497951416708
development_oof,x10,10,quantum_iqp_zz_linear,801,290,3,0,0,-0.9946492110256568
development_oof,x10,10,quantum_iqp_zz_linear,805,63,3,1,0,-0.9584651149569112
development_oof,x10,10,quantum_iqp_zz_linear,807,288,3,0,0,-2.0632451651511836
development_oof,x10,10,quantum_iqp_zz_linear,808,33,3,0,0,-0.2538711627074037
development_oof,x10,10,quantum_iqp_zz_linear,813,33,3,0,1,0.24039969469235006
development_oof,x10,10,quantum_iqp_zz_linear,821,282,3,0,0,-0.33808378549347323
development_oof,x10,10,quantum_iqp_zz_linear,827,129,3,0,0,-0.9966599791031525
development_oof,x10,10,quantum_iqp_zz_linear,847,274,3,0,0,-1.2011953814353216
development_oof,x10,10,quantum_iqp_zz_linear,854,271,3,0,0,-1.9447506871921958
development_oof,x10,10,quantum_iqp_zz_linear,864,264,3,0,0,-1.2050873860489135
development_oof,x10,10,quantum_iqp_zz_linear,866,262,3,0,1,0.525299502802866
development_oof,x10,10,quantum_iqp_zz_linear,869,80,3,0,0,-0.9481518003480474
development_oof,x10,10,quantum_iqp_zz_linear,881,259,3,0,0,-0.2017927384920099
development_oof,x10,10,quantum_iqp_zz_linear,883,59,3,1,1,0.6069629944073005
development_oof,x10,10,quantum_iqp_zz_linear,893,253,3,0,0,-0.5684827177593128
development_oof,x10,10,quantum_iqp_zz_linear,899,123,3,1,1,1.9668271220938174
development_oof,x10,10,quantum_iqp_zz_linear,904,52,3,1,1,2.1601175361875957
development_oof,x10,10,quantum_iqp_zz_linear,913,121,3,1,1,1.5802944770519132
development_oof,x10,10,quantum_iqp_zz_linear,917,243,3,1,0,-0.5075676036638159
development_oof,x10,10,quantum_iqp_zz_linear,920,241,3,0,0,-0.7455050020559633
development_oof,x10,10,quantum_iqp_zz_linear,921,16,3,0,0,-0.2367998535371833
development_oof,x10,10,quantum_iqp_zz_linear,930,235,3,1,1,0.5386874131782686
development_oof,x10,10,quantum_iqp_zz_linear,935,231,3,0,0,-0.9899370597926918
development_oof,x10,10,quantum_iqp_zz_linear,940,78,3,0,0,-0.6921490588314549
development_oof,x10,10,quantum_iqp_zz_linear,945,227,3,0,0,-0.30083397003579554
development_oof,x10,10,quantum_iqp_zz_linear,962,218,3,0,0,-1.0838951215676238
development_oof,x10,10,quantum_iqp_zz_linear,963,217,3,0,0,-1.451151360085593
development_oof,x10,10,quantum_iqp_zz_linear,973,210,3,0,0,-1.9306519202830554
development_oof,x10,10,quantum_iqp_zz_linear,982,77,3,0,0,-0.8363601446473781
development_oof,x10,10,quantum_iqp_zz_linear,988,202,3,1,0,-0.8602082372334809
development_oof,x10,10,quantum_iqp_zz_linear,998,198,3,0,0,-1.4185862556419415
development_oof,x10,10,quantum_iqp_zz_linear,1002,197,3,0,0,-0.440286888119042
development_oof,x10,10,quantum_iqp_zz_linear,1006,111,3,0,0,-1.7095432236032984
development_oof,x10,10,quantum_iqp_zz_linear,1017,189,3,0,0,-1.0127229101062574
development_oof,x10,10,quantum_iqp_zz_linear,1025,63,3,1,0,-2.9311288287879194
development_oof,x10,10,quantum_iqp_zz_linear,1028,184,3,0,0,-0.6017875967057189
development_oof,x10,10,quantum_iqp_zz_linear,1029,183,3,0,0,-1.0798597313389557
development_oof,x10,10,rbf_matched,16,93,4,1,0,-0.16827039407364353
development_oof,x10,10,rbf_matched,19,457,4,0,0,-0.8600634080336604
development_oof,x10,10,rbf_matched,27,53,4,0,0,-1.0053625851679626
development_oof,x10,10,rbf_matched,44,450,4,0,0,-1.0845332079894974
development_oof,x10,10,rbf_matched,60,4,4,1,0,-0.6392671829743204
development_oof,x10,10,rbf_matched,62,82,4,0,0,-1.0476871248982642
development_oof,x10,10,rbf_matched,66,82,4,1,0,-0.8854730175651733
development_oof,x10,10,rbf_matched,69,444,4,0,0,-1.0661434019919362
development_oof,x10,10,rbf_matched,83,60,4,1,0,-0.5095138074738748
development_oof,x10,10,rbf_matched,84,9,4,1,1,2.607157198919956
development_oof,x10,10,rbf_matched,86,174,4,1,1,1.0399659023410401
development_oof,x10,10,rbf_matched,90,9,4,1,1,1.053109615179903
development_oof,x10,10,rbf_matched,95,161,4,0,0,-1.0968948354234642
development_oof,x10,10,rbf_matched,102,15,4,0,0,-0.8705970036110904
development_oof,x10,10,rbf_matched,112,9,4,1,1,1.1356276464892552
development_oof,x10,10,rbf_matched,117,433,4,0,0,-0.9490098069553692
development_oof,x10,10,rbf_matched,119,0,4,0,0,-0.9016404508902218
development_oof,x10,10,rbf_matched,123,9,4,1,1,1.2280174284489522
development_oof,x10,10,rbf_matched,131,170,4,1,0,-0.5095138074738748
development_oof,x10,10,rbf_matched,134,15,4,0,0,-1.0555172791285947
development_oof,x10,10,rbf_matched,138,431,4,0,0,-0.7663154968602861
development_oof,x10,10,rbf_matched,142,0,4,0,0,-0.8777967243189904
development_oof,x10,10,rbf_matched,156,9,4,1,1,1.0866415042936972
development_oof,x10,10,rbf_matched,157,0,4,0,0,-0.9734041133519697
development_oof,x10,10,rbf_matched,159,4,4,1,0,-0.7941964115458142
development_oof,x10,10,rbf_matched,169,9,4,1,1,1.0561438870035245
development_oof,x10,10,rbf_matched,170,60,4,1,0,-0.8924547565999383
development_oof,x10,10,rbf_matched,178,54,4,0,0,-1.018842335515323
development_oof,x10,10,rbf_matched,181,9,4,1,1,1.049505455120189
development_oof,x10,10,rbf_matched,183,422,4,0,0,-0.9553932492168207
development_oof,x10,10,rbf_matched,184,4,4,1,0,-0.7291022787285648
development_oof,x10,10,rbf_matched,187,9,4,1,1,1.1387893989696491
development_oof,x10,10,rbf_matched,193,9,4,1,1,1.084424665064801
development_oof,x10,10,rbf_matched,198,53,4,0,0,-0.9616636017782791
development_oof,x10,10,rbf_matched,201,9,4,1,1,1.1561651568492775
development_oof,x10,10,rbf_matched,206,125,4,1,0,-1.0148930116446624
development_oof,x10,10,rbf_matched,210,104,4,1,1,1.0484967816721045
development_oof,x10,10,rbf_matched,221,9,4,1,1,1.1341639123131195
development_oof,x10,10,rbf_matched,236,416,4,1,0,-1.0200375569331956
development_oof,x10,10,rbf_matched,258,35,4,0,0,-0.9458160489526037
development_oof,x10,10,rbf_matched,277,102,4,1,0,-0.9611793223765839
development_oof,x10,10,rbf_matched,294,122,4,0,0,-1.0524664607390255
development_oof,x10,10,rbf_matched,304,24,4,1,0,-0.9803860556372226
development_oof,x10,10,rbf_matched,310,401,4,0,0,-1.0236708897286566
development_oof,x10,10,rbf_matched,311,400,4,1,0,-0.9465501458353924
development_oof,x10,10,rbf_matched,322,15,4,0,0,-0.6966403174340983
development_oof,x10,10,rbf_matched,335,15,4,0,0,-0.8838942117518687
development_oof,x10,10,rbf_matched,337,15,4,0,0,-1.0129037397548852
development_oof,x10,10,rbf_matched,355,15,4,0,0,-1.0306726169982439
development_oof,x10,10,rbf_matched,358,389,4,0,0,-0.6409543234235915
development_oof,x10,10,rbf_matched,371,161,4,0,0,-1.0163420318688166
development_oof,x10,10,rbf_matched,379,24,4,0,0,-1.0233175476298997
development_oof,x10,10,rbf_matched,382,384,4,0,0,-0.8968763369249115
development_oof,x10,10,rbf_matched,384,69,4,0,0,-0.7553011932661853
development_oof,x10,10,rbf_matched,386,4,4,1,0,-0.809521812635392
development_oof,x10,10,rbf_matched,392,4,4,1,1,0.03409182792825538
development_oof,x10,10,rbf_matched,393,0,4,0,0,-0.8997477405147123
development_oof,x10,10,rbf_matched,400,28,4,0,0,-0.9003917635157206
development_oof,x10,10,rbf_matched,401,4,4,1,0,-0.7936242249284751
development_oof,x10,10,rbf_matched,404,35,4,0,0,-1.0362493004431614
development_oof,x10,10,rbf_matched,405,379,4,0,0,-0.8292287808001346
development_oof,x10,10,rbf_matched,407,160,4,0,0,-1.0634507993528894
development_oof,x10,10,rbf_matched,409,4,4,1,0,-0.491336169021221
development_oof,x10,10,rbf_matched,423,50,4,0,0,-0.876617185024881
development_oof,x10,10,rbf_matched,430,4,4,1,0,-0.803533915706963
development_oof,x10,10,rbf_matched,434,97,4,1,1,1.0587638329891207
development_oof,x10,10,rbf_matched,446,4,4,1,0,-0.7540782546854516
development_oof,x10,10,rbf_matched,454,104,4,1,1,0.9808753148205372
development_oof,x10,10,rbf_matched,455,93,4,1,0,-0.22280381896169243
development_oof,x10,10,rbf_matched,462,15,4,0,0,-0.9946230764264026
development_oof,x10,10,rbf_matched,464,4,4,1,0,-0.6447738816416193
development_oof,x10,10,rbf_matched,465,4,4,1,0,-0.5283659970350036
development_oof,x10,10,rbf_matched,466,0,4,0,0,-0.9350780827284522
development_oof,x10,10,rbf_matched,470,0,4,0,0,-0.9092697752930592
development_oof,x10,10,rbf_matched,480,367,4,0,0,-0.8950917915350638
development_oof,x10,10,rbf_matched,481,4,4,1,0,-0.6802859189960875
development_oof,x10,10,rbf_matched,484,365,4,0,0,-0.9963186558122878
development_oof,x10,10,rbf_matched,495,0,4,0,0,-0.8793851129409143
development_oof,x10,10,rbf_matched,498,54,4,0,0,-0.9363948530548785
development_oof,x10,10,rbf_matched,499,15,4,0,0,-0.9707472646693847
development_oof,x10,10,rbf_matched,500,28,4,0,0,-0.7544911609243214
development_oof,x10,10,rbf_matched,501,72,4,0,0,-1.0212840735833602
development_oof,x10,10,rbf_matched,503,93,4,1,0,-0.18619010679943238
development_oof,x10,10,rbf_matched,506,0,4,0,0,-0.9658471371045318
development_oof,x10,10,rbf_matched,517,0,4,0,0,-0.8897388926361409
development_oof,x10,10,rbf_matched,519,53,4,0,0,-1.061804314257123
development_oof,x10,10,rbf_matched,520,53,4,0,0,-1.053171264868512
development_oof,x10,10,rbf_matched,524,0,4,0,0,-0.8861164891756113
development_oof,x10,10,rbf_matched,525,15,4,0,0,-0.9462831818211839
development_oof,x10,10,rbf_matched,527,0,4,0,0,-0.8896162730249817
development_oof,x10,10,rbf_matched,528,359,4,0,0,-1.055270139713284
development_oof,x10,10,rbf_matched,529,0,4,0,0,-0.9314683016296827
development_oof,x10,10,rbf_matched,542,35,4,1,0,-0.9581842282475195
development_oof,x10,10,rbf_matched,543,0,4,0,0,-0.9753836527221982
development_oof,x10,10,rbf_matched,545,136,4,1,0,-0.9391181884310968
development_oof,x10,10,rbf_matched,553,0,4,0,0,-0.887488441950876
development_oof,x10,10,rbf_matched,559,351,4,0,0,-0.9461800971705576
development_oof,x10,10,rbf_matched,560,0,4,0,0,-0.8829641132682042
development_oof,x10,10,rbf_matched,568,0,4,0,0,-0.8331096302453884
development_oof,x10,10,rbf_matched,570,0,4,1,0,-0.7499824231752334
development_oof,x10,10,rbf_matched,572,0,4,1,0,-0.8882931523851436
development_oof,x10,10,rbf_matched,577,44,4,0,0,-0.9417535735442228
development_oof,x10,10,rbf_matched,581,347,4,0,0,-1.024370913247619
development_oof,x10,10,rbf_matched,582,44,4,0,0,-0.9906367884613878
development_oof,x10,10,rbf_matched,583,69,4,0,0,-0.8901909498908711
development_oof,x10,10,rbf_matched,588,344,4,0,0,-0.8332643967629405
development_oof,x10,10,rbf_matched,592,0,4,1,0,-0.8719076328419366
development_oof,x10,10,rbf_matched,595,35,4,0,0,-0.9993391872272233
development_oof,x10,10,rbf_matched,600,151,4,0,0,-0.9742939035883673
development_oof,x10,10,rbf_matched,602,338,4,0,0,-1.0254924790929383
development_oof,x10,10,rbf_matched,604,0,4,0,0,-0.7932186463932116
development_oof,x10,10,rbf_matched,605,0,4,0,0,-0.8917546721938352
development_oof,x10,10,rbf_matched,607,0,4,1,0,-0.8551089964945702
development_oof,x10,10,rbf_matched,608,0,4,0,0,-0.810963970096291
development_oof,x10,10,rbf_matched,610,0,4,0,0,-0.9891059288137276
development_oof,x10,10,rbf_matched,611,0,4,0,0,-0.8763338534112695
development_oof,x10,10,rbf_matched,613,85,4,0,0,-0.8230369569961127
development_oof,x10,10,rbf_matched,615,0,4,0,0,-0.8848021661124215
development_oof,x10,10,rbf_matched,627,335,4,0,0,-0.9740509218401867
development_oof,x10,10,rbf_matched,633,0,4,0,0,-0.9851263196573685
development_oof,x10,10,rbf_matched,646,0,4,0,0,-0.739989317613301
development_oof,x10,10,rbf_matched,647,0,4,0,0,-0.8587198831042879
development_oof,x10,10,rbf_matched,648,329,4,0,0,-0.9618127860066297
development_oof,x10,10,rbf_matched,657,4,4,1,0,-0.45418747621102895
development_oof,x10,10,rbf_matched,662,0,4,0,0,-0.8514945892005275
development_oof,x10,10,rbf_matched,665,69,4,1,0,-0.7773977412860511
development_oof,x10,10,rbf_matched,666,44,4,0,0,-1.0092002531516113
development_oof,x10,10,rbf_matched,667,0,4,0,0,-0.9154482995171094
development_oof,x10,10,rbf_matched,671,321,4,1,0,-0.9201836081844783
development_oof,x10,10,rbf_matched,674,4,4,0,0,-0.6241465547315914
development_oof,x10,10,rbf_matched,683,142,4,0,0,-0.5143969456971766
development_oof,x10,10,rbf_matched,691,142,4,0,0,-0.90839600372397
development_oof,x10,10,rbf_matched,692,0,4,0,0,-0.8561134090821185
development_oof,x10,10,rbf_matched,693,0,4,0,0,-0.8912620280106591
development_oof,x10,10,rbf_matched,699,0,4,0,0,-0.9342431707807932
development_oof,x10,10,rbf_matched,701,0,4,1,0,-0.7450637757555574
development_oof,x10,10,rbf_matched,704,313,4,0,0,-0.7754544758559778
development_oof,x10,10,rbf_matched,706,0,4,0,0,-0.8743838136776236
development_oof,x10,10,rbf_matched,715,4,4,1,0,-0.8082489392357965
development_oof,x10,10,rbf_matched,729,0,4,0,0,-0.9823555660656806
development_oof,x10,10,rbf_matched,731,60,4,0,0,-0.9909390256292925
development_oof,x10,10,rbf_matched,735,132,4,0,0,-0.7831689045207082
development_oof,x10,10,rbf_matched,737,85,4,1,0,-0.9040731395434205
development_oof,x10,10,rbf_matched,738,136,4,1,0,-0.9344980752261023
development_oof,x10,10,rbf_matched,740,44,4,0,0,-0.9803788926634784
development_oof,x10,10,rbf_matched,742,305,4,0,0,-1.0006640226968995
development_oof,x10,10,rbf_matched,745,0,4,0,0,-0.8377239123099296
development_oof,x10,10,rbf_matched,753,85,4,0,0,-0.9922439988841272
development_oof,x10,10,rbf_matched,761,44,4,0,0,-0.8457622059086716
development_oof,x10,10,rbf_matched,776,298,4,0,0,-0.9505568201077208
development_oof,x10,10,rbf_matched,794,0,4,0,0,-0.6899536367636407
development_oof,x10,10,rbf_matched,796,35,4,0,0,-0.9731387706536967
development_oof,x10,10,rbf_matched,800,132,4,0,0,-0.9140287295301539
development_oof,x10,10,rbf_matched,803,289,4,0,0,-0.949873694872239
development_oof,x10,10,rbf_matched,818,283,4,0,0,-1.0308644250516374
development_oof,x10,10,rbf_matched,822,35,4,0,0,-0.9274184533022294
development_oof,x10,10,rbf_matched,839,82,4,0,0,-1.050685273423041
development_oof,x10,10,rbf_matched,844,276,4,0,0,-0.9013609204170132
development_oof,x10,10,rbf_matched,855,270,4,0,0,-0.8018181165974043
development_oof,x10,10,rbf_matched,865,263,4,0,0,-0.9136471539471553
development_oof,x10,10,rbf_matched,867,60,4,0,0,-0.7063870876463538
development_oof,x10,10,rbf_matched,885,256,4,0,0,-0.8996530918131274
development_oof,x10,10,rbf_matched,888,254,4,1,0,-0.9961404329812531
development_oof,x10,10,rbf_matched,891,125,4,0,0,-0.8399821969735752
development_oof,x10,10,rbf_matched,902,122,4,1,0,-1.0840937443056924
development_oof,x10,10,rbf_matched,907,246,4,0,0,-1.0137249136535706
development_oof,x10,10,rbf_matched,918,242,4,0,0,-0.9514788429118002
development_oof,x10,10,rbf_matched,931,234,4,0,0,-0.9463612128151768
development_oof,x10,10,rbf_matched,949,224,4,0,0,-1.0001696748356563
development_oof,x10,10,rbf_matched,954,4,4,1,0,-0.21756615084471642
development_oof,x10,10,rbf_matched,968,214,4,1,0,-0.635297603539061
development_oof,x10,10,rbf_matched,980,207,4,0,0,-1.0171578327944386
development_oof,x10,10,rbf_matched,981,206,4,0,0,-0.9150283999301008
development_oof,x10,10,rbf_matched,984,204,4,1,0,-0.770470862148968
development_oof,x10,10,rbf_matched,991,0,4,0,0,-0.8862740859694018
development_oof,x10,10,rbf_matched,993,69,4,0,0,-0.6835756697630622
development_oof,x10,10,rbf_matched,995,112,4,0,0,-0.9588266709840656
development_oof,x10,10,rbf_matched,1016,190,4,1,0,-0.9563953944365566
development_oof,x10,10,rbf_matched,1024,4,4,1,0,-0.5763125245616132
development_oof,x10,10,rbf_matched,1031,181,4,0,0,-0.22054115397869245
development_oof,x10,10,rbf_matched,1033,179,4,0,0,-0.8467303370671593
development_oof,x10,10,quantum_angle_product,16,93,4,1,0,-0.13879087630008557
development_oof,x10,10,quantum_angle_product,19,457,4,0,0,-0.8288464386368699
development_oof,x10,10,quantum_angle_product,27,53,4,0,0,-0.9809106128777807
development_oof,x10,10,quantum_angle_product,44,450,4,0,0,-1.1898403492521958
development_oof,x10,10,quantum_angle_product,60,4,4,1,0,-0.523516259789599
development_oof,x10,10,quantum_angle_product,62,82,4,0,0,-1.0857466005022087
development_oof,x10,10,quantum_angle_product,66,82,4,1,0,-0.8454157933768696
development_oof,x10,10,quantum_angle_product,69,444,4,0,0,-1.1191289021439688
development_oof,x10,10,quantum_angle_product,83,60,4,1,0,-0.29977530310941036
development_oof,x10,10,quantum_angle_product,84,9,4,1,1,3.436164675364894
development_oof,x10,10,quantum_angle_product,86,174,4,1,1,1.095133303574952
development_oof,x10,10,quantum_angle_product,90,9,4,1,1,1.112367409622132
development_oof,x10,10,quantum_angle_product,95,161,4,0,0,-1.1095533221992455
development_oof,x10,10,quantum_angle_product,102,15,4,0,0,-0.7951783257061931
development_oof,x10,10,quantum_angle_product,112,9,4,1,1,1.1849222165505586
development_oof,x10,10,quantum_angle_product,117,433,4,0,0,-0.9809723827105796
development_oof,x10,10,quantum_angle_product,119,0,4,0,0,-0.9531273931078315
development_oof,x10,10,quantum_angle_product,123,9,4,1,1,1.3357885620572332
development_oof,x10,10,quantum_angle_product,131,170,4,1,0,-0.29977530310941036
development_oof,x10,10,quantum_angle_product,134,15,4,0,0,-1.0995640647658385
development_oof,x10,10,quantum_angle_product,138,431,4,0,0,-0.6719955990993829
development_oof,x10,10,quantum_angle_product,142,0,4,0,0,-0.95820447186393
development_oof,x10,10,quantum_angle_product,156,9,4,1,1,1.1537405212961214
development_oof,x10,10,quantum_angle_product,157,0,4,0,0,-0.9967191659375971
development_oof,x10,10,quantum_angle_product,159,4,4,1,0,-0.6824863221374629
development_oof,x10,10,quantum_angle_product,169,9,4,1,1,1.1024754780113404
development_oof,x10,10,quantum_angle_product,170,60,4,1,0,-0.8882968879690396
development_oof,x10,10,quantum_angle_product,178,54,4,0,0,-1.018626637640193
development_oof,x10,10,quantum_angle_product,181,9,4,1,1,1.1015096173112044
development_oof,x10,10,quantum_angle_product,183,422,4,0,0,-0.9779261430928927
development_oof,x10,10,quantum_angle_product,184,4,4,1,0,-0.6257970151157513
development_oof,x10,10,quantum_angle_product,187,9,4,1,1,1.200925733291784
development_oof,x10,10,quantum_angle_product,193,9,4,1,1,1.1334018416514282
development_oof,x10,10,quantum_angle_product,198,53,4,0,0,-0.9178017890914227
development_oof,x10,10,quantum_angle_product,201,9,4,1,1,1.2167403989548453
development_oof,x10,10,quantum_angle_product,206,125,4,1,0,-1.0242279703196275
development_oof,x10,10,quantum_angle_product,210,104,4,1,1,1.1354154262233211
development_oof,x10,10,quantum_angle_product,221,9,4,1,1,1.2303593196221239
development_oof,x10,10,quantum_angle_product,236,416,4,1,0,-1.1973142200106897
development_oof,x10,10,quantum_angle_product,258,35,4,0,0,-0.9118637107682006
development_oof,x10,10,quantum_angle_product,277,102,4,1,0,-1.0239006383654599
development_oof,x10,10,quantum_angle_product,294,122,4,0,0,-1.0867344459851194
development_oof,x10,10,quantum_angle_product,304,24,4,1,0,-0.9962764885313384
development_oof,x10,10,quantum_angle_product,310,401,4,0,0,-1.00893042122109
development_oof,x10,10,quantum_angle_product,311,400,4,1,0,-0.9050020561200189
development_oof,x10,10,quantum_angle_product,322,15,4,0,0,-0.6680273605222316
development_oof,x10,10,quantum_angle_product,335,15,4,0,0,-0.8223735978148281
development_oof,x10,10,quantum_angle_product,337,15,4,0,0,-1.002460195745503
development_oof,x10,10,quantum_angle_product,355,15,4,0,0,-1.059246948686296
development_oof,x10,10,quantum_angle_product,358,389,4,0,0,-0.47276725724726854
development_oof,x10,10,quantum_angle_product,371,161,4,0,0,-0.9862096205373878
development_oof,x10,10,quantum_angle_product,379,24,4,0,0,-1.0253173649299243
development_oof,x10,10,quantum_angle_product,382,384,4,0,0,-0.8808922215854431
development_oof,x10,10,quantum_angle_product,384,69,4,0,0,-0.7891747274882683
development_oof,x10,10,quantum_angle_product,386,4,4,1,0,-0.7439872480082514
development_oof,x10,10,quantum_angle_product,392,4,4,1,1,0.4262357444092042
development_oof,x10,10,quantum_angle_product,393,0,4,0,0,-0.9642065537860973
development_oof,x10,10,quantum_angle_product,400,28,4,0,0,-0.8809726674143392
development_oof,x10,10,quantum_angle_product,401,4,4,1,0,-0.7503156149777301
development_oof,x10,10,quantum_angle_product,404,35,4,0,0,-1.0353554932549813
development_oof,x10,10,quantum_angle_product,405,379,4,0,0,-0.7230137817846072
development_oof,x10,10,quantum_angle_product,407,160,4,0,0,-1.0519960320517794
development_oof,x10,10,quantum_angle_product,409,4,4,1,0,-0.292512343426758
development_oof,x10,10,quantum_angle_product,423,50,4,0,0,-0.7994913328026247
development_oof,x10,10,quantum_angle_product,430,4,4,1,0,-0.8064120109391113
development_oof,x10,10,quantum_angle_product,434,97,4,1,1,1.14193874182955
development_oof,x10,10,quantum_angle_product,446,4,4,1,0,-0.6792919481199804
development_oof,x10,10,quantum_angle_product,454,104,4,1,1,1.0717311209480065
development_oof,x10,10,quantum_angle_product,455,93,4,1,0,-0.2059838692672291
development_oof,x10,10,quantum_angle_product,462,15,4,0,0,-0.9901724690626215
development_oof,x10,10,quantum_angle_product,464,4,4,1,0,-0.4725005797008053
development_oof,x10,10,quantum_angle_product,465,4,4,1,0,-0.3778045814595168
development_oof,x10,10,quantum_angle_product,466,0,4,0,0,-0.9850741267535335
development_oof,x10,10,quantum_angle_product,470,0,4,0,0,-0.9048512793029553
development_oof,x10,10,quantum_angle_product,480,367,4,0,0,-0.8589684954701533
development_oof,x10,10,quantum_angle_product,481,4,4,1,0,-0.5638579983223786
development_oof,x10,10,quantum_angle_product,484,365,4,0,0,-1.01768959044739
development_oof,x10,10,quantum_angle_product,495,0,4,0,0,-0.8859549276252889
development_oof,x10,10,quantum_angle_product,498,54,4,0,0,-0.9200330147163425
development_oof,x10,10,quantum_angle_product,499,15,4,0,0,-0.9356334754960476
development_oof,x10,10,quantum_angle_product,500,28,4,0,0,-0.7865417273494253
development_oof,x10,10,quantum_angle_product,501,72,4,0,0,-0.9889708991087951
development_oof,x10,10,quantum_angle_product,503,93,4,1,0,-0.15493392289963603
development_oof,x10,10,quantum_angle_product,506,0,4,0,0,-1.0469355545163705
development_oof,x10,10,quantum_angle_product,517,0,4,0,0,-0.9890915225773278
development_oof,x10,10,quantum_angle_product,519,53,4,0,0,-1.049677561597099
development_oof,x10,10,quantum_angle_product,520,53,4,0,0,-1.0224333618457782
development_oof,x10,10,quantum_angle_product,524,0,4,0,0,-0.9596186810952294
development_oof,x10,10,quantum_angle_product,525,15,4,0,0,-0.8840908779498826
development_oof,x10,10,quantum_angle_product,527,0,4,0,0,-0.9396006882930021
development_oof,x10,10,quantum_angle_product,528,359,4,0,0,-1.029383229861946
development_oof,x10,10,quantum_angle_product,529,0,4,0,0,-1.1358759657687032
development_oof,x10,10,quantum_angle_product,542,35,4,1,0,-0.932696440663165
development_oof,x10,10,quantum_angle_product,543,0,4,0,0,-1.0598527328210712
development_oof,x10,10,quantum_angle_product,545,136,4,1,0,-0.8675777681216634
development_oof,x10,10,quantum_angle_product,553,0,4,0,0,-0.9002092543432156
development_oof,x10,10,quantum_angle_product,559,351,4,0,0,-0.8942031118715126
development_oof,x10,10,quantum_angle_product,560,0,4,0,0,-0.963130334233361
development_oof,x10,10,quantum_angle_product,568,0,4,0,0,-0.9710606625845686
development_oof,x10,10,quantum_angle_product,570,0,4,1,0,-0.738133228968739
development_oof,x10,10,quantum_angle_product,572,0,4,1,0,-0.9460735584322539
development_oof,x10,10,quantum_angle_product,577,44,4,0,0,-0.9493178567642464
development_oof,x10,10,quantum_angle_product,581,347,4,0,0,-1.0846429885859572
development_oof,x10,10,quantum_angle_product,582,44,4,0,0,-0.9855743398011811
development_oof,x10,10,quantum_angle_product,583,69,4,0,0,-0.8733488949918606
development_oof,x10,10,quantum_angle_product,588,344,4,0,0,-0.7571847036053811
development_oof,x10,10,quantum_angle_product,592,0,4,1,0,-0.9201444161161914
development_oof,x10,10,quantum_angle_product,595,35,4,0,0,-0.9989594534079154
development_oof,x10,10,quantum_angle_product,600,151,4,0,0,-0.9609393215422579
development_oof,x10,10,quantum_angle_product,602,338,4,0,0,-1.0409930950433108
development_oof,x10,10,quantum_angle_product,604,0,4,0,0,-0.8631491393497535
development_oof,x10,10,quantum_angle_product,605,0,4,0,0,-0.9468395801139047
development_oof,x10,10,quantum_angle_product,607,0,4,1,0,-0.8680540221278563
development_oof,x10,10,quantum_angle_product,608,0,4,0,0,-0.8340248352097377
development_oof,x10,10,quantum_angle_product,610,0,4,0,0,-1.0703661123527337
development_oof,x10,10,quantum_angle_product,611,0,4,0,0,-1.0227916889423825
development_oof,x10,10,quantum_angle_product,613,85,4,0,0,-0.8350884925569724
development_oof,x10,10,quantum_angle_product,615,0,4,0,0,-0.9137231690095811
development_oof,x10,10,quantum_angle_product,627,335,4,0,0,-0.9492070954766825
development_oof,x10,10,quantum_angle_product,633,0,4,0,0,-1.1014061798134702
development_oof,x10,10,quantum_angle_product,646,0,4,0,0,-0.8766522365267755
development_oof,x10,10,quantum_angle_product,647,0,4,0,0,-0.9779937455895316
development_oof,x10,10,quantum_angle_product,648,329,4,0,0,-0.9613276008899416
development_oof,x10,10,quantum_angle_product,657,4,4,1,0,-0.41730456245638914
development_oof,x10,10,quantum_angle_product,662,0,4,0,0,-0.9391821084331071
development_oof,x10,10,quantum_angle_product,665,69,4,1,0,-0.8090553066248884
development_oof,x10,10,quantum_angle_product,666,44,4,0,0,-0.9906689892994724
development_oof,x10,10,quantum_angle_product,667,0,4,0,0,-1.1110576694627263
development_oof,x10,10,quantum_angle_product,671,321,4,1,0,-0.9557958469152674
development_oof,x10,10,quantum_angle_product,674,4,4,0,0,-0.5662052221728051
development_oof,x10,10,quantum_angle_product,683,142,4,0,0,-0.7073305827200795
development_oof,x10,10,quantum_angle_product,691,142,4,0,0,-0.9334192168281228
development_oof,x10,10,quantum_angle_product,692,0,4,0,0,-0.8628242786031479
development_oof,x10,10,quantum_angle_product,693,0,4,0,0,-0.9569419476541996
development_oof,x10,10,quantum_angle_product,699,0,4,0,0,-1.0845839617783857
development_oof,x10,10,quantum_angle_product,701,0,4,1,0,-0.8286926965582109
development_oof,x10,10,quantum_angle_product,704,313,4,0,0,-0.6890780234692095
development_oof,x10,10,quantum_angle_product,706,0,4,0,0,-0.9087758403073427
development_oof,x10,10,quantum_angle_product,715,4,4,1,0,-0.7235840338498201
development_oof,x10,10,quantum_angle_product,729,0,4,0,0,-1.132022678961523
development_oof,x10,10,quantum_angle_product,731,60,4,0,0,-0.974269884535389
development_oof,x10,10,quantum_angle_product,735,132,4,0,0,-0.6743493524385191
development_oof,x10,10,quantum_angle_product,737,85,4,1,0,-0.9279948981233717
development_oof,x10,10,quantum_angle_product,738,136,4,1,0,-0.9017846612829996
development_oof,x10,10,quantum_angle_product,740,44,4,0,0,-0.9590172901030773
development_oof,x10,10,quantum_angle_product,742,305,4,0,0,-1.0212798716048543
development_oof,x10,10,quantum_angle_product,745,0,4,0,0,-0.9526766790549073
development_oof,x10,10,quantum_angle_product,753,85,4,0,0,-0.9854967654461153
development_oof,x10,10,quantum_angle_product,761,44,4,0,0,-0.9043854669642397
development_oof,x10,10,quantum_angle_product,776,298,4,0,0,-0.9552859405109762
development_oof,x10,10,quantum_angle_product,794,0,4,0,0,-0.6503592566738647
development_oof,x10,10,quantum_angle_product,796,35,4,0,0,-0.9538380895621015
development_oof,x10,10,quantum_angle_product,800,132,4,0,0,-0.8766608589815577
development_oof,x10,10,quantum_angle_product,803,289,4,0,0,-0.8759900869253845
development_oof,x10,10,quantum_angle_product,818,283,4,0,0,-1.0120719404735081
development_oof,x10,10,quantum_angle_product,822,35,4,0,0,-0.886205257115702
development_oof,x10,10,quantum_angle_product,839,82,4,0,0,-1.0855530626460088
development_oof,x10,10,quantum_angle_product,844,276,4,0,0,-0.946770038804774
development_oof,x10,10,quantum_angle_product,855,270,4,0,0,-0.7475764814861017
development_oof,x10,10,quantum_angle_product,865,263,4,0,0,-0.9771538877405725
development_oof,x10,10,quantum_angle_product,867,60,4,0,0,-0.605457072551371
development_oof,x10,10,quantum_angle_product,885,256,4,0,0,-0.8708858698453708
development_oof,x10,10,quantum_angle_product,888,254,4,1,0,-1.103652050846382
development_oof,x10,10,quantum_angle_product,891,125,4,0,0,-0.7645416012586694
development_oof,x10,10,quantum_angle_product,902,122,4,1,0,-1.1444047095519942
development_oof,x10,10,quantum_angle_product,907,246,4,0,0,-0.9796576672182469
development_oof,x10,10,quantum_angle_product,918,242,4,0,0,-0.888072358359127
development_oof,x10,10,quantum_angle_product,931,234,4,0,0,-0.876603512539083
development_oof,x10,10,quantum_angle_product,949,224,4,0,0,-0.9947203318546944
development_oof,x10,10,quantum_angle_product,954,4,4,1,0,-0.05629619774670802
development_oof,x10,10,quantum_angle_product,968,214,4,1,0,-0.505967128313229
development_oof,x10,10,quantum_angle_product,980,207,4,0,0,-1.0243533924984551
development_oof,x10,10,quantum_angle_product,981,206,4,0,0,-0.8383337490508365
development_oof,x10,10,quantum_angle_product,984,204,4,1,0,-0.6709898538221446
development_oof,x10,10,quantum_angle_product,991,0,4,0,0,-0.9808821165728507
development_oof,x10,10,quantum_angle_product,993,69,4,0,0,-0.6260135086950336
development_oof,x10,10,quantum_angle_product,995,112,4,0,0,-0.9744870126909668
development_oof,x10,10,quantum_angle_product,1016,190,4,1,0,-0.9575853323281245
development_oof,x10,10,quantum_angle_product,1024,4,4,1,0,-0.5014886301221595
development_oof,x10,10,quantum_angle_product,1031,181,4,0,0,-0.10500985673112817
development_oof,x10,10,quantum_angle_product,1033,179,4,0,0,-0.7421095251734511
development_oof,x10,10,quantum_iqp_zz_linear,16,93,4,1,0,-0.15647747346764312
development_oof,x10,10,quantum_iqp_zz_linear,19,457,4,0,0,-0.8339094001560838
development_oof,x10,10,quantum_iqp_zz_linear,27,53,4,0,0,-1.0160162962150538
development_oof,x10,10,quantum_iqp_zz_linear,44,450,4,0,0,-1.0999111810500666
development_oof,x10,10,quantum_iqp_zz_linear,60,4,4,1,0,-0.6236904584840512
development_oof,x10,10,quantum_iqp_zz_linear,62,82,4,0,0,-1.0437546397351776
development_oof,x10,10,quantum_iqp_zz_linear,66,82,4,1,0,-0.8840252635289394
development_oof,x10,10,quantum_iqp_zz_linear,69,444,4,0,0,-1.034456528125212
development_oof,x10,10,quantum_iqp_zz_linear,83,60,4,1,0,-0.25795595690254075
development_oof,x10,10,quantum_iqp_zz_linear,84,9,4,1,1,2.4148116284296406
development_oof,x10,10,quantum_iqp_zz_linear,86,174,4,1,1,1.0935845948582024
development_oof,x10,10,quantum_iqp_zz_linear,90,9,4,1,1,1.08504397410629
development_oof,x10,10,quantum_iqp_zz_linear,95,161,4,0,0,-1.0723685362394977
development_oof,x10,10,quantum_iqp_zz_linear,102,15,4,0,0,-0.866346399245999
development_oof,x10,10,quantum_iqp_zz_linear,112,9,4,1,1,1.1849507422901033
development_oof,x10,10,quantum_iqp_zz_linear,117,433,4,0,0,-0.9002376671613437
development_oof,x10,10,quantum_iqp_zz_linear,119,0,4,0,0,-0.9342539713893709
development_oof,x10,10,quantum_iqp_zz_linear,123,9,4,1,1,1.2630875672387383
development_oof,x10,10,quantum_iqp_zz_linear,131,170,4,1,0,-0.25795595690254075
development_oof,x10,10,quantum_iqp_zz_linear,134,15,4,0,0,-1.0733516203323397
development_oof,x10,10,quantum_iqp_zz_linear,138,431,4,0,0,-0.6569637628867517
development_oof,x10,10,quantum_iqp_zz_linear,142,0,4,0,0,-0.9436638683700318
development_oof,x10,10,quantum_iqp_zz_linear,156,9,4,1,1,1.1326110426765454
development_oof,x10,10,quantum_iqp_zz_linear,157,0,4,0,0,-1.017080472423004
development_oof,x10,10,quantum_iqp_zz_linear,159,4,4,1,0,-0.7779957508399988
development_oof,x10,10,quantum_iqp_zz_linear,169,9,4,1,1,1.1048580556414564
development_oof,x10,10,quantum_iqp_zz_linear,170,60,4,1,0,-0.7874852255613085
development_oof,x10,10,quantum_iqp_zz_linear,178,54,4,0,0,-1.0286369841513108
development_oof,x10,10,quantum_iqp_zz_linear,181,9,4,1,1,1.096658318456927
development_oof,x10,10,quantum_iqp_zz_linear,183,422,4,0,0,-0.9557410002047917
development_oof,x10,10,quantum_iqp_zz_linear,184,4,4,1,0,-0.7179278040368393
development_oof,x10,10,quantum_iqp_zz_linear,187,9,4,1,1,1.1882285612841805
development_oof,x10,10,quantum_iqp_zz_linear,193,9,4,1,1,1.13000842728867
development_oof,x10,10,quantum_iqp_zz_linear,198,53,4,0,0,-0.9576954274934901
development_oof,x10,10,quantum_iqp_zz_linear,201,9,4,1,1,1.2057912486778073
development_oof,x10,10,quantum_iqp_zz_linear,206,125,4,1,0,-1.0145997086806333
development_oof,x10,10,quantum_iqp_zz_linear,210,104,4,1,1,1.0803032851328775
development_oof,x10,10,quantum_iqp_zz_linear,221,9,4,1,1,1.1679697227751675
development_oof,x10,10,quantum_iqp_zz_linear,236,416,4,1,0,-1.0608567769258785
development_oof,x10,10,quantum_iqp_zz_linear,258,35,4,0,0,-0.9395303896395715
development_oof,x10,10,quantum_iqp_zz_linear,277,102,4,1,0,-0.9847400256433803
development_oof,x10,10,quantum_iqp_zz_linear,294,122,4,0,0,-0.9753738036324797
development_oof,x10,10,quantum_iqp_zz_linear,304,24,4,1,0,-0.9969955151176653
development_oof,x10,10,quantum_iqp_zz_linear,310,401,4,0,0,-1.0227759220552133
development_oof,x10,10,quantum_iqp_zz_linear,311,400,4,1,0,-0.9529113442398076
development_oof,x10,10,quantum_iqp_zz_linear,322,15,4,0,0,-0.7732364212258014
development_oof,x10,10,quantum_iqp_zz_linear,335,15,4,0,0,-0.8798693197800893
development_oof,x10,10,quantum_iqp_zz_linear,337,15,4,0,0,-1.0191761584467625
development_oof,x10,10,quantum_iqp_zz_linear,355,15,4,0,0,-1.052851991846651
development_oof,x10,10,quantum_iqp_zz_linear,358,389,4,0,0,-0.6300261170047581
development_oof,x10,10,quantum_iqp_zz_linear,371,161,4,0,0,-1.000852257019985
development_oof,x10,10,quantum_iqp_zz_linear,379,24,4,0,0,-1.025808027899687
development_oof,x10,10,quantum_iqp_zz_linear,382,384,4,0,0,-0.9426936304218705
development_oof,x10,10,quantum_iqp_zz_linear,384,69,4,0,0,-0.809351966952528
development_oof,x10,10,quantum_iqp_zz_linear,386,4,4,1,0,-0.8001573247553821
development_oof,x10,10,quantum_iqp_zz_linear,392,4,4,1,1,0.18702681573759544
development_oof,x10,10,quantum_iqp_zz_linear,393,0,4,0,0,-0.9615789565731927
development_oof,x10,10,quantum_iqp_zz_linear,400,28,4,0,0,-0.9432764935754938
development_oof,x10,10,quantum_iqp_zz_linear,401,4,4,1,0,-0.7836819091671838
development_oof,x10,10,quantum_iqp_zz_linear,404,35,4,0,0,-1.0468531870287798
development_oof,x10,10,quantum_iqp_zz_linear,405,379,4,0,0,-0.8399589819094464
development_oof,x10,10,quantum_iqp_zz_linear,407,160,4,0,0,-1.0447411942658036
development_oof,x10,10,quantum_iqp_zz_linear,409,4,4,1,0,-0.4418102934166119
development_oof,x10,10,quantum_iqp_zz_linear,423,50,4,0,0,-0.8905040197592593
development_oof,x10,10,quantum_iqp_zz_linear,430,4,4,1,0,-0.8084778645071913
development_oof,x10,10,quantum_iqp_zz_linear,434,97,4,1,1,1.1244947693389251
development_oof,x10,10,quantum_iqp_zz_linear,446,4,4,1,0,-0.7365653858169869
development_oof,x10,10,quantum_iqp_zz_linear,454,104,4,1,1,1.0081663308392461
development_oof,x10,10,quantum_iqp_zz_linear,455,93,4,1,0,-0.21001567109712876
development_oof,x10,10,quantum_iqp_zz_linear,462,15,4,0,0,-0.9824326345696444
development_oof,x10,10,quantum_iqp_zz_linear,464,4,4,1,0,-0.569831196243223
development_oof,x10,10,quantum_iqp_zz_linear,465,4,4,1,0,-0.48092019149762794
development_oof,x10,10,quantum_iqp_zz_linear,466,0,4,0,0,-0.9607153596777542
development_oof,x10,10,quantum_iqp_zz_linear,470,0,4,0,0,-0.9532976203195414
development_oof,x10,10,quantum_iqp_zz_linear,480,367,4,0,0,-0.895504497619259
development_oof,x10,10,quantum_iqp_zz_linear,481,4,4,1,0,-0.665065088609692
development_oof,x10,10,quantum_iqp_zz_linear,484,365,4,0,0,-0.9617242920690625
development_oof,x10,10,quantum_iqp_zz_linear,495,0,4,0,0,-0.9255862541578894
development_oof,x10,10,quantum_iqp_zz_linear,498,54,4,0,0,-0.9406174660152766
development_oof,x10,10,quantum_iqp_zz_linear,499,15,4,0,0,-0.9597300403774951
development_oof,x10,10,quantum_iqp_zz_linear,500,28,4,0,0,-0.819979755157495
development_oof,x10,10,quantum_iqp_zz_linear,501,72,4,0,0,-1.021593521940411
development_oof,x10,10,quantum_iqp_zz_linear,503,93,4,1,0,-0.17476112776968117
development_oof,x10,10,quantum_iqp_zz_linear,506,0,4,0,0,-1.0263610865120225
development_oof,x10,10,quantum_iqp_zz_linear,517,0,4,0,0,-0.9232980102899235
development_oof,x10,10,quantum_iqp_zz_linear,519,53,4,0,0,-1.054943008399552
development_oof,x10,10,quantum_iqp_zz_linear,520,53,4,0,0,-1.054816840905855
development_oof,x10,10,quantum_iqp_zz_linear,524,0,4,0,0,-0.9290920560380012
development_oof,x10,10,quantum_iqp_zz_linear,525,15,4,0,0,-0.9413253100517991
development_oof,x10,10,quantum_iqp_zz_linear,527,0,4,0,0,-0.9486869555432056
development_oof,x10,10,quantum_iqp_zz_linear,528,359,4,0,0,-1.0385258079707522
development_oof,x10,10,quantum_iqp_zz_linear,529,0,4,0,0,-1.0527502571147767
development_oof,x10,10,quantum_iqp_zz_linear,542,35,4,1,0,-0.95362413705454
development_oof,x10,10,quantum_iqp_zz_linear,543,0,4,0,0,-1.0517653280930404
development_oof,x10,10,quantum_iqp_zz_linear,545,136,4,1,0,-0.9379653454991796
development_oof,x10,10,quantum_iqp_zz_linear,553,0,4,0,0,-0.9455599325303987
development_oof,x10,10,quantum_iqp_zz_linear,559,351,4,0,0,-0.9583785511673604
development_oof,x10,10,quantum_iqp_zz_linear,560,0,4,0,0,-0.917640938135543
development_oof,x10,10,quantum_iqp_zz_linear,568,0,4,0,0,-0.8567778706596625
development_oof,x10,10,quantum_iqp_zz_linear,570,0,4,1,0,-0.7772518932715273
development_oof,x10,10,quantum_iqp_zz_linear,572,0,4,1,0,-0.9312116456744453
development_oof,x10,10,quantum_iqp_zz_linear,577,44,4,0,0,-0.9897545673304315
development_oof,x10,10,quantum_iqp_zz_linear,581,347,4,0,0,-1.0940542158087478
development_oof,x10,10,quantum_iqp_zz_linear,582,44,4,0,0,-0.9778463380438502
development_oof,x10,10,quantum_iqp_zz_linear,583,69,4,0,0,-0.9183034475025929
development_oof,x10,10,quantum_iqp_zz_linear,588,344,4,0,0,-0.8570052060871021
development_oof,x10,10,quantum_iqp_zz_linear,592,0,4,1,0,-0.9372175102490863
development_oof,x10,10,quantum_iqp_zz_linear,595,35,4,0,0,-1.0074570325212329
development_oof,x10,10,quantum_iqp_zz_linear,600,151,4,0,0,-0.9933762052798045
development_oof,x10,10,quantum_iqp_zz_linear,602,338,4,0,0,-1.0161028502735237
development_oof,x10,10,quantum_iqp_zz_linear,604,0,4,0,0,-0.8292385506619324
development_oof,x10,10,quantum_iqp_zz_linear,605,0,4,0,0,-0.963778142855148
development_oof,x10,10,quantum_iqp_zz_linear,607,0,4,1,0,-0.8880107286625327
development_oof,x10,10,quantum_iqp_zz_linear,608,0,4,0,0,-0.8426184924295606
development_oof,x10,10,quantum_iqp_zz_linear,610,0,4,0,0,-1.0260324503932725
development_oof,x10,10,quantum_iqp_zz_linear,611,0,4,0,0,-0.9840350640292166
development_oof,x10,10,quantum_iqp_zz_linear,613,85,4,0,0,-0.8040480777458066
development_oof,x10,10,quantum_iqp_zz_linear,615,0,4,0,0,-0.9594404018827858
development_oof,x10,10,quantum_iqp_zz_linear,627,335,4,0,0,-0.957713526210275
development_oof,x10,10,quantum_iqp_zz_linear,633,0,4,0,0,-1.0741945748085158
development_oof,x10,10,quantum_iqp_zz_linear,646,0,4,0,0,-0.8068176346249962
development_oof,x10,10,quantum_iqp_zz_linear,647,0,4,0,0,-0.9295133908075606
development_oof,x10,10,quantum_iqp_zz_linear,648,329,4,0,0,-0.9907983081473235
development_oof,x10,10,quantum_iqp_zz_linear,657,4,4,1,0,-0.48428986008320324
development_oof,x10,10,quantum_iqp_zz_linear,662,0,4,0,0,-0.9262239222077389
development_oof,x10,10,quantum_iqp_zz_linear,665,69,4,1,0,-0.7762036571854201
development_oof,x10,10,quantum_iqp_zz_linear,666,44,4,0,0,-0.9934669183958151
development_oof,x10,10,quantum_iqp_zz_linear,667,0,4,0,0,-1.0143697694708862
development_oof,x10,10,quantum_iqp_zz_linear,671,321,4,1,0,-0.9376066054931596
development_oof,x10,10,quantum_iqp_zz_linear,674,4,4,0,0,-0.6300090591673031
development_oof,x10,10,quantum_iqp_zz_linear,683,142,4,0,0,-0.5081269438532225
development_oof,x10,10,quantum_iqp_zz_linear,691,142,4,0,0,-0.8958734094302889
development_oof,x10,10,quantum_iqp_zz_linear,692,0,4,0,0,-0.8976970939074174
development_oof,x10,10,quantum_iqp_zz_linear,693,0,4,0,0,-0.9274926829276406
development_oof,x10,10,quantum_iqp_zz_linear,699,0,4,0,0,-0.9230405452351484
development_oof,x10,10,quantum_iqp_zz_linear,701,0,4,1,0,-0.8289008413328238
development_oof,x10,10,quantum_iqp_zz_linear,704,313,4,0,0,-0.7796251378260979
development_oof,x10,10,quantum_iqp_zz_linear,706,0,4,0,0,-0.9189608717820679
development_oof,x10,10,quantum_iqp_zz_linear,715,4,4,1,0,-0.787786644070386
development_oof,x10,10,quantum_iqp_zz_linear,729,0,4,0,0,-1.0783064266212394
development_oof,x10,10,quantum_iqp_zz_linear,731,60,4,0,0,-1.0076153165441484
development_oof,x10,10,quantum_iqp_zz_linear,735,132,4,0,0,-0.774822270114631
development_oof,x10,10,quantum_iqp_zz_linear,737,85,4,1,0,-0.9532020879228291
development_oof,x10,10,quantum_iqp_zz_linear,738,136,4,1,0,-0.9380817557503482
development_oof,x10,10,quantum_iqp_zz_linear,740,44,4,0,0,-0.9787118956144589
development_oof,x10,10,quantum_iqp_zz_linear,742,305,4,0,0,-0.9904365415258902
development_oof,x10,10,quantum_iqp_zz_linear,745,0,4,0,0,-0.9474173589388781
development_oof,x10,10,quantum_iqp_zz_linear,753,85,4,0,0,-1.027862352491867
development_oof,x10,10,quantum_iqp_zz_linear,761,44,4,0,0,-0.8574036859094667
development_oof,x10,10,quantum_iqp_zz_linear,776,298,4,0,0,-0.9932941922842162
development_oof,x10,10,quantum_iqp_zz_linear,794,0,4,0,0,-0.7683835943738111
development_oof,x10,10,quantum_iqp_zz_linear,796,35,4,0,0,-0.9881210155924962
development_oof,x10,10,quantum_iqp_zz_linear,800,132,4,0,0,-0.9186104195402702
development_oof,x10,10,quantum_iqp_zz_linear,803,289,4,0,0,-0.9358717304506521
development_oof,x10,10,quantum_iqp_zz_linear,818,283,4,0,0,-1.0277729634778514
development_oof,x10,10,quantum_iqp_zz_linear,822,35,4,0,0,-0.9488872511834843
development_oof,x10,10,quantum_iqp_zz_linear,839,82,4,0,0,-1.045813913472836
development_oof,x10,10,quantum_iqp_zz_linear,844,276,4,0,0,-0.9299066690902853
development_oof,x10,10,quantum_iqp_zz_linear,855,270,4,0,0,-0.6451582166210486
development_oof,x10,10,quantum_iqp_zz_linear,865,263,4,0,0,-0.9285113854182039
development_oof,x10,10,quantum_iqp_zz_linear,867,60,4,0,0,-0.510474687063408
development_oof,x10,10,quantum_iqp_zz_linear,885,256,4,0,0,-0.8211537602643919
development_oof,x10,10,quantum_iqp_zz_linear,888,254,4,1,0,-0.958761732450659
development_oof,x10,10,quantum_iqp_zz_linear,891,125,4,0,0,-0.8226765805373963
development_oof,x10,10,quantum_iqp_zz_linear,902,122,4,1,0,-1.033011835573225
development_oof,x10,10,quantum_iqp_zz_linear,907,246,4,0,0,-1.0240757642264229
development_oof,x10,10,quantum_iqp_zz_linear,918,242,4,0,0,-0.9252570063338394
development_oof,x10,10,quantum_iqp_zz_linear,931,234,4,0,0,-0.9257144021039441
development_oof,x10,10,quantum_iqp_zz_linear,949,224,4,0,0,-0.9310901768745801
development_oof,x10,10,quantum_iqp_zz_linear,954,4,4,1,1,0.023273281773678323
development_oof,x10,10,quantum_iqp_zz_linear,968,214,4,1,0,-0.6161750798885361
development_oof,x10,10,quantum_iqp_zz_linear,980,207,4,0,0,-1.058902913228236
development_oof,x10,10,quantum_iqp_zz_linear,981,206,4,0,0,-0.9155651604491708
development_oof,x10,10,quantum_iqp_zz_linear,984,204,4,1,0,-0.7875672953798714
development_oof,x10,10,quantum_iqp_zz_linear,991,0,4,0,0,-0.9400849682879759
development_oof,x10,10,quantum_iqp_zz_linear,993,69,4,0,0,-0.6967233256860101
development_oof,x10,10,quantum_iqp_zz_linear,995,112,4,0,0,-1.0061022152054715
development_oof,x10,10,quantum_iqp_zz_linear,1016,190,4,1,0,-0.9792649446592474
development_oof,x10,10,quantum_iqp_zz_linear,1024,4,4,1,0,-0.5545456182807993
development_oof,x10,10,quantum_iqp_zz_linear,1031,181,4,0,0,-0.23800379801196897
development_oof,x10,10,quantum_iqp_zz_linear,1033,179,4,0,0,-0.8272926801070162
development_oof,x10,10,rbf_matched,5,31,5,1,1,1.2219452599216305
development_oof,x10,10,rbf_matched,6,61,5,0,0,-0.8857770070178568
development_oof,x10,10,rbf_matched,15,458,5,1,1,1.0393529290507322
development_oof,x10,10,rbf_matched,23,11,5,0,0,-0.11227405473825147
development_oof,x10,10,rbf_matched,26,11,5,0,0,-0.7533456238993692
development_oof,x10,10,rbf_matched,41,451,5,0,0,-1.2132920036536314
development_oof,x10,10,rbf_matched,46,18,5,0,1,1.136094868555515
development_oof,x10,10,rbf_matched,49,11,5,0,0,-0.9997005497384397
development_oof,x10,10,rbf_matched,52,448,5,0,0,-1.1946412198546172
development_oof,x10,10,rbf_matched,57,61,5,0,0,-0.8812425402444879
development_oof,x10,10,rbf_matched,58,11,5,0,0,-0.9303462999829504
development_oof,x10,10,rbf_matched,59,11,5,0,0,-0.3294150469575421
development_oof,x10,10,rbf_matched,76,11,5,0,1,1.3385006888666633
development_oof,x10,10,rbf_matched,79,175,5,1,0,-0.27395120937342887
development_oof,x10,10,rbf_matched,85,17,5,1,1,1.0143495533134097
development_oof,x10,10,rbf_matched,96,18,5,1,1,1.3192813196243254
development_oof,x10,10,rbf_matched,98,438,5,0,0,-0.832465008784401
development_oof,x10,10,rbf_matched,100,31,5,1,1,1.0312702445703348
development_oof,x10,10,rbf_matched,105,437,5,1,0,-0.48867936989969674
development_oof,x10,10,rbf_matched,106,18,5,1,1,1.1932192957415773
development_oof,x10,10,rbf_matched,111,106,5,0,0,-0.3712488654633499
development_oof,x10,10,rbf_matched,116,434,5,0,1,0.3397003765001154
development_oof,x10,10,rbf_matched,130,171,5,0,0,-0.4772430114467292
development_oof,x10,10,rbf_matched,132,18,5,1,1,1.1863085257556896
development_oof,x10,10,rbf_matched,141,106,5,0,0,-1.038778699602774
development_oof,x10,10,rbf_matched,149,106,5,0,0,-0.6096833798103585
development_oof,x10,10,rbf_matched,150,55,5,1,1,1.0393691285671087
development_oof,x10,10,rbf_matched,152,429,5,0,0,-0.6262694383032426
development_oof,x10,10,rbf_matched,161,427,5,0,0,-0.16448877851285748
development_oof,x10,10,rbf_matched,163,18,5,1,1,2.8367239585166955
development_oof,x10,10,rbf_matched,165,17,5,1,1,1.220373143596638
development_oof,x10,10,rbf_matched,167,18,5,1,1,1.1964513352444943
development_oof,x10,10,rbf_matched,172,423,5,0,1,1.1965743270765405
development_oof,x10,10,rbf_matched,179,11,5,0,0,-0.1367003232856998
development_oof,x10,10,rbf_matched,182,31,5,1,1,0.9646478182350597
development_oof,x10,10,rbf_matched,186,18,5,1,1,1.239376015938094
development_oof,x10,10,rbf_matched,195,31,5,1,1,1.1328814741043731
development_oof,x10,10,rbf_matched,208,31,5,1,1,1.4154706192910735
development_oof,x10,10,rbf_matched,215,61,5,0,0,-0.4181127029787095
development_oof,x10,10,rbf_matched,219,418,5,0,0,-1.1005924971201948
development_oof,x10,10,rbf_matched,223,68,5,0,0,-1.1675137123485426
development_oof,x10,10,rbf_matched,225,55,5,1,0,-0.09599198305572543
development_oof,x10,10,rbf_matched,231,417,5,0,0,-1.2210557157777935
development_oof,x10,10,rbf_matched,233,17,5,1,1,0.9472610452464694
development_oof,x10,10,rbf_matched,255,410,5,0,0,-0.9775588048827484
development_oof,x10,10,rbf_matched,256,18,5,1,1,1.0796460265422005
development_oof,x10,10,rbf_matched,259,409,5,0,0,-0.5678091119382158
development_oof,x10,10,rbf_matched,261,25,5,1,0,-0.9916840560623517
development_oof,x10,10,rbf_matched,273,25,5,1,0,-0.9439858418231115
development_oof,x10,10,rbf_matched,276,17,5,1,1,1.368110067414418
development_oof,x10,10,rbf_matched,297,163,5,0,0,-0.9072579023024956
development_oof,x10,10,rbf_matched,298,405,5,0,0,-1.1777096452864566
development_oof,x10,10,rbf_matched,316,100,5,0,0,-0.9526970915403006
development_oof,x10,10,rbf_matched,319,163,5,0,0,-1.0576522022653976
development_oof,x10,10,rbf_matched,326,157,5,1,0,-0.09410670720288494
development_oof,x10,10,rbf_matched,330,76,5,1,0,-1.1397592744259122
development_oof,x10,10,rbf_matched,334,394,5,0,0,-0.8821119467529288
development_oof,x10,10,rbf_matched,336,55,5,1,1,1.080028571640855
development_oof,x10,10,rbf_matched,338,17,5,1,1,1.1160286784293802
development_oof,x10,10,rbf_matched,339,11,5,0,1,1.1115770193466425
development_oof,x10,10,rbf_matched,340,393,5,0,0,-0.9513549765626428
development_oof,x10,10,rbf_matched,343,17,5,1,1,1.099786954475533
development_oof,x10,10,rbf_matched,347,17,5,1,1,1.2254026465354657
development_oof,x10,10,rbf_matched,351,100,5,1,0,-0.8847099022111198
development_oof,x10,10,rbf_matched,357,37,5,1,1,1.2239201799485249
development_oof,x10,10,rbf_matched,364,25,5,1,0,-0.859560588759708
development_oof,x10,10,rbf_matched,372,17,5,1,1,1.2118192783410444
development_oof,x10,10,rbf_matched,377,386,5,0,0,-0.8868254865551435
development_oof,x10,10,rbf_matched,381,76,5,0,0,-1.0321461974180306
development_oof,x10,10,rbf_matched,397,11,5,0,0,-0.8342500426971446
development_oof,x10,10,rbf_matched,402,380,5,0,0,-1.1717643882733186
development_oof,x10,10,rbf_matched,435,374,5,0,0,-0.9257184875675863
development_oof,x10,10,rbf_matched,436,25,5,1,0,-0.29845057348812265
development_oof,x10,10,rbf_matched,458,18,5,0,1,1.2614079723632114
development_oof,x10,10,rbf_matched,459,25,5,1,0,-0.9892901533828569
development_oof,x10,10,rbf_matched,468,370,5,0,0,-1.083722018054867
development_oof,x10,10,rbf_matched,479,368,5,0,0,-0.819570905282873
development_oof,x10,10,rbf_matched,486,157,5,0,0,-1.1358960948693746
development_oof,x10,10,rbf_matched,494,94,5,0,0,-0.6632972692588759
development_oof,x10,10,rbf_matched,533,71,5,0,0,-0.4556505798184711
development_oof,x10,10,rbf_matched,536,71,5,0,0,-0.6315653965213699
development_oof,x10,10,rbf_matched,549,355,5,0,0,-0.5910301450286062
development_oof,x10,10,rbf_matched,555,352,5,1,1,1.395751079383973
development_oof,x10,10,rbf_matched,557,66,5,0,0,-0.30443710634370746
development_oof,x10,10,rbf_matched,563,71,5,0,0,-0.41503193543153105
development_oof,x10,10,rbf_matched,575,115,5,0,0,-0.20283475075071378
development_oof,x10,10,rbf_matched,579,114,5,1,0,-0.8380487972662098
development_oof,x10,10,rbf_matched,585,31,5,1,1,1.4534447320198962
development_oof,x10,10,rbf_matched,587,345,5,0,1,0.1850196454501265
development_oof,x10,10,rbf_matched,601,339,5,0,0,-1.228454736123602
development_oof,x10,10,rbf_matched,612,87,5,0,0,-1.0147948725958542
development_oof,x10,10,rbf_matched,620,68,5,0,0,-1.2662827610492509
development_oof,x10,10,rbf_matched,634,17,5,1,1,1.2150880299545082
development_oof,x10,10,rbf_matched,635,68,5,1,0,-1.0164761849117492
development_oof,x10,10,rbf_matched,640,146,5,0,0,-0.8686966478678915
development_oof,x10,10,rbf_matched,641,66,5,0,0,-0.8552112629325006
development_oof,x10,10,rbf_matched,643,330,5,0,0,-1.1312008989104332
development_oof,x10,10,rbf_matched,645,146,5,0,0,-1.1931534798967969
development_oof,x10,10,rbf_matched,656,326,5,0,0,-0.48325383161478475
development_oof,x10,10,rbf_matched,664,116,5,0,0,-0.9465223908597784
development_oof,x10,10,rbf_matched,675,71,5,0,0,-0.27493410601117874
development_oof,x10,10,rbf_matched,682,317,5,0,0,-0.8519449213314141
development_oof,x10,10,rbf_matched,688,143,5,0,0,-0.7297555754771825
development_oof,x10,10,rbf_matched,698,314,5,0,0,-0.611867635614064
development_oof,x10,10,rbf_matched,711,45,5,0,0,-0.5210631755423871
development_oof,x10,10,rbf_matched,723,25,5,0,0,-0.8247809590539765
development_oof,x10,10,rbf_matched,725,45,5,1,0,-0.4650805364110593
development_oof,x10,10,rbf_matched,726,31,5,1,1,1.1631358695653806
development_oof,x10,10,rbf_matched,732,45,5,0,0,-0.5427328123736093
development_oof,x10,10,rbf_matched,736,137,5,0,0,-0.1322607438184693
development_oof,x10,10,rbf_matched,741,306,5,0,0,-1.2418356057789437
development_oof,x10,10,rbf_matched,744,87,5,0,0,-1.2220711196198588
development_oof,x10,10,rbf_matched,749,11,5,0,0,-0.7691990693328938
development_oof,x10,10,rbf_matched,799,45,5,0,0,-0.1763960482354905
development_oof,x10,10,rbf_matched,802,131,5,0,0,-0.8559151276500965
development_oof,x10,10,rbf_matched,816,284,5,0,0,-0.2247621793498944
development_oof,x10,10,rbf_matched,837,278,5,0,0,-0.7511089531512936
development_oof,x10,10,rbf_matched,845,11,5,0,0,-0.8055038421504654
development_oof,x10,10,rbf_matched,857,268,5,0,0,-0.8517477462105483
development_oof,x10,10,rbf_matched,858,61,5,0,0,-0.41872806060649803
development_oof,x10,10,rbf_matched,860,266,5,0,0,-0.6085834259552352
development_oof,x10,10,rbf_matched,870,260,5,0,0,-1.0822915797811403
development_oof,x10,10,rbf_matched,900,249,5,0,0,-0.8486608325482934
development_oof,x10,10,rbf_matched,906,247,5,0,0,-1.0539117510313145
development_oof,x10,10,rbf_matched,915,25,5,1,0,-0.9570951184273062
development_oof,x10,10,rbf_matched,926,238,5,1,0,-1.0896252427768094
development_oof,x10,10,rbf_matched,939,229,5,1,0,-0.08464818817892317
development_oof,x10,10,rbf_matched,948,225,5,1,0,-0.14922189720207446
development_oof,x10,10,rbf_matched,958,220,5,0,0,-1.3822089970232183
development_oof,x10,10,rbf_matched,960,116,5,0,0,-0.8569400814646453
development_oof,x10,10,rbf_matched,969,115,5,0,0,-0.043755742449737234
development_oof,x10,10,rbf_matched,971,212,5,1,1,0.17529086939657157
development_oof,x10,10,rbf_matched,972,211,5,0,0,-1.0125388132932953
development_oof,x10,10,rbf_matched,974,45,5,0,0,-0.3687628123158164
development_oof,x10,10,rbf_matched,975,66,5,0,0,-0.8628126929247737
development_oof,x10,10,rbf_matched,979,114,5,0,0,-1.0776429919684418
development_oof,x10,10,rbf_matched,990,201,5,0,0,-0.5269135131686786
development_oof,x10,10,rbf_matched,1008,76,5,0,0,-1.1142351800275712
development_oof,x10,10,rbf_matched,1010,194,5,0,0,-0.06631812243811042
development_oof,x10,10,rbf_matched,1015,191,5,1,0,-0.9965752156202303
development_oof,x10,10,rbf_matched,1027,185,5,1,1,1.5476475266832257
development_oof,x10,10,rbf_matched,1032,180,5,0,0,-0.2593195433637394
development_oof,x10,10,quantum_angle_product,5,31,5,1,1,1.5861949375344624
development_oof,x10,10,quantum_angle_product,6,61,5,0,0,-0.9820553878800835
development_oof,x10,10,quantum_angle_product,15,458,5,1,1,1.2594687078932205
development_oof,x10,10,quantum_angle_product,23,11,5,0,0,-0.05085820682307318
development_oof,x10,10,quantum_angle_product,26,11,5,0,0,-0.9311120368036958
development_oof,x10,10,quantum_angle_product,41,451,5,0,0,-1.2551875767651195
development_oof,x10,10,quantum_angle_product,46,18,5,0,1,1.4420234920030444
development_oof,x10,10,quantum_angle_product,49,11,5,0,0,-1.1497508269787664
development_oof,x10,10,quantum_angle_product,52,448,5,0,0,-1.332921890404207
development_oof,x10,10,quantum_angle_product,57,61,5,0,0,-0.9830679937010052
development_oof,x10,10,quantum_angle_product,58,11,5,0,0,-1.0718093344884414
development_oof,x10,10,quantum_angle_product,59,11,5,0,0,-0.4060402189730121
development_oof,x10,10,quantum_angle_product,76,11,5,0,1,2.5046552499695443
development_oof,x10,10,quantum_angle_product,79,175,5,1,0,-0.14579304226855339
development_oof,x10,10,quantum_angle_product,85,17,5,1,1,1.3269497173428464
development_oof,x10,10,quantum_angle_product,96,18,5,1,1,1.7620904926950898
development_oof,x10,10,quantum_angle_product,98,438,5,0,0,-0.8609642939296682
development_oof,x10,10,quantum_angle_product,100,31,5,1,1,1.194829602764842
development_oof,x10,10,quantum_angle_product,105,437,5,1,0,-0.24325705267908315
development_oof,x10,10,quantum_angle_product,106,18,5,1,1,1.4968034436918503
development_oof,x10,10,quantum_angle_product,111,106,5,0,0,-0.3075111266876247
development_oof,x10,10,quantum_angle_product,116,434,5,0,1,0.5678088006728892
development_oof,x10,10,quantum_angle_product,130,171,5,0,0,-0.731081202432601
development_oof,x10,10,quantum_angle_product,132,18,5,1,1,1.5269306894928052
development_oof,x10,10,quantum_angle_product,141,106,5,0,0,-1.0521785952415064
development_oof,x10,10,quantum_angle_product,149,106,5,0,0,-0.587395293788961
development_oof,x10,10,quantum_angle_product,150,55,5,1,1,1.283209982035209
development_oof,x10,10,quantum_angle_product,152,429,5,0,0,-0.3592044790768343
development_oof,x10,10,quantum_angle_product,161,427,5,0,0,-0.10323872163764403
development_oof,x10,10,quantum_angle_product,163,18,5,1,1,4.6053454183082225
development_oof,x10,10,quantum_angle_product,165,17,5,1,1,1.5592541587283923
development_oof,x10,10,quantum_angle_product,167,18,5,1,1,1.5501016875438696
development_oof,x10,10,quantum_angle_product,172,423,5,0,1,1.6769938870071206
development_oof,x10,10,quantum_angle_product,179,11,5,0,0,-0.10888344552653795
development_oof,x10,10,quantum_angle_product,182,31,5,1,1,1.2319695391739804
development_oof,x10,10,quantum_angle_product,186,18,5,1,1,1.629183461682234
development_oof,x10,10,quantum_angle_product,195,31,5,1,1,1.4044887651641043
development_oof,x10,10,quantum_angle_product,208,31,5,1,1,1.864112381660255
development_oof,x10,10,quantum_angle_product,215,61,5,0,0,-0.3836352684095372
development_oof,x10,10,quantum_angle_product,219,418,5,0,0,-1.3998670904037462
development_oof,x10,10,quantum_angle_product,223,68,5,0,0,-1.236866310614972
development_oof,x10,10,quantum_angle_product,225,55,5,1,1,0.10801702144330338
development_oof,x10,10,quantum_angle_product,231,417,5,0,0,-1.3711462844782583
development_oof,x10,10,quantum_angle_product,233,17,5,1,1,1.1028652335896032
development_oof,x10,10,quantum_angle_product,255,410,5,0,0,-0.9703487378790774
development_oof,x10,10,quantum_angle_product,256,18,5,1,1,1.3211991798792058
development_oof,x10,10,quantum_angle_product,259,409,5,0,0,-0.6636688229624932
development_oof,x10,10,quantum_angle_product,261,25,5,1,0,-1.0827819944215635
development_oof,x10,10,quantum_angle_product,273,25,5,1,0,-1.02498596342729
development_oof,x10,10,quantum_angle_product,276,17,5,1,1,1.777190154586953
development_oof,x10,10,quantum_angle_product,297,163,5,0,0,-0.8406390825476242
development_oof,x10,10,quantum_angle_product,298,405,5,0,0,-1.1497992388970166
development_oof,x10,10,quantum_angle_product,316,100,5,0,0,-1.0486814464252747
development_oof,x10,10,quantum_angle_product,319,163,5,0,0,-1.0656415414515044
development_oof,x10,10,quantum_angle_product,326,157,5,1,1,0.01870556481997543
development_oof,x10,10,quantum_angle_product,330,76,5,1,0,-1.1193604216172686
development_oof,x10,10,quantum_angle_product,334,394,5,0,0,-0.9238569624247477
development_oof,x10,10,quantum_angle_product,336,55,5,1,1,1.3793838628338078
development_oof,x10,10,quantum_angle_product,338,17,5,1,1,1.4548435353051472
development_oof,x10,10,quantum_angle_product,339,11,5,0,1,1.9368827233557644
development_oof,x10,10,quantum_angle_product,340,393,5,0,0,-0.9968832042511364
development_oof,x10,10,quantum_angle_product,343,17,5,1,1,1.3586241493642737
development_oof,x10,10,quantum_angle_product,347,17,5,1,1,1.5500446595905766
development_oof,x10,10,quantum_angle_product,351,100,5,1,0,-0.9330458409553346
development_oof,x10,10,quantum_angle_product,357,37,5,1,1,1.6139755280896457
development_oof,x10,10,quantum_angle_product,364,25,5,1,0,-0.8788157647417156
development_oof,x10,10,quantum_angle_product,372,17,5,1,1,1.6504758301893299
development_oof,x10,10,quantum_angle_product,377,386,5,0,0,-0.921600549732541
development_oof,x10,10,quantum_angle_product,381,76,5,0,0,-1.0287073318454008
development_oof,x10,10,quantum_angle_product,397,11,5,0,0,-1.0275981667852845
development_oof,x10,10,quantum_angle_product,402,380,5,0,0,-1.2992275206275865
development_oof,x10,10,quantum_angle_product,435,374,5,0,0,-1.0911301181540436
development_oof,x10,10,quantum_angle_product,436,25,5,1,0,-0.15908326895908953
development_oof,x10,10,quantum_angle_product,458,18,5,0,1,1.6869771834654559
development_oof,x10,10,quantum_angle_product,459,25,5,1,0,-1.0782428487845523
development_oof,x10,10,quantum_angle_product,468,370,5,0,0,-1.3150414102775718
development_oof,x10,10,quantum_angle_product,479,368,5,0,0,-0.8618709600355432
development_oof,x10,10,quantum_angle_product,486,157,5,0,0,-1.2507802288554677
development_oof,x10,10,quantum_angle_product,494,94,5,0,0,-0.7793479262406917
development_oof,x10,10,quantum_angle_product,533,71,5,0,0,-0.1974035168102466
development_oof,x10,10,quantum_angle_product,536,71,5,0,0,-0.4559008795211268
development_oof,x10,10,quantum_angle_product,549,355,5,0,0,-0.593366274836316
development_oof,x10,10,quantum_angle_product,555,352,5,1,1,1.741831886097125
development_oof,x10,10,quantum_angle_product,557,66,5,0,0,-0.20503740633443623
development_oof,x10,10,quantum_angle_product,563,71,5,0,0,-0.14900339169601562
development_oof,x10,10,quantum_angle_product,575,115,5,0,0,-0.261070580533846
development_oof,x10,10,quantum_angle_product,579,114,5,1,0,-0.762349689978385
development_oof,x10,10,quantum_angle_product,585,31,5,1,1,1.9359516498879001
development_oof,x10,10,quantum_angle_product,587,345,5,0,1,0.46470519103034835
development_oof,x10,10,quantum_angle_product,601,339,5,0,0,-1.3416929383660365
development_oof,x10,10,quantum_angle_product,612,87,5,0,0,-0.9946303518015922
development_oof,x10,10,quantum_angle_product,620,68,5,0,0,-1.4223491884372708
development_oof,x10,10,quantum_angle_product,634,17,5,1,1,1.5659377695100245
development_oof,x10,10,quantum_angle_product,635,68,5,1,0,-1.055217609858107
development_oof,x10,10,quantum_angle_product,640,146,5,0,0,-0.9301947632326799
development_oof,x10,10,quantum_angle_product,641,66,5,0,0,-0.8316805688323994
development_oof,x10,10,quantum_angle_product,643,330,5,0,0,-1.1928320660680027
development_oof,x10,10,quantum_angle_product,645,146,5,0,0,-1.3001076450619058
development_oof,x10,10,quantum_angle_product,656,326,5,0,0,-0.2760309507079368
development_oof,x10,10,quantum_angle_product,664,116,5,0,0,-0.9812099201331383
development_oof,x10,10,quantum_angle_product,675,71,5,0,1,0.0630592385303439
development_oof,x10,10,quantum_angle_product,682,317,5,0,0,-0.7608473102381046
development_oof,x10,10,quantum_angle_product,688,143,5,0,0,-0.7685657430289003
development_oof,x10,10,quantum_angle_product,698,314,5,0,0,-0.6814791407883396
development_oof,x10,10,quantum_angle_product,711,45,5,0,0,-0.4653844619642902
development_oof,x10,10,quantum_angle_product,723,25,5,0,0,-0.8289006446308624
development_oof,x10,10,quantum_angle_product,725,45,5,1,0,-0.4472620240558909
development_oof,x10,10,quantum_angle_product,726,31,5,1,1,1.4381593690779573
development_oof,x10,10,quantum_angle_product,732,45,5,0,0,-0.41547217076316567
development_oof,x10,10,quantum_angle_product,736,137,5,0,1,0.093614755927665
development_oof,x10,10,quantum_angle_product,741,306,5,0,0,-1.4202634570303365
development_oof,x10,10,quantum_angle_product,744,87,5,0,0,-1.3826405314040917
development_oof,x10,10,quantum_angle_product,749,11,5,0,0,-0.9005970319850496
development_oof,x10,10,quantum_angle_product,799,45,5,0,1,0.041430167114309135
development_oof,x10,10,quantum_angle_product,802,131,5,0,0,-0.8053801750620186
development_oof,x10,10,quantum_angle_product,816,284,5,0,0,-0.23146244481574652
development_oof,x10,10,quantum_angle_product,837,278,5,0,0,-0.716050173033099
development_oof,x10,10,quantum_angle_product,845,11,5,0,0,-1.018466508180393
development_oof,x10,10,quantum_angle_product,857,268,5,0,0,-0.8576283715117734
development_oof,x10,10,quantum_angle_product,858,61,5,0,0,-0.3840450954861838
development_oof,x10,10,quantum_angle_product,860,266,5,0,0,-0.20013964876623458
development_oof,x10,10,quantum_angle_product,870,260,5,0,0,-1.1191757277440777
development_oof,x10,10,quantum_angle_product,900,249,5,0,0,-0.8476300489152413
development_oof,x10,10,quantum_angle_product,906,247,5,0,0,-1.182356482921418
development_oof,x10,10,quantum_angle_product,915,25,5,1,0,-1.0166306981511548
development_oof,x10,10,quantum_angle_product,926,238,5,1,0,-1.1637857948490682
development_oof,x10,10,quantum_angle_product,939,229,5,1,1,0.007100636434697272
development_oof,x10,10,quantum_angle_product,948,225,5,1,1,0.18321395549424313
development_oof,x10,10,quantum_angle_product,958,220,5,0,0,-1.5375788809337072
development_oof,x10,10,quantum_angle_product,960,116,5,0,0,-0.7852400096111465
development_oof,x10,10,quantum_angle_product,969,115,5,0,0,-0.009345093420333406
development_oof,x10,10,quantum_angle_product,971,212,5,1,1,0.5068988732262563
development_oof,x10,10,quantum_angle_product,972,211,5,0,0,-1.1846150206217922
development_oof,x10,10,quantum_angle_product,974,45,5,0,0,-0.34281424326234333
development_oof,x10,10,quantum_angle_product,975,66,5,0,0,-0.8509446805185581
development_oof,x10,10,quantum_angle_product,979,114,5,0,0,-1.0577589235657205
development_oof,x10,10,quantum_angle_product,990,201,5,0,0,-0.5072949707704906
development_oof,x10,10,quantum_angle_product,1008,76,5,0,0,-1.2600734436942984
development_oof,x10,10,quantum_angle_product,1010,194,5,0,1,0.3100304052027427
development_oof,x10,10,quantum_angle_product,1015,191,5,1,0,-0.9367826968438502
development_oof,x10,10,quantum_angle_product,1027,185,5,1,1,2.2002516181899177
development_oof,x10,10,quantum_angle_product,1032,180,5,0,0,-0.074508799661678
development_oof,x10,10,quantum_iqp_zz_linear,5,31,5,1,1,1.277316864623725
development_oof,x10,10,quantum_iqp_zz_linear,6,61,5,0,0,-0.9618865178391522
development_oof,x10,10,quantum_iqp_zz_linear,15,458,5,1,1,0.9417785937685483
development_oof,x10,10,quantum_iqp_zz_linear,23,11,5,0,0,-0.09671095313068756
development_oof,x10,10,quantum_iqp_zz_linear,26,11,5,0,0,-0.7868256426666824
development_oof,x10,10,quantum_iqp_zz_linear,41,451,5,0,0,-1.147431280347883
development_oof,x10,10,quantum_iqp_zz_linear,46,18,5,0,1,1.1725389797470962
development_oof,x10,10,quantum_iqp_zz_linear,49,11,5,0,0,-1.0622625367312726
development_oof,x10,10,quantum_iqp_zz_linear,52,448,5,0,0,-1.174792828862078
development_oof,x10,10,quantum_iqp_zz_linear,57,61,5,0,0,-0.9578898355025915
development_oof,x10,10,quantum_iqp_zz_linear,58,11,5,0,0,-0.997741159568458
development_oof,x10,10,quantum_iqp_zz_linear,59,11,5,0,0,-0.37155096109458485
development_oof,x10,10,quantum_iqp_zz_linear,76,11,5,0,1,1.0966319816573329
development_oof,x10,10,quantum_iqp_zz_linear,79,175,5,1,0,-0.25919208207902056
development_oof,x10,10,quantum_iqp_zz_linear,85,17,5,1,1,1.0236283009741716
development_oof,x10,10,quantum_iqp_zz_linear,96,18,5,1,1,1.2507428105899643
development_oof,x10,10,quantum_iqp_zz_linear,98,438,5,0,0,-0.9114771105290964
development_oof,x10,10,quantum_iqp_zz_linear,100,31,5,1,1,1.0452160152897538
development_oof,x10,10,quantum_iqp_zz_linear,105,437,5,1,0,-0.39538416780106767
development_oof,x10,10,quantum_iqp_zz_linear,106,18,5,1,1,1.207470382427819
development_oof,x10,10,quantum_iqp_zz_linear,111,106,5,0,0,-0.4934557031367912
development_oof,x10,10,quantum_iqp_zz_linear,116,434,5,0,1,0.3215263450902006
development_oof,x10,10,quantum_iqp_zz_linear,130,171,5,0,0,-0.6054739136480403
development_oof,x10,10,quantum_iqp_zz_linear,132,18,5,1,1,1.2338802356603764
development_oof,x10,10,quantum_iqp_zz_linear,141,106,5,0,0,-1.0810737590227613
development_oof,x10,10,quantum_iqp_zz_linear,149,106,5,0,0,-0.7437778844846317
development_oof,x10,10,quantum_iqp_zz_linear,150,55,5,1,1,1.0455377269172481
development_oof,x10,10,quantum_iqp_zz_linear,152,429,5,0,0,-0.8039049691820856
development_oof,x10,10,quantum_iqp_zz_linear,161,427,5,0,0,-0.22801167162873792
development_oof,x10,10,quantum_iqp_zz_linear,163,18,5,1,1,2.491527600360949
development_oof,x10,10,quantum_iqp_zz_linear,165,17,5,1,1,1.2342000237194488
development_oof,x10,10,quantum_iqp_zz_linear,167,18,5,1,1,1.2072495444979825
development_oof,x10,10,quantum_iqp_zz_linear,172,423,5,0,1,1.256789360795226
development_oof,x10,10,quantum_iqp_zz_linear,179,11,5,0,0,-0.15542020255266764
development_oof,x10,10,quantum_iqp_zz_linear,182,31,5,1,1,0.9885715645647142
development_oof,x10,10,quantum_iqp_zz_linear,186,18,5,1,1,1.27581500076099
development_oof,x10,10,quantum_iqp_zz_linear,195,31,5,1,1,1.1502283973158622
development_oof,x10,10,quantum_iqp_zz_linear,208,31,5,1,1,1.4545087974894693
development_oof,x10,10,quantum_iqp_zz_linear,215,61,5,0,0,-0.46462666978891143
development_oof,x10,10,quantum_iqp_zz_linear,219,418,5,0,0,-1.1902868694719466
development_oof,x10,10,quantum_iqp_zz_linear,223,68,5,0,0,-1.161200504949133
development_oof,x10,10,quantum_iqp_zz_linear,225,55,5,1,0,-0.01908198502902181
development_oof,x10,10,quantum_iqp_zz_linear,231,417,5,0,0,-1.1885888478195368
development_oof,x10,10,quantum_iqp_zz_linear,233,17,5,1,1,0.9507353164853671
development_oof,x10,10,quantum_iqp_zz_linear,255,410,5,0,0,-0.9772663467236031
development_oof,x10,10,quantum_iqp_zz_linear,256,18,5,1,1,1.1240370515930453
development_oof,x10,10,quantum_iqp_zz_linear,259,409,5,0,0,-0.6460610844960644
development_oof,x10,10,quantum_iqp_zz_linear,261,25,5,1,0,-1.0205316047138175
development_oof,x10,10,quantum_iqp_zz_linear,273,25,5,1,0,-0.9359637341513676
development_oof,x10,10,quantum_iqp_zz_linear,276,17,5,1,1,1.2800504425093093
development_oof,x10,10,quantum_iqp_zz_linear,297,163,5,0,0,-0.8841120379656657
development_oof,x10,10,quantum_iqp_zz_linear,298,405,5,0,0,-1.0793803137041984
development_oof,x10,10,quantum_iqp_zz_linear,316,100,5,0,0,-0.9388511761339569
development_oof,x10,10,quantum_iqp_zz_linear,319,163,5,0,0,-1.0515386501031634
development_oof,x10,10,quantum_iqp_zz_linear,326,157,5,1,0,-0.040632924063664255
development_oof,x10,10,quantum_iqp_zz_linear,330,76,5,1,0,-1.0846898392730753
development_oof,x10,10,quantum_iqp_zz_linear,334,394,5,0,0,-0.860039061034497
development_oof,x10,10,quantum_iqp_zz_linear,336,55,5,1,1,1.0715487416460516
development_oof,x10,10,quantum_iqp_zz_linear,338,17,5,1,1,1.1524356770468205
development_oof,x10,10,quantum_iqp_zz_linear,339,11,5,0,1,0.9814777165041981
development_oof,x10,10,quantum_iqp_zz_linear,340,393,5,0,0,-0.9919863587619531
development_oof,x10,10,quantum_iqp_zz_linear,343,17,5,1,1,1.1477265403375085
development_oof,x10,10,quantum_iqp_zz_linear,347,17,5,1,1,1.2624765052500893
development_oof,x10,10,quantum_iqp_zz_linear,351,100,5,1,0,-0.8447010267577637
development_oof,x10,10,quantum_iqp_zz_linear,357,37,5,1,1,1.1669854830949828
development_oof,x10,10,quantum_iqp_zz_linear,364,25,5,1,0,-0.8786979890579643
development_oof,x10,10,quantum_iqp_zz_linear,372,17,5,1,1,1.2680680684448014
development_oof,x10,10,quantum_iqp_zz_linear,377,386,5,0,0,-0.9267876989002612
development_oof,x10,10,quantum_iqp_zz_linear,381,76,5,0,0,-1.0082452076469428
development_oof,x10,10,quantum_iqp_zz_linear,397,11,5,0,0,-0.9016549568152139
development_oof,x10,10,quantum_iqp_zz_linear,402,380,5,0,0,-1.0758794632830775
development_oof,x10,10,quantum_iqp_zz_linear,435,374,5,0,0,-1.0131288479634135
development_oof,x10,10,quantum_iqp_zz_linear,436,25,5,1,0,-0.2571223362960222
development_oof,x10,10,quantum_iqp_zz_linear,458,18,5,0,1,1.2272241736201797
development_oof,x10,10,quantum_iqp_zz_linear,459,25,5,1,0,-1.015226849507882
development_oof,x10,10,quantum_iqp_zz_linear,468,370,5,0,0,-1.0793856499665897
development_oof,x10,10,quantum_iqp_zz_linear,479,368,5,0,0,-0.8853813072529066
development_oof,x10,10,quantum_iqp_zz_linear,486,157,5,0,0,-1.157914497374035
development_oof,x10,10,quantum_iqp_zz_linear,494,94,5,0,0,-0.766122525715556
development_oof,x10,10,quantum_iqp_zz_linear,533,71,5,0,0,-0.3025233767480091
development_oof,x10,10,quantum_iqp_zz_linear,536,71,5,0,0,-0.54181615741912
development_oof,x10,10,quantum_iqp_zz_linear,549,355,5,0,0,-0.6323911423808457
development_oof,x10,10,quantum_iqp_zz_linear,555,352,5,1,1,1.2542848950153949
development_oof,x10,10,quantum_iqp_zz_linear,557,66,5,0,0,-0.2776846099225543
development_oof,x10,10,quantum_iqp_zz_linear,563,71,5,0,0,-0.2550318336809474
development_oof,x10,10,quantum_iqp_zz_linear,575,115,5,0,0,-0.2518884936151433
development_oof,x10,10,quantum_iqp_zz_linear,579,114,5,1,0,-0.8357465951244532
development_oof,x10,10,quantum_iqp_zz_linear,585,31,5,1,1,1.4973004964230652
development_oof,x10,10,quantum_iqp_zz_linear,587,345,5,0,1,0.3476501092993809
development_oof,x10,10,quantum_iqp_zz_linear,601,339,5,0,0,-1.2378510137539982
development_oof,x10,10,quantum_iqp_zz_linear,612,87,5,0,0,-1.018782435897748
development_oof,x10,10,quantum_iqp_zz_linear,620,68,5,0,0,-1.2776974785715354
development_oof,x10,10,quantum_iqp_zz_linear,634,17,5,1,1,1.2348332918818645
development_oof,x10,10,quantum_iqp_zz_linear,635,68,5,1,0,-1.0514421785291035
development_oof,x10,10,quantum_iqp_zz_linear,640,146,5,0,0,-0.938410512644005
development_oof,x10,10,quantum_iqp_zz_linear,641,66,5,0,0,-0.8936067300653303
development_oof,x10,10,quantum_iqp_zz_linear,643,330,5,0,0,-1.0936721157441598
development_oof,x10,10,quantum_iqp_zz_linear,645,146,5,0,0,-1.2664740262316754
development_oof,x10,10,quantum_iqp_zz_linear,656,326,5,0,0,-0.3873839548949354
development_oof,x10,10,quantum_iqp_zz_linear,664,116,5,0,0,-0.9897069126488878
development_oof,x10,10,quantum_iqp_zz_linear,675,71,5,0,0,-0.08290486603731106
development_oof,x10,10,quantum_iqp_zz_linear,682,317,5,0,0,-0.8082894058821306
development_oof,x10,10,quantum_iqp_zz_linear,688,143,5,0,0,-0.7886753771890618
development_oof,x10,10,quantum_iqp_zz_linear,698,314,5,0,0,-0.6499689656544814
development_oof,x10,10,quantum_iqp_zz_linear,711,45,5,0,0,-0.5100982801635356
development_oof,x10,10,quantum_iqp_zz_linear,723,25,5,0,0,-0.7910016029477278
development_oof,x10,10,quantum_iqp_zz_linear,725,45,5,1,0,-0.44792821959661744
development_oof,x10,10,quantum_iqp_zz_linear,726,31,5,1,1,1.194093483026142
development_oof,x10,10,quantum_iqp_zz_linear,732,45,5,0,0,-0.47946559768975416
development_oof,x10,10,quantum_iqp_zz_linear,736,137,5,0,0,-0.022777851615178202
development_oof,x10,10,quantum_iqp_zz_linear,741,306,5,0,0,-1.3205242428933632
development_oof,x10,10,quantum_iqp_zz_linear,744,87,5,0,0,-1.2808262053095982
development_oof,x10,10,quantum_iqp_zz_linear,749,11,5,0,0,-0.8665770912775923
development_oof,x10,10,quantum_iqp_zz_linear,799,45,5,0,0,-0.032323755818099764
development_oof,x10,10,quantum_iqp_zz_linear,802,131,5,0,0,-0.8040469193879198
development_oof,x10,10,quantum_iqp_zz_linear,816,284,5,0,0,-0.2528855958379559
development_oof,x10,10,quantum_iqp_zz_linear,837,278,5,0,0,-0.5801317872390075
development_oof,x10,10,quantum_iqp_zz_linear,845,11,5,0,0,-0.8947953208162287
development_oof,x10,10,quantum_iqp_zz_linear,857,268,5,0,0,-0.8637452582772005
development_oof,x10,10,quantum_iqp_zz_linear,858,61,5,0,0,-0.4649741907940341
development_oof,x10,10,quantum_iqp_zz_linear,860,266,5,0,0,-0.44353868353123205
development_oof,x10,10,quantum_iqp_zz_linear,870,260,5,0,0,-1.078083956704377
development_oof,x10,10,quantum_iqp_zz_linear,900,249,5,0,0,-0.8464252891524495
development_oof,x10,10,quantum_iqp_zz_linear,906,247,5,0,0,-1.087228262771966
development_oof,x10,10,quantum_iqp_zz_linear,915,25,5,1,0,-0.9561410908514254
development_oof,x10,10,quantum_iqp_zz_linear,926,238,5,1,0,-1.1024575700026866
development_oof,x10,10,quantum_iqp_zz_linear,939,229,5,1,0,-0.09720385911352802
development_oof,x10,10,quantum_iqp_zz_linear,948,225,5,1,0,-0.10070075082016472
development_oof,x10,10,quantum_iqp_zz_linear,958,220,5,0,0,-1.3769778321532782
development_oof,x10,10,quantum_iqp_zz_linear,960,116,5,0,0,-0.8606839403367352
development_oof,x10,10,quantum_iqp_zz_linear,969,115,5,0,0,-0.06530608318469122
development_oof,x10,10,quantum_iqp_zz_linear,971,212,5,1,1,0.38352092535744364
development_oof,x10,10,quantum_iqp_zz_linear,972,211,5,0,0,-1.0851189332208862
development_oof,x10,10,quantum_iqp_zz_linear,974,45,5,0,0,-0.36473620352520153
development_oof,x10,10,quantum_iqp_zz_linear,975,66,5,0,0,-0.9071122055899143
development_oof,x10,10,quantum_iqp_zz_linear,979,114,5,0,0,-1.092948060027384
development_oof,x10,10,quantum_iqp_zz_linear,990,201,5,0,0,-0.6213442352678946
development_oof,x10,10,quantum_iqp_zz_linear,1008,76,5,0,0,-1.1143882534702767
development_oof,x10,10,quantum_iqp_zz_linear,1010,194,5,0,1,0.12441215152559315
development_oof,x10,10,quantum_iqp_zz_linear,1015,191,5,1,0,-0.9534121911499753
development_oof,x10,10,quantum_iqp_zz_linear,1027,185,5,1,1,1.430538025994274
development_oof,x10,10,quantum_iqp_zz_linear,1032,180,5,0,0,-0.1941902008363947
