evaluation_status,representation,n_features,model,ID,BUTINA_CLUSTER_ID,outer_fold,y_true,y_pred,y_score
development_oof,x10,10,logistic,5,31,1,1,1,0.9844216797461633
development_oof,x10,10,logistic,33,452,1,0,0,0.36995755948196446
development_oof,x10,10,logistic,53,447,1,0,0,0.4196024728989188
development_oof,x10,10,logistic,64,34,1,1,0,0.32573149817903085
development_oof,x10,10,logistic,73,176,1,0,0,0.38013522209567374
development_oof,x10,10,logistic,78,443,1,1,1,0.676057247695801
development_oof,x10,10,logistic,83,60,1,1,0,0.4999135866161469
development_oof,x10,10,logistic,100,31,1,1,1,0.9639262671644436
development_oof,x10,10,logistic,105,437,1,1,1,0.6635669017438214
development_oof,x10,10,logistic,113,435,1,0,0,0.39349348618571806
development_oof,x10,10,logistic,116,434,1,0,0,0.13726456109140459
development_oof,x10,10,logistic,119,0,1,0,0,0.22230314070043417
development_oof,x10,10,logistic,139,20,1,1,1,0.553929793817067
development_oof,x10,10,logistic,142,0,1,0,0,0.23528271078331517
development_oof,x10,10,logistic,157,0,1,0,0,0.2365488878125334
development_oof,x10,10,logistic,162,426,1,0,0,0.09932021113108519
development_oof,x10,10,logistic,170,60,1,1,0,0.3316722669074238
development_oof,x10,10,logistic,182,31,1,1,1,0.9714721700837362
development_oof,x10,10,logistic,195,31,1,1,1,0.9627736886602946
development_oof,x10,10,logistic,203,34,1,1,0,0.31157219690567234
development_oof,x10,10,logistic,208,31,1,1,1,0.9899617906040296
development_oof,x10,10,logistic,236,416,1,1,0,0.26746820275601685
development_oof,x10,10,logistic,255,410,1,0,0,0.3730316946206335
development_oof,x10,10,logistic,261,25,1,1,0,0.25426068945373964
development_oof,x10,10,logistic,278,407,1,0,0,0.3402330546428293
development_oof,x10,10,logistic,288,128,1,0,0,0.3819643213464702
development_oof,x10,10,logistic,290,164,1,1,1,0.7444413848720314
development_oof,x10,10,logistic,321,397,1,0,0,0.26855209698298804
development_oof,x10,10,logistic,325,396,1,0,0,0.4743130150715168
development_oof,x10,10,logistic,334,394,1,0,0,0.1811871847174995
development_oof,x10,10,logistic,364,25,1,1,0,0.37517525042420186
development_oof,x10,10,logistic,379,24,1,0,0,0.269760126607073
development_oof,x10,10,logistic,393,0,1,0,0,0.26558996240941485
development_oof,x10,10,logistic,419,154,1,1,1,0.9915891234724622
development_oof,x10,10,logistic,438,96,1,1,0,0.35076999476544385
development_oof,x10,10,logistic,439,156,1,1,0,0.45203207706500503
development_oof,x10,10,logistic,440,373,1,0,0,0.2208145208368919
development_oof,x10,10,logistic,466,0,1,0,0,0.2370601777635675
development_oof,x10,10,logistic,470,0,1,0,0,0.26989175116471775
development_oof,x10,10,logistic,490,364,1,0,0,0.3283639118054747
development_oof,x10,10,logistic,495,0,1,0,0,0.22268733198230142
development_oof,x10,10,logistic,506,0,1,0,0,0.2177490175259822
development_oof,x10,10,logistic,509,362,1,0,0,0.3464318476556729
development_oof,x10,10,logistic,517,0,1,0,0,0.18951235053822835
development_oof,x10,10,logistic,522,154,1,1,1,0.9850151978394377
development_oof,x10,10,logistic,524,0,1,0,0,0.23655464053623987
development_oof,x10,10,logistic,527,0,1,0,0,0.21782279148764552
development_oof,x10,10,logistic,529,0,1,0,0,0.18297674622505455
development_oof,x10,10,logistic,544,63,1,1,1,0.5600049568260108
development_oof,x10,10,logistic,548,34,1,0,0,0.4906410118007409
development_oof,x10,10,logistic,553,0,1,0,0,0.2607932402520423
development_oof,x10,10,logistic,554,148,1,0,1,0.5518790573785209
development_oof,x10,10,logistic,560,0,1,0,0,0.18632962044316478
development_oof,x10,10,logistic,561,70,1,0,0,0.1729411119294046
development_oof,x10,10,logistic,568,0,1,0,0,0.217052742134242
development_oof,x10,10,logistic,570,0,1,1,0,0.24127357916227438
development_oof,x10,10,logistic,571,70,1,0,0,0.11322788310152077
development_oof,x10,10,logistic,572,0,1,1,0,0.2374905738292685
development_oof,x10,10,logistic,576,349,1,0,0,0.426376382406131
development_oof,x10,10,logistic,579,114,1,1,0,0.3996036122279813
development_oof,x10,10,logistic,580,348,1,1,0,0.4427828179325227
development_oof,x10,10,logistic,585,31,1,1,1,0.9916737469949114
development_oof,x10,10,logistic,592,0,1,1,0,0.23652318137647918
development_oof,x10,10,logistic,594,34,1,0,0,0.3871787635760365
development_oof,x10,10,logistic,600,151,1,0,0,0.4490954563662282
development_oof,x10,10,logistic,604,0,1,0,0,0.24466748544337213
development_oof,x10,10,logistic,605,0,1,0,0,0.24760892797573952
development_oof,x10,10,logistic,608,0,1,0,0,0.18229129812754047
development_oof,x10,10,logistic,611,0,1,0,0,0.274124561733063
development_oof,x10,10,logistic,612,87,1,0,0,0.26187138602012444
development_oof,x10,10,logistic,615,0,1,0,0,0.2036879784856358
development_oof,x10,10,logistic,622,34,1,0,0,0.4107144510033888
development_oof,x10,10,logistic,624,149,1,1,0,0.4310994150035297
development_oof,x10,10,logistic,625,148,1,0,0,0.4907857700662613
development_oof,x10,10,logistic,630,67,1,0,0,0.46986540258707427
development_oof,x10,10,logistic,633,0,1,0,0,0.19543884087086996
development_oof,x10,10,logistic,646,0,1,0,0,0.24374393847906367
development_oof,x10,10,logistic,647,0,1,0,0,0.27048832413432183
development_oof,x10,10,logistic,651,67,1,0,0,0.3749914903099429
development_oof,x10,10,logistic,662,0,1,0,0,0.23046411281658344
development_oof,x10,10,logistic,667,0,1,0,0,0.18821356965860203
development_oof,x10,10,logistic,678,20,1,1,0,0.40181999923073025
development_oof,x10,10,logistic,680,145,1,0,0,0.40042690679000975
development_oof,x10,10,logistic,686,144,1,1,0,0.4055965905519475
development_oof,x10,10,logistic,692,0,1,0,0,0.19514280139438148
development_oof,x10,10,logistic,693,0,1,0,0,0.21374262916248063
development_oof,x10,10,logistic,698,314,1,0,0,0.31364800879470095
development_oof,x10,10,logistic,699,0,1,0,0,0.12118037394034159
development_oof,x10,10,logistic,701,0,1,1,0,0.2505651582991139
development_oof,x10,10,logistic,706,0,1,0,0,0.2927619829224753
development_oof,x10,10,logistic,716,309,1,0,0,0.37745389537089225
development_oof,x10,10,logistic,723,25,1,0,0,0.2773081369427683
development_oof,x10,10,logistic,726,31,1,1,1,0.9684071412705407
development_oof,x10,10,logistic,729,0,1,0,0,0.19106996124237371
development_oof,x10,10,logistic,731,60,1,0,0,0.4073756096077026
development_oof,x10,10,logistic,741,306,1,0,0,0.21476025178830987
development_oof,x10,10,logistic,742,305,1,0,0,0.26518060671595084
development_oof,x10,10,logistic,744,87,1,0,0,0.1725826766667631
development_oof,x10,10,logistic,745,0,1,0,0,0.2080007431274496
development_oof,x10,10,logistic,756,303,1,0,0,0.41295142135499413
development_oof,x10,10,logistic,767,63,1,1,1,0.506157398780294
development_oof,x10,10,logistic,780,133,1,0,0,0.25437712156100994
development_oof,x10,10,logistic,791,294,1,0,0,0.1984919290508856
development_oof,x10,10,logistic,794,0,1,0,0,0.42822145943391615
development_oof,x10,10,logistic,798,291,1,0,0,0.42279192153733
development_oof,x10,10,logistic,805,63,1,1,1,0.7269277519728273
development_oof,x10,10,logistic,809,287,1,0,1,0.5078902120551234
development_oof,x10,10,logistic,811,20,1,1,0,0.46424420395623756
development_oof,x10,10,logistic,821,282,1,0,0,0.47452776476927766
development_oof,x10,10,logistic,827,129,1,0,0,0.40539913192873317
development_oof,x10,10,logistic,836,279,1,1,0,0.13927848175895363
development_oof,x10,10,logistic,847,274,1,0,0,0.20925795603711436
development_oof,x10,10,logistic,867,60,1,0,0,0.38555495357410596
development_oof,x10,10,logistic,907,246,1,0,0,0.3234558808488649
development_oof,x10,10,logistic,915,25,1,1,0,0.24133483104373682
development_oof,x10,10,logistic,916,244,1,0,1,0.5236788286566112
development_oof,x10,10,logistic,927,237,1,0,0,0.2748939110936353
development_oof,x10,10,logistic,929,67,1,0,1,0.5242183257290274
development_oof,x10,10,logistic,930,235,1,1,1,0.5858808299859297
development_oof,x10,10,logistic,931,234,1,0,0,0.42694970772370483
development_oof,x10,10,logistic,945,227,1,0,0,0.18250917409958894
development_oof,x10,10,logistic,962,218,1,0,0,0.3676893294822843
development_oof,x10,10,logistic,978,208,1,0,0,0.37951654041887123
development_oof,x10,10,logistic,979,114,1,0,0,0.28500080998985267
development_oof,x10,10,logistic,991,0,1,0,0,0.22248484538857252
development_oof,x10,10,logistic,1025,63,1,1,0,0.2957409536745041
development_oof,x10,10,logistic,1028,184,1,0,0,0.4093464415566189
development_oof,x10,10,logistic,13,109,2,1,1,0.9775928416065356
development_oof,x10,10,logistic,15,458,2,1,1,0.9861733501061875
development_oof,x10,10,logistic,25,12,2,1,0,0.26498863674544676
development_oof,x10,10,logistic,28,454,2,1,0,0.22791394434955137
development_oof,x10,10,logistic,52,448,2,0,0,0.12665195159320392
development_oof,x10,10,logistic,54,1,2,0,0,0.3723172484508285
development_oof,x10,10,logistic,61,1,2,0,0,0.27471414867359534
development_oof,x10,10,logistic,70,166,2,0,0,0.20235568209119384
development_oof,x10,10,logistic,72,12,2,1,0,0.29581086099164894
development_oof,x10,10,logistic,79,175,2,1,1,0.5408413605905503
development_oof,x10,10,logistic,85,17,2,1,1,0.9825699621131796
development_oof,x10,10,logistic,87,439,2,0,0,0.11571228754886755
development_oof,x10,10,logistic,88,12,2,0,0,0.20589652431608618
development_oof,x10,10,logistic,108,436,2,0,0,0.2219787293189162
development_oof,x10,10,logistic,114,173,2,0,0,0.1741108898724698
development_oof,x10,10,logistic,115,2,2,1,0,0.22337641625347496
development_oof,x10,10,logistic,118,172,2,0,0,0.19741696898696323
development_oof,x10,10,logistic,131,170,2,1,1,0.5691263587987183
development_oof,x10,10,logistic,165,17,2,1,1,0.9898749185000018
development_oof,x10,10,logistic,188,1,2,0,0,0.3717945443048106
development_oof,x10,10,logistic,199,1,2,0,0,0.30080453215026415
development_oof,x10,10,logistic,207,1,2,0,0,0.27882721388822085
development_oof,x10,10,logistic,216,167,2,1,0,0.3164522286351561
development_oof,x10,10,logistic,219,418,2,0,0,0.26217818123062386
development_oof,x10,10,logistic,222,1,2,0,0,0.2962757297296601
development_oof,x10,10,logistic,224,1,2,0,0,0.30755612942439875
development_oof,x10,10,logistic,233,17,2,1,1,0.9757414118036599
development_oof,x10,10,logistic,240,167,2,1,0,0.3279135892800961
development_oof,x10,10,logistic,249,124,2,0,1,0.7386330133358741
development_oof,x10,10,logistic,250,166,2,0,0,0.11391521387258031
development_oof,x10,10,logistic,259,409,2,0,0,0.374974879636032
development_oof,x10,10,logistic,267,408,2,0,0,0.28576759467351165
development_oof,x10,10,logistic,270,12,2,1,0,0.38021131291298493
development_oof,x10,10,logistic,276,17,2,1,1,0.9930313894328031
development_oof,x10,10,logistic,294,122,2,0,0,0.1779091360471944
development_oof,x10,10,logistic,296,1,2,0,0,0.4948728228520446
development_oof,x10,10,logistic,301,403,2,0,0,0.16055525045838334
development_oof,x10,10,logistic,305,402,2,0,0,0.2785798455425591
development_oof,x10,10,logistic,306,101,2,1,0,0.48059672517717605
development_oof,x10,10,logistic,307,12,2,1,0,0.28799882843692826
development_oof,x10,10,logistic,312,399,2,0,1,0.8894741847657179
development_oof,x10,10,logistic,338,17,2,1,1,0.9870048023846669
development_oof,x10,10,logistic,343,17,2,1,1,0.9884667066712879
development_oof,x10,10,logistic,345,73,2,0,1,0.9785259896012302
development_oof,x10,10,logistic,346,12,2,1,0,0.35901239502014154
development_oof,x10,10,logistic,347,17,2,1,1,0.9901962416214886
development_oof,x10,10,logistic,350,12,2,0,0,0.3499827004979953
development_oof,x10,10,logistic,369,1,2,0,0,0.451823126622179
development_oof,x10,10,logistic,372,17,2,1,1,0.9891129821513682
development_oof,x10,10,logistic,382,384,2,0,0,0.4472106022212983
development_oof,x10,10,logistic,383,12,2,1,0,0.29498628371533675
development_oof,x10,10,logistic,384,69,2,0,0,0.4090006340372459
development_oof,x10,10,logistic,406,78,2,0,0,0.48025228363400035
development_oof,x10,10,logistic,407,160,2,0,0,0.2738700486519629
development_oof,x10,10,logistic,413,62,2,1,0,0.39988102189833485
development_oof,x10,10,logistic,415,12,2,1,0,0.3326756196759574
development_oof,x10,10,logistic,426,377,2,0,1,0.8865514037328749
development_oof,x10,10,logistic,434,97,2,1,1,0.9857812734241498
development_oof,x10,10,logistic,447,1,2,0,0,0.4227195139180314
development_oof,x10,10,logistic,452,73,2,1,1,0.9833701260393597
development_oof,x10,10,logistic,456,78,2,0,0,0.4858752574994297
development_oof,x10,10,logistic,463,1,2,0,0,0.36427527730738696
development_oof,x10,10,logistic,472,1,2,1,0,0.3802068662572608
development_oof,x10,10,logistic,474,1,2,0,0,0.37307665194502987
development_oof,x10,10,logistic,513,92,2,0,0,0.16868556453779418
development_oof,x10,10,logistic,523,2,2,1,0,0.22026251624457235
development_oof,x10,10,logistic,540,356,2,0,0,0.3943930737368912
development_oof,x10,10,logistic,557,66,2,0,1,0.6153686461912862
development_oof,x10,10,logistic,573,350,2,0,0,0.4496613512694182
development_oof,x10,10,logistic,574,1,2,0,0,0.42952776567946943
development_oof,x10,10,logistic,583,69,2,0,0,0.36714833749786574
development_oof,x10,10,logistic,587,345,2,0,1,0.5345894331454156
development_oof,x10,10,logistic,591,343,2,0,1,0.5286173217674088
development_oof,x10,10,logistic,617,1,2,0,0,0.28852166202717555
development_oof,x10,10,logistic,626,1,2,0,0,0.2998006398904108
development_oof,x10,10,logistic,631,92,2,0,0,0.28021006724604347
development_oof,x10,10,logistic,634,17,2,1,1,0.9911522270658015
development_oof,x10,10,logistic,636,334,2,1,0,0.4675154424863676
development_oof,x10,10,logistic,638,333,2,0,0,0.3954929736530235
development_oof,x10,10,logistic,641,66,2,0,0,0.4365302721920556
development_oof,x10,10,logistic,658,325,2,0,1,0.6805410268407103
development_oof,x10,10,logistic,664,116,2,0,0,0.23015550845773322
development_oof,x10,10,logistic,670,322,2,0,1,0.5966092778747748
development_oof,x10,10,logistic,681,318,2,0,0,0.3635768020628809
development_oof,x10,10,logistic,685,33,2,0,0,0.1813896827859771
development_oof,x10,10,logistic,689,1,2,0,0,0.295266950510574
development_oof,x10,10,logistic,694,33,2,0,0,0.17583494125950425
development_oof,x10,10,logistic,707,311,2,0,0,0.14889405963226113
development_oof,x10,10,logistic,734,12,2,1,0,0.36065891849047493
development_oof,x10,10,logistic,760,1,2,0,1,0.5277531653551538
development_oof,x10,10,logistic,771,43,2,0,1,0.556528932133022
development_oof,x10,10,logistic,774,299,2,0,0,0.3860616488767062
development_oof,x10,10,logistic,779,43,2,0,0,0.49126795503473786
development_oof,x10,10,logistic,782,43,2,0,0,0.3304013331502587
development_oof,x10,10,logistic,790,62,2,1,0,0.4850556706422087
development_oof,x10,10,logistic,797,43,2,0,1,0.6250433473046435
development_oof,x10,10,logistic,808,33,2,0,0,0.18811484092460612
development_oof,x10,10,logistic,810,286,2,0,0,0.1716042329687078
development_oof,x10,10,logistic,812,285,2,0,1,0.6634287658247641
development_oof,x10,10,logistic,813,33,2,0,0,0.20817359757163773
development_oof,x10,10,logistic,816,284,2,0,0,0.4874759075298211
development_oof,x10,10,logistic,844,276,2,0,0,0.17261533140813487
development_oof,x10,10,logistic,850,273,2,0,0,0.14634536381343624
development_oof,x10,10,logistic,855,270,2,0,0,0.3871586074579286
development_oof,x10,10,logistic,864,264,2,0,0,0.18978156309768515
development_oof,x10,10,logistic,865,263,2,0,0,0.34753144219999443
development_oof,x10,10,logistic,888,254,2,1,0,0.25132859255623335
development_oof,x10,10,logistic,895,124,2,0,1,0.6414155415999079
development_oof,x10,10,logistic,902,122,2,1,0,0.14404324661908469
development_oof,x10,10,logistic,917,243,2,1,0,0.4510754599690529
development_oof,x10,10,logistic,918,242,2,0,0,0.2500699337494987
development_oof,x10,10,logistic,932,233,2,0,0,0.19515039021204345
development_oof,x10,10,logistic,940,78,2,0,0,0.47471345409062127
development_oof,x10,10,logistic,942,228,2,0,0,0.13222684478395097
development_oof,x10,10,logistic,960,116,2,0,0,0.2965153686321591
development_oof,x10,10,logistic,970,213,2,0,0,0.2920721784816199
development_oof,x10,10,logistic,972,211,2,0,0,0.2503202431132402
development_oof,x10,10,logistic,975,66,2,0,1,0.5058978832660833
development_oof,x10,10,logistic,993,69,2,0,1,0.6413223142971233
development_oof,x10,10,logistic,1002,197,2,0,0,0.4247817434529622
development_oof,x10,10,logistic,1006,111,2,0,0,0.1999598636239986
development_oof,x10,10,logistic,1026,186,2,1,0,0.49959700217058634
development_oof,x10,10,logistic,1027,185,2,1,1,0.8293786588475934
development_oof,x10,10,logistic,1032,180,2,0,1,0.6315888851029628
development_oof,x10,10,logistic,1034,178,2,0,0,0.057560108399247356
development_oof,x10,10,logistic,8,107,3,0,1,0.5016865210696398
development_oof,x10,10,logistic,24,455,3,0,0,0.3440906729838294
development_oof,x10,10,logistic,45,449,3,1,1,0.566082317079942
development_oof,x10,10,logistic,55,107,3,0,1,0.6046489012415978
development_oof,x10,10,logistic,60,4,3,1,1,0.6079675313426923
development_oof,x10,10,logistic,98,438,3,0,1,0.5674900877433795
development_oof,x10,10,logistic,120,10,3,0,0,0.2674912902879605
development_oof,x10,10,logistic,129,58,3,1,1,0.9741792521703826
development_oof,x10,10,logistic,136,57,3,0,0,0.39163436281968106
development_oof,x10,10,logistic,150,55,3,1,1,0.9617830571132959
development_oof,x10,10,logistic,161,427,3,0,1,0.5955671391057392
development_oof,x10,10,logistic,173,52,3,0,0,0.37323802569102493
development_oof,x10,10,logistic,178,54,3,0,0,0.4047634163536273
development_oof,x10,10,logistic,183,422,3,0,0,0.3611432648863117
development_oof,x10,10,logistic,192,8,3,0,0,0.24937980920254052
development_oof,x10,10,logistic,196,8,3,0,0,0.3588876480460448
development_oof,x10,10,logistic,211,8,3,0,0,0.3146451031958961
development_oof,x10,10,logistic,214,10,3,0,0,0.3181685171086757
development_oof,x10,10,logistic,217,8,3,0,0,0.29440744654390216
development_oof,x10,10,logistic,218,8,3,0,0,0.2976091006062502
development_oof,x10,10,logistic,220,8,3,0,0,0.3702578854388678
development_oof,x10,10,logistic,225,55,3,1,1,0.7419963153528131
development_oof,x10,10,logistic,226,8,3,0,0,0.27656207119369297
development_oof,x10,10,logistic,242,52,3,1,1,0.9885448017011095
development_oof,x10,10,logistic,243,414,3,0,0,0.2005318137101708
development_oof,x10,10,logistic,253,412,3,0,0,0.4089481443221898
development_oof,x10,10,logistic,260,49,3,1,1,0.5664995094871964
development_oof,x10,10,logistic,264,51,3,0,0,0.483316024150806
development_oof,x10,10,logistic,268,8,3,0,0,0.409583789610446
development_oof,x10,10,logistic,282,406,3,1,1,0.9885000788499244
development_oof,x10,10,logistic,298,405,3,0,0,0.2859470435930523
development_oof,x10,10,logistic,300,404,3,1,1,0.7360324613887667
development_oof,x10,10,logistic,311,400,3,1,0,0.3947173121237522
development_oof,x10,10,logistic,313,51,3,0,0,0.4022763665001814
development_oof,x10,10,logistic,314,398,3,0,0,0.32991139336349834
development_oof,x10,10,logistic,317,49,3,0,0,0.4769214240018232
development_oof,x10,10,logistic,328,395,3,1,1,0.5864586461321103
development_oof,x10,10,logistic,333,8,3,0,0,0.33505671722572594
development_oof,x10,10,logistic,336,55,3,1,1,0.9783241157623515
development_oof,x10,10,logistic,362,36,3,0,0,0.274941627699822
development_oof,x10,10,logistic,370,8,3,0,0,0.3916171460465716
development_oof,x10,10,logistic,386,4,3,1,1,0.5966047242562296
development_oof,x10,10,logistic,392,4,3,1,1,0.819827604369053
development_oof,x10,10,logistic,401,4,3,1,1,0.5370548666533228
development_oof,x10,10,logistic,405,379,3,0,1,0.5478656533374369
development_oof,x10,10,logistic,416,378,3,0,0,0.3373185822352647
development_oof,x10,10,logistic,423,50,3,0,0,0.412243071470059
development_oof,x10,10,logistic,430,4,3,1,0,0.4619511134530745
development_oof,x10,10,logistic,432,375,3,0,0,0.4108458195740313
development_oof,x10,10,logistic,433,58,3,1,1,0.9599572799733314
development_oof,x10,10,logistic,446,4,3,1,1,0.6234979487729172
development_oof,x10,10,logistic,449,49,3,1,1,0.5389952162658439
development_oof,x10,10,logistic,464,4,3,1,1,0.5788674020003832
development_oof,x10,10,logistic,465,4,3,1,1,0.6790488015923154
development_oof,x10,10,logistic,469,8,3,0,0,0.38015490916151845
development_oof,x10,10,logistic,480,367,3,0,0,0.4226265446597896
development_oof,x10,10,logistic,481,4,3,1,1,0.6247457750870068
development_oof,x10,10,logistic,482,366,3,0,1,0.5938550493607314
development_oof,x10,10,logistic,493,84,3,1,0,0.3815573055972166
development_oof,x10,10,logistic,498,54,3,0,0,0.43523524376920225
development_oof,x10,10,logistic,500,28,3,0,0,0.4270725272047264
development_oof,x10,10,logistic,501,72,3,0,0,0.4040534983141178
development_oof,x10,10,logistic,512,361,3,0,0,0.41730513161636906
development_oof,x10,10,logistic,515,150,3,0,0,0.29645553099420524
development_oof,x10,10,logistic,528,359,3,0,0,0.34164552214179694
development_oof,x10,10,logistic,545,136,3,1,0,0.47321191665728507
development_oof,x10,10,logistic,582,44,3,0,0,0.3507464640745558
development_oof,x10,10,logistic,588,344,3,0,0,0.35541850801721653
development_oof,x10,10,logistic,599,340,3,0,0,0.49696570918088206
development_oof,x10,10,logistic,602,338,3,0,0,0.45588503434159466
development_oof,x10,10,logistic,621,57,3,0,0,0.4078578134248211
development_oof,x10,10,logistic,623,150,3,0,0,0.3098720855281846
development_oof,x10,10,logistic,627,335,3,0,0,0.393867974732634
development_oof,x10,10,logistic,632,77,3,0,0,0.4191159685217173
development_oof,x10,10,logistic,642,331,3,0,0,0.2389855888574415
development_oof,x10,10,logistic,649,89,3,0,0,0.2778357485743877
development_oof,x10,10,logistic,650,88,3,0,1,0.5110351439519574
development_oof,x10,10,logistic,652,328,3,0,1,0.631150315354994
development_oof,x10,10,logistic,656,326,3,0,1,0.6253711367997135
development_oof,x10,10,logistic,657,4,3,1,1,0.5245272617420108
development_oof,x10,10,logistic,666,44,3,0,0,0.34431794677656263
development_oof,x10,10,logistic,674,4,3,0,1,0.5213261943893474
development_oof,x10,10,logistic,683,142,3,0,0,0.309788637391496
development_oof,x10,10,logistic,691,142,3,0,0,0.306085537304538
development_oof,x10,10,logistic,696,89,3,0,0,0.3018071809533517
development_oof,x10,10,logistic,700,49,3,0,0,0.44962738956463283
development_oof,x10,10,logistic,703,141,3,0,0,0.48501470293729054
development_oof,x10,10,logistic,709,88,3,0,1,0.5302518859548582
development_oof,x10,10,logistic,715,4,3,1,1,0.5898682214800197
development_oof,x10,10,logistic,718,308,3,0,0,0.266944437620345
development_oof,x10,10,logistic,724,10,3,0,0,0.41304773580076154
development_oof,x10,10,logistic,738,136,3,1,0,0.389432900520779
development_oof,x10,10,logistic,739,10,3,0,0,0.3529071399395216
development_oof,x10,10,logistic,740,44,3,0,0,0.37136001919799505
development_oof,x10,10,logistic,746,304,3,1,0,0.4633267653193658
development_oof,x10,10,logistic,747,51,3,0,1,0.507833821382468
development_oof,x10,10,logistic,761,44,3,0,0,0.27305599358947197
development_oof,x10,10,logistic,772,10,3,0,0,0.3752503865092669
development_oof,x10,10,logistic,773,58,3,1,1,0.9700213250511281
development_oof,x10,10,logistic,778,84,3,1,0,0.3948317149664682
development_oof,x10,10,logistic,788,295,3,1,0,0.336813651116159
development_oof,x10,10,logistic,803,289,3,0,0,0.4632348489556897
development_oof,x10,10,logistic,804,51,3,0,0,0.48289714459628474
development_oof,x10,10,logistic,814,88,3,0,0,0.48450295464409665
development_oof,x10,10,logistic,831,281,3,0,0,0.41215797930974596
development_oof,x10,10,logistic,842,277,3,0,1,0.7052577144226203
development_oof,x10,10,logistic,846,275,3,1,0,0.369123072287884
development_oof,x10,10,logistic,859,267,3,0,0,0.45290607062580546
development_oof,x10,10,logistic,870,260,3,0,0,0.45686137084712
development_oof,x10,10,logistic,893,253,3,0,0,0.16037454733538145
development_oof,x10,10,logistic,899,123,3,1,1,0.9888556943528763
development_oof,x10,10,logistic,904,52,3,1,1,0.9753266998815806
development_oof,x10,10,logistic,922,240,3,0,0,0.34000895834705225
development_oof,x10,10,logistic,926,238,3,1,0,0.4345392535912003
development_oof,x10,10,logistic,944,58,3,1,1,0.9613608710522809
development_oof,x10,10,logistic,949,224,3,0,0,0.38914277141824705
development_oof,x10,10,logistic,954,4,3,1,0,0.41399328895117427
development_oof,x10,10,logistic,961,219,3,0,0,0.34795332061728707
development_oof,x10,10,logistic,966,215,3,0,1,0.7865029391023627
development_oof,x10,10,logistic,977,57,3,0,0,0.44022210439889786
development_oof,x10,10,logistic,982,77,3,0,0,0.44987830696232584
development_oof,x10,10,logistic,1001,107,3,0,1,0.5991167563829372
development_oof,x10,10,logistic,1024,4,3,1,1,0.5779425389624494
development_oof,x10,10,logistic,1029,183,3,0,0,0.3329673365619989
development_oof,x10,10,logistic,1033,179,3,0,1,0.5301743001135168
development_oof,x10,10,logistic,6,61,4,0,0,0.3215968444557916
development_oof,x10,10,logistic,16,93,4,1,1,0.8603788566645912
development_oof,x10,10,logistic,23,11,4,0,0,0.21519233075589939
development_oof,x10,10,logistic,26,11,4,0,0,0.14602573483043108
development_oof,x10,10,logistic,34,23,4,0,0,0.30733290861620455
development_oof,x10,10,logistic,36,80,4,0,0,0.459758634289772
development_oof,x10,10,logistic,49,11,4,0,0,0.19799633792291857
development_oof,x10,10,logistic,57,61,4,0,0,0.3200969122118171
development_oof,x10,10,logistic,58,11,4,0,0,0.1946591173655977
development_oof,x10,10,logistic,59,11,4,0,0,0.14139174884160904
development_oof,x10,10,logistic,67,446,4,0,0,0.30504447051418865
development_oof,x10,10,logistic,68,445,4,1,0,0.31946624387506023
development_oof,x10,10,logistic,74,74,4,0,0,0.39057427790514215
development_oof,x10,10,logistic,76,11,4,0,0,0.19800529017239465
development_oof,x10,10,logistic,82,440,4,1,0,0.32428139361626607
development_oof,x10,10,logistic,90,9,4,1,1,0.9936736739037489
development_oof,x10,10,logistic,91,74,4,1,1,0.5438265191669963
development_oof,x10,10,logistic,95,161,4,0,0,0.2314804644165057
development_oof,x10,10,logistic,112,9,4,1,1,0.9938008913908369
development_oof,x10,10,logistic,117,433,4,0,0,0.2155201215426917
development_oof,x10,10,logistic,123,9,4,1,1,0.9978705354972249
development_oof,x10,10,logistic,134,15,4,0,0,0.31239983042821756
development_oof,x10,10,logistic,145,430,4,0,1,0.7589044685460652
development_oof,x10,10,logistic,156,9,4,1,1,0.993723464581275
development_oof,x10,10,logistic,166,425,4,0,0,0.1406064724622553
development_oof,x10,10,logistic,169,9,4,1,1,0.9905345147282102
development_oof,x10,10,logistic,175,38,4,1,1,0.9922178876783414
development_oof,x10,10,logistic,179,11,4,0,0,0.22820043134935267
development_oof,x10,10,logistic,181,9,4,1,1,0.9916448516690292
development_oof,x10,10,logistic,187,9,4,1,1,0.9947149303892014
development_oof,x10,10,logistic,191,169,4,0,0,0.35513123743251096
development_oof,x10,10,logistic,193,9,4,1,1,0.9924775081988891
development_oof,x10,10,logistic,201,9,4,1,1,0.9951063596318745
development_oof,x10,10,logistic,206,125,4,1,0,0.3811695420994967
development_oof,x10,10,logistic,212,419,4,0,0,0.11227324199422288
development_oof,x10,10,logistic,215,61,4,0,0,0.3919415547481964
development_oof,x10,10,logistic,221,9,4,1,1,0.9973743319808525
development_oof,x10,10,logistic,223,68,4,0,0,0.2117278560985499
development_oof,x10,10,logistic,227,38,4,1,1,0.9910204991724209
development_oof,x10,10,logistic,231,417,4,0,0,0.29665848939876943
development_oof,x10,10,logistic,237,117,4,0,1,0.5506580657771053
development_oof,x10,10,logistic,241,23,4,0,0,0.3079240988930699
development_oof,x10,10,logistic,257,80,4,0,1,0.5554418077468289
development_oof,x10,10,logistic,284,38,4,1,1,0.985765895928717
development_oof,x10,10,logistic,318,127,4,1,0,0.02798521292739522
development_oof,x10,10,logistic,320,38,4,1,1,0.9920386725262176
development_oof,x10,10,logistic,322,15,4,0,1,0.5415448896080036
development_oof,x10,10,logistic,324,74,4,1,0,0.40326778598478064
development_oof,x10,10,logistic,330,76,4,1,0,0.30417775239452605
development_oof,x10,10,logistic,332,38,4,1,1,0.9922450490429128
development_oof,x10,10,logistic,337,15,4,0,0,0.27778535640738955
development_oof,x10,10,logistic,339,11,4,0,0,0.2282673856394751
development_oof,x10,10,logistic,344,23,4,1,0,0.4633581121902961
development_oof,x10,10,logistic,355,15,4,0,0,0.3368529015112457
development_oof,x10,10,logistic,358,389,4,0,1,0.8349046965428494
development_oof,x10,10,logistic,359,23,4,0,0,0.2587222263064015
development_oof,x10,10,logistic,365,388,4,0,0,0.43587280236074605
development_oof,x10,10,logistic,368,387,4,0,0,0.28731818970829787
development_oof,x10,10,logistic,371,161,4,0,0,0.22751075014332015
development_oof,x10,10,logistic,381,76,4,0,0,0.40077876362325127
development_oof,x10,10,logistic,388,155,4,0,0,0.42317372109206147
development_oof,x10,10,logistic,390,381,4,0,0,0.16777945433461255
development_oof,x10,10,logistic,395,74,4,1,0,0.34036252769017006
development_oof,x10,10,logistic,397,11,4,0,0,0.1516205280989431
development_oof,x10,10,logistic,399,86,4,0,0,0.2471518448506415
development_oof,x10,10,logistic,422,159,4,0,0,0.21861400366115002
development_oof,x10,10,logistic,425,23,4,0,0,0.31491228008036765
development_oof,x10,10,logistic,453,138,4,0,0,0.013662397602511006
development_oof,x10,10,logistic,455,93,4,1,1,0.8207347223946265
development_oof,x10,10,logistic,462,15,4,0,0,0.3131897576508935
development_oof,x10,10,logistic,468,370,4,0,0,0.08775112804550772
development_oof,x10,10,logistic,494,94,4,0,0,0.26415117001317917
development_oof,x10,10,logistic,499,15,4,0,0,0.4547422899872281
development_oof,x10,10,logistic,503,93,4,1,1,0.8556448261547666
development_oof,x10,10,logistic,505,81,4,1,1,0.672603905947495
development_oof,x10,10,logistic,514,360,4,1,0,0.028720803386599148
development_oof,x10,10,logistic,516,155,4,0,0,0.38816638862185027
development_oof,x10,10,logistic,525,15,4,0,0,0.3995564589275461
development_oof,x10,10,logistic,530,358,4,1,0,0.29754954170174464
development_oof,x10,10,logistic,558,48,4,0,1,0.5051099719110315
development_oof,x10,10,logistic,593,90,4,0,0,0.19794255525460983
development_oof,x10,10,logistic,598,90,4,0,0,0.1729293075566477
development_oof,x10,10,logistic,606,337,4,0,0,0.22489371445816514
development_oof,x10,10,logistic,619,336,4,0,0,0.3344178222107474
development_oof,x10,10,logistic,620,68,4,0,0,0.19692446640400385
development_oof,x10,10,logistic,635,68,4,1,0,0.39526786352441295
development_oof,x10,10,logistic,661,90,4,0,0,0.14401839837242644
development_oof,x10,10,logistic,690,315,4,0,0,0.4832351092287899
development_oof,x10,10,logistic,704,313,4,0,1,0.5966058882570019
development_oof,x10,10,logistic,708,310,4,0,1,0.6113881895043485
development_oof,x10,10,logistic,717,140,4,0,1,0.7048592745737707
development_oof,x10,10,logistic,733,138,4,0,0,0.011488435182375103
development_oof,x10,10,logistic,748,64,4,0,1,0.5113475553919968
development_oof,x10,10,logistic,749,11,4,0,0,0.22773679127676075
development_oof,x10,10,logistic,750,86,4,0,0,0.36341260444664786
development_oof,x10,10,logistic,762,302,4,0,1,0.7788523027287191
development_oof,x10,10,logistic,768,300,4,0,1,0.9965369336304675
development_oof,x10,10,logistic,775,134,4,0,1,0.9972633855889028
development_oof,x10,10,logistic,776,298,4,0,0,0.2542169999708339
development_oof,x10,10,logistic,818,283,4,0,0,0.2352674124466279
development_oof,x10,10,logistic,832,280,4,1,1,0.522369233057348
development_oof,x10,10,logistic,845,11,4,0,0,0.13590717171714706
development_oof,x10,10,logistic,856,269,4,0,0,0.09201501868982395
development_oof,x10,10,logistic,858,61,4,0,0,0.39352217894806235
development_oof,x10,10,logistic,863,81,4,1,1,0.6578743170116664
development_oof,x10,10,logistic,868,261,4,0,0,0.47792970627207454
development_oof,x10,10,logistic,869,80,4,0,1,0.5570849831595948
development_oof,x10,10,logistic,889,127,4,0,0,0.02539538560072796
development_oof,x10,10,logistic,891,125,4,0,1,0.5029130035041112
development_oof,x10,10,logistic,897,250,4,0,0,0.41191571366776514
development_oof,x10,10,logistic,909,245,4,0,1,0.5300491727150833
development_oof,x10,10,logistic,920,241,4,0,0,0.4318977640341172
development_oof,x10,10,logistic,923,23,4,0,0,0.22208476942264163
development_oof,x10,10,logistic,933,232,4,0,0,0.3331277494722272
development_oof,x10,10,logistic,947,226,4,0,1,0.6175473761513325
development_oof,x10,10,logistic,959,117,4,0,0,0.4998878433072797
development_oof,x10,10,logistic,968,214,4,1,1,0.7983551347262113
development_oof,x10,10,logistic,983,205,4,1,0,0.28565753639662955
development_oof,x10,10,logistic,984,204,4,1,1,0.6925537807848424
development_oof,x10,10,logistic,996,199,4,0,1,0.5408618538645498
development_oof,x10,10,logistic,998,198,4,0,0,0.38103854054949515
development_oof,x10,10,logistic,1008,76,4,0,0,0.18093707122385108
development_oof,x10,10,logistic,1015,191,4,1,0,0.24462307314983908
development_oof,x10,10,logistic,1020,188,4,0,1,0.9068192669895339
development_oof,x10,10,logistic,3,108,5,0,0,0.26932005635712897
development_oof,x10,10,logistic,9,29,5,1,1,0.9928744656229928
development_oof,x10,10,logistic,22,456,5,0,1,0.5483006054248537
development_oof,x10,10,logistic,29,453,5,0,0,0.43543153501503123
development_oof,x10,10,logistic,35,108,5,0,0,0.24326908891099855
development_oof,x10,10,logistic,41,451,5,0,0,0.3331682790780897
development_oof,x10,10,logistic,43,6,5,0,0,0.3449765543387753
development_oof,x10,10,logistic,50,40,5,1,1,0.8765999001063414
development_oof,x10,10,logistic,51,75,5,1,0,0.44492825535651154
development_oof,x10,10,logistic,69,444,5,0,0,0.4001720959174562
development_oof,x10,10,logistic,75,108,5,0,0,0.29070636210819384
development_oof,x10,10,logistic,81,441,5,0,0,0.25741262027355183
development_oof,x10,10,logistic,103,14,5,1,1,0.5473639615587479
development_oof,x10,10,logistic,110,41,5,0,0,0.20913440401953595
development_oof,x10,10,logistic,121,14,5,1,1,0.5386355306589943
development_oof,x10,10,logistic,124,5,5,0,0,0.41404006192848836
development_oof,x10,10,logistic,130,171,5,0,0,0.21243788355496834
development_oof,x10,10,logistic,133,432,5,1,1,0.9859370825101336
development_oof,x10,10,logistic,140,40,5,0,1,0.9888886422632843
development_oof,x10,10,logistic,144,41,5,0,0,0.4283042573095403
development_oof,x10,10,logistic,151,14,5,1,1,0.5069993023573567
development_oof,x10,10,logistic,152,429,5,0,1,0.563722185061239
development_oof,x10,10,logistic,153,41,5,0,0,0.43897142824810653
development_oof,x10,10,logistic,155,41,5,0,0,0.26965156554102326
development_oof,x10,10,logistic,158,428,5,0,0,0.4262613049168286
development_oof,x10,10,logistic,171,41,5,1,0,0.4009483955402163
development_oof,x10,10,logistic,177,40,5,1,1,0.9836698722635681
development_oof,x10,10,logistic,202,421,5,0,0,0.23431054344074878
development_oof,x10,10,logistic,205,41,5,0,0,0.39726362266008086
development_oof,x10,10,logistic,230,121,5,1,1,0.6058942720466431
development_oof,x10,10,logistic,232,6,5,0,0,0.29398409923340535
development_oof,x10,10,logistic,234,29,5,1,1,0.8890518176278892
development_oof,x10,10,logistic,238,415,5,0,0,0.23065909434743712
development_oof,x10,10,logistic,254,411,5,1,1,0.5730473028455881
development_oof,x10,10,logistic,263,120,5,1,1,0.6998210212291481
development_oof,x10,10,logistic,265,75,5,0,1,0.6108740643041453
development_oof,x10,10,logistic,274,29,5,1,1,0.8451972199273634
development_oof,x10,10,logistic,280,14,5,1,1,0.510455769861817
development_oof,x10,10,logistic,289,6,5,0,0,0.2851325896592943
development_oof,x10,10,logistic,292,14,5,1,1,0.5672563113927562
development_oof,x10,10,logistic,293,39,5,1,0,0.31660084373761804
development_oof,x10,10,logistic,295,14,5,1,1,0.5620761590872779
development_oof,x10,10,logistic,299,29,5,1,1,0.9938109255020339
development_oof,x10,10,logistic,310,401,5,0,0,0.33789728926197654
development_oof,x10,10,logistic,319,163,5,0,0,0.3430356551988839
development_oof,x10,10,logistic,329,29,5,1,1,0.9928407863504463
development_oof,x10,10,logistic,340,393,5,0,0,0.32019088352728226
development_oof,x10,10,logistic,354,391,5,1,1,0.5479114083128424
development_oof,x10,10,logistic,357,37,5,1,1,0.9881501452113628
development_oof,x10,10,logistic,360,162,5,0,0,0.4960812124428117
development_oof,x10,10,logistic,374,14,5,1,1,0.566947660421799
development_oof,x10,10,logistic,375,14,5,1,1,0.5613208288374187
development_oof,x10,10,logistic,389,382,5,0,0,0.32833840429594996
development_oof,x10,10,logistic,391,5,5,0,0,0.48755266177251294
development_oof,x10,10,logistic,398,99,5,1,1,0.9924778895975426
development_oof,x10,10,logistic,411,6,5,0,0,0.3071415498858819
development_oof,x10,10,logistic,420,5,5,1,0,0.42982963515663897
development_oof,x10,10,logistic,427,6,5,0,0,0.3064275572352337
development_oof,x10,10,logistic,435,374,5,0,0,0.26184071226432415
development_oof,x10,10,logistic,443,372,5,0,0,0.21966402679538038
development_oof,x10,10,logistic,457,14,5,1,1,0.5043989009567961
development_oof,x10,10,logistic,460,5,5,0,0,0.4710672695375709
development_oof,x10,10,logistic,467,6,5,0,0,0.40380140847319757
development_oof,x10,10,logistic,475,5,5,0,0,0.3594762706487852
development_oof,x10,10,logistic,478,6,5,0,0,0.30211317096489165
development_oof,x10,10,logistic,479,368,5,0,0,0.2943777431741408
development_oof,x10,10,logistic,485,5,5,0,1,0.6856685405586946
development_oof,x10,10,logistic,488,26,5,1,0,0.4554332339363604
development_oof,x10,10,logistic,504,5,5,0,1,0.6356249104890452
development_oof,x10,10,logistic,518,5,5,0,0,0.4985220225261403
development_oof,x10,10,logistic,521,26,5,0,0,0.4259380099731598
development_oof,x10,10,logistic,531,6,5,0,0,0.2831768405401396
development_oof,x10,10,logistic,532,26,5,0,0,0.45194787971258943
development_oof,x10,10,logistic,541,113,5,0,0,0.40025548239414305
development_oof,x10,10,logistic,549,355,5,0,0,0.4373821825795798
development_oof,x10,10,logistic,552,6,5,0,0,0.2719825724416605
development_oof,x10,10,logistic,555,352,5,1,1,0.9872323909640396
development_oof,x10,10,logistic,556,13,5,0,0,0.4528866328288799
development_oof,x10,10,logistic,559,351,5,0,0,0.4680012750254274
development_oof,x10,10,logistic,567,13,5,0,1,0.5022042628450798
development_oof,x10,10,logistic,569,5,5,0,0,0.3720992958749499
development_oof,x10,10,logistic,578,26,5,0,0,0.38178050044446554
development_oof,x10,10,logistic,590,152,5,0,0,0.11001214782742226
development_oof,x10,10,logistic,603,40,5,1,1,0.9896653154156867
development_oof,x10,10,logistic,613,85,5,0,0,0.4706409934762143
development_oof,x10,10,logistic,640,146,5,0,0,0.32511198586230333
development_oof,x10,10,logistic,645,146,5,0,0,0.31318978438498385
development_oof,x10,10,logistic,673,320,5,0,0,0.3194677223118178
development_oof,x10,10,logistic,679,6,5,0,0,0.34741544495412197
development_oof,x10,10,logistic,688,143,5,0,0,0.3335950017564003
development_oof,x10,10,logistic,710,75,5,1,0,0.270857392334815
development_oof,x10,10,logistic,712,5,5,0,1,0.5257337004076519
development_oof,x10,10,logistic,713,139,5,0,0,0.2836342583015009
development_oof,x10,10,logistic,721,139,5,1,0,0.2836088720015526
development_oof,x10,10,logistic,727,32,5,0,1,0.6833824348336421
development_oof,x10,10,logistic,735,132,5,0,1,0.5470144024587361
development_oof,x10,10,logistic,736,137,5,0,1,0.5548846070902366
development_oof,x10,10,logistic,737,85,5,1,0,0.3833858060620283
development_oof,x10,10,logistic,743,13,5,0,0,0.36158061228538113
development_oof,x10,10,logistic,753,85,5,0,0,0.37216787697454845
development_oof,x10,10,logistic,766,130,5,0,0,0.2669453885930943
development_oof,x10,10,logistic,800,132,5,0,0,0.43741254006124597
development_oof,x10,10,logistic,807,288,5,0,0,0.42213118037279
development_oof,x10,10,logistic,819,130,5,1,0,0.32492711460396856
development_oof,x10,10,logistic,853,272,5,0,0,0.2879006978910875
development_oof,x10,10,logistic,860,266,5,0,1,0.5888173578567537
development_oof,x10,10,logistic,866,262,5,0,0,0.46582422557314995
development_oof,x10,10,logistic,892,26,5,0,0,0.33166167900607635
development_oof,x10,10,logistic,894,252,5,1,0,0.21198649893823038
development_oof,x10,10,logistic,900,249,5,0,0,0.36930850490670764
development_oof,x10,10,logistic,903,248,5,0,0,0.2907956755527524
development_oof,x10,10,logistic,913,121,5,1,1,0.689556985876861
development_oof,x10,10,logistic,924,239,5,0,0,0.29470806517394754
development_oof,x10,10,logistic,928,236,5,1,1,0.5599247176927696
development_oof,x10,10,logistic,946,120,5,1,1,0.7610006501092027
development_oof,x10,10,logistic,957,221,5,0,0,0.11026307529733291
development_oof,x10,10,logistic,963,217,5,0,0,0.34736129008865674
development_oof,x10,10,logistic,973,210,5,0,0,0.2667527326819602
development_oof,x10,10,logistic,986,113,5,0,0,0.40073717516195756
development_oof,x10,10,logistic,997,6,5,0,0,0.45995727244037476
development_oof,x10,10,logistic,999,5,5,0,0,0.49015109004810636
development_oof,x10,10,logistic,1005,196,5,0,0,0.30216685994960274
development_oof,x10,10,logistic,1017,189,5,0,1,0.5158977514460936
development_oof,x10,10,logistic,1023,187,5,0,1,0.6175962007228906
development_oof,x10,10,rbf_svc,5,31,1,1,1,2.648121265681459
development_oof,x10,10,rbf_svc,33,452,1,0,0,-0.9932835799848174
development_oof,x10,10,rbf_svc,53,447,1,0,0,-1.2351286859462527
development_oof,x10,10,rbf_svc,64,34,1,1,0,-0.20690521327810885
development_oof,x10,10,rbf_svc,73,176,1,0,0,-0.08466393619179424
development_oof,x10,10,rbf_svc,78,443,1,1,1,0.4141968283273476
development_oof,x10,10,rbf_svc,83,60,1,1,1,1.0003387740842191
development_oof,x10,10,rbf_svc,100,31,1,1,1,2.97603237827626
development_oof,x10,10,rbf_svc,105,437,1,1,1,0.08201827130444794
development_oof,x10,10,rbf_svc,113,435,1,0,0,-1.3357504356433538
development_oof,x10,10,rbf_svc,116,434,1,0,0,-0.3854582021629662
development_oof,x10,10,rbf_svc,119,0,1,0,0,-0.8629298918897934
development_oof,x10,10,rbf_svc,139,20,1,1,1,0.5587103080753675
development_oof,x10,10,rbf_svc,142,0,1,0,0,-1.026223496491982
development_oof,x10,10,rbf_svc,157,0,1,0,0,-1.187027920276738
development_oof,x10,10,rbf_svc,162,426,1,0,0,-4.7112118268708025
development_oof,x10,10,rbf_svc,170,60,1,1,0,-0.5393262463819273
development_oof,x10,10,rbf_svc,182,31,1,1,1,2.034603430438551
development_oof,x10,10,rbf_svc,195,31,1,1,1,2.22544213010747
development_oof,x10,10,rbf_svc,203,34,1,1,0,-0.2592584692229387
development_oof,x10,10,rbf_svc,208,31,1,1,1,1.6086251692044122
development_oof,x10,10,rbf_svc,236,416,1,1,0,-1.165361751064431
development_oof,x10,10,rbf_svc,255,410,1,0,0,-0.8793119725065197
development_oof,x10,10,rbf_svc,261,25,1,1,0,-0.4511656102059449
development_oof,x10,10,rbf_svc,278,407,1,0,0,-0.5501596211877384
development_oof,x10,10,rbf_svc,288,128,1,0,0,-0.7833318834420044
development_oof,x10,10,rbf_svc,290,164,1,1,1,0.8292604352935191
development_oof,x10,10,rbf_svc,321,397,1,0,0,-1.0160685047862463
development_oof,x10,10,rbf_svc,325,396,1,0,0,-0.8746424809577587
development_oof,x10,10,rbf_svc,334,394,1,0,0,-1.2820214745211516
development_oof,x10,10,rbf_svc,364,25,1,1,0,-0.11824576728700986
development_oof,x10,10,rbf_svc,379,24,1,0,0,-1.2795595941397981
development_oof,x10,10,rbf_svc,393,0,1,0,0,-1.25048822628652
development_oof,x10,10,rbf_svc,419,154,1,1,1,1.1884275073275843
development_oof,x10,10,rbf_svc,438,96,1,1,0,-0.5837768992219035
development_oof,x10,10,rbf_svc,439,156,1,1,0,-0.6838781752139349
development_oof,x10,10,rbf_svc,440,373,1,0,0,-1.7257229108012666
development_oof,x10,10,rbf_svc,466,0,1,0,0,-1.2932205705865485
development_oof,x10,10,rbf_svc,470,0,1,0,0,-0.7276937476222782
development_oof,x10,10,rbf_svc,490,364,1,0,0,-0.7164636298962996
development_oof,x10,10,rbf_svc,495,0,1,0,0,-0.8346297427368778
development_oof,x10,10,rbf_svc,506,0,1,0,0,-1.2916668703818561
development_oof,x10,10,rbf_svc,509,362,1,0,0,-0.8198837428320491
development_oof,x10,10,rbf_svc,517,0,1,0,0,-1.0106142049211977
development_oof,x10,10,rbf_svc,522,154,1,1,1,0.799090792484443
development_oof,x10,10,rbf_svc,524,0,1,0,0,-1.0149341391940823
development_oof,x10,10,rbf_svc,527,0,1,0,0,-0.9491141974910002
development_oof,x10,10,rbf_svc,529,0,1,0,0,-1.8740095724394665
development_oof,x10,10,rbf_svc,544,63,1,1,0,-1.2651775678970631
development_oof,x10,10,rbf_svc,548,34,1,0,1,0.5990536311756847
development_oof,x10,10,rbf_svc,553,0,1,0,0,-1.3349130396446505
development_oof,x10,10,rbf_svc,554,148,1,0,0,-0.5530199527685662
development_oof,x10,10,rbf_svc,560,0,1,0,0,-1.365146498110526
development_oof,x10,10,rbf_svc,561,70,1,0,0,-1.7780434293003244
development_oof,x10,10,rbf_svc,568,0,1,0,0,-1.2060958947527052
development_oof,x10,10,rbf_svc,570,0,1,1,0,-1.175341130685668
development_oof,x10,10,rbf_svc,571,70,1,0,0,-2.2137954388333645
development_oof,x10,10,rbf_svc,572,0,1,1,0,-0.9368532974070849
development_oof,x10,10,rbf_svc,576,349,1,0,0,-0.004470095716280653
development_oof,x10,10,rbf_svc,579,114,1,1,0,-1.0577042835774386
development_oof,x10,10,rbf_svc,580,348,1,1,1,0.036722695747105405
development_oof,x10,10,rbf_svc,585,31,1,1,1,1.8539842498163477
development_oof,x10,10,rbf_svc,592,0,1,1,0,-1.0091194054152846
development_oof,x10,10,rbf_svc,594,34,1,0,0,-0.009419409362849684
development_oof,x10,10,rbf_svc,600,151,1,0,0,-0.20780350262068037
development_oof,x10,10,rbf_svc,604,0,1,0,0,-1.091878884956361
development_oof,x10,10,rbf_svc,605,0,1,0,0,-0.98228935004428
development_oof,x10,10,rbf_svc,608,0,1,0,0,-0.745145297489854
development_oof,x10,10,rbf_svc,611,0,1,0,0,-1.5975781461140492
development_oof,x10,10,rbf_svc,612,87,1,0,0,-1.7116807832921617
development_oof,x10,10,rbf_svc,615,0,1,0,0,-0.9882068836955349
development_oof,x10,10,rbf_svc,622,34,1,0,0,-0.13235671823816908
development_oof,x10,10,rbf_svc,624,149,1,1,1,0.09008560465424509
development_oof,x10,10,rbf_svc,625,148,1,0,0,-0.9093720072268967
development_oof,x10,10,rbf_svc,630,67,1,0,0,-1.020765533854501
development_oof,x10,10,rbf_svc,633,0,1,0,0,-1.7753722047735736
development_oof,x10,10,rbf_svc,646,0,1,0,0,-1.3277410067687416
development_oof,x10,10,rbf_svc,647,0,1,0,0,-2.127398692013012
development_oof,x10,10,rbf_svc,651,67,1,0,0,-1.050032721646248
development_oof,x10,10,rbf_svc,662,0,1,0,0,-1.1074282434030982
development_oof,x10,10,rbf_svc,667,0,1,0,0,-2.1800747354323007
development_oof,x10,10,rbf_svc,678,20,1,1,1,0.1522216605342388
development_oof,x10,10,rbf_svc,680,145,1,0,0,-0.8265959149370756
development_oof,x10,10,rbf_svc,686,144,1,1,0,-0.8248979529710123
development_oof,x10,10,rbf_svc,692,0,1,0,0,-1.1118259682490144
development_oof,x10,10,rbf_svc,693,0,1,0,0,-1.1177725046963474
development_oof,x10,10,rbf_svc,698,314,1,0,0,-1.1233300520235527
development_oof,x10,10,rbf_svc,699,0,1,0,0,-0.8925998894898459
development_oof,x10,10,rbf_svc,701,0,1,1,0,-1.6258565352455228
development_oof,x10,10,rbf_svc,706,0,1,0,0,-0.9328507088616185
development_oof,x10,10,rbf_svc,716,309,1,0,0,-0.486741077002411
development_oof,x10,10,rbf_svc,723,25,1,0,0,-0.05588651867922234
development_oof,x10,10,rbf_svc,726,31,1,1,1,2.10223601235891
development_oof,x10,10,rbf_svc,729,0,1,0,0,-1.7200488067571542
development_oof,x10,10,rbf_svc,731,60,1,0,0,-0.13222401983887533
development_oof,x10,10,rbf_svc,741,306,1,0,0,-1.7318799037863069
development_oof,x10,10,rbf_svc,742,305,1,0,0,-1.1089937436439437
development_oof,x10,10,rbf_svc,744,87,1,0,0,-2.0839947105569716
development_oof,x10,10,rbf_svc,745,0,1,0,0,-2.0714625080366202
development_oof,x10,10,rbf_svc,756,303,1,0,0,-0.5152116948849361
development_oof,x10,10,rbf_svc,767,63,1,1,0,-1.1761703053022874
development_oof,x10,10,rbf_svc,780,133,1,0,0,-0.8721158144960768
development_oof,x10,10,rbf_svc,791,294,1,0,0,-1.7360938037904101
development_oof,x10,10,rbf_svc,794,0,1,0,0,-1.83089845373294
development_oof,x10,10,rbf_svc,798,291,1,0,0,-0.8832397790205557
development_oof,x10,10,rbf_svc,805,63,1,1,0,-0.43216332868647545
development_oof,x10,10,rbf_svc,809,287,1,0,1,0.19234632180392364
development_oof,x10,10,rbf_svc,811,20,1,1,0,-0.40205867878157076
development_oof,x10,10,rbf_svc,821,282,1,0,0,-0.3820469727869762
development_oof,x10,10,rbf_svc,827,129,1,0,0,-0.569599144664374
development_oof,x10,10,rbf_svc,836,279,1,1,0,-1.606864211544282
development_oof,x10,10,rbf_svc,847,274,1,0,0,-1.25992621599385
development_oof,x10,10,rbf_svc,867,60,1,0,1,0.2059566676569604
development_oof,x10,10,rbf_svc,907,246,1,0,0,-0.995684107499232
development_oof,x10,10,rbf_svc,915,25,1,1,0,-0.4489182401470675
development_oof,x10,10,rbf_svc,916,244,1,0,0,-0.7138862413534524
development_oof,x10,10,rbf_svc,927,237,1,0,0,-0.7311126207511478
development_oof,x10,10,rbf_svc,929,67,1,0,0,-0.5808036711915436
development_oof,x10,10,rbf_svc,930,235,1,1,1,2.0202205462642198
development_oof,x10,10,rbf_svc,931,234,1,0,0,-0.9457768926172827
development_oof,x10,10,rbf_svc,945,227,1,0,0,-0.7638925968650678
development_oof,x10,10,rbf_svc,962,218,1,0,0,-0.6964440326798549
development_oof,x10,10,rbf_svc,978,208,1,0,0,-2.720355873307162
development_oof,x10,10,rbf_svc,979,114,1,0,0,-1.3917254781397732
development_oof,x10,10,rbf_svc,991,0,1,0,0,-1.2370122257640186
development_oof,x10,10,rbf_svc,1025,63,1,1,0,-1.4488993095240774
development_oof,x10,10,rbf_svc,1028,184,1,0,0,-0.47785432853941767
development_oof,x10,10,rbf_svc,13,109,2,1,1,0.9820032275127707
development_oof,x10,10,rbf_svc,15,458,2,1,1,0.8101221921381202
development_oof,x10,10,rbf_svc,25,12,2,1,0,-1.0533675436336922
development_oof,x10,10,rbf_svc,28,454,2,1,0,-1.1276906585603876
development_oof,x10,10,rbf_svc,52,448,2,0,0,-0.3622378073450153
development_oof,x10,10,rbf_svc,54,1,2,0,0,-1.0910050149403723
development_oof,x10,10,rbf_svc,61,1,2,0,0,-0.9682910599529393
development_oof,x10,10,rbf_svc,70,166,2,0,1,0.5477265942717527
development_oof,x10,10,rbf_svc,72,12,2,1,0,-0.9291503071277848
development_oof,x10,10,rbf_svc,79,175,2,1,1,0.0018601296779933024
development_oof,x10,10,rbf_svc,85,17,2,1,1,0.9645714895424661
development_oof,x10,10,rbf_svc,87,439,2,0,0,-0.7602065738236368
development_oof,x10,10,rbf_svc,88,12,2,0,0,-1.178352395202435
development_oof,x10,10,rbf_svc,108,436,2,0,0,-1.2310370053803579
development_oof,x10,10,rbf_svc,114,173,2,0,0,-1.3347519551399813
development_oof,x10,10,rbf_svc,115,2,2,1,0,-1.1724037806360104
development_oof,x10,10,rbf_svc,118,172,2,0,0,-0.95438126557584
development_oof,x10,10,rbf_svc,131,170,2,1,1,1.0002312721868647
development_oof,x10,10,rbf_svc,165,17,2,1,1,1.1949870112944718
development_oof,x10,10,rbf_svc,188,1,2,0,0,-1.347669929153466
development_oof,x10,10,rbf_svc,199,1,2,0,0,-0.6532657237686684
development_oof,x10,10,rbf_svc,207,1,2,0,0,-1.0441844268416454
development_oof,x10,10,rbf_svc,216,167,2,1,0,-0.7263986362967599
development_oof,x10,10,rbf_svc,219,418,2,0,0,-1.1870870741410233
development_oof,x10,10,rbf_svc,222,1,2,0,0,-1.4890794835468744
development_oof,x10,10,rbf_svc,224,1,2,0,0,-1.1358111129962352
development_oof,x10,10,rbf_svc,233,17,2,1,1,1.1721693633842802
development_oof,x10,10,rbf_svc,240,167,2,1,0,-0.7374028203244383
development_oof,x10,10,rbf_svc,249,124,2,0,0,-0.6710559985330439
development_oof,x10,10,rbf_svc,250,166,2,0,1,0.121365925604525
development_oof,x10,10,rbf_svc,259,409,2,0,0,-0.18593932519985865
development_oof,x10,10,rbf_svc,267,408,2,0,0,-1.189214618915807
development_oof,x10,10,rbf_svc,270,12,2,1,0,-0.9386004473969833
development_oof,x10,10,rbf_svc,276,17,2,1,1,1.1840603177603382
development_oof,x10,10,rbf_svc,294,122,2,0,0,-0.3849876471721052
development_oof,x10,10,rbf_svc,296,1,2,0,0,-0.7786061157849327
development_oof,x10,10,rbf_svc,301,403,2,0,0,-1.2990747064621169
development_oof,x10,10,rbf_svc,305,402,2,0,0,-0.8245749843942225
development_oof,x10,10,rbf_svc,306,101,2,1,0,-0.7699266931123414
development_oof,x10,10,rbf_svc,307,12,2,1,0,-0.8496866642700924
development_oof,x10,10,rbf_svc,312,399,2,0,0,-0.07677442899878342
development_oof,x10,10,rbf_svc,338,17,2,1,1,1.0563975757048543
development_oof,x10,10,rbf_svc,343,17,2,1,1,1.254775799911198
development_oof,x10,10,rbf_svc,345,73,2,0,1,0.9375388734780429
development_oof,x10,10,rbf_svc,346,12,2,1,0,-0.8356895615795107
development_oof,x10,10,rbf_svc,347,17,2,1,1,1.099242818880722
development_oof,x10,10,rbf_svc,350,12,2,0,0,-0.9732137436830772
development_oof,x10,10,rbf_svc,369,1,2,0,0,-1.2545132314553626
development_oof,x10,10,rbf_svc,372,17,2,1,1,0.9526331989066416
development_oof,x10,10,rbf_svc,382,384,2,0,0,-0.8002160650166122
development_oof,x10,10,rbf_svc,383,12,2,1,0,-0.9430607650014835
development_oof,x10,10,rbf_svc,384,69,2,0,0,-0.7563860688444829
development_oof,x10,10,rbf_svc,406,78,2,0,0,-1.1621466833312342
development_oof,x10,10,rbf_svc,407,160,2,0,1,0.4194227745410972
development_oof,x10,10,rbf_svc,413,62,2,1,0,-0.9422545868030273
development_oof,x10,10,rbf_svc,415,12,2,1,0,-1.1829717502526527
development_oof,x10,10,rbf_svc,426,377,2,0,1,0.7156423865908865
development_oof,x10,10,rbf_svc,434,97,2,1,1,1.3531866390907885
development_oof,x10,10,rbf_svc,447,1,2,0,0,-0.9035073974415444
development_oof,x10,10,rbf_svc,452,73,2,1,1,0.9372667084233529
development_oof,x10,10,rbf_svc,456,78,2,0,0,-1.104858362926018
development_oof,x10,10,rbf_svc,463,1,2,0,0,-1.432735217334515
development_oof,x10,10,rbf_svc,472,1,2,1,0,-0.6476154926390113
development_oof,x10,10,rbf_svc,474,1,2,0,0,-1.5616396587643202
development_oof,x10,10,rbf_svc,513,92,2,0,0,-0.12803314738565036
development_oof,x10,10,rbf_svc,523,2,2,1,0,-0.9026149049445453
development_oof,x10,10,rbf_svc,540,356,2,0,1,0.5145531863364616
development_oof,x10,10,rbf_svc,557,66,2,0,1,0.22784997291065026
development_oof,x10,10,rbf_svc,573,350,2,0,0,-0.5638084441041786
development_oof,x10,10,rbf_svc,574,1,2,0,0,-1.4792368174952653
development_oof,x10,10,rbf_svc,583,69,2,0,0,-1.3645953955461443
development_oof,x10,10,rbf_svc,587,345,2,0,1,0.13161792553741702
development_oof,x10,10,rbf_svc,591,343,2,0,1,0.31807374215931583
development_oof,x10,10,rbf_svc,617,1,2,0,0,-1.5711807313797572
development_oof,x10,10,rbf_svc,626,1,2,0,0,-0.7496025817203099
development_oof,x10,10,rbf_svc,631,92,2,0,0,-0.01671727636373105
development_oof,x10,10,rbf_svc,634,17,2,1,1,1.1547921159268724
development_oof,x10,10,rbf_svc,636,334,2,1,1,0.22096569426418852
development_oof,x10,10,rbf_svc,638,333,2,0,0,-0.04768072740952668
development_oof,x10,10,rbf_svc,641,66,2,0,0,-1.4468309359424156
development_oof,x10,10,rbf_svc,658,325,2,0,0,-0.7305564447392253
development_oof,x10,10,rbf_svc,664,116,2,0,0,-0.535202816318459
development_oof,x10,10,rbf_svc,670,322,2,0,1,0.5800975730468466
development_oof,x10,10,rbf_svc,681,318,2,0,0,-1.0484449133866354
development_oof,x10,10,rbf_svc,685,33,2,0,0,-1.159043659389324
development_oof,x10,10,rbf_svc,689,1,2,0,0,-1.250298010919904
development_oof,x10,10,rbf_svc,694,33,2,0,0,-1.3591164877055948
development_oof,x10,10,rbf_svc,707,311,2,0,0,-0.19848925676530266
development_oof,x10,10,rbf_svc,734,12,2,1,0,-1.3049623994184758
development_oof,x10,10,rbf_svc,760,1,2,0,0,-0.37257178252536194
development_oof,x10,10,rbf_svc,771,43,2,0,0,-0.12066938635485264
development_oof,x10,10,rbf_svc,774,299,2,0,0,-0.9959349232857682
development_oof,x10,10,rbf_svc,779,43,2,0,0,-0.7460931906522117
development_oof,x10,10,rbf_svc,782,43,2,0,0,-1.138220836616041
development_oof,x10,10,rbf_svc,790,62,2,1,1,1.0938206845550198
development_oof,x10,10,rbf_svc,797,43,2,0,0,-0.16476550139584048
development_oof,x10,10,rbf_svc,808,33,2,0,0,-0.9611480760002488
development_oof,x10,10,rbf_svc,810,286,2,0,0,-1.4901123611493658
development_oof,x10,10,rbf_svc,812,285,2,0,0,-0.35204445957366204
development_oof,x10,10,rbf_svc,813,33,2,0,0,-0.39193745499495247
development_oof,x10,10,rbf_svc,816,284,2,0,0,-0.5037227945547492
development_oof,x10,10,rbf_svc,844,276,2,0,0,-0.08701195461628512
development_oof,x10,10,rbf_svc,850,273,2,0,1,0.5850204916841022
development_oof,x10,10,rbf_svc,855,270,2,0,0,-0.311778642138829
development_oof,x10,10,rbf_svc,864,264,2,0,0,-0.2981596257921323
development_oof,x10,10,rbf_svc,865,263,2,0,0,-0.8262532152352401
development_oof,x10,10,rbf_svc,888,254,2,1,0,-0.6573014764614941
development_oof,x10,10,rbf_svc,895,124,2,0,0,-0.8438249121746249
development_oof,x10,10,rbf_svc,902,122,2,1,0,-0.021061141121535648
development_oof,x10,10,rbf_svc,917,243,2,1,1,0.2453304683089043
development_oof,x10,10,rbf_svc,918,242,2,0,0,-0.8616733787697983
development_oof,x10,10,rbf_svc,932,233,2,0,0,-1.0579953900290417
development_oof,x10,10,rbf_svc,940,78,2,0,0,-1.0784238016362593
development_oof,x10,10,rbf_svc,942,228,2,0,0,-0.026724857238814917
development_oof,x10,10,rbf_svc,960,116,2,0,0,-0.10549838112249114
development_oof,x10,10,rbf_svc,970,213,2,0,0,-0.5248852359306134
development_oof,x10,10,rbf_svc,972,211,2,0,0,-0.9744890355516269
development_oof,x10,10,rbf_svc,975,66,2,0,0,-1.0017330036855832
development_oof,x10,10,rbf_svc,993,69,2,0,1,0.03335798965175782
development_oof,x10,10,rbf_svc,1002,197,2,0,0,-0.9625503308540138
development_oof,x10,10,rbf_svc,1006,111,2,0,0,-0.3444246176205618
development_oof,x10,10,rbf_svc,1026,186,2,1,0,-1.2765706672337027
development_oof,x10,10,rbf_svc,1027,185,2,1,0,-0.35084705134561744
development_oof,x10,10,rbf_svc,1032,180,2,0,0,-0.33650749673851504
development_oof,x10,10,rbf_svc,1034,178,2,0,0,-0.4692463682174398
development_oof,x10,10,rbf_svc,8,107,3,0,0,-1.3432063872299722
development_oof,x10,10,rbf_svc,24,455,3,0,1,0.8597521083592905
development_oof,x10,10,rbf_svc,45,449,3,1,1,1.0885095380700638
development_oof,x10,10,rbf_svc,55,107,3,0,0,-2.243051931224141
development_oof,x10,10,rbf_svc,60,4,3,1,0,-2.0256141420182936
development_oof,x10,10,rbf_svc,98,438,3,0,0,-1.270113724444773
development_oof,x10,10,rbf_svc,120,10,3,0,0,-0.04370692508542784
development_oof,x10,10,rbf_svc,129,58,3,1,0,-0.533733642379722
development_oof,x10,10,rbf_svc,136,57,3,0,0,-1.3903916905080715
development_oof,x10,10,rbf_svc,150,55,3,1,1,1.4679132896347933
development_oof,x10,10,rbf_svc,161,427,3,0,0,-0.26505869226245843
development_oof,x10,10,rbf_svc,173,52,3,0,0,-0.4185784011290755
development_oof,x10,10,rbf_svc,178,54,3,0,0,-1.79812296982074
development_oof,x10,10,rbf_svc,183,422,3,0,0,-0.6984012178595183
development_oof,x10,10,rbf_svc,192,8,3,0,0,-0.43510805827679067
development_oof,x10,10,rbf_svc,196,8,3,0,0,-0.07524411440656986
development_oof,x10,10,rbf_svc,211,8,3,0,1,0.6574820315486427
development_oof,x10,10,rbf_svc,214,10,3,0,0,-0.3526143368400495
development_oof,x10,10,rbf_svc,217,8,3,0,1,0.3988423895218164
development_oof,x10,10,rbf_svc,218,8,3,0,0,-0.24919947046580893
development_oof,x10,10,rbf_svc,220,8,3,0,1,0.7223516518986541
development_oof,x10,10,rbf_svc,225,55,3,1,1,0.5255541671562043
development_oof,x10,10,rbf_svc,226,8,3,0,0,-0.8984195078815875
development_oof,x10,10,rbf_svc,242,52,3,1,1,1.9910806810764075
development_oof,x10,10,rbf_svc,243,414,3,0,0,-0.7355022771718851
development_oof,x10,10,rbf_svc,253,412,3,0,0,-0.6328144019864272
development_oof,x10,10,rbf_svc,260,49,3,1,1,0.4132921738402542
development_oof,x10,10,rbf_svc,264,51,3,0,0,-1.3628240379394343
development_oof,x10,10,rbf_svc,268,8,3,0,0,-0.22753646830058316
development_oof,x10,10,rbf_svc,282,406,3,1,1,0.8836642134880506
development_oof,x10,10,rbf_svc,298,405,3,0,0,-0.3371977661984584
development_oof,x10,10,rbf_svc,300,404,3,1,1,0.14097240252235832
development_oof,x10,10,rbf_svc,311,400,3,1,1,0.43200388269779777
development_oof,x10,10,rbf_svc,313,51,3,0,0,-1.1612238196759428
development_oof,x10,10,rbf_svc,314,398,3,0,0,-1.6074384796151515
development_oof,x10,10,rbf_svc,317,49,3,0,0,-1.0346207936078486
development_oof,x10,10,rbf_svc,328,395,3,1,1,1.2005756598453083
development_oof,x10,10,rbf_svc,333,8,3,0,0,-1.1193729379813042
development_oof,x10,10,rbf_svc,336,55,3,1,1,0.6488683250145708
development_oof,x10,10,rbf_svc,362,36,3,0,0,-1.2563554185896035
development_oof,x10,10,rbf_svc,370,8,3,0,1,1.0274087725198515
development_oof,x10,10,rbf_svc,386,4,3,1,1,0.532123056070241
development_oof,x10,10,rbf_svc,392,4,3,1,0,-1.0597325570343854
development_oof,x10,10,rbf_svc,401,4,3,1,1,0.5425252267600977
development_oof,x10,10,rbf_svc,405,379,3,0,0,-1.5424502180629223
development_oof,x10,10,rbf_svc,416,378,3,0,0,-2.6198502681121103
development_oof,x10,10,rbf_svc,423,50,3,0,0,-0.695824061774321
development_oof,x10,10,rbf_svc,430,4,3,1,0,-1.2220478669240231
development_oof,x10,10,rbf_svc,432,375,3,0,0,-1.0024665807401796
development_oof,x10,10,rbf_svc,433,58,3,1,0,-1.1511901508980813
development_oof,x10,10,rbf_svc,446,4,3,1,1,0.7893177537756295
development_oof,x10,10,rbf_svc,449,49,3,1,0,-0.9366249038824446
development_oof,x10,10,rbf_svc,464,4,3,1,1,0.38100422384495214
development_oof,x10,10,rbf_svc,465,4,3,1,0,-1.8924695176739266
development_oof,x10,10,rbf_svc,469,8,3,0,1,1.0258538554655205
development_oof,x10,10,rbf_svc,480,367,3,0,0,-0.019488770109668707
development_oof,x10,10,rbf_svc,481,4,3,1,0,-1.6590699197607919
development_oof,x10,10,rbf_svc,482,366,3,0,0,-3.243168902459679
development_oof,x10,10,rbf_svc,493,84,3,1,1,2.0545307636891104
development_oof,x10,10,rbf_svc,498,54,3,0,1,0.7348689306831675
development_oof,x10,10,rbf_svc,500,28,3,0,0,-0.7525890707903877
development_oof,x10,10,rbf_svc,501,72,3,0,0,-0.7114423298324692
development_oof,x10,10,rbf_svc,512,361,3,0,1,0.03850797586143795
development_oof,x10,10,rbf_svc,515,150,3,0,0,-0.876653124840067
development_oof,x10,10,rbf_svc,528,359,3,0,0,-0.8423360316377404
development_oof,x10,10,rbf_svc,545,136,3,1,0,-0.6177111203030435
development_oof,x10,10,rbf_svc,582,44,3,0,0,-1.0514257138415366
development_oof,x10,10,rbf_svc,588,344,3,0,0,-1.55417773524098
development_oof,x10,10,rbf_svc,599,340,3,0,1,0.5696333668224216
development_oof,x10,10,rbf_svc,602,338,3,0,1,0.9215006648598054
development_oof,x10,10,rbf_svc,621,57,3,0,0,-1.1102403796931355
development_oof,x10,10,rbf_svc,623,150,3,0,0,-0.7535654329543253
development_oof,x10,10,rbf_svc,627,335,3,0,0,-0.29968453181571086
development_oof,x10,10,rbf_svc,632,77,3,0,1,0.24919886783065925
development_oof,x10,10,rbf_svc,642,331,3,0,0,-1.9987756126815586
development_oof,x10,10,rbf_svc,649,89,3,0,0,-0.7495237583773129
development_oof,x10,10,rbf_svc,650,88,3,0,0,-0.5945321772330188
development_oof,x10,10,rbf_svc,652,328,3,0,0,-1.4893036744605688
development_oof,x10,10,rbf_svc,656,326,3,0,1,0.05116475231421691
development_oof,x10,10,rbf_svc,657,4,3,1,0,-1.7114370152665241
development_oof,x10,10,rbf_svc,666,44,3,0,1,0.09372735883283856
development_oof,x10,10,rbf_svc,674,4,3,0,0,-2.0409308412953484
development_oof,x10,10,rbf_svc,683,142,3,0,0,-0.7468858254497771
development_oof,x10,10,rbf_svc,691,142,3,0,0,-1.0360230034881115
development_oof,x10,10,rbf_svc,696,89,3,0,0,-0.5931971738707694
development_oof,x10,10,rbf_svc,700,49,3,0,0,-2.6432851711478276
development_oof,x10,10,rbf_svc,703,141,3,0,0,-0.7071437554265587
development_oof,x10,10,rbf_svc,709,88,3,0,1,0.08362014062777356
development_oof,x10,10,rbf_svc,715,4,3,1,1,1.530372898485398
development_oof,x10,10,rbf_svc,718,308,3,0,0,-1.1393596154138277
development_oof,x10,10,rbf_svc,724,10,3,0,0,-1.030366398219655
development_oof,x10,10,rbf_svc,738,136,3,1,1,0.9931456782623609
development_oof,x10,10,rbf_svc,739,10,3,0,0,-1.723704534526646
development_oof,x10,10,rbf_svc,740,44,3,0,0,-0.7572629742601074
development_oof,x10,10,rbf_svc,746,304,3,1,0,-1.395985182778472
development_oof,x10,10,rbf_svc,747,51,3,0,0,-0.5045982516103066
development_oof,x10,10,rbf_svc,761,44,3,0,0,-0.48497441773730704
development_oof,x10,10,rbf_svc,772,10,3,0,0,-1.1215937706086172
development_oof,x10,10,rbf_svc,773,58,3,1,0,-0.5274484082135962
development_oof,x10,10,rbf_svc,778,84,3,1,0,-1.7722397413714182
development_oof,x10,10,rbf_svc,788,295,3,1,0,-1.5223913753905889
development_oof,x10,10,rbf_svc,803,289,3,0,1,0.07352936736403515
development_oof,x10,10,rbf_svc,804,51,3,0,0,-1.3438196041022596
development_oof,x10,10,rbf_svc,814,88,3,0,0,-0.660528134352491
development_oof,x10,10,rbf_svc,831,281,3,0,0,-1.8430896954471931
development_oof,x10,10,rbf_svc,842,277,3,0,1,1.1824287802855238
development_oof,x10,10,rbf_svc,846,275,3,1,1,0.6862268148008754
development_oof,x10,10,rbf_svc,859,267,3,0,0,-1.935370819190576
development_oof,x10,10,rbf_svc,870,260,3,0,0,-0.8110068636698559
development_oof,x10,10,rbf_svc,893,253,3,0,0,-1.7477158894752918
development_oof,x10,10,rbf_svc,899,123,3,1,1,1.413661898430493
development_oof,x10,10,rbf_svc,904,52,3,1,1,0.5400475851925504
development_oof,x10,10,rbf_svc,922,240,3,0,0,-1.2809478906413752
development_oof,x10,10,rbf_svc,926,238,3,1,1,1.0195888001365188
development_oof,x10,10,rbf_svc,944,58,3,1,0,-1.1141387545863075
development_oof,x10,10,rbf_svc,949,224,3,0,0,-0.9696372994269076
development_oof,x10,10,rbf_svc,954,4,3,1,1,0.7781463452615454
development_oof,x10,10,rbf_svc,961,219,3,0,0,-0.5829150960978251
development_oof,x10,10,rbf_svc,966,215,3,0,0,-1.766082035350781
development_oof,x10,10,rbf_svc,977,57,3,0,0,-0.1791076409177812
development_oof,x10,10,rbf_svc,982,77,3,0,1,0.6293231254333591
development_oof,x10,10,rbf_svc,1001,107,3,0,1,0.2661203433390117
development_oof,x10,10,rbf_svc,1024,4,3,1,0,-1.8077634949509735
development_oof,x10,10,rbf_svc,1029,183,3,0,0,-1.170317587056427
development_oof,x10,10,rbf_svc,1033,179,3,0,0,-0.36234027308032957
development_oof,x10,10,rbf_svc,6,61,4,0,0,-0.6811186110887786
development_oof,x10,10,rbf_svc,16,93,4,1,1,0.997559798298902
development_oof,x10,10,rbf_svc,23,11,4,0,0,-2.1359539722404257
development_oof,x10,10,rbf_svc,26,11,4,0,0,-2.1228997271272974
development_oof,x10,10,rbf_svc,34,23,4,0,0,-1.264805419780601
development_oof,x10,10,rbf_svc,36,80,4,0,0,-1.1765378225629965
development_oof,x10,10,rbf_svc,49,11,4,0,0,-0.5520895376294299
development_oof,x10,10,rbf_svc,57,61,4,0,0,-0.7356314544607594
development_oof,x10,10,rbf_svc,58,11,4,0,0,-0.7579461456471863
development_oof,x10,10,rbf_svc,59,11,4,0,0,-1.9303919171507953
development_oof,x10,10,rbf_svc,67,446,4,0,1,0.44493957851469834
development_oof,x10,10,rbf_svc,68,445,4,1,0,-1.564577002535121
development_oof,x10,10,rbf_svc,74,74,4,0,0,-0.829572430396158
development_oof,x10,10,rbf_svc,76,11,4,0,0,-1.8090913398588924
development_oof,x10,10,rbf_svc,82,440,4,1,0,-0.9077121284091108
development_oof,x10,10,rbf_svc,90,9,4,1,1,2.3395669497124074
development_oof,x10,10,rbf_svc,91,74,4,1,0,-0.23678467159400585
development_oof,x10,10,rbf_svc,95,161,4,0,0,-1.5680911572829324
development_oof,x10,10,rbf_svc,112,9,4,1,1,2.1961207195845502
development_oof,x10,10,rbf_svc,117,433,4,0,0,-2.4632354119554676
development_oof,x10,10,rbf_svc,123,9,4,1,1,2.440842593485947
development_oof,x10,10,rbf_svc,134,15,4,0,0,-0.7237013545721815
development_oof,x10,10,rbf_svc,145,430,4,0,1,0.8521333511571032
development_oof,x10,10,rbf_svc,156,9,4,1,1,1.6787044884131976
development_oof,x10,10,rbf_svc,166,425,4,0,1,0.1597009355733574
development_oof,x10,10,rbf_svc,169,9,4,1,1,2.1330893281363994
development_oof,x10,10,rbf_svc,175,38,4,1,1,2.553090394820903
development_oof,x10,10,rbf_svc,179,11,4,0,0,-1.635955368557146
development_oof,x10,10,rbf_svc,181,9,4,1,1,1.4893301901328644
development_oof,x10,10,rbf_svc,187,9,4,1,1,1.7086757654959097
development_oof,x10,10,rbf_svc,191,169,4,0,0,-0.03525167346488134
development_oof,x10,10,rbf_svc,193,9,4,1,1,2.157715167610274
development_oof,x10,10,rbf_svc,201,9,4,1,1,2.049776588556172
development_oof,x10,10,rbf_svc,206,125,4,1,0,-0.8872906200374331
development_oof,x10,10,rbf_svc,212,419,4,0,0,-0.7167541640828062
development_oof,x10,10,rbf_svc,215,61,4,0,0,-0.5112049526754021
development_oof,x10,10,rbf_svc,221,9,4,1,1,1.6718321854689449
development_oof,x10,10,rbf_svc,223,68,4,0,0,-0.856555961675949
development_oof,x10,10,rbf_svc,227,38,4,1,1,1.8183394936874628
development_oof,x10,10,rbf_svc,231,417,4,0,0,-1.9087769273439175
development_oof,x10,10,rbf_svc,237,117,4,0,1,0.3346955525362705
development_oof,x10,10,rbf_svc,241,23,4,0,0,-1.2688216639035628
development_oof,x10,10,rbf_svc,257,80,4,0,1,0.3084714914126816
development_oof,x10,10,rbf_svc,284,38,4,1,1,2.2124505363892775
development_oof,x10,10,rbf_svc,318,127,4,1,0,-2.270352805614823
development_oof,x10,10,rbf_svc,320,38,4,1,1,2.4714248823880904
development_oof,x10,10,rbf_svc,322,15,4,0,0,-0.8102957273468827
development_oof,x10,10,rbf_svc,324,74,4,1,0,-0.19515630160813036
development_oof,x10,10,rbf_svc,330,76,4,1,0,-0.8695177703651562
development_oof,x10,10,rbf_svc,332,38,4,1,1,2.453991160553709
development_oof,x10,10,rbf_svc,337,15,4,0,0,-1.2142601143136271
development_oof,x10,10,rbf_svc,339,11,4,0,0,-1.6699625817383814
development_oof,x10,10,rbf_svc,344,23,4,1,0,-0.16977498105111422
development_oof,x10,10,rbf_svc,355,15,4,0,0,-0.49818848779185476
development_oof,x10,10,rbf_svc,358,389,4,0,1,0.43692015917077365
development_oof,x10,10,rbf_svc,359,23,4,0,0,-1.5319703173451713
development_oof,x10,10,rbf_svc,365,388,4,0,1,0.4217008125459425
development_oof,x10,10,rbf_svc,368,387,4,0,0,-1.4909004724172505
development_oof,x10,10,rbf_svc,371,161,4,0,0,-1.9292313122227336
development_oof,x10,10,rbf_svc,381,76,4,0,0,-0.33687112216744675
development_oof,x10,10,rbf_svc,388,155,4,0,0,-0.6876911063622853
development_oof,x10,10,rbf_svc,390,381,4,0,0,-1.398928525829677
development_oof,x10,10,rbf_svc,395,74,4,1,0,-0.5726381708231223
development_oof,x10,10,rbf_svc,397,11,4,0,0,-1.279358905025273
development_oof,x10,10,rbf_svc,399,86,4,0,0,-0.853743920592859
development_oof,x10,10,rbf_svc,422,159,4,0,0,-0.0669867609357413
development_oof,x10,10,rbf_svc,425,23,4,0,0,-1.3696611288119276
development_oof,x10,10,rbf_svc,453,138,4,0,0,-0.6399600315703224
development_oof,x10,10,rbf_svc,455,93,4,1,1,1.2985128699175248
development_oof,x10,10,rbf_svc,462,15,4,0,0,-1.1188020697662728
development_oof,x10,10,rbf_svc,468,370,4,0,0,-1.5171520703662864
development_oof,x10,10,rbf_svc,494,94,4,0,0,-1.9187085948939693
development_oof,x10,10,rbf_svc,499,15,4,0,0,-0.36142194047514664
development_oof,x10,10,rbf_svc,503,93,4,1,1,1.1383663064816711
development_oof,x10,10,rbf_svc,505,81,4,1,1,0.23147904601427838
development_oof,x10,10,rbf_svc,514,360,4,1,0,-0.142619124370293
development_oof,x10,10,rbf_svc,516,155,4,0,0,-1.065654181488355
development_oof,x10,10,rbf_svc,525,15,4,0,0,-0.9733666172064583
development_oof,x10,10,rbf_svc,530,358,4,1,0,-1.508106477239536
development_oof,x10,10,rbf_svc,558,48,4,0,1,0.9484377900889638
development_oof,x10,10,rbf_svc,593,90,4,0,0,-2.0672809003000525
development_oof,x10,10,rbf_svc,598,90,4,0,0,-1.279155233891974
development_oof,x10,10,rbf_svc,606,337,4,0,0,-1.30776640967528
development_oof,x10,10,rbf_svc,619,336,4,0,0,-1.3052718181984564
development_oof,x10,10,rbf_svc,620,68,4,0,0,-1.267155756037176
development_oof,x10,10,rbf_svc,635,68,4,1,0,-0.5430001868269829
development_oof,x10,10,rbf_svc,661,90,4,0,0,-1.957592138068184
development_oof,x10,10,rbf_svc,690,315,4,0,0,-0.7357824311134653
development_oof,x10,10,rbf_svc,704,313,4,0,0,-0.5985645690656947
development_oof,x10,10,rbf_svc,708,310,4,0,0,-0.11378354917158484
development_oof,x10,10,rbf_svc,717,140,4,0,1,0.5800048860522837
development_oof,x10,10,rbf_svc,733,138,4,0,0,-0.8563518207287337
development_oof,x10,10,rbf_svc,748,64,4,0,1,0.7662586450562063
development_oof,x10,10,rbf_svc,749,11,4,0,0,-0.7539495287414282
development_oof,x10,10,rbf_svc,750,86,4,0,0,-0.8768179060515027
development_oof,x10,10,rbf_svc,762,302,4,0,1,0.31448282317820553
development_oof,x10,10,rbf_svc,768,300,4,0,1,1.7039405143791737
development_oof,x10,10,rbf_svc,775,134,4,0,1,2.336216623911849
development_oof,x10,10,rbf_svc,776,298,4,0,0,-1.9142260585697963
development_oof,x10,10,rbf_svc,818,283,4,0,0,-1.9668841457245385
development_oof,x10,10,rbf_svc,832,280,4,1,1,0.171879017272075
development_oof,x10,10,rbf_svc,845,11,4,0,0,-1.503622862351944
development_oof,x10,10,rbf_svc,856,269,4,0,0,-1.0218707183509481
development_oof,x10,10,rbf_svc,858,61,4,0,0,-0.5154810829838583
development_oof,x10,10,rbf_svc,863,81,4,1,1,0.3550989559664748
development_oof,x10,10,rbf_svc,868,261,4,0,0,-1.0681408055693713
development_oof,x10,10,rbf_svc,869,80,4,0,1,0.15333206143869882
development_oof,x10,10,rbf_svc,889,127,4,0,0,-2.015975447548941
development_oof,x10,10,rbf_svc,891,125,4,0,0,-0.9679605385232288
development_oof,x10,10,rbf_svc,897,250,4,0,1,0.6509750154403573
development_oof,x10,10,rbf_svc,909,245,4,0,1,0.4891376545920594
development_oof,x10,10,rbf_svc,920,241,4,0,0,-0.4515540700317249
development_oof,x10,10,rbf_svc,923,23,4,0,0,-1.0307217986600594
development_oof,x10,10,rbf_svc,933,232,4,0,1,0.059430390317777304
development_oof,x10,10,rbf_svc,947,226,4,0,1,0.5603636925933582
development_oof,x10,10,rbf_svc,959,117,4,0,1,0.33851949790240643
development_oof,x10,10,rbf_svc,968,214,4,1,1,1.9668088317255608
development_oof,x10,10,rbf_svc,983,205,4,1,0,-1.400649295607142
development_oof,x10,10,rbf_svc,984,204,4,1,1,0.7058195270155505
development_oof,x10,10,rbf_svc,996,199,4,0,0,-0.013898937557788926
development_oof,x10,10,rbf_svc,998,198,4,0,0,-1.137754256269472
development_oof,x10,10,rbf_svc,1008,76,4,0,0,-1.4448213076823315
development_oof,x10,10,rbf_svc,1015,191,4,1,0,-1.1798027278446925
development_oof,x10,10,rbf_svc,1020,188,4,0,0,-0.9626476244449098
development_oof,x10,10,rbf_svc,3,108,5,0,0,-0.40729007893396857
development_oof,x10,10,rbf_svc,9,29,5,1,1,1.8359953952843844
development_oof,x10,10,rbf_svc,22,456,5,0,1,0.14166122161835204
development_oof,x10,10,rbf_svc,29,453,5,0,0,-0.8129746328805711
development_oof,x10,10,rbf_svc,35,108,5,0,0,-0.5663374348069685
development_oof,x10,10,rbf_svc,41,451,5,0,0,-0.4325265471032056
development_oof,x10,10,rbf_svc,43,6,5,0,0,-1.4761476671553284
development_oof,x10,10,rbf_svc,50,40,5,1,1,2.2631912892971107
development_oof,x10,10,rbf_svc,51,75,5,1,0,-1.1713886462887924
development_oof,x10,10,rbf_svc,69,444,5,0,0,-0.7385049648823389
development_oof,x10,10,rbf_svc,75,108,5,0,0,-0.3370783916854806
development_oof,x10,10,rbf_svc,81,441,5,0,0,-0.913305862387688
development_oof,x10,10,rbf_svc,103,14,5,1,1,0.2991967109981911
development_oof,x10,10,rbf_svc,110,41,5,0,0,-1.4319938022268783
development_oof,x10,10,rbf_svc,121,14,5,1,1,0.4906233561194321
development_oof,x10,10,rbf_svc,124,5,5,0,0,-3.1149285416743564
development_oof,x10,10,rbf_svc,130,171,5,0,0,-0.7987963506680491
development_oof,x10,10,rbf_svc,133,432,5,1,1,1.7307785292681395
development_oof,x10,10,rbf_svc,140,40,5,0,0,-0.687821100493968
development_oof,x10,10,rbf_svc,144,41,5,0,1,0.6964000029759762
development_oof,x10,10,rbf_svc,151,14,5,1,1,0.09756477495082128
development_oof,x10,10,rbf_svc,152,429,5,0,0,-1.5940108276502145
development_oof,x10,10,rbf_svc,153,41,5,0,1,1.0435957942855656
development_oof,x10,10,rbf_svc,155,41,5,0,0,-0.1905700458348079
development_oof,x10,10,rbf_svc,158,428,5,0,0,-1.4444321723563043
development_oof,x10,10,rbf_svc,171,41,5,1,1,1.1253581288163548
development_oof,x10,10,rbf_svc,177,40,5,1,0,-0.04274600151319041
development_oof,x10,10,rbf_svc,202,421,5,0,0,-1.9268292045226394
development_oof,x10,10,rbf_svc,205,41,5,0,1,0.5628734549920705
development_oof,x10,10,rbf_svc,230,121,5,1,1,0.11619792276563512
development_oof,x10,10,rbf_svc,232,6,5,0,0,-2.1674523534518952
development_oof,x10,10,rbf_svc,234,29,5,1,1,0.8998218267817052
development_oof,x10,10,rbf_svc,238,415,5,0,0,-2.033278156554373
development_oof,x10,10,rbf_svc,254,411,5,1,1,0.2967125770823692
development_oof,x10,10,rbf_svc,263,120,5,1,1,2.56524568101399
development_oof,x10,10,rbf_svc,265,75,5,0,1,0.9281445879973217
development_oof,x10,10,rbf_svc,274,29,5,1,1,0.37289818016397247
development_oof,x10,10,rbf_svc,280,14,5,1,1,0.7058577407736538
development_oof,x10,10,rbf_svc,289,6,5,0,0,-1.4304743497300345
development_oof,x10,10,rbf_svc,292,14,5,1,1,0.3430105554510142
development_oof,x10,10,rbf_svc,293,39,5,1,0,-0.5584769051738367
development_oof,x10,10,rbf_svc,295,14,5,1,1,0.5861285935712451
development_oof,x10,10,rbf_svc,299,29,5,1,1,2.0345547338946997
development_oof,x10,10,rbf_svc,310,401,5,0,0,-0.32846668525786915
development_oof,x10,10,rbf_svc,319,163,5,0,1,0.5559153240664457
development_oof,x10,10,rbf_svc,329,29,5,1,1,1.3756367818243116
development_oof,x10,10,rbf_svc,340,393,5,0,0,-1.754218815395665
development_oof,x10,10,rbf_svc,354,391,5,1,0,-0.23241378911925653
development_oof,x10,10,rbf_svc,357,37,5,1,1,1.8872375072035839
development_oof,x10,10,rbf_svc,360,162,5,0,1,0.8476575830617651
development_oof,x10,10,rbf_svc,374,14,5,1,1,0.33424619121420096
development_oof,x10,10,rbf_svc,375,14,5,1,1,0.23307630046482974
development_oof,x10,10,rbf_svc,389,382,5,0,0,-1.3551562655590463
development_oof,x10,10,rbf_svc,391,5,5,0,0,-0.09452538651063003
development_oof,x10,10,rbf_svc,398,99,5,1,1,1.4219700681974325
development_oof,x10,10,rbf_svc,411,6,5,0,0,-2.1634464736174563
development_oof,x10,10,rbf_svc,420,5,5,1,0,-1.3144851516991345
development_oof,x10,10,rbf_svc,427,6,5,0,0,-0.9352101439412199
development_oof,x10,10,rbf_svc,435,374,5,0,0,-1.3830726422894757
development_oof,x10,10,rbf_svc,443,372,5,0,0,-0.7790493341577048
development_oof,x10,10,rbf_svc,457,14,5,1,0,-0.08958383069706272
development_oof,x10,10,rbf_svc,460,5,5,0,0,-0.8320152919284163
development_oof,x10,10,rbf_svc,467,6,5,0,0,-0.2587974412367417
development_oof,x10,10,rbf_svc,475,5,5,0,0,-2.1641949553537727
development_oof,x10,10,rbf_svc,478,6,5,0,0,-1.8178154480178397
development_oof,x10,10,rbf_svc,479,368,5,0,1,0.5023302320994668
development_oof,x10,10,rbf_svc,485,5,5,0,1,0.536665861567111
development_oof,x10,10,rbf_svc,488,26,5,1,0,-0.31087684566245355
development_oof,x10,10,rbf_svc,504,5,5,0,1,0.25603421420197214
development_oof,x10,10,rbf_svc,518,5,5,0,0,-0.8831449840416827
development_oof,x10,10,rbf_svc,521,26,5,0,0,-0.532806702701769
development_oof,x10,10,rbf_svc,531,6,5,0,0,-1.7492230642426736
development_oof,x10,10,rbf_svc,532,26,5,0,0,-0.24178515901215414
development_oof,x10,10,rbf_svc,541,113,5,0,0,-2.2507896605981745
development_oof,x10,10,rbf_svc,549,355,5,0,0,-1.5510949853344838
development_oof,x10,10,rbf_svc,552,6,5,0,0,-1.902508616947824
development_oof,x10,10,rbf_svc,555,352,5,1,1,1.6099169051444604
development_oof,x10,10,rbf_svc,556,13,5,0,0,-0.6056564447335433
development_oof,x10,10,rbf_svc,559,351,5,0,0,-0.6896142077491918
development_oof,x10,10,rbf_svc,567,13,5,0,0,-0.4408080083159956
development_oof,x10,10,rbf_svc,569,5,5,0,0,-2.2980525362390103
development_oof,x10,10,rbf_svc,578,26,5,0,0,-0.6219258804981663
development_oof,x10,10,rbf_svc,590,152,5,0,0,-1.2451443496778043
development_oof,x10,10,rbf_svc,603,40,5,1,0,-0.4126747377322074
development_oof,x10,10,rbf_svc,613,85,5,0,0,-0.9997230710748052
development_oof,x10,10,rbf_svc,640,146,5,0,0,-2.906272658159863
development_oof,x10,10,rbf_svc,645,146,5,0,0,-2.2047123531999278
development_oof,x10,10,rbf_svc,673,320,5,0,0,-1.4541790479676497
development_oof,x10,10,rbf_svc,679,6,5,0,0,-1.3178718976998498
development_oof,x10,10,rbf_svc,688,143,5,0,0,-1.8425049486202685
development_oof,x10,10,rbf_svc,710,75,5,1,0,-1.4024255451221546
development_oof,x10,10,rbf_svc,712,5,5,0,1,0.18360157849157244
development_oof,x10,10,rbf_svc,713,139,5,0,0,-1.7205989312210273
development_oof,x10,10,rbf_svc,721,139,5,1,0,-2.2347500128433415
development_oof,x10,10,rbf_svc,727,32,5,0,1,1.2250649764253083
development_oof,x10,10,rbf_svc,735,132,5,0,1,0.13172825637449648
development_oof,x10,10,rbf_svc,736,137,5,0,0,-0.5127168136744322
development_oof,x10,10,rbf_svc,737,85,5,1,0,-0.9932475430883105
development_oof,x10,10,rbf_svc,743,13,5,0,0,-0.5229909222749913
development_oof,x10,10,rbf_svc,753,85,5,0,0,-1.796852174501681
development_oof,x10,10,rbf_svc,766,130,5,0,0,-0.24623774982909663
development_oof,x10,10,rbf_svc,800,132,5,0,0,-0.9563002539685269
development_oof,x10,10,rbf_svc,807,288,5,0,0,-0.8507060705598559
development_oof,x10,10,rbf_svc,819,130,5,1,0,-0.1228850839607834
development_oof,x10,10,rbf_svc,853,272,5,0,1,0.3442127307059255
development_oof,x10,10,rbf_svc,860,266,5,0,0,-1.085725647603008
development_oof,x10,10,rbf_svc,866,262,5,0,1,1.5149551462039401
development_oof,x10,10,rbf_svc,892,26,5,0,0,-0.7030220249944263
development_oof,x10,10,rbf_svc,894,252,5,1,0,-0.32589529388881544
development_oof,x10,10,rbf_svc,900,249,5,0,1,0.9682040736479814
development_oof,x10,10,rbf_svc,903,248,5,0,0,-1.449448773110554
development_oof,x10,10,rbf_svc,913,121,5,1,0,-1.4012860515492096
development_oof,x10,10,rbf_svc,924,239,5,0,0,-0.1005570863628687
development_oof,x10,10,rbf_svc,928,236,5,1,1,1.670228614015199
development_oof,x10,10,rbf_svc,946,120,5,1,1,3.022260969205397
development_oof,x10,10,rbf_svc,957,221,5,0,0,-0.6561176355040153
development_oof,x10,10,rbf_svc,963,217,5,0,0,-2.248113079825743
development_oof,x10,10,rbf_svc,973,210,5,0,0,-1.762495326734682
development_oof,x10,10,rbf_svc,986,113,5,0,0,-2.0300438631765862
development_oof,x10,10,rbf_svc,997,6,5,0,0,-0.6780950049741827
development_oof,x10,10,rbf_svc,999,5,5,0,0,-0.20488885765768228
development_oof,x10,10,rbf_svc,1005,196,5,0,0,-1.078852931428957
development_oof,x10,10,rbf_svc,1017,189,5,0,0,-0.7803923777996982
development_oof,x10,10,rbf_svc,1023,187,5,0,1,0.40581910332008186
development_oof,x10,10,random_forest,5,31,1,1,1,0.94
development_oof,x10,10,random_forest,33,452,1,0,0,0.043333333333333335
development_oof,x10,10,random_forest,53,447,1,0,0,0.07
development_oof,x10,10,random_forest,64,34,1,1,0,0.45666666666666667
development_oof,x10,10,random_forest,73,176,1,0,1,0.6
development_oof,x10,10,random_forest,78,443,1,1,1,0.73
development_oof,x10,10,random_forest,83,60,1,1,1,0.8166666666666667
development_oof,x10,10,random_forest,100,31,1,1,1,0.97
development_oof,x10,10,random_forest,105,437,1,1,0,0.33
development_oof,x10,10,random_forest,113,435,1,0,0,0.056666666666666664
development_oof,x10,10,random_forest,116,434,1,0,0,0.4033333333333333
development_oof,x10,10,random_forest,119,0,1,0,1,0.52
development_oof,x10,10,random_forest,139,20,1,1,1,0.5166666666666667
development_oof,x10,10,random_forest,142,0,1,0,0,0.20666666666666667
development_oof,x10,10,random_forest,157,0,1,0,0,0.07666666666666666
development_oof,x10,10,random_forest,162,426,1,0,0,0.31333333333333335
development_oof,x10,10,random_forest,170,60,1,1,0,0.3466666666666667
development_oof,x10,10,random_forest,182,31,1,1,1,0.87
development_oof,x10,10,random_forest,195,31,1,1,1,0.93
development_oof,x10,10,random_forest,203,34,1,1,0,0.3933333333333333
development_oof,x10,10,random_forest,208,31,1,1,1,0.9
development_oof,x10,10,random_forest,236,416,1,1,0,0.24666666666666667
development_oof,x10,10,random_forest,255,410,1,0,0,0.09
development_oof,x10,10,random_forest,261,25,1,1,0,0.13666666666666666
development_oof,x10,10,random_forest,278,407,1,0,0,0.49
development_oof,x10,10,random_forest,288,128,1,0,0,0.13333333333333333
development_oof,x10,10,random_forest,290,164,1,1,1,0.6233333333333333
development_oof,x10,10,random_forest,321,397,1,0,0,0.07
development_oof,x10,10,random_forest,325,396,1,0,0,0.16666666666666666
development_oof,x10,10,random_forest,334,394,1,0,0,0.023333333333333334
development_oof,x10,10,random_forest,364,25,1,1,0,0.33
development_oof,x10,10,random_forest,379,24,1,0,0,0.08666666666666667
development_oof,x10,10,random_forest,393,0,1,0,0,0.16333333333333333
development_oof,x10,10,random_forest,419,154,1,1,1,0.76
development_oof,x10,10,random_forest,438,96,1,1,0,0.11
development_oof,x10,10,random_forest,439,156,1,1,0,0.13
development_oof,x10,10,random_forest,440,373,1,0,0,0.15
development_oof,x10,10,random_forest,466,0,1,0,0,0.10333333333333333
development_oof,x10,10,random_forest,470,0,1,0,0,0.24
development_oof,x10,10,random_forest,490,364,1,0,0,0.18666666666666668
development_oof,x10,10,random_forest,495,0,1,0,0,0.43666666666666665
development_oof,x10,10,random_forest,506,0,1,0,0,0.19666666666666666
development_oof,x10,10,random_forest,509,362,1,0,0,0.06
development_oof,x10,10,random_forest,517,0,1,0,0,0.2966666666666667
development_oof,x10,10,random_forest,522,154,1,1,1,0.8966666666666666
development_oof,x10,10,random_forest,524,0,1,0,0,0.32666666666666666
development_oof,x10,10,random_forest,527,0,1,0,0,0.45666666666666667
development_oof,x10,10,random_forest,529,0,1,0,0,0.24
development_oof,x10,10,random_forest,544,63,1,1,0,0.13666666666666666
development_oof,x10,10,random_forest,548,34,1,0,0,0.26
development_oof,x10,10,random_forest,553,0,1,0,0,0.34
development_oof,x10,10,random_forest,554,148,1,0,0,0.15666666666666668
development_oof,x10,10,random_forest,560,0,1,0,0,0.30333333333333334
development_oof,x10,10,random_forest,561,70,1,0,0,0.04666666666666667
development_oof,x10,10,random_forest,568,0,1,0,0,0.35
development_oof,x10,10,random_forest,570,0,1,1,0,0.4033333333333333
development_oof,x10,10,random_forest,571,70,1,0,0,0.013333333333333334
development_oof,x10,10,random_forest,572,0,1,1,0,0.24666666666666667
development_oof,x10,10,random_forest,576,349,1,0,0,0.11333333333333333
development_oof,x10,10,random_forest,579,114,1,1,0,0.24666666666666667
development_oof,x10,10,random_forest,580,348,1,1,0,0.25
development_oof,x10,10,random_forest,585,31,1,1,1,0.9366666666666666
development_oof,x10,10,random_forest,592,0,1,1,0,0.4
development_oof,x10,10,random_forest,594,34,1,0,0,0.27
development_oof,x10,10,random_forest,600,151,1,0,0,0.10333333333333333
development_oof,x10,10,random_forest,604,0,1,0,0,0.34
development_oof,x10,10,random_forest,605,0,1,0,0,0.33666666666666667
development_oof,x10,10,random_forest,608,0,1,0,0,0.2833333333333333
development_oof,x10,10,random_forest,611,0,1,0,0,0.21333333333333335
development_oof,x10,10,random_forest,612,87,1,0,0,0.09333333333333334
development_oof,x10,10,random_forest,615,0,1,0,0,0.45666666666666667
development_oof,x10,10,random_forest,622,34,1,0,0,0.13333333333333333
development_oof,x10,10,random_forest,624,149,1,1,0,0.3566666666666667
development_oof,x10,10,random_forest,625,148,1,0,0,0.14
development_oof,x10,10,random_forest,630,67,1,0,0,0.07333333333333333
development_oof,x10,10,random_forest,633,0,1,0,0,0.07333333333333333
development_oof,x10,10,random_forest,646,0,1,0,0,0.22333333333333333
development_oof,x10,10,random_forest,647,0,1,0,0,0.26
development_oof,x10,10,random_forest,651,67,1,0,0,0.12
development_oof,x10,10,random_forest,662,0,1,0,0,0.23666666666666666
development_oof,x10,10,random_forest,667,0,1,0,0,0.25333333333333335
development_oof,x10,10,random_forest,678,20,1,1,0,0.4633333333333333
development_oof,x10,10,random_forest,680,145,1,0,0,0.18333333333333332
development_oof,x10,10,random_forest,686,144,1,1,0,0.20333333333333334
development_oof,x10,10,random_forest,692,0,1,0,0,0.2866666666666667
development_oof,x10,10,random_forest,693,0,1,0,0,0.24666666666666667
development_oof,x10,10,random_forest,698,314,1,0,0,0.24
development_oof,x10,10,random_forest,699,0,1,0,0,0.2633333333333333
development_oof,x10,10,random_forest,701,0,1,1,0,0.16666666666666666
development_oof,x10,10,random_forest,706,0,1,0,0,0.29
development_oof,x10,10,random_forest,716,309,1,0,0,0.22
development_oof,x10,10,random_forest,723,25,1,0,0,0.14
development_oof,x10,10,random_forest,726,31,1,1,1,0.9066666666666666
development_oof,x10,10,random_forest,729,0,1,0,0,0.24666666666666667
development_oof,x10,10,random_forest,731,60,1,0,0,0.14333333333333334
development_oof,x10,10,random_forest,741,306,1,0,0,0.12
development_oof,x10,10,random_forest,742,305,1,0,0,0.17333333333333334
development_oof,x10,10,random_forest,744,87,1,0,0,0.16666666666666666
development_oof,x10,10,random_forest,745,0,1,0,0,0.08666666666666667
development_oof,x10,10,random_forest,756,303,1,0,0,0.13
development_oof,x10,10,random_forest,767,63,1,1,0,0.07333333333333333
development_oof,x10,10,random_forest,780,133,1,0,0,0.15666666666666668
development_oof,x10,10,random_forest,791,294,1,0,0,0.14666666666666667
development_oof,x10,10,random_forest,794,0,1,0,0,0.29
development_oof,x10,10,random_forest,798,291,1,0,0,0.14
development_oof,x10,10,random_forest,805,63,1,1,0,0.3
development_oof,x10,10,random_forest,809,287,1,0,0,0.33
development_oof,x10,10,random_forest,811,20,1,1,0,0.2733333333333333
development_oof,x10,10,random_forest,821,282,1,0,0,0.23333333333333334
development_oof,x10,10,random_forest,827,129,1,0,0,0.056666666666666664
development_oof,x10,10,random_forest,836,279,1,1,0,0.02
development_oof,x10,10,random_forest,847,274,1,0,0,0.11666666666666667
development_oof,x10,10,random_forest,867,60,1,0,0,0.49
development_oof,x10,10,random_forest,907,246,1,0,0,0.15666666666666668
development_oof,x10,10,random_forest,915,25,1,1,0,0.14
development_oof,x10,10,random_forest,916,244,1,0,0,0.12
development_oof,x10,10,random_forest,927,237,1,0,1,0.5266666666666666
development_oof,x10,10,random_forest,929,67,1,0,0,0.12666666666666668
development_oof,x10,10,random_forest,930,235,1,1,1,0.6533333333333333
development_oof,x10,10,random_forest,931,234,1,0,0,0.056666666666666664
development_oof,x10,10,random_forest,945,227,1,0,0,0.07666666666666666
development_oof,x10,10,random_forest,962,218,1,0,0,0.1
development_oof,x10,10,random_forest,978,208,1,0,0,0.08333333333333333
development_oof,x10,10,random_forest,979,114,1,0,0,0.19666666666666666
development_oof,x10,10,random_forest,991,0,1,0,0,0.25666666666666665
development_oof,x10,10,random_forest,1025,63,1,1,0,0.23333333333333334
development_oof,x10,10,random_forest,1028,184,1,0,0,0.33
development_oof,x10,10,random_forest,13,109,2,1,1,0.9733333333333334
development_oof,x10,10,random_forest,15,458,2,1,1,0.83
development_oof,x10,10,random_forest,25,12,2,1,0,0.06
development_oof,x10,10,random_forest,28,454,2,1,0,0.09
development_oof,x10,10,random_forest,52,448,2,0,0,0.18
development_oof,x10,10,random_forest,54,1,2,0,0,0.13
development_oof,x10,10,random_forest,61,1,2,0,0,0.31
development_oof,x10,10,random_forest,70,166,2,0,0,0.33666666666666667
development_oof,x10,10,random_forest,72,12,2,1,0,0.16333333333333333
development_oof,x10,10,random_forest,79,175,2,1,0,0.4266666666666667
development_oof,x10,10,random_forest,85,17,2,1,1,0.9166666666666666
development_oof,x10,10,random_forest,87,439,2,0,0,0.09
development_oof,x10,10,random_forest,88,12,2,0,0,0.09666666666666666
development_oof,x10,10,random_forest,108,436,2,0,0,0.14666666666666667
development_oof,x10,10,random_forest,114,173,2,0,0,0.07666666666666666
development_oof,x10,10,random_forest,115,2,2,1,0,0.11
development_oof,x10,10,random_forest,118,172,2,0,0,0.15
development_oof,x10,10,random_forest,131,170,2,1,1,0.81
development_oof,x10,10,random_forest,165,17,2,1,1,0.9533333333333334
development_oof,x10,10,random_forest,188,1,2,0,0,0.09666666666666666
development_oof,x10,10,random_forest,199,1,2,0,0,0.17333333333333334
development_oof,x10,10,random_forest,207,1,2,0,0,0.10333333333333333
development_oof,x10,10,random_forest,216,167,2,1,0,0.25666666666666665
development_oof,x10,10,random_forest,219,418,2,0,0,0.09666666666666666
development_oof,x10,10,random_forest,222,1,2,0,0,0.04
development_oof,x10,10,random_forest,224,1,2,0,0,0.14
development_oof,x10,10,random_forest,233,17,2,1,1,0.9666666666666667
development_oof,x10,10,random_forest,240,167,2,1,0,0.17
development_oof,x10,10,random_forest,249,124,2,0,0,0.18333333333333332
development_oof,x10,10,random_forest,250,166,2,0,0,0.37
development_oof,x10,10,random_forest,259,409,2,0,0,0.24666666666666667
development_oof,x10,10,random_forest,267,408,2,0,0,0.14
development_oof,x10,10,random_forest,270,12,2,1,0,0.19666666666666666
development_oof,x10,10,random_forest,276,17,2,1,1,0.8866666666666667
development_oof,x10,10,random_forest,294,122,2,0,0,0.1
development_oof,x10,10,random_forest,296,1,2,0,0,0.13666666666666666
development_oof,x10,10,random_forest,301,403,2,0,0,0.08
development_oof,x10,10,random_forest,305,402,2,0,0,0.21666666666666667
development_oof,x10,10,random_forest,306,101,2,1,0,0.30666666666666664
development_oof,x10,10,random_forest,307,12,2,1,0,0.33
development_oof,x10,10,random_forest,312,399,2,0,1,0.6266666666666667
development_oof,x10,10,random_forest,338,17,2,1,1,0.8833333333333333
development_oof,x10,10,random_forest,343,17,2,1,1,0.9533333333333334
development_oof,x10,10,random_forest,345,73,2,0,1,0.8766666666666667
development_oof,x10,10,random_forest,346,12,2,1,0,0.29333333333333333
development_oof,x10,10,random_forest,347,17,2,1,1,0.89
development_oof,x10,10,random_forest,350,12,2,0,0,0.07333333333333333
development_oof,x10,10,random_forest,369,1,2,0,0,0.17666666666666667
development_oof,x10,10,random_forest,372,17,2,1,1,0.9266666666666666
development_oof,x10,10,random_forest,382,384,2,0,0,0.013333333333333334
development_oof,x10,10,random_forest,383,12,2,1,0,0.12333333333333334
development_oof,x10,10,random_forest,384,69,2,0,0,0.07333333333333333
development_oof,x10,10,random_forest,406,78,2,0,0,0.06
development_oof,x10,10,random_forest,407,160,2,0,0,0.32
development_oof,x10,10,random_forest,413,62,2,1,0,0.12333333333333334
development_oof,x10,10,random_forest,415,12,2,1,0,0.05333333333333334
development_oof,x10,10,random_forest,426,377,2,0,1,0.82
development_oof,x10,10,random_forest,434,97,2,1,1,0.97
development_oof,x10,10,random_forest,447,1,2,0,0,0.25
development_oof,x10,10,random_forest,452,73,2,1,1,0.8366666666666667
development_oof,x10,10,random_forest,456,78,2,0,0,0.10333333333333333
development_oof,x10,10,random_forest,463,1,2,0,0,0.06666666666666667
development_oof,x10,10,random_forest,472,1,2,1,0,0.24333333333333335
development_oof,x10,10,random_forest,474,1,2,0,0,0.06666666666666667
development_oof,x10,10,random_forest,513,92,2,0,0,0.17666666666666667
development_oof,x10,10,random_forest,523,2,2,1,0,0.17333333333333334
development_oof,x10,10,random_forest,540,356,2,0,0,0.31666666666666665
development_oof,x10,10,random_forest,557,66,2,0,0,0.4266666666666667
development_oof,x10,10,random_forest,573,350,2,0,0,0.36
development_oof,x10,10,random_forest,574,1,2,0,0,0.12333333333333334
development_oof,x10,10,random_forest,583,69,2,0,0,0.04666666666666667
development_oof,x10,10,random_forest,587,345,2,0,1,0.5266666666666666
development_oof,x10,10,random_forest,591,343,2,0,0,0.44
development_oof,x10,10,random_forest,617,1,2,0,0,0.09666666666666666
development_oof,x10,10,random_forest,626,1,2,0,0,0.18333333333333332
development_oof,x10,10,random_forest,631,92,2,0,0,0.42
development_oof,x10,10,random_forest,634,17,2,1,1,0.9233333333333333
development_oof,x10,10,random_forest,636,334,2,1,0,0.21
development_oof,x10,10,random_forest,638,333,2,0,0,0.22333333333333333
development_oof,x10,10,random_forest,641,66,2,0,0,0.05
development_oof,x10,10,random_forest,658,325,2,0,0,0.1
development_oof,x10,10,random_forest,664,116,2,0,0,0.16666666666666666
development_oof,x10,10,random_forest,670,322,2,0,1,0.6166666666666667
development_oof,x10,10,random_forest,681,318,2,0,0,0.12666666666666668
development_oof,x10,10,random_forest,685,33,2,0,0,0.21666666666666667
development_oof,x10,10,random_forest,689,1,2,0,0,0.04666666666666667
development_oof,x10,10,random_forest,694,33,2,0,0,0.05333333333333334
development_oof,x10,10,random_forest,707,311,2,0,0,0.22333333333333333
development_oof,x10,10,random_forest,734,12,2,1,0,0.07333333333333333
development_oof,x10,10,random_forest,760,1,2,0,0,0.45666666666666667
development_oof,x10,10,random_forest,771,43,2,0,0,0.27
development_oof,x10,10,random_forest,774,299,2,0,0,0.10333333333333333
development_oof,x10,10,random_forest,779,43,2,0,0,0.2833333333333333
development_oof,x10,10,random_forest,782,43,2,0,0,0.2
development_oof,x10,10,random_forest,790,62,2,1,1,0.5333333333333333
development_oof,x10,10,random_forest,797,43,2,0,0,0.19333333333333333
development_oof,x10,10,random_forest,808,33,2,0,0,0.11333333333333333
development_oof,x10,10,random_forest,810,286,2,0,0,0.043333333333333335
development_oof,x10,10,random_forest,812,285,2,0,0,0.34
development_oof,x10,10,random_forest,813,33,2,0,0,0.21333333333333335
development_oof,x10,10,random_forest,816,284,2,0,0,0.2633333333333333
development_oof,x10,10,random_forest,844,276,2,0,0,0.3233333333333333
development_oof,x10,10,random_forest,850,273,2,0,0,0.27
development_oof,x10,10,random_forest,855,270,2,0,0,0.23333333333333334
development_oof,x10,10,random_forest,864,264,2,0,0,0.09666666666666666
development_oof,x10,10,random_forest,865,263,2,0,0,0.35
development_oof,x10,10,random_forest,888,254,2,1,0,0.24333333333333335
development_oof,x10,10,random_forest,895,124,2,0,0,0.18666666666666668
development_oof,x10,10,random_forest,902,122,2,1,0,0.23333333333333334
development_oof,x10,10,random_forest,917,243,2,1,0,0.3466666666666667
development_oof,x10,10,random_forest,918,242,2,0,0,0.056666666666666664
development_oof,x10,10,random_forest,932,233,2,0,0,0.09333333333333334
development_oof,x10,10,random_forest,940,78,2,0,0,0.12333333333333334
development_oof,x10,10,random_forest,942,228,2,0,0,0.33
development_oof,x10,10,random_forest,960,116,2,0,0,0.23333333333333334
development_oof,x10,10,random_forest,970,213,2,0,0,0.18
development_oof,x10,10,random_forest,972,211,2,0,0,0.05333333333333334
development_oof,x10,10,random_forest,975,66,2,0,0,0.19
development_oof,x10,10,random_forest,993,69,2,0,0,0.22666666666666666
development_oof,x10,10,random_forest,1002,197,2,0,0,0.2966666666666667
development_oof,x10,10,random_forest,1006,111,2,0,0,0.13666666666666666
development_oof,x10,10,random_forest,1026,186,2,1,0,0.11
development_oof,x10,10,random_forest,1027,185,2,1,0,0.39666666666666667
development_oof,x10,10,random_forest,1032,180,2,0,0,0.4033333333333333
development_oof,x10,10,random_forest,1034,178,2,0,0,0.09333333333333334
development_oof,x10,10,random_forest,8,107,3,0,0,0.11333333333333333
development_oof,x10,10,random_forest,24,455,3,0,0,0.4033333333333333
development_oof,x10,10,random_forest,45,449,3,1,1,0.83
development_oof,x10,10,random_forest,55,107,3,0,0,0.03333333333333333
development_oof,x10,10,random_forest,60,4,3,1,0,0.18
development_oof,x10,10,random_forest,98,438,3,0,0,0.02
development_oof,x10,10,random_forest,120,10,3,0,0,0.23666666666666666
development_oof,x10,10,random_forest,129,58,3,1,0,0.28
development_oof,x10,10,random_forest,136,57,3,0,0,0.05333333333333334
development_oof,x10,10,random_forest,150,55,3,1,1,0.9666666666666667
development_oof,x10,10,random_forest,161,427,3,0,0,0.45666666666666667
development_oof,x10,10,random_forest,173,52,3,0,0,0.3433333333333333
development_oof,x10,10,random_forest,178,54,3,0,0,0.19333333333333333
development_oof,x10,10,random_forest,183,422,3,0,0,0.16666666666666666
development_oof,x10,10,random_forest,192,8,3,0,0,0.24
development_oof,x10,10,random_forest,196,8,3,0,0,0.33666666666666667
development_oof,x10,10,random_forest,211,8,3,0,0,0.21333333333333335
development_oof,x10,10,random_forest,214,10,3,0,0,0.19
development_oof,x10,10,random_forest,217,8,3,0,0,0.4
development_oof,x10,10,random_forest,218,8,3,0,0,0.38666666666666666
development_oof,x10,10,random_forest,220,8,3,0,0,0.33666666666666667
development_oof,x10,10,random_forest,225,55,3,1,1,0.85
development_oof,x10,10,random_forest,226,8,3,0,0,0.26
development_oof,x10,10,random_forest,242,52,3,1,1,0.9133333333333333
development_oof,x10,10,random_forest,243,414,3,0,0,0.17
development_oof,x10,10,random_forest,253,412,3,0,0,0.11666666666666667
development_oof,x10,10,random_forest,260,49,3,1,0,0.43333333333333335
development_oof,x10,10,random_forest,264,51,3,0,0,0.21
development_oof,x10,10,random_forest,268,8,3,0,0,0.30333333333333334
development_oof,x10,10,random_forest,282,406,3,1,1,0.8633333333333333
development_oof,x10,10,random_forest,298,405,3,0,0,0.32666666666666666
development_oof,x10,10,random_forest,300,404,3,1,1,0.68
development_oof,x10,10,random_forest,311,400,3,1,0,0.18333333333333332
development_oof,x10,10,random_forest,313,51,3,0,0,0.22333333333333333
development_oof,x10,10,random_forest,314,398,3,0,0,0.08333333333333333
development_oof,x10,10,random_forest,317,49,3,0,0,0.19333333333333333
development_oof,x10,10,random_forest,328,395,3,1,1,0.55
development_oof,x10,10,random_forest,333,8,3,0,0,0.16333333333333333
development_oof,x10,10,random_forest,336,55,3,1,1,0.8833333333333333
development_oof,x10,10,random_forest,362,36,3,0,0,0.14333333333333334
development_oof,x10,10,random_forest,370,8,3,0,0,0.35333333333333333
development_oof,x10,10,random_forest,386,4,3,1,1,0.5266666666666666
development_oof,x10,10,random_forest,392,4,3,1,0,0.31666666666666665
development_oof,x10,10,random_forest,401,4,3,1,0,0.2
development_oof,x10,10,random_forest,405,379,3,0,0,0.21666666666666667
development_oof,x10,10,random_forest,416,378,3,0,0,0.18333333333333332
development_oof,x10,10,random_forest,423,50,3,0,0,0.26
development_oof,x10,10,random_forest,430,4,3,1,0,0.14333333333333334
development_oof,x10,10,random_forest,432,375,3,0,0,0.19333333333333333
development_oof,x10,10,random_forest,433,58,3,1,0,0.34
development_oof,x10,10,random_forest,446,4,3,1,1,0.55
development_oof,x10,10,random_forest,449,49,3,1,0,0.23
development_oof,x10,10,random_forest,464,4,3,1,1,0.5366666666666666
development_oof,x10,10,random_forest,465,4,3,1,0,0.23
development_oof,x10,10,random_forest,469,8,3,0,0,0.29333333333333333
development_oof,x10,10,random_forest,480,367,3,0,0,0.45666666666666667
development_oof,x10,10,random_forest,481,4,3,1,0,0.18333333333333332
development_oof,x10,10,random_forest,482,366,3,0,0,0.19333333333333333
development_oof,x10,10,random_forest,493,84,3,1,0,0.49
development_oof,x10,10,random_forest,498,54,3,0,0,0.16333333333333333
development_oof,x10,10,random_forest,500,28,3,0,0,0.09333333333333334
development_oof,x10,10,random_forest,501,72,3,0,0,0.09
development_oof,x10,10,random_forest,512,361,3,0,0,0.22666666666666666
development_oof,x10,10,random_forest,515,150,3,0,0,0.36
development_oof,x10,10,random_forest,528,359,3,0,0,0.11666666666666667
development_oof,x10,10,random_forest,545,136,3,1,0,0.37
development_oof,x10,10,random_forest,582,44,3,0,0,0.29
development_oof,x10,10,random_forest,588,344,3,0,0,0.15666666666666668
development_oof,x10,10,random_forest,599,340,3,0,0,0.22333333333333333
development_oof,x10,10,random_forest,602,338,3,0,0,0.47333333333333333
development_oof,x10,10,random_forest,621,57,3,0,0,0.15
development_oof,x10,10,random_forest,623,150,3,0,0,0.06
development_oof,x10,10,random_forest,627,335,3,0,0,0.37333333333333335
development_oof,x10,10,random_forest,632,77,3,0,0,0.2866666666666667
development_oof,x10,10,random_forest,642,331,3,0,0,0.15333333333333332
development_oof,x10,10,random_forest,649,89,3,0,0,0.4066666666666667
development_oof,x10,10,random_forest,650,88,3,0,0,0.41333333333333333
development_oof,x10,10,random_forest,652,328,3,0,0,0.22
development_oof,x10,10,random_forest,656,326,3,0,1,0.6533333333333333
development_oof,x10,10,random_forest,657,4,3,1,0,0.15666666666666668
development_oof,x10,10,random_forest,666,44,3,0,0,0.33
development_oof,x10,10,random_forest,674,4,3,0,0,0.17666666666666667
development_oof,x10,10,random_forest,683,142,3,0,0,0.25
development_oof,x10,10,random_forest,691,142,3,0,0,0.13
development_oof,x10,10,random_forest,696,89,3,0,0,0.20333333333333334
development_oof,x10,10,random_forest,700,49,3,0,0,0.13
development_oof,x10,10,random_forest,703,141,3,0,0,0.27
development_oof,x10,10,random_forest,709,88,3,0,0,0.27666666666666667
development_oof,x10,10,random_forest,715,4,3,1,1,0.5766666666666667
development_oof,x10,10,random_forest,718,308,3,0,0,0.16333333333333333
development_oof,x10,10,random_forest,724,10,3,0,0,0.20666666666666667
development_oof,x10,10,random_forest,738,136,3,1,0,0.4033333333333333
development_oof,x10,10,random_forest,739,10,3,0,0,0.18666666666666668
development_oof,x10,10,random_forest,740,44,3,0,0,0.37666666666666665
development_oof,x10,10,random_forest,746,304,3,1,0,0.21666666666666667
development_oof,x10,10,random_forest,747,51,3,0,0,0.25
development_oof,x10,10,random_forest,761,44,3,0,0,0.21666666666666667
development_oof,x10,10,random_forest,772,10,3,0,0,0.12
development_oof,x10,10,random_forest,773,58,3,1,0,0.2633333333333333
development_oof,x10,10,random_forest,778,84,3,1,0,0.28
development_oof,x10,10,random_forest,788,295,3,1,0,0.14333333333333334
development_oof,x10,10,random_forest,803,289,3,0,0,0.38666666666666666
development_oof,x10,10,random_forest,804,51,3,0,0,0.15
development_oof,x10,10,random_forest,814,88,3,0,0,0.24666666666666667
development_oof,x10,10,random_forest,831,281,3,0,0,0.043333333333333335
development_oof,x10,10,random_forest,842,277,3,0,0,0.23666666666666666
development_oof,x10,10,random_forest,846,275,3,1,0,0.29
development_oof,x10,10,random_forest,859,267,3,0,0,0.08666666666666667
development_oof,x10,10,random_forest,870,260,3,0,0,0.2833333333333333
development_oof,x10,10,random_forest,893,253,3,0,0,0.04666666666666667
development_oof,x10,10,random_forest,899,123,3,1,1,0.9133333333333333
development_oof,x10,10,random_forest,904,52,3,1,1,0.8466666666666667
development_oof,x10,10,random_forest,922,240,3,0,0,0.09
development_oof,x10,10,random_forest,926,238,3,1,0,0.44666666666666666
development_oof,x10,10,random_forest,944,58,3,1,0,0.37
development_oof,x10,10,random_forest,949,224,3,0,0,0.10666666666666667
development_oof,x10,10,random_forest,954,4,3,1,1,0.6633333333333333
development_oof,x10,10,random_forest,961,219,3,0,0,0.18
development_oof,x10,10,random_forest,966,215,3,0,0,0.11666666666666667
development_oof,x10,10,random_forest,977,57,3,0,0,0.20666666666666667
development_oof,x10,10,random_forest,982,77,3,0,0,0.3933333333333333
development_oof,x10,10,random_forest,1001,107,3,0,0,0.3233333333333333
development_oof,x10,10,random_forest,1024,4,3,1,0,0.18666666666666668
development_oof,x10,10,random_forest,1029,183,3,0,0,0.2833333333333333
development_oof,x10,10,random_forest,1033,179,3,0,0,0.13
development_oof,x10,10,random_forest,6,61,4,0,0,0.08434117607946592
development_oof,x10,10,random_forest,16,93,4,1,1,0.8430586906892323
development_oof,x10,10,random_forest,23,11,4,0,0,0.3812375438153204
development_oof,x10,10,random_forest,26,11,4,0,0,0.2733249555945963
development_oof,x10,10,random_forest,34,23,4,0,0,0.24838771998072895
development_oof,x10,10,random_forest,36,80,4,0,0,0.16851637641863917
development_oof,x10,10,random_forest,49,11,4,0,0,0.20023399365918004
development_oof,x10,10,random_forest,57,61,4,0,0,0.08762415768712503
development_oof,x10,10,random_forest,58,11,4,0,0,0.22717442747144886
development_oof,x10,10,random_forest,59,11,4,0,0,0.2819950753129007
development_oof,x10,10,random_forest,67,446,4,0,0,0.22947697617532076
development_oof,x10,10,random_forest,68,445,4,1,0,0.18715523258206052
development_oof,x10,10,random_forest,74,74,4,0,0,0.2905447757973751
development_oof,x10,10,random_forest,76,11,4,0,1,0.5650756922451109
development_oof,x10,10,random_forest,82,440,4,1,0,0.18923672175712364
development_oof,x10,10,random_forest,90,9,4,1,1,0.8979238928127876
development_oof,x10,10,random_forest,91,74,4,1,1,0.6120552790594188
development_oof,x10,10,random_forest,95,161,4,0,0,0.35170515531926366
development_oof,x10,10,random_forest,112,9,4,1,1,0.9620721688138874
development_oof,x10,10,random_forest,117,433,4,0,0,0.300259693617302
development_oof,x10,10,random_forest,123,9,4,1,1,0.9637317676311109
development_oof,x10,10,random_forest,134,15,4,0,0,0.275039856547271
development_oof,x10,10,random_forest,145,430,4,0,1,0.5115962027557944
development_oof,x10,10,random_forest,156,9,4,1,1,0.9727328309619577
development_oof,x10,10,random_forest,166,425,4,0,0,0.44910373444295665
development_oof,x10,10,random_forest,169,9,4,1,1,0.939259042116895
development_oof,x10,10,random_forest,175,38,4,1,1,0.8532017981630546
development_oof,x10,10,random_forest,179,11,4,0,0,0.30503602952829517
development_oof,x10,10,random_forest,181,9,4,1,1,0.96073119974177
development_oof,x10,10,random_forest,187,9,4,1,1,0.954776325786395
development_oof,x10,10,random_forest,191,169,4,0,0,0.35706353512650657
development_oof,x10,10,random_forest,193,9,4,1,1,0.9636040849906243
development_oof,x10,10,random_forest,201,9,4,1,1,0.9561367241598778
development_oof,x10,10,random_forest,206,125,4,1,0,0.10844393839942056
development_oof,x10,10,random_forest,212,419,4,0,0,0.26929535198836113
development_oof,x10,10,random_forest,215,61,4,0,0,0.31134923055652886
development_oof,x10,10,random_forest,221,9,4,1,1,0.9563871227599846
development_oof,x10,10,random_forest,223,68,4,0,0,0.2468201513661185
development_oof,x10,10,random_forest,227,38,4,1,1,0.8449022517199437
development_oof,x10,10,random_forest,231,417,4,0,0,0.17872444772826215
development_oof,x10,10,random_forest,237,117,4,0,0,0.2273400626448002
development_oof,x10,10,random_forest,241,23,4,0,0,0.24838771998072895
development_oof,x10,10,random_forest,257,80,4,0,0,0.44845571405317647
development_oof,x10,10,random_forest,284,38,4,1,1,0.9248516447664215
development_oof,x10,10,random_forest,318,127,4,1,0,0.18469423825581585
development_oof,x10,10,random_forest,320,38,4,1,1,0.857786173858452
development_oof,x10,10,random_forest,322,15,4,0,0,0.1729163948756176
development_oof,x10,10,random_forest,324,74,4,1,0,0.3534908137082834
development_oof,x10,10,random_forest,330,76,4,1,0,0.49991940573361193
development_oof,x10,10,random_forest,332,38,4,1,1,0.9599695205759423
development_oof,x10,10,random_forest,337,15,4,0,0,0.2753356973584371
development_oof,x10,10,random_forest,339,11,4,0,1,0.5163833672603796
development_oof,x10,10,random_forest,344,23,4,1,0,0.3120397946604031
development_oof,x10,10,random_forest,355,15,4,0,0,0.46999255246116545
development_oof,x10,10,random_forest,358,389,4,0,0,0.4021128739610001
development_oof,x10,10,random_forest,359,23,4,0,0,0.23405989600934163
development_oof,x10,10,random_forest,365,388,4,0,0,0.15054079686991262
development_oof,x10,10,random_forest,368,387,4,0,0,0.1783921950661121
development_oof,x10,10,random_forest,371,161,4,0,0,0.13807977073610403
development_oof,x10,10,random_forest,381,76,4,0,0,0.20689920195776654
development_oof,x10,10,random_forest,388,155,4,0,0,0.41313617923213775
development_oof,x10,10,random_forest,390,381,4,0,0,0.35077973098019616
development_oof,x10,10,random_forest,395,74,4,1,0,0.2741354377736464
development_oof,x10,10,random_forest,397,11,4,0,0,0.3335068132808996
development_oof,x10,10,random_forest,399,86,4,0,0,0.28238441284352234
development_oof,x10,10,random_forest,422,159,4,0,0,0.22785221137713937
development_oof,x10,10,random_forest,425,23,4,0,0,0.1369218324808389
development_oof,x10,10,random_forest,453,138,4,0,0,0.34419634707800545
development_oof,x10,10,random_forest,455,93,4,1,1,0.8157632451200223
development_oof,x10,10,random_forest,462,15,4,0,0,0.23577442482007982
development_oof,x10,10,random_forest,468,370,4,0,0,0.14210226842011642
development_oof,x10,10,random_forest,494,94,4,0,0,0.17524591989170166
development_oof,x10,10,random_forest,499,15,4,0,0,0.4147055035989316
development_oof,x10,10,random_forest,503,93,4,1,1,0.8301482859551893
development_oof,x10,10,random_forest,505,81,4,1,0,0.41333471806956396
development_oof,x10,10,random_forest,514,360,4,1,1,0.5601268509661332
development_oof,x10,10,random_forest,516,155,4,0,0,0.38068026149533285
development_oof,x10,10,random_forest,525,15,4,0,0,0.26910317768458
development_oof,x10,10,random_forest,530,358,4,1,0,0.19760181616840777
development_oof,x10,10,random_forest,558,48,4,0,1,0.5654555129865227
development_oof,x10,10,random_forest,593,90,4,0,0,0.04898677394253052
development_oof,x10,10,random_forest,598,90,4,0,0,0.24685642586501164
development_oof,x10,10,random_forest,606,337,4,0,0,0.2653030158972507
development_oof,x10,10,random_forest,619,336,4,0,0,0.1806349739282293
development_oof,x10,10,random_forest,620,68,4,0,0,0.17605884234728436
development_oof,x10,10,random_forest,635,68,4,1,0,0.3390157385648699
development_oof,x10,10,random_forest,661,90,4,0,0,0.1338666488724717
development_oof,x10,10,random_forest,690,315,4,0,0,0.14611187049320318
development_oof,x10,10,random_forest,704,313,4,0,0,0.30350449868862406
development_oof,x10,10,random_forest,708,310,4,0,0,0.3567311687477634
development_oof,x10,10,random_forest,717,140,4,0,0,0.44961054732535766
development_oof,x10,10,random_forest,733,138,4,0,0,0.3050139092474703
development_oof,x10,10,random_forest,748,64,4,0,1,0.563731639114986
development_oof,x10,10,random_forest,749,11,4,0,0,0.16506996838855256
development_oof,x10,10,random_forest,750,86,4,0,0,0.24994779795359184
development_oof,x10,10,random_forest,762,302,4,0,0,0.2967168887518544
development_oof,x10,10,random_forest,768,300,4,0,1,0.9128420899365723
development_oof,x10,10,random_forest,775,134,4,0,1,0.9410435982599038
development_oof,x10,10,random_forest,776,298,4,0,0,0.13125915162314108
development_oof,x10,10,random_forest,818,283,4,0,0,0.15852357531338332
development_oof,x10,10,random_forest,832,280,4,1,0,0.46286248878116576
development_oof,x10,10,random_forest,845,11,4,0,0,0.10501753454290223
development_oof,x10,10,random_forest,856,269,4,0,0,0.23040870736746386
development_oof,x10,10,random_forest,858,61,4,0,0,0.307591810542206
development_oof,x10,10,random_forest,863,81,4,1,1,0.5999658755176116
development_oof,x10,10,random_forest,868,261,4,0,0,0.17015113957365838
development_oof,x10,10,random_forest,869,80,4,0,0,0.36891560395554934
development_oof,x10,10,random_forest,889,127,4,0,0,0.2162842184086357
development_oof,x10,10,random_forest,891,125,4,0,0,0.2417467672955345
development_oof,x10,10,random_forest,897,250,4,0,0,0.2717987267936655
development_oof,x10,10,random_forest,909,245,4,0,0,0.24101816120933062
development_oof,x10,10,random_forest,920,241,4,0,0,0.19393721169224187
development_oof,x10,10,random_forest,923,23,4,0,0,0.20017861807679638
development_oof,x10,10,random_forest,933,232,4,0,1,0.5342577340884916
development_oof,x10,10,random_forest,947,226,4,0,0,0.12172084311305793
development_oof,x10,10,random_forest,959,117,4,0,0,0.2175527571832175
development_oof,x10,10,random_forest,968,214,4,1,1,0.60890653682938
development_oof,x10,10,random_forest,983,205,4,1,0,0.35825804142332535
development_oof,x10,10,random_forest,984,204,4,1,0,0.435044249909162
development_oof,x10,10,random_forest,996,199,4,0,0,0.3759075634757114
development_oof,x10,10,random_forest,998,198,4,0,0,0.3288671617688229
development_oof,x10,10,random_forest,1008,76,4,0,0,0.14818186241546039
development_oof,x10,10,random_forest,1015,191,4,1,0,0.3312413380880643
development_oof,x10,10,random_forest,1020,188,4,0,0,0.35112550527743863
development_oof,x10,10,random_forest,3,108,5,0,0,0.07666666666666666
development_oof,x10,10,random_forest,9,29,5,1,1,0.73
development_oof,x10,10,random_forest,22,456,5,0,0,0.26
development_oof,x10,10,random_forest,29,453,5,0,0,0.11333333333333333
development_oof,x10,10,random_forest,35,108,5,0,0,0.08
development_oof,x10,10,random_forest,41,451,5,0,0,0.14666666666666667
development_oof,x10,10,random_forest,43,6,5,0,0,0.13
development_oof,x10,10,random_forest,50,40,5,1,1,0.97
development_oof,x10,10,random_forest,51,75,5,1,0,0.32666666666666666
development_oof,x10,10,random_forest,69,444,5,0,0,0.05333333333333334
development_oof,x10,10,random_forest,75,108,5,0,0,0.3
development_oof,x10,10,random_forest,81,441,5,0,0,0.22666666666666666
development_oof,x10,10,random_forest,103,14,5,1,0,0.29
development_oof,x10,10,random_forest,110,41,5,0,0,0.21
development_oof,x10,10,random_forest,121,14,5,1,0,0.3466666666666667
development_oof,x10,10,random_forest,124,5,5,0,0,0.023333333333333334
development_oof,x10,10,random_forest,130,171,5,0,0,0.31333333333333335
development_oof,x10,10,random_forest,133,432,5,1,1,0.7566666666666667
development_oof,x10,10,random_forest,140,40,5,0,0,0.4866666666666667
development_oof,x10,10,random_forest,144,41,5,0,0,0.08333333333333333
development_oof,x10,10,random_forest,151,14,5,1,0,0.32
development_oof,x10,10,random_forest,152,429,5,0,0,0.13666666666666666
development_oof,x10,10,random_forest,153,41,5,0,0,0.32666666666666666
development_oof,x10,10,random_forest,155,41,5,0,0,0.13333333333333333
development_oof,x10,10,random_forest,158,428,5,0,0,0.14333333333333334
development_oof,x10,10,random_forest,171,41,5,1,0,0.41333333333333333
development_oof,x10,10,random_forest,177,40,5,1,1,0.6333333333333333
development_oof,x10,10,random_forest,202,421,5,0,0,0.07
development_oof,x10,10,random_forest,205,41,5,0,0,0.2866666666666667
development_oof,x10,10,random_forest,230,121,5,1,1,0.57
development_oof,x10,10,random_forest,232,6,5,0,0,0.043333333333333335
development_oof,x10,10,random_forest,234,29,5,1,1,0.6133333333333333
development_oof,x10,10,random_forest,238,415,5,0,0,0.03666666666666667
development_oof,x10,10,random_forest,254,411,5,1,0,0.31333333333333335
development_oof,x10,10,random_forest,263,120,5,1,1,0.6633333333333333
development_oof,x10,10,random_forest,265,75,5,0,0,0.2966666666666667
development_oof,x10,10,random_forest,274,29,5,1,1,0.5966666666666667
development_oof,x10,10,random_forest,280,14,5,1,0,0.19
development_oof,x10,10,random_forest,289,6,5,0,0,0.19666666666666666
development_oof,x10,10,random_forest,292,14,5,1,0,0.2833333333333333
development_oof,x10,10,random_forest,293,39,5,1,1,0.5033333333333333
development_oof,x10,10,random_forest,295,14,5,1,0,0.4166666666666667
development_oof,x10,10,random_forest,299,29,5,1,1,0.7533333333333333
development_oof,x10,10,random_forest,310,401,5,0,0,0.26
development_oof,x10,10,random_forest,319,163,5,0,0,0.08666666666666667
development_oof,x10,10,random_forest,329,29,5,1,1,0.7866666666666666
development_oof,x10,10,random_forest,340,393,5,0,0,0.08333333333333333
development_oof,x10,10,random_forest,354,391,5,1,1,0.5166666666666667
development_oof,x10,10,random_forest,357,37,5,1,1,0.7433333333333333
development_oof,x10,10,random_forest,360,162,5,0,0,0.31666666666666665
development_oof,x10,10,random_forest,374,14,5,1,0,0.19666666666666666
development_oof,x10,10,random_forest,375,14,5,1,0,0.32
development_oof,x10,10,random_forest,389,382,5,0,0,0.18666666666666668
development_oof,x10,10,random_forest,391,5,5,0,0,0.43333333333333335
development_oof,x10,10,random_forest,398,99,5,1,1,0.9533333333333334
development_oof,x10,10,random_forest,411,6,5,0,0,0.09333333333333334
development_oof,x10,10,random_forest,420,5,5,1,0,0.08
development_oof,x10,10,random_forest,427,6,5,0,0,0.16333333333333333
development_oof,x10,10,random_forest,435,374,5,0,0,0.07
development_oof,x10,10,random_forest,443,372,5,0,0,0.14
development_oof,x10,10,random_forest,457,14,5,1,0,0.23666666666666666
development_oof,x10,10,random_forest,460,5,5,0,0,0.13333333333333333
development_oof,x10,10,random_forest,467,6,5,0,0,0.2966666666666667
development_oof,x10,10,random_forest,475,5,5,0,0,0.08666666666666667
development_oof,x10,10,random_forest,478,6,5,0,0,0.18
development_oof,x10,10,random_forest,479,368,5,0,0,0.32666666666666666
development_oof,x10,10,random_forest,485,5,5,0,0,0.49666666666666665
development_oof,x10,10,random_forest,488,26,5,1,0,0.22333333333333333
development_oof,x10,10,random_forest,504,5,5,0,1,0.5233333333333333
development_oof,x10,10,random_forest,518,5,5,0,0,0.15
development_oof,x10,10,random_forest,521,26,5,0,0,0.09
development_oof,x10,10,random_forest,531,6,5,0,0,0.17
development_oof,x10,10,random_forest,532,26,5,0,0,0.27
development_oof,x10,10,random_forest,541,113,5,0,0,0.07333333333333333
development_oof,x10,10,random_forest,549,355,5,0,0,0.34
development_oof,x10,10,random_forest,552,6,5,0,0,0.15
development_oof,x10,10,random_forest,555,352,5,1,1,0.7566666666666667
development_oof,x10,10,random_forest,556,13,5,0,0,0.3233333333333333
development_oof,x10,10,random_forest,559,351,5,0,0,0.11333333333333333
development_oof,x10,10,random_forest,567,13,5,0,0,0.27
development_oof,x10,10,random_forest,569,5,5,0,0,0.10333333333333333
development_oof,x10,10,random_forest,578,26,5,0,0,0.11333333333333333
development_oof,x10,10,random_forest,590,152,5,0,0,0.12333333333333334
development_oof,x10,10,random_forest,603,40,5,1,1,0.59
development_oof,x10,10,random_forest,613,85,5,0,0,0.2833333333333333
development_oof,x10,10,random_forest,640,146,5,0,0,0.056666666666666664
development_oof,x10,10,random_forest,645,146,5,0,0,0.016666666666666666
development_oof,x10,10,random_forest,673,320,5,0,0,0.09
development_oof,x10,10,random_forest,679,6,5,0,0,0.05333333333333334
development_oof,x10,10,random_forest,688,143,5,0,0,0.10333333333333333
development_oof,x10,10,random_forest,710,75,5,1,0,0.16
development_oof,x10,10,random_forest,712,5,5,0,0,0.4
development_oof,x10,10,random_forest,713,139,5,0,0,0.30666666666666664
development_oof,x10,10,random_forest,721,139,5,1,0,0.16333333333333333
development_oof,x10,10,random_forest,727,32,5,0,1,0.5133333333333333
development_oof,x10,10,random_forest,735,132,5,0,0,0.26
development_oof,x10,10,random_forest,736,137,5,0,0,0.41
development_oof,x10,10,random_forest,737,85,5,1,0,0.13333333333333333
development_oof,x10,10,random_forest,743,13,5,0,0,0.24666666666666667
development_oof,x10,10,random_forest,753,85,5,0,0,0.11
development_oof,x10,10,random_forest,766,130,5,0,0,0.12666666666666668
development_oof,x10,10,random_forest,800,132,5,0,0,0.19333333333333333
development_oof,x10,10,random_forest,807,288,5,0,0,0.20666666666666667
development_oof,x10,10,random_forest,819,130,5,1,0,0.25
development_oof,x10,10,random_forest,853,272,5,0,0,0.4066666666666667
development_oof,x10,10,random_forest,860,266,5,0,0,0.19333333333333333
development_oof,x10,10,random_forest,866,262,5,0,0,0.16333333333333333
development_oof,x10,10,random_forest,892,26,5,0,0,0.11666666666666667
development_oof,x10,10,random_forest,894,252,5,1,0,0.07666666666666666
development_oof,x10,10,random_forest,900,249,5,0,0,0.22333333333333333
development_oof,x10,10,random_forest,903,248,5,0,0,0.17666666666666667
development_oof,x10,10,random_forest,913,121,5,1,1,0.5033333333333333
development_oof,x10,10,random_forest,924,239,5,0,0,0.35
development_oof,x10,10,random_forest,928,236,5,1,1,0.7933333333333333
development_oof,x10,10,random_forest,946,120,5,1,1,0.7666666666666667
development_oof,x10,10,random_forest,957,221,5,0,0,0.05
development_oof,x10,10,random_forest,963,217,5,0,0,0.14
development_oof,x10,10,random_forest,973,210,5,0,0,0.06
development_oof,x10,10,random_forest,986,113,5,0,0,0.056666666666666664
development_oof,x10,10,random_forest,997,6,5,0,0,0.24333333333333335
development_oof,x10,10,random_forest,999,5,5,0,1,0.54
development_oof,x10,10,random_forest,1005,196,5,0,0,0.26666666666666666
development_oof,x10,10,random_forest,1017,189,5,0,0,0.15
development_oof,x10,10,random_forest,1023,187,5,0,0,0.34
development_oof,x10,10,xgboost,5,31,1,1,1,0.9725531339645386
development_oof,x10,10,xgboost,33,452,1,0,0,0.06032760068774223
development_oof,x10,10,xgboost,53,447,1,0,0,0.14466844499111176
development_oof,x10,10,xgboost,64,34,1,1,1,0.5366451144218445
development_oof,x10,10,xgboost,73,176,1,0,1,0.6935606598854065
development_oof,x10,10,xgboost,78,443,1,1,1,0.93302983045578
development_oof,x10,10,xgboost,83,60,1,1,1,0.7618209719657898
development_oof,x10,10,xgboost,100,31,1,1,1,0.987857460975647
development_oof,x10,10,xgboost,105,437,1,1,1,0.5589486956596375
development_oof,x10,10,xgboost,113,435,1,0,0,0.10971247404813766
development_oof,x10,10,xgboost,116,434,1,0,0,0.28408345580101013
development_oof,x10,10,xgboost,119,0,1,0,0,0.09167233109474182
development_oof,x10,10,xgboost,139,20,1,1,1,0.6438074707984924
development_oof,x10,10,xgboost,142,0,1,0,0,0.16882210969924927
development_oof,x10,10,xgboost,157,0,1,0,0,0.031765230000019073
development_oof,x10,10,xgboost,162,426,1,0,0,0.04794446751475334
development_oof,x10,10,xgboost,170,60,1,1,0,0.37663841247558594
development_oof,x10,10,xgboost,182,31,1,1,1,0.9673901796340942
development_oof,x10,10,xgboost,195,31,1,1,1,0.9663727283477783
development_oof,x10,10,xgboost,203,34,1,1,0,0.4767802953720093
development_oof,x10,10,xgboost,208,31,1,1,1,0.962904155254364
development_oof,x10,10,xgboost,236,416,1,1,0,0.06283636391162872
development_oof,x10,10,xgboost,255,410,1,0,0,0.13943594694137573
development_oof,x10,10,xgboost,261,25,1,1,0,0.13333141803741455
development_oof,x10,10,xgboost,278,407,1,0,1,0.5334227085113525
development_oof,x10,10,xgboost,288,128,1,0,0,0.25150981545448303
development_oof,x10,10,xgboost,290,164,1,1,1,0.7026352286338806
development_oof,x10,10,xgboost,321,397,1,0,0,0.02493099682033062
development_oof,x10,10,xgboost,325,396,1,0,0,0.1964276134967804
development_oof,x10,10,xgboost,334,394,1,0,0,0.029106849804520607
development_oof,x10,10,xgboost,364,25,1,1,0,0.49079158902168274
development_oof,x10,10,xgboost,379,24,1,0,0,0.14052042365074158
development_oof,x10,10,xgboost,393,0,1,0,0,0.06655040383338928
development_oof,x10,10,xgboost,419,154,1,1,1,0.7359269857406616
development_oof,x10,10,xgboost,438,96,1,1,0,0.09085389226675034
development_oof,x10,10,xgboost,439,156,1,1,0,0.10973851382732391
development_oof,x10,10,xgboost,440,373,1,0,0,0.21098893880844116
development_oof,x10,10,xgboost,466,0,1,0,0,0.07185140997171402
development_oof,x10,10,xgboost,470,0,1,0,0,0.07625608891248703
development_oof,x10,10,xgboost,490,364,1,0,0,0.22338245809078217
development_oof,x10,10,xgboost,495,0,1,0,0,0.03685585409402847
development_oof,x10,10,xgboost,506,0,1,0,0,0.048521026968955994
development_oof,x10,10,xgboost,509,362,1,0,0,0.04364321008324623
development_oof,x10,10,xgboost,517,0,1,0,0,0.09566858410835266
development_oof,x10,10,xgboost,522,154,1,1,1,0.908298909664154
development_oof,x10,10,xgboost,524,0,1,0,0,0.22979037463665009
development_oof,x10,10,xgboost,527,0,1,0,0,0.2767094075679779
development_oof,x10,10,xgboost,529,0,1,0,0,0.03262734040617943
development_oof,x10,10,xgboost,544,63,1,1,0,0.05415189266204834
development_oof,x10,10,xgboost,548,34,1,0,0,0.22356362640857697
development_oof,x10,10,xgboost,553,0,1,0,0,0.03504348546266556
development_oof,x10,10,xgboost,554,148,1,0,0,0.24701856076717377
development_oof,x10,10,xgboost,560,0,1,0,0,0.04832704737782478
development_oof,x10,10,xgboost,561,70,1,0,0,0.021458879113197327
development_oof,x10,10,xgboost,568,0,1,0,0,0.07572457939386368
development_oof,x10,10,xgboost,570,0,1,1,0,0.06571710854768753
development_oof,x10,10,xgboost,571,70,1,0,0,0.006871186196804047
development_oof,x10,10,xgboost,572,0,1,1,0,0.08871318399906158
development_oof,x10,10,xgboost,576,349,1,0,0,0.08685044199228287
development_oof,x10,10,xgboost,579,114,1,1,0,0.1607654094696045
development_oof,x10,10,xgboost,580,348,1,1,0,0.26891595125198364
development_oof,x10,10,xgboost,585,31,1,1,1,0.93072110414505
development_oof,x10,10,xgboost,592,0,1,1,0,0.2930423319339752
development_oof,x10,10,xgboost,594,34,1,0,0,0.19741113483905792
development_oof,x10,10,xgboost,600,151,1,0,0,0.1429729461669922
development_oof,x10,10,xgboost,604,0,1,0,0,0.0469752699136734
development_oof,x10,10,xgboost,605,0,1,0,0,0.43511590361595154
development_oof,x10,10,xgboost,608,0,1,0,0,0.03932346776127815
development_oof,x10,10,xgboost,611,0,1,0,0,0.019970588386058807
development_oof,x10,10,xgboost,612,87,1,0,0,0.05052325129508972
development_oof,x10,10,xgboost,615,0,1,0,0,0.2568078637123108
development_oof,x10,10,xgboost,622,34,1,0,0,0.09458450973033905
development_oof,x10,10,xgboost,624,149,1,1,0,0.25188925862312317
development_oof,x10,10,xgboost,625,148,1,0,0,0.20371732115745544
development_oof,x10,10,xgboost,630,67,1,0,0,0.16745562851428986
development_oof,x10,10,xgboost,633,0,1,0,0,0.038754068315029144
development_oof,x10,10,xgboost,646,0,1,0,0,0.20135842263698578
development_oof,x10,10,xgboost,647,0,1,0,0,0.034986745566129684
development_oof,x10,10,xgboost,651,67,1,0,0,0.1414317488670349
development_oof,x10,10,xgboost,662,0,1,0,0,0.07763274759054184
development_oof,x10,10,xgboost,667,0,1,0,0,0.02261839248239994
development_oof,x10,10,xgboost,678,20,1,1,0,0.3509915769100189
development_oof,x10,10,xgboost,680,145,1,0,0,0.29207542538642883
development_oof,x10,10,xgboost,686,144,1,1,0,0.3526272177696228
development_oof,x10,10,xgboost,692,0,1,0,0,0.05743430182337761
development_oof,x10,10,xgboost,693,0,1,0,0,0.17836135625839233
development_oof,x10,10,xgboost,698,314,1,0,0,0.17387230694293976
development_oof,x10,10,xgboost,699,0,1,0,0,0.0852084830403328
development_oof,x10,10,xgboost,701,0,1,1,0,0.056368470191955566
development_oof,x10,10,xgboost,706,0,1,0,0,0.18071424961090088
development_oof,x10,10,xgboost,716,309,1,0,0,0.23016585409641266
development_oof,x10,10,xgboost,723,25,1,0,0,0.17345595359802246
development_oof,x10,10,xgboost,726,31,1,1,1,0.9759023785591125
development_oof,x10,10,xgboost,729,0,1,0,0,0.03995025157928467
development_oof,x10,10,xgboost,731,60,1,0,0,0.12222901731729507
development_oof,x10,10,xgboost,741,306,1,0,0,0.05540606752038002
development_oof,x10,10,xgboost,742,305,1,0,0,0.29752305150032043
development_oof,x10,10,xgboost,744,87,1,0,0,0.03952817991375923
development_oof,x10,10,xgboost,745,0,1,0,0,0.012050526216626167
development_oof,x10,10,xgboost,756,303,1,0,0,0.06301838904619217
development_oof,x10,10,xgboost,767,63,1,1,0,0.08003587275743484
development_oof,x10,10,xgboost,780,133,1,0,0,0.07317322492599487
development_oof,x10,10,xgboost,791,294,1,0,0,0.06212250888347626
development_oof,x10,10,xgboost,794,0,1,0,0,0.050220321863889694
development_oof,x10,10,xgboost,798,291,1,0,0,0.0946805402636528
development_oof,x10,10,xgboost,805,63,1,1,0,0.1276187300682068
development_oof,x10,10,xgboost,809,287,1,0,0,0.3580675721168518
development_oof,x10,10,xgboost,811,20,1,1,0,0.3124144673347473
development_oof,x10,10,xgboost,821,282,1,0,0,0.25528383255004883
development_oof,x10,10,xgboost,827,129,1,0,0,0.05273359641432762
development_oof,x10,10,xgboost,836,279,1,1,0,0.04384160041809082
development_oof,x10,10,xgboost,847,274,1,0,0,0.11330687999725342
development_oof,x10,10,xgboost,867,60,1,0,0,0.3547722101211548
development_oof,x10,10,xgboost,907,246,1,0,0,0.04288531094789505
development_oof,x10,10,xgboost,915,25,1,1,0,0.11816658079624176
development_oof,x10,10,xgboost,916,244,1,0,0,0.08615005016326904
development_oof,x10,10,xgboost,927,237,1,0,1,0.6688526272773743
development_oof,x10,10,xgboost,929,67,1,0,0,0.18285667896270752
development_oof,x10,10,xgboost,930,235,1,1,1,0.6612851023674011
development_oof,x10,10,xgboost,931,234,1,0,0,0.03854592517018318
development_oof,x10,10,xgboost,945,227,1,0,0,0.06822920590639114
development_oof,x10,10,xgboost,962,218,1,0,0,0.08634001016616821
development_oof,x10,10,xgboost,978,208,1,0,0,0.022045588120818138
development_oof,x10,10,xgboost,979,114,1,0,0,0.17591777443885803
development_oof,x10,10,xgboost,991,0,1,0,0,0.032987985759973526
development_oof,x10,10,xgboost,1025,63,1,1,0,0.06510912626981735
development_oof,x10,10,xgboost,1028,184,1,0,0,0.15035675466060638
development_oof,x10,10,xgboost,13,109,2,1,1,0.9274965524673462
development_oof,x10,10,xgboost,15,458,2,1,1,0.9267253875732422
development_oof,x10,10,xgboost,25,12,2,1,0,0.1098911315202713
development_oof,x10,10,xgboost,28,454,2,1,0,0.14405450224876404
development_oof,x10,10,xgboost,52,448,2,0,0,0.1386404037475586
development_oof,x10,10,xgboost,54,1,2,0,0,0.19409020245075226
development_oof,x10,10,xgboost,61,1,2,0,0,0.14832137525081635
development_oof,x10,10,xgboost,70,166,2,0,0,0.1793976128101349
development_oof,x10,10,xgboost,72,12,2,1,0,0.12831759452819824
development_oof,x10,10,xgboost,79,175,2,1,0,0.32760176062583923
development_oof,x10,10,xgboost,85,17,2,1,1,0.9127553701400757
development_oof,x10,10,xgboost,87,439,2,0,0,0.10957776010036469
development_oof,x10,10,xgboost,88,12,2,0,0,0.1098911315202713
development_oof,x10,10,xgboost,108,436,2,0,0,0.12283938378095627
development_oof,x10,10,xgboost,114,173,2,0,0,0.09929582476615906
development_oof,x10,10,xgboost,115,2,2,1,0,0.1237693727016449
development_oof,x10,10,xgboost,118,172,2,0,0,0.1343228816986084
development_oof,x10,10,xgboost,131,170,2,1,1,0.5882483720779419
development_oof,x10,10,xgboost,165,17,2,1,1,0.9162546396255493
development_oof,x10,10,xgboost,188,1,2,0,0,0.1550629585981369
development_oof,x10,10,xgboost,199,1,2,0,0,0.21785672008991241
development_oof,x10,10,xgboost,207,1,2,0,0,0.119310162961483
development_oof,x10,10,xgboost,216,167,2,1,0,0.14815488457679749
development_oof,x10,10,xgboost,219,418,2,0,0,0.18576976656913757
development_oof,x10,10,xgboost,222,1,2,0,0,0.10407216846942902
development_oof,x10,10,xgboost,224,1,2,0,0,0.11700457334518433
development_oof,x10,10,xgboost,233,17,2,1,1,0.9033740162849426
development_oof,x10,10,xgboost,240,167,2,1,0,0.1406068354845047
development_oof,x10,10,xgboost,249,124,2,0,0,0.21622727811336517
development_oof,x10,10,xgboost,250,166,2,0,0,0.26612773537635803
development_oof,x10,10,xgboost,259,409,2,0,0,0.2128489464521408
development_oof,x10,10,xgboost,267,408,2,0,0,0.10800497233867645
development_oof,x10,10,xgboost,270,12,2,1,0,0.12831759452819824
development_oof,x10,10,xgboost,276,17,2,1,1,0.7734712958335876
development_oof,x10,10,xgboost,294,122,2,0,0,0.11181051284074783
development_oof,x10,10,xgboost,296,1,2,0,0,0.2554817795753479
development_oof,x10,10,xgboost,301,403,2,0,0,0.08786188066005707
development_oof,x10,10,xgboost,305,402,2,0,0,0.1529577076435089
development_oof,x10,10,xgboost,306,101,2,1,0,0.14990688860416412
development_oof,x10,10,xgboost,307,12,2,1,0,0.14964303374290466
development_oof,x10,10,xgboost,312,399,2,0,1,0.6889558434486389
development_oof,x10,10,xgboost,338,17,2,1,1,0.9241306185722351
development_oof,x10,10,xgboost,343,17,2,1,1,0.9241178035736084
development_oof,x10,10,xgboost,345,73,2,0,1,0.808000922203064
development_oof,x10,10,xgboost,346,12,2,1,0,0.15912331640720367
development_oof,x10,10,xgboost,347,17,2,1,1,0.926254153251648
development_oof,x10,10,xgboost,350,12,2,0,0,0.19475965201854706
development_oof,x10,10,xgboost,369,1,2,0,0,0.1514391005039215
development_oof,x10,10,xgboost,372,17,2,1,1,0.9216196537017822
development_oof,x10,10,xgboost,382,384,2,0,0,0.14186057448387146
development_oof,x10,10,xgboost,383,12,2,1,0,0.12354577332735062
development_oof,x10,10,xgboost,384,69,2,0,0,0.10427381098270416
development_oof,x10,10,xgboost,406,78,2,0,0,0.1024433895945549
development_oof,x10,10,xgboost,407,160,2,0,0,0.18342196941375732
development_oof,x10,10,xgboost,413,62,2,1,0,0.16543158888816833
development_oof,x10,10,xgboost,415,12,2,1,0,0.10316810011863708
development_oof,x10,10,xgboost,426,377,2,0,1,0.690919041633606
development_oof,x10,10,xgboost,434,97,2,1,1,0.9241178035736084
development_oof,x10,10,xgboost,447,1,2,0,0,0.21728798747062683
development_oof,x10,10,xgboost,452,73,2,1,1,0.808000922203064
development_oof,x10,10,xgboost,456,78,2,0,0,0.09379537403583527
development_oof,x10,10,xgboost,463,1,2,0,0,0.19534988701343536
development_oof,x10,10,xgboost,472,1,2,1,0,0.2729523479938507
development_oof,x10,10,xgboost,474,1,2,0,0,0.20775189995765686
development_oof,x10,10,xgboost,513,92,2,0,0,0.10872869193553925
development_oof,x10,10,xgboost,523,2,2,1,0,0.11237049102783203
development_oof,x10,10,xgboost,540,356,2,0,0,0.3146372139453888
development_oof,x10,10,xgboost,557,66,2,0,0,0.31163710355758667
development_oof,x10,10,xgboost,573,350,2,0,0,0.30837032198905945
development_oof,x10,10,xgboost,574,1,2,0,0,0.26456913352012634
development_oof,x10,10,xgboost,583,69,2,0,0,0.0884389579296112
development_oof,x10,10,xgboost,587,345,2,0,0,0.4691181182861328
development_oof,x10,10,xgboost,591,343,2,0,0,0.39219552278518677
development_oof,x10,10,xgboost,617,1,2,0,0,0.1847103387117386
development_oof,x10,10,xgboost,626,1,2,0,0,0.172153040766716
development_oof,x10,10,xgboost,631,92,2,0,0,0.2535437047481537
development_oof,x10,10,xgboost,634,17,2,1,1,0.9210853576660156
development_oof,x10,10,xgboost,636,334,2,1,0,0.3281500041484833
development_oof,x10,10,xgboost,638,333,2,0,0,0.21680982410907745
development_oof,x10,10,xgboost,641,66,2,0,0,0.10287521779537201
development_oof,x10,10,xgboost,658,325,2,0,0,0.23451381921768188
development_oof,x10,10,xgboost,664,116,2,0,0,0.17544932663440704
development_oof,x10,10,xgboost,670,322,2,0,1,0.6695786118507385
development_oof,x10,10,xgboost,681,318,2,0,0,0.19165460765361786
development_oof,x10,10,xgboost,685,33,2,0,0,0.12676045298576355
development_oof,x10,10,xgboost,689,1,2,0,0,0.1269332617521286
development_oof,x10,10,xgboost,694,33,2,0,0,0.08849155157804489
development_oof,x10,10,xgboost,707,311,2,0,0,0.15379221737384796
development_oof,x10,10,xgboost,734,12,2,1,0,0.1057722419500351
development_oof,x10,10,xgboost,760,1,2,0,0,0.3951494097709656
development_oof,x10,10,xgboost,771,43,2,0,0,0.3129701018333435
development_oof,x10,10,xgboost,774,299,2,0,0,0.10780825465917587
development_oof,x10,10,xgboost,779,43,2,0,0,0.4957145154476166
development_oof,x10,10,xgboost,782,43,2,0,0,0.30836227536201477
development_oof,x10,10,xgboost,790,62,2,1,0,0.46186670660972595
development_oof,x10,10,xgboost,797,43,2,0,0,0.35429635643959045
development_oof,x10,10,xgboost,808,33,2,0,0,0.11646091192960739
development_oof,x10,10,xgboost,810,286,2,0,0,0.09237870573997498
development_oof,x10,10,xgboost,812,285,2,0,0,0.35726165771484375
development_oof,x10,10,xgboost,813,33,2,0,0,0.11583349853754044
development_oof,x10,10,xgboost,816,284,2,0,0,0.365195095539093
development_oof,x10,10,xgboost,844,276,2,0,0,0.2353522628545761
development_oof,x10,10,xgboost,850,273,2,0,0,0.2566283941268921
development_oof,x10,10,xgboost,855,270,2,0,0,0.16504405438899994
development_oof,x10,10,xgboost,864,264,2,0,0,0.13502849638462067
development_oof,x10,10,xgboost,865,263,2,0,0,0.18640092015266418
development_oof,x10,10,xgboost,888,254,2,1,0,0.18308430910110474
development_oof,x10,10,xgboost,895,124,2,0,0,0.22516070306301117
development_oof,x10,10,xgboost,902,122,2,1,0,0.1109878271818161
development_oof,x10,10,xgboost,917,243,2,1,0,0.24709650874137878
development_oof,x10,10,xgboost,918,242,2,0,0,0.08862552791833878
development_oof,x10,10,xgboost,932,233,2,0,0,0.09164222329854965
development_oof,x10,10,xgboost,940,78,2,0,0,0.1332562267780304
development_oof,x10,10,xgboost,942,228,2,0,0,0.1516588181257248
development_oof,x10,10,xgboost,960,116,2,0,0,0.20907968282699585
development_oof,x10,10,xgboost,970,213,2,0,0,0.1666947603225708
development_oof,x10,10,xgboost,972,211,2,0,0,0.11675053089857101
development_oof,x10,10,xgboost,975,66,2,0,0,0.14347554743289948
development_oof,x10,10,xgboost,993,69,2,0,0,0.2747245728969574
development_oof,x10,10,xgboost,1002,197,2,0,0,0.2758275866508484
development_oof,x10,10,xgboost,1006,111,2,0,0,0.15008561313152313
development_oof,x10,10,xgboost,1026,186,2,1,0,0.1312490999698639
development_oof,x10,10,xgboost,1027,185,2,1,1,0.6305862665176392
development_oof,x10,10,xgboost,1032,180,2,0,0,0.23974895477294922
development_oof,x10,10,xgboost,1034,178,2,0,0,0.17334121465682983
development_oof,x10,10,xgboost,8,107,3,0,0,0.20267723500728607
development_oof,x10,10,xgboost,24,455,3,0,0,0.37110090255737305
development_oof,x10,10,xgboost,45,449,3,1,1,0.9450225830078125
development_oof,x10,10,xgboost,55,107,3,0,0,0.09707741439342499
development_oof,x10,10,xgboost,60,4,3,1,0,0.16804197430610657
development_oof,x10,10,xgboost,98,438,3,0,0,0.0904446691274643
development_oof,x10,10,xgboost,120,10,3,0,0,0.17495840787887573
development_oof,x10,10,xgboost,129,58,3,1,1,0.567801833152771
development_oof,x10,10,xgboost,136,57,3,0,0,0.20649367570877075
development_oof,x10,10,xgboost,150,55,3,1,1,0.936042308807373
development_oof,x10,10,xgboost,161,427,3,0,0,0.32179784774780273
development_oof,x10,10,xgboost,173,52,3,0,0,0.2831154763698578
development_oof,x10,10,xgboost,178,54,3,0,0,0.1671859174966812
development_oof,x10,10,xgboost,183,422,3,0,0,0.1385914832353592
development_oof,x10,10,xgboost,192,8,3,0,0,0.1664169728755951
development_oof,x10,10,xgboost,196,8,3,0,0,0.18656855821609497
development_oof,x10,10,xgboost,211,8,3,0,0,0.29895439743995667
development_oof,x10,10,xgboost,214,10,3,0,0,0.1760810911655426
development_oof,x10,10,xgboost,217,8,3,0,0,0.42140069603919983
development_oof,x10,10,xgboost,218,8,3,0,0,0.17893195152282715
development_oof,x10,10,xgboost,220,8,3,0,0,0.22819700837135315
development_oof,x10,10,xgboost,225,55,3,1,1,0.9450505375862122
development_oof,x10,10,xgboost,226,8,3,0,0,0.15253624320030212
development_oof,x10,10,xgboost,242,52,3,1,1,0.9246887564659119
development_oof,x10,10,xgboost,243,414,3,0,0,0.17258702218532562
development_oof,x10,10,xgboost,253,412,3,0,0,0.21149657666683197
development_oof,x10,10,xgboost,260,49,3,1,0,0.23405557870864868
development_oof,x10,10,xgboost,264,51,3,0,0,0.25852057337760925
development_oof,x10,10,xgboost,268,8,3,0,0,0.18656855821609497
development_oof,x10,10,xgboost,282,406,3,1,1,0.9651161432266235
development_oof,x10,10,xgboost,298,405,3,0,0,0.39750784635543823
development_oof,x10,10,xgboost,300,404,3,1,1,0.7671578526496887
development_oof,x10,10,xgboost,311,400,3,1,0,0.2336406260728836
development_oof,x10,10,xgboost,313,51,3,0,0,0.18758586049079895
development_oof,x10,10,xgboost,314,398,3,0,0,0.14469198882579803
development_oof,x10,10,xgboost,317,49,3,0,0,0.20452655851840973
development_oof,x10,10,xgboost,328,395,3,1,0,0.4962213337421417
development_oof,x10,10,xgboost,333,8,3,0,0,0.11704327911138535
development_oof,x10,10,xgboost,336,55,3,1,1,0.9252753257751465
development_oof,x10,10,xgboost,362,36,3,0,0,0.2575630247592926
development_oof,x10,10,xgboost,370,8,3,0,0,0.23486658930778503
development_oof,x10,10,xgboost,386,4,3,1,0,0.4647148549556732
development_oof,x10,10,xgboost,392,4,3,1,0,0.26931118965148926
development_oof,x10,10,xgboost,401,4,3,1,0,0.18066208064556122
development_oof,x10,10,xgboost,405,379,3,0,0,0.20976042747497559
development_oof,x10,10,xgboost,416,378,3,0,0,0.12740735709667206
development_oof,x10,10,xgboost,423,50,3,0,0,0.1871335506439209
development_oof,x10,10,xgboost,430,4,3,1,0,0.18062268197536469
development_oof,x10,10,xgboost,432,375,3,0,0,0.24215763807296753
development_oof,x10,10,xgboost,433,58,3,1,1,0.5790022015571594
development_oof,x10,10,xgboost,446,4,3,1,1,0.512039840221405
development_oof,x10,10,xgboost,449,49,3,1,0,0.2606264352798462
development_oof,x10,10,xgboost,464,4,3,1,0,0.36523571610450745
development_oof,x10,10,xgboost,465,4,3,1,0,0.29795289039611816
development_oof,x10,10,xgboost,469,8,3,0,0,0.19817756116390228
development_oof,x10,10,xgboost,480,367,3,0,0,0.3945496380329132
development_oof,x10,10,xgboost,481,4,3,1,0,0.17850583791732788
development_oof,x10,10,xgboost,482,366,3,0,0,0.14969733357429504
development_oof,x10,10,xgboost,493,84,3,1,0,0.45436787605285645
development_oof,x10,10,xgboost,498,54,3,0,0,0.31034594774246216
development_oof,x10,10,xgboost,500,28,3,0,0,0.07233895361423492
development_oof,x10,10,xgboost,501,72,3,0,0,0.11647035926580429
development_oof,x10,10,xgboost,512,361,3,0,0,0.29194942116737366
development_oof,x10,10,xgboost,515,150,3,0,0,0.3890685439109802
development_oof,x10,10,xgboost,528,359,3,0,0,0.08791640400886536
development_oof,x10,10,xgboost,545,136,3,1,0,0.27564698457717896
development_oof,x10,10,xgboost,582,44,3,0,0,0.33797478675842285
development_oof,x10,10,xgboost,588,344,3,0,0,0.17737343907356262
development_oof,x10,10,xgboost,599,340,3,0,0,0.11556389927864075
development_oof,x10,10,xgboost,602,338,3,0,0,0.3689822256565094
development_oof,x10,10,xgboost,621,57,3,0,0,0.2059335559606552
development_oof,x10,10,xgboost,623,150,3,0,0,0.15612615644931793
development_oof,x10,10,xgboost,627,335,3,0,0,0.3535832464694977
development_oof,x10,10,xgboost,632,77,3,0,0,0.282533198595047
development_oof,x10,10,xgboost,642,331,3,0,0,0.1349722445011139
development_oof,x10,10,xgboost,649,89,3,0,0,0.26380982995033264
development_oof,x10,10,xgboost,650,88,3,0,0,0.2286793738603592
development_oof,x10,10,xgboost,652,328,3,0,0,0.23356156051158905
development_oof,x10,10,xgboost,656,326,3,0,1,0.5768749117851257
development_oof,x10,10,xgboost,657,4,3,1,0,0.23013781011104584
development_oof,x10,10,xgboost,666,44,3,0,0,0.28610244393348694
development_oof,x10,10,xgboost,674,4,3,0,0,0.25187167525291443
development_oof,x10,10,xgboost,683,142,3,0,0,0.22330902516841888
development_oof,x10,10,xgboost,691,142,3,0,0,0.14176808297634125
development_oof,x10,10,xgboost,696,89,3,0,0,0.26900872588157654
development_oof,x10,10,xgboost,700,49,3,0,0,0.2085338532924652
development_oof,x10,10,xgboost,703,141,3,0,0,0.19342708587646484
development_oof,x10,10,xgboost,709,88,3,0,0,0.3348347842693329
development_oof,x10,10,xgboost,715,4,3,1,0,0.43256938457489014
development_oof,x10,10,xgboost,718,308,3,0,0,0.2028031051158905
development_oof,x10,10,xgboost,724,10,3,0,0,0.24455516040325165
development_oof,x10,10,xgboost,738,136,3,1,0,0.25259697437286377
development_oof,x10,10,xgboost,739,10,3,0,0,0.1261545568704605
development_oof,x10,10,xgboost,740,44,3,0,0,0.36244624853134155
development_oof,x10,10,xgboost,746,304,3,1,0,0.2399330735206604
development_oof,x10,10,xgboost,747,51,3,0,0,0.19432786107063293
development_oof,x10,10,xgboost,761,44,3,0,0,0.2971712648868561
development_oof,x10,10,xgboost,772,10,3,0,0,0.19577419757843018
development_oof,x10,10,xgboost,773,58,3,1,1,0.5601035952568054
development_oof,x10,10,xgboost,778,84,3,1,0,0.2603312134742737
development_oof,x10,10,xgboost,788,295,3,1,0,0.17177525162696838
development_oof,x10,10,xgboost,803,289,3,0,0,0.3177485167980194
development_oof,x10,10,xgboost,804,51,3,0,0,0.14021281898021698
development_oof,x10,10,xgboost,814,88,3,0,0,0.1545639932155609
development_oof,x10,10,xgboost,831,281,3,0,0,0.08633605390787125
development_oof,x10,10,xgboost,842,277,3,0,0,0.2435329109430313
development_oof,x10,10,xgboost,846,275,3,1,0,0.26326003670692444
development_oof,x10,10,xgboost,859,267,3,0,0,0.12601017951965332
development_oof,x10,10,xgboost,870,260,3,0,0,0.2823456823825836
development_oof,x10,10,xgboost,893,253,3,0,0,0.09763874113559723
development_oof,x10,10,xgboost,899,123,3,1,1,0.9165481328964233
development_oof,x10,10,xgboost,904,52,3,1,1,0.9319874048233032
development_oof,x10,10,xgboost,922,240,3,0,0,0.14188894629478455
development_oof,x10,10,xgboost,926,238,3,1,0,0.28565067052841187
development_oof,x10,10,xgboost,944,58,3,1,1,0.6783802509307861
development_oof,x10,10,xgboost,949,224,3,0,0,0.15468387305736542
development_oof,x10,10,xgboost,954,4,3,1,0,0.4052278995513916
development_oof,x10,10,xgboost,961,219,3,0,0,0.16829071938991547
development_oof,x10,10,xgboost,966,215,3,0,0,0.1671452820301056
development_oof,x10,10,xgboost,977,57,3,0,0,0.22727030515670776
development_oof,x10,10,xgboost,982,77,3,0,0,0.32726413011550903
development_oof,x10,10,xgboost,1001,107,3,0,0,0.32915356755256653
development_oof,x10,10,xgboost,1024,4,3,1,0,0.3003949820995331
development_oof,x10,10,xgboost,1029,183,3,0,0,0.40993988513946533
development_oof,x10,10,xgboost,1033,179,3,0,0,0.19822818040847778
development_oof,x10,10,xgboost,6,61,4,0,0,0.12648336589336395
development_oof,x10,10,xgboost,16,93,4,1,1,0.9523446559906006
development_oof,x10,10,xgboost,23,11,4,0,0,0.22791588306427002
development_oof,x10,10,xgboost,26,11,4,0,0,0.12405818700790405
development_oof,x10,10,xgboost,34,23,4,0,0,0.07357606291770935
development_oof,x10,10,xgboost,36,80,4,0,0,0.0828060507774353
development_oof,x10,10,xgboost,49,11,4,0,0,0.16056358814239502
development_oof,x10,10,xgboost,57,61,4,0,0,0.1280331313610077
development_oof,x10,10,xgboost,58,11,4,0,0,0.17468330264091492
development_oof,x10,10,xgboost,59,11,4,0,0,0.11637327075004578
development_oof,x10,10,xgboost,67,446,4,0,0,0.13102473318576813
development_oof,x10,10,xgboost,68,445,4,1,0,0.11704254895448685
development_oof,x10,10,xgboost,74,74,4,0,0,0.17724792659282684
development_oof,x10,10,xgboost,76,11,4,0,0,0.4055037498474121
development_oof,x10,10,xgboost,82,440,4,1,0,0.14583159983158112
development_oof,x10,10,xgboost,90,9,4,1,1,0.9528282880783081
development_oof,x10,10,xgboost,91,74,4,1,1,0.580649733543396
development_oof,x10,10,xgboost,95,161,4,0,0,0.20149295032024384
development_oof,x10,10,xgboost,112,9,4,1,1,0.9630856513977051
development_oof,x10,10,xgboost,117,433,4,0,0,0.15178731083869934
development_oof,x10,10,xgboost,123,9,4,1,1,0.966820478439331
development_oof,x10,10,xgboost,134,15,4,0,0,0.2429516464471817
development_oof,x10,10,xgboost,145,430,4,0,0,0.46911272406578064
development_oof,x10,10,xgboost,156,9,4,1,1,0.9651723504066467
development_oof,x10,10,xgboost,166,425,4,0,0,0.35798585414886475
development_oof,x10,10,xgboost,169,9,4,1,1,0.9535683989524841
development_oof,x10,10,xgboost,175,38,4,1,1,0.934033989906311
development_oof,x10,10,xgboost,179,11,4,0,0,0.11838597059249878
development_oof,x10,10,xgboost,181,9,4,1,1,0.9621946215629578
development_oof,x10,10,xgboost,187,9,4,1,1,0.9667853713035583
development_oof,x10,10,xgboost,191,169,4,0,0,0.30140936374664307
development_oof,x10,10,xgboost,193,9,4,1,1,0.9620680212974548
development_oof,x10,10,xgboost,201,9,4,1,1,0.966196596622467
development_oof,x10,10,xgboost,206,125,4,1,0,0.07729105651378632
development_oof,x10,10,xgboost,212,419,4,0,0,0.23810109496116638
development_oof,x10,10,xgboost,215,61,4,0,0,0.2897239327430725
development_oof,x10,10,xgboost,221,9,4,1,1,0.922218382358551
development_oof,x10,10,xgboost,223,68,4,0,0,0.1255318820476532
development_oof,x10,10,xgboost,227,38,4,1,1,0.9327709674835205
development_oof,x10,10,xgboost,231,417,4,0,0,0.090436652302742
development_oof,x10,10,xgboost,237,117,4,0,0,0.15727710723876953
development_oof,x10,10,xgboost,241,23,4,0,0,0.07357606291770935
development_oof,x10,10,xgboost,257,80,4,0,0,0.29457318782806396
development_oof,x10,10,xgboost,284,38,4,1,1,0.9593827724456787
development_oof,x10,10,xgboost,318,127,4,1,0,0.2661063075065613
development_oof,x10,10,xgboost,320,38,4,1,1,0.9403466582298279
development_oof,x10,10,xgboost,322,15,4,0,0,0.16896334290504456
development_oof,x10,10,xgboost,324,74,4,1,0,0.2650461792945862
development_oof,x10,10,xgboost,330,76,4,1,0,0.3115733563899994
development_oof,x10,10,xgboost,332,38,4,1,1,0.9595549702644348
development_oof,x10,10,xgboost,337,15,4,0,0,0.2586745321750641
development_oof,x10,10,xgboost,339,11,4,0,0,0.3160410523414612
development_oof,x10,10,xgboost,344,23,4,1,0,0.2430606335401535
development_oof,x10,10,xgboost,355,15,4,0,0,0.371981680393219
development_oof,x10,10,xgboost,358,389,4,0,0,0.36049795150756836
development_oof,x10,10,xgboost,359,23,4,0,0,0.07262591272592545
development_oof,x10,10,xgboost,365,388,4,0,0,0.15872931480407715
development_oof,x10,10,xgboost,368,387,4,0,0,0.14147627353668213
development_oof,x10,10,xgboost,371,161,4,0,0,0.07944720983505249
development_oof,x10,10,xgboost,381,76,4,0,0,0.1407202184200287
development_oof,x10,10,xgboost,388,155,4,0,0,0.2766493260860443
development_oof,x10,10,xgboost,390,381,4,0,0,0.2513769865036011
development_oof,x10,10,xgboost,395,74,4,1,0,0.15167351067066193
development_oof,x10,10,xgboost,397,11,4,0,0,0.370268851518631
development_oof,x10,10,xgboost,399,86,4,0,0,0.21429051458835602
development_oof,x10,10,xgboost,422,159,4,0,0,0.2015744149684906
development_oof,x10,10,xgboost,425,23,4,0,0,0.07669465243816376
development_oof,x10,10,xgboost,453,138,4,0,0,0.2303779423236847
development_oof,x10,10,xgboost,455,93,4,1,1,0.9311292767524719
development_oof,x10,10,xgboost,462,15,4,0,0,0.2284925878047943
development_oof,x10,10,xgboost,468,370,4,0,0,0.1404852420091629
development_oof,x10,10,xgboost,494,94,4,0,0,0.14726519584655762
development_oof,x10,10,xgboost,499,15,4,0,0,0.39889949560165405
development_oof,x10,10,xgboost,503,93,4,1,1,0.947850227355957
development_oof,x10,10,xgboost,505,81,4,1,0,0.3414081931114197
development_oof,x10,10,xgboost,514,360,4,1,0,0.4200788736343384
development_oof,x10,10,xgboost,516,155,4,0,0,0.15399819612503052
development_oof,x10,10,xgboost,525,15,4,0,0,0.1657567024230957
development_oof,x10,10,xgboost,530,358,4,1,0,0.13983413577079773
development_oof,x10,10,xgboost,558,48,4,0,1,0.6483430862426758
development_oof,x10,10,xgboost,593,90,4,0,0,0.0538170151412487
development_oof,x10,10,xgboost,598,90,4,0,0,0.16404566168785095
development_oof,x10,10,xgboost,606,337,4,0,0,0.19567503035068512
development_oof,x10,10,xgboost,619,336,4,0,0,0.10042458772659302
development_oof,x10,10,xgboost,620,68,4,0,0,0.08295958489179611
development_oof,x10,10,xgboost,635,68,4,1,0,0.2147579789161682
development_oof,x10,10,xgboost,661,90,4,0,0,0.09499400854110718
development_oof,x10,10,xgboost,690,315,4,0,0,0.1093032956123352
development_oof,x10,10,xgboost,704,313,4,0,0,0.2557353973388672
development_oof,x10,10,xgboost,708,310,4,0,0,0.3021664321422577
development_oof,x10,10,xgboost,717,140,4,0,0,0.35547351837158203
development_oof,x10,10,xgboost,733,138,4,0,0,0.22197826206684113
development_oof,x10,10,xgboost,748,64,4,0,0,0.39917537569999695
development_oof,x10,10,xgboost,749,11,4,0,0,0.13347329199314117
development_oof,x10,10,xgboost,750,86,4,0,0,0.22608643770217896
development_oof,x10,10,xgboost,762,302,4,0,0,0.36665529012680054
development_oof,x10,10,xgboost,768,300,4,0,1,0.8968385457992554
development_oof,x10,10,xgboost,775,134,4,0,1,0.9743785262107849
development_oof,x10,10,xgboost,776,298,4,0,0,0.09366559237241745
development_oof,x10,10,xgboost,818,283,4,0,0,0.10185328125953674
development_oof,x10,10,xgboost,832,280,4,1,0,0.24293252825737
development_oof,x10,10,xgboost,845,11,4,0,0,0.09114933013916016
development_oof,x10,10,xgboost,856,269,4,0,0,0.18976183235645294
development_oof,x10,10,xgboost,858,61,4,0,0,0.2897239327430725
development_oof,x10,10,xgboost,863,81,4,1,1,0.5290498733520508
development_oof,x10,10,xgboost,868,261,4,0,0,0.14285410940647125
development_oof,x10,10,xgboost,869,80,4,0,0,0.20073246955871582
development_oof,x10,10,xgboost,889,127,4,0,0,0.2507743537425995
development_oof,x10,10,xgboost,891,125,4,0,0,0.12650571763515472
development_oof,x10,10,xgboost,897,250,4,0,0,0.273328572511673
development_oof,x10,10,xgboost,909,245,4,0,0,0.20249690115451813
development_oof,x10,10,xgboost,920,241,4,0,0,0.1720290184020996
development_oof,x10,10,xgboost,923,23,4,0,0,0.09397605061531067
development_oof,x10,10,xgboost,933,232,4,0,0,0.4594423174858093
development_oof,x10,10,xgboost,947,226,4,0,0,0.11791427433490753
development_oof,x10,10,xgboost,959,117,4,0,0,0.21134121716022491
development_oof,x10,10,xgboost,968,214,4,1,1,0.7999167442321777
development_oof,x10,10,xgboost,983,205,4,1,0,0.18891240656375885
development_oof,x10,10,xgboost,984,204,4,1,0,0.3692699372768402
development_oof,x10,10,xgboost,996,199,4,0,0,0.20909905433654785
development_oof,x10,10,xgboost,998,198,4,0,0,0.2182312309741974
development_oof,x10,10,xgboost,1008,76,4,0,0,0.08368073403835297
development_oof,x10,10,xgboost,1015,191,4,1,0,0.3158809244632721
development_oof,x10,10,xgboost,1020,188,4,0,0,0.4310983419418335
development_oof,x10,10,xgboost,3,108,5,0,0,0.021212425082921982
development_oof,x10,10,xgboost,9,29,5,1,1,0.960862934589386
development_oof,x10,10,xgboost,22,456,5,0,0,0.08074870705604553
development_oof,x10,10,xgboost,29,453,5,0,0,0.09630993753671646
development_oof,x10,10,xgboost,35,108,5,0,0,0.010548354126513004
development_oof,x10,10,xgboost,41,451,5,0,0,0.1609843373298645
development_oof,x10,10,xgboost,43,6,5,0,0,0.0833330750465393
development_oof,x10,10,xgboost,50,40,5,1,1,0.9414898753166199
development_oof,x10,10,xgboost,51,75,5,1,0,0.1428808718919754
development_oof,x10,10,xgboost,69,444,5,0,0,0.03734748065471649
development_oof,x10,10,xgboost,75,108,5,0,0,0.12433529645204544
development_oof,x10,10,xgboost,81,441,5,0,0,0.0535011924803257
development_oof,x10,10,xgboost,103,14,5,1,0,0.3246966004371643
development_oof,x10,10,xgboost,110,41,5,0,0,0.29003050923347473
development_oof,x10,10,xgboost,121,14,5,1,0,0.26742205023765564
development_oof,x10,10,xgboost,124,5,5,0,0,0.007800480350852013
development_oof,x10,10,xgboost,130,171,5,0,0,0.3059259057044983
development_oof,x10,10,xgboost,133,432,5,1,1,0.838675856590271
development_oof,x10,10,xgboost,140,40,5,0,0,0.40819650888442993
development_oof,x10,10,xgboost,144,41,5,0,0,0.027195382863283157
development_oof,x10,10,xgboost,151,14,5,1,0,0.28242382407188416
development_oof,x10,10,xgboost,152,429,5,0,0,0.08139650523662567
development_oof,x10,10,xgboost,153,41,5,0,0,0.37600383162498474
development_oof,x10,10,xgboost,155,41,5,0,0,0.11146566271781921
development_oof,x10,10,xgboost,158,428,5,0,0,0.06885465234518051
development_oof,x10,10,xgboost,171,41,5,1,0,0.10155916213989258
development_oof,x10,10,xgboost,177,40,5,1,1,0.8949083685874939
development_oof,x10,10,xgboost,202,421,5,0,0,0.027622494846582413
development_oof,x10,10,xgboost,205,41,5,0,0,0.182378351688385
development_oof,x10,10,xgboost,230,121,5,1,1,0.888370931148529
development_oof,x10,10,xgboost,232,6,5,0,0,0.0070082806050777435
development_oof,x10,10,xgboost,234,29,5,1,1,0.9086286425590515
development_oof,x10,10,xgboost,238,415,5,0,0,0.024043716490268707
development_oof,x10,10,xgboost,254,411,5,1,0,0.08586952835321426
development_oof,x10,10,xgboost,263,120,5,1,1,0.5885728001594543
development_oof,x10,10,xgboost,265,75,5,0,1,0.7403486967086792
development_oof,x10,10,xgboost,274,29,5,1,1,0.8891793489456177
development_oof,x10,10,xgboost,280,14,5,1,0,0.09318515658378601
development_oof,x10,10,xgboost,289,6,5,0,0,0.18573147058486938
development_oof,x10,10,xgboost,292,14,5,1,0,0.24143236875534058
development_oof,x10,10,xgboost,293,39,5,1,0,0.4534108340740204
development_oof,x10,10,xgboost,295,14,5,1,0,0.36184239387512207
development_oof,x10,10,xgboost,299,29,5,1,1,0.9700156450271606
development_oof,x10,10,xgboost,310,401,5,0,0,0.08851910382509232
development_oof,x10,10,xgboost,319,163,5,0,0,0.05748739838600159
development_oof,x10,10,xgboost,329,29,5,1,1,0.7195879220962524
development_oof,x10,10,xgboost,340,393,5,0,0,0.012441307306289673
development_oof,x10,10,xgboost,354,391,5,1,1,0.5664573907852173
development_oof,x10,10,xgboost,357,37,5,1,1,0.9127443432807922
development_oof,x10,10,xgboost,360,162,5,0,0,0.39186418056488037
development_oof,x10,10,xgboost,374,14,5,1,0,0.05857114493846893
development_oof,x10,10,xgboost,375,14,5,1,0,0.24073991179466248
development_oof,x10,10,xgboost,389,382,5,0,0,0.0774618610739708
development_oof,x10,10,xgboost,391,5,5,0,1,0.6108366250991821
development_oof,x10,10,xgboost,398,99,5,1,1,0.9895193576812744
development_oof,x10,10,xgboost,411,6,5,0,0,0.012590567581355572
development_oof,x10,10,xgboost,420,5,5,1,0,0.003919798880815506
development_oof,x10,10,xgboost,427,6,5,0,0,0.08075881004333496
development_oof,x10,10,xgboost,435,374,5,0,0,0.014961520209908485
development_oof,x10,10,xgboost,443,372,5,0,0,0.05735306069254875
development_oof,x10,10,xgboost,457,14,5,1,0,0.10730763524770737
development_oof,x10,10,xgboost,460,5,5,0,0,0.012479606084525585
development_oof,x10,10,xgboost,467,6,5,0,0,0.08195958286523819
development_oof,x10,10,xgboost,475,5,5,0,0,0.042644280940294266
development_oof,x10,10,xgboost,478,6,5,0,0,0.03230993449687958
development_oof,x10,10,xgboost,479,368,5,0,0,0.25731122493743896
development_oof,x10,10,xgboost,485,5,5,0,1,0.7309424877166748
development_oof,x10,10,xgboost,488,26,5,1,0,0.10455729812383652
development_oof,x10,10,xgboost,504,5,5,0,1,0.5803554654121399
development_oof,x10,10,xgboost,518,5,5,0,0,0.11567872017621994
development_oof,x10,10,xgboost,521,26,5,0,0,0.03818679600954056
development_oof,x10,10,xgboost,531,6,5,0,0,0.22919386625289917
development_oof,x10,10,xgboost,532,26,5,0,0,0.050102829933166504
development_oof,x10,10,xgboost,541,113,5,0,0,0.028723834082484245
development_oof,x10,10,xgboost,549,355,5,0,0,0.2975575923919678
development_oof,x10,10,xgboost,552,6,5,0,0,0.015833541750907898
development_oof,x10,10,xgboost,555,352,5,1,1,0.9163023829460144
development_oof,x10,10,xgboost,556,13,5,0,0,0.38790199160575867
development_oof,x10,10,xgboost,559,351,5,0,0,0.10135350376367569
development_oof,x10,10,xgboost,567,13,5,0,0,0.35184749960899353
development_oof,x10,10,xgboost,569,5,5,0,0,0.07118786126375198
development_oof,x10,10,xgboost,578,26,5,0,0,0.07150475680828094
development_oof,x10,10,xgboost,590,152,5,0,0,0.01669198088347912
development_oof,x10,10,xgboost,603,40,5,1,1,0.579595685005188
development_oof,x10,10,xgboost,613,85,5,0,1,0.5294061303138733
development_oof,x10,10,xgboost,640,146,5,0,0,0.019940055906772614
development_oof,x10,10,xgboost,645,146,5,0,0,0.004777631722390652
development_oof,x10,10,xgboost,673,320,5,0,0,0.06496868282556534
development_oof,x10,10,xgboost,679,6,5,0,0,0.014028173871338367
development_oof,x10,10,xgboost,688,143,5,0,0,0.07842745631933212
development_oof,x10,10,xgboost,710,75,5,1,0,0.11238040030002594
development_oof,x10,10,xgboost,712,5,5,0,0,0.1933186650276184
development_oof,x10,10,xgboost,713,139,5,0,0,0.22761750221252441
development_oof,x10,10,xgboost,721,139,5,1,0,0.12967997789382935
development_oof,x10,10,xgboost,727,32,5,0,1,0.5239085555076599
development_oof,x10,10,xgboost,735,132,5,0,0,0.16338831186294556
development_oof,x10,10,xgboost,736,137,5,0,0,0.23453007638454437
development_oof,x10,10,xgboost,737,85,5,1,0,0.06832360476255417
development_oof,x10,10,xgboost,743,13,5,0,0,0.08221982419490814
development_oof,x10,10,xgboost,753,85,5,0,0,0.06032944843173027
development_oof,x10,10,xgboost,766,130,5,0,0,0.021954713389277458
development_oof,x10,10,xgboost,800,132,5,0,0,0.04760565981268883
development_oof,x10,10,xgboost,807,288,5,0,0,0.11328267306089401
development_oof,x10,10,xgboost,819,130,5,1,0,0.1796318143606186
development_oof,x10,10,xgboost,853,272,5,0,0,0.35623934864997864
development_oof,x10,10,xgboost,860,266,5,0,0,0.18142330646514893
development_oof,x10,10,xgboost,866,262,5,0,0,0.2698138654232025
development_oof,x10,10,xgboost,892,26,5,0,0,0.09411724656820297
development_oof,x10,10,xgboost,894,252,5,1,0,0.005071498453617096
development_oof,x10,10,xgboost,900,249,5,0,0,0.14174054563045502
development_oof,x10,10,xgboost,903,248,5,0,0,0.20423030853271484
development_oof,x10,10,xgboost,913,121,5,1,1,0.9438375234603882
development_oof,x10,10,xgboost,924,239,5,0,0,0.13279971480369568
development_oof,x10,10,xgboost,928,236,5,1,1,0.9672175049781799
development_oof,x10,10,xgboost,946,120,5,1,1,0.6797311305999756
development_oof,x10,10,xgboost,957,221,5,0,0,0.051764316856861115
development_oof,x10,10,xgboost,963,217,5,0,0,0.08273638039827347
development_oof,x10,10,xgboost,973,210,5,0,0,0.015074660070240498
development_oof,x10,10,xgboost,986,113,5,0,0,0.049273531883955
development_oof,x10,10,xgboost,997,6,5,0,0,0.25630638003349304
development_oof,x10,10,xgboost,999,5,5,0,1,0.7647242546081543
development_oof,x10,10,xgboost,1005,196,5,0,0,0.08223739266395569
development_oof,x10,10,xgboost,1017,189,5,0,0,0.024534640833735466
development_oof,x10,10,xgboost,1023,187,5,0,0,0.4063028395175934
development_oof,x10,10,mlp,5,31,1,1,0,0.2927576547975738
development_oof,x10,10,mlp,33,452,1,0,0,0.30518853313541877
development_oof,x10,10,mlp,53,447,1,0,0,0.20405314030192678
development_oof,x10,10,mlp,64,34,1,1,0,0.4058496596182877
development_oof,x10,10,mlp,73,176,1,0,0,0.3935971596434613
development_oof,x10,10,mlp,78,443,1,1,0,0.2964322247936218
development_oof,x10,10,mlp,83,60,1,1,0,0.25139718759134067
development_oof,x10,10,mlp,100,31,1,1,0,0.25741905118640096
development_oof,x10,10,mlp,105,437,1,1,0,0.39264977046574445
development_oof,x10,10,mlp,113,435,1,0,0,0.20214806881393016
development_oof,x10,10,mlp,116,434,1,0,0,0.06468283922465819
development_oof,x10,10,mlp,119,0,1,0,0,0.4552203876152742
development_oof,x10,10,mlp,139,20,1,1,0,0.4070495255944682
development_oof,x10,10,mlp,142,0,1,0,0,0.33222937768390176
development_oof,x10,10,mlp,157,0,1,0,0,0.42803208631001577
development_oof,x10,10,mlp,162,426,1,0,0,0.00010306096892953882
development_oof,x10,10,mlp,170,60,1,1,0,0.25825664114376723
development_oof,x10,10,mlp,182,31,1,1,0,0.254437306582318
development_oof,x10,10,mlp,195,31,1,1,0,0.2846780356534345
development_oof,x10,10,mlp,203,34,1,1,0,0.3814285031546305
development_oof,x10,10,mlp,208,31,1,1,0,0.2658652458832362
development_oof,x10,10,mlp,236,416,1,1,0,0.21117048470808925
development_oof,x10,10,mlp,255,410,1,0,0,0.39915570728059485
development_oof,x10,10,mlp,261,25,1,1,0,0.41381226344279537
development_oof,x10,10,mlp,278,407,1,0,0,0.4254739659894593
development_oof,x10,10,mlp,288,128,1,0,0,0.3441873095958622
development_oof,x10,10,mlp,290,164,1,1,0,0.40732291702155893
development_oof,x10,10,mlp,321,397,1,0,0,0.4891229287882361
development_oof,x10,10,mlp,325,396,1,0,0,0.36312297817269634
development_oof,x10,10,mlp,334,394,1,0,0,0.4447898855998486
development_oof,x10,10,mlp,364,25,1,1,0,0.4285715322503131
development_oof,x10,10,mlp,379,24,1,0,0,0.4605262252577996
development_oof,x10,10,mlp,393,0,1,0,0,0.3807558967088771
development_oof,x10,10,mlp,419,154,1,1,0,0.2778491571253302
development_oof,x10,10,mlp,438,96,1,1,0,0.38024981325442425
development_oof,x10,10,mlp,439,156,1,1,0,0.27524874070352834
development_oof,x10,10,mlp,440,373,1,0,0,0.3761670817800453
development_oof,x10,10,mlp,466,0,1,0,0,0.43309647617676655
development_oof,x10,10,mlp,470,0,1,0,0,0.42475580075856406
development_oof,x10,10,mlp,490,364,1,0,0,0.3633248743667684
development_oof,x10,10,mlp,495,0,1,0,0,0.41846399653333277
development_oof,x10,10,mlp,506,0,1,0,0,0.37290196264807945
development_oof,x10,10,mlp,509,362,1,0,0,0.4161947363944169
development_oof,x10,10,mlp,517,0,1,0,0,0.42535109847233143
development_oof,x10,10,mlp,522,154,1,1,0,0.28036200582996085
development_oof,x10,10,mlp,524,0,1,0,0,0.4082326785530995
development_oof,x10,10,mlp,527,0,1,0,0,0.382535214780196
development_oof,x10,10,mlp,529,0,1,0,0,0.25077305770669256
development_oof,x10,10,mlp,544,63,1,1,0,0.2986914935439807
development_oof,x10,10,mlp,548,34,1,0,0,0.42186709956590274
development_oof,x10,10,mlp,553,0,1,0,0,0.36861629274180135
development_oof,x10,10,mlp,554,148,1,0,0,0.3910386869565564
development_oof,x10,10,mlp,560,0,1,0,0,0.3796949210348721
development_oof,x10,10,mlp,561,70,1,0,0,0.4237167577210365
development_oof,x10,10,mlp,568,0,1,0,0,0.3625009209417258
development_oof,x10,10,mlp,570,0,1,1,0,0.4070122735366071
development_oof,x10,10,mlp,571,70,1,0,0,0.39619626596907653
development_oof,x10,10,mlp,572,0,1,1,0,0.42555148276142796
development_oof,x10,10,mlp,576,349,1,0,0,0.47843565684997524
development_oof,x10,10,mlp,579,114,1,1,0,0.3487438924709114
development_oof,x10,10,mlp,580,348,1,1,0,0.41226278998572274
development_oof,x10,10,mlp,585,31,1,1,0,0.2882363987787847
development_oof,x10,10,mlp,592,0,1,1,0,0.3726450191724499
development_oof,x10,10,mlp,594,34,1,0,0,0.4399339774329996
development_oof,x10,10,mlp,600,151,1,0,0,0.35582116136056124
development_oof,x10,10,mlp,604,0,1,0,0,0.40166835920125266
development_oof,x10,10,mlp,605,0,1,0,0,0.3639267197741252
development_oof,x10,10,mlp,608,0,1,0,0,0.46017118740355406
development_oof,x10,10,mlp,611,0,1,0,0,0.23987253665655145
development_oof,x10,10,mlp,612,87,1,0,0,0.36683075730855336
development_oof,x10,10,mlp,615,0,1,0,0,0.3546403556277471
development_oof,x10,10,mlp,622,34,1,0,0,0.38226716622588813
development_oof,x10,10,mlp,624,149,1,1,0,0.3504882438540727
development_oof,x10,10,mlp,625,148,1,0,0,0.40865238029498774
development_oof,x10,10,mlp,630,67,1,0,0,0.41846077780743557
development_oof,x10,10,mlp,633,0,1,0,0,0.30382555524663474
development_oof,x10,10,mlp,646,0,1,0,0,0.30106396673275315
development_oof,x10,10,mlp,647,0,1,0,0,0.2680469672764509
development_oof,x10,10,mlp,651,67,1,0,0,0.3959472305525712
development_oof,x10,10,mlp,662,0,1,0,0,0.3459896248896543
development_oof,x10,10,mlp,667,0,1,0,0,0.23375153167622076
development_oof,x10,10,mlp,678,20,1,1,0,0.220977406179702
development_oof,x10,10,mlp,680,145,1,0,0,0.32944821873789926
development_oof,x10,10,mlp,686,144,1,1,0,0.4334440987352797
development_oof,x10,10,mlp,692,0,1,0,0,0.40148975593302205
development_oof,x10,10,mlp,693,0,1,0,0,0.39708814646049473
development_oof,x10,10,mlp,698,314,1,0,0,0.34016992401928225
development_oof,x10,10,mlp,699,0,1,0,0,0.44429492634612233
development_oof,x10,10,mlp,701,0,1,1,0,0.29756805717711515
development_oof,x10,10,mlp,706,0,1,0,0,0.42468746176122585
development_oof,x10,10,mlp,716,309,1,0,0,0.4798497002071277
development_oof,x10,10,mlp,723,25,1,0,0,0.484437259093564
development_oof,x10,10,mlp,726,31,1,1,0,0.2719557800383557
development_oof,x10,10,mlp,729,0,1,0,0,0.2967144397611704
development_oof,x10,10,mlp,731,60,1,0,0,0.36532778113931635
development_oof,x10,10,mlp,741,306,1,0,0,0.3480800421860267
development_oof,x10,10,mlp,742,305,1,0,0,0.4007601005707791
development_oof,x10,10,mlp,744,87,1,0,0,0.32202723459315397
development_oof,x10,10,mlp,745,0,1,0,0,0.27373672225915197
development_oof,x10,10,mlp,756,303,1,0,0,0.33845940829684884
development_oof,x10,10,mlp,767,63,1,1,0,0.32478488509747855
development_oof,x10,10,mlp,780,133,1,0,0,0.44142023236236655
development_oof,x10,10,mlp,791,294,1,0,0,0.32347525557459267
development_oof,x10,10,mlp,794,0,1,0,0,0.32825635016378
development_oof,x10,10,mlp,798,291,1,0,0,0.39922694133146697
development_oof,x10,10,mlp,805,63,1,1,0,0.1994185782079901
development_oof,x10,10,mlp,809,287,1,0,0,0.4150236977654162
development_oof,x10,10,mlp,811,20,1,1,0,0.3467138383562496
development_oof,x10,10,mlp,821,282,1,0,0,0.3178472037975309
development_oof,x10,10,mlp,827,129,1,0,0,0.3364038780148877
development_oof,x10,10,mlp,836,279,1,1,0,0.43512878317541204
development_oof,x10,10,mlp,847,274,1,0,0,0.30385861938821435
development_oof,x10,10,mlp,867,60,1,0,0,0.2507363501327975
development_oof,x10,10,mlp,907,246,1,0,0,0.407282483163356
development_oof,x10,10,mlp,915,25,1,1,0,0.4057779486510845
development_oof,x10,10,mlp,916,244,1,0,0,0.4332739667005746
development_oof,x10,10,mlp,927,237,1,0,0,0.42057027879530506
development_oof,x10,10,mlp,929,67,1,0,0,0.3923173501062523
development_oof,x10,10,mlp,930,235,1,1,0,0.10619034447649113
development_oof,x10,10,mlp,931,234,1,0,0,0.32061777231276395
development_oof,x10,10,mlp,945,227,1,0,0,0.4739999864034237
development_oof,x10,10,mlp,962,218,1,0,0,0.3482137352644145
development_oof,x10,10,mlp,978,208,1,0,0,0.15744539303441563
development_oof,x10,10,mlp,979,114,1,0,0,0.37839809107151023
development_oof,x10,10,mlp,991,0,1,0,0,0.39098282170262855
development_oof,x10,10,mlp,1025,63,1,1,0,0.2032250506290946
development_oof,x10,10,mlp,1028,184,1,0,0,0.4044544354569341
development_oof,x10,10,mlp,13,109,2,1,1,0.661567539670152
development_oof,x10,10,mlp,15,458,2,1,1,0.5205519827539066
development_oof,x10,10,mlp,25,12,2,1,0,0.2198935967334669
development_oof,x10,10,mlp,28,454,2,1,0,0.3289380242391755
development_oof,x10,10,mlp,52,448,2,0,0,0.1464817621104218
development_oof,x10,10,mlp,54,1,2,0,0,0.3257381690984024
development_oof,x10,10,mlp,61,1,2,0,0,0.2979597287323842
development_oof,x10,10,mlp,70,166,2,0,0,0.13482531533429032
development_oof,x10,10,mlp,72,12,2,1,0,0.2770821645778762
development_oof,x10,10,mlp,79,175,2,1,0,0.4071695669652256
development_oof,x10,10,mlp,85,17,2,1,1,0.5210026510334137
development_oof,x10,10,mlp,87,439,2,0,0,0.1268354501551819
development_oof,x10,10,mlp,88,12,2,0,0,0.2526407259736489
development_oof,x10,10,mlp,108,436,2,0,0,0.16904556889128625
development_oof,x10,10,mlp,114,173,2,0,0,0.27506904324527726
development_oof,x10,10,mlp,115,2,2,1,0,0.2322113003337977
development_oof,x10,10,mlp,118,172,2,0,0,0.2973288572558872
development_oof,x10,10,mlp,131,170,2,1,0,0.34714448576268514
development_oof,x10,10,mlp,165,17,2,1,1,0.6727191875725261
development_oof,x10,10,mlp,188,1,2,0,0,0.34673449251531163
development_oof,x10,10,mlp,199,1,2,0,0,0.32140567480339294
development_oof,x10,10,mlp,207,1,2,0,0,0.2912232068318813
development_oof,x10,10,mlp,216,167,2,1,0,0.2151136809129624
development_oof,x10,10,mlp,219,418,2,0,0,0.18411161932203743
development_oof,x10,10,mlp,222,1,2,0,0,0.4241066904909748
development_oof,x10,10,mlp,224,1,2,0,0,0.3254219187948603
development_oof,x10,10,mlp,233,17,2,1,1,0.5824922902443173
development_oof,x10,10,mlp,240,167,2,1,0,0.25750658829400913
development_oof,x10,10,mlp,249,124,2,0,0,0.31004675687457495
development_oof,x10,10,mlp,250,166,2,0,0,0.06660448561110649
development_oof,x10,10,mlp,259,409,2,0,0,0.3062897469594894
development_oof,x10,10,mlp,267,408,2,0,0,0.29259884557706445
development_oof,x10,10,mlp,270,12,2,1,0,0.21580784876605608
development_oof,x10,10,mlp,276,17,2,1,1,0.6277787678751042
development_oof,x10,10,mlp,294,122,2,0,0,0.22051566979842838
development_oof,x10,10,mlp,296,1,2,0,0,0.43429687935499234
development_oof,x10,10,mlp,301,403,2,0,0,0.17742996049628107
development_oof,x10,10,mlp,305,402,2,0,0,0.2601240058165129
development_oof,x10,10,mlp,306,101,2,1,0,0.21220051391894834
development_oof,x10,10,mlp,307,12,2,1,0,0.21782130298915056
development_oof,x10,10,mlp,312,399,2,0,1,0.7241013556030967
development_oof,x10,10,mlp,338,17,2,1,1,0.6550499272464841
development_oof,x10,10,mlp,343,17,2,1,1,0.6760324927413363
development_oof,x10,10,mlp,345,73,2,0,1,0.5707702780470802
development_oof,x10,10,mlp,346,12,2,1,0,0.1852829385235486
development_oof,x10,10,mlp,347,17,2,1,1,0.7509203469818783
development_oof,x10,10,mlp,350,12,2,0,0,0.39054609571031595
development_oof,x10,10,mlp,369,1,2,0,0,0.3460690210197477
development_oof,x10,10,mlp,372,17,2,1,1,0.55502760006296
development_oof,x10,10,mlp,382,384,2,0,0,0.21321749676172644
development_oof,x10,10,mlp,383,12,2,1,0,0.3416583204496316
development_oof,x10,10,mlp,384,69,2,0,0,0.4911964800743008
development_oof,x10,10,mlp,406,78,2,0,0,0.29430405419358074
development_oof,x10,10,mlp,407,160,2,0,0,0.3083468024548025
development_oof,x10,10,mlp,413,62,2,1,0,0.3915250413911847
development_oof,x10,10,mlp,415,12,2,1,0,0.24771238535889598
development_oof,x10,10,mlp,426,377,2,0,1,0.5031118767314323
development_oof,x10,10,mlp,434,97,2,1,1,0.6657281865837772
development_oof,x10,10,mlp,447,1,2,0,0,0.43643964619261605
development_oof,x10,10,mlp,452,73,2,1,1,0.5982627209467908
development_oof,x10,10,mlp,456,78,2,0,0,0.3390797678502418
development_oof,x10,10,mlp,463,1,2,0,0,0.45725229286291624
development_oof,x10,10,mlp,472,1,2,1,0,0.39214527679243716
development_oof,x10,10,mlp,474,1,2,0,0,0.3860276487557217
development_oof,x10,10,mlp,513,92,2,0,0,0.3090225182289359
development_oof,x10,10,mlp,523,2,2,1,0,0.13600101055545882
development_oof,x10,10,mlp,540,356,2,0,0,0.3087332029154215
development_oof,x10,10,mlp,557,66,2,0,1,0.6228485683171024
development_oof,x10,10,mlp,573,350,2,0,0,0.24546986241472923
development_oof,x10,10,mlp,574,1,2,0,0,0.41670693078344395
development_oof,x10,10,mlp,583,69,2,0,0,0.2887098631416922
development_oof,x10,10,mlp,587,345,2,0,1,0.5135595538803587
development_oof,x10,10,mlp,591,343,2,0,0,0.4037329088993185
development_oof,x10,10,mlp,617,1,2,0,0,0.4080339222488188
development_oof,x10,10,mlp,626,1,2,0,0,0.32452422598424446
development_oof,x10,10,mlp,631,92,2,0,0,0.35284277134525993
development_oof,x10,10,mlp,634,17,2,1,1,0.6416895703131053
development_oof,x10,10,mlp,636,334,2,1,0,0.3567830810727419
development_oof,x10,10,mlp,638,333,2,0,0,0.2691289695971434
development_oof,x10,10,mlp,641,66,2,0,0,0.3752089965324348
development_oof,x10,10,mlp,658,325,2,0,0,0.4105752481356329
development_oof,x10,10,mlp,664,116,2,0,0,0.25227493420900554
development_oof,x10,10,mlp,670,322,2,0,1,0.547952293927433
development_oof,x10,10,mlp,681,318,2,0,0,0.3498849413962565
development_oof,x10,10,mlp,685,33,2,0,0,0.26536804375744033
development_oof,x10,10,mlp,689,1,2,0,0,0.4174957880422022
development_oof,x10,10,mlp,694,33,2,0,0,0.17131168716444958
development_oof,x10,10,mlp,707,311,2,0,0,0.24084472854409805
development_oof,x10,10,mlp,734,12,2,1,0,0.3148590113767335
development_oof,x10,10,mlp,760,1,2,0,1,0.5373660819876662
development_oof,x10,10,mlp,771,43,2,0,0,0.43124653359854814
development_oof,x10,10,mlp,774,299,2,0,0,0.4560118900146275
development_oof,x10,10,mlp,779,43,2,0,0,0.31216898462762493
development_oof,x10,10,mlp,782,43,2,0,0,0.2994827709044847
development_oof,x10,10,mlp,790,62,2,1,0,0.33195566137919025
development_oof,x10,10,mlp,797,43,2,0,0,0.3830197920613134
development_oof,x10,10,mlp,808,33,2,0,0,0.1499683401484318
development_oof,x10,10,mlp,810,286,2,0,0,0.35302262183410654
development_oof,x10,10,mlp,812,285,2,0,0,0.4260117203226133
development_oof,x10,10,mlp,813,33,2,0,0,0.12884943794166343
development_oof,x10,10,mlp,816,284,2,0,0,0.4704623726466288
development_oof,x10,10,mlp,844,276,2,0,0,0.11229015483226647
development_oof,x10,10,mlp,850,273,2,0,0,0.20829455957414972
development_oof,x10,10,mlp,855,270,2,0,0,0.2916217724236258
development_oof,x10,10,mlp,864,264,2,0,0,0.26458064958366556
development_oof,x10,10,mlp,865,263,2,0,0,0.1857509997354758
development_oof,x10,10,mlp,888,254,2,1,0,0.2232806902793677
development_oof,x10,10,mlp,895,124,2,0,0,0.23312623984611094
development_oof,x10,10,mlp,902,122,2,1,0,0.19934504083761315
development_oof,x10,10,mlp,917,243,2,1,0,0.25604664213688344
development_oof,x10,10,mlp,918,242,2,0,0,0.1981548139326749
development_oof,x10,10,mlp,932,233,2,0,0,0.3314794398121993
development_oof,x10,10,mlp,940,78,2,0,0,0.30973423151875573
development_oof,x10,10,mlp,942,228,2,0,0,0.1633313867318318
development_oof,x10,10,mlp,960,116,2,0,0,0.2595111711460753
development_oof,x10,10,mlp,970,213,2,0,1,0.523149493602581
development_oof,x10,10,mlp,972,211,2,0,0,0.20568849664969238
development_oof,x10,10,mlp,975,66,2,0,0,0.28862938171243874
development_oof,x10,10,mlp,993,69,2,0,0,0.3841126213224316
development_oof,x10,10,mlp,1002,197,2,0,0,0.4444232102857918
development_oof,x10,10,mlp,1006,111,2,0,0,0.24964146977242668
development_oof,x10,10,mlp,1026,186,2,1,0,0.3617205382731698
development_oof,x10,10,mlp,1027,185,2,1,0,0.3235663949939781
development_oof,x10,10,mlp,1032,180,2,0,0,0.4961063473839592
development_oof,x10,10,mlp,1034,178,2,0,0,0.11630958027509901
development_oof,x10,10,mlp,8,107,3,0,0,0.24115064443642667
development_oof,x10,10,mlp,24,455,3,0,0,0.29663079898210964
development_oof,x10,10,mlp,45,449,3,1,0,0.3279538002237917
development_oof,x10,10,mlp,55,107,3,0,0,0.2097458252744386
development_oof,x10,10,mlp,60,4,3,1,0,0.3071956475988375
development_oof,x10,10,mlp,98,438,3,0,0,0.21291078452327397
development_oof,x10,10,mlp,120,10,3,0,0,0.2786720048331953
development_oof,x10,10,mlp,129,58,3,1,0,0.3073973320258572
development_oof,x10,10,mlp,136,57,3,0,0,0.36794119464761327
development_oof,x10,10,mlp,150,55,3,1,1,0.699651962451405
development_oof,x10,10,mlp,161,427,3,0,0,0.4323102751909745
development_oof,x10,10,mlp,173,52,3,0,0,0.28733324724735165
development_oof,x10,10,mlp,178,54,3,0,0,0.28165810664288643
development_oof,x10,10,mlp,183,422,3,0,0,0.15749863985567078
development_oof,x10,10,mlp,192,8,3,0,0,0.3154115569567718
development_oof,x10,10,mlp,196,8,3,0,0,0.36531049235315843
development_oof,x10,10,mlp,211,8,3,0,0,0.387081697550763
development_oof,x10,10,mlp,214,10,3,0,0,0.3848480551222431
development_oof,x10,10,mlp,217,8,3,0,0,0.39533928082086706
development_oof,x10,10,mlp,218,8,3,0,0,0.3398398223835683
development_oof,x10,10,mlp,220,8,3,0,0,0.4274230608678145
development_oof,x10,10,mlp,225,55,3,1,0,0.48857680493689476
development_oof,x10,10,mlp,226,8,3,0,0,0.3906753191194852
development_oof,x10,10,mlp,242,52,3,1,1,0.7507325742841862
development_oof,x10,10,mlp,243,414,3,0,0,0.139607208966112
development_oof,x10,10,mlp,253,412,3,0,0,0.15512033670333863
development_oof,x10,10,mlp,260,49,3,1,0,0.23117819408748738
development_oof,x10,10,mlp,264,51,3,0,0,0.30517814849869734
development_oof,x10,10,mlp,268,8,3,0,0,0.32327296387444493
development_oof,x10,10,mlp,282,406,3,1,1,0.8644632326708426
development_oof,x10,10,mlp,298,405,3,0,0,0.2014851442636658
development_oof,x10,10,mlp,300,404,3,1,1,0.5064980977371917
development_oof,x10,10,mlp,311,400,3,1,0,0.23011334976723483
development_oof,x10,10,mlp,313,51,3,0,0,0.24695164751171342
development_oof,x10,10,mlp,314,398,3,0,0,0.28081552826253864
development_oof,x10,10,mlp,317,49,3,0,0,0.3760111290105039
development_oof,x10,10,mlp,328,395,3,1,0,0.33932903019596217
development_oof,x10,10,mlp,333,8,3,0,0,0.3468345298387569
development_oof,x10,10,mlp,336,55,3,1,1,0.690674864753409
development_oof,x10,10,mlp,362,36,3,0,0,0.3614664823864975
development_oof,x10,10,mlp,370,8,3,0,0,0.48757626978373453
development_oof,x10,10,mlp,386,4,3,1,0,0.36975510344777296
development_oof,x10,10,mlp,392,4,3,1,0,0.18660011233722845
development_oof,x10,10,mlp,401,4,3,1,0,0.23707275360862148
development_oof,x10,10,mlp,405,379,3,0,0,0.3267699999390698
development_oof,x10,10,mlp,416,378,3,0,0,0.2953205920154304
development_oof,x10,10,mlp,423,50,3,0,0,0.28392790254945127
development_oof,x10,10,mlp,430,4,3,1,0,0.21702218110047067
development_oof,x10,10,mlp,432,375,3,0,0,0.36517407157005854
development_oof,x10,10,mlp,433,58,3,1,0,0.37394715087196145
development_oof,x10,10,mlp,446,4,3,1,0,0.35785437595236563
development_oof,x10,10,mlp,449,49,3,1,0,0.3221457218364499
development_oof,x10,10,mlp,464,4,3,1,0,0.27444358748314424
development_oof,x10,10,mlp,465,4,3,1,0,0.18386846682596575
development_oof,x10,10,mlp,469,8,3,0,0,0.48557422791893257
development_oof,x10,10,mlp,480,367,3,0,0,0.38328609220338006
development_oof,x10,10,mlp,481,4,3,1,0,0.3305031165008011
development_oof,x10,10,mlp,482,366,3,0,0,0.15268643645001484
development_oof,x10,10,mlp,493,84,3,1,0,0.23310732781390212
development_oof,x10,10,mlp,498,54,3,0,0,0.4325537965998373
development_oof,x10,10,mlp,500,28,3,0,0,0.26926281814157227
development_oof,x10,10,mlp,501,72,3,0,0,0.32720744722629375
development_oof,x10,10,mlp,512,361,3,0,0,0.40853286992958415
development_oof,x10,10,mlp,515,150,3,0,0,0.389131822925184
development_oof,x10,10,mlp,528,359,3,0,0,0.2509707170762006
development_oof,x10,10,mlp,545,136,3,1,0,0.37001831832580007
development_oof,x10,10,mlp,582,44,3,0,0,0.4114028200276063
development_oof,x10,10,mlp,588,344,3,0,0,0.2169002934089327
development_oof,x10,10,mlp,599,340,3,0,0,0.2725671611504282
development_oof,x10,10,mlp,602,338,3,0,0,0.2600238674771431
development_oof,x10,10,mlp,621,57,3,0,0,0.27905821441902423
development_oof,x10,10,mlp,623,150,3,0,0,0.3320793854103674
development_oof,x10,10,mlp,627,335,3,0,0,0.3873400820952949
development_oof,x10,10,mlp,632,77,3,0,0,0.3357412066384033
development_oof,x10,10,mlp,642,331,3,0,0,0.18847030754184269
development_oof,x10,10,mlp,649,89,3,0,0,0.3410135543448435
development_oof,x10,10,mlp,650,88,3,0,0,0.3697433851584101
development_oof,x10,10,mlp,652,328,3,0,0,0.3492904925748224
development_oof,x10,10,mlp,656,326,3,0,0,0.3441129746279662
development_oof,x10,10,mlp,657,4,3,1,0,0.2618727846230418
development_oof,x10,10,mlp,666,44,3,0,0,0.43644211164568597
development_oof,x10,10,mlp,674,4,3,0,0,0.16357520742459453
development_oof,x10,10,mlp,683,142,3,0,0,0.07405084961854685
development_oof,x10,10,mlp,691,142,3,0,0,0.4399145453522083
development_oof,x10,10,mlp,696,89,3,0,0,0.29655888698873567
development_oof,x10,10,mlp,700,49,3,0,0,0.31375870333007333
development_oof,x10,10,mlp,703,141,3,0,0,0.4294131302395202
development_oof,x10,10,mlp,709,88,3,0,0,0.4619661732263754
development_oof,x10,10,mlp,715,4,3,1,0,0.3411944696945703
development_oof,x10,10,mlp,718,308,3,0,0,0.3394876522791964
development_oof,x10,10,mlp,724,10,3,0,0,0.38400291905666706
development_oof,x10,10,mlp,738,136,3,1,0,0.25451828939555576
development_oof,x10,10,mlp,739,10,3,0,0,0.3329658652333082
development_oof,x10,10,mlp,740,44,3,0,0,0.4071815712588722
development_oof,x10,10,mlp,746,304,3,1,0,0.14953680099684122
development_oof,x10,10,mlp,747,51,3,0,0,0.49897057791148597
development_oof,x10,10,mlp,761,44,3,0,1,0.5395271399416374
development_oof,x10,10,mlp,772,10,3,0,0,0.4057123242953775
development_oof,x10,10,mlp,773,58,3,1,0,0.28831319682236817
development_oof,x10,10,mlp,778,84,3,1,0,0.1808508959326346
development_oof,x10,10,mlp,788,295,3,1,0,0.24497410876757308
development_oof,x10,10,mlp,803,289,3,0,0,0.3891541010142106
development_oof,x10,10,mlp,804,51,3,0,0,0.3143366759833351
development_oof,x10,10,mlp,814,88,3,0,1,0.5054495169499916
development_oof,x10,10,mlp,831,281,3,0,0,0.20441563126357068
development_oof,x10,10,mlp,842,277,3,0,0,0.23524726779103627
development_oof,x10,10,mlp,846,275,3,1,0,0.2137623771745416
development_oof,x10,10,mlp,859,267,3,0,0,0.1356023222413001
development_oof,x10,10,mlp,870,260,3,0,0,0.23418300774045142
development_oof,x10,10,mlp,893,253,3,0,0,0.09139729850148981
development_oof,x10,10,mlp,899,123,3,1,1,0.6389777562092408
development_oof,x10,10,mlp,904,52,3,1,1,0.7289524230989566
development_oof,x10,10,mlp,922,240,3,0,0,0.23192404186840782
development_oof,x10,10,mlp,926,238,3,1,0,0.29031059443464075
development_oof,x10,10,mlp,944,58,3,1,0,0.36921730601367686
development_oof,x10,10,mlp,949,224,3,0,0,0.25006038081530546
development_oof,x10,10,mlp,954,4,3,1,0,0.37364669549323043
development_oof,x10,10,mlp,961,219,3,0,0,0.3673449334996585
development_oof,x10,10,mlp,966,215,3,0,0,0.3915347146918429
development_oof,x10,10,mlp,977,57,3,0,0,0.24970760919716342
development_oof,x10,10,mlp,982,77,3,0,0,0.3061281848681897
development_oof,x10,10,mlp,1001,107,3,0,0,0.35615043876921265
development_oof,x10,10,mlp,1024,4,3,1,0,0.19549702090335805
development_oof,x10,10,mlp,1029,183,3,0,0,0.22950504274866507
development_oof,x10,10,mlp,1033,179,3,0,0,0.32926470454895007
development_oof,x10,10,mlp,6,61,4,0,0,0.22015073110840394
development_oof,x10,10,mlp,16,93,4,1,1,0.6936981964637327
development_oof,x10,10,mlp,23,11,4,0,1,0.5023441858364137
development_oof,x10,10,mlp,26,11,4,0,0,0.4580889750298657
development_oof,x10,10,mlp,34,23,4,0,0,0.4788550707849953
development_oof,x10,10,mlp,36,80,4,0,0,0.22368892787653666
development_oof,x10,10,mlp,49,11,4,0,0,0.26322519611196554
development_oof,x10,10,mlp,57,61,4,0,0,0.2200036263642364
development_oof,x10,10,mlp,58,11,4,0,0,0.29305309275599783
development_oof,x10,10,mlp,59,11,4,0,0,0.49398797916944354
development_oof,x10,10,mlp,67,446,4,0,0,0.14652848005703945
development_oof,x10,10,mlp,68,445,4,1,0,0.16737610906649744
development_oof,x10,10,mlp,74,74,4,0,0,0.2655669298012623
development_oof,x10,10,mlp,76,11,4,0,1,0.6342580446951206
development_oof,x10,10,mlp,82,440,4,1,0,0.3219782170570479
development_oof,x10,10,mlp,90,9,4,1,1,0.8516876828545581
development_oof,x10,10,mlp,91,74,4,1,0,0.3012191264759575
development_oof,x10,10,mlp,95,161,4,0,0,0.19213534348226716
development_oof,x10,10,mlp,112,9,4,1,1,0.9011149055292931
development_oof,x10,10,mlp,117,433,4,0,1,0.5309752462885626
development_oof,x10,10,mlp,123,9,4,1,1,0.9235174054230909
development_oof,x10,10,mlp,134,15,4,0,0,0.20766247551971648
development_oof,x10,10,mlp,145,430,4,0,0,0.36549177776234565
development_oof,x10,10,mlp,156,9,4,1,1,0.9260160489071311
development_oof,x10,10,mlp,166,425,4,0,0,0.11929934517071752
development_oof,x10,10,mlp,169,9,4,1,1,0.8839224055855046
development_oof,x10,10,mlp,175,38,4,1,1,0.8574308770190834
development_oof,x10,10,mlp,179,11,4,0,1,0.5329820723642591
development_oof,x10,10,mlp,181,9,4,1,1,0.9285248157725657
development_oof,x10,10,mlp,187,9,4,1,1,0.9384405388499721
development_oof,x10,10,mlp,191,169,4,0,0,0.2283242523904038
development_oof,x10,10,mlp,193,9,4,1,1,0.883091374148902
development_oof,x10,10,mlp,201,9,4,1,1,0.9209090675139
development_oof,x10,10,mlp,206,125,4,1,0,0.2019372315876605
development_oof,x10,10,mlp,212,419,4,0,0,0.14609433837873786
development_oof,x10,10,mlp,215,61,4,0,0,0.39463855870855585
development_oof,x10,10,mlp,221,9,4,1,1,0.9053283483498221
development_oof,x10,10,mlp,223,68,4,0,0,0.1284531780412838
development_oof,x10,10,mlp,227,38,4,1,1,0.9076858219831984
development_oof,x10,10,mlp,231,417,4,0,0,0.13747124149654752
development_oof,x10,10,mlp,237,117,4,0,0,0.33774644467607096
development_oof,x10,10,mlp,241,23,4,0,0,0.478773203603364
development_oof,x10,10,mlp,257,80,4,0,0,0.4698597981974702
development_oof,x10,10,mlp,284,38,4,1,1,0.7558268571420437
development_oof,x10,10,mlp,318,127,4,1,0,0.009475592208655627
development_oof,x10,10,mlp,320,38,4,1,1,0.8722166195283692
development_oof,x10,10,mlp,322,15,4,0,0,0.20451186937315155
development_oof,x10,10,mlp,324,74,4,1,0,0.30872103044507704
development_oof,x10,10,mlp,330,76,4,1,0,0.1873687921766206
development_oof,x10,10,mlp,332,38,4,1,1,0.8493645667743843
development_oof,x10,10,mlp,337,15,4,0,0,0.27437161242315256
development_oof,x10,10,mlp,339,11,4,0,1,0.6357301911974855
development_oof,x10,10,mlp,344,23,4,1,1,0.5244117333683758
development_oof,x10,10,mlp,355,15,4,0,0,0.22495650086048513
development_oof,x10,10,mlp,358,389,4,0,0,0.37126574947864577
development_oof,x10,10,mlp,359,23,4,0,0,0.4403018031471875
development_oof,x10,10,mlp,365,388,4,0,0,0.18231517165977357
development_oof,x10,10,mlp,368,387,4,0,0,0.38534060756559035
development_oof,x10,10,mlp,371,161,4,0,0,0.22778933879695892
development_oof,x10,10,mlp,381,76,4,0,0,0.20803706733349855
development_oof,x10,10,mlp,388,155,4,0,0,0.26970751853420855
development_oof,x10,10,mlp,390,381,4,0,0,0.17110484618421512
development_oof,x10,10,mlp,395,74,4,1,0,0.2628568958534602
development_oof,x10,10,mlp,397,11,4,0,0,0.4165855365602431
development_oof,x10,10,mlp,399,86,4,0,0,0.2987459101560699
development_oof,x10,10,mlp,422,159,4,0,0,0.13980927886251754
development_oof,x10,10,mlp,425,23,4,0,0,0.4598390578157904
development_oof,x10,10,mlp,453,138,4,0,0,0.019798145285852928
development_oof,x10,10,mlp,455,93,4,1,1,0.541513603618864
development_oof,x10,10,mlp,462,15,4,0,0,0.42188883595025106
development_oof,x10,10,mlp,468,370,4,0,0,0.17927220158304658
development_oof,x10,10,mlp,494,94,4,0,1,0.5629341847975949
development_oof,x10,10,mlp,499,15,4,0,0,0.3476416814589153
development_oof,x10,10,mlp,503,93,4,1,1,0.6720637711448486
development_oof,x10,10,mlp,505,81,4,1,1,0.5798555382527906
development_oof,x10,10,mlp,514,360,4,1,0,0.4584163434361576
development_oof,x10,10,mlp,516,155,4,0,0,0.30254765636713254
development_oof,x10,10,mlp,525,15,4,0,0,0.36226639701871177
development_oof,x10,10,mlp,530,358,4,1,0,0.41232057458624816
development_oof,x10,10,mlp,558,48,4,0,0,0.29936078863049914
development_oof,x10,10,mlp,593,90,4,0,0,0.18273753325951805
development_oof,x10,10,mlp,598,90,4,0,0,0.3199153115927911
development_oof,x10,10,mlp,606,337,4,0,0,0.10519111435675847
development_oof,x10,10,mlp,619,336,4,0,0,0.19752720661057632
development_oof,x10,10,mlp,620,68,4,0,0,0.14886097037074966
development_oof,x10,10,mlp,635,68,4,1,0,0.26622998543171755
development_oof,x10,10,mlp,661,90,4,0,0,0.2628179785030719
development_oof,x10,10,mlp,690,315,4,0,0,0.29558963205729316
development_oof,x10,10,mlp,704,313,4,0,0,0.49263379823690673
development_oof,x10,10,mlp,708,310,4,0,0,0.2645920830182514
development_oof,x10,10,mlp,717,140,4,0,1,0.6157415240598748
development_oof,x10,10,mlp,733,138,4,0,0,0.020362866107247038
development_oof,x10,10,mlp,748,64,4,0,0,0.266449479693872
development_oof,x10,10,mlp,749,11,4,0,0,0.3712634852461702
development_oof,x10,10,mlp,750,86,4,0,0,0.292526045418473
development_oof,x10,10,mlp,762,302,4,0,0,0.49302526553710097
development_oof,x10,10,mlp,768,300,4,0,1,0.8629262823157801
development_oof,x10,10,mlp,775,134,4,0,1,0.8748228236974286
development_oof,x10,10,mlp,776,298,4,0,0,0.169767378582792
development_oof,x10,10,mlp,818,283,4,0,0,0.230777736682797
development_oof,x10,10,mlp,832,280,4,1,0,0.3504333005659566
development_oof,x10,10,mlp,845,11,4,0,0,0.3414522359074111
development_oof,x10,10,mlp,856,269,4,0,0,0.05511109269384261
development_oof,x10,10,mlp,858,61,4,0,0,0.39378998297299384
development_oof,x10,10,mlp,863,81,4,1,1,0.5603997207459737
development_oof,x10,10,mlp,868,261,4,0,0,0.21047645719941285
development_oof,x10,10,mlp,869,80,4,0,0,0.36586210168901145
development_oof,x10,10,mlp,889,127,4,0,0,0.014231901780810241
development_oof,x10,10,mlp,891,125,4,0,0,0.21605317461087784
development_oof,x10,10,mlp,897,250,4,0,0,0.1150265038144265
development_oof,x10,10,mlp,909,245,4,0,0,0.21827259925774167
development_oof,x10,10,mlp,920,241,4,0,0,0.334232353774748
development_oof,x10,10,mlp,923,23,4,0,0,0.36691346667967645
development_oof,x10,10,mlp,933,232,4,0,0,0.32144494461944817
development_oof,x10,10,mlp,947,226,4,0,0,0.18983258450076218
development_oof,x10,10,mlp,959,117,4,0,0,0.3013890352944091
development_oof,x10,10,mlp,968,214,4,1,1,0.5147109626661801
development_oof,x10,10,mlp,983,205,4,1,0,0.44832663552170476
development_oof,x10,10,mlp,984,204,4,1,0,0.4041132336277164
development_oof,x10,10,mlp,996,199,4,0,0,0.34077377645136275
development_oof,x10,10,mlp,998,198,4,0,0,0.4007799595725556
development_oof,x10,10,mlp,1008,76,4,0,0,0.18424832810950076
development_oof,x10,10,mlp,1015,191,4,1,0,0.21323974877796967
development_oof,x10,10,mlp,1020,188,4,0,0,0.25885424018043585
development_oof,x10,10,mlp,3,108,5,0,0,0.2182236588170121
development_oof,x10,10,mlp,9,29,5,1,1,0.6909805386998147
development_oof,x10,10,mlp,22,456,5,0,0,0.2014311195324648
development_oof,x10,10,mlp,29,453,5,0,0,0.20304739607761
development_oof,x10,10,mlp,35,108,5,0,0,0.2040050151616074
development_oof,x10,10,mlp,41,451,5,0,0,0.2081672490150793
development_oof,x10,10,mlp,43,6,5,0,0,0.2551360546540336
development_oof,x10,10,mlp,50,40,5,1,1,0.6082522664909777
development_oof,x10,10,mlp,51,75,5,1,0,0.31431147954321925
development_oof,x10,10,mlp,69,444,5,0,0,0.20088984364349252
development_oof,x10,10,mlp,75,108,5,0,0,0.235710187159866
development_oof,x10,10,mlp,81,441,5,0,0,0.31796061910701784
development_oof,x10,10,mlp,103,14,5,1,0,0.4368501668588673
development_oof,x10,10,mlp,110,41,5,0,0,0.4414494351897784
development_oof,x10,10,mlp,121,14,5,1,0,0.4477738270567992
development_oof,x10,10,mlp,124,5,5,0,0,0.290478190757009
development_oof,x10,10,mlp,130,171,5,0,0,0.2620456419711658
development_oof,x10,10,mlp,133,432,5,1,1,0.6149209112729067
development_oof,x10,10,mlp,140,40,5,0,1,0.8301118123658079
development_oof,x10,10,mlp,144,41,5,0,0,0.45495976003305555
development_oof,x10,10,mlp,151,14,5,1,0,0.41886917367878923
development_oof,x10,10,mlp,152,429,5,0,0,0.24353389446109577
development_oof,x10,10,mlp,153,41,5,0,0,0.4381286218467457
development_oof,x10,10,mlp,155,41,5,0,0,0.4334410850932503
development_oof,x10,10,mlp,158,428,5,0,0,0.30337174352708224
development_oof,x10,10,mlp,171,41,5,1,0,0.4064910069004942
development_oof,x10,10,mlp,177,40,5,1,1,0.7619468007121902
development_oof,x10,10,mlp,202,421,5,0,0,0.2688651903403083
development_oof,x10,10,mlp,205,41,5,0,0,0.44825443209236465
development_oof,x10,10,mlp,230,121,5,1,0,0.16295590552063854
development_oof,x10,10,mlp,232,6,5,0,0,0.3018927993108315
development_oof,x10,10,mlp,234,29,5,1,0,0.49424548564244497
development_oof,x10,10,mlp,238,415,5,0,0,0.23602078612546507
development_oof,x10,10,mlp,254,411,5,1,0,0.229164844617974
development_oof,x10,10,mlp,263,120,5,1,1,0.5213161516921506
development_oof,x10,10,mlp,265,75,5,0,0,0.424175028744439
development_oof,x10,10,mlp,274,29,5,1,0,0.4648496697535925
development_oof,x10,10,mlp,280,14,5,1,0,0.430300897300303
development_oof,x10,10,mlp,289,6,5,0,0,0.3687369170701325
development_oof,x10,10,mlp,292,14,5,1,0,0.4406167804528134
development_oof,x10,10,mlp,293,39,5,1,0,0.301301840477831
development_oof,x10,10,mlp,295,14,5,1,0,0.45402754857500277
development_oof,x10,10,mlp,299,29,5,1,1,0.7147462913268119
development_oof,x10,10,mlp,310,401,5,0,0,0.248754583810286
development_oof,x10,10,mlp,319,163,5,0,0,0.3862585799784008
development_oof,x10,10,mlp,329,29,5,1,1,0.7386384708356868
development_oof,x10,10,mlp,340,393,5,0,0,0.2844640527971444
development_oof,x10,10,mlp,354,391,5,1,0,0.3060851868699215
development_oof,x10,10,mlp,357,37,5,1,1,0.6467075789370879
development_oof,x10,10,mlp,360,162,5,0,0,0.43399699467727054
development_oof,x10,10,mlp,374,14,5,1,0,0.4367387777226416
development_oof,x10,10,mlp,375,14,5,1,0,0.43098153715097165
development_oof,x10,10,mlp,389,382,5,0,0,0.32507746452297415
development_oof,x10,10,mlp,391,5,5,0,0,0.18633923135708697
development_oof,x10,10,mlp,398,99,5,1,1,0.773606242508995
development_oof,x10,10,mlp,411,6,5,0,0,0.283079215869199
development_oof,x10,10,mlp,420,5,5,1,0,0.24643721190709503
development_oof,x10,10,mlp,427,6,5,0,0,0.3536257825043942
development_oof,x10,10,mlp,435,374,5,0,0,0.16544546958594925
development_oof,x10,10,mlp,443,372,5,0,0,0.15002678305700642
development_oof,x10,10,mlp,457,14,5,1,0,0.3973995973647391
development_oof,x10,10,mlp,460,5,5,0,0,0.2561382854590929
development_oof,x10,10,mlp,467,6,5,0,0,0.3945016886871486
development_oof,x10,10,mlp,475,5,5,0,0,0.31174696834775
development_oof,x10,10,mlp,478,6,5,0,0,0.2746020911515317
development_oof,x10,10,mlp,479,368,5,0,0,0.3284434679116689
development_oof,x10,10,mlp,485,5,5,0,0,0.25797686114010987
development_oof,x10,10,mlp,488,26,5,1,0,0.3663770305910725
development_oof,x10,10,mlp,504,5,5,0,0,0.28157133557527214
development_oof,x10,10,mlp,518,5,5,0,0,0.3084793369253578
development_oof,x10,10,mlp,521,26,5,0,0,0.3753205303445688
development_oof,x10,10,mlp,531,6,5,0,0,0.3603384119162061
development_oof,x10,10,mlp,532,26,5,0,0,0.375298069710853
development_oof,x10,10,mlp,541,113,5,0,0,0.3563299144218911
development_oof,x10,10,mlp,549,355,5,0,0,0.32097448387231675
development_oof,x10,10,mlp,552,6,5,0,0,0.3731944688226422
development_oof,x10,10,mlp,555,352,5,1,1,0.5909117229672148
development_oof,x10,10,mlp,556,13,5,0,0,0.36441361771231334
development_oof,x10,10,mlp,559,351,5,0,0,0.3921606884711722
development_oof,x10,10,mlp,567,13,5,0,0,0.3963452390227858
development_oof,x10,10,mlp,569,5,5,0,0,0.29263639327763796
development_oof,x10,10,mlp,578,26,5,0,0,0.39180570837709333
development_oof,x10,10,mlp,590,152,5,0,0,0.13454037413699543
development_oof,x10,10,mlp,603,40,5,1,1,0.8022161460053743
development_oof,x10,10,mlp,613,85,5,0,0,0.40160897642169874
development_oof,x10,10,mlp,640,146,5,0,0,0.32051203477678075
development_oof,x10,10,mlp,645,146,5,0,0,0.2668187770723834
development_oof,x10,10,mlp,673,320,5,0,0,0.29227852620080313
development_oof,x10,10,mlp,679,6,5,0,0,0.3472598894361269
development_oof,x10,10,mlp,688,143,5,0,0,0.32751929938335955
development_oof,x10,10,mlp,710,75,5,1,0,0.272829037021878
development_oof,x10,10,mlp,712,5,5,0,0,0.22799504904840337
development_oof,x10,10,mlp,713,139,5,0,0,0.2679164257559651
development_oof,x10,10,mlp,721,139,5,1,0,0.27805849937119714
development_oof,x10,10,mlp,727,32,5,0,0,0.4514319338586745
development_oof,x10,10,mlp,735,132,5,0,0,0.4268547144914349
development_oof,x10,10,mlp,736,137,5,0,0,0.3719766545630297
development_oof,x10,10,mlp,737,85,5,1,0,0.37290395138758053
development_oof,x10,10,mlp,743,13,5,0,0,0.34515614711582376
development_oof,x10,10,mlp,753,85,5,0,0,0.3547680291904901
development_oof,x10,10,mlp,766,130,5,0,0,0.269915027420065
development_oof,x10,10,mlp,800,132,5,0,0,0.38885140633542037
development_oof,x10,10,mlp,807,288,5,0,0,0.27575034544144217
development_oof,x10,10,mlp,819,130,5,1,0,0.26234666135608575
development_oof,x10,10,mlp,853,272,5,0,0,0.12387036501896723
development_oof,x10,10,mlp,860,266,5,0,0,0.26641951175956236
development_oof,x10,10,mlp,866,262,5,0,0,0.4313468096421085
development_oof,x10,10,mlp,892,26,5,0,0,0.3774506365932906
development_oof,x10,10,mlp,894,252,5,1,0,0.2000954771927186
development_oof,x10,10,mlp,900,249,5,0,0,0.4251518493263801
development_oof,x10,10,mlp,903,248,5,0,0,0.2716901999425661
development_oof,x10,10,mlp,913,121,5,1,0,0.17259954419775947
development_oof,x10,10,mlp,924,239,5,0,0,0.3522263735755353
development_oof,x10,10,mlp,928,236,5,1,0,0.419179722008572
development_oof,x10,10,mlp,946,120,5,1,1,0.5316222542519863
development_oof,x10,10,mlp,957,221,5,0,0,0.06512970928446578
development_oof,x10,10,mlp,963,217,5,0,0,0.2743452340933718
development_oof,x10,10,mlp,973,210,5,0,0,0.32400487503260866
development_oof,x10,10,mlp,986,113,5,0,0,0.3395626577721334
development_oof,x10,10,mlp,997,6,5,0,0,0.3795983219575677
development_oof,x10,10,mlp,999,5,5,0,0,0.16399847513852103
development_oof,x10,10,mlp,1005,196,5,0,0,0.35450362844867755
development_oof,x10,10,mlp,1017,189,5,0,0,0.3124075528181048
development_oof,x10,10,mlp,1023,187,5,0,0,0.33933989809938575
