evaluation_status,representation,n_features,model,ID,BUTINA_CLUSTER_ID,outer_fold,y_true,y_pred,y_score
development_oof,x10,10,logistic,3,108,1,0,0,0.2054381589774734
development_oof,x10,10,logistic,13,109,1,1,1,0.9203550384172661
development_oof,x10,10,logistic,22,456,1,0,1,0.5624262624666347
development_oof,x10,10,logistic,24,455,1,0,0,0.31678316420861663
development_oof,x10,10,logistic,25,12,1,1,0,0.27118317500304046
development_oof,x10,10,logistic,35,108,1,0,0,0.19960809238555974
development_oof,x10,10,logistic,43,6,1,0,0,0.31570386692352737
development_oof,x10,10,logistic,53,447,1,0,0,0.3564077697018463
development_oof,x10,10,logistic,65,168,1,1,1,0.9599254191708639
development_oof,x10,10,logistic,68,445,1,1,0,0.25025300191665595
development_oof,x10,10,logistic,70,166,1,0,0,0.1444444474976369
development_oof,x10,10,logistic,72,12,1,1,0,0.2628360363729987
development_oof,x10,10,logistic,75,108,1,0,0,0.22633196160928157
development_oof,x10,10,logistic,88,12,1,0,0,0.21558879934048028
development_oof,x10,10,logistic,89,6,1,0,0,0.27235488490331705
development_oof,x10,10,logistic,110,41,1,0,0,0.22627107302357244
development_oof,x10,10,logistic,129,58,1,1,1,0.9391699653685757
development_oof,x10,10,logistic,133,432,1,1,1,0.9694131492481652
development_oof,x10,10,logistic,144,41,1,0,0,0.4300746032227846
development_oof,x10,10,logistic,153,41,1,0,1,0.5540537326290471
development_oof,x10,10,logistic,155,41,1,0,0,0.26853169731567705
development_oof,x10,10,logistic,168,424,1,0,0,0.3491431818616489
development_oof,x10,10,logistic,171,41,1,1,0,0.48482605920405214
development_oof,x10,10,logistic,197,168,1,1,1,0.9721394803247679
development_oof,x10,10,logistic,205,41,1,0,0,0.47394044272322106
development_oof,x10,10,logistic,209,420,1,1,1,0.9608510849830519
development_oof,x10,10,logistic,232,6,1,0,0,0.26422076869861233
development_oof,x10,10,logistic,237,117,1,0,0,0.43024709848682896
development_oof,x10,10,logistic,243,414,1,0,0,0.30238457199630125
development_oof,x10,10,logistic,250,166,1,0,0,0.06224044935354033
development_oof,x10,10,logistic,270,12,1,1,0,0.33634951657413525
development_oof,x10,10,logistic,272,19,1,0,0,0.1753634236620483
development_oof,x10,10,logistic,282,406,1,1,1,0.9715822512001521
development_oof,x10,10,logistic,289,6,1,0,0,0.25046530366698605
development_oof,x10,10,logistic,303,12,1,1,0,0.3009488429796517
development_oof,x10,10,logistic,305,402,1,0,0,0.34272621270348214
development_oof,x10,10,logistic,306,101,1,1,0,0.4221374281929647
development_oof,x10,10,logistic,307,12,1,1,0,0.24917805258623796
development_oof,x10,10,logistic,314,398,1,0,0,0.34767959795581466
development_oof,x10,10,logistic,318,127,1,1,0,0.007769324803983524
development_oof,x10,10,logistic,328,395,1,1,0,0.4798907863237592
development_oof,x10,10,logistic,345,73,1,0,1,0.9294972043455282
development_oof,x10,10,logistic,346,12,1,1,0,0.328415934474134
development_oof,x10,10,logistic,350,12,1,0,0,0.32620996342609826
development_oof,x10,10,logistic,362,36,1,0,0,0.21151060902043953
development_oof,x10,10,logistic,366,79,1,1,0,0.32020992827264533
development_oof,x10,10,logistic,367,79,1,1,0,0.41952048713675627
development_oof,x10,10,logistic,368,387,1,0,0,0.32911900245825393
development_oof,x10,10,logistic,383,12,1,1,0,0.29116115163716016
development_oof,x10,10,logistic,390,381,1,0,0,0.17860950201739523
development_oof,x10,10,logistic,411,6,1,0,0,0.28735878100232526
development_oof,x10,10,logistic,415,12,1,1,0,0.3046842164120664
development_oof,x10,10,logistic,418,6,1,0,0,0.33089751831130687
development_oof,x10,10,logistic,427,6,1,0,0,0.28961891944679236
development_oof,x10,10,logistic,432,375,1,0,0,0.4793873206476835
development_oof,x10,10,logistic,433,58,1,1,1,0.9034944986492776
development_oof,x10,10,logistic,445,95,1,0,0,0.30053434786725153
development_oof,x10,10,logistic,452,73,1,1,1,0.9422246054079436
development_oof,x10,10,logistic,467,6,1,0,0,0.32275599689593293
development_oof,x10,10,logistic,476,95,1,0,0,0.30231781871561403
development_oof,x10,10,logistic,478,6,1,0,0,0.24919206904075106
development_oof,x10,10,logistic,488,26,1,1,0,0.32222822762368714
development_oof,x10,10,logistic,507,26,1,0,0,0.27147620564747027
development_oof,x10,10,logistic,509,362,1,0,0,0.4162092652237622
development_oof,x10,10,logistic,512,361,1,0,0,0.3596565409658286
development_oof,x10,10,logistic,521,26,1,0,0,0.30685932731650367
development_oof,x10,10,logistic,530,358,1,1,0,0.3658172333952951
development_oof,x10,10,logistic,531,6,1,0,0,0.2558345631383279
development_oof,x10,10,logistic,532,26,1,0,0,0.38205219933740614
development_oof,x10,10,logistic,534,26,1,0,0,0.23255047772504936
development_oof,x10,10,logistic,552,6,1,0,0,0.2515454112445088
development_oof,x10,10,logistic,564,47,1,1,0,0.17541269582609678
development_oof,x10,10,logistic,573,350,1,0,1,0.5792593681699142
development_oof,x10,10,logistic,576,349,1,0,0,0.4496078518367585
development_oof,x10,10,logistic,578,26,1,0,0,0.28482316881151426
development_oof,x10,10,logistic,590,152,1,0,0,0.041441797482034165
development_oof,x10,10,logistic,591,343,1,0,1,0.5413529942438317
development_oof,x10,10,logistic,630,67,1,0,0,0.4990960646510199
development_oof,x10,10,logistic,637,47,1,1,0,0.19328546307597952
development_oof,x10,10,logistic,639,332,1,0,1,0.5781398581572077
development_oof,x10,10,logistic,642,331,1,0,0,0.38033508715070724
development_oof,x10,10,logistic,644,47,1,1,0,0.23199203450747957
development_oof,x10,10,logistic,650,88,1,0,0,0.4553722806148939
development_oof,x10,10,logistic,651,67,1,0,0,0.3571320932843518
development_oof,x10,10,logistic,654,327,1,0,1,0.6021479304839205
development_oof,x10,10,logistic,673,320,1,0,0,0.2688474097937764
development_oof,x10,10,logistic,676,6,1,0,0,0.30140465657002447
development_oof,x10,10,logistic,679,6,1,0,0,0.3654306400512327
development_oof,x10,10,logistic,680,145,1,0,0,0.47776550878367724
development_oof,x10,10,logistic,695,47,1,1,0,0.15922024197415333
development_oof,x10,10,logistic,708,310,1,0,1,0.7429817451041328
development_oof,x10,10,logistic,709,88,1,0,0,0.34678679342915664
development_oof,x10,10,logistic,713,139,1,0,0,0.21526932904130155
development_oof,x10,10,logistic,721,139,1,1,0,0.17927717123106432
development_oof,x10,10,logistic,722,307,1,0,0,0.3763531376947004
development_oof,x10,10,logistic,727,32,1,0,1,0.5969241162918006
development_oof,x10,10,logistic,734,12,1,1,0,0.3100156709099797
development_oof,x10,10,logistic,748,64,1,0,1,0.5781303631957899
development_oof,x10,10,logistic,763,301,1,0,0,0.41863868335946447
development_oof,x10,10,logistic,771,43,1,0,1,0.5109560743238467
development_oof,x10,10,logistic,773,58,1,1,1,0.9293053101905255
development_oof,x10,10,logistic,775,134,1,0,1,0.9721020814206247
development_oof,x10,10,logistic,779,43,1,0,1,0.5337567840849267
development_oof,x10,10,logistic,782,43,1,0,0,0.37700093336879037
development_oof,x10,10,logistic,783,296,1,0,1,0.59316523726304
development_oof,x10,10,logistic,784,43,1,1,0,0.36730507392868933
development_oof,x10,10,logistic,788,295,1,1,0,0.4643172084898188
development_oof,x10,10,logistic,795,110,1,1,1,0.9184009965874801
development_oof,x10,10,logistic,797,43,1,0,1,0.6043666446979907
development_oof,x10,10,logistic,812,285,1,0,1,0.7772065861955794
development_oof,x10,10,logistic,814,88,1,0,0,0.36577097844101847
development_oof,x10,10,logistic,836,279,1,1,0,0.14451744523738982
development_oof,x10,10,logistic,853,272,1,0,0,0.2520084804289694
development_oof,x10,10,logistic,868,261,1,0,0,0.3229273183382121
development_oof,x10,10,logistic,886,255,1,0,0,0.2183397534713105
development_oof,x10,10,logistic,889,127,1,0,0,0.00939594003677211
development_oof,x10,10,logistic,892,26,1,0,0,0.24277733639658514
development_oof,x10,10,logistic,903,248,1,0,0,0.15855312567950072
development_oof,x10,10,logistic,909,245,1,0,0,0.366562802110954
development_oof,x10,10,logistic,912,19,1,0,0,0.18808786276568204
development_oof,x10,10,logistic,924,239,1,0,0,0.22760738007502698
development_oof,x10,10,logistic,929,67,1,0,1,0.5743150295715681
development_oof,x10,10,logistic,937,230,1,0,0,0.423636029596488
development_oof,x10,10,logistic,938,79,1,0,0,0.3167022577880146
development_oof,x10,10,logistic,944,58,1,1,1,0.9027259295464317
development_oof,x10,10,logistic,956,222,1,0,1,0.5920412275331686
development_oof,x10,10,logistic,959,117,1,0,0,0.3642442025008622
development_oof,x10,10,logistic,961,219,1,0,0,0.44063934524629284
development_oof,x10,10,logistic,970,213,1,0,0,0.29540290153043997
development_oof,x10,10,logistic,983,205,1,1,0,0.26924101315611965
development_oof,x10,10,logistic,989,47,1,0,0,0.4342709775968772
development_oof,x10,10,logistic,992,200,1,0,0,0.3574260751236902
development_oof,x10,10,logistic,997,6,1,0,0,0.45080123803996036
development_oof,x10,10,logistic,1007,195,1,0,0,0.3496006309352259
development_oof,x10,10,logistic,1011,110,1,1,1,0.9252257682227515
development_oof,x10,10,logistic,1023,187,1,0,1,0.7225051773469205
development_oof,x10,10,logistic,1034,178,1,0,0,0.023456451672194095
development_oof,x10,10,logistic,2,460,2,0,0,0.2723247409143585
development_oof,x10,10,logistic,8,107,2,0,0,0.3773984691387243
development_oof,x10,10,logistic,18,56,2,1,1,0.9061040879802139
development_oof,x10,10,logistic,33,452,2,0,0,0.3422625832727423
development_oof,x10,10,logistic,34,23,2,0,0,0.4174590379509452
development_oof,x10,10,logistic,37,177,2,0,0,0.37886532529896305
development_oof,x10,10,logistic,50,40,2,1,1,0.9957376951704998
development_oof,x10,10,logistic,51,75,2,1,0,0.3801550472353475
development_oof,x10,10,logistic,55,107,2,0,0,0.4163008270805641
development_oof,x10,10,logistic,67,446,2,0,0,0.2655525181115383
development_oof,x10,10,logistic,81,441,2,0,0,0.37139138597912535
development_oof,x10,10,logistic,97,30,2,1,0,0.39899507346500745
development_oof,x10,10,logistic,108,436,2,0,0,0.26223636009764834
development_oof,x10,10,logistic,114,173,2,0,0,0.21809102785421755
development_oof,x10,10,logistic,115,2,2,1,0,0.25911573425679735
development_oof,x10,10,logistic,118,172,2,0,0,0.2528029135746084
development_oof,x10,10,logistic,140,40,2,0,1,0.9586792919075655
development_oof,x10,10,logistic,166,425,2,0,0,0.2328876282779081
development_oof,x10,10,logistic,177,40,2,1,1,0.9389568887436242
development_oof,x10,10,logistic,216,167,2,1,0,0.3065301997122233
development_oof,x10,10,logistic,229,30,2,1,0,0.35357457366238637
development_oof,x10,10,logistic,235,30,2,1,0,0.32312452537963693
development_oof,x10,10,logistic,240,167,2,1,0,0.3199114814211055
development_oof,x10,10,logistic,241,23,2,0,0,0.4178346903640576
development_oof,x10,10,logistic,246,56,2,1,1,0.909089508626533
development_oof,x10,10,logistic,249,124,2,0,1,0.6284456922884479
development_oof,x10,10,logistic,251,30,2,1,0,0.33241004156572435
development_oof,x10,10,logistic,253,412,2,0,0,0.2946540350860446
development_oof,x10,10,logistic,254,411,2,1,1,0.6758724617316233
development_oof,x10,10,logistic,262,98,2,1,1,0.9586228916541261
development_oof,x10,10,logistic,265,75,2,0,1,0.5102367522600827
development_oof,x10,10,logistic,275,56,2,1,1,0.9011527306085539
development_oof,x10,10,logistic,281,30,2,1,0,0.3834093052307413
development_oof,x10,10,logistic,283,56,2,1,1,0.9365250586404511
development_oof,x10,10,logistic,291,98,2,1,1,0.9660527985074892
development_oof,x10,10,logistic,301,403,2,0,0,0.26841272230068713
development_oof,x10,10,logistic,325,396,2,0,0,0.45440357126356945
development_oof,x10,10,logistic,344,23,2,1,0,0.424181762434469
development_oof,x10,10,logistic,359,23,2,0,0,0.4097642087625864
development_oof,x10,10,logistic,365,388,2,0,0,0.3459498198546471
development_oof,x10,10,logistic,378,23,2,0,0,0.42312298691696754
development_oof,x10,10,logistic,389,382,2,0,0,0.2596495875705479
development_oof,x10,10,logistic,408,98,2,1,1,0.9621323234377737
development_oof,x10,10,logistic,413,62,2,1,0,0.34828363875431345
development_oof,x10,10,logistic,425,23,2,0,0,0.44607183131051176
development_oof,x10,10,logistic,426,377,2,0,1,0.8240655479310843
development_oof,x10,10,logistic,439,156,2,1,0,0.4118129983359554
development_oof,x10,10,logistic,461,371,2,1,1,0.6032272910632387
development_oof,x10,10,logistic,487,156,2,0,0,0.4220219552907118
development_oof,x10,10,logistic,505,81,2,1,1,0.5008624443984419
development_oof,x10,10,logistic,514,360,2,1,0,0.47218249008972135
development_oof,x10,10,logistic,515,150,2,0,0,0.26692418015916575
development_oof,x10,10,logistic,523,2,2,1,0,0.3124980772429036
development_oof,x10,10,logistic,526,23,2,0,0,0.4880276229394629
development_oof,x10,10,logistic,541,113,2,0,0,0.3760121118648802
development_oof,x10,10,logistic,551,353,2,0,0,0.3007721865199503
development_oof,x10,10,logistic,584,46,2,0,0,0.381734453765649
development_oof,x10,10,logistic,586,346,2,0,1,0.7101130665299944
development_oof,x10,10,logistic,589,153,2,1,1,0.9524177984862257
development_oof,x10,10,logistic,593,90,2,0,0,0.33130568277328165
development_oof,x10,10,logistic,598,90,2,0,0,0.3061729449941119
development_oof,x10,10,logistic,599,340,2,0,0,0.3993089139529031
development_oof,x10,10,logistic,603,40,2,1,1,0.9546999947710497
development_oof,x10,10,logistic,609,7,2,0,0,0.3410244745362879
development_oof,x10,10,logistic,623,150,2,0,0,0.3049379446928454
development_oof,x10,10,logistic,624,149,2,1,0,0.43236070319158904
development_oof,x10,10,logistic,636,334,2,1,0,0.4150005356633177
development_oof,x10,10,logistic,661,90,2,0,0,0.3080903751787956
development_oof,x10,10,logistic,670,322,2,0,1,0.5461008975642611
development_oof,x10,10,logistic,677,319,2,0,0,0.3926621499563519
development_oof,x10,10,logistic,707,311,2,0,0,0.23373593762473788
development_oof,x10,10,logistic,710,75,2,1,0,0.30534804430613327
development_oof,x10,10,logistic,716,309,2,0,0,0.3908195306621138
development_oof,x10,10,logistic,762,302,2,0,1,0.5657486539054374
development_oof,x10,10,logistic,766,130,2,0,0,0.3268353574741857
development_oof,x10,10,logistic,777,297,2,0,0,0.3656719679113358
development_oof,x10,10,logistic,790,62,2,1,0,0.37921316905833335
development_oof,x10,10,logistic,791,294,2,0,0,0.25749315970037123
development_oof,x10,10,logistic,793,292,2,1,0,0.30194781226433903
development_oof,x10,10,logistic,810,286,2,0,0,0.21988096747049152
development_oof,x10,10,logistic,819,130,2,1,0,0.3729309698841032
development_oof,x10,10,logistic,825,83,2,0,0,0.4756392824168389
development_oof,x10,10,logistic,831,281,2,0,0,0.27345596168356523
development_oof,x10,10,logistic,842,277,2,0,0,0.4793912271397941
development_oof,x10,10,logistic,850,273,2,0,0,0.28439258517693683
development_oof,x10,10,logistic,859,267,2,0,0,0.4782865935738332
development_oof,x10,10,logistic,863,81,2,1,1,0.5153137768322343
development_oof,x10,10,logistic,884,257,2,0,0,0.40617064702375155
development_oof,x10,10,logistic,895,124,2,0,1,0.5719974694855082
development_oof,x10,10,logistic,896,251,2,0,0,0.2755762361677102
development_oof,x10,10,logistic,914,56,2,1,1,0.8973186705159788
development_oof,x10,10,logistic,922,240,2,0,0,0.2707287413190084
development_oof,x10,10,logistic,923,23,2,0,0,0.3129015848681707
development_oof,x10,10,logistic,933,232,2,0,0,0.36266287808325803
development_oof,x10,10,logistic,947,226,2,0,0,0.4282727526948943
development_oof,x10,10,logistic,951,223,2,0,0,0.35854344024953666
development_oof,x10,10,logistic,953,119,2,0,0,0.3930369244300713
development_oof,x10,10,logistic,965,216,2,0,0,0.44087374831129245
development_oof,x10,10,logistic,976,209,2,0,0,0.2311048897120976
development_oof,x10,10,logistic,986,113,2,0,0,0.3914386211250692
development_oof,x10,10,logistic,1001,107,2,0,1,0.5908212857625457
development_oof,x10,10,logistic,1005,196,2,0,0,0.3906981285634732
development_oof,x10,10,logistic,1020,188,2,0,1,0.7477677998316768
development_oof,x10,10,logistic,1026,186,2,1,0,0.4057420837856471
development_oof,x10,10,logistic,1030,182,2,0,0,0.2986611073478054
development_oof,x10,10,logistic,20,3,3,0,0,0.4401288268958554
development_oof,x10,10,logistic,29,453,3,0,0,0.36592988452872943
development_oof,x10,10,logistic,31,3,3,0,0,0.3988243484567396
development_oof,x10,10,logistic,36,80,3,0,0,0.4283586882600202
development_oof,x10,10,logistic,39,42,3,0,0,0.3810111067476222
development_oof,x10,10,logistic,42,3,3,0,0,0.43688208193394806
development_oof,x10,10,logistic,78,443,3,1,1,0.9505550267308791
development_oof,x10,10,logistic,87,439,3,0,0,0.14144921371598956
development_oof,x10,10,logistic,92,27,3,1,0,0.3270278390701905
development_oof,x10,10,logistic,93,165,3,0,0,0.3778139853655626
development_oof,x10,10,logistic,101,27,3,0,0,0.32805921923465425
development_oof,x10,10,logistic,125,111,3,0,0,0.45163779422307376
development_oof,x10,10,logistic,145,430,3,0,1,0.56890200431648
development_oof,x10,10,logistic,146,59,3,1,0,0.4758000908089002
development_oof,x10,10,logistic,147,16,3,0,0,0.4250347021279784
development_oof,x10,10,logistic,148,59,3,1,0,0.48182483734768944
development_oof,x10,10,logistic,154,59,3,1,1,0.5149435883467894
development_oof,x10,10,logistic,158,428,3,0,0,0.36756300980151096
development_oof,x10,10,logistic,173,52,3,0,0,0.2978838578445821
development_oof,x10,10,logistic,175,38,3,1,1,0.9504515216374406
development_oof,x10,10,logistic,176,3,3,0,0,0.387722685352246
development_oof,x10,10,logistic,192,8,3,0,0,0.24688255104006504
development_oof,x10,10,logistic,196,8,3,0,0,0.3175975253563592
development_oof,x10,10,logistic,202,421,3,0,0,0.262307485575274
development_oof,x10,10,logistic,211,8,3,0,0,0.2872484654993941
development_oof,x10,10,logistic,217,8,3,0,0,0.2746554781114994
development_oof,x10,10,logistic,218,8,3,0,0,0.27554267364454077
development_oof,x10,10,logistic,220,8,3,0,0,0.33267596015103973
development_oof,x10,10,logistic,226,8,3,0,0,0.2724871213562786
development_oof,x10,10,logistic,227,38,3,1,1,0.9365535603116328
development_oof,x10,10,logistic,230,121,3,1,1,0.6167465184414699
development_oof,x10,10,logistic,238,415,3,0,0,0.26470036432877325
development_oof,x10,10,logistic,239,3,3,0,0,0.462097488475521
development_oof,x10,10,logistic,242,52,3,1,1,0.966713178941381
development_oof,x10,10,logistic,252,3,3,0,0,0.3579501447763145
development_oof,x10,10,logistic,257,80,3,0,0,0.49931537330410647
development_oof,x10,10,logistic,266,103,3,1,1,0.9548731037474707
development_oof,x10,10,logistic,268,8,3,0,0,0.35218606576443645
development_oof,x10,10,logistic,271,165,3,0,0,0.34409713726093977
development_oof,x10,10,logistic,278,407,3,0,0,0.3361395860567571
development_oof,x10,10,logistic,279,3,3,0,0,0.44784701598457344
development_oof,x10,10,logistic,284,38,3,1,1,0.9118156299500781
development_oof,x10,10,logistic,285,3,3,0,0,0.36870385137184036
development_oof,x10,10,logistic,286,3,3,0,0,0.3903885622786537
development_oof,x10,10,logistic,287,158,3,0,0,0.3107137371074232
development_oof,x10,10,logistic,290,164,3,1,1,0.9471412007006248
development_oof,x10,10,logistic,300,404,3,1,1,0.940427907057333
development_oof,x10,10,logistic,309,22,3,0,0,0.28946684446316934
development_oof,x10,10,logistic,320,38,3,1,1,0.9505095058482976
development_oof,x10,10,logistic,321,397,3,0,0,0.39482557278673264
development_oof,x10,10,logistic,323,3,3,0,0,0.406396159829349
development_oof,x10,10,logistic,327,3,3,0,0,0.40140823901850076
development_oof,x10,10,logistic,332,38,3,1,1,0.9429653257615168
development_oof,x10,10,logistic,333,8,3,0,0,0.339877091388781
development_oof,x10,10,logistic,341,135,3,1,1,0.7220628668577074
development_oof,x10,10,logistic,348,3,3,0,0,0.41474792512851405
development_oof,x10,10,logistic,349,22,3,1,0,0.2108016196457521
development_oof,x10,10,logistic,353,3,3,1,0,0.3317750884423442
development_oof,x10,10,logistic,354,391,3,1,0,0.4087917709254597
development_oof,x10,10,logistic,356,390,3,0,1,0.5081341658784164
development_oof,x10,10,logistic,363,22,3,0,0,0.23073754624970652
development_oof,x10,10,logistic,370,8,3,0,0,0.3550063643889997
development_oof,x10,10,logistic,387,383,3,1,1,0.5308431279025305
development_oof,x10,10,logistic,406,78,3,0,0,0.43474536772476535
development_oof,x10,10,logistic,412,3,3,0,0,0.401066448086707
development_oof,x10,10,logistic,414,3,3,0,0,0.42423098612393784
development_oof,x10,10,logistic,416,378,3,0,0,0.32824074877043624
development_oof,x10,10,logistic,417,22,3,0,0,0.3157613963364012
development_oof,x10,10,logistic,419,154,3,1,1,0.9680118999970172
development_oof,x10,10,logistic,421,27,3,0,0,0.3532485954940996
development_oof,x10,10,logistic,424,27,3,0,0,0.3621813593279073
development_oof,x10,10,logistic,437,158,3,0,0,0.34483507408928743
development_oof,x10,10,logistic,438,96,3,1,0,0.3422576170709959
development_oof,x10,10,logistic,441,27,3,1,0,0.3544099612966098
development_oof,x10,10,logistic,443,372,3,0,0,0.25035328373140026
development_oof,x10,10,logistic,448,13,3,0,0,0.4195984518646458
development_oof,x10,10,logistic,450,3,3,0,0,0.4503126580925206
development_oof,x10,10,logistic,451,3,3,0,1,0.5207877567141211
development_oof,x10,10,logistic,456,78,3,0,1,0.5257094444652078
development_oof,x10,10,logistic,469,8,3,0,0,0.35320391598472534
development_oof,x10,10,logistic,473,22,3,0,0,0.23806829498393478
development_oof,x10,10,logistic,483,27,3,0,0,0.41852595908894613
development_oof,x10,10,logistic,490,364,3,0,0,0.33533460593731534
development_oof,x10,10,logistic,511,129,3,0,0,0.3505546208803868
development_oof,x10,10,logistic,522,154,3,1,1,0.9486952994930414
development_oof,x10,10,logistic,544,63,3,1,0,0.4928357532516059
development_oof,x10,10,logistic,547,77,3,0,0,0.3056136574336853
development_oof,x10,10,logistic,550,354,3,0,0,0.40096023424387317
development_oof,x10,10,logistic,556,13,3,0,0,0.44384967173420625
development_oof,x10,10,logistic,567,13,3,0,0,0.4721888660643965
development_oof,x10,10,logistic,580,348,3,1,0,0.395935473674589
development_oof,x10,10,logistic,597,341,3,0,0,0.2511937885637878
development_oof,x10,10,logistic,606,337,3,0,0,0.2587017630956965
development_oof,x10,10,logistic,628,147,3,0,0,0.22169484203632178
development_oof,x10,10,logistic,632,77,3,0,0,0.3462009184378054
development_oof,x10,10,logistic,649,89,3,0,0,0.3677734467883405
development_oof,x10,10,logistic,652,328,3,0,1,0.518410683129611
development_oof,x10,10,logistic,681,318,3,0,0,0.3906147372158731
development_oof,x10,10,logistic,685,33,3,0,0,0.22562517027697324
development_oof,x10,10,logistic,686,144,3,1,0,0.3946206892793009
development_oof,x10,10,logistic,690,315,3,0,0,0.4305807976318484
development_oof,x10,10,logistic,694,33,3,0,0,0.21974549996594
development_oof,x10,10,logistic,696,89,3,0,0,0.35669790148510466
development_oof,x10,10,logistic,717,140,3,0,1,0.5587371219533859
development_oof,x10,10,logistic,718,308,3,0,0,0.21186012450395814
development_oof,x10,10,logistic,743,13,3,0,0,0.4208415401316578
development_oof,x10,10,logistic,756,303,3,0,0,0.41556562771567607
development_oof,x10,10,logistic,767,63,3,1,0,0.4505064113182715
development_oof,x10,10,logistic,768,300,3,0,1,0.9558098739307465
development_oof,x10,10,logistic,769,135,3,0,1,0.7294979339839917
development_oof,x10,10,logistic,801,290,3,0,0,0.22364510697564888
development_oof,x10,10,logistic,805,63,3,1,1,0.6233148246211715
development_oof,x10,10,logistic,807,288,3,0,0,0.36905579407784683
development_oof,x10,10,logistic,808,33,3,0,0,0.27593571945063283
development_oof,x10,10,logistic,813,33,3,0,0,0.3677975011702161
development_oof,x10,10,logistic,821,282,3,0,0,0.4605302215769207
development_oof,x10,10,logistic,827,129,3,0,0,0.3847741712962052
development_oof,x10,10,logistic,847,274,3,0,0,0.23139975163727455
development_oof,x10,10,logistic,854,271,3,0,0,0.3358472034463199
development_oof,x10,10,logistic,864,264,3,0,0,0.24411443970718663
development_oof,x10,10,logistic,866,262,3,0,1,0.5452086089402214
development_oof,x10,10,logistic,869,80,3,0,0,0.4645187840854823
development_oof,x10,10,logistic,881,259,3,0,0,0.4610250801561517
development_oof,x10,10,logistic,883,59,3,1,1,0.518057816286036
development_oof,x10,10,logistic,893,253,3,0,0,0.22062668854852988
development_oof,x10,10,logistic,899,123,3,1,1,0.967026357649658
development_oof,x10,10,logistic,904,52,3,1,1,0.9233098748707207
development_oof,x10,10,logistic,913,121,3,1,1,0.6173814101688824
development_oof,x10,10,logistic,917,243,3,1,0,0.47321031710778055
development_oof,x10,10,logistic,920,241,3,0,0,0.37283068353827803
development_oof,x10,10,logistic,921,16,3,0,0,0.43347476416050545
development_oof,x10,10,logistic,930,235,3,1,0,0.47786127048917093
development_oof,x10,10,logistic,935,231,3,0,0,0.3847759752878251
development_oof,x10,10,logistic,940,78,3,0,0,0.4851527733408511
development_oof,x10,10,logistic,945,227,3,0,0,0.323617897349318
development_oof,x10,10,logistic,962,218,3,0,0,0.36082040840656493
development_oof,x10,10,logistic,963,217,3,0,0,0.30619053223512355
development_oof,x10,10,logistic,973,210,3,0,0,0.23777494862642654
development_oof,x10,10,logistic,982,77,3,0,0,0.3642054611615934
development_oof,x10,10,logistic,988,202,3,1,0,0.267807382277888
development_oof,x10,10,logistic,998,198,3,0,0,0.43493100681773855
development_oof,x10,10,logistic,1002,197,3,0,0,0.4294916254824307
development_oof,x10,10,logistic,1006,111,3,0,0,0.21869252403472464
development_oof,x10,10,logistic,1017,189,3,0,0,0.40560376630893674
development_oof,x10,10,logistic,1025,63,3,1,0,0.2661589595585328
development_oof,x10,10,logistic,1028,184,3,0,0,0.381179848916124
development_oof,x10,10,logistic,1029,183,3,0,0,0.3300413769934354
development_oof,x10,10,logistic,16,93,4,1,1,0.7768338964729958
development_oof,x10,10,logistic,19,457,4,0,0,0.43840253966673887
development_oof,x10,10,logistic,27,53,4,0,0,0.4279598787815407
development_oof,x10,10,logistic,44,450,4,0,0,0.3254777128520221
development_oof,x10,10,logistic,60,4,4,1,1,0.5240600720479115
development_oof,x10,10,logistic,62,82,4,0,0,0.3583440599691718
development_oof,x10,10,logistic,66,82,4,1,0,0.4122219726139657
development_oof,x10,10,logistic,69,444,4,0,0,0.31288347040892606
development_oof,x10,10,logistic,83,60,4,1,0,0.4187108478177949
development_oof,x10,10,logistic,84,9,4,1,1,0.9575391657371052
development_oof,x10,10,logistic,86,174,4,1,1,0.7822403441571236
development_oof,x10,10,logistic,90,9,4,1,1,0.7891835800458318
development_oof,x10,10,logistic,95,161,4,0,0,0.3690063245132981
development_oof,x10,10,logistic,102,15,4,0,0,0.42281175043485103
development_oof,x10,10,logistic,112,9,4,1,1,0.7948645446871486
development_oof,x10,10,logistic,117,433,4,0,0,0.4213278206894196
development_oof,x10,10,logistic,119,0,4,0,0,0.47149132195973564
development_oof,x10,10,logistic,123,9,4,1,1,0.8107057128042963
development_oof,x10,10,logistic,131,170,4,1,0,0.4187108478177949
development_oof,x10,10,logistic,134,15,4,0,0,0.361173416623467
development_oof,x10,10,logistic,138,431,4,0,0,0.4398850082997134
development_oof,x10,10,logistic,142,0,4,0,0,0.4620063951105271
development_oof,x10,10,logistic,156,9,4,1,1,0.7861758564024325
development_oof,x10,10,logistic,157,0,4,0,0,0.46867861096158614
development_oof,x10,10,logistic,159,4,4,1,0,0.4647125698329138
development_oof,x10,10,logistic,169,9,4,1,1,0.7743363745394672
development_oof,x10,10,logistic,170,60,4,1,0,0.3587952505180308
development_oof,x10,10,logistic,178,54,4,0,0,0.3869779029738007
development_oof,x10,10,logistic,181,9,4,1,1,0.7757796256332158
development_oof,x10,10,logistic,183,422,4,0,0,0.4197464591975262
development_oof,x10,10,logistic,184,4,4,1,0,0.49694503426960907
development_oof,x10,10,logistic,187,9,4,1,1,0.7973766941315118
development_oof,x10,10,logistic,193,9,4,1,1,0.7829914544887356
development_oof,x10,10,logistic,198,53,4,0,0,0.4317154368218427
development_oof,x10,10,logistic,201,9,4,1,1,0.8005774055048579
development_oof,x10,10,logistic,206,125,4,1,0,0.39203200132326593
development_oof,x10,10,logistic,210,104,4,1,1,0.8009085714893083
development_oof,x10,10,logistic,221,9,4,1,1,0.8131129327335155
development_oof,x10,10,logistic,236,416,4,1,0,0.30056751358975325
development_oof,x10,10,logistic,258,35,4,0,0,0.4231025868745612
development_oof,x10,10,logistic,277,102,4,1,0,0.41488634979325023
development_oof,x10,10,logistic,294,122,4,0,0,0.32696455716469547
development_oof,x10,10,logistic,304,24,4,1,0,0.4099079510042072
development_oof,x10,10,logistic,310,401,4,0,0,0.38865010003597505
development_oof,x10,10,logistic,311,400,4,1,0,0.4129441294671051
development_oof,x10,10,logistic,322,15,4,0,1,0.5058821072345097
development_oof,x10,10,logistic,335,15,4,0,0,0.4221232074007178
development_oof,x10,10,logistic,337,15,4,0,0,0.3875102413872751
development_oof,x10,10,logistic,355,15,4,0,0,0.3864035405710518
development_oof,x10,10,logistic,358,389,4,0,0,0.4286422457988278
development_oof,x10,10,logistic,371,161,4,0,0,0.4076021000027784
development_oof,x10,10,logistic,379,24,4,0,0,0.3859385064333401
development_oof,x10,10,logistic,382,384,4,0,0,0.38963731791973194
development_oof,x10,10,logistic,384,69,4,0,1,0.5323049022229801
development_oof,x10,10,logistic,386,4,4,1,0,0.4509855118017559
development_oof,x10,10,logistic,392,4,4,1,1,0.6150381727171761
development_oof,x10,10,logistic,393,0,4,0,0,0.4877875830627144
development_oof,x10,10,logistic,400,28,4,0,0,0.49735620008221937
development_oof,x10,10,logistic,401,4,4,1,0,0.4582506978389368
development_oof,x10,10,logistic,404,35,4,0,0,0.42875321258100524
development_oof,x10,10,logistic,405,379,4,0,0,0.47605113681251504
development_oof,x10,10,logistic,407,160,4,0,0,0.36407836748101713
development_oof,x10,10,logistic,409,4,4,1,1,0.5341273187516551
development_oof,x10,10,logistic,423,50,4,0,0,0.4600261181991697
development_oof,x10,10,logistic,430,4,4,1,0,0.4799572946525665
development_oof,x10,10,logistic,434,97,4,1,1,0.7749241356825584
development_oof,x10,10,logistic,446,4,4,1,0,0.46275981800190663
development_oof,x10,10,logistic,454,104,4,1,1,0.7930410807080486
development_oof,x10,10,logistic,455,93,4,1,1,0.772777524770321
development_oof,x10,10,logistic,462,15,4,0,0,0.39758959752605894
development_oof,x10,10,logistic,464,4,4,1,0,0.4770167489264019
development_oof,x10,10,logistic,465,4,4,1,1,0.5259835902678442
development_oof,x10,10,logistic,466,0,4,0,0,0.4437959564486425
development_oof,x10,10,logistic,470,0,4,0,0,0.4585193511155229
development_oof,x10,10,logistic,480,367,4,0,0,0.4468265277375752
development_oof,x10,10,logistic,481,4,4,1,1,0.5140021254378525
development_oof,x10,10,logistic,484,365,4,0,0,0.38188301957400494
development_oof,x10,10,logistic,495,0,4,0,0,0.47920387005393095
development_oof,x10,10,logistic,498,54,4,0,0,0.4176546214789534
development_oof,x10,10,logistic,499,15,4,0,0,0.3785154560622276
development_oof,x10,10,logistic,500,28,4,0,1,0.5542172409296635
development_oof,x10,10,logistic,501,72,4,0,0,0.38934456397626227
development_oof,x10,10,logistic,503,93,4,1,1,0.7738006790777091
development_oof,x10,10,logistic,506,0,4,0,0,0.46906890383952676
development_oof,x10,10,logistic,517,0,4,0,0,0.4731117553105713
development_oof,x10,10,logistic,519,53,4,0,0,0.3856903039185374
development_oof,x10,10,logistic,520,53,4,0,0,0.4084924925595925
development_oof,x10,10,logistic,524,0,4,0,0,0.4687323627198615
development_oof,x10,10,logistic,525,15,4,0,0,0.41855039904917896
development_oof,x10,10,logistic,527,0,4,0,0,0.47037106197580403
development_oof,x10,10,logistic,528,359,4,0,0,0.3833524405246574
development_oof,x10,10,logistic,529,0,4,0,1,0.5259703087978272
development_oof,x10,10,logistic,542,35,4,1,0,0.4434500070980605
development_oof,x10,10,logistic,543,0,4,0,1,0.5024052798282335
development_oof,x10,10,logistic,545,136,4,1,0,0.4035983159658015
development_oof,x10,10,logistic,553,0,4,0,0,0.4954292561735153
development_oof,x10,10,logistic,559,351,4,0,0,0.43808588398537185
development_oof,x10,10,logistic,560,0,4,0,0,0.46881968580179667
development_oof,x10,10,logistic,568,0,4,0,0,0.4759664634623637
development_oof,x10,10,logistic,570,0,4,1,1,0.5242485373493634
development_oof,x10,10,logistic,572,0,4,1,0,0.470111064336716
development_oof,x10,10,logistic,577,44,4,0,0,0.47260323939022114
development_oof,x10,10,logistic,581,347,4,0,0,0.4780248770398759
development_oof,x10,10,logistic,582,44,4,0,0,0.40880566866379814
development_oof,x10,10,logistic,583,69,4,0,0,0.48285316304450804
development_oof,x10,10,logistic,588,344,4,0,0,0.49412871097658523
development_oof,x10,10,logistic,592,0,4,1,0,0.4742168354511209
development_oof,x10,10,logistic,595,35,4,0,0,0.4280622533499526
development_oof,x10,10,logistic,600,151,4,0,0,0.3771388559146715
development_oof,x10,10,logistic,602,338,4,0,0,0.3696861230323127
development_oof,x10,10,logistic,604,0,4,0,1,0.5039389584524434
development_oof,x10,10,logistic,605,0,4,0,0,0.45993443865494954
development_oof,x10,10,logistic,607,0,4,1,0,0.48211595103680027
development_oof,x10,10,logistic,608,0,4,0,1,0.5047197117649973
development_oof,x10,10,logistic,610,0,4,0,0,0.45489952829077884
development_oof,x10,10,logistic,611,0,4,0,1,0.5185226567111823
development_oof,x10,10,logistic,613,85,4,0,0,0.46635167268643296
development_oof,x10,10,logistic,615,0,4,0,0,0.474087297925487
development_oof,x10,10,logistic,627,335,4,0,0,0.40108105118626913
development_oof,x10,10,logistic,633,0,4,0,0,0.47176353325717724
development_oof,x10,10,logistic,646,0,4,0,1,0.5079172225806411
development_oof,x10,10,logistic,647,0,4,0,1,0.5389172266200597
development_oof,x10,10,logistic,648,329,4,0,0,0.41570589951277637
development_oof,x10,10,logistic,657,4,4,1,1,0.5755895431230095
development_oof,x10,10,logistic,662,0,4,0,0,0.47505546997882175
development_oof,x10,10,logistic,665,69,4,1,1,0.514510709913404
development_oof,x10,10,logistic,666,44,4,0,0,0.38885526195155284
development_oof,x10,10,logistic,667,0,4,0,1,0.5342901441526521
development_oof,x10,10,logistic,671,321,4,1,0,0.49372269282844694
development_oof,x10,10,logistic,674,4,4,0,1,0.5102909834274747
development_oof,x10,10,logistic,683,142,4,0,0,0.49029334116679085
development_oof,x10,10,logistic,691,142,4,0,0,0.4580045746149605
development_oof,x10,10,logistic,692,0,4,0,0,0.4864843380094387
development_oof,x10,10,logistic,693,0,4,0,0,0.46872056422387726
development_oof,x10,10,logistic,699,0,4,0,0,0.4475965409995126
development_oof,x10,10,logistic,701,0,4,1,1,0.5135465863740122
development_oof,x10,10,logistic,704,313,4,0,1,0.5010542668597733
development_oof,x10,10,logistic,706,0,4,0,0,0.4662894301292698
development_oof,x10,10,logistic,715,4,4,1,0,0.4342277424257352
development_oof,x10,10,logistic,729,0,4,0,1,0.5035514881161612
development_oof,x10,10,logistic,731,60,4,0,0,0.4300342244767833
development_oof,x10,10,logistic,735,132,4,0,0,0.46761254175349365
development_oof,x10,10,logistic,737,85,4,1,0,0.49022982254280034
development_oof,x10,10,logistic,738,136,4,1,0,0.40568025148124
development_oof,x10,10,logistic,740,44,4,0,0,0.3942578195625331
development_oof,x10,10,logistic,742,305,4,0,0,0.4014594084936748
development_oof,x10,10,logistic,745,0,4,0,1,0.5238030429742493
development_oof,x10,10,logistic,753,85,4,0,0,0.4555982035921484
development_oof,x10,10,logistic,761,44,4,0,0,0.46344048903863855
development_oof,x10,10,logistic,776,298,4,0,0,0.47708779138630897
development_oof,x10,10,logistic,794,0,4,0,1,0.543037918381687
development_oof,x10,10,logistic,796,35,4,0,0,0.45922957340578063
development_oof,x10,10,logistic,800,132,4,0,0,0.4513657468369505
development_oof,x10,10,logistic,803,289,4,0,0,0.37906477261144783
development_oof,x10,10,logistic,818,283,4,0,0,0.42235112551864956
development_oof,x10,10,logistic,822,35,4,0,0,0.4582144548522408
development_oof,x10,10,logistic,839,82,4,0,0,0.3484815047728437
development_oof,x10,10,logistic,844,276,4,0,0,0.48836488190140015
development_oof,x10,10,logistic,855,270,4,0,0,0.37556203919151976
development_oof,x10,10,logistic,865,263,4,0,0,0.3299131500178007
development_oof,x10,10,logistic,867,60,4,0,0,0.38564944393625694
development_oof,x10,10,logistic,885,256,4,0,0,0.37167584852493074
development_oof,x10,10,logistic,888,254,4,1,0,0.3341975316364821
development_oof,x10,10,logistic,891,125,4,0,0,0.4847193605595562
development_oof,x10,10,logistic,902,122,4,1,0,0.3540945942571117
development_oof,x10,10,logistic,907,246,4,0,0,0.40381310759961647
development_oof,x10,10,logistic,918,242,4,0,0,0.41902585030493433
development_oof,x10,10,logistic,931,234,4,0,0,0.3970173428352026
development_oof,x10,10,logistic,949,224,4,0,0,0.317278758719395
development_oof,x10,10,logistic,954,4,4,1,1,0.5067466682847189
development_oof,x10,10,logistic,968,214,4,1,0,0.4492397746275823
development_oof,x10,10,logistic,980,207,4,0,0,0.4243001722248588
development_oof,x10,10,logistic,981,206,4,0,0,0.44533451730548573
development_oof,x10,10,logistic,984,204,4,1,0,0.4349197510000224
development_oof,x10,10,logistic,991,0,4,0,1,0.5014078746124632
development_oof,x10,10,logistic,993,69,4,0,1,0.5147360485143031
development_oof,x10,10,logistic,995,112,4,0,0,0.43599964330113783
development_oof,x10,10,logistic,1016,190,4,1,0,0.480211311693556
development_oof,x10,10,logistic,1024,4,4,1,1,0.5293141713468784
development_oof,x10,10,logistic,1031,181,4,0,1,0.560224547434313
development_oof,x10,10,logistic,1033,179,4,0,0,0.4407296437115098
development_oof,x10,10,logistic,5,31,5,1,1,0.9266503439926276
development_oof,x10,10,logistic,6,61,5,0,0,0.3776053807739902
development_oof,x10,10,logistic,15,458,5,1,1,0.9248242708333237
development_oof,x10,10,logistic,23,11,5,0,0,0.46345203121931094
development_oof,x10,10,logistic,26,11,5,0,0,0.3703253601395052
development_oof,x10,10,logistic,41,451,5,0,0,0.2608072333012539
development_oof,x10,10,logistic,46,18,5,0,1,0.9081392539164089
development_oof,x10,10,logistic,49,11,5,0,0,0.3325692287897247
development_oof,x10,10,logistic,52,448,5,0,0,0.22515586230283408
development_oof,x10,10,logistic,57,61,5,0,0,0.37668090294852963
development_oof,x10,10,logistic,58,11,5,0,0,0.34404813281289176
development_oof,x10,10,logistic,59,11,5,0,0,0.3744048437130296
development_oof,x10,10,logistic,76,11,5,0,1,0.565621785884368
development_oof,x10,10,logistic,79,175,5,1,1,0.5107296218606907
development_oof,x10,10,logistic,85,17,5,1,1,0.9025965528999457
development_oof,x10,10,logistic,96,18,5,1,1,0.9547278182048916
development_oof,x10,10,logistic,98,438,5,0,0,0.39466986555376704
development_oof,x10,10,logistic,100,31,5,1,1,0.8966200545140771
development_oof,x10,10,logistic,105,437,5,1,1,0.5116443784156884
development_oof,x10,10,logistic,106,18,5,1,1,0.9175326909047608
development_oof,x10,10,logistic,111,106,5,0,1,0.5238547315550316
development_oof,x10,10,logistic,116,434,5,0,0,0.19087124414674297
development_oof,x10,10,logistic,130,171,5,0,0,0.3695724045566169
development_oof,x10,10,logistic,132,18,5,1,1,0.9204240204396583
development_oof,x10,10,logistic,141,106,5,0,0,0.3559570912461399
development_oof,x10,10,logistic,149,106,5,0,0,0.4509802375436369
development_oof,x10,10,logistic,150,55,5,1,1,0.8959656896588055
development_oof,x10,10,logistic,152,429,5,0,0,0.4325842965962354
development_oof,x10,10,logistic,161,427,5,0,1,0.5803637794249411
development_oof,x10,10,logistic,163,18,5,1,1,0.998013516109072
development_oof,x10,10,logistic,165,17,5,1,1,0.9305296346481247
development_oof,x10,10,logistic,167,18,5,1,1,0.9271869266689939
development_oof,x10,10,logistic,172,423,5,0,1,0.9980319027970359
development_oof,x10,10,logistic,179,11,5,0,0,0.433201455262692
development_oof,x10,10,logistic,182,31,5,1,1,0.8856722083582588
development_oof,x10,10,logistic,186,18,5,1,1,0.935629380810771
development_oof,x10,10,logistic,195,31,5,1,1,0.8889505003313516
development_oof,x10,10,logistic,208,31,5,1,1,0.9509441204415795
development_oof,x10,10,logistic,215,61,5,0,0,0.4580015273698829
development_oof,x10,10,logistic,219,418,5,0,0,0.31121476778381224
development_oof,x10,10,logistic,223,68,5,0,0,0.2846332642472816
development_oof,x10,10,logistic,225,55,5,1,1,0.9266053117799447
development_oof,x10,10,logistic,231,417,5,0,0,0.26357204693653336
development_oof,x10,10,logistic,233,17,5,1,1,0.888015079269746
development_oof,x10,10,logistic,255,410,5,0,0,0.3347861411499414
development_oof,x10,10,logistic,256,18,5,1,1,0.9146670583189324
development_oof,x10,10,logistic,259,409,5,0,0,0.4121771589829523
development_oof,x10,10,logistic,261,25,5,1,0,0.3380382923066261
development_oof,x10,10,logistic,273,25,5,1,0,0.32152484008145105
development_oof,x10,10,logistic,276,17,5,1,1,0.950588853160637
development_oof,x10,10,logistic,297,163,5,0,0,0.40194302507699575
development_oof,x10,10,logistic,298,405,5,0,0,0.27477288172319975
development_oof,x10,10,logistic,316,100,5,0,0,0.3149131272273866
development_oof,x10,10,logistic,319,163,5,0,0,0.3436322787306373
development_oof,x10,10,logistic,326,157,5,1,1,0.9267843658215769
development_oof,x10,10,logistic,330,76,5,1,0,0.2932170595508783
development_oof,x10,10,logistic,334,394,5,0,0,0.2940505756239887
development_oof,x10,10,logistic,336,55,5,1,1,0.9164549875046681
development_oof,x10,10,logistic,338,17,5,1,1,0.9148684365778865
development_oof,x10,10,logistic,339,11,5,0,1,0.5401270315313564
development_oof,x10,10,logistic,340,393,5,0,0,0.33242515360851527
development_oof,x10,10,logistic,343,17,5,1,1,0.921685756743305
development_oof,x10,10,logistic,347,17,5,1,1,0.9322606267150664
development_oof,x10,10,logistic,351,100,5,1,0,0.34142213319798487
development_oof,x10,10,logistic,357,37,5,1,1,0.9477065264997807
development_oof,x10,10,logistic,364,25,5,1,0,0.4079310473350061
development_oof,x10,10,logistic,372,17,5,1,1,0.9281915619531338
development_oof,x10,10,logistic,377,386,5,0,0,0.3859341873803935
development_oof,x10,10,logistic,381,76,5,0,0,0.34091638030398325
development_oof,x10,10,logistic,397,11,5,0,0,0.33335578812755057
development_oof,x10,10,logistic,402,380,5,0,0,0.21130810406942702
development_oof,x10,10,logistic,435,374,5,0,0,0.3415265207344507
development_oof,x10,10,logistic,436,25,5,1,0,0.499533379820223
development_oof,x10,10,logistic,458,18,5,0,1,0.9495440197858859
development_oof,x10,10,logistic,459,25,5,1,0,0.3417700167613576
development_oof,x10,10,logistic,468,370,5,0,0,0.23742773322660132
development_oof,x10,10,logistic,479,368,5,0,0,0.34341368551220985
development_oof,x10,10,logistic,486,157,5,0,0,0.2978617470220807
development_oof,x10,10,logistic,494,94,5,0,0,0.44370519125241076
development_oof,x10,10,logistic,533,71,5,0,0,0.4988678582768398
development_oof,x10,10,logistic,536,71,5,0,0,0.45823670185817694
development_oof,x10,10,logistic,549,355,5,0,1,0.5018748740417793
development_oof,x10,10,logistic,555,352,5,1,1,0.9597162380812172
development_oof,x10,10,logistic,557,66,5,0,1,0.5629346788955629
development_oof,x10,10,logistic,563,71,5,0,0,0.49488409968964975
development_oof,x10,10,logistic,575,115,5,0,1,0.5073139560457032
development_oof,x10,10,logistic,579,114,5,1,0,0.4095601560590764
development_oof,x10,10,logistic,585,31,5,1,1,0.9553671540533448
development_oof,x10,10,logistic,587,345,5,0,1,0.5523285680722916
development_oof,x10,10,logistic,601,339,5,0,0,0.27133097472025614
development_oof,x10,10,logistic,612,87,5,0,0,0.32258298942838776
development_oof,x10,10,logistic,620,68,5,0,0,0.27714939705083974
development_oof,x10,10,logistic,634,17,5,1,1,0.93308066538293
development_oof,x10,10,logistic,635,68,5,1,0,0.3665224256410921
development_oof,x10,10,logistic,640,146,5,0,0,0.3587991809654481
development_oof,x10,10,logistic,641,66,5,0,0,0.4467273417057078
development_oof,x10,10,logistic,643,330,5,0,0,0.31433576304026656
development_oof,x10,10,logistic,645,146,5,0,0,0.3359596259976922
development_oof,x10,10,logistic,656,326,5,0,1,0.5034198368073648
development_oof,x10,10,logistic,664,116,5,0,0,0.3052181638370651
development_oof,x10,10,logistic,675,71,5,0,1,0.5477715386980149
development_oof,x10,10,logistic,682,317,5,0,0,0.36493036683562363
development_oof,x10,10,logistic,688,143,5,0,0,0.4194848551402263
development_oof,x10,10,logistic,698,314,5,0,0,0.431250719187225
development_oof,x10,10,logistic,711,45,5,0,1,0.51182896852515
development_oof,x10,10,logistic,723,25,5,0,0,0.3595969399322281
development_oof,x10,10,logistic,725,45,5,1,0,0.48953309426154745
development_oof,x10,10,logistic,726,31,5,1,1,0.8996044540262567
development_oof,x10,10,logistic,732,45,5,0,0,0.4810742804743372
development_oof,x10,10,logistic,736,137,5,0,0,0.4844549252886111
development_oof,x10,10,logistic,741,306,5,0,0,0.3172434085742772
development_oof,x10,10,logistic,744,87,5,0,0,0.2602486238500872
development_oof,x10,10,logistic,749,11,5,0,0,0.35862584897628497
development_oof,x10,10,logistic,799,45,5,0,1,0.5552803206157958
development_oof,x10,10,logistic,802,131,5,0,0,0.37857824276822116
development_oof,x10,10,logistic,816,284,5,0,1,0.5035292884373013
development_oof,x10,10,logistic,837,278,5,0,0,0.34011412759799703
development_oof,x10,10,logistic,845,11,5,0,0,0.31301045929196236
development_oof,x10,10,logistic,857,268,5,0,0,0.399455711273724
development_oof,x10,10,logistic,858,61,5,0,0,0.45880893915456483
development_oof,x10,10,logistic,860,266,5,0,0,0.39414930820416
development_oof,x10,10,logistic,870,260,5,0,0,0.3456441835158405
development_oof,x10,10,logistic,900,249,5,0,0,0.400138591414404
development_oof,x10,10,logistic,906,247,5,0,0,0.32274021441974915
development_oof,x10,10,logistic,915,25,5,1,0,0.3198621126298054
development_oof,x10,10,logistic,926,238,5,1,0,0.3317145010256082
development_oof,x10,10,logistic,939,229,5,1,1,0.5686645076955974
development_oof,x10,10,logistic,948,225,5,1,1,0.7117164636337434
development_oof,x10,10,logistic,958,220,5,0,0,0.18969250102699492
development_oof,x10,10,logistic,960,116,5,0,0,0.343035744918733
development_oof,x10,10,logistic,969,115,5,0,1,0.5536563403980781
development_oof,x10,10,logistic,971,212,5,1,1,0.5087681707784781
development_oof,x10,10,logistic,972,211,5,0,0,0.3299120349313556
development_oof,x10,10,logistic,974,45,5,0,1,0.5297190626180074
development_oof,x10,10,logistic,975,66,5,0,0,0.4251947197975941
development_oof,x10,10,logistic,979,114,5,0,0,0.3439435814418029
development_oof,x10,10,logistic,990,201,5,0,0,0.46805015184294213
development_oof,x10,10,logistic,1008,76,5,0,0,0.2383492546758932
development_oof,x10,10,logistic,1010,194,5,0,1,0.564662041878413
development_oof,x10,10,logistic,1015,191,5,1,0,0.2579298690161055
development_oof,x10,10,logistic,1027,185,5,1,1,0.7745684182947224
development_oof,x10,10,logistic,1032,180,5,0,1,0.5117895089842632
development_oof,x10,10,rbf_svc,3,108,1,0,0,-1.1731447587708397
development_oof,x10,10,rbf_svc,13,109,1,1,1,1.4873242785283525
development_oof,x10,10,rbf_svc,22,456,1,0,0,-0.21219919551926214
development_oof,x10,10,rbf_svc,24,455,1,0,0,-0.6389459421047521
development_oof,x10,10,rbf_svc,25,12,1,1,0,-1.1072012433840337
development_oof,x10,10,rbf_svc,35,108,1,0,0,-1.222481907006812
development_oof,x10,10,rbf_svc,43,6,1,0,0,-1.0728972264617633
development_oof,x10,10,rbf_svc,53,447,1,0,0,-0.9133862106142407
development_oof,x10,10,rbf_svc,65,168,1,1,1,1.2688200270417154
development_oof,x10,10,rbf_svc,68,445,1,1,0,-1.0528479158776607
development_oof,x10,10,rbf_svc,70,166,1,0,0,-1.0798340737117327
development_oof,x10,10,rbf_svc,72,12,1,1,0,-1.1203022948227526
development_oof,x10,10,rbf_svc,75,108,1,0,0,-1.1721511298368865
development_oof,x10,10,rbf_svc,88,12,1,0,0,-1.1619373764585061
development_oof,x10,10,rbf_svc,89,6,1,0,0,-1.0942722609123914
development_oof,x10,10,rbf_svc,110,41,1,0,0,-0.6460255932064358
development_oof,x10,10,rbf_svc,129,58,1,1,1,1.457378432746526
development_oof,x10,10,rbf_svc,133,432,1,1,1,1.019697539914488
development_oof,x10,10,rbf_svc,144,41,1,0,0,-0.6793908979298999
development_oof,x10,10,rbf_svc,153,41,1,0,0,-0.37136739931184426
development_oof,x10,10,rbf_svc,155,41,1,0,0,-0.8464087728610759
development_oof,x10,10,rbf_svc,168,424,1,0,0,-1.0540785156113612
development_oof,x10,10,rbf_svc,171,41,1,1,0,-0.5516292750869551
development_oof,x10,10,rbf_svc,197,168,1,1,1,1.2806799862499334
development_oof,x10,10,rbf_svc,205,41,1,0,0,-0.6242181500940562
development_oof,x10,10,rbf_svc,209,420,1,1,1,1.0635911238850762
development_oof,x10,10,rbf_svc,232,6,1,0,0,-1.1248591865374147
development_oof,x10,10,rbf_svc,237,117,1,0,0,-0.8759372079096002
development_oof,x10,10,rbf_svc,243,414,1,0,0,-0.932727108765282
development_oof,x10,10,rbf_svc,250,166,1,0,0,-0.8575295022112543
development_oof,x10,10,rbf_svc,270,12,1,1,0,-1.1008438796971225
development_oof,x10,10,rbf_svc,272,19,1,0,0,-1.1808728790626573
development_oof,x10,10,rbf_svc,282,406,1,1,1,1.0586133368147257
development_oof,x10,10,rbf_svc,289,6,1,0,0,-1.0081787115054395
development_oof,x10,10,rbf_svc,303,12,1,1,0,-1.0228710024825665
development_oof,x10,10,rbf_svc,305,402,1,0,0,-0.9441843684960842
development_oof,x10,10,rbf_svc,306,101,1,1,0,-1.0643585931884862
development_oof,x10,10,rbf_svc,307,12,1,1,0,-1.1889961646593408
development_oof,x10,10,rbf_svc,314,398,1,0,0,-0.9974260888061979
development_oof,x10,10,rbf_svc,318,127,1,1,0,-1.4092474333908913
development_oof,x10,10,rbf_svc,328,395,1,1,0,-0.7294519965554231
development_oof,x10,10,rbf_svc,345,73,1,0,1,0.8155745275174331
development_oof,x10,10,rbf_svc,346,12,1,1,0,-1.0742027856995895
development_oof,x10,10,rbf_svc,350,12,1,0,0,-0.7014473386698095
development_oof,x10,10,rbf_svc,362,36,1,0,0,-1.0620629014599805
development_oof,x10,10,rbf_svc,366,79,1,1,0,-0.8201188036436671
development_oof,x10,10,rbf_svc,367,79,1,1,0,-0.5195349398796045
development_oof,x10,10,rbf_svc,368,387,1,0,0,-0.6832463883974365
development_oof,x10,10,rbf_svc,383,12,1,1,0,-1.0087803361887557
development_oof,x10,10,rbf_svc,390,381,1,0,0,-1.329917783585894
development_oof,x10,10,rbf_svc,411,6,1,0,0,-1.1243242783313425
development_oof,x10,10,rbf_svc,415,12,1,1,0,-1.068050786049647
development_oof,x10,10,rbf_svc,418,6,1,0,0,-0.9466841370596226
development_oof,x10,10,rbf_svc,427,6,1,0,0,-1.088419179308688
development_oof,x10,10,rbf_svc,432,375,1,0,0,-0.36649833592970626
development_oof,x10,10,rbf_svc,433,58,1,1,1,0.5649432156783751
development_oof,x10,10,rbf_svc,445,95,1,0,0,-1.2143719150176286
development_oof,x10,10,rbf_svc,452,73,1,1,1,0.8581091870633619
development_oof,x10,10,rbf_svc,467,6,1,0,0,-0.8195911502236735
development_oof,x10,10,rbf_svc,476,95,1,0,0,-1.081507004630656
development_oof,x10,10,rbf_svc,478,6,1,0,0,-1.1672285318837217
development_oof,x10,10,rbf_svc,488,26,1,1,0,-1.0235763908545694
development_oof,x10,10,rbf_svc,507,26,1,0,0,-1.10255260576153
development_oof,x10,10,rbf_svc,509,362,1,0,0,-0.7728523941919159
development_oof,x10,10,rbf_svc,512,361,1,0,0,-0.8035554556688682
development_oof,x10,10,rbf_svc,521,26,1,0,0,-1.088359134887912
development_oof,x10,10,rbf_svc,530,358,1,1,0,-0.5948295673378317
development_oof,x10,10,rbf_svc,531,6,1,0,0,-1.01079454751551
development_oof,x10,10,rbf_svc,532,26,1,0,0,-0.9810903075496542
development_oof,x10,10,rbf_svc,534,26,1,0,0,-1.1350041861606472
development_oof,x10,10,rbf_svc,552,6,1,0,0,-1.2257531513512943
development_oof,x10,10,rbf_svc,564,47,1,1,0,-1.2980663451776495
development_oof,x10,10,rbf_svc,573,350,1,0,1,0.3567483297702507
development_oof,x10,10,rbf_svc,576,349,1,0,0,-0.7374510472627618
development_oof,x10,10,rbf_svc,578,26,1,0,0,-1.0972906828471798
development_oof,x10,10,rbf_svc,590,152,1,0,0,-1.5443875244424783
development_oof,x10,10,rbf_svc,591,343,1,0,1,0.2756915301687437
development_oof,x10,10,rbf_svc,630,67,1,0,0,-0.6698156237870352
development_oof,x10,10,rbf_svc,637,47,1,1,0,-1.3688030860312859
development_oof,x10,10,rbf_svc,639,332,1,0,1,0.11544407353252151
development_oof,x10,10,rbf_svc,642,331,1,0,0,-0.33245748405382347
development_oof,x10,10,rbf_svc,644,47,1,1,0,-1.3374222602230459
development_oof,x10,10,rbf_svc,650,88,1,0,0,-0.5918345374750844
development_oof,x10,10,rbf_svc,651,67,1,0,0,-1.0527118566030245
development_oof,x10,10,rbf_svc,654,327,1,0,0,-0.43948133152566005
development_oof,x10,10,rbf_svc,673,320,1,0,0,-1.0374555270363652
development_oof,x10,10,rbf_svc,676,6,1,0,0,-0.9952721943455218
development_oof,x10,10,rbf_svc,679,6,1,0,0,-0.9922881713094478
development_oof,x10,10,rbf_svc,680,145,1,0,1,0.16838506808897602
development_oof,x10,10,rbf_svc,695,47,1,1,0,-1.408083557659375
development_oof,x10,10,rbf_svc,708,310,1,0,1,1.1752859236163262
development_oof,x10,10,rbf_svc,709,88,1,0,0,-0.8483859645519152
development_oof,x10,10,rbf_svc,713,139,1,0,0,-1.21794329890965
development_oof,x10,10,rbf_svc,721,139,1,1,0,-1.2495432149822117
development_oof,x10,10,rbf_svc,722,307,1,0,0,-0.7229150368812549
development_oof,x10,10,rbf_svc,727,32,1,0,1,0.08744770252618661
development_oof,x10,10,rbf_svc,734,12,1,1,0,-0.935141428470339
development_oof,x10,10,rbf_svc,748,64,1,0,1,0.8569563388268611
development_oof,x10,10,rbf_svc,763,301,1,0,0,-0.9009574322090907
development_oof,x10,10,rbf_svc,771,43,1,0,0,-0.1727040756331304
development_oof,x10,10,rbf_svc,773,58,1,1,1,1.4440185267834709
development_oof,x10,10,rbf_svc,775,134,1,0,1,1.2269667566538223
development_oof,x10,10,rbf_svc,779,43,1,0,1,0.6206577520290439
development_oof,x10,10,rbf_svc,782,43,1,0,0,-0.1159464531907135
development_oof,x10,10,rbf_svc,783,296,1,0,0,-0.10681936393030877
development_oof,x10,10,rbf_svc,784,43,1,1,0,-0.6623835124455111
development_oof,x10,10,rbf_svc,788,295,1,1,1,0.029897077496118918
development_oof,x10,10,rbf_svc,795,110,1,1,1,1.3609280665599934
development_oof,x10,10,rbf_svc,797,43,1,0,1,0.23187419344628513
development_oof,x10,10,rbf_svc,812,285,1,0,1,0.5168599594095822
development_oof,x10,10,rbf_svc,814,88,1,0,0,-0.9033179837951257
development_oof,x10,10,rbf_svc,836,279,1,1,0,-0.6511037390571621
development_oof,x10,10,rbf_svc,853,272,1,0,0,-1.059612866072146
development_oof,x10,10,rbf_svc,868,261,1,0,0,-0.9626227303203612
development_oof,x10,10,rbf_svc,886,255,1,0,0,-1.3901549042559784
development_oof,x10,10,rbf_svc,889,127,1,0,0,-1.2448360612364309
development_oof,x10,10,rbf_svc,892,26,1,0,0,-1.1377700439232195
development_oof,x10,10,rbf_svc,903,248,1,0,0,-1.2224165492230776
development_oof,x10,10,rbf_svc,909,245,1,0,0,-1.0000928670067983
development_oof,x10,10,rbf_svc,912,19,1,0,0,-1.1413127549277844
development_oof,x10,10,rbf_svc,924,239,1,0,0,-1.1621194936945196
development_oof,x10,10,rbf_svc,929,67,1,0,0,-0.36668603184545834
development_oof,x10,10,rbf_svc,937,230,1,0,0,-0.9623599960960396
development_oof,x10,10,rbf_svc,938,79,1,0,0,-0.829593101171695
development_oof,x10,10,rbf_svc,944,58,1,1,1,0.41148615836996516
development_oof,x10,10,rbf_svc,956,222,1,0,1,1.048134291382346
development_oof,x10,10,rbf_svc,959,117,1,0,0,-0.9228027762234534
development_oof,x10,10,rbf_svc,961,219,1,0,0,-0.699715576848809
development_oof,x10,10,rbf_svc,970,213,1,0,0,-0.8676336097398858
development_oof,x10,10,rbf_svc,983,205,1,1,0,-0.713763974207505
development_oof,x10,10,rbf_svc,989,47,1,0,0,-0.902907671912355
development_oof,x10,10,rbf_svc,992,200,1,0,0,-0.7221274439010523
development_oof,x10,10,rbf_svc,997,6,1,0,0,-0.5449796783386338
development_oof,x10,10,rbf_svc,1007,195,1,0,0,-0.4906579800298969
development_oof,x10,10,rbf_svc,1011,110,1,1,1,1.407640519396769
development_oof,x10,10,rbf_svc,1023,187,1,0,1,0.6666509738449635
development_oof,x10,10,rbf_svc,1034,178,1,0,0,-1.099334707722055
development_oof,x10,10,rbf_svc,2,460,2,0,0,-0.6908027632449536
development_oof,x10,10,rbf_svc,8,107,2,0,0,-0.5825349302263798
development_oof,x10,10,rbf_svc,18,56,2,1,1,1.0573645148829283
development_oof,x10,10,rbf_svc,33,452,2,0,0,-0.9397179245461822
development_oof,x10,10,rbf_svc,34,23,2,0,0,-0.8803656973824427
development_oof,x10,10,rbf_svc,37,177,2,0,0,-0.8128318544016158
development_oof,x10,10,rbf_svc,50,40,2,1,1,2.6942906942002884
development_oof,x10,10,rbf_svc,51,75,2,1,0,-0.8991558084362619
development_oof,x10,10,rbf_svc,55,107,2,0,0,-0.795054156158999
development_oof,x10,10,rbf_svc,67,446,2,0,0,-0.8815877461588411
development_oof,x10,10,rbf_svc,81,441,2,0,0,-0.5994167602385985
development_oof,x10,10,rbf_svc,97,30,2,1,0,-0.9471141928489195
development_oof,x10,10,rbf_svc,108,436,2,0,0,-0.9606478161605523
development_oof,x10,10,rbf_svc,114,173,2,0,0,-1.2231030240952365
development_oof,x10,10,rbf_svc,115,2,2,1,0,-1.0422108653442952
development_oof,x10,10,rbf_svc,118,172,2,0,0,-1.1974296532909192
development_oof,x10,10,rbf_svc,140,40,2,0,1,1.2366242196064685
development_oof,x10,10,rbf_svc,166,425,2,0,0,-0.5636598427852086
development_oof,x10,10,rbf_svc,177,40,2,1,1,1.0996470994941774
development_oof,x10,10,rbf_svc,216,167,2,1,0,-1.002220449092024
development_oof,x10,10,rbf_svc,229,30,2,1,0,-1.0049020895930894
development_oof,x10,10,rbf_svc,235,30,2,1,0,-1.0564289862224698
development_oof,x10,10,rbf_svc,240,167,2,1,0,-1.0248633477199438
development_oof,x10,10,rbf_svc,241,23,2,0,0,-0.8804464148868161
development_oof,x10,10,rbf_svc,246,56,2,1,1,1.0287161199683055
development_oof,x10,10,rbf_svc,249,124,2,0,0,-0.4469053528801692
development_oof,x10,10,rbf_svc,251,30,2,1,0,-1.026942767612872
development_oof,x10,10,rbf_svc,253,412,2,0,0,-0.3022980252535046
development_oof,x10,10,rbf_svc,254,411,2,1,0,-0.10278902545096003
development_oof,x10,10,rbf_svc,262,98,2,1,1,1.3099156879678682
development_oof,x10,10,rbf_svc,265,75,2,0,0,-0.4802707481732731
development_oof,x10,10,rbf_svc,275,56,2,1,1,0.9675029571164184
development_oof,x10,10,rbf_svc,281,30,2,1,0,-0.950833457299098
development_oof,x10,10,rbf_svc,283,56,2,1,1,1.1298444255185254
development_oof,x10,10,rbf_svc,291,98,2,1,1,1.3745419346436627
development_oof,x10,10,rbf_svc,301,403,2,0,0,-1.2046420436863818
development_oof,x10,10,rbf_svc,325,396,2,0,0,-0.8159416005029905
development_oof,x10,10,rbf_svc,344,23,2,1,0,-0.7814072408356463
development_oof,x10,10,rbf_svc,359,23,2,0,0,-0.8636350433296145
development_oof,x10,10,rbf_svc,365,388,2,0,0,-0.8483888255926035
development_oof,x10,10,rbf_svc,378,23,2,0,0,-0.8839649766345925
development_oof,x10,10,rbf_svc,389,382,2,0,0,-1.188017117241
development_oof,x10,10,rbf_svc,408,98,2,1,1,1.3702614478024597
development_oof,x10,10,rbf_svc,413,62,2,1,0,-0.941970146246939
development_oof,x10,10,rbf_svc,425,23,2,0,0,-0.9085165100089854
development_oof,x10,10,rbf_svc,426,377,2,0,1,1.8501953495093204
development_oof,x10,10,rbf_svc,439,156,2,1,0,-0.4687357451637446
development_oof,x10,10,rbf_svc,461,371,2,1,0,-0.3016812575887826
development_oof,x10,10,rbf_svc,487,156,2,0,0,-0.5259861664477641
development_oof,x10,10,rbf_svc,505,81,2,1,0,-0.560295546441389
development_oof,x10,10,rbf_svc,514,360,2,1,1,1.548209508056902
development_oof,x10,10,rbf_svc,515,150,2,0,0,-1.0881770527882604
development_oof,x10,10,rbf_svc,523,2,2,1,0,-0.8262908792135906
development_oof,x10,10,rbf_svc,526,23,2,0,0,-0.45507151386880373
development_oof,x10,10,rbf_svc,541,113,2,0,0,-0.8972802406680045
development_oof,x10,10,rbf_svc,551,353,2,0,0,-0.9009353025624729
development_oof,x10,10,rbf_svc,584,46,2,0,0,-0.7887469557083615
development_oof,x10,10,rbf_svc,586,346,2,0,1,0.7058152228440282
development_oof,x10,10,rbf_svc,589,153,2,1,1,1.26719619488757
development_oof,x10,10,rbf_svc,593,90,2,0,0,-1.097697889464592
development_oof,x10,10,rbf_svc,598,90,2,0,0,-0.8200065642078354
development_oof,x10,10,rbf_svc,599,340,2,0,0,-0.9311171893609118
development_oof,x10,10,rbf_svc,603,40,2,1,1,1.2141856395899915
development_oof,x10,10,rbf_svc,609,7,2,0,0,-1.009812093299535
development_oof,x10,10,rbf_svc,623,150,2,0,0,-1.0148478741562816
development_oof,x10,10,rbf_svc,624,149,2,1,0,-0.6879225977293335
development_oof,x10,10,rbf_svc,636,334,2,1,0,-0.6502810467686007
development_oof,x10,10,rbf_svc,661,90,2,0,0,-1.0331895825126751
development_oof,x10,10,rbf_svc,670,322,2,0,1,0.35604401427640897
development_oof,x10,10,rbf_svc,677,319,2,0,0,-0.8780138023200674
development_oof,x10,10,rbf_svc,707,311,2,0,0,-0.4805803860645175
development_oof,x10,10,rbf_svc,710,75,2,1,0,-1.1901214434631933
development_oof,x10,10,rbf_svc,716,309,2,0,0,-0.8985273129285773
development_oof,x10,10,rbf_svc,762,302,2,0,0,-0.5523657461174101
development_oof,x10,10,rbf_svc,766,130,2,0,0,-0.864845641354349
development_oof,x10,10,rbf_svc,777,297,2,0,0,-1.1213930356789517
development_oof,x10,10,rbf_svc,790,62,2,1,0,-0.5568354324289646
development_oof,x10,10,rbf_svc,791,294,2,0,0,-1.2115911107779893
development_oof,x10,10,rbf_svc,793,292,2,1,0,-1.1702571805562303
development_oof,x10,10,rbf_svc,810,286,2,0,0,-1.2542550931346121
development_oof,x10,10,rbf_svc,819,130,2,1,0,-0.8052804276808012
development_oof,x10,10,rbf_svc,825,83,2,0,0,-0.4144173585283448
development_oof,x10,10,rbf_svc,831,281,2,0,0,-1.0435112986252073
development_oof,x10,10,rbf_svc,842,277,2,0,0,-0.6720992536482284
development_oof,x10,10,rbf_svc,850,273,2,0,0,-0.8434658130631494
development_oof,x10,10,rbf_svc,859,267,2,0,0,-0.5510570659473619
development_oof,x10,10,rbf_svc,863,81,2,1,0,-0.4815867101752853
development_oof,x10,10,rbf_svc,884,257,2,0,0,-0.8796107229699368
development_oof,x10,10,rbf_svc,895,124,2,0,0,-0.5554952972302067
development_oof,x10,10,rbf_svc,896,251,2,0,0,-0.7207150482586422
development_oof,x10,10,rbf_svc,914,56,2,1,1,1.0734747505318902
development_oof,x10,10,rbf_svc,922,240,2,0,0,-1.0730593986862638
development_oof,x10,10,rbf_svc,923,23,2,0,0,-0.9212403914742482
development_oof,x10,10,rbf_svc,933,232,2,0,0,-0.9826695630998121
development_oof,x10,10,rbf_svc,947,226,2,0,0,-0.7283795051086006
development_oof,x10,10,rbf_svc,951,223,2,0,0,-0.6401940192912563
development_oof,x10,10,rbf_svc,953,119,2,0,0,-0.8760286872459777
development_oof,x10,10,rbf_svc,965,216,2,0,0,-0.690203131801622
development_oof,x10,10,rbf_svc,976,209,2,0,0,-1.1334140529916001
development_oof,x10,10,rbf_svc,986,113,2,0,0,-0.9747587278821661
development_oof,x10,10,rbf_svc,1001,107,2,0,0,-0.008233616278165101
development_oof,x10,10,rbf_svc,1005,196,2,0,0,-0.7594454357810192
development_oof,x10,10,rbf_svc,1020,188,2,0,1,0.08632440483429193
development_oof,x10,10,rbf_svc,1026,186,2,1,0,-0.8360484051314918
development_oof,x10,10,rbf_svc,1030,182,2,0,0,-0.7749769008361711
development_oof,x10,10,rbf_svc,20,3,3,0,0,-0.6360521025280913
development_oof,x10,10,rbf_svc,29,453,3,0,0,-1.027034989136145
development_oof,x10,10,rbf_svc,31,3,3,0,0,-1.035377743005756
development_oof,x10,10,rbf_svc,36,80,3,0,0,-1.0049702803692897
development_oof,x10,10,rbf_svc,39,42,3,0,0,-0.9758402453303988
development_oof,x10,10,rbf_svc,42,3,3,0,0,-0.946279890469497
development_oof,x10,10,rbf_svc,78,443,3,1,1,0.9082628772155769
development_oof,x10,10,rbf_svc,87,439,3,0,0,-1.3332517730284512
development_oof,x10,10,rbf_svc,92,27,3,1,0,-0.7293958601392138
development_oof,x10,10,rbf_svc,93,165,3,0,0,-1.0781551032097374
development_oof,x10,10,rbf_svc,101,27,3,0,0,-0.936322021583042
development_oof,x10,10,rbf_svc,125,111,3,0,0,-0.480284874781583
development_oof,x10,10,rbf_svc,145,430,3,0,0,-0.1230458385657559
development_oof,x10,10,rbf_svc,146,59,3,1,1,0.06245256101452373
development_oof,x10,10,rbf_svc,147,16,3,0,0,-0.7156184805827251
development_oof,x10,10,rbf_svc,148,59,3,1,0,-0.023098302164589968
development_oof,x10,10,rbf_svc,154,59,3,1,0,-0.30024527684887614
development_oof,x10,10,rbf_svc,158,428,3,0,0,-0.649404821011018
development_oof,x10,10,rbf_svc,173,52,3,0,0,-0.2502579006699218
development_oof,x10,10,rbf_svc,175,38,3,1,1,1.292524433648592
development_oof,x10,10,rbf_svc,176,3,3,0,0,-1.0023463349633968
development_oof,x10,10,rbf_svc,192,8,3,0,0,-1.3604150361782046
development_oof,x10,10,rbf_svc,196,8,3,0,0,-1.1807591496461627
development_oof,x10,10,rbf_svc,202,421,3,0,0,-1.438566342470072
development_oof,x10,10,rbf_svc,211,8,3,0,0,-1.133314723980873
development_oof,x10,10,rbf_svc,217,8,3,0,0,-1.036115490521384
development_oof,x10,10,rbf_svc,218,8,3,0,0,-1.292625360745388
development_oof,x10,10,rbf_svc,220,8,3,0,0,-0.8960042042183748
development_oof,x10,10,rbf_svc,226,8,3,0,0,-1.3379947366144402
development_oof,x10,10,rbf_svc,227,38,3,1,1,1.0658757126467826
development_oof,x10,10,rbf_svc,230,121,3,1,1,0.2698923622921445
development_oof,x10,10,rbf_svc,238,415,3,0,0,-0.9245137857189117
development_oof,x10,10,rbf_svc,239,3,3,0,0,-0.46096500249153805
development_oof,x10,10,rbf_svc,242,52,3,1,1,1.4571475736072608
development_oof,x10,10,rbf_svc,252,3,3,0,0,-1.0625484017353486
development_oof,x10,10,rbf_svc,257,80,3,0,0,-0.8276060161882667
development_oof,x10,10,rbf_svc,266,103,3,1,1,1.235401048956096
development_oof,x10,10,rbf_svc,268,8,3,0,0,-1.1026256642186647
development_oof,x10,10,rbf_svc,271,165,3,0,0,-1.0931077973684036
development_oof,x10,10,rbf_svc,278,407,3,0,0,-1.1346859190157894
development_oof,x10,10,rbf_svc,279,3,3,0,0,-0.9424612639387665
development_oof,x10,10,rbf_svc,284,38,3,1,1,1.1895179975225134
development_oof,x10,10,rbf_svc,285,3,3,0,0,-1.2039549346322826
development_oof,x10,10,rbf_svc,286,3,3,0,0,-1.0239834304513975
development_oof,x10,10,rbf_svc,287,158,3,0,0,-1.2381652083439603
development_oof,x10,10,rbf_svc,290,164,3,1,1,1.1819981239398292
development_oof,x10,10,rbf_svc,300,404,3,1,1,1.2073217897715776
development_oof,x10,10,rbf_svc,309,22,3,0,0,-1.1221536381908028
development_oof,x10,10,rbf_svc,320,38,3,1,1,1.3852450017634117
development_oof,x10,10,rbf_svc,321,397,3,0,0,-0.585724743463463
development_oof,x10,10,rbf_svc,323,3,3,0,0,-0.9768806292578663
development_oof,x10,10,rbf_svc,327,3,3,0,0,-0.6205451159447039
development_oof,x10,10,rbf_svc,332,38,3,1,1,1.285511989769641
development_oof,x10,10,rbf_svc,333,8,3,0,0,-1.074328325523084
development_oof,x10,10,rbf_svc,341,135,3,1,0,-0.37161674912808007
development_oof,x10,10,rbf_svc,348,3,3,0,0,-0.9095117099393807
development_oof,x10,10,rbf_svc,349,22,3,1,0,-1.4056698124098546
development_oof,x10,10,rbf_svc,353,3,3,1,0,-1.2621232516843581
development_oof,x10,10,rbf_svc,354,391,3,1,0,-0.22698649755636324
development_oof,x10,10,rbf_svc,356,390,3,0,0,-0.36736881780201813
development_oof,x10,10,rbf_svc,363,22,3,0,0,-1.338924105308858
development_oof,x10,10,rbf_svc,370,8,3,0,0,-0.8326165109541374
development_oof,x10,10,rbf_svc,387,383,3,1,0,-1.3131723015891974
development_oof,x10,10,rbf_svc,406,78,3,0,0,-0.8585758968125682
development_oof,x10,10,rbf_svc,412,3,3,0,0,-0.7555070681245083
development_oof,x10,10,rbf_svc,414,3,3,0,0,-0.541627863433558
development_oof,x10,10,rbf_svc,416,378,3,0,0,-1.3904443408049287
development_oof,x10,10,rbf_svc,417,22,3,0,0,-1.0860402188952043
development_oof,x10,10,rbf_svc,419,154,3,1,1,1.4998830350184185
development_oof,x10,10,rbf_svc,421,27,3,0,0,-1.007457285404092
development_oof,x10,10,rbf_svc,424,27,3,0,0,-0.5049441555076618
development_oof,x10,10,rbf_svc,437,158,3,0,0,-1.109966842760763
development_oof,x10,10,rbf_svc,438,96,3,1,0,-0.7236571112464955
development_oof,x10,10,rbf_svc,441,27,3,1,0,-0.8765671738376856
development_oof,x10,10,rbf_svc,443,372,3,0,0,-1.3884620566838644
development_oof,x10,10,rbf_svc,448,13,3,0,0,-0.49484106838786535
development_oof,x10,10,rbf_svc,450,3,3,0,0,-0.8411214561020705
development_oof,x10,10,rbf_svc,451,3,3,0,1,0.12067785940057268
development_oof,x10,10,rbf_svc,456,78,3,0,0,-0.7391493848624425
development_oof,x10,10,rbf_svc,469,8,3,0,0,-0.8524138774069435
development_oof,x10,10,rbf_svc,473,22,3,0,0,-1.3297434013015161
development_oof,x10,10,rbf_svc,483,27,3,0,0,-0.7399239929058566
development_oof,x10,10,rbf_svc,490,364,3,0,0,-0.7437121637649678
development_oof,x10,10,rbf_svc,511,129,3,0,0,-1.0411267335261436
development_oof,x10,10,rbf_svc,522,154,3,1,1,1.2615555913417964
development_oof,x10,10,rbf_svc,544,63,3,1,0,-1.0182902010806356
development_oof,x10,10,rbf_svc,547,77,3,0,0,-0.8594324921839139
development_oof,x10,10,rbf_svc,550,354,3,0,0,-0.8984047732623107
development_oof,x10,10,rbf_svc,556,13,3,0,0,-0.3363924323567521
development_oof,x10,10,rbf_svc,567,13,3,0,0,-0.3342978843877952
development_oof,x10,10,rbf_svc,580,348,3,1,0,-0.09473137544995758
development_oof,x10,10,rbf_svc,597,341,3,0,0,-0.7758566217221236
development_oof,x10,10,rbf_svc,606,337,3,0,0,-1.3346287688628102
development_oof,x10,10,rbf_svc,628,147,3,0,0,-1.5626619705785663
development_oof,x10,10,rbf_svc,632,77,3,0,0,-0.669064102254611
development_oof,x10,10,rbf_svc,649,89,3,0,0,-1.094482060500631
development_oof,x10,10,rbf_svc,652,328,3,0,0,-0.49154703855925763
development_oof,x10,10,rbf_svc,681,318,3,0,0,-0.7611191992737466
development_oof,x10,10,rbf_svc,685,33,3,0,0,-1.0712467857838277
development_oof,x10,10,rbf_svc,686,144,3,1,0,-0.5617526175668096
development_oof,x10,10,rbf_svc,690,315,3,0,0,-0.8489376079342766
development_oof,x10,10,rbf_svc,694,33,3,0,0,-1.576930097782275
development_oof,x10,10,rbf_svc,696,89,3,0,0,-1.303644005797357
development_oof,x10,10,rbf_svc,717,140,3,0,1,0.06875978946757477
development_oof,x10,10,rbf_svc,718,308,3,0,0,-1.5136542391632233
development_oof,x10,10,rbf_svc,743,13,3,0,0,-0.6542091001950757
development_oof,x10,10,rbf_svc,756,303,3,0,0,-0.6283454639516662
development_oof,x10,10,rbf_svc,767,63,3,1,0,-1.134917272197554
development_oof,x10,10,rbf_svc,768,300,3,0,1,1.3943636949346119
development_oof,x10,10,rbf_svc,769,135,3,0,0,-0.3970889122399547
development_oof,x10,10,rbf_svc,801,290,3,0,0,-1.0490694106025318
development_oof,x10,10,rbf_svc,805,63,3,1,0,-0.26744773214684736
development_oof,x10,10,rbf_svc,807,288,3,0,0,-1.506849678080112
development_oof,x10,10,rbf_svc,808,33,3,0,0,-0.5587032120129266
development_oof,x10,10,rbf_svc,813,33,3,0,0,-0.30368280292553884
development_oof,x10,10,rbf_svc,821,282,3,0,0,-0.3136124747189283
development_oof,x10,10,rbf_svc,827,129,3,0,0,-0.9430315546845908
development_oof,x10,10,rbf_svc,847,274,3,0,0,-1.2237185091009128
development_oof,x10,10,rbf_svc,854,271,3,0,0,-1.6062898160919974
development_oof,x10,10,rbf_svc,864,264,3,0,0,-1.3034219847056145
development_oof,x10,10,rbf_svc,866,262,3,0,0,-0.10985983812595956
development_oof,x10,10,rbf_svc,869,80,3,0,0,-0.9407437106486195
development_oof,x10,10,rbf_svc,881,259,3,0,0,-0.40069060660609435
development_oof,x10,10,rbf_svc,883,59,3,1,1,0.3939698475552248
development_oof,x10,10,rbf_svc,893,253,3,0,0,-0.667927788945997
development_oof,x10,10,rbf_svc,899,123,3,1,1,1.3512227255259273
development_oof,x10,10,rbf_svc,904,52,3,1,1,1.3771406435788152
development_oof,x10,10,rbf_svc,913,121,3,1,1,1.3604323512899628
development_oof,x10,10,rbf_svc,917,243,3,1,0,-0.6905661268230151
development_oof,x10,10,rbf_svc,920,241,3,0,0,-0.8219203886226486
development_oof,x10,10,rbf_svc,921,16,3,0,0,-0.3548208231507901
development_oof,x10,10,rbf_svc,930,235,3,1,1,0.3342109572742929
development_oof,x10,10,rbf_svc,935,231,3,0,0,-0.9654321159589082
development_oof,x10,10,rbf_svc,940,78,3,0,0,-0.7640192746443647
development_oof,x10,10,rbf_svc,945,227,3,0,0,-0.48545737288520596
development_oof,x10,10,rbf_svc,962,218,3,0,0,-1.0506660940783954
development_oof,x10,10,rbf_svc,963,217,3,0,0,-1.2800273263009552
development_oof,x10,10,rbf_svc,973,210,3,0,0,-1.42736204757975
development_oof,x10,10,rbf_svc,982,77,3,0,0,-0.7779020896743493
development_oof,x10,10,rbf_svc,988,202,3,1,0,-0.9002394463263844
development_oof,x10,10,rbf_svc,998,198,3,0,0,-1.1920114287620334
development_oof,x10,10,rbf_svc,1002,197,3,0,0,-0.5244226073288895
development_oof,x10,10,rbf_svc,1006,111,3,0,0,-1.2467011841338103
development_oof,x10,10,rbf_svc,1017,189,3,0,0,-0.9033234440110581
development_oof,x10,10,rbf_svc,1025,63,3,1,0,-2.0063598108265106
development_oof,x10,10,rbf_svc,1028,184,3,0,0,-0.5294179395997228
development_oof,x10,10,rbf_svc,1029,183,3,0,0,-0.8740447838503042
development_oof,x10,10,rbf_svc,16,93,4,1,1,1.1066634046119668
development_oof,x10,10,rbf_svc,19,457,4,0,0,-0.9482213567400302
development_oof,x10,10,rbf_svc,27,53,4,0,0,-1.0204207077444671
development_oof,x10,10,rbf_svc,44,450,4,0,0,-1.0721207660363992
development_oof,x10,10,rbf_svc,60,4,4,1,0,-0.7446484133059346
development_oof,x10,10,rbf_svc,62,82,4,0,0,-1.0070845212454858
development_oof,x10,10,rbf_svc,66,82,4,1,0,-0.8956150375472718
development_oof,x10,10,rbf_svc,69,444,4,0,0,-1.008719984770451
development_oof,x10,10,rbf_svc,83,60,4,1,0,-0.25584465109901666
development_oof,x10,10,rbf_svc,84,9,4,1,1,2.22750982941505
development_oof,x10,10,rbf_svc,86,174,4,1,1,1.0169017505804891
development_oof,x10,10,rbf_svc,90,9,4,1,1,1.0442303326121314
development_oof,x10,10,rbf_svc,95,161,4,0,0,-1.0593841607980266
development_oof,x10,10,rbf_svc,102,15,4,0,0,-0.839886103580306
development_oof,x10,10,rbf_svc,112,9,4,1,1,1.1155580501639721
development_oof,x10,10,rbf_svc,117,433,4,0,0,-0.9793319485514993
development_oof,x10,10,rbf_svc,119,0,4,0,0,-0.962922829972046
development_oof,x10,10,rbf_svc,123,9,4,1,1,1.1847584963866566
development_oof,x10,10,rbf_svc,131,170,4,1,0,-0.25584465109901666
development_oof,x10,10,rbf_svc,134,15,4,0,0,-1.0457086075885833
development_oof,x10,10,rbf_svc,138,431,4,0,0,-0.5915462063309027
development_oof,x10,10,rbf_svc,142,0,4,0,0,-0.941549674910886
development_oof,x10,10,rbf_svc,156,9,4,1,1,1.0418415878391318
development_oof,x10,10,rbf_svc,157,0,4,0,0,-1.0076508196430085
development_oof,x10,10,rbf_svc,159,4,4,1,0,-0.8449648309816924
development_oof,x10,10,rbf_svc,169,9,4,1,1,1.0791486399606662
development_oof,x10,10,rbf_svc,170,60,4,1,0,-0.8184005949008513
development_oof,x10,10,rbf_svc,178,54,4,0,0,-1.0327037004397117
development_oof,x10,10,rbf_svc,181,9,4,1,1,1.0250818720660133
development_oof,x10,10,rbf_svc,183,422,4,0,0,-0.992385073850524
development_oof,x10,10,rbf_svc,184,4,4,1,0,-0.8245362418594349
development_oof,x10,10,rbf_svc,187,9,4,1,1,1.0696275359240075
development_oof,x10,10,rbf_svc,193,9,4,1,1,1.086680984734203
development_oof,x10,10,rbf_svc,198,53,4,0,0,-0.963111601750104
development_oof,x10,10,rbf_svc,201,9,4,1,1,1.1052299408201
development_oof,x10,10,rbf_svc,206,125,4,1,0,-1.0544168433792103
development_oof,x10,10,rbf_svc,210,104,4,1,1,0.9896176835606818
development_oof,x10,10,rbf_svc,221,9,4,1,1,1.0127017664441222
development_oof,x10,10,rbf_svc,236,416,4,1,0,-1.1011711482728899
development_oof,x10,10,rbf_svc,258,35,4,0,0,-0.9972870519879042
development_oof,x10,10,rbf_svc,277,102,4,1,0,-0.9726879305272291
development_oof,x10,10,rbf_svc,294,122,4,0,0,-0.878477297683073
development_oof,x10,10,rbf_svc,304,24,4,1,0,-0.9779607828443337
development_oof,x10,10,rbf_svc,310,401,4,0,0,-1.0182047047583658
development_oof,x10,10,rbf_svc,311,400,4,1,0,-0.9721101972577744
development_oof,x10,10,rbf_svc,322,15,4,0,0,-0.6875055021424363
development_oof,x10,10,rbf_svc,335,15,4,0,0,-0.8500339776572985
development_oof,x10,10,rbf_svc,337,15,4,0,0,-0.996799266040429
development_oof,x10,10,rbf_svc,355,15,4,0,0,-1.029485458538324
development_oof,x10,10,rbf_svc,358,389,4,0,0,-0.7106121600263209
development_oof,x10,10,rbf_svc,371,161,4,0,0,-0.9216530485726642
development_oof,x10,10,rbf_svc,379,24,4,0,0,-1.012507593926403
development_oof,x10,10,rbf_svc,382,384,4,0,0,-0.9750747418680201
development_oof,x10,10,rbf_svc,384,69,4,0,0,-0.8890305401373975
development_oof,x10,10,rbf_svc,386,4,4,1,0,-0.841913952198686
development_oof,x10,10,rbf_svc,392,4,4,1,1,0.25593060034452186
development_oof,x10,10,rbf_svc,393,0,4,0,0,-0.9559887120115187
development_oof,x10,10,rbf_svc,400,28,4,0,0,-1.0407500430686314
development_oof,x10,10,rbf_svc,401,4,4,1,0,-0.8472209310328647
development_oof,x10,10,rbf_svc,404,35,4,0,0,-1.0689273832985102
development_oof,x10,10,rbf_svc,405,379,4,0,0,-0.8099133625258372
development_oof,x10,10,rbf_svc,407,160,4,0,0,-0.9802929129650231
development_oof,x10,10,rbf_svc,409,4,4,1,0,-0.5155132660484836
development_oof,x10,10,rbf_svc,423,50,4,0,0,-0.8095910299280584
development_oof,x10,10,rbf_svc,430,4,4,1,0,-0.9352550645987368
development_oof,x10,10,rbf_svc,434,97,4,1,1,1.0506677695823763
development_oof,x10,10,rbf_svc,446,4,4,1,0,-0.7904177415203217
development_oof,x10,10,rbf_svc,454,104,4,1,1,0.965714918752552
development_oof,x10,10,rbf_svc,455,93,4,1,1,1.132771623077785
development_oof,x10,10,rbf_svc,462,15,4,0,0,-0.9407061838404083
development_oof,x10,10,rbf_svc,464,4,4,1,0,-0.6534025070260814
development_oof,x10,10,rbf_svc,465,4,4,1,0,-0.5871890483310431
development_oof,x10,10,rbf_svc,466,0,4,0,0,-0.9367686403427178
development_oof,x10,10,rbf_svc,470,0,4,0,0,-0.9528089950995988
development_oof,x10,10,rbf_svc,480,367,4,0,0,-0.9270702540470683
development_oof,x10,10,rbf_svc,481,4,4,1,0,-0.7706057815662297
development_oof,x10,10,rbf_svc,484,365,4,0,0,-0.8744697121869764
development_oof,x10,10,rbf_svc,495,0,4,0,0,-1.0181475085306615
development_oof,x10,10,rbf_svc,498,54,4,0,0,-0.9241935214040211
development_oof,x10,10,rbf_svc,499,15,4,0,0,-0.9220024670615237
development_oof,x10,10,rbf_svc,500,28,4,0,0,-0.9984566665855104
development_oof,x10,10,rbf_svc,501,72,4,0,0,-1.003592165639692
development_oof,x10,10,rbf_svc,503,93,4,1,1,1.1325101409787086
development_oof,x10,10,rbf_svc,506,0,4,0,0,-1.045096327076454
development_oof,x10,10,rbf_svc,517,0,4,0,0,-0.9931536328708486
development_oof,x10,10,rbf_svc,519,53,4,0,0,-1.0351710500111677
development_oof,x10,10,rbf_svc,520,53,4,0,0,-1.041025580486418
development_oof,x10,10,rbf_svc,524,0,4,0,0,-0.9614086520206424
development_oof,x10,10,rbf_svc,525,15,4,0,0,-0.9390072168179735
development_oof,x10,10,rbf_svc,527,0,4,0,0,-0.9951990023143518
development_oof,x10,10,rbf_svc,528,359,4,0,0,-1.018422593906183
development_oof,x10,10,rbf_svc,529,0,4,0,0,-1.0402829207785556
development_oof,x10,10,rbf_svc,542,35,4,1,0,-1.0159372841855792
development_oof,x10,10,rbf_svc,543,0,4,0,0,-1.0105487966773188
development_oof,x10,10,rbf_svc,545,136,4,1,0,-0.9263155466199682
development_oof,x10,10,rbf_svc,553,0,4,0,0,-0.9696664734135614
development_oof,x10,10,rbf_svc,559,351,4,0,0,-1.008803635752305
development_oof,x10,10,rbf_svc,560,0,4,0,0,-1.042778396278489
development_oof,x10,10,rbf_svc,568,0,4,0,0,-0.9103415570357885
development_oof,x10,10,rbf_svc,570,0,4,1,0,-1.0003915064210207
development_oof,x10,10,rbf_svc,572,0,4,1,0,-0.9730373979997062
development_oof,x10,10,rbf_svc,577,44,4,0,0,-1.088230700948884
development_oof,x10,10,rbf_svc,581,347,4,0,0,-1.158895083537566
development_oof,x10,10,rbf_svc,582,44,4,0,0,-0.9761002976604423
development_oof,x10,10,rbf_svc,583,69,4,0,0,-0.9860926780354271
development_oof,x10,10,rbf_svc,588,344,4,0,0,-0.7756869443601806
development_oof,x10,10,rbf_svc,592,0,4,1,0,-0.9946585169930828
development_oof,x10,10,rbf_svc,595,35,4,0,0,-1.0394631196167468
development_oof,x10,10,rbf_svc,600,151,4,0,0,-1.0028599924446273
development_oof,x10,10,rbf_svc,602,338,4,0,0,-1.0234458712153023
development_oof,x10,10,rbf_svc,604,0,4,0,0,-0.9474480327917543
development_oof,x10,10,rbf_svc,605,0,4,0,0,-0.9639163161254287
development_oof,x10,10,rbf_svc,607,0,4,1,0,-0.9715093744898158
development_oof,x10,10,rbf_svc,608,0,4,0,0,-0.9878323561101583
development_oof,x10,10,rbf_svc,610,0,4,0,0,-0.9851925328929081
development_oof,x10,10,rbf_svc,611,0,4,0,0,-0.9138902767882153
development_oof,x10,10,rbf_svc,613,85,4,0,0,-0.8707884117930162
development_oof,x10,10,rbf_svc,615,0,4,0,0,-1.062960972494329
development_oof,x10,10,rbf_svc,627,335,4,0,0,-0.9239253860659589
development_oof,x10,10,rbf_svc,633,0,4,0,0,-1.036045156246772
development_oof,x10,10,rbf_svc,646,0,4,0,0,-0.8945081133125041
development_oof,x10,10,rbf_svc,647,0,4,0,0,-0.9243324876935688
development_oof,x10,10,rbf_svc,648,329,4,0,0,-1.0230115237321975
development_oof,x10,10,rbf_svc,657,4,4,1,0,-0.6509020643322003
development_oof,x10,10,rbf_svc,662,0,4,0,0,-0.9630447778496714
development_oof,x10,10,rbf_svc,665,69,4,1,0,-0.9320793764292632
development_oof,x10,10,rbf_svc,666,44,4,0,0,-0.9600769435186676
development_oof,x10,10,rbf_svc,667,0,4,0,0,-0.9946423133548064
development_oof,x10,10,rbf_svc,671,321,4,1,0,-1.0769241236634213
development_oof,x10,10,rbf_svc,674,4,4,0,0,-0.7269887107001174
development_oof,x10,10,rbf_svc,683,142,4,0,0,-0.5978721349468099
development_oof,x10,10,rbf_svc,691,142,4,0,0,-0.9923565535180696
development_oof,x10,10,rbf_svc,692,0,4,0,0,-1.1035702540054388
development_oof,x10,10,rbf_svc,693,0,4,0,0,-0.9820591954498754
development_oof,x10,10,rbf_svc,699,0,4,0,0,-0.9971835656686112
development_oof,x10,10,rbf_svc,701,0,4,1,0,-1.018568076986659
development_oof,x10,10,rbf_svc,704,313,4,0,0,-0.8271749489944895
development_oof,x10,10,rbf_svc,706,0,4,0,0,-0.8968785145549729
development_oof,x10,10,rbf_svc,715,4,4,1,0,-0.7922603857739627
development_oof,x10,10,rbf_svc,729,0,4,0,0,-1.0649607329390616
development_oof,x10,10,rbf_svc,731,60,4,0,0,-1.074657767224024
development_oof,x10,10,rbf_svc,735,132,4,0,0,-0.8052661015649085
development_oof,x10,10,rbf_svc,737,85,4,1,0,-1.079608925934827
development_oof,x10,10,rbf_svc,738,136,4,1,0,-0.8901839116111616
development_oof,x10,10,rbf_svc,740,44,4,0,0,-0.9531880904935379
development_oof,x10,10,rbf_svc,742,305,4,0,0,-0.9485387762115334
development_oof,x10,10,rbf_svc,745,0,4,0,0,-0.7292951172431859
development_oof,x10,10,rbf_svc,753,85,4,0,0,-1.0781199075975674
development_oof,x10,10,rbf_svc,761,44,4,0,0,-0.9536455697473958
development_oof,x10,10,rbf_svc,776,298,4,0,0,-0.9716094378325804
development_oof,x10,10,rbf_svc,794,0,4,0,0,-0.7142951947793459
development_oof,x10,10,rbf_svc,796,35,4,0,0,-0.9798266300389318
development_oof,x10,10,rbf_svc,800,132,4,0,0,-0.969515728858025
development_oof,x10,10,rbf_svc,803,289,4,0,0,-0.9240762373752762
development_oof,x10,10,rbf_svc,818,283,4,0,0,-0.9812069401067274
development_oof,x10,10,rbf_svc,822,35,4,0,0,-0.9144231009417103
development_oof,x10,10,rbf_svc,839,82,4,0,0,-1.02687386323209
development_oof,x10,10,rbf_svc,844,276,4,0,0,-1.178857166762131
development_oof,x10,10,rbf_svc,855,270,4,0,0,-0.6020493853901989
development_oof,x10,10,rbf_svc,865,263,4,0,0,-0.9968068874144107
development_oof,x10,10,rbf_svc,867,60,4,0,0,-0.5239882647159795
development_oof,x10,10,rbf_svc,885,256,4,0,0,-0.7138860725694629
development_oof,x10,10,rbf_svc,888,254,4,1,0,-0.9793724154879819
development_oof,x10,10,rbf_svc,891,125,4,0,0,-0.8833083335935261
development_oof,x10,10,rbf_svc,902,122,4,1,0,-0.9456942219938784
development_oof,x10,10,rbf_svc,907,246,4,0,0,-0.9979234498217147
development_oof,x10,10,rbf_svc,918,242,4,0,0,-0.9442435396848246
development_oof,x10,10,rbf_svc,931,234,4,0,0,-0.932012421432125
development_oof,x10,10,rbf_svc,949,224,4,0,0,-0.8598464824275185
development_oof,x10,10,rbf_svc,954,4,4,1,1,0.18502833897057425
development_oof,x10,10,rbf_svc,968,214,4,1,0,-0.644836109088406
development_oof,x10,10,rbf_svc,980,207,4,0,0,-1.0359906412907693
development_oof,x10,10,rbf_svc,981,206,4,0,0,-0.9414604790061749
development_oof,x10,10,rbf_svc,984,204,4,1,0,-0.7963488852931904
development_oof,x10,10,rbf_svc,991,0,4,0,0,-0.9791982422939665
development_oof,x10,10,rbf_svc,993,69,4,0,0,-0.8395743994068763
development_oof,x10,10,rbf_svc,995,112,4,0,0,-0.9997893493033998
development_oof,x10,10,rbf_svc,1016,190,4,1,0,-1.0270393511914424
development_oof,x10,10,rbf_svc,1024,4,4,1,0,-0.6970595926732917
development_oof,x10,10,rbf_svc,1031,181,4,0,0,-0.04971067787974315
development_oof,x10,10,rbf_svc,1033,179,4,0,0,-0.8380080790178397
development_oof,x10,10,rbf_svc,5,31,5,1,1,1.1545972900877735
development_oof,x10,10,rbf_svc,6,61,5,0,0,-0.9528699640016665
development_oof,x10,10,rbf_svc,15,458,5,1,1,0.9732726923417698
development_oof,x10,10,rbf_svc,23,11,5,0,0,-0.38509463937901267
development_oof,x10,10,rbf_svc,26,11,5,0,0,-0.9200052214582477
development_oof,x10,10,rbf_svc,41,451,5,0,0,-1.1722253873434363
development_oof,x10,10,rbf_svc,46,18,5,0,1,1.0694801715876523
development_oof,x10,10,rbf_svc,49,11,5,0,0,-1.0959227919989132
development_oof,x10,10,rbf_svc,52,448,5,0,0,-1.1842955977597371
development_oof,x10,10,rbf_svc,57,61,5,0,0,-0.9474982894482478
development_oof,x10,10,rbf_svc,58,11,5,0,0,-1.0518824517952858
development_oof,x10,10,rbf_svc,59,11,5,0,0,-0.5480084514124781
development_oof,x10,10,rbf_svc,76,11,5,0,1,1.0403566211578101
development_oof,x10,10,rbf_svc,79,175,5,1,0,-0.32979267954885594
development_oof,x10,10,rbf_svc,85,17,5,1,1,0.9200813563230059
development_oof,x10,10,rbf_svc,96,18,5,1,1,1.2274647124543194
development_oof,x10,10,rbf_svc,98,438,5,0,0,-0.8620416727060263
development_oof,x10,10,rbf_svc,100,31,5,1,1,0.983847346893445
development_oof,x10,10,rbf_svc,105,437,5,1,0,-0.5421706491286946
development_oof,x10,10,rbf_svc,106,18,5,1,1,1.0457453674075818
development_oof,x10,10,rbf_svc,111,106,5,0,0,-0.44676781449866954
development_oof,x10,10,rbf_svc,116,434,5,0,1,0.5038530050805139
development_oof,x10,10,rbf_svc,130,171,5,0,0,-0.524219450347948
development_oof,x10,10,rbf_svc,132,18,5,1,1,1.1030018295220687
development_oof,x10,10,rbf_svc,141,106,5,0,0,-1.0777052797888984
development_oof,x10,10,rbf_svc,149,106,5,0,0,-0.6818485662075775
development_oof,x10,10,rbf_svc,150,55,5,1,1,0.9714476393609848
development_oof,x10,10,rbf_svc,152,429,5,0,0,-0.5274824129656144
development_oof,x10,10,rbf_svc,161,427,5,0,0,-0.32859221415341056
development_oof,x10,10,rbf_svc,163,18,5,1,1,2.8881403184268617
development_oof,x10,10,rbf_svc,165,17,5,1,1,1.0576383684781878
development_oof,x10,10,rbf_svc,167,18,5,1,1,1.1148641034217097
development_oof,x10,10,rbf_svc,172,423,5,0,1,2.7679601993635607
development_oof,x10,10,rbf_svc,179,11,5,0,0,-0.401727513962141
development_oof,x10,10,rbf_svc,182,31,5,1,1,0.9479273228773444
development_oof,x10,10,rbf_svc,186,18,5,1,1,1.1111753131363438
development_oof,x10,10,rbf_svc,195,31,5,1,1,1.0960492978724055
development_oof,x10,10,rbf_svc,208,31,5,1,1,1.2613912726650316
development_oof,x10,10,rbf_svc,215,61,5,0,0,-0.5862301846416413
development_oof,x10,10,rbf_svc,219,418,5,0,0,-1.0558643521437643
development_oof,x10,10,rbf_svc,223,68,5,0,0,-1.1652747712533598
development_oof,x10,10,rbf_svc,225,55,5,1,1,1.0918097380158582
development_oof,x10,10,rbf_svc,231,417,5,0,0,-1.1172681089800889
development_oof,x10,10,rbf_svc,233,17,5,1,1,0.865171777041982
development_oof,x10,10,rbf_svc,255,410,5,0,0,-0.9736383088520213
development_oof,x10,10,rbf_svc,256,18,5,1,1,1.0227381706233358
development_oof,x10,10,rbf_svc,259,409,5,0,0,-0.5765156276571337
development_oof,x10,10,rbf_svc,261,25,5,1,0,-1.0715676926391013
development_oof,x10,10,rbf_svc,273,25,5,1,0,-0.9670753595606356
development_oof,x10,10,rbf_svc,276,17,5,1,1,1.221438361576577
development_oof,x10,10,rbf_svc,297,163,5,0,0,-0.9646399724904293
development_oof,x10,10,rbf_svc,298,405,5,0,0,-1.1552241823881377
development_oof,x10,10,rbf_svc,316,100,5,0,0,-0.9838519829251575
development_oof,x10,10,rbf_svc,319,163,5,0,0,-1.0802327846793378
development_oof,x10,10,rbf_svc,326,157,5,1,1,1.0714837221317952
development_oof,x10,10,rbf_svc,330,76,5,1,0,-1.14138769845663
development_oof,x10,10,rbf_svc,334,394,5,0,0,-0.8877252012028987
development_oof,x10,10,rbf_svc,336,55,5,1,1,0.967497560081066
development_oof,x10,10,rbf_svc,338,17,5,1,1,1.0303301466740524
development_oof,x10,10,rbf_svc,339,11,5,0,1,0.7973235348597841
development_oof,x10,10,rbf_svc,340,393,5,0,0,-0.9833653163904701
development_oof,x10,10,rbf_svc,343,17,5,1,1,1.004459905010834
development_oof,x10,10,rbf_svc,347,17,5,1,1,1.0706330989845945
development_oof,x10,10,rbf_svc,351,100,5,1,0,-0.9107229653283613
development_oof,x10,10,rbf_svc,357,37,5,1,1,1.1582293287129266
development_oof,x10,10,rbf_svc,364,25,5,1,0,-0.9577137824825053
development_oof,x10,10,rbf_svc,372,17,5,1,1,1.1055994212263003
development_oof,x10,10,rbf_svc,377,386,5,0,0,-0.8972379653228162
development_oof,x10,10,rbf_svc,381,76,5,0,0,-1.0664440416198795
development_oof,x10,10,rbf_svc,397,11,5,0,0,-0.9961144678552667
development_oof,x10,10,rbf_svc,402,380,5,0,0,-1.137892544401786
development_oof,x10,10,rbf_svc,435,374,5,0,0,-0.9991448268558345
development_oof,x10,10,rbf_svc,436,25,5,1,0,-0.5041472656635071
development_oof,x10,10,rbf_svc,458,18,5,0,1,1.1668068315552602
development_oof,x10,10,rbf_svc,459,25,5,1,0,-1.0677277189019014
development_oof,x10,10,rbf_svc,468,370,5,0,0,-1.0568041061535396
development_oof,x10,10,rbf_svc,479,368,5,0,0,-0.9197854098698055
development_oof,x10,10,rbf_svc,486,157,5,0,0,-1.1643170055422132
development_oof,x10,10,rbf_svc,494,94,5,0,0,-0.782776625505403
development_oof,x10,10,rbf_svc,533,71,5,0,0,-0.5297359820702139
development_oof,x10,10,rbf_svc,536,71,5,0,0,-0.6729376640849221
development_oof,x10,10,rbf_svc,549,355,5,0,0,-0.6714970730779652
development_oof,x10,10,rbf_svc,555,352,5,1,1,1.2681120734029148
development_oof,x10,10,rbf_svc,557,66,5,0,0,-0.45150220679741593
development_oof,x10,10,rbf_svc,563,71,5,0,0,-0.4930831721338287
development_oof,x10,10,rbf_svc,575,115,5,0,0,-0.32985129589079154
development_oof,x10,10,rbf_svc,579,114,5,1,0,-0.8482795568149781
development_oof,x10,10,rbf_svc,585,31,5,1,1,1.2936424463021399
development_oof,x10,10,rbf_svc,587,345,5,0,0,-0.10158805525259917
development_oof,x10,10,rbf_svc,601,339,5,0,0,-1.2323092067950416
development_oof,x10,10,rbf_svc,612,87,5,0,0,-1.0083982719470248
development_oof,x10,10,rbf_svc,620,68,5,0,0,-1.2348611563327034
development_oof,x10,10,rbf_svc,634,17,5,1,1,1.0721364959522024
development_oof,x10,10,rbf_svc,635,68,5,1,0,-1.0359780129650635
development_oof,x10,10,rbf_svc,640,146,5,0,0,-0.9243708880747514
development_oof,x10,10,rbf_svc,641,66,5,0,0,-0.9237046789216439
development_oof,x10,10,rbf_svc,643,330,5,0,0,-1.1033058008180745
development_oof,x10,10,rbf_svc,645,146,5,0,0,-1.1661475122024798
development_oof,x10,10,rbf_svc,656,326,5,0,0,-0.5440363849060972
development_oof,x10,10,rbf_svc,664,116,5,0,0,-0.9289728812253608
development_oof,x10,10,rbf_svc,675,71,5,0,0,-0.35162401090833906
development_oof,x10,10,rbf_svc,682,317,5,0,0,-0.9201145346018322
development_oof,x10,10,rbf_svc,688,143,5,0,0,-0.8233820529105571
development_oof,x10,10,rbf_svc,698,314,5,0,0,-0.6523266991024499
development_oof,x10,10,rbf_svc,711,45,5,0,0,-0.6930534073670713
development_oof,x10,10,rbf_svc,723,25,5,0,0,-0.9058449252598189
development_oof,x10,10,rbf_svc,725,45,5,1,0,-0.6796655209251206
development_oof,x10,10,rbf_svc,726,31,5,1,1,1.0918392541173965
development_oof,x10,10,rbf_svc,732,45,5,0,0,-0.6681211899882677
development_oof,x10,10,rbf_svc,736,137,5,0,0,-0.22954196357194534
development_oof,x10,10,rbf_svc,741,306,5,0,0,-1.2234371244433555
development_oof,x10,10,rbf_svc,744,87,5,0,0,-1.1731012181881242
development_oof,x10,10,rbf_svc,749,11,5,0,0,-0.9197206244298834
development_oof,x10,10,rbf_svc,799,45,5,0,0,-0.37810972291735734
development_oof,x10,10,rbf_svc,802,131,5,0,0,-0.905530053546135
development_oof,x10,10,rbf_svc,816,284,5,0,0,-0.2926924278661287
development_oof,x10,10,rbf_svc,837,278,5,0,0,-0.7092692666842735
development_oof,x10,10,rbf_svc,845,11,5,0,0,-0.933668226573287
development_oof,x10,10,rbf_svc,857,268,5,0,0,-0.87181488854429
development_oof,x10,10,rbf_svc,858,61,5,0,0,-0.586262779445933
development_oof,x10,10,rbf_svc,860,266,5,0,0,-0.5520492902177849
development_oof,x10,10,rbf_svc,870,260,5,0,0,-1.0855417841778043
development_oof,x10,10,rbf_svc,900,249,5,0,0,-0.868792196100413
development_oof,x10,10,rbf_svc,906,247,5,0,0,-1.1445223665601347
development_oof,x10,10,rbf_svc,915,25,5,1,0,-1.0080668155091226
development_oof,x10,10,rbf_svc,926,238,5,1,0,-1.0926321528909504
development_oof,x10,10,rbf_svc,939,229,5,1,0,-0.13642212450521107
development_oof,x10,10,rbf_svc,948,225,5,1,0,-0.2451987681290193
development_oof,x10,10,rbf_svc,958,220,5,0,0,-1.3031498673127577
development_oof,x10,10,rbf_svc,960,116,5,0,0,-0.8581173362642585
development_oof,x10,10,rbf_svc,969,115,5,0,0,-0.21267075598061203
development_oof,x10,10,rbf_svc,971,212,5,1,1,0.06488304698566605
development_oof,x10,10,rbf_svc,972,211,5,0,0,-1.0472116401355913
development_oof,x10,10,rbf_svc,974,45,5,0,0,-0.5857896337349244
development_oof,x10,10,rbf_svc,975,66,5,0,0,-0.8918966484681314
development_oof,x10,10,rbf_svc,979,114,5,0,0,-1.0770225765086436
development_oof,x10,10,rbf_svc,990,201,5,0,0,-0.5647966312621058
development_oof,x10,10,rbf_svc,1008,76,5,0,0,-1.1300111375647621
development_oof,x10,10,rbf_svc,1010,194,5,0,0,-0.20194202767303593
development_oof,x10,10,rbf_svc,1015,191,5,1,0,-1.0231210859661057
development_oof,x10,10,rbf_svc,1027,185,5,1,1,1.5588774974926676
development_oof,x10,10,rbf_svc,1032,180,5,0,0,-0.35690476512042557
development_oof,x10,10,random_forest,3,108,1,0,0,0.06496310222262858
development_oof,x10,10,random_forest,13,109,1,1,1,0.9209740712116248
development_oof,x10,10,random_forest,22,456,1,0,0,0.24504893602271527
development_oof,x10,10,random_forest,24,455,1,0,0,0.39255739697199304
development_oof,x10,10,random_forest,25,12,1,1,0,0.3482245464277645
development_oof,x10,10,random_forest,35,108,1,0,0,0.10621078965966396
development_oof,x10,10,random_forest,43,6,1,0,0,0.09845391010609325
development_oof,x10,10,random_forest,53,447,1,0,0,0.2969159433673017
development_oof,x10,10,random_forest,65,168,1,1,1,0.9656618456530837
development_oof,x10,10,random_forest,68,445,1,1,0,0.26888232152150787
development_oof,x10,10,random_forest,70,166,1,0,0,0.1702758237981801
development_oof,x10,10,random_forest,72,12,1,1,0,0.3774451358318734
development_oof,x10,10,random_forest,75,108,1,0,0,0.1942567290728514
development_oof,x10,10,random_forest,88,12,1,0,0,0.21938978877906976
development_oof,x10,10,random_forest,89,6,1,0,0,0.09581133211239816
development_oof,x10,10,random_forest,110,41,1,0,0,0.2815382383610816
development_oof,x10,10,random_forest,129,58,1,1,1,0.5191576351578856
development_oof,x10,10,random_forest,133,432,1,1,1,0.8148831485288839
development_oof,x10,10,random_forest,144,41,1,0,0,0.20044519913717695
development_oof,x10,10,random_forest,153,41,1,0,0,0.42002636667325927
development_oof,x10,10,random_forest,155,41,1,0,0,0.2513744862912796
development_oof,x10,10,random_forest,168,424,1,0,0,0.11509629534414413
development_oof,x10,10,random_forest,171,41,1,1,0,0.4239110361190133
development_oof,x10,10,random_forest,197,168,1,1,1,0.9930483200930031
development_oof,x10,10,random_forest,205,41,1,0,0,0.356817357634082
development_oof,x10,10,random_forest,209,420,1,1,1,0.8977495610741172
development_oof,x10,10,random_forest,232,6,1,0,0,0.09405992390849716
development_oof,x10,10,random_forest,237,117,1,0,0,0.1115697307476326
development_oof,x10,10,random_forest,243,414,1,0,0,0.22770462436636427
development_oof,x10,10,random_forest,250,166,1,0,0,0.22348151246532405
development_oof,x10,10,random_forest,270,12,1,1,0,0.36103455946091434
development_oof,x10,10,random_forest,272,19,1,0,0,0.11716129878735479
development_oof,x10,10,random_forest,282,406,1,1,1,0.8429187653989159
development_oof,x10,10,random_forest,289,6,1,0,0,0.2319069117382809
development_oof,x10,10,random_forest,303,12,1,1,0,0.4740751571528581
development_oof,x10,10,random_forest,305,402,1,0,0,0.1602676588311212
development_oof,x10,10,random_forest,306,101,1,1,0,0.10559157219549944
development_oof,x10,10,random_forest,307,12,1,1,0,0.3697501202907348
development_oof,x10,10,random_forest,314,398,1,0,0,0.24482844299787287
development_oof,x10,10,random_forest,318,127,1,1,0,0.29159295147253333
development_oof,x10,10,random_forest,328,395,1,1,0,0.38573367105878364
development_oof,x10,10,random_forest,345,73,1,0,1,0.938415744519253
development_oof,x10,10,random_forest,346,12,1,1,0,0.3349127152771504
development_oof,x10,10,random_forest,350,12,1,0,0,0.15660017138808613
development_oof,x10,10,random_forest,362,36,1,0,0,0.15270997575565018
development_oof,x10,10,random_forest,366,79,1,1,0,0.19126383661293678
development_oof,x10,10,random_forest,367,79,1,1,0,0.2727620218645617
development_oof,x10,10,random_forest,368,387,1,0,0,0.2719000431380323
development_oof,x10,10,random_forest,383,12,1,1,0,0.33902011756055034
development_oof,x10,10,random_forest,390,381,1,0,0,0.4368273781930397
development_oof,x10,10,random_forest,411,6,1,0,0,0.14697845479320473
development_oof,x10,10,random_forest,415,12,1,1,0,0.4429035141830562
development_oof,x10,10,random_forest,418,6,1,0,0,0.11804697418022402
development_oof,x10,10,random_forest,427,6,1,0,0,0.337012374904565
development_oof,x10,10,random_forest,432,375,1,0,0,0.2052218737793759
development_oof,x10,10,random_forest,433,58,1,1,1,0.5244416657282844
development_oof,x10,10,random_forest,445,95,1,0,0,0.17725129943330387
development_oof,x10,10,random_forest,452,73,1,1,1,0.918404136298285
development_oof,x10,10,random_forest,467,6,1,0,0,0.19846560621167103
development_oof,x10,10,random_forest,476,95,1,0,0,0.4206891507301163
development_oof,x10,10,random_forest,478,6,1,0,0,0.19050749946353893
development_oof,x10,10,random_forest,488,26,1,1,0,0.11527686837071482
development_oof,x10,10,random_forest,507,26,1,0,0,0.08608720429165638
development_oof,x10,10,random_forest,509,362,1,0,0,0.26945059670901483
development_oof,x10,10,random_forest,512,361,1,0,0,0.2578529606001579
development_oof,x10,10,random_forest,521,26,1,0,0,0.1626222971664915
development_oof,x10,10,random_forest,530,358,1,1,0,0.21714491383981277
development_oof,x10,10,random_forest,531,6,1,0,0,0.27002290546671176
development_oof,x10,10,random_forest,532,26,1,0,0,0.1949538083781961
development_oof,x10,10,random_forest,534,26,1,0,0,0.14363807488522506
development_oof,x10,10,random_forest,552,6,1,0,0,0.14927626588189805
development_oof,x10,10,random_forest,564,47,1,1,0,0.17898769418633612
development_oof,x10,10,random_forest,573,350,1,0,1,0.5227119551865471
development_oof,x10,10,random_forest,576,349,1,0,0,0.30034162888511035
development_oof,x10,10,random_forest,578,26,1,0,0,0.09379044998940556
development_oof,x10,10,random_forest,590,152,1,0,0,0.21244968327421804
development_oof,x10,10,random_forest,591,343,1,0,0,0.3861151876988964
development_oof,x10,10,random_forest,630,67,1,0,0,0.22362549681512017
development_oof,x10,10,random_forest,637,47,1,1,0,0.12206632455046411
development_oof,x10,10,random_forest,639,332,1,0,1,0.5413827912234546
development_oof,x10,10,random_forest,642,331,1,0,0,0.3420999148828257
development_oof,x10,10,random_forest,644,47,1,1,0,0.17979718349961157
development_oof,x10,10,random_forest,650,88,1,0,0,0.2911552142298756
development_oof,x10,10,random_forest,651,67,1,0,0,0.19761810356152096
development_oof,x10,10,random_forest,654,327,1,0,0,0.2828207226634735
development_oof,x10,10,random_forest,673,320,1,0,0,0.12703613510311634
development_oof,x10,10,random_forest,676,6,1,0,0,0.13148631108092565
development_oof,x10,10,random_forest,679,6,1,0,0,0.2298474705502852
development_oof,x10,10,random_forest,680,145,1,0,0,0.4946449730072185
development_oof,x10,10,random_forest,695,47,1,1,0,0.06809438824438947
development_oof,x10,10,random_forest,708,310,1,0,1,0.6485116441685679
development_oof,x10,10,random_forest,709,88,1,0,0,0.21021602417954294
development_oof,x10,10,random_forest,713,139,1,0,0,0.30315488607020813
development_oof,x10,10,random_forest,721,139,1,1,0,0.33882294108654115
development_oof,x10,10,random_forest,722,307,1,0,0,0.3785814500903673
development_oof,x10,10,random_forest,727,32,1,0,0,0.37679102411440285
development_oof,x10,10,random_forest,734,12,1,1,0,0.23146820285428807
development_oof,x10,10,random_forest,748,64,1,0,1,0.6895016237039748
development_oof,x10,10,random_forest,763,301,1,0,0,0.0930660241741558
development_oof,x10,10,random_forest,771,43,1,0,0,0.28702007881276986
development_oof,x10,10,random_forest,773,58,1,1,1,0.565696859329432
development_oof,x10,10,random_forest,775,134,1,0,1,0.7680569859110518
development_oof,x10,10,random_forest,779,43,1,0,1,0.7117176673045551
development_oof,x10,10,random_forest,782,43,1,0,0,0.41598055633361786
development_oof,x10,10,random_forest,783,296,1,0,0,0.26509406935653457
development_oof,x10,10,random_forest,784,43,1,1,0,0.2947655075228249
development_oof,x10,10,random_forest,788,295,1,1,0,0.37639664267149237
development_oof,x10,10,random_forest,795,110,1,1,1,0.6318632371537056
development_oof,x10,10,random_forest,797,43,1,0,0,0.3943138879203547
development_oof,x10,10,random_forest,812,285,1,0,1,0.6111785465213195
development_oof,x10,10,random_forest,814,88,1,0,0,0.18147333455278616
development_oof,x10,10,random_forest,836,279,1,1,0,0.12039183035211803
development_oof,x10,10,random_forest,853,272,1,0,0,0.43437332756960134
development_oof,x10,10,random_forest,868,261,1,0,0,0.28981572262356325
development_oof,x10,10,random_forest,886,255,1,0,0,0.27886860629213267
development_oof,x10,10,random_forest,889,127,1,0,0,0.280450676309797
development_oof,x10,10,random_forest,892,26,1,0,0,0.1177928759005839
development_oof,x10,10,random_forest,903,248,1,0,0,0.3124172736666723
development_oof,x10,10,random_forest,909,245,1,0,0,0.1898695568500687
development_oof,x10,10,random_forest,912,19,1,0,0,0.29717068941345187
development_oof,x10,10,random_forest,924,239,1,0,0,0.245243830020851
development_oof,x10,10,random_forest,929,67,1,0,0,0.26159254064525866
development_oof,x10,10,random_forest,937,230,1,0,0,0.04138375134372104
development_oof,x10,10,random_forest,938,79,1,0,0,0.23435230940126597
development_oof,x10,10,random_forest,944,58,1,1,1,0.5396855371233977
development_oof,x10,10,random_forest,956,222,1,0,1,0.7482224926386141
development_oof,x10,10,random_forest,959,117,1,0,0,0.12383019177199339
development_oof,x10,10,random_forest,961,219,1,0,0,0.287112942255767
development_oof,x10,10,random_forest,970,213,1,0,0,0.2813010477767905
development_oof,x10,10,random_forest,983,205,1,1,0,0.2963645834385936
development_oof,x10,10,random_forest,989,47,1,0,0,0.25878251716809836
development_oof,x10,10,random_forest,992,200,1,0,0,0.12507047450595443
development_oof,x10,10,random_forest,997,6,1,0,0,0.3325462490592891
development_oof,x10,10,random_forest,1007,195,1,0,0,0.2631893722374945
development_oof,x10,10,random_forest,1011,110,1,1,1,0.6664006623595313
development_oof,x10,10,random_forest,1023,187,1,0,0,0.44131894746100536
development_oof,x10,10,random_forest,1034,178,1,0,0,0.17291963214350722
development_oof,x10,10,random_forest,2,460,2,0,0,0.3605531881846248
development_oof,x10,10,random_forest,8,107,2,0,0,0.33047643561320955
development_oof,x10,10,random_forest,18,56,2,1,1,0.9552483103218041
development_oof,x10,10,random_forest,33,452,2,0,0,0.06471418793283198
development_oof,x10,10,random_forest,34,23,2,0,0,0.20048756709984736
development_oof,x10,10,random_forest,37,177,2,0,0,0.04829913101543582
development_oof,x10,10,random_forest,50,40,2,1,1,0.9477319597729594
development_oof,x10,10,random_forest,51,75,2,1,0,0.4942153440088368
development_oof,x10,10,random_forest,55,107,2,0,0,0.04936036650890904
development_oof,x10,10,random_forest,67,446,2,0,0,0.15961448598501407
development_oof,x10,10,random_forest,81,441,2,0,0,0.4598204996095876
development_oof,x10,10,random_forest,97,30,2,1,0,0.4086506033218621
development_oof,x10,10,random_forest,108,436,2,0,0,0.15264416175783477
development_oof,x10,10,random_forest,114,173,2,0,0,0.18282606404285986
development_oof,x10,10,random_forest,115,2,2,1,0,0.21257294607381455
development_oof,x10,10,random_forest,118,172,2,0,1,0.5325994342226057
development_oof,x10,10,random_forest,140,40,2,0,1,0.6859305891198543
development_oof,x10,10,random_forest,166,425,2,0,0,0.41137662292974114
development_oof,x10,10,random_forest,177,40,2,1,1,0.8055863888086611
development_oof,x10,10,random_forest,216,167,2,1,0,0.28811237619958985
development_oof,x10,10,random_forest,229,30,2,1,1,0.5108390512649684
development_oof,x10,10,random_forest,235,30,2,1,0,0.49440756772487854
development_oof,x10,10,random_forest,240,167,2,1,1,0.5872182317600806
development_oof,x10,10,random_forest,241,23,2,0,0,0.1918289937547435
development_oof,x10,10,random_forest,246,56,2,1,1,0.9003465592485944
development_oof,x10,10,random_forest,249,124,2,0,0,0.37317193070536253
development_oof,x10,10,random_forest,251,30,2,1,0,0.3593129230261205
development_oof,x10,10,random_forest,253,412,2,0,0,0.3946662422033966
development_oof,x10,10,random_forest,254,411,2,1,0,0.409548105669988
development_oof,x10,10,random_forest,262,98,2,1,1,0.7078500286475629
development_oof,x10,10,random_forest,265,75,2,0,0,0.3032030642977182
development_oof,x10,10,random_forest,275,56,2,1,1,0.9286379348289839
development_oof,x10,10,random_forest,281,30,2,1,0,0.4680667822788634
development_oof,x10,10,random_forest,283,56,2,1,1,0.8644237852204845
development_oof,x10,10,random_forest,291,98,2,1,1,0.7011417715640781
development_oof,x10,10,random_forest,301,403,2,0,0,0.3119047769810717
development_oof,x10,10,random_forest,325,396,2,0,0,0.16388601290449356
development_oof,x10,10,random_forest,344,23,2,1,0,0.27271586325928143
development_oof,x10,10,random_forest,359,23,2,0,0,0.17280459779924467
development_oof,x10,10,random_forest,365,388,2,0,0,0.11870169800172568
development_oof,x10,10,random_forest,378,23,2,0,0,0.17004660819819029
development_oof,x10,10,random_forest,389,382,2,0,0,0.20556939227778182
development_oof,x10,10,random_forest,408,98,2,1,1,0.6913212603940826
development_oof,x10,10,random_forest,413,62,2,1,0,0.12927381080693404
development_oof,x10,10,random_forest,425,23,2,0,0,0.22080281343501335
development_oof,x10,10,random_forest,426,377,2,0,1,0.9068258058147457
development_oof,x10,10,random_forest,439,156,2,1,0,0.3786482547754889
development_oof,x10,10,random_forest,461,371,2,1,0,0.37828447897324485
development_oof,x10,10,random_forest,487,156,2,0,0,0.39438293381881984
development_oof,x10,10,random_forest,505,81,2,1,0,0.2551555577793231
development_oof,x10,10,random_forest,514,360,2,1,1,0.6168949713556604
development_oof,x10,10,random_forest,515,150,2,0,0,0.419168544238796
development_oof,x10,10,random_forest,523,2,2,1,0,0.3504123659076462
development_oof,x10,10,random_forest,526,23,2,0,0,0.21333966824633804
development_oof,x10,10,random_forest,541,113,2,0,0,0.11575564887751519
development_oof,x10,10,random_forest,551,353,2,0,1,0.5933237731595062
development_oof,x10,10,random_forest,584,46,2,0,0,0.1458392609501147
development_oof,x10,10,random_forest,586,346,2,0,1,0.74083335293751
development_oof,x10,10,random_forest,589,153,2,1,1,0.8513886466110636
development_oof,x10,10,random_forest,593,90,2,0,0,0.07211342239471566
development_oof,x10,10,random_forest,598,90,2,0,0,0.07906966047093422
development_oof,x10,10,random_forest,599,340,2,0,0,0.1397309006568704
development_oof,x10,10,random_forest,603,40,2,1,1,0.7502037655398698
development_oof,x10,10,random_forest,609,7,2,0,0,0.23787598667764168
development_oof,x10,10,random_forest,623,150,2,0,0,0.0716942815524035
development_oof,x10,10,random_forest,624,149,2,1,0,0.3076316104317643
development_oof,x10,10,random_forest,636,334,2,1,0,0.1782070487574466
development_oof,x10,10,random_forest,661,90,2,0,0,0.08842880102686212
development_oof,x10,10,random_forest,670,322,2,0,1,0.8007368748821753
development_oof,x10,10,random_forest,677,319,2,0,0,0.13264738343482457
development_oof,x10,10,random_forest,707,311,2,0,0,0.3586288985361629
development_oof,x10,10,random_forest,710,75,2,1,0,0.29519619234049954
development_oof,x10,10,random_forest,716,309,2,0,0,0.32351058801166516
development_oof,x10,10,random_forest,762,302,2,0,0,0.24884633230208053
development_oof,x10,10,random_forest,766,130,2,0,0,0.2349253624843379
development_oof,x10,10,random_forest,777,297,2,0,0,0.15810417694713327
development_oof,x10,10,random_forest,790,62,2,1,0,0.3025586090144303
development_oof,x10,10,random_forest,791,294,2,0,0,0.08243752865363614
development_oof,x10,10,random_forest,793,292,2,1,0,0.12119816879275962
development_oof,x10,10,random_forest,810,286,2,0,0,0.11561558343418549
development_oof,x10,10,random_forest,819,130,2,1,0,0.2798258645636846
development_oof,x10,10,random_forest,825,83,2,0,0,0.27417518373254
development_oof,x10,10,random_forest,831,281,2,0,0,0.05476631297118215
development_oof,x10,10,random_forest,842,277,2,0,0,0.16033914145332187
development_oof,x10,10,random_forest,850,273,2,0,0,0.345203905054383
development_oof,x10,10,random_forest,859,267,2,0,0,0.3236011717276951
development_oof,x10,10,random_forest,863,81,2,1,0,0.3957766450926082
development_oof,x10,10,random_forest,884,257,2,0,0,0.42914043665907436
development_oof,x10,10,random_forest,895,124,2,0,0,0.3298729025345942
development_oof,x10,10,random_forest,896,251,2,0,0,0.3320304210321916
development_oof,x10,10,random_forest,914,56,2,1,1,0.9764808705308038
development_oof,x10,10,random_forest,922,240,2,0,0,0.22048741527135227
development_oof,x10,10,random_forest,923,23,2,0,0,0.268720186087504
development_oof,x10,10,random_forest,933,232,2,0,1,0.5295226555593342
development_oof,x10,10,random_forest,947,226,2,0,0,0.053085048340488064
development_oof,x10,10,random_forest,951,223,2,0,1,0.5080283029096645
development_oof,x10,10,random_forest,953,119,2,0,0,0.1641397698387086
development_oof,x10,10,random_forest,965,216,2,0,0,0.2668253281842027
development_oof,x10,10,random_forest,976,209,2,0,0,0.13857524906355193
development_oof,x10,10,random_forest,986,113,2,0,0,0.07696895228200594
development_oof,x10,10,random_forest,1001,107,2,0,1,0.5941731185765095
development_oof,x10,10,random_forest,1005,196,2,0,0,0.4044733694312288
development_oof,x10,10,random_forest,1020,188,2,0,0,0.4041464609904012
development_oof,x10,10,random_forest,1026,186,2,1,0,0.09875651687813551
development_oof,x10,10,random_forest,1030,182,2,0,0,0.24517728324112628
development_oof,x10,10,random_forest,20,3,3,0,0,0.13550006136000264
development_oof,x10,10,random_forest,29,453,3,0,0,0.07601780473532425
development_oof,x10,10,random_forest,31,3,3,0,0,0.35226294595899665
development_oof,x10,10,random_forest,36,80,3,0,0,0.1480031306067214
development_oof,x10,10,random_forest,39,42,3,0,0,0.16590234979713173
development_oof,x10,10,random_forest,42,3,3,0,0,0.23794079202651447
development_oof,x10,10,random_forest,78,443,3,1,1,0.7444541380606982
development_oof,x10,10,random_forest,87,439,3,0,0,0.17012623569692828
development_oof,x10,10,random_forest,92,27,3,1,0,0.07859910264147912
development_oof,x10,10,random_forest,93,165,3,0,0,0.15321653465424354
development_oof,x10,10,random_forest,101,27,3,0,0,0.11016987744897797
development_oof,x10,10,random_forest,125,111,3,0,0,0.30504900287032816
development_oof,x10,10,random_forest,145,430,3,0,0,0.27616162716982473
development_oof,x10,10,random_forest,146,59,3,1,0,0.4700801293153969
development_oof,x10,10,random_forest,147,16,3,0,0,0.2464097153951385
development_oof,x10,10,random_forest,148,59,3,1,0,0.46409862472899394
development_oof,x10,10,random_forest,154,59,3,1,0,0.3500341835770922
development_oof,x10,10,random_forest,158,428,3,0,0,0.12100831833056457
development_oof,x10,10,random_forest,173,52,3,0,0,0.3815743659152531
development_oof,x10,10,random_forest,175,38,3,1,1,0.866324310354619
development_oof,x10,10,random_forest,176,3,3,0,0,0.2854518439204809
development_oof,x10,10,random_forest,192,8,3,0,0,0.30181074627731763
development_oof,x10,10,random_forest,196,8,3,0,0,0.38230288743210405
development_oof,x10,10,random_forest,202,421,3,0,0,0.15363165469185808
development_oof,x10,10,random_forest,211,8,3,0,0,0.2015332534668699
development_oof,x10,10,random_forest,217,8,3,0,0,0.42754554849406173
development_oof,x10,10,random_forest,218,8,3,0,0,0.3784792706086532
development_oof,x10,10,random_forest,220,8,3,0,0,0.4794766577378836
development_oof,x10,10,random_forest,226,8,3,0,0,0.4561012939448925
development_oof,x10,10,random_forest,227,38,3,1,1,0.9159699943134441
development_oof,x10,10,random_forest,230,121,3,1,0,0.4388839197432975
development_oof,x10,10,random_forest,238,415,3,0,0,0.10263618306339034
development_oof,x10,10,random_forest,239,3,3,0,0,0.3376918038899761
development_oof,x10,10,random_forest,242,52,3,1,1,0.9406120774335514
development_oof,x10,10,random_forest,252,3,3,0,1,0.6697685470251966
development_oof,x10,10,random_forest,257,80,3,0,0,0.2994660698363456
development_oof,x10,10,random_forest,266,103,3,1,1,0.9710724444635772
development_oof,x10,10,random_forest,268,8,3,0,0,0.3520031291554013
development_oof,x10,10,random_forest,271,165,3,0,1,0.5879176308736879
development_oof,x10,10,random_forest,278,407,3,0,0,0.48964428777560526
development_oof,x10,10,random_forest,279,3,3,0,0,0.3488890353194141
development_oof,x10,10,random_forest,284,38,3,1,1,0.8945879847598777
development_oof,x10,10,random_forest,285,3,3,0,0,0.1544478769357637
development_oof,x10,10,random_forest,286,3,3,0,0,0.37493251266886446
development_oof,x10,10,random_forest,287,158,3,0,0,0.2087081652879156
development_oof,x10,10,random_forest,290,164,3,1,1,0.7164873642125159
development_oof,x10,10,random_forest,300,404,3,1,1,0.7545121104522016
development_oof,x10,10,random_forest,309,22,3,0,0,0.15088455785748028
development_oof,x10,10,random_forest,320,38,3,1,1,0.8340505171343245
development_oof,x10,10,random_forest,321,397,3,0,0,0.17309413826255132
development_oof,x10,10,random_forest,323,3,3,0,0,0.46561496045703504
development_oof,x10,10,random_forest,327,3,3,0,0,0.06802869877334015
development_oof,x10,10,random_forest,332,38,3,1,1,0.96630967526016
development_oof,x10,10,random_forest,333,8,3,0,0,0.18630227387474083
development_oof,x10,10,random_forest,341,135,3,1,0,0.30510780965393564
development_oof,x10,10,random_forest,348,3,3,0,0,0.26623326342688375
development_oof,x10,10,random_forest,349,22,3,1,0,0.09607123319682312
development_oof,x10,10,random_forest,353,3,3,1,0,0.08301105731105828
development_oof,x10,10,random_forest,354,391,3,1,0,0.418331796232733
development_oof,x10,10,random_forest,356,390,3,0,0,0.232661105284608
development_oof,x10,10,random_forest,363,22,3,0,0,0.07344278504006052
development_oof,x10,10,random_forest,370,8,3,0,0,0.24590114906149974
development_oof,x10,10,random_forest,387,383,3,1,0,0.27888802071391866
development_oof,x10,10,random_forest,406,78,3,0,0,0.04873346661351148
development_oof,x10,10,random_forest,412,3,3,0,0,0.16856287952847063
development_oof,x10,10,random_forest,414,3,3,0,0,0.13830297577427125
development_oof,x10,10,random_forest,416,378,3,0,0,0.16085779237180436
development_oof,x10,10,random_forest,417,22,3,0,0,0.13382793549042746
development_oof,x10,10,random_forest,419,154,3,1,1,0.7804780457271395
development_oof,x10,10,random_forest,421,27,3,0,0,0.168300963387614
development_oof,x10,10,random_forest,424,27,3,0,0,0.353810884128461
development_oof,x10,10,random_forest,437,158,3,0,0,0.16575056019958007
development_oof,x10,10,random_forest,438,96,3,1,0,0.12245085250792688
development_oof,x10,10,random_forest,441,27,3,1,0,0.21282527508354177
development_oof,x10,10,random_forest,443,372,3,0,0,0.242596604065287
development_oof,x10,10,random_forest,448,13,3,0,0,0.3657951023889166
development_oof,x10,10,random_forest,450,3,3,0,0,0.2165718530258674
development_oof,x10,10,random_forest,451,3,3,0,0,0.43878412674049905
development_oof,x10,10,random_forest,456,78,3,0,0,0.18615426674887842
development_oof,x10,10,random_forest,469,8,3,0,0,0.2514905034196742
development_oof,x10,10,random_forest,473,22,3,0,0,0.017079596374258987
development_oof,x10,10,random_forest,483,27,3,0,0,0.3650419844141483
development_oof,x10,10,random_forest,490,364,3,0,0,0.14854421813560298
development_oof,x10,10,random_forest,511,129,3,0,0,0.0653227457314338
development_oof,x10,10,random_forest,522,154,3,1,1,0.8598666476978724
development_oof,x10,10,random_forest,544,63,3,1,0,0.2775716634812736
development_oof,x10,10,random_forest,547,77,3,0,0,0.3377451361761995
development_oof,x10,10,random_forest,550,354,3,0,0,0.20040077427346079
development_oof,x10,10,random_forest,556,13,3,0,0,0.39999352399895444
development_oof,x10,10,random_forest,567,13,3,0,0,0.27769295004683336
development_oof,x10,10,random_forest,580,348,3,1,0,0.3052433509363706
development_oof,x10,10,random_forest,597,341,3,0,0,0.3012615970807168
development_oof,x10,10,random_forest,606,337,3,0,0,0.26453531837903543
development_oof,x10,10,random_forest,628,147,3,0,0,0.10716727529734259
development_oof,x10,10,random_forest,632,77,3,0,0,0.2035601930901186
development_oof,x10,10,random_forest,649,89,3,0,0,0.32284543787751113
development_oof,x10,10,random_forest,652,328,3,0,0,0.34625848174487256
development_oof,x10,10,random_forest,681,318,3,0,0,0.2937899867581589
development_oof,x10,10,random_forest,685,33,3,0,0,0.4899416173462743
development_oof,x10,10,random_forest,686,144,3,1,0,0.37272305757134744
development_oof,x10,10,random_forest,690,315,3,0,0,0.38997232559245915
development_oof,x10,10,random_forest,694,33,3,0,0,0.38069546336960286
development_oof,x10,10,random_forest,696,89,3,0,0,0.3296466395088893
development_oof,x10,10,random_forest,717,140,3,0,1,0.5107411947733542
development_oof,x10,10,random_forest,718,308,3,0,0,0.30320502973151725
development_oof,x10,10,random_forest,743,13,3,0,0,0.3521776036178016
development_oof,x10,10,random_forest,756,303,3,0,0,0.261023585047816
development_oof,x10,10,random_forest,767,63,3,1,0,0.15843147581075204
development_oof,x10,10,random_forest,768,300,3,0,1,0.7180236763351925
development_oof,x10,10,random_forest,769,135,3,0,0,0.3821363597225864
development_oof,x10,10,random_forest,801,290,3,0,0,0.19144186179679717
development_oof,x10,10,random_forest,805,63,3,1,0,0.39732518330320066
development_oof,x10,10,random_forest,807,288,3,0,0,0.2564441174563007
development_oof,x10,10,random_forest,808,33,3,0,0,0.4327355269301455
development_oof,x10,10,random_forest,813,33,3,0,0,0.4378195249930613
development_oof,x10,10,random_forest,821,282,3,0,1,0.5037102007407921
development_oof,x10,10,random_forest,827,129,3,0,0,0.048631350039105715
development_oof,x10,10,random_forest,847,274,3,0,0,0.11767802427426924
development_oof,x10,10,random_forest,854,271,3,0,0,0.21457569352398478
development_oof,x10,10,random_forest,864,264,3,0,0,0.16483785832116415
development_oof,x10,10,random_forest,866,262,3,0,0,0.28264250648233563
development_oof,x10,10,random_forest,869,80,3,0,0,0.2618503133597611
development_oof,x10,10,random_forest,881,259,3,0,0,0.252556369002637
development_oof,x10,10,random_forest,883,59,3,1,1,0.5490915879488455
development_oof,x10,10,random_forest,893,253,3,0,0,0.24422205300468075
development_oof,x10,10,random_forest,899,123,3,1,1,0.872233106926188
development_oof,x10,10,random_forest,904,52,3,1,1,0.6958217684287927
development_oof,x10,10,random_forest,913,121,3,1,1,0.5989866444422222
development_oof,x10,10,random_forest,917,243,3,1,0,0.24890860520697544
development_oof,x10,10,random_forest,920,241,3,0,0,0.169999137741914
development_oof,x10,10,random_forest,921,16,3,0,1,0.5079263141348895
development_oof,x10,10,random_forest,930,235,3,1,1,0.5939071236008142
development_oof,x10,10,random_forest,935,231,3,0,0,0.05932993721859384
development_oof,x10,10,random_forest,940,78,3,0,0,0.2857356984827944
development_oof,x10,10,random_forest,945,227,3,0,0,0.19061983636527832
development_oof,x10,10,random_forest,962,218,3,0,0,0.15793084789347717
development_oof,x10,10,random_forest,963,217,3,0,0,0.26176376443960636
development_oof,x10,10,random_forest,973,210,3,0,0,0.19577244144858202
development_oof,x10,10,random_forest,982,77,3,0,0,0.2667926393520171
development_oof,x10,10,random_forest,988,202,3,1,0,0.15662254244302462
development_oof,x10,10,random_forest,998,198,3,0,0,0.24577744857333556
development_oof,x10,10,random_forest,1002,197,3,0,0,0.28876641321774765
development_oof,x10,10,random_forest,1006,111,3,0,0,0.17765568753613967
development_oof,x10,10,random_forest,1017,189,3,0,0,0.23940302045211065
development_oof,x10,10,random_forest,1025,63,3,1,0,0.19613423209952036
development_oof,x10,10,random_forest,1028,184,3,0,0,0.24003784030799602
development_oof,x10,10,random_forest,1029,183,3,0,0,0.27607216119594313
development_oof,x10,10,random_forest,16,93,4,1,1,0.8066666666666666
development_oof,x10,10,random_forest,19,457,4,0,0,0.19666666666666666
development_oof,x10,10,random_forest,27,53,4,0,0,0.49
development_oof,x10,10,random_forest,44,450,4,0,0,0.043333333333333335
development_oof,x10,10,random_forest,60,4,4,1,0,0.21333333333333335
development_oof,x10,10,random_forest,62,82,4,0,0,0.03333333333333333
development_oof,x10,10,random_forest,66,82,4,1,0,0.37666666666666665
development_oof,x10,10,random_forest,69,444,4,0,0,0.02666666666666667
development_oof,x10,10,random_forest,83,60,4,1,1,0.6033333333333334
development_oof,x10,10,random_forest,84,9,4,1,1,0.58
development_oof,x10,10,random_forest,86,174,4,1,1,0.93
development_oof,x10,10,random_forest,90,9,4,1,1,0.9733333333333334
development_oof,x10,10,random_forest,95,161,4,0,0,0.4033333333333333
development_oof,x10,10,random_forest,102,15,4,0,0,0.32
development_oof,x10,10,random_forest,112,9,4,1,1,0.9333333333333333
development_oof,x10,10,random_forest,117,433,4,0,0,0.26
development_oof,x10,10,random_forest,119,0,4,0,0,0.4866666666666667
development_oof,x10,10,random_forest,123,9,4,1,1,0.9633333333333334
development_oof,x10,10,random_forest,131,170,4,1,1,0.6033333333333334
development_oof,x10,10,random_forest,134,15,4,0,0,0.4033333333333333
development_oof,x10,10,random_forest,138,431,4,0,0,0.09666666666666666
development_oof,x10,10,random_forest,142,0,4,0,0,0.20666666666666667
development_oof,x10,10,random_forest,156,9,4,1,1,0.9566666666666667
development_oof,x10,10,random_forest,157,0,4,0,0,0.16333333333333333
development_oof,x10,10,random_forest,159,4,4,1,0,0.22
development_oof,x10,10,random_forest,169,9,4,1,1,0.98
development_oof,x10,10,random_forest,170,60,4,1,1,0.5366666666666666
development_oof,x10,10,random_forest,178,54,4,0,0,0.25666666666666665
development_oof,x10,10,random_forest,181,9,4,1,1,0.9533333333333334
development_oof,x10,10,random_forest,183,422,4,0,0,0.08333333333333333
development_oof,x10,10,random_forest,184,4,4,1,0,0.24333333333333335
development_oof,x10,10,random_forest,187,9,4,1,1,0.98
development_oof,x10,10,random_forest,193,9,4,1,1,0.9733333333333334
development_oof,x10,10,random_forest,198,53,4,0,0,0.16333333333333333
development_oof,x10,10,random_forest,201,9,4,1,1,0.94
development_oof,x10,10,random_forest,206,125,4,1,0,0.023333333333333334
development_oof,x10,10,random_forest,210,104,4,1,1,0.95
development_oof,x10,10,random_forest,221,9,4,1,1,0.9366666666666666
development_oof,x10,10,random_forest,236,416,4,1,0,0.17333333333333334
development_oof,x10,10,random_forest,258,35,4,0,0,0.2733333333333333
development_oof,x10,10,random_forest,277,102,4,1,0,0.37333333333333335
development_oof,x10,10,random_forest,294,122,4,0,0,0.41
development_oof,x10,10,random_forest,304,24,4,1,0,0.08333333333333333
development_oof,x10,10,random_forest,310,401,4,0,0,0.22
development_oof,x10,10,random_forest,311,400,4,1,0,0.18
development_oof,x10,10,random_forest,322,15,4,0,0,0.18666666666666668
development_oof,x10,10,random_forest,335,15,4,0,0,0.36333333333333334
development_oof,x10,10,random_forest,337,15,4,0,0,0.1
development_oof,x10,10,random_forest,355,15,4,0,0,0.45
development_oof,x10,10,random_forest,358,389,4,0,0,0.37
development_oof,x10,10,random_forest,371,161,4,0,0,0.10666666666666667
development_oof,x10,10,random_forest,379,24,4,0,0,0.06333333333333334
development_oof,x10,10,random_forest,382,384,4,0,0,0.01
development_oof,x10,10,random_forest,384,69,4,0,0,0.11
development_oof,x10,10,random_forest,386,4,4,1,0,0.30666666666666664
development_oof,x10,10,random_forest,392,4,4,1,0,0.4766666666666667
development_oof,x10,10,random_forest,393,0,4,0,0,0.26
development_oof,x10,10,random_forest,400,28,4,0,0,0.25666666666666665
development_oof,x10,10,random_forest,401,4,4,1,0,0.26
development_oof,x10,10,random_forest,404,35,4,0,0,0.25333333333333335
development_oof,x10,10,random_forest,405,379,4,0,0,0.18333333333333332
development_oof,x10,10,random_forest,407,160,4,0,0,0.27
development_oof,x10,10,random_forest,409,4,4,1,0,0.32666666666666666
development_oof,x10,10,random_forest,423,50,4,0,0,0.2866666666666667
development_oof,x10,10,random_forest,430,4,4,1,0,0.19333333333333333
development_oof,x10,10,random_forest,434,97,4,1,1,0.98
development_oof,x10,10,random_forest,446,4,4,1,0,0.37
development_oof,x10,10,random_forest,454,104,4,1,1,0.7666666666666667
development_oof,x10,10,random_forest,455,93,4,1,1,0.89
development_oof,x10,10,random_forest,462,15,4,0,0,0.25333333333333335
development_oof,x10,10,random_forest,464,4,4,1,1,0.5266666666666666
development_oof,x10,10,random_forest,465,4,4,1,0,0.4533333333333333
development_oof,x10,10,random_forest,466,0,4,0,0,0.11333333333333333
development_oof,x10,10,random_forest,470,0,4,0,0,0.15333333333333332
development_oof,x10,10,random_forest,480,367,4,0,0,0.23666666666666666
development_oof,x10,10,random_forest,481,4,4,1,0,0.17333333333333334
development_oof,x10,10,random_forest,484,365,4,0,0,0.4033333333333333
development_oof,x10,10,random_forest,495,0,4,0,0,0.37666666666666665
development_oof,x10,10,random_forest,498,54,4,0,0,0.11666666666666667
development_oof,x10,10,random_forest,499,15,4,0,0,0.3
development_oof,x10,10,random_forest,500,28,4,0,0,0.17666666666666667
development_oof,x10,10,random_forest,501,72,4,0,0,0.07666666666666666
development_oof,x10,10,random_forest,503,93,4,1,1,0.9166666666666666
development_oof,x10,10,random_forest,506,0,4,0,0,0.15333333333333332
development_oof,x10,10,random_forest,517,0,4,0,0,0.28
development_oof,x10,10,random_forest,519,53,4,0,0,0.41333333333333333
development_oof,x10,10,random_forest,520,53,4,0,0,0.15666666666666668
development_oof,x10,10,random_forest,524,0,4,0,0,0.31333333333333335
development_oof,x10,10,random_forest,525,15,4,0,0,0.29333333333333333
development_oof,x10,10,random_forest,527,0,4,0,0,0.42333333333333334
development_oof,x10,10,random_forest,528,359,4,0,0,0.06333333333333334
development_oof,x10,10,random_forest,529,0,4,0,0,0.2733333333333333
development_oof,x10,10,random_forest,542,35,4,1,0,0.2
development_oof,x10,10,random_forest,543,0,4,0,0,0.20333333333333334
development_oof,x10,10,random_forest,545,136,4,1,0,0.2966666666666667
development_oof,x10,10,random_forest,553,0,4,0,0,0.38333333333333336
development_oof,x10,10,random_forest,559,351,4,0,0,0.12
development_oof,x10,10,random_forest,560,0,4,0,0,0.31333333333333335
development_oof,x10,10,random_forest,568,0,4,0,0,0.38
development_oof,x10,10,random_forest,570,0,4,1,0,0.38
development_oof,x10,10,random_forest,572,0,4,1,0,0.29333333333333333
development_oof,x10,10,random_forest,577,44,4,0,0,0.09
development_oof,x10,10,random_forest,581,347,4,0,0,0.11
development_oof,x10,10,random_forest,582,44,4,0,0,0.14333333333333334
development_oof,x10,10,random_forest,583,69,4,0,0,0.03666666666666667
development_oof,x10,10,random_forest,588,344,4,0,0,0.22333333333333333
development_oof,x10,10,random_forest,592,0,4,1,0,0.41333333333333333
development_oof,x10,10,random_forest,595,35,4,0,0,0.16333333333333333
development_oof,x10,10,random_forest,600,151,4,0,0,0.03666666666666667
development_oof,x10,10,random_forest,602,338,4,0,1,0.5266666666666666
development_oof,x10,10,random_forest,604,0,4,0,0,0.37333333333333335
development_oof,x10,10,random_forest,605,0,4,0,0,0.31666666666666665
development_oof,x10,10,random_forest,607,0,4,1,0,0.42333333333333334
development_oof,x10,10,random_forest,608,0,4,0,0,0.30333333333333334
development_oof,x10,10,random_forest,610,0,4,0,0,0.3233333333333333
development_oof,x10,10,random_forest,611,0,4,0,0,0.23333333333333334
development_oof,x10,10,random_forest,613,85,4,0,0,0.38333333333333336
development_oof,x10,10,random_forest,615,0,4,0,0,0.44666666666666666
development_oof,x10,10,random_forest,627,335,4,0,0,0.23
development_oof,x10,10,random_forest,633,0,4,0,0,0.07666666666666666
development_oof,x10,10,random_forest,646,0,4,0,0,0.38333333333333336
development_oof,x10,10,random_forest,647,0,4,0,0,0.2966666666666667
development_oof,x10,10,random_forest,648,329,4,0,0,0.33666666666666667
development_oof,x10,10,random_forest,657,4,4,1,0,0.25666666666666665
development_oof,x10,10,random_forest,662,0,4,0,0,0.23333333333333334
development_oof,x10,10,random_forest,665,69,4,1,0,0.08666666666666667
development_oof,x10,10,random_forest,666,44,4,0,0,0.2866666666666667
development_oof,x10,10,random_forest,667,0,4,0,0,0.2866666666666667
development_oof,x10,10,random_forest,671,321,4,1,0,0.10333333333333333
development_oof,x10,10,random_forest,674,4,4,0,0,0.38333333333333336
development_oof,x10,10,random_forest,683,142,4,0,0,0.43666666666666665
development_oof,x10,10,random_forest,691,142,4,0,0,0.11666666666666667
development_oof,x10,10,random_forest,692,0,4,0,0,0.30666666666666664
development_oof,x10,10,random_forest,693,0,4,0,0,0.19333333333333333
development_oof,x10,10,random_forest,699,0,4,0,0,0.31333333333333335
development_oof,x10,10,random_forest,701,0,4,1,0,0.25666666666666665
development_oof,x10,10,random_forest,704,313,4,0,0,0.14666666666666667
development_oof,x10,10,random_forest,706,0,4,0,0,0.29
development_oof,x10,10,random_forest,715,4,4,1,0,0.3466666666666667
development_oof,x10,10,random_forest,729,0,4,0,0,0.14666666666666667
development_oof,x10,10,random_forest,731,60,4,0,0,0.16333333333333333
development_oof,x10,10,random_forest,735,132,4,0,0,0.17333333333333334
development_oof,x10,10,random_forest,737,85,4,1,0,0.08333333333333333
development_oof,x10,10,random_forest,738,136,4,1,0,0.2866666666666667
development_oof,x10,10,random_forest,740,44,4,0,0,0.15333333333333332
development_oof,x10,10,random_forest,742,305,4,0,0,0.11333333333333333
development_oof,x10,10,random_forest,745,0,4,0,0,0.16333333333333333
development_oof,x10,10,random_forest,753,85,4,0,0,0.12666666666666668
development_oof,x10,10,random_forest,761,44,4,0,0,0.22666666666666666
development_oof,x10,10,random_forest,776,298,4,0,0,0.09666666666666666
development_oof,x10,10,random_forest,794,0,4,0,0,0.3566666666666667
development_oof,x10,10,random_forest,796,35,4,0,0,0.14333333333333334
development_oof,x10,10,random_forest,800,132,4,0,0,0.16
development_oof,x10,10,random_forest,803,289,4,0,0,0.2966666666666667
development_oof,x10,10,random_forest,818,283,4,0,0,0.1
development_oof,x10,10,random_forest,822,35,4,0,0,0.31666666666666665
development_oof,x10,10,random_forest,839,82,4,0,0,0.02
development_oof,x10,10,random_forest,844,276,4,0,0,0.14666666666666667
development_oof,x10,10,random_forest,855,270,4,0,0,0.19
development_oof,x10,10,random_forest,865,263,4,0,0,0.45666666666666667
development_oof,x10,10,random_forest,867,60,4,0,1,0.6166666666666667
development_oof,x10,10,random_forest,885,256,4,0,0,0.36666666666666664
development_oof,x10,10,random_forest,888,254,4,1,0,0.11
development_oof,x10,10,random_forest,891,125,4,0,0,0.16666666666666666
development_oof,x10,10,random_forest,902,122,4,1,0,0.41333333333333333
development_oof,x10,10,random_forest,907,246,4,0,0,0.11666666666666667
development_oof,x10,10,random_forest,918,242,4,0,0,0.20666666666666667
development_oof,x10,10,random_forest,931,234,4,0,0,0.01
development_oof,x10,10,random_forest,949,224,4,0,0,0.12666666666666668
development_oof,x10,10,random_forest,954,4,4,1,1,0.64
development_oof,x10,10,random_forest,968,214,4,1,0,0.23
development_oof,x10,10,random_forest,980,207,4,0,0,0.11333333333333333
development_oof,x10,10,random_forest,981,206,4,0,0,0.26
development_oof,x10,10,random_forest,984,204,4,1,0,0.14333333333333334
development_oof,x10,10,random_forest,991,0,4,0,0,0.33
development_oof,x10,10,random_forest,993,69,4,0,0,0.18333333333333332
development_oof,x10,10,random_forest,995,112,4,0,0,0.15333333333333332
development_oof,x10,10,random_forest,1016,190,4,1,0,0.23
development_oof,x10,10,random_forest,1024,4,4,1,0,0.43333333333333335
development_oof,x10,10,random_forest,1031,181,4,0,1,0.5366666666666666
development_oof,x10,10,random_forest,1033,179,4,0,0,0.14666666666666667
development_oof,x10,10,random_forest,5,31,5,1,1,0.946432005112545
development_oof,x10,10,random_forest,6,61,5,0,0,0.04161479443925535
development_oof,x10,10,random_forest,15,458,5,1,1,0.8108724569547842
development_oof,x10,10,random_forest,23,11,5,0,1,0.5675051373328585
development_oof,x10,10,random_forest,26,11,5,0,0,0.2717931783604894
development_oof,x10,10,random_forest,41,451,5,0,0,0.23806838852068357
development_oof,x10,10,random_forest,46,18,5,0,1,0.9533899600204497
development_oof,x10,10,random_forest,49,11,5,0,0,0.18476688513603604
development_oof,x10,10,random_forest,52,448,5,0,0,0.18364204112416388
development_oof,x10,10,random_forest,57,61,5,0,0,0.06159894368466246
development_oof,x10,10,random_forest,58,11,5,0,0,0.17223262156909586
development_oof,x10,10,random_forest,59,11,5,0,1,0.5249650784917886
development_oof,x10,10,random_forest,76,11,5,0,1,0.6626468052875292
development_oof,x10,10,random_forest,79,175,5,1,0,0.34540390636980667
development_oof,x10,10,random_forest,85,17,5,1,1,0.8090596610209216
development_oof,x10,10,random_forest,96,18,5,1,1,0.8043975360513399
development_oof,x10,10,random_forest,98,438,5,0,0,0.046532319260735
development_oof,x10,10,random_forest,100,31,5,1,1,0.9661939641236116
development_oof,x10,10,random_forest,105,437,5,1,0,0.3226406553245638
development_oof,x10,10,random_forest,106,18,5,1,1,0.8983984819575702
development_oof,x10,10,random_forest,111,106,5,0,0,0.16976717422595985
development_oof,x10,10,random_forest,116,434,5,0,1,0.5314997931694544
development_oof,x10,10,random_forest,130,171,5,0,0,0.3280778252448508
development_oof,x10,10,random_forest,132,18,5,1,1,0.9692396506785513
development_oof,x10,10,random_forest,141,106,5,0,1,0.534608212633101
development_oof,x10,10,random_forest,149,106,5,0,0,0.13865618301919616
development_oof,x10,10,random_forest,150,55,5,1,1,0.8843862218341074
development_oof,x10,10,random_forest,152,429,5,0,0,0.2659909221531011
development_oof,x10,10,random_forest,161,427,5,0,0,0.46009970384191384
development_oof,x10,10,random_forest,163,18,5,1,1,0.8341987053583044
development_oof,x10,10,random_forest,165,17,5,1,1,0.9178082564342933
development_oof,x10,10,random_forest,167,18,5,1,1,0.9453666695262467
development_oof,x10,10,random_forest,172,423,5,0,1,0.9395557710479282
development_oof,x10,10,random_forest,179,11,5,0,1,0.5465896346760706
development_oof,x10,10,random_forest,182,31,5,1,1,0.900326874154328
development_oof,x10,10,random_forest,186,18,5,1,1,0.93366411841599
development_oof,x10,10,random_forest,195,31,5,1,1,0.9396777369866838
development_oof,x10,10,random_forest,208,31,5,1,1,0.9479440439224508
development_oof,x10,10,random_forest,215,61,5,0,0,0.45489098493634694
development_oof,x10,10,random_forest,219,418,5,0,0,0.3143237542546246
development_oof,x10,10,random_forest,223,68,5,0,0,0.26031746134824824
development_oof,x10,10,random_forest,225,55,5,1,1,0.9074099630623584
development_oof,x10,10,random_forest,231,417,5,0,0,0.14062966823161105
development_oof,x10,10,random_forest,233,17,5,1,1,0.8727652982957839
development_oof,x10,10,random_forest,255,410,5,0,0,0.09272283064985412
development_oof,x10,10,random_forest,256,18,5,1,1,0.9386574033427549
development_oof,x10,10,random_forest,259,409,5,0,0,0.2037819086852994
development_oof,x10,10,random_forest,261,25,5,1,0,0.2563016151510472
development_oof,x10,10,random_forest,273,25,5,1,0,0.29788541736721225
development_oof,x10,10,random_forest,276,17,5,1,1,0.8226977675406739
development_oof,x10,10,random_forest,297,163,5,0,1,0.613473046886258
development_oof,x10,10,random_forest,298,405,5,0,0,0.34905198081097333
development_oof,x10,10,random_forest,316,100,5,0,0,0.3020163835727458
development_oof,x10,10,random_forest,319,163,5,0,0,0.3784360359795121
development_oof,x10,10,random_forest,326,157,5,1,1,0.9499206407095593
development_oof,x10,10,random_forest,330,76,5,1,0,0.45441356104363667
development_oof,x10,10,random_forest,334,394,5,0,0,0.17805013166847203
development_oof,x10,10,random_forest,336,55,5,1,1,0.8374680817465744
development_oof,x10,10,random_forest,338,17,5,1,1,0.8908179092264709
development_oof,x10,10,random_forest,339,11,5,0,1,0.5845114013649918
development_oof,x10,10,random_forest,340,393,5,0,0,0.07677641150495773
development_oof,x10,10,random_forest,343,17,5,1,1,0.9459540300159915
development_oof,x10,10,random_forest,347,17,5,1,1,0.9077887730259935
development_oof,x10,10,random_forest,351,100,5,1,0,0.3190847152141799
development_oof,x10,10,random_forest,357,37,5,1,1,0.8472362099543382
development_oof,x10,10,random_forest,364,25,5,1,0,0.39233048771440227
development_oof,x10,10,random_forest,372,17,5,1,1,0.888287914382596
development_oof,x10,10,random_forest,377,386,5,0,0,0.06877644510482928
development_oof,x10,10,random_forest,381,76,5,0,0,0.3601417229486134
development_oof,x10,10,random_forest,397,11,5,0,0,0.2741922767818429
development_oof,x10,10,random_forest,402,380,5,0,0,0.26967252273540976
development_oof,x10,10,random_forest,435,374,5,0,0,0.10695343376035803
development_oof,x10,10,random_forest,436,25,5,1,0,0.22530008024913462
development_oof,x10,10,random_forest,458,18,5,0,1,0.7943281883708582
development_oof,x10,10,random_forest,459,25,5,1,0,0.2780237151671566
development_oof,x10,10,random_forest,468,370,5,0,0,0.1989794030248742
development_oof,x10,10,random_forest,479,368,5,0,0,0.17299153573367276
development_oof,x10,10,random_forest,486,157,5,0,0,0.47639296152241345
development_oof,x10,10,random_forest,494,94,5,0,0,0.2883338858589843
development_oof,x10,10,random_forest,533,71,5,0,0,0.40497420764520714
development_oof,x10,10,random_forest,536,71,5,0,0,0.3730188253831095
development_oof,x10,10,random_forest,549,355,5,0,0,0.49916752565087547
development_oof,x10,10,random_forest,555,352,5,1,1,0.8468142074246459
development_oof,x10,10,random_forest,557,66,5,0,0,0.3589764974111055
development_oof,x10,10,random_forest,563,71,5,0,0,0.3591238604309208
development_oof,x10,10,random_forest,575,115,5,0,0,0.25910855117099224
development_oof,x10,10,random_forest,579,114,5,1,0,0.3526133774443285
development_oof,x10,10,random_forest,585,31,5,1,1,0.9408024377267363
development_oof,x10,10,random_forest,587,345,5,0,1,0.8748424907865229
development_oof,x10,10,random_forest,601,339,5,0,0,0.33367417413873696
development_oof,x10,10,random_forest,612,87,5,0,0,0.18358257624424007
development_oof,x10,10,random_forest,620,68,5,0,0,0.1451329291461963
development_oof,x10,10,random_forest,634,17,5,1,1,0.8763461077872836
development_oof,x10,10,random_forest,635,68,5,1,0,0.3450278083170504
development_oof,x10,10,random_forest,640,146,5,0,0,0.06198216343121979
development_oof,x10,10,random_forest,641,66,5,0,0,0.22906165171690196
development_oof,x10,10,random_forest,643,330,5,0,0,0.19929599851119564
development_oof,x10,10,random_forest,645,146,5,0,0,0.20539478393027974
development_oof,x10,10,random_forest,656,326,5,0,0,0.4114848151178405
development_oof,x10,10,random_forest,664,116,5,0,0,0.15381000038782683
development_oof,x10,10,random_forest,675,71,5,0,1,0.5252315033925408
development_oof,x10,10,random_forest,682,317,5,0,0,0.14819006949913244
development_oof,x10,10,random_forest,688,143,5,0,0,0.058084793173275896
development_oof,x10,10,random_forest,698,314,5,0,0,0.205184263302157
development_oof,x10,10,random_forest,711,45,5,0,0,0.16837170798183834
development_oof,x10,10,random_forest,723,25,5,0,0,0.28139093341556803
development_oof,x10,10,random_forest,725,45,5,1,0,0.45189626120515897
development_oof,x10,10,random_forest,726,31,5,1,1,0.9257138376534332
development_oof,x10,10,random_forest,732,45,5,0,0,0.43478525156244197
development_oof,x10,10,random_forest,736,137,5,0,1,0.5290440694121114
development_oof,x10,10,random_forest,741,306,5,0,0,0.325986616251829
development_oof,x10,10,random_forest,744,87,5,0,0,0.10389912348422078
development_oof,x10,10,random_forest,749,11,5,0,0,0.08504471746604692
development_oof,x10,10,random_forest,799,45,5,0,1,0.5485015700151947
development_oof,x10,10,random_forest,802,131,5,0,0,0.32351958821229826
development_oof,x10,10,random_forest,816,284,5,0,0,0.21651073950616986
development_oof,x10,10,random_forest,837,278,5,0,0,0.2668241456351269
development_oof,x10,10,random_forest,845,11,5,0,0,0.13727625427068074
development_oof,x10,10,random_forest,857,268,5,0,0,0.1407704873493523
development_oof,x10,10,random_forest,858,61,5,0,0,0.4515576516030136
development_oof,x10,10,random_forest,860,266,5,0,0,0.23056146041700454
development_oof,x10,10,random_forest,870,260,5,0,0,0.1769419946150401
development_oof,x10,10,random_forest,900,249,5,0,0,0.3106229503927498
development_oof,x10,10,random_forest,906,247,5,0,0,0.26099213646230573
development_oof,x10,10,random_forest,915,25,5,1,0,0.23247638347431437
development_oof,x10,10,random_forest,926,238,5,1,0,0.47938824314397416
development_oof,x10,10,random_forest,939,229,5,1,0,0.2850144601872908
development_oof,x10,10,random_forest,948,225,5,1,0,0.37186891185589793
development_oof,x10,10,random_forest,958,220,5,0,0,0.3352633974236065
development_oof,x10,10,random_forest,960,116,5,0,0,0.19940050583979424
development_oof,x10,10,random_forest,969,115,5,0,0,0.3151389380878358
development_oof,x10,10,random_forest,971,212,5,1,1,0.7763135805793481
development_oof,x10,10,random_forest,972,211,5,0,0,0.053485056368105584
development_oof,x10,10,random_forest,974,45,5,0,0,0.41669363979114277
development_oof,x10,10,random_forest,975,66,5,0,0,0.13718337594179086
development_oof,x10,10,random_forest,979,114,5,0,0,0.24872696556222867
development_oof,x10,10,random_forest,990,201,5,0,0,0.20204376328899887
development_oof,x10,10,random_forest,1008,76,5,0,0,0.30561127479258526
development_oof,x10,10,random_forest,1010,194,5,0,1,0.5640577198243519
development_oof,x10,10,random_forest,1015,191,5,1,0,0.22256433622986743
development_oof,x10,10,random_forest,1027,185,5,1,1,0.5401591607932417
development_oof,x10,10,random_forest,1032,180,5,0,0,0.42102637623525513
development_oof,without_n_op,9,logistic,3,108,1,0,0,0.2167480442574435
development_oof,without_n_op,9,logistic,13,109,1,1,1,0.7041258012825474
development_oof,without_n_op,9,logistic,22,456,1,0,1,0.5555493036316226
development_oof,without_n_op,9,logistic,24,455,1,0,0,0.27270554721610196
development_oof,without_n_op,9,logistic,25,12,1,1,0,0.2003978305775342
development_oof,without_n_op,9,logistic,35,108,1,0,0,0.20309964876706563
development_oof,without_n_op,9,logistic,43,6,1,0,0,0.29837493563993467
development_oof,without_n_op,9,logistic,53,447,1,0,0,0.39269796899287784
development_oof,without_n_op,9,logistic,65,168,1,1,1,0.8722868237196116
development_oof,without_n_op,9,logistic,68,445,1,1,0,0.16899179877321716
development_oof,without_n_op,9,logistic,70,166,1,0,0,0.12835412604411275
development_oof,without_n_op,9,logistic,72,12,1,1,0,0.27867450319351683
development_oof,without_n_op,9,logistic,75,108,1,0,0,0.22596907328847973
development_oof,without_n_op,9,logistic,88,12,1,0,0,0.16021977693633507
development_oof,without_n_op,9,logistic,89,6,1,0,0,0.27090898769041327
development_oof,without_n_op,9,logistic,110,41,1,0,1,0.6200007660319515
development_oof,without_n_op,9,logistic,129,58,1,1,1,0.9241070360982699
development_oof,without_n_op,9,logistic,133,432,1,1,1,0.6450678201555952
development_oof,without_n_op,9,logistic,144,41,1,0,1,0.7914910861933807
development_oof,without_n_op,9,logistic,153,41,1,0,1,0.9302855262822042
development_oof,without_n_op,9,logistic,155,41,1,0,1,0.6632731397624638
development_oof,without_n_op,9,logistic,168,424,1,0,0,0.2352734469707249
development_oof,without_n_op,9,logistic,171,41,1,1,1,0.9021214994943024
development_oof,without_n_op,9,logistic,197,168,1,1,1,0.8653283011555553
development_oof,without_n_op,9,logistic,205,41,1,0,1,0.8776205171701431
development_oof,without_n_op,9,logistic,209,420,1,1,1,0.7018646840974838
development_oof,without_n_op,9,logistic,232,6,1,0,0,0.2532021005233537
development_oof,without_n_op,9,logistic,237,117,1,0,1,0.5508853391819047
development_oof,without_n_op,9,logistic,243,414,1,0,1,0.5689001886479929
development_oof,without_n_op,9,logistic,250,166,1,0,0,0.04931336061867961
development_oof,without_n_op,9,logistic,270,12,1,1,0,0.32304067610630455
development_oof,without_n_op,9,logistic,272,19,1,0,0,0.24880105204099673
development_oof,without_n_op,9,logistic,282,406,1,1,1,0.8490545229104821
development_oof,without_n_op,9,logistic,289,6,1,0,0,0.2829493980908822
development_oof,without_n_op,9,logistic,303,12,1,1,0,0.37984378102506755
development_oof,without_n_op,9,logistic,305,402,1,0,0,0.3144211796807409
development_oof,without_n_op,9,logistic,306,101,1,1,0,0.3957070451096809
development_oof,without_n_op,9,logistic,307,12,1,1,0,0.24398401708294634
development_oof,without_n_op,9,logistic,314,398,1,0,0,0.35397937343250174
development_oof,without_n_op,9,logistic,318,127,1,1,0,0.00010324122802326512
development_oof,without_n_op,9,logistic,328,395,1,1,1,0.7344948733724168
development_oof,without_n_op,9,logistic,345,73,1,0,1,0.5117055819919739
development_oof,without_n_op,9,logistic,346,12,1,1,0,0.3678485587494809
development_oof,without_n_op,9,logistic,350,12,1,0,0,0.2784344941495241
development_oof,without_n_op,9,logistic,362,36,1,0,0,0.4090643843240438
development_oof,without_n_op,9,logistic,366,79,1,1,1,0.5458438578450975
development_oof,without_n_op,9,logistic,367,79,1,1,1,0.6758901044019807
development_oof,without_n_op,9,logistic,368,387,1,0,0,0.3011314846010425
development_oof,without_n_op,9,logistic,383,12,1,1,0,0.4055800668339886
development_oof,without_n_op,9,logistic,390,381,1,0,0,0.1315587202369874
development_oof,without_n_op,9,logistic,411,6,1,0,0,0.26479279451672155
development_oof,without_n_op,9,logistic,415,12,1,1,0,0.30300804107544377
development_oof,without_n_op,9,logistic,418,6,1,0,0,0.32882714529836654
development_oof,without_n_op,9,logistic,427,6,1,0,0,0.3184421896735999
development_oof,without_n_op,9,logistic,432,375,1,0,1,0.5234459238544296
development_oof,without_n_op,9,logistic,433,58,1,1,1,0.9090070323979575
development_oof,without_n_op,9,logistic,445,95,1,0,0,0.29543333228427093
development_oof,without_n_op,9,logistic,452,73,1,1,1,0.5333354200400613
development_oof,without_n_op,9,logistic,467,6,1,0,0,0.2785991891206366
development_oof,without_n_op,9,logistic,476,95,1,0,0,0.3422970626123823
development_oof,without_n_op,9,logistic,478,6,1,0,0,0.18379163598490744
development_oof,without_n_op,9,logistic,488,26,1,1,0,0.2773266876295803
development_oof,without_n_op,9,logistic,507,26,1,0,0,0.2852608920787781
development_oof,without_n_op,9,logistic,509,362,1,0,1,0.598693663356057
development_oof,without_n_op,9,logistic,512,361,1,0,1,0.5509713748567757
development_oof,without_n_op,9,logistic,521,26,1,0,0,0.29792513008394805
development_oof,without_n_op,9,logistic,530,358,1,1,0,0.3650597879796838
development_oof,without_n_op,9,logistic,531,6,1,0,0,0.27058052671037586
development_oof,without_n_op,9,logistic,532,26,1,0,0,0.3855445152229159
development_oof,without_n_op,9,logistic,534,26,1,0,0,0.24787085885063834
development_oof,without_n_op,9,logistic,552,6,1,0,0,0.27152772724121127
development_oof,without_n_op,9,logistic,564,47,1,1,0,0.21350284990945653
development_oof,without_n_op,9,logistic,573,350,1,0,1,0.5642729757331704
development_oof,without_n_op,9,logistic,576,349,1,0,1,0.6901208201136009
development_oof,without_n_op,9,logistic,578,26,1,0,0,0.294310924082461
development_oof,without_n_op,9,logistic,590,152,1,0,0,0.04108076855088352
development_oof,without_n_op,9,logistic,591,343,1,0,1,0.6087993291520553
development_oof,without_n_op,9,logistic,630,67,1,0,1,0.5295278067998822
development_oof,without_n_op,9,logistic,637,47,1,1,0,0.23336712217317374
development_oof,without_n_op,9,logistic,639,332,1,0,1,0.5647967070242849
development_oof,without_n_op,9,logistic,642,331,1,0,0,0.30623199866346323
development_oof,without_n_op,9,logistic,644,47,1,1,0,0.1789873866429947
development_oof,without_n_op,9,logistic,650,88,1,0,1,0.5514948424548163
development_oof,without_n_op,9,logistic,651,67,1,0,0,0.27168327192635233
development_oof,without_n_op,9,logistic,654,327,1,0,1,0.7242099382264339
development_oof,without_n_op,9,logistic,673,320,1,0,0,0.2726053233417459
development_oof,without_n_op,9,logistic,676,6,1,0,0,0.3102154627001699
development_oof,without_n_op,9,logistic,679,6,1,0,1,0.5092989908513459
development_oof,without_n_op,9,logistic,680,145,1,0,0,0.4024161447821068
development_oof,without_n_op,9,logistic,695,47,1,1,0,0.21580047767344374
development_oof,without_n_op,9,logistic,708,310,1,0,1,0.7942163190157085
development_oof,without_n_op,9,logistic,709,88,1,0,0,0.3275774096200052
development_oof,without_n_op,9,logistic,713,139,1,0,0,0.18462647528510612
development_oof,without_n_op,9,logistic,721,139,1,1,0,0.14971687542517997
development_oof,without_n_op,9,logistic,722,307,1,0,0,0.36600059838162335
development_oof,without_n_op,9,logistic,727,32,1,0,1,0.6384569882837507
development_oof,without_n_op,9,logistic,734,12,1,1,0,0.3417042194007001
development_oof,without_n_op,9,logistic,748,64,1,0,1,0.5770630237247482
development_oof,without_n_op,9,logistic,763,301,1,0,0,0.3816836050325261
development_oof,without_n_op,9,logistic,771,43,1,0,0,0.4614244869669239
development_oof,without_n_op,9,logistic,773,58,1,1,1,0.8990886473284161
development_oof,without_n_op,9,logistic,775,134,1,0,1,0.856433427819905
development_oof,without_n_op,9,logistic,779,43,1,0,0,0.42177606127498807
development_oof,without_n_op,9,logistic,782,43,1,0,0,0.236262074131383
development_oof,without_n_op,9,logistic,783,296,1,0,1,0.7030913218938222
development_oof,without_n_op,9,logistic,784,43,1,1,0,0.30475676111868
development_oof,without_n_op,9,logistic,788,295,1,1,0,0.3472158270228013
development_oof,without_n_op,9,logistic,795,110,1,1,1,0.9556725990965659
development_oof,without_n_op,9,logistic,797,43,1,0,1,0.5507617262278454
development_oof,without_n_op,9,logistic,812,285,1,0,1,0.921203437573477
development_oof,without_n_op,9,logistic,814,88,1,0,0,0.39534327055745905
development_oof,without_n_op,9,logistic,836,279,1,1,0,0.28791302788906176
development_oof,without_n_op,9,logistic,853,272,1,0,0,0.1804361407294557
development_oof,without_n_op,9,logistic,868,261,1,0,0,0.31897464016385474
development_oof,without_n_op,9,logistic,886,255,1,0,0,0.03293815428555436
development_oof,without_n_op,9,logistic,889,127,1,0,0,0.00019651367483894253
development_oof,without_n_op,9,logistic,892,26,1,0,0,0.25049482088778424
development_oof,without_n_op,9,logistic,903,248,1,0,0,0.0846506447199722
development_oof,without_n_op,9,logistic,909,245,1,0,0,0.46189263486088983
development_oof,without_n_op,9,logistic,912,19,1,0,0,0.2484731686813336
development_oof,without_n_op,9,logistic,924,239,1,0,0,0.25979966446186675
development_oof,without_n_op,9,logistic,929,67,1,0,1,0.6596037239105499
development_oof,without_n_op,9,logistic,937,230,1,0,0,0.4595462494575378
development_oof,without_n_op,9,logistic,938,79,1,0,0,0.49596220548687436
development_oof,without_n_op,9,logistic,944,58,1,1,1,0.9010774892932822
development_oof,without_n_op,9,logistic,956,222,1,0,0,0.4159120826903299
development_oof,without_n_op,9,logistic,959,117,1,0,0,0.4862443475015966
development_oof,without_n_op,9,logistic,961,219,1,0,1,0.7658039131164152
development_oof,without_n_op,9,logistic,970,213,1,0,0,0.41904217882888406
development_oof,without_n_op,9,logistic,983,205,1,1,0,0.23956329686800484
development_oof,without_n_op,9,logistic,989,47,1,0,1,0.6786831550379595
development_oof,without_n_op,9,logistic,992,200,1,0,1,0.6298674199686227
development_oof,without_n_op,9,logistic,997,6,1,0,1,0.5505047643662834
development_oof,without_n_op,9,logistic,1007,195,1,0,0,0.24219444960557818
development_oof,without_n_op,9,logistic,1011,110,1,1,1,0.9567681029885391
development_oof,without_n_op,9,logistic,1023,187,1,0,1,0.7754510622344108
development_oof,without_n_op,9,logistic,1034,178,1,0,0,0.007269762776650325
development_oof,without_n_op,9,logistic,2,460,2,0,0,0.2064656022110201
development_oof,without_n_op,9,logistic,8,107,2,0,0,0.4012153431119977
development_oof,without_n_op,9,logistic,18,56,2,1,1,0.6171335548170355
development_oof,without_n_op,9,logistic,33,452,2,0,0,0.29037341301636743
development_oof,without_n_op,9,logistic,34,23,2,0,1,0.7509716165051094
development_oof,without_n_op,9,logistic,37,177,2,0,0,0.4390439232304042
development_oof,without_n_op,9,logistic,50,40,2,1,1,0.797771591951435
development_oof,without_n_op,9,logistic,51,75,2,1,0,0.2906096574940167
development_oof,without_n_op,9,logistic,55,107,2,0,0,0.4133075307537849
development_oof,without_n_op,9,logistic,67,446,2,0,0,0.2310764003287919
development_oof,without_n_op,9,logistic,81,441,2,0,0,0.4576689277433347
development_oof,without_n_op,9,logistic,97,30,2,1,1,0.527023705868287
development_oof,without_n_op,9,logistic,108,436,2,0,0,0.21966998525963383
development_oof,without_n_op,9,logistic,114,173,2,0,0,0.129055024404205
development_oof,without_n_op,9,logistic,115,2,2,1,0,0.3539855410459881
development_oof,without_n_op,9,logistic,118,172,2,0,0,0.20084520502797787
development_oof,without_n_op,9,logistic,140,40,2,0,1,0.9594295294721141
development_oof,without_n_op,9,logistic,166,425,2,0,0,0.4182046459327859
development_oof,without_n_op,9,logistic,177,40,2,1,1,0.8769337922450752
development_oof,without_n_op,9,logistic,216,167,2,1,0,0.3317624785752416
development_oof,without_n_op,9,logistic,229,30,2,1,0,0.29397481939592596
development_oof,without_n_op,9,logistic,235,30,2,1,0,0.25712345491440847
development_oof,without_n_op,9,logistic,240,167,2,1,0,0.3506517497078633
development_oof,without_n_op,9,logistic,241,23,2,0,1,0.7515513948148572
development_oof,without_n_op,9,logistic,246,56,2,1,1,0.5538432083930662
development_oof,without_n_op,9,logistic,249,124,2,0,1,0.7098597369401035
development_oof,without_n_op,9,logistic,251,30,2,1,0,0.3003919175604502
development_oof,without_n_op,9,logistic,253,412,2,0,0,0.10431955892760754
development_oof,without_n_op,9,logistic,254,411,2,1,1,0.7932819724731227
development_oof,without_n_op,9,logistic,262,98,2,1,1,0.779450967680284
development_oof,without_n_op,9,logistic,265,75,2,0,0,0.35466695723346015
development_oof,without_n_op,9,logistic,275,56,2,1,0,0.49320552625343417
development_oof,without_n_op,9,logistic,281,30,2,1,0,0.3853945793370761
development_oof,without_n_op,9,logistic,283,56,2,1,1,0.6969829681448925
development_oof,without_n_op,9,logistic,291,98,2,1,1,0.8158307914811913
development_oof,without_n_op,9,logistic,301,403,2,0,0,0.35792149049221056
development_oof,without_n_op,9,logistic,325,396,2,0,0,0.41534366059094324
development_oof,without_n_op,9,logistic,344,23,2,1,1,0.7803803816214404
development_oof,without_n_op,9,logistic,359,23,2,0,1,0.7162087847704423
development_oof,without_n_op,9,logistic,365,388,2,0,0,0.3932118418620222
development_oof,without_n_op,9,logistic,378,23,2,0,1,0.7444780568676617
development_oof,without_n_op,9,logistic,389,382,2,0,0,0.17311649789871844
development_oof,without_n_op,9,logistic,408,98,2,1,1,0.8394920979139626
development_oof,without_n_op,9,logistic,413,62,2,1,0,0.37467455055482934
development_oof,without_n_op,9,logistic,425,23,2,0,1,0.7844761060948394
development_oof,without_n_op,9,logistic,426,377,2,0,1,0.8741565796321591
development_oof,without_n_op,9,logistic,439,156,2,1,0,0.33792433727245863
development_oof,without_n_op,9,logistic,461,371,2,1,1,0.7372620751571133
development_oof,without_n_op,9,logistic,487,156,2,0,0,0.33648793894217693
development_oof,without_n_op,9,logistic,505,81,2,1,1,0.7437876276405122
development_oof,without_n_op,9,logistic,514,360,2,1,0,0.4466699843916061
development_oof,without_n_op,9,logistic,515,150,2,0,0,0.32044099952295974
development_oof,without_n_op,9,logistic,523,2,2,1,1,0.6045256838232648
development_oof,without_n_op,9,logistic,526,23,2,0,1,0.751028533529972
development_oof,without_n_op,9,logistic,541,113,2,0,1,0.5907700908496778
development_oof,without_n_op,9,logistic,551,353,2,0,0,0.4525538575199305
development_oof,without_n_op,9,logistic,584,46,2,0,1,0.5259947323433375
development_oof,without_n_op,9,logistic,586,346,2,0,1,0.6319777363063557
development_oof,without_n_op,9,logistic,589,153,2,1,1,0.9136892488410335
development_oof,without_n_op,9,logistic,593,90,2,0,0,0.3356224857630494
development_oof,without_n_op,9,logistic,598,90,2,0,0,0.2464120545525765
development_oof,without_n_op,9,logistic,599,340,2,0,0,0.3541098206216557
development_oof,without_n_op,9,logistic,603,40,2,1,1,0.9182860083910195
development_oof,without_n_op,9,logistic,609,7,2,0,0,0.4077813772969669
development_oof,without_n_op,9,logistic,623,150,2,0,0,0.4098375910259368
development_oof,without_n_op,9,logistic,624,149,2,1,1,0.7926484349252962
development_oof,without_n_op,9,logistic,636,334,2,1,0,0.4015480833351086
development_oof,without_n_op,9,logistic,661,90,2,0,0,0.24315301532704767
development_oof,without_n_op,9,logistic,670,322,2,0,1,0.5993249130583245
development_oof,without_n_op,9,logistic,677,319,2,0,0,0.42014139848592613
development_oof,without_n_op,9,logistic,707,311,2,0,0,0.05329765087762847
development_oof,without_n_op,9,logistic,710,75,2,1,0,0.3275060954271923
development_oof,without_n_op,9,logistic,716,309,2,0,0,0.49958401850986023
development_oof,without_n_op,9,logistic,762,302,2,0,1,0.6581089281748718
development_oof,without_n_op,9,logistic,766,130,2,0,0,0.24699813894746897
development_oof,without_n_op,9,logistic,777,297,2,0,0,0.35166044430968924
development_oof,without_n_op,9,logistic,790,62,2,1,0,0.34075316817294665
development_oof,without_n_op,9,logistic,791,294,2,0,0,0.23952645026503683
development_oof,without_n_op,9,logistic,793,292,2,1,0,0.2629462314877158
development_oof,without_n_op,9,logistic,810,286,2,0,0,0.27173882852169035
development_oof,without_n_op,9,logistic,819,130,2,1,0,0.37466785459949326
development_oof,without_n_op,9,logistic,825,83,2,0,0,0.4709473984254189
development_oof,without_n_op,9,logistic,831,281,2,0,0,0.19155445878071653
development_oof,without_n_op,9,logistic,842,277,2,0,0,0.31473577571070743
development_oof,without_n_op,9,logistic,850,273,2,0,1,0.5698638759908037
development_oof,without_n_op,9,logistic,859,267,2,0,1,0.8967780036111247
development_oof,without_n_op,9,logistic,863,81,2,1,1,0.7515477637182187
development_oof,without_n_op,9,logistic,884,257,2,0,0,0.4183153663192237
development_oof,without_n_op,9,logistic,895,124,2,0,1,0.5776602547120586
development_oof,without_n_op,9,logistic,896,251,2,0,0,0.29142855978483473
development_oof,without_n_op,9,logistic,914,56,2,1,1,0.6185768223074212
development_oof,without_n_op,9,logistic,922,240,2,0,0,0.36969350718742194
development_oof,without_n_op,9,logistic,923,23,2,0,1,0.7189791170097438
development_oof,without_n_op,9,logistic,933,232,2,0,0,0.49093136233906315
development_oof,without_n_op,9,logistic,947,226,2,0,0,0.4783232086601014
development_oof,without_n_op,9,logistic,951,223,2,0,1,0.5960402455218643
development_oof,without_n_op,9,logistic,953,119,2,0,1,0.6960771597169609
development_oof,without_n_op,9,logistic,965,216,2,0,0,0.4353923598723092
development_oof,without_n_op,9,logistic,976,209,2,0,0,0.14493110916691587
development_oof,without_n_op,9,logistic,986,113,2,0,1,0.6162428409927134
development_oof,without_n_op,9,logistic,1001,107,2,0,1,0.7418160679542933
development_oof,without_n_op,9,logistic,1005,196,2,0,0,0.44584033892757796
development_oof,without_n_op,9,logistic,1020,188,2,0,0,0.4859188239434215
development_oof,without_n_op,9,logistic,1026,186,2,1,0,0.3371103291515715
development_oof,without_n_op,9,logistic,1030,182,2,0,0,0.460236426705452
development_oof,without_n_op,9,logistic,20,3,3,0,0,0.4362999967554637
development_oof,without_n_op,9,logistic,29,453,3,0,0,0.37306895556907405
development_oof,without_n_op,9,logistic,31,3,3,0,0,0.39562908547312686
development_oof,without_n_op,9,logistic,36,80,3,0,1,0.5934772727150999
development_oof,without_n_op,9,logistic,39,42,3,0,0,0.35654093548814364
development_oof,without_n_op,9,logistic,42,3,3,0,0,0.3875181338677578
development_oof,without_n_op,9,logistic,78,443,3,1,1,0.5648804473186775
development_oof,without_n_op,9,logistic,87,439,3,0,0,0.07677809909159233
development_oof,without_n_op,9,logistic,92,27,3,1,0,0.3359923335355843
development_oof,without_n_op,9,logistic,93,165,3,0,0,0.4235575272701472
development_oof,without_n_op,9,logistic,101,27,3,0,0,0.3786864161983651
development_oof,without_n_op,9,logistic,125,111,3,0,0,0.4691759523838221
development_oof,without_n_op,9,logistic,145,430,3,0,1,0.683600409271935
development_oof,without_n_op,9,logistic,146,59,3,1,0,0.3792862593150349
development_oof,without_n_op,9,logistic,147,16,3,0,1,0.524561555751513
development_oof,without_n_op,9,logistic,148,59,3,1,0,0.39254012301807983
development_oof,without_n_op,9,logistic,154,59,3,1,0,0.42988970107963864
development_oof,without_n_op,9,logistic,158,428,3,0,0,0.3462412749264887
development_oof,without_n_op,9,logistic,173,52,3,0,0,0.32396369299374117
development_oof,without_n_op,9,logistic,175,38,3,1,1,0.7666367318382896
development_oof,without_n_op,9,logistic,176,3,3,0,0,0.33662624175224365
development_oof,without_n_op,9,logistic,192,8,3,0,0,0.2373315073780118
development_oof,without_n_op,9,logistic,196,8,3,0,0,0.3025777372499012
development_oof,without_n_op,9,logistic,202,421,3,0,0,0.272089595247928
development_oof,without_n_op,9,logistic,211,8,3,0,0,0.28533898414029185
development_oof,without_n_op,9,logistic,217,8,3,0,0,0.3490424416441108
development_oof,without_n_op,9,logistic,218,8,3,0,0,0.2629709819073128
development_oof,without_n_op,9,logistic,220,8,3,0,0,0.41208001639665925
development_oof,without_n_op,9,logistic,226,8,3,0,0,0.2858584570719375
development_oof,without_n_op,9,logistic,227,38,3,1,1,0.705988336526024
development_oof,without_n_op,9,logistic,230,121,3,1,0,0.47209781378044774
development_oof,without_n_op,9,logistic,238,415,3,0,0,0.24734092318989986
development_oof,without_n_op,9,logistic,239,3,3,0,0,0.4182988185005881
development_oof,without_n_op,9,logistic,242,52,3,1,1,0.8619825258607902
development_oof,without_n_op,9,logistic,252,3,3,0,0,0.3506143377463954
development_oof,without_n_op,9,logistic,257,80,3,0,1,0.6671111316302051
development_oof,without_n_op,9,logistic,266,103,3,1,1,0.7147619577266031
development_oof,without_n_op,9,logistic,268,8,3,0,0,0.3278889109380067
development_oof,without_n_op,9,logistic,271,165,3,0,0,0.35060515928012453
development_oof,without_n_op,9,logistic,278,407,3,0,0,0.3232500122054446
development_oof,without_n_op,9,logistic,279,3,3,0,0,0.40891095570401426
development_oof,without_n_op,9,logistic,284,38,3,1,1,0.5554742658129311
development_oof,without_n_op,9,logistic,285,3,3,0,0,0.3071382000126914
development_oof,without_n_op,9,logistic,286,3,3,0,0,0.3489668672029905
development_oof,without_n_op,9,logistic,287,158,3,0,0,0.4766985306657809
development_oof,without_n_op,9,logistic,290,164,3,1,1,0.6057530536005857
development_oof,without_n_op,9,logistic,300,404,3,1,1,0.6652708521220485
development_oof,without_n_op,9,logistic,309,22,3,0,0,0.4863776989471949
development_oof,without_n_op,9,logistic,320,38,3,1,1,0.796033580206569
development_oof,without_n_op,9,logistic,321,397,3,0,0,0.4831360370603383
development_oof,without_n_op,9,logistic,323,3,3,0,0,0.38257950120873024
development_oof,without_n_op,9,logistic,327,3,3,0,0,0.40180886602993576
development_oof,without_n_op,9,logistic,332,38,3,1,1,0.7780967514718382
development_oof,without_n_op,9,logistic,333,8,3,0,0,0.3997573184663399
development_oof,without_n_op,9,logistic,341,135,3,1,1,0.6471818215636842
development_oof,without_n_op,9,logistic,348,3,3,0,0,0.3602442004824546
development_oof,without_n_op,9,logistic,349,22,3,1,0,0.2804827795702235
development_oof,without_n_op,9,logistic,353,3,3,1,0,0.2517412413336984
development_oof,without_n_op,9,logistic,354,391,3,1,0,0.333303665744043
development_oof,without_n_op,9,logistic,356,390,3,0,1,0.5313610483226935
development_oof,without_n_op,9,logistic,363,22,3,0,0,0.286620475547208
development_oof,without_n_op,9,logistic,370,8,3,0,0,0.44671427037951356
development_oof,without_n_op,9,logistic,387,383,3,1,1,0.5756944369767695
development_oof,without_n_op,9,logistic,406,78,3,0,0,0.4506769734618503
development_oof,without_n_op,9,logistic,412,3,3,0,0,0.3621343617875528
development_oof,without_n_op,9,logistic,414,3,3,0,0,0.39991336455302345
development_oof,without_n_op,9,logistic,416,378,3,0,0,0.35516002764840865
development_oof,without_n_op,9,logistic,417,22,3,0,0,0.48125975871313004
development_oof,without_n_op,9,logistic,419,154,3,1,1,0.775651120612222
development_oof,without_n_op,9,logistic,421,27,3,0,0,0.32182637717602663
development_oof,without_n_op,9,logistic,424,27,3,0,0,0.2913058803945117
development_oof,without_n_op,9,logistic,437,158,3,0,1,0.5081329292433775
development_oof,without_n_op,9,logistic,438,96,3,1,0,0.3653865961581321
development_oof,without_n_op,9,logistic,441,27,3,1,0,0.2973664064772892
development_oof,without_n_op,9,logistic,443,372,3,0,0,0.2381253419410285
development_oof,without_n_op,9,logistic,448,13,3,0,1,0.5297984644396271
development_oof,without_n_op,9,logistic,450,3,3,0,0,0.4396794283659813
development_oof,without_n_op,9,logistic,451,3,3,0,0,0.45687485869259353
development_oof,without_n_op,9,logistic,456,78,3,0,1,0.6616799041073315
development_oof,without_n_op,9,logistic,469,8,3,0,0,0.441445859199113
development_oof,without_n_op,9,logistic,473,22,3,0,0,0.2809201097076546
development_oof,without_n_op,9,logistic,483,27,3,0,0,0.3646661857538777
development_oof,without_n_op,9,logistic,490,364,3,0,0,0.34791640946471625
development_oof,without_n_op,9,logistic,511,129,3,0,0,0.3502050016886089
development_oof,without_n_op,9,logistic,522,154,3,1,1,0.6788313660815576
development_oof,without_n_op,9,logistic,544,63,3,1,0,0.3470563435887192
development_oof,without_n_op,9,logistic,547,77,3,0,0,0.2514805530114449
development_oof,without_n_op,9,logistic,550,354,3,0,0,0.44150469534013936
development_oof,without_n_op,9,logistic,556,13,3,0,1,0.573191173115779
development_oof,without_n_op,9,logistic,567,13,3,0,1,0.5341694368981841
development_oof,without_n_op,9,logistic,580,348,3,1,0,0.34320448725195585
development_oof,without_n_op,9,logistic,597,341,3,0,1,0.5250600053568824
development_oof,without_n_op,9,logistic,606,337,3,0,0,0.19534038083230462
development_oof,without_n_op,9,logistic,628,147,3,0,0,0.28422978487762324
development_oof,without_n_op,9,logistic,632,77,3,0,0,0.29748580802953367
development_oof,without_n_op,9,logistic,649,89,3,0,0,0.4229774988568582
development_oof,without_n_op,9,logistic,652,328,3,0,0,0.4815861908350707
development_oof,without_n_op,9,logistic,681,318,3,0,0,0.48657620359417375
development_oof,without_n_op,9,logistic,685,33,3,0,0,0.3155525431703037
development_oof,without_n_op,9,logistic,686,144,3,1,0,0.3350541966340573
development_oof,without_n_op,9,logistic,690,315,3,0,0,0.45605276653878035
development_oof,without_n_op,9,logistic,694,33,3,0,0,0.2750809173221337
development_oof,without_n_op,9,logistic,696,89,3,0,0,0.38086595673718443
development_oof,without_n_op,9,logistic,717,140,3,0,1,0.6902594854702058
development_oof,without_n_op,9,logistic,718,308,3,0,0,0.1298572358625502
development_oof,without_n_op,9,logistic,743,13,3,0,1,0.5305829107442718
development_oof,without_n_op,9,logistic,756,303,3,0,0,0.49018967830634674
development_oof,without_n_op,9,logistic,767,63,3,1,0,0.3671132246515236
development_oof,without_n_op,9,logistic,768,300,3,0,1,0.7223505615472169
development_oof,without_n_op,9,logistic,769,135,3,0,1,0.6427034982561886
development_oof,without_n_op,9,logistic,801,290,3,0,0,0.26844025559355167
development_oof,without_n_op,9,logistic,805,63,3,1,0,0.4683211906076417
development_oof,without_n_op,9,logistic,807,288,3,0,0,0.3498156948678477
development_oof,without_n_op,9,logistic,808,33,3,0,0,0.4688083295138456
development_oof,without_n_op,9,logistic,813,33,3,0,1,0.5648860166655768
development_oof,without_n_op,9,logistic,821,282,3,0,0,0.44580739645736767
development_oof,without_n_op,9,logistic,827,129,3,0,0,0.3890941960646735
development_oof,without_n_op,9,logistic,847,274,3,0,0,0.2353557925517842
development_oof,without_n_op,9,logistic,854,271,3,0,0,0.21246124220211202
development_oof,without_n_op,9,logistic,864,264,3,0,0,0.35306631329848864
development_oof,without_n_op,9,logistic,866,262,3,0,1,0.8608063254657169
development_oof,without_n_op,9,logistic,869,80,3,0,1,0.6390512263013675
development_oof,without_n_op,9,logistic,881,259,3,0,1,0.5854830508137916
development_oof,without_n_op,9,logistic,883,59,3,1,0,0.4124788519615127
development_oof,without_n_op,9,logistic,893,253,3,0,0,0.25534834695493397
development_oof,without_n_op,9,logistic,899,123,3,1,1,0.757996162714445
development_oof,without_n_op,9,logistic,904,52,3,1,1,0.6599553481450638
development_oof,without_n_op,9,logistic,913,121,3,1,0,0.4219838944407413
development_oof,without_n_op,9,logistic,917,243,3,1,1,0.6246096728015196
development_oof,without_n_op,9,logistic,920,241,3,0,0,0.3781033716317101
development_oof,without_n_op,9,logistic,921,16,3,0,1,0.5687471810117845
development_oof,without_n_op,9,logistic,930,235,3,1,0,0.4011750650900422
development_oof,without_n_op,9,logistic,935,231,3,0,0,0.4417361705525165
development_oof,without_n_op,9,logistic,940,78,3,0,1,0.5751153459410163
development_oof,without_n_op,9,logistic,945,227,3,0,0,0.4623608521047596
development_oof,without_n_op,9,logistic,962,218,3,0,0,0.3022661417749408
development_oof,without_n_op,9,logistic,963,217,3,0,0,0.26604743992686786
development_oof,without_n_op,9,logistic,973,210,3,0,0,0.26487943959841054
development_oof,without_n_op,9,logistic,982,77,3,0,0,0.283715184814542
development_oof,without_n_op,9,logistic,988,202,3,1,0,0.3082652141168653
development_oof,without_n_op,9,logistic,998,198,3,0,0,0.47265669198974547
development_oof,without_n_op,9,logistic,1002,197,3,0,1,0.5168133899651918
development_oof,without_n_op,9,logistic,1006,111,3,0,0,0.16529233244842245
development_oof,without_n_op,9,logistic,1017,189,3,0,0,0.33585136161988105
development_oof,without_n_op,9,logistic,1025,63,3,1,0,0.21863990112151885
development_oof,without_n_op,9,logistic,1028,184,3,0,0,0.34771057535532496
development_oof,without_n_op,9,logistic,1029,183,3,0,0,0.3672203159441883
development_oof,without_n_op,9,logistic,16,93,4,1,1,0.6345795845658408
development_oof,without_n_op,9,logistic,19,457,4,0,1,0.6066610397179399
development_oof,without_n_op,9,logistic,27,53,4,0,0,0.49343641147637
development_oof,without_n_op,9,logistic,44,450,4,0,0,0.17459738712658668
development_oof,without_n_op,9,logistic,60,4,4,1,1,0.680120061621718
development_oof,without_n_op,9,logistic,62,82,4,0,0,0.2516728277060412
development_oof,without_n_op,9,logistic,66,82,4,1,0,0.4086099077242582
development_oof,without_n_op,9,logistic,69,444,4,0,0,0.1472734446060734
development_oof,without_n_op,9,logistic,83,60,4,1,0,0.3095613953491567
development_oof,without_n_op,9,logistic,84,9,4,1,1,0.9364569580578989
development_oof,without_n_op,9,logistic,86,174,4,1,1,0.6387693537015701
development_oof,without_n_op,9,logistic,90,9,4,1,1,0.7575062297738031
development_oof,without_n_op,9,logistic,95,161,4,0,0,0.2374583141527433
development_oof,without_n_op,9,logistic,102,15,4,0,0,0.4937121058984675
development_oof,without_n_op,9,logistic,112,9,4,1,1,0.7875427387328987
development_oof,without_n_op,9,logistic,117,433,4,0,0,0.37427267510121404
development_oof,without_n_op,9,logistic,119,0,4,0,1,0.5276458323077957
development_oof,without_n_op,9,logistic,123,9,4,1,1,0.8459961894849614
development_oof,without_n_op,9,logistic,131,170,4,1,0,0.3095613953491567
development_oof,without_n_op,9,logistic,134,15,4,0,0,0.29138290145693696
development_oof,without_n_op,9,logistic,138,431,4,0,0,0.3466935600628041
development_oof,without_n_op,9,logistic,142,0,4,0,0,0.47792972963221814
development_oof,without_n_op,9,logistic,156,9,4,1,1,0.7424855908853195
development_oof,without_n_op,9,logistic,157,0,4,0,1,0.5438389337915133
development_oof,without_n_op,9,logistic,159,4,4,1,1,0.541997062937184
development_oof,without_n_op,9,logistic,169,9,4,1,1,0.6817857755897999
development_oof,without_n_op,9,logistic,170,60,4,1,0,0.19098551934426677
development_oof,without_n_op,9,logistic,178,54,4,0,0,0.35574213454772324
development_oof,without_n_op,9,logistic,181,9,4,1,1,0.6701813848892939
development_oof,without_n_op,9,logistic,183,422,4,0,0,0.49333711333727726
development_oof,without_n_op,9,logistic,184,4,4,1,1,0.6529946785694193
development_oof,without_n_op,9,logistic,187,9,4,1,1,0.7838485412986238
development_oof,without_n_op,9,logistic,193,9,4,1,1,0.7441046679929963
development_oof,without_n_op,9,logistic,198,53,4,0,0,0.4932331212795308
development_oof,without_n_op,9,logistic,201,9,4,1,1,0.812512289717786
development_oof,without_n_op,9,logistic,206,125,4,1,0,0.3624025157917954
development_oof,without_n_op,9,logistic,210,104,4,1,1,0.736731026765659
development_oof,without_n_op,9,logistic,221,9,4,1,1,0.8254187902937881
development_oof,without_n_op,9,logistic,236,416,4,1,0,0.12888033210132457
development_oof,without_n_op,9,logistic,258,35,4,0,0,0.4818160529485998
development_oof,without_n_op,9,logistic,277,102,4,1,0,0.4797966247442877
development_oof,without_n_op,9,logistic,294,122,4,0,0,0.1853029032314699
development_oof,without_n_op,9,logistic,304,24,4,1,0,0.43317072404584905
development_oof,without_n_op,9,logistic,310,401,4,0,0,0.3082601167490833
development_oof,without_n_op,9,logistic,311,400,4,1,0,0.3402413716090122
development_oof,without_n_op,9,logistic,322,15,4,0,1,0.7485090149335569
development_oof,without_n_op,9,logistic,335,15,4,0,0,0.49083407744773694
development_oof,without_n_op,9,logistic,337,15,4,0,0,0.33130822002996246
development_oof,without_n_op,9,logistic,355,15,4,0,0,0.39162347585851953
development_oof,without_n_op,9,logistic,358,389,4,0,1,0.5156461497067655
development_oof,without_n_op,9,logistic,371,161,4,0,0,0.26976226531692593
development_oof,without_n_op,9,logistic,379,24,4,0,0,0.32752936657976955
development_oof,without_n_op,9,logistic,382,384,4,0,0,0.3760299558593611
development_oof,without_n_op,9,logistic,384,69,4,0,1,0.6260707921990304
development_oof,without_n_op,9,logistic,386,4,4,1,1,0.5619912092647398
development_oof,without_n_op,9,logistic,392,4,4,1,1,0.8344939893981207
development_oof,without_n_op,9,logistic,393,0,4,0,1,0.5694012452657102
development_oof,without_n_op,9,logistic,400,28,4,0,1,0.6436841400780297
development_oof,without_n_op,9,logistic,401,4,4,1,1,0.5337162785828755
development_oof,without_n_op,9,logistic,404,35,4,0,1,0.527080077377904
development_oof,without_n_op,9,logistic,405,379,4,0,1,0.5851573535275127
development_oof,without_n_op,9,logistic,407,160,4,0,0,0.17771667805102861
development_oof,without_n_op,9,logistic,409,4,4,1,1,0.723428380147038
development_oof,without_n_op,9,logistic,423,50,4,0,0,0.4885425074094422
development_oof,without_n_op,9,logistic,430,4,4,1,1,0.5577290009377797
development_oof,without_n_op,9,logistic,434,97,4,1,1,0.6284914459510758
development_oof,without_n_op,9,logistic,446,4,4,1,1,0.5986804446667182
development_oof,without_n_op,9,logistic,454,104,4,1,1,0.7169487330150595
development_oof,without_n_op,9,logistic,455,93,4,1,1,0.637248994477069
development_oof,without_n_op,9,logistic,462,15,4,0,0,0.34608961888944495
development_oof,without_n_op,9,logistic,464,4,4,1,1,0.5161534865344197
development_oof,without_n_op,9,logistic,465,4,4,1,1,0.6994212683611406
development_oof,without_n_op,9,logistic,466,0,4,0,0,0.45251705796456193
development_oof,without_n_op,9,logistic,470,0,4,0,1,0.5484581459803616
development_oof,without_n_op,9,logistic,480,367,4,0,1,0.5188700191283835
development_oof,without_n_op,9,logistic,481,4,4,1,1,0.677785867753927
development_oof,without_n_op,9,logistic,484,365,4,0,0,0.2834840950476807
development_oof,without_n_op,9,logistic,495,0,4,0,1,0.5936461456389146
development_oof,without_n_op,9,logistic,498,54,4,0,0,0.4561949146776469
development_oof,without_n_op,9,logistic,499,15,4,0,0,0.31196979308591133
development_oof,without_n_op,9,logistic,500,28,4,0,1,0.7498807234720382
development_oof,without_n_op,9,logistic,501,72,4,0,0,0.29287471717320335
development_oof,without_n_op,9,logistic,503,93,4,1,1,0.6236598375578912
development_oof,without_n_op,9,logistic,506,0,4,0,0,0.4795607440479051
development_oof,without_n_op,9,logistic,517,0,4,0,0,0.4702118636102328
development_oof,without_n_op,9,logistic,519,53,4,0,0,0.3481313502144692
development_oof,without_n_op,9,logistic,520,53,4,0,0,0.4114970385046556
development_oof,without_n_op,9,logistic,524,0,4,0,0,0.48568674250183863
development_oof,without_n_op,9,logistic,525,15,4,0,0,0.3606922503538263
development_oof,without_n_op,9,logistic,527,0,4,0,1,0.526517930674482
development_oof,without_n_op,9,logistic,528,359,4,0,0,0.2796433333966534
development_oof,without_n_op,9,logistic,529,0,4,0,1,0.5854176524290576
development_oof,without_n_op,9,logistic,542,35,4,1,1,0.5695079373199127
development_oof,without_n_op,9,logistic,543,0,4,0,1,0.568194571403278
development_oof,without_n_op,9,logistic,545,136,4,1,0,0.31918312633588747
development_oof,without_n_op,9,logistic,553,0,4,0,1,0.6416535822821254
development_oof,without_n_op,9,logistic,559,351,4,0,0,0.406950631470164
development_oof,without_n_op,9,logistic,560,0,4,0,0,0.46211541911766063
development_oof,without_n_op,9,logistic,568,0,4,0,0,0.4429214869678995
development_oof,without_n_op,9,logistic,570,0,4,1,1,0.7627697777209049
development_oof,without_n_op,9,logistic,572,0,4,1,0,0.4682716015860124
development_oof,without_n_op,9,logistic,577,44,4,0,0,0.4644796261765379
development_oof,without_n_op,9,logistic,581,347,4,0,0,0.49587344935003436
development_oof,without_n_op,9,logistic,582,44,4,0,0,0.3516304127938908
development_oof,without_n_op,9,logistic,583,69,4,0,1,0.6037146104133968
development_oof,without_n_op,9,logistic,588,344,4,0,1,0.5820737829089532
development_oof,without_n_op,9,logistic,592,0,4,1,1,0.5174355542117892
development_oof,without_n_op,9,logistic,595,35,4,0,1,0.504831871195268
development_oof,without_n_op,9,logistic,600,151,4,0,0,0.3004295191053583
development_oof,without_n_op,9,logistic,602,338,4,0,0,0.28304902721936653
development_oof,without_n_op,9,logistic,604,0,4,0,1,0.5946183926853187
development_oof,without_n_op,9,logistic,605,0,4,0,0,0.4388473244491713
development_oof,without_n_op,9,logistic,607,0,4,1,1,0.567098177655015
development_oof,without_n_op,9,logistic,608,0,4,0,1,0.6259149756221329
development_oof,without_n_op,9,logistic,610,0,4,0,0,0.4285997185187408
development_oof,without_n_op,9,logistic,611,0,4,0,1,0.5623155684165394
development_oof,without_n_op,9,logistic,613,85,4,0,1,0.5457081399169293
development_oof,without_n_op,9,logistic,615,0,4,0,1,0.5524035144151924
development_oof,without_n_op,9,logistic,627,335,4,0,0,0.3588666370047009
development_oof,without_n_op,9,logistic,633,0,4,0,0,0.4386123477132403
development_oof,without_n_op,9,logistic,646,0,4,0,1,0.5284029177059124
development_oof,without_n_op,9,logistic,647,0,4,0,1,0.6774118097377013
development_oof,without_n_op,9,logistic,648,329,4,0,0,0.27406779752841415
development_oof,without_n_op,9,logistic,657,4,4,1,1,0.7295451682914317
development_oof,without_n_op,9,logistic,662,0,4,0,0,0.4594375123558523
development_oof,without_n_op,9,logistic,665,69,4,1,1,0.7294497916575041
development_oof,without_n_op,9,logistic,666,44,4,0,0,0.30281075099776744
development_oof,without_n_op,9,logistic,667,0,4,0,1,0.6504366104076188
development_oof,without_n_op,9,logistic,671,321,4,1,1,0.6745060853370708
development_oof,without_n_op,9,logistic,674,4,4,0,1,0.6174480224854687
development_oof,without_n_op,9,logistic,683,142,4,0,0,0.465571897584099
development_oof,without_n_op,9,logistic,691,142,4,0,0,0.4981950674076999
development_oof,without_n_op,9,logistic,692,0,4,0,1,0.5717834575634415
development_oof,without_n_op,9,logistic,693,0,4,0,1,0.5137519339003987
development_oof,without_n_op,9,logistic,699,0,4,0,0,0.33631223056417786
development_oof,without_n_op,9,logistic,701,0,4,1,1,0.5830632969262973
development_oof,without_n_op,9,logistic,704,313,4,0,1,0.6333150009014784
development_oof,without_n_op,9,logistic,706,0,4,0,0,0.4930194060271555
development_oof,without_n_op,9,logistic,715,4,4,1,0,0.4994554557033367
development_oof,without_n_op,9,logistic,729,0,4,0,1,0.5340115873284444
development_oof,without_n_op,9,logistic,731,60,4,0,0,0.4354039526053612
development_oof,without_n_op,9,logistic,735,132,4,0,1,0.5144053566217696
development_oof,without_n_op,9,logistic,737,85,4,1,1,0.5147945237535029
development_oof,without_n_op,9,logistic,738,136,4,1,0,0.3078402038181968
development_oof,without_n_op,9,logistic,740,44,4,0,0,0.29000782802741276
development_oof,without_n_op,9,logistic,742,305,4,0,0,0.2926307289815422
development_oof,without_n_op,9,logistic,745,0,4,0,1,0.5647830093434799
development_oof,without_n_op,9,logistic,753,85,4,0,0,0.42814629691671663
development_oof,without_n_op,9,logistic,761,44,4,0,0,0.461501178924362
development_oof,without_n_op,9,logistic,776,298,4,0,0,0.3975154261687891
development_oof,without_n_op,9,logistic,794,0,4,0,1,0.7151615572565686
development_oof,without_n_op,9,logistic,796,35,4,0,1,0.5923825729394958
development_oof,without_n_op,9,logistic,800,132,4,0,0,0.4653983337961803
development_oof,without_n_op,9,logistic,803,289,4,0,0,0.27254082414656755
development_oof,without_n_op,9,logistic,818,283,4,0,0,0.2909546293430519
development_oof,without_n_op,9,logistic,822,35,4,0,1,0.5113481346325244
development_oof,without_n_op,9,logistic,839,82,4,0,0,0.2351993779630031
development_oof,without_n_op,9,logistic,844,276,4,0,1,0.7644477270521433
development_oof,without_n_op,9,logistic,855,270,4,0,0,0.1911200405622833
development_oof,without_n_op,9,logistic,865,263,4,0,0,0.18416008776102089
development_oof,without_n_op,9,logistic,867,60,4,0,0,0.22923069089607168
development_oof,without_n_op,9,logistic,885,256,4,0,0,0.2763264156680005
development_oof,without_n_op,9,logistic,888,254,4,1,0,0.16157659813972558
development_oof,without_n_op,9,logistic,891,125,4,0,1,0.6581164591297808
development_oof,without_n_op,9,logistic,902,122,4,1,0,0.27005517641195564
development_oof,without_n_op,9,logistic,907,246,4,0,0,0.33446680062319867
development_oof,without_n_op,9,logistic,918,242,4,0,0,0.44848100533733365
development_oof,without_n_op,9,logistic,931,234,4,0,0,0.31536175555820023
development_oof,without_n_op,9,logistic,949,224,4,0,0,0.11421019480968389
development_oof,without_n_op,9,logistic,954,4,4,1,0,0.4893764928250282
development_oof,without_n_op,9,logistic,968,214,4,1,1,0.5972626916081967
development_oof,without_n_op,9,logistic,980,207,4,0,0,0.3673782807239999
development_oof,without_n_op,9,logistic,981,206,4,0,0,0.47869288573576924
development_oof,without_n_op,9,logistic,984,204,4,1,0,0.4943615562309804
development_oof,without_n_op,9,logistic,991,0,4,0,1,0.5564743077930615
development_oof,without_n_op,9,logistic,993,69,4,0,1,0.6900378963506966
development_oof,without_n_op,9,logistic,995,112,4,0,0,0.4565899127430253
development_oof,without_n_op,9,logistic,1016,190,4,1,1,0.6077432602615821
development_oof,without_n_op,9,logistic,1024,4,4,1,1,0.6768113459887602
development_oof,without_n_op,9,logistic,1031,181,4,0,1,0.7414190027043608
development_oof,without_n_op,9,logistic,1033,179,4,0,0,0.4318578765676354
development_oof,without_n_op,9,logistic,5,31,5,1,1,0.6756991738804415
development_oof,without_n_op,9,logistic,6,61,5,0,0,0.4375493210157503
development_oof,without_n_op,9,logistic,15,458,5,1,1,0.6509075840342365
development_oof,without_n_op,9,logistic,23,11,5,0,1,0.7592024888851648
development_oof,without_n_op,9,logistic,26,11,5,0,1,0.5560804098538906
development_oof,without_n_op,9,logistic,41,451,5,0,0,0.1955118312668808
development_oof,without_n_op,9,logistic,46,18,5,0,1,0.6576814850515671
development_oof,without_n_op,9,logistic,49,11,5,0,0,0.4864631359511723
development_oof,without_n_op,9,logistic,52,448,5,0,0,0.30770038209272815
development_oof,without_n_op,9,logistic,57,61,5,0,0,0.43220867878388475
development_oof,without_n_op,9,logistic,58,11,5,0,1,0.5198900865517281
development_oof,without_n_op,9,logistic,59,11,5,0,1,0.6169447568957512
development_oof,without_n_op,9,logistic,76,11,5,0,1,0.9246895227276306
development_oof,without_n_op,9,logistic,79,175,5,1,0,0.46439044229795645
development_oof,without_n_op,9,logistic,85,17,5,1,1,0.5014113267404721
development_oof,without_n_op,9,logistic,96,18,5,1,1,0.6972337718612751
development_oof,without_n_op,9,logistic,98,438,5,0,0,0.42830925132492553
development_oof,without_n_op,9,logistic,100,31,5,1,1,0.6086287672078824
development_oof,without_n_op,9,logistic,105,437,5,1,1,0.5006061276616488
development_oof,without_n_op,9,logistic,106,18,5,1,1,0.6894964353142969
development_oof,without_n_op,9,logistic,111,106,5,0,1,0.6625777023256733
development_oof,without_n_op,9,logistic,116,434,5,0,0,0.07002425118849791
development_oof,without_n_op,9,logistic,130,171,5,0,0,0.3944314353583065
development_oof,without_n_op,9,logistic,132,18,5,1,1,0.6719430912836535
development_oof,without_n_op,9,logistic,141,106,5,0,0,0.47252254379570147
development_oof,without_n_op,9,logistic,149,106,5,0,1,0.6008665550498838
development_oof,without_n_op,9,logistic,150,55,5,1,1,0.6083133957352365
development_oof,without_n_op,9,logistic,152,429,5,0,0,0.2701230570084086
development_oof,without_n_op,9,logistic,161,427,5,0,1,0.7399047008204337
development_oof,without_n_op,9,logistic,163,18,5,1,1,0.8407403332028148
development_oof,without_n_op,9,logistic,165,17,5,1,1,0.6516552474593384
development_oof,without_n_op,9,logistic,167,18,5,1,1,0.708847528720085
development_oof,without_n_op,9,logistic,172,423,5,0,1,0.9038426377507122
development_oof,without_n_op,9,logistic,179,11,5,0,1,0.7343329277519987
development_oof,without_n_op,9,logistic,182,31,5,1,1,0.5038805646206861
development_oof,without_n_op,9,logistic,186,18,5,1,1,0.6648365156277339
development_oof,without_n_op,9,logistic,195,31,5,1,1,0.6758845460249134
development_oof,without_n_op,9,logistic,208,31,5,1,1,0.7618215833207166
development_oof,without_n_op,9,logistic,215,61,5,0,1,0.6040203374639279
development_oof,without_n_op,9,logistic,219,418,5,0,0,0.25908089826833675
development_oof,without_n_op,9,logistic,223,68,5,0,0,0.3542576243940283
development_oof,without_n_op,9,logistic,225,55,5,1,1,0.5749530729037112
development_oof,without_n_op,9,logistic,231,417,5,0,0,0.12809518543516218
development_oof,without_n_op,9,logistic,233,17,5,1,1,0.546720747637303
development_oof,without_n_op,9,logistic,255,410,5,0,0,0.2618964946768941
development_oof,without_n_op,9,logistic,256,18,5,1,1,0.5829317091634215
development_oof,without_n_op,9,logistic,259,409,5,0,0,0.38104372705160355
development_oof,without_n_op,9,logistic,261,25,5,1,1,0.5241567291858459
development_oof,without_n_op,9,logistic,273,25,5,1,0,0.4762523081359113
development_oof,without_n_op,9,logistic,276,17,5,1,1,0.7268013016986681
development_oof,without_n_op,9,logistic,297,163,5,0,0,0.45484305225830324
development_oof,without_n_op,9,logistic,298,405,5,0,0,0.2544642110391117
development_oof,without_n_op,9,logistic,316,100,5,0,0,0.49109590361749605
development_oof,without_n_op,9,logistic,319,163,5,0,0,0.4058011564176636
development_oof,without_n_op,9,logistic,326,157,5,1,1,0.6661178184358049
development_oof,without_n_op,9,logistic,330,76,5,1,0,0.297218412480327
development_oof,without_n_op,9,logistic,334,394,5,0,0,0.4198358935011346
development_oof,without_n_op,9,logistic,336,55,5,1,1,0.5975145117151992
development_oof,without_n_op,9,logistic,338,17,5,1,1,0.5590501336233147
development_oof,without_n_op,9,logistic,339,11,5,0,1,0.8907232851626431
development_oof,without_n_op,9,logistic,340,393,5,0,0,0.31278224924282516
development_oof,without_n_op,9,logistic,343,17,5,1,1,0.5862511092165358
development_oof,without_n_op,9,logistic,347,17,5,1,1,0.649235506815851
development_oof,without_n_op,9,logistic,351,100,5,1,0,0.4890329850064895
development_oof,without_n_op,9,logistic,357,37,5,1,1,0.6945474482049229
development_oof,without_n_op,9,logistic,364,25,5,1,1,0.5709887659282182
development_oof,without_n_op,9,logistic,372,17,5,1,1,0.5914085387688877
development_oof,without_n_op,9,logistic,377,386,5,0,0,0.41489647514480127
development_oof,without_n_op,9,logistic,381,76,5,0,0,0.41860220563321693
development_oof,without_n_op,9,logistic,397,11,5,0,1,0.5390992048090377
development_oof,without_n_op,9,logistic,402,380,5,0,0,0.2618924618253229
development_oof,without_n_op,9,logistic,435,374,5,0,0,0.41187191983614263
development_oof,without_n_op,9,logistic,436,25,5,1,1,0.8414063328971488
development_oof,without_n_op,9,logistic,458,18,5,0,1,0.6666137514160788
development_oof,without_n_op,9,logistic,459,25,5,1,1,0.5222462141029471
development_oof,without_n_op,9,logistic,468,370,5,0,0,0.2908510551538654
development_oof,without_n_op,9,logistic,479,368,5,0,1,0.6113199155433676
development_oof,without_n_op,9,logistic,486,157,5,0,0,0.3937094289259906
development_oof,without_n_op,9,logistic,494,94,5,0,1,0.6023740887916376
development_oof,without_n_op,9,logistic,533,71,5,0,0,0.45718648764550596
development_oof,without_n_op,9,logistic,536,71,5,0,0,0.39520206479933495
development_oof,without_n_op,9,logistic,549,355,5,0,1,0.5329340123923856
development_oof,without_n_op,9,logistic,555,352,5,1,1,0.7716216098654232
development_oof,without_n_op,9,logistic,557,66,5,0,1,0.702358194714412
development_oof,without_n_op,9,logistic,563,71,5,0,0,0.44842315438107744
development_oof,without_n_op,9,logistic,575,115,5,0,1,0.6468030735298924
development_oof,without_n_op,9,logistic,579,114,5,1,0,0.3469202886759906
development_oof,without_n_op,9,logistic,585,31,5,1,1,0.7544191468816444
development_oof,without_n_op,9,logistic,587,345,5,0,1,0.7919068137415358
development_oof,without_n_op,9,logistic,601,339,5,0,0,0.32702985313563965
development_oof,without_n_op,9,logistic,612,87,5,0,0,0.3493139771867986
development_oof,without_n_op,9,logistic,620,68,5,0,0,0.2558829354854163
development_oof,without_n_op,9,logistic,634,17,5,1,1,0.6411747867671956
development_oof,without_n_op,9,logistic,635,68,5,1,0,0.42166541970396854
development_oof,without_n_op,9,logistic,640,146,5,0,0,0.44114453420962285
development_oof,without_n_op,9,logistic,641,66,5,0,1,0.5459676492424841
development_oof,without_n_op,9,logistic,643,330,5,0,0,0.29224060218243275
development_oof,without_n_op,9,logistic,645,146,5,0,0,0.3233043351373178
development_oof,without_n_op,9,logistic,656,326,5,0,0,0.47807873132180884
development_oof,without_n_op,9,logistic,664,116,5,0,0,0.25959670500094273
development_oof,without_n_op,9,logistic,675,71,5,0,0,0.4921973116633001
development_oof,without_n_op,9,logistic,682,317,5,0,0,0.4884787219207389
development_oof,without_n_op,9,logistic,688,143,5,0,0,0.484829620869059
development_oof,without_n_op,9,logistic,698,314,5,0,0,0.38721334048963935
development_oof,without_n_op,9,logistic,711,45,5,0,1,0.6843646591094432
development_oof,without_n_op,9,logistic,723,25,5,0,1,0.6046428029780554
development_oof,without_n_op,9,logistic,725,45,5,1,1,0.713929135718431
development_oof,without_n_op,9,logistic,726,31,5,1,1,0.6945008100210762
development_oof,without_n_op,9,logistic,732,45,5,0,1,0.5409503832964471
development_oof,without_n_op,9,logistic,736,137,5,0,1,0.5159288872427732
development_oof,without_n_op,9,logistic,741,306,5,0,0,0.35431389088818527
development_oof,without_n_op,9,logistic,744,87,5,0,0,0.2905563422359944
development_oof,without_n_op,9,logistic,749,11,5,0,1,0.5640426474674374
development_oof,without_n_op,9,logistic,799,45,5,0,1,0.6868666071623621
development_oof,without_n_op,9,logistic,802,131,5,0,0,0.35262044777664897
development_oof,without_n_op,9,logistic,816,284,5,0,1,0.5158666368923105
development_oof,without_n_op,9,logistic,837,278,5,0,0,0.2762196460719307
development_oof,without_n_op,9,logistic,845,11,5,0,0,0.45829106417793636
development_oof,without_n_op,9,logistic,857,268,5,0,0,0.46404843441715604
development_oof,without_n_op,9,logistic,858,61,5,0,1,0.6036332263310081
development_oof,without_n_op,9,logistic,860,266,5,0,0,0.260501907692426
development_oof,without_n_op,9,logistic,870,260,5,0,0,0.32284864550130954
development_oof,without_n_op,9,logistic,900,249,5,0,0,0.4994516300642844
development_oof,without_n_op,9,logistic,906,247,5,0,0,0.4620253598013183
development_oof,without_n_op,9,logistic,915,25,5,1,1,0.5037157414254843
development_oof,without_n_op,9,logistic,926,238,5,1,0,0.35713462353816766
development_oof,without_n_op,9,logistic,939,229,5,1,1,0.5441470241384379
development_oof,without_n_op,9,logistic,948,225,5,1,1,0.7132958554028891
development_oof,without_n_op,9,logistic,958,220,5,0,0,0.17142979718029325
development_oof,without_n_op,9,logistic,960,116,5,0,0,0.3027330249862967
development_oof,without_n_op,9,logistic,969,115,5,0,1,0.7463937617610888
development_oof,without_n_op,9,logistic,971,212,5,1,0,0.48401711206812265
development_oof,without_n_op,9,logistic,972,211,5,0,0,0.36008144941204545
development_oof,without_n_op,9,logistic,974,45,5,0,1,0.7419983697567683
development_oof,without_n_op,9,logistic,975,66,5,0,0,0.45723366422608314
development_oof,without_n_op,9,logistic,979,114,5,0,0,0.3364155924892375
development_oof,without_n_op,9,logistic,990,201,5,0,1,0.5120673778201226
development_oof,without_n_op,9,logistic,1008,76,5,0,0,0.4174466506318898
development_oof,without_n_op,9,logistic,1010,194,5,0,1,0.6058277427119265
development_oof,without_n_op,9,logistic,1015,191,5,1,0,0.2954382436722884
development_oof,without_n_op,9,logistic,1027,185,5,1,1,0.665326649191191
development_oof,without_n_op,9,logistic,1032,180,5,0,1,0.616034240885536
development_oof,without_n_op,9,rbf_svc,3,108,1,0,0,-1.2045320962323092
development_oof,without_n_op,9,rbf_svc,13,109,1,1,1,1.8688353305400622
development_oof,without_n_op,9,rbf_svc,22,456,1,0,0,-0.3251650384865772
development_oof,without_n_op,9,rbf_svc,24,455,1,0,0,-0.4870105594208378
development_oof,without_n_op,9,rbf_svc,25,12,1,1,0,-1.2462419021049373
development_oof,without_n_op,9,rbf_svc,35,108,1,0,0,-1.138092718367394
development_oof,without_n_op,9,rbf_svc,43,6,1,0,0,-1.0392010753264063
development_oof,without_n_op,9,rbf_svc,53,447,1,0,0,-0.9265912788236021
development_oof,without_n_op,9,rbf_svc,65,168,1,1,1,2.071305626547018
development_oof,without_n_op,9,rbf_svc,68,445,1,1,0,-1.3376843755164312
development_oof,without_n_op,9,rbf_svc,70,166,1,0,0,-1.3737866848195757
development_oof,without_n_op,9,rbf_svc,72,12,1,1,0,-0.915458770856977
development_oof,without_n_op,9,rbf_svc,75,108,1,0,0,-1.293189354389097
development_oof,without_n_op,9,rbf_svc,88,12,1,0,0,-1.3073080269348174
development_oof,without_n_op,9,rbf_svc,89,6,1,0,0,-1.0076059348585065
development_oof,without_n_op,9,rbf_svc,110,41,1,0,1,1.0020919822845902
development_oof,without_n_op,9,rbf_svc,129,58,1,1,1,1.6919804606097846
development_oof,without_n_op,9,rbf_svc,133,432,1,1,1,0.19973633896277088
development_oof,without_n_op,9,rbf_svc,144,41,1,0,1,0.955315930660309
development_oof,without_n_op,9,rbf_svc,153,41,1,0,1,2.2513826492088396
development_oof,without_n_op,9,rbf_svc,155,41,1,0,1,0.8990020636729832
development_oof,without_n_op,9,rbf_svc,168,424,1,0,0,-1.318919987513508
development_oof,without_n_op,9,rbf_svc,171,41,1,1,1,1.5905450580152043
development_oof,without_n_op,9,rbf_svc,197,168,1,1,1,1.5992428362780768
development_oof,without_n_op,9,rbf_svc,205,41,1,0,1,1.660311899664102
development_oof,without_n_op,9,rbf_svc,209,420,1,1,1,0.6440662150184626
development_oof,without_n_op,9,rbf_svc,232,6,1,0,0,-1.0784033834305933
development_oof,without_n_op,9,rbf_svc,237,117,1,0,0,-0.45177823944465123
development_oof,without_n_op,9,rbf_svc,243,414,1,0,1,0.1538729801337202
development_oof,without_n_op,9,rbf_svc,250,166,1,0,0,-1.466135634627285
development_oof,without_n_op,9,rbf_svc,270,12,1,1,0,-0.994567653587525
development_oof,without_n_op,9,rbf_svc,272,19,1,0,0,-0.8409527893967073
development_oof,without_n_op,9,rbf_svc,282,406,1,1,1,1.1014594627987653
development_oof,without_n_op,9,rbf_svc,289,6,1,0,0,-0.9605691191081909
development_oof,without_n_op,9,rbf_svc,303,12,1,1,0,-0.6034746662280468
development_oof,without_n_op,9,rbf_svc,305,402,1,0,0,-0.8444006693746693
development_oof,without_n_op,9,rbf_svc,306,101,1,1,0,-1.039790305109436
development_oof,without_n_op,9,rbf_svc,307,12,1,1,0,-1.0401499812031427
development_oof,without_n_op,9,rbf_svc,314,398,1,0,0,-0.9609901913206254
development_oof,without_n_op,9,rbf_svc,318,127,1,1,0,-1.6509559109511027
development_oof,without_n_op,9,rbf_svc,328,395,1,1,1,0.2528444325345309
development_oof,without_n_op,9,rbf_svc,345,73,1,0,1,0.36952859766368507
development_oof,without_n_op,9,rbf_svc,346,12,1,1,0,-0.7388864703351969
development_oof,without_n_op,9,rbf_svc,350,12,1,0,0,-0.6137750907553285
development_oof,without_n_op,9,rbf_svc,362,36,1,0,0,-0.7110668396225903
development_oof,without_n_op,9,rbf_svc,366,79,1,1,0,-0.3601983764101706
development_oof,without_n_op,9,rbf_svc,367,79,1,1,0,-0.0033825823797584142
development_oof,without_n_op,9,rbf_svc,368,387,1,0,0,-0.7345315124474214
development_oof,without_n_op,9,rbf_svc,383,12,1,1,0,-0.46447619711902055
development_oof,without_n_op,9,rbf_svc,390,381,1,0,0,-1.6885554295036491
development_oof,without_n_op,9,rbf_svc,411,6,1,0,0,-1.0893118693044257
development_oof,without_n_op,9,rbf_svc,415,12,1,1,0,-1.0057684756029448
development_oof,without_n_op,9,rbf_svc,418,6,1,0,0,-0.8586138579009819
development_oof,without_n_op,9,rbf_svc,427,6,1,0,0,-0.6244787223058981
development_oof,without_n_op,9,rbf_svc,432,375,1,0,0,-0.1728877363327288
development_oof,without_n_op,9,rbf_svc,433,58,1,1,1,1.2385847983652778
development_oof,without_n_op,9,rbf_svc,445,95,1,0,0,-0.9428921058358894
development_oof,without_n_op,9,rbf_svc,452,73,1,1,1,0.25453287336418606
development_oof,without_n_op,9,rbf_svc,467,6,1,0,0,-0.5571604516098492
development_oof,without_n_op,9,rbf_svc,476,95,1,0,0,-0.49890793523194743
development_oof,without_n_op,9,rbf_svc,478,6,1,0,0,-1.1612048522753624
development_oof,without_n_op,9,rbf_svc,488,26,1,1,0,-1.0791290806923537
development_oof,without_n_op,9,rbf_svc,507,26,1,0,0,-0.9224847557690352
development_oof,without_n_op,9,rbf_svc,509,362,1,0,0,-0.041498865687234154
development_oof,without_n_op,9,rbf_svc,512,361,1,0,1,0.03837311340866956
development_oof,without_n_op,9,rbf_svc,521,26,1,0,0,-0.9978047926295708
development_oof,without_n_op,9,rbf_svc,530,358,1,1,0,-0.6900662270939022
development_oof,without_n_op,9,rbf_svc,531,6,1,0,0,-1.0559530313844578
development_oof,without_n_op,9,rbf_svc,532,26,1,0,0,-0.7205079655495079
development_oof,without_n_op,9,rbf_svc,534,26,1,0,0,-0.9191717934272883
development_oof,without_n_op,9,rbf_svc,552,6,1,0,0,-0.9721354659100547
development_oof,without_n_op,9,rbf_svc,564,47,1,1,0,-1.0334504784661003
development_oof,without_n_op,9,rbf_svc,573,350,1,0,1,0.40956329870919506
development_oof,without_n_op,9,rbf_svc,576,349,1,0,1,0.4936982225533364
development_oof,without_n_op,9,rbf_svc,578,26,1,0,0,-0.9756137017977777
development_oof,without_n_op,9,rbf_svc,590,152,1,0,0,-2.5203397934303484
development_oof,without_n_op,9,rbf_svc,591,343,1,0,1,0.6778923590372288
development_oof,without_n_op,9,rbf_svc,630,67,1,0,0,-0.32974625832385795
development_oof,without_n_op,9,rbf_svc,637,47,1,1,0,-1.0491705967966953
development_oof,without_n_op,9,rbf_svc,639,332,1,0,1,0.23023684262969768
development_oof,without_n_op,9,rbf_svc,642,331,1,0,0,-0.9645274801091044
development_oof,without_n_op,9,rbf_svc,644,47,1,1,0,-1.6834858932899528
development_oof,without_n_op,9,rbf_svc,650,88,1,0,0,-0.3047142133878604
development_oof,without_n_op,9,rbf_svc,651,67,1,0,0,-1.086820304314672
development_oof,without_n_op,9,rbf_svc,654,327,1,0,1,0.3281545424125132
development_oof,without_n_op,9,rbf_svc,673,320,1,0,0,-0.8371182547623977
development_oof,without_n_op,9,rbf_svc,676,6,1,0,0,-0.8505129275153176
development_oof,without_n_op,9,rbf_svc,679,6,1,0,0,-0.3188958301345326
development_oof,without_n_op,9,rbf_svc,680,145,1,0,0,-0.1305427108849595
development_oof,without_n_op,9,rbf_svc,695,47,1,1,0,-0.9396916929468477
development_oof,without_n_op,9,rbf_svc,708,310,1,0,1,1.2111628888297141
development_oof,without_n_op,9,rbf_svc,709,88,1,0,0,-0.830268771628988
development_oof,without_n_op,9,rbf_svc,713,139,1,0,0,-1.324119438503963
development_oof,without_n_op,9,rbf_svc,721,139,1,1,0,-1.5012835157676423
development_oof,without_n_op,9,rbf_svc,722,307,1,0,0,-0.5484062745512079
development_oof,without_n_op,9,rbf_svc,727,32,1,0,1,0.5015324647553627
development_oof,without_n_op,9,rbf_svc,734,12,1,1,0,-0.7359228663537709
development_oof,without_n_op,9,rbf_svc,748,64,1,0,1,0.8036675863636842
development_oof,without_n_op,9,rbf_svc,763,301,1,0,0,-1.1839523943899724
development_oof,without_n_op,9,rbf_svc,771,43,1,0,0,-0.22464581314295407
development_oof,without_n_op,9,rbf_svc,773,58,1,1,1,1.533145976327662
development_oof,without_n_op,9,rbf_svc,775,134,1,0,1,1.2150812907756365
development_oof,without_n_op,9,rbf_svc,779,43,1,0,1,0.17826671765340985
development_oof,without_n_op,9,rbf_svc,782,43,1,0,0,-0.67444545108664
development_oof,without_n_op,9,rbf_svc,783,296,1,0,1,0.19905610158955023
development_oof,without_n_op,9,rbf_svc,784,43,1,1,0,-0.827231124003601
development_oof,without_n_op,9,rbf_svc,788,295,1,1,0,-0.4469290484231414
development_oof,without_n_op,9,rbf_svc,795,110,1,1,1,1.6206372067327508
development_oof,without_n_op,9,rbf_svc,797,43,1,0,1,0.09245969914086993
development_oof,without_n_op,9,rbf_svc,812,285,1,0,1,1.3576624988225139
development_oof,without_n_op,9,rbf_svc,814,88,1,0,0,-0.7662061738605899
development_oof,without_n_op,9,rbf_svc,836,279,1,1,0,-0.17505058268027218
development_oof,without_n_op,9,rbf_svc,853,272,1,0,0,-1.72256792054525
development_oof,without_n_op,9,rbf_svc,868,261,1,0,0,-1.10361467124264
development_oof,without_n_op,9,rbf_svc,886,255,1,0,0,-2.1479765438763976
development_oof,without_n_op,9,rbf_svc,889,127,1,0,0,-1.6317711714272063
development_oof,without_n_op,9,rbf_svc,892,26,1,0,0,-1.0503558035751825
development_oof,without_n_op,9,rbf_svc,903,248,1,0,0,-1.7480298751866559
development_oof,without_n_op,9,rbf_svc,909,245,1,0,0,-0.6636716992209712
development_oof,without_n_op,9,rbf_svc,912,19,1,0,0,-0.9112885079535906
development_oof,without_n_op,9,rbf_svc,924,239,1,0,0,-0.9641781435715475
development_oof,without_n_op,9,rbf_svc,929,67,1,0,1,0.15077158202095164
development_oof,without_n_op,9,rbf_svc,937,230,1,0,0,-0.7908762425814344
development_oof,without_n_op,9,rbf_svc,938,79,1,0,0,-0.4850925912201318
development_oof,without_n_op,9,rbf_svc,944,58,1,1,1,1.0352262889192638
development_oof,without_n_op,9,rbf_svc,956,222,1,0,1,0.5171107651522289
development_oof,without_n_op,9,rbf_svc,959,117,1,0,0,-0.5058304528915794
development_oof,without_n_op,9,rbf_svc,961,219,1,0,1,0.7334235495220214
development_oof,without_n_op,9,rbf_svc,970,213,1,0,0,-0.19118214670611655
development_oof,without_n_op,9,rbf_svc,983,205,1,1,0,-1.0441381975556943
development_oof,without_n_op,9,rbf_svc,989,47,1,0,1,0.21595773395364626
development_oof,without_n_op,9,rbf_svc,992,200,1,0,1,0.19578304639589428
development_oof,without_n_op,9,rbf_svc,997,6,1,0,1,0.023419423919178062
development_oof,without_n_op,9,rbf_svc,1007,195,1,0,0,-0.955851667081864
development_oof,without_n_op,9,rbf_svc,1011,110,1,1,1,1.7819440822922155
development_oof,without_n_op,9,rbf_svc,1023,187,1,0,1,0.5503273815352778
development_oof,without_n_op,9,rbf_svc,1034,178,1,0,0,-2.138066650758453
development_oof,without_n_op,9,rbf_svc,2,460,2,0,0,-0.7613747928269964
development_oof,without_n_op,9,rbf_svc,8,107,2,0,0,-0.8111541019039578
development_oof,without_n_op,9,rbf_svc,18,56,2,1,1,1.2201377241584694
development_oof,without_n_op,9,rbf_svc,33,452,2,0,0,-1.1565863571594295
development_oof,without_n_op,9,rbf_svc,34,23,2,0,1,0.5060373515423761
development_oof,without_n_op,9,rbf_svc,37,177,2,0,0,-0.8254715882442764
development_oof,without_n_op,9,rbf_svc,50,40,2,1,1,1.6295851862932733
development_oof,without_n_op,9,rbf_svc,51,75,2,1,0,-1.1007433003944733
development_oof,without_n_op,9,rbf_svc,55,107,2,0,0,-0.9967262038325199
development_oof,without_n_op,9,rbf_svc,67,446,2,0,0,-0.6483988723513662
development_oof,without_n_op,9,rbf_svc,81,441,2,0,0,-0.6554509586579779
development_oof,without_n_op,9,rbf_svc,97,30,2,1,0,-0.4205245752538971
development_oof,without_n_op,9,rbf_svc,108,436,2,0,0,-1.0804368206176242
development_oof,without_n_op,9,rbf_svc,114,173,2,0,0,-1.429518668338957
development_oof,without_n_op,9,rbf_svc,115,2,2,1,0,-0.5077952835421305
development_oof,without_n_op,9,rbf_svc,118,172,2,0,0,-1.0051116513074425
development_oof,without_n_op,9,rbf_svc,140,40,2,0,1,1.2929518944253937
development_oof,without_n_op,9,rbf_svc,166,425,2,0,1,1.2907925581047328
development_oof,without_n_op,9,rbf_svc,177,40,2,1,1,1.4404555210721584
development_oof,without_n_op,9,rbf_svc,216,167,2,1,0,-0.5508401905285302
development_oof,without_n_op,9,rbf_svc,229,30,2,1,0,-1.0675170832716288
development_oof,without_n_op,9,rbf_svc,235,30,2,1,0,-1.1107427696989007
development_oof,without_n_op,9,rbf_svc,240,167,2,1,0,-0.6485282684417738
development_oof,without_n_op,9,rbf_svc,241,23,2,0,1,0.5104420909615494
development_oof,without_n_op,9,rbf_svc,246,56,2,1,1,0.791169297602354
development_oof,without_n_op,9,rbf_svc,249,124,2,0,0,-0.1411081839526347
development_oof,without_n_op,9,rbf_svc,251,30,2,1,0,-1.0252694148444657
development_oof,without_n_op,9,rbf_svc,253,412,2,0,0,-0.5243409237322959
development_oof,without_n_op,9,rbf_svc,254,411,2,1,0,-0.04378411846055874
development_oof,without_n_op,9,rbf_svc,262,98,2,1,1,0.6609931451922441
development_oof,without_n_op,9,rbf_svc,265,75,2,0,0,-0.6830665860469732
development_oof,without_n_op,9,rbf_svc,275,56,2,1,1,0.5134227966366274
development_oof,without_n_op,9,rbf_svc,281,30,2,1,0,-0.8622213420993597
development_oof,without_n_op,9,rbf_svc,283,56,2,1,1,0.8445713721543737
development_oof,without_n_op,9,rbf_svc,291,98,2,1,1,0.588059161086949
development_oof,without_n_op,9,rbf_svc,301,403,2,0,0,-0.5579130487995484
development_oof,without_n_op,9,rbf_svc,325,396,2,0,0,-0.9138138372384769
development_oof,without_n_op,9,rbf_svc,344,23,2,1,1,1.2162272922927584
development_oof,without_n_op,9,rbf_svc,359,23,2,0,1,0.28853869704800705
development_oof,without_n_op,9,rbf_svc,365,388,2,0,0,-0.7400872810107427
development_oof,without_n_op,9,rbf_svc,378,23,2,0,1,0.4056625330505893
development_oof,without_n_op,9,rbf_svc,389,382,2,0,0,-1.2878493725509035
development_oof,without_n_op,9,rbf_svc,408,98,2,1,1,0.8673327354878183
development_oof,without_n_op,9,rbf_svc,413,62,2,1,0,-0.4571390147849933
development_oof,without_n_op,9,rbf_svc,425,23,2,0,1,0.2673909541857965
development_oof,without_n_op,9,rbf_svc,426,377,2,0,1,2.1565154283229893
development_oof,without_n_op,9,rbf_svc,439,156,2,1,0,-0.4245048842695823
development_oof,without_n_op,9,rbf_svc,461,371,2,1,0,-0.20140064703221705
development_oof,without_n_op,9,rbf_svc,487,156,2,0,0,-0.5214955481823708
development_oof,without_n_op,9,rbf_svc,505,81,2,1,1,0.8203453656767616
development_oof,without_n_op,9,rbf_svc,514,360,2,1,1,1.0660196113468907
development_oof,without_n_op,9,rbf_svc,515,150,2,0,0,-0.2652004789537503
development_oof,without_n_op,9,rbf_svc,523,2,2,1,0,-0.34085509742155984
development_oof,without_n_op,9,rbf_svc,526,23,2,0,1,0.3172883952271236
development_oof,without_n_op,9,rbf_svc,541,113,2,0,0,-0.29986459464537074
development_oof,without_n_op,9,rbf_svc,551,353,2,0,1,0.394591652114483
development_oof,without_n_op,9,rbf_svc,584,46,2,0,1,0.20707859866381384
development_oof,without_n_op,9,rbf_svc,586,346,2,0,1,0.5851299106930191
development_oof,without_n_op,9,rbf_svc,589,153,2,1,1,1.8586265245588498
development_oof,without_n_op,9,rbf_svc,593,90,2,0,0,-1.258329458171631
development_oof,without_n_op,9,rbf_svc,598,90,2,0,0,-0.9922761834734998
development_oof,without_n_op,9,rbf_svc,599,340,2,0,0,-1.210791388110851
development_oof,without_n_op,9,rbf_svc,603,40,2,1,1,1.437356114131212
development_oof,without_n_op,9,rbf_svc,609,7,2,0,0,-1.2577188083388386
development_oof,without_n_op,9,rbf_svc,623,150,2,0,0,-0.5913111960295162
development_oof,without_n_op,9,rbf_svc,624,149,2,1,1,1.0978470168335397
development_oof,without_n_op,9,rbf_svc,636,334,2,1,0,-0.07575529530900427
development_oof,without_n_op,9,rbf_svc,661,90,2,0,0,-1.4242834622422649
development_oof,without_n_op,9,rbf_svc,670,322,2,0,1,0.8457412938165967
development_oof,without_n_op,9,rbf_svc,677,319,2,0,0,-0.5362864413082032
development_oof,without_n_op,9,rbf_svc,707,311,2,0,0,-0.5454430705990717
development_oof,without_n_op,9,rbf_svc,710,75,2,1,0,-0.8500015501702628
development_oof,without_n_op,9,rbf_svc,716,309,2,0,0,-0.12158237805276939
development_oof,without_n_op,9,rbf_svc,762,302,2,0,0,-0.017423819212898817
development_oof,without_n_op,9,rbf_svc,766,130,2,0,0,-1.4558946775608668
development_oof,without_n_op,9,rbf_svc,777,297,2,0,0,-1.4039783602683835
development_oof,without_n_op,9,rbf_svc,790,62,2,1,1,0.10940047788276253
development_oof,without_n_op,9,rbf_svc,791,294,2,0,0,-1.3684364782014438
development_oof,without_n_op,9,rbf_svc,793,292,2,1,0,-1.1514304027768691
development_oof,without_n_op,9,rbf_svc,810,286,2,0,0,-0.7930026115463639
development_oof,without_n_op,9,rbf_svc,819,130,2,1,0,-1.1451044380342394
development_oof,without_n_op,9,rbf_svc,825,83,2,0,0,-0.32243710499275957
development_oof,without_n_op,9,rbf_svc,831,281,2,0,0,-1.2815745478004583
development_oof,without_n_op,9,rbf_svc,842,277,2,0,0,-1.1363199337930654
development_oof,without_n_op,9,rbf_svc,850,273,2,0,1,0.3626893034468179
development_oof,without_n_op,9,rbf_svc,859,267,2,0,1,1.1553397979429243
development_oof,without_n_op,9,rbf_svc,863,81,2,1,1,0.8592193157129512
development_oof,without_n_op,9,rbf_svc,884,257,2,0,0,-0.6296434470892941
development_oof,without_n_op,9,rbf_svc,895,124,2,0,0,-0.5504412254909544
development_oof,without_n_op,9,rbf_svc,896,251,2,0,0,-0.32092201176073853
development_oof,without_n_op,9,rbf_svc,914,56,2,1,1,1.4622935160224326
development_oof,without_n_op,9,rbf_svc,922,240,2,0,0,-0.5569655084149133
development_oof,without_n_op,9,rbf_svc,923,23,2,0,1,0.9251208993595303
development_oof,without_n_op,9,rbf_svc,933,232,2,0,0,-0.2710478697469706
development_oof,without_n_op,9,rbf_svc,947,226,2,0,0,-0.6361462652044404
development_oof,without_n_op,9,rbf_svc,951,223,2,0,1,0.7257511721940771
development_oof,without_n_op,9,rbf_svc,953,119,2,0,1,0.8252475262830288
development_oof,without_n_op,9,rbf_svc,965,216,2,0,0,-0.5437584177937084
development_oof,without_n_op,9,rbf_svc,976,209,2,0,0,-1.25944391908003
development_oof,without_n_op,9,rbf_svc,986,113,2,0,0,-0.48822466861277747
development_oof,without_n_op,9,rbf_svc,1001,107,2,0,1,0.08843963742904903
development_oof,without_n_op,9,rbf_svc,1005,196,2,0,0,-0.2840760946770867
development_oof,without_n_op,9,rbf_svc,1020,188,2,0,0,-0.3896406692717549
development_oof,without_n_op,9,rbf_svc,1026,186,2,1,0,-1.230873703942251
development_oof,without_n_op,9,rbf_svc,1030,182,2,0,1,0.05910338004743798
development_oof,without_n_op,9,rbf_svc,20,3,3,0,0,-0.5948343626465522
development_oof,without_n_op,9,rbf_svc,29,453,3,0,0,-1.0530511750551148
development_oof,without_n_op,9,rbf_svc,31,3,3,0,0,-0.9200613174289767
development_oof,without_n_op,9,rbf_svc,36,80,3,0,0,-0.03498524957772342
development_oof,without_n_op,9,rbf_svc,39,42,3,0,0,-1.0409261795771168
development_oof,without_n_op,9,rbf_svc,42,3,3,0,0,-1.0549669301105962
development_oof,without_n_op,9,rbf_svc,78,443,3,1,0,-0.2209078497486361
development_oof,without_n_op,9,rbf_svc,87,439,3,0,0,-2.2861853787137596
development_oof,without_n_op,9,rbf_svc,92,27,3,1,0,-0.5467424607084088
development_oof,without_n_op,9,rbf_svc,93,165,3,0,0,-0.687731678576188
development_oof,without_n_op,9,rbf_svc,101,27,3,0,0,-0.45438172030323765
development_oof,without_n_op,9,rbf_svc,125,111,3,0,0,-0.2973407925969591
development_oof,without_n_op,9,rbf_svc,145,430,3,0,1,0.6091383880188614
development_oof,without_n_op,9,rbf_svc,146,59,3,1,1,0.16838923083769708
development_oof,without_n_op,9,rbf_svc,147,16,3,0,0,-0.11966106146529643
development_oof,without_n_op,9,rbf_svc,148,59,3,1,1,0.0875875922630256
development_oof,without_n_op,9,rbf_svc,154,59,3,1,0,-0.22975947838951982
development_oof,without_n_op,9,rbf_svc,158,428,3,0,0,-0.7933390872595374
development_oof,without_n_op,9,rbf_svc,173,52,3,0,1,0.1553852180384656
development_oof,without_n_op,9,rbf_svc,175,38,3,1,1,1.761781405020977
development_oof,without_n_op,9,rbf_svc,176,3,3,0,0,-1.159549417305944
development_oof,without_n_op,9,rbf_svc,192,8,3,0,0,-1.484593007839978
development_oof,without_n_op,9,rbf_svc,196,8,3,0,0,-1.2941096364580762
development_oof,without_n_op,9,rbf_svc,202,421,3,0,0,-1.1709726172745398
development_oof,without_n_op,9,rbf_svc,211,8,3,0,0,-1.155401419611492
development_oof,without_n_op,9,rbf_svc,217,8,3,0,0,-0.7360743484215748
development_oof,without_n_op,9,rbf_svc,218,8,3,0,0,-1.4205432842998549
development_oof,without_n_op,9,rbf_svc,220,8,3,0,0,-0.5682440194962952
development_oof,without_n_op,9,rbf_svc,226,8,3,0,0,-1.261770890968384
development_oof,without_n_op,9,rbf_svc,227,38,3,1,1,1.0324604997487838
development_oof,without_n_op,9,rbf_svc,230,121,3,1,1,0.42517497672504434
development_oof,without_n_op,9,rbf_svc,238,415,3,0,0,-1.121927106788636
development_oof,without_n_op,9,rbf_svc,239,3,3,0,0,-0.47725453058514056
development_oof,without_n_op,9,rbf_svc,242,52,3,1,1,1.9409231117744714
development_oof,without_n_op,9,rbf_svc,252,3,3,0,0,-0.9927868936520663
development_oof,without_n_op,9,rbf_svc,257,80,3,0,1,0.20344521961517592
development_oof,without_n_op,9,rbf_svc,266,103,3,1,1,1.116351789538909
development_oof,without_n_op,9,rbf_svc,268,8,3,0,0,-1.2185248665115713
development_oof,without_n_op,9,rbf_svc,271,165,3,0,0,-1.0473676484870866
development_oof,without_n_op,9,rbf_svc,278,407,3,0,0,-0.9307693603381482
development_oof,without_n_op,9,rbf_svc,279,3,3,0,0,-0.8813580302807336
development_oof,without_n_op,9,rbf_svc,284,38,3,1,1,0.7167114827465402
development_oof,without_n_op,9,rbf_svc,285,3,3,0,0,-1.4501666544035252
development_oof,without_n_op,9,rbf_svc,286,3,3,0,0,-1.0167494319268378
development_oof,without_n_op,9,rbf_svc,287,158,3,0,0,-0.32028449519491553
development_oof,without_n_op,9,rbf_svc,290,164,3,1,1,0.3305615441971166
development_oof,without_n_op,9,rbf_svc,300,404,3,1,1,0.8077331129450482
development_oof,without_n_op,9,rbf_svc,309,22,3,0,0,-0.8038327810755919
development_oof,without_n_op,9,rbf_svc,320,38,3,1,1,2.0736290259911523
development_oof,without_n_op,9,rbf_svc,321,397,3,0,1,0.0017904669068109502
development_oof,without_n_op,9,rbf_svc,323,3,3,0,0,-0.9441920054785418
development_oof,without_n_op,9,rbf_svc,327,3,3,0,0,-0.6304556837772544
development_oof,without_n_op,9,rbf_svc,332,38,3,1,1,1.6550759785789997
development_oof,without_n_op,9,rbf_svc,333,8,3,0,0,-0.754079884044323
development_oof,without_n_op,9,rbf_svc,341,135,3,1,0,-0.4564251593597537
development_oof,without_n_op,9,rbf_svc,348,3,3,0,0,-1.0533255502206267
development_oof,without_n_op,9,rbf_svc,349,22,3,1,0,-1.6604925315421324
development_oof,without_n_op,9,rbf_svc,353,3,3,1,0,-1.6182233263324945
development_oof,without_n_op,9,rbf_svc,354,391,3,1,0,-0.29465344709965113
development_oof,without_n_op,9,rbf_svc,356,390,3,0,0,-0.12691661083337769
development_oof,without_n_op,9,rbf_svc,363,22,3,0,0,-1.5921876652793723
development_oof,without_n_op,9,rbf_svc,370,8,3,0,0,-0.4873042906795575
development_oof,without_n_op,9,rbf_svc,387,383,3,1,0,-1.0318630374753799
development_oof,without_n_op,9,rbf_svc,406,78,3,0,0,-0.537604330677343
development_oof,without_n_op,9,rbf_svc,412,3,3,0,0,-0.8444680575087073
development_oof,without_n_op,9,rbf_svc,414,3,3,0,0,-0.47230609535518076
development_oof,without_n_op,9,rbf_svc,416,378,3,0,0,-1.314379312616541
development_oof,without_n_op,9,rbf_svc,417,22,3,0,0,-0.7341398726428023
development_oof,without_n_op,9,rbf_svc,419,154,3,1,1,1.2834414642810426
development_oof,without_n_op,9,rbf_svc,421,27,3,0,0,-1.0386297158532747
development_oof,without_n_op,9,rbf_svc,424,27,3,0,0,-0.783894924846035
development_oof,without_n_op,9,rbf_svc,437,158,3,0,0,-0.22555815242487354
development_oof,without_n_op,9,rbf_svc,438,96,3,1,0,-0.38967605947995043
development_oof,without_n_op,9,rbf_svc,441,27,3,1,0,-1.0471577090210487
development_oof,without_n_op,9,rbf_svc,443,372,3,0,0,-1.7973029783612249
development_oof,without_n_op,9,rbf_svc,448,13,3,0,1,0.006252927940919806
development_oof,without_n_op,9,rbf_svc,450,3,3,0,0,-0.7167193014282573
development_oof,without_n_op,9,rbf_svc,451,3,3,0,0,-0.049255760927425785
development_oof,without_n_op,9,rbf_svc,456,78,3,0,1,0.3450733706525799
development_oof,without_n_op,9,rbf_svc,469,8,3,0,0,-0.4917758856087735
development_oof,without_n_op,9,rbf_svc,473,22,3,0,0,-1.6199525973285718
development_oof,without_n_op,9,rbf_svc,483,27,3,0,0,-0.8229779307652156
development_oof,without_n_op,9,rbf_svc,490,364,3,0,0,-0.504555850901095
development_oof,without_n_op,9,rbf_svc,511,129,3,0,0,-0.8377148741619107
development_oof,without_n_op,9,rbf_svc,522,154,3,1,1,0.9126815024670141
development_oof,without_n_op,9,rbf_svc,544,63,3,1,0,-1.7027215755107699
development_oof,without_n_op,9,rbf_svc,547,77,3,0,0,-0.9791875238505066
development_oof,without_n_op,9,rbf_svc,550,354,3,0,0,-0.4841131332861295
development_oof,without_n_op,9,rbf_svc,556,13,3,0,1,0.025382648502976446
development_oof,without_n_op,9,rbf_svc,567,13,3,0,0,-0.07492749783586161
development_oof,without_n_op,9,rbf_svc,580,348,3,1,0,-0.09769261711419053
development_oof,without_n_op,9,rbf_svc,597,341,3,0,1,0.5915385146518919
development_oof,without_n_op,9,rbf_svc,606,337,3,0,0,-1.5429073228560868
development_oof,without_n_op,9,rbf_svc,628,147,3,0,0,-1.5853140283461775
development_oof,without_n_op,9,rbf_svc,632,77,3,0,0,-0.7704752942531863
development_oof,without_n_op,9,rbf_svc,649,89,3,0,0,-0.6606285969005994
development_oof,without_n_op,9,rbf_svc,652,328,3,0,0,-0.5252927013829305
development_oof,without_n_op,9,rbf_svc,681,318,3,0,0,-0.09395561978214939
development_oof,without_n_op,9,rbf_svc,685,33,3,0,0,-0.767878956606046
development_oof,without_n_op,9,rbf_svc,686,144,3,1,0,-0.816200099563448
development_oof,without_n_op,9,rbf_svc,690,315,3,0,0,-0.44487593628545774
development_oof,without_n_op,9,rbf_svc,694,33,3,0,0,-1.5781221088737352
development_oof,without_n_op,9,rbf_svc,696,89,3,0,0,-1.0111871545339122
development_oof,without_n_op,9,rbf_svc,717,140,3,0,1,0.42661388162351255
development_oof,without_n_op,9,rbf_svc,718,308,3,0,0,-2.195589350043581
development_oof,without_n_op,9,rbf_svc,743,13,3,0,0,-0.14736128902329892
development_oof,without_n_op,9,rbf_svc,756,303,3,0,0,-0.33512473115521857
development_oof,without_n_op,9,rbf_svc,767,63,3,1,0,-1.694046499367616
development_oof,without_n_op,9,rbf_svc,768,300,3,0,1,1.0377106983477546
development_oof,without_n_op,9,rbf_svc,769,135,3,0,0,-0.47880004383803776
development_oof,without_n_op,9,rbf_svc,801,290,3,0,0,-0.9816564470488505
development_oof,without_n_op,9,rbf_svc,805,63,3,1,0,-0.9964111448155293
development_oof,without_n_op,9,rbf_svc,807,288,3,0,0,-1.7156612707207632
development_oof,without_n_op,9,rbf_svc,808,33,3,0,0,-0.015554821624555792
development_oof,without_n_op,9,rbf_svc,813,33,3,0,1,0.31401732638900115
development_oof,without_n_op,9,rbf_svc,821,282,3,0,0,-0.22646633002243655
development_oof,without_n_op,9,rbf_svc,827,129,3,0,0,-0.692896383578079
development_oof,without_n_op,9,rbf_svc,847,274,3,0,0,-1.1626542268211453
development_oof,without_n_op,9,rbf_svc,854,271,3,0,0,-1.943784136987898
development_oof,without_n_op,9,rbf_svc,864,264,3,0,0,-1.0977970567953468
development_oof,without_n_op,9,rbf_svc,866,262,3,0,1,1.6724829611384286
development_oof,without_n_op,9,rbf_svc,869,80,3,0,0,-0.035480823237168835
development_oof,without_n_op,9,rbf_svc,881,259,3,0,1,0.2278160545572816
development_oof,without_n_op,9,rbf_svc,883,59,3,1,1,0.5687494580084573
development_oof,without_n_op,9,rbf_svc,893,253,3,0,0,-0.6415957894625957
development_oof,without_n_op,9,rbf_svc,899,123,3,1,1,1.07250332214401
development_oof,without_n_op,9,rbf_svc,904,52,3,1,1,0.9919359425896854
development_oof,without_n_op,9,rbf_svc,913,121,3,1,1,1.5369474966066916
development_oof,without_n_op,9,rbf_svc,917,243,3,1,0,-0.04226639009878563
development_oof,without_n_op,9,rbf_svc,920,241,3,0,0,-0.7772427676965519
development_oof,without_n_op,9,rbf_svc,921,16,3,0,1,0.09493653709834904
development_oof,without_n_op,9,rbf_svc,930,235,3,1,1,0.5251017992081721
development_oof,without_n_op,9,rbf_svc,935,231,3,0,0,-0.8308640050416805
development_oof,without_n_op,9,rbf_svc,940,78,3,0,0,-0.05199262581501296
development_oof,without_n_op,9,rbf_svc,945,227,3,0,1,0.38270484634529467
development_oof,without_n_op,9,rbf_svc,962,218,3,0,0,-1.1299749377910573
development_oof,without_n_op,9,rbf_svc,963,217,3,0,0,-1.430242649516
development_oof,without_n_op,9,rbf_svc,973,210,3,0,0,-1.5093740410499028
development_oof,without_n_op,9,rbf_svc,982,77,3,0,0,-0.9791668835538743
development_oof,without_n_op,9,rbf_svc,988,202,3,1,0,-0.6283929493506935
development_oof,without_n_op,9,rbf_svc,998,198,3,0,0,-0.9088117386011954
development_oof,without_n_op,9,rbf_svc,1002,197,3,0,0,-0.011923235627163464
development_oof,without_n_op,9,rbf_svc,1006,111,3,0,0,-1.5323948641967777
development_oof,without_n_op,9,rbf_svc,1017,189,3,0,0,-1.2277489632929195
development_oof,without_n_op,9,rbf_svc,1025,63,3,1,0,-3.1597001831644365
development_oof,without_n_op,9,rbf_svc,1028,184,3,0,0,-0.6239877761284709
development_oof,without_n_op,9,rbf_svc,1029,183,3,0,0,-0.8760339978635094
development_oof,without_n_op,9,rbf_svc,16,93,4,1,1,0.5277457838888703
development_oof,without_n_op,9,rbf_svc,19,457,4,0,1,0.05245830659921824
development_oof,without_n_op,9,rbf_svc,27,53,4,0,0,-0.44929240136952486
development_oof,without_n_op,9,rbf_svc,44,450,4,0,0,-1.3346969992430058
development_oof,without_n_op,9,rbf_svc,60,4,4,1,1,0.000349687869532489
development_oof,without_n_op,9,rbf_svc,62,82,4,0,0,-0.9948045136690283
development_oof,without_n_op,9,rbf_svc,66,82,4,1,0,-0.8338580156767236
development_oof,without_n_op,9,rbf_svc,69,444,4,0,0,-1.4163093823092057
development_oof,without_n_op,9,rbf_svc,83,60,4,1,0,-0.2383630988503883
development_oof,without_n_op,9,rbf_svc,84,9,4,1,1,3.195775357772849
development_oof,without_n_op,9,rbf_svc,86,174,4,1,1,1.0339883424169232
development_oof,without_n_op,9,rbf_svc,90,9,4,1,1,1.4444331380860653
development_oof,without_n_op,9,rbf_svc,95,161,4,0,0,-1.4275340080317713
development_oof,without_n_op,9,rbf_svc,102,15,4,0,0,-0.18627093287113528
development_oof,without_n_op,9,rbf_svc,112,9,4,1,1,1.9576696057754015
development_oof,without_n_op,9,rbf_svc,117,433,4,0,0,-0.8639812134276686
development_oof,without_n_op,9,rbf_svc,119,0,4,0,0,-0.05521812284146399
development_oof,without_n_op,9,rbf_svc,123,9,4,1,1,2.0420712427606773
development_oof,without_n_op,9,rbf_svc,131,170,4,1,0,-0.2383630988503883
development_oof,without_n_op,9,rbf_svc,134,15,4,0,0,-0.9728724791576279
development_oof,without_n_op,9,rbf_svc,138,431,4,0,0,-0.9296265690271962
development_oof,without_n_op,9,rbf_svc,142,0,4,0,0,-0.22789376705183118
development_oof,without_n_op,9,rbf_svc,156,9,4,1,1,1.566547975102485
development_oof,without_n_op,9,rbf_svc,157,0,4,0,0,-0.28397370015978785
development_oof,without_n_op,9,rbf_svc,159,4,4,1,0,-0.2953931516526408
development_oof,without_n_op,9,rbf_svc,169,9,4,1,1,1.374514819088429
development_oof,without_n_op,9,rbf_svc,170,60,4,1,0,-0.9253109080536194
development_oof,without_n_op,9,rbf_svc,178,54,4,0,0,-0.8669385363089502
development_oof,without_n_op,9,rbf_svc,181,9,4,1,1,1.1760080605910868
development_oof,without_n_op,9,rbf_svc,183,422,4,0,0,-0.5110236444814927
development_oof,without_n_op,9,rbf_svc,184,4,4,1,1,0.1194474027554705
development_oof,without_n_op,9,rbf_svc,187,9,4,1,1,1.8187740457608368
development_oof,without_n_op,9,rbf_svc,193,9,4,1,1,1.694922929011081
development_oof,without_n_op,9,rbf_svc,198,53,4,0,0,-0.5900142313082019
development_oof,without_n_op,9,rbf_svc,201,9,4,1,1,2.087989402889038
development_oof,without_n_op,9,rbf_svc,206,125,4,1,0,-0.9248732495365654
development_oof,without_n_op,9,rbf_svc,210,104,4,1,1,1.1461200920687515
development_oof,without_n_op,9,rbf_svc,221,9,4,1,1,1.6030445838478964
development_oof,without_n_op,9,rbf_svc,236,416,4,1,0,-1.824722100123021
development_oof,without_n_op,9,rbf_svc,258,35,4,0,0,-0.766393415116568
development_oof,without_n_op,9,rbf_svc,277,102,4,1,0,-0.1279352199463769
development_oof,without_n_op,9,rbf_svc,294,122,4,0,0,-0.985626689480016
development_oof,without_n_op,9,rbf_svc,304,24,4,1,0,-0.44639167480783903
development_oof,without_n_op,9,rbf_svc,310,401,4,0,0,-1.3601331299443884
development_oof,without_n_op,9,rbf_svc,311,400,4,1,0,-0.6994161294538767
development_oof,without_n_op,9,rbf_svc,322,15,4,0,1,0.461486971250194
development_oof,without_n_op,9,rbf_svc,335,15,4,0,0,-0.12420210682908628
development_oof,without_n_op,9,rbf_svc,337,15,4,0,0,-0.9110091382453799
development_oof,without_n_op,9,rbf_svc,355,15,4,0,0,-0.5703875896264358
development_oof,without_n_op,9,rbf_svc,358,389,4,0,0,-0.2733236856315048
development_oof,without_n_op,9,rbf_svc,371,161,4,0,0,-1.5243092218449497
development_oof,without_n_op,9,rbf_svc,379,24,4,0,0,-0.894842531654806
development_oof,without_n_op,9,rbf_svc,382,384,4,0,0,-0.8343777580094324
development_oof,without_n_op,9,rbf_svc,384,69,4,0,0,-0.18551210014436392
development_oof,without_n_op,9,rbf_svc,386,4,4,1,1,0.22581303800775043
development_oof,without_n_op,9,rbf_svc,392,4,4,1,1,0.5795622362508933
development_oof,without_n_op,9,rbf_svc,393,0,4,0,0,-0.09618750422781142
development_oof,without_n_op,9,rbf_svc,400,28,4,0,1,0.05764540174040589
development_oof,without_n_op,9,rbf_svc,401,4,4,1,0,-0.06481540758613435
development_oof,without_n_op,9,rbf_svc,404,35,4,0,0,-0.4020472971022272
development_oof,without_n_op,9,rbf_svc,405,379,4,0,0,-0.2633688454294635
development_oof,without_n_op,9,rbf_svc,407,160,4,0,0,-1.5737563104618162
development_oof,without_n_op,9,rbf_svc,409,4,4,1,1,0.27070385706364475
development_oof,without_n_op,9,rbf_svc,423,50,4,0,0,-0.7617810094494851
development_oof,without_n_op,9,rbf_svc,430,4,4,1,0,-0.29601066051783886
development_oof,without_n_op,9,rbf_svc,434,97,4,1,1,1.0926836930222321
development_oof,without_n_op,9,rbf_svc,446,4,4,1,1,0.2879264196404342
development_oof,without_n_op,9,rbf_svc,454,104,4,1,1,0.9970725114752673
development_oof,without_n_op,9,rbf_svc,455,93,4,1,1,0.7203283007821942
development_oof,without_n_op,9,rbf_svc,462,15,4,0,0,-0.5336707938653341
development_oof,without_n_op,9,rbf_svc,464,4,4,1,0,-0.4128548930244408
development_oof,without_n_op,9,rbf_svc,465,4,4,1,1,0.08019562400266855
development_oof,without_n_op,9,rbf_svc,466,0,4,0,0,-0.5409563498271325
development_oof,without_n_op,9,rbf_svc,470,0,4,0,0,-0.17024100939545483
development_oof,without_n_op,9,rbf_svc,480,367,4,0,1,0.19673055700154196
development_oof,without_n_op,9,rbf_svc,481,4,4,1,1,0.0834274170651833
development_oof,without_n_op,9,rbf_svc,484,365,4,0,0,-0.5059588654845396
development_oof,without_n_op,9,rbf_svc,495,0,4,0,1,0.08130204266351815
development_oof,without_n_op,9,rbf_svc,498,54,4,0,0,-0.2505858123395578
development_oof,without_n_op,9,rbf_svc,499,15,4,0,0,-0.7424489081790772
development_oof,without_n_op,9,rbf_svc,500,28,4,0,1,0.3338236712980637
development_oof,without_n_op,9,rbf_svc,501,72,4,0,0,-1.0907581915075224
development_oof,without_n_op,9,rbf_svc,503,93,4,1,1,0.5367986309398046
development_oof,without_n_op,9,rbf_svc,506,0,4,0,0,-0.3334335182003353
development_oof,without_n_op,9,rbf_svc,517,0,4,0,0,-0.10289555472934875
development_oof,without_n_op,9,rbf_svc,519,53,4,0,0,-0.8601252318921196
development_oof,without_n_op,9,rbf_svc,520,53,4,0,0,-0.7890951701909324
development_oof,without_n_op,9,rbf_svc,524,0,4,0,0,-0.07283792300813807
development_oof,without_n_op,9,rbf_svc,525,15,4,0,0,-0.9831972938953267
development_oof,without_n_op,9,rbf_svc,527,0,4,0,0,-0.011155448955915026
development_oof,without_n_op,9,rbf_svc,528,359,4,0,0,-1.3035276913094478
development_oof,without_n_op,9,rbf_svc,529,0,4,0,0,-0.5345822170576725
development_oof,without_n_op,9,rbf_svc,542,35,4,1,0,-0.4229856701822542
development_oof,without_n_op,9,rbf_svc,543,0,4,0,0,-0.5197443984645157
development_oof,without_n_op,9,rbf_svc,545,136,4,1,0,-1.0376344801870956
development_oof,without_n_op,9,rbf_svc,553,0,4,0,1,0.04889364470897972
development_oof,without_n_op,9,rbf_svc,559,351,4,0,0,-0.7480154228552863
development_oof,without_n_op,9,rbf_svc,560,0,4,0,1,0.040475111856212664
development_oof,without_n_op,9,rbf_svc,568,0,4,0,0,-0.2950160577206765
development_oof,without_n_op,9,rbf_svc,570,0,4,1,1,0.7178245942169276
development_oof,without_n_op,9,rbf_svc,572,0,4,1,0,-0.21903525226355292
development_oof,without_n_op,9,rbf_svc,577,44,4,0,0,-0.7531853872766531
development_oof,without_n_op,9,rbf_svc,581,347,4,0,0,-0.6498837919327863
development_oof,without_n_op,9,rbf_svc,582,44,4,0,0,-0.41884215590327256
development_oof,without_n_op,9,rbf_svc,583,69,4,0,1,0.11549266146380932
development_oof,without_n_op,9,rbf_svc,588,344,4,0,0,-0.48522129088145716
development_oof,without_n_op,9,rbf_svc,592,0,4,1,0,-0.08324376984602766
development_oof,without_n_op,9,rbf_svc,595,35,4,0,0,-0.43649398261141703
development_oof,without_n_op,9,rbf_svc,600,151,4,0,0,-0.9408149135212657
development_oof,without_n_op,9,rbf_svc,602,338,4,0,0,-0.8388991574356995
development_oof,without_n_op,9,rbf_svc,604,0,4,0,1,0.3852523804393405
development_oof,without_n_op,9,rbf_svc,605,0,4,0,0,-0.44750062387633116
development_oof,without_n_op,9,rbf_svc,607,0,4,1,1,0.15315093388626588
development_oof,without_n_op,9,rbf_svc,608,0,4,0,1,0.5765582735074691
development_oof,without_n_op,9,rbf_svc,610,0,4,0,0,-0.7046458932425667
development_oof,without_n_op,9,rbf_svc,611,0,4,0,0,-0.6421984174408503
development_oof,without_n_op,9,rbf_svc,613,85,4,0,1,0.500706628322099
development_oof,without_n_op,9,rbf_svc,615,0,4,0,0,-0.1012575259879619
development_oof,without_n_op,9,rbf_svc,627,335,4,0,0,-0.422843776049563
development_oof,without_n_op,9,rbf_svc,633,0,4,0,0,-1.0645811284319988
development_oof,without_n_op,9,rbf_svc,646,0,4,0,0,-0.033764163123479185
development_oof,without_n_op,9,rbf_svc,647,0,4,0,0,-0.18119797885094824
development_oof,without_n_op,9,rbf_svc,648,329,4,0,0,-1.5228392670786075
development_oof,without_n_op,9,rbf_svc,657,4,4,1,0,-0.09268898636300305
development_oof,without_n_op,9,rbf_svc,662,0,4,0,0,-0.31205317705514213
development_oof,without_n_op,9,rbf_svc,665,69,4,1,1,1.0465335611937578
development_oof,without_n_op,9,rbf_svc,666,44,4,0,0,-0.7276845699937667
development_oof,without_n_op,9,rbf_svc,667,0,4,0,0,-0.2989511566458253
development_oof,without_n_op,9,rbf_svc,671,321,4,1,1,0.5313821397471764
development_oof,without_n_op,9,rbf_svc,674,4,4,0,0,-0.38413740501358296
development_oof,without_n_op,9,rbf_svc,683,142,4,0,0,-0.07611891857732267
development_oof,without_n_op,9,rbf_svc,691,142,4,0,1,0.3337538360402298
development_oof,without_n_op,9,rbf_svc,692,0,4,0,1,0.05013689821456302
development_oof,without_n_op,9,rbf_svc,693,0,4,0,1,0.18084625524318476
development_oof,without_n_op,9,rbf_svc,699,0,4,0,0,-0.7356096869087162
development_oof,without_n_op,9,rbf_svc,701,0,4,1,0,-0.009314760650460108
development_oof,without_n_op,9,rbf_svc,704,313,4,0,1,0.16545907098757395
development_oof,without_n_op,9,rbf_svc,706,0,4,0,0,-0.2807780041856177
development_oof,without_n_op,9,rbf_svc,715,4,4,1,0,-0.09875490183851132
development_oof,without_n_op,9,rbf_svc,729,0,4,0,0,-0.5793575075214535
development_oof,without_n_op,9,rbf_svc,731,60,4,0,0,-0.5176709001215739
development_oof,without_n_op,9,rbf_svc,735,132,4,0,0,-0.24691798701006806
development_oof,without_n_op,9,rbf_svc,737,85,4,1,0,-0.5784237702588951
development_oof,without_n_op,9,rbf_svc,738,136,4,1,0,-0.897295359751982
development_oof,without_n_op,9,rbf_svc,740,44,4,0,0,-0.9284354763520962
development_oof,without_n_op,9,rbf_svc,742,305,4,0,0,-0.5965444566733303
development_oof,without_n_op,9,rbf_svc,745,0,4,0,0,-0.938832492209999
development_oof,without_n_op,9,rbf_svc,753,85,4,0,0,-0.7862001845044423
development_oof,without_n_op,9,rbf_svc,761,44,4,0,0,-0.11447633682071279
development_oof,without_n_op,9,rbf_svc,776,298,4,0,0,-1.4368576580685493
development_oof,without_n_op,9,rbf_svc,794,0,4,0,1,0.21245240767845586
development_oof,without_n_op,9,rbf_svc,796,35,4,0,0,-0.47280388178540533
development_oof,without_n_op,9,rbf_svc,800,132,4,0,0,-0.2896132090255289
development_oof,without_n_op,9,rbf_svc,803,289,4,0,0,-1.2530505116677548
development_oof,without_n_op,9,rbf_svc,818,283,4,0,0,-1.4455174614630324
development_oof,without_n_op,9,rbf_svc,822,35,4,0,0,-0.6731813537704608
development_oof,without_n_op,9,rbf_svc,839,82,4,0,0,-1.2274462313868306
development_oof,without_n_op,9,rbf_svc,844,276,4,0,1,0.25583090377599327
development_oof,without_n_op,9,rbf_svc,855,270,4,0,0,-1.4174094749002881
development_oof,without_n_op,9,rbf_svc,865,263,4,0,0,-1.4226427020726007
development_oof,without_n_op,9,rbf_svc,867,60,4,0,0,-0.636079102686481
development_oof,without_n_op,9,rbf_svc,885,256,4,0,0,-0.2625075228924082
development_oof,without_n_op,9,rbf_svc,888,254,4,1,0,-1.7124200552804747
development_oof,without_n_op,9,rbf_svc,891,125,4,0,0,-0.01319278105939714
development_oof,without_n_op,9,rbf_svc,902,122,4,1,0,-0.7651579379243499
development_oof,without_n_op,9,rbf_svc,907,246,4,0,0,-1.1182357619765937
development_oof,without_n_op,9,rbf_svc,918,242,4,0,0,-0.22199009419395688
development_oof,without_n_op,9,rbf_svc,931,234,4,0,0,-1.2333151442173738
development_oof,without_n_op,9,rbf_svc,949,224,4,0,0,-1.3970232995763086
development_oof,without_n_op,9,rbf_svc,954,4,4,1,1,0.2650117680591878
development_oof,without_n_op,9,rbf_svc,968,214,4,1,1,0.08728562502507586
development_oof,without_n_op,9,rbf_svc,980,207,4,0,0,-1.074104763150236
development_oof,without_n_op,9,rbf_svc,981,206,4,0,0,-0.5043610014791374
development_oof,without_n_op,9,rbf_svc,984,204,4,1,0,-0.45241657511567224
development_oof,without_n_op,9,rbf_svc,991,0,4,0,0,-0.1548309255475372
development_oof,without_n_op,9,rbf_svc,993,69,4,0,1,0.3421800109455796
development_oof,without_n_op,9,rbf_svc,995,112,4,0,0,-0.6509041297564923
development_oof,without_n_op,9,rbf_svc,1016,190,4,1,0,-0.08016748679257935
development_oof,without_n_op,9,rbf_svc,1024,4,4,1,0,-0.164912004921009
development_oof,without_n_op,9,rbf_svc,1031,181,4,0,1,0.420650946971279
development_oof,without_n_op,9,rbf_svc,1033,179,4,0,0,-0.7609709743559575
development_oof,without_n_op,9,rbf_svc,5,31,5,1,1,0.9898418605202775
development_oof,without_n_op,9,rbf_svc,6,61,5,0,0,-0.9673513819530608
development_oof,without_n_op,9,rbf_svc,15,458,5,1,1,0.20188331607672422
development_oof,without_n_op,9,rbf_svc,23,11,5,0,1,0.3951236091960664
development_oof,without_n_op,9,rbf_svc,26,11,5,0,0,-0.5191142781945219
development_oof,without_n_op,9,rbf_svc,41,451,5,0,0,-1.2305295563898475
development_oof,without_n_op,9,rbf_svc,46,18,5,0,1,0.9782199814033361
development_oof,without_n_op,9,rbf_svc,49,11,5,0,0,-0.49110030674249433
development_oof,without_n_op,9,rbf_svc,52,448,5,0,0,-0.580269156889369
development_oof,without_n_op,9,rbf_svc,57,61,5,0,0,-0.9951340206814439
development_oof,without_n_op,9,rbf_svc,58,11,5,0,0,-0.42354876820334425
development_oof,without_n_op,9,rbf_svc,59,11,5,0,0,-0.3375600898565945
development_oof,without_n_op,9,rbf_svc,76,11,5,0,1,0.4671050182472711
development_oof,without_n_op,9,rbf_svc,79,175,5,1,0,-0.16179577842155773
development_oof,without_n_op,9,rbf_svc,85,17,5,1,1,0.10504748253791202
development_oof,without_n_op,9,rbf_svc,96,18,5,1,1,0.40445659573879517
development_oof,without_n_op,9,rbf_svc,98,438,5,0,0,-0.9719561192304469
development_oof,without_n_op,9,rbf_svc,100,31,5,1,1,0.5942873082607316
development_oof,without_n_op,9,rbf_svc,105,437,5,1,0,-0.030149917429454998
development_oof,without_n_op,9,rbf_svc,106,18,5,1,1,0.9834650719617841
development_oof,without_n_op,9,rbf_svc,111,106,5,0,1,0.0004631160991171446
development_oof,without_n_op,9,rbf_svc,116,434,5,0,1,0.6522227571196285
development_oof,without_n_op,9,rbf_svc,130,171,5,0,0,-0.5226211768084725
development_oof,without_n_op,9,rbf_svc,132,18,5,1,1,0.9878809820358294
development_oof,without_n_op,9,rbf_svc,141,106,5,0,0,-0.7219063801519754
development_oof,without_n_op,9,rbf_svc,149,106,5,0,0,-0.316510553093648
development_oof,without_n_op,9,rbf_svc,150,55,5,1,1,0.6538589868293598
development_oof,without_n_op,9,rbf_svc,152,429,5,0,0,-1.4457542294705172
development_oof,without_n_op,9,rbf_svc,161,427,5,0,1,0.3496126481052047
development_oof,without_n_op,9,rbf_svc,163,18,5,1,1,1.6773699162937303
development_oof,without_n_op,9,rbf_svc,165,17,5,1,1,0.613300486081553
development_oof,without_n_op,9,rbf_svc,167,18,5,1,1,0.9604709496196824
development_oof,without_n_op,9,rbf_svc,172,423,5,0,1,2.021978496645498
development_oof,without_n_op,9,rbf_svc,179,11,5,0,1,0.246168894945407
development_oof,without_n_op,9,rbf_svc,182,31,5,1,1,0.2203503610352922
development_oof,without_n_op,9,rbf_svc,186,18,5,1,1,0.721713427970512
development_oof,without_n_op,9,rbf_svc,195,31,5,1,1,1.1202132560061504
development_oof,without_n_op,9,rbf_svc,208,31,5,1,1,1.215681860765564
development_oof,without_n_op,9,rbf_svc,215,61,5,0,0,-0.3937903177633502
development_oof,without_n_op,9,rbf_svc,219,418,5,0,0,-1.3645720134524826
development_oof,without_n_op,9,rbf_svc,223,68,5,0,0,-0.8011678413738774
development_oof,without_n_op,9,rbf_svc,225,55,5,1,1,0.5289034819607923
development_oof,without_n_op,9,rbf_svc,231,417,5,0,0,-1.4553294561907497
development_oof,without_n_op,9,rbf_svc,233,17,5,1,1,0.343982696743433
development_oof,without_n_op,9,rbf_svc,255,410,5,0,0,-1.0544700024332985
development_oof,without_n_op,9,rbf_svc,256,18,5,1,1,0.5557340753665398
development_oof,without_n_op,9,rbf_svc,259,409,5,0,0,-0.7621482782466555
development_oof,without_n_op,9,rbf_svc,261,25,5,1,0,-0.22930870548629229
development_oof,without_n_op,9,rbf_svc,273,25,5,1,0,-0.2482460004965203
development_oof,without_n_op,9,rbf_svc,276,17,5,1,1,0.6003961967052227
development_oof,without_n_op,9,rbf_svc,297,163,5,0,0,-0.586962125391129
development_oof,without_n_op,9,rbf_svc,298,405,5,0,0,-1.1336303261240008
development_oof,without_n_op,9,rbf_svc,316,100,5,0,1,0.10393390878742986
development_oof,without_n_op,9,rbf_svc,319,163,5,0,0,-0.69155010526685
development_oof,without_n_op,9,rbf_svc,326,157,5,1,1,0.9152893490892351
development_oof,without_n_op,9,rbf_svc,330,76,5,1,0,-0.9752960171057181
development_oof,without_n_op,9,rbf_svc,334,394,5,0,0,-0.4010175032393744
development_oof,without_n_op,9,rbf_svc,336,55,5,1,1,0.3348631408830019
development_oof,without_n_op,9,rbf_svc,338,17,5,1,1,0.4107291142314838
development_oof,without_n_op,9,rbf_svc,339,11,5,0,1,0.4880191119583247
development_oof,without_n_op,9,rbf_svc,340,393,5,0,0,-0.9572624352191412
development_oof,without_n_op,9,rbf_svc,343,17,5,1,1,0.5094447187639151
development_oof,without_n_op,9,rbf_svc,347,17,5,1,1,0.7261907722927081
development_oof,without_n_op,9,rbf_svc,351,100,5,1,1,0.11145558440843267
development_oof,without_n_op,9,rbf_svc,357,37,5,1,1,0.4236472210073559
development_oof,without_n_op,9,rbf_svc,364,25,5,1,0,-0.1890080175605599
development_oof,without_n_op,9,rbf_svc,372,17,5,1,1,0.6648797612886828
development_oof,without_n_op,9,rbf_svc,377,386,5,0,0,-0.8090098577227058
development_oof,without_n_op,9,rbf_svc,381,76,5,0,0,-0.6819343017109736
development_oof,without_n_op,9,rbf_svc,397,11,5,0,0,-0.49573508998548893
development_oof,without_n_op,9,rbf_svc,402,380,5,0,0,-0.7165768502109635
development_oof,without_n_op,9,rbf_svc,435,374,5,0,0,-1.078626076700355
development_oof,without_n_op,9,rbf_svc,436,25,5,1,1,1.2293152112430388
development_oof,without_n_op,9,rbf_svc,458,18,5,0,1,0.34485271444363935
development_oof,without_n_op,9,rbf_svc,459,25,5,1,0,-0.22924438579727052
development_oof,without_n_op,9,rbf_svc,468,370,5,0,0,-0.7505099464499938
development_oof,without_n_op,9,rbf_svc,479,368,5,0,0,-0.1397532831365837
development_oof,without_n_op,9,rbf_svc,486,157,5,0,0,-0.37192285280507614
development_oof,without_n_op,9,rbf_svc,494,94,5,0,0,-0.03742551348116824
development_oof,without_n_op,9,rbf_svc,533,71,5,0,0,-0.2237198212680806
development_oof,without_n_op,9,rbf_svc,536,71,5,0,0,-0.6260391790290227
development_oof,without_n_op,9,rbf_svc,549,355,5,0,0,-0.5296359370761303
development_oof,without_n_op,9,rbf_svc,555,352,5,1,1,0.669549125490994
development_oof,without_n_op,9,rbf_svc,557,66,5,0,1,0.6063749205823799
development_oof,without_n_op,9,rbf_svc,563,71,5,0,0,-0.18787627812702684
development_oof,without_n_op,9,rbf_svc,575,115,5,0,1,0.18444540007273008
development_oof,without_n_op,9,rbf_svc,579,114,5,1,0,-0.9385019462262332
development_oof,without_n_op,9,rbf_svc,585,31,5,1,1,1.1520593867189677
development_oof,without_n_op,9,rbf_svc,587,345,5,0,1,1.2339039788808877
development_oof,without_n_op,9,rbf_svc,601,339,5,0,0,-0.9463816210004801
development_oof,without_n_op,9,rbf_svc,612,87,5,0,0,-0.9760514857095595
development_oof,without_n_op,9,rbf_svc,620,68,5,0,0,-1.3041457485977779
development_oof,without_n_op,9,rbf_svc,634,17,5,1,1,0.5279608633953194
development_oof,without_n_op,9,rbf_svc,635,68,5,1,0,-0.5946131996570936
development_oof,without_n_op,9,rbf_svc,640,146,5,0,0,-0.7049005061371272
development_oof,without_n_op,9,rbf_svc,641,66,5,0,0,-0.4497689068012551
development_oof,without_n_op,9,rbf_svc,643,330,5,0,0,-1.1833334178532589
development_oof,without_n_op,9,rbf_svc,645,146,5,0,0,-1.4261362050710764
development_oof,without_n_op,9,rbf_svc,656,326,5,0,0,-0.11841530739510014
development_oof,without_n_op,9,rbf_svc,664,116,5,0,0,-1.0357484016726781
development_oof,without_n_op,9,rbf_svc,675,71,5,0,0,-0.01691715791427123
development_oof,without_n_op,9,rbf_svc,682,317,5,0,1,0.028626084353103265
development_oof,without_n_op,9,rbf_svc,688,143,5,0,0,-0.5179309227180342
development_oof,without_n_op,9,rbf_svc,698,314,5,0,0,-0.8114488889976004
development_oof,without_n_op,9,rbf_svc,711,45,5,0,1,0.21217866919981093
development_oof,without_n_op,9,rbf_svc,723,25,5,0,1,0.48055912010540697
development_oof,without_n_op,9,rbf_svc,725,45,5,1,1,0.41357685523046933
development_oof,without_n_op,9,rbf_svc,726,31,5,1,1,1.2199955241652305
development_oof,without_n_op,9,rbf_svc,732,45,5,0,0,-0.2669574996307155
development_oof,without_n_op,9,rbf_svc,736,137,5,0,1,0.37560282147647067
development_oof,without_n_op,9,rbf_svc,741,306,5,0,0,-1.169720566943092
development_oof,without_n_op,9,rbf_svc,744,87,5,0,0,-1.3084620198872015
development_oof,without_n_op,9,rbf_svc,749,11,5,0,0,-0.35124274712559295
development_oof,without_n_op,9,rbf_svc,799,45,5,0,1,0.5557169003735725
development_oof,without_n_op,9,rbf_svc,802,131,5,0,0,-0.7726400980575852
development_oof,without_n_op,9,rbf_svc,816,284,5,0,0,-0.08572908920841477
development_oof,without_n_op,9,rbf_svc,837,278,5,0,0,-0.6739579364359829
development_oof,without_n_op,9,rbf_svc,845,11,5,0,0,-0.9058127542524754
development_oof,without_n_op,9,rbf_svc,857,268,5,0,0,-0.5258289572291759
development_oof,without_n_op,9,rbf_svc,858,61,5,0,0,-0.3948893799347842
development_oof,without_n_op,9,rbf_svc,860,266,5,0,0,-1.1815121034194742
development_oof,without_n_op,9,rbf_svc,870,260,5,0,0,-1.1782720500139654
development_oof,without_n_op,9,rbf_svc,900,249,5,0,0,-0.2971532694919245
development_oof,without_n_op,9,rbf_svc,906,247,5,0,0,-0.36095580321164594
development_oof,without_n_op,9,rbf_svc,915,25,5,1,0,-0.27341326663893123
development_oof,without_n_op,9,rbf_svc,926,238,5,1,0,-0.7305919823207756
development_oof,without_n_op,9,rbf_svc,939,229,5,1,1,0.07067352919191122
development_oof,without_n_op,9,rbf_svc,948,225,5,1,0,-0.33292997877533
development_oof,without_n_op,9,rbf_svc,958,220,5,0,0,-1.314148367916244
development_oof,without_n_op,9,rbf_svc,960,116,5,0,0,-0.7771295722783345
development_oof,without_n_op,9,rbf_svc,969,115,5,0,1,0.6180345856906964
development_oof,without_n_op,9,rbf_svc,971,212,5,1,1,0.653465353210225
development_oof,without_n_op,9,rbf_svc,972,211,5,0,0,-1.187464755905853
development_oof,without_n_op,9,rbf_svc,974,45,5,0,1,0.4643569652263089
development_oof,without_n_op,9,rbf_svc,975,66,5,0,0,-0.6986700241798984
development_oof,without_n_op,9,rbf_svc,979,114,5,0,0,-1.1332592100722443
development_oof,without_n_op,9,rbf_svc,990,201,5,0,0,-0.545141041691702
development_oof,without_n_op,9,rbf_svc,1008,76,5,0,0,-0.32765822596785615
development_oof,without_n_op,9,rbf_svc,1010,194,5,0,1,0.6055243274726734
development_oof,without_n_op,9,rbf_svc,1015,191,5,1,0,-0.5484132278969933
development_oof,without_n_op,9,rbf_svc,1027,185,5,1,1,1.073741423208528
development_oof,without_n_op,9,rbf_svc,1032,180,5,0,0,-0.045139077635338476
development_oof,without_n_op,9,random_forest,3,108,1,0,0,0.06396933757682219
development_oof,without_n_op,9,random_forest,13,109,1,1,1,0.8810020121152807
development_oof,without_n_op,9,random_forest,22,456,1,0,0,0.2607091424708381
development_oof,without_n_op,9,random_forest,24,455,1,0,0,0.44749948811718515
development_oof,without_n_op,9,random_forest,25,12,1,1,0,0.38057079775061087
development_oof,without_n_op,9,random_forest,35,108,1,0,0,0.12234322002416542
development_oof,without_n_op,9,random_forest,43,6,1,0,0,0.1433705268408457
development_oof,without_n_op,9,random_forest,53,447,1,0,0,0.3154649811850365
development_oof,without_n_op,9,random_forest,65,168,1,1,1,0.8753042068557689
development_oof,without_n_op,9,random_forest,68,445,1,1,0,0.29063839970155975
development_oof,without_n_op,9,random_forest,70,166,1,0,0,0.1965280128249203
development_oof,without_n_op,9,random_forest,72,12,1,1,0,0.3294163996879646
development_oof,without_n_op,9,random_forest,75,108,1,0,0,0.145556858189219
development_oof,without_n_op,9,random_forest,88,12,1,0,0,0.2548957896580349
development_oof,without_n_op,9,random_forest,89,6,1,0,0,0.1652562591571141
development_oof,without_n_op,9,random_forest,110,41,1,0,0,0.2793921484230716
development_oof,without_n_op,9,random_forest,129,58,1,1,1,0.5202801344069573
development_oof,without_n_op,9,random_forest,133,432,1,1,0,0.4516471724926054
development_oof,without_n_op,9,random_forest,144,41,1,0,0,0.4392966003346079
development_oof,without_n_op,9,random_forest,153,41,1,0,1,0.9616693212762167
development_oof,without_n_op,9,random_forest,155,41,1,0,0,0.4831090027289372
development_oof,without_n_op,9,random_forest,168,424,1,0,0,0.10126737807000247
development_oof,without_n_op,9,random_forest,171,41,1,1,1,0.768716315848346
development_oof,without_n_op,9,random_forest,197,168,1,1,1,0.9634130646181126
development_oof,without_n_op,9,random_forest,205,41,1,0,1,0.8515508147374284
development_oof,without_n_op,9,random_forest,209,420,1,1,1,0.584277134045265
development_oof,without_n_op,9,random_forest,232,6,1,0,0,0.1612831591928781
development_oof,without_n_op,9,random_forest,237,117,1,0,0,0.1261799393396967
development_oof,without_n_op,9,random_forest,243,414,1,0,0,0.33879232645474194
development_oof,without_n_op,9,random_forest,250,166,1,0,0,0.22945167041666253
development_oof,without_n_op,9,random_forest,270,12,1,1,0,0.3549955798538107
development_oof,without_n_op,9,random_forest,272,19,1,0,0,0.2556746889639231
development_oof,without_n_op,9,random_forest,282,406,1,1,0,0.4795405760922147
development_oof,without_n_op,9,random_forest,289,6,1,0,0,0.2180478616139683
development_oof,without_n_op,9,random_forest,303,12,1,1,0,0.4840158755579471
development_oof,without_n_op,9,random_forest,305,402,1,0,0,0.14264258182395093
development_oof,without_n_op,9,random_forest,306,101,1,1,0,0.08039165381960958
development_oof,without_n_op,9,random_forest,307,12,1,1,0,0.37972864397310063
development_oof,without_n_op,9,random_forest,314,398,1,0,0,0.2479137927421939
development_oof,without_n_op,9,random_forest,318,127,1,1,0,0.26673270330439486
development_oof,without_n_op,9,random_forest,328,395,1,1,0,0.3552362511455231
development_oof,without_n_op,9,random_forest,345,73,1,0,1,0.7722238628052773
development_oof,without_n_op,9,random_forest,346,12,1,1,0,0.2889960693503416
development_oof,without_n_op,9,random_forest,350,12,1,0,0,0.20501648086478683
development_oof,without_n_op,9,random_forest,362,36,1,0,0,0.1679134438694801
development_oof,without_n_op,9,random_forest,366,79,1,1,0,0.2402445258810946
development_oof,without_n_op,9,random_forest,367,79,1,1,0,0.272992849739742
development_oof,without_n_op,9,random_forest,368,387,1,0,0,0.323212615695751
development_oof,without_n_op,9,random_forest,383,12,1,1,0,0.3016814169154599
development_oof,without_n_op,9,random_forest,390,381,1,0,0,0.40390915773535857
development_oof,without_n_op,9,random_forest,411,6,1,0,0,0.17732162855258646
development_oof,without_n_op,9,random_forest,415,12,1,1,0,0.40998733387522573
development_oof,without_n_op,9,random_forest,418,6,1,0,0,0.15859329778627046
development_oof,without_n_op,9,random_forest,427,6,1,0,0,0.4016540737493037
development_oof,without_n_op,9,random_forest,432,375,1,0,0,0.22514106325516106
development_oof,without_n_op,9,random_forest,433,58,1,1,0,0.46808324840074106
development_oof,without_n_op,9,random_forest,445,95,1,0,0,0.1826506662090957
development_oof,without_n_op,9,random_forest,452,73,1,1,1,0.6154683107393647
development_oof,without_n_op,9,random_forest,467,6,1,0,0,0.25012630029485494
development_oof,without_n_op,9,random_forest,476,95,1,0,0,0.48736387345638393
development_oof,without_n_op,9,random_forest,478,6,1,0,0,0.20074463864048536
development_oof,without_n_op,9,random_forest,488,26,1,1,0,0.12554534398922945
development_oof,without_n_op,9,random_forest,507,26,1,0,0,0.1582200067818038
development_oof,without_n_op,9,random_forest,509,362,1,0,0,0.36459496469063585
development_oof,without_n_op,9,random_forest,512,361,1,0,0,0.30811923698062527
development_oof,without_n_op,9,random_forest,521,26,1,0,0,0.1160129881044835
development_oof,without_n_op,9,random_forest,530,358,1,1,0,0.245482543131723
development_oof,without_n_op,9,random_forest,531,6,1,0,0,0.2585984875706187
development_oof,without_n_op,9,random_forest,532,26,1,0,0,0.17099785647428817
development_oof,without_n_op,9,random_forest,534,26,1,0,0,0.29429602529400417
development_oof,without_n_op,9,random_forest,552,6,1,0,0,0.14646503479961562
development_oof,without_n_op,9,random_forest,564,47,1,1,0,0.31401594883866435
development_oof,without_n_op,9,random_forest,573,350,1,0,1,0.5333850256049322
development_oof,without_n_op,9,random_forest,576,349,1,0,1,0.6151450923203983
development_oof,without_n_op,9,random_forest,578,26,1,0,0,0.14687391139064918
development_oof,without_n_op,9,random_forest,590,152,1,0,0,0.28168380053042846
development_oof,without_n_op,9,random_forest,591,343,1,0,0,0.40277733076943106
development_oof,without_n_op,9,random_forest,630,67,1,0,0,0.2511896731478581
development_oof,without_n_op,9,random_forest,637,47,1,1,0,0.279169145589301
development_oof,without_n_op,9,random_forest,639,332,1,0,0,0.49403114198062403
development_oof,without_n_op,9,random_forest,642,331,1,0,0,0.33194974505683966
development_oof,without_n_op,9,random_forest,644,47,1,1,0,0.1630582581931306
development_oof,without_n_op,9,random_forest,650,88,1,0,0,0.38017576908883766
development_oof,without_n_op,9,random_forest,651,67,1,0,0,0.17167069129320303
development_oof,without_n_op,9,random_forest,654,327,1,0,0,0.3393879798152669
development_oof,without_n_op,9,random_forest,673,320,1,0,0,0.1906205553901735
development_oof,without_n_op,9,random_forest,676,6,1,0,0,0.2009799997914818
development_oof,without_n_op,9,random_forest,679,6,1,0,0,0.268538873805423
development_oof,without_n_op,9,random_forest,680,145,1,0,1,0.5031909665280937
development_oof,without_n_op,9,random_forest,695,47,1,1,0,0.24044606685181505
development_oof,without_n_op,9,random_forest,708,310,1,0,1,0.5839154993478639
development_oof,without_n_op,9,random_forest,709,88,1,0,0,0.23876572888583514
development_oof,without_n_op,9,random_forest,713,139,1,0,0,0.30349741896450383
development_oof,without_n_op,9,random_forest,721,139,1,1,0,0.2734428312184613
development_oof,without_n_op,9,random_forest,722,307,1,0,0,0.39673299395395145
development_oof,without_n_op,9,random_forest,727,32,1,0,0,0.3725227539896215
development_oof,without_n_op,9,random_forest,734,12,1,1,0,0.21840265426614341
development_oof,without_n_op,9,random_forest,748,64,1,0,1,0.7174049773619454
development_oof,without_n_op,9,random_forest,763,301,1,0,0,0.11726100604825072
development_oof,without_n_op,9,random_forest,771,43,1,0,0,0.291489663140917
development_oof,without_n_op,9,random_forest,773,58,1,1,1,0.5728315072835318
development_oof,without_n_op,9,random_forest,775,134,1,0,1,0.6345741458984692
development_oof,without_n_op,9,random_forest,779,43,1,0,1,0.6568853133459585
development_oof,without_n_op,9,random_forest,782,43,1,0,0,0.4470834755901987
development_oof,without_n_op,9,random_forest,783,296,1,0,0,0.31004932345230063
development_oof,without_n_op,9,random_forest,784,43,1,1,0,0.31939744267054987
development_oof,without_n_op,9,random_forest,788,295,1,1,0,0.3259110776210261
development_oof,without_n_op,9,random_forest,795,110,1,1,1,0.6856677184605361
development_oof,without_n_op,9,random_forest,797,43,1,0,0,0.42808486387306893
development_oof,without_n_op,9,random_forest,812,285,1,0,1,0.6572134814835867
development_oof,without_n_op,9,random_forest,814,88,1,0,0,0.20749587253934276
development_oof,without_n_op,9,random_forest,836,279,1,1,0,0.1219629623891656
development_oof,without_n_op,9,random_forest,853,272,1,0,0,0.42866198006117334
development_oof,without_n_op,9,random_forest,868,261,1,0,0,0.29282576611780764
development_oof,without_n_op,9,random_forest,886,255,1,0,0,0.2014477233363136
development_oof,without_n_op,9,random_forest,889,127,1,0,0,0.3191831745235491
development_oof,without_n_op,9,random_forest,892,26,1,0,0,0.17302750801449046
development_oof,without_n_op,9,random_forest,903,248,1,0,0,0.2714139988426526
development_oof,without_n_op,9,random_forest,909,245,1,0,0,0.15139937316909696
development_oof,without_n_op,9,random_forest,912,19,1,0,0,0.3190199228722888
development_oof,without_n_op,9,random_forest,924,239,1,0,0,0.2757925948500687
development_oof,without_n_op,9,random_forest,929,67,1,0,0,0.24405511734205174
development_oof,without_n_op,9,random_forest,937,230,1,0,0,0.06408267853139878
development_oof,without_n_op,9,random_forest,938,79,1,0,0,0.2655681783886927
development_oof,without_n_op,9,random_forest,944,58,1,1,0,0.4956287116575473
development_oof,without_n_op,9,random_forest,956,222,1,0,1,0.747721484543243
development_oof,without_n_op,9,random_forest,959,117,1,0,0,0.12720016582869087
development_oof,without_n_op,9,random_forest,961,219,1,0,1,0.6351829203140024
development_oof,without_n_op,9,random_forest,970,213,1,0,0,0.4594139249353388
development_oof,without_n_op,9,random_forest,983,205,1,1,0,0.35146585555759474
development_oof,without_n_op,9,random_forest,989,47,1,0,0,0.3726800611086288
development_oof,without_n_op,9,random_forest,992,200,1,0,0,0.4065788364078029
development_oof,without_n_op,9,random_forest,997,6,1,0,0,0.33823718923301366
development_oof,without_n_op,9,random_forest,1007,195,1,0,0,0.30128265628778567
development_oof,without_n_op,9,random_forest,1011,110,1,1,1,0.7243959515969437
development_oof,without_n_op,9,random_forest,1023,187,1,0,0,0.4122786560123991
development_oof,without_n_op,9,random_forest,1034,178,1,0,0,0.2648138742278297
development_oof,without_n_op,9,random_forest,2,460,2,0,0,0.3733965929153381
development_oof,without_n_op,9,random_forest,8,107,2,0,0,0.3293715301138951
development_oof,without_n_op,9,random_forest,18,56,2,1,1,0.8330135070571012
development_oof,without_n_op,9,random_forest,33,452,2,0,0,0.053736171740399484
development_oof,without_n_op,9,random_forest,34,23,2,0,1,0.7689152944379507
development_oof,without_n_op,9,random_forest,37,177,2,0,0,0.028119579748155814
development_oof,without_n_op,9,random_forest,50,40,2,1,1,0.9128956559170206
development_oof,without_n_op,9,random_forest,51,75,2,1,0,0.4423355813978148
development_oof,without_n_op,9,random_forest,55,107,2,0,0,0.035490082754316046
development_oof,without_n_op,9,random_forest,67,446,2,0,0,0.16006035644560546
development_oof,without_n_op,9,random_forest,81,441,2,0,0,0.41305035028317955
development_oof,without_n_op,9,random_forest,97,30,2,1,0,0.39050793261549643
development_oof,without_n_op,9,random_forest,108,436,2,0,0,0.15024707027842535
development_oof,without_n_op,9,random_forest,114,173,2,0,0,0.16356949404088042
development_oof,without_n_op,9,random_forest,115,2,2,1,0,0.22306174860862693
development_oof,without_n_op,9,random_forest,118,172,2,0,1,0.5527621998036851
development_oof,without_n_op,9,random_forest,140,40,2,0,1,0.5176804961847646
development_oof,without_n_op,9,random_forest,166,425,2,0,0,0.3757176841439054
development_oof,without_n_op,9,random_forest,177,40,2,1,1,0.6958263475223779
development_oof,without_n_op,9,random_forest,216,167,2,1,0,0.2963823640278193
development_oof,without_n_op,9,random_forest,229,30,2,1,0,0.475819730893259
development_oof,without_n_op,9,random_forest,235,30,2,1,0,0.455548325909292
development_oof,without_n_op,9,random_forest,240,167,2,1,1,0.5382293311681585
development_oof,without_n_op,9,random_forest,241,23,2,0,1,0.7716641009360261
development_oof,without_n_op,9,random_forest,246,56,2,1,1,0.7211512933426792
development_oof,without_n_op,9,random_forest,249,124,2,0,0,0.4233936772612531
development_oof,without_n_op,9,random_forest,251,30,2,1,0,0.3216105076193453
development_oof,without_n_op,9,random_forest,253,412,2,0,0,0.35891601958828884
development_oof,without_n_op,9,random_forest,254,411,2,1,1,0.5426572271552256
development_oof,without_n_op,9,random_forest,262,98,2,1,1,0.5184336186353097
development_oof,without_n_op,9,random_forest,265,75,2,0,0,0.31921539738488147
development_oof,without_n_op,9,random_forest,275,56,2,1,1,0.7801747242014536
development_oof,without_n_op,9,random_forest,281,30,2,1,0,0.47029886744425464
development_oof,without_n_op,9,random_forest,283,56,2,1,1,0.5708469675961401
development_oof,without_n_op,9,random_forest,291,98,2,1,0,0.47631130129394655
development_oof,without_n_op,9,random_forest,301,403,2,0,0,0.3900681652001046
development_oof,without_n_op,9,random_forest,325,396,2,0,0,0.1863356847283696
development_oof,without_n_op,9,random_forest,344,23,2,1,1,0.8268987376981517
development_oof,without_n_op,9,random_forest,359,23,2,0,1,0.6970451751033806
development_oof,without_n_op,9,random_forest,365,388,2,0,0,0.10109992960147109
development_oof,without_n_op,9,random_forest,378,23,2,0,1,0.7474447999525344
development_oof,without_n_op,9,random_forest,389,382,2,0,0,0.21026841232980514
development_oof,without_n_op,9,random_forest,408,98,2,1,1,0.5265428608763849
development_oof,without_n_op,9,random_forest,413,62,2,1,0,0.12312879735629483
development_oof,without_n_op,9,random_forest,425,23,2,0,1,0.6415799183081933
development_oof,without_n_op,9,random_forest,426,377,2,0,1,0.9053239472010406
development_oof,without_n_op,9,random_forest,439,156,2,1,0,0.3619909365695986
development_oof,without_n_op,9,random_forest,461,371,2,1,0,0.4343473219225742
development_oof,without_n_op,9,random_forest,487,156,2,0,0,0.3912179860615549
development_oof,without_n_op,9,random_forest,505,81,2,1,0,0.4747919557945978
development_oof,without_n_op,9,random_forest,514,360,2,1,1,0.6162404688109989
development_oof,without_n_op,9,random_forest,515,150,2,0,0,0.43921548082062034
development_oof,without_n_op,9,random_forest,523,2,2,1,0,0.35226009531531915
development_oof,without_n_op,9,random_forest,526,23,2,0,0,0.33637370151427454
development_oof,without_n_op,9,random_forest,541,113,2,0,0,0.20693936381801742
development_oof,without_n_op,9,random_forest,551,353,2,0,1,0.657784908357436
development_oof,without_n_op,9,random_forest,584,46,2,0,0,0.18988219791196462
development_oof,without_n_op,9,random_forest,586,346,2,0,1,0.7198747099368614
development_oof,without_n_op,9,random_forest,589,153,2,1,1,0.6952072506396814
development_oof,without_n_op,9,random_forest,593,90,2,0,0,0.14011472254271942
development_oof,without_n_op,9,random_forest,598,90,2,0,0,0.09195804118331652
development_oof,without_n_op,9,random_forest,599,340,2,0,0,0.11324888774986466
development_oof,without_n_op,9,random_forest,603,40,2,1,1,0.6214447787226272
development_oof,without_n_op,9,random_forest,609,7,2,0,0,0.24459385284992052
development_oof,without_n_op,9,random_forest,623,150,2,0,0,0.09795572197403167
development_oof,without_n_op,9,random_forest,624,149,2,1,1,0.5828112395367853
development_oof,without_n_op,9,random_forest,636,334,2,1,0,0.2524498482324225
development_oof,without_n_op,9,random_forest,661,90,2,0,0,0.13296219897617376
development_oof,without_n_op,9,random_forest,670,322,2,0,1,0.8362526494936097
development_oof,without_n_op,9,random_forest,677,319,2,0,0,0.21698787160176777
development_oof,without_n_op,9,random_forest,707,311,2,0,0,0.38120386666896444
development_oof,without_n_op,9,random_forest,710,75,2,1,0,0.3510453692893337
development_oof,without_n_op,9,random_forest,716,309,2,0,0,0.4635687018916236
development_oof,without_n_op,9,random_forest,762,302,2,0,0,0.2556471175030623
development_oof,without_n_op,9,random_forest,766,130,2,0,0,0.18587256945239786
development_oof,without_n_op,9,random_forest,777,297,2,0,0,0.19141567545725272
development_oof,without_n_op,9,random_forest,790,62,2,1,0,0.2981571329495496
development_oof,without_n_op,9,random_forest,791,294,2,0,0,0.11431025318475212
development_oof,without_n_op,9,random_forest,793,292,2,1,0,0.12800272529252135
development_oof,without_n_op,9,random_forest,810,286,2,0,0,0.23746833791156546
development_oof,without_n_op,9,random_forest,819,130,2,1,0,0.23633661411138027
development_oof,without_n_op,9,random_forest,825,83,2,0,0,0.2478046143039723
development_oof,without_n_op,9,random_forest,831,281,2,0,0,0.047509015848060505
development_oof,without_n_op,9,random_forest,842,277,2,0,0,0.1815321019467149
development_oof,without_n_op,9,random_forest,850,273,2,0,0,0.3443614421905812
development_oof,without_n_op,9,random_forest,859,267,2,0,0,0.38011222316052834
development_oof,without_n_op,9,random_forest,863,81,2,1,0,0.4086501684988152
development_oof,without_n_op,9,random_forest,884,257,2,0,0,0.45961033554309183
development_oof,without_n_op,9,random_forest,895,124,2,0,0,0.3869159270109889
development_oof,without_n_op,9,random_forest,896,251,2,0,0,0.29842532286879264
development_oof,without_n_op,9,random_forest,914,56,2,1,1,0.9087718293283287
development_oof,without_n_op,9,random_forest,922,240,2,0,0,0.2827407105281855
development_oof,without_n_op,9,random_forest,923,23,2,0,1,0.549521271020732
development_oof,without_n_op,9,random_forest,933,232,2,0,1,0.5881852068044412
development_oof,without_n_op,9,random_forest,947,226,2,0,0,0.05000084056135691
development_oof,without_n_op,9,random_forest,951,223,2,0,1,0.5174804334966934
development_oof,without_n_op,9,random_forest,953,119,2,0,1,0.8135632905764981
development_oof,without_n_op,9,random_forest,965,216,2,0,0,0.28073771431840083
development_oof,without_n_op,9,random_forest,976,209,2,0,0,0.1614863201480251
development_oof,without_n_op,9,random_forest,986,113,2,0,0,0.17132465202078198
development_oof,without_n_op,9,random_forest,1001,107,2,0,1,0.5605869836578766
development_oof,without_n_op,9,random_forest,1005,196,2,0,0,0.4282138741587906
development_oof,without_n_op,9,random_forest,1020,188,2,0,0,0.32903582526046077
development_oof,without_n_op,9,random_forest,1026,186,2,1,0,0.0843144704832597
development_oof,without_n_op,9,random_forest,1030,182,2,0,0,0.37540263208111746
development_oof,without_n_op,9,random_forest,20,3,3,0,0,0.1146437412665582
development_oof,without_n_op,9,random_forest,29,453,3,0,0,0.08791314486881804
development_oof,without_n_op,9,random_forest,31,3,3,0,0,0.37795530952926437
development_oof,without_n_op,9,random_forest,36,80,3,0,0,0.3849494783015021
development_oof,without_n_op,9,random_forest,39,42,3,0,0,0.16547966359752359
development_oof,without_n_op,9,random_forest,42,3,3,0,0,0.24364968600160936
development_oof,without_n_op,9,random_forest,78,443,3,1,0,0.3287696614015567
development_oof,without_n_op,9,random_forest,87,439,3,0,0,0.1604582631233503
development_oof,without_n_op,9,random_forest,92,27,3,1,0,0.07917247914013083
development_oof,without_n_op,9,random_forest,93,165,3,0,0,0.14401731788535874
development_oof,without_n_op,9,random_forest,101,27,3,0,0,0.22078073942576062
development_oof,without_n_op,9,random_forest,125,111,3,0,0,0.28141620404987805
development_oof,without_n_op,9,random_forest,145,430,3,0,0,0.3310017963336044
development_oof,without_n_op,9,random_forest,146,59,3,1,0,0.47087421392450884
development_oof,without_n_op,9,random_forest,147,16,3,0,0,0.2436348261617377
development_oof,without_n_op,9,random_forest,148,59,3,1,0,0.4767125444442284
development_oof,without_n_op,9,random_forest,154,59,3,1,0,0.3602835689370521
development_oof,without_n_op,9,random_forest,158,428,3,0,0,0.10500412513127313
development_oof,without_n_op,9,random_forest,173,52,3,0,0,0.40463046397048263
development_oof,without_n_op,9,random_forest,175,38,3,1,1,0.5969050496374289
development_oof,without_n_op,9,random_forest,176,3,3,0,0,0.2705017447093609
development_oof,without_n_op,9,random_forest,192,8,3,0,0,0.2800913503417737
development_oof,without_n_op,9,random_forest,196,8,3,0,0,0.3474341710296439
development_oof,without_n_op,9,random_forest,202,421,3,0,0,0.21727940180649852
development_oof,without_n_op,9,random_forest,211,8,3,0,0,0.20220405588754134
development_oof,without_n_op,9,random_forest,217,8,3,0,1,0.5018964142886199
development_oof,without_n_op,9,random_forest,218,8,3,0,0,0.36881343281385687
development_oof,without_n_op,9,random_forest,220,8,3,0,0,0.4861212556893331
development_oof,without_n_op,9,random_forest,226,8,3,0,0,0.4513743961617891
development_oof,without_n_op,9,random_forest,227,38,3,1,1,0.717523394527731
development_oof,without_n_op,9,random_forest,230,121,3,1,0,0.3896346700621302
development_oof,without_n_op,9,random_forest,238,415,3,0,0,0.0863593894096898
development_oof,without_n_op,9,random_forest,239,3,3,0,0,0.3520424645402325
development_oof,without_n_op,9,random_forest,242,52,3,1,1,0.7637059115986382
development_oof,without_n_op,9,random_forest,252,3,3,0,1,0.6760617473671323
development_oof,without_n_op,9,random_forest,257,80,3,0,0,0.48075280580509316
development_oof,without_n_op,9,random_forest,266,103,3,1,1,0.8676276186066697
development_oof,without_n_op,9,random_forest,268,8,3,0,0,0.3052280707359285
development_oof,without_n_op,9,random_forest,271,165,3,0,1,0.5327784626768053
development_oof,without_n_op,9,random_forest,278,407,3,0,0,0.47652418982304945
development_oof,without_n_op,9,random_forest,279,3,3,0,0,0.37297286791115325
development_oof,without_n_op,9,random_forest,284,38,3,1,1,0.7446443879402899
development_oof,without_n_op,9,random_forest,285,3,3,0,0,0.1595959506056475
development_oof,without_n_op,9,random_forest,286,3,3,0,0,0.4153391172443071
development_oof,without_n_op,9,random_forest,287,158,3,0,0,0.34653022495456315
development_oof,without_n_op,9,random_forest,290,164,3,1,0,0.42460726100399704
development_oof,without_n_op,9,random_forest,300,404,3,1,1,0.5769231080277716
development_oof,without_n_op,9,random_forest,309,22,3,0,0,0.15888958083618
development_oof,without_n_op,9,random_forest,320,38,3,1,1,0.5447440656212941
development_oof,without_n_op,9,random_forest,321,397,3,0,0,0.19508881268242714
development_oof,without_n_op,9,random_forest,323,3,3,0,1,0.5247608516234344
development_oof,without_n_op,9,random_forest,327,3,3,0,0,0.06979292930767778
development_oof,without_n_op,9,random_forest,332,38,3,1,1,0.9176483328507644
development_oof,without_n_op,9,random_forest,333,8,3,0,0,0.20541843971620652
development_oof,without_n_op,9,random_forest,341,135,3,1,0,0.32416570148984797
development_oof,without_n_op,9,random_forest,348,3,3,0,0,0.24469298904791895
development_oof,without_n_op,9,random_forest,349,22,3,1,0,0.08985105903954736
development_oof,without_n_op,9,random_forest,353,3,3,1,0,0.08552906791871986
development_oof,without_n_op,9,random_forest,354,391,3,1,0,0.3912912968607854
development_oof,without_n_op,9,random_forest,356,390,3,0,0,0.19389098371796598
development_oof,without_n_op,9,random_forest,363,22,3,0,0,0.07008238362647297
development_oof,without_n_op,9,random_forest,370,8,3,0,0,0.2742969252121479
development_oof,without_n_op,9,random_forest,387,383,3,1,0,0.2750644245556142
development_oof,without_n_op,9,random_forest,406,78,3,0,0,0.04834006891039971
development_oof,without_n_op,9,random_forest,412,3,3,0,0,0.1688297547725961
development_oof,without_n_op,9,random_forest,414,3,3,0,0,0.14952503541940335
development_oof,without_n_op,9,random_forest,416,378,3,0,0,0.2267425272070651
development_oof,without_n_op,9,random_forest,417,22,3,0,0,0.15115138835941985
development_oof,without_n_op,9,random_forest,419,154,3,1,1,0.687132812391529
development_oof,without_n_op,9,random_forest,421,27,3,0,0,0.1893862792190009
development_oof,without_n_op,9,random_forest,424,27,3,0,0,0.43950046632489487
development_oof,without_n_op,9,random_forest,437,158,3,0,0,0.3338825121460343
development_oof,without_n_op,9,random_forest,438,96,3,1,0,0.16059683802347657
development_oof,without_n_op,9,random_forest,441,27,3,1,0,0.23357592205621647
development_oof,without_n_op,9,random_forest,443,372,3,0,0,0.24954422778170957
development_oof,without_n_op,9,random_forest,448,13,3,0,0,0.43349889475379155
development_oof,without_n_op,9,random_forest,450,3,3,0,0,0.3028330077847016
development_oof,without_n_op,9,random_forest,451,3,3,0,0,0.436494741580146
development_oof,without_n_op,9,random_forest,456,78,3,0,0,0.3095839852534751
development_oof,without_n_op,9,random_forest,469,8,3,0,0,0.2628859753136843
development_oof,without_n_op,9,random_forest,473,22,3,0,0,0.01696712665688924
development_oof,without_n_op,9,random_forest,483,27,3,0,0,0.3145319097381963
development_oof,without_n_op,9,random_forest,490,364,3,0,0,0.16263964788117802
development_oof,without_n_op,9,random_forest,511,129,3,0,0,0.06786260328868958
development_oof,without_n_op,9,random_forest,522,154,3,1,1,0.6032054204627176
development_oof,without_n_op,9,random_forest,544,63,3,1,0,0.2017560280785814
development_oof,without_n_op,9,random_forest,547,77,3,0,0,0.31947298763529025
development_oof,without_n_op,9,random_forest,550,354,3,0,0,0.3101740335504642
development_oof,without_n_op,9,random_forest,556,13,3,0,0,0.4001565959173714
development_oof,without_n_op,9,random_forest,567,13,3,0,0,0.3627890325057618
development_oof,without_n_op,9,random_forest,580,348,3,1,0,0.2405022700136989
development_oof,without_n_op,9,random_forest,597,341,3,0,0,0.36688233988722435
development_oof,without_n_op,9,random_forest,606,337,3,0,0,0.28241026143193043
development_oof,without_n_op,9,random_forest,628,147,3,0,0,0.13782445852253555
development_oof,without_n_op,9,random_forest,632,77,3,0,0,0.23528110884835338
development_oof,without_n_op,9,random_forest,649,89,3,0,0,0.4260210873684775
development_oof,without_n_op,9,random_forest,652,328,3,0,0,0.3421337741338158
development_oof,without_n_op,9,random_forest,681,318,3,0,0,0.4500398266140259
development_oof,without_n_op,9,random_forest,685,33,3,0,1,0.5281594597707813
development_oof,without_n_op,9,random_forest,686,144,3,1,0,0.41113533581930667
development_oof,without_n_op,9,random_forest,690,315,3,0,0,0.45694394968305585
development_oof,without_n_op,9,random_forest,694,33,3,0,0,0.2656022877589102
development_oof,without_n_op,9,random_forest,696,89,3,0,0,0.3451113370877225
development_oof,without_n_op,9,random_forest,717,140,3,0,1,0.5169905590860043
development_oof,without_n_op,9,random_forest,718,308,3,0,0,0.37950471150376075
development_oof,without_n_op,9,random_forest,743,13,3,0,0,0.35450400377959035
development_oof,without_n_op,9,random_forest,756,303,3,0,0,0.2195711063719961
development_oof,without_n_op,9,random_forest,767,63,3,1,0,0.13559037104266575
development_oof,without_n_op,9,random_forest,768,300,3,0,1,0.5561301829075227
development_oof,without_n_op,9,random_forest,769,135,3,0,0,0.36915371976172995
development_oof,without_n_op,9,random_forest,801,290,3,0,0,0.2565337337963844
development_oof,without_n_op,9,random_forest,805,63,3,1,0,0.3193286860531523
development_oof,without_n_op,9,random_forest,807,288,3,0,0,0.3429400087296365
development_oof,without_n_op,9,random_forest,808,33,3,0,0,0.4597972966274271
development_oof,without_n_op,9,random_forest,813,33,3,0,0,0.4552612469307967
development_oof,without_n_op,9,random_forest,821,282,3,0,1,0.5146481793792845
development_oof,without_n_op,9,random_forest,827,129,3,0,0,0.05463929083877673
development_oof,without_n_op,9,random_forest,847,274,3,0,0,0.11057200081363822
development_oof,without_n_op,9,random_forest,854,271,3,0,0,0.2358010003501395
development_oof,without_n_op,9,random_forest,864,264,3,0,0,0.2118790600657546
development_oof,without_n_op,9,random_forest,866,262,3,0,1,0.5067150146728305
development_oof,without_n_op,9,random_forest,869,80,3,0,0,0.4500533015864268
development_oof,without_n_op,9,random_forest,881,259,3,0,0,0.3907828150704538
development_oof,without_n_op,9,random_forest,883,59,3,1,1,0.5296150795992924
development_oof,without_n_op,9,random_forest,893,253,3,0,0,0.24344348507794072
development_oof,without_n_op,9,random_forest,899,123,3,1,0,0.46245982431663973
development_oof,without_n_op,9,random_forest,904,52,3,1,0,0.3294972082256227
development_oof,without_n_op,9,random_forest,913,121,3,1,1,0.5463382280323286
development_oof,without_n_op,9,random_forest,917,243,3,1,0,0.27559811001187906
development_oof,without_n_op,9,random_forest,920,241,3,0,0,0.17492344268707355
development_oof,without_n_op,9,random_forest,921,16,3,0,0,0.4876636966761589
development_oof,without_n_op,9,random_forest,930,235,3,1,1,0.5586970760151274
development_oof,without_n_op,9,random_forest,935,231,3,0,0,0.07041433588685075
development_oof,without_n_op,9,random_forest,940,78,3,0,0,0.3102298053355164
development_oof,without_n_op,9,random_forest,945,227,3,0,0,0.21494245202210957
development_oof,without_n_op,9,random_forest,962,218,3,0,0,0.1412026767078978
development_oof,without_n_op,9,random_forest,963,217,3,0,0,0.24628002047695938
development_oof,without_n_op,9,random_forest,973,210,3,0,0,0.2507356742561294
development_oof,without_n_op,9,random_forest,982,77,3,0,0,0.26668846664592094
development_oof,without_n_op,9,random_forest,988,202,3,1,0,0.1769232565002593
development_oof,without_n_op,9,random_forest,998,198,3,0,0,0.31266044563167705
development_oof,without_n_op,9,random_forest,1002,197,3,0,0,0.3512646967638319
development_oof,without_n_op,9,random_forest,1006,111,3,0,0,0.3288715199370188
development_oof,without_n_op,9,random_forest,1017,189,3,0,0,0.28434402415206184
development_oof,without_n_op,9,random_forest,1025,63,3,1,0,0.19534356116211218
development_oof,without_n_op,9,random_forest,1028,184,3,0,0,0.27647393534709913
development_oof,without_n_op,9,random_forest,1029,183,3,0,0,0.43253965579491127
development_oof,without_n_op,9,random_forest,16,93,4,1,1,0.5450855956342492
development_oof,without_n_op,9,random_forest,19,457,4,0,0,0.17896982255071348
development_oof,without_n_op,9,random_forest,27,53,4,0,1,0.6428745061768382
development_oof,without_n_op,9,random_forest,44,450,4,0,0,0.08809443016464014
development_oof,without_n_op,9,random_forest,60,4,4,1,0,0.3440459254992389
development_oof,without_n_op,9,random_forest,62,82,4,0,0,0.05117490636969219
development_oof,without_n_op,9,random_forest,66,82,4,1,0,0.418397165355201
development_oof,without_n_op,9,random_forest,69,444,4,0,0,0.04483681453029181
development_oof,without_n_op,9,random_forest,83,60,4,1,1,0.6171850928364799
development_oof,without_n_op,9,random_forest,84,9,4,1,1,0.677719253955156
development_oof,without_n_op,9,random_forest,86,174,4,1,1,0.7285646093854035
development_oof,without_n_op,9,random_forest,90,9,4,1,1,0.8567894895333606
development_oof,without_n_op,9,random_forest,95,161,4,0,0,0.4782671519975482
development_oof,without_n_op,9,random_forest,102,15,4,0,0,0.37559315614770195
development_oof,without_n_op,9,random_forest,112,9,4,1,1,0.8838193096655069
development_oof,without_n_op,9,random_forest,117,433,4,0,0,0.3336297055261178
development_oof,without_n_op,9,random_forest,119,0,4,0,1,0.6225832985692861
development_oof,without_n_op,9,random_forest,123,9,4,1,1,0.8913323165060945
development_oof,without_n_op,9,random_forest,131,170,4,1,1,0.6171850928364799
development_oof,without_n_op,9,random_forest,134,15,4,0,0,0.42682444256180607
development_oof,without_n_op,9,random_forest,138,431,4,0,0,0.15500736684245503
development_oof,without_n_op,9,random_forest,142,0,4,0,0,0.42371876870726666
development_oof,without_n_op,9,random_forest,156,9,4,1,1,0.9272581597977465
development_oof,without_n_op,9,random_forest,157,0,4,0,0,0.29809007517216524
development_oof,without_n_op,9,random_forest,159,4,4,1,0,0.33659943201570375
development_oof,without_n_op,9,random_forest,169,9,4,1,1,0.9070113209796314
development_oof,without_n_op,9,random_forest,170,60,4,1,0,0.48565976942404726
development_oof,without_n_op,9,random_forest,178,54,4,0,0,0.37378239997357926
development_oof,without_n_op,9,random_forest,181,9,4,1,1,0.8610293184145366
development_oof,without_n_op,9,random_forest,183,422,4,0,0,0.15582013447857926
development_oof,without_n_op,9,random_forest,184,4,4,1,0,0.3331284038466084
development_oof,without_n_op,9,random_forest,187,9,4,1,1,0.9152675850031996
development_oof,without_n_op,9,random_forest,193,9,4,1,1,0.884533067674445
development_oof,without_n_op,9,random_forest,198,53,4,0,0,0.2057211255443202
development_oof,without_n_op,9,random_forest,201,9,4,1,1,0.947509498790572
development_oof,without_n_op,9,random_forest,206,125,4,1,0,0.04433491204384113
development_oof,without_n_op,9,random_forest,210,104,4,1,1,0.8141205744542662
development_oof,without_n_op,9,random_forest,221,9,4,1,1,0.7830639583712465
development_oof,without_n_op,9,random_forest,236,416,4,1,0,0.20348503767068907
development_oof,without_n_op,9,random_forest,258,35,4,0,0,0.32231288032102806
development_oof,without_n_op,9,random_forest,277,102,4,1,0,0.394787561023415
development_oof,without_n_op,9,random_forest,294,122,4,0,1,0.5076422656906961
development_oof,without_n_op,9,random_forest,304,24,4,1,0,0.1847824256317389
development_oof,without_n_op,9,random_forest,310,401,4,0,0,0.35081079085540606
development_oof,without_n_op,9,random_forest,311,400,4,1,0,0.2032382025878302
development_oof,without_n_op,9,random_forest,322,15,4,0,0,0.3046363797961702
development_oof,without_n_op,9,random_forest,335,15,4,0,0,0.3768778794432363
development_oof,without_n_op,9,random_forest,337,15,4,0,0,0.1498844164539814
development_oof,without_n_op,9,random_forest,355,15,4,0,1,0.5255160349255001
development_oof,without_n_op,9,random_forest,358,389,4,0,0,0.4441932877944945
development_oof,without_n_op,9,random_forest,371,161,4,0,0,0.16342764296751716
development_oof,without_n_op,9,random_forest,379,24,4,0,0,0.17808782657096697
development_oof,without_n_op,9,random_forest,382,384,4,0,0,0.027590864550071103
development_oof,without_n_op,9,random_forest,384,69,4,0,0,0.24473832779740126
development_oof,without_n_op,9,random_forest,386,4,4,1,0,0.368961574391845
development_oof,without_n_op,9,random_forest,392,4,4,1,1,0.5170362363840212
development_oof,without_n_op,9,random_forest,393,0,4,0,0,0.39500721652712584
development_oof,without_n_op,9,random_forest,400,28,4,0,1,0.5674754948118047
development_oof,without_n_op,9,random_forest,401,4,4,1,0,0.33325348667525706
development_oof,without_n_op,9,random_forest,404,35,4,0,0,0.43402148781356714
development_oof,without_n_op,9,random_forest,405,379,4,0,0,0.32252706301320316
development_oof,without_n_op,9,random_forest,407,160,4,0,0,0.3205135217138018
development_oof,without_n_op,9,random_forest,409,4,4,1,0,0.40514206810703607
development_oof,without_n_op,9,random_forest,423,50,4,0,0,0.39521571648419496
development_oof,without_n_op,9,random_forest,430,4,4,1,0,0.3137774142385671
development_oof,without_n_op,9,random_forest,434,97,4,1,1,0.8649284092883129
development_oof,without_n_op,9,random_forest,446,4,4,1,0,0.4267079128098621
development_oof,without_n_op,9,random_forest,454,104,4,1,1,0.7162233050917797
development_oof,without_n_op,9,random_forest,455,93,4,1,0,0.4940951997799099
development_oof,without_n_op,9,random_forest,462,15,4,0,0,0.28736978371034977
development_oof,without_n_op,9,random_forest,464,4,4,1,1,0.5001534075427249
development_oof,without_n_op,9,random_forest,465,4,4,1,0,0.4871845572363599
development_oof,without_n_op,9,random_forest,466,0,4,0,0,0.17138590695962003
development_oof,without_n_op,9,random_forest,470,0,4,0,0,0.28397298315625025
development_oof,without_n_op,9,random_forest,480,367,4,0,0,0.4569997661564533
development_oof,without_n_op,9,random_forest,481,4,4,1,0,0.3199875309619132
development_oof,without_n_op,9,random_forest,484,365,4,0,0,0.46358385805755775
development_oof,without_n_op,9,random_forest,495,0,4,0,0,0.47338517384824796
development_oof,without_n_op,9,random_forest,498,54,4,0,0,0.19266318211465283
development_oof,without_n_op,9,random_forest,499,15,4,0,0,0.38239892477577386
development_oof,without_n_op,9,random_forest,500,28,4,0,0,0.47036820472980473
development_oof,without_n_op,9,random_forest,501,72,4,0,0,0.10881841092529736
development_oof,without_n_op,9,random_forest,503,93,4,1,1,0.5623979549748134
development_oof,without_n_op,9,random_forest,506,0,4,0,0,0.3649153876328566
development_oof,without_n_op,9,random_forest,517,0,4,0,0,0.3946628840743769
development_oof,without_n_op,9,random_forest,519,53,4,0,0,0.4567990620631427
development_oof,without_n_op,9,random_forest,520,53,4,0,0,0.3250815802959427
development_oof,without_n_op,9,random_forest,524,0,4,0,0,0.4767882772264784
development_oof,without_n_op,9,random_forest,525,15,4,0,0,0.37195716789944855
development_oof,without_n_op,9,random_forest,527,0,4,0,1,0.5378041140835524
development_oof,without_n_op,9,random_forest,528,359,4,0,0,0.13390401518654327
development_oof,without_n_op,9,random_forest,529,0,4,0,0,0.4197162643941769
development_oof,without_n_op,9,random_forest,542,35,4,1,0,0.2315434164049132
development_oof,without_n_op,9,random_forest,543,0,4,0,0,0.2877916623768212
development_oof,without_n_op,9,random_forest,545,136,4,1,0,0.34043635578271486
development_oof,without_n_op,9,random_forest,553,0,4,0,1,0.5004420150167083
development_oof,without_n_op,9,random_forest,559,351,4,0,0,0.2076663179532057
development_oof,without_n_op,9,random_forest,560,0,4,0,0,0.34916049084573364
development_oof,without_n_op,9,random_forest,568,0,4,0,0,0.4150956982844606
development_oof,without_n_op,9,random_forest,570,0,4,1,0,0.4772644235928725
development_oof,without_n_op,9,random_forest,572,0,4,1,0,0.37369945954723544
development_oof,without_n_op,9,random_forest,577,44,4,0,0,0.1956060481796363
development_oof,without_n_op,9,random_forest,581,347,4,0,0,0.38701465498699616
development_oof,without_n_op,9,random_forest,582,44,4,0,0,0.2417678531969719
development_oof,without_n_op,9,random_forest,583,69,4,0,0,0.23335169849455928
development_oof,without_n_op,9,random_forest,588,344,4,0,0,0.37143456337434094
development_oof,without_n_op,9,random_forest,592,0,4,1,0,0.46812166049908627
development_oof,without_n_op,9,random_forest,595,35,4,0,0,0.19368654239493202
development_oof,without_n_op,9,random_forest,600,151,4,0,0,0.062224593280891
development_oof,without_n_op,9,random_forest,602,338,4,0,1,0.5209479605223296
development_oof,without_n_op,9,random_forest,604,0,4,0,0,0.3975157090589175
development_oof,without_n_op,9,random_forest,605,0,4,0,0,0.4429783721733953
development_oof,without_n_op,9,random_forest,607,0,4,1,0,0.4877909427864871
development_oof,without_n_op,9,random_forest,608,0,4,0,0,0.4293030216399808
development_oof,without_n_op,9,random_forest,610,0,4,0,0,0.38016317788681564
development_oof,without_n_op,9,random_forest,611,0,4,0,0,0.3365186964738848
development_oof,without_n_op,9,random_forest,613,85,4,0,1,0.6633097911031914
development_oof,without_n_op,9,random_forest,615,0,4,0,1,0.5086759232860867
development_oof,without_n_op,9,random_forest,627,335,4,0,0,0.2901473592380741
development_oof,without_n_op,9,random_forest,633,0,4,0,0,0.20200029948243692
development_oof,without_n_op,9,random_forest,646,0,4,0,0,0.4247636516399564
development_oof,without_n_op,9,random_forest,647,0,4,0,0,0.34302908167979335
development_oof,without_n_op,9,random_forest,648,329,4,0,0,0.305556893994509
development_oof,without_n_op,9,random_forest,657,4,4,1,0,0.3861350887055742
development_oof,without_n_op,9,random_forest,662,0,4,0,0,0.36951416850575713
development_oof,without_n_op,9,random_forest,665,69,4,1,0,0.29957532195029873
development_oof,without_n_op,9,random_forest,666,44,4,0,0,0.3223690174963877
development_oof,without_n_op,9,random_forest,667,0,4,0,0,0.36020585309871433
development_oof,without_n_op,9,random_forest,671,321,4,1,0,0.3259663825212207
development_oof,without_n_op,9,random_forest,674,4,4,0,0,0.46308943974162997
development_oof,without_n_op,9,random_forest,683,142,4,0,1,0.5934585681221419
development_oof,without_n_op,9,random_forest,691,142,4,0,1,0.6766415115570397
development_oof,without_n_op,9,random_forest,692,0,4,0,0,0.40151741219898857
development_oof,without_n_op,9,random_forest,693,0,4,0,0,0.4213521995717537
development_oof,without_n_op,9,random_forest,699,0,4,0,0,0.3657581910265827
development_oof,without_n_op,9,random_forest,701,0,4,1,0,0.35818844189667476
development_oof,without_n_op,9,random_forest,704,313,4,0,0,0.27270262062874545
development_oof,without_n_op,9,random_forest,706,0,4,0,0,0.42942428559342205
development_oof,without_n_op,9,random_forest,715,4,4,1,0,0.4745376280020172
development_oof,without_n_op,9,random_forest,729,0,4,0,0,0.2804220732274516
development_oof,without_n_op,9,random_forest,731,60,4,0,0,0.22948883992775085
development_oof,without_n_op,9,random_forest,735,132,4,0,0,0.17338110377024893
development_oof,without_n_op,9,random_forest,737,85,4,1,0,0.17367020709679695
development_oof,without_n_op,9,random_forest,738,136,4,1,0,0.39723398394037446
development_oof,without_n_op,9,random_forest,740,44,4,0,0,0.26224536887217553
development_oof,without_n_op,9,random_forest,742,305,4,0,0,0.36868912788922753
development_oof,without_n_op,9,random_forest,745,0,4,0,0,0.2187694852961251
development_oof,without_n_op,9,random_forest,753,85,4,0,0,0.23383284851133054
development_oof,without_n_op,9,random_forest,761,44,4,0,0,0.4287865742269799
development_oof,without_n_op,9,random_forest,776,298,4,0,0,0.1107745166378094
development_oof,without_n_op,9,random_forest,794,0,4,0,0,0.4783965099553535
development_oof,without_n_op,9,random_forest,796,35,4,0,0,0.2378017476110934
development_oof,without_n_op,9,random_forest,800,132,4,0,0,0.24431963344928215
development_oof,without_n_op,9,random_forest,803,289,4,0,0,0.3519067140671986
development_oof,without_n_op,9,random_forest,818,283,4,0,0,0.1679852212132331
development_oof,without_n_op,9,random_forest,822,35,4,0,0,0.3796174436657758
development_oof,without_n_op,9,random_forest,839,82,4,0,0,0.03729042671750338
development_oof,without_n_op,9,random_forest,844,276,4,0,0,0.2784127092728901
development_oof,without_n_op,9,random_forest,855,270,4,0,0,0.23920548337618475
development_oof,without_n_op,9,random_forest,865,263,4,0,0,0.31359686853189006
development_oof,without_n_op,9,random_forest,867,60,4,0,1,0.5609911511228818
development_oof,without_n_op,9,random_forest,885,256,4,0,0,0.37678583533665094
development_oof,without_n_op,9,random_forest,888,254,4,1,0,0.14318775502358191
development_oof,without_n_op,9,random_forest,891,125,4,0,0,0.3163525875152687
development_oof,without_n_op,9,random_forest,902,122,4,1,0,0.45416612294206526
development_oof,without_n_op,9,random_forest,907,246,4,0,0,0.16950795058706578
development_oof,without_n_op,9,random_forest,918,242,4,0,0,0.2930641898191301
development_oof,without_n_op,9,random_forest,931,234,4,0,0,0.012904144967067842
development_oof,without_n_op,9,random_forest,949,224,4,0,0,0.10985226968017833
development_oof,without_n_op,9,random_forest,954,4,4,1,1,0.6722525121680518
development_oof,without_n_op,9,random_forest,968,214,4,1,0,0.3140889216383738
development_oof,without_n_op,9,random_forest,980,207,4,0,0,0.15629514827694121
development_oof,without_n_op,9,random_forest,981,206,4,0,0,0.2994954875857429
development_oof,without_n_op,9,random_forest,984,204,4,1,0,0.21150867595541734
development_oof,without_n_op,9,random_forest,991,0,4,0,0,0.39180052415365396
development_oof,without_n_op,9,random_forest,993,69,4,0,0,0.4731637166705205
development_oof,without_n_op,9,random_forest,995,112,4,0,0,0.3093107034768664
development_oof,without_n_op,9,random_forest,1016,190,4,1,0,0.3399955334767529
development_oof,without_n_op,9,random_forest,1024,4,4,1,0,0.467208383061479
development_oof,without_n_op,9,random_forest,1031,181,4,0,1,0.6166216425835227
development_oof,without_n_op,9,random_forest,1033,179,4,0,0,0.23183574044512048
development_oof,without_n_op,9,random_forest,5,31,5,1,1,0.62
development_oof,without_n_op,9,random_forest,6,61,5,0,0,0.02
development_oof,without_n_op,9,random_forest,15,458,5,1,0,0.39666666666666667
development_oof,without_n_op,9,random_forest,23,11,5,0,0,0.38333333333333336
development_oof,without_n_op,9,random_forest,26,11,5,0,0,0.22
development_oof,without_n_op,9,random_forest,41,451,5,0,0,0.12666666666666668
development_oof,without_n_op,9,random_forest,46,18,5,0,1,0.76
development_oof,without_n_op,9,random_forest,49,11,5,0,0,0.15
development_oof,without_n_op,9,random_forest,52,448,5,0,0,0.14
development_oof,without_n_op,9,random_forest,57,61,5,0,0,0.023333333333333334
development_oof,without_n_op,9,random_forest,58,11,5,0,0,0.11
development_oof,without_n_op,9,random_forest,59,11,5,0,0,0.44
development_oof,without_n_op,9,random_forest,76,11,5,0,0,0.36666666666666664
development_oof,without_n_op,9,random_forest,79,175,5,1,0,0.22666666666666666
development_oof,without_n_op,9,random_forest,85,17,5,1,0,0.33666666666666667
development_oof,without_n_op,9,random_forest,96,18,5,1,0,0.29333333333333333
development_oof,without_n_op,9,random_forest,98,438,5,0,0,0.013333333333333334
development_oof,without_n_op,9,random_forest,100,31,5,1,1,0.8733333333333333
development_oof,without_n_op,9,random_forest,105,437,5,1,0,0.25666666666666665
development_oof,without_n_op,9,random_forest,106,18,5,1,1,0.5933333333333334
development_oof,without_n_op,9,random_forest,111,106,5,0,0,0.15333333333333332
development_oof,without_n_op,9,random_forest,116,434,5,0,0,0.47
development_oof,without_n_op,9,random_forest,130,171,5,0,0,0.23
development_oof,without_n_op,9,random_forest,132,18,5,1,1,0.7466666666666667
development_oof,without_n_op,9,random_forest,141,106,5,0,0,0.48
development_oof,without_n_op,9,random_forest,149,106,5,0,0,0.14
development_oof,without_n_op,9,random_forest,150,55,5,1,0,0.43
development_oof,without_n_op,9,random_forest,152,429,5,0,0,0.17
development_oof,without_n_op,9,random_forest,161,427,5,0,0,0.38
development_oof,without_n_op,9,random_forest,163,18,5,1,1,0.5233333333333333
development_oof,without_n_op,9,random_forest,165,17,5,1,1,0.6433333333333333
development_oof,without_n_op,9,random_forest,167,18,5,1,1,0.71
development_oof,without_n_op,9,random_forest,172,423,5,0,1,0.7233333333333334
development_oof,without_n_op,9,random_forest,179,11,5,0,0,0.3566666666666667
development_oof,without_n_op,9,random_forest,182,31,5,1,1,0.5233333333333333
development_oof,without_n_op,9,random_forest,186,18,5,1,1,0.54
development_oof,without_n_op,9,random_forest,195,31,5,1,1,0.5766666666666667
development_oof,without_n_op,9,random_forest,208,31,5,1,1,0.6633333333333333
development_oof,without_n_op,9,random_forest,215,61,5,0,1,0.5266666666666666
development_oof,without_n_op,9,random_forest,219,418,5,0,0,0.17666666666666667
development_oof,without_n_op,9,random_forest,223,68,5,0,0,0.16666666666666666
development_oof,without_n_op,9,random_forest,225,55,5,1,1,0.54
development_oof,without_n_op,9,random_forest,231,417,5,0,0,0.05333333333333334
development_oof,without_n_op,9,random_forest,233,17,5,1,0,0.36333333333333334
development_oof,without_n_op,9,random_forest,255,410,5,0,0,0.04666666666666667
development_oof,without_n_op,9,random_forest,256,18,5,1,1,0.5466666666666666
development_oof,without_n_op,9,random_forest,259,409,5,0,0,0.14
development_oof,without_n_op,9,random_forest,261,25,5,1,0,0.36666666666666664
development_oof,without_n_op,9,random_forest,273,25,5,1,0,0.3333333333333333
development_oof,without_n_op,9,random_forest,276,17,5,1,0,0.30666666666666664
development_oof,without_n_op,9,random_forest,297,163,5,0,1,0.6633333333333333
development_oof,without_n_op,9,random_forest,298,405,5,0,0,0.25
development_oof,without_n_op,9,random_forest,316,100,5,0,0,0.44666666666666666
development_oof,without_n_op,9,random_forest,319,163,5,0,0,0.4033333333333333
development_oof,without_n_op,9,random_forest,326,157,5,1,1,0.7433333333333333
development_oof,without_n_op,9,random_forest,330,76,5,1,0,0.45
development_oof,without_n_op,9,random_forest,334,394,5,0,0,0.15333333333333332
development_oof,without_n_op,9,random_forest,336,55,5,1,0,0.36
development_oof,without_n_op,9,random_forest,338,17,5,1,0,0.46
development_oof,without_n_op,9,random_forest,339,11,5,0,0,0.27666666666666667
development_oof,without_n_op,9,random_forest,340,393,5,0,0,0.03666666666666667
development_oof,without_n_op,9,random_forest,343,17,5,1,1,0.6866666666666666
development_oof,without_n_op,9,random_forest,347,17,5,1,1,0.68
development_oof,without_n_op,9,random_forest,351,100,5,1,0,0.34
development_oof,without_n_op,9,random_forest,357,37,5,1,0,0.3233333333333333
development_oof,without_n_op,9,random_forest,364,25,5,1,0,0.4766666666666667
development_oof,without_n_op,9,random_forest,372,17,5,1,1,0.5433333333333333
development_oof,without_n_op,9,random_forest,377,386,5,0,0,0.0
development_oof,without_n_op,9,random_forest,381,76,5,0,0,0.43
development_oof,without_n_op,9,random_forest,397,11,5,0,0,0.2833333333333333
development_oof,without_n_op,9,random_forest,402,380,5,0,0,0.19666666666666666
development_oof,without_n_op,9,random_forest,435,374,5,0,0,0.09
development_oof,without_n_op,9,random_forest,436,25,5,1,0,0.3933333333333333
development_oof,without_n_op,9,random_forest,458,18,5,0,0,0.33666666666666667
development_oof,without_n_op,9,random_forest,459,25,5,1,0,0.4
development_oof,without_n_op,9,random_forest,468,370,5,0,0,0.13
development_oof,without_n_op,9,random_forest,479,368,5,0,0,0.16666666666666666
development_oof,without_n_op,9,random_forest,486,157,5,0,1,0.6
development_oof,without_n_op,9,random_forest,494,94,5,0,0,0.31
development_oof,without_n_op,9,random_forest,533,71,5,0,0,0.31333333333333335
development_oof,without_n_op,9,random_forest,536,71,5,0,0,0.4
development_oof,without_n_op,9,random_forest,549,355,5,0,0,0.44333333333333336
development_oof,without_n_op,9,random_forest,555,352,5,1,0,0.47
development_oof,without_n_op,9,random_forest,557,66,5,0,0,0.37
development_oof,without_n_op,9,random_forest,563,71,5,0,0,0.30666666666666664
development_oof,without_n_op,9,random_forest,575,115,5,0,0,0.32
development_oof,without_n_op,9,random_forest,579,114,5,1,0,0.23666666666666666
development_oof,without_n_op,9,random_forest,585,31,5,1,1,0.69
development_oof,without_n_op,9,random_forest,587,345,5,0,1,0.77
development_oof,without_n_op,9,random_forest,601,339,5,0,0,0.37
development_oof,without_n_op,9,random_forest,612,87,5,0,0,0.21333333333333335
development_oof,without_n_op,9,random_forest,620,68,5,0,0,0.04666666666666667
development_oof,without_n_op,9,random_forest,634,17,5,1,0,0.42333333333333334
development_oof,without_n_op,9,random_forest,635,68,5,1,0,0.28
development_oof,without_n_op,9,random_forest,640,146,5,0,0,0.03333333333333333
development_oof,without_n_op,9,random_forest,641,66,5,0,0,0.21333333333333335
development_oof,without_n_op,9,random_forest,643,330,5,0,0,0.08666666666666667
development_oof,without_n_op,9,random_forest,645,146,5,0,0,0.15333333333333332
development_oof,without_n_op,9,random_forest,656,326,5,0,0,0.30333333333333334
development_oof,without_n_op,9,random_forest,664,116,5,0,0,0.13333333333333333
development_oof,without_n_op,9,random_forest,675,71,5,0,0,0.44
development_oof,without_n_op,9,random_forest,682,317,5,0,0,0.3466666666666667
development_oof,without_n_op,9,random_forest,688,143,5,0,0,0.02
development_oof,without_n_op,9,random_forest,698,314,5,0,0,0.15333333333333332
development_oof,without_n_op,9,random_forest,711,45,5,0,0,0.2833333333333333
development_oof,without_n_op,9,random_forest,723,25,5,0,0,0.4066666666666667
development_oof,without_n_op,9,random_forest,725,45,5,1,1,0.5166666666666667
development_oof,without_n_op,9,random_forest,726,31,5,1,1,0.63
development_oof,without_n_op,9,random_forest,732,45,5,0,0,0.3433333333333333
development_oof,without_n_op,9,random_forest,736,137,5,0,1,0.5966666666666667
development_oof,without_n_op,9,random_forest,741,306,5,0,0,0.27
development_oof,without_n_op,9,random_forest,744,87,5,0,0,0.12666666666666668
development_oof,without_n_op,9,random_forest,749,11,5,0,0,0.043333333333333335
development_oof,without_n_op,9,random_forest,799,45,5,0,1,0.51
development_oof,without_n_op,9,random_forest,802,131,5,0,0,0.23333333333333334
development_oof,without_n_op,9,random_forest,816,284,5,0,0,0.18333333333333332
development_oof,without_n_op,9,random_forest,837,278,5,0,0,0.24
development_oof,without_n_op,9,random_forest,845,11,5,0,0,0.10333333333333333
development_oof,without_n_op,9,random_forest,857,268,5,0,0,0.12
development_oof,without_n_op,9,random_forest,858,61,5,0,1,0.5233333333333333
development_oof,without_n_op,9,random_forest,860,266,5,0,0,0.3
development_oof,without_n_op,9,random_forest,870,260,5,0,0,0.19666666666666666
development_oof,without_n_op,9,random_forest,900,249,5,0,0,0.37666666666666665
development_oof,without_n_op,9,random_forest,906,247,5,0,0,0.4266666666666667
development_oof,without_n_op,9,random_forest,915,25,5,1,0,0.23333333333333334
development_oof,without_n_op,9,random_forest,926,238,5,1,0,0.4866666666666667
development_oof,without_n_op,9,random_forest,939,229,5,1,0,0.23
development_oof,without_n_op,9,random_forest,948,225,5,1,0,0.38
development_oof,without_n_op,9,random_forest,958,220,5,0,0,0.31666666666666665
development_oof,without_n_op,9,random_forest,960,116,5,0,0,0.17
development_oof,without_n_op,9,random_forest,969,115,5,0,0,0.3233333333333333
development_oof,without_n_op,9,random_forest,971,212,5,1,1,0.7033333333333334
development_oof,without_n_op,9,random_forest,972,211,5,0,0,0.03
development_oof,without_n_op,9,random_forest,974,45,5,0,0,0.49
development_oof,without_n_op,9,random_forest,975,66,5,0,0,0.10333333333333333
development_oof,without_n_op,9,random_forest,979,114,5,0,0,0.16666666666666666
development_oof,without_n_op,9,random_forest,990,201,5,0,0,0.17
development_oof,without_n_op,9,random_forest,1008,76,5,0,0,0.2866666666666667
development_oof,without_n_op,9,random_forest,1010,194,5,0,1,0.5166666666666667
development_oof,without_n_op,9,random_forest,1015,191,5,1,0,0.21333333333333335
development_oof,without_n_op,9,random_forest,1027,185,5,1,0,0.34
development_oof,without_n_op,9,random_forest,1032,180,5,0,0,0.37333333333333335
development_oof,without_mollogp,9,logistic,3,108,1,0,0,0.2098669804196843
development_oof,without_mollogp,9,logistic,13,109,1,1,1,0.9396029035145522
development_oof,without_mollogp,9,logistic,22,456,1,0,0,0.4492030888048902
development_oof,without_mollogp,9,logistic,24,455,1,0,0,0.3097772604398982
development_oof,without_mollogp,9,logistic,25,12,1,1,0,0.28135511851534734
development_oof,without_mollogp,9,logistic,35,108,1,0,0,0.26118122965115415
development_oof,without_mollogp,9,logistic,43,6,1,0,0,0.38493393558768035
development_oof,without_mollogp,9,logistic,53,447,1,0,0,0.34208966599257673
development_oof,without_mollogp,9,logistic,65,168,1,1,1,0.9631435334358069
development_oof,without_mollogp,9,logistic,68,445,1,1,0,0.3244386834740513
development_oof,without_mollogp,9,logistic,70,166,1,0,0,0.20387626180329088
development_oof,without_mollogp,9,logistic,72,12,1,1,0,0.27257947629865625
development_oof,without_mollogp,9,logistic,75,108,1,0,0,0.2545588319631293
development_oof,without_mollogp,9,logistic,88,12,1,0,0,0.23605806733692694
development_oof,without_mollogp,9,logistic,89,6,1,0,0,0.3646764069633514
development_oof,without_mollogp,9,logistic,110,41,1,0,0,0.13284813989579863
development_oof,without_mollogp,9,logistic,129,58,1,1,1,0.924511278501782
development_oof,without_mollogp,9,logistic,133,432,1,1,1,0.9797785689593543
development_oof,without_mollogp,9,logistic,144,41,1,0,0,0.24919891053172033
development_oof,without_mollogp,9,logistic,153,41,1,0,0,0.3423730714256012
development_oof,without_mollogp,9,logistic,155,41,1,0,0,0.1576899178757769
development_oof,without_mollogp,9,logistic,168,424,1,0,0,0.38394013686963885
development_oof,without_mollogp,9,logistic,171,41,1,1,0,0.3095993001457557
development_oof,without_mollogp,9,logistic,197,168,1,1,1,0.9676393461362596
development_oof,without_mollogp,9,logistic,205,41,1,0,0,0.31386546926580533
development_oof,without_mollogp,9,logistic,209,420,1,1,1,0.9717827518083065
development_oof,without_mollogp,9,logistic,232,6,1,0,0,0.3664545645430527
development_oof,without_mollogp,9,logistic,237,117,1,0,0,0.42496471468161207
development_oof,without_mollogp,9,logistic,243,414,1,0,0,0.21785638092655613
development_oof,without_mollogp,9,logistic,250,166,1,0,0,0.09602978846177217
development_oof,without_mollogp,9,logistic,270,12,1,1,0,0.3390435142154283
development_oof,without_mollogp,9,logistic,272,19,1,0,0,0.17991133611922427
development_oof,without_mollogp,9,logistic,282,406,1,1,1,0.9662369073734046
development_oof,without_mollogp,9,logistic,289,6,1,0,0,0.3278606820745413
development_oof,without_mollogp,9,logistic,303,12,1,1,0,0.2404455846127877
development_oof,without_mollogp,9,logistic,305,402,1,0,0,0.3605059437233026
development_oof,without_mollogp,9,logistic,306,101,1,1,0,0.40127833341076746
development_oof,without_mollogp,9,logistic,307,12,1,1,0,0.28780792125833654
development_oof,without_mollogp,9,logistic,314,398,1,0,0,0.3047583749971685
development_oof,without_mollogp,9,logistic,318,127,1,1,0,0.037802163548858056
development_oof,without_mollogp,9,logistic,328,395,1,1,0,0.38876703235249477
development_oof,without_mollogp,9,logistic,345,73,1,0,1,0.9505210558034353
development_oof,without_mollogp,9,logistic,346,12,1,1,0,0.31411054165369257
development_oof,without_mollogp,9,logistic,350,12,1,0,0,0.39862142736722045
development_oof,without_mollogp,9,logistic,362,36,1,0,0,0.21799264911500915
development_oof,without_mollogp,9,logistic,366,79,1,1,0,0.2932803693206235
development_oof,without_mollogp,9,logistic,367,79,1,1,0,0.3755952345907373
development_oof,without_mollogp,9,logistic,368,387,1,0,0,0.3882400499688411
development_oof,without_mollogp,9,logistic,383,12,1,1,0,0.25947005064838896
development_oof,without_mollogp,9,logistic,390,381,1,0,0,0.25759457787068535
development_oof,without_mollogp,9,logistic,411,6,1,0,0,0.3974014723713177
development_oof,without_mollogp,9,logistic,415,12,1,1,0,0.2955996764017211
development_oof,without_mollogp,9,logistic,418,6,1,0,0,0.4219584783408917
development_oof,without_mollogp,9,logistic,427,6,1,0,0,0.4038096495095207
development_oof,without_mollogp,9,logistic,432,375,1,0,0,0.4946528428919391
development_oof,without_mollogp,9,logistic,433,58,1,1,1,0.8274802410959369
development_oof,without_mollogp,9,logistic,445,95,1,0,0,0.4043003733329233
development_oof,without_mollogp,9,logistic,452,73,1,1,1,0.9624207359059331
development_oof,without_mollogp,9,logistic,467,6,1,0,0,0.41498388079280285
development_oof,without_mollogp,9,logistic,476,95,1,0,0,0.4071910658886066
development_oof,without_mollogp,9,logistic,478,6,1,0,0,0.3642993101661293
development_oof,without_mollogp,9,logistic,488,26,1,1,0,0.30906613151735507
development_oof,without_mollogp,9,logistic,507,26,1,0,0,0.27444458658901916
development_oof,without_mollogp,9,logistic,509,362,1,0,0,0.2927020628030445
development_oof,without_mollogp,9,logistic,512,361,1,0,0,0.35219336956102343
development_oof,without_mollogp,9,logistic,521,26,1,0,0,0.2909604230238829
development_oof,without_mollogp,9,logistic,530,358,1,1,0,0.3387198893570794
development_oof,without_mollogp,9,logistic,531,6,1,0,0,0.3529354735945479
development_oof,without_mollogp,9,logistic,532,26,1,0,0,0.4133570975513109
development_oof,without_mollogp,9,logistic,534,26,1,0,0,0.2622397736453716
development_oof,without_mollogp,9,logistic,552,6,1,0,0,0.36081560424305
development_oof,without_mollogp,9,logistic,564,47,1,1,0,0.23115429642759525
development_oof,without_mollogp,9,logistic,573,350,1,0,1,0.5187892478001068
development_oof,without_mollogp,9,logistic,576,349,1,0,0,0.46399167622699705
development_oof,without_mollogp,9,logistic,578,26,1,0,0,0.2842853819527719
development_oof,without_mollogp,9,logistic,590,152,1,0,0,0.053343552243642345
development_oof,without_mollogp,9,logistic,591,343,1,0,1,0.5248089774356236
development_oof,without_mollogp,9,logistic,630,67,1,0,1,0.520398843218711
development_oof,without_mollogp,9,logistic,637,47,1,1,0,0.2441518905394875
development_oof,without_mollogp,9,logistic,639,332,1,0,1,0.5580582571818741
development_oof,without_mollogp,9,logistic,642,331,1,0,0,0.4385713350070895
development_oof,without_mollogp,9,logistic,644,47,1,1,0,0.32064902351631047
development_oof,without_mollogp,9,logistic,650,88,1,0,0,0.3545334273482867
development_oof,without_mollogp,9,logistic,651,67,1,0,0,0.4827766749059169
development_oof,without_mollogp,9,logistic,654,327,1,0,1,0.5774482440353701
development_oof,without_mollogp,9,logistic,673,320,1,0,0,0.34755471965555873
development_oof,without_mollogp,9,logistic,676,6,1,0,0,0.3786426852809974
development_oof,without_mollogp,9,logistic,679,6,1,0,0,0.3886269828240684
development_oof,without_mollogp,9,logistic,680,145,1,0,0,0.42231274422028126
development_oof,without_mollogp,9,logistic,695,47,1,1,0,0.17712010020631505
development_oof,without_mollogp,9,logistic,708,310,1,0,1,0.6295869034256959
development_oof,without_mollogp,9,logistic,709,88,1,0,0,0.321880269145249
development_oof,without_mollogp,9,logistic,713,139,1,0,0,0.2834098020239245
development_oof,without_mollogp,9,logistic,721,139,1,1,0,0.19720168868158816
development_oof,without_mollogp,9,logistic,722,307,1,0,0,0.40932108053352645
development_oof,without_mollogp,9,logistic,727,32,1,0,1,0.5082753233607583
development_oof,without_mollogp,9,logistic,734,12,1,1,0,0.28470745631905114
development_oof,without_mollogp,9,logistic,748,64,1,0,1,0.5368171044451716
development_oof,without_mollogp,9,logistic,763,301,1,0,0,0.3661295340921008
development_oof,without_mollogp,9,logistic,771,43,1,0,0,0.46174869750946695
development_oof,without_mollogp,9,logistic,773,58,1,1,1,0.9204518488468018
development_oof,without_mollogp,9,logistic,775,134,1,0,1,0.963076315037285
development_oof,without_mollogp,9,logistic,779,43,1,0,0,0.48293999137063554
development_oof,without_mollogp,9,logistic,782,43,1,0,0,0.40268200569814394
development_oof,without_mollogp,9,logistic,783,296,1,0,1,0.5862916838812645
development_oof,without_mollogp,9,logistic,784,43,1,1,0,0.3764063702863094
development_oof,without_mollogp,9,logistic,788,295,1,1,1,0.5216187248635851
development_oof,without_mollogp,9,logistic,795,110,1,1,1,0.9201803617295364
development_oof,without_mollogp,9,logistic,797,43,1,0,1,0.5357953334892501
development_oof,without_mollogp,9,logistic,812,285,1,0,1,0.6191017097594298
development_oof,without_mollogp,9,logistic,814,88,1,0,0,0.36338806559254333
development_oof,without_mollogp,9,logistic,836,279,1,1,0,0.13193310607261555
development_oof,without_mollogp,9,logistic,853,272,1,0,0,0.3782311998541876
development_oof,without_mollogp,9,logistic,868,261,1,0,0,0.346511410939794
development_oof,without_mollogp,9,logistic,886,255,1,0,0,0.25570855966766404
development_oof,without_mollogp,9,logistic,889,127,1,0,0,0.05410377672224541
development_oof,without_mollogp,9,logistic,892,26,1,0,0,0.25321751223447686
development_oof,without_mollogp,9,logistic,903,248,1,0,0,0.1786233962401101
development_oof,without_mollogp,9,logistic,909,245,1,0,0,0.374121477159351
development_oof,without_mollogp,9,logistic,912,19,1,0,0,0.17156480600549082
development_oof,without_mollogp,9,logistic,924,239,1,0,0,0.2557705121379539
development_oof,without_mollogp,9,logistic,929,67,1,0,1,0.5310125093102661
development_oof,without_mollogp,9,logistic,937,230,1,0,0,0.45629110202054113
development_oof,without_mollogp,9,logistic,938,79,1,0,0,0.3224302385843863
development_oof,without_mollogp,9,logistic,944,58,1,1,1,0.832298129956816
development_oof,without_mollogp,9,logistic,956,222,1,0,1,0.5250402360051009
development_oof,without_mollogp,9,logistic,959,117,1,0,0,0.36998539340370734
development_oof,without_mollogp,9,logistic,961,219,1,0,0,0.42843364524450706
development_oof,without_mollogp,9,logistic,970,213,1,0,0,0.35732770552272985
development_oof,without_mollogp,9,logistic,983,205,1,1,0,0.3215090884038922
development_oof,without_mollogp,9,logistic,989,47,1,0,0,0.39401777894958895
development_oof,without_mollogp,9,logistic,992,200,1,0,0,0.22084582986375373
development_oof,without_mollogp,9,logistic,997,6,1,0,0,0.43710192320830155
development_oof,without_mollogp,9,logistic,1007,195,1,0,0,0.41759166903497646
development_oof,without_mollogp,9,logistic,1011,110,1,1,1,0.9273412352463246
development_oof,without_mollogp,9,logistic,1023,187,1,0,1,0.708007402711473
development_oof,without_mollogp,9,logistic,1034,178,1,0,0,0.053909041528630644
development_oof,without_mollogp,9,logistic,2,460,2,0,0,0.28459941699619884
development_oof,without_mollogp,9,logistic,8,107,2,0,0,0.36722590261433796
development_oof,without_mollogp,9,logistic,18,56,2,1,1,0.9631566896038599
development_oof,without_mollogp,9,logistic,33,452,2,0,0,0.31633923599850683
development_oof,without_mollogp,9,logistic,34,23,2,0,0,0.27505469438142816
development_oof,without_mollogp,9,logistic,37,177,2,0,0,0.38479293496807526
development_oof,without_mollogp,9,logistic,50,40,2,1,1,0.99916075975707
development_oof,without_mollogp,9,logistic,51,75,2,1,0,0.39927361872317046
development_oof,without_mollogp,9,logistic,55,107,2,0,0,0.4032395513944383
development_oof,without_mollogp,9,logistic,67,446,2,0,0,0.3429097174459152
development_oof,without_mollogp,9,logistic,81,441,2,0,0,0.3636694983120603
development_oof,without_mollogp,9,logistic,97,30,2,1,0,0.33509660103118255
development_oof,without_mollogp,9,logistic,108,436,2,0,0,0.24945601989254151
development_oof,without_mollogp,9,logistic,114,173,2,0,0,0.23477674068513213
development_oof,without_mollogp,9,logistic,115,2,2,1,0,0.2940206635513786
development_oof,without_mollogp,9,logistic,118,172,2,0,0,0.2547631322216013
development_oof,without_mollogp,9,logistic,140,40,2,0,1,0.9376879797459688
development_oof,without_mollogp,9,logistic,166,425,2,0,0,0.269997922467116
development_oof,without_mollogp,9,logistic,177,40,2,1,1,0.94503082697098
development_oof,without_mollogp,9,logistic,216,167,2,1,0,0.3878034020898695
development_oof,without_mollogp,9,logistic,229,30,2,1,0,0.3977099004745685
development_oof,without_mollogp,9,logistic,235,30,2,1,0,0.3705046878169189
development_oof,without_mollogp,9,logistic,240,167,2,1,0,0.35374864445518067
development_oof,without_mollogp,9,logistic,241,23,2,0,0,0.275341352993883
development_oof,without_mollogp,9,logistic,246,56,2,1,1,0.9692544050084424
development_oof,without_mollogp,9,logistic,249,124,2,0,1,0.6477544630166874
development_oof,without_mollogp,9,logistic,251,30,2,1,0,0.34206357011726257
development_oof,without_mollogp,9,logistic,253,412,2,0,0,0.35649426269835593
development_oof,without_mollogp,9,logistic,254,411,2,1,1,0.7130009164701425
development_oof,without_mollogp,9,logistic,262,98,2,1,1,0.9776477511823656
development_oof,without_mollogp,9,logistic,265,75,2,0,1,0.618352584341929
development_oof,without_mollogp,9,logistic,275,56,2,1,1,0.9629017487738952
development_oof,without_mollogp,9,logistic,281,30,2,1,0,0.3680525833562006
development_oof,without_mollogp,9,logistic,283,56,2,1,1,0.970748826928657
development_oof,without_mollogp,9,logistic,291,98,2,1,1,0.9822001258661981
development_oof,without_mollogp,9,logistic,301,403,2,0,0,0.23407350871182703
development_oof,without_mollogp,9,logistic,325,396,2,0,0,0.4144977685655106
development_oof,without_mollogp,9,logistic,344,23,2,1,0,0.27577666721967325
development_oof,without_mollogp,9,logistic,359,23,2,0,0,0.2907772578296024
development_oof,without_mollogp,9,logistic,365,388,2,0,0,0.35494689744614943
development_oof,without_mollogp,9,logistic,378,23,2,0,0,0.2937356176700668
development_oof,without_mollogp,9,logistic,389,382,2,0,0,0.3004246032960734
development_oof,without_mollogp,9,logistic,408,98,2,1,1,0.9762165546476829
development_oof,without_mollogp,9,logistic,413,62,2,1,0,0.37247033484653813
development_oof,without_mollogp,9,logistic,425,23,2,0,0,0.2584103262321558
development_oof,without_mollogp,9,logistic,426,377,2,0,1,0.8003698398732478
development_oof,without_mollogp,9,logistic,439,156,2,1,0,0.4813559851150204
development_oof,without_mollogp,9,logistic,461,371,2,1,1,0.6380443070457366
development_oof,without_mollogp,9,logistic,487,156,2,0,1,0.5272315089984464
development_oof,without_mollogp,9,logistic,505,81,2,1,0,0.4656011317181365
development_oof,without_mollogp,9,logistic,514,360,2,1,0,0.414344400452993
development_oof,without_mollogp,9,logistic,515,150,2,0,0,0.3041709234662136
development_oof,without_mollogp,9,logistic,523,2,2,1,0,0.22925144683339452
development_oof,without_mollogp,9,logistic,526,23,2,0,0,0.3432294608580014
development_oof,without_mollogp,9,logistic,541,113,2,0,0,0.3421235746123725
development_oof,without_mollogp,9,logistic,551,353,2,0,0,0.3115846724818648
development_oof,without_mollogp,9,logistic,584,46,2,0,0,0.32554803565149226
development_oof,without_mollogp,9,logistic,586,346,2,0,1,0.7601551045631327
development_oof,without_mollogp,9,logistic,589,153,2,1,1,0.9620292456462319
development_oof,without_mollogp,9,logistic,593,90,2,0,0,0.3527917900882856
development_oof,without_mollogp,9,logistic,598,90,2,0,0,0.3747500780834142
development_oof,without_mollogp,9,logistic,599,340,2,0,0,0.4780917664443856
development_oof,without_mollogp,9,logistic,603,40,2,1,1,0.9554017182762106
development_oof,without_mollogp,9,logistic,609,7,2,0,0,0.33952756179111077
development_oof,without_mollogp,9,logistic,623,150,2,0,0,0.2756024438678066
development_oof,without_mollogp,9,logistic,624,149,2,1,0,0.3189877480336353
development_oof,without_mollogp,9,logistic,636,334,2,1,0,0.39936146809055095
development_oof,without_mollogp,9,logistic,661,90,2,0,0,0.33691447514515555
development_oof,without_mollogp,9,logistic,670,322,2,0,0,0.49522634572098234
development_oof,without_mollogp,9,logistic,677,319,2,0,0,0.37281951624398013
development_oof,without_mollogp,9,logistic,707,311,2,0,0,0.33498314143584085
development_oof,without_mollogp,9,logistic,710,75,2,1,0,0.3015692102854287
development_oof,without_mollogp,9,logistic,716,309,2,0,0,0.4169463496854836
development_oof,without_mollogp,9,logistic,762,302,2,0,1,0.5773582609209874
development_oof,without_mollogp,9,logistic,766,130,2,0,0,0.44826624095261974
development_oof,without_mollogp,9,logistic,777,297,2,0,0,0.2951552559908099
development_oof,without_mollogp,9,logistic,790,62,2,1,0,0.43310229753365137
development_oof,without_mollogp,9,logistic,791,294,2,0,0,0.2648494959249293
development_oof,without_mollogp,9,logistic,793,292,2,1,0,0.3743424594442361
development_oof,without_mollogp,9,logistic,810,286,2,0,0,0.2657355632908221
development_oof,without_mollogp,9,logistic,819,130,2,1,0,0.4172500413982218
development_oof,without_mollogp,9,logistic,825,83,2,0,0,0.4165008818951972
development_oof,without_mollogp,9,logistic,831,281,2,0,0,0.3434793664085354
development_oof,without_mollogp,9,logistic,842,277,2,0,1,0.6995076995990029
development_oof,without_mollogp,9,logistic,850,273,2,0,0,0.21212563589653646
development_oof,without_mollogp,9,logistic,859,267,2,0,0,0.3247629082398866
development_oof,without_mollogp,9,logistic,863,81,2,1,0,0.43876430683233253
development_oof,without_mollogp,9,logistic,884,257,2,0,0,0.45141075283311766
development_oof,without_mollogp,9,logistic,895,124,2,0,1,0.6224190602905944
development_oof,without_mollogp,9,logistic,896,251,2,0,0,0.2618767041465824
development_oof,without_mollogp,9,logistic,914,56,2,1,1,0.9618801294133495
development_oof,without_mollogp,9,logistic,922,240,2,0,0,0.2525833396549869
development_oof,without_mollogp,9,logistic,923,23,2,0,0,0.19138585729042965
development_oof,without_mollogp,9,logistic,933,232,2,0,0,0.320487231256697
development_oof,without_mollogp,9,logistic,947,226,2,0,0,0.4591306060575913
development_oof,without_mollogp,9,logistic,951,223,2,0,0,0.3996429434292877
development_oof,without_mollogp,9,logistic,953,119,2,0,0,0.315421102208335
development_oof,without_mollogp,9,logistic,965,216,2,0,0,0.4794997518394554
development_oof,without_mollogp,9,logistic,976,209,2,0,0,0.3019475678075113
development_oof,without_mollogp,9,logistic,986,113,2,0,0,0.30688555583957233
development_oof,without_mollogp,9,logistic,1001,107,2,0,1,0.526208659246636
development_oof,without_mollogp,9,logistic,1005,196,2,0,0,0.4584895769755285
development_oof,without_mollogp,9,logistic,1020,188,2,0,1,0.8617592670691345
development_oof,without_mollogp,9,logistic,1026,186,2,1,1,0.5147468991850408
development_oof,without_mollogp,9,logistic,1030,182,2,0,0,0.32801089316857696
development_oof,without_mollogp,9,logistic,20,3,3,0,0,0.3943165754786538
development_oof,without_mollogp,9,logistic,29,453,3,0,0,0.376760800518051
development_oof,without_mollogp,9,logistic,31,3,3,0,0,0.38178919842094594
development_oof,without_mollogp,9,logistic,36,80,3,0,0,0.4043448366029219
development_oof,without_mollogp,9,logistic,39,42,3,0,0,0.34921853208119236
development_oof,without_mollogp,9,logistic,42,3,3,0,0,0.41174733685428044
development_oof,without_mollogp,9,logistic,78,443,3,1,1,0.9577618012937822
development_oof,without_mollogp,9,logistic,87,439,3,0,0,0.2182167161803156
development_oof,without_mollogp,9,logistic,92,27,3,1,0,0.34731109772310365
development_oof,without_mollogp,9,logistic,93,165,3,0,0,0.3904713263869995
development_oof,without_mollogp,9,logistic,101,27,3,0,0,0.36363708876526146
development_oof,without_mollogp,9,logistic,125,111,3,0,0,0.4806697758876229
development_oof,without_mollogp,9,logistic,145,430,3,0,1,0.5020653958256048
development_oof,without_mollogp,9,logistic,146,59,3,1,1,0.5087754229453392
development_oof,without_mollogp,9,logistic,147,16,3,0,0,0.42330440846998896
development_oof,without_mollogp,9,logistic,148,59,3,1,1,0.5090869591755652
development_oof,without_mollogp,9,logistic,154,59,3,1,1,0.5691644573188889
development_oof,without_mollogp,9,logistic,158,428,3,0,0,0.35966754884266033
development_oof,without_mollogp,9,logistic,173,52,3,0,0,0.26420283736189765
development_oof,without_mollogp,9,logistic,175,38,3,1,1,0.9570816532811937
development_oof,without_mollogp,9,logistic,176,3,3,0,0,0.3827260573784434
development_oof,without_mollogp,9,logistic,192,8,3,0,0,0.25312840855966307
development_oof,without_mollogp,9,logistic,196,8,3,0,0,0.29630935205662495
development_oof,without_mollogp,9,logistic,202,421,3,0,0,0.35034945033575154
development_oof,without_mollogp,9,logistic,211,8,3,0,0,0.2902352460507727
development_oof,without_mollogp,9,logistic,217,8,3,0,0,0.24146429518261303
development_oof,without_mollogp,9,logistic,218,8,3,0,0,0.2699767769755401
development_oof,without_mollogp,9,logistic,220,8,3,0,0,0.27779927472516475
development_oof,without_mollogp,9,logistic,226,8,3,0,0,0.31390584305953456
development_oof,without_mollogp,9,logistic,227,38,3,1,1,0.9370228170772923
development_oof,without_mollogp,9,logistic,230,121,3,1,1,0.7045694817101114
development_oof,without_mollogp,9,logistic,238,415,3,0,0,0.24257910866649696
development_oof,without_mollogp,9,logistic,239,3,3,0,0,0.41503807900679796
development_oof,without_mollogp,9,logistic,242,52,3,1,1,0.9489591892648175
development_oof,without_mollogp,9,logistic,252,3,3,0,0,0.35906704963343017
development_oof,without_mollogp,9,logistic,257,80,3,0,0,0.49386068902413466
development_oof,without_mollogp,9,logistic,266,103,3,1,1,0.9598981405445496
development_oof,without_mollogp,9,logistic,268,8,3,0,0,0.32098409360036245
development_oof,without_mollogp,9,logistic,271,165,3,0,0,0.3501593346594068
development_oof,without_mollogp,9,logistic,278,407,3,0,0,0.47108291222719145
development_oof,without_mollogp,9,logistic,279,3,3,0,0,0.4548741102662236
development_oof,without_mollogp,9,logistic,284,38,3,1,1,0.9275005864586583
development_oof,without_mollogp,9,logistic,285,3,3,0,0,0.36797227971124613
development_oof,without_mollogp,9,logistic,286,3,3,0,0,0.41846861127633056
development_oof,without_mollogp,9,logistic,287,158,3,0,0,0.343578837375072
development_oof,without_mollogp,9,logistic,290,164,3,1,1,0.940279714047511
development_oof,without_mollogp,9,logistic,300,404,3,1,1,0.9299665146486406
development_oof,without_mollogp,9,logistic,309,22,3,0,0,0.28585753589242047
development_oof,without_mollogp,9,logistic,320,38,3,1,1,0.9563440599939651
development_oof,without_mollogp,9,logistic,321,397,3,0,0,0.36847793053946026
development_oof,without_mollogp,9,logistic,323,3,3,0,0,0.4071863305821217
development_oof,without_mollogp,9,logistic,327,3,3,0,0,0.35318874866612493
development_oof,without_mollogp,9,logistic,332,38,3,1,1,0.9377293057021198
development_oof,without_mollogp,9,logistic,333,8,3,0,0,0.3037947320092223
development_oof,without_mollogp,9,logistic,341,135,3,1,1,0.8350000467429332
development_oof,without_mollogp,9,logistic,348,3,3,0,0,0.4003754540645221
development_oof,without_mollogp,9,logistic,349,22,3,1,0,0.20879932574357168
development_oof,without_mollogp,9,logistic,353,3,3,1,0,0.29911015352774195
development_oof,without_mollogp,9,logistic,354,391,3,1,0,0.3527119441052352
development_oof,without_mollogp,9,logistic,356,390,3,0,1,0.5222291067551597
development_oof,without_mollogp,9,logistic,363,22,3,0,0,0.23091568481512112
development_oof,without_mollogp,9,logistic,370,8,3,0,0,0.2889455973911508
development_oof,without_mollogp,9,logistic,387,383,3,1,0,0.4641889103338304
development_oof,without_mollogp,9,logistic,406,78,3,0,0,0.45784757195741815
development_oof,without_mollogp,9,logistic,412,3,3,0,0,0.3826193251385315
development_oof,without_mollogp,9,logistic,414,3,3,0,0,0.4056152927876313
development_oof,without_mollogp,9,logistic,416,378,3,0,0,0.30155302970653763
development_oof,without_mollogp,9,logistic,417,22,3,0,0,0.3193367438557434
development_oof,without_mollogp,9,logistic,419,154,3,1,1,0.9619524190363161
development_oof,without_mollogp,9,logistic,421,27,3,0,0,0.37073342568688566
development_oof,without_mollogp,9,logistic,424,27,3,0,0,0.3713420200387132
development_oof,without_mollogp,9,logistic,437,158,3,0,0,0.36899479092467774
development_oof,without_mollogp,9,logistic,438,96,3,1,0,0.3675773836007888
development_oof,without_mollogp,9,logistic,441,27,3,1,0,0.3670522586197794
development_oof,without_mollogp,9,logistic,443,372,3,0,0,0.32295417068268817
development_oof,without_mollogp,9,logistic,448,13,3,0,0,0.41420298985063214
development_oof,without_mollogp,9,logistic,450,3,3,0,0,0.4462689655264345
development_oof,without_mollogp,9,logistic,451,3,3,0,0,0.45666315047881445
development_oof,without_mollogp,9,logistic,456,78,3,0,1,0.5337797651262571
development_oof,without_mollogp,9,logistic,469,8,3,0,0,0.29400496035504153
development_oof,without_mollogp,9,logistic,473,22,3,0,0,0.2411722831709961
development_oof,without_mollogp,9,logistic,483,27,3,0,0,0.40275771962571516
development_oof,without_mollogp,9,logistic,490,364,3,0,0,0.36031462301984957
development_oof,without_mollogp,9,logistic,511,129,3,0,0,0.406350684386873
development_oof,without_mollogp,9,logistic,522,154,3,1,1,0.943867946176911
development_oof,without_mollogp,9,logistic,544,63,3,1,0,0.4918155405351266
development_oof,without_mollogp,9,logistic,547,77,3,0,0,0.2977261052681737
development_oof,without_mollogp,9,logistic,550,354,3,0,0,0.4789475094972359
development_oof,without_mollogp,9,logistic,556,13,3,0,0,0.4484784254621187
development_oof,without_mollogp,9,logistic,567,13,3,0,0,0.49090754259057967
development_oof,without_mollogp,9,logistic,580,348,3,1,0,0.40691745873549356
development_oof,without_mollogp,9,logistic,597,341,3,0,0,0.21082061453111725
development_oof,without_mollogp,9,logistic,606,337,3,0,0,0.33327514799105634
development_oof,without_mollogp,9,logistic,628,147,3,0,0,0.2857391780608592
development_oof,without_mollogp,9,logistic,632,77,3,0,0,0.3247598405581844
development_oof,without_mollogp,9,logistic,649,89,3,0,0,0.42729163466385767
development_oof,without_mollogp,9,logistic,652,328,3,0,0,0.39915348933496203
development_oof,without_mollogp,9,logistic,681,318,3,0,0,0.44497497419858106
development_oof,without_mollogp,9,logistic,685,33,3,0,0,0.33552799978454545
development_oof,without_mollogp,9,logistic,686,144,3,1,0,0.3453390327377957
development_oof,without_mollogp,9,logistic,690,315,3,0,0,0.4908677805131732
development_oof,without_mollogp,9,logistic,694,33,3,0,0,0.3216202731397939
development_oof,without_mollogp,9,logistic,696,89,3,0,0,0.43838741903636363
development_oof,without_mollogp,9,logistic,717,140,3,0,1,0.5036048370577815
development_oof,without_mollogp,9,logistic,718,308,3,0,0,0.28987614024110686
development_oof,without_mollogp,9,logistic,743,13,3,0,0,0.44591040048879094
development_oof,without_mollogp,9,logistic,756,303,3,0,0,0.3355403320277826
development_oof,without_mollogp,9,logistic,767,63,3,1,0,0.4507649128747401
development_oof,without_mollogp,9,logistic,768,300,3,0,1,0.9476553808366677
development_oof,without_mollogp,9,logistic,769,135,3,0,1,0.8442527407257244
development_oof,without_mollogp,9,logistic,801,290,3,0,0,0.2333842132417334
development_oof,without_mollogp,9,logistic,805,63,3,1,1,0.6137804669622097
development_oof,without_mollogp,9,logistic,807,288,3,0,0,0.3971905147809822
development_oof,without_mollogp,9,logistic,808,33,3,0,0,0.34235015710985894
development_oof,without_mollogp,9,logistic,813,33,3,0,0,0.3700823510016387
development_oof,without_mollogp,9,logistic,821,282,3,0,0,0.4890771811744933
development_oof,without_mollogp,9,logistic,827,129,3,0,0,0.4247406985105455
development_oof,without_mollogp,9,logistic,847,274,3,0,0,0.2777876341893005
development_oof,without_mollogp,9,logistic,854,271,3,0,1,0.5006306707983649
development_oof,without_mollogp,9,logistic,864,264,3,0,0,0.2559712643179939
development_oof,without_mollogp,9,logistic,866,262,3,0,0,0.41009527531992307
development_oof,without_mollogp,9,logistic,869,80,3,0,0,0.454749595211423
development_oof,without_mollogp,9,logistic,881,259,3,0,0,0.47400934912624004
development_oof,without_mollogp,9,logistic,883,59,3,1,1,0.5459865242343923
development_oof,without_mollogp,9,logistic,893,253,3,0,0,0.21999855757025022
development_oof,without_mollogp,9,logistic,899,123,3,1,1,0.9633377141853438
development_oof,without_mollogp,9,logistic,904,52,3,1,1,0.9058747693786751
development_oof,without_mollogp,9,logistic,913,121,3,1,1,0.6921461726621821
development_oof,without_mollogp,9,logistic,917,243,3,1,0,0.422652152761871
development_oof,without_mollogp,9,logistic,920,241,3,0,0,0.37572180009074757
development_oof,without_mollogp,9,logistic,921,16,3,0,0,0.41989963431632243
development_oof,without_mollogp,9,logistic,930,235,3,1,1,0.5253119005060407
development_oof,without_mollogp,9,logistic,935,231,3,0,0,0.3786872396271498
development_oof,without_mollogp,9,logistic,940,78,3,0,0,0.47437792365358283
development_oof,without_mollogp,9,logistic,945,227,3,0,0,0.3362773473227415
development_oof,without_mollogp,9,logistic,962,218,3,0,0,0.43752315398159664
development_oof,without_mollogp,9,logistic,963,217,3,0,0,0.3272002158713821
development_oof,without_mollogp,9,logistic,973,210,3,0,0,0.39503887788211767
development_oof,without_mollogp,9,logistic,982,77,3,0,0,0.3616122395087223
development_oof,without_mollogp,9,logistic,988,202,3,1,0,0.31994332453847
development_oof,without_mollogp,9,logistic,998,198,3,0,1,0.546066302418475
development_oof,without_mollogp,9,logistic,1002,197,3,0,0,0.4089373146417523
development_oof,without_mollogp,9,logistic,1006,111,3,0,0,0.3392561273553926
development_oof,without_mollogp,9,logistic,1017,189,3,0,0,0.3529764584723174
development_oof,without_mollogp,9,logistic,1025,63,3,1,0,0.31477075645325464
development_oof,without_mollogp,9,logistic,1028,184,3,0,0,0.36730124600153863
development_oof,without_mollogp,9,logistic,1029,183,3,0,0,0.35699100698774827
development_oof,without_mollogp,9,logistic,16,93,4,1,1,0.9470149645379752
development_oof,without_mollogp,9,logistic,19,457,4,0,0,0.41121992840573324
development_oof,without_mollogp,9,logistic,27,53,4,0,0,0.3934109343005066
development_oof,without_mollogp,9,logistic,44,450,4,0,0,0.23824584409027033
development_oof,without_mollogp,9,logistic,60,4,4,1,0,0.484178075045709
development_oof,without_mollogp,9,logistic,62,82,4,0,0,0.2941771834539127
development_oof,without_mollogp,9,logistic,66,82,4,1,0,0.3155816978401384
development_oof,without_mollogp,9,logistic,69,444,4,0,0,0.2409219462257226
development_oof,without_mollogp,9,logistic,83,60,4,1,0,0.41727386020914686
development_oof,without_mollogp,9,logistic,84,9,4,1,1,0.9975292055606291
development_oof,without_mollogp,9,logistic,86,174,4,1,1,0.9230167949499608
development_oof,without_mollogp,9,logistic,90,9,4,1,1,0.9400149390080252
development_oof,without_mollogp,9,logistic,95,161,4,0,0,0.29717251447630333
development_oof,without_mollogp,9,logistic,102,15,4,0,0,0.37789850471733893
development_oof,without_mollogp,9,logistic,112,9,4,1,1,0.9241150921211742
development_oof,without_mollogp,9,logistic,117,433,4,0,0,0.27925032674164546
development_oof,without_mollogp,9,logistic,119,0,4,0,0,0.3189911595316227
development_oof,without_mollogp,9,logistic,123,9,4,1,1,0.9349006212279245
development_oof,without_mollogp,9,logistic,131,170,4,1,0,0.41727386020914686
development_oof,without_mollogp,9,logistic,134,15,4,0,0,0.27585883982233406
development_oof,without_mollogp,9,logistic,138,431,4,0,0,0.4574260189839407
development_oof,without_mollogp,9,logistic,142,0,4,0,0,0.28310436723893406
development_oof,without_mollogp,9,logistic,156,9,4,1,1,0.9191334040106937
development_oof,without_mollogp,9,logistic,157,0,4,0,0,0.3568611089567353
development_oof,without_mollogp,9,logistic,159,4,4,1,0,0.4626245122601178
development_oof,without_mollogp,9,logistic,169,9,4,1,1,0.9272524481690817
development_oof,without_mollogp,9,logistic,170,60,4,1,0,0.28553631578919125
development_oof,without_mollogp,9,logistic,178,54,4,0,0,0.314902467826166
development_oof,without_mollogp,9,logistic,181,9,4,1,1,0.9161559048886577
development_oof,without_mollogp,9,logistic,183,422,4,0,0,0.400079843649498
development_oof,without_mollogp,9,logistic,184,4,4,1,0,0.4583845904737357
development_oof,without_mollogp,9,logistic,187,9,4,1,1,0.9143489599239444
development_oof,without_mollogp,9,logistic,193,9,4,1,1,0.9276751570141408
development_oof,without_mollogp,9,logistic,198,53,4,0,0,0.4068472839646454
development_oof,without_mollogp,9,logistic,201,9,4,1,1,0.9203277063601933
development_oof,without_mollogp,9,logistic,206,125,4,1,0,0.3391891872716818
development_oof,without_mollogp,9,logistic,210,104,4,1,1,0.9390607856337583
development_oof,without_mollogp,9,logistic,221,9,4,1,1,0.934124655269976
development_oof,without_mollogp,9,logistic,236,416,4,1,0,0.2048610447538988
development_oof,without_mollogp,9,logistic,258,35,4,0,0,0.37260923867260487
development_oof,without_mollogp,9,logistic,277,102,4,1,0,0.2531847810995494
development_oof,without_mollogp,9,logistic,294,122,4,0,0,0.2363768636809239
development_oof,without_mollogp,9,logistic,304,24,4,1,0,0.2720082745331577
development_oof,without_mollogp,9,logistic,310,401,4,0,0,0.36972726743360124
development_oof,without_mollogp,9,logistic,311,400,4,1,0,0.3803148647766202
development_oof,without_mollogp,9,logistic,322,15,4,0,0,0.35348553314485825
development_oof,without_mollogp,9,logistic,335,15,4,0,0,0.3562598224266754
development_oof,without_mollogp,9,logistic,337,15,4,0,0,0.31584870169392265
development_oof,without_mollogp,9,logistic,355,15,4,0,0,0.2990793344292713
development_oof,without_mollogp,9,logistic,358,389,4,0,1,0.5245784863531677
development_oof,without_mollogp,9,logistic,371,161,4,0,0,0.3610500800826319
development_oof,without_mollogp,9,logistic,379,24,4,0,0,0.29428399921746895
development_oof,without_mollogp,9,logistic,382,384,4,0,0,0.40661304153525807
development_oof,without_mollogp,9,logistic,384,69,4,0,0,0.42132868288892433
development_oof,without_mollogp,9,logistic,386,4,4,1,0,0.3922958829281306
development_oof,without_mollogp,9,logistic,392,4,4,1,1,0.8369382638761464
development_oof,without_mollogp,9,logistic,393,0,4,0,0,0.3426404095461586
development_oof,without_mollogp,9,logistic,400,28,4,0,0,0.382688089932819
development_oof,without_mollogp,9,logistic,401,4,4,1,0,0.3730579948520531
development_oof,without_mollogp,9,logistic,404,35,4,0,0,0.39416444891105157
development_oof,without_mollogp,9,logistic,405,379,4,0,1,0.5116354700402936
development_oof,without_mollogp,9,logistic,407,160,4,0,0,0.30088414796213026
development_oof,without_mollogp,9,logistic,409,4,4,1,1,0.63020139655931
development_oof,without_mollogp,9,logistic,423,50,4,0,0,0.4304481340449046
development_oof,without_mollogp,9,logistic,430,4,4,1,0,0.35598069108466135
development_oof,without_mollogp,9,logistic,434,97,4,1,1,0.9376603182025413
development_oof,without_mollogp,9,logistic,446,4,4,1,0,0.40618715102011266
development_oof,without_mollogp,9,logistic,454,104,4,1,1,0.9471322543151529
development_oof,without_mollogp,9,logistic,455,93,4,1,1,0.9434183508421417
development_oof,without_mollogp,9,logistic,462,15,4,0,0,0.303205451624513
development_oof,without_mollogp,9,logistic,464,4,4,1,0,0.4969975019036438
development_oof,without_mollogp,9,logistic,465,4,4,1,1,0.5254011813792988
development_oof,without_mollogp,9,logistic,466,0,4,0,0,0.3056640808699397
development_oof,without_mollogp,9,logistic,470,0,4,0,0,0.3321396610774667
development_oof,without_mollogp,9,logistic,480,367,4,0,0,0.40845145811783207
development_oof,without_mollogp,9,logistic,481,4,4,1,0,0.4853096615779516
development_oof,without_mollogp,9,logistic,484,365,4,0,0,0.2867512677864946
development_oof,without_mollogp,9,logistic,495,0,4,0,0,0.3257983535444359
development_oof,without_mollogp,9,logistic,498,54,4,0,0,0.3244377352536014
development_oof,without_mollogp,9,logistic,499,15,4,0,0,0.33437638420870247
development_oof,without_mollogp,9,logistic,500,28,4,0,0,0.40366077003650835
development_oof,without_mollogp,9,logistic,501,72,4,0,0,0.3411126499981482
development_oof,without_mollogp,9,logistic,503,93,4,1,1,0.9490641219827686
development_oof,without_mollogp,9,logistic,506,0,4,0,0,0.3100303238196622
development_oof,without_mollogp,9,logistic,517,0,4,0,0,0.2843470350195821
development_oof,without_mollogp,9,logistic,519,53,4,0,0,0.3248746762306693
development_oof,without_mollogp,9,logistic,520,53,4,0,0,0.35832941142512414
development_oof,without_mollogp,9,logistic,524,0,4,0,0,0.30356174888661347
development_oof,without_mollogp,9,logistic,525,15,4,0,0,0.36718017192896296
development_oof,without_mollogp,9,logistic,527,0,4,0,0,0.29427210475386
development_oof,without_mollogp,9,logistic,528,359,4,0,0,0.3289587085492454
development_oof,without_mollogp,9,logistic,529,0,4,0,0,0.3180381977943145
development_oof,without_mollogp,9,logistic,542,35,4,1,0,0.3943140989671315
development_oof,without_mollogp,9,logistic,543,0,4,0,0,0.3692657743250449
development_oof,without_mollogp,9,logistic,545,136,4,1,0,0.39765091459648605
development_oof,without_mollogp,9,logistic,553,0,4,0,0,0.37080621224503224
development_oof,without_mollogp,9,logistic,559,351,4,0,0,0.4007775917643953
development_oof,without_mollogp,9,logistic,560,0,4,0,0,0.27806905880197186
development_oof,without_mollogp,9,logistic,568,0,4,0,0,0.2737943863005431
development_oof,without_mollogp,9,logistic,570,0,4,1,0,0.3203945619086964
development_oof,without_mollogp,9,logistic,572,0,4,1,0,0.32787021121606413
development_oof,without_mollogp,9,logistic,577,44,4,0,0,0.3776566787106843
development_oof,without_mollogp,9,logistic,581,347,4,0,0,0.3189780601763633
development_oof,without_mollogp,9,logistic,582,44,4,0,0,0.3364530419494722
development_oof,without_mollogp,9,logistic,583,69,4,0,0,0.4250716110479136
development_oof,without_mollogp,9,logistic,588,344,4,0,0,0.48059089906906594
development_oof,without_mollogp,9,logistic,592,0,4,1,0,0.30547696475719105
development_oof,without_mollogp,9,logistic,595,35,4,0,0,0.3302963568268852
development_oof,without_mollogp,9,logistic,600,151,4,0,0,0.3518456339643796
development_oof,without_mollogp,9,logistic,602,338,4,0,0,0.2894230980261952
development_oof,without_mollogp,9,logistic,604,0,4,0,0,0.31581928938963405
development_oof,without_mollogp,9,logistic,605,0,4,0,0,0.3189355209011202
development_oof,without_mollogp,9,logistic,607,0,4,1,0,0.342325651915169
development_oof,without_mollogp,9,logistic,608,0,4,0,0,0.358823357305846
development_oof,without_mollogp,9,logistic,610,0,4,0,0,0.3177999843284221
development_oof,without_mollogp,9,logistic,611,0,4,0,0,0.3438501761074536
development_oof,without_mollogp,9,logistic,613,85,4,0,0,0.32453221772391855
development_oof,without_mollogp,9,logistic,615,0,4,0,0,0.29101235381879775
development_oof,without_mollogp,9,logistic,627,335,4,0,0,0.3555378385965483
development_oof,without_mollogp,9,logistic,633,0,4,0,0,0.28912355576806864
development_oof,without_mollogp,9,logistic,646,0,4,0,0,0.30028952109063856
development_oof,without_mollogp,9,logistic,647,0,4,0,0,0.37680111574612024
development_oof,without_mollogp,9,logistic,648,329,4,0,0,0.37560928378791264
development_oof,without_mollogp,9,logistic,657,4,4,1,0,0.49167947750766366
development_oof,without_mollogp,9,logistic,662,0,4,0,0,0.3079557237971395
development_oof,without_mollogp,9,logistic,665,69,4,1,0,0.36461345931872363
development_oof,without_mollogp,9,logistic,666,44,4,0,0,0.3267688704979805
development_oof,without_mollogp,9,logistic,667,0,4,0,0,0.3267663848981783
development_oof,without_mollogp,9,logistic,671,321,4,1,0,0.3699806404991659
development_oof,without_mollogp,9,logistic,674,4,4,0,0,0.4339468760820463
development_oof,without_mollogp,9,logistic,683,142,4,0,0,0.2879910425733666
development_oof,without_mollogp,9,logistic,691,142,4,0,0,0.32146764019439733
development_oof,without_mollogp,9,logistic,692,0,4,0,0,0.32495851786718283
development_oof,without_mollogp,9,logistic,693,0,4,0,0,0.295432547337136
development_oof,without_mollogp,9,logistic,699,0,4,0,0,0.2395941023402967
development_oof,without_mollogp,9,logistic,701,0,4,1,0,0.30216178949903805
development_oof,without_mollogp,9,logistic,704,313,4,0,1,0.5069983304940591
development_oof,without_mollogp,9,logistic,706,0,4,0,0,0.3547073624802867
development_oof,without_mollogp,9,logistic,715,4,4,1,0,0.4204842174110452
development_oof,without_mollogp,9,logistic,729,0,4,0,0,0.3262882651684962
development_oof,without_mollogp,9,logistic,731,60,4,0,0,0.3279476718749534
development_oof,without_mollogp,9,logistic,735,132,4,0,1,0.516657543342552
development_oof,without_mollogp,9,logistic,737,85,4,1,0,0.3852084422834736
development_oof,without_mollogp,9,logistic,738,136,4,1,0,0.3622123789135272
development_oof,without_mollogp,9,logistic,740,44,4,0,0,0.3434784194289586
development_oof,without_mollogp,9,logistic,742,305,4,0,0,0.29977369716560964
development_oof,without_mollogp,9,logistic,745,0,4,0,0,0.3764332965911605
development_oof,without_mollogp,9,logistic,753,85,4,0,0,0.3826878065576693
development_oof,without_mollogp,9,logistic,761,44,4,0,0,0.30016161880092856
development_oof,without_mollogp,9,logistic,776,298,4,0,0,0.43902931148782565
development_oof,without_mollogp,9,logistic,794,0,4,0,1,0.5590097296674664
development_oof,without_mollogp,9,logistic,796,35,4,0,0,0.4047973328573035
development_oof,without_mollogp,9,logistic,800,132,4,0,0,0.40028275717949857
development_oof,without_mollogp,9,logistic,803,289,4,0,0,0.3622599879025139
development_oof,without_mollogp,9,logistic,818,283,4,0,0,0.3837501791929855
development_oof,without_mollogp,9,logistic,822,35,4,0,0,0.3833973287404526
development_oof,without_mollogp,9,logistic,839,82,4,0,0,0.27797683163424125
development_oof,without_mollogp,9,logistic,844,276,4,0,0,0.4965848927966024
development_oof,without_mollogp,9,logistic,855,270,4,0,0,0.3873584778159549
development_oof,without_mollogp,9,logistic,865,263,4,0,0,0.29138371018919856
development_oof,without_mollogp,9,logistic,867,60,4,0,0,0.33353106190021187
development_oof,without_mollogp,9,logistic,885,256,4,0,0,0.30649026833591514
development_oof,without_mollogp,9,logistic,888,254,4,1,0,0.23959254579087627
development_oof,without_mollogp,9,logistic,891,125,4,0,0,0.448402983149899
development_oof,without_mollogp,9,logistic,902,122,4,1,0,0.21307646125793883
development_oof,without_mollogp,9,logistic,907,246,4,0,0,0.4041432485020468
development_oof,without_mollogp,9,logistic,918,242,4,0,0,0.4049544978835912
development_oof,without_mollogp,9,logistic,931,234,4,0,0,0.40154876811856
development_oof,without_mollogp,9,logistic,949,224,4,0,0,0.32758412998551595
development_oof,without_mollogp,9,logistic,954,4,4,1,0,0.48446171076830064
development_oof,without_mollogp,9,logistic,968,214,4,1,0,0.40703329685692224
development_oof,without_mollogp,9,logistic,980,207,4,0,0,0.3048639664153383
development_oof,without_mollogp,9,logistic,981,206,4,0,0,0.47044753828500163
development_oof,without_mollogp,9,logistic,984,204,4,1,0,0.4793017787040459
development_oof,without_mollogp,9,logistic,991,0,4,0,0,0.346662969325366
development_oof,without_mollogp,9,logistic,993,69,4,0,0,0.4334940444868854
development_oof,without_mollogp,9,logistic,995,112,4,0,0,0.27657597393488886
development_oof,without_mollogp,9,logistic,1016,190,4,1,0,0.37835994133348744
development_oof,without_mollogp,9,logistic,1024,4,4,1,0,0.49879782725722777
development_oof,without_mollogp,9,logistic,1031,181,4,0,1,0.6475029090959343
development_oof,without_mollogp,9,logistic,1033,179,4,0,0,0.4060158084861661
development_oof,without_mollogp,9,logistic,5,31,5,1,1,0.9658675000711788
development_oof,without_mollogp,9,logistic,6,61,5,0,0,0.3431002287842098
development_oof,without_mollogp,9,logistic,15,458,5,1,1,0.9692307714762692
development_oof,without_mollogp,9,logistic,23,11,5,0,0,0.30740170470817996
development_oof,without_mollogp,9,logistic,26,11,5,0,0,0.2589459694188506
development_oof,without_mollogp,9,logistic,41,451,5,0,0,0.26294056825313755
development_oof,without_mollogp,9,logistic,46,18,5,0,1,0.9514231352206212
development_oof,without_mollogp,9,logistic,49,11,5,0,0,0.2648850431428976
development_oof,without_mollogp,9,logistic,52,448,5,0,0,0.22580453226580513
development_oof,without_mollogp,9,logistic,57,61,5,0,0,0.34203606947266774
development_oof,without_mollogp,9,logistic,58,11,5,0,0,0.26598774979697254
development_oof,without_mollogp,9,logistic,59,11,5,0,0,0.2733193856466494
development_oof,without_mollogp,9,logistic,76,11,5,0,0,0.32105974309851926
development_oof,without_mollogp,9,logistic,79,175,5,1,1,0.5378639878450923
development_oof,without_mollogp,9,logistic,85,17,5,1,1,0.9565360274067779
development_oof,without_mollogp,9,logistic,96,18,5,1,1,0.9789904272897085
development_oof,without_mollogp,9,logistic,98,438,5,0,0,0.40594738556825943
development_oof,without_mollogp,9,logistic,100,31,5,1,1,0.9497380799430548
development_oof,without_mollogp,9,logistic,105,437,5,1,1,0.5942288996605822
development_oof,without_mollogp,9,logistic,106,18,5,1,1,0.9525695228734843
development_oof,without_mollogp,9,logistic,111,106,5,0,0,0.4225816126381037
development_oof,without_mollogp,9,logistic,116,434,5,0,0,0.27006634341174784
development_oof,without_mollogp,9,logistic,130,171,5,0,0,0.3804709840895071
development_oof,without_mollogp,9,logistic,132,18,5,1,1,0.957739999381402
development_oof,without_mollogp,9,logistic,141,106,5,0,0,0.2715794081205481
development_oof,without_mollogp,9,logistic,149,106,5,0,0,0.36336166382140933
development_oof,without_mollogp,9,logistic,150,55,5,1,1,0.9501337720202317
development_oof,without_mollogp,9,logistic,152,429,5,0,0,0.4504952312509054
development_oof,without_mollogp,9,logistic,161,427,5,0,0,0.481032874642702
development_oof,without_mollogp,9,logistic,163,18,5,1,1,0.9995586993491331
development_oof,without_mollogp,9,logistic,165,17,5,1,1,0.9662217066687994
development_oof,without_mollogp,9,logistic,167,18,5,1,1,0.9600022321441151
development_oof,without_mollogp,9,logistic,172,423,5,0,1,0.9995453969043786
development_oof,without_mollogp,9,logistic,179,11,5,0,0,0.32734164225578777
development_oof,without_mollogp,9,logistic,182,31,5,1,1,0.9483181905566311
development_oof,without_mollogp,9,logistic,186,18,5,1,1,0.9660931348551118
development_oof,without_mollogp,9,logistic,195,31,5,1,1,0.9347102666966975
development_oof,without_mollogp,9,logistic,208,31,5,1,1,0.9759153655954123
development_oof,without_mollogp,9,logistic,215,61,5,0,0,0.38186020717155744
development_oof,without_mollogp,9,logistic,219,418,5,0,0,0.3949010407073329
development_oof,without_mollogp,9,logistic,223,68,5,0,0,0.264428691162327
development_oof,without_mollogp,9,logistic,225,55,5,1,1,0.9664809900763754
development_oof,without_mollogp,9,logistic,231,417,5,0,0,0.4249045929105852
development_oof,without_mollogp,9,logistic,233,17,5,1,1,0.9496321032040078
development_oof,without_mollogp,9,logistic,255,410,5,0,0,0.4092532628369362
development_oof,without_mollogp,9,logistic,256,18,5,1,1,0.9689077859506235
development_oof,without_mollogp,9,logistic,259,409,5,0,0,0.40799151234938674
development_oof,without_mollogp,9,logistic,261,25,5,1,0,0.2746691539372331
development_oof,without_mollogp,9,logistic,273,25,5,1,0,0.3106993867372133
development_oof,without_mollogp,9,logistic,276,17,5,1,1,0.9749300304053042
development_oof,without_mollogp,9,logistic,297,163,5,0,0,0.36155427440943116
development_oof,without_mollogp,9,logistic,298,405,5,0,0,0.247177854577729
development_oof,without_mollogp,9,logistic,316,100,5,0,0,0.31071073350693806
development_oof,without_mollogp,9,logistic,319,163,5,0,0,0.36335928897761527
development_oof,without_mollogp,9,logistic,326,157,5,1,1,0.9628997460429978
development_oof,without_mollogp,9,logistic,330,76,5,1,0,0.26447958362879703
development_oof,without_mollogp,9,logistic,334,394,5,0,0,0.23307391792856763
development_oof,without_mollogp,9,logistic,336,55,5,1,1,0.9604976915455203
development_oof,without_mollogp,9,logistic,338,17,5,1,1,0.9653197747747817
development_oof,without_mollogp,9,logistic,339,11,5,0,0,0.3294178305856969
development_oof,without_mollogp,9,logistic,340,393,5,0,0,0.36780369999833057
development_oof,without_mollogp,9,logistic,343,17,5,1,1,0.969547312668274
development_oof,without_mollogp,9,logistic,347,17,5,1,1,0.971617920105428
development_oof,without_mollogp,9,logistic,351,100,5,1,0,0.35400347319294134
development_oof,without_mollogp,9,logistic,357,37,5,1,1,0.9759107446042308
development_oof,without_mollogp,9,logistic,364,25,5,1,0,0.3319234311989072
development_oof,without_mollogp,9,logistic,372,17,5,1,1,0.9656321640401585
development_oof,without_mollogp,9,logistic,377,386,5,0,0,0.41741627413032945
development_oof,without_mollogp,9,logistic,381,76,5,0,0,0.2969783918882229
development_oof,without_mollogp,9,logistic,397,11,5,0,0,0.24835487226521494
development_oof,without_mollogp,9,logistic,402,380,5,0,0,0.2146215794105178
development_oof,without_mollogp,9,logistic,435,374,5,0,0,0.3121474852228991
development_oof,without_mollogp,9,logistic,436,25,5,1,0,0.2935490955230779
development_oof,without_mollogp,9,logistic,458,18,5,0,1,0.9773581563543705
development_oof,without_mollogp,9,logistic,459,25,5,1,0,0.278400580684809
development_oof,without_mollogp,9,logistic,468,370,5,0,0,0.22011992350023651
development_oof,without_mollogp,9,logistic,479,368,5,0,0,0.2490655336187222
development_oof,without_mollogp,9,logistic,486,157,5,0,0,0.32891260990773413
development_oof,without_mollogp,9,logistic,494,94,5,0,0,0.439715051514563
development_oof,without_mollogp,9,logistic,533,71,5,0,1,0.5248848698360765
development_oof,without_mollogp,9,logistic,536,71,5,0,0,0.4774897805022469
development_oof,without_mollogp,9,logistic,549,355,5,0,0,0.49187957580178043
development_oof,without_mollogp,9,logistic,555,352,5,1,1,0.9815525654340219
development_oof,without_mollogp,9,logistic,557,66,5,0,1,0.5692820236416078
development_oof,without_mollogp,9,logistic,563,71,5,0,1,0.5133196361810551
development_oof,without_mollogp,9,logistic,575,115,5,0,0,0.4288067625664481
development_oof,without_mollogp,9,logistic,579,114,5,1,0,0.35957033643886377
development_oof,without_mollogp,9,logistic,585,31,5,1,1,0.9775966354518543
development_oof,without_mollogp,9,logistic,587,345,5,0,0,0.448253634065181
development_oof,without_mollogp,9,logistic,601,339,5,0,0,0.29124988143838504
development_oof,without_mollogp,9,logistic,612,87,5,0,0,0.3356150618000768
development_oof,without_mollogp,9,logistic,620,68,5,0,0,0.2912237719716229
development_oof,without_mollogp,9,logistic,634,17,5,1,1,0.9687737616569605
development_oof,without_mollogp,9,logistic,635,68,5,1,0,0.3738125784688348
development_oof,without_mollogp,9,logistic,640,146,5,0,0,0.3365017886757174
development_oof,without_mollogp,9,logistic,641,66,5,0,0,0.4442097952902805
development_oof,without_mollogp,9,logistic,643,330,5,0,0,0.3290666591639507
development_oof,without_mollogp,9,logistic,645,146,5,0,0,0.36988865185883735
development_oof,without_mollogp,9,logistic,656,326,5,0,1,0.5900479796958362
development_oof,without_mollogp,9,logistic,664,116,5,0,0,0.3138692281043741
development_oof,without_mollogp,9,logistic,675,71,5,0,1,0.5827214948282066
development_oof,without_mollogp,9,logistic,682,317,5,0,0,0.3310919969479682
development_oof,without_mollogp,9,logistic,688,143,5,0,0,0.46246698188828295
development_oof,without_mollogp,9,logistic,698,314,5,0,0,0.4447148455550792
development_oof,without_mollogp,9,logistic,711,45,5,0,0,0.452924424164599
development_oof,without_mollogp,9,logistic,723,25,5,0,0,0.2633257275893599
development_oof,without_mollogp,9,logistic,725,45,5,1,0,0.40481602399470373
development_oof,without_mollogp,9,logistic,726,31,5,1,1,0.9390833356157194
development_oof,without_mollogp,9,logistic,732,45,5,0,0,0.4762681585396994
development_oof,without_mollogp,9,logistic,736,137,5,0,0,0.41800006665010675
development_oof,without_mollogp,9,logistic,741,306,5,0,0,0.30938511061581025
development_oof,without_mollogp,9,logistic,744,87,5,0,0,0.2850572947223503
development_oof,without_mollogp,9,logistic,749,11,5,0,0,0.3067868872257468
development_oof,without_mollogp,9,logistic,799,45,5,0,1,0.5156775935374729
development_oof,without_mollogp,9,logistic,802,131,5,0,0,0.42427140132607966
development_oof,without_mollogp,9,logistic,816,284,5,0,1,0.5271592090584262
development_oof,without_mollogp,9,logistic,837,278,5,0,0,0.32900374867331916
development_oof,without_mollogp,9,logistic,845,11,5,0,0,0.2533616084312355
development_oof,without_mollogp,9,logistic,857,268,5,0,0,0.4328173077638128
development_oof,without_mollogp,9,logistic,858,61,5,0,0,0.38282576706485166
development_oof,without_mollogp,9,logistic,860,266,5,0,0,0.2590476492922746
development_oof,without_mollogp,9,logistic,870,260,5,0,0,0.3855371515180145
development_oof,without_mollogp,9,logistic,900,249,5,0,0,0.4586384137314185
development_oof,without_mollogp,9,logistic,906,247,5,0,0,0.3249852540552427
development_oof,without_mollogp,9,logistic,915,25,5,1,0,0.25909493131253125
development_oof,without_mollogp,9,logistic,926,238,5,1,0,0.39228155651245
development_oof,without_mollogp,9,logistic,939,229,5,1,1,0.5748544625399594
development_oof,without_mollogp,9,logistic,948,225,5,1,1,0.7189423922109553
development_oof,without_mollogp,9,logistic,958,220,5,0,0,0.23507518319838616
development_oof,without_mollogp,9,logistic,960,116,5,0,0,0.34233934211049527
development_oof,without_mollogp,9,logistic,969,115,5,0,0,0.38498117126201975
development_oof,without_mollogp,9,logistic,971,212,5,1,1,0.5480231520116442
development_oof,without_mollogp,9,logistic,972,211,5,0,0,0.3105650800830628
development_oof,without_mollogp,9,logistic,974,45,5,0,0,0.4474912545023497
development_oof,without_mollogp,9,logistic,975,66,5,0,1,0.5324883296184386
development_oof,without_mollogp,9,logistic,979,114,5,0,0,0.31399662510147613
development_oof,without_mollogp,9,logistic,990,201,5,0,0,0.4486950581167898
development_oof,without_mollogp,9,logistic,1008,76,5,0,0,0.20727875023912762
development_oof,without_mollogp,9,logistic,1010,194,5,0,1,0.5336663021583627
development_oof,without_mollogp,9,logistic,1015,191,5,1,0,0.20360679783946448
development_oof,without_mollogp,9,logistic,1027,185,5,1,1,0.77344731082029
development_oof,without_mollogp,9,logistic,1032,180,5,0,1,0.5895847837667699
development_oof,without_mollogp,9,rbf_svc,3,108,1,0,0,-1.2014228276756755
development_oof,without_mollogp,9,rbf_svc,13,109,1,1,1,1.9677071231889967
development_oof,without_mollogp,9,rbf_svc,22,456,1,0,0,-0.2671506984910552
development_oof,without_mollogp,9,rbf_svc,24,455,1,0,0,-0.6283876672395268
development_oof,without_mollogp,9,rbf_svc,25,12,1,1,0,-1.1645100145118947
development_oof,without_mollogp,9,rbf_svc,35,108,1,0,0,-1.1644644182444965
development_oof,without_mollogp,9,rbf_svc,43,6,1,0,0,-1.0659362865677808
development_oof,without_mollogp,9,rbf_svc,53,447,1,0,0,-1.1630663836862327
development_oof,without_mollogp,9,rbf_svc,65,168,1,1,1,1.6059091323562553
development_oof,without_mollogp,9,rbf_svc,68,445,1,1,0,-1.104628532188575
development_oof,without_mollogp,9,rbf_svc,70,166,1,0,0,-0.9531524585006723
development_oof,without_mollogp,9,rbf_svc,72,12,1,1,0,-1.1547084956199187
development_oof,without_mollogp,9,rbf_svc,75,108,1,0,0,-0.9789617280581426
development_oof,without_mollogp,9,rbf_svc,88,12,1,0,0,-1.1350682235341383
development_oof,without_mollogp,9,rbf_svc,89,6,1,0,0,-0.976222933552056
development_oof,without_mollogp,9,rbf_svc,110,41,1,0,0,-0.8737570971490998
development_oof,without_mollogp,9,rbf_svc,129,58,1,1,1,1.333661049338981
development_oof,without_mollogp,9,rbf_svc,133,432,1,1,1,1.346460622984675
development_oof,without_mollogp,9,rbf_svc,144,41,1,0,0,-0.8076679556216293
development_oof,without_mollogp,9,rbf_svc,153,41,1,0,0,-0.47345612181364505
development_oof,without_mollogp,9,rbf_svc,155,41,1,0,0,-1.016324779953682
development_oof,without_mollogp,9,rbf_svc,168,424,1,0,0,-0.9926893583171266
development_oof,without_mollogp,9,rbf_svc,171,41,1,1,0,-1.0466597647564884
development_oof,without_mollogp,9,rbf_svc,197,168,1,1,1,1.461378126568813
development_oof,without_mollogp,9,rbf_svc,205,41,1,0,0,-0.7660701978798459
development_oof,without_mollogp,9,rbf_svc,209,420,1,1,1,1.1028758984032647
development_oof,without_mollogp,9,rbf_svc,232,6,1,0,0,-0.9758452611167359
development_oof,without_mollogp,9,rbf_svc,237,117,1,0,0,-0.8636583641679652
development_oof,without_mollogp,9,rbf_svc,243,414,1,0,0,-1.7560700741857618
development_oof,without_mollogp,9,rbf_svc,250,166,1,0,0,-0.9515943885527394
development_oof,without_mollogp,9,rbf_svc,270,12,1,1,0,-1.1731391572174248
development_oof,without_mollogp,9,rbf_svc,272,19,1,0,0,-1.1879658403005253
development_oof,without_mollogp,9,rbf_svc,282,406,1,1,1,0.8210414050357526
development_oof,without_mollogp,9,rbf_svc,289,6,1,0,0,-1.0204824156985994
development_oof,without_mollogp,9,rbf_svc,303,12,1,1,0,-1.1935516277456673
development_oof,without_mollogp,9,rbf_svc,305,402,1,0,0,-1.0990138973088692
development_oof,without_mollogp,9,rbf_svc,306,101,1,1,0,-1.240317048568774
development_oof,without_mollogp,9,rbf_svc,307,12,1,1,0,-1.148407531405799
development_oof,without_mollogp,9,rbf_svc,314,398,1,0,0,-1.3577503067803507
development_oof,without_mollogp,9,rbf_svc,318,127,1,1,0,-2.355292972416035
development_oof,without_mollogp,9,rbf_svc,328,395,1,1,0,-0.627481798729538
development_oof,without_mollogp,9,rbf_svc,345,73,1,0,1,1.005616624893018
development_oof,without_mollogp,9,rbf_svc,346,12,1,1,0,-1.1823627712892817
development_oof,without_mollogp,9,rbf_svc,350,12,1,0,0,-0.6456837892854894
development_oof,without_mollogp,9,rbf_svc,362,36,1,0,0,-1.153561619361132
development_oof,without_mollogp,9,rbf_svc,366,79,1,1,0,-0.9119491461595617
development_oof,without_mollogp,9,rbf_svc,367,79,1,1,0,-0.8031533965271267
development_oof,without_mollogp,9,rbf_svc,368,387,1,0,0,-0.7575531188266114
development_oof,without_mollogp,9,rbf_svc,383,12,1,1,0,-0.9736680087552729
development_oof,without_mollogp,9,rbf_svc,390,381,1,0,0,-1.0591693592196991
development_oof,without_mollogp,9,rbf_svc,411,6,1,0,0,-1.0007541014190524
development_oof,without_mollogp,9,rbf_svc,415,12,1,1,0,-1.149166893409121
development_oof,without_mollogp,9,rbf_svc,418,6,1,0,0,-0.9038958991911743
development_oof,without_mollogp,9,rbf_svc,427,6,1,0,0,-0.768164402670739
development_oof,without_mollogp,9,rbf_svc,432,375,1,0,0,-0.4866641428889311
development_oof,without_mollogp,9,rbf_svc,433,58,1,1,1,0.05323648213767296
development_oof,without_mollogp,9,rbf_svc,445,95,1,0,0,-1.0827687301561655
development_oof,without_mollogp,9,rbf_svc,452,73,1,1,1,1.2391825174373237
development_oof,without_mollogp,9,rbf_svc,467,6,1,0,0,-0.4623844145234175
development_oof,without_mollogp,9,rbf_svc,476,95,1,0,0,-0.8228096393531716
development_oof,without_mollogp,9,rbf_svc,478,6,1,0,0,-0.8820452285217373
development_oof,without_mollogp,9,rbf_svc,488,26,1,1,0,-0.9178430438651235
development_oof,without_mollogp,9,rbf_svc,507,26,1,0,0,-0.9712025139481755
development_oof,without_mollogp,9,rbf_svc,509,362,1,0,0,-1.1704792451027872
development_oof,without_mollogp,9,rbf_svc,512,361,1,0,0,-0.8038591528447414
development_oof,without_mollogp,9,rbf_svc,521,26,1,0,0,-1.060572448007652
development_oof,without_mollogp,9,rbf_svc,530,358,1,1,0,-1.0310497604289326
development_oof,without_mollogp,9,rbf_svc,531,6,1,0,0,-1.0388580459398797
development_oof,without_mollogp,9,rbf_svc,532,26,1,0,0,-0.8136073317331141
development_oof,without_mollogp,9,rbf_svc,534,26,1,0,0,-0.9623670390704904
development_oof,without_mollogp,9,rbf_svc,552,6,1,0,0,-1.0246133906898267
development_oof,without_mollogp,9,rbf_svc,564,47,1,1,0,-1.3576664196815402
development_oof,without_mollogp,9,rbf_svc,573,350,1,0,1,0.18539478199302106
development_oof,without_mollogp,9,rbf_svc,576,349,1,0,0,-0.21655949605052616
development_oof,without_mollogp,9,rbf_svc,578,26,1,0,0,-0.9628480343877941
development_oof,without_mollogp,9,rbf_svc,590,152,1,0,0,-1.8874788070057962
development_oof,without_mollogp,9,rbf_svc,591,343,1,0,1,0.1644131487971192
development_oof,without_mollogp,9,rbf_svc,630,67,1,0,0,-0.5295369329099531
development_oof,without_mollogp,9,rbf_svc,637,47,1,1,0,-1.424933305596615
development_oof,without_mollogp,9,rbf_svc,639,332,1,0,1,0.13719126581740237
development_oof,without_mollogp,9,rbf_svc,642,331,1,0,0,-0.11578711410847564
development_oof,without_mollogp,9,rbf_svc,644,47,1,1,0,-1.0840912397468871
development_oof,without_mollogp,9,rbf_svc,650,88,1,0,0,-0.7508314902034572
development_oof,without_mollogp,9,rbf_svc,651,67,1,0,0,-0.6766794135120522
development_oof,without_mollogp,9,rbf_svc,654,327,1,0,0,-0.3634496986699576
development_oof,without_mollogp,9,rbf_svc,673,320,1,0,0,-0.9399502804949877
development_oof,without_mollogp,9,rbf_svc,676,6,1,0,0,-0.8906095709875972
development_oof,without_mollogp,9,rbf_svc,679,6,1,0,0,-0.8790147230158896
development_oof,without_mollogp,9,rbf_svc,680,145,1,0,1,0.14716227219066536
development_oof,without_mollogp,9,rbf_svc,695,47,1,1,0,-1.813815177954372
development_oof,without_mollogp,9,rbf_svc,708,310,1,0,1,1.2218647362616748
development_oof,without_mollogp,9,rbf_svc,709,88,1,0,0,-0.9233410596538834
development_oof,without_mollogp,9,rbf_svc,713,139,1,0,0,-1.09826497494105
development_oof,without_mollogp,9,rbf_svc,721,139,1,1,0,-1.2463554689514824
development_oof,without_mollogp,9,rbf_svc,722,307,1,0,0,-0.7560150690495862
development_oof,without_mollogp,9,rbf_svc,727,32,1,0,0,-0.19114380820208954
development_oof,without_mollogp,9,rbf_svc,734,12,1,1,0,-1.0867969192996627
development_oof,without_mollogp,9,rbf_svc,748,64,1,0,1,0.5917045734431197
development_oof,without_mollogp,9,rbf_svc,763,301,1,0,0,-0.9503256177629185
development_oof,without_mollogp,9,rbf_svc,771,43,1,0,0,-0.268211906586278
development_oof,without_mollogp,9,rbf_svc,773,58,1,1,1,1.2909145689160892
development_oof,without_mollogp,9,rbf_svc,775,134,1,0,1,1.339861562314847
development_oof,without_mollogp,9,rbf_svc,779,43,1,0,1,0.8366973029302853
development_oof,without_mollogp,9,rbf_svc,782,43,1,0,1,0.16230067261410408
development_oof,without_mollogp,9,rbf_svc,783,296,1,0,1,0.03888424920195188
development_oof,without_mollogp,9,rbf_svc,784,43,1,1,0,-0.6997649623635214
development_oof,without_mollogp,9,rbf_svc,788,295,1,1,1,0.2871439192317764
development_oof,without_mollogp,9,rbf_svc,795,110,1,1,1,2.577334486609568
development_oof,without_mollogp,9,rbf_svc,797,43,1,0,1,0.26775586855004985
development_oof,without_mollogp,9,rbf_svc,812,285,1,0,1,0.2583576752684662
development_oof,without_mollogp,9,rbf_svc,814,88,1,0,0,-1.012624049064546
development_oof,without_mollogp,9,rbf_svc,836,279,1,1,0,-1.0762633838256948
development_oof,without_mollogp,9,rbf_svc,853,272,1,0,0,-0.9172262978585097
development_oof,without_mollogp,9,rbf_svc,868,261,1,0,0,-1.1583664734571544
development_oof,without_mollogp,9,rbf_svc,886,255,1,0,0,-1.9508867268069041
development_oof,without_mollogp,9,rbf_svc,889,127,1,0,0,-1.9971496745476331
development_oof,without_mollogp,9,rbf_svc,892,26,1,0,0,-0.9997526521448679
development_oof,without_mollogp,9,rbf_svc,903,248,1,0,0,-1.0116512470388743
development_oof,without_mollogp,9,rbf_svc,909,245,1,0,0,-0.999169450170105
development_oof,without_mollogp,9,rbf_svc,912,19,1,0,0,-0.9608071825712061
development_oof,without_mollogp,9,rbf_svc,924,239,1,0,0,-1.2600069902187743
development_oof,without_mollogp,9,rbf_svc,929,67,1,0,0,-0.4246401517130396
development_oof,without_mollogp,9,rbf_svc,937,230,1,0,0,-1.0348651097072166
development_oof,without_mollogp,9,rbf_svc,938,79,1,0,0,-0.8696309622569816
development_oof,without_mollogp,9,rbf_svc,944,58,1,1,0,-0.16231485281067126
development_oof,without_mollogp,9,rbf_svc,956,222,1,0,1,1.069910629600268
development_oof,without_mollogp,9,rbf_svc,959,117,1,0,0,-0.8549414360533563
development_oof,without_mollogp,9,rbf_svc,961,219,1,0,0,-0.8923212607868907
development_oof,without_mollogp,9,rbf_svc,970,213,1,0,0,-1.091378023187322
development_oof,without_mollogp,9,rbf_svc,983,205,1,1,0,-0.9350602216669204
development_oof,without_mollogp,9,rbf_svc,989,47,1,0,0,-0.7865490329598304
development_oof,without_mollogp,9,rbf_svc,992,200,1,0,0,-0.8587301504463953
development_oof,without_mollogp,9,rbf_svc,997,6,1,0,0,-0.6066490010945715
development_oof,without_mollogp,9,rbf_svc,1007,195,1,0,0,-0.4549565396410644
development_oof,without_mollogp,9,rbf_svc,1011,110,1,1,1,2.719434084722077
development_oof,without_mollogp,9,rbf_svc,1023,187,1,0,1,1.5346587727271226
development_oof,without_mollogp,9,rbf_svc,1034,178,1,0,0,-1.5245782412621809
development_oof,without_mollogp,9,rbf_svc,2,460,2,0,0,-0.6628981702490275
development_oof,without_mollogp,9,rbf_svc,8,107,2,0,0,-0.6327752646195886
development_oof,without_mollogp,9,rbf_svc,18,56,2,1,1,1.0842891737091458
development_oof,without_mollogp,9,rbf_svc,33,452,2,0,0,-0.9875847510477724
development_oof,without_mollogp,9,rbf_svc,34,23,2,0,0,-1.0642351355935844
development_oof,without_mollogp,9,rbf_svc,37,177,2,0,0,-0.8672819891171755
development_oof,without_mollogp,9,rbf_svc,50,40,2,1,1,2.756189854480912
development_oof,without_mollogp,9,rbf_svc,51,75,2,1,0,-0.9387539921954868
development_oof,without_mollogp,9,rbf_svc,55,107,2,0,0,-0.8695811479308313
development_oof,without_mollogp,9,rbf_svc,67,446,2,0,0,-0.9123826468356819
development_oof,without_mollogp,9,rbf_svc,81,441,2,0,0,-0.7173848807032273
development_oof,without_mollogp,9,rbf_svc,97,30,2,1,0,-1.0318764852470208
development_oof,without_mollogp,9,rbf_svc,108,436,2,0,0,-0.972428197595685
development_oof,without_mollogp,9,rbf_svc,114,173,2,0,0,-1.1016846985822233
development_oof,without_mollogp,9,rbf_svc,115,2,2,1,0,-0.9650266526300189
development_oof,without_mollogp,9,rbf_svc,118,172,2,0,0,-1.1676945410345176
development_oof,without_mollogp,9,rbf_svc,140,40,2,0,1,0.9915063735975299
development_oof,without_mollogp,9,rbf_svc,166,425,2,0,0,-0.7168520677457617
development_oof,without_mollogp,9,rbf_svc,177,40,2,1,1,0.9950317462105669
development_oof,without_mollogp,9,rbf_svc,216,167,2,1,0,-0.940029205188067
development_oof,without_mollogp,9,rbf_svc,229,30,2,1,0,-0.9882888367650446
development_oof,without_mollogp,9,rbf_svc,235,30,2,1,0,-1.0189410456538672
development_oof,without_mollogp,9,rbf_svc,240,167,2,1,0,-1.0098556584597467
development_oof,without_mollogp,9,rbf_svc,241,23,2,0,0,-1.0651677674222952
development_oof,without_mollogp,9,rbf_svc,246,56,2,1,1,1.0917935193461812
development_oof,without_mollogp,9,rbf_svc,249,124,2,0,0,-0.5395632721558323
development_oof,without_mollogp,9,rbf_svc,251,30,2,1,0,-1.0315681478123206
development_oof,without_mollogp,9,rbf_svc,253,412,2,0,0,-0.31741341132089795
development_oof,without_mollogp,9,rbf_svc,254,411,2,1,0,-0.1632544747561988
development_oof,without_mollogp,9,rbf_svc,262,98,2,1,1,1.1113786255666058
development_oof,without_mollogp,9,rbf_svc,265,75,2,0,0,-0.6027289933769115
development_oof,without_mollogp,9,rbf_svc,275,56,2,1,1,1.0356149445161689
development_oof,without_mollogp,9,rbf_svc,281,30,2,1,0,-1.013725381861827
development_oof,without_mollogp,9,rbf_svc,283,56,2,1,1,1.0836761561001536
development_oof,without_mollogp,9,rbf_svc,291,98,2,1,1,1.151163074863736
development_oof,without_mollogp,9,rbf_svc,301,403,2,0,0,-1.1982347725710598
development_oof,without_mollogp,9,rbf_svc,325,396,2,0,0,-0.9321841790225607
development_oof,without_mollogp,9,rbf_svc,344,23,2,1,0,-1.0350635080803245
development_oof,without_mollogp,9,rbf_svc,359,23,2,0,0,-1.000005302478768
development_oof,without_mollogp,9,rbf_svc,365,388,2,0,0,-0.9194925569854169
development_oof,without_mollogp,9,rbf_svc,378,23,2,0,0,-1.0409196307894018
development_oof,without_mollogp,9,rbf_svc,389,382,2,0,0,-1.0919964575140524
development_oof,without_mollogp,9,rbf_svc,408,98,2,1,1,1.148707312860025
development_oof,without_mollogp,9,rbf_svc,413,62,2,1,0,-0.9818159100744186
development_oof,without_mollogp,9,rbf_svc,425,23,2,0,0,-1.0942678016180976
development_oof,without_mollogp,9,rbf_svc,426,377,2,0,1,1.4091586714108804
development_oof,without_mollogp,9,rbf_svc,439,156,2,1,0,-0.5745283191036306
development_oof,without_mollogp,9,rbf_svc,461,371,2,1,0,-0.4734446924581668
development_oof,without_mollogp,9,rbf_svc,487,156,2,0,0,-0.5884704737698585
development_oof,without_mollogp,9,rbf_svc,505,81,2,1,0,-0.7428267621081024
development_oof,without_mollogp,9,rbf_svc,514,360,2,1,1,1.5948216906319292
development_oof,without_mollogp,9,rbf_svc,515,150,2,0,0,-1.0260249934599401
development_oof,without_mollogp,9,rbf_svc,523,2,2,1,0,-0.9117652624174015
development_oof,without_mollogp,9,rbf_svc,526,23,2,0,0,-0.8129971229359585
development_oof,without_mollogp,9,rbf_svc,541,113,2,0,0,-0.9067748210010427
development_oof,without_mollogp,9,rbf_svc,551,353,2,0,0,-0.9315654029294409
development_oof,without_mollogp,9,rbf_svc,584,46,2,0,0,-1.0032389807869575
development_oof,without_mollogp,9,rbf_svc,586,346,2,0,1,0.3745719225155868
development_oof,without_mollogp,9,rbf_svc,589,153,2,1,1,1.1500334833988906
development_oof,without_mollogp,9,rbf_svc,593,90,2,0,0,-1.000910782923584
development_oof,without_mollogp,9,rbf_svc,598,90,2,0,0,-0.6719417116015203
development_oof,without_mollogp,9,rbf_svc,599,340,2,0,0,-0.8940690997927687
development_oof,without_mollogp,9,rbf_svc,603,40,2,1,1,1.045662430338947
development_oof,without_mollogp,9,rbf_svc,609,7,2,0,0,-0.9061753523205334
development_oof,without_mollogp,9,rbf_svc,623,150,2,0,0,-1.0384083684323784
development_oof,without_mollogp,9,rbf_svc,624,149,2,1,0,-0.8509672324853743
development_oof,without_mollogp,9,rbf_svc,636,334,2,1,0,-0.9107539582519273
development_oof,without_mollogp,9,rbf_svc,661,90,2,0,0,-0.8824875956909293
development_oof,without_mollogp,9,rbf_svc,670,322,2,0,0,-0.17867005052508067
development_oof,without_mollogp,9,rbf_svc,677,319,2,0,0,-0.9622098880248604
development_oof,without_mollogp,9,rbf_svc,707,311,2,0,0,-0.38139366458547785
development_oof,without_mollogp,9,rbf_svc,710,75,2,1,0,-1.1418409199502753
development_oof,without_mollogp,9,rbf_svc,716,309,2,0,0,-0.8481736064257293
development_oof,without_mollogp,9,rbf_svc,762,302,2,0,0,-0.7125400297082396
development_oof,without_mollogp,9,rbf_svc,766,130,2,0,0,-0.5871434172445211
development_oof,without_mollogp,9,rbf_svc,777,297,2,0,0,-1.1334132788569145
development_oof,without_mollogp,9,rbf_svc,790,62,2,1,0,-0.7523343799994491
development_oof,without_mollogp,9,rbf_svc,791,294,2,0,0,-1.073583572027589
development_oof,without_mollogp,9,rbf_svc,793,292,2,1,0,-1.030363817063927
development_oof,without_mollogp,9,rbf_svc,810,286,2,0,0,-1.0668395279112897
development_oof,without_mollogp,9,rbf_svc,819,130,2,1,0,-0.6583424275677814
development_oof,without_mollogp,9,rbf_svc,825,83,2,0,0,-0.7368999589951364
development_oof,without_mollogp,9,rbf_svc,831,281,2,0,0,-0.9824958011647515
development_oof,without_mollogp,9,rbf_svc,842,277,2,0,0,-0.6040059694143327
development_oof,without_mollogp,9,rbf_svc,850,273,2,0,0,-0.9257677268854154
development_oof,without_mollogp,9,rbf_svc,859,267,2,0,0,-0.7467024014936774
development_oof,without_mollogp,9,rbf_svc,863,81,2,1,0,-0.812948445406612
development_oof,without_mollogp,9,rbf_svc,884,257,2,0,0,-0.8238194763584401
development_oof,without_mollogp,9,rbf_svc,895,124,2,0,0,-0.5555497797086695
development_oof,without_mollogp,9,rbf_svc,896,251,2,0,0,-0.7971195618596569
development_oof,without_mollogp,9,rbf_svc,914,56,2,1,1,1.1381994666493727
development_oof,without_mollogp,9,rbf_svc,922,240,2,0,0,-1.0238301046443588
development_oof,without_mollogp,9,rbf_svc,923,23,2,0,0,-1.0124063901709346
development_oof,without_mollogp,9,rbf_svc,933,232,2,0,0,-1.0215351212327093
development_oof,without_mollogp,9,rbf_svc,947,226,2,0,0,-0.8292098248827289
development_oof,without_mollogp,9,rbf_svc,951,223,2,0,0,-0.7277943624324976
development_oof,without_mollogp,9,rbf_svc,953,119,2,0,0,-0.9877625811029684
development_oof,without_mollogp,9,rbf_svc,965,216,2,0,0,-0.83615732233012
development_oof,without_mollogp,9,rbf_svc,976,209,2,0,0,-1.028313321769021
development_oof,without_mollogp,9,rbf_svc,986,113,2,0,0,-1.0315141233248113
development_oof,without_mollogp,9,rbf_svc,1001,107,2,0,0,-0.34105878630511066
development_oof,without_mollogp,9,rbf_svc,1005,196,2,0,0,-0.7766355831699787
development_oof,without_mollogp,9,rbf_svc,1020,188,2,0,1,0.1855021504240304
development_oof,without_mollogp,9,rbf_svc,1026,186,2,1,0,-0.7452632974949402
development_oof,without_mollogp,9,rbf_svc,1030,182,2,0,0,-0.7308233106636957
development_oof,without_mollogp,9,rbf_svc,20,3,3,0,0,-0.9916507699555501
development_oof,without_mollogp,9,rbf_svc,29,453,3,0,0,-1.016630656174248
development_oof,without_mollogp,9,rbf_svc,31,3,3,0,0,-1.0681423377563373
development_oof,without_mollogp,9,rbf_svc,36,80,3,0,0,-1.029066956770231
development_oof,without_mollogp,9,rbf_svc,39,42,3,0,0,-1.1048736012711924
development_oof,without_mollogp,9,rbf_svc,42,3,3,0,0,-1.0105340934495708
development_oof,without_mollogp,9,rbf_svc,78,443,3,1,1,1.0635703947339492
development_oof,without_mollogp,9,rbf_svc,87,439,3,0,0,-1.0897840843143425
development_oof,without_mollogp,9,rbf_svc,92,27,3,1,0,-1.0005717610300275
development_oof,without_mollogp,9,rbf_svc,93,165,3,0,0,-1.0640064464879313
development_oof,without_mollogp,9,rbf_svc,101,27,3,0,0,-1.0107838444571098
development_oof,without_mollogp,9,rbf_svc,125,111,3,0,0,-0.6966925749708943
development_oof,without_mollogp,9,rbf_svc,145,430,3,0,0,-0.7119149123974959
development_oof,without_mollogp,9,rbf_svc,146,59,3,1,0,-0.1750961953924104
development_oof,without_mollogp,9,rbf_svc,147,16,3,0,0,-0.9464181721223797
development_oof,without_mollogp,9,rbf_svc,148,59,3,1,0,-0.3062099891336827
development_oof,without_mollogp,9,rbf_svc,154,59,3,1,0,-0.3073789173777899
development_oof,without_mollogp,9,rbf_svc,158,428,3,0,0,-0.9356697703051542
development_oof,without_mollogp,9,rbf_svc,173,52,3,0,0,-0.9229176601105398
development_oof,without_mollogp,9,rbf_svc,175,38,3,1,1,1.1823145605893917
development_oof,without_mollogp,9,rbf_svc,176,3,3,0,0,-1.027908846397963
development_oof,without_mollogp,9,rbf_svc,192,8,3,0,0,-1.2243241673646226
development_oof,without_mollogp,9,rbf_svc,196,8,3,0,0,-1.154796407269543
development_oof,without_mollogp,9,rbf_svc,202,421,3,0,0,-1.09560705691785
development_oof,without_mollogp,9,rbf_svc,211,8,3,0,0,-1.0798776339098413
development_oof,without_mollogp,9,rbf_svc,217,8,3,0,0,-1.1237425924153233
development_oof,without_mollogp,9,rbf_svc,218,8,3,0,0,-1.1988044477375384
development_oof,without_mollogp,9,rbf_svc,220,8,3,0,0,-1.0698890530325282
development_oof,without_mollogp,9,rbf_svc,226,8,3,0,0,-1.1444763820487778
development_oof,without_mollogp,9,rbf_svc,227,38,3,1,1,1.0775359741552335
development_oof,without_mollogp,9,rbf_svc,230,121,3,1,1,0.7208333294359994
development_oof,without_mollogp,9,rbf_svc,238,415,3,0,0,-0.9655647718154516
development_oof,without_mollogp,9,rbf_svc,239,3,3,0,0,-0.9146458348977518
development_oof,without_mollogp,9,rbf_svc,242,52,3,1,1,1.097900843152588
development_oof,without_mollogp,9,rbf_svc,252,3,3,0,0,-1.0669361762626028
development_oof,without_mollogp,9,rbf_svc,257,80,3,0,0,-0.7736702059843876
development_oof,without_mollogp,9,rbf_svc,266,103,3,1,1,1.1588012437330188
development_oof,without_mollogp,9,rbf_svc,268,8,3,0,0,-1.1049349267711965
development_oof,without_mollogp,9,rbf_svc,271,165,3,0,0,-1.008825926118477
development_oof,without_mollogp,9,rbf_svc,278,407,3,0,0,-0.8034044165742578
development_oof,without_mollogp,9,rbf_svc,279,3,3,0,0,-0.9289161070868641
development_oof,without_mollogp,9,rbf_svc,284,38,3,1,1,1.1517780224563199
development_oof,without_mollogp,9,rbf_svc,285,3,3,0,0,-1.0776297653007603
development_oof,without_mollogp,9,rbf_svc,286,3,3,0,0,-0.9721406287945433
development_oof,without_mollogp,9,rbf_svc,287,158,3,0,0,-1.1451752381218803
development_oof,without_mollogp,9,rbf_svc,290,164,3,1,1,1.0371345071310303
development_oof,without_mollogp,9,rbf_svc,300,404,3,1,1,1.044388261626516
development_oof,without_mollogp,9,rbf_svc,309,22,3,0,0,-1.1434594097944113
development_oof,without_mollogp,9,rbf_svc,320,38,3,1,1,1.2520581644623487
development_oof,without_mollogp,9,rbf_svc,321,397,3,0,0,-0.693326641465164
development_oof,without_mollogp,9,rbf_svc,323,3,3,0,0,-0.9953846266061226
development_oof,without_mollogp,9,rbf_svc,327,3,3,0,0,-1.0241309546491995
development_oof,without_mollogp,9,rbf_svc,332,38,3,1,1,1.1516020274084875
development_oof,without_mollogp,9,rbf_svc,333,8,3,0,0,-1.093650744145617
development_oof,without_mollogp,9,rbf_svc,341,135,3,1,1,0.49354669613065605
development_oof,without_mollogp,9,rbf_svc,348,3,3,0,0,-0.9944641826682374
development_oof,without_mollogp,9,rbf_svc,349,22,3,1,0,-1.1594684918955898
development_oof,without_mollogp,9,rbf_svc,353,3,3,1,0,-1.2372648930908123
development_oof,without_mollogp,9,rbf_svc,354,391,3,1,0,-0.8529198319448386
development_oof,without_mollogp,9,rbf_svc,356,390,3,0,0,-0.6988520232899667
development_oof,without_mollogp,9,rbf_svc,363,22,3,0,0,-1.136782444382524
development_oof,without_mollogp,9,rbf_svc,370,8,3,0,0,-1.068043493192052
development_oof,without_mollogp,9,rbf_svc,387,383,3,1,0,-0.5901501509911344
development_oof,without_mollogp,9,rbf_svc,406,78,3,0,0,-0.9089005112431867
development_oof,without_mollogp,9,rbf_svc,412,3,3,0,0,-0.956708551101207
development_oof,without_mollogp,9,rbf_svc,414,3,3,0,0,-0.8940455043863709
development_oof,without_mollogp,9,rbf_svc,416,378,3,0,0,-1.251889476193276
development_oof,without_mollogp,9,rbf_svc,417,22,3,0,0,-1.1246175813350272
development_oof,without_mollogp,9,rbf_svc,419,154,3,1,1,1.1336189916764707
development_oof,without_mollogp,9,rbf_svc,421,27,3,0,0,-1.0042409022690413
development_oof,without_mollogp,9,rbf_svc,424,27,3,0,0,-0.8362847070883421
development_oof,without_mollogp,9,rbf_svc,437,158,3,0,0,-1.069792446580496
development_oof,without_mollogp,9,rbf_svc,438,96,3,1,0,-0.9580807643979325
development_oof,without_mollogp,9,rbf_svc,441,27,3,1,0,-0.9700794650811784
development_oof,without_mollogp,9,rbf_svc,443,372,3,0,0,-1.1229504550973777
development_oof,without_mollogp,9,rbf_svc,448,13,3,0,0,-0.8481458450953279
development_oof,without_mollogp,9,rbf_svc,450,3,3,0,0,-0.8471819460298613
development_oof,without_mollogp,9,rbf_svc,451,3,3,0,0,-0.7367735120866106
development_oof,without_mollogp,9,rbf_svc,456,78,3,0,0,-0.693789277803716
development_oof,without_mollogp,9,rbf_svc,469,8,3,0,0,-1.062045320045779
development_oof,without_mollogp,9,rbf_svc,473,22,3,0,0,-1.145414527466641
development_oof,without_mollogp,9,rbf_svc,483,27,3,0,0,-0.9323301418818184
development_oof,without_mollogp,9,rbf_svc,490,364,3,0,0,-0.9050086696950579
development_oof,without_mollogp,9,rbf_svc,511,129,3,0,0,-0.9984149817201109
development_oof,without_mollogp,9,rbf_svc,522,154,3,1,1,0.9484943537568931
development_oof,without_mollogp,9,rbf_svc,544,63,3,1,0,-0.7678436520460783
development_oof,without_mollogp,9,rbf_svc,547,77,3,0,0,-1.0180971766280051
development_oof,without_mollogp,9,rbf_svc,550,354,3,0,0,-0.6344316266050791
development_oof,without_mollogp,9,rbf_svc,556,13,3,0,0,-0.734375767375983
development_oof,without_mollogp,9,rbf_svc,567,13,3,0,0,-0.6446578116585246
development_oof,without_mollogp,9,rbf_svc,580,348,3,1,0,-0.7107204323064857
development_oof,without_mollogp,9,rbf_svc,597,341,3,0,0,-1.025893505465323
development_oof,without_mollogp,9,rbf_svc,606,337,3,0,0,-1.0122993280035952
development_oof,without_mollogp,9,rbf_svc,628,147,3,0,0,-1.311213407601268
development_oof,without_mollogp,9,rbf_svc,632,77,3,0,0,-0.9847579331765437
development_oof,without_mollogp,9,rbf_svc,649,89,3,0,0,-0.7697040617001603
development_oof,without_mollogp,9,rbf_svc,652,328,3,0,0,-0.9771609237755616
development_oof,without_mollogp,9,rbf_svc,681,318,3,0,0,-0.767853171143924
development_oof,without_mollogp,9,rbf_svc,685,33,3,0,0,-0.9440082105892436
development_oof,without_mollogp,9,rbf_svc,686,144,3,1,0,-0.9764280628745332
development_oof,without_mollogp,9,rbf_svc,690,315,3,0,0,-0.7464729633862597
development_oof,without_mollogp,9,rbf_svc,694,33,3,0,0,-1.1914043890853987
development_oof,without_mollogp,9,rbf_svc,696,89,3,0,0,-0.7813685666549686
development_oof,without_mollogp,9,rbf_svc,717,140,3,0,0,-0.5472155380666346
development_oof,without_mollogp,9,rbf_svc,718,308,3,0,0,-1.0586607637085164
development_oof,without_mollogp,9,rbf_svc,743,13,3,0,0,-0.7073056430663256
development_oof,without_mollogp,9,rbf_svc,756,303,3,0,0,-1.0783972750320563
development_oof,without_mollogp,9,rbf_svc,767,63,3,1,0,-0.9046296973182704
development_oof,without_mollogp,9,rbf_svc,768,300,3,0,1,1.073723027480213
development_oof,without_mollogp,9,rbf_svc,769,135,3,0,1,0.538685909002377
development_oof,without_mollogp,9,rbf_svc,801,290,3,0,0,-1.1543775806916072
development_oof,without_mollogp,9,rbf_svc,805,63,3,1,0,-0.23142935426444766
development_oof,without_mollogp,9,rbf_svc,807,288,3,0,0,-1.0040904607412584
development_oof,without_mollogp,9,rbf_svc,808,33,3,0,0,-0.7265033391105271
development_oof,without_mollogp,9,rbf_svc,813,33,3,0,0,-0.4604520317266161
development_oof,without_mollogp,9,rbf_svc,821,282,3,0,0,-0.533897832415182
development_oof,without_mollogp,9,rbf_svc,827,129,3,0,0,-0.9657779952336984
development_oof,without_mollogp,9,rbf_svc,847,274,3,0,0,-1.1112395209835115
development_oof,without_mollogp,9,rbf_svc,854,271,3,0,0,-0.5456942770742634
development_oof,without_mollogp,9,rbf_svc,864,264,3,0,0,-1.158656455200444
development_oof,without_mollogp,9,rbf_svc,866,262,3,0,0,-0.5288317598859229
development_oof,without_mollogp,9,rbf_svc,869,80,3,0,0,-0.9176038494304766
development_oof,without_mollogp,9,rbf_svc,881,259,3,0,0,-0.7271434168216209
development_oof,without_mollogp,9,rbf_svc,883,59,3,1,1,0.09433690125651029
development_oof,without_mollogp,9,rbf_svc,893,253,3,0,0,-0.782003009485144
development_oof,without_mollogp,9,rbf_svc,899,123,3,1,1,1.1389918519657973
development_oof,without_mollogp,9,rbf_svc,904,52,3,1,1,1.0747810743319937
development_oof,without_mollogp,9,rbf_svc,913,121,3,1,1,1.301302175929164
development_oof,without_mollogp,9,rbf_svc,917,243,3,1,0,-0.9185522778574471
development_oof,without_mollogp,9,rbf_svc,920,241,3,0,0,-0.9070223240250954
development_oof,without_mollogp,9,rbf_svc,921,16,3,0,0,-0.8809579515515369
development_oof,without_mollogp,9,rbf_svc,930,235,3,1,1,0.09873136507854485
development_oof,without_mollogp,9,rbf_svc,935,231,3,0,0,-1.0329172502072947
development_oof,without_mollogp,9,rbf_svc,940,78,3,0,0,-0.8977344595081751
development_oof,without_mollogp,9,rbf_svc,945,227,3,0,0,-0.6499138899362651
development_oof,without_mollogp,9,rbf_svc,962,218,3,0,0,-0.9452059195798457
development_oof,without_mollogp,9,rbf_svc,963,217,3,0,0,-1.129249460890476
development_oof,without_mollogp,9,rbf_svc,973,210,3,0,0,-1.0074355976109757
development_oof,without_mollogp,9,rbf_svc,982,77,3,0,0,-0.9476314398469532
development_oof,without_mollogp,9,rbf_svc,988,202,3,1,0,-0.8456900786771111
development_oof,without_mollogp,9,rbf_svc,998,198,3,0,0,-0.4881642915279809
development_oof,without_mollogp,9,rbf_svc,1002,197,3,0,0,-0.9030445729466494
development_oof,without_mollogp,9,rbf_svc,1006,111,3,0,0,-0.9069814167779959
development_oof,without_mollogp,9,rbf_svc,1017,189,3,0,0,-1.024438098314824
development_oof,without_mollogp,9,rbf_svc,1025,63,3,1,0,-1.3705018020723416
development_oof,without_mollogp,9,rbf_svc,1028,184,3,0,0,-0.9263198005140991
development_oof,without_mollogp,9,rbf_svc,1029,183,3,0,0,-0.9410165431558217
development_oof,without_mollogp,9,rbf_svc,16,93,4,1,1,1.077921289204092
development_oof,without_mollogp,9,rbf_svc,19,457,4,0,0,-0.9567570892003439
development_oof,without_mollogp,9,rbf_svc,27,53,4,0,0,-1.039839944545508
development_oof,without_mollogp,9,rbf_svc,44,450,4,0,0,-1.0822747391934955
development_oof,without_mollogp,9,rbf_svc,60,4,4,1,0,-0.8482266613888483
development_oof,without_mollogp,9,rbf_svc,62,82,4,0,0,-1.0131310040393282
development_oof,without_mollogp,9,rbf_svc,66,82,4,1,0,-0.923196333786491
development_oof,without_mollogp,9,rbf_svc,69,444,4,0,0,-1.002527311993229
development_oof,without_mollogp,9,rbf_svc,83,60,4,1,0,-0.27428123168962615
development_oof,without_mollogp,9,rbf_svc,84,9,4,1,1,2.210058914919136
development_oof,without_mollogp,9,rbf_svc,86,174,4,1,1,1.0187947599801521
development_oof,without_mollogp,9,rbf_svc,90,9,4,1,1,1.0231477874135415
development_oof,without_mollogp,9,rbf_svc,95,161,4,0,0,-1.0419538575513367
development_oof,without_mollogp,9,rbf_svc,102,15,4,0,0,-0.9034761275738215
development_oof,without_mollogp,9,rbf_svc,112,9,4,1,1,1.0831225996898801
development_oof,without_mollogp,9,rbf_svc,117,433,4,0,0,-0.9467931116184951
development_oof,without_mollogp,9,rbf_svc,119,0,4,0,0,-0.9032138188670629
development_oof,without_mollogp,9,rbf_svc,123,9,4,1,1,1.1365797562795767
development_oof,without_mollogp,9,rbf_svc,131,170,4,1,0,-0.27428123168962615
development_oof,without_mollogp,9,rbf_svc,134,15,4,0,0,-1.0478714221075862
development_oof,without_mollogp,9,rbf_svc,138,431,4,0,0,-0.5896066051662172
development_oof,without_mollogp,9,rbf_svc,142,0,4,0,0,-0.9287424730723333
development_oof,without_mollogp,9,rbf_svc,156,9,4,1,1,1.0108150210469782
development_oof,without_mollogp,9,rbf_svc,157,0,4,0,0,-0.9881568271134233
development_oof,without_mollogp,9,rbf_svc,159,4,4,1,0,-0.9428190648739412
development_oof,without_mollogp,9,rbf_svc,169,9,4,1,1,1.0612145261967891
development_oof,without_mollogp,9,rbf_svc,170,60,4,1,0,-0.8309038318328283
development_oof,without_mollogp,9,rbf_svc,178,54,4,0,0,-1.0368654816234442
development_oof,without_mollogp,9,rbf_svc,181,9,4,1,1,1.003656310887853
development_oof,without_mollogp,9,rbf_svc,183,422,4,0,0,-1.0000620977344983
development_oof,without_mollogp,9,rbf_svc,184,4,4,1,0,-0.937077545289523
development_oof,without_mollogp,9,rbf_svc,187,9,4,1,1,1.0321178494402357
development_oof,without_mollogp,9,rbf_svc,193,9,4,1,1,1.0607541864881778
development_oof,without_mollogp,9,rbf_svc,198,53,4,0,0,-0.9874525070866913
development_oof,without_mollogp,9,rbf_svc,201,9,4,1,1,1.0637226913354965
development_oof,without_mollogp,9,rbf_svc,206,125,4,1,0,-1.0649430277995668
development_oof,without_mollogp,9,rbf_svc,210,104,4,1,1,0.9667352842747745
development_oof,without_mollogp,9,rbf_svc,221,9,4,1,1,0.9726712180972339
development_oof,without_mollogp,9,rbf_svc,236,416,4,1,0,-1.1108232947057466
development_oof,without_mollogp,9,rbf_svc,258,35,4,0,0,-1.0350726142345137
development_oof,without_mollogp,9,rbf_svc,277,102,4,1,0,-0.9811351061194598
development_oof,without_mollogp,9,rbf_svc,294,122,4,0,0,-0.8738072039564158
development_oof,without_mollogp,9,rbf_svc,304,24,4,1,0,-0.9953208062803947
development_oof,without_mollogp,9,rbf_svc,310,401,4,0,0,-1.0097085309014522
development_oof,without_mollogp,9,rbf_svc,311,400,4,1,0,-1.0069428836615322
development_oof,without_mollogp,9,rbf_svc,322,15,4,0,0,-0.8798249027320393
development_oof,without_mollogp,9,rbf_svc,335,15,4,0,0,-0.9149406956404846
development_oof,without_mollogp,9,rbf_svc,337,15,4,0,0,-0.9782840207899246
development_oof,without_mollogp,9,rbf_svc,355,15,4,0,0,-1.039562239053611
development_oof,without_mollogp,9,rbf_svc,358,389,4,0,0,-0.7327013667799649
development_oof,without_mollogp,9,rbf_svc,371,161,4,0,0,-0.9198609524643173
development_oof,without_mollogp,9,rbf_svc,379,24,4,0,0,-0.9909884312475981
development_oof,without_mollogp,9,rbf_svc,382,384,4,0,0,-0.9763686863508381
development_oof,without_mollogp,9,rbf_svc,384,69,4,0,0,-0.8794903332555724
development_oof,without_mollogp,9,rbf_svc,386,4,4,1,0,-0.9311131431969264
development_oof,without_mollogp,9,rbf_svc,392,4,4,1,1,0.11959259950093926
development_oof,without_mollogp,9,rbf_svc,393,0,4,0,0,-0.9537912854591368
development_oof,without_mollogp,9,rbf_svc,400,28,4,0,0,-1.0964504747591495
development_oof,without_mollogp,9,rbf_svc,401,4,4,1,0,-0.9694963009100215
development_oof,without_mollogp,9,rbf_svc,404,35,4,0,0,-1.0762089147042737
development_oof,without_mollogp,9,rbf_svc,405,379,4,0,0,-0.8297199579112113
development_oof,without_mollogp,9,rbf_svc,407,160,4,0,0,-0.9743633131948013
development_oof,without_mollogp,9,rbf_svc,409,4,4,1,0,-0.6478758076518363
development_oof,without_mollogp,9,rbf_svc,423,50,4,0,0,-0.8553825144743696
development_oof,without_mollogp,9,rbf_svc,430,4,4,1,0,-1.042997689786503
development_oof,without_mollogp,9,rbf_svc,434,97,4,1,1,1.0571528536114247
development_oof,without_mollogp,9,rbf_svc,446,4,4,1,0,-0.9035495275870369
development_oof,without_mollogp,9,rbf_svc,454,104,4,1,1,0.968656358829606
development_oof,without_mollogp,9,rbf_svc,455,93,4,1,1,1.1247068414793537
development_oof,without_mollogp,9,rbf_svc,462,15,4,0,0,-0.9453230428997503
development_oof,without_mollogp,9,rbf_svc,464,4,4,1,0,-0.7292140710409003
development_oof,without_mollogp,9,rbf_svc,465,4,4,1,0,-0.7916254768695075
development_oof,without_mollogp,9,rbf_svc,466,0,4,0,0,-0.9455656092392013
development_oof,without_mollogp,9,rbf_svc,470,0,4,0,0,-0.9383769627967988
development_oof,without_mollogp,9,rbf_svc,480,367,4,0,0,-0.9077028528103648
development_oof,without_mollogp,9,rbf_svc,481,4,4,1,0,-0.8908375589975137
development_oof,without_mollogp,9,rbf_svc,484,365,4,0,0,-0.9145245034151108
development_oof,without_mollogp,9,rbf_svc,495,0,4,0,0,-0.9458660049986876
development_oof,without_mollogp,9,rbf_svc,498,54,4,0,0,-0.9500991556910148
development_oof,without_mollogp,9,rbf_svc,499,15,4,0,0,-0.9490329538800049
development_oof,without_mollogp,9,rbf_svc,500,28,4,0,0,-1.0478358313647533
development_oof,without_mollogp,9,rbf_svc,501,72,4,0,0,-1.004812117890708
development_oof,without_mollogp,9,rbf_svc,503,93,4,1,1,1.1096086202652737
development_oof,without_mollogp,9,rbf_svc,506,0,4,0,0,-1.002731861718407
development_oof,without_mollogp,9,rbf_svc,517,0,4,0,0,-0.89352015930053
development_oof,without_mollogp,9,rbf_svc,519,53,4,0,0,-1.0432848006371482
development_oof,without_mollogp,9,rbf_svc,520,53,4,0,0,-1.0547731753356773
development_oof,without_mollogp,9,rbf_svc,524,0,4,0,0,-0.8984523602811068
development_oof,without_mollogp,9,rbf_svc,525,15,4,0,0,-0.9654952654175071
development_oof,without_mollogp,9,rbf_svc,527,0,4,0,0,-0.9445889940736871
development_oof,without_mollogp,9,rbf_svc,528,359,4,0,0,-1.021551244162333
development_oof,without_mollogp,9,rbf_svc,529,0,4,0,0,-1.0611050326767202
development_oof,without_mollogp,9,rbf_svc,542,35,4,1,0,-1.0394390062216419
development_oof,without_mollogp,9,rbf_svc,543,0,4,0,0,-0.988707650498198
development_oof,without_mollogp,9,rbf_svc,545,136,4,1,0,-0.9349171808109451
development_oof,without_mollogp,9,rbf_svc,553,0,4,0,0,-0.9616673314933826
development_oof,without_mollogp,9,rbf_svc,559,351,4,0,0,-1.0293047699087585
development_oof,without_mollogp,9,rbf_svc,560,0,4,0,0,-0.9241535786751254
development_oof,without_mollogp,9,rbf_svc,568,0,4,0,0,-0.7933352645209382
development_oof,without_mollogp,9,rbf_svc,570,0,4,1,0,-0.9520187637908772
development_oof,without_mollogp,9,rbf_svc,572,0,4,1,0,-0.8590191102784266
development_oof,without_mollogp,9,rbf_svc,577,44,4,0,0,-1.0866300708608214
development_oof,without_mollogp,9,rbf_svc,581,347,4,0,0,-1.1643154001103826
development_oof,without_mollogp,9,rbf_svc,582,44,4,0,0,-0.970149532777387
development_oof,without_mollogp,9,rbf_svc,583,69,4,0,0,-0.970831264831481
development_oof,without_mollogp,9,rbf_svc,588,344,4,0,0,-0.8066711745996085
development_oof,without_mollogp,9,rbf_svc,592,0,4,1,0,-0.9175223926135654
development_oof,without_mollogp,9,rbf_svc,595,35,4,0,0,-1.044211934552065
development_oof,without_mollogp,9,rbf_svc,600,151,4,0,0,-1.0149149214181585
development_oof,without_mollogp,9,rbf_svc,602,338,4,0,0,-1.041777644184115
development_oof,without_mollogp,9,rbf_svc,604,0,4,0,0,-0.8330226061301411
development_oof,without_mollogp,9,rbf_svc,605,0,4,0,0,-0.8825471987586908
development_oof,without_mollogp,9,rbf_svc,607,0,4,1,0,-0.8686358870806437
development_oof,without_mollogp,9,rbf_svc,608,0,4,0,0,-0.8446862446544852
development_oof,without_mollogp,9,rbf_svc,610,0,4,0,0,-0.9402641962752589
development_oof,without_mollogp,9,rbf_svc,611,0,4,0,0,-0.9027269693073159
development_oof,without_mollogp,9,rbf_svc,613,85,4,0,0,-0.8978366921925998
development_oof,without_mollogp,9,rbf_svc,615,0,4,0,0,-1.0150381786015592
development_oof,without_mollogp,9,rbf_svc,627,335,4,0,0,-0.9529918546172838
development_oof,without_mollogp,9,rbf_svc,633,0,4,0,0,-1.0683970598017642
development_oof,without_mollogp,9,rbf_svc,646,0,4,0,0,-0.7677841248778863
development_oof,without_mollogp,9,rbf_svc,647,0,4,0,0,-0.9089800776589254
development_oof,without_mollogp,9,rbf_svc,648,329,4,0,0,-0.9555457883181095
development_oof,without_mollogp,9,rbf_svc,657,4,4,1,0,-0.6953259213828511
development_oof,without_mollogp,9,rbf_svc,662,0,4,0,0,-0.8597451474119027
development_oof,without_mollogp,9,rbf_svc,665,69,4,1,0,-0.9114216063765872
development_oof,without_mollogp,9,rbf_svc,666,44,4,0,0,-0.9367749593391121
development_oof,without_mollogp,9,rbf_svc,667,0,4,0,0,-1.0368628812920788
development_oof,without_mollogp,9,rbf_svc,671,321,4,1,0,-1.061615745419081
development_oof,without_mollogp,9,rbf_svc,674,4,4,0,0,-0.8626848485034244
development_oof,without_mollogp,9,rbf_svc,683,142,4,0,0,-0.588966913145059
development_oof,without_mollogp,9,rbf_svc,691,142,4,0,0,-0.9584163466998017
development_oof,without_mollogp,9,rbf_svc,692,0,4,0,0,-0.9420392486399545
development_oof,without_mollogp,9,rbf_svc,693,0,4,0,0,-0.9330804050196211
development_oof,without_mollogp,9,rbf_svc,699,0,4,0,0,-0.8615585115145266
development_oof,without_mollogp,9,rbf_svc,701,0,4,1,0,-0.893319887969551
development_oof,without_mollogp,9,rbf_svc,704,313,4,0,0,-0.8380972255361752
development_oof,without_mollogp,9,rbf_svc,706,0,4,0,0,-0.8551821925524938
development_oof,without_mollogp,9,rbf_svc,715,4,4,1,0,-0.9003478980854307
development_oof,without_mollogp,9,rbf_svc,729,0,4,0,0,-1.049220493993219
development_oof,without_mollogp,9,rbf_svc,731,60,4,0,0,-1.1058904277634352
development_oof,without_mollogp,9,rbf_svc,735,132,4,0,0,-0.8398142859648734
development_oof,without_mollogp,9,rbf_svc,737,85,4,1,0,-1.071754029697254
development_oof,without_mollogp,9,rbf_svc,738,136,4,1,0,-0.91087051921412
development_oof,without_mollogp,9,rbf_svc,740,44,4,0,0,-0.92493098139998
development_oof,without_mollogp,9,rbf_svc,742,305,4,0,0,-0.8947992707772083
development_oof,without_mollogp,9,rbf_svc,745,0,4,0,0,-0.779525503326598
development_oof,without_mollogp,9,rbf_svc,753,85,4,0,0,-1.0816967133733033
development_oof,without_mollogp,9,rbf_svc,761,44,4,0,0,-0.8820890160449817
development_oof,without_mollogp,9,rbf_svc,776,298,4,0,0,-0.9593690890510558
development_oof,without_mollogp,9,rbf_svc,794,0,4,0,0,-0.6347699056156955
development_oof,without_mollogp,9,rbf_svc,796,35,4,0,0,-1.0194058669417527
development_oof,without_mollogp,9,rbf_svc,800,132,4,0,0,-0.9752341286075141
development_oof,without_mollogp,9,rbf_svc,803,289,4,0,0,-0.9324787506289736
development_oof,without_mollogp,9,rbf_svc,818,283,4,0,0,-0.9887650829438159
development_oof,without_mollogp,9,rbf_svc,822,35,4,0,0,-0.9665414456543446
development_oof,without_mollogp,9,rbf_svc,839,82,4,0,0,-1.020393241637583
development_oof,without_mollogp,9,rbf_svc,844,276,4,0,0,-1.1434766282094386
development_oof,without_mollogp,9,rbf_svc,855,270,4,0,0,-0.5836161514405795
development_oof,without_mollogp,9,rbf_svc,865,263,4,0,0,-0.9914774424460304
development_oof,without_mollogp,9,rbf_svc,867,60,4,0,0,-0.5327079561363453
development_oof,without_mollogp,9,rbf_svc,885,256,4,0,0,-0.760978359500651
development_oof,without_mollogp,9,rbf_svc,888,254,4,1,0,-0.9703157213182523
development_oof,without_mollogp,9,rbf_svc,891,125,4,0,0,-0.8990805879519443
development_oof,without_mollogp,9,rbf_svc,902,122,4,1,0,-0.9416405788569169
development_oof,without_mollogp,9,rbf_svc,907,246,4,0,0,-0.9787486891187991
development_oof,without_mollogp,9,rbf_svc,918,242,4,0,0,-0.903715053409482
development_oof,without_mollogp,9,rbf_svc,931,234,4,0,0,-0.9311886930856066
development_oof,without_mollogp,9,rbf_svc,949,224,4,0,0,-0.8868785933358867
development_oof,without_mollogp,9,rbf_svc,954,4,4,1,1,0.18774459961918644
development_oof,without_mollogp,9,rbf_svc,968,214,4,1,0,-0.8101387434051521
development_oof,without_mollogp,9,rbf_svc,980,207,4,0,0,-1.0403346722950821
development_oof,without_mollogp,9,rbf_svc,981,206,4,0,0,-0.9460681003675402
development_oof,without_mollogp,9,rbf_svc,984,204,4,1,0,-0.8094961536473508
development_oof,without_mollogp,9,rbf_svc,991,0,4,0,0,-0.8919737710074018
development_oof,without_mollogp,9,rbf_svc,993,69,4,0,0,-0.8923046302112467
development_oof,without_mollogp,9,rbf_svc,995,112,4,0,0,-1.0383891240965955
development_oof,without_mollogp,9,rbf_svc,1016,190,4,1,0,-1.0366771737519327
development_oof,without_mollogp,9,rbf_svc,1024,4,4,1,0,-0.8553490649903879
development_oof,without_mollogp,9,rbf_svc,1031,181,4,0,0,-0.11982203818384529
development_oof,without_mollogp,9,rbf_svc,1033,179,4,0,0,-0.8797759530617288
development_oof,without_mollogp,9,rbf_svc,5,31,5,1,1,1.1195798205890028
development_oof,without_mollogp,9,rbf_svc,6,61,5,0,0,-0.9725314542454415
development_oof,without_mollogp,9,rbf_svc,15,458,5,1,1,0.957281056107671
development_oof,without_mollogp,9,rbf_svc,23,11,5,0,0,-0.7617314464905982
development_oof,without_mollogp,9,rbf_svc,26,11,5,0,0,-0.9500077021378475
development_oof,without_mollogp,9,rbf_svc,41,451,5,0,0,-1.1201655266266457
development_oof,without_mollogp,9,rbf_svc,46,18,5,0,1,0.9970500932040163
development_oof,without_mollogp,9,rbf_svc,49,11,5,0,0,-1.1528842047386585
development_oof,without_mollogp,9,rbf_svc,52,448,5,0,0,-1.2040183031650022
development_oof,without_mollogp,9,rbf_svc,57,61,5,0,0,-0.9599448771879164
development_oof,without_mollogp,9,rbf_svc,58,11,5,0,0,-1.1299014677928374
development_oof,without_mollogp,9,rbf_svc,59,11,5,0,0,-0.7221390490765665
development_oof,without_mollogp,9,rbf_svc,76,11,5,0,1,0.33715054213379214
development_oof,without_mollogp,9,rbf_svc,79,175,5,1,0,-0.6015999964675449
development_oof,without_mollogp,9,rbf_svc,85,17,5,1,1,0.9195489402635191
development_oof,without_mollogp,9,rbf_svc,96,18,5,1,1,1.0649052959491083
development_oof,without_mollogp,9,rbf_svc,98,438,5,0,0,-0.8523313298858664
development_oof,without_mollogp,9,rbf_svc,100,31,5,1,1,1.0073081284801653
development_oof,without_mollogp,9,rbf_svc,105,437,5,1,0,-0.6060210600501332
development_oof,without_mollogp,9,rbf_svc,106,18,5,1,1,0.9913049325197592
development_oof,without_mollogp,9,rbf_svc,111,106,5,0,0,-0.7893737850313138
development_oof,without_mollogp,9,rbf_svc,116,434,5,0,1,0.21763949774438873
development_oof,without_mollogp,9,rbf_svc,130,171,5,0,0,-0.5299052136067306
development_oof,without_mollogp,9,rbf_svc,132,18,5,1,1,1.0272507388702803
development_oof,without_mollogp,9,rbf_svc,141,106,5,0,0,-1.1702530547152137
development_oof,without_mollogp,9,rbf_svc,149,106,5,0,0,-0.92276435648154
development_oof,without_mollogp,9,rbf_svc,150,55,5,1,1,0.9425438251281797
development_oof,without_mollogp,9,rbf_svc,152,429,5,0,0,-0.4352919171908842
development_oof,without_mollogp,9,rbf_svc,161,427,5,0,0,-0.596461659650213
development_oof,without_mollogp,9,rbf_svc,163,18,5,1,1,2.816095217807864
development_oof,without_mollogp,9,rbf_svc,165,17,5,1,1,1.0503745052845725
development_oof,without_mollogp,9,rbf_svc,167,18,5,1,1,1.0064367926524505
development_oof,without_mollogp,9,rbf_svc,172,423,5,0,1,2.771986764148224
development_oof,without_mollogp,9,rbf_svc,179,11,5,0,0,-0.6692020085620276
development_oof,without_mollogp,9,rbf_svc,182,31,5,1,1,0.9661343185912252
development_oof,without_mollogp,9,rbf_svc,186,18,5,1,1,1.029113250673044
development_oof,without_mollogp,9,rbf_svc,195,31,5,1,1,1.0509125381744076
development_oof,without_mollogp,9,rbf_svc,208,31,5,1,1,1.1999778124131697
development_oof,without_mollogp,9,rbf_svc,215,61,5,0,0,-0.7754787660714457
development_oof,without_mollogp,9,rbf_svc,219,418,5,0,0,-0.8887931694694411
development_oof,without_mollogp,9,rbf_svc,223,68,5,0,0,-1.1850772181053133
development_oof,without_mollogp,9,rbf_svc,225,55,5,1,1,1.0101319349652944
development_oof,without_mollogp,9,rbf_svc,231,417,5,0,0,-0.8688969370926121
development_oof,without_mollogp,9,rbf_svc,233,17,5,1,1,0.920060783319929
development_oof,without_mollogp,9,rbf_svc,255,410,5,0,0,-0.910265879755203
development_oof,without_mollogp,9,rbf_svc,256,18,5,1,1,1.1203580915287799
development_oof,without_mollogp,9,rbf_svc,259,409,5,0,0,-0.5806508292396886
development_oof,without_mollogp,9,rbf_svc,261,25,5,1,0,-1.0819289496887905
development_oof,without_mollogp,9,rbf_svc,273,25,5,1,0,-0.9291041696653111
development_oof,without_mollogp,9,rbf_svc,276,17,5,1,1,1.0863769539031756
development_oof,without_mollogp,9,rbf_svc,297,163,5,0,0,-1.0151664124385908
development_oof,without_mollogp,9,rbf_svc,298,405,5,0,0,-1.1647456723721803
development_oof,without_mollogp,9,rbf_svc,316,100,5,0,0,-0.9581920565380904
development_oof,without_mollogp,9,rbf_svc,319,163,5,0,0,-1.0001694681100306
development_oof,without_mollogp,9,rbf_svc,326,157,5,1,1,1.036688421756975
development_oof,without_mollogp,9,rbf_svc,330,76,5,1,0,-1.1332158572048423
development_oof,without_mollogp,9,rbf_svc,334,394,5,0,0,-0.9439008347747857
development_oof,without_mollogp,9,rbf_svc,336,55,5,1,1,0.9428375889932226
development_oof,without_mollogp,9,rbf_svc,338,17,5,1,1,1.0675781688862285
development_oof,without_mollogp,9,rbf_svc,339,11,5,0,1,0.13154182885910193
development_oof,without_mollogp,9,rbf_svc,340,393,5,0,0,-0.979625584304441
development_oof,without_mollogp,9,rbf_svc,343,17,5,1,1,1.0735937331016097
development_oof,without_mollogp,9,rbf_svc,347,17,5,1,1,1.1095879909321198
development_oof,without_mollogp,9,rbf_svc,351,100,5,1,0,-0.9094024891663002
development_oof,without_mollogp,9,rbf_svc,357,37,5,1,1,1.0333008063701994
development_oof,without_mollogp,9,rbf_svc,364,25,5,1,0,-0.9913442250646425
development_oof,without_mollogp,9,rbf_svc,372,17,5,1,1,0.9809651753231532
development_oof,without_mollogp,9,rbf_svc,377,386,5,0,0,-0.8934329350626038
development_oof,without_mollogp,9,rbf_svc,381,76,5,0,0,-1.051424777200433
development_oof,without_mollogp,9,rbf_svc,397,11,5,0,0,-1.021641861503969
development_oof,without_mollogp,9,rbf_svc,402,380,5,0,0,-1.1468711778235392
development_oof,without_mollogp,9,rbf_svc,435,374,5,0,0,-0.9637018995632236
development_oof,without_mollogp,9,rbf_svc,436,25,5,1,0,-0.6684410419492137
development_oof,without_mollogp,9,rbf_svc,458,18,5,0,1,1.0415765971723216
development_oof,without_mollogp,9,rbf_svc,459,25,5,1,0,-1.077405097099491
development_oof,without_mollogp,9,rbf_svc,468,370,5,0,0,-1.0297697733320608
development_oof,without_mollogp,9,rbf_svc,479,368,5,0,0,-0.9840572381423829
development_oof,without_mollogp,9,rbf_svc,486,157,5,0,0,-1.0742138584914616
development_oof,without_mollogp,9,rbf_svc,494,94,5,0,0,-0.8236109075494518
development_oof,without_mollogp,9,rbf_svc,533,71,5,0,0,-0.6691835607727239
development_oof,without_mollogp,9,rbf_svc,536,71,5,0,0,-0.7681354057469225
development_oof,without_mollogp,9,rbf_svc,549,355,5,0,0,-0.7630024261525723
development_oof,without_mollogp,9,rbf_svc,555,352,5,1,1,1.1986874560587872
development_oof,without_mollogp,9,rbf_svc,557,66,5,0,0,-0.5732911923180095
development_oof,without_mollogp,9,rbf_svc,563,71,5,0,0,-0.6711601181990743
development_oof,without_mollogp,9,rbf_svc,575,115,5,0,0,-0.44846778323985337
development_oof,without_mollogp,9,rbf_svc,579,114,5,1,0,-0.9970584264560609
development_oof,without_mollogp,9,rbf_svc,585,31,5,1,1,1.1771835099695973
development_oof,without_mollogp,9,rbf_svc,587,345,5,0,0,-0.5765347481026339
development_oof,without_mollogp,9,rbf_svc,601,339,5,0,0,-1.1261697943901658
development_oof,without_mollogp,9,rbf_svc,612,87,5,0,0,-1.009908315617776
development_oof,without_mollogp,9,rbf_svc,620,68,5,0,0,-1.1515050996118823
development_oof,without_mollogp,9,rbf_svc,634,17,5,1,1,1.0709644865863066
development_oof,without_mollogp,9,rbf_svc,635,68,5,1,0,-1.0171537339806707
development_oof,without_mollogp,9,rbf_svc,640,146,5,0,0,-0.9103579149977927
development_oof,without_mollogp,9,rbf_svc,641,66,5,0,0,-0.9068577356803391
development_oof,without_mollogp,9,rbf_svc,643,330,5,0,0,-0.9760947775295137
development_oof,without_mollogp,9,rbf_svc,645,146,5,0,0,-0.9860369973251679
development_oof,without_mollogp,9,rbf_svc,656,326,5,0,0,-0.5659854454191724
development_oof,without_mollogp,9,rbf_svc,664,116,5,0,0,-0.9502296725606938
development_oof,without_mollogp,9,rbf_svc,675,71,5,0,0,-0.5343389407695238
development_oof,without_mollogp,9,rbf_svc,682,317,5,0,0,-1.0029266608993181
development_oof,without_mollogp,9,rbf_svc,688,143,5,0,0,-0.8226318105846462
development_oof,without_mollogp,9,rbf_svc,698,314,5,0,0,-0.7356890506203888
development_oof,without_mollogp,9,rbf_svc,711,45,5,0,0,-0.7304661425184087
development_oof,without_mollogp,9,rbf_svc,723,25,5,0,0,-1.0013700906581333
development_oof,without_mollogp,9,rbf_svc,725,45,5,1,0,-0.7518197761422967
development_oof,without_mollogp,9,rbf_svc,726,31,5,1,1,1.0562627722542166
development_oof,without_mollogp,9,rbf_svc,732,45,5,0,0,-0.7479914138267596
development_oof,without_mollogp,9,rbf_svc,736,137,5,0,0,-0.7014484674346966
development_oof,without_mollogp,9,rbf_svc,741,306,5,0,0,-1.1321489167231944
development_oof,without_mollogp,9,rbf_svc,744,87,5,0,0,-1.0524129371674251
development_oof,without_mollogp,9,rbf_svc,749,11,5,0,0,-0.9795473605416876
development_oof,without_mollogp,9,rbf_svc,799,45,5,0,0,-0.6074973498671634
development_oof,without_mollogp,9,rbf_svc,802,131,5,0,0,-0.9060056009097626
development_oof,without_mollogp,9,rbf_svc,816,284,5,0,0,-0.4581418334907157
development_oof,without_mollogp,9,rbf_svc,837,278,5,0,0,-0.7533625686580774
development_oof,without_mollogp,9,rbf_svc,845,11,5,0,0,-0.9313844392174897
development_oof,without_mollogp,9,rbf_svc,857,268,5,0,0,-0.8592170521949376
development_oof,without_mollogp,9,rbf_svc,858,61,5,0,0,-0.7755617982243661
development_oof,without_mollogp,9,rbf_svc,860,266,5,0,0,-0.731704428947441
development_oof,without_mollogp,9,rbf_svc,870,260,5,0,0,-0.9506985312671443
development_oof,without_mollogp,9,rbf_svc,900,249,5,0,0,-0.7737280927919816
development_oof,without_mollogp,9,rbf_svc,906,247,5,0,0,-1.0148542210845009
development_oof,without_mollogp,9,rbf_svc,915,25,5,1,0,-1.0495293792363196
development_oof,without_mollogp,9,rbf_svc,926,238,5,1,0,-0.9595952267223329
development_oof,without_mollogp,9,rbf_svc,939,229,5,1,0,-0.44068531456862536
development_oof,without_mollogp,9,rbf_svc,948,225,5,1,0,-0.2787512361842095
development_oof,without_mollogp,9,rbf_svc,958,220,5,0,0,-1.165455496179381
development_oof,without_mollogp,9,rbf_svc,960,116,5,0,0,-0.9733088032044324
development_oof,without_mollogp,9,rbf_svc,969,115,5,0,0,-0.5335236836395245
development_oof,without_mollogp,9,rbf_svc,971,212,5,1,0,-0.45876176104186683
development_oof,without_mollogp,9,rbf_svc,972,211,5,0,0,-0.9932425983919162
development_oof,without_mollogp,9,rbf_svc,974,45,5,0,0,-0.6799687319618324
development_oof,without_mollogp,9,rbf_svc,975,66,5,0,0,-0.6990757144698512
development_oof,without_mollogp,9,rbf_svc,979,114,5,0,0,-1.1217121436063977
development_oof,without_mollogp,9,rbf_svc,990,201,5,0,0,-0.6927646514602126
development_oof,without_mollogp,9,rbf_svc,1008,76,5,0,0,-1.099812447590087
development_oof,without_mollogp,9,rbf_svc,1010,194,5,0,0,-0.5462469693518714
development_oof,without_mollogp,9,rbf_svc,1015,191,5,1,0,-1.1596784414776657
development_oof,without_mollogp,9,rbf_svc,1027,185,5,1,1,0.9182761479314259
development_oof,without_mollogp,9,rbf_svc,1032,180,5,0,0,-0.1516174291719541
development_oof,without_mollogp,9,random_forest,3,108,1,0,0,0.04666666666666667
development_oof,without_mollogp,9,random_forest,13,109,1,1,1,0.7733333333333333
development_oof,without_mollogp,9,random_forest,22,456,1,0,0,0.16333333333333333
development_oof,without_mollogp,9,random_forest,24,455,1,0,0,0.33666666666666667
development_oof,without_mollogp,9,random_forest,25,12,1,1,0,0.4166666666666667
development_oof,without_mollogp,9,random_forest,35,108,1,0,0,0.1
development_oof,without_mollogp,9,random_forest,43,6,1,0,0,0.06333333333333334
development_oof,without_mollogp,9,random_forest,53,447,1,0,0,0.11333333333333333
development_oof,without_mollogp,9,random_forest,65,168,1,1,1,0.9833333333333333
development_oof,without_mollogp,9,random_forest,68,445,1,1,0,0.09
development_oof,without_mollogp,9,random_forest,70,166,1,0,0,0.14
development_oof,without_mollogp,9,random_forest,72,12,1,1,0,0.33
development_oof,without_mollogp,9,random_forest,75,108,1,0,0,0.13666666666666666
development_oof,without_mollogp,9,random_forest,88,12,1,0,0,0.19666666666666666
development_oof,without_mollogp,9,random_forest,89,6,1,0,0,0.18666666666666668
development_oof,without_mollogp,9,random_forest,110,41,1,0,0,0.15
development_oof,without_mollogp,9,random_forest,129,58,1,1,0,0.38
development_oof,without_mollogp,9,random_forest,133,432,1,1,1,0.8766666666666667
development_oof,without_mollogp,9,random_forest,144,41,1,0,0,0.056666666666666664
development_oof,without_mollogp,9,random_forest,153,41,1,0,0,0.30666666666666664
development_oof,without_mollogp,9,random_forest,155,41,1,0,0,0.14666666666666667
development_oof,without_mollogp,9,random_forest,168,424,1,0,0,0.15666666666666668
development_oof,without_mollogp,9,random_forest,171,41,1,1,0,0.36333333333333334
development_oof,without_mollogp,9,random_forest,197,168,1,1,1,0.99
development_oof,without_mollogp,9,random_forest,205,41,1,0,0,0.22
development_oof,without_mollogp,9,random_forest,209,420,1,1,1,0.87
development_oof,without_mollogp,9,random_forest,232,6,1,0,0,0.15333333333333332
development_oof,without_mollogp,9,random_forest,237,117,1,0,0,0.056666666666666664
development_oof,without_mollogp,9,random_forest,243,414,1,0,0,0.19
development_oof,without_mollogp,9,random_forest,250,166,1,0,0,0.18666666666666668
development_oof,without_mollogp,9,random_forest,270,12,1,1,0,0.27666666666666667
development_oof,without_mollogp,9,random_forest,272,19,1,0,0,0.09666666666666666
development_oof,without_mollogp,9,random_forest,282,406,1,1,1,0.8433333333333334
development_oof,without_mollogp,9,random_forest,289,6,1,0,0,0.16333333333333333
development_oof,without_mollogp,9,random_forest,303,12,1,1,0,0.44
development_oof,without_mollogp,9,random_forest,305,402,1,0,0,0.11333333333333333
development_oof,without_mollogp,9,random_forest,306,101,1,1,0,0.06666666666666667
development_oof,without_mollogp,9,random_forest,307,12,1,1,0,0.4033333333333333
development_oof,without_mollogp,9,random_forest,314,398,1,0,0,0.09
development_oof,without_mollogp,9,random_forest,318,127,1,1,0,0.17
development_oof,without_mollogp,9,random_forest,328,395,1,1,0,0.3333333333333333
development_oof,without_mollogp,9,random_forest,345,73,1,0,1,0.8966666666666666
development_oof,without_mollogp,9,random_forest,346,12,1,1,0,0.22666666666666666
development_oof,without_mollogp,9,random_forest,350,12,1,0,0,0.17666666666666667
development_oof,without_mollogp,9,random_forest,362,36,1,0,0,0.023333333333333334
development_oof,without_mollogp,9,random_forest,366,79,1,1,0,0.11333333333333333
development_oof,without_mollogp,9,random_forest,367,79,1,1,0,0.18333333333333332
development_oof,without_mollogp,9,random_forest,368,387,1,0,0,0.3433333333333333
development_oof,without_mollogp,9,random_forest,383,12,1,1,0,0.34
development_oof,without_mollogp,9,random_forest,390,381,1,0,0,0.49333333333333335
development_oof,without_mollogp,9,random_forest,411,6,1,0,0,0.12333333333333334
development_oof,without_mollogp,9,random_forest,415,12,1,1,1,0.58
development_oof,without_mollogp,9,random_forest,418,6,1,0,0,0.16666666666666666
development_oof,without_mollogp,9,random_forest,427,6,1,0,0,0.25333333333333335
development_oof,without_mollogp,9,random_forest,432,375,1,0,0,0.19
development_oof,without_mollogp,9,random_forest,433,58,1,1,1,0.53
development_oof,without_mollogp,9,random_forest,445,95,1,0,0,0.13666666666666666
development_oof,without_mollogp,9,random_forest,452,73,1,1,1,0.8833333333333333
development_oof,without_mollogp,9,random_forest,467,6,1,0,0,0.24
development_oof,without_mollogp,9,random_forest,476,95,1,0,0,0.4633333333333333
development_oof,without_mollogp,9,random_forest,478,6,1,0,0,0.26666666666666666
development_oof,without_mollogp,9,random_forest,488,26,1,1,0,0.08666666666666667
development_oof,without_mollogp,9,random_forest,507,26,1,0,0,0.08666666666666667
development_oof,without_mollogp,9,random_forest,509,362,1,0,0,0.07666666666666666
development_oof,without_mollogp,9,random_forest,512,361,1,0,0,0.18
development_oof,without_mollogp,9,random_forest,521,26,1,0,0,0.03333333333333333
development_oof,without_mollogp,9,random_forest,530,358,1,1,0,0.23
development_oof,without_mollogp,9,random_forest,531,6,1,0,0,0.13666666666666666
development_oof,without_mollogp,9,random_forest,532,26,1,0,0,0.09
development_oof,without_mollogp,9,random_forest,534,26,1,0,0,0.12
development_oof,without_mollogp,9,random_forest,552,6,1,0,0,0.14333333333333334
development_oof,without_mollogp,9,random_forest,564,47,1,1,0,0.08333333333333333
development_oof,without_mollogp,9,random_forest,573,350,1,0,0,0.2833333333333333
development_oof,without_mollogp,9,random_forest,576,349,1,0,0,0.24
development_oof,without_mollogp,9,random_forest,578,26,1,0,0,0.09
development_oof,without_mollogp,9,random_forest,590,152,1,0,0,0.31
development_oof,without_mollogp,9,random_forest,591,343,1,0,0,0.38333333333333336
development_oof,without_mollogp,9,random_forest,630,67,1,0,0,0.24
development_oof,without_mollogp,9,random_forest,637,47,1,1,0,0.13
development_oof,without_mollogp,9,random_forest,639,332,1,0,1,0.6133333333333333
development_oof,without_mollogp,9,random_forest,642,331,1,0,0,0.24666666666666667
development_oof,without_mollogp,9,random_forest,644,47,1,1,0,0.08666666666666667
development_oof,without_mollogp,9,random_forest,650,88,1,0,0,0.16333333333333333
development_oof,without_mollogp,9,random_forest,651,67,1,0,0,0.16333333333333333
development_oof,without_mollogp,9,random_forest,654,327,1,0,0,0.25
development_oof,without_mollogp,9,random_forest,673,320,1,0,0,0.14333333333333334
development_oof,without_mollogp,9,random_forest,676,6,1,0,0,0.23666666666666666
development_oof,without_mollogp,9,random_forest,679,6,1,0,0,0.17666666666666667
development_oof,without_mollogp,9,random_forest,680,145,1,0,0,0.44666666666666666
development_oof,without_mollogp,9,random_forest,695,47,1,1,0,0.05333333333333334
development_oof,without_mollogp,9,random_forest,708,310,1,0,1,0.63
development_oof,without_mollogp,9,random_forest,709,88,1,0,0,0.34
development_oof,without_mollogp,9,random_forest,713,139,1,0,0,0.4
development_oof,without_mollogp,9,random_forest,721,139,1,1,0,0.41
development_oof,without_mollogp,9,random_forest,722,307,1,0,0,0.42333333333333334
development_oof,without_mollogp,9,random_forest,727,32,1,0,0,0.28
development_oof,without_mollogp,9,random_forest,734,12,1,1,0,0.27666666666666667
development_oof,without_mollogp,9,random_forest,748,64,1,0,0,0.22333333333333333
development_oof,without_mollogp,9,random_forest,763,301,1,0,0,0.11333333333333333
development_oof,without_mollogp,9,random_forest,771,43,1,0,0,0.30333333333333334
development_oof,without_mollogp,9,random_forest,773,58,1,1,0,0.38666666666666666
development_oof,without_mollogp,9,random_forest,775,134,1,0,1,0.7033333333333334
development_oof,without_mollogp,9,random_forest,779,43,1,0,0,0.42333333333333334
development_oof,without_mollogp,9,random_forest,782,43,1,0,0,0.37
development_oof,without_mollogp,9,random_forest,783,296,1,0,0,0.37
development_oof,without_mollogp,9,random_forest,784,43,1,1,0,0.36666666666666664
development_oof,without_mollogp,9,random_forest,788,295,1,1,0,0.28
development_oof,without_mollogp,9,random_forest,795,110,1,1,0,0.48
development_oof,without_mollogp,9,random_forest,797,43,1,0,0,0.2633333333333333
development_oof,without_mollogp,9,random_forest,812,285,1,0,0,0.33
development_oof,without_mollogp,9,random_forest,814,88,1,0,0,0.17
development_oof,without_mollogp,9,random_forest,836,279,1,1,0,0.08666666666666667
development_oof,without_mollogp,9,random_forest,853,272,1,0,0,0.38333333333333336
development_oof,without_mollogp,9,random_forest,868,261,1,0,0,0.11666666666666667
development_oof,without_mollogp,9,random_forest,886,255,1,0,0,0.18666666666666668
development_oof,without_mollogp,9,random_forest,889,127,1,0,0,0.28
development_oof,without_mollogp,9,random_forest,892,26,1,0,0,0.11
development_oof,without_mollogp,9,random_forest,903,248,1,0,0,0.24333333333333335
development_oof,without_mollogp,9,random_forest,909,245,1,0,0,0.16666666666666666
development_oof,without_mollogp,9,random_forest,912,19,1,0,0,0.3433333333333333
development_oof,without_mollogp,9,random_forest,924,239,1,0,0,0.19
development_oof,without_mollogp,9,random_forest,929,67,1,0,0,0.20666666666666667
development_oof,without_mollogp,9,random_forest,937,230,1,0,0,0.02
development_oof,without_mollogp,9,random_forest,938,79,1,0,0,0.15
development_oof,without_mollogp,9,random_forest,944,58,1,1,1,0.5466666666666666
development_oof,without_mollogp,9,random_forest,956,222,1,0,0,0.4766666666666667
development_oof,without_mollogp,9,random_forest,959,117,1,0,0,0.08
development_oof,without_mollogp,9,random_forest,961,219,1,0,0,0.26
development_oof,without_mollogp,9,random_forest,970,213,1,0,0,0.2966666666666667
development_oof,without_mollogp,9,random_forest,983,205,1,1,0,0.22
development_oof,without_mollogp,9,random_forest,989,47,1,0,0,0.20666666666666667
development_oof,without_mollogp,9,random_forest,992,200,1,0,0,0.06333333333333334
development_oof,without_mollogp,9,random_forest,997,6,1,0,0,0.33
development_oof,without_mollogp,9,random_forest,1007,195,1,0,0,0.22
development_oof,without_mollogp,9,random_forest,1011,110,1,1,1,0.5366666666666666
development_oof,without_mollogp,9,random_forest,1023,187,1,0,0,0.44333333333333336
development_oof,without_mollogp,9,random_forest,1034,178,1,0,0,0.11
development_oof,without_mollogp,9,random_forest,2,460,2,0,0,0.4266666666666667
development_oof,without_mollogp,9,random_forest,8,107,2,0,0,0.06
development_oof,without_mollogp,9,random_forest,18,56,2,1,1,0.9666666666666667
development_oof,without_mollogp,9,random_forest,33,452,2,0,0,0.03
development_oof,without_mollogp,9,random_forest,34,23,2,0,0,0.13666666666666666
development_oof,without_mollogp,9,random_forest,37,177,2,0,0,0.01
development_oof,without_mollogp,9,random_forest,50,40,2,1,1,0.8733333333333333
development_oof,without_mollogp,9,random_forest,51,75,2,1,0,0.25
development_oof,without_mollogp,9,random_forest,55,107,2,0,0,0.023333333333333334
development_oof,without_mollogp,9,random_forest,67,446,2,0,0,0.09666666666666666
development_oof,without_mollogp,9,random_forest,81,441,2,0,0,0.3233333333333333
development_oof,without_mollogp,9,random_forest,97,30,2,1,0,0.38333333333333336
development_oof,without_mollogp,9,random_forest,108,436,2,0,0,0.11666666666666667
development_oof,without_mollogp,9,random_forest,114,173,2,0,0,0.11333333333333333
development_oof,without_mollogp,9,random_forest,115,2,2,1,0,0.04666666666666667
development_oof,without_mollogp,9,random_forest,118,172,2,0,0,0.42
development_oof,without_mollogp,9,random_forest,140,40,2,0,1,0.51
development_oof,without_mollogp,9,random_forest,166,425,2,0,0,0.30666666666666664
development_oof,without_mollogp,9,random_forest,177,40,2,1,1,0.72
development_oof,without_mollogp,9,random_forest,216,167,2,1,0,0.21333333333333335
development_oof,without_mollogp,9,random_forest,229,30,2,1,0,0.47333333333333333
development_oof,without_mollogp,9,random_forest,235,30,2,1,0,0.44666666666666666
development_oof,without_mollogp,9,random_forest,240,167,2,1,1,0.6566666666666666
development_oof,without_mollogp,9,random_forest,241,23,2,0,0,0.13
development_oof,without_mollogp,9,random_forest,246,56,2,1,1,0.9033333333333333
development_oof,without_mollogp,9,random_forest,249,124,2,0,0,0.31
development_oof,without_mollogp,9,random_forest,251,30,2,1,0,0.32
development_oof,without_mollogp,9,random_forest,253,412,2,0,0,0.27666666666666667
development_oof,without_mollogp,9,random_forest,254,411,2,1,0,0.35333333333333333
development_oof,without_mollogp,9,random_forest,262,98,2,1,1,0.5666666666666667
development_oof,without_mollogp,9,random_forest,265,75,2,0,0,0.32666666666666666
development_oof,without_mollogp,9,random_forest,275,56,2,1,1,0.9733333333333334
development_oof,without_mollogp,9,random_forest,281,30,2,1,1,0.58
development_oof,without_mollogp,9,random_forest,283,56,2,1,1,0.8566666666666667
development_oof,without_mollogp,9,random_forest,291,98,2,1,1,0.7033333333333334
development_oof,without_mollogp,9,random_forest,301,403,2,0,0,0.36333333333333334
development_oof,without_mollogp,9,random_forest,325,396,2,0,0,0.2
development_oof,without_mollogp,9,random_forest,344,23,2,1,0,0.10333333333333333
development_oof,without_mollogp,9,random_forest,359,23,2,0,0,0.11666666666666667
development_oof,without_mollogp,9,random_forest,365,388,2,0,0,0.05
development_oof,without_mollogp,9,random_forest,378,23,2,0,0,0.11
development_oof,without_mollogp,9,random_forest,389,382,2,0,0,0.08333333333333333
development_oof,without_mollogp,9,random_forest,408,98,2,1,1,0.5366666666666666
development_oof,without_mollogp,9,random_forest,413,62,2,1,0,0.1
development_oof,without_mollogp,9,random_forest,425,23,2,0,0,0.06
development_oof,without_mollogp,9,random_forest,426,377,2,0,1,0.9433333333333334
development_oof,without_mollogp,9,random_forest,439,156,2,1,0,0.26666666666666666
development_oof,without_mollogp,9,random_forest,461,371,2,1,0,0.31333333333333335
development_oof,without_mollogp,9,random_forest,487,156,2,0,0,0.30333333333333334
development_oof,without_mollogp,9,random_forest,505,81,2,1,0,0.18333333333333332
development_oof,without_mollogp,9,random_forest,514,360,2,1,1,0.65
development_oof,without_mollogp,9,random_forest,515,150,2,0,0,0.39666666666666667
development_oof,without_mollogp,9,random_forest,523,2,2,1,0,0.13333333333333333
development_oof,without_mollogp,9,random_forest,526,23,2,0,0,0.07
development_oof,without_mollogp,9,random_forest,541,113,2,0,0,0.02
development_oof,without_mollogp,9,random_forest,551,353,2,0,1,0.52
development_oof,without_mollogp,9,random_forest,584,46,2,0,0,0.07333333333333333
development_oof,without_mollogp,9,random_forest,586,346,2,0,1,0.62
development_oof,without_mollogp,9,random_forest,589,153,2,1,1,0.6366666666666667
development_oof,without_mollogp,9,random_forest,593,90,2,0,0,0.03666666666666667
development_oof,without_mollogp,9,random_forest,598,90,2,0,0,0.05333333333333334
development_oof,without_mollogp,9,random_forest,599,340,2,0,0,0.11666666666666667
development_oof,without_mollogp,9,random_forest,603,40,2,1,1,0.66
development_oof,without_mollogp,9,random_forest,609,7,2,0,0,0.24333333333333335
development_oof,without_mollogp,9,random_forest,623,150,2,0,0,0.03333333333333333
development_oof,without_mollogp,9,random_forest,624,149,2,1,0,0.24
development_oof,without_mollogp,9,random_forest,636,334,2,1,0,0.09333333333333334
development_oof,without_mollogp,9,random_forest,661,90,2,0,0,0.043333333333333335
development_oof,without_mollogp,9,random_forest,670,322,2,0,1,0.5433333333333333
development_oof,without_mollogp,9,random_forest,677,319,2,0,0,0.12666666666666668
development_oof,without_mollogp,9,random_forest,707,311,2,0,0,0.33
development_oof,without_mollogp,9,random_forest,710,75,2,1,0,0.2
development_oof,without_mollogp,9,random_forest,716,309,2,0,0,0.20333333333333334
development_oof,without_mollogp,9,random_forest,762,302,2,0,0,0.1
development_oof,without_mollogp,9,random_forest,766,130,2,0,0,0.13333333333333333
development_oof,without_mollogp,9,random_forest,777,297,2,0,0,0.1
development_oof,without_mollogp,9,random_forest,790,62,2,1,0,0.4
development_oof,without_mollogp,9,random_forest,791,294,2,0,0,0.08
development_oof,without_mollogp,9,random_forest,793,292,2,1,0,0.06333333333333334
development_oof,without_mollogp,9,random_forest,810,286,2,0,0,0.08666666666666667
development_oof,without_mollogp,9,random_forest,819,130,2,1,0,0.27
development_oof,without_mollogp,9,random_forest,825,83,2,0,0,0.17666666666666667
development_oof,without_mollogp,9,random_forest,831,281,2,0,0,0.02666666666666667
development_oof,without_mollogp,9,random_forest,842,277,2,0,0,0.17333333333333334
development_oof,without_mollogp,9,random_forest,850,273,2,0,0,0.24666666666666667
development_oof,without_mollogp,9,random_forest,859,267,2,0,0,0.4166666666666667
development_oof,without_mollogp,9,random_forest,863,81,2,1,0,0.22666666666666666
development_oof,without_mollogp,9,random_forest,884,257,2,0,0,0.4166666666666667
development_oof,without_mollogp,9,random_forest,895,124,2,0,0,0.33666666666666667
development_oof,without_mollogp,9,random_forest,896,251,2,0,0,0.19333333333333333
development_oof,without_mollogp,9,random_forest,914,56,2,1,1,1.0
development_oof,without_mollogp,9,random_forest,922,240,2,0,0,0.17
development_oof,without_mollogp,9,random_forest,923,23,2,0,0,0.2
development_oof,without_mollogp,9,random_forest,933,232,2,0,0,0.49666666666666665
development_oof,without_mollogp,9,random_forest,947,226,2,0,0,0.02666666666666667
development_oof,without_mollogp,9,random_forest,951,223,2,0,0,0.3566666666666667
development_oof,without_mollogp,9,random_forest,953,119,2,0,0,0.07666666666666666
development_oof,without_mollogp,9,random_forest,965,216,2,0,0,0.14666666666666667
development_oof,without_mollogp,9,random_forest,976,209,2,0,0,0.12333333333333334
development_oof,without_mollogp,9,random_forest,986,113,2,0,0,0.023333333333333334
development_oof,without_mollogp,9,random_forest,1001,107,2,0,0,0.14666666666666667
development_oof,without_mollogp,9,random_forest,1005,196,2,0,0,0.4633333333333333
development_oof,without_mollogp,9,random_forest,1020,188,2,0,0,0.3433333333333333
development_oof,without_mollogp,9,random_forest,1026,186,2,1,0,0.14
development_oof,without_mollogp,9,random_forest,1030,182,2,0,0,0.26
development_oof,without_mollogp,9,random_forest,20,3,3,0,0,0.043333333333333335
development_oof,without_mollogp,9,random_forest,29,453,3,0,0,0.016666666666666666
development_oof,without_mollogp,9,random_forest,31,3,3,0,0,0.3433333333333333
development_oof,without_mollogp,9,random_forest,36,80,3,0,0,0.07
development_oof,without_mollogp,9,random_forest,39,42,3,0,0,0.15
development_oof,without_mollogp,9,random_forest,42,3,3,0,0,0.19
development_oof,without_mollogp,9,random_forest,78,443,3,1,1,0.6533333333333333
development_oof,without_mollogp,9,random_forest,87,439,3,0,0,0.09
development_oof,without_mollogp,9,random_forest,92,27,3,1,0,0.023333333333333334
development_oof,without_mollogp,9,random_forest,93,165,3,0,0,0.10666666666666667
development_oof,without_mollogp,9,random_forest,101,27,3,0,0,0.07333333333333333
development_oof,without_mollogp,9,random_forest,125,111,3,0,0,0.19333333333333333
development_oof,without_mollogp,9,random_forest,145,430,3,0,0,0.21666666666666667
development_oof,without_mollogp,9,random_forest,146,59,3,1,0,0.38666666666666666
development_oof,without_mollogp,9,random_forest,147,16,3,0,0,0.2866666666666667
development_oof,without_mollogp,9,random_forest,148,59,3,1,0,0.4033333333333333
development_oof,without_mollogp,9,random_forest,154,59,3,1,0,0.4066666666666667
development_oof,without_mollogp,9,random_forest,158,428,3,0,0,0.09333333333333334
development_oof,without_mollogp,9,random_forest,173,52,3,0,0,0.2866666666666667
development_oof,without_mollogp,9,random_forest,175,38,3,1,1,0.8966666666666666
development_oof,without_mollogp,9,random_forest,176,3,3,0,0,0.22666666666666666
development_oof,without_mollogp,9,random_forest,192,8,3,0,0,0.27
development_oof,without_mollogp,9,random_forest,196,8,3,0,0,0.25
development_oof,without_mollogp,9,random_forest,202,421,3,0,0,0.056666666666666664
development_oof,without_mollogp,9,random_forest,211,8,3,0,0,0.12333333333333334
development_oof,without_mollogp,9,random_forest,217,8,3,0,0,0.36666666666666664
development_oof,without_mollogp,9,random_forest,218,8,3,0,0,0.29
development_oof,without_mollogp,9,random_forest,220,8,3,0,0,0.48333333333333334
development_oof,without_mollogp,9,random_forest,226,8,3,0,0,0.3466666666666667
development_oof,without_mollogp,9,random_forest,227,38,3,1,1,0.9333333333333333
development_oof,without_mollogp,9,random_forest,230,121,3,1,0,0.43666666666666665
development_oof,without_mollogp,9,random_forest,238,415,3,0,0,0.043333333333333335
development_oof,without_mollogp,9,random_forest,239,3,3,0,0,0.31333333333333335
development_oof,without_mollogp,9,random_forest,242,52,3,1,1,0.95
development_oof,without_mollogp,9,random_forest,252,3,3,0,1,0.5866666666666667
development_oof,without_mollogp,9,random_forest,257,80,3,0,0,0.19666666666666666
development_oof,without_mollogp,9,random_forest,266,103,3,1,1,0.9833333333333333
development_oof,without_mollogp,9,random_forest,268,8,3,0,0,0.2
development_oof,without_mollogp,9,random_forest,271,165,3,0,1,0.5666666666666667
development_oof,without_mollogp,9,random_forest,278,407,3,0,0,0.45
development_oof,without_mollogp,9,random_forest,279,3,3,0,0,0.37333333333333335
development_oof,without_mollogp,9,random_forest,284,38,3,1,1,0.89
development_oof,without_mollogp,9,random_forest,285,3,3,0,0,0.09
development_oof,without_mollogp,9,random_forest,286,3,3,0,0,0.31333333333333335
development_oof,without_mollogp,9,random_forest,287,158,3,0,0,0.11666666666666667
development_oof,without_mollogp,9,random_forest,290,164,3,1,1,0.7633333333333333
development_oof,without_mollogp,9,random_forest,300,404,3,1,1,0.7966666666666666
development_oof,without_mollogp,9,random_forest,309,22,3,0,0,0.12666666666666668
development_oof,without_mollogp,9,random_forest,320,38,3,1,1,0.84
development_oof,without_mollogp,9,random_forest,321,397,3,0,0,0.16333333333333333
development_oof,without_mollogp,9,random_forest,323,3,3,0,0,0.44666666666666666
development_oof,without_mollogp,9,random_forest,327,3,3,0,0,0.04666666666666667
development_oof,without_mollogp,9,random_forest,332,38,3,1,1,0.9766666666666667
development_oof,without_mollogp,9,random_forest,333,8,3,0,0,0.11333333333333333
development_oof,without_mollogp,9,random_forest,341,135,3,1,0,0.27666666666666667
development_oof,without_mollogp,9,random_forest,348,3,3,0,0,0.21666666666666667
development_oof,without_mollogp,9,random_forest,349,22,3,1,0,0.056666666666666664
development_oof,without_mollogp,9,random_forest,353,3,3,1,0,0.07333333333333333
development_oof,without_mollogp,9,random_forest,354,391,3,1,0,0.29333333333333333
development_oof,without_mollogp,9,random_forest,356,390,3,0,0,0.14
development_oof,without_mollogp,9,random_forest,363,22,3,0,0,0.03333333333333333
development_oof,without_mollogp,9,random_forest,370,8,3,0,0,0.22
development_oof,without_mollogp,9,random_forest,387,383,3,1,0,0.18333333333333332
development_oof,without_mollogp,9,random_forest,406,78,3,0,0,0.023333333333333334
development_oof,without_mollogp,9,random_forest,412,3,3,0,0,0.14333333333333334
development_oof,without_mollogp,9,random_forest,414,3,3,0,0,0.07666666666666666
development_oof,without_mollogp,9,random_forest,416,378,3,0,0,0.07666666666666666
development_oof,without_mollogp,9,random_forest,417,22,3,0,0,0.07333333333333333
development_oof,without_mollogp,9,random_forest,419,154,3,1,1,0.7933333333333333
development_oof,without_mollogp,9,random_forest,421,27,3,0,0,0.13333333333333333
development_oof,without_mollogp,9,random_forest,424,27,3,0,0,0.33
development_oof,without_mollogp,9,random_forest,437,158,3,0,0,0.07
development_oof,without_mollogp,9,random_forest,438,96,3,1,0,0.08333333333333333
development_oof,without_mollogp,9,random_forest,441,27,3,1,0,0.13333333333333333
development_oof,without_mollogp,9,random_forest,443,372,3,0,0,0.16333333333333333
development_oof,without_mollogp,9,random_forest,448,13,3,0,0,0.2966666666666667
development_oof,without_mollogp,9,random_forest,450,3,3,0,0,0.15666666666666668
development_oof,without_mollogp,9,random_forest,451,3,3,0,0,0.27666666666666667
development_oof,without_mollogp,9,random_forest,456,78,3,0,0,0.11
development_oof,without_mollogp,9,random_forest,469,8,3,0,0,0.20666666666666667
development_oof,without_mollogp,9,random_forest,473,22,3,0,0,0.0033333333333333335
development_oof,without_mollogp,9,random_forest,483,27,3,0,0,0.31
development_oof,without_mollogp,9,random_forest,490,364,3,0,0,0.13
development_oof,without_mollogp,9,random_forest,511,129,3,0,0,0.06666666666666667
development_oof,without_mollogp,9,random_forest,522,154,3,1,1,0.94
development_oof,without_mollogp,9,random_forest,544,63,3,1,0,0.13666666666666666
development_oof,without_mollogp,9,random_forest,547,77,3,0,0,0.38333333333333336
development_oof,without_mollogp,9,random_forest,550,354,3,0,0,0.17333333333333334
development_oof,without_mollogp,9,random_forest,556,13,3,0,0,0.37
development_oof,without_mollogp,9,random_forest,567,13,3,0,0,0.23666666666666666
development_oof,without_mollogp,9,random_forest,580,348,3,1,0,0.33
development_oof,without_mollogp,9,random_forest,597,341,3,0,0,0.21666666666666667
development_oof,without_mollogp,9,random_forest,606,337,3,0,0,0.15
development_oof,without_mollogp,9,random_forest,628,147,3,0,0,0.06333333333333334
development_oof,without_mollogp,9,random_forest,632,77,3,0,0,0.23
development_oof,without_mollogp,9,random_forest,649,89,3,0,0,0.32
development_oof,without_mollogp,9,random_forest,652,328,3,0,0,0.22
development_oof,without_mollogp,9,random_forest,681,318,3,0,0,0.2833333333333333
development_oof,without_mollogp,9,random_forest,685,33,3,0,1,0.5433333333333333
development_oof,without_mollogp,9,random_forest,686,144,3,1,0,0.3933333333333333
development_oof,without_mollogp,9,random_forest,690,315,3,0,0,0.32666666666666666
development_oof,without_mollogp,9,random_forest,694,33,3,0,0,0.29333333333333333
development_oof,without_mollogp,9,random_forest,696,89,3,0,0,0.25666666666666665
development_oof,without_mollogp,9,random_forest,717,140,3,0,0,0.42
development_oof,without_mollogp,9,random_forest,718,308,3,0,0,0.4033333333333333
development_oof,without_mollogp,9,random_forest,743,13,3,0,0,0.41333333333333333
development_oof,without_mollogp,9,random_forest,756,303,3,0,0,0.12666666666666668
development_oof,without_mollogp,9,random_forest,767,63,3,1,0,0.11
development_oof,without_mollogp,9,random_forest,768,300,3,0,1,0.5066666666666667
development_oof,without_mollogp,9,random_forest,769,135,3,0,0,0.3333333333333333
development_oof,without_mollogp,9,random_forest,801,290,3,0,0,0.18666666666666668
development_oof,without_mollogp,9,random_forest,805,63,3,1,0,0.23
development_oof,without_mollogp,9,random_forest,807,288,3,0,0,0.14
development_oof,without_mollogp,9,random_forest,808,33,3,0,0,0.45
development_oof,without_mollogp,9,random_forest,813,33,3,0,1,0.5733333333333334
development_oof,without_mollogp,9,random_forest,821,282,3,0,1,0.61
development_oof,without_mollogp,9,random_forest,827,129,3,0,0,0.056666666666666664
development_oof,without_mollogp,9,random_forest,847,274,3,0,0,0.06666666666666667
development_oof,without_mollogp,9,random_forest,854,271,3,0,0,0.22
development_oof,without_mollogp,9,random_forest,864,264,3,0,0,0.16333333333333333
development_oof,without_mollogp,9,random_forest,866,262,3,0,0,0.2833333333333333
development_oof,without_mollogp,9,random_forest,869,80,3,0,0,0.21
development_oof,without_mollogp,9,random_forest,881,259,3,0,0,0.24
development_oof,without_mollogp,9,random_forest,883,59,3,1,0,0.39
development_oof,without_mollogp,9,random_forest,893,253,3,0,0,0.18666666666666668
development_oof,without_mollogp,9,random_forest,899,123,3,1,1,0.8866666666666667
development_oof,without_mollogp,9,random_forest,904,52,3,1,1,0.5933333333333334
development_oof,without_mollogp,9,random_forest,913,121,3,1,0,0.39
development_oof,without_mollogp,9,random_forest,917,243,3,1,0,0.29333333333333333
development_oof,without_mollogp,9,random_forest,920,241,3,0,0,0.09333333333333334
development_oof,without_mollogp,9,random_forest,921,16,3,0,0,0.39666666666666667
development_oof,without_mollogp,9,random_forest,930,235,3,1,0,0.4633333333333333
development_oof,without_mollogp,9,random_forest,935,231,3,0,0,0.06666666666666667
development_oof,without_mollogp,9,random_forest,940,78,3,0,0,0.29333333333333333
development_oof,without_mollogp,9,random_forest,945,227,3,0,0,0.16
development_oof,without_mollogp,9,random_forest,962,218,3,0,0,0.17666666666666667
development_oof,without_mollogp,9,random_forest,963,217,3,0,0,0.22
development_oof,without_mollogp,9,random_forest,973,210,3,0,0,0.19666666666666666
development_oof,without_mollogp,9,random_forest,982,77,3,0,0,0.24666666666666667
development_oof,without_mollogp,9,random_forest,988,202,3,1,0,0.16333333333333333
development_oof,without_mollogp,9,random_forest,998,198,3,0,0,0.23
development_oof,without_mollogp,9,random_forest,1002,197,3,0,0,0.2733333333333333
development_oof,without_mollogp,9,random_forest,1006,111,3,0,0,0.19333333333333333
development_oof,without_mollogp,9,random_forest,1017,189,3,0,0,0.26666666666666666
development_oof,without_mollogp,9,random_forest,1025,63,3,1,0,0.17666666666666667
development_oof,without_mollogp,9,random_forest,1028,184,3,0,0,0.25
development_oof,without_mollogp,9,random_forest,1029,183,3,0,0,0.25
development_oof,without_mollogp,9,random_forest,16,93,4,1,1,0.77
development_oof,without_mollogp,9,random_forest,19,457,4,0,0,0.13333333333333333
development_oof,without_mollogp,9,random_forest,27,53,4,0,1,0.5633333333333334
development_oof,without_mollogp,9,random_forest,44,450,4,0,0,0.08666666666666667
development_oof,without_mollogp,9,random_forest,60,4,4,1,0,0.23
development_oof,without_mollogp,9,random_forest,62,82,4,0,0,0.05333333333333334
development_oof,without_mollogp,9,random_forest,66,82,4,1,0,0.36333333333333334
development_oof,without_mollogp,9,random_forest,69,444,4,0,0,0.09
development_oof,without_mollogp,9,random_forest,83,60,4,1,1,0.6433333333333333
development_oof,without_mollogp,9,random_forest,84,9,4,1,1,0.63
development_oof,without_mollogp,9,random_forest,86,174,4,1,1,0.94
development_oof,without_mollogp,9,random_forest,90,9,4,1,1,0.98
development_oof,without_mollogp,9,random_forest,95,161,4,0,0,0.41333333333333333
development_oof,without_mollogp,9,random_forest,102,15,4,0,0,0.20333333333333334
development_oof,without_mollogp,9,random_forest,112,9,4,1,1,0.9633333333333334
development_oof,without_mollogp,9,random_forest,117,433,4,0,0,0.29
development_oof,without_mollogp,9,random_forest,119,0,4,0,0,0.4033333333333333
development_oof,without_mollogp,9,random_forest,123,9,4,1,1,0.9666666666666667
development_oof,without_mollogp,9,random_forest,131,170,4,1,1,0.6433333333333333
development_oof,without_mollogp,9,random_forest,134,15,4,0,0,0.37
development_oof,without_mollogp,9,random_forest,138,431,4,0,0,0.22333333333333333
development_oof,without_mollogp,9,random_forest,142,0,4,0,0,0.23
development_oof,without_mollogp,9,random_forest,156,9,4,1,1,0.97
development_oof,without_mollogp,9,random_forest,157,0,4,0,0,0.15333333333333332
development_oof,without_mollogp,9,random_forest,159,4,4,1,0,0.11666666666666667
development_oof,without_mollogp,9,random_forest,169,9,4,1,1,0.9966666666666667
development_oof,without_mollogp,9,random_forest,170,60,4,1,0,0.4166666666666667
development_oof,without_mollogp,9,random_forest,178,54,4,0,0,0.2633333333333333
development_oof,without_mollogp,9,random_forest,181,9,4,1,1,0.9533333333333334
development_oof,without_mollogp,9,random_forest,183,422,4,0,0,0.1
development_oof,without_mollogp,9,random_forest,184,4,4,1,0,0.26666666666666666
development_oof,without_mollogp,9,random_forest,187,9,4,1,1,0.98
development_oof,without_mollogp,9,random_forest,193,9,4,1,1,0.9866666666666667
development_oof,without_mollogp,9,random_forest,198,53,4,0,0,0.21666666666666667
development_oof,without_mollogp,9,random_forest,201,9,4,1,1,0.9533333333333334
development_oof,without_mollogp,9,random_forest,206,125,4,1,0,0.02
development_oof,without_mollogp,9,random_forest,210,104,4,1,1,0.9633333333333334
development_oof,without_mollogp,9,random_forest,221,9,4,1,1,0.99
development_oof,without_mollogp,9,random_forest,236,416,4,1,0,0.19
development_oof,without_mollogp,9,random_forest,258,35,4,0,0,0.18666666666666668
development_oof,without_mollogp,9,random_forest,277,102,4,1,0,0.35333333333333333
development_oof,without_mollogp,9,random_forest,294,122,4,0,0,0.3433333333333333
development_oof,without_mollogp,9,random_forest,304,24,4,1,0,0.09
development_oof,without_mollogp,9,random_forest,310,401,4,0,0,0.22
development_oof,without_mollogp,9,random_forest,311,400,4,1,0,0.14666666666666667
development_oof,without_mollogp,9,random_forest,322,15,4,0,0,0.16666666666666666
development_oof,without_mollogp,9,random_forest,335,15,4,0,0,0.19
development_oof,without_mollogp,9,random_forest,337,15,4,0,0,0.14
development_oof,without_mollogp,9,random_forest,355,15,4,0,0,0.37666666666666665
development_oof,without_mollogp,9,random_forest,358,389,4,0,0,0.17
development_oof,without_mollogp,9,random_forest,371,161,4,0,0,0.16666666666666666
development_oof,without_mollogp,9,random_forest,379,24,4,0,0,0.09333333333333334
development_oof,without_mollogp,9,random_forest,382,384,4,0,0,0.013333333333333334
development_oof,without_mollogp,9,random_forest,384,69,4,0,0,0.07666666666666666
development_oof,without_mollogp,9,random_forest,386,4,4,1,0,0.22
development_oof,without_mollogp,9,random_forest,392,4,4,1,1,0.5166666666666667
development_oof,without_mollogp,9,random_forest,393,0,4,0,0,0.20333333333333334
development_oof,without_mollogp,9,random_forest,400,28,4,0,0,0.21333333333333335
development_oof,without_mollogp,9,random_forest,401,4,4,1,0,0.22333333333333333
development_oof,without_mollogp,9,random_forest,404,35,4,0,0,0.19666666666666666
development_oof,without_mollogp,9,random_forest,405,379,4,0,0,0.24666666666666667
development_oof,without_mollogp,9,random_forest,407,160,4,0,0,0.2966666666666667
development_oof,without_mollogp,9,random_forest,409,4,4,1,0,0.38666666666666666
development_oof,without_mollogp,9,random_forest,423,50,4,0,0,0.24333333333333335
development_oof,without_mollogp,9,random_forest,430,4,4,1,0,0.17
development_oof,without_mollogp,9,random_forest,434,97,4,1,1,0.9933333333333333
development_oof,without_mollogp,9,random_forest,446,4,4,1,0,0.23
development_oof,without_mollogp,9,random_forest,454,104,4,1,1,0.8
development_oof,without_mollogp,9,random_forest,455,93,4,1,1,0.9366666666666666
development_oof,without_mollogp,9,random_forest,462,15,4,0,0,0.24666666666666667
development_oof,without_mollogp,9,random_forest,464,4,4,1,1,0.5166666666666667
development_oof,without_mollogp,9,random_forest,465,4,4,1,0,0.4866666666666667
development_oof,without_mollogp,9,random_forest,466,0,4,0,0,0.15333333333333332
development_oof,without_mollogp,9,random_forest,470,0,4,0,0,0.19666666666666666
development_oof,without_mollogp,9,random_forest,480,367,4,0,0,0.22333333333333333
development_oof,without_mollogp,9,random_forest,481,4,4,1,0,0.18666666666666668
development_oof,without_mollogp,9,random_forest,484,365,4,0,0,0.28
development_oof,without_mollogp,9,random_forest,495,0,4,0,0,0.37
development_oof,without_mollogp,9,random_forest,498,54,4,0,0,0.15333333333333332
development_oof,without_mollogp,9,random_forest,499,15,4,0,0,0.2733333333333333
development_oof,without_mollogp,9,random_forest,500,28,4,0,0,0.11666666666666667
development_oof,without_mollogp,9,random_forest,501,72,4,0,0,0.15333333333333332
development_oof,without_mollogp,9,random_forest,503,93,4,1,1,0.93
development_oof,without_mollogp,9,random_forest,506,0,4,0,0,0.13
development_oof,without_mollogp,9,random_forest,517,0,4,0,0,0.30666666666666664
development_oof,without_mollogp,9,random_forest,519,53,4,0,0,0.38333333333333336
development_oof,without_mollogp,9,random_forest,520,53,4,0,0,0.21
development_oof,without_mollogp,9,random_forest,524,0,4,0,0,0.26
development_oof,without_mollogp,9,random_forest,525,15,4,0,0,0.3333333333333333
development_oof,without_mollogp,9,random_forest,527,0,4,0,0,0.35
development_oof,without_mollogp,9,random_forest,528,359,4,0,0,0.12
development_oof,without_mollogp,9,random_forest,529,0,4,0,0,0.27666666666666667
development_oof,without_mollogp,9,random_forest,542,35,4,1,0,0.16666666666666666
development_oof,without_mollogp,9,random_forest,543,0,4,0,0,0.22
development_oof,without_mollogp,9,random_forest,545,136,4,1,0,0.19666666666666666
development_oof,without_mollogp,9,random_forest,553,0,4,0,0,0.4
development_oof,without_mollogp,9,random_forest,559,351,4,0,0,0.15
development_oof,without_mollogp,9,random_forest,560,0,4,0,0,0.2833333333333333
development_oof,without_mollogp,9,random_forest,568,0,4,0,0,0.32666666666666666
development_oof,without_mollogp,9,random_forest,570,0,4,1,0,0.31333333333333335
development_oof,without_mollogp,9,random_forest,572,0,4,1,0,0.3233333333333333
development_oof,without_mollogp,9,random_forest,577,44,4,0,0,0.12333333333333334
development_oof,without_mollogp,9,random_forest,581,347,4,0,0,0.023333333333333334
development_oof,without_mollogp,9,random_forest,582,44,4,0,0,0.12666666666666668
development_oof,without_mollogp,9,random_forest,583,69,4,0,0,0.06666666666666667
development_oof,without_mollogp,9,random_forest,588,344,4,0,0,0.16
development_oof,without_mollogp,9,random_forest,592,0,4,1,0,0.32
development_oof,without_mollogp,9,random_forest,595,35,4,0,0,0.18666666666666668
development_oof,without_mollogp,9,random_forest,600,151,4,0,0,0.05
development_oof,without_mollogp,9,random_forest,602,338,4,0,1,0.5333333333333333
development_oof,without_mollogp,9,random_forest,604,0,4,0,0,0.43
development_oof,without_mollogp,9,random_forest,605,0,4,0,0,0.21333333333333335
development_oof,without_mollogp,9,random_forest,607,0,4,1,0,0.43333333333333335
development_oof,without_mollogp,9,random_forest,608,0,4,0,0,0.39
development_oof,without_mollogp,9,random_forest,610,0,4,0,0,0.2966666666666667
development_oof,without_mollogp,9,random_forest,611,0,4,0,0,0.3
development_oof,without_mollogp,9,random_forest,613,85,4,0,0,0.18666666666666668
development_oof,without_mollogp,9,random_forest,615,0,4,0,0,0.3566666666666667
development_oof,without_mollogp,9,random_forest,627,335,4,0,0,0.15
development_oof,without_mollogp,9,random_forest,633,0,4,0,0,0.06
development_oof,without_mollogp,9,random_forest,646,0,4,0,0,0.3433333333333333
development_oof,without_mollogp,9,random_forest,647,0,4,0,0,0.27666666666666667
development_oof,without_mollogp,9,random_forest,648,329,4,0,0,0.44333333333333336
development_oof,without_mollogp,9,random_forest,657,4,4,1,0,0.23333333333333334
development_oof,without_mollogp,9,random_forest,662,0,4,0,0,0.26
development_oof,without_mollogp,9,random_forest,665,69,4,1,0,0.09333333333333334
development_oof,without_mollogp,9,random_forest,666,44,4,0,0,0.25
development_oof,without_mollogp,9,random_forest,667,0,4,0,0,0.2866666666666667
development_oof,without_mollogp,9,random_forest,671,321,4,1,0,0.14333333333333334
development_oof,without_mollogp,9,random_forest,674,4,4,0,0,0.3333333333333333
development_oof,without_mollogp,9,random_forest,683,142,4,0,0,0.33666666666666667
development_oof,without_mollogp,9,random_forest,691,142,4,0,0,0.11333333333333333
development_oof,without_mollogp,9,random_forest,692,0,4,0,0,0.3933333333333333
development_oof,without_mollogp,9,random_forest,693,0,4,0,0,0.21
development_oof,without_mollogp,9,random_forest,699,0,4,0,0,0.37333333333333335
development_oof,without_mollogp,9,random_forest,701,0,4,1,0,0.24333333333333335
development_oof,without_mollogp,9,random_forest,704,313,4,0,0,0.16666666666666666
development_oof,without_mollogp,9,random_forest,706,0,4,0,0,0.30333333333333334
development_oof,without_mollogp,9,random_forest,715,4,4,1,0,0.18333333333333332
development_oof,without_mollogp,9,random_forest,729,0,4,0,0,0.17
development_oof,without_mollogp,9,random_forest,731,60,4,0,0,0.19
development_oof,without_mollogp,9,random_forest,735,132,4,0,0,0.10333333333333333
development_oof,without_mollogp,9,random_forest,737,85,4,1,0,0.06333333333333334
development_oof,without_mollogp,9,random_forest,738,136,4,1,0,0.31666666666666665
development_oof,without_mollogp,9,random_forest,740,44,4,0,0,0.27
development_oof,without_mollogp,9,random_forest,742,305,4,0,0,0.22
development_oof,without_mollogp,9,random_forest,745,0,4,0,0,0.17
development_oof,without_mollogp,9,random_forest,753,85,4,0,0,0.10333333333333333
development_oof,without_mollogp,9,random_forest,761,44,4,0,0,0.43
development_oof,without_mollogp,9,random_forest,776,298,4,0,0,0.08666666666666667
development_oof,without_mollogp,9,random_forest,794,0,4,0,0,0.34
development_oof,without_mollogp,9,random_forest,796,35,4,0,0,0.11333333333333333
development_oof,without_mollogp,9,random_forest,800,132,4,0,0,0.13333333333333333
development_oof,without_mollogp,9,random_forest,803,289,4,0,0,0.25333333333333335
development_oof,without_mollogp,9,random_forest,818,283,4,0,0,0.10333333333333333
development_oof,without_mollogp,9,random_forest,822,35,4,0,0,0.31666666666666665
development_oof,without_mollogp,9,random_forest,839,82,4,0,0,0.023333333333333334
development_oof,without_mollogp,9,random_forest,844,276,4,0,0,0.16333333333333333
development_oof,without_mollogp,9,random_forest,855,270,4,0,0,0.18666666666666668
development_oof,without_mollogp,9,random_forest,865,263,4,0,0,0.37333333333333335
development_oof,without_mollogp,9,random_forest,867,60,4,0,1,0.5633333333333334
development_oof,without_mollogp,9,random_forest,885,256,4,0,0,0.41
development_oof,without_mollogp,9,random_forest,888,254,4,1,0,0.09
development_oof,without_mollogp,9,random_forest,891,125,4,0,0,0.18
development_oof,without_mollogp,9,random_forest,902,122,4,1,0,0.35
development_oof,without_mollogp,9,random_forest,907,246,4,0,0,0.09
development_oof,without_mollogp,9,random_forest,918,242,4,0,0,0.2
development_oof,without_mollogp,9,random_forest,931,234,4,0,0,0.03333333333333333
development_oof,without_mollogp,9,random_forest,949,224,4,0,0,0.25333333333333335
development_oof,without_mollogp,9,random_forest,954,4,4,1,1,0.6566666666666666
development_oof,without_mollogp,9,random_forest,968,214,4,1,0,0.18333333333333332
development_oof,without_mollogp,9,random_forest,980,207,4,0,0,0.11
development_oof,without_mollogp,9,random_forest,981,206,4,0,0,0.31333333333333335
development_oof,without_mollogp,9,random_forest,984,204,4,1,0,0.14
development_oof,without_mollogp,9,random_forest,991,0,4,0,0,0.30666666666666664
development_oof,without_mollogp,9,random_forest,993,69,4,0,0,0.11333333333333333
development_oof,without_mollogp,9,random_forest,995,112,4,0,0,0.12666666666666668
development_oof,without_mollogp,9,random_forest,1016,190,4,1,0,0.17666666666666667
development_oof,without_mollogp,9,random_forest,1024,4,4,1,0,0.48
development_oof,without_mollogp,9,random_forest,1031,181,4,0,0,0.42333333333333334
development_oof,without_mollogp,9,random_forest,1033,179,4,0,0,0.17333333333333334
development_oof,without_mollogp,9,random_forest,5,31,5,1,1,0.9689513651753229
development_oof,without_mollogp,9,random_forest,6,61,5,0,0,0.06003185429435425
development_oof,without_mollogp,9,random_forest,15,458,5,1,1,0.7831949379427715
development_oof,without_mollogp,9,random_forest,23,11,5,0,0,0.3311189308201763
development_oof,without_mollogp,9,random_forest,26,11,5,0,0,0.3498196805852837
development_oof,without_mollogp,9,random_forest,41,451,5,0,0,0.23285444169427763
development_oof,without_mollogp,9,random_forest,46,18,5,0,1,0.9597311796188542
development_oof,without_mollogp,9,random_forest,49,11,5,0,0,0.25728403081455137
development_oof,without_mollogp,9,random_forest,52,448,5,0,0,0.15352111267205862
development_oof,without_mollogp,9,random_forest,57,61,5,0,0,0.07230795384597664
development_oof,without_mollogp,9,random_forest,58,11,5,0,0,0.21328761190279463
development_oof,without_mollogp,9,random_forest,59,11,5,0,0,0.4275083366861683
development_oof,without_mollogp,9,random_forest,76,11,5,0,1,0.5332341146838494
development_oof,without_mollogp,9,random_forest,79,175,5,1,0,0.4062561027143595
development_oof,without_mollogp,9,random_forest,85,17,5,1,1,0.8625989930765623
development_oof,without_mollogp,9,random_forest,96,18,5,1,1,0.8323268263340776
development_oof,without_mollogp,9,random_forest,98,438,5,0,0,0.06280882698815372
development_oof,without_mollogp,9,random_forest,100,31,5,1,1,0.9683891910440869
development_oof,without_mollogp,9,random_forest,105,437,5,1,0,0.3324727724404755
development_oof,without_mollogp,9,random_forest,106,18,5,1,1,0.9393128284871185
development_oof,without_mollogp,9,random_forest,111,106,5,0,0,0.12461369841277015
development_oof,without_mollogp,9,random_forest,116,434,5,0,1,0.5769058176510747
development_oof,without_mollogp,9,random_forest,130,171,5,0,0,0.4071609699519629
development_oof,without_mollogp,9,random_forest,132,18,5,1,1,0.9681224887905688
development_oof,without_mollogp,9,random_forest,141,106,5,0,0,0.4822302282920855
development_oof,without_mollogp,9,random_forest,149,106,5,0,0,0.10522078739019557
development_oof,without_mollogp,9,random_forest,150,55,5,1,1,0.9245286488040663
development_oof,without_mollogp,9,random_forest,152,429,5,0,0,0.2733590413589744
development_oof,without_mollogp,9,random_forest,161,427,5,0,0,0.3472003058752147
development_oof,without_mollogp,9,random_forest,163,18,5,1,1,0.8486046116227435
development_oof,without_mollogp,9,random_forest,165,17,5,1,1,0.9429184220292499
development_oof,without_mollogp,9,random_forest,167,18,5,1,1,0.9743736951630103
development_oof,without_mollogp,9,random_forest,172,423,5,0,1,0.9376222640768755
development_oof,without_mollogp,9,random_forest,179,11,5,0,0,0.35078056892040893
development_oof,without_mollogp,9,random_forest,182,31,5,1,1,0.9197102176353102
development_oof,without_mollogp,9,random_forest,186,18,5,1,1,0.9368396081305167
development_oof,without_mollogp,9,random_forest,195,31,5,1,1,0.9450408888089712
development_oof,without_mollogp,9,random_forest,208,31,5,1,1,0.9572186980180967
development_oof,without_mollogp,9,random_forest,215,61,5,0,0,0.3957494211144206
development_oof,without_mollogp,9,random_forest,219,418,5,0,0,0.3078254485228926
development_oof,without_mollogp,9,random_forest,223,68,5,0,0,0.24414432511438416
development_oof,without_mollogp,9,random_forest,225,55,5,1,1,0.9353838766691305
development_oof,without_mollogp,9,random_forest,231,417,5,0,0,0.14076250050769265
development_oof,without_mollogp,9,random_forest,233,17,5,1,1,0.9186199360486805
development_oof,without_mollogp,9,random_forest,255,410,5,0,0,0.16714727879712687
development_oof,without_mollogp,9,random_forest,256,18,5,1,1,0.9786987605162587
development_oof,without_mollogp,9,random_forest,259,409,5,0,0,0.22999516879016005
development_oof,without_mollogp,9,random_forest,261,25,5,1,0,0.3122371995945238
development_oof,without_mollogp,9,random_forest,273,25,5,1,0,0.325954930509238
development_oof,without_mollogp,9,random_forest,276,17,5,1,1,0.8728678045747054
development_oof,without_mollogp,9,random_forest,297,163,5,0,1,0.5979725354977787
development_oof,without_mollogp,9,random_forest,298,405,5,0,0,0.33520803949034605
development_oof,without_mollogp,9,random_forest,316,100,5,0,0,0.3529315347934647
development_oof,without_mollogp,9,random_forest,319,163,5,0,0,0.3911079417665841
development_oof,without_mollogp,9,random_forest,326,157,5,1,1,0.9603180087103003
development_oof,without_mollogp,9,random_forest,330,76,5,1,0,0.4402947711578895
development_oof,without_mollogp,9,random_forest,334,394,5,0,0,0.1705749942152563
development_oof,without_mollogp,9,random_forest,336,55,5,1,1,0.8845462929335494
development_oof,without_mollogp,9,random_forest,338,17,5,1,1,0.9280854683969172
development_oof,without_mollogp,9,random_forest,339,11,5,0,0,0.48979701404925946
development_oof,without_mollogp,9,random_forest,340,393,5,0,0,0.1452134520474586
development_oof,without_mollogp,9,random_forest,343,17,5,1,1,0.9734942564447551
development_oof,without_mollogp,9,random_forest,347,17,5,1,1,0.960631343860017
development_oof,without_mollogp,9,random_forest,351,100,5,1,0,0.34526239723473773
development_oof,without_mollogp,9,random_forest,357,37,5,1,1,0.8690657262082957
development_oof,without_mollogp,9,random_forest,364,25,5,1,0,0.398627607231868
development_oof,without_mollogp,9,random_forest,372,17,5,1,1,0.9034116196600522
development_oof,without_mollogp,9,random_forest,377,386,5,0,0,0.06504331051717034
development_oof,without_mollogp,9,random_forest,381,76,5,0,0,0.46139009525593927
development_oof,without_mollogp,9,random_forest,397,11,5,0,0,0.37984373451838693
development_oof,without_mollogp,9,random_forest,402,380,5,0,0,0.3270533729947865
development_oof,without_mollogp,9,random_forest,435,374,5,0,0,0.15633417494578827
development_oof,without_mollogp,9,random_forest,436,25,5,1,0,0.32190826501313247
development_oof,without_mollogp,9,random_forest,458,18,5,0,1,0.8372288531963515
development_oof,without_mollogp,9,random_forest,459,25,5,1,0,0.35909668308950754
development_oof,without_mollogp,9,random_forest,468,370,5,0,0,0.1649616544987581
development_oof,without_mollogp,9,random_forest,479,368,5,0,0,0.19420127117275446
development_oof,without_mollogp,9,random_forest,486,157,5,0,1,0.5314248917322762
development_oof,without_mollogp,9,random_forest,494,94,5,0,0,0.31563745257112885
development_oof,without_mollogp,9,random_forest,533,71,5,0,0,0.42511746237912057
development_oof,without_mollogp,9,random_forest,536,71,5,0,0,0.3613326720803028
development_oof,without_mollogp,9,random_forest,549,355,5,0,1,0.5024133428105071
development_oof,without_mollogp,9,random_forest,555,352,5,1,1,0.9003854986570533
development_oof,without_mollogp,9,random_forest,557,66,5,0,0,0.3954038708901016
development_oof,without_mollogp,9,random_forest,563,71,5,0,0,0.3551471576602505
development_oof,without_mollogp,9,random_forest,575,115,5,0,0,0.19218543553336165
development_oof,without_mollogp,9,random_forest,579,114,5,1,0,0.30661818923409334
development_oof,without_mollogp,9,random_forest,585,31,5,1,1,0.9834999170283031
development_oof,without_mollogp,9,random_forest,587,345,5,0,1,0.6258035488511571
development_oof,without_mollogp,9,random_forest,601,339,5,0,0,0.30852269094474605
development_oof,without_mollogp,9,random_forest,612,87,5,0,0,0.19033875464067773
development_oof,without_mollogp,9,random_forest,620,68,5,0,0,0.1156784180337057
development_oof,without_mollogp,9,random_forest,634,17,5,1,1,0.9379032911233148
development_oof,without_mollogp,9,random_forest,635,68,5,1,0,0.30412836043161473
development_oof,without_mollogp,9,random_forest,640,146,5,0,0,0.09081373263196893
development_oof,without_mollogp,9,random_forest,641,66,5,0,0,0.27454130019926415
development_oof,without_mollogp,9,random_forest,643,330,5,0,0,0.1708333263102252
development_oof,without_mollogp,9,random_forest,645,146,5,0,0,0.19085029372674672
development_oof,without_mollogp,9,random_forest,656,326,5,0,1,0.5996237677010848
development_oof,without_mollogp,9,random_forest,664,116,5,0,0,0.13475306021592307
development_oof,without_mollogp,9,random_forest,675,71,5,0,0,0.47593008851223173
development_oof,without_mollogp,9,random_forest,682,317,5,0,0,0.14311892132590914
development_oof,without_mollogp,9,random_forest,688,143,5,0,0,0.09687442330699364
development_oof,without_mollogp,9,random_forest,698,314,5,0,0,0.3285221494346166
development_oof,without_mollogp,9,random_forest,711,45,5,0,0,0.2299634281932948
development_oof,without_mollogp,9,random_forest,723,25,5,0,0,0.3024447732863066
development_oof,without_mollogp,9,random_forest,725,45,5,1,0,0.40241654962470846
development_oof,without_mollogp,9,random_forest,726,31,5,1,1,0.9402830110638045
development_oof,without_mollogp,9,random_forest,732,45,5,0,0,0.34629348685838096
development_oof,without_mollogp,9,random_forest,736,137,5,0,0,0.20719666430836675
development_oof,without_mollogp,9,random_forest,741,306,5,0,0,0.3493917568256567
development_oof,without_mollogp,9,random_forest,744,87,5,0,0,0.16292069085595554
development_oof,without_mollogp,9,random_forest,749,11,5,0,0,0.13995677505777088
development_oof,without_mollogp,9,random_forest,799,45,5,0,0,0.45560590104100207
development_oof,without_mollogp,9,random_forest,802,131,5,0,1,0.5473062415616029
development_oof,without_mollogp,9,random_forest,816,284,5,0,0,0.40868281348432406
development_oof,without_mollogp,9,random_forest,837,278,5,0,0,0.28537698482221446
development_oof,without_mollogp,9,random_forest,845,11,5,0,0,0.27983729788482564
development_oof,without_mollogp,9,random_forest,857,268,5,0,0,0.21204123030756974
development_oof,without_mollogp,9,random_forest,858,61,5,0,0,0.39160424505350816
development_oof,without_mollogp,9,random_forest,860,266,5,0,0,0.18871593155361513
development_oof,without_mollogp,9,random_forest,870,260,5,0,0,0.2405906774417854
development_oof,without_mollogp,9,random_forest,900,249,5,0,0,0.26792096412655636
development_oof,without_mollogp,9,random_forest,906,247,5,0,0,0.424327263641626
development_oof,without_mollogp,9,random_forest,915,25,5,1,0,0.2609140345846298
development_oof,without_mollogp,9,random_forest,926,238,5,1,1,0.5592385745656746
development_oof,without_mollogp,9,random_forest,939,229,5,1,0,0.4023318226723719
development_oof,without_mollogp,9,random_forest,948,225,5,1,1,0.5403400901733518
development_oof,without_mollogp,9,random_forest,958,220,5,0,0,0.2796452712281888
development_oof,without_mollogp,9,random_forest,960,116,5,0,0,0.1440627671500688
development_oof,without_mollogp,9,random_forest,969,115,5,0,0,0.18676499323912965
development_oof,without_mollogp,9,random_forest,971,212,5,1,1,0.5612381176264074
development_oof,without_mollogp,9,random_forest,972,211,5,0,0,0.06926514067740974
development_oof,without_mollogp,9,random_forest,974,45,5,0,0,0.3390814082970765
development_oof,without_mollogp,9,random_forest,975,66,5,0,0,0.1321905724989886
development_oof,without_mollogp,9,random_forest,979,114,5,0,0,0.29793754798177025
development_oof,without_mollogp,9,random_forest,990,201,5,0,0,0.1434253904664213
development_oof,without_mollogp,9,random_forest,1008,76,5,0,0,0.2843847021974168
development_oof,without_mollogp,9,random_forest,1010,194,5,0,0,0.45861974711087594
development_oof,without_mollogp,9,random_forest,1015,191,5,1,0,0.3056349686380665
development_oof,without_mollogp,9,random_forest,1027,185,5,1,1,0.5062649345054014
development_oof,without_mollogp,9,random_forest,1032,180,5,0,0,0.4701011860758376
development_oof,without_liphex,9,logistic,3,108,1,0,0,0.20759330388697347
development_oof,without_liphex,9,logistic,13,109,1,1,1,0.8974425233523876
development_oof,without_liphex,9,logistic,22,456,1,0,0,0.48831486776228733
development_oof,without_liphex,9,logistic,24,455,1,0,0,0.33920589922805905
development_oof,without_liphex,9,logistic,25,12,1,1,0,0.2828325237251783
development_oof,without_liphex,9,logistic,35,108,1,0,0,0.24680437771417693
development_oof,without_liphex,9,logistic,43,6,1,0,0,0.30792147969949973
development_oof,without_liphex,9,logistic,53,447,1,0,0,0.40537081906881584
development_oof,without_liphex,9,logistic,65,168,1,1,1,0.9248137013071349
development_oof,without_liphex,9,logistic,68,445,1,1,0,0.30297351774709413
development_oof,without_liphex,9,logistic,70,166,1,0,0,0.20857180649888127
development_oof,without_liphex,9,logistic,72,12,1,1,0,0.2699669733359361
development_oof,without_liphex,9,logistic,75,108,1,0,0,0.22231481997788205
development_oof,without_liphex,9,logistic,88,12,1,0,0,0.2450037181130592
development_oof,without_liphex,9,logistic,89,6,1,0,0,0.313911790333713
development_oof,without_liphex,9,logistic,110,41,1,0,0,0.3022050611059037
development_oof,without_liphex,9,logistic,129,58,1,1,1,0.8787299337396044
development_oof,without_liphex,9,logistic,133,432,1,1,1,0.9540336863320973
development_oof,without_liphex,9,logistic,144,41,1,0,0,0.44425387073928846
development_oof,without_liphex,9,logistic,153,41,1,0,1,0.5264146587235436
development_oof,without_liphex,9,logistic,155,41,1,0,0,0.3591153154361676
development_oof,without_liphex,9,logistic,168,424,1,0,0,0.3500746739226288
development_oof,without_liphex,9,logistic,171,41,1,1,1,0.5119299516560896
development_oof,without_liphex,9,logistic,197,168,1,1,1,0.9411855291378398
development_oof,without_liphex,9,logistic,205,41,1,0,1,0.5084844573872858
development_oof,without_liphex,9,logistic,209,420,1,1,1,0.9217048413288373
development_oof,without_liphex,9,logistic,232,6,1,0,0,0.30591776458244735
development_oof,without_liphex,9,logistic,237,117,1,0,0,0.4204795474673852
development_oof,without_liphex,9,logistic,243,414,1,0,0,0.40048228490660287
development_oof,without_liphex,9,logistic,250,166,1,0,0,0.14723210126487377
development_oof,without_liphex,9,logistic,270,12,1,1,0,0.321669367490184
development_oof,without_liphex,9,logistic,272,19,1,0,0,0.19783412216885812
development_oof,without_liphex,9,logistic,282,406,1,1,1,0.9369369752942536
development_oof,without_liphex,9,logistic,289,6,1,0,0,0.3328762637522469
development_oof,without_liphex,9,logistic,303,12,1,1,0,0.3188482162577089
development_oof,without_liphex,9,logistic,305,402,1,0,0,0.3738066959717795
development_oof,without_liphex,9,logistic,306,101,1,1,0,0.4172756012330809
development_oof,without_liphex,9,logistic,307,12,1,1,0,0.27003317069638555
development_oof,without_liphex,9,logistic,314,398,1,0,0,0.3689577610656341
development_oof,without_liphex,9,logistic,318,127,1,1,0,0.019011396649106355
development_oof,without_liphex,9,logistic,328,395,1,1,0,0.4452517321460597
development_oof,without_liphex,9,logistic,345,73,1,0,1,0.9115495132840392
development_oof,without_liphex,9,logistic,346,12,1,1,0,0.31973851673570564
development_oof,without_liphex,9,logistic,350,12,1,0,0,0.32491947084428385
development_oof,without_liphex,9,logistic,362,36,1,0,0,0.29472937377296654
development_oof,without_liphex,9,logistic,366,79,1,1,0,0.3916565212474594
development_oof,without_liphex,9,logistic,367,79,1,1,0,0.42178534323245964
development_oof,without_liphex,9,logistic,368,387,1,0,0,0.34448591986749444
development_oof,without_liphex,9,logistic,383,12,1,1,0,0.30039516675046435
development_oof,without_liphex,9,logistic,390,381,1,0,0,0.2029357412575705
development_oof,without_liphex,9,logistic,411,6,1,0,0,0.29274577396794993
development_oof,without_liphex,9,logistic,415,12,1,1,0,0.2920205333391554
development_oof,without_liphex,9,logistic,418,6,1,0,0,0.32668263882487414
development_oof,without_liphex,9,logistic,427,6,1,0,0,0.30294208617234797
development_oof,without_liphex,9,logistic,432,375,1,0,0,0.4567240581775154
development_oof,without_liphex,9,logistic,433,58,1,1,1,0.7944701872345088
development_oof,without_liphex,9,logistic,445,95,1,0,0,0.3598765383193387
development_oof,without_liphex,9,logistic,452,73,1,1,1,0.9197391589020636
development_oof,without_liphex,9,logistic,467,6,1,0,0,0.3839424087913268
development_oof,without_liphex,9,logistic,476,95,1,0,0,0.3179816312402032
development_oof,without_liphex,9,logistic,478,6,1,0,0,0.3128193386366102
development_oof,without_liphex,9,logistic,488,26,1,1,0,0.3067558470776166
development_oof,without_liphex,9,logistic,507,26,1,0,0,0.27392995486060584
development_oof,without_liphex,9,logistic,509,362,1,0,0,0.3816306754060102
development_oof,without_liphex,9,logistic,512,361,1,0,0,0.3429934607385877
development_oof,without_liphex,9,logistic,521,26,1,0,0,0.2935020612531666
development_oof,without_liphex,9,logistic,530,358,1,1,0,0.3674407174483447
development_oof,without_liphex,9,logistic,531,6,1,0,0,0.3119662794064752
development_oof,without_liphex,9,logistic,532,26,1,0,0,0.3417707223959256
development_oof,without_liphex,9,logistic,534,26,1,0,0,0.24896497378433388
development_oof,without_liphex,9,logistic,552,6,1,0,0,0.3277877030127295
development_oof,without_liphex,9,logistic,564,47,1,1,0,0.2482919114622688
development_oof,without_liphex,9,logistic,573,350,1,0,1,0.5861249323302016
development_oof,without_liphex,9,logistic,576,349,1,0,0,0.40282035450492437
development_oof,without_liphex,9,logistic,578,26,1,0,0,0.2731278391472949
development_oof,without_liphex,9,logistic,590,152,1,0,0,0.07892354791659409
development_oof,without_liphex,9,logistic,591,343,1,0,1,0.5024498764043904
development_oof,without_liphex,9,logistic,630,67,1,0,0,0.4508718480369596
development_oof,without_liphex,9,logistic,637,47,1,1,0,0.24378966088120557
development_oof,without_liphex,9,logistic,639,332,1,0,1,0.5259095362407983
development_oof,without_liphex,9,logistic,642,331,1,0,0,0.41216404176004134
development_oof,without_liphex,9,logistic,644,47,1,1,0,0.22602929525411006
development_oof,without_liphex,9,logistic,650,88,1,0,0,0.3933898817088634
development_oof,without_liphex,9,logistic,651,67,1,0,0,0.38837761508351465
development_oof,without_liphex,9,logistic,654,327,1,0,1,0.5772834915257625
development_oof,without_liphex,9,logistic,673,320,1,0,0,0.2975194723763793
development_oof,without_liphex,9,logistic,676,6,1,0,0,0.3482036773236692
development_oof,without_liphex,9,logistic,679,6,1,0,0,0.36544403981614637
development_oof,without_liphex,9,logistic,680,145,1,0,0,0.4596053764839161
development_oof,without_liphex,9,logistic,695,47,1,1,0,0.23747845440960005
development_oof,without_liphex,9,logistic,708,310,1,0,1,0.7160161197589959
development_oof,without_liphex,9,logistic,709,88,1,0,0,0.32218513308853963
development_oof,without_liphex,9,logistic,713,139,1,0,0,0.21553507007192252
development_oof,without_liphex,9,logistic,721,139,1,1,0,0.18766189200713412
development_oof,without_liphex,9,logistic,722,307,1,0,0,0.39439655227706577
development_oof,without_liphex,9,logistic,727,32,1,0,1,0.5248000455306673
development_oof,without_liphex,9,logistic,734,12,1,1,0,0.3095113165291708
development_oof,without_liphex,9,logistic,748,64,1,0,1,0.5284138046752231
development_oof,without_liphex,9,logistic,763,301,1,0,0,0.3574761578972736
development_oof,without_liphex,9,logistic,771,43,1,0,0,0.4728318798207191
development_oof,without_liphex,9,logistic,773,58,1,1,1,0.8735407626325644
development_oof,without_liphex,9,logistic,775,134,1,0,1,0.9446164881101495
development_oof,without_liphex,9,logistic,779,43,1,0,1,0.5100361909439961
development_oof,without_liphex,9,logistic,782,43,1,0,0,0.41206028406902545
development_oof,without_liphex,9,logistic,783,296,1,0,1,0.5410163662209233
development_oof,without_liphex,9,logistic,784,43,1,1,0,0.3726241241402804
development_oof,without_liphex,9,logistic,788,295,1,1,1,0.5167774016281607
development_oof,without_liphex,9,logistic,795,110,1,1,1,0.863118692990298
development_oof,without_liphex,9,logistic,797,43,1,0,1,0.5489825728624091
development_oof,without_liphex,9,logistic,812,285,1,0,1,0.6787062091597905
development_oof,without_liphex,9,logistic,814,88,1,0,0,0.34673261095685287
development_oof,without_liphex,9,logistic,836,279,1,1,0,0.14186184680613695
development_oof,without_liphex,9,logistic,853,272,1,0,0,0.22771873244099403
development_oof,without_liphex,9,logistic,868,261,1,0,0,0.3757156449516408
development_oof,without_liphex,9,logistic,886,255,1,0,0,0.21909854230514486
development_oof,without_liphex,9,logistic,889,127,1,0,0,0.02050453909218365
development_oof,without_liphex,9,logistic,892,26,1,0,0,0.24729496847021198
development_oof,without_liphex,9,logistic,903,248,1,0,0,0.1825644872498717
development_oof,without_liphex,9,logistic,909,245,1,0,0,0.3705045872968358
development_oof,without_liphex,9,logistic,912,19,1,0,0,0.2137651624432749
development_oof,without_liphex,9,logistic,924,239,1,0,0,0.3093303002648095
development_oof,without_liphex,9,logistic,929,67,1,0,1,0.5076849247202468
development_oof,without_liphex,9,logistic,937,230,1,0,0,0.35282629661192644
development_oof,without_liphex,9,logistic,938,79,1,0,0,0.3746300908976656
development_oof,without_liphex,9,logistic,944,58,1,1,1,0.7876447836156018
development_oof,without_liphex,9,logistic,956,222,1,0,1,0.588007630117949
development_oof,without_liphex,9,logistic,959,117,1,0,0,0.368362293927774
development_oof,without_liphex,9,logistic,961,219,1,0,0,0.45205402171058845
development_oof,without_liphex,9,logistic,970,213,1,0,0,0.3170171050600201
development_oof,without_liphex,9,logistic,983,205,1,1,0,0.31275946841644037
development_oof,without_liphex,9,logistic,989,47,1,0,0,0.3933569864888448
development_oof,without_liphex,9,logistic,992,200,1,0,0,0.3430801848697489
development_oof,without_liphex,9,logistic,997,6,1,0,0,0.43603256921195865
development_oof,without_liphex,9,logistic,1007,195,1,0,0,0.4165032633639231
development_oof,without_liphex,9,logistic,1011,110,1,1,1,0.8683105097656623
development_oof,without_liphex,9,logistic,1023,187,1,0,1,0.664738130348623
development_oof,without_liphex,9,logistic,1034,178,1,0,0,0.04178815343663622
development_oof,without_liphex,9,logistic,2,460,2,0,0,0.32017554711923596
development_oof,without_liphex,9,logistic,8,107,2,0,0,0.4173688995730359
development_oof,without_liphex,9,logistic,18,56,2,1,1,0.9041361655794135
development_oof,without_liphex,9,logistic,33,452,2,0,0,0.3420613362704532
development_oof,without_liphex,9,logistic,34,23,2,0,0,0.4194075897787513
development_oof,without_liphex,9,logistic,37,177,2,0,0,0.3859210812523406
development_oof,without_liphex,9,logistic,50,40,2,1,1,0.9958340122212735
development_oof,without_liphex,9,logistic,51,75,2,1,0,0.37977226597728514
development_oof,without_liphex,9,logistic,55,107,2,0,0,0.406885718374361
development_oof,without_liphex,9,logistic,67,446,2,0,0,0.23990029934964532
development_oof,without_liphex,9,logistic,81,441,2,0,0,0.41235399822089747
development_oof,without_liphex,9,logistic,97,30,2,1,0,0.40061152276826617
development_oof,without_liphex,9,logistic,108,436,2,0,0,0.23912691273773656
development_oof,without_liphex,9,logistic,114,173,2,0,0,0.22824849923158153
development_oof,without_liphex,9,logistic,115,2,2,1,0,0.2813944767470847
development_oof,without_liphex,9,logistic,118,172,2,0,0,0.2477547665684593
development_oof,without_liphex,9,logistic,140,40,2,0,1,0.9641742905142956
development_oof,without_liphex,9,logistic,166,425,2,0,0,0.22637296990498712
development_oof,without_liphex,9,logistic,177,40,2,1,1,0.9431743901495407
development_oof,without_liphex,9,logistic,216,167,2,1,0,0.296911087484526
development_oof,without_liphex,9,logistic,229,30,2,1,0,0.34020501452424734
development_oof,without_liphex,9,logistic,235,30,2,1,0,0.31065542922766604
development_oof,without_liphex,9,logistic,240,167,2,1,0,0.30430513553713867
development_oof,without_liphex,9,logistic,241,23,2,0,0,0.419455563813583
development_oof,without_liphex,9,logistic,246,56,2,1,1,0.9034163396657978
development_oof,without_liphex,9,logistic,249,124,2,0,1,0.5913671500157949
development_oof,without_liphex,9,logistic,251,30,2,1,0,0.3270615590776648
development_oof,without_liphex,9,logistic,253,412,2,0,0,0.29402179906317655
development_oof,without_liphex,9,logistic,254,411,2,1,1,0.6658660693091195
development_oof,without_liphex,9,logistic,262,98,2,1,1,0.9574311842220788
development_oof,without_liphex,9,logistic,265,75,2,0,1,0.5088771974578992
development_oof,without_liphex,9,logistic,275,56,2,1,1,0.8990641919767274
development_oof,without_liphex,9,logistic,281,30,2,1,0,0.3759668886927996
development_oof,without_liphex,9,logistic,283,56,2,1,1,0.9282570054151154
development_oof,without_liphex,9,logistic,291,98,2,1,1,0.963744209661556
development_oof,without_liphex,9,logistic,301,403,2,0,0,0.284142269011301
development_oof,without_liphex,9,logistic,325,396,2,0,0,0.4524803366520091
development_oof,without_liphex,9,logistic,344,23,2,1,0,0.41281883286475146
development_oof,without_liphex,9,logistic,359,23,2,0,0,0.4133843958098432
development_oof,without_liphex,9,logistic,365,388,2,0,0,0.32837135921831806
development_oof,without_liphex,9,logistic,378,23,2,0,0,0.4295753611993947
development_oof,without_liphex,9,logistic,389,382,2,0,0,0.2532236322800944
development_oof,without_liphex,9,logistic,408,98,2,1,1,0.9620975906126257
development_oof,without_liphex,9,logistic,413,62,2,1,0,0.3311364535983231
development_oof,without_liphex,9,logistic,425,23,2,0,0,0.4338393732834938
development_oof,without_liphex,9,logistic,426,377,2,0,1,0.833749010018039
development_oof,without_liphex,9,logistic,439,156,2,1,0,0.4619995411242397
development_oof,without_liphex,9,logistic,461,371,2,1,1,0.5960807896749252
development_oof,without_liphex,9,logistic,487,156,2,0,0,0.46681156506466126
development_oof,without_liphex,9,logistic,505,81,2,1,0,0.4837234519341372
development_oof,without_liphex,9,logistic,514,360,2,1,0,0.48908283881060793
development_oof,without_liphex,9,logistic,515,150,2,0,0,0.2522979518328096
development_oof,without_liphex,9,logistic,523,2,2,1,0,0.31498825289605553
development_oof,without_liphex,9,logistic,526,23,2,0,0,0.49178946135552143
development_oof,without_liphex,9,logistic,541,113,2,0,0,0.40288747488857257
development_oof,without_liphex,9,logistic,551,353,2,0,0,0.30124099969676704
development_oof,without_liphex,9,logistic,584,46,2,0,0,0.36516540053489616
development_oof,without_liphex,9,logistic,586,346,2,0,1,0.7008212836754497
development_oof,without_liphex,9,logistic,589,153,2,1,1,0.9551129798048057
development_oof,without_liphex,9,logistic,593,90,2,0,0,0.34781408923806145
development_oof,without_liphex,9,logistic,598,90,2,0,0,0.32341666006877007
development_oof,without_liphex,9,logistic,599,340,2,0,0,0.3848457154266099
development_oof,without_liphex,9,logistic,603,40,2,1,1,0.957737011628
development_oof,without_liphex,9,logistic,609,7,2,0,0,0.35230362952047733
development_oof,without_liphex,9,logistic,623,150,2,0,0,0.3118786975865161
development_oof,without_liphex,9,logistic,624,149,2,1,0,0.44323504249675977
development_oof,without_liphex,9,logistic,636,334,2,1,0,0.4100665649989235
development_oof,without_liphex,9,logistic,661,90,2,0,0,0.31975150841190875
development_oof,without_liphex,9,logistic,670,322,2,0,1,0.5263939271209783
development_oof,without_liphex,9,logistic,677,319,2,0,0,0.4125119098367997
development_oof,without_liphex,9,logistic,707,311,2,0,0,0.25239691794645835
development_oof,without_liphex,9,logistic,710,75,2,1,0,0.29861919729250536
development_oof,without_liphex,9,logistic,716,309,2,0,0,0.3974855525726188
development_oof,without_liphex,9,logistic,762,302,2,0,1,0.5391011507998422
development_oof,without_liphex,9,logistic,766,130,2,0,0,0.3590284765278763
development_oof,without_liphex,9,logistic,777,297,2,0,0,0.3778191866303551
development_oof,without_liphex,9,logistic,790,62,2,1,0,0.396910105455134
development_oof,without_liphex,9,logistic,791,294,2,0,0,0.25882482319414163
development_oof,without_liphex,9,logistic,793,292,2,1,0,0.2828662043643305
development_oof,without_liphex,9,logistic,810,286,2,0,0,0.2317639997032145
development_oof,without_liphex,9,logistic,819,130,2,1,0,0.3741784294624504
development_oof,without_liphex,9,logistic,825,83,2,0,0,0.4579288947005965
development_oof,without_liphex,9,logistic,831,281,2,0,0,0.27499385917383223
development_oof,without_liphex,9,logistic,842,277,2,0,0,0.4614167341310755
development_oof,without_liphex,9,logistic,850,273,2,0,0,0.31665883588130367
development_oof,without_liphex,9,logistic,859,267,2,0,1,0.5107928320659736
development_oof,without_liphex,9,logistic,863,81,2,1,1,0.503494908370119
development_oof,without_liphex,9,logistic,884,257,2,0,0,0.41535022769027485
development_oof,without_liphex,9,logistic,895,124,2,0,1,0.555091920504218
development_oof,without_liphex,9,logistic,896,251,2,0,0,0.23395154258693174
development_oof,without_liphex,9,logistic,914,56,2,1,1,0.8954360711298942
development_oof,without_liphex,9,logistic,922,240,2,0,0,0.2836905876060069
development_oof,without_liphex,9,logistic,923,23,2,0,0,0.3331178765474831
development_oof,without_liphex,9,logistic,933,232,2,0,0,0.36574840707808387
development_oof,without_liphex,9,logistic,947,226,2,0,0,0.39136935362750175
development_oof,without_liphex,9,logistic,951,223,2,0,0,0.3499000409940399
development_oof,without_liphex,9,logistic,953,119,2,0,0,0.3808186415003133
development_oof,without_liphex,9,logistic,965,216,2,0,0,0.4445530331003399
development_oof,without_liphex,9,logistic,976,209,2,0,0,0.23922188263832186
development_oof,without_liphex,9,logistic,986,113,2,0,0,0.4103592602680988
development_oof,without_liphex,9,logistic,1001,107,2,0,1,0.6514728205552157
development_oof,without_liphex,9,logistic,1005,196,2,0,0,0.37793699809578707
development_oof,without_liphex,9,logistic,1020,188,2,0,1,0.7507737373481723
development_oof,without_liphex,9,logistic,1026,186,2,1,0,0.3967312443155408
development_oof,without_liphex,9,logistic,1030,182,2,0,0,0.29406858165314775
development_oof,without_liphex,9,logistic,20,3,3,0,0,0.40673990670724264
development_oof,without_liphex,9,logistic,29,453,3,0,0,0.4474537845264098
development_oof,without_liphex,9,logistic,31,3,3,0,0,0.385276316849372
development_oof,without_liphex,9,logistic,36,80,3,0,0,0.4891332157143884
development_oof,without_liphex,9,logistic,39,42,3,0,0,0.35862251530297923
development_oof,without_liphex,9,logistic,42,3,3,0,0,0.3907496372098444
development_oof,without_liphex,9,logistic,78,443,3,1,1,0.9372300267294765
development_oof,without_liphex,9,logistic,87,439,3,0,0,0.23376947948190943
development_oof,without_liphex,9,logistic,92,27,3,1,0,0.3311005775949722
development_oof,without_liphex,9,logistic,93,165,3,0,0,0.4262369799785256
development_oof,without_liphex,9,logistic,101,27,3,0,0,0.3593364975163372
development_oof,without_liphex,9,logistic,125,111,3,0,0,0.390400506827744
development_oof,without_liphex,9,logistic,145,430,3,0,1,0.5810775592616261
development_oof,without_liphex,9,logistic,146,59,3,1,1,0.5874626368343975
development_oof,without_liphex,9,logistic,147,16,3,0,0,0.3848727717842942
development_oof,without_liphex,9,logistic,148,59,3,1,1,0.6119311314431712
development_oof,without_liphex,9,logistic,154,59,3,1,1,0.5960770339582531
development_oof,without_liphex,9,logistic,158,428,3,0,0,0.38244666420473344
development_oof,without_liphex,9,logistic,173,52,3,0,0,0.4239731300319492
development_oof,without_liphex,9,logistic,175,38,3,1,1,0.9319637317931736
development_oof,without_liphex,9,logistic,176,3,3,0,0,0.35212410229408614
development_oof,without_liphex,9,logistic,192,8,3,0,0,0.23566121557036063
development_oof,without_liphex,9,logistic,196,8,3,0,0,0.28618199747128087
development_oof,without_liphex,9,logistic,202,421,3,0,0,0.3133826793796073
development_oof,without_liphex,9,logistic,211,8,3,0,0,0.258034570842171
development_oof,without_liphex,9,logistic,217,8,3,0,0,0.2809297252412953
development_oof,without_liphex,9,logistic,218,8,3,0,0,0.2598388459510663
development_oof,without_liphex,9,logistic,220,8,3,0,0,0.30859325328441595
development_oof,without_liphex,9,logistic,226,8,3,0,0,0.2562222279120774
development_oof,without_liphex,9,logistic,227,38,3,1,1,0.9310604169957599
development_oof,without_liphex,9,logistic,230,121,3,1,1,0.5982244839600205
development_oof,without_liphex,9,logistic,238,415,3,0,0,0.2012764583807013
development_oof,without_liphex,9,logistic,239,3,3,0,0,0.42037209344434207
development_oof,without_liphex,9,logistic,242,52,3,1,1,0.9609767774583435
development_oof,without_liphex,9,logistic,252,3,3,0,0,0.34682836550539453
development_oof,without_liphex,9,logistic,257,80,3,0,1,0.522707096691126
development_oof,without_liphex,9,logistic,266,103,3,1,1,0.9429700059659014
development_oof,without_liphex,9,logistic,268,8,3,0,0,0.31226537757579015
development_oof,without_liphex,9,logistic,271,165,3,0,0,0.3560588294149066
development_oof,without_liphex,9,logistic,278,407,3,0,0,0.3307025051332576
development_oof,without_liphex,9,logistic,279,3,3,0,0,0.4383215517152767
development_oof,without_liphex,9,logistic,284,38,3,1,1,0.9204056850937176
development_oof,without_liphex,9,logistic,285,3,3,0,0,0.3417715888553201
development_oof,without_liphex,9,logistic,286,3,3,0,0,0.3978519975726204
development_oof,without_liphex,9,logistic,287,158,3,0,0,0.3844630310375294
development_oof,without_liphex,9,logistic,290,164,3,1,1,0.9483290884667503
development_oof,without_liphex,9,logistic,300,404,3,1,1,0.9508637102071219
development_oof,without_liphex,9,logistic,309,22,3,0,0,0.32618164267749505
development_oof,without_liphex,9,logistic,320,38,3,1,1,0.9329057615904085
development_oof,without_liphex,9,logistic,321,397,3,0,0,0.31052872664988324
development_oof,without_liphex,9,logistic,323,3,3,0,0,0.3619780369996666
development_oof,without_liphex,9,logistic,327,3,3,0,0,0.3892093683571481
development_oof,without_liphex,9,logistic,332,38,3,1,1,0.9388336550361097
development_oof,without_liphex,9,logistic,333,8,3,0,0,0.2881394151097896
development_oof,without_liphex,9,logistic,341,135,3,1,1,0.7009129954338364
development_oof,without_liphex,9,logistic,348,3,3,0,0,0.3801739012695484
development_oof,without_liphex,9,logistic,349,22,3,1,0,0.2670011892445776
development_oof,without_liphex,9,logistic,353,3,3,1,0,0.3698264670568674
development_oof,without_liphex,9,logistic,354,391,3,1,0,0.43822295974616554
development_oof,without_liphex,9,logistic,356,390,3,0,0,0.45653120158247384
development_oof,without_liphex,9,logistic,363,22,3,0,0,0.27934614989512846
development_oof,without_liphex,9,logistic,370,8,3,0,0,0.311596284384451
development_oof,without_liphex,9,logistic,387,383,3,1,0,0.4103184129347321
development_oof,without_liphex,9,logistic,406,78,3,0,0,0.47530612783957904
development_oof,without_liphex,9,logistic,412,3,3,0,0,0.38137002735396547
development_oof,without_liphex,9,logistic,414,3,3,0,0,0.3879061501570976
development_oof,without_liphex,9,logistic,416,378,3,0,0,0.3656287830250753
development_oof,without_liphex,9,logistic,417,22,3,0,0,0.3148744451950886
development_oof,without_liphex,9,logistic,419,154,3,1,1,0.9672425221393959
development_oof,without_liphex,9,logistic,421,27,3,0,0,0.3330743898133079
development_oof,without_liphex,9,logistic,424,27,3,0,0,0.35826281584684155
development_oof,without_liphex,9,logistic,437,158,3,0,0,0.4113006223292541
development_oof,without_liphex,9,logistic,438,96,3,1,0,0.3812000067567099
development_oof,without_liphex,9,logistic,441,27,3,1,0,0.37218252881695485
development_oof,without_liphex,9,logistic,443,372,3,0,0,0.24240308559498458
development_oof,without_liphex,9,logistic,448,13,3,0,0,0.37066986457788664
development_oof,without_liphex,9,logistic,450,3,3,0,0,0.44186984516237154
development_oof,without_liphex,9,logistic,451,3,3,0,0,0.48224001347853634
development_oof,without_liphex,9,logistic,456,78,3,0,0,0.46686821630113595
development_oof,without_liphex,9,logistic,469,8,3,0,0,0.30646836778091296
development_oof,without_liphex,9,logistic,473,22,3,0,0,0.2562130016551701
development_oof,without_liphex,9,logistic,483,27,3,0,0,0.4132493989731455
development_oof,without_liphex,9,logistic,490,364,3,0,0,0.3552816548067481
development_oof,without_liphex,9,logistic,511,129,3,0,0,0.39182730798549964
development_oof,without_liphex,9,logistic,522,154,3,1,1,0.9496671833448023
development_oof,without_liphex,9,logistic,544,63,3,1,0,0.465303970615261
development_oof,without_liphex,9,logistic,547,77,3,0,0,0.31004494582658226
development_oof,without_liphex,9,logistic,550,354,3,0,0,0.34719850940265307
development_oof,without_liphex,9,logistic,556,13,3,0,0,0.3984525411646811
development_oof,without_liphex,9,logistic,567,13,3,0,0,0.42573011223193896
development_oof,without_liphex,9,logistic,580,348,3,1,0,0.392761314529316
development_oof,without_liphex,9,logistic,597,341,3,0,0,0.3892441835241881
development_oof,without_liphex,9,logistic,606,337,3,0,0,0.32895234620012087
development_oof,without_liphex,9,logistic,628,147,3,0,0,0.3019295876391925
development_oof,without_liphex,9,logistic,632,77,3,0,0,0.3344599796395749
development_oof,without_liphex,9,logistic,649,89,3,0,0,0.32695296699277654
development_oof,without_liphex,9,logistic,652,328,3,0,1,0.5075010233547235
development_oof,without_liphex,9,logistic,681,318,3,0,0,0.4161354299464085
development_oof,without_liphex,9,logistic,685,33,3,0,0,0.30384666068557753
development_oof,without_liphex,9,logistic,686,144,3,1,0,0.37128853198157796
development_oof,without_liphex,9,logistic,690,315,3,0,0,0.4263659583676424
development_oof,without_liphex,9,logistic,694,33,3,0,0,0.2901269479131643
development_oof,without_liphex,9,logistic,696,89,3,0,0,0.3380446419440271
development_oof,without_liphex,9,logistic,717,140,3,0,1,0.5678660438656917
development_oof,without_liphex,9,logistic,718,308,3,0,0,0.16517966844741847
development_oof,without_liphex,9,logistic,743,13,3,0,0,0.36154094451206914
development_oof,without_liphex,9,logistic,756,303,3,0,0,0.4114390894510516
development_oof,without_liphex,9,logistic,767,63,3,1,0,0.45304573813748206
development_oof,without_liphex,9,logistic,768,300,3,0,1,0.9546412144027561
development_oof,without_liphex,9,logistic,769,135,3,0,1,0.6949127559823366
development_oof,without_liphex,9,logistic,801,290,3,0,0,0.25008881203917116
development_oof,without_liphex,9,logistic,805,63,3,1,1,0.5897964925790742
development_oof,without_liphex,9,logistic,807,288,3,0,0,0.3862288702280365
development_oof,without_liphex,9,logistic,808,33,3,0,0,0.3440698132641751
development_oof,without_liphex,9,logistic,813,33,3,0,0,0.3226906695333374
development_oof,without_liphex,9,logistic,821,282,3,0,0,0.405576462127207
development_oof,without_liphex,9,logistic,827,129,3,0,0,0.43201331281822103
development_oof,without_liphex,9,logistic,847,274,3,0,0,0.27508911167205824
development_oof,without_liphex,9,logistic,854,271,3,0,0,0.3121172712595812
development_oof,without_liphex,9,logistic,864,264,3,0,0,0.27390913136153366
development_oof,without_liphex,9,logistic,866,262,3,0,1,0.5700717517126265
development_oof,without_liphex,9,logistic,869,80,3,0,1,0.5352617761182966
development_oof,without_liphex,9,logistic,881,259,3,0,0,0.4976045193716085
development_oof,without_liphex,9,logistic,883,59,3,1,1,0.6184150756254488
development_oof,without_liphex,9,logistic,893,253,3,0,0,0.2031390450067644
development_oof,without_liphex,9,logistic,899,123,3,1,1,0.954327727441071
development_oof,without_liphex,9,logistic,904,52,3,1,1,0.9182078716981649
development_oof,without_liphex,9,logistic,913,121,3,1,1,0.6620623238715894
development_oof,without_liphex,9,logistic,917,243,3,1,0,0.4742764593606626
development_oof,without_liphex,9,logistic,920,241,3,0,0,0.38466141362041695
development_oof,without_liphex,9,logistic,921,16,3,0,0,0.38654558748689094
development_oof,without_liphex,9,logistic,930,235,3,1,1,0.533653457258023
development_oof,without_liphex,9,logistic,935,231,3,0,0,0.4203063405269117
development_oof,without_liphex,9,logistic,940,78,3,0,0,0.4677151779877357
development_oof,without_liphex,9,logistic,945,227,3,0,0,0.27853033553018836
development_oof,without_liphex,9,logistic,962,218,3,0,0,0.3474775573493713
development_oof,without_liphex,9,logistic,963,217,3,0,0,0.3063031201823133
development_oof,without_liphex,9,logistic,973,210,3,0,0,0.3739399613460802
development_oof,without_liphex,9,logistic,982,77,3,0,0,0.33438120130780247
development_oof,without_liphex,9,logistic,988,202,3,1,0,0.2664129915857965
development_oof,without_liphex,9,logistic,998,198,3,0,0,0.38648447533621494
development_oof,without_liphex,9,logistic,1002,197,3,0,0,0.4075105571906796
development_oof,without_liphex,9,logistic,1006,111,3,0,0,0.2874744898198693
development_oof,without_liphex,9,logistic,1017,189,3,0,0,0.3582839899803975
development_oof,without_liphex,9,logistic,1025,63,3,1,0,0.30839716574456066
development_oof,without_liphex,9,logistic,1028,184,3,0,0,0.3883010607630722
development_oof,without_liphex,9,logistic,1029,183,3,0,0,0.3696581042540017
development_oof,without_liphex,9,logistic,16,93,4,1,1,0.7734558057001164
development_oof,without_liphex,9,logistic,19,457,4,0,0,0.41401959928024373
development_oof,without_liphex,9,logistic,27,53,4,0,0,0.4188384498543915
development_oof,without_liphex,9,logistic,44,450,4,0,0,0.33781855721293486
development_oof,without_liphex,9,logistic,60,4,4,1,1,0.5161350051949808
development_oof,without_liphex,9,logistic,62,82,4,0,0,0.3500803571762891
development_oof,without_liphex,9,logistic,66,82,4,1,0,0.39889357530283576
development_oof,without_liphex,9,logistic,69,444,4,0,0,0.31993441635868053
development_oof,without_liphex,9,logistic,83,60,4,1,0,0.43757001700423626
development_oof,without_liphex,9,logistic,84,9,4,1,1,0.9570234823998751
development_oof,without_liphex,9,logistic,86,174,4,1,1,0.7840801499464821
development_oof,without_liphex,9,logistic,90,9,4,1,1,0.7886882697265672
development_oof,without_liphex,9,logistic,95,161,4,0,0,0.36592522429165447
development_oof,without_liphex,9,logistic,102,15,4,0,0,0.4174221324012132
development_oof,without_liphex,9,logistic,112,9,4,1,1,0.7962691159078711
development_oof,without_liphex,9,logistic,117,433,4,0,0,0.41212165386196387
development_oof,without_liphex,9,logistic,119,0,4,0,0,0.47674720999575093
development_oof,without_liphex,9,logistic,123,9,4,1,1,0.8109843773938274
development_oof,without_liphex,9,logistic,131,170,4,1,0,0.43757001700423626
development_oof,without_liphex,9,logistic,134,15,4,0,0,0.36980350919353017
development_oof,without_liphex,9,logistic,138,431,4,0,0,0.44008354021023377
development_oof,without_liphex,9,logistic,142,0,4,0,0,0.46757238139693225
development_oof,without_liphex,9,logistic,156,9,4,1,1,0.7847404561309949
development_oof,without_liphex,9,logistic,157,0,4,0,0,0.4707299393059155
development_oof,without_liphex,9,logistic,159,4,4,1,0,0.458547565975822
development_oof,without_liphex,9,logistic,169,9,4,1,1,0.7755924286955889
development_oof,without_liphex,9,logistic,170,60,4,1,0,0.38496628618986073
development_oof,without_liphex,9,logistic,178,54,4,0,0,0.39507315041462604
development_oof,without_liphex,9,logistic,181,9,4,1,1,0.7760231730078454
development_oof,without_liphex,9,logistic,183,422,4,0,0,0.4049444481732872
development_oof,without_liphex,9,logistic,184,4,4,1,0,0.4907682855293099
development_oof,without_liphex,9,logistic,187,9,4,1,1,0.7968408545208602
development_oof,without_liphex,9,logistic,193,9,4,1,1,0.7842007955590329
development_oof,without_liphex,9,logistic,198,53,4,0,0,0.42553047392783416
development_oof,without_liphex,9,logistic,201,9,4,1,1,0.8004310711970154
development_oof,without_liphex,9,logistic,206,125,4,1,0,0.38931696227103263
development_oof,without_liphex,9,logistic,210,104,4,1,1,0.7992687154299307
development_oof,without_liphex,9,logistic,221,9,4,1,1,0.811536394620692
development_oof,without_liphex,9,logistic,236,416,4,1,0,0.3077412855364624
development_oof,without_liphex,9,logistic,258,35,4,0,0,0.40443133198257963
development_oof,without_liphex,9,logistic,277,102,4,1,0,0.41723556369501075
development_oof,without_liphex,9,logistic,294,122,4,0,0,0.32453846626889765
development_oof,without_liphex,9,logistic,304,24,4,1,0,0.407154686925202
development_oof,without_liphex,9,logistic,310,401,4,0,0,0.3931230528919812
development_oof,without_liphex,9,logistic,311,400,4,1,0,0.42106554968467913
development_oof,without_liphex,9,logistic,322,15,4,0,1,0.5069577011032417
development_oof,without_liphex,9,logistic,335,15,4,0,0,0.4148365451172367
development_oof,without_liphex,9,logistic,337,15,4,0,0,0.38273891429298307
development_oof,without_liphex,9,logistic,355,15,4,0,0,0.39347886375369584
development_oof,without_liphex,9,logistic,358,389,4,0,0,0.44914002631954697
development_oof,without_liphex,9,logistic,371,161,4,0,0,0.4096504971120675
development_oof,without_liphex,9,logistic,379,24,4,0,0,0.37949429551386415
development_oof,without_liphex,9,logistic,382,384,4,0,0,0.38505173260759445
development_oof,without_liphex,9,logistic,384,69,4,0,1,0.5451434336882711
development_oof,without_liphex,9,logistic,386,4,4,1,0,0.4476785616340553
development_oof,without_liphex,9,logistic,392,4,4,1,1,0.6079001101428463
development_oof,without_liphex,9,logistic,393,0,4,0,0,0.49334384875246784
development_oof,without_liphex,9,logistic,400,28,4,0,0,0.4908450842849615
development_oof,without_liphex,9,logistic,401,4,4,1,0,0.45432625835628904
development_oof,without_liphex,9,logistic,404,35,4,0,0,0.4229296994124535
development_oof,without_liphex,9,logistic,405,379,4,0,0,0.4700542049128428
development_oof,without_liphex,9,logistic,407,160,4,0,0,0.3684924080522446
development_oof,without_liphex,9,logistic,409,4,4,1,1,0.5287457792410066
development_oof,without_liphex,9,logistic,423,50,4,0,0,0.4560043389261539
development_oof,without_liphex,9,logistic,430,4,4,1,0,0.4706808660584488
development_oof,without_liphex,9,logistic,434,97,4,1,1,0.7714713347372183
development_oof,without_liphex,9,logistic,446,4,4,1,0,0.4587347173596802
development_oof,without_liphex,9,logistic,454,104,4,1,1,0.7946741611080929
development_oof,without_liphex,9,logistic,455,93,4,1,1,0.7689170451014322
development_oof,without_liphex,9,logistic,462,15,4,0,0,0.38964029530609984
development_oof,without_liphex,9,logistic,464,4,4,1,0,0.4771524419804237
development_oof,without_liphex,9,logistic,465,4,4,1,1,0.5144795857105913
development_oof,without_liphex,9,logistic,466,0,4,0,0,0.46178112729909165
development_oof,without_liphex,9,logistic,470,0,4,0,0,0.45788803448929555
development_oof,without_liphex,9,logistic,480,367,4,0,0,0.4409332431863744
development_oof,without_liphex,9,logistic,481,4,4,1,1,0.5039076208602614
development_oof,without_liphex,9,logistic,484,365,4,0,0,0.3754587736030585
development_oof,without_liphex,9,logistic,495,0,4,0,0,0.4730710485911822
development_oof,without_liphex,9,logistic,498,54,4,0,0,0.4102466943497813
development_oof,without_liphex,9,logistic,499,15,4,0,0,0.37463671171893626
development_oof,without_liphex,9,logistic,500,28,4,0,1,0.5507102264435226
development_oof,without_liphex,9,logistic,501,72,4,0,0,0.3925817838434605
development_oof,without_liphex,9,logistic,503,93,4,1,1,0.7706743087868118
development_oof,without_liphex,9,logistic,506,0,4,0,0,0.47033246822042596
development_oof,without_liphex,9,logistic,517,0,4,0,0,0.47801920017089616
development_oof,without_liphex,9,logistic,519,53,4,0,0,0.38630641578005476
development_oof,without_liphex,9,logistic,520,53,4,0,0,0.4077239217502286
development_oof,without_liphex,9,logistic,524,0,4,0,0,0.47284508618361654
development_oof,without_liphex,9,logistic,525,15,4,0,0,0.41619189104913484
development_oof,without_liphex,9,logistic,527,0,4,0,0,0.46829971305425117
development_oof,without_liphex,9,logistic,528,359,4,0,0,0.39122151976788416
development_oof,without_liphex,9,logistic,529,0,4,0,1,0.529046700030251
development_oof,without_liphex,9,logistic,542,35,4,1,0,0.4250307021725283
development_oof,without_liphex,9,logistic,543,0,4,0,0,0.49716965445775785
development_oof,without_liphex,9,logistic,545,136,4,1,0,0.40301310866028045
development_oof,without_liphex,9,logistic,553,0,4,0,0,0.4879052802895787
development_oof,without_liphex,9,logistic,559,351,4,0,0,0.43999227966392884
development_oof,without_liphex,9,logistic,560,0,4,0,0,0.4645111728159418
development_oof,without_liphex,9,logistic,568,0,4,0,0,0.4827173841810643
development_oof,without_liphex,9,logistic,570,0,4,1,1,0.5104566792856414
development_oof,without_liphex,9,logistic,572,0,4,1,0,0.47236934763169736
development_oof,without_liphex,9,logistic,577,44,4,0,0,0.4693713663149846
development_oof,without_liphex,9,logistic,581,347,4,0,0,0.47820589035277844
development_oof,without_liphex,9,logistic,582,44,4,0,0,0.4034395418873995
development_oof,without_liphex,9,logistic,583,69,4,0,0,0.4893773770838038
development_oof,without_liphex,9,logistic,588,344,4,0,0,0.4953256283049008
development_oof,without_liphex,9,logistic,592,0,4,1,0,0.47083776930823795
development_oof,without_liphex,9,logistic,595,35,4,0,0,0.4171069972000573
development_oof,without_liphex,9,logistic,600,151,4,0,0,0.38092198033908975
development_oof,without_liphex,9,logistic,602,338,4,0,0,0.3724152233968707
development_oof,without_liphex,9,logistic,604,0,4,0,1,0.5010173337532151
development_oof,without_liphex,9,logistic,605,0,4,0,0,0.46226181558836493
development_oof,without_liphex,9,logistic,607,0,4,1,0,0.4761085882022193
development_oof,without_liphex,9,logistic,608,0,4,0,1,0.5001996211768327
development_oof,without_liphex,9,logistic,610,0,4,0,0,0.4631268615888764
development_oof,without_liphex,9,logistic,611,0,4,0,1,0.5148512913140588
development_oof,without_liphex,9,logistic,613,85,4,0,0,0.458991635667166
development_oof,without_liphex,9,logistic,615,0,4,0,0,0.46756118329593366
development_oof,without_liphex,9,logistic,627,335,4,0,0,0.39391737370664204
development_oof,without_liphex,9,logistic,633,0,4,0,0,0.4886035195984431
development_oof,without_liphex,9,logistic,646,0,4,0,1,0.5104189452361622
development_oof,without_liphex,9,logistic,647,0,4,0,1,0.5251773724396654
development_oof,without_liphex,9,logistic,648,329,4,0,0,0.4094244874744598
development_oof,without_liphex,9,logistic,657,4,4,1,1,0.5705127244410954
development_oof,without_liphex,9,logistic,662,0,4,0,0,0.4773354478855536
development_oof,without_liphex,9,logistic,665,69,4,1,1,0.5244472291604143
development_oof,without_liphex,9,logistic,666,44,4,0,0,0.3810289236642439
development_oof,without_liphex,9,logistic,667,0,4,0,1,0.5248479325723651
development_oof,without_liphex,9,logistic,671,321,4,1,0,0.49934234626837637
development_oof,without_liphex,9,logistic,674,4,4,0,1,0.5028080322765766
development_oof,without_liphex,9,logistic,683,142,4,0,0,0.48884178514824245
development_oof,without_liphex,9,logistic,691,142,4,0,0,0.4537306058469528
development_oof,without_liphex,9,logistic,692,0,4,0,0,0.4746220006569738
development_oof,without_liphex,9,logistic,693,0,4,0,0,0.4686218874177458
development_oof,without_liphex,9,logistic,699,0,4,0,0,0.4582158028559059
development_oof,without_liphex,9,logistic,701,0,4,1,1,0.5043594210630598
development_oof,without_liphex,9,logistic,704,313,4,0,0,0.4886594147494657
development_oof,without_liphex,9,logistic,706,0,4,0,0,0.4751602053078808
development_oof,without_liphex,9,logistic,715,4,4,1,0,0.4277846402005323
development_oof,without_liphex,9,logistic,729,0,4,0,1,0.504503360258204
development_oof,without_liphex,9,logistic,731,60,4,0,0,0.4340934630500409
development_oof,without_liphex,9,logistic,735,132,4,0,0,0.4560885021176439
development_oof,without_liphex,9,logistic,737,85,4,1,0,0.48005049925659615
development_oof,without_liphex,9,logistic,738,136,4,1,0,0.4026230175763004
development_oof,without_liphex,9,logistic,740,44,4,0,0,0.38972725557360943
development_oof,without_liphex,9,logistic,742,305,4,0,0,0.3979946076926979
development_oof,without_liphex,9,logistic,745,0,4,0,1,0.5337706033712892
development_oof,without_liphex,9,logistic,753,85,4,0,0,0.4471184656298414
development_oof,without_liphex,9,logistic,761,44,4,0,0,0.4622724880753077
development_oof,without_liphex,9,logistic,776,298,4,0,0,0.4907147357140868
development_oof,without_liphex,9,logistic,794,0,4,0,1,0.5316597149036396
development_oof,without_liphex,9,logistic,796,35,4,0,0,0.4496461056053942
development_oof,without_liphex,9,logistic,800,132,4,0,0,0.44220907421010947
development_oof,without_liphex,9,logistic,803,289,4,0,0,0.37642742183163364
development_oof,without_liphex,9,logistic,818,283,4,0,0,0.4246780153637145
development_oof,without_liphex,9,logistic,822,35,4,0,0,0.4446159950656976
development_oof,without_liphex,9,logistic,839,82,4,0,0,0.3414310577542421
development_oof,without_liphex,9,logistic,844,276,4,0,0,0.4957361376549237
development_oof,without_liphex,9,logistic,855,270,4,0,0,0.38855742989618014
development_oof,without_liphex,9,logistic,865,263,4,0,0,0.3478834910180097
development_oof,without_liphex,9,logistic,867,60,4,0,0,0.4082098238280735
development_oof,without_liphex,9,logistic,885,256,4,0,0,0.36461931125075986
development_oof,without_liphex,9,logistic,888,254,4,1,0,0.33922021160628973
development_oof,without_liphex,9,logistic,891,125,4,0,0,0.4857495607268597
development_oof,without_liphex,9,logistic,902,122,4,1,0,0.3611587907429356
development_oof,without_liphex,9,logistic,907,246,4,0,0,0.40638344967509665
development_oof,without_liphex,9,logistic,918,242,4,0,0,0.4094516300197657
development_oof,without_liphex,9,logistic,931,234,4,0,0,0.3952425045501656
development_oof,without_liphex,9,logistic,949,224,4,0,0,0.315237030657021
development_oof,without_liphex,9,logistic,954,4,4,1,1,0.516950359870698
development_oof,without_liphex,9,logistic,968,214,4,1,0,0.45421257840850915
development_oof,without_liphex,9,logistic,980,207,4,0,0,0.42569398089214366
development_oof,without_liphex,9,logistic,981,206,4,0,0,0.4350624076327987
development_oof,without_liphex,9,logistic,984,204,4,1,0,0.43914310834664194
development_oof,without_liphex,9,logistic,991,0,4,0,1,0.503512994895318
development_oof,without_liphex,9,logistic,993,69,4,0,1,0.5226091654616721
development_oof,without_liphex,9,logistic,995,112,4,0,0,0.4322698035470469
development_oof,without_liphex,9,logistic,1016,190,4,1,0,0.476605883081822
development_oof,without_liphex,9,logistic,1024,4,4,1,1,0.5159303979345782
development_oof,without_liphex,9,logistic,1031,181,4,0,1,0.5512663238031003
development_oof,without_liphex,9,logistic,1033,179,4,0,0,0.44096005230567104
development_oof,without_liphex,9,logistic,5,31,5,1,1,0.92699698409134
development_oof,without_liphex,9,logistic,6,61,5,0,0,0.38009638115400357
development_oof,without_liphex,9,logistic,15,458,5,1,1,0.9258974342081764
development_oof,without_liphex,9,logistic,23,11,5,0,0,0.47744029255366044
development_oof,without_liphex,9,logistic,26,11,5,0,0,0.37916860065138286
development_oof,without_liphex,9,logistic,41,451,5,0,0,0.25966272031357623
development_oof,without_liphex,9,logistic,46,18,5,0,1,0.9126013252472113
development_oof,without_liphex,9,logistic,49,11,5,0,0,0.32820751779704443
development_oof,without_liphex,9,logistic,52,448,5,0,0,0.22041381567117152
development_oof,without_liphex,9,logistic,57,61,5,0,0,0.38051059860394976
development_oof,without_liphex,9,logistic,58,11,5,0,0,0.34586234857140136
development_oof,without_liphex,9,logistic,59,11,5,0,0,0.42435577847481176
development_oof,without_liphex,9,logistic,76,11,5,0,1,0.6754089605352861
development_oof,without_liphex,9,logistic,79,175,5,1,0,0.49633028605420354
development_oof,without_liphex,9,logistic,85,17,5,1,1,0.9115145708999787
development_oof,without_liphex,9,logistic,96,18,5,1,1,0.9517825602449929
development_oof,without_liphex,9,logistic,98,438,5,0,0,0.3940943365745801
development_oof,without_liphex,9,logistic,100,31,5,1,1,0.9029714462880336
development_oof,without_liphex,9,logistic,105,437,5,1,0,0.4930551449577978
development_oof,without_liphex,9,logistic,106,18,5,1,1,0.9254224030318587
development_oof,without_liphex,9,logistic,111,106,5,0,1,0.5204381268310672
development_oof,without_liphex,9,logistic,116,434,5,0,0,0.21449424562105923
development_oof,without_liphex,9,logistic,130,171,5,0,0,0.38729237764466984
development_oof,without_liphex,9,logistic,132,18,5,1,1,0.9223320484716672
development_oof,without_liphex,9,logistic,141,106,5,0,0,0.3556891565649072
development_oof,without_liphex,9,logistic,149,106,5,0,0,0.4635473627110295
development_oof,without_liphex,9,logistic,150,55,5,1,1,0.9058772998167743
development_oof,without_liphex,9,logistic,152,429,5,0,0,0.42829527815846763
development_oof,without_liphex,9,logistic,161,427,5,0,1,0.5836441291193132
development_oof,without_liphex,9,logistic,163,18,5,1,1,0.9979294201061352
development_oof,without_liphex,9,logistic,165,17,5,1,1,0.9344982862287486
development_oof,without_liphex,9,logistic,167,18,5,1,1,0.9292041587904897
development_oof,without_liphex,9,logistic,172,423,5,0,1,0.9977981005099484
development_oof,without_liphex,9,logistic,179,11,5,0,0,0.46353039927714784
development_oof,without_liphex,9,logistic,182,31,5,1,1,0.8944887913686445
development_oof,without_liphex,9,logistic,186,18,5,1,1,0.9363933539779146
development_oof,without_liphex,9,logistic,195,31,5,1,1,0.8991893672822435
development_oof,without_liphex,9,logistic,208,31,5,1,1,0.948802502966262
development_oof,without_liphex,9,logistic,215,61,5,0,0,0.48967123092642334
development_oof,without_liphex,9,logistic,219,418,5,0,0,0.27840990774997626
development_oof,without_liphex,9,logistic,223,68,5,0,0,0.2752335529441743
development_oof,without_liphex,9,logistic,225,55,5,1,1,0.9238621932351364
development_oof,without_liphex,9,logistic,231,417,5,0,0,0.2365406865230193
development_oof,without_liphex,9,logistic,233,17,5,1,1,0.8980204711816342
development_oof,without_liphex,9,logistic,255,410,5,0,0,0.3278654340595217
development_oof,without_liphex,9,logistic,256,18,5,1,1,0.9145207077143491
development_oof,without_liphex,9,logistic,259,409,5,0,0,0.4272602120723941
development_oof,without_liphex,9,logistic,261,25,5,1,0,0.34937525626285887
development_oof,without_liphex,9,logistic,273,25,5,1,0,0.3256253785402628
development_oof,without_liphex,9,logistic,276,17,5,1,1,0.9526387107251306
development_oof,without_liphex,9,logistic,297,163,5,0,0,0.39677633487524633
development_oof,without_liphex,9,logistic,298,405,5,0,0,0.2742612502864834
development_oof,without_liphex,9,logistic,316,100,5,0,0,0.3034830251212482
development_oof,without_liphex,9,logistic,319,163,5,0,0,0.34771219132297165
development_oof,without_liphex,9,logistic,326,157,5,1,1,0.92720426224946
development_oof,without_liphex,9,logistic,330,76,5,1,0,0.3031416518452245
development_oof,without_liphex,9,logistic,334,394,5,0,0,0.2614791538498818
development_oof,without_liphex,9,logistic,336,55,5,1,1,0.9228290481212921
development_oof,without_liphex,9,logistic,338,17,5,1,1,0.9147696775006868
development_oof,without_liphex,9,logistic,339,11,5,0,1,0.6416546950920052
development_oof,without_liphex,9,logistic,340,393,5,0,0,0.33072732129715765
development_oof,without_liphex,9,logistic,343,17,5,1,1,0.9179591975335106
development_oof,without_liphex,9,logistic,347,17,5,1,1,0.9293195779082533
development_oof,without_liphex,9,logistic,351,100,5,1,0,0.30850936618716246
development_oof,without_liphex,9,logistic,357,37,5,1,1,0.9444711309980385
development_oof,without_liphex,9,logistic,364,25,5,1,0,0.4093188113167953
development_oof,without_liphex,9,logistic,372,17,5,1,1,0.9233723997981509
development_oof,without_liphex,9,logistic,377,386,5,0,0,0.3596598201698483
development_oof,without_liphex,9,logistic,381,76,5,0,0,0.34864033733267125
development_oof,without_liphex,9,logistic,397,11,5,0,0,0.35831037133338595
development_oof,without_liphex,9,logistic,402,380,5,0,0,0.2074314618884875
development_oof,without_liphex,9,logistic,435,374,5,0,0,0.3587074759994372
development_oof,without_liphex,9,logistic,436,25,5,1,1,0.5477699779313885
development_oof,without_liphex,9,logistic,458,18,5,0,1,0.946747323255615
development_oof,without_liphex,9,logistic,459,25,5,1,0,0.34979669577923284
development_oof,without_liphex,9,logistic,468,370,5,0,0,0.20815799705076082
development_oof,without_liphex,9,logistic,479,368,5,0,0,0.3822378256476841
development_oof,without_liphex,9,logistic,486,157,5,0,0,0.2863710489220636
development_oof,without_liphex,9,logistic,494,94,5,0,0,0.4171430407166565
development_oof,without_liphex,9,logistic,533,71,5,0,1,0.514849154420135
development_oof,without_liphex,9,logistic,536,71,5,0,0,0.47115481558165184
development_oof,without_liphex,9,logistic,549,355,5,0,0,0.48779953421385575
development_oof,without_liphex,9,logistic,555,352,5,1,1,0.9567636961937719
development_oof,without_liphex,9,logistic,557,66,5,0,1,0.5315154827423004
development_oof,without_liphex,9,logistic,563,71,5,0,1,0.5159917491103432
development_oof,without_liphex,9,logistic,575,115,5,0,1,0.5343753435823408
development_oof,without_liphex,9,logistic,579,114,5,1,0,0.39403991390420773
development_oof,without_liphex,9,logistic,585,31,5,1,1,0.9526407194597171
development_oof,without_liphex,9,logistic,587,345,5,0,1,0.566532168799479
development_oof,without_liphex,9,logistic,601,339,5,0,0,0.28624846788400654
development_oof,without_liphex,9,logistic,612,87,5,0,0,0.336250702841967
development_oof,without_liphex,9,logistic,620,68,5,0,0,0.2624412802022845
development_oof,without_liphex,9,logistic,634,17,5,1,1,0.9362788064902972
development_oof,without_liphex,9,logistic,635,68,5,1,0,0.3354681895095431
development_oof,without_liphex,9,logistic,640,146,5,0,0,0.38875877923784036
development_oof,without_liphex,9,logistic,641,66,5,0,0,0.44571059599728324
development_oof,without_liphex,9,logistic,643,330,5,0,0,0.3013565262311122
development_oof,without_liphex,9,logistic,645,146,5,0,0,0.3345662664968764
development_oof,without_liphex,9,logistic,656,326,5,0,0,0.487683995408593
development_oof,without_liphex,9,logistic,664,116,5,0,0,0.32537584712527756
development_oof,without_liphex,9,logistic,675,71,5,0,1,0.5697123139242831
development_oof,without_liphex,9,logistic,682,317,5,0,0,0.3649737223037957
development_oof,without_liphex,9,logistic,688,143,5,0,0,0.4069012482626574
development_oof,without_liphex,9,logistic,698,314,5,0,0,0.4250653511306848
development_oof,without_liphex,9,logistic,711,45,5,0,1,0.5242720238580098
development_oof,without_liphex,9,logistic,723,25,5,0,0,0.34687223266793354
development_oof,without_liphex,9,logistic,725,45,5,1,1,0.5033357103975372
development_oof,without_liphex,9,logistic,726,31,5,1,1,0.9068906436353984
development_oof,without_liphex,9,logistic,732,45,5,0,1,0.5030552763733642
development_oof,without_liphex,9,logistic,736,137,5,0,1,0.5015770265604446
development_oof,without_liphex,9,logistic,741,306,5,0,0,0.2952239472292422
development_oof,without_liphex,9,logistic,744,87,5,0,0,0.26847731019667026
development_oof,without_liphex,9,logistic,749,11,5,0,0,0.3694311952665082
development_oof,without_liphex,9,logistic,799,45,5,0,1,0.5729443620424262
development_oof,without_liphex,9,logistic,802,131,5,0,0,0.37417182845760916
development_oof,without_liphex,9,logistic,816,284,5,0,0,0.49783185021226156
development_oof,without_liphex,9,logistic,837,278,5,0,0,0.26244693790622775
development_oof,without_liphex,9,logistic,845,11,5,0,0,0.3513615370251192
development_oof,without_liphex,9,logistic,857,268,5,0,0,0.371000887616635
development_oof,without_liphex,9,logistic,858,61,5,0,0,0.48966225935707947
development_oof,without_liphex,9,logistic,860,266,5,0,0,0.37873528344827423
development_oof,without_liphex,9,logistic,870,260,5,0,0,0.3528991785593629
development_oof,without_liphex,9,logistic,900,249,5,0,0,0.38891850362607244
development_oof,without_liphex,9,logistic,906,247,5,0,0,0.32944506822090436
development_oof,without_liphex,9,logistic,915,25,5,1,0,0.32974599244930386
development_oof,without_liphex,9,logistic,926,238,5,1,0,0.31448656811898995
development_oof,without_liphex,9,logistic,939,229,5,1,1,0.5411805741326774
development_oof,without_liphex,9,logistic,948,225,5,1,1,0.7024873328331985
development_oof,without_liphex,9,logistic,958,220,5,0,0,0.2035258430526347
development_oof,without_liphex,9,logistic,960,116,5,0,0,0.3526570661344241
development_oof,without_liphex,9,logistic,969,115,5,0,1,0.578904696643127
development_oof,without_liphex,9,logistic,971,212,5,1,1,0.5010151901692819
development_oof,without_liphex,9,logistic,972,211,5,0,0,0.3369301798765675
development_oof,without_liphex,9,logistic,974,45,5,0,1,0.5399799389864691
development_oof,without_liphex,9,logistic,975,66,5,0,0,0.4335369283675593
development_oof,without_liphex,9,logistic,979,114,5,0,0,0.3446917217070929
development_oof,without_liphex,9,logistic,990,201,5,0,0,0.478901179127259
development_oof,without_liphex,9,logistic,1008,76,5,0,0,0.2694412635720202
development_oof,without_liphex,9,logistic,1010,194,5,0,1,0.5875268138562624
development_oof,without_liphex,9,logistic,1015,191,5,1,0,0.29082510735463657
development_oof,without_liphex,9,logistic,1027,185,5,1,1,0.7556407391471998
development_oof,without_liphex,9,logistic,1032,180,5,0,1,0.5129737762811157
development_oof,without_liphex,9,rbf_svc,3,108,1,0,0,-1.2238715667337035
development_oof,without_liphex,9,rbf_svc,13,109,1,1,1,1.5366114757524665
development_oof,without_liphex,9,rbf_svc,22,456,1,0,0,-0.2600516678505924
development_oof,without_liphex,9,rbf_svc,24,455,1,0,0,-0.6181511821272592
development_oof,without_liphex,9,rbf_svc,25,12,1,1,0,-1.1286586371058354
development_oof,without_liphex,9,rbf_svc,35,108,1,0,0,-1.1988940760836604
development_oof,without_liphex,9,rbf_svc,43,6,1,0,0,-1.1278817204698361
development_oof,without_liphex,9,rbf_svc,53,447,1,0,0,-0.8428766892676718
development_oof,without_liphex,9,rbf_svc,65,168,1,1,1,1.2585493388047508
development_oof,without_liphex,9,rbf_svc,68,445,1,1,0,-1.0267265533168777
development_oof,without_liphex,9,rbf_svc,70,166,1,0,0,-1.034308846259898
development_oof,without_liphex,9,rbf_svc,72,12,1,1,0,-1.1615724956729663
development_oof,without_liphex,9,rbf_svc,75,108,1,0,0,-1.1961555427886852
development_oof,without_liphex,9,rbf_svc,88,12,1,0,0,-1.1641279390465558
development_oof,without_liphex,9,rbf_svc,89,6,1,0,0,-1.0929422896171301
development_oof,without_liphex,9,rbf_svc,110,41,1,0,0,-0.7957712906374477
development_oof,without_liphex,9,rbf_svc,129,58,1,1,1,1.4271002818956218
development_oof,without_liphex,9,rbf_svc,133,432,1,1,1,1.067977090670996
development_oof,without_liphex,9,rbf_svc,144,41,1,0,0,-0.6609474772533188
development_oof,without_liphex,9,rbf_svc,153,41,1,0,0,-0.4390338772130127
development_oof,without_liphex,9,rbf_svc,155,41,1,0,0,-0.7857932395892258
development_oof,without_liphex,9,rbf_svc,168,424,1,0,0,-1.0638953008855632
development_oof,without_liphex,9,rbf_svc,171,41,1,1,0,-0.4307805317439124
development_oof,without_liphex,9,rbf_svc,197,168,1,1,1,1.2377555538293228
development_oof,without_liphex,9,rbf_svc,205,41,1,0,0,-0.497438889340148
development_oof,without_liphex,9,rbf_svc,209,420,1,1,1,0.9540453524704047
development_oof,without_liphex,9,rbf_svc,232,6,1,0,0,-1.1262164920832793
development_oof,without_liphex,9,rbf_svc,237,117,1,0,0,-0.8506603919664988
development_oof,without_liphex,9,rbf_svc,243,414,1,0,0,-0.9727620342088565
development_oof,without_liphex,9,rbf_svc,250,166,1,0,0,-0.8357620850614706
development_oof,without_liphex,9,rbf_svc,270,12,1,1,0,-1.1379760879274512
development_oof,without_liphex,9,rbf_svc,272,19,1,0,0,-1.2134749732698262
development_oof,without_liphex,9,rbf_svc,282,406,1,1,1,1.0293152392816145
development_oof,without_liphex,9,rbf_svc,289,6,1,0,0,-0.9653275638785557
development_oof,without_liphex,9,rbf_svc,303,12,1,1,0,-1.0604268542752857
development_oof,without_liphex,9,rbf_svc,305,402,1,0,0,-0.9127151922367771
development_oof,without_liphex,9,rbf_svc,306,101,1,1,0,-1.0868993404193015
development_oof,without_liphex,9,rbf_svc,307,12,1,1,0,-1.2152387927964368
development_oof,without_liphex,9,rbf_svc,314,398,1,0,0,-1.0280366935834833
development_oof,without_liphex,9,rbf_svc,318,127,1,1,0,-1.3577027025191364
development_oof,without_liphex,9,rbf_svc,328,395,1,1,0,-0.713884644374521
development_oof,without_liphex,9,rbf_svc,345,73,1,0,1,0.9903687511694406
development_oof,without_liphex,9,rbf_svc,346,12,1,1,0,-1.1437556433455205
development_oof,without_liphex,9,rbf_svc,350,12,1,0,0,-0.7853822108549062
development_oof,without_liphex,9,rbf_svc,362,36,1,0,0,-1.0587621575563722
development_oof,without_liphex,9,rbf_svc,366,79,1,1,0,-0.784040858944361
development_oof,without_liphex,9,rbf_svc,367,79,1,1,0,-0.7431320463348792
development_oof,without_liphex,9,rbf_svc,368,387,1,0,0,-0.7656433835769478
development_oof,without_liphex,9,rbf_svc,383,12,1,1,0,-1.0226810793092698
development_oof,without_liphex,9,rbf_svc,390,381,1,0,0,-1.3829536291923032
development_oof,without_liphex,9,rbf_svc,411,6,1,0,0,-1.2026473632805645
development_oof,without_liphex,9,rbf_svc,415,12,1,1,0,-1.1041357392960434
development_oof,without_liphex,9,rbf_svc,418,6,1,0,0,-1.0700655499127576
development_oof,without_liphex,9,rbf_svc,427,6,1,0,0,-1.1391885700567466
development_oof,without_liphex,9,rbf_svc,432,375,1,0,0,-0.5128570212263872
development_oof,without_liphex,9,rbf_svc,433,58,1,1,1,0.4765120715723148
development_oof,without_liphex,9,rbf_svc,445,95,1,0,0,-1.141171949653109
development_oof,without_liphex,9,rbf_svc,452,73,1,1,1,1.0273602039361327
development_oof,without_liphex,9,rbf_svc,467,6,1,0,0,-0.6924926179143212
development_oof,without_liphex,9,rbf_svc,476,95,1,0,0,-1.1350719287095794
development_oof,without_liphex,9,rbf_svc,478,6,1,0,0,-1.0924554756583218
development_oof,without_liphex,9,rbf_svc,488,26,1,1,0,-1.0691907371796665
development_oof,without_liphex,9,rbf_svc,507,26,1,0,0,-1.1217922740061246
development_oof,without_liphex,9,rbf_svc,509,362,1,0,0,-0.8731101898526754
development_oof,without_liphex,9,rbf_svc,512,361,1,0,0,-0.9064448716292768
development_oof,without_liphex,9,rbf_svc,521,26,1,0,0,-1.1180316681406355
development_oof,without_liphex,9,rbf_svc,530,358,1,1,0,-0.6726554621388159
development_oof,without_liphex,9,rbf_svc,531,6,1,0,0,-1.0721291864901046
development_oof,without_liphex,9,rbf_svc,532,26,1,0,0,-1.0500801732670118
development_oof,without_liphex,9,rbf_svc,534,26,1,0,0,-1.150029866215708
development_oof,without_liphex,9,rbf_svc,552,6,1,0,0,-1.134498615101914
development_oof,without_liphex,9,rbf_svc,564,47,1,1,0,-1.2922489859532904
development_oof,without_liphex,9,rbf_svc,573,350,1,0,1,0.3900693898137506
development_oof,without_liphex,9,rbf_svc,576,349,1,0,0,-0.8366575907315896
development_oof,without_liphex,9,rbf_svc,578,26,1,0,0,-1.129963420507461
development_oof,without_liphex,9,rbf_svc,590,152,1,0,0,-1.583658081209049
development_oof,without_liphex,9,rbf_svc,591,343,1,0,1,0.24207857921147724
development_oof,without_liphex,9,rbf_svc,630,67,1,0,0,-0.8058116163554319
development_oof,without_liphex,9,rbf_svc,637,47,1,1,0,-1.3571102875964511
development_oof,without_liphex,9,rbf_svc,639,332,1,0,1,0.046995512195606715
development_oof,without_liphex,9,rbf_svc,642,331,1,0,0,-0.3498141088656519
development_oof,without_liphex,9,rbf_svc,644,47,1,1,0,-1.3571363726566998
development_oof,without_liphex,9,rbf_svc,650,88,1,0,0,-0.6666835496051648
development_oof,without_liphex,9,rbf_svc,651,67,1,0,0,-1.0552434743069705
development_oof,without_liphex,9,rbf_svc,654,327,1,0,0,-0.40792845782061793
development_oof,without_liphex,9,rbf_svc,673,320,1,0,0,-1.05647681561197
development_oof,without_liphex,9,rbf_svc,676,6,1,0,0,-0.96380632970327
development_oof,without_liphex,9,rbf_svc,679,6,1,0,0,-1.012947727682449
development_oof,without_liphex,9,rbf_svc,680,145,1,0,1,0.1273159016412082
development_oof,without_liphex,9,rbf_svc,695,47,1,1,0,-1.426880933215334
development_oof,without_liphex,9,rbf_svc,708,310,1,0,1,1.1505023893578992
development_oof,without_liphex,9,rbf_svc,709,88,1,0,0,-0.9295757546489876
development_oof,without_liphex,9,rbf_svc,713,139,1,0,0,-1.2663146960215075
development_oof,without_liphex,9,rbf_svc,721,139,1,1,0,-1.2847575262958282
development_oof,without_liphex,9,rbf_svc,722,307,1,0,0,-0.7208433254137114
development_oof,without_liphex,9,rbf_svc,727,32,1,0,0,-0.006713528705408756
development_oof,without_liphex,9,rbf_svc,734,12,1,1,0,-0.9763280032854551
development_oof,without_liphex,9,rbf_svc,748,64,1,0,1,0.7490559478222112
development_oof,without_liphex,9,rbf_svc,763,301,1,0,0,-0.9476349269570692
development_oof,without_liphex,9,rbf_svc,771,43,1,0,0,-0.19738865913198023
development_oof,without_liphex,9,rbf_svc,773,58,1,1,1,1.419296828647302
development_oof,without_liphex,9,rbf_svc,775,134,1,0,1,1.2347024081296079
development_oof,without_liphex,9,rbf_svc,779,43,1,0,1,0.5717189004991239
development_oof,without_liphex,9,rbf_svc,782,43,1,0,0,-0.11278282811655505
development_oof,without_liphex,9,rbf_svc,783,296,1,0,0,-0.20845974985182547
development_oof,without_liphex,9,rbf_svc,784,43,1,1,0,-0.6810710430408884
development_oof,without_liphex,9,rbf_svc,788,295,1,1,1,0.07186242299650392
development_oof,without_liphex,9,rbf_svc,795,110,1,1,1,1.2710347114499791
development_oof,without_liphex,9,rbf_svc,797,43,1,0,1,0.1870169861769595
development_oof,without_liphex,9,rbf_svc,812,285,1,0,1,0.42621402455341606
development_oof,without_liphex,9,rbf_svc,814,88,1,0,0,-0.9969019154180385
development_oof,without_liphex,9,rbf_svc,836,279,1,1,0,-0.6027108472911751
development_oof,without_liphex,9,rbf_svc,853,272,1,0,0,-1.0647741083902806
development_oof,without_liphex,9,rbf_svc,868,261,1,0,0,-0.9079769387757048
development_oof,without_liphex,9,rbf_svc,886,255,1,0,0,-1.343506700095726
development_oof,without_liphex,9,rbf_svc,889,127,1,0,0,-1.1447243772246356
development_oof,without_liphex,9,rbf_svc,892,26,1,0,0,-1.1613323304421597
development_oof,without_liphex,9,rbf_svc,903,248,1,0,0,-1.2666930121321398
development_oof,without_liphex,9,rbf_svc,909,245,1,0,0,-0.9655980106090523
development_oof,without_liphex,9,rbf_svc,912,19,1,0,0,-1.1341902425079669
development_oof,without_liphex,9,rbf_svc,924,239,1,0,0,-1.1281021569837995
development_oof,without_liphex,9,rbf_svc,929,67,1,0,0,-0.48656176839714593
development_oof,without_liphex,9,rbf_svc,937,230,1,0,0,-1.0082722831610935
development_oof,without_liphex,9,rbf_svc,938,79,1,0,0,-0.8562936321340269
development_oof,without_liphex,9,rbf_svc,944,58,1,1,1,0.32072868120940345
development_oof,without_liphex,9,rbf_svc,956,222,1,0,1,1.085725615382171
development_oof,without_liphex,9,rbf_svc,959,117,1,0,0,-0.895879592839818
development_oof,without_liphex,9,rbf_svc,961,219,1,0,0,-0.6490826084060322
development_oof,without_liphex,9,rbf_svc,970,213,1,0,0,-0.9745788691012089
development_oof,without_liphex,9,rbf_svc,983,205,1,1,0,-0.7790145684862653
development_oof,without_liphex,9,rbf_svc,989,47,1,0,0,-1.0448649154877385
development_oof,without_liphex,9,rbf_svc,992,200,1,0,0,-0.7074543895452061
development_oof,without_liphex,9,rbf_svc,997,6,1,0,0,-0.5574598853550965
development_oof,without_liphex,9,rbf_svc,1007,195,1,0,0,-0.4251413261483341
development_oof,without_liphex,9,rbf_svc,1011,110,1,1,1,1.310211889587614
development_oof,without_liphex,9,rbf_svc,1023,187,1,0,1,0.6479785654621137
development_oof,without_liphex,9,rbf_svc,1034,178,1,0,0,-0.7232160456849597
development_oof,without_liphex,9,rbf_svc,2,460,2,0,0,-0.8622958248640957
development_oof,without_liphex,9,rbf_svc,8,107,2,0,0,-0.6785548166857853
development_oof,without_liphex,9,rbf_svc,18,56,2,1,1,1.041280200363848
development_oof,without_liphex,9,rbf_svc,33,452,2,0,0,-0.924165607098955
development_oof,without_liphex,9,rbf_svc,34,23,2,0,0,-0.8504264781175039
development_oof,without_liphex,9,rbf_svc,37,177,2,0,0,-0.7979748465550562
development_oof,without_liphex,9,rbf_svc,50,40,2,1,1,2.6974349633458825
development_oof,without_liphex,9,rbf_svc,51,75,2,1,0,-0.8798970896462022
development_oof,without_liphex,9,rbf_svc,55,107,2,0,0,-0.7789174598178188
development_oof,without_liphex,9,rbf_svc,67,446,2,0,0,-0.9304163811966983
development_oof,without_liphex,9,rbf_svc,81,441,2,0,0,-0.6109063700572959
development_oof,without_liphex,9,rbf_svc,97,30,2,1,0,-0.9327775933339333
development_oof,without_liphex,9,rbf_svc,108,436,2,0,0,-0.9752051910339294
development_oof,without_liphex,9,rbf_svc,114,173,2,0,0,-1.2039414393817873
development_oof,without_liphex,9,rbf_svc,115,2,2,1,0,-1.0049837956027772
development_oof,without_liphex,9,rbf_svc,118,172,2,0,0,-1.2088945469389882
development_oof,without_liphex,9,rbf_svc,140,40,2,0,1,1.3384158715457712
development_oof,without_liphex,9,rbf_svc,166,425,2,0,0,-0.6054985195217362
development_oof,without_liphex,9,rbf_svc,177,40,2,1,1,1.1413183752534815
development_oof,without_liphex,9,rbf_svc,216,167,2,1,0,-1.0189200539362138
development_oof,without_liphex,9,rbf_svc,229,30,2,1,0,-1.0189062514073486
development_oof,without_liphex,9,rbf_svc,235,30,2,1,0,-1.0704400235120581
development_oof,without_liphex,9,rbf_svc,240,167,2,1,0,-1.0470568400063427
development_oof,without_liphex,9,rbf_svc,241,23,2,0,0,-0.8505506416891357
development_oof,without_liphex,9,rbf_svc,246,56,2,1,1,0.994500606627456
development_oof,without_liphex,9,rbf_svc,249,124,2,0,0,-0.5358397813591349
development_oof,without_liphex,9,rbf_svc,251,30,2,1,0,-1.0200480004468004
development_oof,without_liphex,9,rbf_svc,253,412,2,0,0,-0.24767314905456983
development_oof,without_liphex,9,rbf_svc,254,411,2,1,0,-0.060649854079632526
development_oof,without_liphex,9,rbf_svc,262,98,2,1,1,1.317100498268938
development_oof,without_liphex,9,rbf_svc,265,75,2,0,0,-0.4713046365658129
development_oof,without_liphex,9,rbf_svc,275,56,2,1,1,0.9540061053671904
development_oof,without_liphex,9,rbf_svc,281,30,2,1,0,-0.9475106404365947
development_oof,without_liphex,9,rbf_svc,283,56,2,1,1,1.0639097680425256
development_oof,without_liphex,9,rbf_svc,291,98,2,1,1,1.3850295480698747
development_oof,without_liphex,9,rbf_svc,301,403,2,0,0,-1.1716291741792886
development_oof,without_liphex,9,rbf_svc,325,396,2,0,0,-0.8044037333956218
development_oof,without_liphex,9,rbf_svc,344,23,2,1,0,-0.7971060086317494
development_oof,without_liphex,9,rbf_svc,359,23,2,0,0,-0.8336678854410438
development_oof,without_liphex,9,rbf_svc,365,388,2,0,0,-0.8466718535781887
development_oof,without_liphex,9,rbf_svc,378,23,2,0,0,-0.8549576877976004
development_oof,without_liphex,9,rbf_svc,389,382,2,0,0,-1.2013586562573422
development_oof,without_liphex,9,rbf_svc,408,98,2,1,1,1.3800180282895167
development_oof,without_liphex,9,rbf_svc,413,62,2,1,0,-0.9834146340994399
development_oof,without_liphex,9,rbf_svc,425,23,2,0,0,-0.8905559043325977
development_oof,without_liphex,9,rbf_svc,426,377,2,0,1,1.6887349968464953
development_oof,without_liphex,9,rbf_svc,439,156,2,1,0,-0.5738657626399397
development_oof,without_liphex,9,rbf_svc,461,371,2,1,0,-0.29977240579831643
development_oof,without_liphex,9,rbf_svc,487,156,2,0,0,-0.5981514315820209
development_oof,without_liphex,9,rbf_svc,505,81,2,1,0,-0.5911919205299667
development_oof,without_liphex,9,rbf_svc,514,360,2,1,1,1.3785285723760965
development_oof,without_liphex,9,rbf_svc,515,150,2,0,0,-1.1068103421793372
development_oof,without_liphex,9,rbf_svc,523,2,2,1,0,-0.846956928506255
development_oof,without_liphex,9,rbf_svc,526,23,2,0,0,-0.44473996815779215
development_oof,without_liphex,9,rbf_svc,541,113,2,0,0,-0.8922406754343535
development_oof,without_liphex,9,rbf_svc,551,353,2,0,0,-0.8831168922449235
development_oof,without_liphex,9,rbf_svc,584,46,2,0,0,-0.8103484759090342
development_oof,without_liphex,9,rbf_svc,586,346,2,0,1,0.7195398039071879
development_oof,without_liphex,9,rbf_svc,589,153,2,1,1,1.2950524354003086
development_oof,without_liphex,9,rbf_svc,593,90,2,0,0,-1.075926003358834
development_oof,without_liphex,9,rbf_svc,598,90,2,0,0,-0.840895332347706
development_oof,without_liphex,9,rbf_svc,599,340,2,0,0,-0.9098466996706036
development_oof,without_liphex,9,rbf_svc,603,40,2,1,1,1.2577715123794415
development_oof,without_liphex,9,rbf_svc,609,7,2,0,0,-0.9829235410843622
development_oof,without_liphex,9,rbf_svc,623,150,2,0,0,-0.991530348331279
development_oof,without_liphex,9,rbf_svc,624,149,2,1,0,-0.6569997345940055
development_oof,without_liphex,9,rbf_svc,636,334,2,1,0,-0.676882862006106
development_oof,without_liphex,9,rbf_svc,661,90,2,0,0,-1.0142666006705587
development_oof,without_liphex,9,rbf_svc,670,322,2,0,1,0.38346339032218335
development_oof,without_liphex,9,rbf_svc,677,319,2,0,0,-0.8673321018021443
development_oof,without_liphex,9,rbf_svc,707,311,2,0,0,-0.40592528887115265
development_oof,without_liphex,9,rbf_svc,710,75,2,1,0,-1.1801370170003418
development_oof,without_liphex,9,rbf_svc,716,309,2,0,0,-0.869539595371287
development_oof,without_liphex,9,rbf_svc,762,302,2,0,0,-0.611623881149669
development_oof,without_liphex,9,rbf_svc,766,130,2,0,0,-0.8971380152182644
development_oof,without_liphex,9,rbf_svc,777,297,2,0,0,-1.0865514210096507
development_oof,without_liphex,9,rbf_svc,790,62,2,1,0,-0.5533093254025081
development_oof,without_liphex,9,rbf_svc,791,294,2,0,0,-1.199819722472761
development_oof,without_liphex,9,rbf_svc,793,292,2,1,0,-1.154829887094078
development_oof,without_liphex,9,rbf_svc,810,286,2,0,0,-1.2227009021042057
development_oof,without_liphex,9,rbf_svc,819,130,2,1,0,-0.784430873957747
development_oof,without_liphex,9,rbf_svc,825,83,2,0,0,-0.40140395708628596
development_oof,without_liphex,9,rbf_svc,831,281,2,0,0,-1.0301432545137827
development_oof,without_liphex,9,rbf_svc,842,277,2,0,0,-0.6933604486075917
development_oof,without_liphex,9,rbf_svc,850,273,2,0,0,-0.8047624772825084
development_oof,without_liphex,9,rbf_svc,859,267,2,0,0,-0.5180704760043731
development_oof,without_liphex,9,rbf_svc,863,81,2,1,0,-0.49152917982768995
development_oof,without_liphex,9,rbf_svc,884,257,2,0,0,-0.8453689718381701
development_oof,without_liphex,9,rbf_svc,895,124,2,0,0,-0.5807856961773381
development_oof,without_liphex,9,rbf_svc,896,251,2,0,0,-0.9260230034280839
development_oof,without_liphex,9,rbf_svc,914,56,2,1,1,1.060886005534303
development_oof,without_liphex,9,rbf_svc,922,240,2,0,0,-1.034312559055524
development_oof,without_liphex,9,rbf_svc,923,23,2,0,0,-0.8694919893859598
development_oof,without_liphex,9,rbf_svc,933,232,2,0,0,-0.9560006247667019
development_oof,without_liphex,9,rbf_svc,947,226,2,0,0,-0.7740865519764952
development_oof,without_liphex,9,rbf_svc,951,223,2,0,0,-0.65597436597178
development_oof,without_liphex,9,rbf_svc,953,119,2,0,0,-0.9015211556340605
development_oof,without_liphex,9,rbf_svc,965,216,2,0,0,-0.6830866160959119
development_oof,without_liphex,9,rbf_svc,976,209,2,0,0,-1.1194694863367487
development_oof,without_liphex,9,rbf_svc,986,113,2,0,0,-0.9512729724053668
development_oof,without_liphex,9,rbf_svc,1001,107,2,0,0,-0.1554264518898898
development_oof,without_liphex,9,rbf_svc,1005,196,2,0,0,-0.7655052247900618
development_oof,without_liphex,9,rbf_svc,1020,188,2,0,1,0.09149730207242612
development_oof,without_liphex,9,rbf_svc,1026,186,2,1,0,-0.821158274576915
development_oof,without_liphex,9,rbf_svc,1030,182,2,0,0,-0.7917144480096767
development_oof,without_liphex,9,rbf_svc,20,3,3,0,0,-0.7161846904654787
development_oof,without_liphex,9,rbf_svc,29,453,3,0,0,-0.8926368319556133
development_oof,without_liphex,9,rbf_svc,31,3,3,0,0,-1.043053262706163
development_oof,without_liphex,9,rbf_svc,36,80,3,0,0,-0.9482243385101388
development_oof,without_liphex,9,rbf_svc,39,42,3,0,0,-1.0167072439153308
development_oof,without_liphex,9,rbf_svc,42,3,3,0,0,-1.010982733440187
development_oof,without_liphex,9,rbf_svc,78,443,3,1,1,0.8631672279800089
development_oof,without_liphex,9,rbf_svc,87,439,3,0,0,-1.1557385033742307
development_oof,without_liphex,9,rbf_svc,92,27,3,1,0,-0.7518614555689176
development_oof,without_liphex,9,rbf_svc,93,165,3,0,0,-1.020384964157456
development_oof,without_liphex,9,rbf_svc,101,27,3,0,0,-0.8865350435902837
development_oof,without_liphex,9,rbf_svc,125,111,3,0,0,-0.5084655016924202
development_oof,without_liphex,9,rbf_svc,145,430,3,0,0,-0.11337952200287654
development_oof,without_liphex,9,rbf_svc,146,59,3,1,1,0.056569566291958806
development_oof,without_liphex,9,rbf_svc,147,16,3,0,0,-0.7829459706520705
development_oof,without_liphex,9,rbf_svc,148,59,3,1,1,0.026387091581431987
development_oof,without_liphex,9,rbf_svc,154,59,3,1,0,-0.22839234708971995
development_oof,without_liphex,9,rbf_svc,158,428,3,0,0,-0.693488794269058
development_oof,without_liphex,9,rbf_svc,173,52,3,0,0,-0.2372513077296609
development_oof,without_liphex,9,rbf_svc,175,38,3,1,1,1.1871715279116692
development_oof,without_liphex,9,rbf_svc,176,3,3,0,0,-1.060574450537496
development_oof,without_liphex,9,rbf_svc,192,8,3,0,0,-1.3373014495179447
development_oof,without_liphex,9,rbf_svc,196,8,3,0,0,-1.2030806947988388
development_oof,without_liphex,9,rbf_svc,202,421,3,0,0,-1.3818184043393913
development_oof,without_liphex,9,rbf_svc,211,8,3,0,0,-1.1671486485780633
development_oof,without_liphex,9,rbf_svc,217,8,3,0,0,-1.0075251323370242
development_oof,without_liphex,9,rbf_svc,218,8,3,0,0,-1.2801085989700258
development_oof,without_liphex,9,rbf_svc,220,8,3,0,0,-0.9368928058976849
development_oof,without_liphex,9,rbf_svc,226,8,3,0,0,-1.3123958306370795
development_oof,without_liphex,9,rbf_svc,227,38,3,1,1,1.1383338826107483
development_oof,without_liphex,9,rbf_svc,230,121,3,1,1,0.3112989040336949
development_oof,without_liphex,9,rbf_svc,238,415,3,0,0,-1.0321425439032428
development_oof,without_liphex,9,rbf_svc,239,3,3,0,0,-0.546409626083884
development_oof,without_liphex,9,rbf_svc,242,52,3,1,1,1.412284154058483
development_oof,without_liphex,9,rbf_svc,252,3,3,0,0,-1.0748367694285488
development_oof,without_liphex,9,rbf_svc,257,80,3,0,0,-0.7290771860482455
development_oof,without_liphex,9,rbf_svc,266,103,3,1,1,1.1725323928751017
development_oof,without_liphex,9,rbf_svc,268,8,3,0,0,-1.1430119960711096
development_oof,without_liphex,9,rbf_svc,271,165,3,0,0,-1.071199385641016
development_oof,without_liphex,9,rbf_svc,278,407,3,0,0,-1.087189411054478
development_oof,without_liphex,9,rbf_svc,279,3,3,0,0,-0.9356402011133351
development_oof,without_liphex,9,rbf_svc,284,38,3,1,1,1.2760806224611692
development_oof,without_liphex,9,rbf_svc,285,3,3,0,0,-1.2004341002041912
development_oof,without_liphex,9,rbf_svc,286,3,3,0,0,-0.9997381157355694
development_oof,without_liphex,9,rbf_svc,287,158,3,0,0,-1.052229455176274
development_oof,without_liphex,9,rbf_svc,290,164,3,1,1,1.230770818811152
development_oof,without_liphex,9,rbf_svc,300,404,3,1,1,1.3638979125190076
development_oof,without_liphex,9,rbf_svc,309,22,3,0,0,-1.1132620983515142
development_oof,without_liphex,9,rbf_svc,320,38,3,1,1,1.2970048310705735
development_oof,without_liphex,9,rbf_svc,321,397,3,0,0,-0.8236085223832301
development_oof,without_liphex,9,rbf_svc,323,3,3,0,0,-1.0447432692071992
development_oof,without_liphex,9,rbf_svc,327,3,3,0,0,-0.7036828928936778
development_oof,without_liphex,9,rbf_svc,332,38,3,1,1,1.3040832851441841
development_oof,without_liphex,9,rbf_svc,333,8,3,0,0,-1.1608671216116235
development_oof,without_liphex,9,rbf_svc,341,135,3,1,0,-0.20640044071423164
development_oof,without_liphex,9,rbf_svc,348,3,3,0,0,-0.9748739366755554
development_oof,without_liphex,9,rbf_svc,349,22,3,1,0,-1.3139359532138766
development_oof,without_liphex,9,rbf_svc,353,3,3,1,0,-1.163540388629409
development_oof,without_liphex,9,rbf_svc,354,391,3,1,0,-0.24825178278146248
development_oof,without_liphex,9,rbf_svc,356,390,3,0,0,-0.47447636994768055
development_oof,without_liphex,9,rbf_svc,363,22,3,0,0,-1.2639991970276903
development_oof,without_liphex,9,rbf_svc,370,8,3,0,0,-0.919802364810689
development_oof,without_liphex,9,rbf_svc,387,383,3,1,0,-1.2406311175562816
development_oof,without_liphex,9,rbf_svc,406,78,3,0,0,-0.7955889325487053
development_oof,without_liphex,9,rbf_svc,412,3,3,0,0,-0.8306802191371343
development_oof,without_liphex,9,rbf_svc,414,3,3,0,0,-0.6277296668905787
development_oof,without_liphex,9,rbf_svc,416,378,3,0,0,-1.2655996080395226
development_oof,without_liphex,9,rbf_svc,417,22,3,0,0,-1.1459895628602332
development_oof,without_liphex,9,rbf_svc,419,154,3,1,1,1.5102142004098766
development_oof,without_liphex,9,rbf_svc,421,27,3,0,0,-1.0031755553148738
development_oof,without_liphex,9,rbf_svc,424,27,3,0,0,-0.5231705534160938
development_oof,without_liphex,9,rbf_svc,437,158,3,0,0,-0.9335757785982608
development_oof,without_liphex,9,rbf_svc,438,96,3,1,0,-0.6913490313390707
development_oof,without_liphex,9,rbf_svc,441,27,3,1,0,-0.8225248346043355
development_oof,without_liphex,9,rbf_svc,443,372,3,0,0,-1.3723915770178152
development_oof,without_liphex,9,rbf_svc,448,13,3,0,0,-0.5365005399090332
development_oof,without_liphex,9,rbf_svc,450,3,3,0,0,-0.8377851666286684
development_oof,without_liphex,9,rbf_svc,451,3,3,0,0,-0.007409570515933994
development_oof,without_liphex,9,rbf_svc,456,78,3,0,0,-0.8500672991180629
development_oof,without_liphex,9,rbf_svc,469,8,3,0,0,-0.94754670363454
development_oof,without_liphex,9,rbf_svc,473,22,3,0,0,-1.3271412953484258
development_oof,without_liphex,9,rbf_svc,483,27,3,0,0,-0.7221329321732632
development_oof,without_liphex,9,rbf_svc,490,364,3,0,0,-0.7085869310950645
development_oof,without_liphex,9,rbf_svc,511,129,3,0,0,-0.9630277703914949
development_oof,without_liphex,9,rbf_svc,522,154,3,1,1,1.2660930561658894
development_oof,without_liphex,9,rbf_svc,544,63,3,1,0,-0.8426974123377935
development_oof,without_liphex,9,rbf_svc,547,77,3,0,0,-0.8941281468009468
development_oof,without_liphex,9,rbf_svc,550,354,3,0,0,-1.0046383132294654
development_oof,without_liphex,9,rbf_svc,556,13,3,0,0,-0.3576121082746066
development_oof,without_liphex,9,rbf_svc,567,13,3,0,0,-0.34327424096223774
development_oof,without_liphex,9,rbf_svc,580,348,3,1,0,-0.19426988937633455
development_oof,without_liphex,9,rbf_svc,597,341,3,0,0,-0.6740956444685278
development_oof,without_liphex,9,rbf_svc,606,337,3,0,0,-1.354391585252941
development_oof,without_liphex,9,rbf_svc,628,147,3,0,0,-1.477073135136747
development_oof,without_liphex,9,rbf_svc,632,77,3,0,0,-0.7419299630722431
development_oof,without_liphex,9,rbf_svc,649,89,3,0,0,-1.0098077343899217
development_oof,without_liphex,9,rbf_svc,652,328,3,0,0,-0.5084215089338464
development_oof,without_liphex,9,rbf_svc,681,318,3,0,0,-0.7232529783793993
development_oof,without_liphex,9,rbf_svc,685,33,3,0,0,-1.0067789625737653
development_oof,without_liphex,9,rbf_svc,686,144,3,1,0,-0.6206048223460545
development_oof,without_liphex,9,rbf_svc,690,315,3,0,0,-0.8333429223043574
development_oof,without_liphex,9,rbf_svc,694,33,3,0,0,-1.5353909120071734
development_oof,without_liphex,9,rbf_svc,696,89,3,0,0,-1.2003771621159522
development_oof,without_liphex,9,rbf_svc,717,140,3,0,1,0.13867458827370532
development_oof,without_liphex,9,rbf_svc,718,308,3,0,0,-1.544253605704835
development_oof,without_liphex,9,rbf_svc,743,13,3,0,0,-0.6440355292015312
development_oof,without_liphex,9,rbf_svc,756,303,3,0,0,-0.585159468734485
development_oof,without_liphex,9,rbf_svc,767,63,3,1,0,-1.009203822862247
development_oof,without_liphex,9,rbf_svc,768,300,3,0,1,1.3861091488289006
development_oof,without_liphex,9,rbf_svc,769,135,3,0,0,-0.2421906719364308
development_oof,without_liphex,9,rbf_svc,801,290,3,0,0,-1.005505032063775
development_oof,without_liphex,9,rbf_svc,805,63,3,1,1,0.030382723996607963
development_oof,without_liphex,9,rbf_svc,807,288,3,0,0,-1.3760467431795167
development_oof,without_liphex,9,rbf_svc,808,33,3,0,0,-0.6690232179343703
development_oof,without_liphex,9,rbf_svc,813,33,3,0,0,-0.6188474049091894
development_oof,without_liphex,9,rbf_svc,821,282,3,0,0,-0.31511707357273083
development_oof,without_liphex,9,rbf_svc,827,129,3,0,0,-0.8641313462989029
development_oof,without_liphex,9,rbf_svc,847,274,3,0,0,-1.1252060780266362
development_oof,without_liphex,9,rbf_svc,854,271,3,0,0,-1.3941727518905278
development_oof,without_liphex,9,rbf_svc,864,264,3,0,0,-1.1700860370006385
development_oof,without_liphex,9,rbf_svc,866,262,3,0,0,-0.14031247616131454
development_oof,without_liphex,9,rbf_svc,869,80,3,0,0,-0.7894461648736772
development_oof,without_liphex,9,rbf_svc,881,259,3,0,0,-0.3103631025412223
development_oof,without_liphex,9,rbf_svc,883,59,3,1,1,0.36404773107139127
development_oof,without_liphex,9,rbf_svc,893,253,3,0,0,-0.794548658808031
development_oof,without_liphex,9,rbf_svc,899,123,3,1,1,1.2530676812162653
development_oof,without_liphex,9,rbf_svc,904,52,3,1,1,1.3307768660016404
development_oof,without_liphex,9,rbf_svc,913,121,3,1,1,1.2928724080975265
development_oof,without_liphex,9,rbf_svc,917,243,3,1,0,-0.6784205244659418
development_oof,without_liphex,9,rbf_svc,920,241,3,0,0,-0.7856639709758895
development_oof,without_liphex,9,rbf_svc,921,16,3,0,0,-0.5451885703639014
development_oof,without_liphex,9,rbf_svc,930,235,3,1,1,0.32957726312308827
development_oof,without_liphex,9,rbf_svc,935,231,3,0,0,-0.9005150525304124
development_oof,without_liphex,9,rbf_svc,940,78,3,0,0,-0.8011137828602841
development_oof,without_liphex,9,rbf_svc,945,227,3,0,0,-0.6812837773261968
development_oof,without_liphex,9,rbf_svc,962,218,3,0,0,-1.0681723604605757
development_oof,without_liphex,9,rbf_svc,963,217,3,0,0,-1.2061301810438056
development_oof,without_liphex,9,rbf_svc,973,210,3,0,0,-1.3872520923792866
development_oof,without_liphex,9,rbf_svc,982,77,3,0,0,-0.8510347380483232
development_oof,without_liphex,9,rbf_svc,988,202,3,1,0,-0.9132948231064155
development_oof,without_liphex,9,rbf_svc,998,198,3,0,0,-1.0927582272411556
development_oof,without_liphex,9,rbf_svc,1002,197,3,0,0,-0.5466090148355036
development_oof,without_liphex,9,rbf_svc,1006,111,3,0,0,-1.2198022570437281
development_oof,without_liphex,9,rbf_svc,1017,189,3,0,0,-0.9176452333712088
development_oof,without_liphex,9,rbf_svc,1025,63,3,1,0,-1.8677410301235327
development_oof,without_liphex,9,rbf_svc,1028,184,3,0,0,-0.5404993427678288
development_oof,without_liphex,9,rbf_svc,1029,183,3,0,0,-0.8117323130773393
development_oof,without_liphex,9,rbf_svc,16,93,4,1,1,1.448097476628344
development_oof,without_liphex,9,rbf_svc,19,457,4,0,1,0.2727687962206096
development_oof,without_liphex,9,rbf_svc,27,53,4,0,0,-0.6288408753586989
development_oof,without_liphex,9,rbf_svc,44,450,4,0,0,-0.8185482671001149
development_oof,without_liphex,9,rbf_svc,60,4,4,1,0,-1.9513855695342495
development_oof,without_liphex,9,rbf_svc,62,82,4,0,0,-1.2869751679504786
development_oof,without_liphex,9,rbf_svc,66,82,4,1,1,0.5479565629716354
development_oof,without_liphex,9,rbf_svc,69,444,4,0,0,-1.260816773009336
development_oof,without_liphex,9,rbf_svc,83,60,4,1,1,1.9666287725053115
development_oof,without_liphex,9,rbf_svc,84,9,4,1,0,-0.3636949495339177
development_oof,without_liphex,9,rbf_svc,86,174,4,1,1,0.9913488998719808
development_oof,without_liphex,9,rbf_svc,90,9,4,1,1,1.4664900660124676
development_oof,without_liphex,9,rbf_svc,95,161,4,0,0,-1.1419778365333957
development_oof,without_liphex,9,rbf_svc,102,15,4,0,1,0.7708374966314853
development_oof,without_liphex,9,rbf_svc,112,9,4,1,1,1.5698951779703556
development_oof,without_liphex,9,rbf_svc,117,433,4,0,0,-1.68059718423598
development_oof,without_liphex,9,rbf_svc,119,0,4,0,1,1.4963757141908345
development_oof,without_liphex,9,rbf_svc,123,9,4,1,1,1.7594777145661469
development_oof,without_liphex,9,rbf_svc,131,170,4,1,1,1.9666287725053115
development_oof,without_liphex,9,rbf_svc,134,15,4,0,1,1.3333339615894484
development_oof,without_liphex,9,rbf_svc,138,431,4,0,1,0.2718121154603614
development_oof,without_liphex,9,rbf_svc,142,0,4,0,0,-0.2590409517602371
development_oof,without_liphex,9,rbf_svc,156,9,4,1,1,1.5656159655734692
development_oof,without_liphex,9,rbf_svc,157,0,4,0,1,1.0440587599874886
development_oof,without_liphex,9,rbf_svc,159,4,4,1,0,-1.2664625898711006
development_oof,without_liphex,9,rbf_svc,169,9,4,1,1,1.4208009236873393
development_oof,without_liphex,9,rbf_svc,170,60,4,1,1,1.535795684733818
development_oof,without_liphex,9,rbf_svc,178,54,4,0,0,-0.3038615529327168
development_oof,without_liphex,9,rbf_svc,181,9,4,1,1,1.4021984897406086
development_oof,without_liphex,9,rbf_svc,183,422,4,0,0,-1.3415892687196218
development_oof,without_liphex,9,rbf_svc,184,4,4,1,0,-2.2204869915433787
development_oof,without_liphex,9,rbf_svc,187,9,4,1,1,1.7529168529463577
development_oof,without_liphex,9,rbf_svc,193,9,4,1,1,1.5082580361642288
development_oof,without_liphex,9,rbf_svc,198,53,4,0,0,-1.5160165903315845
development_oof,without_liphex,9,rbf_svc,201,9,4,1,1,1.7920815362337927
development_oof,without_liphex,9,rbf_svc,206,125,4,1,0,-2.325659998349228
development_oof,without_liphex,9,rbf_svc,210,104,4,1,1,1.1583105837354604
development_oof,without_liphex,9,rbf_svc,221,9,4,1,1,1.5642615943281981
development_oof,without_liphex,9,rbf_svc,236,416,4,1,0,-0.8910081888661108
development_oof,without_liphex,9,rbf_svc,258,35,4,0,0,-2.7703706121173544
development_oof,without_liphex,9,rbf_svc,277,102,4,1,0,-0.3768327345906047
development_oof,without_liphex,9,rbf_svc,294,122,4,0,0,-0.8788794726559872
development_oof,without_liphex,9,rbf_svc,304,24,4,1,0,-1.4870178117864634
development_oof,without_liphex,9,rbf_svc,310,401,4,0,0,-0.6294053325301971
development_oof,without_liphex,9,rbf_svc,311,400,4,1,1,0.7931774956530309
development_oof,without_liphex,9,rbf_svc,322,15,4,0,0,-0.439854185575387
development_oof,without_liphex,9,rbf_svc,335,15,4,0,1,0.8956468877968595
development_oof,without_liphex,9,rbf_svc,337,15,4,0,0,-0.48599943224453146
development_oof,without_liphex,9,rbf_svc,355,15,4,0,1,2.107242889093989
development_oof,without_liphex,9,rbf_svc,358,389,4,0,0,-1.3223459994690818
development_oof,without_liphex,9,rbf_svc,371,161,4,0,1,0.5385327782911771
development_oof,without_liphex,9,rbf_svc,379,24,4,0,0,-0.7372713662640971
development_oof,without_liphex,9,rbf_svc,382,384,4,0,0,-1.7703235380484947
development_oof,without_liphex,9,rbf_svc,384,69,4,0,0,-1.045697427712002
development_oof,without_liphex,9,rbf_svc,386,4,4,1,0,-0.47254154441471996
development_oof,without_liphex,9,rbf_svc,392,4,4,1,0,-0.48440565829885585
development_oof,without_liphex,9,rbf_svc,393,0,4,0,1,0.4392301248643751
development_oof,without_liphex,9,rbf_svc,400,28,4,0,0,-2.2907875598216503
development_oof,without_liphex,9,rbf_svc,401,4,4,1,0,-0.16447480035583523
development_oof,without_liphex,9,rbf_svc,404,35,4,0,0,-1.3042978656678785
development_oof,without_liphex,9,rbf_svc,405,379,4,0,0,-1.7700453792260997
development_oof,without_liphex,9,rbf_svc,407,160,4,0,0,-0.07227888863549442
development_oof,without_liphex,9,rbf_svc,409,4,4,1,0,-1.9160500346715228
development_oof,without_liphex,9,rbf_svc,423,50,4,0,1,0.4646224666695568
development_oof,without_liphex,9,rbf_svc,430,4,4,1,0,-1.3571263549355204
development_oof,without_liphex,9,rbf_svc,434,97,4,1,1,1.5227257174890614
development_oof,without_liphex,9,rbf_svc,446,4,4,1,0,-0.6101451251205143
development_oof,without_liphex,9,rbf_svc,454,104,4,1,1,0.7542900784807274
development_oof,without_liphex,9,rbf_svc,455,93,4,1,1,1.6077562666729257
development_oof,without_liphex,9,rbf_svc,462,15,4,0,0,-0.15155020031299163
development_oof,without_liphex,9,rbf_svc,464,4,4,1,1,0.10585003911159518
development_oof,without_liphex,9,rbf_svc,465,4,4,1,0,-1.007352379919776
development_oof,without_liphex,9,rbf_svc,466,0,4,0,1,1.2618437708969803
development_oof,without_liphex,9,rbf_svc,470,0,4,0,1,1.247840917825666
development_oof,without_liphex,9,rbf_svc,480,367,4,0,0,-0.8476848625348854
development_oof,without_liphex,9,rbf_svc,481,4,4,1,0,-2.411379053814774
development_oof,without_liphex,9,rbf_svc,484,365,4,0,1,0.7839941616265145
development_oof,without_liphex,9,rbf_svc,495,0,4,0,1,1.2222077645230593
development_oof,without_liphex,9,rbf_svc,498,54,4,0,1,0.07929604232789628
development_oof,without_liphex,9,rbf_svc,499,15,4,0,0,-0.8364433437294843
development_oof,without_liphex,9,rbf_svc,500,28,4,0,0,-1.5227683719900442
development_oof,without_liphex,9,rbf_svc,501,72,4,0,0,-0.9273551703015019
development_oof,without_liphex,9,rbf_svc,503,93,4,1,1,1.6050380295364182
development_oof,without_liphex,9,rbf_svc,506,0,4,0,0,-0.1679730467881901
development_oof,without_liphex,9,rbf_svc,517,0,4,0,1,0.607548273667669
development_oof,without_liphex,9,rbf_svc,519,53,4,0,1,0.10344237774233511
development_oof,without_liphex,9,rbf_svc,520,53,4,0,0,-0.7720360587637469
development_oof,without_liphex,9,rbf_svc,524,0,4,0,1,0.6445714976912398
development_oof,without_liphex,9,rbf_svc,525,15,4,0,1,1.0836315188091095
development_oof,without_liphex,9,rbf_svc,527,0,4,0,1,0.9341639203722452
development_oof,without_liphex,9,rbf_svc,528,359,4,0,0,-0.3945804307468863
development_oof,without_liphex,9,rbf_svc,529,0,4,0,0,-0.7524896679392992
development_oof,without_liphex,9,rbf_svc,542,35,4,1,0,-2.6764183579212446
development_oof,without_liphex,9,rbf_svc,543,0,4,0,0,-1.0356753010210415
development_oof,without_liphex,9,rbf_svc,545,136,4,1,0,-0.8954507510834961
development_oof,without_liphex,9,rbf_svc,553,0,4,0,1,1.1037366941642157
development_oof,without_liphex,9,rbf_svc,559,351,4,0,0,-0.7716159543035321
development_oof,without_liphex,9,rbf_svc,560,0,4,0,0,-0.30133686308877716
development_oof,without_liphex,9,rbf_svc,568,0,4,0,1,0.6974418953969781
development_oof,without_liphex,9,rbf_svc,570,0,4,1,1,0.6618808586054155
development_oof,without_liphex,9,rbf_svc,572,0,4,1,1,0.9373835073714121
development_oof,without_liphex,9,rbf_svc,577,44,4,0,0,-2.302558522442012
development_oof,without_liphex,9,rbf_svc,581,347,4,0,0,-2.6361344873550316
development_oof,without_liphex,9,rbf_svc,582,44,4,0,0,-1.3876260044876056
development_oof,without_liphex,9,rbf_svc,583,69,4,0,0,-2.0711692787712495
development_oof,without_liphex,9,rbf_svc,588,344,4,0,0,-0.6015054050958534
development_oof,without_liphex,9,rbf_svc,592,0,4,1,1,0.8723722522878203
development_oof,without_liphex,9,rbf_svc,595,35,4,0,0,-2.0479840013861645
development_oof,without_liphex,9,rbf_svc,600,151,4,0,0,-0.9267885390990243
development_oof,without_liphex,9,rbf_svc,602,338,4,0,1,0.7920505577337922
development_oof,without_liphex,9,rbf_svc,604,0,4,0,1,0.8904588214640807
development_oof,without_liphex,9,rbf_svc,605,0,4,0,1,0.3462707474774431
development_oof,without_liphex,9,rbf_svc,607,0,4,1,1,1.4425097213972782
development_oof,without_liphex,9,rbf_svc,608,0,4,0,0,-1.2971166450527194
development_oof,without_liphex,9,rbf_svc,610,0,4,0,1,0.7826284219037307
development_oof,without_liphex,9,rbf_svc,611,0,4,0,0,-0.9418181388570679
development_oof,without_liphex,9,rbf_svc,613,85,4,0,0,-1.5900517862001857
development_oof,without_liphex,9,rbf_svc,615,0,4,0,1,0.5861868056519406
development_oof,without_liphex,9,rbf_svc,627,335,4,0,0,-0.5495899599195642
development_oof,without_liphex,9,rbf_svc,633,0,4,0,0,-1.4745595474401698
development_oof,without_liphex,9,rbf_svc,646,0,4,0,1,0.14319802996215142
development_oof,without_liphex,9,rbf_svc,647,0,4,0,0,-0.38385397989758274
development_oof,without_liphex,9,rbf_svc,648,329,4,0,1,0.6401247643216128
development_oof,without_liphex,9,rbf_svc,657,4,4,1,0,-1.1814964078725883
development_oof,without_liphex,9,rbf_svc,662,0,4,0,1,0.2984181367282969
development_oof,without_liphex,9,rbf_svc,665,69,4,1,0,-0.8155857720896142
development_oof,without_liphex,9,rbf_svc,666,44,4,0,0,-1.0093165656479446
development_oof,without_liphex,9,rbf_svc,667,0,4,0,0,-0.8076208144968985
development_oof,without_liphex,9,rbf_svc,671,321,4,1,0,-1.1257310958646731
development_oof,without_liphex,9,rbf_svc,674,4,4,0,0,-0.9763611214831782
development_oof,without_liphex,9,rbf_svc,683,142,4,0,0,-0.378017605532292
development_oof,without_liphex,9,rbf_svc,691,142,4,0,0,-1.607301550089004
development_oof,without_liphex,9,rbf_svc,692,0,4,0,1,0.29082382249857036
development_oof,without_liphex,9,rbf_svc,693,0,4,0,1,0.05016138473253928
development_oof,without_liphex,9,rbf_svc,699,0,4,0,0,-0.5054679949101037
development_oof,without_liphex,9,rbf_svc,701,0,4,1,1,0.06588043888633405
development_oof,without_liphex,9,rbf_svc,704,313,4,0,0,-1.5415124674253335
development_oof,without_liphex,9,rbf_svc,706,0,4,0,1,1.289297588096281
development_oof,without_liphex,9,rbf_svc,715,4,4,1,0,-0.22757169989861792
development_oof,without_liphex,9,rbf_svc,729,0,4,0,0,-1.053381234579995
development_oof,without_liphex,9,rbf_svc,731,60,4,0,0,-0.6354967776629701
development_oof,without_liphex,9,rbf_svc,735,132,4,0,0,-0.7072920321390502
development_oof,without_liphex,9,rbf_svc,737,85,4,1,0,-2.383487807173506
development_oof,without_liphex,9,rbf_svc,738,136,4,1,1,0.7289497476235574
development_oof,without_liphex,9,rbf_svc,740,44,4,0,0,-1.3487822464104178
development_oof,without_liphex,9,rbf_svc,742,305,4,0,0,-1.5028480226618415
development_oof,without_liphex,9,rbf_svc,745,0,4,0,0,-1.0682528264835836
development_oof,without_liphex,9,rbf_svc,753,85,4,0,0,-1.4633159722501896
development_oof,without_liphex,9,rbf_svc,761,44,4,0,0,-1.1009052652002063
development_oof,without_liphex,9,rbf_svc,776,298,4,0,0,-1.632720150192562
development_oof,without_liphex,9,rbf_svc,794,0,4,0,1,0.8171374096306112
development_oof,without_liphex,9,rbf_svc,796,35,4,0,0,-2.658044907259018
development_oof,without_liphex,9,rbf_svc,800,132,4,0,0,-1.2583099735864267
development_oof,without_liphex,9,rbf_svc,803,289,4,0,1,0.7438201680289123
development_oof,without_liphex,9,rbf_svc,818,283,4,0,0,-0.31528044334975486
development_oof,without_liphex,9,rbf_svc,822,35,4,0,0,-0.7887171930006471
development_oof,without_liphex,9,rbf_svc,839,82,4,0,0,-0.009771860835197488
development_oof,without_liphex,9,rbf_svc,844,276,4,0,0,-1.0635601021212877
development_oof,without_liphex,9,rbf_svc,855,270,4,0,0,-2.153480202261195
development_oof,without_liphex,9,rbf_svc,865,263,4,0,0,-1.01256396421642
development_oof,without_liphex,9,rbf_svc,867,60,4,0,1,1.9999975966990269
development_oof,without_liphex,9,rbf_svc,885,256,4,0,1,0.5808537877280142
development_oof,without_liphex,9,rbf_svc,888,254,4,1,0,-2.0067864483158737
development_oof,without_liphex,9,rbf_svc,891,125,4,0,0,-1.4093871207617021
development_oof,without_liphex,9,rbf_svc,902,122,4,1,1,0.5677543839506247
development_oof,without_liphex,9,rbf_svc,907,246,4,0,0,-0.12884400362747728
development_oof,without_liphex,9,rbf_svc,918,242,4,0,1,0.07195550341171947
development_oof,without_liphex,9,rbf_svc,931,234,4,0,0,-2.162654246597947
development_oof,without_liphex,9,rbf_svc,949,224,4,0,0,-0.6627571893488847
development_oof,without_liphex,9,rbf_svc,954,4,4,1,1,1.6382656960689141
development_oof,without_liphex,9,rbf_svc,968,214,4,1,0,-1.5110392429412878
development_oof,without_liphex,9,rbf_svc,980,207,4,0,0,-0.03202205583953144
development_oof,without_liphex,9,rbf_svc,981,206,4,0,0,-1.0083323017691292
development_oof,without_liphex,9,rbf_svc,984,204,4,1,0,-1.3512229515378535
development_oof,without_liphex,9,rbf_svc,991,0,4,0,1,0.5782417364381189
development_oof,without_liphex,9,rbf_svc,993,69,4,0,0,-0.6892382093483271
development_oof,without_liphex,9,rbf_svc,995,112,4,0,0,-0.8157677428033164
development_oof,without_liphex,9,rbf_svc,1016,190,4,1,0,-1.954906338564703
development_oof,without_liphex,9,rbf_svc,1024,4,4,1,0,-1.1341909528579524
development_oof,without_liphex,9,rbf_svc,1031,181,4,0,1,0.058373282569831486
development_oof,without_liphex,9,rbf_svc,1033,179,4,0,0,-0.15745927124492043
development_oof,without_liphex,9,rbf_svc,5,31,5,1,1,1.1273434176353765
development_oof,without_liphex,9,rbf_svc,6,61,5,0,0,-0.908766599934274
development_oof,without_liphex,9,rbf_svc,15,458,5,1,1,1.0084827911097296
development_oof,without_liphex,9,rbf_svc,23,11,5,0,0,-0.3906648069452059
development_oof,without_liphex,9,rbf_svc,26,11,5,0,0,-0.8978551176787748
development_oof,without_liphex,9,rbf_svc,41,451,5,0,0,-1.1327194794925595
development_oof,without_liphex,9,rbf_svc,46,18,5,0,1,1.0691927103796701
development_oof,without_liphex,9,rbf_svc,49,11,5,0,0,-1.076812026034174
development_oof,without_liphex,9,rbf_svc,52,448,5,0,0,-1.1813652577950882
development_oof,without_liphex,9,rbf_svc,57,61,5,0,0,-0.902940217155914
development_oof,without_liphex,9,rbf_svc,58,11,5,0,0,-1.0294826190229316
development_oof,without_liphex,9,rbf_svc,59,11,5,0,0,-0.5980502983031892
development_oof,without_liphex,9,rbf_svc,76,11,5,0,1,0.9221227671264831
development_oof,without_liphex,9,rbf_svc,79,175,5,1,0,-0.3096750762004241
development_oof,without_liphex,9,rbf_svc,85,17,5,1,1,0.9637065445503021
development_oof,without_liphex,9,rbf_svc,96,18,5,1,1,1.2327866201740243
development_oof,without_liphex,9,rbf_svc,98,438,5,0,0,-0.8053280640363882
development_oof,without_liphex,9,rbf_svc,100,31,5,1,1,1.0242571155790912
development_oof,without_liphex,9,rbf_svc,105,437,5,1,0,-0.5868458997240362
development_oof,without_liphex,9,rbf_svc,106,18,5,1,1,1.0860861055686026
development_oof,without_liphex,9,rbf_svc,111,106,5,0,0,-0.42273837292959837
development_oof,without_liphex,9,rbf_svc,116,434,5,0,1,0.5985136079883004
development_oof,without_liphex,9,rbf_svc,130,171,5,0,0,-0.5698543573783594
development_oof,without_liphex,9,rbf_svc,132,18,5,1,1,1.0910736312376192
development_oof,without_liphex,9,rbf_svc,141,106,5,0,0,-1.044985060988146
development_oof,without_liphex,9,rbf_svc,149,106,5,0,0,-0.6626387035626855
development_oof,without_liphex,9,rbf_svc,150,55,5,1,1,1.0158694027051944
development_oof,without_liphex,9,rbf_svc,152,429,5,0,0,-0.5015481146431762
development_oof,without_liphex,9,rbf_svc,161,427,5,0,0,-0.3236020168452016
development_oof,without_liphex,9,rbf_svc,163,18,5,1,1,2.8780001076757964
development_oof,without_liphex,9,rbf_svc,165,17,5,1,1,1.0914636762284127
development_oof,without_liphex,9,rbf_svc,167,18,5,1,1,1.1052447554076592
development_oof,without_liphex,9,rbf_svc,172,423,5,0,1,2.73542182018424
development_oof,without_liphex,9,rbf_svc,179,11,5,0,0,-0.42524208542231956
development_oof,without_liphex,9,rbf_svc,182,31,5,1,1,0.9688243995244361
development_oof,without_liphex,9,rbf_svc,186,18,5,1,1,1.1169117077600452
development_oof,without_liphex,9,rbf_svc,195,31,5,1,1,1.1164440172314545
development_oof,without_liphex,9,rbf_svc,208,31,5,1,1,1.2300240249386065
development_oof,without_liphex,9,rbf_svc,215,61,5,0,0,-0.5915963671710822
development_oof,without_liphex,9,rbf_svc,219,418,5,0,0,-1.0193142101804347
development_oof,without_liphex,9,rbf_svc,223,68,5,0,0,-1.1689803615543461
development_oof,without_liphex,9,rbf_svc,225,55,5,1,1,1.052287361487773
development_oof,without_liphex,9,rbf_svc,231,417,5,0,0,-1.1274833006247331
development_oof,without_liphex,9,rbf_svc,233,17,5,1,1,0.9210438900590796
development_oof,without_liphex,9,rbf_svc,255,410,5,0,0,-0.9630370848647198
development_oof,without_liphex,9,rbf_svc,256,18,5,1,1,1.0097826679556665
development_oof,without_liphex,9,rbf_svc,259,409,5,0,0,-0.5835679071394397
development_oof,without_liphex,9,rbf_svc,261,25,5,1,0,-1.0180171505379503
development_oof,without_liphex,9,rbf_svc,273,25,5,1,0,-0.9244803353071218
development_oof,without_liphex,9,rbf_svc,276,17,5,1,1,1.2480500580158551
development_oof,without_liphex,9,rbf_svc,297,163,5,0,0,-0.9535284374078332
development_oof,without_liphex,9,rbf_svc,298,405,5,0,0,-1.1502585564405428
development_oof,without_liphex,9,rbf_svc,316,100,5,0,0,-1.021598923777564
development_oof,without_liphex,9,rbf_svc,319,163,5,0,0,-1.0572678275141805
development_oof,without_liphex,9,rbf_svc,326,157,5,1,1,1.0634668364674587
development_oof,without_liphex,9,rbf_svc,330,76,5,1,0,-1.1085397326644035
development_oof,without_liphex,9,rbf_svc,334,394,5,0,0,-1.0672073457417899
development_oof,without_liphex,9,rbf_svc,336,55,5,1,1,1.015877369301913
development_oof,without_liphex,9,rbf_svc,338,17,5,1,1,1.0090413998706627
development_oof,without_liphex,9,rbf_svc,339,11,5,0,1,0.6493856761778946
development_oof,without_liphex,9,rbf_svc,340,393,5,0,0,-0.9742756070913126
development_oof,without_liphex,9,rbf_svc,343,17,5,1,1,0.9752458903326324
development_oof,without_liphex,9,rbf_svc,347,17,5,1,1,1.0474511526314043
development_oof,without_liphex,9,rbf_svc,351,100,5,1,0,-1.0516921468090532
development_oof,without_liphex,9,rbf_svc,357,37,5,1,1,1.1475179676070788
development_oof,without_liphex,9,rbf_svc,364,25,5,1,0,-0.926767317973461
development_oof,without_liphex,9,rbf_svc,372,17,5,1,1,1.05032664719973
development_oof,without_liphex,9,rbf_svc,377,386,5,0,0,-0.883193885056069
development_oof,without_liphex,9,rbf_svc,381,76,5,0,0,-1.026429260202032
development_oof,without_liphex,9,rbf_svc,397,11,5,0,0,-0.9751419760802922
development_oof,without_liphex,9,rbf_svc,402,380,5,0,0,-1.1328408505697152
development_oof,without_liphex,9,rbf_svc,435,374,5,0,0,-0.9596451451200123
development_oof,without_liphex,9,rbf_svc,436,25,5,1,0,-0.4681987242853174
development_oof,without_liphex,9,rbf_svc,458,18,5,0,1,1.1676313813026582
development_oof,without_liphex,9,rbf_svc,459,25,5,1,0,-1.0204464802091835
development_oof,without_liphex,9,rbf_svc,468,370,5,0,0,-1.2065473059467682
development_oof,without_liphex,9,rbf_svc,479,368,5,0,0,-0.845240361265293
development_oof,without_liphex,9,rbf_svc,486,157,5,0,0,-1.198630220091497
development_oof,without_liphex,9,rbf_svc,494,94,5,0,0,-0.7990388925460568
development_oof,without_liphex,9,rbf_svc,533,71,5,0,0,-0.5173153526387753
development_oof,without_liphex,9,rbf_svc,536,71,5,0,0,-0.6506229544426436
development_oof,without_liphex,9,rbf_svc,549,355,5,0,0,-0.6390500521535396
development_oof,without_liphex,9,rbf_svc,555,352,5,1,1,1.2853326275720665
development_oof,without_liphex,9,rbf_svc,557,66,5,0,0,-0.4882720339699864
development_oof,without_liphex,9,rbf_svc,563,71,5,0,0,-0.48254018171490176
development_oof,without_liphex,9,rbf_svc,575,115,5,0,0,-0.38571141459657454
development_oof,without_liphex,9,rbf_svc,579,114,5,1,0,-0.8208891437234398
development_oof,without_liphex,9,rbf_svc,585,31,5,1,1,1.2653445776471184
development_oof,without_liphex,9,rbf_svc,587,345,5,0,0,-0.11435538855212202
development_oof,without_liphex,9,rbf_svc,601,339,5,0,0,-1.1680937214553861
development_oof,without_liphex,9,rbf_svc,612,87,5,0,0,-1.0096192490376767
development_oof,without_liphex,9,rbf_svc,620,68,5,0,0,-1.2093699353269989
development_oof,without_liphex,9,rbf_svc,634,17,5,1,1,1.1035334626867006
development_oof,without_liphex,9,rbf_svc,635,68,5,1,0,-1.0905004061289725
development_oof,without_liphex,9,rbf_svc,640,146,5,0,0,-0.9329342238337068
development_oof,without_liphex,9,rbf_svc,641,66,5,0,0,-0.9084320772724481
development_oof,without_liphex,9,rbf_svc,643,330,5,0,0,-1.1104545311037788
development_oof,without_liphex,9,rbf_svc,645,146,5,0,0,-1.1424755773863942
development_oof,without_liphex,9,rbf_svc,656,326,5,0,0,-0.5716373417136829
development_oof,without_liphex,9,rbf_svc,664,116,5,0,0,-0.9334627552547288
development_oof,without_liphex,9,rbf_svc,675,71,5,0,0,-0.34149058058586323
development_oof,without_liphex,9,rbf_svc,682,317,5,0,0,-0.9575064620947498
development_oof,without_liphex,9,rbf_svc,688,143,5,0,0,-0.8220282168559738
development_oof,without_liphex,9,rbf_svc,698,314,5,0,0,-0.6191245098511866
development_oof,without_liphex,9,rbf_svc,711,45,5,0,0,-0.6713317900471767
development_oof,without_liphex,9,rbf_svc,723,25,5,0,0,-0.9561148395836334
development_oof,without_liphex,9,rbf_svc,725,45,5,1,0,-0.6674741613663919
development_oof,without_liphex,9,rbf_svc,726,31,5,1,1,1.10023070283744
development_oof,without_liphex,9,rbf_svc,732,45,5,0,0,-0.6503310351059579
development_oof,without_liphex,9,rbf_svc,736,137,5,0,0,-0.25337768004393624
development_oof,without_liphex,9,rbf_svc,741,306,5,0,0,-1.2225056023320484
development_oof,without_liphex,9,rbf_svc,744,87,5,0,0,-1.1747588198601158
development_oof,without_liphex,9,rbf_svc,749,11,5,0,0,-0.9081259219288433
development_oof,without_liphex,9,rbf_svc,799,45,5,0,0,-0.3740757815061464
development_oof,without_liphex,9,rbf_svc,802,131,5,0,0,-0.9096801324011843
development_oof,without_liphex,9,rbf_svc,816,284,5,0,0,-0.28121122912307395
development_oof,without_liphex,9,rbf_svc,837,278,5,0,0,-1.1128261814374614
development_oof,without_liphex,9,rbf_svc,845,11,5,0,0,-0.9424916844076441
development_oof,without_liphex,9,rbf_svc,857,268,5,0,0,-0.8872658131273938
development_oof,without_liphex,9,rbf_svc,858,61,5,0,0,-0.5907302073630423
development_oof,without_liphex,9,rbf_svc,860,266,5,0,0,-0.6404521678897519
development_oof,without_liphex,9,rbf_svc,870,260,5,0,0,-1.0295540550508664
development_oof,without_liphex,9,rbf_svc,900,249,5,0,0,-0.8746993845903026
development_oof,without_liphex,9,rbf_svc,906,247,5,0,0,-1.1362794795901536
development_oof,without_liphex,9,rbf_svc,915,25,5,1,0,-0.9482306504082831
development_oof,without_liphex,9,rbf_svc,926,238,5,1,0,-1.1146594242442591
development_oof,without_liphex,9,rbf_svc,939,229,5,1,0,-0.09696717532566801
development_oof,without_liphex,9,rbf_svc,948,225,5,1,0,-0.22534505524334913
development_oof,without_liphex,9,rbf_svc,958,220,5,0,0,-1.2724019530521085
development_oof,without_liphex,9,rbf_svc,960,116,5,0,0,-0.8560637687497421
development_oof,without_liphex,9,rbf_svc,969,115,5,0,0,-0.2622796579107647
development_oof,without_liphex,9,rbf_svc,971,212,5,1,1,0.0625010754148867
development_oof,without_liphex,9,rbf_svc,972,211,5,0,0,-0.9869479168621262
development_oof,without_liphex,9,rbf_svc,974,45,5,0,0,-0.5744638504229733
development_oof,without_liphex,9,rbf_svc,975,66,5,0,0,-0.8642703103506444
development_oof,without_liphex,9,rbf_svc,979,114,5,0,0,-1.047544772193284
development_oof,without_liphex,9,rbf_svc,990,201,5,0,0,-0.5459289334805437
development_oof,without_liphex,9,rbf_svc,1008,76,5,0,0,-1.041498664632995
development_oof,without_liphex,9,rbf_svc,1010,194,5,0,0,-0.21619548144244516
development_oof,without_liphex,9,rbf_svc,1015,191,5,1,0,-1.0116451019835042
development_oof,without_liphex,9,rbf_svc,1027,185,5,1,1,1.632050659573177
development_oof,without_liphex,9,rbf_svc,1032,180,5,0,0,-0.3760628553145897
development_oof,without_liphex,9,random_forest,3,108,1,0,0,0.08302493472552933
development_oof,without_liphex,9,random_forest,13,109,1,1,1,0.9228009473326201
development_oof,without_liphex,9,random_forest,22,456,1,0,0,0.28011447688435015
development_oof,without_liphex,9,random_forest,24,455,1,0,0,0.4079932126941875
development_oof,without_liphex,9,random_forest,25,12,1,1,0,0.3844325642710135
development_oof,without_liphex,9,random_forest,35,108,1,0,0,0.09047185828685256
development_oof,without_liphex,9,random_forest,43,6,1,0,0,0.09960444312818469
development_oof,without_liphex,9,random_forest,53,447,1,0,0,0.29875457575828623
development_oof,without_liphex,9,random_forest,65,168,1,1,1,0.9745254262854691
development_oof,without_liphex,9,random_forest,68,445,1,1,0,0.28909360971010295
development_oof,without_liphex,9,random_forest,70,166,1,0,0,0.12507758359956445
development_oof,without_liphex,9,random_forest,72,12,1,1,0,0.38636884047762204
development_oof,without_liphex,9,random_forest,75,108,1,0,0,0.13292276836772238
development_oof,without_liphex,9,random_forest,88,12,1,0,0,0.2071284169811153
development_oof,without_liphex,9,random_forest,89,6,1,0,0,0.11556955323133251
development_oof,without_liphex,9,random_forest,110,41,1,0,0,0.29577727099854473
development_oof,without_liphex,9,random_forest,129,58,1,1,0,0.48256333113218614
development_oof,without_liphex,9,random_forest,133,432,1,1,1,0.8445910195258686
development_oof,without_liphex,9,random_forest,144,41,1,0,0,0.2062462130824596
development_oof,without_liphex,9,random_forest,153,41,1,0,0,0.38781902327328605
development_oof,without_liphex,9,random_forest,155,41,1,0,0,0.26624119039197464
development_oof,without_liphex,9,random_forest,168,424,1,0,0,0.12832047162005433
development_oof,without_liphex,9,random_forest,171,41,1,1,0,0.44006837997477843
development_oof,without_liphex,9,random_forest,197,168,1,1,1,0.9927215487391637
development_oof,without_liphex,9,random_forest,205,41,1,0,0,0.37454399432901264
development_oof,without_liphex,9,random_forest,209,420,1,1,1,0.9455514597627303
development_oof,without_liphex,9,random_forest,232,6,1,0,0,0.1344525618209611
development_oof,without_liphex,9,random_forest,237,117,1,0,0,0.09990991063253682
development_oof,without_liphex,9,random_forest,243,414,1,0,0,0.24692238592126145
development_oof,without_liphex,9,random_forest,250,166,1,0,0,0.11278247205415252
development_oof,without_liphex,9,random_forest,270,12,1,1,0,0.3904472796066263
development_oof,without_liphex,9,random_forest,272,19,1,0,0,0.10605606571392563
development_oof,without_liphex,9,random_forest,282,406,1,1,1,0.8622955899719451
development_oof,without_liphex,9,random_forest,289,6,1,0,0,0.19397808318592824
development_oof,without_liphex,9,random_forest,303,12,1,1,0,0.49965167476220074
development_oof,without_liphex,9,random_forest,305,402,1,0,0,0.17948581439206204
development_oof,without_liphex,9,random_forest,306,101,1,1,0,0.06397964323106334
development_oof,without_liphex,9,random_forest,307,12,1,1,0,0.3269082476322905
development_oof,without_liphex,9,random_forest,314,398,1,0,0,0.248097736462361
development_oof,without_liphex,9,random_forest,318,127,1,1,0,0.33278570339508273
development_oof,without_liphex,9,random_forest,328,395,1,1,0,0.4825143765504451
development_oof,without_liphex,9,random_forest,345,73,1,0,1,0.9791687217435839
development_oof,without_liphex,9,random_forest,346,12,1,1,0,0.4070538944419079
development_oof,without_liphex,9,random_forest,350,12,1,0,0,0.2116493907370721
development_oof,without_liphex,9,random_forest,362,36,1,0,0,0.12479957040528926
development_oof,without_liphex,9,random_forest,366,79,1,1,0,0.20207523499592356
development_oof,without_liphex,9,random_forest,367,79,1,1,0,0.22143377676880793
development_oof,without_liphex,9,random_forest,368,387,1,0,0,0.3303619484875804
development_oof,without_liphex,9,random_forest,383,12,1,1,0,0.3081188054499764
development_oof,without_liphex,9,random_forest,390,381,1,0,1,0.5431832793586738
development_oof,without_liphex,9,random_forest,411,6,1,0,0,0.16694964831028342
development_oof,without_liphex,9,random_forest,415,12,1,1,0,0.37226290140806806
development_oof,without_liphex,9,random_forest,418,6,1,0,0,0.153471088952404
development_oof,without_liphex,9,random_forest,427,6,1,0,0,0.4084638157658594
development_oof,without_liphex,9,random_forest,432,375,1,0,0,0.14200117283619046
development_oof,without_liphex,9,random_forest,433,58,1,1,0,0.4814218184363067
development_oof,without_liphex,9,random_forest,445,95,1,0,0,0.30557972521900906
development_oof,without_liphex,9,random_forest,452,73,1,1,1,0.9487376248410906
development_oof,without_liphex,9,random_forest,467,6,1,0,0,0.24713754232824192
development_oof,without_liphex,9,random_forest,476,95,1,0,0,0.4208924973716139
development_oof,without_liphex,9,random_forest,478,6,1,0,0,0.2683361151102185
development_oof,without_liphex,9,random_forest,488,26,1,1,0,0.11380231514880192
development_oof,without_liphex,9,random_forest,507,26,1,0,0,0.11052861143036097
development_oof,without_liphex,9,random_forest,509,362,1,0,0,0.2579334604407603
development_oof,without_liphex,9,random_forest,512,361,1,0,0,0.2588403844226452
development_oof,without_liphex,9,random_forest,521,26,1,0,0,0.16613356187893516
development_oof,without_liphex,9,random_forest,530,358,1,1,0,0.2199895545294288
development_oof,without_liphex,9,random_forest,531,6,1,0,0,0.2154043694445564
development_oof,without_liphex,9,random_forest,532,26,1,0,0,0.2351344309030324
development_oof,without_liphex,9,random_forest,534,26,1,0,0,0.1117683455064514
development_oof,without_liphex,9,random_forest,552,6,1,0,0,0.1823728049763752
development_oof,without_liphex,9,random_forest,564,47,1,1,0,0.14094733471504695
development_oof,without_liphex,9,random_forest,573,350,1,0,1,0.5311025647906261
development_oof,without_liphex,9,random_forest,576,349,1,0,0,0.22846620723479333
development_oof,without_liphex,9,random_forest,578,26,1,0,0,0.07306161240949194
development_oof,without_liphex,9,random_forest,590,152,1,0,0,0.18277620077573453
development_oof,without_liphex,9,random_forest,591,343,1,0,0,0.38090192822935426
development_oof,without_liphex,9,random_forest,630,67,1,0,0,0.16623658017394713
development_oof,without_liphex,9,random_forest,637,47,1,1,0,0.14696418286435725
development_oof,without_liphex,9,random_forest,639,332,1,0,1,0.5131897753529897
development_oof,without_liphex,9,random_forest,642,331,1,0,0,0.3836924928749758
development_oof,without_liphex,9,random_forest,644,47,1,1,0,0.15293260204956777
development_oof,without_liphex,9,random_forest,650,88,1,0,0,0.30720906524432556
development_oof,without_liphex,9,random_forest,651,67,1,0,0,0.19783391348671292
development_oof,without_liphex,9,random_forest,654,327,1,0,0,0.24380638676846672
development_oof,without_liphex,9,random_forest,673,320,1,0,0,0.13941778786313702
development_oof,without_liphex,9,random_forest,676,6,1,0,0,0.14510996424478595
development_oof,without_liphex,9,random_forest,679,6,1,0,0,0.2627096451414283
development_oof,without_liphex,9,random_forest,680,145,1,0,1,0.5321374598802051
development_oof,without_liphex,9,random_forest,695,47,1,1,0,0.06625425307699274
development_oof,without_liphex,9,random_forest,708,310,1,0,1,0.6654984819268468
development_oof,without_liphex,9,random_forest,709,88,1,0,0,0.18575525688281927
development_oof,without_liphex,9,random_forest,713,139,1,0,0,0.39189573790293425
development_oof,without_liphex,9,random_forest,721,139,1,1,0,0.3356320453964109
development_oof,without_liphex,9,random_forest,722,307,1,0,0,0.4298803460253698
development_oof,without_liphex,9,random_forest,727,32,1,0,0,0.34223123379124215
development_oof,without_liphex,9,random_forest,734,12,1,1,0,0.23600278762065463
development_oof,without_liphex,9,random_forest,748,64,1,0,1,0.6438415524628168
development_oof,without_liphex,9,random_forest,763,301,1,0,0,0.1084391107280814
development_oof,without_liphex,9,random_forest,771,43,1,0,0,0.3032261032414265
development_oof,without_liphex,9,random_forest,773,58,1,1,1,0.5284265174226291
development_oof,without_liphex,9,random_forest,775,134,1,0,1,0.7991059812439305
development_oof,without_liphex,9,random_forest,779,43,1,0,1,0.7223610076202882
development_oof,without_liphex,9,random_forest,782,43,1,0,0,0.4965317113791635
development_oof,without_liphex,9,random_forest,783,296,1,0,0,0.22717136152688217
development_oof,without_liphex,9,random_forest,784,43,1,1,0,0.25794454746902856
development_oof,without_liphex,9,random_forest,788,295,1,1,0,0.41472330354167153
development_oof,without_liphex,9,random_forest,795,110,1,1,1,0.6073958280589592
development_oof,without_liphex,9,random_forest,797,43,1,0,0,0.43552182294825664
development_oof,without_liphex,9,random_forest,812,285,1,0,1,0.5618527302739194
development_oof,without_liphex,9,random_forest,814,88,1,0,0,0.11497401033456818
development_oof,without_liphex,9,random_forest,836,279,1,1,0,0.10849580426132671
development_oof,without_liphex,9,random_forest,853,272,1,0,0,0.43476830543778616
development_oof,without_liphex,9,random_forest,868,261,1,0,0,0.2885776128414693
development_oof,without_liphex,9,random_forest,886,255,1,0,0,0.24832747025177251
development_oof,without_liphex,9,random_forest,889,127,1,0,0,0.34965513520881913
development_oof,without_liphex,9,random_forest,892,26,1,0,0,0.09982313945631403
development_oof,without_liphex,9,random_forest,903,248,1,0,0,0.37590025444794056
development_oof,without_liphex,9,random_forest,909,245,1,0,0,0.1856784086671377
development_oof,without_liphex,9,random_forest,912,19,1,0,0,0.2418825158824538
development_oof,without_liphex,9,random_forest,924,239,1,0,0,0.32442446944734815
development_oof,without_liphex,9,random_forest,929,67,1,0,0,0.20970761058593715
development_oof,without_liphex,9,random_forest,937,230,1,0,0,0.03842690038350826
development_oof,without_liphex,9,random_forest,938,79,1,0,0,0.24114049374066548
development_oof,without_liphex,9,random_forest,944,58,1,1,1,0.5084573836954823
development_oof,without_liphex,9,random_forest,956,222,1,0,1,0.7634376601077738
development_oof,without_liphex,9,random_forest,959,117,1,0,0,0.14443934581807888
development_oof,without_liphex,9,random_forest,961,219,1,0,0,0.3153091701990941
development_oof,without_liphex,9,random_forest,970,213,1,0,0,0.3230203290111062
development_oof,without_liphex,9,random_forest,983,205,1,1,0,0.29397511301559104
development_oof,without_liphex,9,random_forest,989,47,1,0,0,0.21158070652341224
development_oof,without_liphex,9,random_forest,992,200,1,0,0,0.1534750442740263
development_oof,without_liphex,9,random_forest,997,6,1,0,0,0.2753370113179015
development_oof,without_liphex,9,random_forest,1007,195,1,0,0,0.27075102212981184
development_oof,without_liphex,9,random_forest,1011,110,1,1,1,0.6434172674943357
development_oof,without_liphex,9,random_forest,1023,187,1,0,0,0.4538830101583457
development_oof,without_liphex,9,random_forest,1034,178,1,0,0,0.20870746453625805
development_oof,without_liphex,9,random_forest,2,460,2,0,0,0.36266301046089927
development_oof,without_liphex,9,random_forest,8,107,2,0,0,0.33929532559074144
development_oof,without_liphex,9,random_forest,18,56,2,1,1,0.9607406229620484
development_oof,without_liphex,9,random_forest,33,452,2,0,0,0.1487678563263151
development_oof,without_liphex,9,random_forest,34,23,2,0,0,0.2840721398717033
development_oof,without_liphex,9,random_forest,37,177,2,0,0,0.13065385244428993
development_oof,without_liphex,9,random_forest,50,40,2,1,1,0.9678279718541248
development_oof,without_liphex,9,random_forest,51,75,2,1,0,0.3665783437147217
development_oof,without_liphex,9,random_forest,55,107,2,0,0,0.13101374727043738
development_oof,without_liphex,9,random_forest,67,446,2,0,0,0.2138852590122653
development_oof,without_liphex,9,random_forest,81,441,2,0,0,0.4614780546932298
development_oof,without_liphex,9,random_forest,97,30,2,1,0,0.36710474347382893
development_oof,without_liphex,9,random_forest,108,436,2,0,0,0.22743438296122387
development_oof,without_liphex,9,random_forest,114,173,2,0,0,0.2624190964395156
development_oof,without_liphex,9,random_forest,115,2,2,1,0,0.23031042635357266
development_oof,without_liphex,9,random_forest,118,172,2,0,0,0.4052073618150294
development_oof,without_liphex,9,random_forest,140,40,2,0,1,0.7736444690471338
development_oof,without_liphex,9,random_forest,166,425,2,0,0,0.39271351620742306
development_oof,without_liphex,9,random_forest,177,40,2,1,1,0.9107107312980649
development_oof,without_liphex,9,random_forest,216,167,2,1,0,0.3154486060470785
development_oof,without_liphex,9,random_forest,229,30,2,1,0,0.37810350238454515
development_oof,without_liphex,9,random_forest,235,30,2,1,0,0.3772648681456535
development_oof,without_liphex,9,random_forest,240,167,2,1,0,0.4068437145342179
development_oof,without_liphex,9,random_forest,241,23,2,0,0,0.28043651235505795
development_oof,without_liphex,9,random_forest,246,56,2,1,1,0.9177100398493785
development_oof,without_liphex,9,random_forest,249,124,2,0,0,0.4269321686077085
development_oof,without_liphex,9,random_forest,251,30,2,1,0,0.31196780451619993
development_oof,without_liphex,9,random_forest,253,412,2,0,0,0.4008523931083677
development_oof,without_liphex,9,random_forest,254,411,2,1,1,0.5239119342209354
development_oof,without_liphex,9,random_forest,262,98,2,1,1,0.742875657150594
development_oof,without_liphex,9,random_forest,265,75,2,0,0,0.36246034786182735
development_oof,without_liphex,9,random_forest,275,56,2,1,1,0.9620115854655722
development_oof,without_liphex,9,random_forest,281,30,2,1,0,0.3477375168635066
development_oof,without_liphex,9,random_forest,283,56,2,1,1,0.913705135976458
development_oof,without_liphex,9,random_forest,291,98,2,1,1,0.7433125811938018
development_oof,without_liphex,9,random_forest,301,403,2,0,0,0.2918972756043677
development_oof,without_liphex,9,random_forest,325,396,2,0,0,0.24206820801147208
development_oof,without_liphex,9,random_forest,344,23,2,1,0,0.31630887125028073
development_oof,without_liphex,9,random_forest,359,23,2,0,0,0.26245931578245674
development_oof,without_liphex,9,random_forest,365,388,2,0,0,0.18615219028732055
development_oof,without_liphex,9,random_forest,378,23,2,0,0,0.27115712101783723
development_oof,without_liphex,9,random_forest,389,382,2,0,0,0.2941040404091338
development_oof,without_liphex,9,random_forest,408,98,2,1,1,0.7358309136217933
development_oof,without_liphex,9,random_forest,413,62,2,1,0,0.23030177556974002
development_oof,without_liphex,9,random_forest,425,23,2,0,0,0.2760248334334206
development_oof,without_liphex,9,random_forest,426,377,2,0,1,0.9117476665858865
development_oof,without_liphex,9,random_forest,439,156,2,1,0,0.35425714401303293
development_oof,without_liphex,9,random_forest,461,371,2,1,0,0.4081297171488101
development_oof,without_liphex,9,random_forest,487,156,2,0,0,0.3239158882585953
development_oof,without_liphex,9,random_forest,505,81,2,1,0,0.28084895268775456
development_oof,without_liphex,9,random_forest,514,360,2,1,1,0.6934487546692549
development_oof,without_liphex,9,random_forest,515,150,2,0,0,0.40759388194078516
development_oof,without_liphex,9,random_forest,523,2,2,1,0,0.26792252606354194
development_oof,without_liphex,9,random_forest,526,23,2,0,0,0.28847239014786746
development_oof,without_liphex,9,random_forest,541,113,2,0,0,0.21227298505579828
development_oof,without_liphex,9,random_forest,551,353,2,0,1,0.5414942825685164
development_oof,without_liphex,9,random_forest,584,46,2,0,0,0.23398664275890005
development_oof,without_liphex,9,random_forest,586,346,2,0,1,0.6981729526308352
development_oof,without_liphex,9,random_forest,589,153,2,1,1,0.9711478560203217
development_oof,without_liphex,9,random_forest,593,90,2,0,0,0.209159148201785
development_oof,without_liphex,9,random_forest,598,90,2,0,0,0.14442157916280407
development_oof,without_liphex,9,random_forest,599,340,2,0,0,0.19701221735931435
development_oof,without_liphex,9,random_forest,603,40,2,1,1,0.8279959303785148
development_oof,without_liphex,9,random_forest,609,7,2,0,0,0.3150222036837522
development_oof,without_liphex,9,random_forest,623,150,2,0,0,0.16895440346095877
development_oof,without_liphex,9,random_forest,624,149,2,1,0,0.32141425466583334
development_oof,without_liphex,9,random_forest,636,334,2,1,0,0.2762400659311989
development_oof,without_liphex,9,random_forest,661,90,2,0,0,0.2019883946675329
development_oof,without_liphex,9,random_forest,670,322,2,0,1,0.840687413854012
development_oof,without_liphex,9,random_forest,677,319,2,0,0,0.26920857155753714
development_oof,without_liphex,9,random_forest,707,311,2,0,0,0.3628905950701215
development_oof,without_liphex,9,random_forest,710,75,2,1,0,0.2907912632038695
development_oof,without_liphex,9,random_forest,716,309,2,0,0,0.37365586338911727
development_oof,without_liphex,9,random_forest,762,302,2,0,0,0.29373822952284573
development_oof,without_liphex,9,random_forest,766,130,2,0,0,0.30892492737136484
development_oof,without_liphex,9,random_forest,777,297,2,0,0,0.2229594004362786
development_oof,without_liphex,9,random_forest,790,62,2,1,0,0.3809029469063398
development_oof,without_liphex,9,random_forest,791,294,2,0,0,0.1576198539470438
development_oof,without_liphex,9,random_forest,793,292,2,1,0,0.17759954869785127
development_oof,without_liphex,9,random_forest,810,286,2,0,0,0.21140984702383833
development_oof,without_liphex,9,random_forest,819,130,2,1,0,0.3491998439003857
development_oof,without_liphex,9,random_forest,825,83,2,0,0,0.2828078478677316
development_oof,without_liphex,9,random_forest,831,281,2,0,0,0.15440234564869398
development_oof,without_liphex,9,random_forest,842,277,2,0,0,0.23375213152092436
development_oof,without_liphex,9,random_forest,850,273,2,0,0,0.37176668780763994
development_oof,without_liphex,9,random_forest,859,267,2,0,0,0.3446754051790357
development_oof,without_liphex,9,random_forest,863,81,2,1,0,0.3735156504973758
development_oof,without_liphex,9,random_forest,884,257,2,0,0,0.41795534051703764
development_oof,without_liphex,9,random_forest,895,124,2,0,0,0.4015666756273179
development_oof,without_liphex,9,random_forest,896,251,2,0,0,0.3713611428833341
development_oof,without_liphex,9,random_forest,914,56,2,1,1,0.9732524912304402
development_oof,without_liphex,9,random_forest,922,240,2,0,0,0.33473733124184873
development_oof,without_liphex,9,random_forest,923,23,2,0,0,0.28065279789365827
development_oof,without_liphex,9,random_forest,933,232,2,0,0,0.4670278402891689
development_oof,without_liphex,9,random_forest,947,226,2,0,0,0.13584289698120464
development_oof,without_liphex,9,random_forest,951,223,2,0,0,0.48746459385291585
development_oof,without_liphex,9,random_forest,953,119,2,0,0,0.281325863826142
development_oof,without_liphex,9,random_forest,965,216,2,0,0,0.2759804595663943
development_oof,without_liphex,9,random_forest,976,209,2,0,0,0.22165818575456175
development_oof,without_liphex,9,random_forest,986,113,2,0,0,0.21732989216878432
development_oof,without_liphex,9,random_forest,1001,107,2,0,1,0.610991558725685
development_oof,without_liphex,9,random_forest,1005,196,2,0,0,0.38670056935556163
development_oof,without_liphex,9,random_forest,1020,188,2,0,0,0.43516087717541296
development_oof,without_liphex,9,random_forest,1026,186,2,1,0,0.18542333981909231
development_oof,without_liphex,9,random_forest,1030,182,2,0,0,0.3476307873957941
development_oof,without_liphex,9,random_forest,20,3,3,0,0,0.10735940318137667
development_oof,without_liphex,9,random_forest,29,453,3,0,0,0.02589936084934497
development_oof,without_liphex,9,random_forest,31,3,3,0,0,0.18156003975604507
development_oof,without_liphex,9,random_forest,36,80,3,0,0,0.2307321954581702
development_oof,without_liphex,9,random_forest,39,42,3,0,0,0.13515303323427164
development_oof,without_liphex,9,random_forest,42,3,3,0,0,0.1612791452444134
development_oof,without_liphex,9,random_forest,78,443,3,1,1,0.765871054560582
development_oof,without_liphex,9,random_forest,87,439,3,0,0,0.170233547817295
development_oof,without_liphex,9,random_forest,92,27,3,1,0,0.1324448952959771
development_oof,without_liphex,9,random_forest,93,165,3,0,0,0.2717316599962738
development_oof,without_liphex,9,random_forest,101,27,3,0,0,0.2791726412433567
development_oof,without_liphex,9,random_forest,125,111,3,0,0,0.28008625392711667
development_oof,without_liphex,9,random_forest,145,430,3,0,0,0.35739048358840875
development_oof,without_liphex,9,random_forest,146,59,3,1,0,0.4890749324253507
development_oof,without_liphex,9,random_forest,147,16,3,0,0,0.15207373085272446
development_oof,without_liphex,9,random_forest,148,59,3,1,0,0.4941677790941821
development_oof,without_liphex,9,random_forest,154,59,3,1,0,0.3341681371400783
development_oof,without_liphex,9,random_forest,158,428,3,0,0,0.13142138998619177
development_oof,without_liphex,9,random_forest,173,52,3,0,0,0.42360321967332026
development_oof,without_liphex,9,random_forest,175,38,3,1,1,0.9905888400404201
development_oof,without_liphex,9,random_forest,176,3,3,0,0,0.2742241605811296
development_oof,without_liphex,9,random_forest,192,8,3,0,0,0.3218923583825575
development_oof,without_liphex,9,random_forest,196,8,3,0,0,0.381365760098979
development_oof,without_liphex,9,random_forest,202,421,3,0,0,0.19321820623383562
development_oof,without_liphex,9,random_forest,211,8,3,0,0,0.2640241698604528
development_oof,without_liphex,9,random_forest,217,8,3,0,0,0.37711638236170686
development_oof,without_liphex,9,random_forest,218,8,3,0,0,0.3769386324140469
development_oof,without_liphex,9,random_forest,220,8,3,0,1,0.5212170201785126
development_oof,without_liphex,9,random_forest,226,8,3,0,0,0.3725175127825079
development_oof,without_liphex,9,random_forest,227,38,3,1,1,0.91454465232349
development_oof,without_liphex,9,random_forest,230,121,3,1,0,0.43835872756925454
development_oof,without_liphex,9,random_forest,238,415,3,0,0,0.12038324397770453
development_oof,without_liphex,9,random_forest,239,3,3,0,0,0.22665569168589172
development_oof,without_liphex,9,random_forest,242,52,3,1,1,0.9469586213946362
development_oof,without_liphex,9,random_forest,252,3,3,0,1,0.5284101378488292
development_oof,without_liphex,9,random_forest,257,80,3,0,0,0.35202156188688427
development_oof,without_liphex,9,random_forest,266,103,3,1,1,0.9813084266377176
development_oof,without_liphex,9,random_forest,268,8,3,0,0,0.3548305219501537
development_oof,without_liphex,9,random_forest,271,165,3,0,0,0.47574417380468315
development_oof,without_liphex,9,random_forest,278,407,3,0,0,0.46419544652640404
development_oof,without_liphex,9,random_forest,279,3,3,0,0,0.17026203353462277
development_oof,without_liphex,9,random_forest,284,38,3,1,1,0.926341229711019
development_oof,without_liphex,9,random_forest,285,3,3,0,0,0.13187571434282896
development_oof,without_liphex,9,random_forest,286,3,3,0,0,0.270933678376967
development_oof,without_liphex,9,random_forest,287,158,3,0,0,0.23368585687070728
development_oof,without_liphex,9,random_forest,290,164,3,1,1,0.779276173006283
development_oof,without_liphex,9,random_forest,300,404,3,1,1,0.8470069425225407
development_oof,without_liphex,9,random_forest,309,22,3,0,0,0.13089710051953535
development_oof,without_liphex,9,random_forest,320,38,3,1,1,0.9624461739127788
development_oof,without_liphex,9,random_forest,321,397,3,0,0,0.1578167303683073
development_oof,without_liphex,9,random_forest,323,3,3,0,0,0.4414296779775199
development_oof,without_liphex,9,random_forest,327,3,3,0,0,0.10239085288646695
development_oof,without_liphex,9,random_forest,332,38,3,1,1,0.9808148962799718
development_oof,without_liphex,9,random_forest,333,8,3,0,0,0.27416534045529606
development_oof,without_liphex,9,random_forest,341,135,3,1,0,0.369256095797132
development_oof,without_liphex,9,random_forest,348,3,3,0,0,0.20128916117623447
development_oof,without_liphex,9,random_forest,349,22,3,1,0,0.05849738875051711
development_oof,without_liphex,9,random_forest,353,3,3,1,0,0.08772431539835165
development_oof,without_liphex,9,random_forest,354,391,3,1,0,0.4500824258580504
development_oof,without_liphex,9,random_forest,356,390,3,0,0,0.1927252654276337
development_oof,without_liphex,9,random_forest,363,22,3,0,0,0.038995360136444536
development_oof,without_liphex,9,random_forest,370,8,3,0,0,0.2882250928583808
development_oof,without_liphex,9,random_forest,387,383,3,1,0,0.2689256343135778
development_oof,without_liphex,9,random_forest,406,78,3,0,0,0.09143171493468588
development_oof,without_liphex,9,random_forest,412,3,3,0,0,0.1475067403025775
development_oof,without_liphex,9,random_forest,414,3,3,0,0,0.1166396828265882
development_oof,without_liphex,9,random_forest,416,378,3,0,0,0.18174533931373793
development_oof,without_liphex,9,random_forest,417,22,3,0,0,0.10457001130960947
development_oof,without_liphex,9,random_forest,419,154,3,1,1,0.8806707780846371
development_oof,without_liphex,9,random_forest,421,27,3,0,0,0.18501211503902193
development_oof,without_liphex,9,random_forest,424,27,3,0,0,0.3273730641169921
development_oof,without_liphex,9,random_forest,437,158,3,0,0,0.17973703597872295
development_oof,without_liphex,9,random_forest,438,96,3,1,0,0.1755744504918449
development_oof,without_liphex,9,random_forest,441,27,3,1,0,0.3886558596357295
development_oof,without_liphex,9,random_forest,443,372,3,0,0,0.2856938326103353
development_oof,without_liphex,9,random_forest,448,13,3,0,0,0.2949503491223432
development_oof,without_liphex,9,random_forest,450,3,3,0,0,0.16847152863853831
development_oof,without_liphex,9,random_forest,451,3,3,0,0,0.4296945592948385
development_oof,without_liphex,9,random_forest,456,78,3,0,0,0.20103290286826603
development_oof,without_liphex,9,random_forest,469,8,3,0,0,0.3215647355725017
development_oof,without_liphex,9,random_forest,473,22,3,0,0,0.011408514761179682
development_oof,without_liphex,9,random_forest,483,27,3,0,0,0.1938465978033447
development_oof,without_liphex,9,random_forest,490,364,3,0,0,0.22818792601888727
development_oof,without_liphex,9,random_forest,511,129,3,0,0,0.1531105753134005
development_oof,without_liphex,9,random_forest,522,154,3,1,1,0.8827818186754531
development_oof,without_liphex,9,random_forest,544,63,3,1,0,0.21675917761271
development_oof,without_liphex,9,random_forest,547,77,3,0,0,0.3586548505953487
development_oof,without_liphex,9,random_forest,550,354,3,0,0,0.23316157164373222
development_oof,without_liphex,9,random_forest,556,13,3,0,0,0.3614950248850707
development_oof,without_liphex,9,random_forest,567,13,3,0,0,0.27101312150719165
development_oof,without_liphex,9,random_forest,580,348,3,1,0,0.22010722912837996
development_oof,without_liphex,9,random_forest,597,341,3,0,0,0.3136767990694061
development_oof,without_liphex,9,random_forest,606,337,3,0,0,0.28352024502689854
development_oof,without_liphex,9,random_forest,628,147,3,0,0,0.08295025089531158
development_oof,without_liphex,9,random_forest,632,77,3,0,0,0.15256095294198904
development_oof,without_liphex,9,random_forest,649,89,3,0,0,0.29117113732164424
development_oof,without_liphex,9,random_forest,652,328,3,0,0,0.3399589799856625
development_oof,without_liphex,9,random_forest,681,318,3,0,0,0.20395524188413203
development_oof,without_liphex,9,random_forest,685,33,3,0,0,0.4561892898005403
development_oof,without_liphex,9,random_forest,686,144,3,1,0,0.3754443276159971
development_oof,without_liphex,9,random_forest,690,315,3,0,0,0.28024774908793804
development_oof,without_liphex,9,random_forest,694,33,3,0,0,0.3133787406876978
development_oof,without_liphex,9,random_forest,696,89,3,0,0,0.231177046344596
development_oof,without_liphex,9,random_forest,717,140,3,0,1,0.6157562555224794
development_oof,without_liphex,9,random_forest,718,308,3,0,0,0.3571154569373971
development_oof,without_liphex,9,random_forest,743,13,3,0,0,0.3563709778875603
development_oof,without_liphex,9,random_forest,756,303,3,0,0,0.2672109663007542
development_oof,without_liphex,9,random_forest,767,63,3,1,0,0.11517340328210911
development_oof,without_liphex,9,random_forest,768,300,3,0,1,0.7553364124108188
development_oof,without_liphex,9,random_forest,769,135,3,0,0,0.3986510255987557
development_oof,without_liphex,9,random_forest,801,290,3,0,0,0.1844225914080103
development_oof,without_liphex,9,random_forest,805,63,3,1,0,0.30636779565722755
development_oof,without_liphex,9,random_forest,807,288,3,0,0,0.20367151826733904
development_oof,without_liphex,9,random_forest,808,33,3,0,0,0.4420356602726586
development_oof,without_liphex,9,random_forest,813,33,3,0,0,0.46622758392507774
development_oof,without_liphex,9,random_forest,821,282,3,0,0,0.41032747875538045
development_oof,without_liphex,9,random_forest,827,129,3,0,0,0.08295322350865285
development_oof,without_liphex,9,random_forest,847,274,3,0,0,0.11848420851506625
development_oof,without_liphex,9,random_forest,854,271,3,0,0,0.2551112592061249
development_oof,without_liphex,9,random_forest,864,264,3,0,0,0.107567087375476
development_oof,without_liphex,9,random_forest,866,262,3,0,0,0.3220343565257843
development_oof,without_liphex,9,random_forest,869,80,3,0,0,0.35299594985686
development_oof,without_liphex,9,random_forest,881,259,3,0,0,0.24856712812714885
development_oof,without_liphex,9,random_forest,883,59,3,1,1,0.5561475502926106
development_oof,without_liphex,9,random_forest,893,253,3,0,0,0.24829449719425356
development_oof,without_liphex,9,random_forest,899,123,3,1,1,0.9156425575422815
development_oof,without_liphex,9,random_forest,904,52,3,1,1,0.7754053206364556
development_oof,without_liphex,9,random_forest,913,121,3,1,1,0.6148269369100423
development_oof,without_liphex,9,random_forest,917,243,3,1,0,0.3863374548029993
development_oof,without_liphex,9,random_forest,920,241,3,0,0,0.2779113182866099
development_oof,without_liphex,9,random_forest,921,16,3,0,0,0.4810346292862324
development_oof,without_liphex,9,random_forest,930,235,3,1,1,0.5602271862193526
development_oof,without_liphex,9,random_forest,935,231,3,0,0,0.01804744718787479
development_oof,without_liphex,9,random_forest,940,78,3,0,0,0.2009365565259179
development_oof,without_liphex,9,random_forest,945,227,3,0,0,0.23423184323768603
development_oof,without_liphex,9,random_forest,962,218,3,0,0,0.13040385297697205
development_oof,without_liphex,9,random_forest,963,217,3,0,0,0.1891734898032346
development_oof,without_liphex,9,random_forest,973,210,3,0,0,0.19812565051337866
development_oof,without_liphex,9,random_forest,982,77,3,0,0,0.19807153699992522
development_oof,without_liphex,9,random_forest,988,202,3,1,0,0.19798567206445766
development_oof,without_liphex,9,random_forest,998,198,3,0,0,0.22739485393400807
development_oof,without_liphex,9,random_forest,1002,197,3,0,0,0.17735583445064318
development_oof,without_liphex,9,random_forest,1006,111,3,0,0,0.24662641350728903
development_oof,without_liphex,9,random_forest,1017,189,3,0,0,0.21033149968627168
development_oof,without_liphex,9,random_forest,1025,63,3,1,0,0.20501552509434018
development_oof,without_liphex,9,random_forest,1028,184,3,0,0,0.42977792530893527
development_oof,without_liphex,9,random_forest,1029,183,3,0,0,0.15908449799075036
development_oof,without_liphex,9,random_forest,16,93,4,1,1,0.7633333333333333
development_oof,without_liphex,9,random_forest,19,457,4,0,0,0.16666666666666666
development_oof,without_liphex,9,random_forest,27,53,4,0,1,0.5066666666666667
development_oof,without_liphex,9,random_forest,44,450,4,0,0,0.02
development_oof,without_liphex,9,random_forest,60,4,4,1,0,0.14
development_oof,without_liphex,9,random_forest,62,82,4,0,0,0.023333333333333334
development_oof,without_liphex,9,random_forest,66,82,4,1,0,0.32666666666666666
development_oof,without_liphex,9,random_forest,69,444,4,0,0,0.02666666666666667
development_oof,without_liphex,9,random_forest,83,60,4,1,1,0.7133333333333334
development_oof,without_liphex,9,random_forest,84,9,4,1,1,0.5866666666666667
development_oof,without_liphex,9,random_forest,86,174,4,1,1,0.8966666666666666
development_oof,without_liphex,9,random_forest,90,9,4,1,1,0.9633333333333334
development_oof,without_liphex,9,random_forest,95,161,4,0,0,0.3433333333333333
development_oof,without_liphex,9,random_forest,102,15,4,0,0,0.33
development_oof,without_liphex,9,random_forest,112,9,4,1,1,0.9266666666666666
development_oof,without_liphex,9,random_forest,117,433,4,0,0,0.2633333333333333
development_oof,without_liphex,9,random_forest,119,0,4,0,1,0.5366666666666666
development_oof,without_liphex,9,random_forest,123,9,4,1,1,0.9466666666666667
development_oof,without_liphex,9,random_forest,131,170,4,1,1,0.7133333333333334
development_oof,without_liphex,9,random_forest,134,15,4,0,1,0.7333333333333333
development_oof,without_liphex,9,random_forest,138,431,4,0,0,0.1
development_oof,without_liphex,9,random_forest,142,0,4,0,0,0.14333333333333334
development_oof,without_liphex,9,random_forest,156,9,4,1,1,0.98
development_oof,without_liphex,9,random_forest,157,0,4,0,0,0.15666666666666668
development_oof,without_liphex,9,random_forest,159,4,4,1,0,0.31666666666666665
development_oof,without_liphex,9,random_forest,169,9,4,1,1,0.99
development_oof,without_liphex,9,random_forest,170,60,4,1,1,0.5366666666666666
development_oof,without_liphex,9,random_forest,178,54,4,0,0,0.38666666666666666
development_oof,without_liphex,9,random_forest,181,9,4,1,1,0.97
development_oof,without_liphex,9,random_forest,183,422,4,0,0,0.09333333333333334
development_oof,without_liphex,9,random_forest,184,4,4,1,0,0.24
development_oof,without_liphex,9,random_forest,187,9,4,1,1,0.9866666666666667
development_oof,without_liphex,9,random_forest,193,9,4,1,1,0.9766666666666667
development_oof,without_liphex,9,random_forest,198,53,4,0,0,0.11
development_oof,without_liphex,9,random_forest,201,9,4,1,1,0.9533333333333334
development_oof,without_liphex,9,random_forest,206,125,4,1,0,0.03333333333333333
development_oof,without_liphex,9,random_forest,210,104,4,1,1,0.9066666666666666
development_oof,without_liphex,9,random_forest,221,9,4,1,1,0.95
development_oof,without_liphex,9,random_forest,236,416,4,1,0,0.22666666666666666
development_oof,without_liphex,9,random_forest,258,35,4,0,0,0.22333333333333333
development_oof,without_liphex,9,random_forest,277,102,4,1,0,0.36
development_oof,without_liphex,9,random_forest,294,122,4,0,1,0.52
development_oof,without_liphex,9,random_forest,304,24,4,1,0,0.09333333333333334
development_oof,without_liphex,9,random_forest,310,401,4,0,0,0.3433333333333333
development_oof,without_liphex,9,random_forest,311,400,4,1,0,0.16666666666666666
development_oof,without_liphex,9,random_forest,322,15,4,0,0,0.19666666666666666
development_oof,without_liphex,9,random_forest,335,15,4,0,0,0.3566666666666667
development_oof,without_liphex,9,random_forest,337,15,4,0,0,0.09333333333333334
development_oof,without_liphex,9,random_forest,355,15,4,0,1,0.61
development_oof,without_liphex,9,random_forest,358,389,4,0,0,0.38333333333333336
development_oof,without_liphex,9,random_forest,371,161,4,0,0,0.15333333333333332
development_oof,without_liphex,9,random_forest,379,24,4,0,0,0.12333333333333334
development_oof,without_liphex,9,random_forest,382,384,4,0,0,0.0
development_oof,without_liphex,9,random_forest,384,69,4,0,0,0.07
development_oof,without_liphex,9,random_forest,386,4,4,1,0,0.2966666666666667
development_oof,without_liphex,9,random_forest,392,4,4,1,0,0.44
development_oof,without_liphex,9,random_forest,393,0,4,0,0,0.19333333333333333
development_oof,without_liphex,9,random_forest,400,28,4,0,0,0.21333333333333335
development_oof,without_liphex,9,random_forest,401,4,4,1,0,0.23666666666666666
development_oof,without_liphex,9,random_forest,404,35,4,0,0,0.2733333333333333
development_oof,without_liphex,9,random_forest,405,379,4,0,0,0.09666666666666666
development_oof,without_liphex,9,random_forest,407,160,4,0,0,0.27
development_oof,without_liphex,9,random_forest,409,4,4,1,0,0.3233333333333333
development_oof,without_liphex,9,random_forest,423,50,4,0,0,0.24
development_oof,without_liphex,9,random_forest,430,4,4,1,0,0.21
development_oof,without_liphex,9,random_forest,434,97,4,1,1,0.98
development_oof,without_liphex,9,random_forest,446,4,4,1,0,0.32666666666666666
development_oof,without_liphex,9,random_forest,454,104,4,1,1,0.75
development_oof,without_liphex,9,random_forest,455,93,4,1,1,0.89
development_oof,without_liphex,9,random_forest,462,15,4,0,0,0.19333333333333333
development_oof,without_liphex,9,random_forest,464,4,4,1,1,0.5966666666666667
development_oof,without_liphex,9,random_forest,465,4,4,1,0,0.41333333333333333
development_oof,without_liphex,9,random_forest,466,0,4,0,0,0.12
development_oof,without_liphex,9,random_forest,470,0,4,0,0,0.15666666666666668
development_oof,without_liphex,9,random_forest,480,367,4,0,0,0.18333333333333332
development_oof,without_liphex,9,random_forest,481,4,4,1,0,0.19333333333333333
development_oof,without_liphex,9,random_forest,484,365,4,0,0,0.38
development_oof,without_liphex,9,random_forest,495,0,4,0,0,0.43333333333333335
development_oof,without_liphex,9,random_forest,498,54,4,0,0,0.04666666666666667
development_oof,without_liphex,9,random_forest,499,15,4,0,0,0.20333333333333334
development_oof,without_liphex,9,random_forest,500,28,4,0,0,0.16333333333333333
development_oof,without_liphex,9,random_forest,501,72,4,0,0,0.04666666666666667
development_oof,without_liphex,9,random_forest,503,93,4,1,1,0.93
development_oof,without_liphex,9,random_forest,506,0,4,0,0,0.13
development_oof,without_liphex,9,random_forest,517,0,4,0,0,0.30333333333333334
development_oof,without_liphex,9,random_forest,519,53,4,0,0,0.42333333333333334
development_oof,without_liphex,9,random_forest,520,53,4,0,0,0.17333333333333334
development_oof,without_liphex,9,random_forest,524,0,4,0,0,0.30333333333333334
development_oof,without_liphex,9,random_forest,525,15,4,0,0,0.29333333333333333
development_oof,without_liphex,9,random_forest,527,0,4,0,0,0.4266666666666667
development_oof,without_liphex,9,random_forest,528,359,4,0,0,0.13
development_oof,without_liphex,9,random_forest,529,0,4,0,0,0.16333333333333333
development_oof,without_liphex,9,random_forest,542,35,4,1,0,0.14666666666666667
development_oof,without_liphex,9,random_forest,543,0,4,0,0,0.14333333333333334
development_oof,without_liphex,9,random_forest,545,136,4,1,0,0.25333333333333335
development_oof,without_liphex,9,random_forest,553,0,4,0,0,0.41333333333333333
development_oof,without_liphex,9,random_forest,559,351,4,0,0,0.10666666666666667
development_oof,without_liphex,9,random_forest,560,0,4,0,0,0.23666666666666666
development_oof,without_liphex,9,random_forest,568,0,4,0,0,0.34
development_oof,without_liphex,9,random_forest,570,0,4,1,0,0.45
development_oof,without_liphex,9,random_forest,572,0,4,1,0,0.30333333333333334
development_oof,without_liphex,9,random_forest,577,44,4,0,0,0.1
development_oof,without_liphex,9,random_forest,581,347,4,0,0,0.06666666666666667
development_oof,without_liphex,9,random_forest,582,44,4,0,0,0.16333333333333333
development_oof,without_liphex,9,random_forest,583,69,4,0,0,0.06
development_oof,without_liphex,9,random_forest,588,344,4,0,0,0.23
development_oof,without_liphex,9,random_forest,592,0,4,1,0,0.35
development_oof,without_liphex,9,random_forest,595,35,4,0,0,0.13
development_oof,without_liphex,9,random_forest,600,151,4,0,0,0.05
development_oof,without_liphex,9,random_forest,602,338,4,0,1,0.67
development_oof,without_liphex,9,random_forest,604,0,4,0,0,0.3466666666666667
development_oof,without_liphex,9,random_forest,605,0,4,0,0,0.30666666666666664
development_oof,without_liphex,9,random_forest,607,0,4,1,0,0.45666666666666667
development_oof,without_liphex,9,random_forest,608,0,4,0,0,0.29333333333333333
development_oof,without_liphex,9,random_forest,610,0,4,0,0,0.2833333333333333
development_oof,without_liphex,9,random_forest,611,0,4,0,0,0.15666666666666668
development_oof,without_liphex,9,random_forest,613,85,4,0,0,0.37666666666666665
development_oof,without_liphex,9,random_forest,615,0,4,0,0,0.49666666666666665
development_oof,without_liphex,9,random_forest,627,335,4,0,0,0.23333333333333334
development_oof,without_liphex,9,random_forest,633,0,4,0,0,0.06666666666666667
development_oof,without_liphex,9,random_forest,646,0,4,0,0,0.24
development_oof,without_liphex,9,random_forest,647,0,4,0,0,0.24333333333333335
development_oof,without_liphex,9,random_forest,648,329,4,0,0,0.2733333333333333
development_oof,without_liphex,9,random_forest,657,4,4,1,0,0.2866666666666667
development_oof,without_liphex,9,random_forest,662,0,4,0,0,0.23
development_oof,without_liphex,9,random_forest,665,69,4,1,0,0.10666666666666667
development_oof,without_liphex,9,random_forest,666,44,4,0,0,0.16666666666666666
development_oof,without_liphex,9,random_forest,667,0,4,0,0,0.17666666666666667
development_oof,without_liphex,9,random_forest,671,321,4,1,0,0.09333333333333334
development_oof,without_liphex,9,random_forest,674,4,4,0,0,0.29
development_oof,without_liphex,9,random_forest,683,142,4,0,0,0.48333333333333334
development_oof,without_liphex,9,random_forest,691,142,4,0,0,0.08333333333333333
development_oof,without_liphex,9,random_forest,692,0,4,0,0,0.37333333333333335
development_oof,without_liphex,9,random_forest,693,0,4,0,0,0.18333333333333332
development_oof,without_liphex,9,random_forest,699,0,4,0,0,0.28
development_oof,without_liphex,9,random_forest,701,0,4,1,0,0.24666666666666667
development_oof,without_liphex,9,random_forest,704,313,4,0,0,0.06333333333333334
development_oof,without_liphex,9,random_forest,706,0,4,0,0,0.26
development_oof,without_liphex,9,random_forest,715,4,4,1,0,0.42333333333333334
development_oof,without_liphex,9,random_forest,729,0,4,0,0,0.16
development_oof,without_liphex,9,random_forest,731,60,4,0,0,0.22666666666666666
development_oof,without_liphex,9,random_forest,735,132,4,0,0,0.10666666666666667
development_oof,without_liphex,9,random_forest,737,85,4,1,0,0.08666666666666667
development_oof,without_liphex,9,random_forest,738,136,4,1,0,0.25666666666666665
development_oof,without_liphex,9,random_forest,740,44,4,0,0,0.12
development_oof,without_liphex,9,random_forest,742,305,4,0,0,0.10333333333333333
development_oof,without_liphex,9,random_forest,745,0,4,0,0,0.20666666666666667
development_oof,without_liphex,9,random_forest,753,85,4,0,0,0.12333333333333334
development_oof,without_liphex,9,random_forest,761,44,4,0,0,0.22333333333333333
development_oof,without_liphex,9,random_forest,776,298,4,0,0,0.18
development_oof,without_liphex,9,random_forest,794,0,4,0,0,0.37333333333333335
development_oof,without_liphex,9,random_forest,796,35,4,0,0,0.07666666666666666
development_oof,without_liphex,9,random_forest,800,132,4,0,0,0.15
development_oof,without_liphex,9,random_forest,803,289,4,0,0,0.22666666666666666
development_oof,without_liphex,9,random_forest,818,283,4,0,0,0.22
development_oof,without_liphex,9,random_forest,822,35,4,0,0,0.24666666666666667
development_oof,without_liphex,9,random_forest,839,82,4,0,0,0.023333333333333334
development_oof,without_liphex,9,random_forest,844,276,4,0,0,0.19666666666666666
development_oof,without_liphex,9,random_forest,855,270,4,0,0,0.19666666666666666
development_oof,without_liphex,9,random_forest,865,263,4,0,0,0.3333333333333333
development_oof,without_liphex,9,random_forest,867,60,4,0,1,0.6566666666666666
development_oof,without_liphex,9,random_forest,885,256,4,0,0,0.2733333333333333
development_oof,without_liphex,9,random_forest,888,254,4,1,0,0.15333333333333332
development_oof,without_liphex,9,random_forest,891,125,4,0,0,0.16333333333333333
development_oof,without_liphex,9,random_forest,902,122,4,1,1,0.5633333333333334
development_oof,without_liphex,9,random_forest,907,246,4,0,0,0.19666666666666666
development_oof,without_liphex,9,random_forest,918,242,4,0,0,0.11
development_oof,without_liphex,9,random_forest,931,234,4,0,0,0.0033333333333333335
development_oof,without_liphex,9,random_forest,949,224,4,0,0,0.1
development_oof,without_liphex,9,random_forest,954,4,4,1,1,0.7133333333333334
development_oof,without_liphex,9,random_forest,968,214,4,1,0,0.27666666666666667
development_oof,without_liphex,9,random_forest,980,207,4,0,0,0.16333333333333333
development_oof,without_liphex,9,random_forest,981,206,4,0,0,0.17
development_oof,without_liphex,9,random_forest,984,204,4,1,0,0.11666666666666667
development_oof,without_liphex,9,random_forest,991,0,4,0,0,0.31333333333333335
development_oof,without_liphex,9,random_forest,993,69,4,0,0,0.16333333333333333
development_oof,without_liphex,9,random_forest,995,112,4,0,0,0.09333333333333334
development_oof,without_liphex,9,random_forest,1016,190,4,1,0,0.09
development_oof,without_liphex,9,random_forest,1024,4,4,1,0,0.43333333333333335
development_oof,without_liphex,9,random_forest,1031,181,4,0,1,0.5833333333333334
development_oof,without_liphex,9,random_forest,1033,179,4,0,0,0.13333333333333333
development_oof,without_liphex,9,random_forest,5,31,5,1,1,0.9426412184537039
development_oof,without_liphex,9,random_forest,6,61,5,0,0,0.036740798978773095
development_oof,without_liphex,9,random_forest,15,458,5,1,1,0.8542890017185577
development_oof,without_liphex,9,random_forest,23,11,5,0,1,0.5685476901760543
development_oof,without_liphex,9,random_forest,26,11,5,0,0,0.25728902814499466
development_oof,without_liphex,9,random_forest,41,451,5,0,0,0.20865316176802529
development_oof,without_liphex,9,random_forest,46,18,5,0,1,0.9581971047431497
development_oof,without_liphex,9,random_forest,49,11,5,0,0,0.17019992052965477
development_oof,without_liphex,9,random_forest,52,448,5,0,0,0.15288617611006453
development_oof,without_liphex,9,random_forest,57,61,5,0,0,0.05011973560898243
development_oof,without_liphex,9,random_forest,58,11,5,0,0,0.17403334797819242
development_oof,without_liphex,9,random_forest,59,11,5,0,0,0.4949132875393829
development_oof,without_liphex,9,random_forest,76,11,5,0,1,0.7015776601334733
development_oof,without_liphex,9,random_forest,79,175,5,1,0,0.3635545920027452
development_oof,without_liphex,9,random_forest,85,17,5,1,1,0.8882753053930323
development_oof,without_liphex,9,random_forest,96,18,5,1,1,0.8178386694854515
development_oof,without_liphex,9,random_forest,98,438,5,0,0,0.02568997081015448
development_oof,without_liphex,9,random_forest,100,31,5,1,1,0.9768485498627513
development_oof,without_liphex,9,random_forest,105,437,5,1,0,0.289821233314654
development_oof,without_liphex,9,random_forest,106,18,5,1,1,0.9574902092582471
development_oof,without_liphex,9,random_forest,111,106,5,0,0,0.20034823447581296
development_oof,without_liphex,9,random_forest,116,434,5,0,1,0.560011387409636
development_oof,without_liphex,9,random_forest,130,171,5,0,0,0.32297239839309283
development_oof,without_liphex,9,random_forest,132,18,5,1,1,0.9622344777643486
development_oof,without_liphex,9,random_forest,141,106,5,0,0,0.40904999773558115
development_oof,without_liphex,9,random_forest,149,106,5,0,0,0.14251641655849562
development_oof,without_liphex,9,random_forest,150,55,5,1,1,0.9441826726142767
development_oof,without_liphex,9,random_forest,152,429,5,0,0,0.27164347736472905
development_oof,without_liphex,9,random_forest,161,427,5,0,0,0.4339315167236232
development_oof,without_liphex,9,random_forest,163,18,5,1,1,0.8193344273431059
development_oof,without_liphex,9,random_forest,165,17,5,1,1,0.9619413067228554
development_oof,without_liphex,9,random_forest,167,18,5,1,1,0.9281102288764511
development_oof,without_liphex,9,random_forest,172,423,5,0,1,0.9304842413140746
development_oof,without_liphex,9,random_forest,179,11,5,0,0,0.4790091265067712
development_oof,without_liphex,9,random_forest,182,31,5,1,1,0.9144793606713374
development_oof,without_liphex,9,random_forest,186,18,5,1,1,0.9440075746213504
development_oof,without_liphex,9,random_forest,195,31,5,1,1,0.9633144350750106
development_oof,without_liphex,9,random_forest,208,31,5,1,1,0.9508445163314823
development_oof,without_liphex,9,random_forest,215,61,5,0,0,0.4223153574705085
development_oof,without_liphex,9,random_forest,219,418,5,0,0,0.4095293340827912
development_oof,without_liphex,9,random_forest,223,68,5,0,0,0.22651610116783993
development_oof,without_liphex,9,random_forest,225,55,5,1,1,0.9015739698193047
development_oof,without_liphex,9,random_forest,231,417,5,0,0,0.14157889293126222
development_oof,without_liphex,9,random_forest,233,17,5,1,1,0.9560762438178394
development_oof,without_liphex,9,random_forest,255,410,5,0,0,0.06562079710458313
development_oof,without_liphex,9,random_forest,256,18,5,1,1,0.9398740245328118
development_oof,without_liphex,9,random_forest,259,409,5,0,0,0.16133178862429556
development_oof,without_liphex,9,random_forest,261,25,5,1,0,0.29692237656663245
development_oof,without_liphex,9,random_forest,273,25,5,1,0,0.2181163847468192
development_oof,without_liphex,9,random_forest,276,17,5,1,1,0.8859396606609465
development_oof,without_liphex,9,random_forest,297,163,5,0,1,0.5409935800959126
development_oof,without_liphex,9,random_forest,298,405,5,0,0,0.359433478826296
development_oof,without_liphex,9,random_forest,316,100,5,0,0,0.3118915567199459
development_oof,without_liphex,9,random_forest,319,163,5,0,0,0.14454894616549419
development_oof,without_liphex,9,random_forest,326,157,5,1,1,0.9380984668600544
development_oof,without_liphex,9,random_forest,330,76,5,1,0,0.4572903643760469
development_oof,without_liphex,9,random_forest,334,394,5,0,0,0.20550178134644295
development_oof,without_liphex,9,random_forest,336,55,5,1,1,0.9155074688954251
development_oof,without_liphex,9,random_forest,338,17,5,1,1,0.8805045912031971
development_oof,without_liphex,9,random_forest,339,11,5,0,1,0.6172354740028683
development_oof,without_liphex,9,random_forest,340,393,5,0,0,0.04936856329682434
development_oof,without_liphex,9,random_forest,343,17,5,1,1,0.9447947460806718
development_oof,without_liphex,9,random_forest,347,17,5,1,1,0.9052406145586309
development_oof,without_liphex,9,random_forest,351,100,5,1,0,0.36400314087678365
development_oof,without_liphex,9,random_forest,357,37,5,1,1,0.8288230839820679
development_oof,without_liphex,9,random_forest,364,25,5,1,0,0.4378783217803729
development_oof,without_liphex,9,random_forest,372,17,5,1,1,0.9031811791475438
development_oof,without_liphex,9,random_forest,377,386,5,0,0,0.06270983338433093
development_oof,without_liphex,9,random_forest,381,76,5,0,0,0.3369903584237247
development_oof,without_liphex,9,random_forest,397,11,5,0,0,0.33683339911481036
development_oof,without_liphex,9,random_forest,402,380,5,0,0,0.2848554226739267
development_oof,without_liphex,9,random_forest,435,374,5,0,0,0.08103472180933913
development_oof,without_liphex,9,random_forest,436,25,5,1,0,0.30486765555400647
development_oof,without_liphex,9,random_forest,458,18,5,0,1,0.7887833918432083
development_oof,without_liphex,9,random_forest,459,25,5,1,0,0.3170133143791769
development_oof,without_liphex,9,random_forest,468,370,5,0,0,0.19753085395186212
development_oof,without_liphex,9,random_forest,479,368,5,0,0,0.2472958179427242
development_oof,without_liphex,9,random_forest,486,157,5,0,0,0.4294109134036667
development_oof,without_liphex,9,random_forest,494,94,5,0,0,0.2770204036434244
development_oof,without_liphex,9,random_forest,533,71,5,0,0,0.44611543566669876
development_oof,without_liphex,9,random_forest,536,71,5,0,0,0.47166965782116327
development_oof,without_liphex,9,random_forest,549,355,5,0,0,0.45173614591717287
development_oof,without_liphex,9,random_forest,555,352,5,1,1,0.8676835087407574
development_oof,without_liphex,9,random_forest,557,66,5,0,0,0.3643031270954974
development_oof,without_liphex,9,random_forest,563,71,5,0,0,0.34692966786719626
development_oof,without_liphex,9,random_forest,575,115,5,0,0,0.1601744750460425
development_oof,without_liphex,9,random_forest,579,114,5,1,0,0.30629322829694183
development_oof,without_liphex,9,random_forest,585,31,5,1,1,0.9540651305907829
development_oof,without_liphex,9,random_forest,587,345,5,0,1,0.8663590772291828
development_oof,without_liphex,9,random_forest,601,339,5,0,0,0.4254266968329761
development_oof,without_liphex,9,random_forest,612,87,5,0,0,0.07040162889666583
development_oof,without_liphex,9,random_forest,620,68,5,0,0,0.09506212684818846
development_oof,without_liphex,9,random_forest,634,17,5,1,1,0.924390296343505
development_oof,without_liphex,9,random_forest,635,68,5,1,0,0.37877459023334453
development_oof,without_liphex,9,random_forest,640,146,5,0,0,0.10607353424719203
development_oof,without_liphex,9,random_forest,641,66,5,0,0,0.12402072434501483
development_oof,without_liphex,9,random_forest,643,330,5,0,0,0.15699167404672454
development_oof,without_liphex,9,random_forest,645,146,5,0,0,0.1306694293829391
development_oof,without_liphex,9,random_forest,656,326,5,0,0,0.49817380884292495
development_oof,without_liphex,9,random_forest,664,116,5,0,0,0.15479718049245214
development_oof,without_liphex,9,random_forest,675,71,5,0,1,0.545202857775508
development_oof,without_liphex,9,random_forest,682,317,5,0,0,0.08877989906300121
development_oof,without_liphex,9,random_forest,688,143,5,0,0,0.059269237184152945
development_oof,without_liphex,9,random_forest,698,314,5,0,0,0.24509335935175613
development_oof,without_liphex,9,random_forest,711,45,5,0,0,0.1529975576153865
development_oof,without_liphex,9,random_forest,723,25,5,0,0,0.26772785354069506
development_oof,without_liphex,9,random_forest,725,45,5,1,0,0.41764174659656467
development_oof,without_liphex,9,random_forest,726,31,5,1,1,0.955942387573023
development_oof,without_liphex,9,random_forest,732,45,5,0,1,0.5785395436965505
development_oof,without_liphex,9,random_forest,736,137,5,0,0,0.49489660057626833
development_oof,without_liphex,9,random_forest,741,306,5,0,0,0.3989144673166632
development_oof,without_liphex,9,random_forest,744,87,5,0,0,0.08836004404194679
development_oof,without_liphex,9,random_forest,749,11,5,0,0,0.08320862361510364
development_oof,without_liphex,9,random_forest,799,45,5,0,1,0.5827815489961676
development_oof,without_liphex,9,random_forest,802,131,5,0,0,0.23474223620652376
development_oof,without_liphex,9,random_forest,816,284,5,0,0,0.3146665379257154
development_oof,without_liphex,9,random_forest,837,278,5,0,0,0.24129011609734183
development_oof,without_liphex,9,random_forest,845,11,5,0,0,0.09188655359130925
development_oof,without_liphex,9,random_forest,857,268,5,0,0,0.1101742886763937
development_oof,without_liphex,9,random_forest,858,61,5,0,0,0.4223153574705085
development_oof,without_liphex,9,random_forest,860,266,5,0,0,0.19892837350449752
development_oof,without_liphex,9,random_forest,870,260,5,0,0,0.3033629958420259
development_oof,without_liphex,9,random_forest,900,249,5,0,0,0.3092832206992913
development_oof,without_liphex,9,random_forest,906,247,5,0,0,0.1631596485365124
development_oof,without_liphex,9,random_forest,915,25,5,1,0,0.22678317746258977
development_oof,without_liphex,9,random_forest,926,238,5,1,0,0.38561204669994786
development_oof,without_liphex,9,random_forest,939,229,5,1,0,0.29925466210372914
development_oof,without_liphex,9,random_forest,948,225,5,1,0,0.4104484305256132
development_oof,without_liphex,9,random_forest,958,220,5,0,0,0.3577498122263259
development_oof,without_liphex,9,random_forest,960,116,5,0,0,0.17767596548085765
development_oof,without_liphex,9,random_forest,969,115,5,0,0,0.24623720202657073
development_oof,without_liphex,9,random_forest,971,212,5,1,1,0.798291189688251
development_oof,without_liphex,9,random_forest,972,211,5,0,0,0.0710803769475111
development_oof,without_liphex,9,random_forest,974,45,5,0,0,0.42221784588944467
development_oof,without_liphex,9,random_forest,975,66,5,0,0,0.21744620951721566
development_oof,without_liphex,9,random_forest,979,114,5,0,0,0.17371688675869204
development_oof,without_liphex,9,random_forest,990,201,5,0,0,0.2098449173013109
development_oof,without_liphex,9,random_forest,1008,76,5,0,0,0.34707316377388814
development_oof,without_liphex,9,random_forest,1010,194,5,0,1,0.5944889073948111
development_oof,without_liphex,9,random_forest,1015,191,5,1,0,0.3652704243822347
development_oof,without_liphex,9,random_forest,1027,185,5,1,1,0.5898422880247836
development_oof,without_liphex,9,random_forest,1032,180,5,0,0,0.4567453509165235
development_oof,without_partition_pair,8,logistic,3,108,1,0,0,0.22052769149796225
development_oof,without_partition_pair,8,logistic,13,109,1,1,1,0.9118968894326269
development_oof,without_partition_pair,8,logistic,22,456,1,0,0,0.4194576351101413
development_oof,without_partition_pair,8,logistic,24,455,1,0,0,0.32902302001550626
development_oof,without_partition_pair,8,logistic,25,12,1,1,0,0.2898082829268501
development_oof,without_partition_pair,8,logistic,35,108,1,0,0,0.29774017970421374
development_oof,without_partition_pair,8,logistic,43,6,1,0,0,0.367203231222255
development_oof,without_partition_pair,8,logistic,53,447,1,0,0,0.3856747019153732
development_oof,without_partition_pair,8,logistic,65,168,1,1,1,0.9316548195953488
development_oof,without_partition_pair,8,logistic,68,445,1,1,0,0.3575277208204573
development_oof,without_partition_pair,8,logistic,70,166,1,0,0,0.25012519600320615
development_oof,without_partition_pair,8,logistic,72,12,1,1,0,0.28110211597900264
development_oof,without_partition_pair,8,logistic,75,108,1,0,0,0.25705761892472084
development_oof,without_partition_pair,8,logistic,88,12,1,0,0,0.26139655508793164
development_oof,without_partition_pair,8,logistic,89,6,1,0,0,0.3835481382522872
development_oof,without_partition_pair,8,logistic,110,41,1,0,0,0.20587675560726548
development_oof,without_partition_pair,8,logistic,129,58,1,1,1,0.83584909314405
development_oof,without_partition_pair,8,logistic,133,432,1,1,1,0.9603501341470658
development_oof,without_partition_pair,8,logistic,144,41,1,0,0,0.30736411734533736
development_oof,without_partition_pair,8,logistic,153,41,1,0,0,0.38578412670017137
development_oof,without_partition_pair,8,logistic,155,41,1,0,0,0.2479498876154428
development_oof,without_partition_pair,8,logistic,168,424,1,0,0,0.37067315373388104
development_oof,without_partition_pair,8,logistic,171,41,1,1,0,0.38689373979456965
development_oof,without_partition_pair,8,logistic,197,168,1,1,1,0.9353009021081783
development_oof,without_partition_pair,8,logistic,205,41,1,0,0,0.3892623362563396
development_oof,without_partition_pair,8,logistic,209,420,1,1,1,0.9371940905455255
development_oof,without_partition_pair,8,logistic,232,6,1,0,0,0.38341416594005323
development_oof,without_partition_pair,8,logistic,237,117,1,0,0,0.4203571143291541
development_oof,without_partition_pair,8,logistic,243,414,1,0,0,0.3138255247938122
development_oof,without_partition_pair,8,logistic,250,166,1,0,0,0.1678210931130791
development_oof,without_partition_pair,8,logistic,270,12,1,1,0,0.32477726400074985
development_oof,without_partition_pair,8,logistic,272,19,1,0,0,0.21240025695178705
development_oof,without_partition_pair,8,logistic,282,406,1,1,1,0.930672835935197
development_oof,without_partition_pair,8,logistic,289,6,1,0,0,0.38461157652148564
development_oof,without_partition_pair,8,logistic,303,12,1,1,0,0.2735133095775931
development_oof,without_partition_pair,8,logistic,305,402,1,0,0,0.38658901615383057
development_oof,without_partition_pair,8,logistic,306,101,1,1,0,0.3912771873615939
development_oof,without_partition_pair,8,logistic,307,12,1,1,0,0.2977705213898678
development_oof,without_partition_pair,8,logistic,314,398,1,0,0,0.3353805532518983
development_oof,without_partition_pair,8,logistic,318,127,1,1,0,0.052138640663346565
development_oof,without_partition_pair,8,logistic,328,395,1,1,0,0.39079971213875137
development_oof,without_partition_pair,8,logistic,345,73,1,0,1,0.9253994995771919
development_oof,without_partition_pair,8,logistic,346,12,1,1,0,0.3093532471392594
development_oof,without_partition_pair,8,logistic,350,12,1,0,0,0.37963306973555905
development_oof,without_partition_pair,8,logistic,362,36,1,0,0,0.29695999796429945
development_oof,without_partition_pair,8,logistic,366,79,1,1,0,0.3599195806364937
development_oof,without_partition_pair,8,logistic,367,79,1,1,0,0.39069258839027765
development_oof,without_partition_pair,8,logistic,368,387,1,0,0,0.3921975298321144
development_oof,without_partition_pair,8,logistic,383,12,1,1,0,0.2839108059573192
development_oof,without_partition_pair,8,logistic,390,381,1,0,0,0.27169705739752054
development_oof,without_partition_pair,8,logistic,411,6,1,0,0,0.3800605747576842
development_oof,without_partition_pair,8,logistic,415,12,1,1,0,0.2920475295147968
development_oof,without_partition_pair,8,logistic,418,6,1,0,0,0.3983544901508092
development_oof,without_partition_pair,8,logistic,427,6,1,0,0,0.39119380122429215
development_oof,without_partition_pair,8,logistic,432,375,1,0,0,0.47213474635043823
development_oof,without_partition_pair,8,logistic,433,58,1,1,1,0.6889973151155754
development_oof,without_partition_pair,8,logistic,445,95,1,0,0,0.428046616706699
development_oof,without_partition_pair,8,logistic,452,73,1,1,1,0.9365914105757923
development_oof,without_partition_pair,8,logistic,467,6,1,0,0,0.43764408485913686
development_oof,without_partition_pair,8,logistic,476,95,1,0,0,0.3960382030560757
development_oof,without_partition_pair,8,logistic,478,6,1,0,0,0.39551069848324927
development_oof,without_partition_pair,8,logistic,488,26,1,1,0,0.3001878454709685
development_oof,without_partition_pair,8,logistic,507,26,1,0,0,0.2798681578909128
development_oof,without_partition_pair,8,logistic,509,362,1,0,0,0.306068734010343
development_oof,without_partition_pair,8,logistic,512,361,1,0,0,0.3531255250255025
development_oof,without_partition_pair,8,logistic,521,26,1,0,0,0.28507422381706876
development_oof,without_partition_pair,8,logistic,530,358,1,1,0,0.3532024619484721
development_oof,without_partition_pair,8,logistic,531,6,1,0,0,0.3831926384245671
development_oof,without_partition_pair,8,logistic,532,26,1,0,0,0.37125455490770465
development_oof,without_partition_pair,8,logistic,534,26,1,0,0,0.2746933116665292
development_oof,without_partition_pair,8,logistic,552,6,1,0,0,0.4061023566077667
development_oof,without_partition_pair,8,logistic,564,47,1,1,0,0.29012110336201313
development_oof,without_partition_pair,8,logistic,573,350,1,0,1,0.5338465916815062
development_oof,without_partition_pair,8,logistic,576,349,1,0,0,0.4342132036993184
development_oof,without_partition_pair,8,logistic,578,26,1,0,0,0.27944811286404325
development_oof,without_partition_pair,8,logistic,590,152,1,0,0,0.0985737025333115
development_oof,without_partition_pair,8,logistic,591,343,1,0,0,0.4892141744292163
development_oof,without_partition_pair,8,logistic,630,67,1,0,0,0.4736070379412237
development_oof,without_partition_pair,8,logistic,637,47,1,1,0,0.28774635365527784
development_oof,without_partition_pair,8,logistic,639,332,1,0,1,0.5089774301248929
development_oof,without_partition_pair,8,logistic,642,331,1,0,0,0.4634338007975974
development_oof,without_partition_pair,8,logistic,644,47,1,1,0,0.30342709848059
development_oof,without_partition_pair,8,logistic,650,88,1,0,0,0.3376248732650815
development_oof,without_partition_pair,8,logistic,651,67,1,0,0,0.4726812516045753
development_oof,without_partition_pair,8,logistic,654,327,1,0,1,0.5516326906402075
development_oof,without_partition_pair,8,logistic,673,320,1,0,0,0.35728580601821813
development_oof,without_partition_pair,8,logistic,676,6,1,0,0,0.4018947633198026
development_oof,without_partition_pair,8,logistic,679,6,1,0,0,0.39420698300049417
development_oof,without_partition_pair,8,logistic,680,145,1,0,0,0.4209699515543219
development_oof,without_partition_pair,8,logistic,695,47,1,1,0,0.2477031501224363
development_oof,without_partition_pair,8,logistic,708,310,1,0,1,0.6228782948918294
development_oof,without_partition_pair,8,logistic,709,88,1,0,0,0.30644857672409687
development_oof,without_partition_pair,8,logistic,713,139,1,0,0,0.2759962881926979
development_oof,without_partition_pair,8,logistic,721,139,1,1,0,0.20949352625954532
development_oof,without_partition_pair,8,logistic,722,307,1,0,0,0.4184329908502125
development_oof,without_partition_pair,8,logistic,727,32,1,0,0,0.4531334960740429
development_oof,without_partition_pair,8,logistic,734,12,1,1,0,0.2943208736850529
development_oof,without_partition_pair,8,logistic,748,64,1,0,0,0.49776135306900016
development_oof,without_partition_pair,8,logistic,763,301,1,0,0,0.3382717517746618
development_oof,without_partition_pair,8,logistic,771,43,1,0,0,0.4339761482663464
development_oof,without_partition_pair,8,logistic,773,58,1,1,1,0.834934691211437
development_oof,without_partition_pair,8,logistic,775,134,1,0,1,0.9307346193043381
development_oof,without_partition_pair,8,logistic,779,43,1,0,0,0.47103306515167515
development_oof,without_partition_pair,8,logistic,782,43,1,0,0,0.42666324760136876
development_oof,without_partition_pair,8,logistic,783,296,1,0,1,0.5458503086187749
development_oof,without_partition_pair,8,logistic,784,43,1,1,0,0.37781117264451897
development_oof,without_partition_pair,8,logistic,788,295,1,1,1,0.5477492767740378
development_oof,without_partition_pair,8,logistic,795,110,1,1,1,0.8489450788801529
development_oof,without_partition_pair,8,logistic,797,43,1,0,0,0.49573861065457375
development_oof,without_partition_pair,8,logistic,812,285,1,0,1,0.5708178109722706
development_oof,without_partition_pair,8,logistic,814,88,1,0,0,0.3491839553324222
development_oof,without_partition_pair,8,logistic,836,279,1,1,0,0.14372075945533824
development_oof,without_partition_pair,8,logistic,853,272,1,0,0,0.3388512737069459
development_oof,without_partition_pair,8,logistic,868,261,1,0,0,0.3856747019153732
development_oof,without_partition_pair,8,logistic,886,255,1,0,0,0.22982867002927496
development_oof,without_partition_pair,8,logistic,889,127,1,0,0,0.0673395724413693
development_oof,without_partition_pair,8,logistic,892,26,1,0,0,0.2601801328107035
development_oof,without_partition_pair,8,logistic,903,248,1,0,0,0.20082523747067743
development_oof,without_partition_pair,8,logistic,909,245,1,0,0,0.37608262405571996
development_oof,without_partition_pair,8,logistic,912,19,1,0,0,0.20745062440123194
development_oof,without_partition_pair,8,logistic,924,239,1,0,0,0.31609322514004445
development_oof,without_partition_pair,8,logistic,929,67,1,0,0,0.4843820400494155
development_oof,without_partition_pair,8,logistic,937,230,1,0,0,0.3900296053950599
development_oof,without_partition_pair,8,logistic,938,79,1,0,0,0.37106721583086966
development_oof,without_partition_pair,8,logistic,944,58,1,1,1,0.6888383500959915
development_oof,without_partition_pair,8,logistic,956,222,1,0,1,0.5186867662560154
development_oof,without_partition_pair,8,logistic,959,117,1,0,0,0.3766961295879003
development_oof,without_partition_pair,8,logistic,961,219,1,0,0,0.4560339396883798
development_oof,without_partition_pair,8,logistic,970,213,1,0,0,0.3713773060998231
development_oof,without_partition_pair,8,logistic,983,205,1,1,0,0.3476133359970308
development_oof,without_partition_pair,8,logistic,989,47,1,0,0,0.38240877171136745
development_oof,without_partition_pair,8,logistic,992,200,1,0,0,0.2580760478727576
development_oof,without_partition_pair,8,logistic,997,6,1,0,0,0.4320462723786803
development_oof,without_partition_pair,8,logistic,1007,195,1,0,0,0.45660784530765025
development_oof,without_partition_pair,8,logistic,1011,110,1,1,1,0.8550908134282742
development_oof,without_partition_pair,8,logistic,1023,187,1,0,1,0.660740498675641
development_oof,without_partition_pair,8,logistic,1034,178,1,0,0,0.07645483374838921
development_oof,without_partition_pair,8,logistic,2,460,2,0,0,0.3480931992005868
development_oof,without_partition_pair,8,logistic,8,107,2,0,0,0.4115695056219261
development_oof,without_partition_pair,8,logistic,18,56,2,1,1,0.9211832970580486
development_oof,without_partition_pair,8,logistic,33,452,2,0,0,0.3321858242746359
development_oof,without_partition_pair,8,logistic,34,23,2,0,0,0.36919916109955025
development_oof,without_partition_pair,8,logistic,37,177,2,0,0,0.3988978306531129
development_oof,without_partition_pair,8,logistic,50,40,2,1,1,0.9963624224506781
development_oof,without_partition_pair,8,logistic,51,75,2,1,0,0.39490516840842643
development_oof,without_partition_pair,8,logistic,55,107,2,0,0,0.397388133723325
development_oof,without_partition_pair,8,logistic,67,446,2,0,0,0.3347251841999117
development_oof,without_partition_pair,8,logistic,81,441,2,0,0,0.4049965865518337
development_oof,without_partition_pair,8,logistic,97,30,2,1,0,0.3497575341175657
development_oof,without_partition_pair,8,logistic,108,436,2,0,0,0.2999134374589741
development_oof,without_partition_pair,8,logistic,114,173,2,0,0,0.2773994829548379
development_oof,without_partition_pair,8,logistic,115,2,2,1,0,0.3573911078042287
development_oof,without_partition_pair,8,logistic,118,172,2,0,0,0.26190726888595733
development_oof,without_partition_pair,8,logistic,140,40,2,0,1,0.9248750902913859
development_oof,without_partition_pair,8,logistic,166,425,2,0,0,0.22635962917311692
development_oof,without_partition_pair,8,logistic,177,40,2,1,1,0.9181520054708628
development_oof,without_partition_pair,8,logistic,216,167,2,1,0,0.3838999882902996
development_oof,without_partition_pair,8,logistic,229,30,2,1,0,0.3693299020988636
development_oof,without_partition_pair,8,logistic,235,30,2,1,0,0.3501415607216506
development_oof,without_partition_pair,8,logistic,240,167,2,1,0,0.35810317564029587
development_oof,without_partition_pair,8,logistic,241,23,2,0,0,0.3690516824395155
development_oof,without_partition_pair,8,logistic,246,56,2,1,1,0.9304890357996325
development_oof,without_partition_pair,8,logistic,249,124,2,0,1,0.5416899695231561
development_oof,without_partition_pair,8,logistic,251,30,2,1,0,0.334099636169647
development_oof,without_partition_pair,8,logistic,253,412,2,0,0,0.37090022061467226
development_oof,without_partition_pair,8,logistic,254,411,2,1,1,0.663171319083384
development_oof,without_partition_pair,8,logistic,262,98,2,1,1,0.9492902823366749
development_oof,without_partition_pair,8,logistic,265,75,2,0,1,0.5304037389570749
development_oof,without_partition_pair,8,logistic,275,56,2,1,1,0.9184033016032505
development_oof,without_partition_pair,8,logistic,281,30,2,1,0,0.35619446639176944
development_oof,without_partition_pair,8,logistic,283,56,2,1,1,0.9329553727975853
development_oof,without_partition_pair,8,logistic,291,98,2,1,1,0.9551097371392676
development_oof,without_partition_pair,8,logistic,301,403,2,0,0,0.2649450401317385
development_oof,without_partition_pair,8,logistic,325,396,2,0,0,0.3792523704572592
development_oof,without_partition_pair,8,logistic,344,23,2,1,0,0.3398521373756112
development_oof,without_partition_pair,8,logistic,359,23,2,0,0,0.38617736712477047
development_oof,without_partition_pair,8,logistic,365,388,2,0,0,0.3602122548627363
development_oof,without_partition_pair,8,logistic,378,23,2,0,0,0.38174195580380554
development_oof,without_partition_pair,8,logistic,389,382,2,0,0,0.30852279784895015
development_oof,without_partition_pair,8,logistic,408,98,2,1,1,0.9511821312475559
development_oof,without_partition_pair,8,logistic,413,62,2,1,0,0.3666623111634538
development_oof,without_partition_pair,8,logistic,425,23,2,0,0,0.3573042624188899
development_oof,without_partition_pair,8,logistic,426,377,2,0,1,0.7726547454863222
development_oof,without_partition_pair,8,logistic,439,156,2,1,0,0.46476091106502565
development_oof,without_partition_pair,8,logistic,461,371,2,1,1,0.6094719280768304
development_oof,without_partition_pair,8,logistic,487,156,2,0,0,0.49212104973797854
development_oof,without_partition_pair,8,logistic,505,81,2,1,0,0.47251133196801287
development_oof,without_partition_pair,8,logistic,514,360,2,1,1,0.612951366851688
development_oof,without_partition_pair,8,logistic,515,150,2,0,0,0.3416961205812203
development_oof,without_partition_pair,8,logistic,523,2,2,1,0,0.29523030637742903
development_oof,without_partition_pair,8,logistic,526,23,2,0,0,0.4275585725237927
development_oof,without_partition_pair,8,logistic,541,113,2,0,0,0.42794958416236206
development_oof,without_partition_pair,8,logistic,551,353,2,0,0,0.3290023153361835
development_oof,without_partition_pair,8,logistic,584,46,2,0,0,0.3583426849558439
development_oof,without_partition_pair,8,logistic,586,346,2,0,1,0.7056492788786702
development_oof,without_partition_pair,8,logistic,589,153,2,1,1,0.9356027158868774
development_oof,without_partition_pair,8,logistic,593,90,2,0,0,0.39349901291749334
development_oof,without_partition_pair,8,logistic,598,90,2,0,0,0.44202620159986966
development_oof,without_partition_pair,8,logistic,599,340,2,0,0,0.44579035226865366
development_oof,without_partition_pair,8,logistic,603,40,2,1,1,0.9307802081631196
development_oof,without_partition_pair,8,logistic,609,7,2,0,0,0.4202019657293556
development_oof,without_partition_pair,8,logistic,623,150,2,0,0,0.3342066687609285
development_oof,without_partition_pair,8,logistic,624,149,2,1,0,0.4129378229528401
development_oof,without_partition_pair,8,logistic,636,334,2,1,0,0.35866292053773047
development_oof,without_partition_pair,8,logistic,661,90,2,0,0,0.39491738706534146
development_oof,without_partition_pair,8,logistic,670,322,2,0,1,0.5146459913938464
development_oof,without_partition_pair,8,logistic,677,319,2,0,0,0.37904753819176057
development_oof,without_partition_pair,8,logistic,707,311,2,0,0,0.36565130335324053
development_oof,without_partition_pair,8,logistic,710,75,2,1,0,0.3243845298630143
development_oof,without_partition_pair,8,logistic,716,309,2,0,0,0.437596410192788
development_oof,without_partition_pair,8,logistic,762,302,2,0,1,0.5029590253889054
development_oof,without_partition_pair,8,logistic,766,130,2,0,1,0.5098302254885954
development_oof,without_partition_pair,8,logistic,777,297,2,0,0,0.3156513231671438
development_oof,without_partition_pair,8,logistic,790,62,2,1,0,0.41908454665680156
development_oof,without_partition_pair,8,logistic,791,294,2,0,0,0.3309744564406798
development_oof,without_partition_pair,8,logistic,793,292,2,1,0,0.38812789884055554
development_oof,without_partition_pair,8,logistic,810,286,2,0,0,0.3602995857841542
development_oof,without_partition_pair,8,logistic,819,130,2,1,0,0.49069850352215033
development_oof,without_partition_pair,8,logistic,825,83,2,0,0,0.42521454506843626
development_oof,without_partition_pair,8,logistic,831,281,2,0,0,0.3541995072399331
development_oof,without_partition_pair,8,logistic,842,277,2,0,1,0.5746119305495077
development_oof,without_partition_pair,8,logistic,850,273,2,0,0,0.2662865107257813
development_oof,without_partition_pair,8,logistic,859,267,2,0,0,0.38110607447121786
development_oof,without_partition_pair,8,logistic,863,81,2,1,0,0.4436922089629126
development_oof,without_partition_pair,8,logistic,884,257,2,0,0,0.4356576936129757
development_oof,without_partition_pair,8,logistic,895,124,2,0,1,0.5240869084164156
development_oof,without_partition_pair,8,logistic,896,251,2,0,0,0.2541723562361644
development_oof,without_partition_pair,8,logistic,914,56,2,1,1,0.9261496670492297
development_oof,without_partition_pair,8,logistic,922,240,2,0,0,0.3173686738147432
development_oof,without_partition_pair,8,logistic,923,23,2,0,0,0.30424180678618246
development_oof,without_partition_pair,8,logistic,933,232,2,0,0,0.3504803546053803
development_oof,without_partition_pair,8,logistic,947,226,2,0,0,0.41843290308365505
development_oof,without_partition_pair,8,logistic,951,223,2,0,0,0.37987361553629645
development_oof,without_partition_pair,8,logistic,953,119,2,0,0,0.35937600347145515
development_oof,without_partition_pair,8,logistic,965,216,2,0,0,0.4465751114409986
development_oof,without_partition_pair,8,logistic,976,209,2,0,0,0.3342496057101437
development_oof,without_partition_pair,8,logistic,986,113,2,0,0,0.383580866742455
development_oof,without_partition_pair,8,logistic,1001,107,2,0,1,0.5180779678019551
development_oof,without_partition_pair,8,logistic,1005,196,2,0,0,0.44615710629094935
development_oof,without_partition_pair,8,logistic,1020,188,2,0,1,0.7378972233861721
development_oof,without_partition_pair,8,logistic,1026,186,2,1,0,0.4994694102154495
development_oof,without_partition_pair,8,logistic,1030,182,2,0,0,0.4054697729436858
development_oof,without_partition_pair,8,logistic,20,3,3,0,0,0.373894577396359
development_oof,without_partition_pair,8,logistic,29,453,3,0,0,0.44456920006526807
development_oof,without_partition_pair,8,logistic,31,3,3,0,0,0.37389365135284963
development_oof,without_partition_pair,8,logistic,36,80,3,0,0,0.4620883447605571
development_oof,without_partition_pair,8,logistic,39,42,3,0,0,0.3343242901113175
development_oof,without_partition_pair,8,logistic,42,3,3,0,0,0.3773286633963584
development_oof,without_partition_pair,8,logistic,78,443,3,1,1,0.951297924950598
development_oof,without_partition_pair,8,logistic,87,439,3,0,0,0.30306389466533307
development_oof,without_partition_pair,8,logistic,92,27,3,1,0,0.34535594150830545
development_oof,without_partition_pair,8,logistic,93,165,3,0,0,0.43213059768366113
development_oof,without_partition_pair,8,logistic,101,27,3,0,0,0.38405640852946993
development_oof,without_partition_pair,8,logistic,125,111,3,0,0,0.42445381335346266
development_oof,without_partition_pair,8,logistic,145,430,3,0,1,0.5245072569798384
development_oof,without_partition_pair,8,logistic,146,59,3,1,1,0.6000559921759734
development_oof,without_partition_pair,8,logistic,147,16,3,0,0,0.38887645830590173
development_oof,without_partition_pair,8,logistic,148,59,3,1,1,0.6183095653623529
development_oof,without_partition_pair,8,logistic,154,59,3,1,1,0.6323868355978207
development_oof,without_partition_pair,8,logistic,158,428,3,0,0,0.3739864851828275
development_oof,without_partition_pair,8,logistic,173,52,3,0,0,0.36716364868298995
development_oof,without_partition_pair,8,logistic,175,38,3,1,1,0.9466760429398986
development_oof,without_partition_pair,8,logistic,176,3,3,0,0,0.3531348229956011
development_oof,without_partition_pair,8,logistic,192,8,3,0,0,0.239390491712269
development_oof,without_partition_pair,8,logistic,196,8,3,0,0,0.27062059754293905
development_oof,without_partition_pair,8,logistic,202,421,3,0,0,0.38542909883465426
development_oof,without_partition_pair,8,logistic,211,8,3,0,0,0.26129070500297114
development_oof,without_partition_pair,8,logistic,217,8,3,0,0,0.2465756125317858
development_oof,without_partition_pair,8,logistic,218,8,3,0,0,0.25444492428962856
development_oof,without_partition_pair,8,logistic,220,8,3,0,0,0.26248464719581993
development_oof,without_partition_pair,8,logistic,226,8,3,0,0,0.28870646010514456
development_oof,without_partition_pair,8,logistic,227,38,3,1,1,0.9357687836964077
development_oof,without_partition_pair,8,logistic,230,121,3,1,1,0.6822518355567911
development_oof,without_partition_pair,8,logistic,238,415,3,0,0,0.1886443509850102
development_oof,without_partition_pair,8,logistic,239,3,3,0,0,0.38982080361102
development_oof,without_partition_pair,8,logistic,242,52,3,1,1,0.9486735666988746
development_oof,without_partition_pair,8,logistic,252,3,3,0,0,0.349748275117633
development_oof,without_partition_pair,8,logistic,257,80,3,0,1,0.5158591691731699
development_oof,without_partition_pair,8,logistic,266,103,3,1,1,0.9537232769595343
development_oof,without_partition_pair,8,logistic,268,8,3,0,0,0.29076390433945426
development_oof,without_partition_pair,8,logistic,271,165,3,0,0,0.3580171798837868
development_oof,without_partition_pair,8,logistic,278,407,3,0,0,0.4432785325866628
development_oof,without_partition_pair,8,logistic,279,3,3,0,0,0.45006262189649593
development_oof,without_partition_pair,8,logistic,284,38,3,1,1,0.9364223856469794
development_oof,without_partition_pair,8,logistic,285,3,3,0,0,0.3427643980300841
development_oof,without_partition_pair,8,logistic,286,3,3,0,0,0.424195173632561
development_oof,without_partition_pair,8,logistic,287,158,3,0,0,0.3998935531954558
development_oof,without_partition_pair,8,logistic,290,164,3,1,1,0.9463869004575801
development_oof,without_partition_pair,8,logistic,300,404,3,1,1,0.9454809573208712
development_oof,without_partition_pair,8,logistic,309,22,3,0,0,0.31391488192187716
development_oof,without_partition_pair,8,logistic,320,38,3,1,1,0.9460423054451687
development_oof,without_partition_pair,8,logistic,321,397,3,0,0,0.30136810170244116
development_oof,without_partition_pair,8,logistic,323,3,3,0,0,0.3701020441251412
development_oof,without_partition_pair,8,logistic,327,3,3,0,0,0.34990701206351194
development_oof,without_partition_pair,8,logistic,332,38,3,1,1,0.9388976094635116
development_oof,without_partition_pair,8,logistic,333,8,3,0,0,0.26397193393616925
development_oof,without_partition_pair,8,logistic,341,135,3,1,1,0.8092100815469384
development_oof,without_partition_pair,8,logistic,348,3,3,0,0,0.373792956622507
development_oof,without_partition_pair,8,logistic,349,22,3,1,0,0.25157103006768095
development_oof,without_partition_pair,8,logistic,353,3,3,1,0,0.334709657582633
development_oof,without_partition_pair,8,logistic,354,391,3,1,0,0.3853960567067014
development_oof,without_partition_pair,8,logistic,356,390,3,0,0,0.4787253085820544
development_oof,without_partition_pair,8,logistic,363,22,3,0,0,0.26780246143380165
development_oof,without_partition_pair,8,logistic,370,8,3,0,0,0.2601753847944836
development_oof,without_partition_pair,8,logistic,387,383,3,1,0,0.36853856118100753
development_oof,without_partition_pair,8,logistic,406,78,3,0,0,0.491321434772535
development_oof,without_partition_pair,8,logistic,412,3,3,0,0,0.3692370942288771
development_oof,without_partition_pair,8,logistic,414,3,3,0,0,0.3800054837686905
development_oof,without_partition_pair,8,logistic,416,378,3,0,0,0.33401428599728894
development_oof,without_partition_pair,8,logistic,417,22,3,0,0,0.3146309369623938
development_oof,without_partition_pair,8,logistic,419,154,3,1,1,0.965419327646745
development_oof,without_partition_pair,8,logistic,421,27,3,0,0,0.3490623153370393
development_oof,without_partition_pair,8,logistic,424,27,3,0,0,0.36661008221305835
development_oof,without_partition_pair,8,logistic,437,158,3,0,0,0.4196415795872257
development_oof,without_partition_pair,8,logistic,438,96,3,1,0,0.3966577723346048
development_oof,without_partition_pair,8,logistic,441,27,3,1,0,0.3792900280285687
development_oof,without_partition_pair,8,logistic,443,372,3,0,0,0.2984315858685928
development_oof,without_partition_pair,8,logistic,448,13,3,0,0,0.37091624061527384
development_oof,without_partition_pair,8,logistic,450,3,3,0,0,0.44060894823494334
development_oof,without_partition_pair,8,logistic,451,3,3,0,0,0.4384580989424518
development_oof,without_partition_pair,8,logistic,456,78,3,0,0,0.48544511884705616
development_oof,without_partition_pair,8,logistic,469,8,3,0,0,0.2616725007265093
development_oof,without_partition_pair,8,logistic,473,22,3,0,0,0.2515569307319664
development_oof,without_partition_pair,8,logistic,483,27,3,0,0,0.4011541122058525
development_oof,without_partition_pair,8,logistic,490,364,3,0,0,0.3704625655982002
development_oof,without_partition_pair,8,logistic,511,129,3,0,0,0.43540645555392543
development_oof,without_partition_pair,8,logistic,522,154,3,1,1,0.9491526861502139
development_oof,without_partition_pair,8,logistic,544,63,3,1,0,0.4727665522028023
development_oof,without_partition_pair,8,logistic,547,77,3,0,0,0.30058379609593777
development_oof,without_partition_pair,8,logistic,550,354,3,0,0,0.41729063005657063
development_oof,without_partition_pair,8,logistic,556,13,3,0,0,0.40721107178835075
development_oof,without_partition_pair,8,logistic,567,13,3,0,0,0.44921344824366183
development_oof,without_partition_pair,8,logistic,580,348,3,1,0,0.4035526493226351
development_oof,without_partition_pair,8,logistic,597,341,3,0,0,0.3214638581161161
development_oof,without_partition_pair,8,logistic,606,337,3,0,0,0.38552798265159666
development_oof,without_partition_pair,8,logistic,628,147,3,0,0,0.34587683678215686
development_oof,without_partition_pair,8,logistic,632,77,3,0,0,0.3169298685171559
development_oof,without_partition_pair,8,logistic,649,89,3,0,0,0.3777737827972996
development_oof,without_partition_pair,8,logistic,652,328,3,0,0,0.4107344842932457
development_oof,without_partition_pair,8,logistic,681,318,3,0,0,0.4570996078540877
development_oof,without_partition_pair,8,logistic,685,33,3,0,0,0.3899912777006875
development_oof,without_partition_pair,8,logistic,686,144,3,1,0,0.3349224523491182
development_oof,without_partition_pair,8,logistic,690,315,3,0,0,0.47849168664649744
development_oof,without_partition_pair,8,logistic,694,33,3,0,0,0.37015729165790573
development_oof,without_partition_pair,8,logistic,696,89,3,0,0,0.4043371708442418
development_oof,without_partition_pair,8,logistic,717,140,3,0,1,0.521444623842511
development_oof,without_partition_pair,8,logistic,718,308,3,0,0,0.22370213610722564
development_oof,without_partition_pair,8,logistic,743,13,3,0,0,0.3878033857630079
development_oof,without_partition_pair,8,logistic,756,303,3,0,0,0.3389925304885019
development_oof,without_partition_pair,8,logistic,767,63,3,1,0,0.4546240341569756
development_oof,without_partition_pair,8,logistic,768,300,3,0,1,0.9514989091425595
development_oof,without_partition_pair,8,logistic,769,135,3,0,1,0.8102628378454712
development_oof,without_partition_pair,8,logistic,801,290,3,0,0,0.2486764555076335
development_oof,without_partition_pair,8,logistic,805,63,3,1,1,0.5956856088772018
development_oof,without_partition_pair,8,logistic,807,288,3,0,0,0.40543561621915464
development_oof,without_partition_pair,8,logistic,808,33,3,0,0,0.38730294471358806
development_oof,without_partition_pair,8,logistic,813,33,3,0,0,0.32561496429270226
development_oof,without_partition_pair,8,logistic,821,282,3,0,0,0.4371232506494674
development_oof,without_partition_pair,8,logistic,827,129,3,0,0,0.4613130398495928
development_oof,without_partition_pair,8,logistic,847,274,3,0,0,0.30780289948064965
development_oof,without_partition_pair,8,logistic,854,271,3,0,0,0.4516979680054175
development_oof,without_partition_pair,8,logistic,864,264,3,0,0,0.273808539907133
development_oof,without_partition_pair,8,logistic,866,262,3,0,0,0.4475977746876502
development_oof,without_partition_pair,8,logistic,869,80,3,0,1,0.5187593858961871
development_oof,without_partition_pair,8,logistic,881,259,3,0,1,0.5045594318616204
development_oof,without_partition_pair,8,logistic,883,59,3,1,1,0.6289995282953139
development_oof,without_partition_pair,8,logistic,893,253,3,0,0,0.2052563873018576
development_oof,without_partition_pair,8,logistic,899,123,3,1,1,0.9558187538650772
development_oof,without_partition_pair,8,logistic,904,52,3,1,1,0.9066844736456436
development_oof,without_partition_pair,8,logistic,913,121,3,1,1,0.7201836093075172
development_oof,without_partition_pair,8,logistic,917,243,3,1,0,0.4299209536655538
development_oof,without_partition_pair,8,logistic,920,241,3,0,0,0.3830216973606862
development_oof,without_partition_pair,8,logistic,921,16,3,0,0,0.3817273519758767
development_oof,without_partition_pair,8,logistic,930,235,3,1,1,0.5663240444627754
development_oof,without_partition_pair,8,logistic,935,231,3,0,0,0.4086509958847119
development_oof,without_partition_pair,8,logistic,940,78,3,0,0,0.4641348647968145
development_oof,without_partition_pair,8,logistic,945,227,3,0,0,0.29478382315097273
development_oof,without_partition_pair,8,logistic,962,218,3,0,0,0.4145884208005761
development_oof,without_partition_pair,8,logistic,963,217,3,0,0,0.3202489845000124
development_oof,without_partition_pair,8,logistic,973,210,3,0,1,0.5015080618393768
development_oof,without_partition_pair,8,logistic,982,77,3,0,0,0.3360217281544791
development_oof,without_partition_pair,8,logistic,988,202,3,1,0,0.30883803136168814
development_oof,without_partition_pair,8,logistic,998,198,3,0,0,0.4829294380090532
development_oof,without_partition_pair,8,logistic,1002,197,3,0,0,0.3908797637019482
development_oof,without_partition_pair,8,logistic,1006,111,3,0,0,0.38678239876692655
development_oof,without_partition_pair,8,logistic,1017,189,3,0,0,0.3188777213480397
development_oof,without_partition_pair,8,logistic,1025,63,3,1,0,0.3364404825782974
development_oof,without_partition_pair,8,logistic,1028,184,3,0,0,0.375529885377277
development_oof,without_partition_pair,8,logistic,1029,183,3,0,0,0.3832019367464768
development_oof,without_partition_pair,8,logistic,16,93,4,1,1,0.9047253070726621
development_oof,without_partition_pair,8,logistic,19,457,4,0,0,0.33242390711023706
development_oof,without_partition_pair,8,logistic,27,53,4,0,0,0.3632111776271157
development_oof,without_partition_pair,8,logistic,44,450,4,0,0,0.29748724877546023
development_oof,without_partition_pair,8,logistic,60,4,4,1,0,0.4659400696135879
development_oof,without_partition_pair,8,logistic,62,82,4,0,0,0.2923728265879094
development_oof,without_partition_pair,8,logistic,66,82,4,1,0,0.2915296251012143
development_oof,without_partition_pair,8,logistic,69,444,4,0,0,0.27893361983314086
development_oof,without_partition_pair,8,logistic,83,60,4,1,0,0.45019418892206153
development_oof,without_partition_pair,8,logistic,84,9,4,1,1,0.994115844492122
development_oof,without_partition_pair,8,logistic,86,174,4,1,1,0.8980976189031341
development_oof,without_partition_pair,8,logistic,90,9,4,1,1,0.9043152941274925
development_oof,without_partition_pair,8,logistic,95,161,4,0,0,0.32440275978743544
development_oof,without_partition_pair,8,logistic,102,15,4,0,0,0.3553479045133181
development_oof,without_partition_pair,8,logistic,112,9,4,1,1,0.8988754128963403
development_oof,without_partition_pair,8,logistic,117,433,4,0,0,0.2782907578156521
development_oof,without_partition_pair,8,logistic,119,0,4,0,0,0.38933304078103725
development_oof,without_partition_pair,8,logistic,123,9,4,1,1,0.9117347049587875
development_oof,without_partition_pair,8,logistic,131,170,4,1,0,0.45019418892206153
development_oof,without_partition_pair,8,logistic,134,15,4,0,0,0.3165640700180865
development_oof,without_partition_pair,8,logistic,138,431,4,0,0,0.45678680257496496
development_oof,without_partition_pair,8,logistic,142,0,4,0,0,0.3520561530521391
development_oof,without_partition_pair,8,logistic,156,9,4,1,1,0.8868973928919944
development_oof,without_partition_pair,8,logistic,157,0,4,0,0,0.3914467810777173
development_oof,without_partition_pair,8,logistic,159,4,4,1,0,0.41427283605986953
development_oof,without_partition_pair,8,logistic,169,9,4,1,1,0.8942036408379088
development_oof,without_partition_pair,8,logistic,170,60,4,1,0,0.3466605791677076
development_oof,without_partition_pair,8,logistic,178,54,4,0,0,0.3485432472928589
development_oof,without_partition_pair,8,logistic,181,9,4,1,1,0.8864052888997604
development_oof,without_partition_pair,8,logistic,183,422,4,0,0,0.3563093756023593
development_oof,without_partition_pair,8,logistic,184,4,4,1,0,0.4353326865393267
development_oof,without_partition_pair,8,logistic,187,9,4,1,1,0.8914504582382234
development_oof,without_partition_pair,8,logistic,193,9,4,1,1,0.89461903367433
development_oof,without_partition_pair,8,logistic,198,53,4,0,0,0.3843447037609236
development_oof,without_partition_pair,8,logistic,201,9,4,1,1,0.8953552633672923
development_oof,without_partition_pair,8,logistic,206,125,4,1,0,0.35811697926453717
development_oof,without_partition_pair,8,logistic,210,104,4,1,1,0.9071831521222848
development_oof,without_partition_pair,8,logistic,221,9,4,1,1,0.9067383867073979
development_oof,without_partition_pair,8,logistic,236,416,4,1,0,0.2827629197736654
development_oof,without_partition_pair,8,logistic,258,35,4,0,0,0.34515287742713013
development_oof,without_partition_pair,8,logistic,277,102,4,1,0,0.31645607524145586
development_oof,without_partition_pair,8,logistic,294,122,4,0,0,0.25422757288125253
development_oof,without_partition_pair,8,logistic,304,24,4,1,0,0.3167461071234022
development_oof,without_partition_pair,8,logistic,310,401,4,0,0,0.39055957725250273
development_oof,without_partition_pair,8,logistic,311,400,4,1,0,0.3879795390179626
development_oof,without_partition_pair,8,logistic,322,15,4,0,0,0.41220636377087655
development_oof,without_partition_pair,8,logistic,335,15,4,0,0,0.33605142791710857
development_oof,without_partition_pair,8,logistic,337,15,4,0,0,0.31903682434108654
development_oof,without_partition_pair,8,logistic,355,15,4,0,0,0.3318891302733519
development_oof,without_partition_pair,8,logistic,358,389,4,0,1,0.5100379042444212
development_oof,without_partition_pair,8,logistic,371,161,4,0,0,0.38397337617252164
development_oof,without_partition_pair,8,logistic,379,24,4,0,0,0.3069540697697479
development_oof,without_partition_pair,8,logistic,382,384,4,0,0,0.3882072573074744
development_oof,without_partition_pair,8,logistic,384,69,4,0,1,0.5056122270573407
development_oof,without_partition_pair,8,logistic,386,4,4,1,0,0.3879582811099863
development_oof,without_partition_pair,8,logistic,392,4,4,1,1,0.7029788658088277
development_oof,without_partition_pair,8,logistic,393,0,4,0,0,0.40302389516846354
development_oof,without_partition_pair,8,logistic,400,28,4,0,0,0.3983811475089472
development_oof,without_partition_pair,8,logistic,401,4,4,1,0,0.3685354769565976
development_oof,without_partition_pair,8,logistic,404,35,4,0,0,0.36182650147330836
development_oof,without_partition_pair,8,logistic,405,379,4,0,0,0.47022175896176954
development_oof,without_partition_pair,8,logistic,407,160,4,0,0,0.32785049441759345
development_oof,without_partition_pair,8,logistic,409,4,4,1,1,0.5382894161187737
development_oof,without_partition_pair,8,logistic,423,50,4,0,0,0.4103639960521544
development_oof,without_partition_pair,8,logistic,430,4,4,1,0,0.35745377027597747
development_oof,without_partition_pair,8,logistic,434,97,4,1,1,0.8987235514998343
development_oof,without_partition_pair,8,logistic,446,4,4,1,0,0.3942377016023235
development_oof,without_partition_pair,8,logistic,454,104,4,1,1,0.9110913774224356
development_oof,without_partition_pair,8,logistic,455,93,4,1,1,0.9057088940338579
development_oof,without_partition_pair,8,logistic,462,15,4,0,0,0.29455580861185965
development_oof,without_partition_pair,8,logistic,464,4,4,1,0,0.46338374356119766
development_oof,without_partition_pair,8,logistic,465,4,4,1,0,0.4623745939194525
development_oof,without_partition_pair,8,logistic,466,0,4,0,0,0.3931625687437415
development_oof,without_partition_pair,8,logistic,470,0,4,0,0,0.3668117809528652
development_oof,without_partition_pair,8,logistic,480,367,4,0,0,0.3989944412749385
development_oof,without_partition_pair,8,logistic,481,4,4,1,0,0.4524696641849521
development_oof,without_partition_pair,8,logistic,484,365,4,0,0,0.28150374766360914
development_oof,without_partition_pair,8,logistic,495,0,4,0,0,0.36323538979521214
development_oof,without_partition_pair,8,logistic,498,54,4,0,0,0.32390260458617176
development_oof,without_partition_pair,8,logistic,499,15,4,0,0,0.3189758778931803
development_oof,without_partition_pair,8,logistic,500,28,4,0,0,0.4537544490464112
development_oof,without_partition_pair,8,logistic,501,72,4,0,0,0.35573972478835153
development_oof,without_partition_pair,8,logistic,503,93,4,1,1,0.9072629494152157
development_oof,without_partition_pair,8,logistic,506,0,4,0,0,0.36822273453980187
development_oof,without_partition_pair,8,logistic,517,0,4,0,0,0.3763830151752653
development_oof,without_partition_pair,8,logistic,519,53,4,0,0,0.33293869794914366
development_oof,without_partition_pair,8,logistic,520,53,4,0,0,0.3543223078702026
development_oof,without_partition_pair,8,logistic,524,0,4,0,0,0.37513217394268883
development_oof,without_partition_pair,8,logistic,525,15,4,0,0,0.36544573524068014
development_oof,without_partition_pair,8,logistic,527,0,4,0,0,0.34888745797225007
development_oof,without_partition_pair,8,logistic,528,359,4,0,0,0.3599713377479461
development_oof,without_partition_pair,8,logistic,529,0,4,0,0,0.4088254002083513
development_oof,without_partition_pair,8,logistic,542,35,4,1,0,0.35421600968128536
development_oof,without_partition_pair,8,logistic,543,0,4,0,0,0.4126189556399204
development_oof,without_partition_pair,8,logistic,545,136,4,1,0,0.3790640363066244
development_oof,without_partition_pair,8,logistic,553,0,4,0,0,0.38504250998139006
development_oof,without_partition_pair,8,logistic,559,351,4,0,0,0.40288181323170497
development_oof,without_partition_pair,8,logistic,560,0,4,0,0,0.33887130560435574
development_oof,without_partition_pair,8,logistic,568,0,4,0,0,0.37944112867551205
development_oof,without_partition_pair,8,logistic,570,0,4,1,0,0.36666684646738834
development_oof,without_partition_pair,8,logistic,572,0,4,1,0,0.39481914565984394
development_oof,without_partition_pair,8,logistic,577,44,4,0,0,0.4014826356720381
development_oof,without_partition_pair,8,logistic,581,347,4,0,0,0.3916895280185186
development_oof,without_partition_pair,8,logistic,582,44,4,0,0,0.3357050636571931
development_oof,without_partition_pair,8,logistic,583,69,4,0,0,0.4615382547833294
development_oof,without_partition_pair,8,logistic,588,344,4,0,0,0.4675978279584037
development_oof,without_partition_pair,8,logistic,592,0,4,1,0,0.3603687035734944
development_oof,without_partition_pair,8,logistic,595,35,4,0,0,0.33621209674455466
development_oof,without_partition_pair,8,logistic,600,151,4,0,0,0.36112639969516264
development_oof,without_partition_pair,8,logistic,602,338,4,0,0,0.33315714743185826
development_oof,without_partition_pair,8,logistic,604,0,4,0,0,0.3929740287449144
development_oof,without_partition_pair,8,logistic,605,0,4,0,0,0.3745305101324977
development_oof,without_partition_pair,8,logistic,607,0,4,1,0,0.3875648647386012
development_oof,without_partition_pair,8,logistic,608,0,4,0,0,0.40916944952669404
development_oof,without_partition_pair,8,logistic,610,0,4,0,0,0.3758291239831129
development_oof,without_partition_pair,8,logistic,611,0,4,0,0,0.41905606287741515
development_oof,without_partition_pair,8,logistic,613,85,4,0,0,0.350958653817125
development_oof,without_partition_pair,8,logistic,615,0,4,0,0,0.33539305896981636
development_oof,without_partition_pair,8,logistic,627,335,4,0,0,0.3274376779798043
development_oof,without_partition_pair,8,logistic,633,0,4,0,0,0.3997476758175763
development_oof,without_partition_pair,8,logistic,646,0,4,0,0,0.4035481518406688
development_oof,without_partition_pair,8,logistic,647,0,4,0,0,0.41772985475563623
development_oof,without_partition_pair,8,logistic,648,329,4,0,0,0.34149046344663975
development_oof,without_partition_pair,8,logistic,657,4,4,1,1,0.5124373984442274
development_oof,without_partition_pair,8,logistic,662,0,4,0,0,0.37950661243724687
development_oof,without_partition_pair,8,logistic,665,69,4,1,0,0.45033505772921645
development_oof,without_partition_pair,8,logistic,666,44,4,0,0,0.3146944514778225
development_oof,without_partition_pair,8,logistic,667,0,4,0,0,0.38189342021692363
development_oof,without_partition_pair,8,logistic,671,321,4,1,0,0.42684123220819953
development_oof,without_partition_pair,8,logistic,674,4,4,0,0,0.4145509402212569
development_oof,without_partition_pair,8,logistic,683,142,4,0,0,0.3499999691734671
development_oof,without_partition_pair,8,logistic,691,142,4,0,0,0.3586644581935982
development_oof,without_partition_pair,8,logistic,692,0,4,0,0,0.3601812113738318
development_oof,without_partition_pair,8,logistic,693,0,4,0,0,0.3480527475465561
development_oof,without_partition_pair,8,logistic,699,0,4,0,0,0.3561882035634776
development_oof,without_partition_pair,8,logistic,701,0,4,1,0,0.37553328925501267
development_oof,without_partition_pair,8,logistic,704,313,4,0,0,0.46462799752846395
development_oof,without_partition_pair,8,logistic,706,0,4,0,0,0.41479478106091283
development_oof,without_partition_pair,8,logistic,715,4,4,1,0,0.3744695525501834
development_oof,without_partition_pair,8,logistic,729,0,4,0,0,0.4001615969587285
development_oof,without_partition_pair,8,logistic,731,60,4,0,0,0.3608647570138634
development_oof,without_partition_pair,8,logistic,735,132,4,0,0,0.4367453162983309
development_oof,without_partition_pair,8,logistic,737,85,4,1,0,0.39851867835233645
development_oof,without_partition_pair,8,logistic,738,136,4,1,0,0.3424282140671102
development_oof,without_partition_pair,8,logistic,740,44,4,0,0,0.33344721850642295
development_oof,without_partition_pair,8,logistic,742,305,4,0,0,0.3143537506915529
development_oof,without_partition_pair,8,logistic,745,0,4,0,0,0.46833520068938506
development_oof,without_partition_pair,8,logistic,753,85,4,0,0,0.3832313899979249
development_oof,without_partition_pair,8,logistic,761,44,4,0,0,0.35767495038619185
development_oof,without_partition_pair,8,logistic,776,298,4,0,1,0.5104341404101442
development_oof,without_partition_pair,8,logistic,794,0,4,0,1,0.5011324952526826
development_oof,without_partition_pair,8,logistic,796,35,4,0,0,0.3866889385593513
development_oof,without_partition_pair,8,logistic,800,132,4,0,0,0.38494247516211516
development_oof,without_partition_pair,8,logistic,803,289,4,0,0,0.3356692488607299
development_oof,without_partition_pair,8,logistic,818,283,4,0,0,0.41115167984065076
development_oof,without_partition_pair,8,logistic,822,35,4,0,0,0.3762107463450833
development_oof,without_partition_pair,8,logistic,839,82,4,0,0,0.2833924587543375
development_oof,without_partition_pair,8,logistic,844,276,4,0,0,0.44161899574385105
development_oof,without_partition_pair,8,logistic,855,270,4,0,0,0.42652122471788173
development_oof,without_partition_pair,8,logistic,865,263,4,0,0,0.3617888075554134
development_oof,without_partition_pair,8,logistic,867,60,4,0,0,0.3937765112530494
development_oof,without_partition_pair,8,logistic,885,256,4,0,0,0.3002742539568841
development_oof,without_partition_pair,8,logistic,888,254,4,1,0,0.3144041652365861
development_oof,without_partition_pair,8,logistic,891,125,4,0,0,0.4586465895114659
development_oof,without_partition_pair,8,logistic,902,122,4,1,0,0.2683998366235856
development_oof,without_partition_pair,8,logistic,907,246,4,0,0,0.3992232940527077
development_oof,without_partition_pair,8,logistic,918,242,4,0,0,0.3601381246230635
development_oof,without_partition_pair,8,logistic,931,234,4,0,0,0.38820534345994623
development_oof,without_partition_pair,8,logistic,949,224,4,0,0,0.3053533677867244
development_oof,without_partition_pair,8,logistic,954,4,4,1,1,0.521829237982565
development_oof,without_partition_pair,8,logistic,968,214,4,1,0,0.39520870382245304
development_oof,without_partition_pair,8,logistic,980,207,4,0,0,0.3475516525703612
development_oof,without_partition_pair,8,logistic,981,206,4,0,0,0.42972686499915524
development_oof,without_partition_pair,8,logistic,984,204,4,1,0,0.4422884411120248
development_oof,without_partition_pair,8,logistic,991,0,4,0,0,0.4198367753338047
development_oof,without_partition_pair,8,logistic,993,69,4,0,0,0.4823489146243059
development_oof,without_partition_pair,8,logistic,995,112,4,0,0,0.3263878290679024
development_oof,without_partition_pair,8,logistic,1016,190,4,1,0,0.4210127165032841
development_oof,without_partition_pair,8,logistic,1024,4,4,1,0,0.44158711284527546
development_oof,without_partition_pair,8,logistic,1031,181,4,0,1,0.5855862054508544
development_oof,without_partition_pair,8,logistic,1033,179,4,0,0,0.41104918964376896
development_oof,without_partition_pair,8,logistic,5,31,5,1,1,0.9664813743866862
development_oof,without_partition_pair,8,logistic,6,61,5,0,0,0.3410053803497273
development_oof,without_partition_pair,8,logistic,15,458,5,1,1,0.9717945029076422
development_oof,without_partition_pair,8,logistic,23,11,5,0,0,0.3294914934587412
development_oof,without_partition_pair,8,logistic,26,11,5,0,0,0.26018842060211184
development_oof,without_partition_pair,8,logistic,41,451,5,0,0,0.259725979482254
development_oof,without_partition_pair,8,logistic,46,18,5,0,1,0.956082400265405
development_oof,without_partition_pair,8,logistic,49,11,5,0,0,0.26044697196290895
development_oof,without_partition_pair,8,logistic,52,448,5,0,0,0.23015762603511836
development_oof,without_partition_pair,8,logistic,57,61,5,0,0,0.3401752113968956
development_oof,without_partition_pair,8,logistic,58,11,5,0,0,0.2682827811954035
development_oof,without_partition_pair,8,logistic,59,11,5,0,0,0.32809245313665647
development_oof,without_partition_pair,8,logistic,76,11,5,0,0,0.47842450978021583
development_oof,without_partition_pair,8,logistic,79,175,5,1,1,0.5239984697548289
development_oof,without_partition_pair,8,logistic,85,17,5,1,1,0.9613519869587103
development_oof,without_partition_pair,8,logistic,96,18,5,1,1,0.9778994367574216
development_oof,without_partition_pair,8,logistic,98,438,5,0,0,0.39772199066054215
development_oof,without_partition_pair,8,logistic,100,31,5,1,1,0.9546474820702933
development_oof,without_partition_pair,8,logistic,105,437,5,1,1,0.5786646044543926
development_oof,without_partition_pair,8,logistic,106,18,5,1,1,0.9583459060382963
development_oof,without_partition_pair,8,logistic,111,106,5,0,0,0.4308398304765719
development_oof,without_partition_pair,8,logistic,116,434,5,0,0,0.271701410468713
development_oof,without_partition_pair,8,logistic,130,171,5,0,0,0.39867228210925615
development_oof,without_partition_pair,8,logistic,132,18,5,1,1,0.9597899303317299
development_oof,without_partition_pair,8,logistic,141,106,5,0,0,0.27607760757662175
development_oof,without_partition_pair,8,logistic,149,106,5,0,0,0.3887801339537252
development_oof,without_partition_pair,8,logistic,150,55,5,1,1,0.9583236535506117
development_oof,without_partition_pair,8,logistic,152,429,5,0,0,0.4365270274742925
development_oof,without_partition_pair,8,logistic,161,427,5,0,0,0.47999551607322277
development_oof,without_partition_pair,8,logistic,163,18,5,1,1,0.9995164592907181
development_oof,without_partition_pair,8,logistic,165,17,5,1,1,0.9679137401812064
development_oof,without_partition_pair,8,logistic,167,18,5,1,1,0.9627836839464149
development_oof,without_partition_pair,8,logistic,172,423,5,0,1,0.9994716583063548
development_oof,without_partition_pair,8,logistic,179,11,5,0,0,0.3652890009068209
development_oof,without_partition_pair,8,logistic,182,31,5,1,1,0.9529452992147006
development_oof,without_partition_pair,8,logistic,186,18,5,1,1,0.9661689556416495
development_oof,without_partition_pair,8,logistic,195,31,5,1,1,0.9423000514003801
development_oof,without_partition_pair,8,logistic,208,31,5,1,1,0.9742730393729472
development_oof,without_partition_pair,8,logistic,215,61,5,0,0,0.4195362403393326
development_oof,without_partition_pair,8,logistic,219,418,5,0,0,0.3357587224157917
development_oof,without_partition_pair,8,logistic,223,68,5,0,0,0.26495048780643987
development_oof,without_partition_pair,8,logistic,225,55,5,1,1,0.9647880736162586
development_oof,without_partition_pair,8,logistic,231,417,5,0,0,0.3757817353349349
development_oof,without_partition_pair,8,logistic,233,17,5,1,1,0.9558255235022927
development_oof,without_partition_pair,8,logistic,255,410,5,0,0,0.3965780239743918
development_oof,without_partition_pair,8,logistic,256,18,5,1,1,0.9686400706560306
development_oof,without_partition_pair,8,logistic,259,409,5,0,0,0.41755377365831947
development_oof,without_partition_pair,8,logistic,261,25,5,1,0,0.28711017368853886
development_oof,without_partition_pair,8,logistic,273,25,5,1,0,0.31645698316569904
development_oof,without_partition_pair,8,logistic,276,17,5,1,1,0.9765848531167342
development_oof,without_partition_pair,8,logistic,297,163,5,0,0,0.35404568669175784
development_oof,without_partition_pair,8,logistic,298,405,5,0,0,0.25381450815454454
development_oof,without_partition_pair,8,logistic,316,100,5,0,0,0.3022772716169022
development_oof,without_partition_pair,8,logistic,319,163,5,0,0,0.3714028757380067
development_oof,without_partition_pair,8,logistic,326,157,5,1,1,0.9628295233394206
development_oof,without_partition_pair,8,logistic,330,76,5,1,0,0.27354182979543346
development_oof,without_partition_pair,8,logistic,334,394,5,0,0,0.20426626935023162
development_oof,without_partition_pair,8,logistic,336,55,5,1,1,0.9647933324095801
development_oof,without_partition_pair,8,logistic,338,17,5,1,1,0.9644605548619183
development_oof,without_partition_pair,8,logistic,339,11,5,0,0,0.4683209722263702
development_oof,without_partition_pair,8,logistic,340,393,5,0,0,0.36394247680722713
development_oof,without_partition_pair,8,logistic,343,17,5,1,1,0.9671869640688231
development_oof,without_partition_pair,8,logistic,347,17,5,1,1,0.9694812079346508
development_oof,without_partition_pair,8,logistic,351,100,5,1,0,0.3249033764575262
development_oof,without_partition_pair,8,logistic,357,37,5,1,1,0.9750812084447474
development_oof,without_partition_pair,8,logistic,364,25,5,1,0,0.3289254807282738
development_oof,without_partition_pair,8,logistic,372,17,5,1,1,0.9629354567622768
development_oof,without_partition_pair,8,logistic,377,386,5,0,0,0.38222198710264804
development_oof,without_partition_pair,8,logistic,381,76,5,0,0,0.30094189711430314
development_oof,without_partition_pair,8,logistic,397,11,5,0,0,0.26966157943845925
development_oof,without_partition_pair,8,logistic,402,380,5,0,0,0.22211030549761582
development_oof,without_partition_pair,8,logistic,435,374,5,0,0,0.32572508680832446
development_oof,without_partition_pair,8,logistic,436,25,5,1,0,0.32710656580523073
development_oof,without_partition_pair,8,logistic,458,18,5,0,1,0.976276223672116
development_oof,without_partition_pair,8,logistic,459,25,5,1,0,0.28645022058879294
development_oof,without_partition_pair,8,logistic,468,370,5,0,0,0.1858493496358532
development_oof,without_partition_pair,8,logistic,479,368,5,0,0,0.28852230793111955
development_oof,without_partition_pair,8,logistic,486,157,5,0,0,0.3158265939157315
development_oof,without_partition_pair,8,logistic,494,94,5,0,0,0.41307577969594217
development_oof,without_partition_pair,8,logistic,533,71,5,0,1,0.546166705715635
development_oof,without_partition_pair,8,logistic,536,71,5,0,0,0.4942078735698724
development_oof,without_partition_pair,8,logistic,549,355,5,0,0,0.4773237449321662
development_oof,without_partition_pair,8,logistic,555,352,5,1,1,0.9801351358570898
development_oof,without_partition_pair,8,logistic,557,66,5,0,1,0.5361713920541569
development_oof,without_partition_pair,8,logistic,563,71,5,0,1,0.5412543429534756
development_oof,without_partition_pair,8,logistic,575,115,5,0,0,0.44799102625162013
development_oof,without_partition_pair,8,logistic,579,114,5,1,0,0.33902516984240855
development_oof,without_partition_pair,8,logistic,585,31,5,1,1,0.9756296193055936
development_oof,without_partition_pair,8,logistic,587,345,5,0,0,0.47285615821880467
development_oof,without_partition_pair,8,logistic,601,339,5,0,0,0.31372423123483795
development_oof,without_partition_pair,8,logistic,612,87,5,0,0,0.3557920283339725
development_oof,without_partition_pair,8,logistic,620,68,5,0,0,0.2735832700995643
development_oof,without_partition_pair,8,logistic,634,17,5,1,1,0.9698987239695481
development_oof,without_partition_pair,8,logistic,635,68,5,1,0,0.33525702087990705
development_oof,without_partition_pair,8,logistic,640,146,5,0,0,0.3642922368898334
development_oof,without_partition_pair,8,logistic,641,66,5,0,0,0.4487019532925974
development_oof,without_partition_pair,8,logistic,643,330,5,0,0,0.3066313648203655
development_oof,without_partition_pair,8,logistic,645,146,5,0,0,0.3626530589014162
development_oof,without_partition_pair,8,logistic,656,326,5,0,1,0.571626487257131
development_oof,without_partition_pair,8,logistic,664,116,5,0,0,0.33549464954810676
development_oof,without_partition_pair,8,logistic,675,71,5,0,1,0.611910126119405
development_oof,without_partition_pair,8,logistic,682,317,5,0,0,0.33029562993135
development_oof,without_partition_pair,8,logistic,688,143,5,0,0,0.4492273608161355
development_oof,without_partition_pair,8,logistic,698,314,5,0,0,0.43887541642312106
development_oof,without_partition_pair,8,logistic,711,45,5,0,0,0.4628117043876335
development_oof,without_partition_pair,8,logistic,723,25,5,0,0,0.2528570434665499
development_oof,without_partition_pair,8,logistic,725,45,5,1,0,0.41758797558304434
development_oof,without_partition_pair,8,logistic,726,31,5,1,1,0.9436272339227282
development_oof,without_partition_pair,8,logistic,732,45,5,0,1,0.5036762499119667
development_oof,without_partition_pair,8,logistic,736,137,5,0,0,0.4354556411241343
development_oof,without_partition_pair,8,logistic,741,306,5,0,0,0.28453327282535856
development_oof,without_partition_pair,8,logistic,744,87,5,0,0,0.29192882962516786
development_oof,without_partition_pair,8,logistic,749,11,5,0,0,0.31746142884139394
development_oof,without_partition_pair,8,logistic,799,45,5,0,1,0.5409384739507247
development_oof,without_partition_pair,8,logistic,802,131,5,0,0,0.42361424524622665
development_oof,without_partition_pair,8,logistic,816,284,5,0,1,0.5211519233253494
development_oof,without_partition_pair,8,logistic,837,278,5,0,0,0.24586845500311494
development_oof,without_partition_pair,8,logistic,845,11,5,0,0,0.2907250915658867
development_oof,without_partition_pair,8,logistic,857,268,5,0,0,0.3977935700773195
development_oof,without_partition_pair,8,logistic,858,61,5,0,0,0.4193963956169133
development_oof,without_partition_pair,8,logistic,860,266,5,0,0,0.25790302575605945
development_oof,without_partition_pair,8,logistic,870,260,5,0,0,0.39019119214880005
development_oof,without_partition_pair,8,logistic,900,249,5,0,0,0.45152341281274083
development_oof,without_partition_pair,8,logistic,906,247,5,0,0,0.3321148605433632
development_oof,without_partition_pair,8,logistic,915,25,5,1,0,0.274121986039845
development_oof,without_partition_pair,8,logistic,926,238,5,1,0,0.36556974166215056
development_oof,without_partition_pair,8,logistic,939,229,5,1,1,0.5434028938938303
development_oof,without_partition_pair,8,logistic,948,225,5,1,1,0.7165467387305362
development_oof,without_partition_pair,8,logistic,958,220,5,0,0,0.25726692146061386
development_oof,without_partition_pair,8,logistic,960,116,5,0,0,0.3535787845992277
development_oof,without_partition_pair,8,logistic,969,115,5,0,0,0.39787538893883284
development_oof,without_partition_pair,8,logistic,971,212,5,1,1,0.5522629652210997
development_oof,without_partition_pair,8,logistic,972,211,5,0,0,0.31019156202721043
development_oof,without_partition_pair,8,logistic,974,45,5,0,0,0.4577858803818665
development_oof,without_partition_pair,8,logistic,975,66,5,0,1,0.5434263603450996
development_oof,without_partition_pair,8,logistic,979,114,5,0,0,0.31875028249079174
development_oof,without_partition_pair,8,logistic,990,201,5,0,0,0.46769015798897406
development_oof,without_partition_pair,8,logistic,1008,76,5,0,0,0.24063091924168054
development_oof,without_partition_pair,8,logistic,1010,194,5,0,1,0.5562949999091934
development_oof,without_partition_pair,8,logistic,1015,191,5,1,0,0.2357253131169651
development_oof,without_partition_pair,8,logistic,1027,185,5,1,1,0.7559333505263847
development_oof,without_partition_pair,8,logistic,1032,180,5,0,1,0.578101276044581
development_oof,without_partition_pair,8,rbf_svc,3,108,1,0,0,-1.120371608203208
development_oof,without_partition_pair,8,rbf_svc,13,109,1,1,1,2.0204408844004353
development_oof,without_partition_pair,8,rbf_svc,22,456,1,0,0,-0.3816973193877906
development_oof,without_partition_pair,8,rbf_svc,24,455,1,0,0,-0.7215185619741014
development_oof,without_partition_pair,8,rbf_svc,25,12,1,1,0,-1.1441306429785179
development_oof,without_partition_pair,8,rbf_svc,35,108,1,0,0,-1.0914098058739732
development_oof,without_partition_pair,8,rbf_svc,43,6,1,0,0,-1.0729828372134527
development_oof,without_partition_pair,8,rbf_svc,53,447,1,0,0,-1.1900547613565429
development_oof,without_partition_pair,8,rbf_svc,65,168,1,1,1,1.5825242157074577
development_oof,without_partition_pair,8,rbf_svc,68,445,1,1,0,-1.1375986846361676
development_oof,without_partition_pair,8,rbf_svc,70,166,1,0,0,-1.0128928428979342
development_oof,without_partition_pair,8,rbf_svc,72,12,1,1,0,-1.1079641951256114
development_oof,without_partition_pair,8,rbf_svc,75,108,1,0,0,-0.9941153191396317
development_oof,without_partition_pair,8,rbf_svc,88,12,1,0,0,-1.1165977935394487
development_oof,without_partition_pair,8,rbf_svc,89,6,1,0,0,-0.9340996563840853
development_oof,without_partition_pair,8,rbf_svc,110,41,1,0,0,-1.0131235870605557
development_oof,without_partition_pair,8,rbf_svc,129,58,1,1,1,1.479457401831133
development_oof,without_partition_pair,8,rbf_svc,133,432,1,1,1,1.2991254801648389
development_oof,without_partition_pair,8,rbf_svc,144,41,1,0,0,-0.7898683617548208
development_oof,without_partition_pair,8,rbf_svc,153,41,1,0,0,-0.5579677343972882
development_oof,without_partition_pair,8,rbf_svc,155,41,1,0,0,-0.9522690623407974
development_oof,without_partition_pair,8,rbf_svc,168,424,1,0,0,-0.9737821778298261
development_oof,without_partition_pair,8,rbf_svc,171,41,1,1,0,-0.9048781364396283
development_oof,without_partition_pair,8,rbf_svc,197,168,1,1,1,1.4518993468613595
development_oof,without_partition_pair,8,rbf_svc,205,41,1,0,0,-0.5941342875833804
development_oof,without_partition_pair,8,rbf_svc,209,420,1,1,1,1.023021249203601
development_oof,without_partition_pair,8,rbf_svc,232,6,1,0,0,-0.93605632178241
development_oof,without_partition_pair,8,rbf_svc,237,117,1,0,0,-0.9095871145432219
development_oof,without_partition_pair,8,rbf_svc,243,414,1,0,0,-1.740811054002102
development_oof,without_partition_pair,8,rbf_svc,250,166,1,0,0,-1.1213828163033888
development_oof,without_partition_pair,8,rbf_svc,270,12,1,1,0,-1.1554433065827474
development_oof,without_partition_pair,8,rbf_svc,272,19,1,0,0,-1.2274918352768445
development_oof,without_partition_pair,8,rbf_svc,282,406,1,1,1,0.8100454213203314
development_oof,without_partition_pair,8,rbf_svc,289,6,1,0,0,-0.9250023308599615
development_oof,without_partition_pair,8,rbf_svc,303,12,1,1,0,-1.2436346753037746
development_oof,without_partition_pair,8,rbf_svc,305,402,1,0,0,-1.045036374102488
development_oof,without_partition_pair,8,rbf_svc,306,101,1,1,0,-1.2398976533428872
development_oof,without_partition_pair,8,rbf_svc,307,12,1,1,0,-1.147365212263275
development_oof,without_partition_pair,8,rbf_svc,314,398,1,0,0,-1.3095017449276944
development_oof,without_partition_pair,8,rbf_svc,318,127,1,1,0,-2.582622928806267
development_oof,without_partition_pair,8,rbf_svc,328,395,1,1,0,-0.6188241318648913
development_oof,without_partition_pair,8,rbf_svc,345,73,1,0,1,1.0728342531033725
development_oof,without_partition_pair,8,rbf_svc,346,12,1,1,0,-1.199029865666852
development_oof,without_partition_pair,8,rbf_svc,350,12,1,0,0,-0.5308212463169972
development_oof,without_partition_pair,8,rbf_svc,362,36,1,0,0,-1.1124078953788163
development_oof,without_partition_pair,8,rbf_svc,366,79,1,1,0,-0.8414360148258531
development_oof,without_partition_pair,8,rbf_svc,367,79,1,1,0,-0.7397864663319573
development_oof,without_partition_pair,8,rbf_svc,368,387,1,0,0,-0.7707961051261456
development_oof,without_partition_pair,8,rbf_svc,383,12,1,1,0,-0.9730805386539536
development_oof,without_partition_pair,8,rbf_svc,390,381,1,0,0,-1.164043049874288
development_oof,without_partition_pair,8,rbf_svc,411,6,1,0,0,-0.9964255041968435
development_oof,without_partition_pair,8,rbf_svc,415,12,1,1,0,-1.0950248941360818
development_oof,without_partition_pair,8,rbf_svc,418,6,1,0,0,-0.882609074871987
development_oof,without_partition_pair,8,rbf_svc,427,6,1,0,0,-0.7471436615254496
development_oof,without_partition_pair,8,rbf_svc,432,375,1,0,0,-0.6247437382253274
development_oof,without_partition_pair,8,rbf_svc,433,58,1,1,0,-0.06739261530736296
development_oof,without_partition_pair,8,rbf_svc,445,95,1,0,0,-0.9458846320790932
development_oof,without_partition_pair,8,rbf_svc,452,73,1,1,1,1.2881905633636912
development_oof,without_partition_pair,8,rbf_svc,467,6,1,0,0,-0.3467709022809451
development_oof,without_partition_pair,8,rbf_svc,476,95,1,0,0,-0.8279888310830976
development_oof,without_partition_pair,8,rbf_svc,478,6,1,0,0,-0.8095119662917163
development_oof,without_partition_pair,8,rbf_svc,488,26,1,1,0,-1.003505470810915
development_oof,without_partition_pair,8,rbf_svc,507,26,1,0,0,-1.0278076748064613
development_oof,without_partition_pair,8,rbf_svc,509,362,1,0,0,-1.273158670453676
development_oof,without_partition_pair,8,rbf_svc,512,361,1,0,0,-0.7631836520508777
development_oof,without_partition_pair,8,rbf_svc,521,26,1,0,0,-1.085393531516069
development_oof,without_partition_pair,8,rbf_svc,530,358,1,1,0,-1.0086449276985767
development_oof,without_partition_pair,8,rbf_svc,531,6,1,0,0,-0.9516987418774299
development_oof,without_partition_pair,8,rbf_svc,532,26,1,0,0,-0.8517573065320725
development_oof,without_partition_pair,8,rbf_svc,534,26,1,0,0,-1.0305913601121908
development_oof,without_partition_pair,8,rbf_svc,552,6,1,0,0,-0.9043112015997898
development_oof,without_partition_pair,8,rbf_svc,564,47,1,1,0,-1.3596584574093462
development_oof,without_partition_pair,8,rbf_svc,573,350,1,0,1,0.4832028580207528
development_oof,without_partition_pair,8,rbf_svc,576,349,1,0,0,-0.397974389252419
development_oof,without_partition_pair,8,rbf_svc,578,26,1,0,0,-1.033305825011518
development_oof,without_partition_pair,8,rbf_svc,590,152,1,0,0,-2.159032388212389
development_oof,without_partition_pair,8,rbf_svc,591,343,1,0,1,0.1441907210922928
development_oof,without_partition_pair,8,rbf_svc,630,67,1,0,0,-0.7393630398031739
development_oof,without_partition_pair,8,rbf_svc,637,47,1,1,0,-1.423655935633996
development_oof,without_partition_pair,8,rbf_svc,639,332,1,0,1,0.06774164644693959
development_oof,without_partition_pair,8,rbf_svc,642,331,1,0,1,0.1869169267546973
development_oof,without_partition_pair,8,rbf_svc,644,47,1,1,0,-1.141623391014911
development_oof,without_partition_pair,8,rbf_svc,650,88,1,0,0,-0.8615464653730605
development_oof,without_partition_pair,8,rbf_svc,651,67,1,0,0,-0.6957210177457618
development_oof,without_partition_pair,8,rbf_svc,654,327,1,0,0,-0.3274266121495024
development_oof,without_partition_pair,8,rbf_svc,673,320,1,0,0,-0.8396302866670673
development_oof,without_partition_pair,8,rbf_svc,676,6,1,0,0,-0.8299878384527737
development_oof,without_partition_pair,8,rbf_svc,679,6,1,0,0,-0.9061658534681605
development_oof,without_partition_pair,8,rbf_svc,680,145,1,0,1,0.19243991868371002
development_oof,without_partition_pair,8,rbf_svc,695,47,1,1,0,-1.8370069318487416
development_oof,without_partition_pair,8,rbf_svc,708,310,1,0,1,2.0201099373364064
development_oof,without_partition_pair,8,rbf_svc,709,88,1,0,0,-0.8761497978342383
development_oof,without_partition_pair,8,rbf_svc,713,139,1,0,0,-1.0167297863426874
development_oof,without_partition_pair,8,rbf_svc,721,139,1,1,0,-1.1485113149205624
development_oof,without_partition_pair,8,rbf_svc,722,307,1,0,0,-0.7611185610011197
development_oof,without_partition_pair,8,rbf_svc,727,32,1,0,0,-0.19245622330102985
development_oof,without_partition_pair,8,rbf_svc,734,12,1,1,0,-1.012366038471918
development_oof,without_partition_pair,8,rbf_svc,748,64,1,0,1,0.4246287583106103
development_oof,without_partition_pair,8,rbf_svc,763,301,1,0,0,-1.0504020584748666
development_oof,without_partition_pair,8,rbf_svc,771,43,1,0,0,-0.23588345032322233
development_oof,without_partition_pair,8,rbf_svc,773,58,1,1,1,1.467560475700089
development_oof,without_partition_pair,8,rbf_svc,775,134,1,0,1,1.3891270285081767
development_oof,without_partition_pair,8,rbf_svc,779,43,1,0,1,0.9541795006503044
development_oof,without_partition_pair,8,rbf_svc,782,43,1,0,1,0.3787752073952
development_oof,without_partition_pair,8,rbf_svc,783,296,1,0,0,-0.1108335070208788
development_oof,without_partition_pair,8,rbf_svc,784,43,1,1,0,-0.6580850434250685
development_oof,without_partition_pair,8,rbf_svc,788,295,1,1,1,1.0619563467811937
development_oof,without_partition_pair,8,rbf_svc,795,110,1,1,1,2.5267346488453404
development_oof,without_partition_pair,8,rbf_svc,797,43,1,0,1,0.31345277983056197
development_oof,without_partition_pair,8,rbf_svc,812,285,1,0,1,0.10035030508573262
development_oof,without_partition_pair,8,rbf_svc,814,88,1,0,0,-1.0539080077638168
development_oof,without_partition_pair,8,rbf_svc,836,279,1,1,0,-0.4131812212443229
development_oof,without_partition_pair,8,rbf_svc,853,272,1,0,0,-1.0695234492069055
development_oof,without_partition_pair,8,rbf_svc,868,261,1,0,0,-1.1900547613565429
development_oof,without_partition_pair,8,rbf_svc,886,255,1,0,0,-1.9647990546218714
development_oof,without_partition_pair,8,rbf_svc,889,127,1,0,0,-2.090927374834707
development_oof,without_partition_pair,8,rbf_svc,892,26,1,0,0,-1.0690540495755492
development_oof,without_partition_pair,8,rbf_svc,903,248,1,0,0,-1.0877405916879972
development_oof,without_partition_pair,8,rbf_svc,909,245,1,0,0,-0.9743911520404189
development_oof,without_partition_pair,8,rbf_svc,912,19,1,0,0,-1.0459733520346723
development_oof,without_partition_pair,8,rbf_svc,924,239,1,0,0,-1.1149414609601755
development_oof,without_partition_pair,8,rbf_svc,929,67,1,0,0,-0.6024380203068282
development_oof,without_partition_pair,8,rbf_svc,937,230,1,0,0,-1.0606925258129756
development_oof,without_partition_pair,8,rbf_svc,938,79,1,0,0,-0.8062351360102802
development_oof,without_partition_pair,8,rbf_svc,944,58,1,1,0,-0.2929101756773427
development_oof,without_partition_pair,8,rbf_svc,956,222,1,0,1,1.6630540659818458
development_oof,without_partition_pair,8,rbf_svc,959,117,1,0,0,-0.835455719499486
development_oof,without_partition_pair,8,rbf_svc,961,219,1,0,0,-0.9066809451342059
development_oof,without_partition_pair,8,rbf_svc,970,213,1,0,0,-0.9972262198648358
development_oof,without_partition_pair,8,rbf_svc,983,205,1,1,0,-0.7954511482109801
development_oof,without_partition_pair,8,rbf_svc,989,47,1,0,0,-1.0105810295371433
development_oof,without_partition_pair,8,rbf_svc,992,200,1,0,0,-0.9942317355260222
development_oof,without_partition_pair,8,rbf_svc,997,6,1,0,0,-0.6155619884321417
development_oof,without_partition_pair,8,rbf_svc,1007,195,1,0,0,-0.108916131967981
development_oof,without_partition_pair,8,rbf_svc,1011,110,1,1,1,2.6169363716439937
development_oof,without_partition_pair,8,rbf_svc,1023,187,1,0,1,1.5828241552282016
development_oof,without_partition_pair,8,rbf_svc,1034,178,1,0,0,-1.2053973733517231
development_oof,without_partition_pair,8,rbf_svc,2,460,2,0,0,-0.9236250909693309
development_oof,without_partition_pair,8,rbf_svc,8,107,2,0,0,-0.8189223994230408
development_oof,without_partition_pair,8,rbf_svc,18,56,2,1,1,1.0842133422271087
development_oof,without_partition_pair,8,rbf_svc,33,452,2,0,0,-0.9697718935785316
development_oof,without_partition_pair,8,rbf_svc,34,23,2,0,0,-1.0523129816675059
development_oof,without_partition_pair,8,rbf_svc,37,177,2,0,0,-0.8737655830717219
development_oof,without_partition_pair,8,rbf_svc,50,40,2,1,1,2.748813854892151
development_oof,without_partition_pair,8,rbf_svc,51,75,2,1,0,-0.9256671643146885
development_oof,without_partition_pair,8,rbf_svc,55,107,2,0,0,-0.8461584812665166
development_oof,without_partition_pair,8,rbf_svc,67,446,2,0,0,-0.918088939762957
development_oof,without_partition_pair,8,rbf_svc,81,441,2,0,0,-0.8145176416176645
development_oof,without_partition_pair,8,rbf_svc,97,30,2,1,0,-1.0166438047560298
development_oof,without_partition_pair,8,rbf_svc,108,436,2,0,0,-0.9492227611710076
development_oof,without_partition_pair,8,rbf_svc,114,173,2,0,0,-1.0904697740982774
development_oof,without_partition_pair,8,rbf_svc,115,2,2,1,0,-0.9540464823828623
development_oof,without_partition_pair,8,rbf_svc,118,172,2,0,0,-1.1591845441573623
development_oof,without_partition_pair,8,rbf_svc,140,40,2,0,1,0.9984910232310718
development_oof,without_partition_pair,8,rbf_svc,166,425,2,0,0,-0.727351635021688
development_oof,without_partition_pair,8,rbf_svc,177,40,2,1,1,0.9999263096324635
development_oof,without_partition_pair,8,rbf_svc,216,167,2,1,0,-0.9483122544067186
development_oof,without_partition_pair,8,rbf_svc,229,30,2,1,0,-0.9822560690622966
development_oof,without_partition_pair,8,rbf_svc,235,30,2,1,0,-1.012294702074365
development_oof,without_partition_pair,8,rbf_svc,240,167,2,1,0,-1.0114586644944346
development_oof,without_partition_pair,8,rbf_svc,241,23,2,0,0,-1.0527167165509412
development_oof,without_partition_pair,8,rbf_svc,246,56,2,1,1,1.0825945395357632
development_oof,without_partition_pair,8,rbf_svc,249,124,2,0,0,-0.5953483469632193
development_oof,without_partition_pair,8,rbf_svc,251,30,2,1,0,-1.0122955898874653
development_oof,without_partition_pair,8,rbf_svc,253,412,2,0,0,-0.28028873691294964
development_oof,without_partition_pair,8,rbf_svc,254,411,2,1,0,-0.1328838336016407
development_oof,without_partition_pair,8,rbf_svc,262,98,2,1,1,1.0957817863873982
development_oof,without_partition_pair,8,rbf_svc,265,75,2,0,0,-0.596523342894818
development_oof,without_partition_pair,8,rbf_svc,275,56,2,1,1,1.0414950323100343
development_oof,without_partition_pair,8,rbf_svc,281,30,2,1,0,-0.9969309808083258
development_oof,without_partition_pair,8,rbf_svc,283,56,2,1,1,1.0530046976339247
development_oof,without_partition_pair,8,rbf_svc,291,98,2,1,1,1.1572592213728148
development_oof,without_partition_pair,8,rbf_svc,301,403,2,0,0,-1.1759035305227215
development_oof,without_partition_pair,8,rbf_svc,325,396,2,0,0,-0.9128323672106651
development_oof,without_partition_pair,8,rbf_svc,344,23,2,1,0,-1.038374434277748
development_oof,without_partition_pair,8,rbf_svc,359,23,2,0,0,-0.9884337230815479
development_oof,without_partition_pair,8,rbf_svc,365,388,2,0,0,-0.8945740930918877
development_oof,without_partition_pair,8,rbf_svc,378,23,2,0,0,-1.035475451742472
development_oof,without_partition_pair,8,rbf_svc,389,382,2,0,0,-1.0917068318956773
development_oof,without_partition_pair,8,rbf_svc,408,98,2,1,1,1.1214564080396332
development_oof,without_partition_pair,8,rbf_svc,413,62,2,1,0,-1.0031632692927028
development_oof,without_partition_pair,8,rbf_svc,425,23,2,0,0,-1.071617136296377
development_oof,without_partition_pair,8,rbf_svc,426,377,2,0,1,1.1138421661134605
development_oof,without_partition_pair,8,rbf_svc,439,156,2,1,0,-0.7755418960413409
development_oof,without_partition_pair,8,rbf_svc,461,371,2,1,0,-0.4519128239206456
development_oof,without_partition_pair,8,rbf_svc,487,156,2,0,0,-0.7416145914654073
development_oof,without_partition_pair,8,rbf_svc,505,81,2,1,0,-0.767250219876187
development_oof,without_partition_pair,8,rbf_svc,514,360,2,1,1,1.470513706215535
development_oof,without_partition_pair,8,rbf_svc,515,150,2,0,0,-1.020534248811592
development_oof,without_partition_pair,8,rbf_svc,523,2,2,1,0,-0.9463719937397748
development_oof,without_partition_pair,8,rbf_svc,526,23,2,0,0,-0.8066730194074416
development_oof,without_partition_pair,8,rbf_svc,541,113,2,0,0,-0.9355252086576351
development_oof,without_partition_pair,8,rbf_svc,551,353,2,0,0,-0.9101721082430598
development_oof,without_partition_pair,8,rbf_svc,584,46,2,0,0,-1.0132056575366108
development_oof,without_partition_pair,8,rbf_svc,586,346,2,0,1,0.46171531055353343
development_oof,without_partition_pair,8,rbf_svc,589,153,2,1,1,1.1483491022342398
development_oof,without_partition_pair,8,rbf_svc,593,90,2,0,0,-0.9904661658918126
development_oof,without_partition_pair,8,rbf_svc,598,90,2,0,0,-0.7183514829330779
development_oof,without_partition_pair,8,rbf_svc,599,340,2,0,0,-0.8709682996207231
development_oof,without_partition_pair,8,rbf_svc,603,40,2,1,1,1.042208886811463
development_oof,without_partition_pair,8,rbf_svc,609,7,2,0,0,-0.8844532268839786
development_oof,without_partition_pair,8,rbf_svc,623,150,2,0,0,-1.0285518858200107
development_oof,without_partition_pair,8,rbf_svc,624,149,2,1,0,-0.844592914759932
development_oof,without_partition_pair,8,rbf_svc,636,334,2,1,0,-0.9220074378700212
development_oof,without_partition_pair,8,rbf_svc,661,90,2,0,0,-0.8753580671011181
development_oof,without_partition_pair,8,rbf_svc,670,322,2,0,0,-0.12620425002141555
development_oof,without_partition_pair,8,rbf_svc,677,319,2,0,0,-0.9685682968070013
development_oof,without_partition_pair,8,rbf_svc,707,311,2,0,0,-0.29451341952760357
development_oof,without_partition_pair,8,rbf_svc,710,75,2,1,0,-1.1249691544801605
development_oof,without_partition_pair,8,rbf_svc,716,309,2,0,0,-0.8311194776115827
development_oof,without_partition_pair,8,rbf_svc,762,302,2,0,0,-0.7489055835152063
development_oof,without_partition_pair,8,rbf_svc,766,130,2,0,0,-0.6340472776767105
development_oof,without_partition_pair,8,rbf_svc,777,297,2,0,0,-1.103578327068761
development_oof,without_partition_pair,8,rbf_svc,790,62,2,1,0,-0.7611871506149981
development_oof,without_partition_pair,8,rbf_svc,791,294,2,0,0,-1.0667562193940634
development_oof,without_partition_pair,8,rbf_svc,793,292,2,1,0,-1.001812986691079
development_oof,without_partition_pair,8,rbf_svc,810,286,2,0,0,-1.0546804145595237
development_oof,without_partition_pair,8,rbf_svc,819,130,2,1,0,-0.6272496421790599
development_oof,without_partition_pair,8,rbf_svc,825,83,2,0,0,-0.7010464226764508
development_oof,without_partition_pair,8,rbf_svc,831,281,2,0,0,-0.9710785671736557
development_oof,without_partition_pair,8,rbf_svc,842,277,2,0,0,-0.6103369346710112
development_oof,without_partition_pair,8,rbf_svc,850,273,2,0,0,-0.9292196188764483
development_oof,without_partition_pair,8,rbf_svc,859,267,2,0,0,-0.741379607437975
development_oof,without_partition_pair,8,rbf_svc,863,81,2,1,0,-0.8186868240696039
development_oof,without_partition_pair,8,rbf_svc,884,257,2,0,0,-0.8005231980100722
development_oof,without_partition_pair,8,rbf_svc,895,124,2,0,0,-0.5671361720590633
development_oof,without_partition_pair,8,rbf_svc,896,251,2,0,0,-0.9558707721520727
development_oof,without_partition_pair,8,rbf_svc,914,56,2,1,1,1.133621594119173
development_oof,without_partition_pair,8,rbf_svc,922,240,2,0,0,-1.0079554576792782
development_oof,without_partition_pair,8,rbf_svc,923,23,2,0,0,-0.9800583509897358
development_oof,without_partition_pair,8,rbf_svc,933,232,2,0,0,-0.9937034859503135
development_oof,without_partition_pair,8,rbf_svc,947,226,2,0,0,-0.8317956264514808
development_oof,without_partition_pair,8,rbf_svc,951,223,2,0,0,-0.7358090806548676
development_oof,without_partition_pair,8,rbf_svc,953,119,2,0,0,-1.0020865951244
development_oof,without_partition_pair,8,rbf_svc,965,216,2,0,0,-0.8427976719577781
development_oof,without_partition_pair,8,rbf_svc,976,209,2,0,0,-1.0279179266387828
development_oof,without_partition_pair,8,rbf_svc,986,113,2,0,0,-1.0271189796968094
development_oof,without_partition_pair,8,rbf_svc,1001,107,2,0,0,-0.6770614454597392
development_oof,without_partition_pair,8,rbf_svc,1005,196,2,0,0,-0.7741845118332253
development_oof,without_partition_pair,8,rbf_svc,1020,188,2,0,1,0.2028332700898443
development_oof,without_partition_pair,8,rbf_svc,1026,186,2,1,0,-0.7267067378300502
development_oof,without_partition_pair,8,rbf_svc,1030,182,2,0,0,-0.7637095939476428
development_oof,without_partition_pair,8,rbf_svc,20,3,3,0,0,-1.0047448389488367
development_oof,without_partition_pair,8,rbf_svc,29,453,3,0,0,-0.9831330036250135
development_oof,without_partition_pair,8,rbf_svc,31,3,3,0,0,-1.0928308325007934
development_oof,without_partition_pair,8,rbf_svc,36,80,3,0,0,-1.0067408409839351
development_oof,without_partition_pair,8,rbf_svc,39,42,3,0,0,-1.1065713543483335
development_oof,without_partition_pair,8,rbf_svc,42,3,3,0,0,-1.0584236743773343
development_oof,without_partition_pair,8,rbf_svc,78,443,3,1,1,0.9785543504052839
development_oof,without_partition_pair,8,rbf_svc,87,439,3,0,0,-0.96742853034076
development_oof,without_partition_pair,8,rbf_svc,92,27,3,1,0,-0.9687492604784146
development_oof,without_partition_pair,8,rbf_svc,93,165,3,0,0,-1.049842540244056
development_oof,without_partition_pair,8,rbf_svc,101,27,3,0,0,-0.984904859554946
development_oof,without_partition_pair,8,rbf_svc,125,111,3,0,0,-0.7618924076758943
development_oof,without_partition_pair,8,rbf_svc,145,430,3,0,0,-0.7213020608602906
development_oof,without_partition_pair,8,rbf_svc,146,59,3,1,0,-0.13659040556849733
development_oof,without_partition_pair,8,rbf_svc,147,16,3,0,0,-0.9812359330893944
development_oof,without_partition_pair,8,rbf_svc,148,59,3,1,0,-0.24275031462407382
development_oof,without_partition_pair,8,rbf_svc,154,59,3,1,0,-0.261250304592309
development_oof,without_partition_pair,8,rbf_svc,158,428,3,0,0,-0.9224347796882791
development_oof,without_partition_pair,8,rbf_svc,173,52,3,0,0,-0.9016388993632
development_oof,without_partition_pair,8,rbf_svc,175,38,3,1,1,1.1274973664910344
development_oof,without_partition_pair,8,rbf_svc,176,3,3,0,0,-1.05204751560239
development_oof,without_partition_pair,8,rbf_svc,192,8,3,0,0,-1.1979609419596615
development_oof,without_partition_pair,8,rbf_svc,196,8,3,0,0,-1.1501394290037878
development_oof,without_partition_pair,8,rbf_svc,202,421,3,0,0,-1.1168222761232127
development_oof,without_partition_pair,8,rbf_svc,211,8,3,0,0,-1.076458336268285
development_oof,without_partition_pair,8,rbf_svc,217,8,3,0,0,-1.0734350196634046
development_oof,without_partition_pair,8,rbf_svc,218,8,3,0,0,-1.1766679568895944
development_oof,without_partition_pair,8,rbf_svc,220,8,3,0,0,-1.0559757146870687
development_oof,without_partition_pair,8,rbf_svc,226,8,3,0,0,-1.1459427005876748
development_oof,without_partition_pair,8,rbf_svc,227,38,3,1,1,1.1015868044931927
development_oof,without_partition_pair,8,rbf_svc,230,121,3,1,1,0.5707653633995006
development_oof,without_partition_pair,8,rbf_svc,238,415,3,0,0,-0.9794543944557509
development_oof,without_partition_pair,8,rbf_svc,239,3,3,0,0,-0.9356715508515862
development_oof,without_partition_pair,8,rbf_svc,242,52,3,1,1,1.0962103517665414
development_oof,without_partition_pair,8,rbf_svc,252,3,3,0,0,-1.0796051378534988
development_oof,without_partition_pair,8,rbf_svc,257,80,3,0,0,-0.7661349919914201
development_oof,without_partition_pair,8,rbf_svc,266,103,3,1,1,1.098485021150705
development_oof,without_partition_pair,8,rbf_svc,268,8,3,0,0,-1.1189283778759278
development_oof,without_partition_pair,8,rbf_svc,271,165,3,0,0,-1.0217966341808817
development_oof,without_partition_pair,8,rbf_svc,278,407,3,0,0,-0.8823407162090521
development_oof,without_partition_pair,8,rbf_svc,279,3,3,0,0,-0.9828825740036494
development_oof,without_partition_pair,8,rbf_svc,284,38,3,1,1,1.1879446209822295
development_oof,without_partition_pair,8,rbf_svc,285,3,3,0,0,-1.105953909405744
development_oof,without_partition_pair,8,rbf_svc,286,3,3,0,0,-0.9977927434858115
development_oof,without_partition_pair,8,rbf_svc,287,158,3,0,0,-1.0245759296002581
development_oof,without_partition_pair,8,rbf_svc,290,164,3,1,1,1.0358138622411341
development_oof,without_partition_pair,8,rbf_svc,300,404,3,1,1,1.0749593254571814
development_oof,without_partition_pair,8,rbf_svc,309,22,3,0,0,-1.1123209051762424
development_oof,without_partition_pair,8,rbf_svc,320,38,3,1,1,1.1984090154056588
development_oof,without_partition_pair,8,rbf_svc,321,397,3,0,0,-0.9029227408813753
development_oof,without_partition_pair,8,rbf_svc,323,3,3,0,0,-1.0494278814447249
development_oof,without_partition_pair,8,rbf_svc,327,3,3,0,0,-1.0121791677994123
development_oof,without_partition_pair,8,rbf_svc,332,38,3,1,1,1.1597187759150653
development_oof,without_partition_pair,8,rbf_svc,333,8,3,0,0,-1.1579777295812308
development_oof,without_partition_pair,8,rbf_svc,341,135,3,1,1,0.1949913777624871
development_oof,without_partition_pair,8,rbf_svc,348,3,3,0,0,-1.0218855598089616
development_oof,without_partition_pair,8,rbf_svc,349,22,3,1,0,-1.134513079682495
development_oof,without_partition_pair,8,rbf_svc,353,3,3,1,0,-1.1809391042988358
development_oof,without_partition_pair,8,rbf_svc,354,391,3,1,0,-0.8152314596249853
development_oof,without_partition_pair,8,rbf_svc,356,390,3,0,0,-0.7636684699854553
development_oof,without_partition_pair,8,rbf_svc,363,22,3,0,0,-1.1115833896182274
development_oof,without_partition_pair,8,rbf_svc,370,8,3,0,0,-1.0689008410504823
development_oof,without_partition_pair,8,rbf_svc,387,383,3,1,0,-0.9099986158214873
development_oof,without_partition_pair,8,rbf_svc,406,78,3,0,0,-0.9019518277870654
development_oof,without_partition_pair,8,rbf_svc,412,3,3,0,0,-0.9629607557256971
development_oof,without_partition_pair,8,rbf_svc,414,3,3,0,0,-0.9167212581781364
development_oof,without_partition_pair,8,rbf_svc,416,378,3,0,0,-1.2088662446403409
development_oof,without_partition_pair,8,rbf_svc,417,22,3,0,0,-1.1157137757293487
development_oof,without_partition_pair,8,rbf_svc,419,154,3,1,1,1.1477681328770455
development_oof,without_partition_pair,8,rbf_svc,421,27,3,0,0,-1.0151310292116507
development_oof,without_partition_pair,8,rbf_svc,424,27,3,0,0,-0.7949384652519108
development_oof,without_partition_pair,8,rbf_svc,437,158,3,0,0,-0.9589767456858039
development_oof,without_partition_pair,8,rbf_svc,438,96,3,1,0,-0.9225604261783421
development_oof,without_partition_pair,8,rbf_svc,441,27,3,1,0,-0.9325487398238413
development_oof,without_partition_pair,8,rbf_svc,443,372,3,0,0,-1.1098260551513368
development_oof,without_partition_pair,8,rbf_svc,448,13,3,0,0,-0.8582263134529263
development_oof,without_partition_pair,8,rbf_svc,450,3,3,0,0,-0.9102416370136116
development_oof,without_partition_pair,8,rbf_svc,451,3,3,0,0,-0.744011547955928
development_oof,without_partition_pair,8,rbf_svc,456,78,3,0,0,-0.9069389790436516
development_oof,without_partition_pair,8,rbf_svc,469,8,3,0,0,-1.072774873537063
development_oof,without_partition_pair,8,rbf_svc,473,22,3,0,0,-1.1238913651226432
development_oof,without_partition_pair,8,rbf_svc,483,27,3,0,0,-0.9307097534380627
development_oof,without_partition_pair,8,rbf_svc,490,364,3,0,0,-0.8509184998532348
development_oof,without_partition_pair,8,rbf_svc,511,129,3,0,0,-0.9841218325950133
development_oof,without_partition_pair,8,rbf_svc,522,154,3,1,1,0.9914275341039366
development_oof,without_partition_pair,8,rbf_svc,544,63,3,1,0,-0.8284795653002476
development_oof,without_partition_pair,8,rbf_svc,547,77,3,0,0,-0.9880672232630422
development_oof,without_partition_pair,8,rbf_svc,550,354,3,0,0,-0.8714842858014945
development_oof,without_partition_pair,8,rbf_svc,556,13,3,0,0,-0.7527379687490766
development_oof,without_partition_pair,8,rbf_svc,567,13,3,0,0,-0.6932453158110107
development_oof,without_partition_pair,8,rbf_svc,580,348,3,1,0,-0.6980956542597178
development_oof,without_partition_pair,8,rbf_svc,597,341,3,0,0,-0.8916873035888478
development_oof,without_partition_pair,8,rbf_svc,606,337,3,0,0,-0.9634359960090889
development_oof,without_partition_pair,8,rbf_svc,628,147,3,0,0,-1.1697411478832969
development_oof,without_partition_pair,8,rbf_svc,632,77,3,0,0,-0.9595935683217068
development_oof,without_partition_pair,8,rbf_svc,649,89,3,0,0,-0.8219360187748811
development_oof,without_partition_pair,8,rbf_svc,652,328,3,0,0,-0.9813512652449389
development_oof,without_partition_pair,8,rbf_svc,681,318,3,0,0,-0.7927722268931733
development_oof,without_partition_pair,8,rbf_svc,685,33,3,0,0,-0.8766314218246091
development_oof,without_partition_pair,8,rbf_svc,686,144,3,1,0,-0.9482274485678944
development_oof,without_partition_pair,8,rbf_svc,690,315,3,0,0,-0.8175501532315231
development_oof,without_partition_pair,8,rbf_svc,694,33,3,0,0,-1.1470911163705977
development_oof,without_partition_pair,8,rbf_svc,696,89,3,0,0,-0.8328146604766292
development_oof,without_partition_pair,8,rbf_svc,717,140,3,0,0,-0.5168923145424923
development_oof,without_partition_pair,8,rbf_svc,718,308,3,0,0,-1.0688355942192125
development_oof,without_partition_pair,8,rbf_svc,743,13,3,0,0,-0.7507983412974818
development_oof,without_partition_pair,8,rbf_svc,756,303,3,0,0,-1.0180053327402145
development_oof,without_partition_pair,8,rbf_svc,767,63,3,1,0,-0.9426255049739457
development_oof,without_partition_pair,8,rbf_svc,768,300,3,0,1,1.0555155897886421
development_oof,without_partition_pair,8,rbf_svc,769,135,3,0,1,0.20926243626865693
development_oof,without_partition_pair,8,rbf_svc,801,290,3,0,0,-1.0658210639854122
development_oof,without_partition_pair,8,rbf_svc,805,63,3,1,0,-0.2894505339068355
development_oof,without_partition_pair,8,rbf_svc,807,288,3,0,0,-1.0077319106434417
development_oof,without_partition_pair,8,rbf_svc,808,33,3,0,0,-0.7416260199215717
development_oof,without_partition_pair,8,rbf_svc,813,33,3,0,0,-0.7955123370621621
development_oof,without_partition_pair,8,rbf_svc,821,282,3,0,0,-0.564032809613244
development_oof,without_partition_pair,8,rbf_svc,827,129,3,0,0,-0.942623915765532
development_oof,without_partition_pair,8,rbf_svc,847,274,3,0,0,-1.0759402714274637
development_oof,without_partition_pair,8,rbf_svc,854,271,3,0,0,-0.7159277613372138
development_oof,without_partition_pair,8,rbf_svc,864,264,3,0,0,-1.1043016578268823
development_oof,without_partition_pair,8,rbf_svc,866,262,3,0,0,-0.5241797110761287
development_oof,without_partition_pair,8,rbf_svc,869,80,3,0,0,-0.8431376310364799
development_oof,without_partition_pair,8,rbf_svc,881,259,3,0,0,-0.701997574307505
development_oof,without_partition_pair,8,rbf_svc,883,59,3,1,1,0.13054395035812194
development_oof,without_partition_pair,8,rbf_svc,893,253,3,0,0,-0.8122717649684393
development_oof,without_partition_pair,8,rbf_svc,899,123,3,1,1,1.0661286277549844
development_oof,without_partition_pair,8,rbf_svc,904,52,3,1,1,1.1422706085890235
development_oof,without_partition_pair,8,rbf_svc,913,121,3,1,1,1.2649407920239666
development_oof,without_partition_pair,8,rbf_svc,917,243,3,1,0,-0.9090658334788465
development_oof,without_partition_pair,8,rbf_svc,920,241,3,0,0,-0.897495635090752
development_oof,without_partition_pair,8,rbf_svc,921,16,3,0,0,-0.9025703991287214
development_oof,without_partition_pair,8,rbf_svc,930,235,3,1,1,0.12141364452502856
development_oof,without_partition_pair,8,rbf_svc,935,231,3,0,0,-1.0029796667570117
development_oof,without_partition_pair,8,rbf_svc,940,78,3,0,0,-0.9683677725433987
development_oof,without_partition_pair,8,rbf_svc,945,227,3,0,0,-0.7974498937792688
development_oof,without_partition_pair,8,rbf_svc,962,218,3,0,0,-0.9806019309903485
development_oof,without_partition_pair,8,rbf_svc,963,217,3,0,0,-1.1009662401331286
development_oof,without_partition_pair,8,rbf_svc,973,210,3,0,0,-0.8408906947838392
development_oof,without_partition_pair,8,rbf_svc,982,77,3,0,0,-0.9443529817716899
development_oof,without_partition_pair,8,rbf_svc,988,202,3,1,0,-0.8884664382864779
development_oof,without_partition_pair,8,rbf_svc,998,198,3,0,0,-0.6289721096628472
development_oof,without_partition_pair,8,rbf_svc,1002,197,3,0,0,-0.9024002926064697
development_oof,without_partition_pair,8,rbf_svc,1006,111,3,0,0,-0.815187438786399
development_oof,without_partition_pair,8,rbf_svc,1017,189,3,0,0,-1.0280017869859126
development_oof,without_partition_pair,8,rbf_svc,1025,63,3,1,0,-1.2382912416556646
development_oof,without_partition_pair,8,rbf_svc,1028,184,3,0,0,-0.8902249949583084
development_oof,without_partition_pair,8,rbf_svc,1029,183,3,0,0,-0.8740096852035596
development_oof,without_partition_pair,8,rbf_svc,16,93,4,1,1,2.0861637750556903
development_oof,without_partition_pair,8,rbf_svc,19,457,4,0,1,1.7182151437083668
development_oof,without_partition_pair,8,rbf_svc,27,53,4,0,1,0.3656833837758112
development_oof,without_partition_pair,8,rbf_svc,44,450,4,0,0,-2.6823234501079716
development_oof,without_partition_pair,8,rbf_svc,60,4,4,1,0,-1.124897829040331
development_oof,without_partition_pair,8,rbf_svc,62,82,4,0,0,-1.6524044694028386
development_oof,without_partition_pair,8,rbf_svc,66,82,4,1,1,0.5466773720861697
development_oof,without_partition_pair,8,rbf_svc,69,444,4,0,0,-1.9501261628547752
development_oof,without_partition_pair,8,rbf_svc,83,60,4,1,1,1.6591272993539692
development_oof,without_partition_pair,8,rbf_svc,84,9,4,1,0,-0.2693528845843989
development_oof,without_partition_pair,8,rbf_svc,86,174,4,1,1,0.8638093118796875
development_oof,without_partition_pair,8,rbf_svc,90,9,4,1,1,3.5386255901109287
development_oof,without_partition_pair,8,rbf_svc,95,161,4,0,0,-0.1984253309451378
development_oof,without_partition_pair,8,rbf_svc,102,15,4,0,1,1.3127659413374235
development_oof,without_partition_pair,8,rbf_svc,112,9,4,1,1,4.012014973543362
development_oof,without_partition_pair,8,rbf_svc,117,433,4,0,0,-3.7093587851025545
development_oof,without_partition_pair,8,rbf_svc,119,0,4,0,1,3.2789426787126468
development_oof,without_partition_pair,8,rbf_svc,123,9,4,1,1,3.567159153796812
development_oof,without_partition_pair,8,rbf_svc,131,170,4,1,1,1.6591272993539692
development_oof,without_partition_pair,8,rbf_svc,134,15,4,0,1,1.491885285721342
development_oof,without_partition_pair,8,rbf_svc,138,431,4,0,0,-0.6705510956125909
development_oof,without_partition_pair,8,rbf_svc,142,0,4,0,0,-1.0780221057652226
development_oof,without_partition_pair,8,rbf_svc,156,9,4,1,1,2.53556561404707
development_oof,without_partition_pair,8,rbf_svc,157,0,4,0,1,2.4336071535058497
development_oof,without_partition_pair,8,rbf_svc,159,4,4,1,0,-1.0891389135237408
development_oof,without_partition_pair,8,rbf_svc,169,9,4,1,1,4.11354996874889
development_oof,without_partition_pair,8,rbf_svc,170,60,4,1,1,1.8652644868257622
development_oof,without_partition_pair,8,rbf_svc,178,54,4,0,0,-0.6014228080170483
development_oof,without_partition_pair,8,rbf_svc,181,9,4,1,1,2.2550941264830535
development_oof,without_partition_pair,8,rbf_svc,183,422,4,0,0,-1.2607709336617123
development_oof,without_partition_pair,8,rbf_svc,184,4,4,1,0,-0.9820243156565166
development_oof,without_partition_pair,8,rbf_svc,187,9,4,1,1,2.988143057507563
development_oof,without_partition_pair,8,rbf_svc,193,9,4,1,1,4.1986558560285
development_oof,without_partition_pair,8,rbf_svc,198,53,4,0,0,-0.7157655142089823
development_oof,without_partition_pair,8,rbf_svc,201,9,4,1,1,3.839594939905989
development_oof,without_partition_pair,8,rbf_svc,206,125,4,1,0,-3.3957474691381333
development_oof,without_partition_pair,8,rbf_svc,210,104,4,1,1,1.1502227371827582
development_oof,without_partition_pair,8,rbf_svc,221,9,4,1,1,2.761127616514714
development_oof,without_partition_pair,8,rbf_svc,236,416,4,1,0,-1.3563307046773512
development_oof,without_partition_pair,8,rbf_svc,258,35,4,0,0,-2.791269113130924
development_oof,without_partition_pair,8,rbf_svc,277,102,4,1,0,-1.5818689715226406
development_oof,without_partition_pair,8,rbf_svc,294,122,4,0,0,-1.0996643656423322
development_oof,without_partition_pair,8,rbf_svc,304,24,4,1,0,-2.2836325719545223
development_oof,without_partition_pair,8,rbf_svc,310,401,4,0,0,-0.8146008056974199
development_oof,without_partition_pair,8,rbf_svc,311,400,4,1,1,1.8956849534420104
development_oof,without_partition_pair,8,rbf_svc,322,15,4,0,1,0.8367415744755866
development_oof,without_partition_pair,8,rbf_svc,335,15,4,0,1,1.2170767274876975
development_oof,without_partition_pair,8,rbf_svc,337,15,4,0,0,-0.3532127590723012
development_oof,without_partition_pair,8,rbf_svc,355,15,4,0,1,1.7467750058722222
development_oof,without_partition_pair,8,rbf_svc,358,389,4,0,0,-2.677296346515906
development_oof,without_partition_pair,8,rbf_svc,371,161,4,0,0,-0.8399951375984787
development_oof,without_partition_pair,8,rbf_svc,379,24,4,0,0,-0.7395324502853511
development_oof,without_partition_pair,8,rbf_svc,382,384,4,0,0,-1.6491120458875184
development_oof,without_partition_pair,8,rbf_svc,384,69,4,0,0,-3.1342810460640256
development_oof,without_partition_pair,8,rbf_svc,386,4,4,1,0,-0.6964450237394058
development_oof,without_partition_pair,8,rbf_svc,392,4,4,1,1,1.0732194764815055
development_oof,without_partition_pair,8,rbf_svc,393,0,4,0,1,0.24041487893247382
development_oof,without_partition_pair,8,rbf_svc,400,28,4,0,0,-3.2841366814399215
development_oof,without_partition_pair,8,rbf_svc,401,4,4,1,0,-0.37918389510454903
development_oof,without_partition_pair,8,rbf_svc,404,35,4,0,0,-0.7484429280180621
development_oof,without_partition_pair,8,rbf_svc,405,379,4,0,0,-1.7681770109249004
development_oof,without_partition_pair,8,rbf_svc,407,160,4,0,1,0.5355660853411228
development_oof,without_partition_pair,8,rbf_svc,409,4,4,1,1,0.6396365705750005
development_oof,without_partition_pair,8,rbf_svc,423,50,4,0,0,-1.5811185615355907
development_oof,without_partition_pair,8,rbf_svc,430,4,4,1,0,-2.324136219598622
development_oof,without_partition_pair,8,rbf_svc,434,97,4,1,1,2.6901188580096203
development_oof,without_partition_pair,8,rbf_svc,446,4,4,1,0,-1.467469254195019
development_oof,without_partition_pair,8,rbf_svc,454,104,4,1,1,0.673090202186553
development_oof,without_partition_pair,8,rbf_svc,455,93,4,1,1,3.363191443630396
development_oof,without_partition_pair,8,rbf_svc,462,15,4,0,0,-0.9455242682116334
development_oof,without_partition_pair,8,rbf_svc,464,4,4,1,1,0.29814683663440056
development_oof,without_partition_pair,8,rbf_svc,465,4,4,1,0,-0.47218792786506286
development_oof,without_partition_pair,8,rbf_svc,466,0,4,0,1,2.603713611790835
development_oof,without_partition_pair,8,rbf_svc,470,0,4,0,1,3.4361183044755954
development_oof,without_partition_pair,8,rbf_svc,480,367,4,0,0,-1.940508760690515
development_oof,without_partition_pair,8,rbf_svc,481,4,4,1,0,-0.9057687189956445
development_oof,without_partition_pair,8,rbf_svc,484,365,4,0,0,-0.20373642007566622
development_oof,without_partition_pair,8,rbf_svc,495,0,4,0,1,3.5094514851733845
development_oof,without_partition_pair,8,rbf_svc,498,54,4,0,0,-0.408983867545168
development_oof,without_partition_pair,8,rbf_svc,499,15,4,0,0,-2.1805049314338163
development_oof,without_partition_pair,8,rbf_svc,500,28,4,0,0,-2.958752660249187
development_oof,without_partition_pair,8,rbf_svc,501,72,4,0,0,-1.469186026120026
development_oof,without_partition_pair,8,rbf_svc,503,93,4,1,1,2.4893161339586194
development_oof,without_partition_pair,8,rbf_svc,506,0,4,0,0,-2.058763252246768
development_oof,without_partition_pair,8,rbf_svc,517,0,4,0,1,1.3933098906922103
development_oof,without_partition_pair,8,rbf_svc,519,53,4,0,1,0.599800147501824
development_oof,without_partition_pair,8,rbf_svc,520,53,4,0,0,-0.3785779556182079
development_oof,without_partition_pair,8,rbf_svc,524,0,4,0,0,-0.4818716094620822
development_oof,without_partition_pair,8,rbf_svc,525,15,4,0,1,1.6021535695774767
development_oof,without_partition_pair,8,rbf_svc,527,0,4,0,1,1.7837949764212095
development_oof,without_partition_pair,8,rbf_svc,528,359,4,0,1,0.4088094885104453
development_oof,without_partition_pair,8,rbf_svc,529,0,4,0,0,-1.0662495515383072
development_oof,without_partition_pair,8,rbf_svc,542,35,4,1,0,-2.302798337797071
development_oof,without_partition_pair,8,rbf_svc,543,0,4,0,0,-0.6117764686945644
development_oof,without_partition_pair,8,rbf_svc,545,136,4,1,0,-2.118174895909606
development_oof,without_partition_pair,8,rbf_svc,553,0,4,0,1,2.79054782723095
development_oof,without_partition_pair,8,rbf_svc,559,351,4,0,0,-0.5217574074652167
development_oof,without_partition_pair,8,rbf_svc,560,0,4,0,0,-3.048001079970357
development_oof,without_partition_pair,8,rbf_svc,568,0,4,0,1,1.197855932989057
development_oof,without_partition_pair,8,rbf_svc,570,0,4,1,1,1.077157031149007
development_oof,without_partition_pair,8,rbf_svc,572,0,4,1,1,2.3016417695600033
development_oof,without_partition_pair,8,rbf_svc,577,44,4,0,0,-2.927221013940286
development_oof,without_partition_pair,8,rbf_svc,581,347,4,0,0,-5.579865231851549
development_oof,without_partition_pair,8,rbf_svc,582,44,4,0,0,-0.31630288912866206
development_oof,without_partition_pair,8,rbf_svc,583,69,4,0,0,-3.4409594794627703
development_oof,without_partition_pair,8,rbf_svc,588,344,4,0,0,-1.4346772313068985
development_oof,without_partition_pair,8,rbf_svc,592,0,4,1,1,1.9895769557075482
development_oof,without_partition_pair,8,rbf_svc,595,35,4,0,0,-1.966368690417178
development_oof,without_partition_pair,8,rbf_svc,600,151,4,0,0,-1.183023669373084
development_oof,without_partition_pair,8,rbf_svc,602,338,4,0,1,1.704598244198994
development_oof,without_partition_pair,8,rbf_svc,604,0,4,0,1,1.7312142484154922
development_oof,without_partition_pair,8,rbf_svc,605,0,4,0,1,0.646490524123227
development_oof,without_partition_pair,8,rbf_svc,607,0,4,1,1,3.4278567788467633
development_oof,without_partition_pair,8,rbf_svc,608,0,4,0,1,0.9051162220789519
development_oof,without_partition_pair,8,rbf_svc,610,0,4,0,1,1.4127409548318248
development_oof,without_partition_pair,8,rbf_svc,611,0,4,0,0,-0.7889592430271332
development_oof,without_partition_pair,8,rbf_svc,613,85,4,0,0,-4.781296849091104
development_oof,without_partition_pair,8,rbf_svc,615,0,4,0,1,2.052030761279171
development_oof,without_partition_pair,8,rbf_svc,627,335,4,0,0,-1.1767672736746437
development_oof,without_partition_pair,8,rbf_svc,633,0,4,0,0,-2.6290434368144555
development_oof,without_partition_pair,8,rbf_svc,646,0,4,0,1,1.0605850418666978
development_oof,without_partition_pair,8,rbf_svc,647,0,4,0,1,0.3228540316095657
development_oof,without_partition_pair,8,rbf_svc,648,329,4,0,1,1.1283727852529528
development_oof,without_partition_pair,8,rbf_svc,657,4,4,1,1,0.25003545047367426
development_oof,without_partition_pair,8,rbf_svc,662,0,4,0,1,0.8146394603417049
development_oof,without_partition_pair,8,rbf_svc,665,69,4,1,0,-1.4008740110547946
development_oof,without_partition_pair,8,rbf_svc,666,44,4,0,0,-0.8436910940047769
development_oof,without_partition_pair,8,rbf_svc,667,0,4,0,0,-0.9652484318229267
development_oof,without_partition_pair,8,rbf_svc,671,321,4,1,0,-2.0322263868202612
development_oof,without_partition_pair,8,rbf_svc,674,4,4,0,0,-0.6817233179351263
development_oof,without_partition_pair,8,rbf_svc,683,142,4,0,0,-0.42187009203562376
development_oof,without_partition_pair,8,rbf_svc,691,142,4,0,0,-3.5703387414264576
development_oof,without_partition_pair,8,rbf_svc,692,0,4,0,1,3.0420936068340816
development_oof,without_partition_pair,8,rbf_svc,693,0,4,0,0,-2.865609493562892
development_oof,without_partition_pair,8,rbf_svc,699,0,4,0,1,1.1748973906883093
development_oof,without_partition_pair,8,rbf_svc,701,0,4,1,1,1.036856045686093
development_oof,without_partition_pair,8,rbf_svc,704,313,4,0,0,-2.1085399122271484
development_oof,without_partition_pair,8,rbf_svc,706,0,4,0,1,2.2662859601091485
development_oof,without_partition_pair,8,rbf_svc,715,4,4,1,0,-2.407003322269056
development_oof,without_partition_pair,8,rbf_svc,729,0,4,0,0,-1.5197877517565974
development_oof,without_partition_pair,8,rbf_svc,731,60,4,0,0,-0.2820498230335588
development_oof,without_partition_pair,8,rbf_svc,735,132,4,0,0,-0.6859394923444002
development_oof,without_partition_pair,8,rbf_svc,737,85,4,1,0,-3.343066595014281
development_oof,without_partition_pair,8,rbf_svc,738,136,4,1,1,1.0047751855856921
development_oof,without_partition_pair,8,rbf_svc,740,44,4,0,0,-1.2875982799251229
development_oof,without_partition_pair,8,rbf_svc,742,305,4,0,0,-1.9218475550210903
development_oof,without_partition_pair,8,rbf_svc,745,0,4,0,0,-1.1233060484389539
development_oof,without_partition_pair,8,rbf_svc,753,85,4,0,0,-1.9952681715562601
development_oof,without_partition_pair,8,rbf_svc,761,44,4,0,0,-1.6345526459311674
development_oof,without_partition_pair,8,rbf_svc,776,298,4,0,0,-2.501798730301002
development_oof,without_partition_pair,8,rbf_svc,794,0,4,0,1,2.4856341466951632
development_oof,without_partition_pair,8,rbf_svc,796,35,4,0,0,-1.3593076839454634
development_oof,without_partition_pair,8,rbf_svc,800,132,4,0,0,-1.167122780149556
development_oof,without_partition_pair,8,rbf_svc,803,289,4,0,1,1.368320178183955
development_oof,without_partition_pair,8,rbf_svc,818,283,4,0,0,-1.9469555606369364
development_oof,without_partition_pair,8,rbf_svc,822,35,4,0,0,-2.388862204902509
development_oof,without_partition_pair,8,rbf_svc,839,82,4,0,1,0.2729066374696255
development_oof,without_partition_pair,8,rbf_svc,844,276,4,0,0,-0.6870505391436206
development_oof,without_partition_pair,8,rbf_svc,855,270,4,0,0,-3.6624636959355326
development_oof,without_partition_pair,8,rbf_svc,865,263,4,0,0,-1.0193422346942442
development_oof,without_partition_pair,8,rbf_svc,867,60,4,0,1,2.077778430525146
development_oof,without_partition_pair,8,rbf_svc,885,256,4,0,1,1.174469713634713
development_oof,without_partition_pair,8,rbf_svc,888,254,4,1,0,-3.8417879349119826
development_oof,without_partition_pair,8,rbf_svc,891,125,4,0,0,-1.1740659727678733
development_oof,without_partition_pair,8,rbf_svc,902,122,4,1,1,0.3157316936884532
development_oof,without_partition_pair,8,rbf_svc,907,246,4,0,0,-0.6096683263152387
development_oof,without_partition_pair,8,rbf_svc,918,242,4,0,1,0.6667539869637675
development_oof,without_partition_pair,8,rbf_svc,931,234,4,0,0,-3.7081960235949496
development_oof,without_partition_pair,8,rbf_svc,949,224,4,0,0,-0.6628296949721253
development_oof,without_partition_pair,8,rbf_svc,954,4,4,1,1,2.6323853132264294
development_oof,without_partition_pair,8,rbf_svc,968,214,4,1,0,-0.9173219037446969
development_oof,without_partition_pair,8,rbf_svc,980,207,4,0,0,-0.5155587840172788
development_oof,without_partition_pair,8,rbf_svc,981,206,4,0,0,-1.8668243248107084
development_oof,without_partition_pair,8,rbf_svc,984,204,4,1,0,-1.1554968343731629
development_oof,without_partition_pair,8,rbf_svc,991,0,4,0,1,1.9596928658317267
development_oof,without_partition_pair,8,rbf_svc,993,69,4,0,0,-2.050293013037688
development_oof,without_partition_pair,8,rbf_svc,995,112,4,0,0,-0.8577979576102438
development_oof,without_partition_pair,8,rbf_svc,1016,190,4,1,0,-2.0827997818923683
development_oof,without_partition_pair,8,rbf_svc,1024,4,4,1,0,-1.3372512535625682
development_oof,without_partition_pair,8,rbf_svc,1031,181,4,0,1,0.11686226935141009
development_oof,without_partition_pair,8,rbf_svc,1033,179,4,0,0,-0.5524981526195663
development_oof,without_partition_pair,8,rbf_svc,5,31,5,1,1,1.1054075920764153
development_oof,without_partition_pair,8,rbf_svc,6,61,5,0,0,-0.9518357917492104
development_oof,without_partition_pair,8,rbf_svc,15,458,5,1,1,0.9671850713495418
development_oof,without_partition_pair,8,rbf_svc,23,11,5,0,0,-0.7755640669687189
development_oof,without_partition_pair,8,rbf_svc,26,11,5,0,0,-0.9223814302310249
development_oof,without_partition_pair,8,rbf_svc,41,451,5,0,0,-1.101469416170047
development_oof,without_partition_pair,8,rbf_svc,46,18,5,0,1,1.0024464365422745
development_oof,without_partition_pair,8,rbf_svc,49,11,5,0,0,-1.122428264833261
development_oof,without_partition_pair,8,rbf_svc,52,448,5,0,0,-1.2107686694207873
development_oof,without_partition_pair,8,rbf_svc,57,61,5,0,0,-0.942480483173685
development_oof,without_partition_pair,8,rbf_svc,58,11,5,0,0,-1.1009444789990248
development_oof,without_partition_pair,8,rbf_svc,59,11,5,0,0,-0.837579578974166
development_oof,without_partition_pair,8,rbf_svc,76,11,5,0,0,-0.05634690988305424
development_oof,without_partition_pair,8,rbf_svc,79,175,5,1,0,-0.5898892636019044
development_oof,without_partition_pair,8,rbf_svc,85,17,5,1,1,0.9320992187797561
development_oof,without_partition_pair,8,rbf_svc,96,18,5,1,1,1.0750165176569222
development_oof,without_partition_pair,8,rbf_svc,98,438,5,0,0,-0.8463155697172258
development_oof,without_partition_pair,8,rbf_svc,100,31,5,1,1,1.035580364295186
development_oof,without_partition_pair,8,rbf_svc,105,437,5,1,0,-0.6407870593314129
development_oof,without_partition_pair,8,rbf_svc,106,18,5,1,1,1.0065976996996535
development_oof,without_partition_pair,8,rbf_svc,111,106,5,0,0,-0.7586994932916153
development_oof,without_partition_pair,8,rbf_svc,116,434,5,0,1,0.280701342720884
development_oof,without_partition_pair,8,rbf_svc,130,171,5,0,0,-0.6061035804471306
development_oof,without_partition_pair,8,rbf_svc,132,18,5,1,1,1.0241420045611722
development_oof,without_partition_pair,8,rbf_svc,141,106,5,0,0,-1.1289636184784333
development_oof,without_partition_pair,8,rbf_svc,149,106,5,0,0,-0.9108716595604627
development_oof,without_partition_pair,8,rbf_svc,150,55,5,1,1,0.9665451559876352
development_oof,without_partition_pair,8,rbf_svc,152,429,5,0,0,-0.39995427698349073
development_oof,without_partition_pair,8,rbf_svc,161,427,5,0,0,-0.6158548144074285
development_oof,without_partition_pair,8,rbf_svc,163,18,5,1,1,2.7929596686370806
development_oof,without_partition_pair,8,rbf_svc,165,17,5,1,1,1.0472483448237966
development_oof,without_partition_pair,8,rbf_svc,167,18,5,1,1,1.0105542619053094
development_oof,without_partition_pair,8,rbf_svc,172,423,5,0,1,2.7098341187964317
development_oof,without_partition_pair,8,rbf_svc,179,11,5,0,0,-0.7411611182785107
development_oof,without_partition_pair,8,rbf_svc,182,31,5,1,1,0.9806535094435238
development_oof,without_partition_pair,8,rbf_svc,186,18,5,1,1,1.0251817291815681
development_oof,without_partition_pair,8,rbf_svc,195,31,5,1,1,1.0699558247829983
development_oof,without_partition_pair,8,rbf_svc,208,31,5,1,1,1.1761089920143486
development_oof,without_partition_pair,8,rbf_svc,215,61,5,0,0,-0.8251903970388226
development_oof,without_partition_pair,8,rbf_svc,219,418,5,0,0,-0.8706787429591174
development_oof,without_partition_pair,8,rbf_svc,223,68,5,0,0,-1.180636927727125
development_oof,without_partition_pair,8,rbf_svc,225,55,5,1,1,0.9864979140994643
development_oof,without_partition_pair,8,rbf_svc,231,417,5,0,0,-0.8951825364461261
development_oof,without_partition_pair,8,rbf_svc,233,17,5,1,1,0.9372779265909099
development_oof,without_partition_pair,8,rbf_svc,255,410,5,0,0,-0.9135459534003643
development_oof,without_partition_pair,8,rbf_svc,256,18,5,1,1,1.1029998465722366
development_oof,without_partition_pair,8,rbf_svc,259,409,5,0,0,-0.6514813417902918
development_oof,without_partition_pair,8,rbf_svc,261,25,5,1,0,-1.0366880293893164
development_oof,without_partition_pair,8,rbf_svc,273,25,5,1,0,-0.900875697347604
development_oof,without_partition_pair,8,rbf_svc,276,17,5,1,1,1.0855080443663014
development_oof,without_partition_pair,8,rbf_svc,297,163,5,0,0,-0.9965793127976597
development_oof,without_partition_pair,8,rbf_svc,298,405,5,0,0,-1.1527726018184759
development_oof,without_partition_pair,8,rbf_svc,316,100,5,0,0,-0.9817339462761476
development_oof,without_partition_pair,8,rbf_svc,319,163,5,0,0,-0.9816135865457059
development_oof,without_partition_pair,8,rbf_svc,326,157,5,1,1,1.0246776228986871
development_oof,without_partition_pair,8,rbf_svc,330,76,5,1,0,-1.1084336749181787
development_oof,without_partition_pair,8,rbf_svc,334,394,5,0,0,-1.0728956871115518
development_oof,without_partition_pair,8,rbf_svc,336,55,5,1,1,0.9541373849034358
development_oof,without_partition_pair,8,rbf_svc,338,17,5,1,1,1.0463840836526601
development_oof,without_partition_pair,8,rbf_svc,339,11,5,0,0,-0.25096675383056577
development_oof,without_partition_pair,8,rbf_svc,340,393,5,0,0,-0.979658731541446
development_oof,without_partition_pair,8,rbf_svc,343,17,5,1,1,1.0455109127703022
development_oof,without_partition_pair,8,rbf_svc,347,17,5,1,1,1.078851114729348
development_oof,without_partition_pair,8,rbf_svc,351,100,5,1,0,-1.0101775262023025
development_oof,without_partition_pair,8,rbf_svc,357,37,5,1,1,1.0416201033809809
development_oof,without_partition_pair,8,rbf_svc,364,25,5,1,0,-0.9571617691016285
development_oof,without_partition_pair,8,rbf_svc,372,17,5,1,1,0.9474887604458928
development_oof,without_partition_pair,8,rbf_svc,377,386,5,0,0,-0.8924454705765179
development_oof,without_partition_pair,8,rbf_svc,381,76,5,0,0,-1.0205955485999862
development_oof,without_partition_pair,8,rbf_svc,397,11,5,0,0,-1.0290283629138977
development_oof,without_partition_pair,8,rbf_svc,402,380,5,0,0,-1.1569298068839287
development_oof,without_partition_pair,8,rbf_svc,435,374,5,0,0,-0.9686851894284569
development_oof,without_partition_pair,8,rbf_svc,436,25,5,1,0,-0.6541250109349315
development_oof,without_partition_pair,8,rbf_svc,458,18,5,0,1,1.0433145896241653
development_oof,without_partition_pair,8,rbf_svc,459,25,5,1,0,-1.0350862686659819
development_oof,without_partition_pair,8,rbf_svc,468,370,5,0,0,-1.133528523859608
development_oof,without_partition_pair,8,rbf_svc,479,368,5,0,0,-0.9562872173737376
development_oof,without_partition_pair,8,rbf_svc,486,157,5,0,0,-1.099911035349112
development_oof,without_partition_pair,8,rbf_svc,494,94,5,0,0,-0.8250785448641287
development_oof,without_partition_pair,8,rbf_svc,533,71,5,0,0,-0.666222000016073
development_oof,without_partition_pair,8,rbf_svc,536,71,5,0,0,-0.7591665484521666
development_oof,without_partition_pair,8,rbf_svc,549,355,5,0,0,-0.7244768119936789
development_oof,without_partition_pair,8,rbf_svc,555,352,5,1,1,1.2059462772089404
development_oof,without_partition_pair,8,rbf_svc,557,66,5,0,0,-0.5959973716361573
development_oof,without_partition_pair,8,rbf_svc,563,71,5,0,0,-0.6757820552072789
development_oof,without_partition_pair,8,rbf_svc,575,115,5,0,0,-0.5434669414945446
development_oof,without_partition_pair,8,rbf_svc,579,114,5,1,0,-0.9660043372916063
development_oof,without_partition_pair,8,rbf_svc,585,31,5,1,1,1.1570294700257404
development_oof,without_partition_pair,8,rbf_svc,587,345,5,0,0,-0.6108077563790453
development_oof,without_partition_pair,8,rbf_svc,601,339,5,0,0,-1.0876656361614583
development_oof,without_partition_pair,8,rbf_svc,612,87,5,0,0,-1.0050420805523446
development_oof,without_partition_pair,8,rbf_svc,620,68,5,0,0,-1.1315530024443785
development_oof,without_partition_pair,8,rbf_svc,634,17,5,1,1,1.0687178175736243
development_oof,without_partition_pair,8,rbf_svc,635,68,5,1,0,-1.0498830390743714
development_oof,without_partition_pair,8,rbf_svc,640,146,5,0,0,-0.9411382205552556
development_oof,without_partition_pair,8,rbf_svc,641,66,5,0,0,-0.8807630716723385
development_oof,without_partition_pair,8,rbf_svc,643,330,5,0,0,-0.9799145808216807
development_oof,without_partition_pair,8,rbf_svc,645,146,5,0,0,-0.9612442296072798
development_oof,without_partition_pair,8,rbf_svc,656,326,5,0,0,-0.5909030023840913
development_oof,without_partition_pair,8,rbf_svc,664,116,5,0,0,-0.9690475733084967
development_oof,without_partition_pair,8,rbf_svc,675,71,5,0,0,-0.5406665573043126
development_oof,without_partition_pair,8,rbf_svc,682,317,5,0,0,-1.0250900140646142
development_oof,without_partition_pair,8,rbf_svc,688,143,5,0,0,-0.8229418902495287
development_oof,without_partition_pair,8,rbf_svc,698,314,5,0,0,-0.706360848103589
development_oof,without_partition_pair,8,rbf_svc,711,45,5,0,0,-0.7156034288522
development_oof,without_partition_pair,8,rbf_svc,723,25,5,0,0,-1.0198429037592105
development_oof,without_partition_pair,8,rbf_svc,725,45,5,1,0,-0.7454508651344136
development_oof,without_partition_pair,8,rbf_svc,726,31,5,1,1,1.064358510923075
development_oof,without_partition_pair,8,rbf_svc,732,45,5,0,0,-0.7491115198048532
development_oof,without_partition_pair,8,rbf_svc,736,137,5,0,0,-0.7295595627742053
development_oof,without_partition_pair,8,rbf_svc,741,306,5,0,0,-1.1119892552929158
development_oof,without_partition_pair,8,rbf_svc,744,87,5,0,0,-1.0569535687380711
development_oof,without_partition_pair,8,rbf_svc,749,11,5,0,0,-0.9919419371498199
development_oof,without_partition_pair,8,rbf_svc,799,45,5,0,0,-0.6126526390721485
development_oof,without_partition_pair,8,rbf_svc,802,131,5,0,0,-0.9008905261939149
development_oof,without_partition_pair,8,rbf_svc,816,284,5,0,0,-0.45752300657807976
development_oof,without_partition_pair,8,rbf_svc,837,278,5,0,0,-1.1014551112694522
development_oof,without_partition_pair,8,rbf_svc,845,11,5,0,0,-1.0031927716906794
development_oof,without_partition_pair,8,rbf_svc,857,268,5,0,0,-0.875236447803547
development_oof,without_partition_pair,8,rbf_svc,858,61,5,0,0,-0.8235123711136139
development_oof,without_partition_pair,8,rbf_svc,860,266,5,0,0,-0.8019423104641927
development_oof,without_partition_pair,8,rbf_svc,870,260,5,0,0,-0.9240775277626734
development_oof,without_partition_pair,8,rbf_svc,900,249,5,0,0,-0.7775775393652704
development_oof,without_partition_pair,8,rbf_svc,906,247,5,0,0,-1.0057415723964003
development_oof,without_partition_pair,8,rbf_svc,915,25,5,1,0,-1.0023285200992789
development_oof,without_partition_pair,8,rbf_svc,926,238,5,1,0,-0.98196878635744
development_oof,without_partition_pair,8,rbf_svc,939,229,5,1,0,-0.4009332269357264
development_oof,without_partition_pair,8,rbf_svc,948,225,5,1,0,-0.2221724219279091
development_oof,without_partition_pair,8,rbf_svc,958,220,5,0,0,-1.1557611022469871
development_oof,without_partition_pair,8,rbf_svc,960,116,5,0,0,-0.9730450633890195
development_oof,without_partition_pair,8,rbf_svc,969,115,5,0,0,-0.6122665741038025
development_oof,without_partition_pair,8,rbf_svc,971,212,5,1,0,-0.4720121277607403
development_oof,without_partition_pair,8,rbf_svc,972,211,5,0,0,-0.9758407365897417
development_oof,without_partition_pair,8,rbf_svc,974,45,5,0,0,-0.6761287521096009
development_oof,without_partition_pair,8,rbf_svc,975,66,5,0,0,-0.6968263911982311
development_oof,without_partition_pair,8,rbf_svc,979,114,5,0,0,-1.0898487074649286
development_oof,without_partition_pair,8,rbf_svc,990,201,5,0,0,-0.7046845236913646
development_oof,without_partition_pair,8,rbf_svc,1008,76,5,0,0,-1.0418629153269137
development_oof,without_partition_pair,8,rbf_svc,1010,194,5,0,0,-0.5792369685417287
development_oof,without_partition_pair,8,rbf_svc,1015,191,5,1,0,-1.15897806701893
development_oof,without_partition_pair,8,rbf_svc,1027,185,5,1,1,0.9679226301710915
development_oof,without_partition_pair,8,rbf_svc,1032,180,5,0,0,-0.20491545879194306
development_oof,without_partition_pair,8,random_forest,3,108,1,0,0,0.09666666666666666
development_oof,without_partition_pair,8,random_forest,13,109,1,1,1,0.7466666666666667
development_oof,without_partition_pair,8,random_forest,22,456,1,0,0,0.15
development_oof,without_partition_pair,8,random_forest,24,455,1,0,0,0.37
development_oof,without_partition_pair,8,random_forest,25,12,1,1,0,0.39666666666666667
development_oof,without_partition_pair,8,random_forest,35,108,1,0,0,0.11666666666666667
development_oof,without_partition_pair,8,random_forest,43,6,1,0,0,0.08666666666666667
development_oof,without_partition_pair,8,random_forest,53,447,1,0,0,0.07333333333333333
development_oof,without_partition_pair,8,random_forest,65,168,1,1,1,0.95
development_oof,without_partition_pair,8,random_forest,68,445,1,1,0,0.07333333333333333
development_oof,without_partition_pair,8,random_forest,70,166,1,0,0,0.08
development_oof,without_partition_pair,8,random_forest,72,12,1,1,0,0.38666666666666666
development_oof,without_partition_pair,8,random_forest,75,108,1,0,0,0.14
development_oof,without_partition_pair,8,random_forest,88,12,1,0,0,0.18
development_oof,without_partition_pair,8,random_forest,89,6,1,0,0,0.11333333333333333
development_oof,without_partition_pair,8,random_forest,110,41,1,0,0,0.18333333333333332
development_oof,without_partition_pair,8,random_forest,129,58,1,1,0,0.27666666666666667
development_oof,without_partition_pair,8,random_forest,133,432,1,1,1,0.8466666666666667
development_oof,without_partition_pair,8,random_forest,144,41,1,0,0,0.09666666666666666
development_oof,without_partition_pair,8,random_forest,153,41,1,0,0,0.4
development_oof,without_partition_pair,8,random_forest,155,41,1,0,0,0.16333333333333333
development_oof,without_partition_pair,8,random_forest,168,424,1,0,0,0.10666666666666667
development_oof,without_partition_pair,8,random_forest,171,41,1,1,0,0.42333333333333334
development_oof,without_partition_pair,8,random_forest,197,168,1,1,1,0.9766666666666667
development_oof,without_partition_pair,8,random_forest,205,41,1,0,0,0.3233333333333333
development_oof,without_partition_pair,8,random_forest,209,420,1,1,1,0.8866666666666667
development_oof,without_partition_pair,8,random_forest,232,6,1,0,0,0.11333333333333333
development_oof,without_partition_pair,8,random_forest,237,117,1,0,0,0.09
development_oof,without_partition_pair,8,random_forest,243,414,1,0,0,0.16333333333333333
development_oof,without_partition_pair,8,random_forest,250,166,1,0,0,0.06666666666666667
development_oof,without_partition_pair,8,random_forest,270,12,1,1,0,0.2966666666666667
development_oof,without_partition_pair,8,random_forest,272,19,1,0,0,0.1
development_oof,without_partition_pair,8,random_forest,282,406,1,1,1,0.77
development_oof,without_partition_pair,8,random_forest,289,6,1,0,0,0.1
development_oof,without_partition_pair,8,random_forest,303,12,1,1,0,0.45
development_oof,without_partition_pair,8,random_forest,305,402,1,0,0,0.18
development_oof,without_partition_pair,8,random_forest,306,101,1,1,0,0.03333333333333333
development_oof,without_partition_pair,8,random_forest,307,12,1,1,0,0.4066666666666667
development_oof,without_partition_pair,8,random_forest,314,398,1,0,0,0.08333333333333333
development_oof,without_partition_pair,8,random_forest,318,127,1,1,0,0.26
development_oof,without_partition_pair,8,random_forest,328,395,1,1,0,0.44
development_oof,without_partition_pair,8,random_forest,345,73,1,0,1,0.9733333333333334
development_oof,without_partition_pair,8,random_forest,346,12,1,1,0,0.31666666666666665
development_oof,without_partition_pair,8,random_forest,350,12,1,0,0,0.23333333333333334
development_oof,without_partition_pair,8,random_forest,362,36,1,0,0,0.04
development_oof,without_partition_pair,8,random_forest,366,79,1,1,0,0.17
development_oof,without_partition_pair,8,random_forest,367,79,1,1,0,0.12666666666666668
development_oof,without_partition_pair,8,random_forest,368,387,1,0,0,0.44
development_oof,without_partition_pair,8,random_forest,383,12,1,1,0,0.31333333333333335
development_oof,without_partition_pair,8,random_forest,390,381,1,0,1,0.67
development_oof,without_partition_pair,8,random_forest,411,6,1,0,0,0.1
development_oof,without_partition_pair,8,random_forest,415,12,1,1,0,0.44666666666666666
development_oof,without_partition_pair,8,random_forest,418,6,1,0,0,0.18
development_oof,without_partition_pair,8,random_forest,427,6,1,0,0,0.31
development_oof,without_partition_pair,8,random_forest,432,375,1,0,0,0.15
development_oof,without_partition_pair,8,random_forest,433,58,1,1,0,0.44333333333333336
development_oof,without_partition_pair,8,random_forest,445,95,1,0,0,0.18666666666666668
development_oof,without_partition_pair,8,random_forest,452,73,1,1,1,0.9633333333333334
development_oof,without_partition_pair,8,random_forest,467,6,1,0,0,0.24333333333333335
development_oof,without_partition_pair,8,random_forest,476,95,1,0,0,0.35
development_oof,without_partition_pair,8,random_forest,478,6,1,0,0,0.4033333333333333
development_oof,without_partition_pair,8,random_forest,488,26,1,1,0,0.06
development_oof,without_partition_pair,8,random_forest,507,26,1,0,0,0.16333333333333333
development_oof,without_partition_pair,8,random_forest,509,362,1,0,0,0.07666666666666666
development_oof,without_partition_pair,8,random_forest,512,361,1,0,0,0.16333333333333333
development_oof,without_partition_pair,8,random_forest,521,26,1,0,0,0.08666666666666667
development_oof,without_partition_pair,8,random_forest,530,358,1,1,0,0.24333333333333335
development_oof,without_partition_pair,8,random_forest,531,6,1,0,0,0.09666666666666666
development_oof,without_partition_pair,8,random_forest,532,26,1,0,0,0.09333333333333334
development_oof,without_partition_pair,8,random_forest,534,26,1,0,0,0.08
development_oof,without_partition_pair,8,random_forest,552,6,1,0,0,0.11333333333333333
development_oof,without_partition_pair,8,random_forest,564,47,1,1,0,0.07
development_oof,without_partition_pair,8,random_forest,573,350,1,0,0,0.3
development_oof,without_partition_pair,8,random_forest,576,349,1,0,0,0.24
development_oof,without_partition_pair,8,random_forest,578,26,1,0,0,0.1
development_oof,without_partition_pair,8,random_forest,590,152,1,0,0,0.31
development_oof,without_partition_pair,8,random_forest,591,343,1,0,0,0.36666666666666664
development_oof,without_partition_pair,8,random_forest,630,67,1,0,0,0.14333333333333334
development_oof,without_partition_pair,8,random_forest,637,47,1,1,0,0.14333333333333334
development_oof,without_partition_pair,8,random_forest,639,332,1,0,1,0.5766666666666667
development_oof,without_partition_pair,8,random_forest,642,331,1,0,0,0.24333333333333335
development_oof,without_partition_pair,8,random_forest,644,47,1,1,0,0.08666666666666667
development_oof,without_partition_pair,8,random_forest,650,88,1,0,0,0.14333333333333334
development_oof,without_partition_pair,8,random_forest,651,67,1,0,0,0.17333333333333334
development_oof,without_partition_pair,8,random_forest,654,327,1,0,0,0.33
development_oof,without_partition_pair,8,random_forest,673,320,1,0,0,0.11333333333333333
development_oof,without_partition_pair,8,random_forest,676,6,1,0,0,0.19
development_oof,without_partition_pair,8,random_forest,679,6,1,0,0,0.20666666666666667
development_oof,without_partition_pair,8,random_forest,680,145,1,0,0,0.46
development_oof,without_partition_pair,8,random_forest,695,47,1,1,0,0.07666666666666666
development_oof,without_partition_pair,8,random_forest,708,310,1,0,1,0.6566666666666666
development_oof,without_partition_pair,8,random_forest,709,88,1,0,0,0.31333333333333335
development_oof,without_partition_pair,8,random_forest,713,139,1,0,0,0.3933333333333333
development_oof,without_partition_pair,8,random_forest,721,139,1,1,0,0.32
development_oof,without_partition_pair,8,random_forest,722,307,1,0,0,0.4866666666666667
development_oof,without_partition_pair,8,random_forest,727,32,1,0,0,0.29333333333333333
development_oof,without_partition_pair,8,random_forest,734,12,1,1,0,0.27666666666666667
development_oof,without_partition_pair,8,random_forest,748,64,1,0,0,0.3433333333333333
development_oof,without_partition_pair,8,random_forest,763,301,1,0,0,0.13333333333333333
development_oof,without_partition_pair,8,random_forest,771,43,1,0,0,0.34
development_oof,without_partition_pair,8,random_forest,773,58,1,1,0,0.2833333333333333
development_oof,without_partition_pair,8,random_forest,775,134,1,0,1,0.6433333333333333
development_oof,without_partition_pair,8,random_forest,779,43,1,0,0,0.41
development_oof,without_partition_pair,8,random_forest,782,43,1,0,0,0.44
development_oof,without_partition_pair,8,random_forest,783,296,1,0,0,0.3566666666666667
development_oof,without_partition_pair,8,random_forest,784,43,1,1,0,0.4
development_oof,without_partition_pair,8,random_forest,788,295,1,1,0,0.32
development_oof,without_partition_pair,8,random_forest,795,110,1,1,0,0.43333333333333335
development_oof,without_partition_pair,8,random_forest,797,43,1,0,0,0.20333333333333334
development_oof,without_partition_pair,8,random_forest,812,285,1,0,0,0.34
development_oof,without_partition_pair,8,random_forest,814,88,1,0,0,0.08666666666666667
development_oof,without_partition_pair,8,random_forest,836,279,1,1,0,0.13666666666666666
development_oof,without_partition_pair,8,random_forest,853,272,1,0,0,0.30333333333333334
development_oof,without_partition_pair,8,random_forest,868,261,1,0,0,0.07333333333333333
development_oof,without_partition_pair,8,random_forest,886,255,1,0,0,0.20333333333333334
development_oof,without_partition_pair,8,random_forest,889,127,1,0,0,0.26666666666666666
development_oof,without_partition_pair,8,random_forest,892,26,1,0,0,0.10666666666666667
development_oof,without_partition_pair,8,random_forest,903,248,1,0,0,0.36333333333333334
development_oof,without_partition_pair,8,random_forest,909,245,1,0,0,0.17
development_oof,without_partition_pair,8,random_forest,912,19,1,0,0,0.25666666666666665
development_oof,without_partition_pair,8,random_forest,924,239,1,0,0,0.23666666666666666
development_oof,without_partition_pair,8,random_forest,929,67,1,0,0,0.21666666666666667
development_oof,without_partition_pair,8,random_forest,937,230,1,0,0,0.03333333333333333
development_oof,without_partition_pair,8,random_forest,938,79,1,0,0,0.15
development_oof,without_partition_pair,8,random_forest,944,58,1,1,0,0.46
development_oof,without_partition_pair,8,random_forest,956,222,1,0,0,0.49
development_oof,without_partition_pair,8,random_forest,959,117,1,0,0,0.11666666666666667
development_oof,without_partition_pair,8,random_forest,961,219,1,0,0,0.23666666666666666
development_oof,without_partition_pair,8,random_forest,970,213,1,0,0,0.39666666666666667
development_oof,without_partition_pair,8,random_forest,983,205,1,1,0,0.22666666666666666
development_oof,without_partition_pair,8,random_forest,989,47,1,0,0,0.26666666666666666
development_oof,without_partition_pair,8,random_forest,992,200,1,0,0,0.06333333333333334
development_oof,without_partition_pair,8,random_forest,997,6,1,0,0,0.36333333333333334
development_oof,without_partition_pair,8,random_forest,1007,195,1,0,0,0.24666666666666667
development_oof,without_partition_pair,8,random_forest,1011,110,1,1,1,0.51
development_oof,without_partition_pair,8,random_forest,1023,187,1,0,0,0.5
development_oof,without_partition_pair,8,random_forest,1034,178,1,0,0,0.11666666666666667
development_oof,without_partition_pair,8,random_forest,2,460,2,0,0,0.4727129280996667
development_oof,without_partition_pair,8,random_forest,8,107,2,0,0,0.37836199143144644
development_oof,without_partition_pair,8,random_forest,18,56,2,1,1,0.9505232712119073
development_oof,without_partition_pair,8,random_forest,33,452,2,0,0,0.08492586385428638
development_oof,without_partition_pair,8,random_forest,34,23,2,0,0,0.2709881437173433
development_oof,without_partition_pair,8,random_forest,37,177,2,0,0,0.03383073590097397
development_oof,without_partition_pair,8,random_forest,50,40,2,1,1,0.957013444256911
development_oof,without_partition_pair,8,random_forest,51,75,2,1,0,0.36851542924719843
development_oof,without_partition_pair,8,random_forest,55,107,2,0,0,0.05317471190133519
development_oof,without_partition_pair,8,random_forest,67,446,2,0,0,0.18703514818261535
development_oof,without_partition_pair,8,random_forest,81,441,2,0,0,0.3785884036367547
development_oof,without_partition_pair,8,random_forest,97,30,2,1,0,0.3923439561128731
development_oof,without_partition_pair,8,random_forest,108,436,2,0,0,0.14533990089117185
development_oof,without_partition_pair,8,random_forest,114,173,2,0,0,0.23358528421403757
development_oof,without_partition_pair,8,random_forest,115,2,2,1,0,0.1901998819871213
development_oof,without_partition_pair,8,random_forest,118,172,2,0,0,0.44599612155225915
development_oof,without_partition_pair,8,random_forest,140,40,2,0,1,0.7843011216441373
development_oof,without_partition_pair,8,random_forest,166,425,2,0,0,0.41903120894410195
development_oof,without_partition_pair,8,random_forest,177,40,2,1,1,0.9117844008940403
development_oof,without_partition_pair,8,random_forest,216,167,2,1,0,0.3104737634088831
development_oof,without_partition_pair,8,random_forest,229,30,2,1,0,0.4647318228797165
development_oof,without_partition_pair,8,random_forest,235,30,2,1,1,0.5374854804869861
development_oof,without_partition_pair,8,random_forest,240,167,2,1,1,0.540651915035872
development_oof,without_partition_pair,8,random_forest,241,23,2,0,0,0.2657399958324301
development_oof,without_partition_pair,8,random_forest,246,56,2,1,1,0.9182752607251943
development_oof,without_partition_pair,8,random_forest,249,124,2,0,0,0.44551008605018894
development_oof,without_partition_pair,8,random_forest,251,30,2,1,0,0.3302801117342667
development_oof,without_partition_pair,8,random_forest,253,412,2,0,0,0.4273279934213238
development_oof,without_partition_pair,8,random_forest,254,411,2,1,0,0.4683142280172742
development_oof,without_partition_pair,8,random_forest,262,98,2,1,1,0.5923121587270969
development_oof,without_partition_pair,8,random_forest,265,75,2,0,0,0.43860363759017446
development_oof,without_partition_pair,8,random_forest,275,56,2,1,1,0.9323487651225317
development_oof,without_partition_pair,8,random_forest,281,30,2,1,1,0.5315797699923318
development_oof,without_partition_pair,8,random_forest,283,56,2,1,1,0.8748442235992434
development_oof,without_partition_pair,8,random_forest,291,98,2,1,1,0.6743555016493326
development_oof,without_partition_pair,8,random_forest,301,403,2,0,0,0.34855593310314703
development_oof,without_partition_pair,8,random_forest,325,396,2,0,0,0.2567319573451886
development_oof,without_partition_pair,8,random_forest,344,23,2,1,0,0.28206142280582497
development_oof,without_partition_pair,8,random_forest,359,23,2,0,0,0.22573366391084704
development_oof,without_partition_pair,8,random_forest,365,388,2,0,0,0.14202995807971944
development_oof,without_partition_pair,8,random_forest,378,23,2,0,0,0.23994818149049346
development_oof,without_partition_pair,8,random_forest,389,382,2,0,0,0.1740494714863139
development_oof,without_partition_pair,8,random_forest,408,98,2,1,1,0.6648519119984659
development_oof,without_partition_pair,8,random_forest,413,62,2,1,0,0.20575732735030816
development_oof,without_partition_pair,8,random_forest,425,23,2,0,0,0.15430123071131704
development_oof,without_partition_pair,8,random_forest,426,377,2,0,1,0.9382594240775186
development_oof,without_partition_pair,8,random_forest,439,156,2,1,0,0.31092296831213906
development_oof,without_partition_pair,8,random_forest,461,371,2,1,0,0.3470104431985789
development_oof,without_partition_pair,8,random_forest,487,156,2,0,0,0.3161214841849547
development_oof,without_partition_pair,8,random_forest,505,81,2,1,0,0.25335233311331906
development_oof,without_partition_pair,8,random_forest,514,360,2,1,1,0.7043287919717683
development_oof,without_partition_pair,8,random_forest,515,150,2,0,0,0.45582527387492006
development_oof,without_partition_pair,8,random_forest,523,2,2,1,0,0.3306000927516417
development_oof,without_partition_pair,8,random_forest,526,23,2,0,0,0.19498021531619508
development_oof,without_partition_pair,8,random_forest,541,113,2,0,0,0.1446075581908039
development_oof,without_partition_pair,8,random_forest,551,353,2,0,1,0.6138950022432096
development_oof,without_partition_pair,8,random_forest,584,46,2,0,0,0.149675216828964
development_oof,without_partition_pair,8,random_forest,586,346,2,0,1,0.6406507232592621
development_oof,without_partition_pair,8,random_forest,589,153,2,1,1,0.9689333492285003
development_oof,without_partition_pair,8,random_forest,593,90,2,0,0,0.11837624361246277
development_oof,without_partition_pair,8,random_forest,598,90,2,0,0,0.1173599004972116
development_oof,without_partition_pair,8,random_forest,599,340,2,0,0,0.12226317942049673
development_oof,without_partition_pair,8,random_forest,603,40,2,1,1,0.8450724629377921
development_oof,without_partition_pair,8,random_forest,609,7,2,0,0,0.30190681478297593
development_oof,without_partition_pair,8,random_forest,623,150,2,0,0,0.11567416242058888
development_oof,without_partition_pair,8,random_forest,624,149,2,1,0,0.365302372163695
development_oof,without_partition_pair,8,random_forest,636,334,2,1,0,0.1736179257138944
development_oof,without_partition_pair,8,random_forest,661,90,2,0,0,0.13695369916015487
development_oof,without_partition_pair,8,random_forest,670,322,2,0,1,0.6823607399641773
development_oof,without_partition_pair,8,random_forest,677,319,2,0,0,0.15833409735576195
development_oof,without_partition_pair,8,random_forest,707,311,2,0,0,0.4223672314919415
development_oof,without_partition_pair,8,random_forest,710,75,2,1,0,0.3051037218210761
development_oof,without_partition_pair,8,random_forest,716,309,2,0,0,0.39591218542555884
development_oof,without_partition_pair,8,random_forest,762,302,2,0,0,0.15836359440532977
development_oof,without_partition_pair,8,random_forest,766,130,2,0,0,0.3060863823561545
development_oof,without_partition_pair,8,random_forest,777,297,2,0,0,0.1544341949350116
development_oof,without_partition_pair,8,random_forest,790,62,2,1,1,0.5894680094735982
development_oof,without_partition_pair,8,random_forest,791,294,2,0,0,0.142743337260667
development_oof,without_partition_pair,8,random_forest,793,292,2,1,0,0.07212682647778826
development_oof,without_partition_pair,8,random_forest,810,286,2,0,0,0.20118214586667896
development_oof,without_partition_pair,8,random_forest,819,130,2,1,0,0.3548431479016775
development_oof,without_partition_pair,8,random_forest,825,83,2,0,0,0.25439866315270554
development_oof,without_partition_pair,8,random_forest,831,281,2,0,0,0.08257651221057946
development_oof,without_partition_pair,8,random_forest,842,277,2,0,0,0.22778605784882766
development_oof,without_partition_pair,8,random_forest,850,273,2,0,0,0.41534424217840993
development_oof,without_partition_pair,8,random_forest,859,267,2,0,0,0.42871659472347223
development_oof,without_partition_pair,8,random_forest,863,81,2,1,0,0.26854496880019485
development_oof,without_partition_pair,8,random_forest,884,257,2,0,0,0.3910540217216105
development_oof,without_partition_pair,8,random_forest,895,124,2,0,0,0.4374192149397922
development_oof,without_partition_pair,8,random_forest,896,251,2,0,0,0.3188050102079698
development_oof,without_partition_pair,8,random_forest,914,56,2,1,1,0.9824778653791225
development_oof,without_partition_pair,8,random_forest,922,240,2,0,0,0.24004633750656182
development_oof,without_partition_pair,8,random_forest,923,23,2,0,0,0.3151797024432537
development_oof,without_partition_pair,8,random_forest,933,232,2,0,1,0.5166150689828668
development_oof,without_partition_pair,8,random_forest,947,226,2,0,0,0.034052643140254815
development_oof,without_partition_pair,8,random_forest,951,223,2,0,0,0.474718709547863
development_oof,without_partition_pair,8,random_forest,953,119,2,0,0,0.23881408816620672
development_oof,without_partition_pair,8,random_forest,965,216,2,0,0,0.23616673948790218
development_oof,without_partition_pair,8,random_forest,976,209,2,0,0,0.23972029191082106
development_oof,without_partition_pair,8,random_forest,986,113,2,0,0,0.0676419932763211
development_oof,without_partition_pair,8,random_forest,1001,107,2,0,0,0.3961603825251536
development_oof,without_partition_pair,8,random_forest,1005,196,2,0,0,0.4281860411669098
development_oof,without_partition_pair,8,random_forest,1020,188,2,0,0,0.4932793002153086
development_oof,without_partition_pair,8,random_forest,1026,186,2,1,0,0.16639533460185071
development_oof,without_partition_pair,8,random_forest,1030,182,2,0,0,0.3538847016511859
development_oof,without_partition_pair,8,random_forest,20,3,3,0,0,0.06333333333333334
development_oof,without_partition_pair,8,random_forest,29,453,3,0,0,0.0
development_oof,without_partition_pair,8,random_forest,31,3,3,0,0,0.20666666666666667
development_oof,without_partition_pair,8,random_forest,36,80,3,0,0,0.18666666666666668
development_oof,without_partition_pair,8,random_forest,39,42,3,0,0,0.06333333333333334
development_oof,without_partition_pair,8,random_forest,42,3,3,0,0,0.20666666666666667
development_oof,without_partition_pair,8,random_forest,78,443,3,1,1,0.6633333333333333
development_oof,without_partition_pair,8,random_forest,87,439,3,0,0,0.09333333333333334
development_oof,without_partition_pair,8,random_forest,92,27,3,1,0,0.06
development_oof,without_partition_pair,8,random_forest,93,165,3,0,0,0.20333333333333334
development_oof,without_partition_pair,8,random_forest,101,27,3,0,0,0.22333333333333333
development_oof,without_partition_pair,8,random_forest,125,111,3,0,0,0.26666666666666666
development_oof,without_partition_pair,8,random_forest,145,430,3,0,0,0.31333333333333335
development_oof,without_partition_pair,8,random_forest,146,59,3,1,0,0.37666666666666665
development_oof,without_partition_pair,8,random_forest,147,16,3,0,0,0.19333333333333333
development_oof,without_partition_pair,8,random_forest,148,59,3,1,0,0.37333333333333335
development_oof,without_partition_pair,8,random_forest,154,59,3,1,0,0.38666666666666666
development_oof,without_partition_pair,8,random_forest,158,428,3,0,0,0.12666666666666668
development_oof,without_partition_pair,8,random_forest,173,52,3,0,0,0.18666666666666668
development_oof,without_partition_pair,8,random_forest,175,38,3,1,1,0.9966666666666667
development_oof,without_partition_pair,8,random_forest,176,3,3,0,0,0.16
development_oof,without_partition_pair,8,random_forest,192,8,3,0,0,0.28
development_oof,without_partition_pair,8,random_forest,196,8,3,0,0,0.23333333333333334
development_oof,without_partition_pair,8,random_forest,202,421,3,0,0,0.07333333333333333
development_oof,without_partition_pair,8,random_forest,211,8,3,0,0,0.20666666666666667
development_oof,without_partition_pair,8,random_forest,217,8,3,0,0,0.24666666666666667
development_oof,without_partition_pair,8,random_forest,218,8,3,0,0,0.24
development_oof,without_partition_pair,8,random_forest,220,8,3,0,1,0.57
development_oof,without_partition_pair,8,random_forest,226,8,3,0,0,0.2866666666666667
development_oof,without_partition_pair,8,random_forest,227,38,3,1,1,0.97
development_oof,without_partition_pair,8,random_forest,230,121,3,1,0,0.33666666666666667
development_oof,without_partition_pair,8,random_forest,238,415,3,0,0,0.06333333333333334
development_oof,without_partition_pair,8,random_forest,239,3,3,0,0,0.17333333333333334
development_oof,without_partition_pair,8,random_forest,242,52,3,1,1,0.9233333333333333
development_oof,without_partition_pair,8,random_forest,252,3,3,0,0,0.37666666666666665
development_oof,without_partition_pair,8,random_forest,257,80,3,0,0,0.31
development_oof,without_partition_pair,8,random_forest,266,103,3,1,1,0.9666666666666667
development_oof,without_partition_pair,8,random_forest,268,8,3,0,0,0.19333333333333333
development_oof,without_partition_pair,8,random_forest,271,165,3,0,0,0.3933333333333333
development_oof,without_partition_pair,8,random_forest,278,407,3,0,1,0.5733333333333334
development_oof,without_partition_pair,8,random_forest,279,3,3,0,0,0.19
development_oof,without_partition_pair,8,random_forest,284,38,3,1,1,0.89
development_oof,without_partition_pair,8,random_forest,285,3,3,0,0,0.1
development_oof,without_partition_pair,8,random_forest,286,3,3,0,0,0.19666666666666666
development_oof,without_partition_pair,8,random_forest,287,158,3,0,0,0.26666666666666666
development_oof,without_partition_pair,8,random_forest,290,164,3,1,1,0.7366666666666667
development_oof,without_partition_pair,8,random_forest,300,404,3,1,1,0.9
development_oof,without_partition_pair,8,random_forest,309,22,3,0,0,0.13
development_oof,without_partition_pair,8,random_forest,320,38,3,1,1,0.9233333333333333
development_oof,without_partition_pair,8,random_forest,321,397,3,0,0,0.07666666666666666
development_oof,without_partition_pair,8,random_forest,323,3,3,0,0,0.36
development_oof,without_partition_pair,8,random_forest,327,3,3,0,0,0.09333333333333334
development_oof,without_partition_pair,8,random_forest,332,38,3,1,1,0.9566666666666667
development_oof,without_partition_pair,8,random_forest,333,8,3,0,0,0.25333333333333335
development_oof,without_partition_pair,8,random_forest,341,135,3,1,0,0.32
development_oof,without_partition_pair,8,random_forest,348,3,3,0,0,0.11
development_oof,without_partition_pair,8,random_forest,349,22,3,1,0,0.06
development_oof,without_partition_pair,8,random_forest,353,3,3,1,0,0.09666666666666666
development_oof,without_partition_pair,8,random_forest,354,391,3,1,0,0.27666666666666667
development_oof,without_partition_pair,8,random_forest,356,390,3,0,0,0.15666666666666668
development_oof,without_partition_pair,8,random_forest,363,22,3,0,0,0.01
development_oof,without_partition_pair,8,random_forest,370,8,3,0,0,0.26
development_oof,without_partition_pair,8,random_forest,387,383,3,1,0,0.19
development_oof,without_partition_pair,8,random_forest,406,78,3,0,0,0.08333333333333333
development_oof,without_partition_pair,8,random_forest,412,3,3,0,0,0.16666666666666666
development_oof,without_partition_pair,8,random_forest,414,3,3,0,0,0.06666666666666667
development_oof,without_partition_pair,8,random_forest,416,378,3,0,0,0.11
development_oof,without_partition_pair,8,random_forest,417,22,3,0,0,0.06333333333333334
development_oof,without_partition_pair,8,random_forest,419,154,3,1,1,0.81
development_oof,without_partition_pair,8,random_forest,421,27,3,0,0,0.18333333333333332
development_oof,without_partition_pair,8,random_forest,424,27,3,0,0,0.31666666666666665
development_oof,without_partition_pair,8,random_forest,437,158,3,0,0,0.22333333333333333
development_oof,without_partition_pair,8,random_forest,438,96,3,1,0,0.16333333333333333
development_oof,without_partition_pair,8,random_forest,441,27,3,1,0,0.37
development_oof,without_partition_pair,8,random_forest,443,372,3,0,0,0.13333333333333333
development_oof,without_partition_pair,8,random_forest,448,13,3,0,0,0.19666666666666666
development_oof,without_partition_pair,8,random_forest,450,3,3,0,0,0.09666666666666666
development_oof,without_partition_pair,8,random_forest,451,3,3,0,0,0.30333333333333334
development_oof,without_partition_pair,8,random_forest,456,78,3,0,0,0.16
development_oof,without_partition_pair,8,random_forest,469,8,3,0,0,0.3
development_oof,without_partition_pair,8,random_forest,473,22,3,0,0,0.006666666666666667
development_oof,without_partition_pair,8,random_forest,483,27,3,0,0,0.13333333333333333
development_oof,without_partition_pair,8,random_forest,490,364,3,0,0,0.28
development_oof,without_partition_pair,8,random_forest,511,129,3,0,0,0.10333333333333333
development_oof,without_partition_pair,8,random_forest,522,154,3,1,1,0.8533333333333334
development_oof,without_partition_pair,8,random_forest,544,63,3,1,0,0.1
development_oof,without_partition_pair,8,random_forest,547,77,3,0,0,0.41333333333333333
development_oof,without_partition_pair,8,random_forest,550,354,3,0,0,0.12
development_oof,without_partition_pair,8,random_forest,556,13,3,0,0,0.30333333333333334
development_oof,without_partition_pair,8,random_forest,567,13,3,0,0,0.20333333333333334
development_oof,without_partition_pair,8,random_forest,580,348,3,1,0,0.22
development_oof,without_partition_pair,8,random_forest,597,341,3,0,0,0.16
development_oof,without_partition_pair,8,random_forest,606,337,3,0,0,0.25333333333333335
development_oof,without_partition_pair,8,random_forest,628,147,3,0,0,0.04
development_oof,without_partition_pair,8,random_forest,632,77,3,0,0,0.19333333333333333
development_oof,without_partition_pair,8,random_forest,649,89,3,0,0,0.16333333333333333
development_oof,without_partition_pair,8,random_forest,652,328,3,0,0,0.18333333333333332
development_oof,without_partition_pair,8,random_forest,681,318,3,0,0,0.16666666666666666
development_oof,without_partition_pair,8,random_forest,685,33,3,0,0,0.45
development_oof,without_partition_pair,8,random_forest,686,144,3,1,0,0.36333333333333334
development_oof,without_partition_pair,8,random_forest,690,315,3,0,0,0.19
development_oof,without_partition_pair,8,random_forest,694,33,3,0,0,0.14
development_oof,without_partition_pair,8,random_forest,696,89,3,0,0,0.09666666666666666
development_oof,without_partition_pair,8,random_forest,717,140,3,0,0,0.47
development_oof,without_partition_pair,8,random_forest,718,308,3,0,0,0.38333333333333336
development_oof,without_partition_pair,8,random_forest,743,13,3,0,0,0.37333333333333335
development_oof,without_partition_pair,8,random_forest,756,303,3,0,0,0.17333333333333334
development_oof,without_partition_pair,8,random_forest,767,63,3,1,0,0.08
development_oof,without_partition_pair,8,random_forest,768,300,3,0,1,0.53
development_oof,without_partition_pair,8,random_forest,769,135,3,0,0,0.36
development_oof,without_partition_pair,8,random_forest,801,290,3,0,0,0.14333333333333334
development_oof,without_partition_pair,8,random_forest,805,63,3,1,0,0.19
development_oof,without_partition_pair,8,random_forest,807,288,3,0,0,0.09
development_oof,without_partition_pair,8,random_forest,808,33,3,0,0,0.43333333333333335
development_oof,without_partition_pair,8,random_forest,813,33,3,0,1,0.5933333333333334
development_oof,without_partition_pair,8,random_forest,821,282,3,0,1,0.5433333333333333
development_oof,without_partition_pair,8,random_forest,827,129,3,0,0,0.07
development_oof,without_partition_pair,8,random_forest,847,274,3,0,0,0.043333333333333335
development_oof,without_partition_pair,8,random_forest,854,271,3,0,0,0.24333333333333335
development_oof,without_partition_pair,8,random_forest,864,264,3,0,0,0.043333333333333335
development_oof,without_partition_pair,8,random_forest,866,262,3,0,0,0.2833333333333333
development_oof,without_partition_pair,8,random_forest,869,80,3,0,0,0.2833333333333333
development_oof,without_partition_pair,8,random_forest,881,259,3,0,0,0.3
development_oof,without_partition_pair,8,random_forest,883,59,3,1,0,0.38
development_oof,without_partition_pair,8,random_forest,893,253,3,0,0,0.12
development_oof,without_partition_pair,8,random_forest,899,123,3,1,1,0.8433333333333334
development_oof,without_partition_pair,8,random_forest,904,52,3,1,1,0.6266666666666667
development_oof,without_partition_pair,8,random_forest,913,121,3,1,0,0.35
development_oof,without_partition_pair,8,random_forest,917,243,3,1,0,0.37333333333333335
development_oof,without_partition_pair,8,random_forest,920,241,3,0,0,0.22
development_oof,without_partition_pair,8,random_forest,921,16,3,0,0,0.24666666666666667
development_oof,without_partition_pair,8,random_forest,930,235,3,1,0,0.4666666666666667
development_oof,without_partition_pair,8,random_forest,935,231,3,0,0,0.0033333333333333335
development_oof,without_partition_pair,8,random_forest,940,78,3,0,0,0.21
development_oof,without_partition_pair,8,random_forest,945,227,3,0,0,0.09
development_oof,without_partition_pair,8,random_forest,962,218,3,0,0,0.13
development_oof,without_partition_pair,8,random_forest,963,217,3,0,0,0.16333333333333333
development_oof,without_partition_pair,8,random_forest,973,210,3,0,0,0.13333333333333333
development_oof,without_partition_pair,8,random_forest,982,77,3,0,0,0.27
development_oof,without_partition_pair,8,random_forest,988,202,3,1,0,0.18
development_oof,without_partition_pair,8,random_forest,998,198,3,0,0,0.12666666666666668
development_oof,without_partition_pair,8,random_forest,1002,197,3,0,0,0.17666666666666667
development_oof,without_partition_pair,8,random_forest,1006,111,3,0,0,0.12666666666666668
development_oof,without_partition_pair,8,random_forest,1017,189,3,0,0,0.12666666666666668
development_oof,without_partition_pair,8,random_forest,1025,63,3,1,0,0.11
development_oof,without_partition_pair,8,random_forest,1028,184,3,0,0,0.34
development_oof,without_partition_pair,8,random_forest,1029,183,3,0,0,0.15666666666666668
development_oof,without_partition_pair,8,random_forest,16,93,4,1,1,0.7466666666666667
development_oof,without_partition_pair,8,random_forest,19,457,4,0,0,0.12
development_oof,without_partition_pair,8,random_forest,27,53,4,0,0,0.44666666666666666
development_oof,without_partition_pair,8,random_forest,44,450,4,0,0,0.013333333333333334
development_oof,without_partition_pair,8,random_forest,60,4,4,1,0,0.09333333333333334
development_oof,without_partition_pair,8,random_forest,62,82,4,0,0,0.03333333333333333
development_oof,without_partition_pair,8,random_forest,66,82,4,1,0,0.27666666666666667
development_oof,without_partition_pair,8,random_forest,69,444,4,0,0,0.03666666666666667
development_oof,without_partition_pair,8,random_forest,83,60,4,1,1,0.6533333333333333
development_oof,without_partition_pair,8,random_forest,84,9,4,1,1,0.5833333333333334
development_oof,without_partition_pair,8,random_forest,86,174,4,1,1,0.87
development_oof,without_partition_pair,8,random_forest,90,9,4,1,1,0.9766666666666667
development_oof,without_partition_pair,8,random_forest,95,161,4,0,0,0.42333333333333334
development_oof,without_partition_pair,8,random_forest,102,15,4,0,0,0.27666666666666667
development_oof,without_partition_pair,8,random_forest,112,9,4,1,1,0.97
development_oof,without_partition_pair,8,random_forest,117,433,4,0,0,0.12333333333333334
development_oof,without_partition_pair,8,random_forest,119,0,4,0,1,0.5533333333333333
development_oof,without_partition_pair,8,random_forest,123,9,4,1,1,0.9633333333333334
development_oof,without_partition_pair,8,random_forest,131,170,4,1,1,0.6533333333333333
development_oof,without_partition_pair,8,random_forest,134,15,4,0,1,0.73
development_oof,without_partition_pair,8,random_forest,138,431,4,0,0,0.2
development_oof,without_partition_pair,8,random_forest,142,0,4,0,0,0.24333333333333335
development_oof,without_partition_pair,8,random_forest,156,9,4,1,1,0.9733333333333334
development_oof,without_partition_pair,8,random_forest,157,0,4,0,0,0.17
development_oof,without_partition_pair,8,random_forest,159,4,4,1,0,0.11666666666666667
development_oof,without_partition_pair,8,random_forest,169,9,4,1,1,0.99
development_oof,without_partition_pair,8,random_forest,170,60,4,1,0,0.4766666666666667
development_oof,without_partition_pair,8,random_forest,178,54,4,0,0,0.41
development_oof,without_partition_pair,8,random_forest,181,9,4,1,1,0.9766666666666667
development_oof,without_partition_pair,8,random_forest,183,422,4,0,0,0.09
development_oof,without_partition_pair,8,random_forest,184,4,4,1,0,0.19
development_oof,without_partition_pair,8,random_forest,187,9,4,1,1,0.9733333333333334
development_oof,without_partition_pair,8,random_forest,193,9,4,1,1,0.9866666666666667
development_oof,without_partition_pair,8,random_forest,198,53,4,0,0,0.16333333333333333
development_oof,without_partition_pair,8,random_forest,201,9,4,1,1,0.9533333333333334
development_oof,without_partition_pair,8,random_forest,206,125,4,1,0,0.01
development_oof,without_partition_pair,8,random_forest,210,104,4,1,1,0.8733333333333333
development_oof,without_partition_pair,8,random_forest,221,9,4,1,1,0.9666666666666667
development_oof,without_partition_pair,8,random_forest,236,416,4,1,0,0.20333333333333334
development_oof,without_partition_pair,8,random_forest,258,35,4,0,0,0.17333333333333334
development_oof,without_partition_pair,8,random_forest,277,102,4,1,0,0.38
development_oof,without_partition_pair,8,random_forest,294,122,4,0,0,0.43
development_oof,without_partition_pair,8,random_forest,304,24,4,1,0,0.03
development_oof,without_partition_pair,8,random_forest,310,401,4,0,0,0.37
development_oof,without_partition_pair,8,random_forest,311,400,4,1,0,0.14666666666666667
development_oof,without_partition_pair,8,random_forest,322,15,4,0,0,0.17666666666666667
development_oof,without_partition_pair,8,random_forest,335,15,4,0,0,0.25
development_oof,without_partition_pair,8,random_forest,337,15,4,0,0,0.11
development_oof,without_partition_pair,8,random_forest,355,15,4,0,1,0.63
development_oof,without_partition_pair,8,random_forest,358,389,4,0,0,0.12666666666666668
development_oof,without_partition_pair,8,random_forest,371,161,4,0,0,0.12333333333333334
development_oof,without_partition_pair,8,random_forest,379,24,4,0,0,0.10333333333333333
development_oof,without_partition_pair,8,random_forest,382,384,4,0,0,0.006666666666666667
development_oof,without_partition_pair,8,random_forest,384,69,4,0,0,0.07
development_oof,without_partition_pair,8,random_forest,386,4,4,1,0,0.23
development_oof,without_partition_pair,8,random_forest,392,4,4,1,0,0.4033333333333333
development_oof,without_partition_pair,8,random_forest,393,0,4,0,0,0.16
development_oof,without_partition_pair,8,random_forest,400,28,4,0,0,0.10666666666666667
development_oof,without_partition_pair,8,random_forest,401,4,4,1,0,0.18666666666666668
development_oof,without_partition_pair,8,random_forest,404,35,4,0,0,0.15
development_oof,without_partition_pair,8,random_forest,405,379,4,0,0,0.18333333333333332
development_oof,without_partition_pair,8,random_forest,407,160,4,0,0,0.32
development_oof,without_partition_pair,8,random_forest,409,4,4,1,0,0.25333333333333335
development_oof,without_partition_pair,8,random_forest,423,50,4,0,0,0.2733333333333333
development_oof,without_partition_pair,8,random_forest,430,4,4,1,0,0.14
development_oof,without_partition_pair,8,random_forest,434,97,4,1,1,0.94
development_oof,without_partition_pair,8,random_forest,446,4,4,1,0,0.21
development_oof,without_partition_pair,8,random_forest,454,104,4,1,1,0.87
development_oof,without_partition_pair,8,random_forest,455,93,4,1,1,0.9
development_oof,without_partition_pair,8,random_forest,462,15,4,0,0,0.11333333333333333
development_oof,without_partition_pair,8,random_forest,464,4,4,1,1,0.5233333333333333
development_oof,without_partition_pair,8,random_forest,465,4,4,1,0,0.38
development_oof,without_partition_pair,8,random_forest,466,0,4,0,0,0.13666666666666666
development_oof,without_partition_pair,8,random_forest,470,0,4,0,0,0.13666666666666666
development_oof,without_partition_pair,8,random_forest,480,367,4,0,0,0.23
development_oof,without_partition_pair,8,random_forest,481,4,4,1,0,0.12666666666666668
development_oof,without_partition_pair,8,random_forest,484,365,4,0,0,0.2833333333333333
development_oof,without_partition_pair,8,random_forest,495,0,4,0,0,0.47333333333333333
development_oof,without_partition_pair,8,random_forest,498,54,4,0,0,0.056666666666666664
development_oof,without_partition_pair,8,random_forest,499,15,4,0,0,0.15333333333333332
development_oof,without_partition_pair,8,random_forest,500,28,4,0,0,0.08333333333333333
development_oof,without_partition_pair,8,random_forest,501,72,4,0,0,0.11
development_oof,without_partition_pair,8,random_forest,503,93,4,1,1,0.8833333333333333
development_oof,without_partition_pair,8,random_forest,506,0,4,0,0,0.09
development_oof,without_partition_pair,8,random_forest,517,0,4,0,0,0.33666666666666667
development_oof,without_partition_pair,8,random_forest,519,53,4,0,0,0.37333333333333335
development_oof,without_partition_pair,8,random_forest,520,53,4,0,0,0.26
development_oof,without_partition_pair,8,random_forest,524,0,4,0,0,0.28
development_oof,without_partition_pair,8,random_forest,525,15,4,0,0,0.41333333333333333
development_oof,without_partition_pair,8,random_forest,527,0,4,0,0,0.4033333333333333
development_oof,without_partition_pair,8,random_forest,528,359,4,0,0,0.21
development_oof,without_partition_pair,8,random_forest,529,0,4,0,0,0.23333333333333334
development_oof,without_partition_pair,8,random_forest,542,35,4,1,0,0.09666666666666666
development_oof,without_partition_pair,8,random_forest,543,0,4,0,0,0.10666666666666667
development_oof,without_partition_pair,8,random_forest,545,136,4,1,0,0.16333333333333333
development_oof,without_partition_pair,8,random_forest,553,0,4,0,0,0.4633333333333333
development_oof,without_partition_pair,8,random_forest,559,351,4,0,0,0.09
development_oof,without_partition_pair,8,random_forest,560,0,4,0,0,0.24666666666666667
development_oof,without_partition_pair,8,random_forest,568,0,4,0,0,0.36333333333333334
development_oof,without_partition_pair,8,random_forest,570,0,4,1,0,0.44
development_oof,without_partition_pair,8,random_forest,572,0,4,1,0,0.36333333333333334
development_oof,without_partition_pair,8,random_forest,577,44,4,0,0,0.09
development_oof,without_partition_pair,8,random_forest,581,347,4,0,0,0.04
development_oof,without_partition_pair,8,random_forest,582,44,4,0,0,0.17
development_oof,without_partition_pair,8,random_forest,583,69,4,0,0,0.12333333333333334
development_oof,without_partition_pair,8,random_forest,588,344,4,0,0,0.14
development_oof,without_partition_pair,8,random_forest,592,0,4,1,0,0.29
development_oof,without_partition_pair,8,random_forest,595,35,4,0,0,0.12333333333333334
development_oof,without_partition_pair,8,random_forest,600,151,4,0,0,0.06666666666666667
development_oof,without_partition_pair,8,random_forest,602,338,4,0,1,0.67
development_oof,without_partition_pair,8,random_forest,604,0,4,0,0,0.38
development_oof,without_partition_pair,8,random_forest,605,0,4,0,0,0.25333333333333335
development_oof,without_partition_pair,8,random_forest,607,0,4,1,1,0.5566666666666666
development_oof,without_partition_pair,8,random_forest,608,0,4,0,0,0.42
development_oof,without_partition_pair,8,random_forest,610,0,4,0,0,0.3
development_oof,without_partition_pair,8,random_forest,611,0,4,0,0,0.20333333333333334
development_oof,without_partition_pair,8,random_forest,613,85,4,0,0,0.22333333333333333
development_oof,without_partition_pair,8,random_forest,615,0,4,0,0,0.45
development_oof,without_partition_pair,8,random_forest,627,335,4,0,0,0.19333333333333333
development_oof,without_partition_pair,8,random_forest,633,0,4,0,0,0.04666666666666667
development_oof,without_partition_pair,8,random_forest,646,0,4,0,0,0.3
development_oof,without_partition_pair,8,random_forest,647,0,4,0,0,0.26666666666666666
development_oof,without_partition_pair,8,random_forest,648,329,4,0,1,0.5133333333333333
development_oof,without_partition_pair,8,random_forest,657,4,4,1,0,0.27
development_oof,without_partition_pair,8,random_forest,662,0,4,0,0,0.27
development_oof,without_partition_pair,8,random_forest,665,69,4,1,0,0.11
development_oof,without_partition_pair,8,random_forest,666,44,4,0,0,0.27
development_oof,without_partition_pair,8,random_forest,667,0,4,0,0,0.24
development_oof,without_partition_pair,8,random_forest,671,321,4,1,0,0.15333333333333332
development_oof,without_partition_pair,8,random_forest,674,4,4,0,0,0.31333333333333335
development_oof,without_partition_pair,8,random_forest,683,142,4,0,0,0.32
development_oof,without_partition_pair,8,random_forest,691,142,4,0,0,0.14666666666666667
development_oof,without_partition_pair,8,random_forest,692,0,4,0,1,0.55
development_oof,without_partition_pair,8,random_forest,693,0,4,0,0,0.17666666666666667
development_oof,without_partition_pair,8,random_forest,699,0,4,0,0,0.38666666666666666
development_oof,without_partition_pair,8,random_forest,701,0,4,1,0,0.2966666666666667
development_oof,without_partition_pair,8,random_forest,704,313,4,0,0,0.15333333333333332
development_oof,without_partition_pair,8,random_forest,706,0,4,0,0,0.29333333333333333
development_oof,without_partition_pair,8,random_forest,715,4,4,1,0,0.21666666666666667
development_oof,without_partition_pair,8,random_forest,729,0,4,0,0,0.13333333333333333
development_oof,without_partition_pair,8,random_forest,731,60,4,0,0,0.2733333333333333
development_oof,without_partition_pair,8,random_forest,735,132,4,0,0,0.11
development_oof,without_partition_pair,8,random_forest,737,85,4,1,0,0.07333333333333333
development_oof,without_partition_pair,8,random_forest,738,136,4,1,0,0.22666666666666666
development_oof,without_partition_pair,8,random_forest,740,44,4,0,0,0.23333333333333334
development_oof,without_partition_pair,8,random_forest,742,305,4,0,0,0.23666666666666666
development_oof,without_partition_pair,8,random_forest,745,0,4,0,0,0.23333333333333334
development_oof,without_partition_pair,8,random_forest,753,85,4,0,0,0.09666666666666666
development_oof,without_partition_pair,8,random_forest,761,44,4,0,0,0.44333333333333336
development_oof,without_partition_pair,8,random_forest,776,298,4,0,0,0.16666666666666666
development_oof,without_partition_pair,8,random_forest,794,0,4,0,0,0.4166666666666667
development_oof,without_partition_pair,8,random_forest,796,35,4,0,0,0.10333333333333333
development_oof,without_partition_pair,8,random_forest,800,132,4,0,0,0.11
development_oof,without_partition_pair,8,random_forest,803,289,4,0,0,0.21666666666666667
development_oof,without_partition_pair,8,random_forest,818,283,4,0,0,0.17
development_oof,without_partition_pair,8,random_forest,822,35,4,0,0,0.32666666666666666
development_oof,without_partition_pair,8,random_forest,839,82,4,0,0,0.02
development_oof,without_partition_pair,8,random_forest,844,276,4,0,0,0.20333333333333334
development_oof,without_partition_pair,8,random_forest,855,270,4,0,0,0.18333333333333332
development_oof,without_partition_pair,8,random_forest,865,263,4,0,0,0.21333333333333335
development_oof,without_partition_pair,8,random_forest,867,60,4,0,1,0.6266666666666667
development_oof,without_partition_pair,8,random_forest,885,256,4,0,0,0.36666666666666664
development_oof,without_partition_pair,8,random_forest,888,254,4,1,0,0.07333333333333333
development_oof,without_partition_pair,8,random_forest,891,125,4,0,0,0.25666666666666665
development_oof,without_partition_pair,8,random_forest,902,122,4,1,0,0.4033333333333333
development_oof,without_partition_pair,8,random_forest,907,246,4,0,0,0.15666666666666668
development_oof,without_partition_pair,8,random_forest,918,242,4,0,0,0.16
development_oof,without_partition_pair,8,random_forest,931,234,4,0,0,0.013333333333333334
development_oof,without_partition_pair,8,random_forest,949,224,4,0,0,0.25
development_oof,without_partition_pair,8,random_forest,954,4,4,1,1,0.6366666666666667
development_oof,without_partition_pair,8,random_forest,968,214,4,1,0,0.24333333333333335
development_oof,without_partition_pair,8,random_forest,980,207,4,0,0,0.22
development_oof,without_partition_pair,8,random_forest,981,206,4,0,0,0.11
development_oof,without_partition_pair,8,random_forest,984,204,4,1,0,0.19
development_oof,without_partition_pair,8,random_forest,991,0,4,0,0,0.33
development_oof,without_partition_pair,8,random_forest,993,69,4,0,0,0.10666666666666667
development_oof,without_partition_pair,8,random_forest,995,112,4,0,0,0.15666666666666668
development_oof,without_partition_pair,8,random_forest,1016,190,4,1,0,0.05333333333333334
development_oof,without_partition_pair,8,random_forest,1024,4,4,1,0,0.38333333333333336
development_oof,without_partition_pair,8,random_forest,1031,181,4,0,0,0.49
development_oof,without_partition_pair,8,random_forest,1033,179,4,0,0,0.16333333333333333
development_oof,without_partition_pair,8,random_forest,5,31,5,1,1,0.92
development_oof,without_partition_pair,8,random_forest,6,61,5,0,0,0.013333333333333334
development_oof,without_partition_pair,8,random_forest,15,458,5,1,1,0.7933333333333333
development_oof,without_partition_pair,8,random_forest,23,11,5,0,0,0.26
development_oof,without_partition_pair,8,random_forest,26,11,5,0,0,0.35
development_oof,without_partition_pair,8,random_forest,41,451,5,0,0,0.18
development_oof,without_partition_pair,8,random_forest,46,18,5,0,1,0.9433333333333334
development_oof,without_partition_pair,8,random_forest,49,11,5,0,0,0.21666666666666667
development_oof,without_partition_pair,8,random_forest,52,448,5,0,0,0.07
development_oof,without_partition_pair,8,random_forest,57,61,5,0,0,0.023333333333333334
development_oof,without_partition_pair,8,random_forest,58,11,5,0,0,0.17
development_oof,without_partition_pair,8,random_forest,59,11,5,0,0,0.44
development_oof,without_partition_pair,8,random_forest,76,11,5,0,0,0.38
development_oof,without_partition_pair,8,random_forest,79,175,5,1,0,0.32
development_oof,without_partition_pair,8,random_forest,85,17,5,1,1,0.74
development_oof,without_partition_pair,8,random_forest,96,18,5,1,1,0.78
development_oof,without_partition_pair,8,random_forest,98,438,5,0,0,0.006666666666666667
development_oof,without_partition_pair,8,random_forest,100,31,5,1,1,0.9666666666666667
development_oof,without_partition_pair,8,random_forest,105,437,5,1,0,0.36333333333333334
development_oof,without_partition_pair,8,random_forest,106,18,5,1,1,0.96
development_oof,without_partition_pair,8,random_forest,111,106,5,0,0,0.16666666666666666
development_oof,without_partition_pair,8,random_forest,116,434,5,0,1,0.57
development_oof,without_partition_pair,8,random_forest,130,171,5,0,0,0.25666666666666665
development_oof,without_partition_pair,8,random_forest,132,18,5,1,1,0.9366666666666666
development_oof,without_partition_pair,8,random_forest,141,106,5,0,0,0.30666666666666664
development_oof,without_partition_pair,8,random_forest,149,106,5,0,0,0.14666666666666667
development_oof,without_partition_pair,8,random_forest,150,55,5,1,1,0.9233333333333333
development_oof,without_partition_pair,8,random_forest,152,429,5,0,0,0.15333333333333332
development_oof,without_partition_pair,8,random_forest,161,427,5,0,0,0.39
development_oof,without_partition_pair,8,random_forest,163,18,5,1,1,0.7733333333333333
development_oof,without_partition_pair,8,random_forest,165,17,5,1,1,0.9266666666666666
development_oof,without_partition_pair,8,random_forest,167,18,5,1,1,0.9766666666666667
development_oof,without_partition_pair,8,random_forest,172,423,5,0,1,0.81
development_oof,without_partition_pair,8,random_forest,179,11,5,0,0,0.18666666666666668
development_oof,without_partition_pair,8,random_forest,182,31,5,1,1,0.86
development_oof,without_partition_pair,8,random_forest,186,18,5,1,1,0.9066666666666666
development_oof,without_partition_pair,8,random_forest,195,31,5,1,1,0.9133333333333333
development_oof,without_partition_pair,8,random_forest,208,31,5,1,1,0.9333333333333333
development_oof,without_partition_pair,8,random_forest,215,61,5,0,0,0.35333333333333333
development_oof,without_partition_pair,8,random_forest,219,418,5,0,0,0.15666666666666668
development_oof,without_partition_pair,8,random_forest,223,68,5,0,0,0.12666666666666668
development_oof,without_partition_pair,8,random_forest,225,55,5,1,1,0.76
development_oof,without_partition_pair,8,random_forest,231,417,5,0,0,0.09
development_oof,without_partition_pair,8,random_forest,233,17,5,1,1,0.9133333333333333
development_oof,without_partition_pair,8,random_forest,255,410,5,0,0,0.06666666666666667
development_oof,without_partition_pair,8,random_forest,256,18,5,1,1,0.91
development_oof,without_partition_pair,8,random_forest,259,409,5,0,0,0.10666666666666667
development_oof,without_partition_pair,8,random_forest,261,25,5,1,0,0.23
development_oof,without_partition_pair,8,random_forest,273,25,5,1,0,0.14
development_oof,without_partition_pair,8,random_forest,276,17,5,1,1,0.9
development_oof,without_partition_pair,8,random_forest,297,163,5,0,1,0.6233333333333333
development_oof,without_partition_pair,8,random_forest,298,405,5,0,0,0.32
development_oof,without_partition_pair,8,random_forest,316,100,5,0,0,0.24
development_oof,without_partition_pair,8,random_forest,319,163,5,0,0,0.10666666666666667
development_oof,without_partition_pair,8,random_forest,326,157,5,1,1,0.9133333333333333
development_oof,without_partition_pair,8,random_forest,330,76,5,1,0,0.27
development_oof,without_partition_pair,8,random_forest,334,394,5,0,0,0.09333333333333334
development_oof,without_partition_pair,8,random_forest,336,55,5,1,1,0.9166666666666666
development_oof,without_partition_pair,8,random_forest,338,17,5,1,1,0.8766666666666667
development_oof,without_partition_pair,8,random_forest,339,11,5,0,0,0.2966666666666667
development_oof,without_partition_pair,8,random_forest,340,393,5,0,0,0.09333333333333334
development_oof,without_partition_pair,8,random_forest,343,17,5,1,1,0.9333333333333333
development_oof,without_partition_pair,8,random_forest,347,17,5,1,1,0.9566666666666667
development_oof,without_partition_pair,8,random_forest,351,100,5,1,0,0.33
development_oof,without_partition_pair,8,random_forest,357,37,5,1,1,0.83
development_oof,without_partition_pair,8,random_forest,364,25,5,1,0,0.28
development_oof,without_partition_pair,8,random_forest,372,17,5,1,1,0.64
development_oof,without_partition_pair,8,random_forest,377,386,5,0,0,0.016666666666666666
development_oof,without_partition_pair,8,random_forest,381,76,5,0,0,0.30666666666666664
development_oof,without_partition_pair,8,random_forest,397,11,5,0,0,0.38666666666666666
development_oof,without_partition_pair,8,random_forest,402,380,5,0,0,0.22666666666666666
development_oof,without_partition_pair,8,random_forest,435,374,5,0,0,0.05333333333333334
development_oof,without_partition_pair,8,random_forest,436,25,5,1,0,0.3233333333333333
development_oof,without_partition_pair,8,random_forest,458,18,5,0,1,0.7666666666666667
development_oof,without_partition_pair,8,random_forest,459,25,5,1,0,0.23
development_oof,without_partition_pair,8,random_forest,468,370,5,0,0,0.11666666666666667
development_oof,without_partition_pair,8,random_forest,479,368,5,0,0,0.17333333333333334
development_oof,without_partition_pair,8,random_forest,486,157,5,0,1,0.52
development_oof,without_partition_pair,8,random_forest,494,94,5,0,0,0.30333333333333334
development_oof,without_partition_pair,8,random_forest,533,71,5,0,0,0.4266666666666667
development_oof,without_partition_pair,8,random_forest,536,71,5,0,0,0.39666666666666667
development_oof,without_partition_pair,8,random_forest,549,355,5,0,0,0.39
development_oof,without_partition_pair,8,random_forest,555,352,5,1,1,0.8066666666666666
development_oof,without_partition_pair,8,random_forest,557,66,5,0,0,0.4266666666666667
development_oof,without_partition_pair,8,random_forest,563,71,5,0,0,0.22333333333333333
development_oof,without_partition_pair,8,random_forest,575,115,5,0,0,0.08333333333333333
development_oof,without_partition_pair,8,random_forest,579,114,5,1,0,0.12333333333333334
development_oof,without_partition_pair,8,random_forest,585,31,5,1,1,0.9733333333333334
development_oof,without_partition_pair,8,random_forest,587,345,5,0,1,0.5466666666666666
development_oof,without_partition_pair,8,random_forest,601,339,5,0,0,0.37666666666666665
development_oof,without_partition_pair,8,random_forest,612,87,5,0,0,0.06333333333333334
development_oof,without_partition_pair,8,random_forest,620,68,5,0,0,0.043333333333333335
development_oof,without_partition_pair,8,random_forest,634,17,5,1,1,0.8933333333333333
development_oof,without_partition_pair,8,random_forest,635,68,5,1,0,0.26
development_oof,without_partition_pair,8,random_forest,640,146,5,0,0,0.09666666666666666
development_oof,without_partition_pair,8,random_forest,641,66,5,0,0,0.12666666666666668
development_oof,without_partition_pair,8,random_forest,643,330,5,0,0,0.12
development_oof,without_partition_pair,8,random_forest,645,146,5,0,0,0.09333333333333334
development_oof,without_partition_pair,8,random_forest,656,326,5,0,1,0.6433333333333333
development_oof,without_partition_pair,8,random_forest,664,116,5,0,0,0.11666666666666667
development_oof,without_partition_pair,8,random_forest,675,71,5,0,0,0.42333333333333334
development_oof,without_partition_pair,8,random_forest,682,317,5,0,0,0.06333333333333334
development_oof,without_partition_pair,8,random_forest,688,143,5,0,0,0.043333333333333335
development_oof,without_partition_pair,8,random_forest,698,314,5,0,0,0.27
development_oof,without_partition_pair,8,random_forest,711,45,5,0,0,0.12666666666666668
development_oof,without_partition_pair,8,random_forest,723,25,5,0,0,0.19333333333333333
development_oof,without_partition_pair,8,random_forest,725,45,5,1,0,0.3466666666666667
development_oof,without_partition_pair,8,random_forest,726,31,5,1,1,0.8866666666666667
development_oof,without_partition_pair,8,random_forest,732,45,5,0,0,0.3566666666666667
development_oof,without_partition_pair,8,random_forest,736,137,5,0,0,0.18333333333333332
development_oof,without_partition_pair,8,random_forest,741,306,5,0,0,0.32
development_oof,without_partition_pair,8,random_forest,744,87,5,0,0,0.06666666666666667
development_oof,without_partition_pair,8,random_forest,749,11,5,0,0,0.02666666666666667
development_oof,without_partition_pair,8,random_forest,799,45,5,0,0,0.2966666666666667
development_oof,without_partition_pair,8,random_forest,802,131,5,0,0,0.27666666666666667
development_oof,without_partition_pair,8,random_forest,816,284,5,0,0,0.39
development_oof,without_partition_pair,8,random_forest,837,278,5,0,0,0.13333333333333333
development_oof,without_partition_pair,8,random_forest,845,11,5,0,0,0.05
development_oof,without_partition_pair,8,random_forest,857,268,5,0,0,0.16666666666666666
development_oof,without_partition_pair,8,random_forest,858,61,5,0,0,0.35333333333333333
development_oof,without_partition_pair,8,random_forest,860,266,5,0,0,0.12
development_oof,without_partition_pair,8,random_forest,870,260,5,0,0,0.37666666666666665
development_oof,without_partition_pair,8,random_forest,900,249,5,0,0,0.11333333333333333
development_oof,without_partition_pair,8,random_forest,906,247,5,0,0,0.3433333333333333
development_oof,without_partition_pair,8,random_forest,915,25,5,1,0,0.15
development_oof,without_partition_pair,8,random_forest,926,238,5,1,0,0.36333333333333334
development_oof,without_partition_pair,8,random_forest,939,229,5,1,0,0.22
development_oof,without_partition_pair,8,random_forest,948,225,5,1,0,0.4166666666666667
development_oof,without_partition_pair,8,random_forest,958,220,5,0,0,0.23333333333333334
development_oof,without_partition_pair,8,random_forest,960,116,5,0,0,0.06666666666666667
development_oof,without_partition_pair,8,random_forest,969,115,5,0,0,0.10666666666666667
development_oof,without_partition_pair,8,random_forest,971,212,5,1,1,0.52
development_oof,without_partition_pair,8,random_forest,972,211,5,0,0,0.02
development_oof,without_partition_pair,8,random_forest,974,45,5,0,0,0.2833333333333333
development_oof,without_partition_pair,8,random_forest,975,66,5,0,0,0.15666666666666668
development_oof,without_partition_pair,8,random_forest,979,114,5,0,0,0.08
development_oof,without_partition_pair,8,random_forest,990,201,5,0,0,0.19333333333333333
development_oof,without_partition_pair,8,random_forest,1008,76,5,0,0,0.23666666666666666
development_oof,without_partition_pair,8,random_forest,1010,194,5,0,1,0.5166666666666667
development_oof,without_partition_pair,8,random_forest,1015,191,5,1,0,0.46
development_oof,without_partition_pair,8,random_forest,1027,185,5,1,0,0.35333333333333333
development_oof,without_partition_pair,8,random_forest,1032,180,5,0,0,0.3233333333333333
