BUTINA_CLUSTER_ID,ID,LABEL,MARGIN,MODEL,OUTER_FOLD,PRED,SCORE,THRESHOLD,name
108,3,0,-1.32633977576993,quantum_iqp_zz_linear,1,0,-1.1437322192346553,0.18260755653527475,Benzoic acid
109,13,1,2.0687912157270256,quantum_iqp_zz_linear,1,1,2.2513987722623003,0.18260755653527475,Formothion (Ref: SAN 6913I)
456,22,0,-0.31105041627674535,quantum_iqp_zz_linear,1,0,-0.12844285974147057,0.18260755653527475,"2,3,4,5,6-Pentachlorophenol"
455,24,0,-0.7647611059777075,quantum_iqp_zz_linear,1,0,-0.5821535494424328,0.18260755653527475,Warfarin
12,25,1,-1.3324151708180674,quantum_iqp_zz_linear,1,0,-1.1498076142827927,0.18260755653527475,1-Naphthalenol methylcarbamate
108,35,0,-1.4404480520349479,quantum_iqp_zz_linear,1,0,-1.2578404954996731,0.18260755653527475,"Benzoic acid, Methyl ester"
6,43,0,-1.3476010540814505,quantum_iqp_zz_linear,1,0,-1.1649934975461758,0.18260755653527475,2-Chloro-N-(1-methylethyl)-N-phenylacetamide
447,53,0,-1.1538598945928245,quantum_iqp_zz_linear,1,0,-0.9712523380575497,0.18260755653527475,Alpha-terpinoline
168,65,1,2.2815591252416416,quantum_iqp_zz_linear,1,1,2.4641666817769163,0.18260755653527475,"2-[(Dimethoxyphosphinothioyl)thio]butanedioic acid 1,4-diethyl ester"
445,68,1,-1.259348598941906,quantum_iqp_zz_linear,1,0,-1.0767410424066313,0.18260755653527475,"1,2,3,4-Tetrahydronaphthalene"
166,70,0,-1.4169822495052928,quantum_iqp_zz_linear,1,0,-1.2343746929700181,0.18260755653527475,"As,As-Dimethylarsinic acid"
12,72,1,-1.261136475492381,quantum_iqp_zz_linear,1,0,-1.0785289189571063,0.18260755653527475,"2-(1-Methylethoxy)phenol, 1-(N-Methylcarbamate)"
108,75,0,-1.250900213492085,quantum_iqp_zz_linear,1,0,-1.0682926569568103,0.18260755653527475,"2-Aminobenzoic acid, Methyl ester"
12,88,0,-1.4063460364332192,quantum_iqp_zz_linear,1,0,-1.2237384798979445,0.18260755653527475,1-Naphthaleneacetic acid
6,89,0,-1.422330641975793,quantum_iqp_zz_linear,1,0,-1.2397230854405183,0.18260755653527475,2-Chloro-N-(ethoxymethyl)-N-(2-ethyl-6-methylphenyl)acetamide
41,110,0,-0.6458725043531723,quantum_iqp_zz_linear,1,0,-0.46326494781789757,0.18260755653527475,DNOC (Ref: ENT 154)
58,129,1,1.2261692659841614,quantum_iqp_zz_linear,1,1,1.4087768225194361,0.18260755653527475,Abamectin (Ref: MK 936)
432,133,1,0.844801955775698,quantum_iqp_zz_linear,1,1,1.0274095123109728,0.18260755653527475,"Phosphoric acid 1,2-dibromo-2,2-dichloroethyl dimethyl ester"
41,144,0,-0.3232081896072474,quantum_iqp_zz_linear,1,0,-0.14060063307197262,0.18260755653527475,"2-Cyclohexyl-4,6-dinitrophenol"
41,153,0,0.3131169667556817,quantum_iqp_zz_linear,1,1,0.49572452329095645,0.18260755653527475,Dinobuton (Ref: OMS 1056)
41,155,0,-0.678284604670778,quantum_iqp_zz_linear,1,0,-0.49567704813550323,0.18260755653527475,"2-(1-Methylpropyl)-4,6-dinitrophenol"
424,168,0,-1.2957362532491095,quantum_iqp_zz_linear,1,0,-1.1131286967138347,0.18260755653527475,"2-Chloro-9-hydroxy-9H-fluorene-9-carboxylic acid, Methyl ester"
41,171,1,-0.06839843736818538,quantum_iqp_zz_linear,1,0,0.11420911916708937,0.18260755653527475,Dinocap (Ref: ENT 24727)
168,197,1,2.37206552668274,quantum_iqp_zz_linear,1,1,2.554673083218015,0.18260755653527475,"alpha-[(Dimethoxyphosphinothioyl)thio] benzeneacetic acid, Ethyl ester"
41,205,0,-0.15781705526898634,quantum_iqp_zz_linear,1,0,0.0247905012662884,0.18260755653527475,Binapacryl (Ref: FMC 9044)
420,209,1,1.745968182246659,quantum_iqp_zz_linear,1,1,1.9285757387819338,0.18260755653527475,"Phosphoric acid, 2-Chloro-3-(diethylamino)-1-methyl-3-oxo-1-propen-1-yl dimethyl ester"
6,232,0,-1.468883122164617,quantum_iqp_zz_linear,1,0,-1.2862755656293423,0.18260755653527475,"2-Chloro-N-(2,6-diethylphenyl)-N-(methoxymethyl)acetamide"
117,237,0,-1.0583601429752276,quantum_iqp_zz_linear,1,0,-0.8757525864399529,0.18260755653527475,Medlure
414,243,0,-0.9986246831695267,quantum_iqp_zz_linear,1,0,-0.816017126634252,0.18260755653527475,"6-Methyl-1,3-dithiolo[4,5-b]quinoxalin-2-one"
166,250,0,-1.4724357292225525,quantum_iqp_zz_linear,1,0,-1.2898281726872778,0.18260755653527475,Methylarsonic acid
12,270,1,-1.233365260766523,quantum_iqp_zz_linear,1,0,-1.0507577042312484,0.18260755653527475,"2,3-Dihydro-2,2-dimethyl-7-benzofuranol 7-(N-methylcarbamate)"
19,272,0,-1.2190666310302758,quantum_iqp_zz_linear,1,0,-1.036459074495001,0.18260755653527475,Methoprotryne (Ref: G 36393)
406,282,1,2.2610376606473546,quantum_iqp_zz_linear,1,1,2.4436452171826293,0.18260755653527475,Bensulide (Ref: R 4461)
6,289,0,-1.3629151484692974,quantum_iqp_zz_linear,1,0,-1.1803075919340227,0.18260755653527475,Butachlor (Ref: CP 53619)
12,303,1,-1.0315247176823865,quantum_iqp_zz_linear,1,0,-0.8489171611471118,0.18260755653527475,"Benzo[b]thiophene-4-ol, 4-(N-methylcarbamate)"
402,305,0,-1.1915020360378685,quantum_iqp_zz_linear,1,0,-1.0088944795025938,0.18260755653527475,Fenclorim (Ref: CGA 123407)
101,306,1,-1.2374985563162442,quantum_iqp_zz_linear,1,0,-1.0548909997809695,0.18260755653527475,"3,5-Dibromo-4-hydroxybenzonitrile"
12,307,1,-1.3655736578680324,quantum_iqp_zz_linear,1,0,-1.1829661013327577,0.18260755653527475,"2-(1,3-Dioxolan-2-yl)phenol 1-(N-methylcarbamate)"
398,314,0,-1.258021467772191,quantum_iqp_zz_linear,1,0,-1.0754139112369163,0.18260755653527475,Anilazine (Ref: ENT 26 058)
127,318,1,-1.4709376746711962,quantum_iqp_zz_linear,1,0,-1.2883301181359215,0.18260755653527475,Validamycin A
395,328,1,-0.643093235113299,quantum_iqp_zz_linear,1,0,-0.4604856785780242,0.18260755653527475,Cyclohexylethylcarbamothioic acid S-ethyl ester
73,345,0,1.3766240119756548,quantum_iqp_zz_linear,1,1,1.5592315685109295,0.18260755653527475,Triazophos (Ref: HOE 002960 )
12,346,1,-1.1543975257292454,quantum_iqp_zz_linear,1,0,-0.9717899691939706,0.18260755653527475,"2,2-Dimethyl-1,3-benzodioxol-4-ol 4-(N-methylcarbamate)"
12,350,0,-0.9006760851765607,quantum_iqp_zz_linear,1,0,-0.718068528641286,0.18260755653527475,Napropamide (Ref: R 7465)
36,362,0,-1.2575181299102107,quantum_iqp_zz_linear,1,0,-1.074910573374936,0.18260755653527475,(E)-dodec-8-enyl acetate
79,366,1,-0.9826861706600161,quantum_iqp_zz_linear,1,0,-0.8000786141247413,0.18260755653527475,Hydroprene (Ref: OMS 1696)
79,367,1,-0.5864871525879982,quantum_iqp_zz_linear,1,0,-0.40387959605272344,0.18260755653527475,Methoprene (Ref: OMS 1697)
387,368,0,-1.0556336731891838,quantum_iqp_zz_linear,1,0,-0.8730261166539091,0.18260755653527475,"1-[2-(2,4-Dichlorophenyl)-2-(2-propenyloxy)ethyl]-1H-imidazole"
12,383,1,-0.9713623957424451,quantum_iqp_zz_linear,1,0,-0.7887548392071704,0.18260755653527475,2-[(Ethylthio)methyl]phenol 1-(N-methylcarbamate)
381,390,0,-1.5628844903366401,quantum_iqp_zz_linear,1,0,-1.3802769338013654,0.18260755653527475,Metamitron (Ref: BAY DRW 1139)
6,411,0,-1.4539448021835364,quantum_iqp_zz_linear,1,0,-1.2713372456482617,0.18260755653527475,Dimethachlor (Ref: CGA 17020)
12,415,1,-1.2118173421009368,quantum_iqp_zz_linear,1,0,-1.0292097855656621,0.18260755653527475,Isoprocarb (Ref: OMS 32)
6,418,0,-1.263994487900109,quantum_iqp_zz_linear,1,0,-1.0813869313648343,0.18260755653527475,2-Chloro-N-(2-ethyl-6-methylphenyl)-N-(2-methoxy-1-methylethyl)acetamide
6,427,0,-1.2105849829420334,quantum_iqp_zz_linear,1,0,-1.0279774264067587,0.18260755653527475,"N-(2,6-Dimethylphenyl)-N-(methoxyacetyl)alanine methyl ester"
375,432,0,-0.629822891588069,quantum_iqp_zz_linear,1,0,-0.44721533505279426,0.18260755653527475,Prochloraz (Ref: BTS 40542)
58,433,1,0.754370889201577,quantum_iqp_zz_linear,1,1,0.9369784457368517,0.18260755653527475,Milbemycin A4
95,445,0,-1.4835931498514503,quantum_iqp_zz_linear,1,0,-1.3009855933161756,0.18260755653527475,Ofurace (Ref: AE F057623)
73,452,1,1.4839388330298293,quantum_iqp_zz_linear,1,1,1.666546389565104,0.18260755653527475,Pyridafenthion (Ref: ENT 23968))
6,467,0,-0.9521379152981693,quantum_iqp_zz_linear,1,0,-0.7695303587628946,0.18260755653527475,Benalaxyl (Ref: M 9834)
95,476,0,-1.1862006910164657,quantum_iqp_zz_linear,1,0,-1.003593134481191,0.18260755653527475,Oxadixyl (Ref: SAN 371F)
6,478,0,-1.487082857230578,quantum_iqp_zz_linear,1,0,-1.3044753006953034,0.18260755653527475,Metazachlor (Ref: BAS 47900H)
26,488,1,-1.189513767084164,quantum_iqp_zz_linear,1,0,-1.0069062105488893,0.18260755653527475,Imazaquin (Ref: BAS 725H)
26,507,0,-1.2106810396360101,quantum_iqp_zz_linear,1,0,-1.0280734831007354,0.18260755653527475,Imazethapyr (Ref: AC 252925)
362,509,0,-0.6523445044280072,quantum_iqp_zz_linear,1,0,-0.4697369478927324,0.18260755653527475,Aclonifen (Ref: AE F068300)
361,512,0,-0.6938255061487579,quantum_iqp_zz_linear,1,0,-0.5112179496134832,0.18260755653527475,Fenothiocarb (Ref: KCO 3001)
26,521,0,-1.2171163260508626,quantum_iqp_zz_linear,1,0,-1.034508769515588,0.18260755653527475,Imazamethabenz (Ref: AC 263840)
358,530,1,-0.9769680548901887,quantum_iqp_zz_linear,1,0,-0.794360498354914,0.18260755653527475,Diflumetorim (Ref: UBF 002)
6,531,0,-1.4190876829325711,quantum_iqp_zz_linear,1,0,-1.2364801263972964,0.18260755653527475,Pretilachlor (Ref: CGA 26423)
26,532,0,-1.0244371848628804,quantum_iqp_zz_linear,1,0,-0.8418296283276057,0.18260755653527475,Imazamethabenz-methyl (Ref: AC 222293)
26,534,0,-1.27584625054351,quantum_iqp_zz_linear,1,0,-1.0932386940082353,0.18260755653527475,Imazamox (Ref: BAS 720H)
6,552,0,-1.5424253196931383,quantum_iqp_zz_linear,1,0,-1.3598177631578636,0.18260755653527475,Diethatyl ethyl (Ref: BAY NNT 6867)
47,564,1,-1.5777496071127493,quantum_iqp_zz_linear,1,0,-1.3951420505774745,0.18260755653527475,Imidacloprid (Ref: BAY NTN 33893)
350,573,0,0.1720915061988242,quantum_iqp_zz_linear,1,1,0.35469906273409896,0.18260755653527475,Fenchlorazole-ethyl (Ref: HOE 070542)
349,576,0,-0.3833769530944773,quantum_iqp_zz_linear,1,0,-0.2007693965592025,0.18260755653527475,Triazamate (Ref: RH 7988)
26,578,0,-1.2066744209383087,quantum_iqp_zz_linear,1,0,-1.024066864403034,0.18260755653527475,Imazapic (Ref: AC 263222)
152,590,0,-1.184845998685125,quantum_iqp_zz_linear,1,0,-1.0022384421498503,0.18260755653527475,Iminoctadine triacetate (Ref: DF 125)
343,591,0,0.3866671886128712,quantum_iqp_zz_linear,1,1,0.5692747451481459,0.18260755653527475,Fenpyroximate (Ref: NNI 850)
67,630,0,-0.6971141581431022,quantum_iqp_zz_linear,1,0,-0.5145066016078275,0.18260755653527475,Oxadiargyl (Ref: RP 020630 )
47,637,1,-1.6211419237659248,quantum_iqp_zz_linear,1,0,-1.43853436723065,0.18260755653527475,"(1E)-N-[(6-Chloro-3-pyridinyl)methyl]-N-ethyl-N'-methyl-2-nitro-1,1-ethenediamine"
332,639,0,0.0408541848172517,quantum_iqp_zz_linear,1,1,0.22346174135252644,0.18260755653527475,"2-(2,6-Difluorophenyl)-4-[4-(1,1-dimethylethyl)-2-ethoxyphenyl]-4,5-dihydrooxazole"
331,642,0,-0.8587540766038826,quantum_iqp_zz_linear,1,0,-0.6761465200686079,0.18260755653527475,Flupoxam (Ref: MON 18500)
47,644,1,-1.5540533758228863,quantum_iqp_zz_linear,1,0,-1.3714458192876116,0.18260755653527475,"1-[(6-Chloro-3-pyridinyl)methyl]-4,5-dihydro-1H-imidazol-2-amine"
88,650,0,-0.5505639426079396,quantum_iqp_zz_linear,1,0,-0.36795638607266484,0.18260755653527475,Benthiavalicarb-isopropyl (Ref: KIF-230)
67,651,0,-1.359298349071774,quantum_iqp_zz_linear,1,0,-1.1766907925364993,0.18260755653527475,Azafenidin
327,654,0,-0.4402339215580229,quantum_iqp_zz_linear,1,0,-0.2576263650227481,0.18260755653527475,Cinidon-ethyl (Ref: BAS 615H)
320,673,0,-1.259956654185184,quantum_iqp_zz_linear,1,0,-1.0773490976499094,0.18260755653527475,Verbutin (Ref: MB-599)
6,676,0,-1.2915687104304157,quantum_iqp_zz_linear,1,0,-1.108961153895141,0.18260755653527475,Propisochlor
6,679,0,-1.022705533664415,quantum_iqp_zz_linear,1,0,-0.8400979771291404,0.18260755653527475,Dimethenamid-P
145,680,0,-0.07038011065764224,quantum_iqp_zz_linear,1,0,0.1122274458776325,0.18260755653527475,Picolinafen (Ref: BAS 700H)
47,695,1,-1.7121578127432668,quantum_iqp_zz_linear,1,0,-1.5295502562079921,0.18260755653527475,1-[(6-Chloro-3-pyridinyl)methyl]-N-nitro-1H-imidazol-2-amine
310,708,0,0.9752588262576216,quantum_iqp_zz_linear,1,1,1.1578663827928963,0.18260755653527475,Thifluzamide (Ref: MON 24000)
88,709,0,-0.9819239482699329,quantum_iqp_zz_linear,1,0,-0.7993163917346582,0.18260755653527475,Iprovalicarb (Ref: SZX 0722)
139,713,0,-1.4408815796737082,quantum_iqp_zz_linear,1,0,-1.2582740231384335,0.18260755653527475,Dimethirimol (Ref: PP675)
139,721,1,-1.5176324160954477,quantum_iqp_zz_linear,1,0,-1.335024859560173,0.18260755653527475,Ethirimol (Ref: PP149)
307,722,0,-0.9678682806783039,quantum_iqp_zz_linear,1,0,-0.7852607241430292,0.18260755653527475,Pyrifenox (Ref: CGA 179945)
32,727,0,0.253557067724004,quantum_iqp_zz_linear,1,1,0.43616462425927877,0.18260755653527475,"N'-[4-[(3,4-Dihydro-2-methoxy-2,4,4-trimethyl-2H-1-benzopyran-7-yl)oxy]phenyl]-N-methoxy-N-methylurea"
12,734,1,-1.0663163657715353,quantum_iqp_zz_linear,1,0,-0.8837088092362606,0.18260755653527475,"3-(1-Ethylpropyl)phenol, 1-(N-Methylcarbamate) mixt. with 3-(1-Methylbutyl)phenyl N-methylcarbamate"
64,748,0,0.7655730086264034,quantum_iqp_zz_linear,1,1,0.9481805651616781,0.18260755653527475,Metamifop (Ref: DBH-129)
301,763,0,-1.0686282156700573,quantum_iqp_zz_linear,1,0,-0.8860206591347826,0.18260755653527475,"2,4,5-trichlorophenol"
43,771,0,-0.30782160318291485,quantum_iqp_zz_linear,1,0,-0.12521404664764008,0.18260755653527475,Isopyrazam (Ref: SYN 520453)
58,773,1,1.1294890941740636,quantum_iqp_zz_linear,1,1,1.3120966507093383,0.18260755653527475,Emamectin benzoate (Ref: MK 244)
134,775,0,1.8298677952555602,quantum_iqp_zz_linear,1,1,2.012475351790835,0.18260755653527475,Hexylthiofos
43,779,0,0.37365589256100673,quantum_iqp_zz_linear,1,1,0.5562634490962814,0.18260755653527475,"N-(3',4'-Dichloro-5-fluoro[1,1'-biphenyl]-2-yl)-3-(difluoromethyl)-1-methyl-1H-pyrazole-4-carboxamide"
43,782,0,-0.5157284391358319,quantum_iqp_zz_linear,1,0,-0.3331208826005571,0.18260755653527475,Fluxapyroxad (Ref: BAS 700F)
296,783,0,-0.21938452424686525,quantum_iqp_zz_linear,1,0,-0.0367769677115905,0.18260755653527475,Cyflumetofen (Ref: OK-5101)
43,784,1,-0.9585046467104208,quantum_iqp_zz_linear,1,0,-0.7758970901751461,0.18260755653527475,"N-(2-[1,1'-Bicyclopropyl]-2-ylphenyl)-3-(difluoromethyl)-1-methyl-1H-pyrazole-4-carboxamide"
295,788,1,-0.38923136639453393,quantum_iqp_zz_linear,1,0,-0.20662380985925916,0.18260755653527475,"1-Acetyl-3,4-dihydro-3-[(3-pyridinylmethyl)amino]-6-[1,2,2,2-tetrafluoro-1-(trifluoromethyl)ethyl]-2(1H)-quinazolinone"
110,795,1,1.3799256532674358,quantum_iqp_zz_linear,1,1,1.5625332098027105,0.18260755653527475,Spinetoram
43,797,0,0.11218367535325327,quantum_iqp_zz_linear,1,1,0.294791231888528,0.18260755653527475,"N-[9-(Dichloromethylene)-1,2,3,4-tetrahydro-1,4-1H-pyrazole-4-carboxamide"
285,812,0,0.7511667006542089,quantum_iqp_zz_linear,1,1,0.9337742571894836,0.18260755653527475,(2Z)-2-[[2-Fluoro-5-(trifluoromethyl)phenyl]thio]-2-[3-(2-methoxyphenyl)-2-thiazolidinylidene]acetonitrile
88,814,0,-1.050518962480484,quantum_iqp_zz_linear,1,0,-0.8679114059452093,0.18260755653527475,Methyl 3-(4-chlorophenyl)-3-[(N-{[(propan-2-yl)oxy]carbonyl}valyl)amino]propanoate
279,836,1,-0.9366862253144559,quantum_iqp_zz_linear,1,0,-0.7540786687791812,0.18260755653527475,"Cyanamide (Ref: LH 21,810A)"
272,853,0,-1.2387426226870497,quantum_iqp_zz_linear,1,0,-1.056135066151775,0.18260755653527475,Bromomethane
261,868,0,-1.1937782221675297,quantum_iqp_zz_linear,1,0,-1.011170665632255,0.18260755653527475,Alpha-pinene
255,886,0,-2.2308938374491465,quantum_iqp_zz_linear,1,0,-2.0482862809138718,0.18260755653527475,Ryanodine
127,889,0,-1.2096029731667612,quantum_iqp_zz_linear,1,0,-1.0269954166314865,0.18260755653527475,Laminarin (Ref: H11)
26,892,0,-1.2887049632267962,quantum_iqp_zz_linear,1,0,-1.1060974066915215,0.18260755653527475,Imazapyr
248,903,0,-1.6681443698851401,quantum_iqp_zz_linear,1,0,-1.4855368133498654,0.18260755653527475,N-(Phenylmethyl)-1H-purin-6-amine
245,909,0,-1.1765421631962427,quantum_iqp_zz_linear,1,0,-0.993934606660968,0.18260755653527475,Nepetalactone
19,912,0,-1.1983589213691586,quantum_iqp_zz_linear,1,0,-1.0157513648338838,0.18260755653527475,Desmetryn (Ref: G 34360)
239,924,0,-1.3677320838045732,quantum_iqp_zz_linear,1,0,-1.1851245272692985,0.18260755653527475,Bentazone
67,929,0,-0.2898965613994884,quantum_iqp_zz_linear,1,0,-0.10728900486421361,0.18260755653527475,"3-[2,4-Dichloro-5-(1-methylethoxy)phenyl]-5-(1,1-dimethylethyl)-1,3,4-oxadiazol-2(3H)-one"
230,937,0,-1.1384807787155493,quantum_iqp_zz_linear,1,0,-0.9558732221802746,0.18260755653527475,Lineatin
79,938,0,-1.0147024328886483,quantum_iqp_zz_linear,1,0,-0.8320948763533735,0.18260755653527475,Kinoprene
58,944,1,0.5616715615713703,quantum_iqp_zz_linear,1,1,0.744279118106645,0.18260755653527475,Milbemectin (Ref: SL 8601)
222,956,0,0.654118571982818,quantum_iqp_zz_linear,1,1,0.8367261285180927,0.18260755653527475,"Tetrahydro-5,5-dimethyl-2(1H)-pyrimidio[3-[4-trifluoromethyl)phenyl]-1-[2-[4-(trifluoromethyl)phenyl]ethenyl]-2-propenylidene]hydrazone"
117,959,0,-1.0642780708878208,quantum_iqp_zz_linear,1,0,-0.8816705143525461,0.18260755653527475,Siglure
219,961,0,-0.4447039003794879,quantum_iqp_zz_linear,1,0,-0.26209634384421315,0.18260755653527475,Bensultap (Ref: OMS 3011)
213,970,0,-0.9317185409544022,quantum_iqp_zz_linear,1,0,-0.7491109844191275,0.18260755653527475,Pefurazoate (Ref: UR-0003)
205,983,1,-1.0925535749200899,quantum_iqp_zz_linear,1,0,-0.9099460183848151,0.18260755653527475,Pyrimidifen
47,989,0,-0.6858839086932393,quantum_iqp_zz_linear,1,0,-0.5032763521579646,0.18260755653527475,[N(Z)]-N-[3-[(6-Chloro-3-pyridinyl)methyl]-2-thiazolidinylidene]cyanamide
200,992,0,-0.4217590673047029,quantum_iqp_zz_linear,1,0,-0.23915151076942814,0.18260755653527475,N-(Cyano-2-thienylmethyl)-4-ethyl-2-(ethylamino)-5-thiazolecarboxamide
6,997,0,-0.5227133090322083,quantum_iqp_zz_linear,1,0,-0.3401057524969335,0.18260755653527475,Thenylchlor (Ref: NSK 850)
195,1007,0,-1.0598355561198387,quantum_iqp_zz_linear,1,0,-0.877227999584564,0.18260755653527475,Cyflufenamid (Ref: NF 149)
110,1011,1,1.4845764794916017,quantum_iqp_zz_linear,1,1,1.6671840360268764,0.18260755653527475,Spinosad (Ref: XDE 105)
187,1023,0,0.6396426778423665,quantum_iqp_zz_linear,1,1,0.8222502343776412,0.18260755653527475,"1-[4-[4-[5-(2,6-Difluorophenyl)-4,5-dihydro-3-isoxazolyl]-2-thiazolyl]-1-piperidinyl]-2-[5-methyl-3-(trifluoromethyl)-1H-pyrazol-1-yl]ethanone"
178,1034,0,-2.0944981178159434,quantum_iqp_zz_linear,1,0,-1.9118905612806687,0.18260755653527475,Maltodextrin
460,2,0,-0.8601198687245496,quantum_iqp_zz_linear,2,0,-0.6831425969031294,0.1769772718214202,Para-cymene
107,8,0,-0.7940637654775894,quantum_iqp_zz_linear,2,0,-0.6170864936561692,0.1769772718214202,Orange oil
56,18,1,0.943188009320215,quantum_iqp_zz_linear,2,1,1.1201652811416352,0.1769772718214202,"3-[(Dimethoxyphosphinyl)oxy]-2-butenoic acid, Methyl ester"
452,33,0,-1.1127290630167646,quantum_iqp_zz_linear,2,0,-0.9357517911953445,0.1769772718214202,5-Methyl-2-(1-methylethyl)phenol
23,34,0,-1.0554872985990134,quantum_iqp_zz_linear,2,0,-0.878510026777593,0.1769772718214202,"N-Butyl-N-ethyl-2,6-dinitro-4-(trifluoromethyl)benzenamine"
177,37,0,-1.0041954280338956,quantum_iqp_zz_linear,2,0,-0.8272181562124753,0.1769772718214202,Carvone
40,50,1,0.312203852715343,quantum_iqp_zz_linear,2,1,0.4891811245367632,0.1769772718214202,Tetraethyl ester diphosphoric acid
75,51,1,-1.0624944864878674,quantum_iqp_zz_linear,2,0,-0.8855172146664471,0.1769772718214202,Chlorobenzilate (Ref: ENT 18596)
107,55,0,-0.9619181152592543,quantum_iqp_zz_linear,2,0,-0.7849408434378341,0.1769772718214202,Alpha-terpineol
446,67,0,-0.9971083648706495,quantum_iqp_zz_linear,2,0,-0.8201310930492293,0.1769772718214202,1-Methyl-2-pyrrolidinone
441,81,0,-0.9031150331991115,quantum_iqp_zz_linear,2,0,-0.7261377613776913,0.1769772718214202,Tridemorph (Ref: BAS 2205-F)
30,97,1,-1.0516712492085771,quantum_iqp_zz_linear,2,0,-0.874693977387157,0.1769772718214202,"3,5-Dimethyl-4-(methylthio)phenol, Methylcarbamate"
436,108,0,-1.1013620009045106,quantum_iqp_zz_linear,2,0,-0.9243847290830906,0.1769772718214202,2-aminobutane
173,114,0,-1.4161903360719899,quantum_iqp_zz_linear,2,0,-1.2392130642505697,0.1769772718214202,1-naphthylacetamide
2,115,1,-1.2457868192617945,quantum_iqp_zz_linear,2,0,-1.0688095474403743,0.1769772718214202,Tribenuron-methyl (Ref: DPX L5300)
172,118,0,-1.3640605522494027,quantum_iqp_zz_linear,2,0,-1.1870832804279825,0.1769772718214202,2-naphthyloxyacetic acid
40,140,0,0.9709270487280388,quantum_iqp_zz_linear,2,1,1.147904320549459,0.1769772718214202,Tribufos
425,166,0,-0.48740078817224786,quantum_iqp_zz_linear,2,0,-0.31042351635082766,0.1769772718214202,Fosetyl
40,177,1,0.9723056556017864,quantum_iqp_zz_linear,2,1,1.1492829274232066,0.1769772718214202,"Phosphorodithioic acid O-ethyl S,S-dipropyl ester"
167,216,1,-1.173239359786232,quantum_iqp_zz_linear,2,0,-0.9962620879648117,0.1769772718214202,Dimetilan
30,229,1,-1.1797652521632134,quantum_iqp_zz_linear,2,0,-1.0027879803417932,0.1769772718214202,"4-(Dimethylamino)-3,5-dimethylphenol, Methylcarbamate(ester)"
30,235,1,-1.236249842932083,quantum_iqp_zz_linear,2,0,-1.0592725711106628,0.1769772718214202,"4-(Dimethylamino)-3-methylphenol, Methylcarbamate (ester)"
167,240,1,-1.1908343530471497,quantum_iqp_zz_linear,2,0,-1.0138570812257295,0.1769772718214202,"N,N-dimethylcarbamic acid 3-methyl-1-(1-methylethyl)-1H-pyrazol-5-yl ester"
23,241,0,-1.0554381124020047,quantum_iqp_zz_linear,2,0,-0.8784608405805846,0.1769772718214202,"2,6-Dinitro-N,N-dipropyl-4-(trifluoromethyl)benzenamine"
56,246,1,0.8782315368683462,quantum_iqp_zz_linear,2,1,1.0552088086897664,0.1769772718214202,"Phosphoric acid, (1E)-3-(Dimethylamino)-1-methyl-3-oxo-1-propen-1-yl dimethyl ester"
124,249,0,-0.5281784224224096,quantum_iqp_zz_linear,2,0,-0.35120115060098944,0.1769772718214202,Gibberellins
30,251,1,-1.189106025342608,quantum_iqp_zz_linear,2,0,-1.0121287535211878,0.1769772718214202,XMC (Ref: H 69)
412,253,0,-0.6286639298557403,quantum_iqp_zz_linear,2,0,-0.45168665803432007,0.1769772718214202,Kasugamycin hydrochloride hydrate
411,254,1,-0.3649661894135944,quantum_iqp_zz_linear,2,0,-0.18798891759217418,0.1769772718214202,Alpha-endosulfan
98,262,1,1.1238630747610028,quantum_iqp_zz_linear,2,1,1.300840346582423,0.1769772718214202,"Phosphoric acid, 2-Chloro-1-(2,4-dichlorophenyl)ethenyl diethyl ester"
75,265,0,-0.5728146795990391,quantum_iqp_zz_linear,2,0,-0.3958374077776189,0.1769772718214202,Bromopropylate (Ref: GS 19851)
56,275,1,0.8367121513375324,quantum_iqp_zz_linear,2,1,1.0136894231589526,0.1769772718214202,Monocrotophos (Ref: ENT 27129)
30,281,1,-1.0963770738848155,quantum_iqp_zz_linear,2,0,-0.9193998020633954,0.1769772718214202,3-methyl-5-(1-methylethyl)phenol 1-(N-methylcarbamate)  
56,283,1,0.9997862228856762,quantum_iqp_zz_linear,2,1,1.1767634947070964,0.1769772718214202,(2E)-3-[(Dimethoxyphosphinyl)oxy]-2-butenoic acid 1-phenylethyl ester
98,291,1,1.14658377255729,quantum_iqp_zz_linear,2,1,1.3235610443787102,0.1769772718214202,"Phosphoric acid (1Z)-2-chloro-1-(2,4,5-trichlorophenyl)ethenyl dimethyl ester"
403,301,0,-1.3788271794135387,quantum_iqp_zz_linear,2,0,-1.2018499075921185,0.1769772718214202,Benazolin (Ref: RD 7693)
396,325,0,-0.9238727057103374,quantum_iqp_zz_linear,2,0,-0.7468954338889172,0.1769772718214202,N-(2-Methylcyclohexyl)-N'-phenylurea
23,344,1,-0.8043754548510994,quantum_iqp_zz_linear,2,0,-0.6273981830296792,0.1769772718214202,Isopropalin (Ref: EL-179)
23,359,0,-1.0960629122153698,quantum_iqp_zz_linear,2,0,-0.9190856403939497,0.1769772718214202,Fluchloralin (Ref: BAS 392H)
388,365,0,-1.000289718559027,quantum_iqp_zz_linear,2,0,-0.8233124467376066,0.1769772718214202,Methyl cyclohexenone
23,378,0,-1.0696978056502324,quantum_iqp_zz_linear,2,0,-0.8927205338288123,0.1769772718214202,"N-Ethyl-N-(2-methyl-2-propenyl)-2,6-dinitro-4-(trifluoromethyl)benzenamine"
382,389,0,-1.3838671253358645,quantum_iqp_zz_linear,2,0,-1.2068898535144443,0.1769772718214202,alpha-Cyclopropyl-alpha-(4-methoxyphenyl)-5-pyrimidinemethanol
98,408,1,1.2020700647139864,quantum_iqp_zz_linear,2,1,1.3790473365354066,0.1769772718214202,Akton
62,413,1,-1.087942141840117,quantum_iqp_zz_linear,2,0,-0.9109648700186969,0.1769772718214202,Furalaxyl (Ref: IPE 134)
23,425,0,-1.0612895006533276,quantum_iqp_zz_linear,2,0,-0.8843122288319073,0.1769772718214202,"2,6-Dinitro-N1,N1-dipropyl-4-(trifluoromethyl)-1,3-benzenediamine"
377,426,0,1.8897528318275396,quantum_iqp_zz_linear,2,1,2.06673010364896,0.1769772718214202,Dienochlor (Ref: SAN 804)
156,439,1,-0.6166927874859222,quantum_iqp_zz_linear,2,0,-0.43971551566450195,0.1769772718214202,Fenpropidin (Ref: CGA 114900)
371,461,1,-0.5004246190624194,quantum_iqp_zz_linear,2,0,-0.3234473472409992,0.1769772718214202,"(4aS)-7-Chloro-2,5-dihydro-2-[[(methoxycarbonyl)[4-(trifluoromethoxy)phenyl]amino]carbonyl]indeno[1,2-e][1,3,4]oxadiazine-4a(3H)-carboxylic acid methyl ester"
156,487,0,-0.6885840608274644,quantum_iqp_zz_linear,2,0,-0.5116067890060442,0.1769772718214202,"(2R,6S)-rel-4-[3-[4-(1,1-Dimethylethyl)phenyl]-2-methylpropyl]-2,6-dimethylmorpholine  "
81,505,1,-0.6383059433340296,quantum_iqp_zz_linear,2,0,-0.46132867151260937,0.1769772718214202,Benfuracarb
360,514,1,1.260927738753266,quantum_iqp_zz_linear,2,1,1.4379050105746862,0.1769772718214202,Sulfluramid (Ref: GX 071)
150,515,0,-1.259700754604472,quantum_iqp_zz_linear,2,0,-1.0827234827830519,0.1769772718214202,"3-(N-butyl-N-acetyl)-aminopropionic acid, ethyl ester (Ref: OMS 3065)"
2,523,1,-0.9690595164058305,quantum_iqp_zz_linear,2,0,-0.7920822445844103,0.1769772718214202,Thifensulfuron-methyl (Ref: DPX M6316)
23,526,0,-0.5689797189454774,quantum_iqp_zz_linear,2,0,-0.3920024471240572,0.1769772718214202,"2-Chloro-N-[2,6-dinitro-4-(trifluoromethyl)phenyl]-N-ethyl-6-fluorobenzenemethanamine"
113,541,0,-1.1046237432875623,quantum_iqp_zz_linear,2,0,-0.927646471466142,0.1769772718214202,"[[2-Chloro-4-fluoro-5-[(tetrahydro-3-oxo-1H,3H-[1,3,4]thiadiazolo [3,4-a]pyridazin-1-ylidine)amino]phenyl]thioacetic acid methyl ester"
353,551,0,-0.9514881785626698,quantum_iqp_zz_linear,2,0,-0.7745109067412496,0.1769772718214202,Prohexadione
46,584,0,-0.8516554379609041,quantum_iqp_zz_linear,2,0,-0.674678166139484,0.1769772718214202,"(2R)-2-[4-(4-Cyano-2-fluorophenoxy)phenoxy]propanoic acid, Butyl ester"
346,586,0,0.6564852318576196,quantum_iqp_zz_linear,2,1,0.8334625036790398,0.1769772718214202,"N2-[1,1-Dimethyl-2-(methylsulfonyl)ethyl]-3-iodo-N1-[2-methyl-4-[1,2,2,2-tetrafluoro-1-(trifluoromethyl)ethyl]phenyl]-1,2-benzenedicarboxamide"
153,589,1,-0.03496944143324621,quantum_iqp_zz_linear,2,0,0.142007830388174,0.1769772718214202,(2-Oxo-3-thiazolidinyl)phosphonothioic acid O-ethyl S-(1-methylpropyl)ester
90,593,0,-1.413175740354575,quantum_iqp_zz_linear,2,0,-1.2361984685331548,0.1769772718214202,Sulfentrazone (Ref: FMC 97285)
90,598,0,-1.1133198362315273,quantum_iqp_zz_linear,2,0,-0.9363425644101072,0.1769772718214202,"alpha,2-Dichloro-5-[4-(difluoromethyl)-4,5-dihydro-3-methyl-5-oxo-1H-1,2,4-triazol-1-yl]-4-fluorobenzenepropanoic acid, Ethyl ester"
340,599,0,-1.1990780496271751,quantum_iqp_zz_linear,2,0,-1.022100777805755,0.1769772718214202,Benoxacor (Ref: CGA 154281)
40,603,1,1.068944355089995,quantum_iqp_zz_linear,2,1,1.2459216269114153,0.1769772718214202,Cadusafos (Ref: FMC 67825)
7,609,0,-1.2945023186614442,quantum_iqp_zz_linear,2,0,-1.117525046840024,0.1769772718214202,Triflusulfuron-methyl (Ref: DPX 66037)
150,623,0,-1.2251189191047709,quantum_iqp_zz_linear,2,0,-1.0481416472833507,0.1769772718214202,Oryctalure
149,624,1,-0.7608319567656286,quantum_iqp_zz_linear,2,0,-0.5838546849442084,0.1769772718214202,Alanycarb
334,636,1,-0.6641290320790275,quantum_iqp_zz_linear,2,0,-0.4871517602576073,0.1769772718214202,"5-Methyl-5-(4-phenoxyphenyl)-3-(phenylamino)-2,4-oxazolidinedione"
90,661,0,-1.352231508212393,quantum_iqp_zz_linear,2,0,-1.1752542363909728,0.1769772718214202,"alpha,2-Dichloro-5-[4-(difluoromethyl)-4,5-dihydro-3-methyl-5-oxo-1H-1,2,4-triazol-1-yl]-4-fluorobenzenepropanoic acid"
322,670,0,0.39251407264306415,quantum_iqp_zz_linear,2,1,0.5694913444644844,0.1769772718214202,Pyridalyl (Ref: S-1812)
319,677,0,-0.9786683642507489,quantum_iqp_zz_linear,2,0,-0.8016910924293287,0.1769772718214202,"(5S)-3,5-Dihydro-5-methyl-2-(methylthio)-5-phenyl-3-(phenylamino)-4H-imidazol-4-one"
311,707,0,-0.5997668413563847,quantum_iqp_zz_linear,2,0,-0.4227895695349645,0.1769772718214202,Sucrose octanoate
75,710,1,-1.3885302921394487,quantum_iqp_zz_linear,2,0,-1.2115530203180285,0.1769772718214202,Zarilamid (Ref: ICIA001)
309,716,0,-1.0682055136748994,quantum_iqp_zz_linear,2,0,-0.891228241853479,0.1769772718214202,Alloxydim
302,762,0,-0.6314339347773207,quantum_iqp_zz_linear,2,0,-0.4544566629559005,0.1769772718214202,"Carbonic acid, cis-3-(2,5-Dimethylphenyl)-8-methoxy-2-oxo-1-azaspiro[4.5]dec-3-en-4-yl ethyl ester"
130,766,0,-1.2531694271869969,quantum_iqp_zz_linear,2,0,-1.0761921553655767,0.1769772718214202,"2-Chloro-5-[3,6-dihydro-3-methyl-2,6-dioxo-4-(trifluoromethyl-1(2H)-pyrimidinyl]-4-fluoro-N-[[methyl(1-methylethyl)amino]sulfonyl]benzamide"
297,777,0,-1.3040655224388658,quantum_iqp_zz_linear,2,0,-1.1270882506174456,0.1769772718214202,"2-[1-[2-[[(3,5-Difluorophenyl)amino]carbonyl]hydrazinylidene]ethyl]-3-pyridinecarboxylic acid"
62,790,1,-0.5722706238575953,quantum_iqp_zz_linear,2,0,-0.3952933520361751,0.1769772718214202,Furalaxyl-M
294,791,0,-1.474967921946386,quantum_iqp_zz_linear,2,0,-1.2979906501249658,0.1769772718214202,"N-{2-[(4,6-Dimethoxypyrimidin-2-yl)(hydroxy)methyl]-6-(methoxymethyl)phenyl}-1,1-difluoromethanesulfonamide"
292,793,1,-1.5098391280840724,quantum_iqp_zz_linear,2,0,-1.3328618562626522,0.1769772718214202,"4-[[(6-Chloro-3-pyridinyl)methyl](2,2-difluoroethyl)amino]-2(5H)-furanone"
286,810,0,-1.597224092857594,quantum_iqp_zz_linear,2,0,-1.4202468210361738,0.1769772718214202,Triafamone (Ref: AE 1887198)
130,819,1,-1.1375915231635738,quantum_iqp_zz_linear,2,0,-0.9606142513421535,0.1769772718214202,"Methyl N-[2-({2-chloro-4-fluoro-5-[3-methyl-2,6-dioxo-4-(trifluoromethyl)-3,6-dihydropyrimidin-1(2H)-yl]phenyl}sulfanyl)propanoyl]-beta-alaninate"
83,825,0,-0.43192032412641856,quantum_iqp_zz_linear,2,0,-0.25494305230499836,0.1769772718214202,Benzyl 4-amino-3-chloro-6-(4-chloro-2-fluoro-3-methoxyphenyl)-5-fluoropyridine-2-carboxylate
281,831,0,-1.268584096659142,quantum_iqp_zz_linear,2,0,-1.0916068248377218,0.1769772718214202,Nicotine
277,842,0,-0.9168165755187391,quantum_iqp_zz_linear,2,0,-0.7398393036973189,0.1769772718214202,Strychnine
273,850,0,-0.9052816931505424,quantum_iqp_zz_linear,2,0,-0.7283044213291222,0.1769772718214202,Dimethyl disulfide
267,859,0,-0.5579964449044968,quantum_iqp_zz_linear,2,0,-0.38101917308307665,0.1769772718214202,Dithianon (Ref: BAS 216F)
81,863,1,-0.5098581839586177,quantum_iqp_zz_linear,2,0,-0.3328809121371975,0.1769772718214202,Carbosulfan (Ref: OMS 3022)
257,884,0,-1.016549964217289,quantum_iqp_zz_linear,2,0,-0.8395726923958687,0.1769772718214202,"4-[(2R)-2-[(1S,3S,5S)-3,5-Dimethyl-2-oxocyclohexyl]-2-hydroxyethyl]-2,6-piperidinedione"
124,895,0,-0.6848104158170188,quantum_iqp_zz_linear,2,0,-0.5078331439955986,0.1769772718214202,Gibberellic acid
251,896,0,-0.7569042333202881,quantum_iqp_zz_linear,2,0,-0.5799269614988679,0.1769772718214202,ACC
56,914,1,0.9371677250643644,quantum_iqp_zz_linear,2,1,1.1141449968857846,0.1769772718214202,"3-[(Dimethoxyphosphinyl)oxy]-2-pentenedioic acid, Dimethyl ester"
240,922,0,-1.1878173393849563,quantum_iqp_zz_linear,2,0,-1.010840067563536,0.1769772718214202,Metribuzin (Ref: DPX G2504)
23,923,0,-0.9587284988432244,quantum_iqp_zz_linear,2,0,-0.7817512270218042,0.1769772718214202,Oryzalin (Ref: EL 119)
232,933,0,-1.1076683705864263,quantum_iqp_zz_linear,2,0,-0.930691098765006,0.1769772718214202,Jasmonic acid
226,947,0,-0.8749681177533221,quantum_iqp_zz_linear,2,0,-0.6979908459319019,0.1769772718214202,"1,7-dioxaspiro(5.5)undecane"
223,951,0,-0.6555271933574208,quantum_iqp_zz_linear,2,0,-0.4785499215360006,0.1769772718214202,"2,3-Dihydro-5,6-dimethyl-1,4-dithiin 1,1,4,4-tetraoxide"
119,953,0,-0.9428922421811353,quantum_iqp_zz_linear,2,0,-0.7659149703597151,0.1769772718214202,Nitrothal-isopropyl (Ref: BAS 300 OOF)
216,965,0,-0.841086182297884,quantum_iqp_zz_linear,2,0,-0.6641089104764638,0.1769772718214202,Cinmethylin (Ref: BAS 684 H)
209,976,0,-1.375537227576913,quantum_iqp_zz_linear,2,0,-1.198559955755493,0.1769772718214202,Ecolyst (Ref: HSDB 7282)
113,986,0,-1.1551151818148475,quantum_iqp_zz_linear,2,0,-0.9781379099934272,0.1769772718214202,Fluthiacet
107,1001,0,-0.1884052405851232,quantum_iqp_zz_linear,2,0,-0.011427968763703,0.1769772718214202,Di-1-p-menthene
196,1005,0,-0.9934661952265548,quantum_iqp_zz_linear,2,0,-0.8164889234051346,0.1769772718214202,"alpha-Methyl-omega-[3-[1,3,3,3-tetramethyl-1-[(trimethylsilyl)oxy]-1-disiloxanyl]propoxy]poly(oxy-1,2-ethanediyl)"
188,1020,0,-0.12886099221953784,quantum_iqp_zz_linear,2,0,0.04811627960188236,0.1769772718214202,Sabadilla (Ref: ENT 123 )
186,1026,1,-1.121433121270758,quantum_iqp_zz_linear,2,0,-0.9444558494493377,0.1769772718214202,Triflumezopyrim (Ref: DPX-RAB55)
182,1030,0,-0.9679680957393842,quantum_iqp_zz_linear,2,0,-0.790990823917964,0.1769772718214202,1-({1-Ethyl-4-[4-(methanesulfonyl)-3-(2-methoxyethoxy)-2-methylbenzoyl]-1H-pyrazol-5-yl}oxy)ethyl methyl carbonate
3,20,0,-1.2396453468884256,quantum_iqp_zz_linear,3,0,-0.8038209293858707,0.43582441750255496,Neburon
453,29,0,-1.3853244193823953,quantum_iqp_zz_linear,3,0,-0.9495000018798403,0.43582441750255496,"1,8-cineole"
3,31,0,-1.4484551969740331,quantum_iqp_zz_linear,3,0,-1.0126307794714782,0.43582441750255496,"N'-(3,4-Dichlorophenyl)-N-methoxy-N-methylurea"
80,36,0,-1.3412196034635218,quantum_iqp_zz_linear,3,0,-0.9053951859609668,0.43582441750255496,"2-[(Trichloromethyl)thio]-1H-isoindole-1,3(2H)dione"
42,39,0,-1.4557750867141113,quantum_iqp_zz_linear,3,0,-1.0199506692115563,0.43582441750255496,"N-(3,4-Dichlorophenyl)propanamide"
3,42,0,-1.3973224759714329,quantum_iqp_zz_linear,3,0,-0.9614980584688779,0.43582441750255496,"N'-(3,4-Dichlorophenyl)-N,N-dimethylurea"
443,78,1,-0.8263344397435333,quantum_iqp_zz_linear,3,0,-0.39051002224097836,0.43582441750255496,Trichlorfon (Ref: OMS 800)
439,87,0,-1.7708308246501292,quantum_iqp_zz_linear,3,0,-1.3350064071475742,0.43582441750255496,As-(4-Aminophenyl)arsonic acid
27,92,1,-1.2991663219764906,quantum_iqp_zz_linear,3,0,-0.8633419044739357,0.43582441750255496,Penconazole (Ref: CGA 71818)
165,93,0,-1.453017501063713,quantum_iqp_zz_linear,3,0,-1.017193083561158,0.43582441750255496,Dichlone (Ref: USR 604)
27,101,0,-1.3572999629730955,quantum_iqp_zz_linear,3,0,-0.9214755454705406,0.43582441750255496,"1-(4-Chlorophenoxy)-3,3-dimethyl-1-(1H-1,2,4-triazol-1-yl)-2-butanone"
111,125,0,-0.9088101897942025,quantum_iqp_zz_linear,3,0,-0.47298577229164745,0.43582441750255496,[2-[[[1-(4-Chlorophenyl)-1H-pyrazol-3-yl]oxy]methyl]phenyl]methoxycarbamic acid methyl ester
430,145,0,-0.861948988694377,quantum_iqp_zz_linear,3,0,-0.42612457119182195,0.43582441750255496,"2-[(1,1-Dimethylethyl)imino]tetrahydro-3-(1-methylethyl)-5-phenyl-4H-1,3,5-thiadiazin-4-one"
59,146,1,-0.7202832549685476,quantum_iqp_zz_linear,3,0,-0.2844588374659927,0.43582441750255496,"1,4,5,6,7,8,8-Heptachloro-3a,4,7,7a-tetrahydro-4,7-methano-1H-indene"
16,147,0,-1.2014992550964028,quantum_iqp_zz_linear,3,0,-0.7656748375938478,0.43582441750255496,"2-(2,4,5-Trichlorophenoxy)acetic acid, Butyl ester"
59,148,1,-0.7917636873924714,quantum_iqp_zz_linear,3,0,-0.35593926988991637,0.43582441750255496,"(1R,4S,4aS,5S,8R,8aR)-rel-1,2,3,4,10,10-Hexachloro-1,4,4a,5,8,8a-hexahydro-1,4:5,8-dimethanonaphthalene"
59,154,1,-0.9030302276353419,quantum_iqp_zz_linear,3,0,-0.4672058101327869,0.43582441750255496,"(1aR,2R,2aS,3S,6R,6aR,7S,7aS)-rel-3,4,5,6,9,9-Hexachloro-1a,2,2a,3,6,6a,7,7a-octahydro-2,7:3,6-dimethanonaphth[2,3-b]oxirene "
428,158,0,-1.2767721430101642,quantum_iqp_zz_linear,3,0,-0.8409477255076092,0.43582441750255496,"alpha-(4-(1,1,3,3-Tetramethylbutyl)phenyl)-omega-hydroxypoly(oxy-1,2-ethanediyl)"
52,173,0,-1.1319517775436108,quantum_iqp_zz_linear,3,0,-0.6961273600410558,0.43582441750255496,Chlorbenside (Ref: ENT 20696)
38,175,1,0.7989858394333886,quantum_iqp_zz_linear,3,1,1.2348102569359436,0.43582441750255496,"Phosphorothioic acid, S-[2-(Ethylsulfinyl)ethyl] O,O-dimethyl ester"
3,176,0,-1.440711969826867,quantum_iqp_zz_linear,3,0,-1.004887552324312,0.43582441750255496,"N'-(4-chlorophenyl)-N,N-dimethylurea"
8,192,0,-1.6905578273648554,quantum_iqp_zz_linear,3,0,-1.2547334098623004,0.43582441750255496,"6-Chloro-N,N'-diethyl-1,3,5-triazine-2,4-diamine"
8,196,0,-1.5540683245766282,quantum_iqp_zz_linear,3,0,-1.1182439070740733,0.43582441750255496,"6-Chloro-N2,N4-bis(1-methylethyl)-1,3,5-triazine-2,4-diamine"
421,202,0,-1.6741868166412794,quantum_iqp_zz_linear,3,0,-1.2383623991387245,0.43582441750255496,Methazole (Ref: VCS-438)
8,211,0,-1.5118146135205475,quantum_iqp_zz_linear,3,0,-1.0759901960179925,0.43582441750255496,"6-Methoxy-N2,N4-bis(1-methylethyl)-1,3,5-triazine-2,4-diamine"
8,217,0,-1.4818745689228952,quantum_iqp_zz_linear,3,0,-1.0460501514203402,0.43582441750255496,"N2-Ethyl-N4-(1-methylethyl)-6-(methylthio)-1,3,5-triazine-2,4-diamine"
8,218,0,-1.638261607153131,quantum_iqp_zz_linear,3,0,-1.202437189650576,0.43582441750255496,"6-Chloro-N-ethyl-N'-(1-methylethyl)-1,3,5-triazine-2,4-diamine"
8,220,0,-1.3745995971630396,quantum_iqp_zz_linear,3,0,-0.9387751796604846,0.43582441750255496,"N2,N4-Bis(1-methylethyl)-6-(methylthio)-1,3,5-triazine-2,4-diamine"
8,226,0,-1.6314234816388922,quantum_iqp_zz_linear,3,0,-1.1955990641363372,0.43582441750255496,Trietazine (Ref: G 27901)
38,227,1,0.695005447850835,quantum_iqp_zz_linear,3,1,1.13082986535339,0.43582441750255496,Vamidothion (Ref: ENT 26613)
121,230,1,-0.39820655211552297,quantum_iqp_zz_linear,3,0,0.03761786538703199,0.43582441750255496,"1,1a,3,3a,4,5,5,5a,5b,6-Decachlorooctahydro-1,3,4-metheno-2H-cyclobuta[cd]pentalen-2-one"
415,238,0,-1.4918393590639125,quantum_iqp_zz_linear,3,0,-1.0560149415613576,0.43582441750255496,"N-Cyclopropyl-1,3,5-triazine-2,4,6-triamine"
3,239,0,-1.1054821829647123,quantum_iqp_zz_linear,3,0,-0.6696577654621574,0.43582441750255496,Chloroxuron (Ref: C 1983)
52,242,1,0.9405317922019136,quantum_iqp_zz_linear,3,1,1.3763562097044686,0.43582441750255496,Methyl trithion
3,252,0,-1.4781885410149933,quantum_iqp_zz_linear,3,0,-1.0423641235124383,0.43582441750255496,Monolinuron (Ref: HOE 002747)
80,257,0,-1.181602942454936,quantum_iqp_zz_linear,3,0,-0.745778524952381,0.43582441750255496,Captafol (Ref: Ortho-5865)
103,266,1,0.8124404069910094,quantum_iqp_zz_linear,3,1,1.2482648244935644,0.43582441750255496,"Phosphorothioic acid, O,O-Diethyl O(4-methylsulfinyl)phenyl)ester"
8,268,0,-1.5039181244398157,quantum_iqp_zz_linear,3,0,-1.0680937069372607,0.43582441750255496,Terbuthylazine
165,271,0,-1.505106951731181,quantum_iqp_zz_linear,3,0,-1.069282534228626,0.43582441750255496,Quinoclamine
407,278,0,-1.463188520280672,quantum_iqp_zz_linear,3,0,-1.027364102778117,0.43582441750255496,"3-Cyclohexyl-6-(dimethylamino)-1-methyl-1,3,5-triazine-2,4-(1H,3H)dione"
3,279,0,-1.3554992441590188,quantum_iqp_zz_linear,3,0,-0.9196748266564638,0.43582441750255496,Chlorbromuron (Ref: C6313)
38,284,1,0.5623329355980768,quantum_iqp_zz_linear,3,1,0.9981573531006318,0.43582441750255496,"O,O-Dimethyl S-[2-(methylamino)-2-oxoethyl ester phosphorothioic acid"
3,285,0,-1.5622516748805446,quantum_iqp_zz_linear,3,0,-1.1264272573779897,0.43582441750255496,"N,N-Dimethyl-N'-[3-(trifluoromethyl)phenyl]urea"
3,286,0,-1.4276750702895824,quantum_iqp_zz_linear,3,0,-0.9918506527870274,0.43582441750255496,Metobromuron (Ref: C 3216)
158,287,0,-1.4741127266828462,quantum_iqp_zz_linear,3,0,-1.0382883091802912,0.43582441750255496,"1,1-Dichloro-N-[(dimethylamino)sulfonyl]-1-fluoro-N-phenylmethanesulfenamide"
164,290,1,-0.4841981536623946,quantum_iqp_zz_linear,3,0,-0.04837373615983964,0.43582441750255496,(1-Methylethyl)phosphoramidic acid ethyl-3-methyl-4-(methylthio)phenyl ester
404,300,1,-0.5408630169003812,quantum_iqp_zz_linear,3,0,-0.10503859939782628,0.43582441750255496,"Ethylphosphonodithioic acid, O-Ethyl S-phenyl ester"
22,309,0,-1.4330297112167774,quantum_iqp_zz_linear,3,0,-0.9972052937142224,0.43582441750255496,Looplure (Ref: ENT 33266)
38,320,1,0.8321427746384908,quantum_iqp_zz_linear,3,1,1.2679671921410458,0.43582441750255496,"S-[2-(Ethylsulfonyl)ethyl]O,O-dimethyl ester phosphorothioic acid"
397,321,0,-1.2283055992019698,quantum_iqp_zz_linear,3,0,-0.7924811816994148,0.43582441750255496,Asulam (Ref: M&B 9057)
3,323,0,-1.403653468093814,quantum_iqp_zz_linear,3,0,-0.967829050591259,0.43582441750255496,Metoxuron (Ref: SAN 6915H)
3,327,0,-1.2753345858776373,quantum_iqp_zz_linear,3,0,-0.8395101683750823,0.43582441750255496,Monalide (Ref: SN 35830)
38,332,1,0.7711029899442317,quantum_iqp_zz_linear,3,1,1.2069274074467866,0.43582441750255496,"O,O-Dimethyl O-[2-(methylthio)ethyl]ester phosphorothioic acid mixt. with O,O-dimethyl S-[2-(methylthio)ethyl]phosphorothioate"
8,333,0,-1.4837898343355476,quantum_iqp_zz_linear,3,0,-1.0479654168329926,0.43582441750255496,Cyanazine
135,341,1,-0.6566807162534709,quantum_iqp_zz_linear,3,0,-0.2208562987509159,0.43582441750255496,"2aR,3S,4S,4aR,5S,7aS,8S,10R,10aS,10bR)-10-(Acetyloxy)octahydro-3,5-dihydroxy-4-methyl-8-[[(2E)-2-methyl-1-oxo-2-buten-1-yl]oxy]-4-[(1aR,2S,3aS,6aS,7S,7aS)-3a,6a,7,7a-tetrahydro-6a-hydroxy-7a-methyl-2,7-methanofuro[2,3-b]oxireno[e]oxepin-1a(2H)-yl]-1H,7H-naptho[1,8-bc:4,4a-c']difuran-5,10a(8H)-dicarboxylic acid 5-10a-dimethyl ester"
3,348,0,-1.383988973096732,quantum_iqp_zz_linear,3,0,-0.9481645555941771,0.43582441750255496,Chlorotoluron (Ref: C 2242)
22,349,1,-1.657278899702655,quantum_iqp_zz_linear,3,0,-1.2214544822001001,0.43582441750255496,8-dodecenol
3,353,1,-1.5458586440828983,quantum_iqp_zz_linear,3,0,-1.1100342265803433,0.43582441750255496,Diflubenzuron (Ref: OMS 1804)
391,354,1,-0.9952431586588275,quantum_iqp_zz_linear,3,0,-0.5594187411562725,0.43582441750255496,"Benzoyl chloride, (2,4,6-Trichlorophenyl)hydrazone"
390,356,0,-1.0266969874681202,quantum_iqp_zz_linear,3,0,-0.5908725699655653,0.43582441750255496,Piperalin (Ref: HSDB 7058)
22,363,0,-1.6285243952032245,quantum_iqp_zz_linear,3,0,-1.1926999777006695,0.43582441750255496,Codlemone (Ref: BAS 2851)
8,370,0,-1.307177741154954,quantum_iqp_zz_linear,3,0,-0.8713533236523991,0.43582441750255496,Dipropetryn (Ref: GC 16068)
383,387,1,-1.1620981655841256,quantum_iqp_zz_linear,3,0,-0.7262737480815706,0.43582441750255496,"5-Amino-1-[2,6-dichloro-4-(trifluoromethyl)phenyl]-4-[(trifluoromethyl)sulfinyl]-1H-pyrazole-3-carbonitrile"
78,406,0,-1.318056176978837,quantum_iqp_zz_linear,3,0,-0.8822317594762821,0.43582441750255496,Procymidone (Ref: S 7131)
3,412,0,-1.304265106031188,quantum_iqp_zz_linear,3,0,-0.8684406885286331,0.43582441750255496,Isoproturon (Ref: HOE 16410)
3,414,0,-1.128854346585009,quantum_iqp_zz_linear,3,0,-0.693029929082454,0.43582441750255496,Difenoxuron (Ref: C3470)
378,416,0,-1.6290427457282617,quantum_iqp_zz_linear,3,0,-1.1932183282257067,0.43582441750255496,Mefluidide (Ref: MBR 12325)
22,417,0,-1.4246852319212486,quantum_iqp_zz_linear,3,0,-0.9888608144186937,0.43582441750255496,(E)-dec-5-enyl acetate
154,419,1,0.8911961275664739,quantum_iqp_zz_linear,3,1,1.327020545069029,0.43582441750255496,O-(4-bromo-2-chlorophenyl) O-ethyl S-propyl ester phosphorothioic acid
27,421,0,-1.4044059213771245,quantum_iqp_zz_linear,3,0,-0.9685815038745695,0.43582441750255496,"beta-(4-Chlorophenoxy)-alpha-(1,1-dimethylethyl)-1H-1,2,4-triazole-1-ethanol"
27,424,0,-1.0872880560523372,quantum_iqp_zz_linear,3,0,-0.6514636385497823,0.43582441750255496,Bitertanol (Ref: KWG 0599)
158,437,0,-1.3892134872486344,quantum_iqp_zz_linear,3,0,-0.9533890697460794,0.43582441750255496,"1,1-Dichloro-N-[(dimethylamino)sulfonyl]-1-fluoro-N-(4-methylphenyl)methanesulfenamide"
96,438,1,-1.2711052129738225,quantum_iqp_zz_linear,3,0,-0.8352807954712675,0.43582441750255496,Climbazole (Ref: 106162)
27,441,1,-1.3455710557390141,quantum_iqp_zz_linear,3,0,-0.9097466382364592,0.43582441750255496,Diclobutrazol (Ref: PP296)
372,443,0,-1.6235310283308717,quantum_iqp_zz_linear,3,0,-1.1877066108283167,0.43582441750255496,Triclopyr-triethylammonium
13,448,0,-0.9455323757226255,quantum_iqp_zz_linear,3,0,-0.5097079582200705,0.43582441750255496,Fluazifop-butyl (Ref: SL 236)
3,450,0,-1.266970627063742,quantum_iqp_zz_linear,3,0,-0.831146209561187,0.43582441750255496,Dimefuron (Ref: RP 23465)
3,451,0,-0.8103623957942518,quantum_iqp_zz_linear,3,0,-0.37453797829169694,0.43582441750255496,Pencycuron (Ref: NTN 19701)
78,456,0,-1.1450306835178503,quantum_iqp_zz_linear,3,0,-0.7092062660152954,0.43582441750255496,Chlozolinate (Ref: M 8164)
8,469,0,-1.3142046256691904,quantum_iqp_zz_linear,3,0,-0.8783802081666354,0.43582441750255496,Dimethametryn (Ref: C 18898)
22,473,0,-1.6275717686651963,quantum_iqp_zz_linear,3,0,-1.1917473511626413,0.43582441750255496,5-decenol (Ref: BAS 287 1)
27,483,0,-1.2463470006107789,quantum_iqp_zz_linear,3,0,-0.8105225831082239,0.43582441750255496,Diniconazole (Ref: XE-779)
364,490,0,-1.228601312819839,quantum_iqp_zz_linear,3,0,-0.792776895317284,0.43582441750255496,Triflumizole (Ref: NF 114 )
129,511,0,-1.4511513970828158,quantum_iqp_zz_linear,3,0,-1.0153269795802609,0.43582441750255496,"2-[(2-Chlorophenyl)methyl]-4,4-dimethyl-3-isoxazolidinone"
154,522,1,0.7767302385828403,quantum_iqp_zz_linear,3,1,1.2125546560853953,0.43582441750255496,Pyraclofos (Ref: OMS 3040)
63,544,1,-1.11334963347327,quantum_iqp_zz_linear,3,0,-0.677525215970715,0.43582441750255496,Chlorantraniliprole (Ref: DPX E2Y45)
77,547,0,-1.3954365971454619,quantum_iqp_zz_linear,3,0,-0.9596121796429069,0.43582441750255496,"4,6-Dimethyl-N-phenyl-2-pyrimidinamine"
354,550,0,-1.3030941008252035,quantum_iqp_zz_linear,3,0,-0.8672696833226485,0.43582441750255496,"[3-(4,5-Dihydro-3-isoxazolyl)-2-methyl-4-(methylsulfonyl)phenyl](5-hydroxy-1-methyl-1H-pyrazol-4-yl)methanone"
13,556,0,-0.720293933396299,quantum_iqp_zz_linear,3,0,-0.2844695158937441,0.43582441750255496,Propaquizafop (Ref: CGA 233380)
13,567,0,-0.7789743999846286,quantum_iqp_zz_linear,3,0,-0.3431499824820737,0.43582441750255496,Quizalofop-P-tefuryl (Ref: UBI C4874 )
348,580,1,-0.90613445117613,quantum_iqp_zz_linear,3,0,-0.4703100336735751,0.43582441750255496,"4-[2-[4-(1,1-Dimethylethyl)phenyl]ethoxy]quinazoline"
341,597,0,-1.2318845038718758,quantum_iqp_zz_linear,3,0,-0.7960600863693208,0.43582441750255496,"1,2,3-Benzothiadiazole-7-carbothioic acid S-methyl ester"
337,606,0,-1.4059262255436797,quantum_iqp_zz_linear,3,0,-0.9701018080411248,0.43582441750255496,Fluquinconazole (Ref: AE C597265)
147,628,0,-1.6285189728630765,quantum_iqp_zz_linear,3,0,-1.1926945553605215,0.43582441750255496,"3-Chloro-2-[[(5-ethoxy-7-fluoro[1,2,4]triazolo[1,5-c]pyrimidin-2-yl)sulfonyl]amino]benzoic acid, Methyl ester"
77,632,0,-1.284886135884254,quantum_iqp_zz_linear,3,0,-0.8490617183816991,0.43582441750255496,Cyprodinil (Ref: CGA 219417)
89,649,0,-1.206295975473494,quantum_iqp_zz_linear,3,0,-0.7704715579709391,0.43582441750255496,2-[2-Chloro-5-[4-chloro-5-(difluoromethoxy)-1-methyl-1H-pyrazol-3-yl]-4-fluorophenoxy]acetic acid ethyl ester
328,652,0,-1.106228142352681,quantum_iqp_zz_linear,3,0,-0.670403724850126,0.43582441750255496,Fenhexamid (Ref: KBR 2738)
318,681,0,-1.1863992951184819,quantum_iqp_zz_linear,3,0,-0.7505748776159269,0.43582441750255496,Cafenstrole (Ref: CH 900)
33,685,0,-1.4891810748442056,quantum_iqp_zz_linear,3,0,-1.0533566573416506,0.43582441750255496,Propoxycarbazone
144,686,1,-1.1647749469456092,quantum_iqp_zz_linear,3,0,-0.7289505294430543,0.43582441750255496,"2-(4-Methoxy[1,1'-biphenyl]-3-yl)hydrazinecarboxylic acid, 1-Methylethyl ester"
315,690,0,-1.2398374247427093,quantum_iqp_zz_linear,3,0,-0.8040130072401543,0.43582441750255496,Fentrazamide (Ref: BAY YRC 2388)
33,694,0,-1.8031336175357255,quantum_iqp_zz_linear,3,0,-1.3673092000331706,0.43582441750255496,Flucarbazone
89,696,0,-1.391651294938246,quantum_iqp_zz_linear,3,0,-0.9558268774356911,0.43582441750255496,"2-[2-Chloro-4-fluoro-5-[5-methyl-6-oxo-4-(trifluoromethyl)-1(6H)-pyridazinyl]phenoxy]acetic acid, Ethyl ester"
140,717,0,-0.5876289205918557,quantum_iqp_zz_linear,3,0,-0.15180450308930077,0.43582441750255496,Profoxydim (Ref: BAS 625H)
308,718,0,-1.6396382342180982,quantum_iqp_zz_linear,3,0,-1.2038138167155432,0.43582441750255496,Picloram-tripromine
13,743,0,-0.9034926223432789,quantum_iqp_zz_linear,3,0,-0.46766820484072386,0.43582441750255496,Haloxyfop-etotyl (Ref: DOWCO 453EE)
303,756,0,-1.1178697734436016,quantum_iqp_zz_linear,3,0,-0.6820453559410466,0.43582441750255496,"N-[2-(1,3-Dimethylbutyl)-3-thienyl]-1-methyl-3-(trifluoromethyl)-1H-pyrazole-4-carboxamide"
63,767,1,-1.2643496912927028,quantum_iqp_zz_linear,3,0,-0.8285252737901478,0.43582441750255496,3-Bromo-1-(3-chloro-2-pyridinyl)-N-[4-cyano-2-methyl-6-[(methylamino)carbonyl]phenyl]-1H-pyrazole-5-carboxamide
300,768,0,0.779820739401998,quantum_iqp_zz_linear,3,1,1.215645156904553,0.43582441750255496,Iprobenfos
135,769,0,-0.662209328011611,quantum_iqp_zz_linear,3,0,-0.22638491050905601,0.43582441750255496,Dihydroazadirachtin
290,801,0,-1.4446229731024054,quantum_iqp_zz_linear,3,0,-1.0087985555998504,0.43582441750255496,Ametoctradin (Ref: BAS 650F)
63,805,1,-0.431192965893123,quantum_iqp_zz_linear,3,0,0.004631451609431958,0.43582441750255496,Cyclaniliprole (Ref: IKI-3106)
288,807,0,-1.365431721882276,quantum_iqp_zz_linear,3,0,-0.9296073043797211,0.43582441750255496,Fluazaindolizine (Ref: DPX-Q8U80)
33,808,0,-1.2841863581485746,quantum_iqp_zz_linear,3,0,-0.8483619406460197,0.43582441750255496,Thiencarbazone-methyl (Ref: BYH 18636 )
33,813,0,-1.1505795797817717,quantum_iqp_zz_linear,3,0,-0.7147551622792168,0.43582441750255496,Thiencarbazone
282,821,0,-0.8830729082126461,quantum_iqp_zz_linear,3,0,-0.44724849071009104,0.43582441750255496,Isoflucypram (Ref: BCS-CN88460)
129,827,0,-1.394572124488606,quantum_iqp_zz_linear,3,0,-0.958747706986051,0.43582441750255496,Bixlozone (Ref: F9600)
274,847,0,-1.5801244848714926,quantum_iqp_zz_linear,3,0,-1.1443000673689376,0.43582441750255496,Cinnamaldehyde
271,854,0,-1.5418959772400318,quantum_iqp_zz_linear,3,0,-1.1060715597374768,0.43582441750255496,"N,N'-[1,4-Piperazinediylbis(2,2,2-trichloroethylidene)]bis-formamide"
264,864,0,-1.590368376282498,quantum_iqp_zz_linear,3,0,-1.154543958779943,0.43582441750255496,Garlic extract
262,866,0,-0.8031338770761864,quantum_iqp_zz_linear,3,0,-0.36730945957363154,0.43582441750255496,"N,N,N',N'-Tetramethylthioperoxydicarbonic diamide ([(H2N)C(S)]2S2)"
80,869,0,-1.2773484346076247,quantum_iqp_zz_linear,3,0,-0.8415240171050697,0.43582441750255496,Captan (Ref: SR 406)
259,881,0,-0.9877164509384699,quantum_iqp_zz_linear,3,0,-0.551892033435915,0.43582441750255496,"2-[4-(1,1-Dimethylethyl)phenoxy]cyclohexyl 2-propynyl ester sulfurous acid"
59,883,1,-0.49992240678464966,quantum_iqp_zz_linear,3,0,-0.0640979892820947,0.43582441750255496,Chlordane (Technical Grade)
253,893,0,-1.3440037659613804,quantum_iqp_zz_linear,3,0,-0.9081793484588254,0.43582441750255496,"1H-1,2,4-Triazol-3-amine"
123,899,1,0.8590685843279302,quantum_iqp_zz_linear,3,1,1.2948930018304852,0.43582441750255496,"Phosphorothioic acid O-(3-chloro-4-methyl-2-oxo-2H-1-benzopyran-7-yl) O,O-diethyl ester"
52,904,1,0.5076419035889042,quantum_iqp_zz_linear,3,1,0.9434663210914591,0.43582441750255496,"S-[(4,6-Diamino-1,3,5-triazin-2-yl)methyl]O,O-dimethyl ester phosphorodithioic acid"
121,913,1,0.19631111382559463,quantum_iqp_zz_linear,3,1,0.6321355313281496,0.43582441750255496,"1,1a,2,2,3,3a,4,5,5,5a,5b,6-Dodecachlorooctahydro-1,3,4-metheno-1H-cyclobuta[cd]pentalene"
243,917,1,-1.1849914809138988,quantum_iqp_zz_linear,3,0,-0.7491670634113439,0.43582441750255496,Molinate (Ref: OMS 1373)
241,920,0,-1.3232395106167218,quantum_iqp_zz_linear,3,0,-0.8874150931141669,0.43582441750255496,Silthiofam (Ref: MON 65500)
16,921,0,-0.9800795048175761,quantum_iqp_zz_linear,3,0,-0.5442550873150211,0.43582441750255496,"2-(2,4-Dichlorophenoxy)acetic acid, 2-Ethylhexyl ester"
235,930,1,-0.5530134283088313,quantum_iqp_zz_linear,3,0,-0.11718901080627636,0.43582441750255496,Camphechlor (Ref: Hercules 3956)
231,935,0,-1.37403090539871,quantum_iqp_zz_linear,3,0,-0.9382064878961551,0.43582441750255496,Grandlure (Ref: SHA 112401)
78,940,0,-1.2295022682867995,quantum_iqp_zz_linear,3,0,-0.7936778507842446,0.43582441750255496,Vinclozolin (Ref: BAS 352F)
227,945,0,-1.183970588494232,quantum_iqp_zz_linear,3,0,-0.748146170991677,0.43582441750255496,2-Cyano-N-[(ethylamino)carbonyl]-2-(methoxyimino)acetamide
218,962,0,-1.412180544599686,quantum_iqp_zz_linear,3,0,-0.976356127097131,0.43582441750255496,Pyroquilon (Ref: CGA 49104)
217,963,0,-1.5613834063423628,quantum_iqp_zz_linear,3,0,-1.1255589888398079,0.43582441750255496,alpha-(1-Methylethyl)-alpha-[4-(trifluoromethoxy)phenyl]-5-pyrimidinemethanol
210,973,0,-1.5547980498026674,quantum_iqp_zz_linear,3,0,-1.1189736323001125,0.43582441750255496,Amisulbrom
77,982,0,-1.312474782815201,quantum_iqp_zz_linear,3,0,-0.8766503653126461,0.43582441750255496,Mepanipyrim (Ref: KUF 6201)
202,988,1,-1.4228009529081536,quantum_iqp_zz_linear,3,0,-0.9869765354055986,0.43582441750255496,Dinotefuran (Ref: MTI 446)
198,998,0,-1.2483776353776206,quantum_iqp_zz_linear,3,0,-0.8125532178750656,0.43582441750255496,"2-Chloro-5-[3,6-dihydro-3-methyl-2,6-dioxo-4-(trifluoromethyl)-1(2H)-pyrimidinyl]benzoic acid 1,1-dimethyl-2-oxo-2-(2-propenyloxy)ethyl ester"
197,1002,0,-1.0808317092874165,quantum_iqp_zz_linear,3,0,-0.6450072917848615,0.43582441750255496,"5-[[(2,6-Difluorophenyl)methoxy]methyl]-4,5-dihydro-5-methyl(3-methyl-2-thienyl)isoxazole"
111,1006,0,-1.3918430424476447,quantum_iqp_zz_linear,3,0,-0.9560186249450897,0.43582441750255496,Metyltetraprole (Ref: S-2367)
189,1017,0,-1.3503454929559287,quantum_iqp_zz_linear,3,0,-0.9145210754533737,0.43582441750255496,"N2-[(1R,2S)-2,3-Dihydro-2,6-dimethyl-1H-inden-1-yl]-6-(1-fluoroethyl)-1,3,5-triazine-2,4-diamine"
63,1025,1,-1.5591043662211599,quantum_iqp_zz_linear,3,0,-1.123279948718605,0.43582441750255496,1-(3-Chloropyridin-2-yl)-N-[4-cyano-2-methyl-6-(methylcarbamoyl)phenyl]-3-{[5-(trifluoromethyl)-2H-tetrazol-2-yl]methyl}-1H-pyrazole-5-carboxamide
184,1028,0,-1.167864427917335,quantum_iqp_zz_linear,3,0,-0.73204001041478,0.43582441750255496,Penflufen (Ref: BYF-14182)
183,1029,0,-1.2193460848485154,quantum_iqp_zz_linear,3,0,-0.7835216673459604,0.43582441750255496,"N-[6-[[[(Z)-[(1-Methyl-1H-tetrazol-5-yl)phenylmethylene]amino]oxy]methyl]-2-pyridinyl]-1,1-dimethylethyl ester carbamic acid"
93,16,1,-0.05185475333757715,quantum_iqp_zz_linear,4,0,0.013498480831542009,0.06535323416911916,2-[[Ethoxy[(1-methylethyl)amino]phosphinothioyl]oxy]benzoic acid 1-methylethyl ester
457,19,0,-0.5286102311777067,quantum_iqp_zz_linear,4,0,-0.46325699700858747,0.06535323416911916,(2-Chloroethyl)phosphonic acid
53,27,0,-0.6847225528392716,quantum_iqp_zz_linear,4,0,-0.6193693186701524,0.06535323416911916,"3,6-Dichloro-2-methyoxybenzoic acid"
450,44,0,-0.8066739736826692,quantum_iqp_zz_linear,4,0,-0.74132073951355,0.06535323416911916,Anethole
4,60,1,-0.750694324927528,quantum_iqp_zz_linear,4,0,-0.6853410907584088,0.06535323416911916,"3-(2-Chloro-3,3,3-trifluoro-1-propenyl)-2,2-dimethylcyclopropanecarboxylic acid cyano(3-phenoxyphenyl)methyl ester"
82,62,0,-0.7654365816764165,quantum_iqp_zz_linear,4,0,-0.7000833475072973,0.06535323416911916,Methyleugenol (Ref: Ent 21040)
82,66,1,-0.5632663049527888,quantum_iqp_zz_linear,4,0,-0.49791307078366964,0.06535323416911916,Capsaicin (Ref: NCI-C56564)
444,69,0,-0.7211006864325099,quantum_iqp_zz_linear,4,0,-0.6557474522633907,0.06535323416911916,2-phenylphenol
60,83,1,-0.2616927931043141,quantum_iqp_zz_linear,4,0,-0.19633955893519495,0.06535323416911916,DDT (Ref: OMS 16)
9,84,1,-0.2490331987786794,quantum_iqp_zz_linear,4,0,-0.18367996460956024,0.06535323416911916,Ethion (Ref: ENT 24105)
174,86,1,0.7859899235960588,quantum_iqp_zz_linear,4,1,0.851343157765178,0.06535323416911916,"Phosphorodithioic acid O,O-diethyl S-[(4-oxo-1,2,3-benzotriazin-3(4H)-yl)methyl] ester"
9,90,1,1.0203971639194513,quantum_iqp_zz_linear,4,1,1.0857503980885705,0.06535323416911916,Chlormephos (Ref: MC 2188)
161,95,0,-0.7085075137418744,quantum_iqp_zz_linear,4,0,-0.6431542795727552,0.06535323416911916,5-Amino-4-chloro-2-phenyl-3(2H)-pyridazinone
15,102,0,-0.8458054044026009,quantum_iqp_zz_linear,4,0,-0.7804521702334817,0.06535323416911916,(3-Methylphenyl)carbamic acid 3-[(methoxycarbonyl)amino]phenyl ester
9,112,1,0.9835605992611638,quantum_iqp_zz_linear,4,1,1.048913833430283,0.06535323416911916,"S-[2-(Ethylthio)ethyl]O,O-dimethyl ester phosphorodithioc acid"
433,117,0,-0.3730227626155086,quantum_iqp_zz_linear,4,0,-0.30766952844638945,0.06535323416911916,Piperonyl butoxide (Ref: ENT 14250)
0,119,0,-0.45858054278597266,quantum_iqp_zz_linear,4,0,-0.3932273086168535,0.06535323416911916,Metsulfuron-methyl (Ref: DPX T6376)
9,123,1,0.6889098991523739,quantum_iqp_zz_linear,4,1,0.7542631333214931,0.06535323416911916,"Phosphorodithioic acid S-[[(1,1-dimethylethyl)thio]O,O-diethylmethyl]ester"
170,131,1,-0.2616927931043141,quantum_iqp_zz_linear,4,0,-0.19633955893519495,0.06535323416911916,"O,P'-DDT"
15,134,0,-0.9588457011699237,quantum_iqp_zz_linear,4,0,-0.8934924670008045,0.06535323416911916,"N-Phenylcarbamic acid, 1-Methylethyl ester"
431,138,0,-0.6663176419197441,quantum_iqp_zz_linear,4,0,-0.6009644077506249,0.06535323416911916,Flurochloridone (Ref: R 40244)
0,142,0,-0.4407162154717624,quantum_iqp_zz_linear,4,0,-0.37536298130264323,0.06535323416911916,Cyclosulfamuron (Ref: BAS 710H)
9,156,1,0.6881324483946766,quantum_iqp_zz_linear,4,1,0.7534856825637958,0.06535323416911916,"O,O-Diethyl S-[2-(ethylsulfanyl)ethyl] phosphorothioate"
0,157,0,-0.7305698223998024,quantum_iqp_zz_linear,4,0,-0.6652165882306832,0.06535323416911916,"2-Chloro-N-[[(4-methoxy-6-methyl-1,3,5-triazin-2-yl)amino]carbonyl]benzenesulfonamide"
4,159,1,-0.7244364217017387,quantum_iqp_zz_linear,4,0,-0.6590831875326195,0.06535323416911916,"3-(2,2-Dichloroethenyl)-2,2-dimethylcyclopropanecarboxylic acid, (3-Phenoxyphenyl)methyl ester"
9,169,1,0.9897215781237321,quantum_iqp_zz_linear,4,1,1.0550748122928513,0.06535323416911916,Demeton-O-methyl (Ref: ENT 18862)
60,170,1,-0.3322601204692084,quantum_iqp_zz_linear,4,0,-0.26690688630008924,0.06535323416911916,"1,1'-(2,2-Dichloroethylidene)bis[4-ethylbenzene"
54,178,0,-1.0887494615635962,quantum_iqp_zz_linear,4,0,-1.023396227394477,0.06535323416911916,"N-(3-Chlorophenyl)carbamic acid, 1-Methylethyl ester"
9,181,1,0.684691454236206,quantum_iqp_zz_linear,4,1,0.7500446884053252,0.06535323416911916,Demeton (Ref: ENT 17295)
422,183,0,-0.3578888853650248,quantum_iqp_zz_linear,4,0,-0.29253565119590563,0.06535323416911916,"2,2-Dichloropropanoic acid"
4,184,1,-0.8084749784118341,quantum_iqp_zz_linear,4,0,-0.7431217442427149,0.06535323416911916,Beta-cypermethrin (Ref: OMS 3068)
9,187,1,0.7050401587877162,quantum_iqp_zz_linear,4,1,0.7703933929568354,0.06535323416911916,"Phosphorodithioic acid, O,O-Diethyl-S-[2-(ethylthio)ethyl] ester"
9,193,1,0.9658936713323913,quantum_iqp_zz_linear,4,1,1.0312469055015105,0.06535323416911916,"S-[2-(Ethylthio)ethyl]O,O-dimethyl ester phosphorothioic acid"
53,198,0,-0.8671318892488409,quantum_iqp_zz_linear,4,0,-0.8017786550797217,0.06535323416911916,"2,3,6-TBA (Ref: HC 1281)"
9,201,1,0.8446369082326148,quantum_iqp_zz_linear,4,1,0.909990142401734,0.06535323416911916,"O,O-Diethyl S-[(ethylthio)methyl])ester, Phosphorodithioic acid"
125,206,1,-0.9506623910656014,quantum_iqp_zz_linear,4,0,-0.8853091568964822,0.06535323416911916,Dichlobenil (Ref: H 133)
104,210,1,0.7764210906824833,quantum_iqp_zz_linear,4,1,0.8417743248516025,0.06535323416911916,"S-[(6-Chloro-2-oxo-3(2H)-benzoxazolyl)methyl]O,O-diethyl ester phosphorodithioic acid"
9,221,1,0.8649379655567504,quantum_iqp_zz_linear,4,1,0.9302911997258696,0.06535323416911916,Carbofenthion
416,236,1,-0.6281357823327917,quantum_iqp_zz_linear,4,0,-0.5627825481636725,0.06535323416911916,1-methylcyclopropene
35,258,0,-0.5292285184149239,quantum_iqp_zz_linear,4,0,-0.4638752842458047,0.06535323416911916,Chloramben (Ref: ACP M-629)
102,277,1,-0.8692715632854351,quantum_iqp_zz_linear,4,0,-0.8039183291163159,0.06535323416911916,Pebulate (Ref: R 2061)
122,294,0,-0.5258483756956408,quantum_iqp_zz_linear,4,0,-0.4604951415265216,0.06535323416911916,Fuberidazole
24,304,1,-0.978340833281094,quantum_iqp_zz_linear,4,0,-0.9129875991119748,0.06535323416911916,Terbutryn (Ref: GS 14260)
401,310,0,-0.7303306113715091,quantum_iqp_zz_linear,4,0,-0.6649773772023899,0.06535323416911916,"5-Chloro-3-(1,1-dimethylethyl)-6-methyl-2,4(1H,3H)-pyrimidinedione"
400,311,1,-0.595569357449309,quantum_iqp_zz_linear,4,0,-0.5302161232801897,0.06535323416911916,Chlorophacinone (Ref: LM 91)
15,322,0,-0.3702126465943721,quantum_iqp_zz_linear,4,0,-0.30485941242525294,0.06535323416911916,Thiophanate
15,335,0,-0.8555468823341198,quantum_iqp_zz_linear,4,0,-0.7901936481650006,0.06535323416911916,"N-[3-[[(Phenylamino)carbonyl]oxy]phenyl]carbamic acid, Ethyl ester"
15,337,0,-0.874391719626371,quantum_iqp_zz_linear,4,0,-0.8090384854572518,0.06535323416911916,Carbetamide (Ref: RP 11561)
15,355,0,-0.7411026197973221,quantum_iqp_zz_linear,4,0,-0.6757493856282029,0.06535323416911916,Proximpham
389,358,0,-0.37340473293477133,quantum_iqp_zz_linear,4,0,-0.3080514987656522,0.06535323416911916,Dodemorph
161,371,0,-0.8435815683588612,quantum_iqp_zz_linear,4,0,-0.778228334189742,0.06535323416911916,Norflurazon (Ref: H 52143)
24,379,0,-0.8501743955933411,quantum_iqp_zz_linear,4,0,-0.7848211614242219,0.06535323416911916,Terbumeton (Ref: GS 14259)
384,382,0,-0.9504848376832299,quantum_iqp_zz_linear,4,0,-0.8851316035141107,0.06535323416911916,Multistriatin
69,384,0,-0.741987787417358,quantum_iqp_zz_linear,4,0,-0.6766345532482388,0.06535323416911916,Tembotrione (Ref: AE 0172747)
4,386,1,-0.7629042721073322,quantum_iqp_zz_linear,4,0,-0.697551037938213,0.06535323416911916,Fenpropathrin (Ref: OMS 1999)
4,392,1,-0.7016013376102779,quantum_iqp_zz_linear,4,0,-0.6362481034411587,0.06535323416911916,"2,2-Dimethyl-3-(1,1,2,2-tetrabromoethyl)cyclopropanecarboxylic acid cyano(3-phenoxyphenyl)methyl ester"
0,393,0,-0.6707944456111529,quantum_iqp_zz_linear,4,0,-0.6054412114420337,0.06535323416911916,"2-[[[[(4-Chloro-6-methoxy-2-pyrimidinyl)amino]carbonyl]amino]sulfonyl]benzoic acid, Ethyl ester"
28,400,0,-0.981287112576055,quantum_iqp_zz_linear,4,0,-0.9159338784069359,0.06535323416911916,2-Chloro-1-(3-ethoxy-4-nitrophenoxy)-4-(trifluoromethyl)benzene
4,401,1,-0.4786370881780771,quantum_iqp_zz_linear,4,0,-0.41328385400895795,0.06535323416911916,4-Chloro-alpha-(1-methylethyl)benzeneacetic acid cyano(3-phenoxyphenyl)methyl ester
35,404,0,-0.520279522645227,quantum_iqp_zz_linear,4,0,-0.45492628847610783,0.06535323416911916,"3,6-Dichloro-2-pyridinecarboxylic acid"
379,405,0,-1.0404829498375436,quantum_iqp_zz_linear,4,0,-0.9751297156684244,0.06535323416911916,"3-(3,5-Dichlorophenyl)-N-(1-methylethyl)-2,4-dioxo-1-imidazolidinecarboxamide"
160,407,0,-0.6707201808696148,quantum_iqp_zz_linear,4,0,-0.6053669467004956,0.06535323416911916,Nuarimol (Ref: EL 228)
4,409,1,-0.6657358388724633,quantum_iqp_zz_linear,4,0,-0.6003826047033441,0.06535323416911916,"(1R,3R)-3-(2,2-Dibromoethenyl)-2,2-dimethylcyclopropanecarboxylic acid (S)cyano(3-phenoxyphenyl)methyl ester"
50,423,0,-0.7445945338580153,quantum_iqp_zz_linear,4,0,-0.6792412996888961,0.06535323416911916,Triflumuron (Ref: OMS 2015)
4,430,1,-0.4953249668286464,quantum_iqp_zz_linear,4,0,-0.42997173265952726,0.06535323416911916,Flucythrinate (Ref: OMS 2007)
97,434,1,1.182506110372606,quantum_iqp_zz_linear,4,1,1.2478593445417252,0.06535323416911916,Etrimfos
4,446,1,-0.6271978568497263,quantum_iqp_zz_linear,4,0,-0.5618446226806071,0.06535323416911916,Cyphenothrin (Ref: S 2703)
104,454,1,0.6128051048488657,quantum_iqp_zz_linear,4,1,0.678158339017985,0.06535323416911916,Azamethiphos (Ref: GCA 18809)
93,455,1,-0.21645455505780337,quantum_iqp_zz_linear,4,0,-0.15110132088868422,0.06535323416911916,2-[(Aminomethoxyphosphinothioyl)oxy]benzoic acid 1-methylethyl ester
15,462,0,-0.838772460522853,quantum_iqp_zz_linear,4,0,-0.7734192263537338,0.06535323416911916,Fenoxycarb (Ref: OMS 3010)
4,464,1,-0.44722850107876727,quantum_iqp_zz_linear,4,0,-0.3818752669096481,0.06535323416911916,Bifenthrin (Ref: FMC 54800)
4,465,1,-0.4024810865490131,quantum_iqp_zz_linear,4,0,-0.33712785237989396,0.06535323416911916,"3-[2-Chloro-2-(4-chlorophenyl)ethenyl]-2,2-dimethylcyclopropanecarboxylic acid cyano(4-fluoro-3-phenoxyphenyl)methyl ester"
0,466,0,-0.5590209623595114,quantum_iqp_zz_linear,4,0,-0.4936677281903922,0.06535323416911916,"2-[[[[(4,6-Dimethyl-2-pyrimidinyl)amino]carbonyl]amino]sulfonyl]benzoic acid, Methyl ester"
0,470,0,-0.4244802175429106,quantum_iqp_zz_linear,4,0,-0.35912698337379145,0.06535323416911916,Sulfometuron
367,480,0,-0.5996746154472433,quantum_iqp_zz_linear,4,0,-0.5343213812781241,0.06535323416911916,"2-Ethoxy-2,3-dihydro-3,3-dimethyl-5-benzofuranol 5-methanesulfonate"
4,481,1,-0.7919355476880442,quantum_iqp_zz_linear,4,0,-0.726582313518925,0.06535323416911916,Beta-cyfluthrin (Ref: OMS 3051)
365,484,0,-0.5560666048815309,quantum_iqp_zz_linear,4,0,-0.4907133707124117,0.06535323416911916,2-[1-Methyl-2-(4-phenoxyphenoxy)ethoxy]pyridine
0,495,0,-0.29228431249127595,quantum_iqp_zz_linear,4,0,-0.2269310783221568,0.06535323416911916,Metsulfuron (Ref: IN F5438)
54,498,0,-0.8590026077534193,quantum_iqp_zz_linear,4,0,-0.7936493735843001,0.06535323416911916,Diethofencarb (Ref: S 1605)
15,499,0,-0.903383880739064,quantum_iqp_zz_linear,4,0,-0.8380306465699447,0.06535323416911916,Mepronil (Ref: B1 2459)
28,500,0,-0.7687388601123869,quantum_iqp_zz_linear,4,0,-0.7033856259432677,0.06535323416911916,"5-[2-Chloro-4-(trifluoromethyl)phenoxy]-2-nitrobenzoic acid, 2-Ethoxy-1-methyl-2-oxoethyl ester"
72,501,0,-1.1299257608724285,quantum_iqp_zz_linear,4,0,-1.0645725267033093,0.06535323416911916,Uniconazole (Ref: XE 1019)
93,503,1,-0.10493961944555387,quantum_iqp_zz_linear,4,0,-0.03958638527643471,0.06535323416911916,Isofenphos-methyl
0,506,0,-0.6737083107060271,quantum_iqp_zz_linear,4,0,-0.6083550765369079,0.06535323416911916,"2-(2-Chloroethoxy)-N-[[(4-methoxy-6-methyl-1,3,5-triazin-2-yl)amino]carbonyl]benzenesulfonamide"
0,517,0,-0.3664097638316272,quantum_iqp_zz_linear,4,0,-0.30105652966250807,0.06535323416911916,Pyrazosulfuron-ethyl (Ref: NC 311)
53,519,0,-0.7835160251472925,quantum_iqp_zz_linear,4,0,-0.7181627909781733,0.06535323416911916,Quinmerac (Ref: BAS 518H)
53,520,0,-0.8514565214839392,quantum_iqp_zz_linear,4,0,-0.78610328731482,0.06535323416911916,"3,7-Dichloro-8-quinolinecarboxylic acidZ"
0,524,0,-0.5160451862594442,quantum_iqp_zz_linear,4,0,-0.450691952090325,0.06535323416911916,Bensulfuron-methyl (Ref: DPX F5384)
15,525,0,-0.8761951763748597,quantum_iqp_zz_linear,4,0,-0.8108419422057405,0.06535323416911916,Flutolanil (Ref: NNF 136)
0,527,0,-0.31766954366558126,quantum_iqp_zz_linear,4,0,-0.2523163094964621,0.06535323416911916,Bensulfuron (Ref: IN R9419)
359,528,0,-0.936830092629101,quantum_iqp_zz_linear,4,0,-0.8714768584599818,0.06535323416911916,Diclomezine (Ref: F-850)
0,529,0,-0.46000467006203943,quantum_iqp_zz_linear,4,0,-0.3946514358929203,0.06535323416911916,"2-[[[[[4,6-Bis(difluoromethoxy)-2-pyrimidinyl]amino]carbonyl]amino]sulfonyl]benzoic acid, Methyl ester"
35,542,1,-0.5698799140906993,quantum_iqp_zz_linear,4,0,-0.5045266799215801,0.06535323416911916,Aminopyralid (Ref: XDE 750)
0,543,0,-0.5129211239565322,quantum_iqp_zz_linear,4,0,-0.447567889787413,0.06535323416911916,"N-[[4,6-Dimethoxy-2-pyrimidinyl)amino]carbonyl]-3-(trifluoromethyl)-2-pyridinesulfonamide"
136,545,1,-1.1048055790565061,quantum_iqp_zz_linear,4,0,-1.039452344887387,0.06535323416911916,Tebufenpyrad (Ref: AC 801757)
0,553,0,-0.32249759691715735,quantum_iqp_zz_linear,4,0,-0.2571443627480382,0.06535323416911916,Chlorimuron
351,559,0,-1.0836336372735886,quantum_iqp_zz_linear,4,0,-1.0182804031044694,0.06535323416911916,Flamprop-M-isopropyl (Ref: WL 43425)
0,560,0,-0.34300289012476914,quantum_iqp_zz_linear,4,0,-0.27764965595565,0.06535323416911916,Cinosulfuron (Ref: CGA 142464)
0,568,0,-0.3000688689146267,quantum_iqp_zz_linear,4,0,-0.23471563474550752,0.06535323416911916,"N-[[(4,6-Dimethoxy-2-pyrimidinyl)amino]carbonyl]-2-(ethylsulfonyl)imidazo[1,2-a]pyridine-3-sulfonamide"
0,570,1,-0.45998491070676545,quantum_iqp_zz_linear,4,0,-0.3946316765376463,0.06535323416911916,Thifensulfuron (Ref: IN L9225)
0,572,1,-0.41162014581133677,quantum_iqp_zz_linear,4,0,-0.3462669116422176,0.06535323416911916,Nicosulfuron (Ref: DPX V9360)
44,577,0,-1.201964758672073,quantum_iqp_zz_linear,4,0,-1.1366115245029538,0.06535323416911916,(alphaE)-alpha-(Methoxyimino)-2-[[[(E)-[1-[3-(trifluoromethyl)phenyl]ethylidene]amino]oxy]methyl]benzeneacteic acid methyl ester
347,581,0,-1.1925919178472828,quantum_iqp_zz_linear,4,0,-1.1272386836781636,0.06535323416911916,"N-(4-Fluorophenyl)-N-(1-methylethyl)-2-[[5-(trifluoromethyl)-1,3,4-thiadiazol-2-yl]oxy]acetamide"
44,582,0,-0.8893078468307724,quantum_iqp_zz_linear,4,0,-0.8239546126616532,0.06535323416911916,(alphaE)-alpha-(Methoxyimino)-2-[(2-methylphenoxy)methyl]benzeneacetic acid methyl ester
69,583,0,-0.8501244591817488,quantum_iqp_zz_linear,4,0,-0.7847712250126296,0.06535323416911916,Sulcotrione (Ref: SC 0051)
344,588,0,-0.755875507780121,quantum_iqp_zz_linear,4,0,-0.6905222736110018,0.06535323416911916,Fenchlorazole (Ref: HOE 072829)
0,592,1,-0.2986587987330128,quantum_iqp_zz_linear,4,0,-0.23330556456389367,0.06535323416911916,Ethametsulfuron-methyl (Ref: DPX-A7881)
35,595,0,-0.7590131710856963,quantum_iqp_zz_linear,4,0,-0.6936599369165771,0.06535323416911916,Aminocyclopyrachlor (Ref: DPX-MAT28)
151,600,0,-1.1418197049225576,quantum_iqp_zz_linear,4,0,-1.0764664707534384,0.06535323416911916,Tebutam (Ref: GPC-5544)
338,602,0,-0.7455056819301551,quantum_iqp_zz_linear,4,0,-0.6801524477610359,0.06535323416911916,Cymiazol (Ref: CGA 50439)
0,604,0,-0.23868526629982595,quantum_iqp_zz_linear,4,0,-0.17333203213070678,0.06535323416911916,"N-[[(4,6-Dimethoxy-2-pyrimidinyl)amino]carbonyl]-3-(ethylsulfonyl)-2-pyridine sulfonamide"
0,605,0,-0.3960162311514099,quantum_iqp_zz_linear,4,0,-0.33066299698229074,0.06535323416911916,"2-[[[[[(4,6-Dimethoxy-2-pyrimidinyl)amino]carbonyl]amino]sulfonyl]amino]-N,N-dimethylbenzamide"
0,607,1,-0.2971094219065427,quantum_iqp_zz_linear,4,0,-0.23175618773742354,0.06535323416911916,Tribenuron (Ref: IN R9803)
0,608,0,-0.25825060648029446,quantum_iqp_zz_linear,4,0,-0.1928973723111753,0.06535323416911916,Amidosulfuron
0,610,0,-0.5046212856515663,quantum_iqp_zz_linear,4,0,-0.4392680514824471,0.06535323416911916,"2-Chloro-N-[[(4,6-dimethoxy-2-pyrimidinyl)amino]carbonyl]imidazo[1,2-a]pyridine-3-sulfonamide"
0,611,0,-0.36335500706956014,quantum_iqp_zz_linear,4,0,-0.298001772900441,0.06535323416911916,Triflusulfuron
85,613,0,-0.6192981759373409,quantum_iqp_zz_linear,4,0,-0.5539449417682217,0.06535323416911916,(alphaE)-2-[[6-(2-Cyanophenoxy)-4-pyrimidinyl]oxy]-alpha-(methoxymethylene)benzeneacetic acid methyl ester
0,615,0,-0.34740684880608186,quantum_iqp_zz_linear,4,0,-0.2820536146369627,0.06535323416911916,"2-[[[[[4-Ethoxy-6-(methylamino)-1,3,5-triazin-2-yl]amino]carbonyl]amino]sulfonyl]benzoic acid"
335,627,0,-0.8171991574325734,quantum_iqp_zz_linear,4,0,-0.7518459232634542,0.06535323416911916,Diofenolan (Ref: CGA 059205)
0,633,0,-0.6257589063888416,quantum_iqp_zz_linear,4,0,-0.5604056722197224,0.06535323416911916,"N-[[(4-Methoxy-6-methyl-1,3,5-triazin-2-yl)amino]carbonyl]-2-(3,3,3-trifluoropropyl)benzenesulfonamide"
0,646,0,-0.2650656010120377,quantum_iqp_zz_linear,4,0,-0.19971236684291854,0.06535323416911916,Mesosulfuron-methyl (Ref: AE F130060)
0,647,0,-0.33507796614783153,quantum_iqp_zz_linear,4,0,-0.2697247319787124,0.06535323416911916,Flupyrsulfuron
329,648,0,-0.6182589975493904,quantum_iqp_zz_linear,4,0,-0.5529057633802712,0.06535323416911916,4-Chloro-N-[2-[3-methoxy-4-(2-propynyloxy)phenyl]ethyl]-alpha-(2-propynyloxy)benzeneacetamide
4,657,1,-0.5147965746742156,quantum_iqp_zz_linear,4,0,-0.4494433405050964,0.06535323416911916,Acrinathrin (Ref: RU 38702)
0,662,0,-0.3173764628327884,quantum_iqp_zz_linear,4,0,-0.2520232286636693,0.06535323416911916,Foramsulfuron (Ref: AE F130360)
69,665,1,-0.5290223343111667,quantum_iqp_zz_linear,4,0,-0.46366910014204754,0.06535323416911916,Mesotrione (Ref: ZA 1296)
44,666,0,-0.899545537234309,quantum_iqp_zz_linear,4,0,-0.8341923030651898,0.06535323416911916,Metominostrobin (Ref: SSF 126)
0,667,0,-0.3092607949201582,quantum_iqp_zz_linear,4,0,-0.243907560751039,0.06535323416911916,Primisulfuron
321,671,1,-0.6302218924663708,quantum_iqp_zz_linear,4,0,-0.5648686582972516,0.06535323416911916,"3-[(2-Chloro-5-thiazolyl)methyl]tetrahydro-5-methyl-N-nitro-4H-1,3,5-oxadiazin-4-imine"
4,674,0,-0.4123319287602158,quantum_iqp_zz_linear,4,0,-0.34697869459109665,0.06535323416911916,Tau-fluvalinate (Ref: SAN 527l)
142,683,0,-0.2445846022165743,quantum_iqp_zz_linear,4,0,-0.17923136804745513,0.06535323416911916,Pyribenzoxim (Ref: LGC 40863 )
142,691,0,-0.7412411824499889,quantum_iqp_zz_linear,4,0,-0.6758879482808697,0.06535323416911916,Pyriminobac-methyl (Ref: KIH-6127)
0,692,0,-0.36517910360927675,quantum_iqp_zz_linear,4,0,-0.2998258694401576,0.06535323416911916,Pyrazosulfuron
0,693,0,-0.5071838988258187,quantum_iqp_zz_linear,4,0,-0.4418306646566995,0.06535323416911916,Ethoxysulfuron (Ref: AE F095404)
0,699,0,-0.2760974970831238,quantum_iqp_zz_linear,4,0,-0.21074426291400467,0.06535323416911916,Azimsulfuron
0,701,1,-0.27485024117410783,quantum_iqp_zz_linear,4,0,-0.20949700700498866,0.06535323416911916,Mesosulfuron (Ref: AE F154851)
313,704,0,-0.9022583990567145,quantum_iqp_zz_linear,4,0,-0.8369051648875953,0.06535323416911916,Mefenpyr diethyl (Ref: HOE 107892)
0,706,0,-0.6009661663150969,quantum_iqp_zz_linear,4,0,-0.5356129321459777,0.06535323416911916,Oxasulfuron (Ref: CGA 277476 )
4,715,1,-0.6262989077613464,quantum_iqp_zz_linear,4,0,-0.5609456735922272,0.06535323416911916,Sumithrin 
0,729,0,-0.5492367677814333,quantum_iqp_zz_linear,4,0,-0.48388353361231407,0.06535323416911916,Trifloxysulfuron (Ref: CGA 292230)
60,731,0,-0.9235557803916512,quantum_iqp_zz_linear,4,0,-0.858202546222532,0.06535323416911916,"1,1'-(2-Nitrobutylidene)bis(4-chlorobenzene), Mixt. with 1,1'-(2-Nitropropylidene)bis(4-chlorobenzene)"
132,735,0,-0.8530604371562225,quantum_iqp_zz_linear,4,0,-0.7877072029871033,0.06535323416911916,"(3-Bromo-6-methoxy-2-methylphenyl)(2,3,4-trimethoxy-6-methylphenyl)methanone"
85,737,1,-0.9952693114118955,quantum_iqp_zz_linear,4,0,-0.9299160772427763,0.06535323416911916,Fluacrypyrim
136,738,1,-0.6461576602930951,quantum_iqp_zz_linear,4,0,-0.5808044261239759,0.06535323416911916,4-Chloro-3-ethyl-1-methyl-N-[[4-(4-methylphenoxy)phenyl]methyl]-1H-pyrazole-5-carboxamide
44,740,0,-0.9903036983749199,quantum_iqp_zz_linear,4,0,-0.9249504642058007,0.06535323416911916,Dimoxystrobin (Ref: BAS 505F)
305,742,0,-0.701099193296732,quantum_iqp_zz_linear,4,0,-0.6357459591276128,0.06535323416911916,Sintofen (Ref: SC 2053)
0,745,0,-0.426909745236402,quantum_iqp_zz_linear,4,0,-0.36155651106728287,0.06535323416911916,Tritosulfuron
85,753,0,-1.1249177761342202,quantum_iqp_zz_linear,4,0,-1.059564541965101,0.06535323416911916,(alphaE)-alpha-(Methoxymethylene)-2-[[[6-(trifluoromethyl)-2-pyridinyl]oxy]methyl]benzeneacetic acid methyl ester
44,761,0,-0.5091785364198632,quantum_iqp_zz_linear,4,0,-0.443825302250744,0.06535323416911916,Orysastrobin
298,776,0,-0.6854937498008671,quantum_iqp_zz_linear,4,0,-0.6201405156317479,0.06535323416911916,Trifludimoxazin
0,794,0,-0.3249024342200056,quantum_iqp_zz_linear,4,0,-0.25954920005088644,0.06535323416911916,Iodosulfuron
35,796,0,-0.6425529909259368,quantum_iqp_zz_linear,4,0,-0.5771997567568176,0.06535323416911916,Picloram-dimethylammonium
132,800,0,-0.9863711842093625,quantum_iqp_zz_linear,4,0,-0.9210179500402433,0.06535323416911916,"(5-Chloro-2-methoxy-4-methylpyridin-3-yl)(2,3,4-trimethoxy-6-methylphenyl)methanone"
289,803,0,-0.8309410568155899,quantum_iqp_zz_linear,4,0,-0.7655878226464707,0.06535323416911916,N-[(2-Chlorophenyl)methyl]-N'-(1-methyl-1-phenylethyl)urea
283,818,0,-0.8893543961913907,quantum_iqp_zz_linear,4,0,-0.8240011620222715,0.06535323416911916,Flupyrimin
35,822,0,-0.6941162434514289,quantum_iqp_zz_linear,4,0,-0.6287630092823097,0.06535323416911916,Halauxifen (Ref: X11393729)
82,839,0,-0.6667552710256738,quantum_iqp_zz_linear,4,0,-0.6014020368565546,0.06535323416911916,Eugenol
276,844,0,-0.38572856042857995,quantum_iqp_zz_linear,4,0,-0.3203753262594608,0.06535323416911916,Trichloronitromethane
270,855,0,-0.4299839776519839,quantum_iqp_zz_linear,4,0,-0.3646307434828647,0.06535323416911916,Dibromochloropropane (Ref: OS1897)
263,865,0,-0.5853492552519804,quantum_iqp_zz_linear,4,0,-0.5199960210828612,0.06535323416911916,Dicyclopentadiene
60,867,0,-0.3109202186303751,quantum_iqp_zz_linear,4,0,-0.24556698446125594,0.06535323416911916,"1,1'-(2,2-Dichloroethylidene)bis[4-chlorobenzene]"
256,885,0,-0.41674337107481857,quantum_iqp_zz_linear,4,0,-0.3513901369056994,0.06535323416911916,Karanjin
254,888,1,-0.7547027733554474,quantum_iqp_zz_linear,4,0,-0.6893495391863282,0.06535323416911916,"1,3-dichloropropene (Ref: D D92)"
125,891,0,-0.9066693937683014,quantum_iqp_zz_linear,4,0,-0.8413161595991822,0.06535323416911916,"2,4,5,6-Tetrachloro-1,3-benzenedicarbonitrile"
122,902,1,-0.460176787106393,quantum_iqp_zz_linear,4,0,-0.39482355293727384,0.06535323416911916,2-(4-Thiazolyl)-1H-benzimidazole
246,907,0,-0.9089102872054934,quantum_iqp_zz_linear,4,0,-0.8435570530363742,0.06535323416911916,"5-Bromo-6-methyl-3-(1-methylpropyl)-2,4(1H,3H)-pyrimidinedione"
242,918,0,-0.6005007022941256,quantum_iqp_zz_linear,4,0,-0.5351474681250064,0.06535323416911916,Oxolinic acid
234,931,0,-1.1244814329759665,quantum_iqp_zz_linear,4,0,-1.0591281988068473,0.06535323416911916,Propyzamide (Ref: RH 315)
224,949,0,-0.530209653622695,quantum_iqp_zz_linear,4,0,-0.4648564194535758,0.06535323416911916,Difenzoquat metilsulfate (Ref: AC 84777)
4,954,1,-0.16928542280170866,quantum_iqp_zz_linear,4,0,-0.10393218863258949,0.06535323416911916,"(1R,3R)-rel-3-[(1Z)-2-Chloro-3,3,3-trifluoro-1-propen-1-yl]-2,2-dimethylcyclopropanecarboxylic acid (2,3,5,6-tetrafluoro-4-methylphenyl)methyl ester"
214,968,1,-0.4624185262953985,quantum_iqp_zz_linear,4,0,-0.39706529212627933,0.06535323416911916,Diafenthiuron (Ref: CGA 106630)
207,980,0,-1.099501747659088,quantum_iqp_zz_linear,4,0,-1.0341485134899688,0.06535323416911916,"2-[2-(1-Chlorocyclopropyl)-3-(2-chlorophenyl)-2-hydroxypropyl]-1,2-dihydro-3H-1,2,4-triazole-3-thione"
206,981,0,-0.7466559955415668,quantum_iqp_zz_linear,4,0,-0.6813027613724476,0.06535323416911916,Furilazole (Ref: MON 13900)
204,984,1,-0.8943892540833829,quantum_iqp_zz_linear,4,0,-0.8290360199142637,0.06535323416911916,"8-(1,1-Dimethylethyl)-N-ethyl-N-propyl-1,4-dioxaspiro[4.5]decane-2-methanamine"
0,991,0,-0.3481034609603291,quantum_iqp_zz_linear,4,0,-0.28275022679121,0.06535323416911916,"3-Chloro-5-[[[[(4,6-dimethoxy-2-pyrimidinyl)amino]carbonyl]amino]sulfonyl]-1-methyl-1H-pyrazole-4-carboxylic acid, Methyl ester"
69,993,0,-0.7039923450891256,quantum_iqp_zz_linear,4,0,-0.6386391109200064,0.06535323416911916,3-[2-Chloro-4-(methanesulfonyl)benzoyl]-4-(phenylsulfanyl)bicyclo[3.2.1]oct-3-en-2-one
112,995,0,-0.7864098525509832,quantum_iqp_zz_linear,4,0,-0.721056618381864,0.06535323416911916,Benthiavalicarb
190,1016,1,-0.9292752761864582,quantum_iqp_zz_linear,4,0,-0.863922042017339,0.06535323416911916,N-[Methyloxido[1-[6-(trifluoromethyl)-3-pyridinyl]ethyl]-lambda4-sulfanylidene]cyanamide
4,1024,1,-0.4044611182255167,quantum_iqp_zz_linear,4,0,-0.3391078840563976,0.06535323416911916,Brofluthrinate (Ref: ZXI 8901)
181,1031,0,-0.3805697880062208,quantum_iqp_zz_linear,4,0,-0.3152165538371017,0.06535323416911916,"Cyclopropanecarboxylic acid, [(3S,4R,4aR,6S,6aS,12R,12aS,12bS)-3-[(Cyclopropylcarbonyl)oxy]-1,3,4,4a,5,6,6a,12,12a,12b-decahydro-6,12-dihydroxy-4,6a,12b-trimethyl-11-oxo-9-(3-pyridinyl)-2H,11H-naphtho[2,1-b]pyrano[3,4-e]pyran-4-yl]methyl ester"
179,1033,0,-0.8894849011537408,quantum_iqp_zz_linear,4,0,-0.8241316669846216,0.06535323416911916,Fluindapyr (Ref: IR9792)
31,5,1,1.208913353385299,quantum_iqp_zz_linear,5,1,1.277316864623725,0.06840351123842597,"S-[(1,3-Dihydro-1,3-dioxo-2H-isoindol-2-yl)methyl]O,O-dimethyl ester, Phosphorodithioic acid"
61,6,0,-1.0302900290775783,quantum_iqp_zz_linear,5,0,-0.9618865178391522,0.06840351123842597,"(2E)-3,7-Dimethyl-2,6-octadien-1-ol"
458,15,1,0.8733750825301223,quantum_iqp_zz_linear,5,1,0.9417785937685483,0.06840351123842597,"Phosphoric acid 2,2-dichloroethenyl dimethyl ester"
11,23,0,-0.16511446436911353,quantum_iqp_zz_linear,5,0,-0.09671095313068756,0.06840351123842597,Hexadecanoic acid
11,26,0,-0.8552291539051085,quantum_iqp_zz_linear,5,0,-0.7868256426666824,0.06840351123842597,N-Dodecylguanidine acetate (1:1)
451,41,0,-1.215834791586309,quantum_iqp_zz_linear,5,0,-1.147431280347883,0.06840351123842597,8-hydroxyquinoline
18,46,0,1.1041354685086702,quantum_iqp_zz_linear,5,1,1.1725389797470962,0.06840351123842597,Parathion-methyl (Ref: OMS 213)
11,49,0,-1.1306660479696986,quantum_iqp_zz_linear,5,0,-1.0622625367312726,0.06840351123842597,Caprylic acid
448,52,0,-1.243196340100504,quantum_iqp_zz_linear,5,0,-1.174792828862078,0.06840351123842597,2-Furancarboxaldehyde
61,57,0,-1.0262933467410176,quantum_iqp_zz_linear,5,0,-0.9578898355025915,0.06840351123842597,Linalool
11,58,0,-1.066144670806884,quantum_iqp_zz_linear,5,0,-0.997741159568458,0.06840351123842597,Nonanoic acid
11,59,0,-0.4399544723330108,quantum_iqp_zz_linear,5,0,-0.37155096109458485,0.06840351123842597,Myristyl alcohol
11,76,0,1.0282284704189069,quantum_iqp_zz_linear,5,1,1.0966319816573329,0.06840351123842597,Pentacosane
175,79,1,-0.32759559331744653,quantum_iqp_zz_linear,5,0,-0.25919208207902056,0.06840351123842597,Methoxychlor (Ref: OMS 466)
17,85,1,0.9552247897357455,quantum_iqp_zz_linear,5,1,1.0236283009741716,0.06840351123842597,"Phosphorothioic acid O,O-diethyl O-2-quinoxalinyl ester  "
18,96,1,1.1823392993515383,quantum_iqp_zz_linear,5,1,1.2507428105899643,0.06840351123842597,"Phosphorothioic acid, O,O-Dimethyl O-(2,4,5-trichlorophenyl)ester"
438,98,0,-0.9798806217675224,quantum_iqp_zz_linear,5,0,-0.9114771105290964,0.06840351123842597,Verbenone
31,100,1,0.9768125040513278,quantum_iqp_zz_linear,5,1,1.0452160152897538,0.06840351123842597,"O,O-Dimethyl S-[2-(methylamino)-2-oxoethyl]phosphorodithioic acid ester"
437,105,1,-0.46378767903949364,quantum_iqp_zz_linear,5,0,-0.39538416780106767,0.06840351123842597,Rotenone (Ref: ENT 133)
18,106,1,1.139066871189393,quantum_iqp_zz_linear,5,1,1.207470382427819,0.06840351123842597,"Phosphorothioic acid, O,O-Diethyl-O-(4-nitrophenyl)ester"
106,111,0,-0.5618592143752172,quantum_iqp_zz_linear,5,0,-0.4934557031367912,0.06840351123842597,"1,2,3,4,5-Pentachloro-6-nitrobenzene"
434,116,0,0.25312283385177464,quantum_iqp_zz_linear,5,1,0.3215263450902006,0.06840351123842597,Streptomycin sulphate
171,130,0,-0.6738774248864663,quantum_iqp_zz_linear,5,0,-0.6054739136480403,0.06840351123842597,"1-[2-(2,4-Dichlorophenyl)-3-(1,1,2,2-tetrafluoroethoxy)propyl]-1H-1,2,4-triazole"
18,132,1,1.1654767244219504,quantum_iqp_zz_linear,5,1,1.2338802356603764,0.06840351123842597,"Phosphorothioic acid O,O-dimethyl O-(3-methyl-4-nitrophenyl)ester"
106,141,0,-1.1494772702611873,quantum_iqp_zz_linear,5,0,-1.0810737590227613,0.06840351123842597,"2,6-Dichloro-4-nitrobenzenamine"
106,149,0,-0.8121813957230577,quantum_iqp_zz_linear,5,0,-0.7437778844846317,0.06840351123842597,Tecnazene
55,150,1,0.9771342156788221,quantum_iqp_zz_linear,5,1,1.0455377269172481,0.06840351123842597,"Phosphoric acid, Dimethyl 4-nitrophenyl ester"
429,152,0,-0.8723084804205117,quantum_iqp_zz_linear,5,0,-0.8039049691820856,0.06840351123842597,Oxytetracycline
427,161,0,-0.2964151828671639,quantum_iqp_zz_linear,5,0,-0.22801167162873792,0.06840351123842597,"N,N-Bis(1-methylethyl)carbamothioic acid, S-(2,3,3-trichloro-2-propen-1-yl) ester"
18,163,1,2.423124089122523,quantum_iqp_zz_linear,5,1,2.491527600360949,0.06840351123842597,"O,O'-(Thiodi-4,1-phenylene) O,O,O',O'-tetramethyl ester phosphorothioic acid"
17,165,1,1.1657965124810228,quantum_iqp_zz_linear,5,1,1.2342000237194488,0.06840351123842597,"O,O-Diethyl O-[6-methyl-2-(1-methylethyl)-4-pyrimidinyl] ester phosphorothioic acid"
18,167,1,1.1388460332595565,quantum_iqp_zz_linear,5,1,1.2072495444979825,0.06840351123842597,Chlorthion (Ref: BAY 22/190 )
423,172,0,1.1883858495568,quantum_iqp_zz_linear,5,1,1.256789360795226,0.06840351123842597,"Thiodiphosphoric acid, Tetrapropyl ester"
11,179,0,-0.22382371379109361,quantum_iqp_zz_linear,5,0,-0.15542020255266764,0.06840351123842597,Myristyl acetate
31,182,1,0.9201680533262881,quantum_iqp_zz_linear,5,1,0.9885715645647142,0.06840351123842597,"O,O-Dimethyl S-[(4-oxo-1,2,3-benzotriazin-3(4H)-yl)methyl] ester, Phosphorodithioic acid"
18,186,1,1.207411489522564,quantum_iqp_zz_linear,5,1,1.27581500076099,0.06840351123842597,"O,O-Dimethyl O-[3-methyl-4-(methylthio)phenyl]ester phosphorothioic acid"
31,195,1,1.0818248860774362,quantum_iqp_zz_linear,5,1,1.1502283973158622,0.06840351123842597,"Phosphorodithioic acid S-[(5-methoxy-2-oxo-1,3,4-thiadiazol-3(2H)yl)methyl] O,O-dimethyl ester"
31,208,1,1.3861052862510432,quantum_iqp_zz_linear,5,1,1.4545087974894693,0.06840351123842597,Dialifos (Ref: AC 14503)
61,215,0,-0.5330301810273375,quantum_iqp_zz_linear,5,0,-0.46462666978891143,0.06840351123842597,Farnesol
418,219,0,-1.2586903807103726,quantum_iqp_zz_linear,5,0,-1.1902868694719466,0.06840351123842597,Chlormequat
68,223,0,-1.229604016187559,quantum_iqp_zz_linear,5,0,-1.161200504949133,0.06840351123842597,6-Chloro-3-pyridinecarboxylic acid
55,225,1,-0.08748549626744778,quantum_iqp_zz_linear,5,0,-0.01908198502902181,0.06840351123842597,P-Phenylphosphonothioic acid O-ethyl O-(4-nitrophenyl) ester 
417,231,0,-1.2569923590579628,quantum_iqp_zz_linear,5,0,-1.1885888478195368,0.06840351123842597,Diquat
17,233,1,0.8823318052469411,quantum_iqp_zz_linear,5,1,0.9507353164853671,0.06840351123842597,"Phosphorothioic acid, O,O-Diethyl O-2-pyrazinyl ester  "
410,255,0,-1.0456698579620292,quantum_iqp_zz_linear,5,0,-0.9772663467236031,0.06840351123842597,Diphenamid (Ref: L 34314)
18,256,1,1.0556335403546193,quantum_iqp_zz_linear,5,1,1.1240370515930453,0.06840351123842597,"O-[4[(Dimethylamino)sulfonyl]phenyl]O,O-dimethylester phosphorothioic acid"
409,259,0,-0.7144645957344904,quantum_iqp_zz_linear,5,0,-0.6460610844960644,0.06840351123842597,2-Chloro-6-(trichloromethyl)pyridine
25,261,1,-1.0889351159522436,quantum_iqp_zz_linear,5,0,-1.0205316047138175,0.06840351123842597,2-Methyl-2-(methylthio)propanol O-[(methylamino)carbonyl]oxime
25,273,1,-1.0043672453897936,quantum_iqp_zz_linear,5,0,-0.9359637341513676,0.06840351123842597,2-(Dimethylamino)-N-[[(methylamino)carbonyl]oxy]-2-oxo-ethanimidothioic acid methyl ester
17,276,1,1.2116469312708833,quantum_iqp_zz_linear,5,1,1.2800504425093093,0.06840351123842597,"Phosphorothioic acid, O,O-Diethyl O-(3,5,6-trichloro-2-pyridinyl) ester"
163,297,0,-0.9525155492040918,quantum_iqp_zz_linear,5,0,-0.8841120379656657,0.06840351123842597,"5,6-Dihydro-2-methyl-N-phenyl-1,4-oxathiin-3-carboxamide"
405,298,0,-1.1477838249426244,quantum_iqp_zz_linear,5,0,-1.0793803137041984,0.06840351123842597,N-1H-Benzimidazol-2-yl carbamic acid methyl ester
100,316,0,-1.0072546873723829,quantum_iqp_zz_linear,5,0,-0.9388511761339569,0.06840351123842597,Aldoxycarb
163,319,0,-1.1199421613415894,quantum_iqp_zz_linear,5,0,-1.0515386501031634,0.06840351123842597,Oxycarboxin (Ref: F 461)
157,326,1,-0.10903643530209023,quantum_iqp_zz_linear,5,0,-0.040632924063664255,0.06840351123842597,"4-Ethoxy-7-phenyl-3,5-dioxa-6-aza-4-phosphaoct-6-ene-8-nitrile 4-sulfide"
76,330,1,-1.1530933505115013,quantum_iqp_zz_linear,5,0,-1.0846898392730753,0.06840351123842597,Methabenzthiazuron (Ref: BAY 74283 )
394,334,0,-0.928442572272923,quantum_iqp_zz_linear,5,0,-0.860039061034497,0.06840351123842597,Glufosinate (Ref: HOE 00661)
55,336,1,1.0031452304076256,quantum_iqp_zz_linear,5,1,1.0715487416460516,0.06840351123842597,Dimethyl 4-(methylsulfanyl)phenyl phosphate
17,338,1,1.0840321658083945,quantum_iqp_zz_linear,5,1,1.1524356770468205,0.06840351123842597,"2-[(Diethoxyphosphinothionyl)oxy]-5-methylpyrazolo[1,5-a]pyrimidine-6-carboxylic acid ethyl ester"
11,339,0,0.9130742052657721,quantum_iqp_zz_linear,5,1,0.9814777165041981,0.06840351123842597,Muscalure
393,340,0,-1.060389870000379,quantum_iqp_zz_linear,5,0,-0.9919863587619531,0.06840351123842597,"2-Fluoroethyl ([1,1'-biphenyl]-4-yl)acetate"
17,343,1,1.0793230290990825,quantum_iqp_zz_linear,5,1,1.1477265403375085,0.06840351123842597,"O-[2-(Diethylamino)-6-methyl-4-pyrimidinyl]O,O-dimethyl ester, Phosphorothioic acid"
17,347,1,1.1940729940116632,quantum_iqp_zz_linear,5,1,1.2624765052500893,0.06840351123842597,"Phosphorothioic acid O-[2-(diethylamino)-6-methyl-4-pyrimidinyl] O,O-diethyl ester"
100,351,1,-0.9131045379961897,quantum_iqp_zz_linear,5,0,-0.8447010267577637,0.06840351123842597,2-Methyl-2-(methylsulfinyl)propanal O-[(methylamino)carbonyl]oxime
37,357,1,1.0985819718565568,quantum_iqp_zz_linear,5,1,1.1669854830949828,0.06840351123842597,"O,O-Dimethyl O-(3,5,6-trichloro-2-pyridinyl) ester phosphorothioic acid"
25,364,1,-0.9471015002963903,quantum_iqp_zz_linear,5,0,-0.8786979890579643,0.06840351123842597,"3,3-Dimethyl-1-(methylthio)-2-butanone O-[(methylamino)carbonyl]oxime"
17,372,1,1.1996645572063753,quantum_iqp_zz_linear,5,1,1.2680680684448014,0.06840351123842597,Isoxathion (Ref: SL 6711)
386,377,0,-0.9951912101386873,quantum_iqp_zz_linear,5,0,-0.9267876989002612,0.06840351123842597,Frontalin
76,381,0,-1.0766487188853688,quantum_iqp_zz_linear,5,0,-1.0082452076469428,0.06840351123842597,"N-[5-(1,1-Dimethylethyl)-1,3,4-thiadiazol-2-yl]-N,N'-dimethylurea"
11,397,0,-0.9700584680536399,quantum_iqp_zz_linear,5,0,-0.9016549568152139,0.06840351123842597,2-(Octylsulfanyl)ethan-1-ol
380,402,0,-1.1442829745215035,quantum_iqp_zz_linear,5,0,-1.0758794632830775,0.06840351123842597,5-Methyl-3(2H)-isoxazolone
374,435,0,-1.0815323592018395,quantum_iqp_zz_linear,5,0,-1.0131288479634135,0.06840351123842597,Ipsenol
25,436,1,-0.3255258475344482,quantum_iqp_zz_linear,5,0,-0.2571223362960222,0.06840351123842597,"N,N'-[Thiobis[(methylimino)carbonyloxy]]bisethanimidothioic acid dimethyl ester"
18,458,0,1.1588206623817536,quantum_iqp_zz_linear,5,1,1.2272241736201797,0.06840351123842597,"Phosphorothioic acid O-(2,6-dichloro-4-methylphenyl) O,O-dimethyl ester"
25,459,1,-1.083630360746308,quantum_iqp_zz_linear,5,0,-1.015226849507882,0.06840351123842597,Butocarboxim (Ref: Co 755)
370,468,0,-1.1477891612050157,quantum_iqp_zz_linear,5,0,-1.0793856499665897,0.06840351123842597,Aviglycine
368,479,0,-0.9537848184913327,quantum_iqp_zz_linear,5,0,-0.8853813072529066,0.06840351123842597,Thiocyclam
157,486,0,-1.226318008612461,quantum_iqp_zz_linear,5,0,-1.157914497374035,0.06840351123842597,Oxabetrinil (Ref: CGA 92194)
94,494,0,-0.834526036953982,quantum_iqp_zz_linear,5,0,-0.766122525715556,0.06840351123842597,"[(3,5,6-Trichloro-2-pyridinyl)oxy]acetic acid, 2-Butoxyethyl ester"
71,533,0,-0.3709268879864351,quantum_iqp_zz_linear,5,0,-0.3025233767480091,0.06840351123842597,Methoxyfenozide (Ref: RH 2485)
71,536,0,-0.6102196686575461,quantum_iqp_zz_linear,5,0,-0.54181615741912,0.06840351123842597,Halofenozide (Ref: RH 0345)
355,549,0,-0.7007946536192717,quantum_iqp_zz_linear,5,0,-0.6323911423808457,0.06840351123842597,"3,5-Dichloro-N-(3-chloro-1-ethyl-1-methyl-2-oxopropyl)-4-methylbenzamide"
352,555,1,1.1858813837769688,quantum_iqp_zz_linear,5,1,1.2542848950153949,0.06840351123842597,"Phosphorothioic acid O,O-diethyl-O-(1,2,2,2-tetrachloroethyl) ester"
66,557,0,-0.34608812116098026,quantum_iqp_zz_linear,5,0,-0.2776846099225543,0.06840351123842597,"2-[2-Chloro-4-fluoro-5-(1,3,4,5,6,7-hexahydro-1,3-dioxo-2H-isoindol-2-yl)phenoxy]acetic acid pentyl ester"
71,563,0,-0.32343534491937337,quantum_iqp_zz_linear,5,0,-0.2550318336809474,0.06840351123842597,"1-(1,1-Dimethylethyl)-2-(4-ethylbenzoyl)hydrazide-3,5-dimethylbenzoic acid"
115,575,0,-0.3202920048535693,quantum_iqp_zz_linear,5,0,-0.2518884936151433,0.06840351123842597,"2-(Difluoromethyl)-5-(4,5-dihydro-2-thiazolyl)-4-(2-methylpropyl)-6-(trifluoromethyl)-3-pyridinecarboxylic acid methyl ester"
114,579,1,-0.9041501063628792,quantum_iqp_zz_linear,5,0,-0.8357465951244532,0.06840351123842597,Fenpiclonil (Ref: CGA 142705)
31,585,1,1.4288969851846391,quantum_iqp_zz_linear,5,1,1.4973004964230652,0.06840351123842597,Anilofos (Ref: HOE 30374)
345,587,0,0.2792465980609549,quantum_iqp_zz_linear,5,1,0.3476501092993809,0.06840351123842597,"2-(Acetyloxy)-3-dodecyl-1,4-naphthalenedione"
339,601,0,-1.3062545249924242,quantum_iqp_zz_linear,5,0,-1.2378510137539982,0.06840351123842597,"4,5-Dihydro-6-methyl-4-[(E)-(3-pyridinylmethylene)amino]-1,2,4-triazin-3(2H)-one"
87,612,0,-1.087185947136174,quantum_iqp_zz_linear,5,0,-1.018782435897748,0.06840351123842597,Metosulam (Ref: XDE 511)
68,620,0,-1.3461009898099614,quantum_iqp_zz_linear,5,0,-1.2776974785715354,0.06840351123842597,6-chloro-3-pyridinemethanol
17,634,1,1.1664297806434385,quantum_iqp_zz_linear,5,1,1.2348332918818645,0.06840351123842597,Butathiofos (Ref: Dowco 429)
68,635,1,-1.1198456897675295,quantum_iqp_zz_linear,5,0,-1.0514421785291035,0.06840351123842597,Acetamiprid
146,640,0,-1.006814023882431,quantum_iqp_zz_linear,5,0,-0.938410512644005,0.06840351123842597,Isoxaflutole (Ref: RPA 201772)
66,641,0,-0.9620102413037563,quantum_iqp_zz_linear,5,0,-0.8936067300653303,0.06840351123842597,Flumiclorac
330,643,0,-1.1620756269825858,quantum_iqp_zz_linear,5,0,-1.0936721157441598,0.06840351123842597,"4-Amino-N-(1,1-dimethylethyl)-4,5-dihydro-3-(1-methylethyl)-5-oxo-1H-1,2,4-triazole-1-carboxamide"
146,645,0,-1.3348775374701014,quantum_iqp_zz_linear,5,0,-1.2664740262316754,0.06840351123842597,"(5-Hydroxy-1,3-dimethyl-1H-pyrazol-4-yl)[2-(methylsulfonyl)-4-(trifluoromethyl)phenyl]methanone"
326,656,0,-0.45578746613336135,quantum_iqp_zz_linear,5,0,-0.3873839548949354,0.06840351123842597,"2,2-Dimethylpropanoic acid  8-(2,6-diethyl-4-methylphenyl)-1,2,4,5- tetrahydro-7-oxo-7H-pyrazolo[1,2-d][1,4,5]oxadiazepin-9-yl ester"
116,664,0,-1.0581104238873138,quantum_iqp_zz_linear,5,0,-0.9897069126488878,0.06840351123842597,Diflovidazin (Ref: SZ1 121)
71,675,0,-0.15130837727573704,quantum_iqp_zz_linear,5,0,-0.08290486603731106,0.06840351123842597,Chromafenozide (Ref: ANS 118)
317,682,0,-0.8766929171205566,quantum_iqp_zz_linear,5,0,-0.8082894058821306,0.06840351123842597,Pyriftalid (Ref: CGA 279233)
143,688,0,-0.8570788884274878,quantum_iqp_zz_linear,5,0,-0.7886753771890618,0.06840351123842597,2-Chloro-N-(2-ethoxyethyl)-N-(2-methyl-1-phenyl-1-propen-1-yl)acetamide
314,698,0,-0.7183724768929074,quantum_iqp_zz_linear,5,0,-0.6499689656544814,0.06840351123842597,Beflubutamid (Ref: UBH 820)
45,711,0,-0.5785017914019617,quantum_iqp_zz_linear,5,0,-0.5100982801635356,0.06840351123842597,Cycloxydim (Ref: BAS 517H)
25,723,0,-0.8594051141861538,quantum_iqp_zz_linear,5,0,-0.7910016029477278,0.06840351123842597,"N-[[(Methylamino)carbonyl]oxy]ethanimidothioic acid, 2-Cyanoethylester"
45,725,1,-0.5163317308350435,quantum_iqp_zz_linear,5,0,-0.44792821959661744,0.06840351123842597,Sethoxydim (Ref: BAS 9052H)
31,726,1,1.125689971787716,quantum_iqp_zz_linear,5,1,1.194093483026142,0.06840351123842597,"S-[(5-Ethoxy-2-oxo-1,3,4-thiadiazol-3(2H)-yl)methyl] O,O-dimethyl phosphorodithioate"
45,732,0,-0.5478691089281802,quantum_iqp_zz_linear,5,0,-0.47946559768975416,0.06840351123842597,Tralkoxydim (Ref: PP 604)
137,736,0,-0.09118136285360418,quantum_iqp_zz_linear,5,0,-0.022777851615178202,0.06840351123842597,Imibenconazole (Ref: HF 6305)
306,741,0,-1.3889277541317893,quantum_iqp_zz_linear,5,0,-1.3205242428933632,0.06840351123842597,N-(Cyanomethyl)-4-(trifluoromethyl)-3-pyridinecarboxamide
87,744,0,-1.3492297165480243,quantum_iqp_zz_linear,5,0,-1.2808262053095982,0.06840351123842597,"N-(5,7-Dimethoxy[1,2,4]triazolo[1,5-a]pyrimidin-2-yl)-2-methoxy-4-(trifluoromethyl)-3-pyridinesulfonamide"
11,749,0,-0.9349806025160183,quantum_iqp_zz_linear,5,0,-0.8665770912775923,0.06840351123842597,"C6-12 Fatty acids, Me esters"
45,799,0,-0.10072726705652574,quantum_iqp_zz_linear,5,0,-0.032323755818099764,0.06840351123842597,Butroxydim (Ref: ICIA0500)
131,802,0,-0.8724504306263459,quantum_iqp_zz_linear,5,0,-0.8040469193879198,0.06840351123842597,"2-{2-[(2,5-Dimethylphenoxy)methyl]phenyl}-2-methoxy-N-methylacetamide"
284,816,0,-0.32128910707638186,quantum_iqp_zz_linear,5,0,-0.2528855958379559,0.06840351123842597,"3-(Difluoromethyl)-N-methoxy-1-methyl-N-[1-(2,4,6-trichlorophenyl)propan-2-yl]-1H-pyrazole-4-carboxamide"
278,837,0,-0.6485352984774335,quantum_iqp_zz_linear,5,0,-0.5801317872390075,0.06840351123842597,Hydroquinone
11,845,0,-0.9631988320546547,quantum_iqp_zz_linear,5,0,-0.8947953208162287,0.06840351123842597,1-decanol
268,857,0,-0.9321487695156265,quantum_iqp_zz_linear,5,0,-0.8637452582772005,0.06840351123842597,Metaldehyde
61,858,0,-0.5333777020324602,quantum_iqp_zz_linear,5,0,-0.4649741907940341,0.06840351123842597,Nerolidol
266,860,0,-0.5119421947696581,quantum_iqp_zz_linear,5,0,-0.44353868353123205,0.06840351123842597,Paraffin oils
260,870,0,-1.146487467942803,quantum_iqp_zz_linear,5,0,-1.078083956704377,0.06840351123842597,Lenacil (Ref: DPX B634)
249,900,0,-0.9148288003908756,quantum_iqp_zz_linear,5,0,-0.8464252891524495,0.06840351123842597,Dikegulac
247,906,0,-1.155631774010392,quantum_iqp_zz_linear,5,0,-1.087228262771966,0.06840351123842597,Bupirimate (Ref: PP 588)
25,915,1,-1.0245446020898514,quantum_iqp_zz_linear,5,0,-0.9561410908514254,0.06840351123842597,N-[[(Methylamino)carbonyl]oxy]ethanimidothioic acid methyl ester
238,926,1,-1.1708610812411127,quantum_iqp_zz_linear,5,0,-1.1024575700026866,0.06840351123842597,Pirimicarb (Ref: OMS 1330)
229,939,1,-0.165607370351954,quantum_iqp_zz_linear,5,0,-0.09720385911352802,0.06840351123842597,4-Bromo-2-(4-chlorophenyl)-1-(ethoxymethyl)-5-(trifluoromethyl)-1H-pyrrole-3-carbonitrile
225,948,1,-0.1691042620585907,quantum_iqp_zz_linear,5,0,-0.10070075082016472,0.06840351123842597,24-epibrassinolide
220,958,0,-1.4453813433917042,quantum_iqp_zz_linear,5,0,-1.3769778321532782,0.06840351123842597,Triazoxide (Ref: SAS 9244)
116,960,0,-0.9290874515751613,quantum_iqp_zz_linear,5,0,-0.8606839403367352,0.06840351123842597,"3,6-Bis(2-chlorophenyl)-1,2,4,5-tetrazine"
115,969,0,-0.1337095944231172,quantum_iqp_zz_linear,5,0,-0.06530608318469122,0.06840351123842597,"2-(Difluoromethyl)-4-(2-methylpropyl)-6-(trifluoromethyl)-3,5-pyridinedicarbothioic acid, S3,S5-Dimethyl ester"
212,971,1,0.31511741411901767,quantum_iqp_zz_linear,5,1,0.38352092535744364,0.06840351123842597,Silafluofen (Ref: HOE 084498)
211,972,0,-1.1535224444593122,quantum_iqp_zz_linear,5,0,-1.0851189332208862,0.06840351123842597,Rhyncolure
45,974,0,-0.4331397147636275,quantum_iqp_zz_linear,5,0,-0.36473620352520153,0.06840351123842597,Clethodim (Ref: RE 45601)
66,975,0,-0.9755157168283404,quantum_iqp_zz_linear,5,0,-0.9071122055899143,0.06840351123842597,"2-[7-Fluoro-3,4-dihydro-3-oxo-4-(2-propynyl)-2H-1,4-benzoxazin-6-yl]-4,5,6,7-tetrahydro-1H-isoindole-1,3(2H)-dione"
114,979,0,-1.16135157126581,quantum_iqp_zz_linear,5,0,-1.092948060027384,0.06840351123842597,"4-(2,2-Difluoro-1,3-benzodioxol-4-yl)-1H-pyrrole-3-carbonitrile"
201,990,0,-0.6897477465063206,quantum_iqp_zz_linear,5,0,-0.6213442352678946,0.06840351123842597,Phthalide (Ref: BAY 96610)
76,1008,0,-1.1827917647087027,quantum_iqp_zz_linear,5,0,-1.1143882534702767,0.06840351123842597,Ethidimuron (Ref: MET 1486 )
194,1010,0,0.05600864028716718,quantum_iqp_zz_linear,5,1,0.12441215152559315,0.06840351123842597,Cyenopyrafen (Ref: NC-512 )
191,1015,1,-1.0218157023884014,quantum_iqp_zz_linear,5,0,-0.9534121911499753,0.06840351123842597,"3-Phenyl-5-(2-thienyl)-1,2,4-oxadiazole"
185,1027,1,1.362134514755848,quantum_iqp_zz_linear,5,1,1.430538025994274,0.06840351123842597,Broflanilide (Ref: MCI-8007)
180,1032,0,-0.2625937120748207,quantum_iqp_zz_linear,5,0,-0.1941902008363947,0.06840351123842597,Fenpicoxamid (Ref: XDE 777)
