model,ID,y_true,y_score
logistic,0,0,0.31784470785716784
logistic,1,0,0.22890793947497942
logistic,2,1,0.9708424102903862
logistic,3,0,0.2697982826633877
logistic,4,0,0.2556743754828428
logistic,5,1,0.9572201583180832
logistic,6,1,0.9904877181277563
logistic,7,1,0.7131773768781366
logistic,8,1,0.9546208633244064
logistic,9,0,0.42402713812238596
logistic,10,0,0.46002146099410285
logistic,11,0,0.5503605666149125
logistic,12,0,0.2508967013235035
logistic,13,0,0.30385948803861984
logistic,14,1,0.27164532522233803
logistic,15,0,0.2455235856763767
logistic,16,0,0.3709623744974294
logistic,17,0,0.3729247946308121
logistic,18,0,0.4018212867379198
logistic,19,0,0.362894075527956
logistic,20,0,0.3730965025228253
logistic,21,0,0.18037783160094675
logistic,22,0,0.5319571618683343
logistic,23,0,0.4657934872769933
logistic,24,0,0.37499283372636344
logistic,25,0,0.28029454358297956
logistic,26,0,0.42229650409864716
logistic,27,0,0.369256551114648
logistic,28,0,0.311482652828125
logistic,29,0,0.9885930547104507
logistic,30,0,0.26453676216722277
logistic,31,1,0.8592482569598634
logistic,32,1,0.34591801424380436
logistic,33,0,0.196312420288462
logistic,34,0,0.4191701004751536
logistic,35,0,0.3944729809869492
logistic,36,0,0.26581759113640263
logistic,37,0,0.25846350466431456
logistic,38,0,0.18855487044602148
logistic,39,1,0.5746061447215025
logistic,40,0,0.32583786134334985
logistic,41,1,0.972294001312748
logistic,42,1,0.3783943928087479
logistic,43,0,0.31399275775830615
logistic,44,1,0.28003985099096773
logistic,45,0,0.31762514019003
logistic,46,0,0.25787461338195017
logistic,47,1,0.29977030181674746
logistic,48,0,0.21204197243606487
logistic,49,0,0.1681865297668952
logistic,50,1,0.7284742414148735
logistic,51,1,0.41674184785594187
logistic,52,0,0.33692192279365824
logistic,53,1,0.5606552704929769
logistic,54,1,0.999416270107146
logistic,55,1,0.9477130575811635
logistic,56,1,0.9862748578875292
logistic,57,0,0.14973165568856103
logistic,58,0,0.22188282388752245
logistic,59,0,0.3394070977034772
logistic,60,1,0.959229924370021
logistic,61,1,0.27997545023545944
logistic,62,0,0.4691244899128647
logistic,63,0,0.23022787377141993
logistic,64,1,0.9955470702156145
logistic,65,1,0.38561521615597805
logistic,66,0,0.49119823005303237
logistic,67,1,0.9383393580874645
logistic,68,0,0.28284636281046344
logistic,69,0,0.4571006759888175
logistic,70,1,0.6226244591091903
logistic,71,1,0.9882898436496871
logistic,72,0,0.28167571545273273
logistic,73,0,0.34369622029802716
logistic,74,0,0.5908026816958322
logistic,75,1,0.9567103742058268
logistic,76,0,0.17010323198529748
logistic,77,1,0.24351379991918135
logistic,78,0,0.10528407482053233
logistic,79,0,0.3268610054398979
logistic,80,0,0.27512567720711284
logistic,81,0,0.19724732704654743
logistic,82,1,0.9758201031961795
logistic,83,0,0.3981704401673297
logistic,84,1,0.9187860550145012
logistic,85,0,0.33727628669898513
logistic,86,1,0.37975377802448157
logistic,87,1,0.9903436530960503
logistic,88,1,0.9960216627699405
logistic,89,0,0.25862235238120473
logistic,90,0,0.49013303641924205
logistic,91,0,0.979081390086188
logistic,92,0,0.35523856534658593
logistic,93,0,0.17360799155460638
logistic,94,0,0.416340192281499
logistic,95,0,0.5304887756966401
logistic,96,1,0.5194681093678115
logistic,97,0,0.44031959508889845
logistic,98,1,0.5128004259664971
logistic,99,0,0.48509321227815594
logistic,100,1,0.9566041192643653
logistic,101,0,0.49527287595793745
logistic,102,0,0.5104888355499316
logistic,103,1,0.5585948857183171
logistic,104,0,0.30518685523275635
logistic,105,1,0.9592369206456957
logistic,106,0,0.2508428861820855
logistic,107,0,0.39818832424861217
logistic,108,1,0.48004456300746184
logistic,109,0,0.5691539369443017
logistic,110,1,0.9999791524078682
logistic,111,1,0.9602413244125834
logistic,112,0,0.21297974076689982
logistic,113,1,0.9920050511399088
logistic,114,0,0.3532125563471213
logistic,115,1,0.943629951895586
logistic,116,1,0.3627955799226657
logistic,117,1,0.44040814521800464
logistic,118,0,0.9688222288473161
logistic,119,0,0.38692328746000215
logistic,120,1,0.9886488882888158
logistic,121,0,0.3397141265528891
logistic,122,1,0.9712126247065139
logistic,123,0,0.4091239556381059
logistic,124,0,0.23287658328950064
logistic,125,1,0.9494062493757599
logistic,126,1,0.943362633418099
logistic,127,0,0.35198578310612694
logistic,128,1,0.5400969520852112
logistic,129,1,0.9918207451059807
logistic,130,1,0.9630344350108297
logistic,131,0,0.25491596608472566
logistic,132,1,0.9509022175966464
logistic,133,1,0.9473164157613013
logistic,134,0,0.3256767697518897
logistic,135,1,0.9750144946306415
logistic,136,0,0.42378071555413627
logistic,137,1,0.9640605315435644
logistic,138,0,0.2308808663285399
logistic,139,0,0.4166308868534619
logistic,140,1,0.33156002310787147
logistic,141,1,0.9725997159158685
logistic,142,1,0.9745044886756605
logistic,143,1,0.9653676497018638
logistic,144,0,0.2904338991334522
logistic,145,0,0.34597310941245435
logistic,146,1,0.2782880486681417
logistic,147,0,0.27147553568584737
logistic,148,0,0.28305156700688205
logistic,149,0,0.22805190835580838
logistic,150,0,0.33023800148118393
logistic,151,1,0.9759009619519696
logistic,152,0,0.2518462885159525
logistic,153,1,0.7201274625072297
logistic,154,0,0.2736924249825527
logistic,155,1,0.9880685533187454
logistic,156,1,0.3821398475191635
logistic,157,1,0.768411364812202
logistic,158,0,0.3426208405517255
logistic,159,0,0.33490048876746636
logistic,160,1,0.9281348213479962
logistic,161,1,0.35026251075257786
logistic,162,1,0.15813625524940927
logistic,163,0,0.5097458663816241
logistic,164,0,0.1612104903803286
logistic,165,0,0.4526499218876302
logistic,166,1,0.28972520426469744
logistic,167,0,0.373544159508286
logistic,168,1,0.9718440441047704
logistic,169,0,0.2391003471679227
logistic,170,1,0.9541465079585956
logistic,171,0,0.6961967051861715
logistic,172,0,0.19557368475273318
logistic,173,1,0.33175394362629484
logistic,174,0,0.32488040878942936
logistic,175,0,0.24550766751861294
logistic,176,1,0.7237087995408306
logistic,177,0,0.3010911956197913
logistic,178,1,0.9879798359287457
logistic,179,0,0.54869734304905
logistic,180,0,0.4445481175779148
logistic,181,0,0.3659991605724592
logistic,182,1,0.2649314129103642
logistic,183,1,0.9800643023411728
logistic,184,0,0.47085174080713416
logistic,185,1,0.9683083485330022
logistic,186,0,0.35871496538016023
logistic,187,1,0.3607342838308721
logistic,188,0,0.35828773746948966
logistic,189,0,0.2534913118967848
logistic,190,1,0.27524651011458096
logistic,191,1,0.93789731432156
logistic,192,1,0.9726160904365042
logistic,193,1,0.30855111471301366
logistic,194,0,0.3174257766273092
logistic,195,0,0.46915193592541854
logistic,196,1,0.38198933942216867
logistic,197,1,0.9691750796455877
logistic,198,1,0.9723529693308238
logistic,199,1,0.9834553025734329
logistic,200,0,0.3703888613898237
logistic,201,0,0.37841804457633643
logistic,202,0,0.32517925622212895
logistic,203,0,0.3275692026792202
logistic,204,1,0.7092869706754955
logistic,205,1,0.9848062026964884
logistic,206,0,0.2195062141868873
logistic,207,0,0.3895890223453932
logistic,208,0,0.2544378521610995
logistic,209,1,0.6115156944283718
logistic,210,0,0.23046816661096328
logistic,211,1,0.2882474353299774
logistic,212,1,0.3491872165766607
logistic,213,0,0.36397030768009603
logistic,214,1,0.4933579081637284
logistic,215,1,0.2940865615464606
logistic,216,0,0.27545809971712476
logistic,217,0,0.2763172721928381
logistic,218,1,0.43675270253210435
logistic,219,0,0.3801052776704213
logistic,220,0,0.3383362670786713
logistic,221,1,0.007682152755613701
logistic,222,0,0.31995235798208094
logistic,223,1,0.9882211406059851
logistic,224,0,0.31273008150602877
logistic,225,0,0.5070342561420588
logistic,226,0,0.36231403073299145
logistic,227,0,0.44716775295391165
logistic,228,1,0.630129196759951
logistic,229,0,0.39737103613369684
logistic,230,1,0.49757694314356854
logistic,231,1,0.2831562737286166
logistic,232,1,0.988021072050826
logistic,233,0,0.35424825931790405
logistic,234,0,0.3392744518451205
logistic,235,0,0.4476764800132585
logistic,236,1,0.9636229460846117
logistic,237,0,0.3213820439054094
logistic,238,1,0.95705950138425
logistic,239,0,0.19211458555362607
logistic,240,0,0.27298802257197224
logistic,241,1,0.500829267062719
logistic,242,1,0.9586053443145496
logistic,243,1,0.3867488184085559
logistic,244,0,0.9818469340126138
logistic,245,1,0.37059414035658556
logistic,246,1,0.9618738296554047
logistic,247,0,0.3739069440105764
logistic,248,1,0.2002512622747983
logistic,249,0,0.29550006977418086
logistic,250,1,0.3503429046514592
logistic,251,1,0.42016361117579937
logistic,252,1,0.4232347371023735
logistic,253,0,0.2893535910946929
logistic,254,0,0.45653237767703425
logistic,255,1,0.9732962044890437
logistic,256,0,0.7467723373912951
logistic,257,0,0.3667009203001064
logistic,258,0,0.2589520180091622
logistic,259,0,0.21876340659780855
logistic,260,1,0.35057359328898835
logistic,261,0,0.28565741583268645
logistic,262,1,0.3602148135991048
logistic,263,1,0.44823568750971154
logistic,264,0,0.33839202470795865
logistic,265,0,0.3557332656719304
logistic,266,0,0.32716722195812364
logistic,267,1,0.9652806303329093
logistic,268,0,0.39435308454333534
logistic,269,0,0.3759006610073265
logistic,270,0,0.31404796401022295
logistic,271,0,0.35415620866127245
logistic,272,0,0.3545897356525262
logistic,273,1,0.3030873131629236
logistic,274,0,0.3839425707842516
logistic,275,1,0.4797836930679827
logistic,276,1,0.6131577730607615
logistic,277,0,0.24671809028640204
logistic,278,0,0.18958443217338367
logistic,279,1,0.7736299372962355
logistic,280,0,0.24357583540275873
logistic,281,0,0.2235172798868335
logistic,282,0,0.44356217636271095
logistic,283,1,0.4379974000976117
logistic,284,0,0.22005658086369828
logistic,285,0,0.31916339406718974
logistic,286,0,0.5301930825843626
logistic,287,0,0.4302265009412114
logistic,288,0,0.2510978845283549
logistic,289,1,0.9826699226483148
logistic,290,1,0.6256954030895088
logistic,291,0,0.35815880120566573
logistic,292,0,0.34790075906552287
logistic,293,1,0.4273810934643468
logistic,294,0,0.38371479991462926
logistic,295,1,0.3187230682778365
logistic,296,0,0.35297004348341604
logistic,297,0,0.2974206894932219
logistic,298,0,0.3990306474704546
logistic,299,1,0.9751892509249673
logistic,300,0,0.3090704761686728
logistic,301,0,0.47618196674691904
logistic,302,0,0.28470031955461417
logistic,303,0,0.4003478680760023
logistic,304,0,0.7306961706493829
logistic,305,0,0.33415209585486627
logistic,306,1,0.4013027227846507
logistic,307,0,0.4219632811513123
logistic,308,1,0.8634480033395208
logistic,309,1,0.9471725100374806
logistic,310,0,0.2565444444571116
logistic,311,1,0.4184272038939748
logistic,312,0,0.363037152715234
logistic,313,1,0.31960031003205325
logistic,314,1,0.29252278012136634
logistic,315,1,0.3445816197892003
logistic,316,0,0.22684071706639505
logistic,317,0,0.33771966772983253
logistic,318,1,0.5049841735717134
logistic,319,0,0.43097889964652997
logistic,320,0,0.42964696048526263
logistic,321,0,0.5431120219817704
logistic,322,1,0.9837971552189076
logistic,323,1,0.9454258602154932
logistic,324,1,0.6661302271581716
logistic,325,0,0.48365881242992764
logistic,326,0,0.9946277685639897
logistic,327,1,0.2720972958058152
logistic,328,1,0.6556741178920121
logistic,329,0,0.35264686983978705
logistic,330,1,0.5252063196305272
logistic,331,1,0.6005942414923887
logistic,332,0,0.23705408769484135
logistic,333,0,0.35935450496857935
logistic,334,0,0.22410670382576864
logistic,335,0,0.35612676856122116
logistic,336,0,0.2649669170446019
logistic,337,0,0.22361608720926643
logistic,338,0,0.33796223821041843
logistic,339,0,0.3042444240885387
logistic,340,0,0.3123738724139778
logistic,341,0,0.36394726095783775
logistic,342,1,0.5668722839078003
logistic,343,0,0.4026926496262287
logistic,344,0,0.34250861543320404
logistic,345,0,0.2739860031168727
logistic,346,0,0.3268211708416939
logistic,347,1,0.3657145620388427
logistic,348,0,0.4258557949243173
logistic,349,0,0.37555481330761187
logistic,350,0,0.2031073181709143
logistic,351,0,0.3993663928886485
logistic,352,0,0.3824923615898695
logistic,353,0,0.48183060788706356
logistic,354,0,0.33895571495686466
logistic,355,1,0.703766500891719
logistic,356,1,0.5217819713352262
logistic,357,0,0.17349180233423528
logistic,358,0,0.3702247607429531
logistic,359,0,0.40202625458240143
logistic,360,0,0.33857608233428216
logistic,361,0,0.3143188345801024
logistic,362,1,0.07875441031837187
logistic,363,0,0.24407926576569963
logistic,364,0,0.128219650529491
logistic,365,0,0.3108865193212752
logistic,366,0,0.3329332011524566
logistic,367,0,0.40625520063888104
logistic,368,1,0.9566047510145218
logistic,369,1,0.2625691733406145
logistic,370,0,0.1771917273643443
logistic,371,0,0.4107690767493713
logistic,372,0,0.4906290207463074
logistic,373,0,0.1702078941795975
logistic,374,0,0.3385860048730723
logistic,375,0,0.14819889496461586
logistic,376,1,0.3348047998786148
logistic,377,0,0.3423585455505864
logistic,378,0,0.4226807239001094
logistic,379,0,0.4759391354188612
logistic,380,0,0.33149799948857295
logistic,381,0,0.4237207708396008
logistic,382,0,0.3677808076011015
logistic,383,1,0.3963439261324428
logistic,384,0,0.20694350585444768
logistic,385,1,0.4480835404052556
logistic,386,1,0.4116411008628612
logistic,387,0,0.2770544141749635
logistic,388,0,0.4095040663341037
logistic,389,0,0.3248124704987384
logistic,390,0,0.22810502917080752
logistic,391,0,0.31134571825276575
logistic,392,0,0.25522334380153744
logistic,393,1,0.9776935088136581
logistic,394,0,0.40886264346326956
logistic,395,0,0.5331689807432172
logistic,396,0,0.413905925747307
logistic,397,0,0.12108478511364644
logistic,398,0,0.4509319242900974
logistic,399,1,0.24868239246398455
logistic,400,0,0.4354225212677828
logistic,401,0,0.13209053714616192
logistic,402,1,0.25449766421910175
logistic,403,1,0.1610649324567282
logistic,404,0,0.40432276530124206
logistic,405,0,0.4748717101774037
logistic,406,0,0.38249877690976064
logistic,407,0,0.3477906753469537
logistic,408,0,0.38493531009007353
logistic,409,1,0.4404163341348836
logistic,410,1,0.43055193091723604
logistic,411,0,0.3514352020281774
logistic,412,0,0.27483517773213106
logistic,413,0,0.389510947875255
logistic,414,0,0.33905558393888136
logistic,415,1,0.9784443784377419
logistic,416,0,0.7244629620833438
logistic,417,0,0.46788807986809033
logistic,418,0,0.5194231253699523
logistic,419,1,0.7357928823262201
logistic,420,0,0.1374736024323695
logistic,421,0,0.501786286470855
logistic,422,1,0.16499911584409735
logistic,423,0,0.3248728332853576
logistic,424,0,0.3513678140726337
logistic,425,0,0.24037156385730316
logistic,426,0,0.3508779298270642
logistic,427,0,0.4393710992712478
logistic,428,0,0.4063467731979354
logistic,429,0,0.26640054099569654
logistic,430,0,0.28019102270646956
logistic,431,1,0.9804772631690596
logistic,432,0,0.17273032382769837
logistic,433,0,0.15596523252813288
logistic,434,0,0.35139286091730876
logistic,435,1,0.22060806608152098
logistic,436,0,0.14707149944173903
logistic,437,0,0.3354709178968468
logistic,438,0,0.17228929239401006
logistic,439,0,0.16583516070426627
logistic,440,0,0.3186691357102032
logistic,441,0,0.4171100457283165
logistic,442,0,0.15321384223604192
logistic,443,0,0.2710131689143746
logistic,444,0,0.30205149082963945
logistic,445,1,0.42861374719932094
logistic,446,0,0.39517702578147856
logistic,447,0,0.23642253693787138
logistic,448,0,0.48185568383172567
logistic,449,0,0.3044036540053069
logistic,450,0,0.16989700248965356
logistic,451,1,0.9640473900982485
logistic,452,1,0.3815093809914591
logistic,453,1,0.4515809677403846
logistic,454,1,0.2483592005623071
logistic,455,0,0.5690670229567335
logistic,456,0,0.34748727669505786
logistic,457,0,0.410125673810037
logistic,458,0,0.28216500060990285
logistic,459,0,0.3656856356592487
logistic,460,1,0.291426840651598
logistic,461,0,0.3507567587724019
logistic,462,0,0.11452681349751985
logistic,463,0,0.19982817711884096
logistic,464,0,0.21384533856052934
logistic,465,0,0.2809076425965828
logistic,466,0,0.4619267309413623
logistic,467,0,0.3585756705891646
logistic,468,0,0.5435268408734553
logistic,469,0,0.5763560594950018
logistic,470,0,0.5519298696521542
logistic,471,1,0.5662301963705241
logistic,472,0,0.32939915761278676
logistic,473,0,0.12890574281947567
logistic,474,0,0.24441507875730065
logistic,475,1,0.3538068135107914
logistic,476,0,0.2682073943284173
logistic,477,0,0.15477209150077526
logistic,478,0,0.44194153966728994
logistic,479,1,0.3108647881348722
logistic,480,0,0.3301372189052196
logistic,481,0,0.5026449735266793
logistic,482,0,0.5351396753326492
logistic,483,0,0.36075974318512943
logistic,484,0,0.37576770963640216
logistic,485,0,0.3664817355218534
logistic,486,0,0.39341291128705547
logistic,487,0,0.3717611178592805
logistic,488,0,0.3545126553648461
logistic,489,0,0.38728811607021
logistic,490,0,0.20732160961711665
logistic,491,1,0.34925288616738964
logistic,492,0,0.32792710521272567
logistic,493,0,0.3744795224411202
logistic,494,0,0.28655538116766105
logistic,495,0,0.14362018642265167
logistic,496,0,0.17929179464255354
logistic,497,0,0.23746815251292505
logistic,498,1,0.18952562335866074
logistic,499,0,0.276667254213972
logistic,500,0,0.41765625686060526
logistic,501,0,0.07379759759240206
logistic,502,1,0.11729402579065366
logistic,503,0,0.524181956621343
logistic,504,0,0.23930496146478644
logistic,505,0,0.02152305779826253
logistic,506,0,0.7675197059267034
logistic,507,0,0.4379009396849168
logistic,508,1,0.29215839869986904
logistic,509,0,0.4307275425990371
logistic,510,0,0.2355210549197727
logistic,511,1,0.4539320014989438
logistic,512,0,0.37923861954324944
logistic,513,0,0.5688260416199851
logistic,514,0,0.2113391992786968
logistic,515,1,0.252554634605575
logistic,516,0,0.34382867484663915
logistic,517,0,0.29280915477011193
logistic,518,1,0.3694440958089866
logistic,519,1,0.946968234000043
logistic,520,0,0.5829299147699349
logistic,521,0,0.14933298563117936
logistic,522,0,0.4453407353087211
logistic,523,0,0.43131224827938064
logistic,524,1,0.34404028447007867
logistic,525,0,0.5198193819452431
logistic,526,0,0.4014064426420274
logistic,527,1,0.33206108857099886
logistic,528,1,0.4028439971084132
logistic,529,0,0.2826947284992592
logistic,530,0,0.3305703893060956
logistic,531,0,0.22169830858335618
logistic,532,0,0.4556633301978297
logistic,533,0,0.2556310928306511
logistic,534,0,0.19965168828240923
logistic,535,0,0.4828246138675987
logistic,536,0,0.2505166330943843
logistic,537,0,0.33686292114963423
logistic,538,0,0.46732608993362545
logistic,539,0,0.26486866677066906
logistic,540,0,0.606538927342317
logistic,541,0,0.4122280234668099
logistic,542,0,0.34722245803245705
logistic,543,1,0.40196529044038204
logistic,544,0,0.9924917417113989
logistic,545,0,0.4931253988085637
logistic,546,0,0.5258652704410021
logistic,547,1,0.9159562552822048
logistic,548,0,0.980438769900429
logistic,549,0,0.28371686589858885
logistic,550,0,0.32074170336116165
logistic,551,0,0.5404679342841394
logistic,552,0,0.3934456248361868
logistic,553,0,0.5496098448438644
logistic,554,1,0.3999793835423145
logistic,555,1,0.3994851887052396
logistic,556,1,0.38988336429996256
logistic,557,0,0.2750538385363675
logistic,558,1,0.2570999316682429
logistic,559,0,0.3232523909395012
logistic,560,1,0.9057665228897389
logistic,561,0,0.4198613333575689
logistic,562,0,0.6195041754586724
logistic,563,0,0.477464769457522
logistic,564,0,0.4007400697678879
logistic,565,0,0.2105934360778687
logistic,566,0,0.27342836060570147
logistic,567,0,0.3800616797688959
logistic,568,1,0.5966976025613243
logistic,569,0,0.4672477817543526
logistic,570,0,0.22224330643098156
logistic,571,0,0.23579907203905914
logistic,572,0,0.6462442462047275
logistic,573,0,0.26323244901102155
logistic,574,0,0.4460603892851384
logistic,575,0,0.5092261711462245
logistic,576,0,0.2930362826229005
logistic,577,1,0.42499835754526816
logistic,578,0,0.4995748522928694
logistic,579,0,0.44481907252618397
logistic,580,0,0.5122820911410725
logistic,581,0,0.39025857121551694
logistic,582,0,0.28920671161480943
logistic,583,1,0.20565380055178237
logistic,584,0,0.36466733330329026
logistic,585,0,0.31390372805492167
logistic,586,0,0.5765438844183075
logistic,587,0,0.2093972525627213
logistic,588,0,0.19669942074991467
logistic,589,0,0.23770083462858616
logistic,590,0,0.17980072087327006
logistic,591,0,0.1854708637001947
logistic,592,0,0.45485179969397327
logistic,593,0,0.2972947179795364
logistic,594,0,0.3666934743362402
logistic,595,0,0.3466677988444002
logistic,596,0,0.522815419234791
logistic,597,0,0.3463199852072331
logistic,598,1,0.5325078349754877
logistic,599,0,0.17338092388700663
logistic,600,0,0.24149938874139687
logistic,601,0,0.5953159210226981
logistic,602,0,0.45225195702474985
logistic,603,0,0.3453930585106746
logistic,604,0,0.5670961898351313
logistic,605,0,0.2953650072446545
logistic,606,0,0.4307239337047077
logistic,607,1,0.5775697801970353
logistic,608,0,0.34492797196788627
logistic,609,0,0.4178345566636206
logistic,610,0,0.5647022891582177
logistic,611,1,0.26696432223618216
logistic,612,0,0.006792634024652927
logistic,613,0,0.5165939043623858
logistic,614,0,0.34716800775542456
logistic,615,0,0.19261448314241453
logistic,616,0,0.6307785611185983
logistic,617,0,0.25722218725346463
logistic,618,1,0.9755223112950991
logistic,619,0,0.4039811463865988
logistic,620,1,0.21136162634396202
logistic,621,0,0.18822586191605378
logistic,622,1,0.9315956167929489
logistic,623,0,0.28453903301253075
logistic,624,0,0.32674711628844777
logistic,625,0,0.4323233010491162
logistic,626,0,0.28221368398329194
logistic,627,1,0.826446618837504
logistic,628,1,0.9381022237846448
logistic,629,1,0.2563964900089862
logistic,630,1,0.3847139137147154
logistic,631,0,0.297483052772807
logistic,632,0,0.3750270754816746
logistic,633,0,0.43693164542366664
logistic,634,0,0.20975954368336922
logistic,635,0,0.23123034559151134
logistic,636,0,0.27880056523400076
logistic,637,1,0.3534496131870829
logistic,638,0,0.5199103399301612
logistic,639,1,0.5460974662949841
logistic,640,0,0.4401972826084976
logistic,641,0,0.34688729311696725
logistic,642,0,0.41287725162173144
logistic,643,0,0.5290763902534265
logistic,644,0,0.37021864835859064
logistic,645,1,0.59669496490239
logistic,646,0,0.4640159570171346
logistic,647,1,0.8613451210052789
logistic,648,0,0.21453431037334603
logistic,649,0,0.5078515646747562
logistic,650,1,0.653413406798559
logistic,651,0,0.2738297984100914
logistic,652,0,0.4296449031296246
logistic,653,0,0.40881597490663363
logistic,654,1,0.4963227379868963
logistic,655,0,0.7160273475444445
logistic,656,0,0.15604424740610923
logistic,657,0,0.46911710178151284
logistic,658,0,0.29017849759620135
logistic,659,0,0.39792079857800644
logistic,660,0,0.3237202929995982
logistic,661,0,0.26894514796459973
logistic,662,0,0.4303363464441483
logistic,663,1,0.5743658557094946
logistic,664,0,0.5215566810364808
logistic,665,0,0.3472285074493343
logistic,666,1,0.4360691667574726
logistic,667,0,0.27962646457859813
logistic,668,0,0.2760092399965668
logistic,669,0,0.41316015332167805
logistic,670,0,0.4322119437788264
logistic,671,0,0.1834818371427147
logistic,672,0,0.37058441011043425
logistic,673,0,0.33548787978702826
logistic,674,0,0.46886740898794765
logistic,675,0,0.3170146928998363
logistic,676,1,0.2576178897472733
logistic,677,1,0.4885701199093643
logistic,678,0,0.37932604843708323
logistic,679,1,0.20975085661621476
logistic,680,0,0.41150677808149305
logistic,681,0,0.5483837827065752
logistic,682,0,0.16235093340192144
logistic,683,0,0.35133179361942735
logistic,684,0,0.5488055988785264
logistic,685,0,0.2918756626831185
logistic,686,0,0.4292465051049833
logistic,687,0,0.3917683338294409
logistic,688,0,0.393211047476409
logistic,689,0,0.3795637729958694
logistic,690,0,0.43121637294922943
logistic,691,0,0.1917831915199112
logistic,692,0,0.34472522481952594
logistic,693,0,0.23230962992571902
logistic,694,0,0.7113315792401191
logistic,695,1,0.9154089931942908
logistic,696,1,0.21525132208503003
logistic,697,1,0.3987390437101658
logistic,698,0,0.3611318423981739
logistic,699,0,0.5189351375365897
logistic,700,0,0.564766911010934
logistic,701,1,0.518710333332802
logistic,702,1,0.15998182480242745
logistic,703,1,0.4375527208687859
logistic,704,1,0.5912691526974051
logistic,705,0,0.41919663584857597
logistic,706,0,0.28151093295409674
logistic,707,0,0.4011606777741789
logistic,708,0,0.7025618012075244
logistic,709,0,0.5521020229377601
logistic,710,0,0.5226173481885271
logistic,711,0,0.1145227253670502
rbf_svc,0,0,0.23420787625005415
rbf_svc,1,0,0.1499240252539359
rbf_svc,2,1,0.8759619327457838
rbf_svc,3,0,0.12696339129159898
rbf_svc,4,0,0.14331723349464776
rbf_svc,5,1,0.8177698724638665
rbf_svc,6,1,0.8714132798423877
rbf_svc,7,1,0.6377615709016394
rbf_svc,8,1,0.8338150350259258
rbf_svc,9,0,0.23085259899923508
rbf_svc,10,0,0.15572090393017518
rbf_svc,11,0,0.26497080000318324
rbf_svc,12,0,0.32313577230457835
rbf_svc,13,0,0.21415386046670337
rbf_svc,14,1,0.12513489817287288
rbf_svc,15,0,0.29403646613298867
rbf_svc,16,0,0.18535452195061652
rbf_svc,17,0,0.14311914786861815
rbf_svc,18,0,0.10092915365011865
rbf_svc,19,0,0.15280901357094162
rbf_svc,20,0,0.22682438671086097
rbf_svc,21,0,0.1245083492639275
rbf_svc,22,0,0.12410075133278714
rbf_svc,23,0,0.13389343231735595
rbf_svc,24,0,0.11468396466520013
rbf_svc,25,0,0.2062337811734027
rbf_svc,26,0,0.11585128997686593
rbf_svc,27,0,0.1387465176865375
rbf_svc,28,0,0.13618880237185588
rbf_svc,29,0,0.9335957095734455
rbf_svc,30,0,0.2856949949388803
rbf_svc,31,1,0.8370651853733474
rbf_svc,32,1,0.10751374284275352
rbf_svc,33,0,0.21547348239395928
rbf_svc,34,0,0.158208944166134
rbf_svc,35,0,0.13886132768611603
rbf_svc,36,0,0.12614819799234891
rbf_svc,37,0,0.27541393908630335
rbf_svc,38,0,0.19800222856422448
rbf_svc,39,1,0.22075111514333226
rbf_svc,40,0,0.14920545354924164
rbf_svc,41,1,0.8929714422966054
rbf_svc,42,1,0.18341941673911927
rbf_svc,43,0,0.15536484454139743
rbf_svc,44,1,0.14530020717310765
rbf_svc,45,0,0.1500236834095746
rbf_svc,46,0,0.24649046716424522
rbf_svc,47,1,0.14806694359830697
rbf_svc,48,0,0.15436202621958725
rbf_svc,49,0,0.4005331886661859
rbf_svc,50,1,0.4747267819926942
rbf_svc,51,1,0.167977338578243
rbf_svc,52,0,0.18348552493828227
rbf_svc,53,1,0.7958013830746925
rbf_svc,54,1,0.6073553857594782
rbf_svc,55,1,0.8166633129922313
rbf_svc,56,1,0.9218347261170228
rbf_svc,57,0,0.1923563969240782
rbf_svc,58,0,0.12337604220282468
rbf_svc,59,0,0.13645927431951513
rbf_svc,60,1,0.85218931327925
rbf_svc,61,1,0.12459449774254525
rbf_svc,62,0,0.11224472543865104
rbf_svc,63,0,0.11524757257688918
rbf_svc,64,1,0.8957118654425911
rbf_svc,65,1,0.23689419346721263
rbf_svc,66,0,0.1339936050269354
rbf_svc,67,1,0.8560640847668821
rbf_svc,68,0,0.12258148515153502
rbf_svc,69,0,0.2395704858111288
rbf_svc,70,1,0.17165290066988464
rbf_svc,71,1,0.9492458377821604
rbf_svc,72,0,0.1382165017901199
rbf_svc,73,0,0.3045721120003681
rbf_svc,74,0,0.13212639974227916
rbf_svc,75,1,0.8723373456093965
rbf_svc,76,0,0.10722977441568372
rbf_svc,77,1,0.16408960255389557
rbf_svc,78,0,0.5222598393129844
rbf_svc,79,0,0.3020030882817053
rbf_svc,80,0,0.17563105915088142
rbf_svc,81,0,0.18408363666357833
rbf_svc,82,1,0.884879883653237
rbf_svc,83,0,0.33308298185912766
rbf_svc,84,1,0.5414564001169976
rbf_svc,85,0,0.2557781177936867
rbf_svc,86,1,0.7548386359063926
rbf_svc,87,1,0.950935150859468
rbf_svc,88,1,0.7906265174121384
rbf_svc,89,0,0.1330193874420827
rbf_svc,90,0,0.2995507463167191
rbf_svc,91,0,0.4853018372301956
rbf_svc,92,0,0.1319773355737781
rbf_svc,93,0,0.12719296769273558
rbf_svc,94,0,0.4386802307258724
rbf_svc,95,0,0.2836329318773636
rbf_svc,96,1,0.6462494494898143
rbf_svc,97,0,0.21887982442841974
rbf_svc,98,1,0.5655609824181489
rbf_svc,99,0,0.08503554384286867
rbf_svc,100,1,0.805664528485625
rbf_svc,101,0,0.1951195509463146
rbf_svc,102,0,0.627719131634063
rbf_svc,103,1,0.46809590138802326
rbf_svc,104,0,0.44933516740554746
rbf_svc,105,1,0.8337252062926157
rbf_svc,106,0,0.11654001379303387
rbf_svc,107,0,0.1514160148293612
rbf_svc,108,1,0.24581170721845855
rbf_svc,109,0,0.21304189037335844
rbf_svc,110,1,0.697858149123054
rbf_svc,111,1,0.871098660348779
rbf_svc,112,0,0.24616741206244155
rbf_svc,113,1,0.9390588021932038
rbf_svc,114,0,0.14949229686007953
rbf_svc,115,1,0.8484401799965329
rbf_svc,116,1,0.5524311766311788
rbf_svc,117,1,0.6678154575497046
rbf_svc,118,0,0.7604353553945497
rbf_svc,119,0,0.4208899025367433
rbf_svc,120,1,0.9195073894438884
rbf_svc,121,0,0.11845878495668917
rbf_svc,122,1,0.735983010631721
rbf_svc,123,0,0.12610224040994178
rbf_svc,124,0,0.23069080337070347
rbf_svc,125,1,0.8172041020522659
rbf_svc,126,1,0.8000214233781818
rbf_svc,127,0,0.26948634640069147
rbf_svc,128,1,0.24494864727054028
rbf_svc,129,1,0.9598173315747908
rbf_svc,130,1,0.8484988852921876
rbf_svc,131,0,0.1551197291552787
rbf_svc,132,1,0.8582057535605515
rbf_svc,133,1,0.764657706456275
rbf_svc,134,0,0.14110010273018508
rbf_svc,135,1,0.929278278989674
rbf_svc,136,0,0.17226449819208703
rbf_svc,137,1,0.8702687512831221
rbf_svc,138,0,0.08446070794469458
rbf_svc,139,0,0.5580652351105615
rbf_svc,140,1,0.12506038972274647
rbf_svc,141,1,0.8827667644058524
rbf_svc,142,1,0.8968978487471525
rbf_svc,143,1,0.818700439475456
rbf_svc,144,0,0.16558408460865398
rbf_svc,145,0,0.1754666229948455
rbf_svc,146,1,0.1816795823061899
rbf_svc,147,0,0.24408797875293542
rbf_svc,148,0,0.14555557976545944
rbf_svc,149,0,0.08433263885855943
rbf_svc,150,0,0.23298557815008597
rbf_svc,151,1,0.8704224780042237
rbf_svc,152,0,0.18997603369365224
rbf_svc,153,1,0.551320507861533
rbf_svc,154,0,0.131783808199071
rbf_svc,155,1,0.939257946298099
rbf_svc,156,1,0.15351075861784794
rbf_svc,157,1,0.7860803626342981
rbf_svc,158,0,0.1576338939088658
rbf_svc,159,0,0.1281589174213543
rbf_svc,160,1,0.8615227265730679
rbf_svc,161,1,0.15288507491232398
rbf_svc,162,1,0.17372197817909468
rbf_svc,163,0,0.14906112753705394
rbf_svc,164,0,0.0756641494925121
rbf_svc,165,0,0.22707866153828743
rbf_svc,166,1,0.16163567973497694
rbf_svc,167,0,0.22658788018121628
rbf_svc,168,1,0.8926437557973542
rbf_svc,169,0,0.2780502062766811
rbf_svc,170,1,0.839639664959785
rbf_svc,171,0,0.5
rbf_svc,172,0,0.30309323869121996
rbf_svc,173,1,0.15800156016042785
rbf_svc,174,0,0.11821901880943798
rbf_svc,175,0,0.31570893647397713
rbf_svc,176,1,0.33784292317458464
rbf_svc,177,0,0.15480223208942304
rbf_svc,178,1,0.9521508170783989
rbf_svc,179,0,0.26946160955482235
rbf_svc,180,0,0.16646624317175096
rbf_svc,181,0,0.20540832019661606
rbf_svc,182,1,0.19717002449090495
rbf_svc,183,1,0.7238518824745227
rbf_svc,184,0,0.1789337497028935
rbf_svc,185,1,0.9144919142322268
rbf_svc,186,0,0.1417567414130298
rbf_svc,187,1,0.14115588084204234
rbf_svc,188,0,0.21177918364690038
rbf_svc,189,0,0.17259176879057564
rbf_svc,190,1,0.13785737189346853
rbf_svc,191,1,0.8707775276561532
rbf_svc,192,1,0.8273131793546442
rbf_svc,193,1,0.2150895240061473
rbf_svc,194,0,0.1910893596724049
rbf_svc,195,0,0.10076598984885421
rbf_svc,196,1,0.16800240332282754
rbf_svc,197,1,0.7709019813340141
rbf_svc,198,1,0.8485977593251424
rbf_svc,199,1,0.9071866475784837
rbf_svc,200,0,0.10182028659347096
rbf_svc,201,0,0.10303553235958629
rbf_svc,202,0,0.08347912550225711
rbf_svc,203,0,0.2278792432510664
rbf_svc,204,1,0.7188780270291881
rbf_svc,205,1,0.7211773031832057
rbf_svc,206,0,0.23233452507103122
rbf_svc,207,0,0.21560199321858875
rbf_svc,208,0,0.12433347885699479
rbf_svc,209,1,0.5640490016746214
rbf_svc,210,0,0.15728038533915148
rbf_svc,211,1,0.14051651140785681
rbf_svc,212,1,0.22930584741100837
rbf_svc,213,0,0.12623711305974655
rbf_svc,214,1,0.10743438919724285
rbf_svc,215,1,0.15502554528546694
rbf_svc,216,0,0.1521255793389813
rbf_svc,217,0,0.11306057750320553
rbf_svc,218,1,0.3642596400750454
rbf_svc,219,0,0.08232557102082179
rbf_svc,220,0,0.3323584983313457
rbf_svc,221,1,0.1964147377959968
rbf_svc,222,0,0.19482700895263777
rbf_svc,223,1,0.915658008706316
rbf_svc,224,0,0.13212839226472892
rbf_svc,225,0,0.2112999684163745
rbf_svc,226,0,0.12518481780784257
rbf_svc,227,0,0.1959806824262243
rbf_svc,228,1,0.7180909788378397
rbf_svc,229,0,0.15908670241491726
rbf_svc,230,1,0.2518295209873224
rbf_svc,231,1,0.1697719449094489
rbf_svc,232,1,0.9351283725407842
rbf_svc,233,0,0.1550821643509118
rbf_svc,234,0,0.15494351171347479
rbf_svc,235,0,0.25202082611958904
rbf_svc,236,1,0.828072801379187
rbf_svc,237,0,0.16705208658684476
rbf_svc,238,1,0.7809680293175578
rbf_svc,239,0,0.359255336715099
rbf_svc,240,0,0.15159201368344266
rbf_svc,241,1,0.3549462358630311
rbf_svc,242,1,0.8465095573836525
rbf_svc,243,1,0.4674014827168193
rbf_svc,244,0,0.9133641181727533
rbf_svc,245,1,0.16296455478874233
rbf_svc,246,1,0.808881961970349
rbf_svc,247,0,0.11776434571600893
rbf_svc,248,1,0.09400284171395444
rbf_svc,249,0,0.19615970257281942
rbf_svc,250,1,0.27948608322722635
rbf_svc,251,1,0.08420728194874871
rbf_svc,252,1,0.3223605931306931
rbf_svc,253,0,0.18805221821657053
rbf_svc,254,0,0.11152687783667654
rbf_svc,255,1,0.7848473961071318
rbf_svc,256,0,0.2007670400109533
rbf_svc,257,0,0.17148041010244758
rbf_svc,258,0,0.1445811904680128
rbf_svc,259,0,0.09773675990888912
rbf_svc,260,1,0.21675036305908235
rbf_svc,261,0,0.13468529420081155
rbf_svc,262,1,0.21604741588566623
rbf_svc,263,1,0.2792943236646561
rbf_svc,264,0,0.20795060021908068
rbf_svc,265,0,0.2437844737016071
rbf_svc,266,0,0.06710635523462674
rbf_svc,267,1,0.794630761154869
rbf_svc,268,0,0.1574194956838551
rbf_svc,269,0,0.20065602142505984
rbf_svc,270,0,0.16423545578788726
rbf_svc,271,0,0.26686145621169816
rbf_svc,272,0,0.13540661069343224
rbf_svc,273,1,0.17166346721052916
rbf_svc,274,0,0.11187195328027817
rbf_svc,275,1,0.3015807697310603
rbf_svc,276,1,0.32117328952927415
rbf_svc,277,0,0.12029919591891874
rbf_svc,278,0,0.18445480208674975
rbf_svc,279,1,0.5268284693235707
rbf_svc,280,0,0.12055248561474528
rbf_svc,281,0,0.2170776431688376
rbf_svc,282,0,0.12048824984339712
rbf_svc,283,1,0.4261412477858691
rbf_svc,284,0,0.21222608465116538
rbf_svc,285,0,0.17250393502865713
rbf_svc,286,0,0.17895947186848835
rbf_svc,287,0,0.08439819917825249
rbf_svc,288,0,0.17294499157500284
rbf_svc,289,1,0.7317580289042616
rbf_svc,290,1,0.3507700108850342
rbf_svc,291,0,0.12043219322371897
rbf_svc,292,0,0.12716750026100757
rbf_svc,293,1,0.18087301044735066
rbf_svc,294,0,0.1991011396709782
rbf_svc,295,1,0.13587702651108413
rbf_svc,296,0,0.12025124378211745
rbf_svc,297,0,0.1670422307174114
rbf_svc,298,0,0.13068040429798805
rbf_svc,299,1,0.8029863983336322
rbf_svc,300,0,0.11382918509636512
rbf_svc,301,0,0.19443946469099754
rbf_svc,302,0,0.1987141887405943
rbf_svc,303,0,0.16487265521477074
rbf_svc,304,0,0.7884913321928966
rbf_svc,305,0,0.18366730227493921
rbf_svc,306,1,0.3201878948962358
rbf_svc,307,0,0.17432203496759757
rbf_svc,308,1,0.47726115807062347
rbf_svc,309,1,0.8819654741115047
rbf_svc,310,0,0.10045009078981723
rbf_svc,311,1,0.3926275801977607
rbf_svc,312,0,0.08626028552888185
rbf_svc,313,1,0.15955432475829348
rbf_svc,314,1,0.21846927333997238
rbf_svc,315,1,0.10473362357974661
rbf_svc,316,0,0.09827798840387686
rbf_svc,317,0,0.1420266979773007
rbf_svc,318,1,0.3725383355869264
rbf_svc,319,0,0.29024070901059146
rbf_svc,320,0,0.12000161660309629
rbf_svc,321,0,0.5360065775777538
rbf_svc,322,1,0.9114492873726568
rbf_svc,323,1,0.7477082466122122
rbf_svc,324,1,0.5227660843750067
rbf_svc,325,0,0.1730193477901958
rbf_svc,326,0,0.9259593661476814
rbf_svc,327,1,0.1996183283389249
rbf_svc,328,1,0.2737974471953968
rbf_svc,329,0,0.24048386131185512
rbf_svc,330,1,0.32171380568676
rbf_svc,331,1,0.41942690915444203
rbf_svc,332,0,0.1492356625507479
rbf_svc,333,0,0.2395382244767335
rbf_svc,334,0,0.14873832013820681
rbf_svc,335,0,0.23270850753180844
rbf_svc,336,0,0.11603922144962887
rbf_svc,337,0,0.10719119705028633
rbf_svc,338,0,0.22138766470846907
rbf_svc,339,0,0.13591646992164408
rbf_svc,340,0,0.2559873654358848
rbf_svc,341,0,0.3121208682423789
rbf_svc,342,1,0.22534491512528768
rbf_svc,343,0,0.12455738795108288
rbf_svc,344,0,0.39944822033249316
rbf_svc,345,0,0.2584043577920296
rbf_svc,346,0,0.17716596584329297
rbf_svc,347,1,0.14734703962945753
rbf_svc,348,0,0.2576740154811146
rbf_svc,349,0,0.09814926919998708
rbf_svc,350,0,0.19776991034221145
rbf_svc,351,0,0.2881730567853329
rbf_svc,352,0,0.26122038430085975
rbf_svc,353,0,0.19152483231028194
rbf_svc,354,0,0.10005975347848832
rbf_svc,355,1,0.6087114402597712
rbf_svc,356,1,0.423578375575528
rbf_svc,357,0,0.10089526544519277
rbf_svc,358,0,0.20727946331306626
rbf_svc,359,0,0.19418997837694707
rbf_svc,360,0,0.09950314910118782
rbf_svc,361,0,0.2015355319370059
rbf_svc,362,1,0.3789567825115381
rbf_svc,363,0,0.2644915393943895
rbf_svc,364,0,0.2094694054952022
rbf_svc,365,0,0.1789722554460285
rbf_svc,366,0,0.15133639713618477
rbf_svc,367,0,0.22972914243492645
rbf_svc,368,1,0.7890274776726126
rbf_svc,369,1,0.21137800153208897
rbf_svc,370,0,0.1370689292918236
rbf_svc,371,0,0.21118249193505464
rbf_svc,372,0,0.21799298589005617
rbf_svc,373,0,0.16137446799305516
rbf_svc,374,0,0.09334527506908714
rbf_svc,375,0,0.16333095356358046
rbf_svc,376,1,0.13615684547890197
rbf_svc,377,0,0.16774669386861818
rbf_svc,378,0,0.2579772677420771
rbf_svc,379,0,0.2889591094452382
rbf_svc,380,0,0.17724264562863212
rbf_svc,381,0,0.18409299654927516
rbf_svc,382,0,0.125004446903624
rbf_svc,383,1,0.13554343398084642
rbf_svc,384,0,0.14140191066731284
rbf_svc,385,1,0.12255904262047886
rbf_svc,386,1,0.16808405069105464
rbf_svc,387,0,0.17579768594377893
rbf_svc,388,0,0.09780634699851087
rbf_svc,389,0,0.17774078481068734
rbf_svc,390,0,0.1808590523768111
rbf_svc,391,0,0.16104380958286033
rbf_svc,392,0,0.1572832362064587
rbf_svc,393,1,0.8000112080994743
rbf_svc,394,0,0.3995417441071084
rbf_svc,395,0,0.3680134297198913
rbf_svc,396,0,0.23439003700677782
rbf_svc,397,0,0.1500908521067549
rbf_svc,398,0,0.3001792889550005
rbf_svc,399,1,0.13653527323304693
rbf_svc,400,0,0.40064054727415316
rbf_svc,401,0,0.227030327436865
rbf_svc,402,1,0.30227866238366846
rbf_svc,403,1,0.16766371661278204
rbf_svc,404,0,0.24151980126275785
rbf_svc,405,0,0.2975525869927519
rbf_svc,406,0,0.24962512748075852
rbf_svc,407,0,0.11069232434600576
rbf_svc,408,0,0.21093651638143554
rbf_svc,409,1,0.11003991104157738
rbf_svc,410,1,0.3231276090434453
rbf_svc,411,0,0.061324024754567545
rbf_svc,412,0,0.14912065638220642
rbf_svc,413,0,0.23933115922531992
rbf_svc,414,0,0.187843603264603
rbf_svc,415,1,0.8980047890985023
rbf_svc,416,0,0.6451156078325007
rbf_svc,417,0,0.6527306710470528
rbf_svc,418,0,0.11925702898055919
rbf_svc,419,1,0.8653587758321145
rbf_svc,420,0,0.297253782788355
rbf_svc,421,0,0.510485040680545
rbf_svc,422,1,0.16807313780742103
rbf_svc,423,0,0.09302191080181323
rbf_svc,424,0,0.14029016000240976
rbf_svc,425,0,0.21385693304399797
rbf_svc,426,0,0.12247883828183635
rbf_svc,427,0,0.14110465804119032
rbf_svc,428,0,0.16360839588508977
rbf_svc,429,0,0.2596037181625005
rbf_svc,430,0,0.1386587149794354
rbf_svc,431,1,0.713799370638245
rbf_svc,432,0,0.24674695262611654
rbf_svc,433,0,0.12895388969993615
rbf_svc,434,0,0.1116053580556017
rbf_svc,435,1,0.16944486139852372
rbf_svc,436,0,0.26065708079281474
rbf_svc,437,0,0.17473327582901632
rbf_svc,438,0,0.1442989685916195
rbf_svc,439,0,0.1742253519933199
rbf_svc,440,0,0.13490547438904632
rbf_svc,441,0,0.10942997428418078
rbf_svc,442,0,0.21235214968768298
rbf_svc,443,0,0.18217693173109067
rbf_svc,444,0,0.14293069338672762
rbf_svc,445,1,0.43592928895409905
rbf_svc,446,0,0.2986480419897849
rbf_svc,447,0,0.11554536310940518
rbf_svc,448,0,0.16296022162678944
rbf_svc,449,0,0.17298964596613564
rbf_svc,450,0,0.08996233899810539
rbf_svc,451,1,0.874401013475768
rbf_svc,452,1,0.22210271976554297
rbf_svc,453,1,0.3466415011306465
rbf_svc,454,1,0.13265595829224264
rbf_svc,455,0,0.43807234052804267
rbf_svc,456,0,0.096055924651649
rbf_svc,457,0,0.15297498980475208
rbf_svc,458,0,0.2771283333544222
rbf_svc,459,0,0.1989386196292459
rbf_svc,460,1,0.1516314854491389
rbf_svc,461,0,0.11980255711838805
rbf_svc,462,0,0.26735823050700386
rbf_svc,463,0,0.24467060794221607
rbf_svc,464,0,0.15679814282321214
rbf_svc,465,0,0.10090599557732301
rbf_svc,466,0,0.22189013160304868
rbf_svc,467,0,0.10155075230224511
rbf_svc,468,0,0.1970586481740671
rbf_svc,469,0,0.1805452635938023
rbf_svc,470,0,0.2909383473596285
rbf_svc,471,1,0.30034051211282636
rbf_svc,472,0,0.09493343309731153
rbf_svc,473,0,0.17889003235595266
rbf_svc,474,0,0.1327770763966025
rbf_svc,475,1,0.4132091344617989
rbf_svc,476,0,0.12343512799289086
rbf_svc,477,0,0.22259139102254574
rbf_svc,478,0,0.3102104272689219
rbf_svc,479,1,0.2320784218591743
rbf_svc,480,0,0.12254617749945583
rbf_svc,481,0,0.43757247456488974
rbf_svc,482,0,0.333677150609584
rbf_svc,483,0,0.16782925325677608
rbf_svc,484,0,0.17712081798087537
rbf_svc,485,0,0.19078673885538855
rbf_svc,486,0,0.18925637892188807
rbf_svc,487,0,0.12050924821378649
rbf_svc,488,0,0.25075750593838453
rbf_svc,489,0,0.4043857608311316
rbf_svc,490,0,0.1642866759182398
rbf_svc,491,1,0.17187338661993806
rbf_svc,492,0,0.114429386075563
rbf_svc,493,0,0.15325400185868687
rbf_svc,494,0,0.1484658163948783
rbf_svc,495,0,0.2529002605590509
rbf_svc,496,0,0.12600591146569828
rbf_svc,497,0,0.1516582021792243
rbf_svc,498,1,0.08744909394014949
rbf_svc,499,0,0.09010204101615235
rbf_svc,500,0,0.21826949544166827
rbf_svc,501,0,0.29172949396586545
rbf_svc,502,1,0.2940954709097477
rbf_svc,503,0,0.21251576268453262
rbf_svc,504,0,0.13207366271070659
rbf_svc,505,0,0.21306609182785452
rbf_svc,506,0,0.7492064815761642
rbf_svc,507,0,0.19305129642626037
rbf_svc,508,1,0.16150997282892374
rbf_svc,509,0,0.2870322255647399
rbf_svc,510,0,0.12147927057263663
rbf_svc,511,1,0.3371032740948426
rbf_svc,512,0,0.40375368669948325
rbf_svc,513,0,0.6081007841550937
rbf_svc,514,0,0.1754727478199927
rbf_svc,515,1,0.1089870378886921
rbf_svc,516,0,0.1631257453123448
rbf_svc,517,0,0.19136870299907333
rbf_svc,518,1,0.3047569322537905
rbf_svc,519,1,0.8161375173569094
rbf_svc,520,0,0.5230713816621385
rbf_svc,521,0,0.14184717356506102
rbf_svc,522,0,0.433039283389514
rbf_svc,523,0,0.2541351584686732
rbf_svc,524,1,0.1520343956697737
rbf_svc,525,0,0.39857089847206706
rbf_svc,526,0,0.2146701822392829
rbf_svc,527,1,0.1021739986215999
rbf_svc,528,1,0.4611895679844489
rbf_svc,529,0,0.12281382562546236
rbf_svc,530,0,0.17359272156382824
rbf_svc,531,0,0.0727746452393784
rbf_svc,532,0,0.25343503831766057
rbf_svc,533,0,0.14805602020961942
rbf_svc,534,0,0.21808528399637825
rbf_svc,535,0,0.3515315161802583
rbf_svc,536,0,0.1799650084557018
rbf_svc,537,0,0.07986221875777476
rbf_svc,538,0,0.1849213979244318
rbf_svc,539,0,0.22297180012431425
rbf_svc,540,0,0.3134660381487682
rbf_svc,541,0,0.13897977494702848
rbf_svc,542,0,0.12543925367980244
rbf_svc,543,1,0.0888193693829908
rbf_svc,544,0,0.919735404895168
rbf_svc,545,0,0.3502326637868116
rbf_svc,546,0,0.34043546148029774
rbf_svc,547,1,0.5413446797753901
rbf_svc,548,0,0.8564638427434612
rbf_svc,549,0,0.13695859532870577
rbf_svc,550,0,0.08676119199124722
rbf_svc,551,0,0.4949120158773129
rbf_svc,552,0,0.2306107027461229
rbf_svc,553,0,0.42517507821774325
rbf_svc,554,1,0.16469933214255467
rbf_svc,555,1,0.2195241668583923
rbf_svc,556,1,0.44034746106390066
rbf_svc,557,0,0.09300279750896646
rbf_svc,558,1,0.07621957313687905
rbf_svc,559,0,0.22224012213676006
rbf_svc,560,1,0.6677292932513261
rbf_svc,561,0,0.16307981188527956
rbf_svc,562,0,0.39577344959560296
rbf_svc,563,0,0.5941671961172688
rbf_svc,564,0,0.19316128339807373
rbf_svc,565,0,0.17561228397555614
rbf_svc,566,0,0.13200968518291128
rbf_svc,567,0,0.22282779402954894
rbf_svc,568,1,0.2690863544907494
rbf_svc,569,0,0.29940191582193876
rbf_svc,570,0,0.2123878110192549
rbf_svc,571,0,0.10736736228221751
rbf_svc,572,0,0.4424458708770183
rbf_svc,573,0,0.2795034106436105
rbf_svc,574,0,0.19978707924463507
rbf_svc,575,0,0.35950081529502687
rbf_svc,576,0,0.10874013434316221
rbf_svc,577,1,0.14409304371030784
rbf_svc,578,0,0.3750802589072526
rbf_svc,579,0,0.18210727383457243
rbf_svc,580,0,0.3769879383147648
rbf_svc,581,0,0.08707138715378443
rbf_svc,582,0,0.12562304097847168
rbf_svc,583,1,0.16251138763423165
rbf_svc,584,0,0.19488884615114424
rbf_svc,585,0,0.15913519204000806
rbf_svc,586,0,0.18475930964505227
rbf_svc,587,0,0.13193724849135435
rbf_svc,588,0,0.14251976601503344
rbf_svc,589,0,0.1682131975062084
rbf_svc,590,0,0.14130249320088328
rbf_svc,591,0,0.16863710727261938
rbf_svc,592,0,0.1858870307943234
rbf_svc,593,0,0.16217204545674968
rbf_svc,594,0,0.1704703550605794
rbf_svc,595,0,0.17539309324409916
rbf_svc,596,0,0.374570414741062
rbf_svc,597,0,0.21965834623336936
rbf_svc,598,1,0.6282861561920416
rbf_svc,599,0,0.14822503981000207
rbf_svc,600,0,0.13845314188680807
rbf_svc,601,0,0.5302500524552716
rbf_svc,602,0,0.7148838882533766
rbf_svc,603,0,0.15583841395739972
rbf_svc,604,0,0.24698408901017996
rbf_svc,605,0,0.1155583274995302
rbf_svc,606,0,0.2621395647693485
rbf_svc,607,1,0.7290899528512399
rbf_svc,608,0,0.3084953296587574
rbf_svc,609,0,0.20345789883643575
rbf_svc,610,0,0.16701768008802115
rbf_svc,611,1,0.11190549722501845
rbf_svc,612,0,0.17828196531447799
rbf_svc,613,0,0.09936694632170948
rbf_svc,614,0,0.18731405152419753
rbf_svc,615,0,0.13665565840465607
rbf_svc,616,0,0.4236029971872629
rbf_svc,617,0,0.1370456867755825
rbf_svc,618,1,0.8326815781222292
rbf_svc,619,0,0.27741016803492363
rbf_svc,620,1,0.24829051893400084
rbf_svc,621,0,0.11448008262451691
rbf_svc,622,1,0.6611724699726452
rbf_svc,623,0,0.21477205207049244
rbf_svc,624,0,0.12918298033933784
rbf_svc,625,0,0.17300026441378366
rbf_svc,626,0,0.19547826141711436
rbf_svc,627,1,0.5815435606106282
rbf_svc,628,1,0.84049300362855
rbf_svc,629,1,0.13676784905840023
rbf_svc,630,1,0.17769454599086318
rbf_svc,631,0,0.1519607066068526
rbf_svc,632,0,0.1648763396103223
rbf_svc,633,0,0.37802726258255304
rbf_svc,634,0,0.20025027690033728
rbf_svc,635,0,0.27461634041236116
rbf_svc,636,0,0.2156341265585518
rbf_svc,637,1,0.2491966815668069
rbf_svc,638,0,0.22786351629762347
rbf_svc,639,1,0.8750293320147602
rbf_svc,640,0,0.12460656038061901
rbf_svc,641,0,0.34393781612557445
rbf_svc,642,0,0.13453921598988283
rbf_svc,643,0,0.16186242298402104
rbf_svc,644,0,0.19329427210678543
rbf_svc,645,1,0.4654420995714235
rbf_svc,646,0,0.11548067348416018
rbf_svc,647,1,0.39478040255260904
rbf_svc,648,0,0.14301614973959104
rbf_svc,649,0,0.1582766565843586
rbf_svc,650,1,0.29678937412455225
rbf_svc,651,0,0.2361234817057125
rbf_svc,652,0,0.40199315812256337
rbf_svc,653,0,0.4467234331988276
rbf_svc,654,1,0.646839227540341
rbf_svc,655,0,0.7334175231668315
rbf_svc,656,0,0.15899549209186442
rbf_svc,657,0,0.16891548945533458
rbf_svc,658,0,0.16412822266509985
rbf_svc,659,0,0.27128875250228274
rbf_svc,660,0,0.15989134739747263
rbf_svc,661,0,0.058172295917890436
rbf_svc,662,0,0.22241875390790206
rbf_svc,663,1,0.7311481241483268
rbf_svc,664,0,0.30476746146218076
rbf_svc,665,0,0.19793073507796405
rbf_svc,666,1,0.8447218819306822
rbf_svc,667,0,0.14172024665867256
rbf_svc,668,0,0.12078648155075788
rbf_svc,669,0,0.3062333291774759
rbf_svc,670,0,0.1537046803653502
rbf_svc,671,0,0.09483492409520154
rbf_svc,672,0,0.11114689457461673
rbf_svc,673,0,0.10186436712047621
rbf_svc,674,0,0.14928468368586706
rbf_svc,675,0,0.17095823982185027
rbf_svc,676,1,0.2030007766208452
rbf_svc,677,1,0.12796524295526898
rbf_svc,678,0,0.14376194447426607
rbf_svc,679,1,0.14091894514570388
rbf_svc,680,0,0.31754564345377967
rbf_svc,681,0,0.13732979270383613
rbf_svc,682,0,0.22091561441276242
rbf_svc,683,0,0.2411324925947711
rbf_svc,684,0,0.39541981196775633
rbf_svc,685,0,0.07202871520005726
rbf_svc,686,0,0.2779133070875176
rbf_svc,687,0,0.2379257746108987
rbf_svc,688,0,0.26784663465043645
rbf_svc,689,0,0.12404956495000327
rbf_svc,690,0,0.27983902249224185
rbf_svc,691,0,0.1694128931458319
rbf_svc,692,0,0.13901145241669283
rbf_svc,693,0,0.3432309328939265
rbf_svc,694,0,0.5658348829281624
rbf_svc,695,1,0.6871700216751273
rbf_svc,696,1,0.18556985492141947
rbf_svc,697,1,0.11502171649946182
rbf_svc,698,0,0.0851001641462114
rbf_svc,699,0,0.2483603257103831
rbf_svc,700,0,0.4290747661318903
rbf_svc,701,1,0.39076646141948834
rbf_svc,702,1,0.1572409362701681
rbf_svc,703,1,0.09353642519078603
rbf_svc,704,1,0.30446589080598313
rbf_svc,705,0,0.26524943415631247
rbf_svc,706,0,0.09466154311339518
rbf_svc,707,0,0.1904616788396019
rbf_svc,708,0,0.622272375206052
rbf_svc,709,0,0.2986646191851549
rbf_svc,710,0,0.23754487920481931
rbf_svc,711,0,0.1701429689803708
random_forest,0,0,0.3269381662009241
random_forest,1,0,0.06901307207459283
random_forest,2,1,0.9676626891268562
random_forest,3,0,0.005471597114418317
random_forest,4,0,0.19546110015071647
random_forest,5,1,0.91123723170769
random_forest,6,1,0.959740968316408
random_forest,7,1,0.8368299793915094
random_forest,8,1,0.9768722681946658
random_forest,9,0,0.2629279971323248
random_forest,10,0,0.2060717455383461
random_forest,11,0,0.2704076136401641
random_forest,12,0,0.5386171860720889
random_forest,13,0,0.26427055842173547
random_forest,14,1,0.42711248547532366
random_forest,15,0,0.3747886962709486
random_forest,16,0,0.44601464493545356
random_forest,17,0,0.1081349740707788
random_forest,18,0,0.16206203202328384
random_forest,19,0,0.023809706192459115
random_forest,20,0,0.18539670801993027
random_forest,21,0,0.038820962434992425
random_forest,22,0,0.14181578280294085
random_forest,23,0,0.035273707019646224
random_forest,24,0,0.09157912426834938
random_forest,25,0,0.1408073649841145
random_forest,26,0,0.09000654044043477
random_forest,27,0,0.07261146295555149
random_forest,28,0,0.10005263422404677
random_forest,29,0,1.0
random_forest,30,0,0.1798567284813244
random_forest,31,1,0.9674618054312826
random_forest,32,1,0.39710160524916027
random_forest,33,0,0.12097718593737615
random_forest,34,0,0.18225009804896147
random_forest,35,0,0.05482703386514556
random_forest,36,0,0.025443604819024954
random_forest,37,0,0.12352443917801326
random_forest,38,0,0.4846010117829401
random_forest,39,1,0.423422191083529
random_forest,40,0,0.08992221808097467
random_forest,41,1,0.9937031823395684
random_forest,42,1,0.466046922840394
random_forest,43,0,0.10734014729171092
random_forest,44,1,0.16041926008783122
random_forest,45,0,0.0338916708376154
random_forest,46,0,0.16152521770380532
random_forest,47,1,0.4049490297767851
random_forest,48,0,0.2309915037228293
random_forest,49,0,0.6722116002957382
random_forest,50,1,0.8293028683933805
random_forest,51,1,0.31245447215381195
random_forest,52,0,0.40844878465187673
random_forest,53,1,0.813132890994523
random_forest,54,1,0.8565314062867658
random_forest,55,1,0.9622509725254703
random_forest,56,1,0.9976347702818934
random_forest,57,0,0.23626990824040897
random_forest,58,0,0.14705190969922435
random_forest,59,0,0.050420699438064716
random_forest,60,1,0.9889414006841908
random_forest,61,1,0.027703020210829616
random_forest,62,0,0.15274581455612757
random_forest,63,0,0.3436129545613944
random_forest,64,1,0.9539864086052978
random_forest,65,1,0.5162253915118752
random_forest,66,0,0.023432487592593528
random_forest,67,1,0.9643875665409662
random_forest,68,0,0.1365236908378954
random_forest,69,0,0.3656533067261836
random_forest,70,1,0.22649194831058295
random_forest,71,1,1.0
random_forest,72,0,0.16024859857900775
random_forest,73,0,0.22075425941663052
random_forest,74,0,0.1978349060247508
random_forest,75,1,0.982886162163828
random_forest,76,0,0.2549943953342092
random_forest,77,1,0.29120452223669263
random_forest,78,0,0.46042099274668163
random_forest,79,0,0.5050597291475972
random_forest,80,0,0.7129927930027403
random_forest,81,0,0.45129425843353194
random_forest,82,1,0.9601335740284892
random_forest,83,0,0.2890936990140927
random_forest,84,1,0.48500340011196597
random_forest,85,0,0.40942225582469544
random_forest,86,1,0.7465950436794792
random_forest,87,1,1.0
random_forest,88,1,0.9531699311075715
random_forest,89,0,0.3020521998081693
random_forest,90,0,0.20564886939215393
random_forest,91,0,0.7108615938841522
random_forest,92,0,0.3768848183219699
random_forest,93,0,0.12806002440916106
random_forest,94,0,0.17028421963342175
random_forest,95,0,0.28989622600091197
random_forest,96,1,0.472437480278821
random_forest,97,0,0.17500556710559884
random_forest,98,1,0.47660048192943066
random_forest,99,0,0.14521516233728174
random_forest,100,1,0.9428298045518226
random_forest,101,0,0.30872658319597274
random_forest,102,0,0.3509277511857078
random_forest,103,1,0.41105985600950096
random_forest,104,0,0.23079607632785393
random_forest,105,1,0.9731924153817723
random_forest,106,0,0.21088103010550757
random_forest,107,0,0.16118826320634014
random_forest,108,1,0.4232088574007376
random_forest,109,0,0.35980235389260445
random_forest,110,1,0.9485141981547789
random_forest,111,1,0.9611036394318453
random_forest,112,0,0.33157273851936886
random_forest,113,1,1.0
random_forest,114,0,0.1559321602569256
random_forest,115,1,0.9942394360143008
random_forest,116,1,0.551306732965465
random_forest,117,1,0.3742365300466546
random_forest,118,0,0.9519554851669745
random_forest,119,0,0.36463799855016465
random_forest,120,1,0.9947618239321961
random_forest,121,0,0.10191088863414846
random_forest,122,1,0.7825501911954381
random_forest,123,0,0.3411841014076643
random_forest,124,0,0.46148418837560795
random_forest,125,1,0.9684821738870736
random_forest,126,1,0.9273354676202596
random_forest,127,0,0.11515499728196664
random_forest,128,1,0.3785444526385553
random_forest,129,1,0.9993736951983297
random_forest,130,1,0.9879991992311907
random_forest,131,0,0.3277522941863768
random_forest,132,1,0.9897256786699005
random_forest,133,1,0.9008067172149511
random_forest,134,0,0.34997667480987144
random_forest,135,1,0.9990251021599533
random_forest,136,0,0.2299922805798018
random_forest,137,1,0.9817430679370388
random_forest,138,0,0.10469530683819203
random_forest,139,0,0.22939426330914425
random_forest,140,1,0.0626951561025243
random_forest,141,1,0.9756257633456706
random_forest,142,1,0.9481100774779931
random_forest,143,1,0.9546444762094253
random_forest,144,0,0.35168974484501164
random_forest,145,0,0.4466368351769508
random_forest,146,1,0.2578947535829376
random_forest,147,0,0.4207345487547798
random_forest,148,0,0.45793128954117485
random_forest,149,0,0.2820090868056827
random_forest,150,0,0.2601599175137125
random_forest,151,1,0.9184874964497639
random_forest,152,0,0.11260739228329827
random_forest,153,1,0.977200603635274
random_forest,154,0,0.4191434169142839
random_forest,155,1,0.9966666666666667
random_forest,156,1,0.5032001030394683
random_forest,157,1,0.6650396423216782
random_forest,158,0,0.11109939473712395
random_forest,159,0,0.03925246036543675
random_forest,160,1,0.9907335031116433
random_forest,161,1,0.4763465463252063
random_forest,162,1,0.3852790638363436
random_forest,163,0,0.09471259576729557
random_forest,164,0,0.11792864302701607
random_forest,165,0,0.35083532854511856
random_forest,166,1,0.47442418591822844
random_forest,167,0,0.17313144980396783
random_forest,168,1,0.9808373721581409
random_forest,169,0,0.2338261352733051
random_forest,170,1,0.9652958053407921
random_forest,171,0,0.24257911339618796
random_forest,172,0,0.3553264022237805
random_forest,173,1,0.35336807363477574
random_forest,174,0,0.3884085638571889
random_forest,175,0,0.35385003694610445
random_forest,176,1,0.3909370682615554
random_forest,177,0,0.151443679592602
random_forest,178,1,1.0
random_forest,179,0,0.2365840595202993
random_forest,180,0,0.3260160190421435
random_forest,181,0,0.23396333212902562
random_forest,182,1,0.20204143350833592
random_forest,183,1,0.7365937431496394
random_forest,184,0,0.2485729701892722
random_forest,185,1,0.9971078279422314
random_forest,186,0,0.3462102606292512
random_forest,187,1,0.38511404211794903
random_forest,188,0,0.468325639362917
random_forest,189,0,0.1160153119888892
random_forest,190,1,0.1764410997908116
random_forest,191,1,0.9809500514550903
random_forest,192,1,0.9022307988625886
random_forest,193,1,0.1787083193362741
random_forest,194,0,0.4220339545272722
random_forest,195,0,0.18266277389994043
random_forest,196,1,0.5347597977408515
random_forest,197,1,0.8928138273105373
random_forest,198,1,0.9709744357019239
random_forest,199,1,0.9933333333333333
random_forest,200,0,0.06352007437298081
random_forest,201,0,0.18824651327080572
random_forest,202,0,0.10686993172068714
random_forest,203,0,0.28327012562003867
random_forest,204,1,0.8379562900465748
random_forest,205,1,0.7887349953011976
random_forest,206,0,0.5487483040036895
random_forest,207,0,0.6686137680774251
random_forest,208,0,0.24198426933745462
random_forest,209,1,0.7263837929486175
random_forest,210,0,0.3145825889089559
random_forest,211,1,0.44748829036808746
random_forest,212,1,0.28299323057559556
random_forest,213,0,0.15154162402584131
random_forest,214,1,0.17420214248256735
random_forest,215,1,0.4081123329657196
random_forest,216,0,0.19344995594744338
random_forest,217,0,0.2541554535625715
random_forest,218,1,0.3148821387345301
random_forest,219,0,0.1356441984594244
random_forest,220,0,0.3320432884691371
random_forest,221,1,0.09675435239113742
random_forest,222,0,0.35593970961080523
random_forest,223,1,0.9947618239321961
random_forest,224,0,0.19639589496427243
random_forest,225,0,0.11980681139297611
random_forest,226,0,0.3149556741340083
random_forest,227,0,0.3464500010855487
random_forest,228,1,0.963380420347141
random_forest,229,0,0.18305206612959954
random_forest,230,1,0.5387409652968791
random_forest,231,1,0.5800218261783298
random_forest,232,1,0.9966666666666667
random_forest,233,0,0.229897312916615
random_forest,234,0,0.1627977667963835
random_forest,235,0,0.30660223102095024
random_forest,236,1,0.9426892109536289
random_forest,237,0,0.35451665886606015
random_forest,238,1,0.9661868285207239
random_forest,239,0,0.6131165483073214
random_forest,240,0,0.0970311549041129
random_forest,241,1,0.1924768899267275
random_forest,242,1,0.98249137251926
random_forest,243,1,0.2891491807625004
random_forest,244,0,0.9696872754670308
random_forest,245,1,0.3993179071845975
random_forest,246,1,0.9595845146123004
random_forest,247,0,0.1304526800248222
random_forest,248,1,0.125740784159876
random_forest,249,0,0.08761908762275462
random_forest,250,1,0.3466793919281502
random_forest,251,1,0.11938904373507045
random_forest,252,1,0.48512416463103836
random_forest,253,0,0.4092084125770158
random_forest,254,0,0.07862593863800453
random_forest,255,1,0.9231462190423764
random_forest,256,0,0.5661102247376608
random_forest,257,0,0.14270034242438606
random_forest,258,0,0.2641428030312859
random_forest,259,0,0.061003640694054395
random_forest,260,1,0.5240606853186278
random_forest,261,0,0.09370466601364134
random_forest,262,1,0.14455264658695127
random_forest,263,1,0.19251716412184414
random_forest,264,0,0.3082103332268177
random_forest,265,0,0.17464460612007093
random_forest,266,0,0.07067608964585761
random_forest,267,1,0.9655220278703576
random_forest,268,0,0.040173169554169406
random_forest,269,0,0.1353660967891315
random_forest,270,0,0.3528729073284746
random_forest,271,0,0.44976605169347994
random_forest,272,0,0.0453389569905822
random_forest,273,1,0.3467839689397501
random_forest,274,0,0.09286166724526677
random_forest,275,1,0.4187272417327926
random_forest,276,1,0.2535696256058995
random_forest,277,0,0.17607292601874333
random_forest,278,0,0.7049824036957852
random_forest,279,1,0.6268241220451795
random_forest,280,0,0.19104034177064178
random_forest,281,0,0.45090154891387185
random_forest,282,0,0.3185117660868928
random_forest,283,1,0.43793718713810675
random_forest,284,0,0.29319577356135873
random_forest,285,0,0.3039722443467078
random_forest,286,0,0.17220809658182992
random_forest,287,0,0.04365650518795146
random_forest,288,0,0.20443852765265372
random_forest,289,1,0.7439557722810325
random_forest,290,1,0.5686467750460189
random_forest,291,0,0.09631536185391103
random_forest,292,0,0.06962316807626082
random_forest,293,1,0.15309283135004123
random_forest,294,0,0.3010478722062217
random_forest,295,1,0.46591493707665677
random_forest,296,0,0.19598909476521695
random_forest,297,0,0.16532696048222661
random_forest,298,0,0.08013913659125657
random_forest,299,1,0.7880496463527393
random_forest,300,0,0.110597213906712
random_forest,301,0,0.20625737595490504
random_forest,302,0,0.20629559806922879
random_forest,303,0,0.1539547358939197
random_forest,304,0,0.783089122387202
random_forest,305,0,0.36739744136677815
random_forest,306,1,0.42683003298594474
random_forest,307,0,0.13249158355511517
random_forest,308,1,0.5067449431713639
random_forest,309,1,0.9917369658947375
random_forest,310,0,0.04642651075039003
random_forest,311,1,0.15709844009692558
random_forest,312,0,0.0337770139751393
random_forest,313,1,0.3200462456969086
random_forest,314,1,0.23701408826932144
random_forest,315,1,0.27051571958836024
random_forest,316,0,0.24595948836869322
random_forest,317,0,0.156481310197558
random_forest,318,1,0.500594224250877
random_forest,319,0,0.27346531299596344
random_forest,320,0,0.09879871757351015
random_forest,321,0,0.5153606741786659
random_forest,322,1,0.968452292156262
random_forest,323,1,0.9201414228627374
random_forest,324,1,0.9052467909290135
random_forest,325,0,0.08819526825466244
random_forest,326,0,0.9671903492626647
random_forest,327,1,0.22536759075301377
random_forest,328,1,0.3254639590801707
random_forest,329,0,0.18074989454586338
random_forest,330,1,0.5968524401213169
random_forest,331,1,0.6471943217311869
random_forest,332,0,0.2311301840206176
random_forest,333,0,0.2399074671777872
random_forest,334,0,0.21929965904341767
random_forest,335,0,0.1892136851131791
random_forest,336,0,0.23479736283010813
random_forest,337,0,0.007193079176485299
random_forest,338,0,0.5148869635113744
random_forest,339,0,0.2197684929976749
random_forest,340,0,0.3932297124209907
random_forest,341,0,0.26400116376387683
random_forest,342,1,0.33583808801502135
random_forest,343,0,0.18868757897677543
random_forest,344,0,0.49664309160659875
random_forest,345,0,0.6158356263233397
random_forest,346,0,0.2774413345159354
random_forest,347,1,0.12336309155737617
random_forest,348,0,0.24746489089108972
random_forest,349,0,0.30749310205988967
random_forest,350,0,0.4110059786626424
random_forest,351,0,0.07079168064453083
random_forest,352,0,0.5432422447487523
random_forest,353,0,0.13678708903249429
random_forest,354,0,0.08156453367875176
random_forest,355,1,0.9046743375654717
random_forest,356,1,0.34987030676828307
random_forest,357,0,0.11757895801863955
random_forest,358,0,0.06992789846007898
random_forest,359,0,0.2876166045727915
random_forest,360,0,0.06396716387570767
random_forest,361,0,0.10867924913927633
random_forest,362,1,0.5660681768466372
random_forest,363,0,0.45603053990368686
random_forest,364,0,0.23248582322124828
random_forest,365,0,0.3659220603370209
random_forest,366,0,0.2058110652335215
random_forest,367,0,0.09887450646358587
random_forest,368,1,0.9023805683933135
random_forest,369,1,0.3991267871882844
random_forest,370,0,0.2361544767791556
random_forest,371,0,0.3367055775764023
random_forest,372,0,0.24182810014451864
random_forest,373,0,0.3847762150115867
random_forest,374,0,0.057041053115580345
random_forest,375,0,0.23567166315082066
random_forest,376,1,0.24954820636702957
random_forest,377,0,0.2647886447920912
random_forest,378,0,0.15138399345907205
random_forest,379,0,0.3138067368673211
random_forest,380,0,0.14395031011281173
random_forest,381,0,0.3194699590581352
random_forest,382,0,0.08709775036378721
random_forest,383,1,0.11702856814661772
random_forest,384,0,0.16910431805713497
random_forest,385,1,0.2872239700580561
random_forest,386,1,0.23960594732972268
random_forest,387,0,0.31603457556984216
random_forest,388,0,0.3383178678438669
random_forest,389,0,0.17095726889882062
random_forest,390,0,0.23890509618056702
random_forest,391,0,0.16172930884791423
random_forest,392,0,0.3949356879707981
random_forest,393,1,0.8927317856962059
random_forest,394,0,0.453067309007976
random_forest,395,0,0.38010978706087095
random_forest,396,0,0.1894023212289646
random_forest,397,0,0.1842680154985211
random_forest,398,0,0.21498888941247696
random_forest,399,1,0.09037789579651921
random_forest,400,0,0.35465197557597045
random_forest,401,0,0.2841632031235989
random_forest,402,1,0.4104277085993838
random_forest,403,1,0.14307716493896946
random_forest,404,0,0.25809032924459896
random_forest,405,0,0.20631986635004124
random_forest,406,0,0.15166881073110375
random_forest,407,0,0.18438954987995093
random_forest,408,0,0.09436462277961487
random_forest,409,1,0.259055310670294
random_forest,410,1,0.14077574760378628
random_forest,411,0,0.07013651528635112
random_forest,412,0,0.14437995119640523
random_forest,413,0,0.06893157993161378
random_forest,414,0,0.2133298802254424
random_forest,415,1,0.9559988343633542
random_forest,416,0,0.7864363255611215
random_forest,417,0,0.5270100393330526
random_forest,418,0,0.14790493909955202
random_forest,419,1,0.7914442871199296
random_forest,420,0,0.20253821630760127
random_forest,421,0,0.3327099825718064
random_forest,422,1,0.28884811268281596
random_forest,423,0,0.027591946925994072
random_forest,424,0,0.12245706767032097
random_forest,425,0,0.356854585299188
random_forest,426,0,0.1854786350065618
random_forest,427,0,0.1226593678189032
random_forest,428,0,0.09078524041130831
random_forest,429,0,0.5935563054480518
random_forest,430,0,0.2750915223796228
random_forest,431,1,0.749091168488528
random_forest,432,0,0.33456437250269117
random_forest,433,0,0.2173460236252192
random_forest,434,0,0.1913446124368907
random_forest,435,1,0.38231040351058426
random_forest,436,0,0.32201317785451883
random_forest,437,0,0.286908283542833
random_forest,438,0,0.40455236423402124
random_forest,439,0,0.14384212549327022
random_forest,440,0,0.11012948207196374
random_forest,441,0,0.23099223028635957
random_forest,442,0,0.42656349736260635
random_forest,443,0,0.07294927438176502
random_forest,444,0,0.07184900667437122
random_forest,445,1,0.2699185504014737
random_forest,446,0,0.4166531833669502
random_forest,447,0,0.05253189582815115
random_forest,448,0,0.18646301591887493
random_forest,449,0,0.27016093631570504
random_forest,450,0,0.07550023831695479
random_forest,451,1,0.9561459569231632
random_forest,452,1,0.3298244995391228
random_forest,453,1,0.179973863336899
random_forest,454,1,0.12615151428206373
random_forest,455,0,0.5040612680689446
random_forest,456,0,0.09004789891662099
random_forest,457,0,0.265038344946907
random_forest,458,0,0.43511607622422294
random_forest,459,0,0.23195155499676157
random_forest,460,1,0.13734618736688836
random_forest,461,0,0.10416072894277724
random_forest,462,0,0.28722036955739055
random_forest,463,0,0.3519236895991618
random_forest,464,0,0.2531139271923333
random_forest,465,0,0.17974571342389759
random_forest,466,0,0.3213873941311429
random_forest,467,0,0.13018080868001058
random_forest,468,0,0.27739045716968747
random_forest,469,0,0.1656555561114585
random_forest,470,0,0.5924697447535344
random_forest,471,1,0.44536370400712705
random_forest,472,0,0.09883001956617325
random_forest,473,0,0.12270403843772498
random_forest,474,0,0.21856563093307305
random_forest,475,1,0.18792714231483218
random_forest,476,0,0.22374416010546014
random_forest,477,0,0.2648427641280864
random_forest,478,0,0.5837234977737054
random_forest,479,1,0.21548060265083047
random_forest,480,0,0.040049986384307075
random_forest,481,0,0.6015133052261059
random_forest,482,0,0.3009367473208199
random_forest,483,0,0.13864494283042111
random_forest,484,0,0.14961366533289444
random_forest,485,0,0.13425179390882996
random_forest,486,0,0.3944559952731463
random_forest,487,0,0.16691993169859282
random_forest,488,0,0.10508467379643735
random_forest,489,0,0.5452231379842915
random_forest,490,0,0.2993916068777501
random_forest,491,1,0.25264819138837796
random_forest,492,0,0.15622609827152614
random_forest,493,0,0.12355600124375336
random_forest,494,0,0.0346989075872318
random_forest,495,0,0.33552633049051783
random_forest,496,0,0.11788529663064302
random_forest,497,0,0.31602194932769617
random_forest,498,1,0.029972834485105248
random_forest,499,0,0.2091449808014712
random_forest,500,0,0.2281461783725134
random_forest,501,0,0.3159955666322584
random_forest,502,1,0.2709313974747331
random_forest,503,0,0.2038946559917179
random_forest,504,0,0.2945912940336746
random_forest,505,0,0.10932298231563875
random_forest,506,0,0.5979901423599608
random_forest,507,0,0.24016409228509134
random_forest,508,1,0.18042142366880826
random_forest,509,0,0.04335371605781649
random_forest,510,0,0.36425868354222296
random_forest,511,1,0.5977908617868856
random_forest,512,0,0.22744499710783606
random_forest,513,0,0.5846431792673474
random_forest,514,0,0.3506059701856983
random_forest,515,1,0.3007113926981806
random_forest,516,0,0.32922564024371886
random_forest,517,0,0.14778456878160276
random_forest,518,1,0.29802972397854305
random_forest,519,1,0.8996179043923049
random_forest,520,0,0.4293819020468311
random_forest,521,0,0.15060476344679208
random_forest,522,0,0.2985969332128659
random_forest,523,0,0.47610069838985025
random_forest,524,1,0.3093317174867303
random_forest,525,0,0.26365593404283966
random_forest,526,0,0.29036430038196204
random_forest,527,1,0.09911999337220045
random_forest,528,1,0.5675993485418341
random_forest,529,0,0.14404268326199404
random_forest,530,0,0.35390115115812554
random_forest,531,0,0.09279904729140023
random_forest,532,0,0.2814862852931771
random_forest,533,0,0.06093850046987955
random_forest,534,0,0.27423042366240025
random_forest,535,0,0.4220953557584496
random_forest,536,0,0.06391556923915775
random_forest,537,0,0.11061661869169875
random_forest,538,0,0.2243969361676411
random_forest,539,0,0.1463050048689852
random_forest,540,0,0.3151422421252449
random_forest,541,0,0.08854811613395257
random_forest,542,0,0.18605496535127605
random_forest,543,1,0.12238187633829914
random_forest,544,0,0.7928662430227201
random_forest,545,0,0.19287359037114976
random_forest,546,0,0.37867868604645133
random_forest,547,1,0.5717990062633003
random_forest,548,0,0.7932536439757939
random_forest,549,0,0.11679776199939904
random_forest,550,0,0.13899659780853788
random_forest,551,0,0.6888774315606894
random_forest,552,0,0.33501860280061424
random_forest,553,0,0.23020263346026748
random_forest,554,1,0.18582176946961465
random_forest,555,1,0.17188837336200474
random_forest,556,1,0.32176598691354213
random_forest,557,0,0.05101663456773311
random_forest,558,1,0.13453653574859079
random_forest,559,0,0.43322201928421816
random_forest,560,1,0.8535044669118167
random_forest,561,0,0.17424422267577622
random_forest,562,0,0.374827122115199
random_forest,563,0,0.4162486983008705
random_forest,564,0,0.23862624225475657
random_forest,565,0,0.1012853105437912
random_forest,566,0,0.2314880137624713
random_forest,567,0,0.43658835212890296
random_forest,568,1,0.3099886396319753
random_forest,569,0,0.37241682511110263
random_forest,570,0,0.2892559536005232
random_forest,571,0,0.13268085185909742
random_forest,572,0,0.5156823575437602
random_forest,573,0,0.2943891409340922
random_forest,574,0,0.1984619966747911
random_forest,575,0,0.2961722476314523
random_forest,576,0,0.11311078651151428
random_forest,577,1,0.256568913889882
random_forest,578,0,0.4118247739427837
random_forest,579,0,0.218404103887547
random_forest,580,0,0.23399550733018895
random_forest,581,0,0.034473710753228255
random_forest,582,0,0.016967363610022608
random_forest,583,1,0.105324242907074
random_forest,584,0,0.19482524352311317
random_forest,585,0,0.04879136999246132
random_forest,586,0,0.1379332657453799
random_forest,587,0,0.1864470022302665
random_forest,588,0,0.07695671041314285
random_forest,589,0,0.05802979295563706
random_forest,590,0,0.1546011644958269
random_forest,591,0,0.35150547399868226
random_forest,592,0,0.18577059450948005
random_forest,593,0,0.32447592943429815
random_forest,594,0,0.10235052701981956
random_forest,595,0,0.4415890975264734
random_forest,596,0,0.3187560767014091
random_forest,597,0,0.16405539591983148
random_forest,598,1,0.4964991322820539
random_forest,599,0,0.1765104394577743
random_forest,600,0,0.414644343670184
random_forest,601,0,0.3375172103241889
random_forest,602,0,0.6194520495160688
random_forest,603,0,0.2626045566228165
random_forest,604,0,0.24183687003171392
random_forest,605,0,0.20811079613139596
random_forest,606,0,0.12380457519376821
random_forest,607,1,0.767768538760019
random_forest,608,0,0.2271784715954413
random_forest,609,0,0.25319413343607877
random_forest,610,0,0.3670424551266105
random_forest,611,1,0.3517401824222512
random_forest,612,0,0.1754392478537307
random_forest,613,0,0.1403783879652253
random_forest,614,0,0.1538250597247055
random_forest,615,0,0.2715254328757478
random_forest,616,0,0.25121527766050883
random_forest,617,0,0.06994439821400728
random_forest,618,1,0.9657457726333789
random_forest,619,0,0.3276695425222582
random_forest,620,1,0.5009487604503391
random_forest,621,0,0.4993664658965635
random_forest,622,1,0.8627691871553396
random_forest,623,0,0.18217859166941133
random_forest,624,0,0.06832927802077193
random_forest,625,0,0.13036583954539954
random_forest,626,0,0.36170110733991995
random_forest,627,1,0.7632087638664945
random_forest,628,1,0.9904679814117578
random_forest,629,1,0.16454802096033014
random_forest,630,1,0.2516804821800377
random_forest,631,0,0.2233227430349404
random_forest,632,0,0.16629932987737586
random_forest,633,0,0.3243887280209579
random_forest,634,0,0.2505358678254322
random_forest,635,0,0.1367398573596716
random_forest,636,0,0.20057445154719536
random_forest,637,1,0.3189355675901722
random_forest,638,0,0.1964106353478501
random_forest,639,1,0.8676063090002013
random_forest,640,0,0.033724307833561035
random_forest,641,0,0.592876879092494
random_forest,642,0,0.05673380387886658
random_forest,643,0,0.017587608360539783
random_forest,644,0,0.18626735405476574
random_forest,645,1,0.45277704586512385
random_forest,646,0,0.08598226814044972
random_forest,647,1,0.5305500160183996
random_forest,648,0,0.11756546267698004
random_forest,649,0,0.0196000841547851
random_forest,650,1,0.26224919459324425
random_forest,651,0,0.05872264001272992
random_forest,652,0,0.45251662697768996
random_forest,653,0,0.146186426072685
random_forest,654,1,0.6692457354516805
random_forest,655,0,0.849331886907392
random_forest,656,0,0.1447618864878983
random_forest,657,0,0.09700965790267706
random_forest,658,0,0.22632932658712146
random_forest,659,0,0.20228850400350643
random_forest,660,0,0.08276737804906326
random_forest,661,0,0.21628214539003224
random_forest,662,0,0.19790460464629456
random_forest,663,1,0.5104605373560559
random_forest,664,0,0.23545766329303494
random_forest,665,0,0.21993670737129198
random_forest,666,1,0.7261610636691106
random_forest,667,0,0.025447994838589793
random_forest,668,0,0.1218493707267419
random_forest,669,0,0.2637563686581556
random_forest,670,0,0.17674542545742178
random_forest,671,0,0.04222706111607794
random_forest,672,0,0.3086444905178589
random_forest,673,0,0.09132685391051544
random_forest,674,0,0.10175761029279265
random_forest,675,0,0.2836130743020441
random_forest,676,1,0.33209988310857486
random_forest,677,1,0.0663048583080548
random_forest,678,0,0.08567051681963642
random_forest,679,1,0.12312910199268212
random_forest,680,0,0.12087707169911001
random_forest,681,0,0.18823674047380526
random_forest,682,0,0.2752324299444939
random_forest,683,0,0.08156747987874745
random_forest,684,0,0.14434797177412947
random_forest,685,0,0.04034977710101778
random_forest,686,0,0.29629277997120534
random_forest,687,0,0.4350420405404062
random_forest,688,0,0.513903572932689
random_forest,689,0,0.10153727236927439
random_forest,690,0,0.4646640850675194
random_forest,691,0,0.08177158140345285
random_forest,692,0,0.21577656191467853
random_forest,693,0,0.27680176559232395
random_forest,694,0,0.6450445878649647
random_forest,695,1,0.8755065005215372
random_forest,696,1,0.20733004759231138
random_forest,697,1,0.16234999219235677
random_forest,698,0,0.15794902507578093
random_forest,699,0,0.29405613415899556
random_forest,700,0,0.624319284141195
random_forest,701,1,0.6779599935344168
random_forest,702,1,0.3319799090268288
random_forest,703,1,0.06299123919408678
random_forest,704,1,0.39507592645664674
random_forest,705,0,0.4499343710537477
random_forest,706,0,0.14335236541368362
random_forest,707,0,0.37476541058771706
random_forest,708,0,0.5374583915524389
random_forest,709,0,0.5680188034558319
random_forest,710,0,0.3557405113248467
random_forest,711,0,0.19832074022736218
mlp_exploratory,0,0,0.212704499162058
mlp_exploratory,1,0,0.21785270811904947
mlp_exploratory,2,1,0.5359265069321679
mlp_exploratory,3,0,0.193656772999765
mlp_exploratory,4,0,0.09897229381289246
mlp_exploratory,5,1,0.5435079191689817
mlp_exploratory,6,1,0.4462370065965245
mlp_exploratory,7,1,0.47613234533722903
mlp_exploratory,8,1,0.5067004922563841
mlp_exploratory,9,0,0.29150568686444417
mlp_exploratory,10,0,0.32368055696740994
mlp_exploratory,11,0,0.26222964300166557
mlp_exploratory,12,0,0.22491496395938876
mlp_exploratory,13,0,0.3465388855735516
mlp_exploratory,14,1,0.2468599545197634
mlp_exploratory,15,0,0.3213418802699431
mlp_exploratory,16,0,0.2679577044450891
mlp_exploratory,17,0,0.15552452070496608
mlp_exploratory,18,0,0.2653785569623487
mlp_exploratory,19,0,0.15470651957092296
mlp_exploratory,20,0,0.3666232851669948
mlp_exploratory,21,0,0.19002044010163896
mlp_exploratory,22,0,0.32551112454436426
mlp_exploratory,23,0,0.21992480504387255
mlp_exploratory,24,0,0.19235018914670401
mlp_exploratory,25,0,0.1702863238098457
mlp_exploratory,26,0,0.25234833957444464
mlp_exploratory,27,0,0.24524315972493302
mlp_exploratory,28,0,0.211663305671959
mlp_exploratory,29,0,0.5756152739792385
mlp_exploratory,30,0,0.23147097358180532
mlp_exploratory,31,1,0.4929517768751411
mlp_exploratory,32,1,0.347224634664048
mlp_exploratory,33,0,0.18019680729423085
mlp_exploratory,34,0,0.1790862593409635
mlp_exploratory,35,0,0.16055936003907492
mlp_exploratory,36,0,0.1907358368722158
mlp_exploratory,37,0,0.23229358301305064
mlp_exploratory,38,0,0.20811177084147023
mlp_exploratory,39,1,0.2749349277235511
mlp_exploratory,40,0,0.23368711234251477
mlp_exploratory,41,1,0.5614149555362207
mlp_exploratory,42,1,0.3267660645920225
mlp_exploratory,43,0,0.20345034644486273
mlp_exploratory,44,1,0.15510182371748754
mlp_exploratory,45,0,0.2186347281151784
mlp_exploratory,46,0,0.18245910774763663
mlp_exploratory,47,1,0.28637859228051704
mlp_exploratory,48,0,0.23119930949804676
mlp_exploratory,49,0,0.109504981878856
mlp_exploratory,50,1,0.30268695927641626
mlp_exploratory,51,1,0.36671270697509
mlp_exploratory,52,0,0.3518819509692199
mlp_exploratory,53,1,0.3913001983341553
mlp_exploratory,54,1,0.7797789629836746
mlp_exploratory,55,1,0.60350802473546
mlp_exploratory,56,1,0.5378819758666288
mlp_exploratory,57,0,0.2444020873617321
mlp_exploratory,58,0,0.24189955742867525
mlp_exploratory,59,0,0.30231571680315633
mlp_exploratory,60,1,0.575363988353635
mlp_exploratory,61,1,0.3127997872865397
mlp_exploratory,62,0,0.2943270076711485
mlp_exploratory,63,0,0.25753479928472306
mlp_exploratory,64,1,0.5566273213506652
mlp_exploratory,65,1,0.30241104810856184
mlp_exploratory,66,0,0.22046028932415612
mlp_exploratory,67,1,0.43465191802120423
mlp_exploratory,68,0,0.326658958831512
mlp_exploratory,69,0,0.3911123508051582
mlp_exploratory,70,1,0.40171945678613213
mlp_exploratory,71,1,0.602275445256666
mlp_exploratory,72,0,0.13551154165526139
mlp_exploratory,73,0,0.4470508191374549
mlp_exploratory,74,0,0.3051372576358345
mlp_exploratory,75,1,0.6169181032549379
mlp_exploratory,76,0,0.23374392605071492
mlp_exploratory,77,1,0.37150776630077625
mlp_exploratory,78,0,0.02694365853959141
mlp_exploratory,79,0,0.3800626077479204
mlp_exploratory,80,0,0.3292652694302331
mlp_exploratory,81,0,0.37416514976338944
mlp_exploratory,82,1,0.6770135839969272
mlp_exploratory,83,0,0.40296206274713386
mlp_exploratory,84,1,0.5122941147942685
mlp_exploratory,85,0,0.3380657664894493
mlp_exploratory,86,1,0.2675595621742407
mlp_exploratory,87,1,0.5937339196425632
mlp_exploratory,88,1,0.5252417631568677
mlp_exploratory,89,0,0.18546709392786784
mlp_exploratory,90,0,0.2687494973824385
mlp_exploratory,91,0,0.6872812224666074
mlp_exploratory,92,0,0.2667465333261265
mlp_exploratory,93,0,0.24779235142046002
mlp_exploratory,94,0,0.45853764999987834
mlp_exploratory,95,0,0.4218454343584557
mlp_exploratory,96,1,0.1403977892135425
mlp_exploratory,97,0,0.3482040924364222
mlp_exploratory,98,1,0.14955731248446044
mlp_exploratory,99,0,0.26960029578769573
mlp_exploratory,100,1,0.532008430745308
mlp_exploratory,101,0,0.2588269733755994
mlp_exploratory,102,0,0.43283237714706857
mlp_exploratory,103,1,0.17334509005850487
mlp_exploratory,104,0,0.4381988780162612
mlp_exploratory,105,1,0.6377720634125762
mlp_exploratory,106,0,0.36449477723971796
mlp_exploratory,107,0,0.3267225404528227
mlp_exploratory,108,1,0.3198706464586027
mlp_exploratory,109,0,0.35619495121644074
mlp_exploratory,110,1,0.7771770695549443
mlp_exploratory,111,1,0.7049879337462148
mlp_exploratory,112,0,0.2901061673858985
mlp_exploratory,113,1,0.5951922777573885
mlp_exploratory,114,0,0.2906161208151961
mlp_exploratory,115,1,0.6110230345262038
mlp_exploratory,116,1,0.3400650470852507
mlp_exploratory,117,1,0.4033095018600486
mlp_exploratory,118,0,0.47470929811570356
mlp_exploratory,119,0,0.31545065462450633
mlp_exploratory,120,1,0.5435896291553081
mlp_exploratory,121,0,0.23066408384162018
mlp_exploratory,122,1,0.605404143353927
mlp_exploratory,123,0,0.267514710810861
mlp_exploratory,124,0,0.25273668569474167
mlp_exploratory,125,1,0.6383425052642453
mlp_exploratory,126,1,0.47441137029621094
mlp_exploratory,127,0,0.20966873160849406
mlp_exploratory,128,1,0.31266063335830546
mlp_exploratory,129,1,0.6284394310414277
mlp_exploratory,130,1,0.6436504305543198
mlp_exploratory,131,0,0.25318778196211333
mlp_exploratory,132,1,0.6154451840444981
mlp_exploratory,133,1,0.4871769654941204
mlp_exploratory,134,0,0.2773455110119185
mlp_exploratory,135,1,0.6297515944811027
mlp_exploratory,136,0,0.24776044504975733
mlp_exploratory,137,1,0.62695466581309
mlp_exploratory,138,0,0.2943443513468517
mlp_exploratory,139,0,0.4424608753560495
mlp_exploratory,140,1,0.22966028647322986
mlp_exploratory,141,1,0.523811125747035
mlp_exploratory,142,1,0.5814098133559447
mlp_exploratory,143,1,0.6081560388990507
mlp_exploratory,144,0,0.3470566868450276
mlp_exploratory,145,0,0.2847209145283475
mlp_exploratory,146,1,0.31677538556422385
mlp_exploratory,147,0,0.3539167120787112
mlp_exploratory,148,0,0.26194967218565884
mlp_exploratory,149,0,0.1589795827941515
mlp_exploratory,150,0,0.3957387534022228
mlp_exploratory,151,1,0.6648366495226498
mlp_exploratory,152,0,0.19893485286560783
mlp_exploratory,153,1,0.4563067836215392
mlp_exploratory,154,0,0.2851472114054054
mlp_exploratory,155,1,0.5223129126680874
mlp_exploratory,156,1,0.26814181230524525
mlp_exploratory,157,1,0.2384995252233527
mlp_exploratory,158,0,0.19397473580980057
mlp_exploratory,159,0,0.2973880884496997
mlp_exploratory,160,1,0.6132093144804449
mlp_exploratory,161,1,0.2589033892669511
mlp_exploratory,162,1,0.10956062455524412
mlp_exploratory,163,0,0.32451590409156905
mlp_exploratory,164,0,0.23643027330506386
mlp_exploratory,165,0,0.3419323933610036
mlp_exploratory,166,1,0.29296657424815853
mlp_exploratory,167,0,0.3666789162757481
mlp_exploratory,168,1,0.6770693021740897
mlp_exploratory,169,0,0.36161749955451905
mlp_exploratory,170,1,0.5196245229825529
mlp_exploratory,171,0,0.45681820166854514
mlp_exploratory,172,0,0.24524962720574137
mlp_exploratory,173,1,0.21961258639249537
mlp_exploratory,174,0,0.24845873289801837
mlp_exploratory,175,0,0.1920001272569506
mlp_exploratory,176,1,0.33090677794762446
mlp_exploratory,177,0,0.271063732023651
mlp_exploratory,178,1,0.5791168256872413
mlp_exploratory,179,0,0.3472957080746932
mlp_exploratory,180,0,0.2617177983641983
mlp_exploratory,181,0,0.24983146493009195
mlp_exploratory,182,1,0.2732128222457698
mlp_exploratory,183,1,0.5847336935240713
mlp_exploratory,184,0,0.3631914218347251
mlp_exploratory,185,1,0.6066405772237529
mlp_exploratory,186,0,0.26818684329249287
mlp_exploratory,187,1,0.27946175055101324
mlp_exploratory,188,0,0.2943625586474936
mlp_exploratory,189,0,0.3805619930571131
mlp_exploratory,190,1,0.331631107541792
mlp_exploratory,191,1,0.42256356836291925
mlp_exploratory,192,1,0.6423492662302052
mlp_exploratory,193,1,0.31925892018051866
mlp_exploratory,194,0,0.298163631542949
mlp_exploratory,195,0,0.31292864557130456
mlp_exploratory,196,1,0.2484639298711322
mlp_exploratory,197,1,0.5758299035592336
mlp_exploratory,198,1,0.5555910193424833
mlp_exploratory,199,1,0.4862775764804944
mlp_exploratory,200,0,0.22314750290887367
mlp_exploratory,201,0,0.28418397409042623
mlp_exploratory,202,0,0.3339818176076638
mlp_exploratory,203,0,0.38673505911002104
mlp_exploratory,204,1,0.5257119350944564
mlp_exploratory,205,1,0.5467257969879387
mlp_exploratory,206,0,0.2492409375877237
mlp_exploratory,207,0,0.29582678095386605
mlp_exploratory,208,0,0.28071318704966614
mlp_exploratory,209,1,0.4330930269103743
mlp_exploratory,210,0,0.3239926538656615
mlp_exploratory,211,1,0.3009925615128728
mlp_exploratory,212,1,0.3872420660497473
mlp_exploratory,213,0,0.29087524213936766
mlp_exploratory,214,1,0.29167692404752565
mlp_exploratory,215,1,0.2949704722915367
mlp_exploratory,216,0,0.2535912520924397
mlp_exploratory,217,0,0.25427390280762757
mlp_exploratory,218,1,0.3836114891578201
mlp_exploratory,219,0,0.28993997792639437
mlp_exploratory,220,0,0.41299136976484757
mlp_exploratory,221,1,0.014600291045649244
mlp_exploratory,222,0,0.3496481385000447
mlp_exploratory,223,1,0.543118862098882
mlp_exploratory,224,0,0.3684323936422542
mlp_exploratory,225,0,0.41969798183632373
mlp_exploratory,226,0,0.2655026007915814
mlp_exploratory,227,0,0.2675513137899138
mlp_exploratory,228,1,0.4947625385415182
mlp_exploratory,229,0,0.28573079121365613
mlp_exploratory,230,1,0.3080717460889623
mlp_exploratory,231,1,0.30816360499804135
mlp_exploratory,232,1,0.5692674248123248
mlp_exploratory,233,0,0.35972128869335873
mlp_exploratory,234,0,0.33836904559224457
mlp_exploratory,235,0,0.3991281199838769
mlp_exploratory,236,1,0.552024039398628
mlp_exploratory,237,0,0.33528232777085126
mlp_exploratory,238,1,0.5692226586243853
mlp_exploratory,239,0,0.14800550884659994
mlp_exploratory,240,0,0.2790010746954517
mlp_exploratory,241,1,0.34506704089356516
mlp_exploratory,242,1,0.6234979016592627
mlp_exploratory,243,1,0.4173837959483316
mlp_exploratory,244,0,0.5439640458496295
mlp_exploratory,245,1,0.30316777071186013
mlp_exploratory,246,1,0.6490644804031455
mlp_exploratory,247,0,0.24766652521301605
mlp_exploratory,248,1,0.1811876174068051
mlp_exploratory,249,0,0.3477884508239995
mlp_exploratory,250,1,0.35930369001076357
mlp_exploratory,251,1,0.30569138572113075
mlp_exploratory,252,1,0.3028603482564814
mlp_exploratory,253,0,0.23603992527676773
mlp_exploratory,254,0,0.3613062220887426
mlp_exploratory,255,1,0.5691548556885285
mlp_exploratory,256,0,0.3853880346280714
mlp_exploratory,257,0,0.34430876731606397
mlp_exploratory,258,0,0.3132422359790662
mlp_exploratory,259,0,0.17260250327439072
mlp_exploratory,260,1,0.3052433123581399
mlp_exploratory,261,0,0.18529597615890173
mlp_exploratory,262,1,0.3236695034161375
mlp_exploratory,263,1,0.3707740866126637
mlp_exploratory,264,0,0.3315973472353255
mlp_exploratory,265,0,0.42067364481015745
mlp_exploratory,266,0,0.28944138235800715
mlp_exploratory,267,1,0.6036310129391512
mlp_exploratory,268,0,0.18830982857306558
mlp_exploratory,269,0,0.3602181581029957
mlp_exploratory,270,0,0.3373725533061339
mlp_exploratory,271,0,0.3554675493937063
mlp_exploratory,272,0,0.21939711587261293
mlp_exploratory,273,1,0.3183285922491368
mlp_exploratory,274,0,0.3530753227677529
mlp_exploratory,275,1,0.36182084846407797
mlp_exploratory,276,1,0.25575433003651576
mlp_exploratory,277,0,0.34975562779541336
mlp_exploratory,278,0,0.2829937112955736
mlp_exploratory,279,1,0.31961769973742093
mlp_exploratory,280,0,0.32348655059486087
mlp_exploratory,281,0,0.28047857442163654
mlp_exploratory,282,0,0.30062118697850804
mlp_exploratory,283,1,0.2874602306520846
mlp_exploratory,284,0,0.20877306714847302
mlp_exploratory,285,0,0.2475755313438996
mlp_exploratory,286,0,0.37574874749647175
mlp_exploratory,287,0,0.3358529047423061
mlp_exploratory,288,0,0.2968013312952123
mlp_exploratory,289,1,0.6061557868226263
mlp_exploratory,290,1,0.3395611956895978
mlp_exploratory,291,0,0.27747933056159274
mlp_exploratory,292,0,0.24965488415032916
mlp_exploratory,293,1,0.39416829996753977
mlp_exploratory,294,0,0.3747060234254874
mlp_exploratory,295,1,0.25495592626619196
mlp_exploratory,296,0,0.2886518175330039
mlp_exploratory,297,0,0.2349747732884353
mlp_exploratory,298,0,0.31061519003727484
mlp_exploratory,299,1,0.6687901302480359
mlp_exploratory,300,0,0.3638349130331115
mlp_exploratory,301,0,0.3112710485832413
mlp_exploratory,302,0,0.343043306030161
mlp_exploratory,303,0,0.3733751964277489
mlp_exploratory,304,0,0.17576235421255892
mlp_exploratory,305,0,0.34748499161479046
mlp_exploratory,306,1,0.2494682918258234
mlp_exploratory,307,0,0.3675742774134748
mlp_exploratory,308,1,0.5322448559653807
mlp_exploratory,309,1,0.5272513186194191
mlp_exploratory,310,0,0.18325798036844904
mlp_exploratory,311,1,0.4945731958906611
mlp_exploratory,312,0,0.3466578972847913
mlp_exploratory,313,1,0.3039951317467941
mlp_exploratory,314,1,0.21649022182805475
mlp_exploratory,315,1,0.35187381985755606
mlp_exploratory,316,0,0.171574174065752
mlp_exploratory,317,0,0.2977723775370571
mlp_exploratory,318,1,0.36002632423420783
mlp_exploratory,319,0,0.3884192125899086
mlp_exploratory,320,0,0.3696951150291085
mlp_exploratory,321,0,0.40099711099220003
mlp_exploratory,322,1,0.5637578677200816
mlp_exploratory,323,1,0.5854331766800475
mlp_exploratory,324,1,0.4614062936925853
mlp_exploratory,325,0,0.3950606012196553
mlp_exploratory,326,0,0.5762367702182413
mlp_exploratory,327,1,0.27537143527143787
mlp_exploratory,328,1,0.34968511662188784
mlp_exploratory,329,0,0.3766646362107059
mlp_exploratory,330,1,0.3105511784270744
mlp_exploratory,331,1,0.26196254571868915
mlp_exploratory,332,0,0.40388530184594557
mlp_exploratory,333,0,0.3506822151119205
mlp_exploratory,334,0,0.26811315232419225
mlp_exploratory,335,0,0.41647492605799935
mlp_exploratory,336,0,0.3515368160086725
mlp_exploratory,337,0,0.1522671214761892
mlp_exploratory,338,0,0.3554698824189393
mlp_exploratory,339,0,0.27400747497331623
mlp_exploratory,340,0,0.30638808810731466
mlp_exploratory,341,0,0.40496784425387944
mlp_exploratory,342,1,0.29460032321336516
mlp_exploratory,343,0,0.3478435119718042
mlp_exploratory,344,0,0.38877091971905253
mlp_exploratory,345,0,0.3313339542106431
mlp_exploratory,346,0,0.27119827627135346
mlp_exploratory,347,1,0.3773665292496047
mlp_exploratory,348,0,0.3942448400710599
mlp_exploratory,349,0,0.39512424205786123
mlp_exploratory,350,0,0.3217317292706897
mlp_exploratory,351,0,0.4042899127322292
mlp_exploratory,352,0,0.3263024740660564
mlp_exploratory,353,0,0.24294410658202042
mlp_exploratory,354,0,0.3268982220221366
mlp_exploratory,355,1,0.48537889165562437
mlp_exploratory,356,1,0.4493487166028231
mlp_exploratory,357,0,0.2883214703758908
mlp_exploratory,358,0,0.41449578987595054
mlp_exploratory,359,0,0.34814086213293427
mlp_exploratory,360,0,0.2741717686131546
mlp_exploratory,361,0,0.3626107666683585
mlp_exploratory,362,1,0.0430537321385145
mlp_exploratory,363,0,0.3123959657920945
mlp_exploratory,364,0,0.3233847255399115
mlp_exploratory,365,0,0.2645953159879255
mlp_exploratory,366,0,0.26903003208106935
mlp_exploratory,367,0,0.38902209757394796
mlp_exploratory,368,1,0.6710668903824123
mlp_exploratory,369,1,0.3457377940820374
mlp_exploratory,370,0,0.32736171619704624
mlp_exploratory,371,0,0.3363122942693404
mlp_exploratory,372,0,0.31833856857246823
mlp_exploratory,373,0,0.295669474488663
mlp_exploratory,374,0,0.28863599866585316
mlp_exploratory,375,0,0.2227611818826274
mlp_exploratory,376,1,0.3356852698891989
mlp_exploratory,377,0,0.38658126654426017
mlp_exploratory,378,0,0.3924475683373933
mlp_exploratory,379,0,0.425965160296419
mlp_exploratory,380,0,0.4157539259318646
mlp_exploratory,381,0,0.3450236047078862
mlp_exploratory,382,0,0.376205441684415
mlp_exploratory,383,1,0.28837963908965103
mlp_exploratory,384,0,0.2586269748527415
mlp_exploratory,385,1,0.29510975070117473
mlp_exploratory,386,1,0.35230841577526706
mlp_exploratory,387,0,0.24863981953925152
mlp_exploratory,388,0,0.35886443863406164
mlp_exploratory,389,0,0.3892701384542174
mlp_exploratory,390,0,0.3368993520661153
mlp_exploratory,391,0,0.39263800050132214
mlp_exploratory,392,0,0.30497000816688125
mlp_exploratory,393,1,0.5712396910034406
mlp_exploratory,394,0,0.370642104728077
mlp_exploratory,395,0,0.4217821843290142
mlp_exploratory,396,0,0.3931937459872944
mlp_exploratory,397,0,0.2762339724453989
mlp_exploratory,398,0,0.40870536118002315
mlp_exploratory,399,1,0.3416189355799914
mlp_exploratory,400,0,0.3888665404471049
mlp_exploratory,401,0,0.2800887561933289
mlp_exploratory,402,1,0.3169728975197894
mlp_exploratory,403,1,0.3256122242655988
mlp_exploratory,404,0,0.3632348628565038
mlp_exploratory,405,0,0.3436355125906802
mlp_exploratory,406,0,0.42580816042593933
mlp_exploratory,407,0,0.29241693399481167
mlp_exploratory,408,0,0.39899988314672974
mlp_exploratory,409,1,0.2842601432445149
mlp_exploratory,410,1,0.36179855372187175
mlp_exploratory,411,0,0.3446912163032269
mlp_exploratory,412,0,0.36047792610396984
mlp_exploratory,413,0,0.42599949566755846
mlp_exploratory,414,0,0.325158695569112
mlp_exploratory,415,1,0.5752002161581583
mlp_exploratory,416,0,0.23198465807454832
mlp_exploratory,417,0,0.40488916654442125
mlp_exploratory,418,0,0.3731974343218606
mlp_exploratory,419,1,0.5009088739079081
mlp_exploratory,420,0,0.1560776200312835
mlp_exploratory,421,0,0.399686846675976
mlp_exploratory,422,1,0.28336289157593186
mlp_exploratory,423,0,0.30879609471510844
mlp_exploratory,424,0,0.3221095616573446
mlp_exploratory,425,0,0.3780366158012587
mlp_exploratory,426,0,0.34673938637449764
mlp_exploratory,427,0,0.2656323180367671
mlp_exploratory,428,0,0.25825815172327576
mlp_exploratory,429,0,0.3208171434255439
mlp_exploratory,430,0,0.2795433509832018
mlp_exploratory,431,1,0.6727308885801615
mlp_exploratory,432,0,0.3232551604046338
mlp_exploratory,433,0,0.2626477610628666
mlp_exploratory,434,0,0.3073208217183242
mlp_exploratory,435,1,0.3346816651007227
mlp_exploratory,436,0,0.3469904639236375
mlp_exploratory,437,0,0.26591286962417154
mlp_exploratory,438,0,0.3234757936331335
mlp_exploratory,439,0,0.18654453057295167
mlp_exploratory,440,0,0.31211915761187464
mlp_exploratory,441,0,0.388086723655711
mlp_exploratory,442,0,0.255312457550647
mlp_exploratory,443,0,0.15443222575532128
mlp_exploratory,444,0,0.28934866393904657
mlp_exploratory,445,1,0.39801892956386536
mlp_exploratory,446,0,0.36264962123896866
mlp_exploratory,447,0,0.32982987027841376
mlp_exploratory,448,0,0.39171771134438105
mlp_exploratory,449,0,0.28989390734085674
mlp_exploratory,450,0,0.2734767854410661
mlp_exploratory,451,1,0.70401112504783
mlp_exploratory,452,1,0.3023010892004482
mlp_exploratory,453,1,0.3665010636638299
mlp_exploratory,454,1,0.36738957001428046
mlp_exploratory,455,0,0.44612320258309757
mlp_exploratory,456,0,0.36282197469349076
mlp_exploratory,457,0,0.3912444389794246
mlp_exploratory,458,0,0.22184702558326938
mlp_exploratory,459,0,0.34030274231101915
mlp_exploratory,460,1,0.25212366910679695
mlp_exploratory,461,0,0.28434343822214303
mlp_exploratory,462,0,0.22365976494547987
mlp_exploratory,463,0,0.208310467030358
mlp_exploratory,464,0,0.33243344430398847
mlp_exploratory,465,0,0.3166732310544494
mlp_exploratory,466,0,0.32497978348420425
mlp_exploratory,467,0,0.32949137918495924
mlp_exploratory,468,0,0.2790613281874463
mlp_exploratory,469,0,0.4660144330496177
mlp_exploratory,470,0,0.4488181675798807
mlp_exploratory,471,1,0.19844346118093364
mlp_exploratory,472,0,0.29329873325479733
mlp_exploratory,473,0,0.24567289265708617
mlp_exploratory,474,0,0.3101583761477278
mlp_exploratory,475,1,0.47513833837429675
mlp_exploratory,476,0,0.38278651796492247
mlp_exploratory,477,0,0.17728818814373673
mlp_exploratory,478,0,0.17920128285873727
mlp_exploratory,479,1,0.43759497813585296
mlp_exploratory,480,0,0.3171945105070683
mlp_exploratory,481,0,0.2069550555951892
mlp_exploratory,482,0,0.4607325422493913
mlp_exploratory,483,0,0.33665049122682184
mlp_exploratory,484,0,0.3736633982450219
mlp_exploratory,485,0,0.3547828893733703
mlp_exploratory,486,0,0.34360038915067126
mlp_exploratory,487,0,0.39745512858774046
mlp_exploratory,488,0,0.3851932387285321
mlp_exploratory,489,0,0.3977488732080532
mlp_exploratory,490,0,0.3496977334068972
mlp_exploratory,491,1,0.37195952868463344
mlp_exploratory,492,0,0.3541392657390813
mlp_exploratory,493,0,0.36671540528335106
mlp_exploratory,494,0,0.3970405632019004
mlp_exploratory,495,0,0.271893084763914
mlp_exploratory,496,0,0.32546632456141145
mlp_exploratory,497,0,0.2998731452833564
mlp_exploratory,498,1,0.33964346436396126
mlp_exploratory,499,0,0.32754232569673086
mlp_exploratory,500,0,0.3343626713655933
mlp_exploratory,501,0,0.3228167787853218
mlp_exploratory,502,1,0.20528328416128278
mlp_exploratory,503,0,0.4135114792189293
mlp_exploratory,504,0,0.3646308151998476
mlp_exploratory,505,0,0.047561915061098706
mlp_exploratory,506,0,0.33789308524628486
mlp_exploratory,507,0,0.38448719496453704
mlp_exploratory,508,1,0.30500006462461016
mlp_exploratory,509,0,0.4565693728165255
mlp_exploratory,510,0,0.2880274594331459
mlp_exploratory,511,1,0.3542743359056647
mlp_exploratory,512,0,0.48751060793947215
mlp_exploratory,513,0,0.37581262096853957
mlp_exploratory,514,0,0.2562185041955436
mlp_exploratory,515,1,0.30342922933348065
mlp_exploratory,516,0,0.3041611636255216
mlp_exploratory,517,0,0.3878867392991198
mlp_exploratory,518,1,0.4305593432006633
mlp_exploratory,519,1,0.4738264970780932
mlp_exploratory,520,0,0.4235680561093345
mlp_exploratory,521,0,0.24401885209330715
mlp_exploratory,522,0,0.40298909553591616
mlp_exploratory,523,0,0.4402899878073176
mlp_exploratory,524,1,0.29244569375310286
mlp_exploratory,525,0,0.41690597208111685
mlp_exploratory,526,0,0.2924317150809133
mlp_exploratory,527,1,0.33332362354746103
mlp_exploratory,528,1,0.3723394148424373
mlp_exploratory,529,0,0.3753877480904709
mlp_exploratory,530,0,0.23039551430564498
mlp_exploratory,531,0,0.3205939394610007
mlp_exploratory,532,0,0.37050804144404026
mlp_exploratory,533,0,0.2533439817461456
mlp_exploratory,534,0,0.2625496376189515
mlp_exploratory,535,0,0.368239556585382
mlp_exploratory,536,0,0.24709600928666536
mlp_exploratory,537,0,0.3663912215233517
mlp_exploratory,538,0,0.3739695607654033
mlp_exploratory,539,0,0.3894466068573365
mlp_exploratory,540,0,0.4445407215847636
mlp_exploratory,541,0,0.20837646350949063
mlp_exploratory,542,0,0.2778064967011643
mlp_exploratory,543,1,0.29640140471584053
mlp_exploratory,544,0,0.7004780699438071
mlp_exploratory,545,0,0.3394760381097342
mlp_exploratory,546,0,0.40627711982472187
mlp_exploratory,547,1,0.5080215119869327
mlp_exploratory,548,0,0.6565669276327444
mlp_exploratory,549,0,0.353113005700558
mlp_exploratory,550,0,0.3150852495402464
mlp_exploratory,551,0,0.4131181388575243
mlp_exploratory,552,0,0.3705325713187575
mlp_exploratory,553,0,0.38177022850647646
mlp_exploratory,554,1,0.36951513928344604
mlp_exploratory,555,1,0.30326334995744525
mlp_exploratory,556,1,0.4215295229532041
mlp_exploratory,557,0,0.2783937416802649
mlp_exploratory,558,1,0.3231788984434245
mlp_exploratory,559,0,0.3130810082375523
mlp_exploratory,560,1,0.5668158572538378
mlp_exploratory,561,0,0.2718913107872101
mlp_exploratory,562,0,0.43580685461229096
mlp_exploratory,563,0,0.4430295084742987
mlp_exploratory,564,0,0.40363842901944874
mlp_exploratory,565,0,0.33891553864639606
mlp_exploratory,566,0,0.3733337404597109
mlp_exploratory,567,0,0.3037188550909174
mlp_exploratory,568,1,0.26647504817055373
mlp_exploratory,569,0,0.3423495835169434
mlp_exploratory,570,0,0.39213680902749826
mlp_exploratory,571,0,0.2809057777749419
mlp_exploratory,572,0,0.38938936930266016
mlp_exploratory,573,0,0.3241474891686771
mlp_exploratory,574,0,0.37274617045469405
mlp_exploratory,575,0,0.3846112692992077
mlp_exploratory,576,0,0.3071546810560688
mlp_exploratory,577,1,0.25726478601280717
mlp_exploratory,578,0,0.42336081769108014
mlp_exploratory,579,0,0.31369651492329875
mlp_exploratory,580,0,0.3354962087165526
mlp_exploratory,581,0,0.3182237172866817
mlp_exploratory,582,0,0.19857256227459205
mlp_exploratory,583,1,0.19438940456592266
mlp_exploratory,584,0,0.2307867175708447
mlp_exploratory,585,0,0.20287718317701312
mlp_exploratory,586,0,0.39354953937261966
mlp_exploratory,587,0,0.16656305006166103
mlp_exploratory,588,0,0.18198693654888104
mlp_exploratory,589,0,0.15521488692295246
mlp_exploratory,590,0,0.18649708352232833
mlp_exploratory,591,0,0.12373754034371237
mlp_exploratory,592,0,0.26024021488722476
mlp_exploratory,593,0,0.21602704772334252
mlp_exploratory,594,0,0.2544672788104217
mlp_exploratory,595,0,0.2847320022125484
mlp_exploratory,596,0,0.4906655711034205
mlp_exploratory,597,0,0.2172867328744745
mlp_exploratory,598,1,0.46412073059395403
mlp_exploratory,599,0,0.18268182008061062
mlp_exploratory,600,0,0.15088459398042717
mlp_exploratory,601,0,0.452922298316521
mlp_exploratory,602,0,0.35774399974129356
mlp_exploratory,603,0,0.13214085541983323
mlp_exploratory,604,0,0.32207901727220706
mlp_exploratory,605,0,0.2808883336514006
mlp_exploratory,606,0,0.47926960939825564
mlp_exploratory,607,1,0.1465031129773193
mlp_exploratory,608,0,0.3595159802189039
mlp_exploratory,609,0,0.340777082090305
mlp_exploratory,610,0,0.24571246313156567
mlp_exploratory,611,1,0.14817527620638957
mlp_exploratory,612,0,0.020192089373855384
mlp_exploratory,613,0,0.28360236026887203
mlp_exploratory,614,0,0.38436403638835165
mlp_exploratory,615,0,0.22863785582663923
mlp_exploratory,616,0,0.47922423569303496
mlp_exploratory,617,0,0.16510857085735123
mlp_exploratory,618,1,0.5603196252758934
mlp_exploratory,619,0,0.4060292125415945
mlp_exploratory,620,1,0.275342011622683
mlp_exploratory,621,0,0.28472310815466284
mlp_exploratory,622,1,0.4654130060599787
mlp_exploratory,623,0,0.4138758957524991
mlp_exploratory,624,0,0.2901669187257368
mlp_exploratory,625,0,0.22873842053902868
mlp_exploratory,626,0,0.33684815683082564
mlp_exploratory,627,1,0.2512894359716251
mlp_exploratory,628,1,0.49604295014189786
mlp_exploratory,629,1,0.26214053417124056
mlp_exploratory,630,1,0.25730488510212746
mlp_exploratory,631,0,0.3528960720088172
mlp_exploratory,632,0,0.30777464350719586
mlp_exploratory,633,0,0.39945412764948074
mlp_exploratory,634,0,0.32794475625347524
mlp_exploratory,635,0,0.4085109355704379
mlp_exploratory,636,0,0.3302203190959507
mlp_exploratory,637,1,0.34384378688428147
mlp_exploratory,638,0,0.4049182357339914
mlp_exploratory,639,1,0.29779562903871915
mlp_exploratory,640,0,0.22587642400744573
mlp_exploratory,641,0,0.3195196175489506
mlp_exploratory,642,0,0.20008013975150105
mlp_exploratory,643,0,0.25276981900405626
mlp_exploratory,644,0,0.3299684473209144
mlp_exploratory,645,1,0.44199104865236416
mlp_exploratory,646,0,0.35113718938820543
mlp_exploratory,647,1,0.5266206456239865
mlp_exploratory,648,0,0.312568983312067
mlp_exploratory,649,0,0.2203355248137216
mlp_exploratory,650,1,0.3214640763118697
mlp_exploratory,651,0,0.2734900275576231
mlp_exploratory,652,0,0.374308691864319
mlp_exploratory,653,0,0.4168440556608729
mlp_exploratory,654,1,0.28330176262776663
mlp_exploratory,655,0,0.3313047148702926
mlp_exploratory,656,0,0.2754895984258656
mlp_exploratory,657,0,0.2651081589214029
mlp_exploratory,658,0,0.3169692987863772
mlp_exploratory,659,0,0.3896296190371302
mlp_exploratory,660,0,0.21750456179855665
mlp_exploratory,661,0,0.3269412279436699
mlp_exploratory,662,0,0.31139281903713106
mlp_exploratory,663,1,0.436866176451226
mlp_exploratory,664,0,0.3224791395048939
mlp_exploratory,665,0,0.36784644596763866
mlp_exploratory,666,1,0.4329598441722682
mlp_exploratory,667,0,0.12778374363520817
mlp_exploratory,668,0,0.33971594281697637
mlp_exploratory,669,0,0.3977118870440971
mlp_exploratory,670,0,0.4100449055804851
mlp_exploratory,671,0,0.26163645148110437
mlp_exploratory,672,0,0.30227423098778644
mlp_exploratory,673,0,0.3230887624037123
mlp_exploratory,674,0,0.37969569999523234
mlp_exploratory,675,0,0.2784313795450365
mlp_exploratory,676,1,0.3030180461691064
mlp_exploratory,677,1,0.3638971756481405
mlp_exploratory,678,0,0.36829240203398644
mlp_exploratory,679,1,0.23982216001455092
mlp_exploratory,680,0,0.3719884197882857
mlp_exploratory,681,0,0.313172619557779
mlp_exploratory,682,0,0.3170039300039288
mlp_exploratory,683,0,0.3577647589718106
mlp_exploratory,684,0,0.4628919616920406
mlp_exploratory,685,0,0.26127301558194893
mlp_exploratory,686,0,0.39075475861910364
mlp_exploratory,687,0,0.28546337645164155
mlp_exploratory,688,0,0.2137300691910158
mlp_exploratory,689,0,0.3202863790408158
mlp_exploratory,690,0,0.39189978118209756
mlp_exploratory,691,0,0.34498231750301883
mlp_exploratory,692,0,0.3171341356508454
mlp_exploratory,693,0,0.4257714526409421
mlp_exploratory,694,0,0.5369853702934635
mlp_exploratory,695,1,0.58222977801818
mlp_exploratory,696,1,0.31361275942685074
mlp_exploratory,697,1,0.3128855090874992
mlp_exploratory,698,0,0.31209638278485374
mlp_exploratory,699,0,0.17216225882784936
mlp_exploratory,700,0,0.3511840235073716
mlp_exploratory,701,1,0.22959965945547317
mlp_exploratory,702,1,0.1847488280345442
mlp_exploratory,703,1,0.39913572616122395
mlp_exploratory,704,1,0.19744254863661392
mlp_exploratory,705,0,0.35927380284341043
mlp_exploratory,706,0,0.3281891706037435
mlp_exploratory,707,0,0.33804840741313236
mlp_exploratory,708,0,0.4428581090390202
mlp_exploratory,709,0,0.351098499503541
mlp_exploratory,710,0,0.41502633128241323
mlp_exploratory,711,0,0.18076143317336643
xgboost,0,0,0.14357060194015503
xgboost,1,0,0.06331083923578262
xgboost,2,1,0.9088752865791321
xgboost,3,0,0.03532320261001587
xgboost,4,0,0.16727590560913086
xgboost,5,1,0.9647089242935181
xgboost,6,1,0.9712288975715637
xgboost,7,1,0.7853760123252869
xgboost,8,1,0.9669013619422913
xgboost,9,0,0.24440310895442963
xgboost,10,0,0.18219377100467682
xgboost,11,0,0.23465678095817566
xgboost,12,0,0.10179173201322556
xgboost,13,0,0.3035299479961395
xgboost,14,1,0.3284607231616974
xgboost,15,0,0.09399941563606262
xgboost,16,0,0.4084998369216919
xgboost,17,0,0.11472613364458084
xgboost,18,0,0.06350847333669662
xgboost,19,0,0.04108387976884842
xgboost,20,0,0.16590441763401031
xgboost,21,0,0.02652573585510254
xgboost,22,0,0.08894878625869751
xgboost,23,0,0.040339283645153046
xgboost,24,0,0.06704270094633102
xgboost,25,0,0.1475411355495453
xgboost,26,0,0.0619390606880188
xgboost,27,0,0.14336834847927094
xgboost,28,0,0.07322753965854645
xgboost,29,0,0.9786571860313416
xgboost,30,0,0.14339712262153625
xgboost,31,1,0.9115016460418701
xgboost,32,1,0.16395914554595947
xgboost,33,0,0.07687103003263474
xgboost,34,0,0.15855398774147034
xgboost,35,0,0.04977675527334213
xgboost,36,0,0.06886181235313416
xgboost,37,0,0.09083648771047592
xgboost,38,0,0.20092399418354034
xgboost,39,1,0.3332308530807495
xgboost,40,0,0.08049242943525314
xgboost,41,1,0.9770488142967224
xgboost,42,1,0.2870199978351593
xgboost,43,0,0.030461663380265236
xgboost,44,1,0.1305650770664215
xgboost,45,0,0.052311453968286514
xgboost,46,0,0.12372420728206635
xgboost,47,1,0.3357982337474823
xgboost,48,0,0.11599382013082504
xgboost,49,0,0.2188512533903122
xgboost,50,1,0.8341280221939087
xgboost,51,1,0.29406601190567017
xgboost,52,0,0.1072322279214859
xgboost,53,1,0.7723573446273804
xgboost,54,1,0.7104657888412476
xgboost,55,1,0.8691690564155579
xgboost,56,1,0.9702698588371277
xgboost,57,0,0.13142777979373932
xgboost,58,0,0.1801588386297226
xgboost,59,0,0.0412788912653923
xgboost,60,1,0.9689444899559021
xgboost,61,1,0.029317596927285194
xgboost,62,0,0.05913105607032776
xgboost,63,0,0.19524306058883667
xgboost,64,1,0.9579960107803345
xgboost,65,1,0.3996600806713104
xgboost,66,0,0.05038655549287796
xgboost,67,1,0.9746013283729553
xgboost,68,0,0.05243847146630287
xgboost,69,0,0.2257637083530426
xgboost,70,1,0.14254635572433472
xgboost,71,1,0.9704236388206482
xgboost,72,0,0.0440724678337574
xgboost,73,0,0.25460413098335266
xgboost,74,0,0.13248471915721893
xgboost,75,1,0.9492799043655396
xgboost,76,0,0.2287978082895279
xgboost,77,1,0.2419840395450592
xgboost,78,0,0.3396926820278168
xgboost,79,0,0.17711183428764343
xgboost,80,0,0.4829779267311096
xgboost,81,0,0.27747073769569397
xgboost,82,1,0.9486947059631348
xgboost,83,0,0.2532931864261627
xgboost,84,1,0.5854369401931763
xgboost,85,0,0.4192127585411072
xgboost,86,1,0.6044644713401794
xgboost,87,1,0.9803178310394287
xgboost,88,1,0.9647763967514038
xgboost,89,0,0.0880625769495964
xgboost,90,0,0.13007687032222748
xgboost,91,0,0.1877485066652298
xgboost,92,0,0.35237500071525574
xgboost,93,0,0.1738702356815338
xgboost,94,0,0.10944532603025436
xgboost,95,0,0.19724231958389282
xgboost,96,1,0.5361423492431641
xgboost,97,0,0.17893576622009277
xgboost,98,1,0.5249892473220825
xgboost,99,0,0.066256582736969
xgboost,100,1,0.8079572916030884
xgboost,101,0,0.14421260356903076
xgboost,102,0,0.36648663878440857
xgboost,103,1,0.5359398722648621
xgboost,104,0,0.12371546030044556
xgboost,105,1,0.9764069318771362
xgboost,106,0,0.09824971854686737
xgboost,107,0,0.13711145520210266
xgboost,108,1,0.27883824706077576
xgboost,109,0,0.28436172008514404
xgboost,110,1,0.979936957359314
xgboost,111,1,0.9353119730949402
xgboost,112,0,0.19245001673698425
xgboost,113,1,0.9779576659202576
xgboost,114,0,0.1449330747127533
xgboost,115,1,0.9554458260536194
xgboost,116,1,0.668140172958374
xgboost,117,1,0.18982434272766113
xgboost,118,0,0.9489237070083618
xgboost,119,0,0.22612914443016052
xgboost,120,1,0.9737179279327393
xgboost,121,0,0.10131513327360153
xgboost,122,1,0.7581427097320557
xgboost,123,0,0.19390760362148285
xgboost,124,0,0.06098479777574539
xgboost,125,1,0.9405537247657776
xgboost,126,1,0.9062515497207642
xgboost,127,0,0.03780614212155342
xgboost,128,1,0.2976743280887604
xgboost,129,1,0.9739094376564026
xgboost,130,1,0.9807775616645813
xgboost,131,0,0.25284692645072937
xgboost,132,1,0.9493150115013123
xgboost,133,1,0.9387058615684509
xgboost,134,0,0.18313270807266235
xgboost,135,1,0.9703105092048645
xgboost,136,0,0.10144083201885223
xgboost,137,1,0.9841762781143188
xgboost,138,0,0.07219164818525314
xgboost,139,0,0.21516092121601105
xgboost,140,1,0.06374617666006088
xgboost,141,1,0.9433825016021729
xgboost,142,1,0.8957047462463379
xgboost,143,1,0.9179844260215759
xgboost,144,0,0.21862532198429108
xgboost,145,0,0.37754979729652405
xgboost,146,1,0.23333178460597992
xgboost,147,0,0.41779854893684387
xgboost,148,0,0.2556249499320984
xgboost,149,0,0.12618134915828705
xgboost,150,0,0.1947944313287735
xgboost,151,1,0.9237208366394043
xgboost,152,0,0.06311177462339401
xgboost,153,1,0.8991447687149048
xgboost,154,0,0.17277628183364868
xgboost,155,1,0.9812347292900085
xgboost,156,1,0.3880668878555298
xgboost,157,1,0.5924778580665588
xgboost,158,0,0.08754810690879822
xgboost,159,0,0.0412788912653923
xgboost,160,1,0.9380682706832886
xgboost,161,1,0.3263521194458008
xgboost,162,1,0.18342624604701996
xgboost,163,0,0.04694829508662224
xgboost,164,0,0.0789211243391037
xgboost,165,0,0.2572018802165985
xgboost,166,1,0.2670367956161499
xgboost,167,0,0.16590441763401031
xgboost,168,1,0.9536441564559937
xgboost,169,0,0.14402972161769867
xgboost,170,1,0.9138199090957642
xgboost,171,0,0.28008803725242615
xgboost,172,0,0.3461913466453552
xgboost,173,1,0.25931671261787415
xgboost,174,0,0.24572743475437164
xgboost,175,0,0.2597654461860657
xgboost,176,1,0.325875461101532
xgboost,177,0,0.10717471688985825
xgboost,178,1,0.9531497359275818
xgboost,179,0,0.19816012680530548
xgboost,180,0,0.3698042631149292
xgboost,181,0,0.08417080342769623
xgboost,182,1,0.21073324978351593
xgboost,183,1,0.6203448176383972
xgboost,184,0,0.23386697471141815
xgboost,185,1,0.9499480128288269
xgboost,186,0,0.17841728031635284
xgboost,187,1,0.2721412181854248
xgboost,188,0,0.5391244292259216
xgboost,189,0,0.1445617824792862
xgboost,190,1,0.18132464587688446
xgboost,191,1,0.9574832320213318
xgboost,192,1,0.8717008233070374
xgboost,193,1,0.1478082686662674
xgboost,194,0,0.3773307800292969
xgboost,195,0,0.0769072100520134
xgboost,196,1,0.4069989025592804
xgboost,197,1,0.9375190138816833
xgboost,198,1,0.9000513553619385
xgboost,199,1,0.9865151047706604
xgboost,200,0,0.04922384023666382
xgboost,201,0,0.0749870091676712
xgboost,202,0,0.10464027523994446
xgboost,203,0,0.10843372344970703
xgboost,204,1,0.8292344808578491
xgboost,205,1,0.783949613571167
xgboost,206,0,0.48058784008026123
xgboost,207,0,0.40988051891326904
xgboost,208,0,0.18414705991744995
xgboost,209,1,0.6180002093315125
xgboost,210,0,0.14239396154880524
xgboost,211,1,0.4423711597919464
xgboost,212,1,0.20449841022491455
xgboost,213,0,0.0871126800775528
xgboost,214,1,0.11729896068572998
xgboost,215,1,0.30123186111450195
xgboost,216,0,0.22569184005260468
xgboost,217,0,0.14361083507537842
xgboost,218,1,0.20223811268806458
xgboost,219,0,0.14593154191970825
xgboost,220,0,0.2592724859714508
xgboost,221,1,0.04983511194586754
xgboost,222,0,0.20567524433135986
xgboost,223,1,0.9724285006523132
xgboost,224,0,0.08968750387430191
xgboost,225,0,0.15733735263347626
xgboost,226,0,0.12230181694030762
xgboost,227,0,0.2568209171295166
xgboost,228,1,0.8981205821037292
xgboost,229,0,0.1288766860961914
xgboost,230,1,0.5159906148910522
xgboost,231,1,0.39695385098457336
xgboost,232,1,0.9819068312644958
xgboost,233,0,0.1285271942615509
xgboost,234,0,0.13529805839061737
xgboost,235,0,0.21999309957027435
xgboost,236,1,0.8751747608184814
xgboost,237,0,0.17318770289421082
xgboost,238,1,0.906396210193634
xgboost,239,0,0.1827457696199417
xgboost,240,0,0.05979238823056221
xgboost,241,1,0.09135779738426208
xgboost,242,1,0.9130913615226746
xgboost,243,1,0.21433597803115845
xgboost,244,0,0.8704585433006287
xgboost,245,1,0.4396491050720215
xgboost,246,1,0.897882878780365
xgboost,247,0,0.12245139479637146
xgboost,248,1,0.11954199522733688
xgboost,249,0,0.13956651091575623
xgboost,250,1,0.32848429679870605
xgboost,251,1,0.1023402214050293
xgboost,252,1,0.23169489204883575
xgboost,253,0,0.2611968219280243
xgboost,254,0,0.07684984058141708
xgboost,255,1,0.9392766952514648
xgboost,256,0,0.4430546462535858
xgboost,257,0,0.1309640109539032
xgboost,258,0,0.17478330433368683
xgboost,259,0,0.049662403762340546
xgboost,260,1,0.4174247980117798
xgboost,261,0,0.0658559799194336
xgboost,262,1,0.17462146282196045
xgboost,263,1,0.1511315107345581
xgboost,264,0,0.3115157186985016
xgboost,265,0,0.12092836201190948
xgboost,266,0,0.05695042386651039
xgboost,267,1,0.9087597131729126
xgboost,268,0,0.08065661787986755
xgboost,269,0,0.16831231117248535
xgboost,270,0,0.2086116373538971
xgboost,271,0,0.2829980254173279
xgboost,272,0,0.08439336717128754
xgboost,273,1,0.20507024228572845
xgboost,274,0,0.06943007558584213
xgboost,275,1,0.3849683105945587
xgboost,276,1,0.08151595294475555
xgboost,277,0,0.2661074697971344
xgboost,278,0,0.4738782048225403
xgboost,279,1,0.7248212099075317
xgboost,280,0,0.17978787422180176
xgboost,281,0,0.563494861125946
xgboost,282,0,0.23476602137088776
xgboost,283,1,0.28692933917045593
xgboost,284,0,0.21474501490592957
xgboost,285,0,0.2695485055446625
xgboost,286,0,0.1233149915933609
xgboost,287,0,0.02096930518746376
xgboost,288,0,0.0701189786195755
xgboost,289,1,0.6198622584342957
xgboost,290,1,0.6007251739501953
xgboost,291,0,0.07796433568000793
xgboost,292,0,0.10624399781227112
xgboost,293,1,0.18870115280151367
xgboost,294,0,0.24105621874332428
xgboost,295,1,0.2966560125350952
xgboost,296,0,0.11163550615310669
xgboost,297,0,0.1999741792678833
xgboost,298,0,0.06974489986896515
xgboost,299,1,0.5950076580047607
xgboost,300,0,0.07427386194467545
xgboost,301,0,0.10527561604976654
xgboost,302,0,0.2223893404006958
xgboost,303,0,0.17065845429897308
xgboost,304,0,0.8634916543960571
xgboost,305,0,0.3479357063770294
xgboost,306,1,0.22338417172431946
xgboost,307,0,0.13520412147045135
xgboost,308,1,0.5219075083732605
xgboost,309,1,0.9296389222145081
xgboost,310,0,0.039288751780986786
xgboost,311,1,0.15867653489112854
xgboost,312,0,0.08877000212669373
xgboost,313,1,0.265926331281662
xgboost,314,1,0.18859334290027618
xgboost,315,1,0.12281373143196106
xgboost,316,0,0.09858500957489014
xgboost,317,0,0.11517112702131271
xgboost,318,1,0.47866183519363403
xgboost,319,0,0.19853627681732178
xgboost,320,0,0.09778457880020142
xgboost,321,0,0.4776475131511688
xgboost,322,1,0.8805841207504272
xgboost,323,1,0.893446147441864
xgboost,324,1,0.8759033679962158
xgboost,325,0,0.07364625483751297
xgboost,326,0,0.9669709205627441
xgboost,327,1,0.24881309270858765
xgboost,328,1,0.35033079981803894
xgboost,329,0,0.24862012267112732
xgboost,330,1,0.28874707221984863
xgboost,331,1,0.7025977969169617
xgboost,332,0,0.14038118720054626
xgboost,333,0,0.12080296128988266
xgboost,334,0,0.1278703361749649
xgboost,335,0,0.12172091007232666
xgboost,336,0,0.09634247422218323
xgboost,337,0,0.020104536786675453
xgboost,338,0,0.3801310062408447
xgboost,339,0,0.11885417997837067
xgboost,340,0,0.31634601950645447
xgboost,341,0,0.2714517414569855
xgboost,342,1,0.2285706251859665
xgboost,343,0,0.1230132058262825
xgboost,344,0,0.3798770606517792
xgboost,345,0,0.45929571986198425
xgboost,346,0,0.25941452383995056
xgboost,347,1,0.2204793095588684
xgboost,348,0,0.20320183038711548
xgboost,349,0,0.24540668725967407
xgboost,350,0,0.08320111036300659
xgboost,351,0,0.10838396847248077
xgboost,352,0,0.4433097243309021
xgboost,353,0,0.11591854691505432
xgboost,354,0,0.07094381004571915
xgboost,355,1,0.8814600110054016
xgboost,356,1,0.19520513713359833
xgboost,357,0,0.09393401443958282
xgboost,358,0,0.09858227521181107
xgboost,359,0,0.20263853669166565
xgboost,360,0,0.02355118840932846
xgboost,361,0,0.08217041939496994
xgboost,362,1,0.7382184267044067
xgboost,363,0,0.3453216254711151
xgboost,364,0,0.11126511543989182
xgboost,365,0,0.3956871032714844
xgboost,366,0,0.2125454992055893
xgboost,367,0,0.14584136009216309
xgboost,368,1,0.8694093227386475
xgboost,369,1,0.3141496479511261
xgboost,370,0,0.3191504180431366
xgboost,371,0,0.21705682575702667
xgboost,372,0,0.2852524518966675
xgboost,373,0,0.31038010120391846
xgboost,374,0,0.03581215441226959
xgboost,375,0,0.1602078676223755
xgboost,376,1,0.18299980461597443
xgboost,377,0,0.2220419943332672
xgboost,378,0,0.20529229938983917
xgboost,379,0,0.2223079651594162
xgboost,380,0,0.11588992923498154
xgboost,381,0,0.13613826036453247
xgboost,382,0,0.07175470143556595
xgboost,383,1,0.0380043089389801
xgboost,384,0,0.05436303839087486
xgboost,385,1,0.0788390263915062
xgboost,386,1,0.2364400178194046
xgboost,387,0,0.410064160823822
xgboost,388,0,0.19446709752082825
xgboost,389,0,0.13098646700382233
xgboost,390,0,0.22988982498645782
xgboost,391,0,0.07714415341615677
xgboost,392,0,0.10798297077417374
xgboost,393,1,0.7728326916694641
xgboost,394,0,0.3624933660030365
xgboost,395,0,0.22872838377952576
xgboost,396,0,0.15045972168445587
xgboost,397,0,0.07360564917325974
xgboost,398,0,0.13925012946128845
xgboost,399,1,0.049079135060310364
xgboost,400,0,0.28094884753227234
xgboost,401,0,0.21407075226306915
xgboost,402,1,0.2112024873495102
xgboost,403,1,0.05298909544944763
xgboost,404,0,0.1022171750664711
xgboost,405,0,0.18873898684978485
xgboost,406,0,0.2498285472393036
xgboost,407,0,0.15386150777339935
xgboost,408,0,0.10215701162815094
xgboost,409,1,0.26133978366851807
xgboost,410,1,0.12150683254003525
xgboost,411,0,0.13606205582618713
xgboost,412,0,0.15404874086380005
xgboost,413,0,0.07554563879966736
xgboost,414,0,0.19126255810260773
xgboost,415,1,0.9140854477882385
xgboost,416,0,0.8374109268188477
xgboost,417,0,0.22558316588401794
xgboost,418,0,0.1616007387638092
xgboost,419,1,0.882188618183136
xgboost,420,0,0.03908609226346016
xgboost,421,0,0.18065795302391052
xgboost,422,1,0.29041776061058044
xgboost,423,0,0.0390377901494503
xgboost,424,0,0.04145735502243042
xgboost,425,0,0.4446389377117157
xgboost,426,0,0.11331591010093689
xgboost,427,0,0.0952889621257782
xgboost,428,0,0.10571037977933884
xgboost,429,0,0.5155737996101379
xgboost,430,0,0.19224774837493896
xgboost,431,1,0.8003659248352051
xgboost,432,0,0.06937000900506973
xgboost,433,0,0.2563210129737854
xgboost,434,0,0.13646793365478516
xgboost,435,1,0.08169810473918915
xgboost,436,0,0.07528731971979141
xgboost,437,0,0.08226822316646576
xgboost,438,0,0.19111622869968414
xgboost,439,0,0.05723689869046211
xgboost,440,0,0.19388210773468018
xgboost,441,0,0.14737148582935333
xgboost,442,0,0.2624222934246063
xgboost,443,0,0.03921237587928772
xgboost,444,0,0.08803866803646088
xgboost,445,1,0.33115354180336
xgboost,446,0,0.3481389284133911
xgboost,447,0,0.05451804772019386
xgboost,448,0,0.10297419875860214
xgboost,449,0,0.2216048240661621
xgboost,450,0,0.04185963794589043
xgboost,451,1,0.8808864951133728
xgboost,452,1,0.3168560862541199
xgboost,453,1,0.14563529193401337
xgboost,454,1,0.08947757631540298
xgboost,455,0,0.3259800374507904
xgboost,456,0,0.1070885881781578
xgboost,457,0,0.3377726376056671
xgboost,458,0,0.16135664284229279
xgboost,459,0,0.14948002994060516
xgboost,460,1,0.08226387947797775
xgboost,461,0,0.10155867785215378
xgboost,462,0,0.08776077628135681
xgboost,463,0,0.10963781923055649
xgboost,464,0,0.1807803362607956
xgboost,465,0,0.12647470831871033
xgboost,466,0,0.2420884221792221
xgboost,467,0,0.08194742351770401
xgboost,468,0,0.1349269151687622
xgboost,469,0,0.13758441805839539
xgboost,470,0,0.6222460865974426
xgboost,471,1,0.4175141751766205
xgboost,472,0,0.08996681123971939
xgboost,473,0,0.05200979486107826
xgboost,474,0,0.07833608984947205
xgboost,475,1,0.08848258852958679
xgboost,476,0,0.19388845562934875
xgboost,477,0,0.0898011326789856
xgboost,478,0,0.6192470788955688
xgboost,479,1,0.09245554357767105
xgboost,480,0,0.04742133989930153
xgboost,481,0,0.5737119913101196
xgboost,482,0,0.295276939868927
xgboost,483,0,0.10798558592796326
xgboost,484,0,0.1086469367146492
xgboost,485,0,0.1057470515370369
xgboost,486,0,0.44847363233566284
xgboost,487,0,0.36487603187561035
xgboost,488,0,0.12915249168872833
xgboost,489,0,0.30776673555374146
xgboost,490,0,0.13651373982429504
xgboost,491,1,0.26630252599716187
xgboost,492,0,0.14139334857463837
xgboost,493,0,0.11122933030128479
xgboost,494,0,0.08088575303554535
xgboost,495,0,0.07926986366510391
xgboost,496,0,0.08268819004297256
xgboost,497,0,0.20231156051158905
xgboost,498,1,0.03336024284362793
xgboost,499,0,0.18197321891784668
xgboost,500,0,0.14745976030826569
xgboost,501,0,0.1729835420846939
xgboost,502,1,0.07209767401218414
xgboost,503,0,0.1430686116218567
xgboost,504,0,0.3201783001422882
xgboost,505,0,0.012971955351531506
xgboost,506,0,0.7115756273269653
xgboost,507,0,0.14115984737873077
xgboost,508,1,0.12667463719844818
xgboost,509,0,0.06122741103172302
xgboost,510,0,0.3683196008205414
xgboost,511,1,0.5416238307952881
xgboost,512,0,0.26123660802841187
xgboost,513,0,0.43572232127189636
xgboost,514,0,0.2803012430667877
xgboost,515,1,0.4142903685569763
xgboost,516,0,0.17846745252609253
xgboost,517,0,0.17686578631401062
xgboost,518,1,0.37880417704582214
xgboost,519,1,0.9519917964935303
xgboost,520,0,0.29584258794784546
xgboost,521,0,0.0752560943365097
xgboost,522,0,0.24402621388435364
xgboost,523,0,0.3872605860233307
xgboost,524,1,0.22090955078601837
xgboost,525,0,0.23179230093955994
xgboost,526,0,0.11426728218793869
xgboost,527,1,0.06645219027996063
xgboost,528,1,0.5113506317138672
xgboost,529,0,0.191476508975029
xgboost,530,0,0.1691499799489975
xgboost,531,0,0.11891812086105347
xgboost,532,0,0.18191403150558472
xgboost,533,0,0.051268696784973145
xgboost,534,0,0.07603359967470169
xgboost,535,0,0.3082789182662964
xgboost,536,0,0.06942860782146454
xgboost,537,0,0.12326060235500336
xgboost,538,0,0.25063756108283997
xgboost,539,0,0.15346451103687286
xgboost,540,0,0.3058193624019623
xgboost,541,0,0.08127493411302567
xgboost,542,0,0.06679818779230118
xgboost,543,1,0.05733875185251236
xgboost,544,0,0.742932915687561
xgboost,545,0,0.09122278541326523
xgboost,546,0,0.35639628767967224
xgboost,547,1,0.8068100810050964
xgboost,548,0,0.9110933542251587
xgboost,549,0,0.07264658063650131
xgboost,550,0,0.1383344978094101
xgboost,551,0,0.591607928276062
xgboost,552,0,0.28588607907295227
xgboost,553,0,0.11715694516897202
xgboost,554,1,0.19564537703990936
xgboost,555,1,0.02898288331925869
xgboost,556,1,0.2881042957305908
xgboost,557,0,0.057562991976737976
xgboost,558,1,0.07058320939540863
xgboost,559,0,0.1923997402191162
xgboost,560,1,0.9336333870887756
xgboost,561,0,0.05942155793309212
xgboost,562,0,0.33732059597969055
xgboost,563,0,0.29371702671051025
xgboost,564,0,0.16613255441188812
xgboost,565,0,0.05186516046524048
xgboost,566,0,0.3006715178489685
xgboost,567,0,0.34295347332954407
xgboost,568,1,0.24691225588321686
xgboost,569,0,0.33709460496902466
xgboost,570,0,0.17328739166259766
xgboost,571,0,0.08671152591705322
xgboost,572,0,0.5171894431114197
xgboost,573,0,0.15867041051387787
xgboost,574,0,0.06097319349646568
xgboost,575,0,0.23658397793769836
xgboost,576,0,0.058915846049785614
xgboost,577,1,0.13929502665996552
xgboost,578,0,0.32645541429519653
xgboost,579,0,0.14047682285308838
xgboost,580,0,0.10689384490251541
xgboost,581,0,0.02234572544693947
xgboost,582,0,0.021694686263799667
xgboost,583,1,0.05033092945814133
xgboost,584,0,0.13411059975624084
xgboost,585,0,0.05848042294383049
xgboost,586,0,0.10862596333026886
xgboost,587,0,0.09565294533967972
xgboost,588,0,0.05101795494556427
xgboost,589,0,0.13010814785957336
xgboost,590,0,0.1594475358724594
xgboost,591,0,0.1962311714887619
xgboost,592,0,0.0772523283958435
xgboost,593,0,0.16098466515541077
xgboost,594,0,0.07148543000221252
xgboost,595,0,0.37754979729652405
xgboost,596,0,0.2078896313905716
xgboost,597,0,0.09013897180557251
xgboost,598,1,0.39054977893829346
xgboost,599,0,0.08611737191677094
xgboost,600,0,0.18388086557388306
xgboost,601,0,0.3235186040401459
xgboost,602,0,0.6078238487243652
xgboost,603,0,0.15956629812717438
xgboost,604,0,0.15504346787929535
xgboost,605,0,0.09355532377958298
xgboost,606,0,0.10499248653650284
xgboost,607,1,0.825127363204956
xgboost,608,0,0.22834166884422302
xgboost,609,0,0.11551796644926071
xgboost,610,0,0.2112533301115036
xgboost,611,1,0.15158440172672272
xgboost,612,0,0.07592957466840744
xgboost,613,0,0.09077656269073486
xgboost,614,0,0.13239234685897827
xgboost,615,0,0.19950847327709198
xgboost,616,0,0.24803027510643005
xgboost,617,0,0.037094250321388245
xgboost,618,1,0.8425114750862122
xgboost,619,0,0.3149098753929138
xgboost,620,1,0.39563679695129395
xgboost,621,0,0.35047224164009094
xgboost,622,1,0.8934507369995117
xgboost,623,0,0.15545246005058289
xgboost,624,0,0.035200729966163635
xgboost,625,0,0.10303189605474472
xgboost,626,0,0.24436110258102417
xgboost,627,1,0.9147874116897583
xgboost,628,1,0.9760717153549194
xgboost,629,1,0.12482120096683502
xgboost,630,1,0.1384139209985733
xgboost,631,0,0.17033973336219788
xgboost,632,0,0.16553427278995514
xgboost,633,0,0.2633044421672821
xgboost,634,0,0.2050270140171051
xgboost,635,0,0.1244601458311081
xgboost,636,0,0.10262101888656616
xgboost,637,1,0.16655871272087097
xgboost,638,0,0.12905023992061615
xgboost,639,1,0.8623079061508179
xgboost,640,0,0.0453139990568161
xgboost,641,0,0.5456183552742004
xgboost,642,0,0.051685698330402374
xgboost,643,0,0.07308513671159744
xgboost,644,0,0.16873368620872498
xgboost,645,1,0.3834382891654968
xgboost,646,0,0.08839551359415054
xgboost,647,1,0.5333645939826965
xgboost,648,0,0.07195065915584564
xgboost,649,0,0.04395623505115509
xgboost,650,1,0.14042747020721436
xgboost,651,0,0.0635058805346489
xgboost,652,0,0.5376449227333069
xgboost,653,0,0.13325347006320953
xgboost,654,1,0.4092978239059448
xgboost,655,0,0.8882633447647095
xgboost,656,0,0.046297479420900345
xgboost,657,0,0.1155904158949852
xgboost,658,0,0.10489558428525925
xgboost,659,0,0.21054042875766754
xgboost,660,0,0.035424284636974335
xgboost,661,0,0.22830070555210114
xgboost,662,0,0.1577100157737732
xgboost,663,1,0.35250985622406006
xgboost,664,0,0.24858054518699646
xgboost,665,0,0.09971653670072556
xgboost,666,1,0.7878015041351318
xgboost,667,0,0.06418853253126144
xgboost,668,0,0.06993632018566132
xgboost,669,0,0.17311416566371918
xgboost,670,0,0.1914166361093521
xgboost,671,0,0.048737410455942154
xgboost,672,0,0.2730378806591034
xgboost,673,0,0.06975645571947098
xgboost,674,0,0.07221413403749466
xgboost,675,0,0.22421696782112122
xgboost,676,1,0.2181810587644577
xgboost,677,1,0.07301786541938782
xgboost,678,0,0.07996238023042679
xgboost,679,1,0.0925733745098114
xgboost,680,0,0.06468342989683151
xgboost,681,0,0.08898544311523438
xgboost,682,0,0.0535021610558033
xgboost,683,0,0.0962279662489891
xgboost,684,0,0.10360149294137955
xgboost,685,0,0.05887753888964653
xgboost,686,0,0.33600759506225586
xgboost,687,0,0.23444326221942902
xgboost,688,0,0.6050419807434082
xgboost,689,0,0.12842778861522675
xgboost,690,0,0.1552586853504181
xgboost,691,0,0.06845775246620178
xgboost,692,0,0.08919452130794525
xgboost,693,0,0.08442800492048264
xgboost,694,0,0.5468218922615051
xgboost,695,1,0.8842275738716125
xgboost,696,1,0.11028853803873062
xgboost,697,1,0.11424271762371063
xgboost,698,0,0.10695820301771164
xgboost,699,0,0.17973433434963226
xgboost,700,0,0.5770047903060913
xgboost,701,1,0.6201157569885254
xgboost,702,1,0.2170764058828354
xgboost,703,1,0.05694647133350372
xgboost,704,1,0.48954498767852783
xgboost,705,0,0.16367942094802856
xgboost,706,0,0.20557865500450134
xgboost,707,0,0.13255763053894043
xgboost,708,0,0.617465615272522
xgboost,709,0,0.27724602818489075
xgboost,710,0,0.25487613677978516
xgboost,711,0,0.11607422679662704
quantum_iqp_zz,0,0,-0.6552836710614538
quantum_iqp_zz,1,0,-1.1993334586840336
quantum_iqp_zz,2,1,1.2701451221387168
quantum_iqp_zz,3,0,-1.0828079039711294
quantum_iqp_zz,4,0,-1.0023999072162861
quantum_iqp_zz,5,1,1.2241626839133444
quantum_iqp_zz,6,1,0.9606802764369891
quantum_iqp_zz,7,1,0.0034042298809297544
quantum_iqp_zz,8,1,1.0524855320377577
quantum_iqp_zz,9,0,-0.70780516763153
quantum_iqp_zz,10,0,-0.6451607821489239
quantum_iqp_zz,11,0,-0.5607806156739178
quantum_iqp_zz,12,0,-0.6980298863924147
quantum_iqp_zz,13,0,-0.7995038025666702
quantum_iqp_zz,14,1,-1.1401488748225939
quantum_iqp_zz,15,0,-0.9098099815214641
quantum_iqp_zz,16,0,-1.0805998981663874
quantum_iqp_zz,17,0,-0.9021106660117353
quantum_iqp_zz,18,0,-0.9707044746486929
quantum_iqp_zz,19,0,-0.9909554409904617
quantum_iqp_zz,20,0,-0.6519466627922985
quantum_iqp_zz,21,0,-1.3328941738516673
quantum_iqp_zz,22,0,-0.8023610773413179
quantum_iqp_zz,23,0,-0.8602444670316058
quantum_iqp_zz,24,0,-1.0437064926535546
quantum_iqp_zz,25,0,-1.114186048739985
quantum_iqp_zz,26,0,-0.9129937168027632
quantum_iqp_zz,27,0,-0.9926176326746059
quantum_iqp_zz,28,0,-0.9540406963670229
quantum_iqp_zz,29,0,1.244306887765048
quantum_iqp_zz,30,0,-1.048127085490088
quantum_iqp_zz,31,1,0.5217022871273986
quantum_iqp_zz,32,1,-1.0265159846090044
quantum_iqp_zz,33,0,-1.0771075189734916
quantum_iqp_zz,34,0,-0.7226807530929199
quantum_iqp_zz,35,0,-0.9011288882491582
quantum_iqp_zz,36,0,-1.084528049047095
quantum_iqp_zz,37,0,-1.037514623527691
quantum_iqp_zz,38,0,-0.8351559693340206
quantum_iqp_zz,39,1,-0.4870121912002233
quantum_iqp_zz,40,0,-1.0197098033072494
quantum_iqp_zz,41,1,1.3911867871191221
quantum_iqp_zz,42,1,-0.6558059076101106
quantum_iqp_zz,43,0,-0.8996086444815682
quantum_iqp_zz,44,1,-0.8937279517258111
quantum_iqp_zz,45,0,-0.8898840425071564
quantum_iqp_zz,46,0,-0.9665352162859404
quantum_iqp_zz,47,1,-1.0925459067581627
quantum_iqp_zz,48,0,-1.2710159583278555
quantum_iqp_zz,49,0,0.10184208496998892
quantum_iqp_zz,50,1,-0.3806987911089616
quantum_iqp_zz,51,1,-0.8057799711604788
quantum_iqp_zz,52,0,-0.6713650747443296
quantum_iqp_zz,53,1,0.46971943591499005
quantum_iqp_zz,54,1,2.3949659834827175
quantum_iqp_zz,55,1,0.9935756209404463
quantum_iqp_zz,56,1,1.177013140336153
quantum_iqp_zz,57,0,-1.2699532466595935
quantum_iqp_zz,58,0,-1.2311415684020726
quantum_iqp_zz,59,0,-0.9251474459505
quantum_iqp_zz,60,1,1.1034740487002683
quantum_iqp_zz,61,1,-1.121796743212513
quantum_iqp_zz,62,0,-0.9074946363608232
quantum_iqp_zz,63,0,-1.3523199603422817
quantum_iqp_zz,64,1,1.3120821338006485
quantum_iqp_zz,65,1,-0.8568472141534544
quantum_iqp_zz,66,0,-0.8451690804077583
quantum_iqp_zz,67,1,1.1104190310190811
quantum_iqp_zz,68,0,-1.0993029436014568
quantum_iqp_zz,69,0,-0.6505914131004162
quantum_iqp_zz,70,1,-0.4271027825889857
quantum_iqp_zz,71,1,1.2518457058670764
quantum_iqp_zz,72,0,-1.0003289991356321
quantum_iqp_zz,73,0,-0.6023109843273813
quantum_iqp_zz,74,0,-0.4269296925669016
quantum_iqp_zz,75,1,1.2555707674886238
quantum_iqp_zz,76,0,-1.3551937578898356
quantum_iqp_zz,77,1,-1.0936377250286446
quantum_iqp_zz,78,0,-0.040789903042933895
quantum_iqp_zz,79,0,-0.6622899553056987
quantum_iqp_zz,80,0,-1.1043635261160185
quantum_iqp_zz,81,0,-1.0353163886270251
quantum_iqp_zz,82,1,1.4285014476368494
quantum_iqp_zz,83,0,-0.4019958649002072
quantum_iqp_zz,84,1,0.7908386871879034
quantum_iqp_zz,85,0,-0.4077806666778388
quantum_iqp_zz,86,1,-0.1927192788588103
quantum_iqp_zz,87,1,1.2950506648141258
quantum_iqp_zz,88,1,1.2001150968359
quantum_iqp_zz,89,0,-1.0882158816760743
quantum_iqp_zz,90,0,-0.48779142491069166
quantum_iqp_zz,91,0,1.1431446031526047
quantum_iqp_zz,92,0,-1.0684220712316401
quantum_iqp_zz,93,0,-1.0593109562154475
quantum_iqp_zz,94,0,-0.6476751676752375
quantum_iqp_zz,95,0,-0.5901867955995306
quantum_iqp_zz,96,1,0.02360970576624105
quantum_iqp_zz,97,0,-0.5587295119965006
quantum_iqp_zz,98,1,-0.08855745339008875
quantum_iqp_zz,99,0,-0.7017347563145809
quantum_iqp_zz,100,1,1.10827679211619
quantum_iqp_zz,101,0,-0.6632953181705795
quantum_iqp_zz,102,0,-0.31275840554755735
quantum_iqp_zz,103,1,-0.2226129893328223
quantum_iqp_zz,104,0,-0.784083446258008
quantum_iqp_zz,105,1,1.2046798205271252
quantum_iqp_zz,106,0,-1.134789387230835
quantum_iqp_zz,107,0,-0.7647304651846913
quantum_iqp_zz,108,1,-0.6849336929736894
quantum_iqp_zz,109,0,-0.2997431756587631
quantum_iqp_zz,110,1,2.643563947146833
quantum_iqp_zz,111,1,1.0893436909927527
quantum_iqp_zz,112,0,-0.5014209158682478
quantum_iqp_zz,113,1,1.2672329900616341
quantum_iqp_zz,114,0,-0.9967535216566373
quantum_iqp_zz,115,1,1.1085406944054335
quantum_iqp_zz,116,1,-0.23040463957296337
quantum_iqp_zz,117,1,-0.3252816582398787
quantum_iqp_zz,118,0,1.0296023347269982
quantum_iqp_zz,119,0,-0.4609115465853238
quantum_iqp_zz,120,1,1.2750929071268406
quantum_iqp_zz,121,0,-1.0869491339823152
quantum_iqp_zz,122,1,1.1543416781696618
quantum_iqp_zz,123,0,-0.8563165275251585
quantum_iqp_zz,124,0,-0.730410491072956
quantum_iqp_zz,125,1,1.1002387027714517
quantum_iqp_zz,126,1,1.034426318180052
quantum_iqp_zz,127,0,-1.002295519891865
quantum_iqp_zz,128,1,-0.596703790271118
quantum_iqp_zz,129,1,1.3113229163135092
quantum_iqp_zz,130,1,1.2795020845629173
quantum_iqp_zz,131,0,-1.2652716223852865
quantum_iqp_zz,132,1,1.1711252106083443
quantum_iqp_zz,133,1,1.1969956421395378
quantum_iqp_zz,134,0,-1.127495644130965
quantum_iqp_zz,135,1,1.2809181775368046
quantum_iqp_zz,136,0,-1.0154738995118495
quantum_iqp_zz,137,1,1.313665719320137
quantum_iqp_zz,138,0,-1.3853690685712245
quantum_iqp_zz,139,0,-0.5183580183105343
quantum_iqp_zz,140,1,-1.0552528099402259
quantum_iqp_zz,141,1,1.2628030286630372
quantum_iqp_zz,142,1,1.1522174390546296
quantum_iqp_zz,143,1,1.2695043562905737
quantum_iqp_zz,144,0,-1.0884487639577594
quantum_iqp_zz,145,0,-0.7847481103381319
quantum_iqp_zz,146,1,-1.1106368532728603
quantum_iqp_zz,147,0,-1.0724590504558313
quantum_iqp_zz,148,0,-1.2136387655034475
quantum_iqp_zz,149,0,-1.230933951489288
quantum_iqp_zz,150,0,-0.9626759896794688
quantum_iqp_zz,151,1,1.4404783734991686
quantum_iqp_zz,152,0,-1.1201801751754639
quantum_iqp_zz,153,1,-0.024504102890669177
quantum_iqp_zz,154,0,-1.217407964765642
quantum_iqp_zz,155,1,1.1967060305842643
quantum_iqp_zz,156,1,-0.9319568829726517
quantum_iqp_zz,157,1,0.9126752616171943
quantum_iqp_zz,158,0,-1.1210102584330637
quantum_iqp_zz,159,0,-0.9457389141942945
quantum_iqp_zz,160,1,0.9740619219528972
quantum_iqp_zz,161,1,-0.9889049127546876
quantum_iqp_zz,162,1,-1.2087420195088274
quantum_iqp_zz,163,0,-0.7132118482996441
quantum_iqp_zz,164,0,-1.0046805620941361
quantum_iqp_zz,165,0,-0.6203528804692219
quantum_iqp_zz,166,1,-1.0862719485226644
quantum_iqp_zz,167,0,-0.6513403441490242
quantum_iqp_zz,168,1,1.2885778797154024
quantum_iqp_zz,169,0,-0.8358721280737055
quantum_iqp_zz,170,1,0.9901016672054873
quantum_iqp_zz,171,0,-0.38610323975953
quantum_iqp_zz,172,0,-0.838028865702857
quantum_iqp_zz,173,1,-0.9933654022683251
quantum_iqp_zz,174,0,-1.124934424310624
quantum_iqp_zz,175,0,-0.5316643755066081
quantum_iqp_zz,176,1,-0.07766531474443905
quantum_iqp_zz,177,0,-0.933787866333551
quantum_iqp_zz,178,1,1.1581646332190556
quantum_iqp_zz,179,0,-0.5229285243712194
quantum_iqp_zz,180,0,-0.9583258411537557
quantum_iqp_zz,181,0,-0.641271465564549
quantum_iqp_zz,182,1,-1.0087639993112036
quantum_iqp_zz,183,1,1.0459657009755352
quantum_iqp_zz,184,0,-0.6935166089390908
quantum_iqp_zz,185,1,1.1798690022275466
quantum_iqp_zz,186,0,-1.0727545398054585
quantum_iqp_zz,187,1,-1.0164313031445937
quantum_iqp_zz,188,0,-1.039377968644878
quantum_iqp_zz,189,0,-1.0350511645585998
quantum_iqp_zz,190,1,-0.9774934446798882
quantum_iqp_zz,191,1,0.9530751849760631
quantum_iqp_zz,192,1,1.208318042913792
quantum_iqp_zz,193,1,-0.8977670432568682
quantum_iqp_zz,194,0,-1.0346880748706375
quantum_iqp_zz,195,0,-0.8386174250076656
quantum_iqp_zz,196,1,-0.896228521708718
quantum_iqp_zz,197,1,1.2083911411264845
quantum_iqp_zz,198,1,1.175991678593469
quantum_iqp_zz,199,1,1.050690552851095
quantum_iqp_zz,200,0,-1.000581616821353
quantum_iqp_zz,201,0,-1.031673768413437
quantum_iqp_zz,202,0,-1.0191314557464843
quantum_iqp_zz,203,0,-0.7462881449909597
quantum_iqp_zz,204,1,-0.17681620799014564
quantum_iqp_zz,205,1,1.0865757128268605
quantum_iqp_zz,206,0,-1.0372364291148113
quantum_iqp_zz,207,0,-0.9396295861624537
quantum_iqp_zz,208,0,-1.2038624847033597
quantum_iqp_zz,209,1,-0.21632286623190694
quantum_iqp_zz,210,0,-1.1616447345864822
quantum_iqp_zz,211,1,-1.0795425211222351
quantum_iqp_zz,212,1,-0.9377005859717689
quantum_iqp_zz,213,0,-0.8880822388894247
quantum_iqp_zz,214,1,-0.8663422885355933
quantum_iqp_zz,215,1,-1.1342282916064956
quantum_iqp_zz,216,0,-1.0163956674361085
quantum_iqp_zz,217,0,-1.2419764236285538
quantum_iqp_zz,218,1,-0.445584163570312
quantum_iqp_zz,219,0,-0.9556604897633924
quantum_iqp_zz,220,0,-0.7855006208150385
quantum_iqp_zz,221,1,-0.8409402066966092
quantum_iqp_zz,222,0,-1.063446972341545
quantum_iqp_zz,223,1,1.3146265925061766
quantum_iqp_zz,224,0,-0.8371141846839681
quantum_iqp_zz,225,0,-0.6239327261535499
quantum_iqp_zz,226,0,-1.0512199654840533
quantum_iqp_zz,227,0,-0.8566505507602241
quantum_iqp_zz,228,1,-0.10654668456568933
quantum_iqp_zz,229,0,-0.758689044249177
quantum_iqp_zz,230,1,-0.7623909099124789
quantum_iqp_zz,231,1,-1.0148314341872524
quantum_iqp_zz,232,1,1.2413123019937289
quantum_iqp_zz,233,0,-1.0527426710974834
quantum_iqp_zz,234,0,-0.7921257119207972
quantum_iqp_zz,235,0,-0.6443968205683206
quantum_iqp_zz,236,1,1.101015950624192
quantum_iqp_zz,237,0,-1.0436693383747337
quantum_iqp_zz,238,1,1.0851888834268912
quantum_iqp_zz,239,0,-0.0575738371145742
quantum_iqp_zz,240,0,-1.0254702638079656
quantum_iqp_zz,241,1,-0.2586451402085952
quantum_iqp_zz,242,1,1.0747948619137218
quantum_iqp_zz,243,1,-0.5457100510366271
quantum_iqp_zz,244,0,1.0041175168819643
quantum_iqp_zz,245,1,-0.9745108320481383
quantum_iqp_zz,246,1,1.1120044839764203
quantum_iqp_zz,247,0,-0.9987607242973185
quantum_iqp_zz,248,1,-1.2336363540057276
quantum_iqp_zz,249,0,-0.8474645968350253
quantum_iqp_zz,250,1,-0.7612027724376723
quantum_iqp_zz,251,1,-0.8416005994552759
quantum_iqp_zz,252,1,-0.5441965377461853
quantum_iqp_zz,253,0,-1.021012325034501
quantum_iqp_zz,254,0,-0.8306247429143688
quantum_iqp_zz,255,1,1.067882343783097
quantum_iqp_zz,256,0,-0.02611106149817477
quantum_iqp_zz,257,0,-0.6539382972143801
quantum_iqp_zz,258,0,-0.9209391167749253
quantum_iqp_zz,259,0,-1.2067624345134798
quantum_iqp_zz,260,1,-0.9375732586254444
quantum_iqp_zz,261,0,-1.0512576149238462
quantum_iqp_zz,262,1,-0.7717114708390023
quantum_iqp_zz,263,1,-0.5007074232439686
quantum_iqp_zz,264,0,-0.8639090586942255
quantum_iqp_zz,265,0,-0.8920806887618524
quantum_iqp_zz,266,0,-1.0091267988262325
quantum_iqp_zz,267,1,1.186675356686646
quantum_iqp_zz,268,0,-0.9635167198907939
quantum_iqp_zz,269,0,-0.7012240745383618
quantum_iqp_zz,270,0,-1.0517266881143865
quantum_iqp_zz,271,0,-0.8872064001818925
quantum_iqp_zz,272,0,-0.9592099582795758
quantum_iqp_zz,273,1,-1.0234118143075746
quantum_iqp_zz,274,0,-0.866687892222648
quantum_iqp_zz,275,1,-0.6936118113879087
quantum_iqp_zz,276,1,-0.5579197625965311
quantum_iqp_zz,277,0,-1.1240688245952488
quantum_iqp_zz,278,0,-1.2246096240023008
quantum_iqp_zz,279,1,0.40759761205586076
quantum_iqp_zz,280,0,-1.0779861102786388
quantum_iqp_zz,281,0,-1.0006887540264122
quantum_iqp_zz,282,0,-0.896292879207086
quantum_iqp_zz,283,1,-0.6608722106356847
quantum_iqp_zz,284,0,-0.9683029657349118
quantum_iqp_zz,285,0,-1.1222347375064161
quantum_iqp_zz,286,0,-0.7883501424970694
quantum_iqp_zz,287,0,-0.7760408598988745
quantum_iqp_zz,288,0,-1.066840041509931
quantum_iqp_zz,289,1,1.1262953674635203
quantum_iqp_zz,290,1,-0.28755006727136245
quantum_iqp_zz,291,0,-0.9749615720068343
quantum_iqp_zz,292,0,-0.9757819097705364
quantum_iqp_zz,293,1,-0.6767833429789334
quantum_iqp_zz,294,0,-0.7649318462221691
quantum_iqp_zz,295,1,-1.056147335269468
quantum_iqp_zz,296,0,-1.0343337851114236
quantum_iqp_zz,297,0,-1.0100011177498616
quantum_iqp_zz,298,0,-0.8188287737945315
quantum_iqp_zz,299,1,1.2791690891580887
quantum_iqp_zz,300,0,-1.1059133945961457
quantum_iqp_zz,301,0,-0.6635293997902836
quantum_iqp_zz,302,0,-0.9884955178799982
quantum_iqp_zz,303,0,-0.701290574894845
quantum_iqp_zz,304,0,0.947763030852167
quantum_iqp_zz,305,0,-1.0016802110341585
quantum_iqp_zz,306,1,-0.7395001388358903
quantum_iqp_zz,307,0,-0.6554327867744401
quantum_iqp_zz,308,1,0.1974801846312903
quantum_iqp_zz,309,1,1.0649216291042998
quantum_iqp_zz,310,0,-1.0785434833515342
quantum_iqp_zz,311,1,-0.5270775344223764
quantum_iqp_zz,312,0,-0.9439460812055577
quantum_iqp_zz,313,1,-0.908637350548003
quantum_iqp_zz,314,1,-0.8419125665558822
quantum_iqp_zz,315,1,-1.018467339784567
quantum_iqp_zz,316,0,-1.2101808745076743
quantum_iqp_zz,317,0,-1.0351619018751952
quantum_iqp_zz,318,1,-0.6081059625467166
quantum_iqp_zz,319,0,-0.33679492692406054
quantum_iqp_zz,320,0,-0.8504469174649408
quantum_iqp_zz,321,0,-0.17873444716157383
quantum_iqp_zz,322,1,1.0388054167678216
quantum_iqp_zz,323,1,1.011339811954281
quantum_iqp_zz,324,1,-0.20037555644702826
quantum_iqp_zz,325,0,-0.7675895559614497
quantum_iqp_zz,326,0,1.2775173861307179
quantum_iqp_zz,327,1,-1.005487614682383
quantum_iqp_zz,328,1,-0.26036995095794496
quantum_iqp_zz,329,0,-0.7506904769046185
quantum_iqp_zz,330,1,-0.3734950782640797
quantum_iqp_zz,331,1,-0.2996151235862995
quantum_iqp_zz,332,0,-0.9755837616714347
quantum_iqp_zz,333,0,-0.8085010070928631
quantum_iqp_zz,334,0,-0.9478461142730691
quantum_iqp_zz,335,0,-0.8963785427089621
quantum_iqp_zz,336,0,-0.9886407708602858
quantum_iqp_zz,337,0,-1.205281351807081
quantum_iqp_zz,338,0,-1.0067392274951399
quantum_iqp_zz,339,0,-1.0284374381937986
quantum_iqp_zz,340,0,-0.7993611844425291
quantum_iqp_zz,341,0,-0.8611892374065394
quantum_iqp_zz,342,1,-0.5608380217346246
quantum_iqp_zz,343,0,-0.9438415429396353
quantum_iqp_zz,344,0,-0.4708957817789183
quantum_iqp_zz,345,0,-1.0577163234307985
quantum_iqp_zz,346,0,-0.8163176696402166
quantum_iqp_zz,347,1,-0.9529588085356372
quantum_iqp_zz,348,0,-0.4532776157281196
quantum_iqp_zz,349,0,-0.7580804686495123
quantum_iqp_zz,350,0,-0.9837903843569373
quantum_iqp_zz,351,0,-0.8000183873558535
quantum_iqp_zz,352,0,-0.7191931126906626
quantum_iqp_zz,353,0,-0.742072988778753
quantum_iqp_zz,354,0,-0.9106061742552515
quantum_iqp_zz,355,1,-0.06913150734035273
quantum_iqp_zz,356,1,-0.254653157233122
quantum_iqp_zz,357,0,-1.2347373350431627
quantum_iqp_zz,358,0,-0.9328782817154629
quantum_iqp_zz,359,0,-0.8306621010280579
quantum_iqp_zz,360,0,-1.0233807142127804
quantum_iqp_zz,361,0,-0.8620506160323517
quantum_iqp_zz,362,1,0.661752331872658
quantum_iqp_zz,363,0,-1.110108332552941
quantum_iqp_zz,364,0,-1.1116769678552398
quantum_iqp_zz,365,0,-1.078009851129531
quantum_iqp_zz,366,0,-1.0923405143911178
quantum_iqp_zz,367,0,-0.9010074815287051
quantum_iqp_zz,368,1,1.1907550021068745
quantum_iqp_zz,369,1,-0.8798322767683249
quantum_iqp_zz,370,0,-1.0886579449548228
quantum_iqp_zz,371,0,-0.7445153464144798
quantum_iqp_zz,372,0,-0.2127584663041034
quantum_iqp_zz,373,0,-1.0743786519594298
quantum_iqp_zz,374,0,-0.9861599861200143
quantum_iqp_zz,375,0,-1.36507753240903
quantum_iqp_zz,376,1,-0.8214331412813336
quantum_iqp_zz,377,0,-0.7542299138226916
quantum_iqp_zz,378,0,-0.8509455835990439
quantum_iqp_zz,379,0,-0.4860744026757912
quantum_iqp_zz,380,0,-0.9555321878606681
quantum_iqp_zz,381,0,-0.7177454361067563
quantum_iqp_zz,382,0,-0.8534071607046836
quantum_iqp_zz,383,1,-0.9832189391566978
quantum_iqp_zz,384,0,-1.3329303916851227
quantum_iqp_zz,385,1,-0.7081126412119298
quantum_iqp_zz,386,1,-0.6545531551042251
quantum_iqp_zz,387,0,-1.068465472239963
quantum_iqp_zz,388,0,-0.7622306974718882
quantum_iqp_zz,389,0,-0.8638639614847762
quantum_iqp_zz,390,0,-0.9960939518126539
quantum_iqp_zz,391,0,-0.9386574626216675
quantum_iqp_zz,392,0,-1.0564711059215397
quantum_iqp_zz,393,1,1.198439886936904
quantum_iqp_zz,394,0,-0.1356480533359622
quantum_iqp_zz,395,0,-0.27585061432659336
quantum_iqp_zz,396,0,-0.6567116151376602
quantum_iqp_zz,397,0,-1.1583289306407052
quantum_iqp_zz,398,0,-0.5039574714645902
quantum_iqp_zz,399,1,-1.1324807043109275
quantum_iqp_zz,400,0,-0.22047519100620583
quantum_iqp_zz,401,0,-1.098920810784446
quantum_iqp_zz,402,1,-0.7370696714542839
quantum_iqp_zz,403,1,-1.1232074001073158
quantum_iqp_zz,404,0,-0.542418771870647
quantum_iqp_zz,405,0,-0.26590432736249997
quantum_iqp_zz,406,0,-0.8826862141841345
quantum_iqp_zz,407,0,-0.997217987020285
quantum_iqp_zz,408,0,-0.9160718824303874
quantum_iqp_zz,409,1,-0.8566366429842684
quantum_iqp_zz,410,1,-0.5266448606986087
quantum_iqp_zz,411,0,-0.8657815848503289
quantum_iqp_zz,412,0,-1.0296910346183128
quantum_iqp_zz,413,0,-0.8783317703824809
quantum_iqp_zz,414,0,-0.9518996866530446
quantum_iqp_zz,415,1,1.3353557497373567
quantum_iqp_zz,416,0,0.5083924766995083
quantum_iqp_zz,417,0,-0.22477149446104522
quantum_iqp_zz,418,0,-0.5950978279063807
quantum_iqp_zz,419,1,0.12778034620885476
quantum_iqp_zz,420,0,-0.8647551060822565
quantum_iqp_zz,421,0,-0.13507426357793945
quantum_iqp_zz,422,1,-1.085236586463074
quantum_iqp_zz,423,0,-1.074550670064754
quantum_iqp_zz,424,0,-1.0162708166656582
quantum_iqp_zz,425,0,-0.8898702427684951
quantum_iqp_zz,426,0,-0.690201467032429
quantum_iqp_zz,427,0,-0.9593917768636064
quantum_iqp_zz,428,0,-0.8639473937911033
quantum_iqp_zz,429,0,-1.0840935960586628
quantum_iqp_zz,430,0,-1.0198212286013035
quantum_iqp_zz,431,1,1.2748376653733127
quantum_iqp_zz,432,0,-0.974310251366284
quantum_iqp_zz,433,0,-1.151722692751852
quantum_iqp_zz,434,0,-0.8829384641398703
quantum_iqp_zz,435,1,-0.9952784822746643
quantum_iqp_zz,436,0,-0.861519225795853
quantum_iqp_zz,437,0,-1.061813173948973
quantum_iqp_zz,438,0,-1.259223646867434
quantum_iqp_zz,439,0,-1.2877269334543586
quantum_iqp_zz,440,0,-1.0165732486542494
quantum_iqp_zz,441,0,-0.5465545976037636
quantum_iqp_zz,442,0,-1.0527467497847869
quantum_iqp_zz,443,0,-1.176353933698346
quantum_iqp_zz,444,0,-1.0340599166311777
quantum_iqp_zz,445,1,-0.4583201437515998
quantum_iqp_zz,446,0,-0.6238546803402976
quantum_iqp_zz,447,0,-1.1460488947235223
quantum_iqp_zz,448,0,-0.7426635114480773
quantum_iqp_zz,449,0,-1.037983746616863
quantum_iqp_zz,450,0,-1.2470227041427857
quantum_iqp_zz,451,1,1.1061832887071108
quantum_iqp_zz,452,1,-0.9926860986121122
quantum_iqp_zz,453,1,-0.36504520777060695
quantum_iqp_zz,454,1,-1.173121627149639
quantum_iqp_zz,455,0,-0.24219205651453368
quantum_iqp_zz,456,0,-0.8850863347906197
quantum_iqp_zz,457,0,-0.8886783388900998
quantum_iqp_zz,458,0,-0.956787221183392
quantum_iqp_zz,459,0,-0.9344828447783021
quantum_iqp_zz,460,1,-1.1161993429248849
quantum_iqp_zz,461,0,-1.1838205009095377
quantum_iqp_zz,462,0,-1.0003588863397037
quantum_iqp_zz,463,0,-1.1715705020238216
quantum_iqp_zz,464,0,-0.9489998991798791
quantum_iqp_zz,465,0,-0.9496457047565035
quantum_iqp_zz,466,0,-0.6231890462353724
quantum_iqp_zz,467,0,-1.0168042790468437
quantum_iqp_zz,468,0,-0.5366019775826147
quantum_iqp_zz,469,0,-0.33775928875009276
quantum_iqp_zz,470,0,-0.35027739643131056
quantum_iqp_zz,471,1,-0.31301589446018874
quantum_iqp_zz,472,0,-0.9507422024186847
quantum_iqp_zz,473,0,-1.1349139768534584
quantum_iqp_zz,474,0,-1.0767963751764404
quantum_iqp_zz,475,1,-0.6502840067715727
quantum_iqp_zz,476,0,-1.0764954276998226
quantum_iqp_zz,477,0,-1.3104311465468879
quantum_iqp_zz,478,0,-0.38540363929125865
quantum_iqp_zz,479,1,-0.8843317764985615
quantum_iqp_zz,480,0,-1.006540816816402
quantum_iqp_zz,481,0,-0.4645573497250334
quantum_iqp_zz,482,0,-0.3328220166618036
quantum_iqp_zz,483,0,-0.8419071261742346
quantum_iqp_zz,484,0,-0.887528796370986
quantum_iqp_zz,485,0,-0.9058633576110517
quantum_iqp_zz,486,0,-0.5368312317716124
quantum_iqp_zz,487,0,-0.8642935017115816
quantum_iqp_zz,488,0,-0.8548983603786521
quantum_iqp_zz,489,0,0.5219653277879758
quantum_iqp_zz,490,0,-1.153383279514531
quantum_iqp_zz,491,1,-0.9549304062016682
quantum_iqp_zz,492,0,-0.8566472811433882
quantum_iqp_zz,493,0,-0.9387998752889158
quantum_iqp_zz,494,0,-0.829029122153422
quantum_iqp_zz,495,0,-0.9831100222384446
quantum_iqp_zz,496,0,-1.0754465086340474
quantum_iqp_zz,497,0,-1.3336108450664828
quantum_iqp_zz,498,1,-1.2437692043141944
quantum_iqp_zz,499,0,-1.068116088880675
quantum_iqp_zz,500,0,-0.5055208574688477
quantum_iqp_zz,501,0,-1.1695197253934542
quantum_iqp_zz,502,1,-0.9505225192527877
quantum_iqp_zz,503,0,-0.5746909730717427
quantum_iqp_zz,504,0,-1.0208831713310083
quantum_iqp_zz,505,0,-0.991757362002329
quantum_iqp_zz,506,0,0.6332973863043946
quantum_iqp_zz,507,0,-0.7277391890770446
quantum_iqp_zz,508,1,-1.134353639045977
quantum_iqp_zz,509,0,-0.7364321241326117
quantum_iqp_zz,510,0,-1.228232514449207
quantum_iqp_zz,511,1,-0.705718123967081
quantum_iqp_zz,512,0,-0.7464900900743422
quantum_iqp_zz,513,0,-0.053239220687852695
quantum_iqp_zz,514,0,-1.0238541566958577
quantum_iqp_zz,515,1,-1.1726764619844592
quantum_iqp_zz,516,0,-0.9072377296289276
quantum_iqp_zz,517,0,-0.8578964689020927
quantum_iqp_zz,518,1,-0.7359478721861616
quantum_iqp_zz,519,1,1.2055652653109057
quantum_iqp_zz,520,0,-0.20855520399920163
quantum_iqp_zz,521,0,-1.3929063930675283
quantum_iqp_zz,522,0,-0.4242874133322219
quantum_iqp_zz,523,0,-0.7057412250601947
quantum_iqp_zz,524,1,-0.927935677425009
quantum_iqp_zz,525,0,-0.27416944688679246
quantum_iqp_zz,526,0,-0.7529182826869726
quantum_iqp_zz,527,1,-0.8264496685257645
quantum_iqp_zz,528,1,-0.3406261840517907
quantum_iqp_zz,529,0,-1.0431930002323324
quantum_iqp_zz,530,0,-1.2654821549653035
quantum_iqp_zz,531,0,-1.0822244441422828
quantum_iqp_zz,532,0,-0.27710030020855025
quantum_iqp_zz,533,0,-1.2515934783407852
quantum_iqp_zz,534,0,-1.2752322805336505
quantum_iqp_zz,535,0,-0.17885011317742694
quantum_iqp_zz,536,0,-1.0004304146667016
quantum_iqp_zz,537,0,-0.9228446994536743
quantum_iqp_zz,538,0,-0.39718853572059076
quantum_iqp_zz,539,0,-0.8597309938358272
quantum_iqp_zz,540,0,-0.34974883823606995
quantum_iqp_zz,541,0,-0.8724128622168207
quantum_iqp_zz,542,0,-1.004248432129544
quantum_iqp_zz,543,1,-0.8798224186834842
quantum_iqp_zz,544,0,1.357886149095083
quantum_iqp_zz,545,0,-0.27436658849305007
quantum_iqp_zz,546,0,-0.28344140581150035
quantum_iqp_zz,547,1,0.870066562430424
quantum_iqp_zz,548,0,1.211926175652429
quantum_iqp_zz,549,0,-1.2177518565872336
quantum_iqp_zz,550,0,-1.1771015375974043
quantum_iqp_zz,551,0,0.1494979397250088
quantum_iqp_zz,552,0,-0.3239177492113715
quantum_iqp_zz,553,0,-0.14841858241966494
quantum_iqp_zz,554,1,-0.6568085412425207
quantum_iqp_zz,555,1,-0.5513012854618866
quantum_iqp_zz,556,1,-0.3374081253230596
quantum_iqp_zz,557,0,-1.1816467452296064
quantum_iqp_zz,558,1,-1.2952089186207496
quantum_iqp_zz,559,0,-0.9629453682347713
quantum_iqp_zz,560,1,1.1363789575822056
quantum_iqp_zz,561,0,-1.0544938274717164
quantum_iqp_zz,562,0,0.007999606634700895
quantum_iqp_zz,563,0,-0.37461504751873004
quantum_iqp_zz,564,0,-0.6267315187275223
quantum_iqp_zz,565,0,-1.0619375284693167
quantum_iqp_zz,566,0,-1.0554813585484855
quantum_iqp_zz,567,0,-0.7977600489046115
quantum_iqp_zz,568,1,-0.004156823689601907
quantum_iqp_zz,569,0,-0.5656559910279132
quantum_iqp_zz,570,0,-1.0237335434119388
quantum_iqp_zz,571,0,-1.1870582547585253
quantum_iqp_zz,572,0,0.058140525107637175
quantum_iqp_zz,573,0,-0.8579832355523032
quantum_iqp_zz,574,0,-0.6550830551187614
quantum_iqp_zz,575,0,-0.10917253964855461
quantum_iqp_zz,576,0,-1.0868608869504883
quantum_iqp_zz,577,1,-0.7813866743681874
quantum_iqp_zz,578,0,-0.12904257638693528
quantum_iqp_zz,579,0,-1.0060937807716264
quantum_iqp_zz,580,0,-0.3226942619192403
quantum_iqp_zz,581,0,-0.9244001075715004
quantum_iqp_zz,582,0,-1.0590892095754163
quantum_iqp_zz,583,1,-0.6663085937852147
quantum_iqp_zz,584,0,-0.728048011825112
quantum_iqp_zz,585,0,-1.0610896140457002
quantum_iqp_zz,586,0,-0.6115893163658079
quantum_iqp_zz,587,0,-0.9867079344098062
quantum_iqp_zz,588,0,-1.036223748880122
quantum_iqp_zz,589,0,-1.163071856448691
quantum_iqp_zz,590,0,-0.9991339664794026
quantum_iqp_zz,591,0,-1.2305004450964554
quantum_iqp_zz,592,0,-0.961788041583689
quantum_iqp_zz,593,0,-0.6773671549020792
quantum_iqp_zz,594,0,-0.9053244465551397
quantum_iqp_zz,595,0,-0.7836429109468955
quantum_iqp_zz,596,0,-0.46801317869805714
quantum_iqp_zz,597,0,-0.840740664690591
quantum_iqp_zz,598,1,-0.10845583993113139
quantum_iqp_zz,599,0,-1.2416451205595687
quantum_iqp_zz,600,0,-0.9295957828871865
quantum_iqp_zz,601,0,-0.4419326350864673
quantum_iqp_zz,602,0,0.11611226230206623
quantum_iqp_zz,603,0,-0.8390344990152407
quantum_iqp_zz,604,0,-0.5894618422903499
quantum_iqp_zz,605,0,-1.1518987337093658
quantum_iqp_zz,606,0,-0.5584190861757551
quantum_iqp_zz,607,1,0.2969900215862428
quantum_iqp_zz,608,0,-0.8706626402679489
quantum_iqp_zz,609,0,-0.5940212001401621
quantum_iqp_zz,610,0,-0.6731524267014423
quantum_iqp_zz,611,1,-1.0270052434780794
quantum_iqp_zz,612,0,-0.8296248523631231
quantum_iqp_zz,613,0,-0.6398681062707233
quantum_iqp_zz,614,0,-0.9601167330256527
quantum_iqp_zz,615,0,-0.7805294230027529
quantum_iqp_zz,616,0,-0.547688878955014
quantum_iqp_zz,617,0,-0.8812237101638993
quantum_iqp_zz,618,1,1.2212511355696276
quantum_iqp_zz,619,0,-0.8018003257635861
quantum_iqp_zz,620,1,-1.0377401877639105
quantum_iqp_zz,621,0,-1.175862746881588
quantum_iqp_zz,622,1,0.9287086328643772
quantum_iqp_zz,623,0,-1.0008412643397202
quantum_iqp_zz,624,0,-1.0677910385390272
quantum_iqp_zz,625,0,-0.8803603349930612
quantum_iqp_zz,626,0,-1.0682675466601053
quantum_iqp_zz,627,1,1.768759583959064
quantum_iqp_zz,628,1,1.0643964566815356
quantum_iqp_zz,629,1,-0.9721365761620171
quantum_iqp_zz,630,1,-0.8295264603237492
quantum_iqp_zz,631,0,-1.059120373669677
quantum_iqp_zz,632,0,-0.9393351294764833
quantum_iqp_zz,633,0,-0.377820357186375
quantum_iqp_zz,634,0,-1.191480451664058
quantum_iqp_zz,635,0,-0.8537456834172559
quantum_iqp_zz,636,0,-1.0104997907962487
quantum_iqp_zz,637,1,-1.0162146555091125
quantum_iqp_zz,638,0,-0.5805812895516531
quantum_iqp_zz,639,1,0.9296185311155039
quantum_iqp_zz,640,0,-0.8565305640269538
quantum_iqp_zz,641,0,-0.9264425507323323
quantum_iqp_zz,642,0,-0.9105500025658911
quantum_iqp_zz,643,0,-0.8319790970302983
quantum_iqp_zz,644,0,-0.7661181961326862
quantum_iqp_zz,645,1,0.0957525392918469
quantum_iqp_zz,646,0,-0.780260111025013
quantum_iqp_zz,647,1,0.07041455839555905
quantum_iqp_zz,648,0,-0.9109036556297854
quantum_iqp_zz,649,0,-0.7040561851611666
quantum_iqp_zz,650,1,-0.24916508224033995
quantum_iqp_zz,651,0,-0.8193693686124954
quantum_iqp_zz,652,0,-0.5375588593600626
quantum_iqp_zz,653,0,-0.7348044911576904
quantum_iqp_zz,654,1,0.14023231208680198
quantum_iqp_zz,655,0,0.7620482360492634
quantum_iqp_zz,656,0,-1.144729547477103
quantum_iqp_zz,657,0,-0.8138508559260975
quantum_iqp_zz,658,0,-1.030434146018294
quantum_iqp_zz,659,0,-0.46617997359336577
quantum_iqp_zz,660,0,-0.9975783810754527
quantum_iqp_zz,661,0,-1.1219187038567435
quantum_iqp_zz,662,0,-0.695642543190389
quantum_iqp_zz,663,1,0.03896778345457036
quantum_iqp_zz,664,0,-0.14056838567558533
quantum_iqp_zz,665,0,-0.6668628047380765
quantum_iqp_zz,666,1,0.07353267103300315
quantum_iqp_zz,667,0,-1.0922875433643513
quantum_iqp_zz,668,0,-1.1493682137731973
quantum_iqp_zz,669,0,-0.6114841675696059
quantum_iqp_zz,670,0,-0.9417405275689756
quantum_iqp_zz,671,0,-1.1938749958955719
quantum_iqp_zz,672,0,-1.0907295427035109
quantum_iqp_zz,673,0,-1.1043175016226003
quantum_iqp_zz,674,0,-0.9305938289329714
quantum_iqp_zz,675,0,-1.0136146045861043
quantum_iqp_zz,676,1,-1.0390461279268308
quantum_iqp_zz,677,1,-0.6679084575344175
quantum_iqp_zz,678,0,-0.909303605848627
quantum_iqp_zz,679,1,-1.0716019399555627
quantum_iqp_zz,680,0,-0.8814143117402368
quantum_iqp_zz,681,0,-0.5945571163605814
quantum_iqp_zz,682,0,-1.1510232459316467
quantum_iqp_zz,683,0,-0.7631526713279588
quantum_iqp_zz,684,0,-0.2044183359102975
quantum_iqp_zz,685,0,-1.014768648357877
quantum_iqp_zz,686,0,-0.6340102996228487
quantum_iqp_zz,687,0,-0.9289787756123199
quantum_iqp_zz,688,0,-0.7057064507419089
quantum_iqp_zz,689,0,-0.9754903677173473
quantum_iqp_zz,690,0,-0.6401799418604972
quantum_iqp_zz,691,0,-0.9206686063012001
quantum_iqp_zz,692,0,-0.7577161959591499
quantum_iqp_zz,693,0,-0.9046505855966862
quantum_iqp_zz,694,0,0.12753783512743144
quantum_iqp_zz,695,1,1.1371812561615358
quantum_iqp_zz,696,1,-0.9958441832223691
quantum_iqp_zz,697,1,-0.961514201181438
quantum_iqp_zz,698,0,-0.9231718804480802
quantum_iqp_zz,699,0,-0.5327601121296448
quantum_iqp_zz,700,0,-0.07298171125782699
quantum_iqp_zz,701,1,-0.44408618486755425
quantum_iqp_zz,702,1,-1.255237007825331
quantum_iqp_zz,703,1,-0.7536370461126821
quantum_iqp_zz,704,1,0.9287707063040117
quantum_iqp_zz,705,0,-0.6417907530358506
quantum_iqp_zz,706,0,-0.866966128079715
quantum_iqp_zz,707,0,-0.48008128513598586
quantum_iqp_zz,708,0,-0.15491957819725788
quantum_iqp_zz,709,0,-0.18967373795084658
quantum_iqp_zz,710,0,-0.27666593891282953
quantum_iqp_zz,711,0,-0.8582465500410262
