BUTINA_CLUSTER_ID,ID,LABEL,MARGIN,MODEL,OUTER_FOLD,PRED,SCORE,THRESHOLD,name
108,3,0,-1.32633977576993,quantum_iqp_zz_linear,1,0,-1.1437322192346553,0.18260755653527475,Benzoic acid
109,13,1,2.0687912157270256,quantum_iqp_zz_linear,1,1,2.2513987722623003,0.18260755653527475,Formothion (Ref: SAN 6913I)
456,22,0,-0.31105041627674535,quantum_iqp_zz_linear,1,0,-0.12844285974147057,0.18260755653527475,"2,3,4,5,6-Pentachlorophenol"
455,24,0,-0.7647611059777075,quantum_iqp_zz_linear,1,0,-0.5821535494424328,0.18260755653527475,Warfarin
12,25,1,-1.3324151708180674,quantum_iqp_zz_linear,1,0,-1.1498076142827927,0.18260755653527475,1-Naphthalenol methylcarbamate
108,35,0,-1.4404480520349479,quantum_iqp_zz_linear,1,0,-1.2578404954996731,0.18260755653527475,"Benzoic acid, Methyl ester"
6,43,0,-1.3476010540814505,quantum_iqp_zz_linear,1,0,-1.1649934975461758,0.18260755653527475,2-Chloro-N-(1-methylethyl)-N-phenylacetamide
447,53,0,-1.1538598945928245,quantum_iqp_zz_linear,1,0,-0.9712523380575497,0.18260755653527475,Alpha-terpinoline
168,65,1,2.2815591252416416,quantum_iqp_zz_linear,1,1,2.4641666817769163,0.18260755653527475,"2-[(Dimethoxyphosphinothioyl)thio]butanedioic acid 1,4-diethyl ester"
445,68,1,-1.259348598941906,quantum_iqp_zz_linear,1,0,-1.0767410424066313,0.18260755653527475,"1,2,3,4-Tetrahydronaphthalene"
166,70,0,-1.4169822495052928,quantum_iqp_zz_linear,1,0,-1.2343746929700181,0.18260755653527475,"As,As-Dimethylarsinic acid"
12,72,1,-1.261136475492381,quantum_iqp_zz_linear,1,0,-1.0785289189571063,0.18260755653527475,"2-(1-Methylethoxy)phenol, 1-(N-Methylcarbamate)"
108,75,0,-1.250900213492085,quantum_iqp_zz_linear,1,0,-1.0682926569568103,0.18260755653527475,"2-Aminobenzoic acid, Methyl ester"
12,88,0,-1.4063460364332192,quantum_iqp_zz_linear,1,0,-1.2237384798979445,0.18260755653527475,1-Naphthaleneacetic acid
6,89,0,-1.422330641975793,quantum_iqp_zz_linear,1,0,-1.2397230854405183,0.18260755653527475,2-Chloro-N-(ethoxymethyl)-N-(2-ethyl-6-methylphenyl)acetamide
41,110,0,-0.6458725043531723,quantum_iqp_zz_linear,1,0,-0.46326494781789757,0.18260755653527475,DNOC (Ref: ENT 154)
58,129,1,1.2261692659841614,quantum_iqp_zz_linear,1,1,1.4087768225194361,0.18260755653527475,Abamectin (Ref: MK 936)
432,133,1,0.844801955775698,quantum_iqp_zz_linear,1,1,1.0274095123109728,0.18260755653527475,"Phosphoric acid 1,2-dibromo-2,2-dichloroethyl dimethyl ester"
41,144,0,-0.3232081896072474,quantum_iqp_zz_linear,1,0,-0.14060063307197262,0.18260755653527475,"2-Cyclohexyl-4,6-dinitrophenol"
41,153,0,0.3131169667556817,quantum_iqp_zz_linear,1,1,0.49572452329095645,0.18260755653527475,Dinobuton (Ref: OMS 1056)
41,155,0,-0.678284604670778,quantum_iqp_zz_linear,1,0,-0.49567704813550323,0.18260755653527475,"2-(1-Methylpropyl)-4,6-dinitrophenol"
424,168,0,-1.2957362532491095,quantum_iqp_zz_linear,1,0,-1.1131286967138347,0.18260755653527475,"2-Chloro-9-hydroxy-9H-fluorene-9-carboxylic acid, Methyl ester"
41,171,1,-0.06839843736818538,quantum_iqp_zz_linear,1,0,0.11420911916708937,0.18260755653527475,Dinocap (Ref: ENT 24727)
168,197,1,2.37206552668274,quantum_iqp_zz_linear,1,1,2.554673083218015,0.18260755653527475,"alpha-[(Dimethoxyphosphinothioyl)thio] benzeneacetic acid, Ethyl ester"
41,205,0,-0.15781705526898634,quantum_iqp_zz_linear,1,0,0.0247905012662884,0.18260755653527475,Binapacryl (Ref: FMC 9044)
420,209,1,1.745968182246659,quantum_iqp_zz_linear,1,1,1.9285757387819338,0.18260755653527475,"Phosphoric acid, 2-Chloro-3-(diethylamino)-1-methyl-3-oxo-1-propen-1-yl dimethyl ester"
6,232,0,-1.468883122164617,quantum_iqp_zz_linear,1,0,-1.2862755656293423,0.18260755653527475,"2-Chloro-N-(2,6-diethylphenyl)-N-(methoxymethyl)acetamide"
117,237,0,-1.0583601429752276,quantum_iqp_zz_linear,1,0,-0.8757525864399529,0.18260755653527475,Medlure
414,243,0,-0.9986246831695267,quantum_iqp_zz_linear,1,0,-0.816017126634252,0.18260755653527475,"6-Methyl-1,3-dithiolo[4,5-b]quinoxalin-2-one"
166,250,0,-1.4724357292225525,quantum_iqp_zz_linear,1,0,-1.2898281726872778,0.18260755653527475,Methylarsonic acid
12,270,1,-1.233365260766523,quantum_iqp_zz_linear,1,0,-1.0507577042312484,0.18260755653527475,"2,3-Dihydro-2,2-dimethyl-7-benzofuranol 7-(N-methylcarbamate)"
19,272,0,-1.2190666310302758,quantum_iqp_zz_linear,1,0,-1.036459074495001,0.18260755653527475,Methoprotryne (Ref: G 36393)
406,282,1,2.2610376606473546,quantum_iqp_zz_linear,1,1,2.4436452171826293,0.18260755653527475,Bensulide (Ref: R 4461)
6,289,0,-1.3629151484692974,quantum_iqp_zz_linear,1,0,-1.1803075919340227,0.18260755653527475,Butachlor (Ref: CP 53619)
12,303,1,-1.0315247176823865,quantum_iqp_zz_linear,1,0,-0.8489171611471118,0.18260755653527475,"Benzo[b]thiophene-4-ol, 4-(N-methylcarbamate)"
402,305,0,-1.1915020360378685,quantum_iqp_zz_linear,1,0,-1.0088944795025938,0.18260755653527475,Fenclorim (Ref: CGA 123407)
101,306,1,-1.2374985563162442,quantum_iqp_zz_linear,1,0,-1.0548909997809695,0.18260755653527475,"3,5-Dibromo-4-hydroxybenzonitrile"
12,307,1,-1.3655736578680324,quantum_iqp_zz_linear,1,0,-1.1829661013327577,0.18260755653527475,"2-(1,3-Dioxolan-2-yl)phenol 1-(N-methylcarbamate)"
398,314,0,-1.258021467772191,quantum_iqp_zz_linear,1,0,-1.0754139112369163,0.18260755653527475,Anilazine (Ref: ENT 26 058)
127,318,1,-1.4709376746711962,quantum_iqp_zz_linear,1,0,-1.2883301181359215,0.18260755653527475,Validamycin A
395,328,1,-0.643093235113299,quantum_iqp_zz_linear,1,0,-0.4604856785780242,0.18260755653527475,Cyclohexylethylcarbamothioic acid S-ethyl ester
73,345,0,1.3766240119756548,quantum_iqp_zz_linear,1,1,1.5592315685109295,0.18260755653527475,Triazophos (Ref: HOE 002960 )
12,346,1,-1.1543975257292454,quantum_iqp_zz_linear,1,0,-0.9717899691939706,0.18260755653527475,"2,2-Dimethyl-1,3-benzodioxol-4-ol 4-(N-methylcarbamate)"
12,350,0,-0.9006760851765607,quantum_iqp_zz_linear,1,0,-0.718068528641286,0.18260755653527475,Napropamide (Ref: R 7465)
36,362,0,-1.2575181299102107,quantum_iqp_zz_linear,1,0,-1.074910573374936,0.18260755653527475,(E)-dodec-8-enyl acetate
79,366,1,-0.9826861706600161,quantum_iqp_zz_linear,1,0,-0.8000786141247413,0.18260755653527475,Hydroprene (Ref: OMS 1696)
79,367,1,-0.5864871525879982,quantum_iqp_zz_linear,1,0,-0.40387959605272344,0.18260755653527475,Methoprene (Ref: OMS 1697)
387,368,0,-1.0556336731891838,quantum_iqp_zz_linear,1,0,-0.8730261166539091,0.18260755653527475,"1-[2-(2,4-Dichlorophenyl)-2-(2-propenyloxy)ethyl]-1H-imidazole"
12,383,1,-0.9713623957424451,quantum_iqp_zz_linear,1,0,-0.7887548392071704,0.18260755653527475,2-[(Ethylthio)methyl]phenol 1-(N-methylcarbamate)
381,390,0,-1.5628844903366401,quantum_iqp_zz_linear,1,0,-1.3802769338013654,0.18260755653527475,Metamitron (Ref: BAY DRW 1139)
6,411,0,-1.4539448021835364,quantum_iqp_zz_linear,1,0,-1.2713372456482617,0.18260755653527475,Dimethachlor (Ref: CGA 17020)
12,415,1,-1.2118173421009368,quantum_iqp_zz_linear,1,0,-1.0292097855656621,0.18260755653527475,Isoprocarb (Ref: OMS 32)
6,418,0,-1.263994487900109,quantum_iqp_zz_linear,1,0,-1.0813869313648343,0.18260755653527475,2-Chloro-N-(2-ethyl-6-methylphenyl)-N-(2-methoxy-1-methylethyl)acetamide
6,427,0,-1.2105849829420334,quantum_iqp_zz_linear,1,0,-1.0279774264067587,0.18260755653527475,"N-(2,6-Dimethylphenyl)-N-(methoxyacetyl)alanine methyl ester"
375,432,0,-0.629822891588069,quantum_iqp_zz_linear,1,0,-0.44721533505279426,0.18260755653527475,Prochloraz (Ref: BTS 40542)
58,433,1,0.754370889201577,quantum_iqp_zz_linear,1,1,0.9369784457368517,0.18260755653527475,Milbemycin A4
95,445,0,-1.4835931498514503,quantum_iqp_zz_linear,1,0,-1.3009855933161756,0.18260755653527475,Ofurace (Ref: AE F057623)
73,452,1,1.4839388330298293,quantum_iqp_zz_linear,1,1,1.666546389565104,0.18260755653527475,Pyridafenthion (Ref: ENT 23968))
6,467,0,-0.9521379152981693,quantum_iqp_zz_linear,1,0,-0.7695303587628946,0.18260755653527475,Benalaxyl (Ref: M 9834)
95,476,0,-1.1862006910164657,quantum_iqp_zz_linear,1,0,-1.003593134481191,0.18260755653527475,Oxadixyl (Ref: SAN 371F)
6,478,0,-1.487082857230578,quantum_iqp_zz_linear,1,0,-1.3044753006953034,0.18260755653527475,Metazachlor (Ref: BAS 47900H)
26,488,1,-1.189513767084164,quantum_iqp_zz_linear,1,0,-1.0069062105488893,0.18260755653527475,Imazaquin (Ref: BAS 725H)
26,507,0,-1.2106810396360101,quantum_iqp_zz_linear,1,0,-1.0280734831007354,0.18260755653527475,Imazethapyr (Ref: AC 252925)
362,509,0,-0.6523445044280072,quantum_iqp_zz_linear,1,0,-0.4697369478927324,0.18260755653527475,Aclonifen (Ref: AE F068300)
361,512,0,-0.6938255061487579,quantum_iqp_zz_linear,1,0,-0.5112179496134832,0.18260755653527475,Fenothiocarb (Ref: KCO 3001)
26,521,0,-1.2171163260508626,quantum_iqp_zz_linear,1,0,-1.034508769515588,0.18260755653527475,Imazamethabenz (Ref: AC 263840)
358,530,1,-0.9769680548901887,quantum_iqp_zz_linear,1,0,-0.794360498354914,0.18260755653527475,Diflumetorim (Ref: UBF 002)
6,531,0,-1.4190876829325711,quantum_iqp_zz_linear,1,0,-1.2364801263972964,0.18260755653527475,Pretilachlor (Ref: CGA 26423)
26,532,0,-1.0244371848628804,quantum_iqp_zz_linear,1,0,-0.8418296283276057,0.18260755653527475,Imazamethabenz-methyl (Ref: AC 222293)
26,534,0,-1.27584625054351,quantum_iqp_zz_linear,1,0,-1.0932386940082353,0.18260755653527475,Imazamox (Ref: BAS 720H)
6,552,0,-1.5424253196931383,quantum_iqp_zz_linear,1,0,-1.3598177631578636,0.18260755653527475,Diethatyl ethyl (Ref: BAY NNT 6867)
47,564,1,-1.5777496071127493,quantum_iqp_zz_linear,1,0,-1.3951420505774745,0.18260755653527475,Imidacloprid (Ref: BAY NTN 33893)
350,573,0,0.1720915061988242,quantum_iqp_zz_linear,1,1,0.35469906273409896,0.18260755653527475,Fenchlorazole-ethyl (Ref: HOE 070542)
349,576,0,-0.3833769530944773,quantum_iqp_zz_linear,1,0,-0.2007693965592025,0.18260755653527475,Triazamate (Ref: RH 7988)
26,578,0,-1.2066744209383087,quantum_iqp_zz_linear,1,0,-1.024066864403034,0.18260755653527475,Imazapic (Ref: AC 263222)
152,590,0,-1.184845998685125,quantum_iqp_zz_linear,1,0,-1.0022384421498503,0.18260755653527475,Iminoctadine triacetate (Ref: DF 125)
343,591,0,0.3866671886128712,quantum_iqp_zz_linear,1,1,0.5692747451481459,0.18260755653527475,Fenpyroximate (Ref: NNI 850)
67,630,0,-0.6971141581431022,quantum_iqp_zz_linear,1,0,-0.5145066016078275,0.18260755653527475,Oxadiargyl (Ref: RP 020630 )
47,637,1,-1.6211419237659248,quantum_iqp_zz_linear,1,0,-1.43853436723065,0.18260755653527475,"(1E)-N-[(6-Chloro-3-pyridinyl)methyl]-N-ethyl-N'-methyl-2-nitro-1,1-ethenediamine"
332,639,0,0.0408541848172517,quantum_iqp_zz_linear,1,1,0.22346174135252644,0.18260755653527475,"2-(2,6-Difluorophenyl)-4-[4-(1,1-dimethylethyl)-2-ethoxyphenyl]-4,5-dihydrooxazole"
331,642,0,-0.8587540766038826,quantum_iqp_zz_linear,1,0,-0.6761465200686079,0.18260755653527475,Flupoxam (Ref: MON 18500)
47,644,1,-1.5540533758228863,quantum_iqp_zz_linear,1,0,-1.3714458192876116,0.18260755653527475,"1-[(6-Chloro-3-pyridinyl)methyl]-4,5-dihydro-1H-imidazol-2-amine"
88,650,0,-0.5505639426079396,quantum_iqp_zz_linear,1,0,-0.36795638607266484,0.18260755653527475,Benthiavalicarb-isopropyl (Ref: KIF-230)
67,651,0,-1.359298349071774,quantum_iqp_zz_linear,1,0,-1.1766907925364993,0.18260755653527475,Azafenidin
327,654,0,-0.4402339215580229,quantum_iqp_zz_linear,1,0,-0.2576263650227481,0.18260755653527475,Cinidon-ethyl (Ref: BAS 615H)
320,673,0,-1.259956654185184,quantum_iqp_zz_linear,1,0,-1.0773490976499094,0.18260755653527475,Verbutin (Ref: MB-599)
6,676,0,-1.2915687104304157,quantum_iqp_zz_linear,1,0,-1.108961153895141,0.18260755653527475,Propisochlor
6,679,0,-1.022705533664415,quantum_iqp_zz_linear,1,0,-0.8400979771291404,0.18260755653527475,Dimethenamid-P
145,680,0,-0.07038011065764224,quantum_iqp_zz_linear,1,0,0.1122274458776325,0.18260755653527475,Picolinafen (Ref: BAS 700H)
47,695,1,-1.7121578127432668,quantum_iqp_zz_linear,1,0,-1.5295502562079921,0.18260755653527475,1-[(6-Chloro-3-pyridinyl)methyl]-N-nitro-1H-imidazol-2-amine
310,708,0,0.9752588262576216,quantum_iqp_zz_linear,1,1,1.1578663827928963,0.18260755653527475,Thifluzamide (Ref: MON 24000)
88,709,0,-0.9819239482699329,quantum_iqp_zz_linear,1,0,-0.7993163917346582,0.18260755653527475,Iprovalicarb (Ref: SZX 0722)
139,713,0,-1.4408815796737082,quantum_iqp_zz_linear,1,0,-1.2582740231384335,0.18260755653527475,Dimethirimol (Ref: PP675)
139,721,1,-1.5176324160954477,quantum_iqp_zz_linear,1,0,-1.335024859560173,0.18260755653527475,Ethirimol (Ref: PP149)
307,722,0,-0.9678682806783039,quantum_iqp_zz_linear,1,0,-0.7852607241430292,0.18260755653527475,Pyrifenox (Ref: CGA 179945)
32,727,0,0.253557067724004,quantum_iqp_zz_linear,1,1,0.43616462425927877,0.18260755653527475,"N'-[4-[(3,4-Dihydro-2-methoxy-2,4,4-trimethyl-2H-1-benzopyran-7-yl)oxy]phenyl]-N-methoxy-N-methylurea"
12,734,1,-1.0663163657715353,quantum_iqp_zz_linear,1,0,-0.8837088092362606,0.18260755653527475,"3-(1-Ethylpropyl)phenol, 1-(N-Methylcarbamate) mixt. with 3-(1-Methylbutyl)phenyl N-methylcarbamate"
64,748,0,0.7655730086264034,quantum_iqp_zz_linear,1,1,0.9481805651616781,0.18260755653527475,Metamifop (Ref: DBH-129)
301,763,0,-1.0686282156700573,quantum_iqp_zz_linear,1,0,-0.8860206591347826,0.18260755653527475,"2,4,5-trichlorophenol"
43,771,0,-0.30782160318291485,quantum_iqp_zz_linear,1,0,-0.12521404664764008,0.18260755653527475,Isopyrazam (Ref: SYN 520453)
58,773,1,1.1294890941740636,quantum_iqp_zz_linear,1,1,1.3120966507093383,0.18260755653527475,Emamectin benzoate (Ref: MK 244)
134,775,0,1.8298677952555602,quantum_iqp_zz_linear,1,1,2.012475351790835,0.18260755653527475,Hexylthiofos
43,779,0,0.37365589256100673,quantum_iqp_zz_linear,1,1,0.5562634490962814,0.18260755653527475,"N-(3',4'-Dichloro-5-fluoro[1,1'-biphenyl]-2-yl)-3-(difluoromethyl)-1-methyl-1H-pyrazole-4-carboxamide"
43,782,0,-0.5157284391358319,quantum_iqp_zz_linear,1,0,-0.3331208826005571,0.18260755653527475,Fluxapyroxad (Ref: BAS 700F)
296,783,0,-0.21938452424686525,quantum_iqp_zz_linear,1,0,-0.0367769677115905,0.18260755653527475,Cyflumetofen (Ref: OK-5101)
43,784,1,-0.9585046467104208,quantum_iqp_zz_linear,1,0,-0.7758970901751461,0.18260755653527475,"N-(2-[1,1'-Bicyclopropyl]-2-ylphenyl)-3-(difluoromethyl)-1-methyl-1H-pyrazole-4-carboxamide"
295,788,1,-0.38923136639453393,quantum_iqp_zz_linear,1,0,-0.20662380985925916,0.18260755653527475,"1-Acetyl-3,4-dihydro-3-[(3-pyridinylmethyl)amino]-6-[1,2,2,2-tetrafluoro-1-(trifluoromethyl)ethyl]-2(1H)-quinazolinone"
110,795,1,1.3799256532674358,quantum_iqp_zz_linear,1,1,1.5625332098027105,0.18260755653527475,Spinetoram
43,797,0,0.11218367535325327,quantum_iqp_zz_linear,1,1,0.294791231888528,0.18260755653527475,"N-[9-(Dichloromethylene)-1,2,3,4-tetrahydro-1,4-1H-pyrazole-4-carboxamide"
285,812,0,0.7511667006542089,quantum_iqp_zz_linear,1,1,0.9337742571894836,0.18260755653527475,(2Z)-2-[[2-Fluoro-5-(trifluoromethyl)phenyl]thio]-2-[3-(2-methoxyphenyl)-2-thiazolidinylidene]acetonitrile
88,814,0,-1.050518962480484,quantum_iqp_zz_linear,1,0,-0.8679114059452093,0.18260755653527475,Methyl 3-(4-chlorophenyl)-3-[(N-{[(propan-2-yl)oxy]carbonyl}valyl)amino]propanoate
279,836,1,-0.9366862253144559,quantum_iqp_zz_linear,1,0,-0.7540786687791812,0.18260755653527475,"Cyanamide (Ref: LH 21,810A)"
272,853,0,-1.2387426226870497,quantum_iqp_zz_linear,1,0,-1.056135066151775,0.18260755653527475,Bromomethane
261,868,0,-1.1937782221675297,quantum_iqp_zz_linear,1,0,-1.011170665632255,0.18260755653527475,Alpha-pinene
255,886,0,-2.2308938374491465,quantum_iqp_zz_linear,1,0,-2.0482862809138718,0.18260755653527475,Ryanodine
127,889,0,-1.2096029731667612,quantum_iqp_zz_linear,1,0,-1.0269954166314865,0.18260755653527475,Laminarin (Ref: H11)
26,892,0,-1.2887049632267962,quantum_iqp_zz_linear,1,0,-1.1060974066915215,0.18260755653527475,Imazapyr
248,903,0,-1.6681443698851401,quantum_iqp_zz_linear,1,0,-1.4855368133498654,0.18260755653527475,N-(Phenylmethyl)-1H-purin-6-amine
245,909,0,-1.1765421631962427,quantum_iqp_zz_linear,1,0,-0.993934606660968,0.18260755653527475,Nepetalactone
19,912,0,-1.1983589213691586,quantum_iqp_zz_linear,1,0,-1.0157513648338838,0.18260755653527475,Desmetryn (Ref: G 34360)
239,924,0,-1.3677320838045732,quantum_iqp_zz_linear,1,0,-1.1851245272692985,0.18260755653527475,Bentazone
67,929,0,-0.2898965613994884,quantum_iqp_zz_linear,1,0,-0.10728900486421361,0.18260755653527475,"3-[2,4-Dichloro-5-(1-methylethoxy)phenyl]-5-(1,1-dimethylethyl)-1,3,4-oxadiazol-2(3H)-one"
230,937,0,-1.1384807787155493,quantum_iqp_zz_linear,1,0,-0.9558732221802746,0.18260755653527475,Lineatin
79,938,0,-1.0147024328886483,quantum_iqp_zz_linear,1,0,-0.8320948763533735,0.18260755653527475,Kinoprene
58,944,1,0.5616715615713703,quantum_iqp_zz_linear,1,1,0.744279118106645,0.18260755653527475,Milbemectin (Ref: SL 8601)
222,956,0,0.654118571982818,quantum_iqp_zz_linear,1,1,0.8367261285180927,0.18260755653527475,"Tetrahydro-5,5-dimethyl-2(1H)-pyrimidio[3-[4-trifluoromethyl)phenyl]-1-[2-[4-(trifluoromethyl)phenyl]ethenyl]-2-propenylidene]hydrazone"
117,959,0,-1.0642780708878208,quantum_iqp_zz_linear,1,0,-0.8816705143525461,0.18260755653527475,Siglure
219,961,0,-0.4447039003794879,quantum_iqp_zz_linear,1,0,-0.26209634384421315,0.18260755653527475,Bensultap (Ref: OMS 3011)
213,970,0,-0.9317185409544022,quantum_iqp_zz_linear,1,0,-0.7491109844191275,0.18260755653527475,Pefurazoate (Ref: UR-0003)
205,983,1,-1.0925535749200899,quantum_iqp_zz_linear,1,0,-0.9099460183848151,0.18260755653527475,Pyrimidifen
47,989,0,-0.6858839086932393,quantum_iqp_zz_linear,1,0,-0.5032763521579646,0.18260755653527475,[N(Z)]-N-[3-[(6-Chloro-3-pyridinyl)methyl]-2-thiazolidinylidene]cyanamide
200,992,0,-0.4217590673047029,quantum_iqp_zz_linear,1,0,-0.23915151076942814,0.18260755653527475,N-(Cyano-2-thienylmethyl)-4-ethyl-2-(ethylamino)-5-thiazolecarboxamide
6,997,0,-0.5227133090322083,quantum_iqp_zz_linear,1,0,-0.3401057524969335,0.18260755653527475,Thenylchlor (Ref: NSK 850)
195,1007,0,-1.0598355561198387,quantum_iqp_zz_linear,1,0,-0.877227999584564,0.18260755653527475,Cyflufenamid (Ref: NF 149)
110,1011,1,1.4845764794916017,quantum_iqp_zz_linear,1,1,1.6671840360268764,0.18260755653527475,Spinosad (Ref: XDE 105)
187,1023,0,0.6396426778423665,quantum_iqp_zz_linear,1,1,0.8222502343776412,0.18260755653527475,"1-[4-[4-[5-(2,6-Difluorophenyl)-4,5-dihydro-3-isoxazolyl]-2-thiazolyl]-1-piperidinyl]-2-[5-methyl-3-(trifluoromethyl)-1H-pyrazol-1-yl]ethanone"
178,1034,0,-2.0944981178159434,quantum_iqp_zz_linear,1,0,-1.9118905612806687,0.18260755653527475,Maltodextrin
460,2,0,-0.8601198687245496,quantum_iqp_zz_linear,2,0,-0.6831425969031294,0.1769772718214202,Para-cymene
107,8,0,-0.7940637654775894,quantum_iqp_zz_linear,2,0,-0.6170864936561692,0.1769772718214202,Orange oil
56,18,1,0.943188009320215,quantum_iqp_zz_linear,2,1,1.1201652811416352,0.1769772718214202,"3-[(Dimethoxyphosphinyl)oxy]-2-butenoic acid, Methyl ester"
452,33,0,-1.1127290630167646,quantum_iqp_zz_linear,2,0,-0.9357517911953445,0.1769772718214202,5-Methyl-2-(1-methylethyl)phenol
23,34,0,-1.0554872985990134,quantum_iqp_zz_linear,2,0,-0.878510026777593,0.1769772718214202,"N-Butyl-N-ethyl-2,6-dinitro-4-(trifluoromethyl)benzenamine"
177,37,0,-1.0041954280338956,quantum_iqp_zz_linear,2,0,-0.8272181562124753,0.1769772718214202,Carvone
40,50,1,0.312203852715343,quantum_iqp_zz_linear,2,1,0.4891811245367632,0.1769772718214202,Tetraethyl ester diphosphoric acid
75,51,1,-1.0624944864878674,quantum_iqp_zz_linear,2,0,-0.8855172146664471,0.1769772718214202,Chlorobenzilate (Ref: ENT 18596)
107,55,0,-0.9619181152592543,quantum_iqp_zz_linear,2,0,-0.7849408434378341,0.1769772718214202,Alpha-terpineol
446,67,0,-0.9971083648706495,quantum_iqp_zz_linear,2,0,-0.8201310930492293,0.1769772718214202,1-Methyl-2-pyrrolidinone
441,81,0,-0.9031150331991115,quantum_iqp_zz_linear,2,0,-0.7261377613776913,0.1769772718214202,Tridemorph (Ref: BAS 2205-F)
30,97,1,-1.0516712492085771,quantum_iqp_zz_linear,2,0,-0.874693977387157,0.1769772718214202,"3,5-Dimethyl-4-(methylthio)phenol, Methylcarbamate"
436,108,0,-1.1013620009045106,quantum_iqp_zz_linear,2,0,-0.9243847290830906,0.1769772718214202,2-aminobutane
173,114,0,-1.4161903360719899,quantum_iqp_zz_linear,2,0,-1.2392130642505697,0.1769772718214202,1-naphthylacetamide
2,115,1,-1.2457868192617945,quantum_iqp_zz_linear,2,0,-1.0688095474403743,0.1769772718214202,Tribenuron-methyl (Ref: DPX L5300)
172,118,0,-1.3640605522494027,quantum_iqp_zz_linear,2,0,-1.1870832804279825,0.1769772718214202,2-naphthyloxyacetic acid
40,140,0,0.9709270487280388,quantum_iqp_zz_linear,2,1,1.147904320549459,0.1769772718214202,Tribufos
425,166,0,-0.48740078817224786,quantum_iqp_zz_linear,2,0,-0.31042351635082766,0.1769772718214202,Fosetyl
40,177,1,0.9723056556017864,quantum_iqp_zz_linear,2,1,1.1492829274232066,0.1769772718214202,"Phosphorodithioic acid O-ethyl S,S-dipropyl ester"
167,216,1,-1.173239359786232,quantum_iqp_zz_linear,2,0,-0.9962620879648117,0.1769772718214202,Dimetilan
30,229,1,-1.1797652521632134,quantum_iqp_zz_linear,2,0,-1.0027879803417932,0.1769772718214202,"4-(Dimethylamino)-3,5-dimethylphenol, Methylcarbamate(ester)"
30,235,1,-1.236249842932083,quantum_iqp_zz_linear,2,0,-1.0592725711106628,0.1769772718214202,"4-(Dimethylamino)-3-methylphenol, Methylcarbamate (ester)"
167,240,1,-1.1908343530471497,quantum_iqp_zz_linear,2,0,-1.0138570812257295,0.1769772718214202,"N,N-dimethylcarbamic acid 3-methyl-1-(1-methylethyl)-1H-pyrazol-5-yl ester"
23,241,0,-1.0554381124020047,quantum_iqp_zz_linear,2,0,-0.8784608405805846,0.1769772718214202,"2,6-Dinitro-N,N-dipropyl-4-(trifluoromethyl)benzenamine"
56,246,1,0.8782315368683462,quantum_iqp_zz_linear,2,1,1.0552088086897664,0.1769772718214202,"Phosphoric acid, (1E)-3-(Dimethylamino)-1-methyl-3-oxo-1-propen-1-yl dimethyl ester"
124,249,0,-0.5281784224224096,quantum_iqp_zz_linear,2,0,-0.35120115060098944,0.1769772718214202,Gibberellins
30,251,1,-1.189106025342608,quantum_iqp_zz_linear,2,0,-1.0121287535211878,0.1769772718214202,XMC (Ref: H 69)
412,253,0,-0.6286639298557403,quantum_iqp_zz_linear,2,0,-0.45168665803432007,0.1769772718214202,Kasugamycin hydrochloride hydrate
411,254,1,-0.3649661894135944,quantum_iqp_zz_linear,2,0,-0.18798891759217418,0.1769772718214202,Alpha-endosulfan
98,262,1,1.1238630747610028,quantum_iqp_zz_linear,2,1,1.300840346582423,0.1769772718214202,"Phosphoric acid, 2-Chloro-1-(2,4-dichlorophenyl)ethenyl diethyl ester"
75,265,0,-0.5728146795990391,quantum_iqp_zz_linear,2,0,-0.3958374077776189,0.1769772718214202,Bromopropylate (Ref: GS 19851)
56,275,1,0.8367121513375324,quantum_iqp_zz_linear,2,1,1.0136894231589526,0.1769772718214202,Monocrotophos (Ref: ENT 27129)
30,281,1,-1.0963770738848155,quantum_iqp_zz_linear,2,0,-0.9193998020633954,0.1769772718214202,3-methyl-5-(1-methylethyl)phenol 1-(N-methylcarbamate)  
56,283,1,0.9997862228856762,quantum_iqp_zz_linear,2,1,1.1767634947070964,0.1769772718214202,(2E)-3-[(Dimethoxyphosphinyl)oxy]-2-butenoic acid 1-phenylethyl ester
98,291,1,1.14658377255729,quantum_iqp_zz_linear,2,1,1.3235610443787102,0.1769772718214202,"Phosphoric acid (1Z)-2-chloro-1-(2,4,5-trichlorophenyl)ethenyl dimethyl ester"
403,301,0,-1.3788271794135387,quantum_iqp_zz_linear,2,0,-1.2018499075921185,0.1769772718214202,Benazolin (Ref: RD 7693)
396,325,0,-0.9238727057103374,quantum_iqp_zz_linear,2,0,-0.7468954338889172,0.1769772718214202,N-(2-Methylcyclohexyl)-N'-phenylurea
23,344,1,-0.8043754548510994,quantum_iqp_zz_linear,2,0,-0.6273981830296792,0.1769772718214202,Isopropalin (Ref: EL-179)
23,359,0,-1.0960629122153698,quantum_iqp_zz_linear,2,0,-0.9190856403939497,0.1769772718214202,Fluchloralin (Ref: BAS 392H)
388,365,0,-1.000289718559027,quantum_iqp_zz_linear,2,0,-0.8233124467376066,0.1769772718214202,Methyl cyclohexenone
23,378,0,-1.0696978056502324,quantum_iqp_zz_linear,2,0,-0.8927205338288123,0.1769772718214202,"N-Ethyl-N-(2-methyl-2-propenyl)-2,6-dinitro-4-(trifluoromethyl)benzenamine"
382,389,0,-1.3838671253358645,quantum_iqp_zz_linear,2,0,-1.2068898535144443,0.1769772718214202,alpha-Cyclopropyl-alpha-(4-methoxyphenyl)-5-pyrimidinemethanol
98,408,1,1.2020700647139864,quantum_iqp_zz_linear,2,1,1.3790473365354066,0.1769772718214202,Akton
62,413,1,-1.087942141840117,quantum_iqp_zz_linear,2,0,-0.9109648700186969,0.1769772718214202,Furalaxyl (Ref: IPE 134)
23,425,0,-1.0612895006533276,quantum_iqp_zz_linear,2,0,-0.8843122288319073,0.1769772718214202,"2,6-Dinitro-N1,N1-dipropyl-4-(trifluoromethyl)-1,3-benzenediamine"
377,426,0,1.8897528318275396,quantum_iqp_zz_linear,2,1,2.06673010364896,0.1769772718214202,Dienochlor (Ref: SAN 804)
156,439,1,-0.6166927874859222,quantum_iqp_zz_linear,2,0,-0.43971551566450195,0.1769772718214202,Fenpropidin (Ref: CGA 114900)
371,461,1,-0.5004246190624194,quantum_iqp_zz_linear,2,0,-0.3234473472409992,0.1769772718214202,"(4aS)-7-Chloro-2,5-dihydro-2-[[(methoxycarbonyl)[4-(trifluoromethoxy)phenyl]amino]carbonyl]indeno[1,2-e][1,3,4]oxadiazine-4a(3H)-carboxylic acid methyl ester"
156,487,0,-0.6885840608274644,quantum_iqp_zz_linear,2,0,-0.5116067890060442,0.1769772718214202,"(2R,6S)-rel-4-[3-[4-(1,1-Dimethylethyl)phenyl]-2-methylpropyl]-2,6-dimethylmorpholine  "
81,505,1,-0.6383059433340296,quantum_iqp_zz_linear,2,0,-0.46132867151260937,0.1769772718214202,Benfuracarb
360,514,1,1.260927738753266,quantum_iqp_zz_linear,2,1,1.4379050105746862,0.1769772718214202,Sulfluramid (Ref: GX 071)
150,515,0,-1.259700754604472,quantum_iqp_zz_linear,2,0,-1.0827234827830519,0.1769772718214202,"3-(N-butyl-N-acetyl)-aminopropionic acid, ethyl ester (Ref: OMS 3065)"
2,523,1,-0.9690595164058305,quantum_iqp_zz_linear,2,0,-0.7920822445844103,0.1769772718214202,Thifensulfuron-methyl (Ref: DPX M6316)
23,526,0,-0.5689797189454774,quantum_iqp_zz_linear,2,0,-0.3920024471240572,0.1769772718214202,"2-Chloro-N-[2,6-dinitro-4-(trifluoromethyl)phenyl]-N-ethyl-6-fluorobenzenemethanamine"
113,541,0,-1.1046237432875623,quantum_iqp_zz_linear,2,0,-0.927646471466142,0.1769772718214202,"[[2-Chloro-4-fluoro-5-[(tetrahydro-3-oxo-1H,3H-[1,3,4]thiadiazolo [3,4-a]pyridazin-1-ylidine)amino]phenyl]thioacetic acid methyl ester"
353,551,0,-0.9514881785626698,quantum_iqp_zz_linear,2,0,-0.7745109067412496,0.1769772718214202,Prohexadione
46,584,0,-0.8516554379609041,quantum_iqp_zz_linear,2,0,-0.674678166139484,0.1769772718214202,"(2R)-2-[4-(4-Cyano-2-fluorophenoxy)phenoxy]propanoic acid, Butyl ester"
346,586,0,0.6564852318576196,quantum_iqp_zz_linear,2,1,0.8334625036790398,0.1769772718214202,"N2-[1,1-Dimethyl-2-(methylsulfonyl)ethyl]-3-iodo-N1-[2-methyl-4-[1,2,2,2-tetrafluoro-1-(trifluoromethyl)ethyl]phenyl]-1,2-benzenedicarboxamide"
153,589,1,-0.03496944143324621,quantum_iqp_zz_linear,2,0,0.142007830388174,0.1769772718214202,(2-Oxo-3-thiazolidinyl)phosphonothioic acid O-ethyl S-(1-methylpropyl)ester
90,593,0,-1.413175740354575,quantum_iqp_zz_linear,2,0,-1.2361984685331548,0.1769772718214202,Sulfentrazone (Ref: FMC 97285)
90,598,0,-1.1133198362315273,quantum_iqp_zz_linear,2,0,-0.9363425644101072,0.1769772718214202,"alpha,2-Dichloro-5-[4-(difluoromethyl)-4,5-dihydro-3-methyl-5-oxo-1H-1,2,4-triazol-1-yl]-4-fluorobenzenepropanoic acid, Ethyl ester"
340,599,0,-1.1990780496271751,quantum_iqp_zz_linear,2,0,-1.022100777805755,0.1769772718214202,Benoxacor (Ref: CGA 154281)
40,603,1,1.068944355089995,quantum_iqp_zz_linear,2,1,1.2459216269114153,0.1769772718214202,Cadusafos (Ref: FMC 67825)
7,609,0,-1.2945023186614442,quantum_iqp_zz_linear,2,0,-1.117525046840024,0.1769772718214202,Triflusulfuron-methyl (Ref: DPX 66037)
150,623,0,-1.2251189191047709,quantum_iqp_zz_linear,2,0,-1.0481416472833507,0.1769772718214202,Oryctalure
149,624,1,-0.7608319567656286,quantum_iqp_zz_linear,2,0,-0.5838546849442084,0.1769772718214202,Alanycarb
334,636,1,-0.6641290320790275,quantum_iqp_zz_linear,2,0,-0.4871517602576073,0.1769772718214202,"5-Methyl-5-(4-phenoxyphenyl)-3-(phenylamino)-2,4-oxazolidinedione"
90,661,0,-1.352231508212393,quantum_iqp_zz_linear,2,0,-1.1752542363909728,0.1769772718214202,"alpha,2-Dichloro-5-[4-(difluoromethyl)-4,5-dihydro-3-methyl-5-oxo-1H-1,2,4-triazol-1-yl]-4-fluorobenzenepropanoic acid"
322,670,0,0.39251407264306415,quantum_iqp_zz_linear,2,1,0.5694913444644844,0.1769772718214202,Pyridalyl (Ref: S-1812)
319,677,0,-0.9786683642507489,quantum_iqp_zz_linear,2,0,-0.8016910924293287,0.1769772718214202,"(5S)-3,5-Dihydro-5-methyl-2-(methylthio)-5-phenyl-3-(phenylamino)-4H-imidazol-4-one"
311,707,0,-0.5997668413563847,quantum_iqp_zz_linear,2,0,-0.4227895695349645,0.1769772718214202,Sucrose octanoate
75,710,1,-1.3885302921394487,quantum_iqp_zz_linear,2,0,-1.2115530203180285,0.1769772718214202,Zarilamid (Ref: ICIA001)
309,716,0,-1.0682055136748994,quantum_iqp_zz_linear,2,0,-0.891228241853479,0.1769772718214202,Alloxydim
302,762,0,-0.6314339347773207,quantum_iqp_zz_linear,2,0,-0.4544566629559005,0.1769772718214202,"Carbonic acid, cis-3-(2,5-Dimethylphenyl)-8-methoxy-2-oxo-1-azaspiro[4.5]dec-3-en-4-yl ethyl ester"
130,766,0,-1.2531694271869969,quantum_iqp_zz_linear,2,0,-1.0761921553655767,0.1769772718214202,"2-Chloro-5-[3,6-dihydro-3-methyl-2,6-dioxo-4-(trifluoromethyl-1(2H)-pyrimidinyl]-4-fluoro-N-[[methyl(1-methylethyl)amino]sulfonyl]benzamide"
297,777,0,-1.3040655224388658,quantum_iqp_zz_linear,2,0,-1.1270882506174456,0.1769772718214202,"2-[1-[2-[[(3,5-Difluorophenyl)amino]carbonyl]hydrazinylidene]ethyl]-3-pyridinecarboxylic acid"
62,790,1,-0.5722706238575953,quantum_iqp_zz_linear,2,0,-0.3952933520361751,0.1769772718214202,Furalaxyl-M
294,791,0,-1.474967921946386,quantum_iqp_zz_linear,2,0,-1.2979906501249658,0.1769772718214202,"N-{2-[(4,6-Dimethoxypyrimidin-2-yl)(hydroxy)methyl]-6-(methoxymethyl)phenyl}-1,1-difluoromethanesulfonamide"
292,793,1,-1.5098391280840724,quantum_iqp_zz_linear,2,0,-1.3328618562626522,0.1769772718214202,"4-[[(6-Chloro-3-pyridinyl)methyl](2,2-difluoroethyl)amino]-2(5H)-furanone"
286,810,0,-1.597224092857594,quantum_iqp_zz_linear,2,0,-1.4202468210361738,0.1769772718214202,Triafamone (Ref: AE 1887198)
130,819,1,-1.1375915231635738,quantum_iqp_zz_linear,2,0,-0.9606142513421535,0.1769772718214202,"Methyl N-[2-({2-chloro-4-fluoro-5-[3-methyl-2,6-dioxo-4-(trifluoromethyl)-3,6-dihydropyrimidin-1(2H)-yl]phenyl}sulfanyl)propanoyl]-beta-alaninate"
83,825,0,-0.43192032412641856,quantum_iqp_zz_linear,2,0,-0.25494305230499836,0.1769772718214202,Benzyl 4-amino-3-chloro-6-(4-chloro-2-fluoro-3-methoxyphenyl)-5-fluoropyridine-2-carboxylate
281,831,0,-1.268584096659142,quantum_iqp_zz_linear,2,0,-1.0916068248377218,0.1769772718214202,Nicotine
277,842,0,-0.9168165755187391,quantum_iqp_zz_linear,2,0,-0.7398393036973189,0.1769772718214202,Strychnine
273,850,0,-0.9052816931505424,quantum_iqp_zz_linear,2,0,-0.7283044213291222,0.1769772718214202,Dimethyl disulfide
267,859,0,-0.5579964449044968,quantum_iqp_zz_linear,2,0,-0.38101917308307665,0.1769772718214202,Dithianon (Ref: BAS 216F)
81,863,1,-0.5098581839586177,quantum_iqp_zz_linear,2,0,-0.3328809121371975,0.1769772718214202,Carbosulfan (Ref: OMS 3022)
257,884,0,-1.016549964217289,quantum_iqp_zz_linear,2,0,-0.8395726923958687,0.1769772718214202,"4-[(2R)-2-[(1S,3S,5S)-3,5-Dimethyl-2-oxocyclohexyl]-2-hydroxyethyl]-2,6-piperidinedione"
124,895,0,-0.6848104158170188,quantum_iqp_zz_linear,2,0,-0.5078331439955986,0.1769772718214202,Gibberellic acid
251,896,0,-0.7569042333202881,quantum_iqp_zz_linear,2,0,-0.5799269614988679,0.1769772718214202,ACC
56,914,1,0.9371677250643644,quantum_iqp_zz_linear,2,1,1.1141449968857846,0.1769772718214202,"3-[(Dimethoxyphosphinyl)oxy]-2-pentenedioic acid, Dimethyl ester"
240,922,0,-1.1878173393849563,quantum_iqp_zz_linear,2,0,-1.010840067563536,0.1769772718214202,Metribuzin (Ref: DPX G2504)
23,923,0,-0.9587284988432244,quantum_iqp_zz_linear,2,0,-0.7817512270218042,0.1769772718214202,Oryzalin (Ref: EL 119)
232,933,0,-1.1076683705864263,quantum_iqp_zz_linear,2,0,-0.930691098765006,0.1769772718214202,Jasmonic acid
226,947,0,-0.8749681177533221,quantum_iqp_zz_linear,2,0,-0.6979908459319019,0.1769772718214202,"1,7-dioxaspiro(5.5)undecane"
223,951,0,-0.6555271933574208,quantum_iqp_zz_linear,2,0,-0.4785499215360006,0.1769772718214202,"2,3-Dihydro-5,6-dimethyl-1,4-dithiin 1,1,4,4-tetraoxide"
119,953,0,-0.9428922421811353,quantum_iqp_zz_linear,2,0,-0.7659149703597151,0.1769772718214202,Nitrothal-isopropyl (Ref: BAS 300 OOF)
216,965,0,-0.841086182297884,quantum_iqp_zz_linear,2,0,-0.6641089104764638,0.1769772718214202,Cinmethylin (Ref: BAS 684 H)
209,976,0,-1.375537227576913,quantum_iqp_zz_linear,2,0,-1.198559955755493,0.1769772718214202,Ecolyst (Ref: HSDB 7282)
113,986,0,-1.1551151818148475,quantum_iqp_zz_linear,2,0,-0.9781379099934272,0.1769772718214202,Fluthiacet
107,1001,0,-0.1884052405851232,quantum_iqp_zz_linear,2,0,-0.011427968763703,0.1769772718214202,Di-1-p-menthene
196,1005,0,-0.9934661952265548,quantum_iqp_zz_linear,2,0,-0.8164889234051346,0.1769772718214202,"alpha-Methyl-omega-[3-[1,3,3,3-tetramethyl-1-[(trimethylsilyl)oxy]-1-disiloxanyl]propoxy]poly(oxy-1,2-ethanediyl)"
188,1020,0,-0.12886099221953784,quantum_iqp_zz_linear,2,0,0.04811627960188236,0.1769772718214202,Sabadilla (Ref: ENT 123 )
186,1026,1,-1.121433121270758,quantum_iqp_zz_linear,2,0,-0.9444558494493377,0.1769772718214202,Triflumezopyrim (Ref: DPX-RAB55)
182,1030,0,-0.9679680957393842,quantum_iqp_zz_linear,2,0,-0.790990823917964,0.1769772718214202,1-({1-Ethyl-4-[4-(methanesulfonyl)-3-(2-methoxyethoxy)-2-methylbenzoyl]-1H-pyrazol-5-yl}oxy)ethyl methyl carbonate
3,20,0,-1.2396453468884256,quantum_iqp_zz_linear,3,0,-0.8038209293858707,0.43582441750255496,Neburon
453,29,0,-1.3853244193823953,quantum_iqp_zz_linear,3,0,-0.9495000018798403,0.43582441750255496,"1,8-cineole"
3,31,0,-1.4484551969740331,quantum_iqp_zz_linear,3,0,-1.0126307794714782,0.43582441750255496,"N'-(3,4-Dichlorophenyl)-N-methoxy-N-methylurea"
80,36,0,-1.3412196034635218,quantum_iqp_zz_linear,3,0,-0.9053951859609668,0.43582441750255496,"2-[(Trichloromethyl)thio]-1H-isoindole-1,3(2H)dione"
42,39,0,-1.4557750867141113,quantum_iqp_zz_linear,3,0,-1.0199506692115563,0.43582441750255496,"N-(3,4-Dichlorophenyl)propanamide"
3,42,0,-1.3973224759714329,quantum_iqp_zz_linear,3,0,-0.9614980584688779,0.43582441750255496,"N'-(3,4-Dichlorophenyl)-N,N-dimethylurea"
443,78,1,-0.8263344397435333,quantum_iqp_zz_linear,3,0,-0.39051002224097836,0.43582441750255496,Trichlorfon (Ref: OMS 800)
439,87,0,-1.7708308246501292,quantum_iqp_zz_linear,3,0,-1.3350064071475742,0.43582441750255496,As-(4-Aminophenyl)arsonic acid
27,92,1,-1.2991663219764906,quantum_iqp_zz_linear,3,0,-0.8633419044739357,0.43582441750255496,Penconazole (Ref: CGA 71818)
165,93,0,-1.453017501063713,quantum_iqp_zz_linear,3,0,-1.017193083561158,0.43582441750255496,Dichlone (Ref: USR 604)
27,101,0,-1.3572999629730955,quantum_iqp_zz_linear,3,0,-0.9214755454705406,0.43582441750255496,"1-(4-Chlorophenoxy)-3,3-dimethyl-1-(1H-1,2,4-triazol-1-yl)-2-butanone"
111,125,0,-0.9088101897942025,quantum_iqp_zz_linear,3,0,-0.47298577229164745,0.43582441750255496,[2-[[[1-(4-Chlorophenyl)-1H-pyrazol-3-yl]oxy]methyl]phenyl]methoxycarbamic acid methyl ester
430,145,0,-0.861948988694377,quantum_iqp_zz_linear,3,0,-0.42612457119182195,0.43582441750255496,"2-[(1,1-Dimethylethyl)imino]tetrahydro-3-(1-methylethyl)-5-phenyl-4H-1,3,5-thiadiazin-4-one"
59,146,1,-0.7202832549685476,quantum_iqp_zz_linear,3,0,-0.2844588374659927,0.43582441750255496,"1,4,5,6,7,8,8-Heptachloro-3a,4,7,7a-tetrahydro-4,7-methano-1H-indene"
16,147,0,-1.2014992550964028,quantum_iqp_zz_linear,3,0,-0.7656748375938478,0.43582441750255496,"2-(2,4,5-Trichlorophenoxy)acetic acid, Butyl ester"
59,148,1,-0.7917636873924714,quantum_iqp_zz_linear,3,0,-0.35593926988991637,0.43582441750255496,"(1R,4S,4aS,5S,8R,8aR)-rel-1,2,3,4,10,10-Hexachloro-1,4,4a,5,8,8a-hexahydro-1,4:5,8-dimethanonaphthalene"
59,154,1,-0.9030302276353419,quantum_iqp_zz_linear,3,0,-0.4672058101327869,0.43582441750255496,"(1aR,2R,2aS,3S,6R,6aR,7S,7aS)-rel-3,4,5,6,9,9-Hexachloro-1a,2,2a,3,6,6a,7,7a-octahydro-2,7:3,6-dimethanonaphth[2,3-b]oxirene "
428,158,0,-1.2767721430101642,quantum_iqp_zz_linear,3,0,-0.8409477255076092,0.43582441750255496,"alpha-(4-(1,1,3,3-Tetramethylbutyl)phenyl)-omega-hydroxypoly(oxy-1,2-ethanediyl)"
52,173,0,-1.1319517775436108,quantum_iqp_zz_linear,3,0,-0.6961273600410558,0.43582441750255496,Chlorbenside (Ref: ENT 20696)
38,175,1,0.7989858394333886,quantum_iqp_zz_linear,3,1,1.2348102569359436,0.43582441750255496,"Phosphorothioic acid, S-[2-(Ethylsulfinyl)ethyl] O,O-dimethyl ester"
3,176,0,-1.440711969826867,quantum_iqp_zz_linear,3,0,-1.004887552324312,0.43582441750255496,"N'-(4-chlorophenyl)-N,N-dimethylurea"
8,192,0,-1.6905578273648554,quantum_iqp_zz_linear,3,0,-1.2547334098623004,0.43582441750255496,"6-Chloro-N,N'-diethyl-1,3,5-triazine-2,4-diamine"
8,196,0,-1.5540683245766282,quantum_iqp_zz_linear,3,0,-1.1182439070740733,0.43582441750255496,"6-Chloro-N2,N4-bis(1-methylethyl)-1,3,5-triazine-2,4-diamine"
421,202,0,-1.6741868166412794,quantum_iqp_zz_linear,3,0,-1.2383623991387245,0.43582441750255496,Methazole (Ref: VCS-438)
8,211,0,-1.5118146135205475,quantum_iqp_zz_linear,3,0,-1.0759901960179925,0.43582441750255496,"6-Methoxy-N2,N4-bis(1-methylethyl)-1,3,5-triazine-2,4-diamine"
8,217,0,-1.4818745689228952,quantum_iqp_zz_linear,3,0,-1.0460501514203402,0.43582441750255496,"N2-Ethyl-N4-(1-methylethyl)-6-(methylthio)-1,3,5-triazine-2,4-diamine"
8,218,0,-1.638261607153131,quantum_iqp_zz_linear,3,0,-1.202437189650576,0.43582441750255496,"6-Chloro-N-ethyl-N'-(1-methylethyl)-1,3,5-triazine-2,4-diamine"
8,220,0,-1.3745995971630396,quantum_iqp_zz_linear,3,0,-0.9387751796604846,0.43582441750255496,"N2,N4-Bis(1-methylethyl)-6-(methylthio)-1,3,5-triazine-2,4-diamine"
8,226,0,-1.6314234816388922,quantum_iqp_zz_linear,3,0,-1.1955990641363372,0.43582441750255496,Trietazine (Ref: G 27901)
38,227,1,0.695005447850835,quantum_iqp_zz_linear,3,1,1.13082986535339,0.43582441750255496,Vamidothion (Ref: ENT 26613)
121,230,1,-0.39820655211552297,quantum_iqp_zz_linear,3,0,0.03761786538703199,0.43582441750255496,"1,1a,3,3a,4,5,5,5a,5b,6-Decachlorooctahydro-1,3,4-metheno-2H-cyclobuta[cd]pentalen-2-one"
415,238,0,-1.4918393590639125,quantum_iqp_zz_linear,3,0,-1.0560149415613576,0.43582441750255496,"N-Cyclopropyl-1,3,5-triazine-2,4,6-triamine"
3,239,0,-1.1054821829647123,quantum_iqp_zz_linear,3,0,-0.6696577654621574,0.43582441750255496,Chloroxuron (Ref: C 1983)
52,242,1,0.9405317922019136,quantum_iqp_zz_linear,3,1,1.3763562097044686,0.43582441750255496,Methyl trithion
3,252,0,-1.4781885410149933,quantum_iqp_zz_linear,3,0,-1.0423641235124383,0.43582441750255496,Monolinuron (Ref: HOE 002747)
80,257,0,-1.181602942454936,quantum_iqp_zz_linear,3,0,-0.745778524952381,0.43582441750255496,Captafol (Ref: Ortho-5865)
103,266,1,0.8124404069910094,quantum_iqp_zz_linear,3,1,1.2482648244935644,0.43582441750255496,"Phosphorothioic acid, O,O-Diethyl O(4-methylsulfinyl)phenyl)ester"
8,268,0,-1.5039181244398157,quantum_iqp_zz_linear,3,0,-1.0680937069372607,0.43582441750255496,Terbuthylazine
165,271,0,-1.505106951731181,quantum_iqp_zz_linear,3,0,-1.069282534228626,0.43582441750255496,Quinoclamine
407,278,0,-1.463188520280672,quantum_iqp_zz_linear,3,0,-1.027364102778117,0.43582441750255496,"3-Cyclohexyl-6-(dimethylamino)-1-methyl-1,3,5-triazine-2,4-(1H,3H)dione"
3,279,0,-1.3554992441590188,quantum_iqp_zz_linear,3,0,-0.9196748266564638,0.43582441750255496,Chlorbromuron (Ref: C6313)
38,284,1,0.5623329355980768,quantum_iqp_zz_linear,3,1,0.9981573531006318,0.43582441750255496,"O,O-Dimethyl S-[2-(methylamino)-2-oxoethyl ester phosphorothioic acid"
3,285,0,-1.5622516748805446,quantum_iqp_zz_linear,3,0,-1.1264272573779897,0.43582441750255496,"N,N-Dimethyl-N'-[3-(trifluoromethyl)phenyl]urea"
3,286,0,-1.4276750702895824,quantum_iqp_zz_linear,3,0,-0.9918506527870274,0.43582441750255496,Metobromuron (Ref: C 3216)
158,287,0,-1.4741127266828462,quantum_iqp_zz_linear,3,0,-1.0382883091802912,0.43582441750255496,"1,1-Dichloro-N-[(dimethylamino)sulfonyl]-1-fluoro-N-phenylmethanesulfenamide"
164,290,1,-0.4841981536623946,quantum_iqp_zz_linear,3,0,-0.04837373615983964,0.43582441750255496,(1-Methylethyl)phosphoramidic acid ethyl-3-methyl-4-(methylthio)phenyl ester
404,300,1,-0.5408630169003812,quantum_iqp_zz_linear,3,0,-0.10503859939782628,0.43582441750255496,"Ethylphosphonodithioic acid, O-Ethyl S-phenyl ester"
22,309,0,-1.4330297112167774,quantum_iqp_zz_linear,3,0,-0.9972052937142224,0.43582441750255496,Looplure (Ref: ENT 33266)
38,320,1,0.8321427746384908,quantum_iqp_zz_linear,3,1,1.2679671921410458,0.43582441750255496,"S-[2-(Ethylsulfonyl)ethyl]O,O-dimethyl ester phosphorothioic acid"
397,321,0,-1.2283055992019698,quantum_iqp_zz_linear,3,0,-0.7924811816994148,0.43582441750255496,Asulam (Ref: M&B 9057)
3,323,0,-1.403653468093814,quantum_iqp_zz_linear,3,0,-0.967829050591259,0.43582441750255496,Metoxuron (Ref: SAN 6915H)
3,327,0,-1.2753345858776373,quantum_iqp_zz_linear,3,0,-0.8395101683750823,0.43582441750255496,Monalide (Ref: SN 35830)
38,332,1,0.7711029899442317,quantum_iqp_zz_linear,3,1,1.2069274074467866,0.43582441750255496,"O,O-Dimethyl O-[2-(methylthio)ethyl]ester phosphorothioic acid mixt. with O,O-dimethyl S-[2-(methylthio)ethyl]phosphorothioate"
8,333,0,-1.4837898343355476,quantum_iqp_zz_linear,3,0,-1.0479654168329926,0.43582441750255496,Cyanazine
135,341,1,-0.6566807162534709,quantum_iqp_zz_linear,3,0,-0.2208562987509159,0.43582441750255496,"2aR,3S,4S,4aR,5S,7aS,8S,10R,10aS,10bR)-10-(Acetyloxy)octahydro-3,5-dihydroxy-4-methyl-8-[[(2E)-2-methyl-1-oxo-2-buten-1-yl]oxy]-4-[(1aR,2S,3aS,6aS,7S,7aS)-3a,6a,7,7a-tetrahydro-6a-hydroxy-7a-methyl-2,7-methanofuro[2,3-b]oxireno[e]oxepin-1a(2H)-yl]-1H,7H-naptho[1,8-bc:4,4a-c']difuran-5,10a(8H)-dicarboxylic acid 5-10a-dimethyl ester"
3,348,0,-1.383988973096732,quantum_iqp_zz_linear,3,0,-0.9481645555941771,0.43582441750255496,Chlorotoluron (Ref: C 2242)
22,349,1,-1.657278899702655,quantum_iqp_zz_linear,3,0,-1.2214544822001001,0.43582441750255496,8-dodecenol
3,353,1,-1.5458586440828983,quantum_iqp_zz_linear,3,0,-1.1100342265803433,0.43582441750255496,Diflubenzuron (Ref: OMS 1804)
391,354,1,-0.9952431586588275,quantum_iqp_zz_linear,3,0,-0.5594187411562725,0.43582441750255496,"Benzoyl chloride, (2,4,6-Trichlorophenyl)hydrazone"
390,356,0,-1.0266969874681202,quantum_iqp_zz_linear,3,0,-0.5908725699655653,0.43582441750255496,Piperalin (Ref: HSDB 7058)
22,363,0,-1.6285243952032245,quantum_iqp_zz_linear,3,0,-1.1926999777006695,0.43582441750255496,Codlemone (Ref: BAS 2851)
8,370,0,-1.307177741154954,quantum_iqp_zz_linear,3,0,-0.8713533236523991,0.43582441750255496,Dipropetryn (Ref: GC 16068)
383,387,1,-1.1620981655841256,quantum_iqp_zz_linear,3,0,-0.7262737480815706,0.43582441750255496,"5-Amino-1-[2,6-dichloro-4-(trifluoromethyl)phenyl]-4-[(trifluoromethyl)sulfinyl]-1H-pyrazole-3-carbonitrile"
78,406,0,-1.318056176978837,quantum_iqp_zz_linear,3,0,-0.8822317594762821,0.43582441750255496,Procymidone (Ref: S 7131)
3,412,0,-1.304265106031188,quantum_iqp_zz_linear,3,0,-0.8684406885286331,0.43582441750255496,Isoproturon (Ref: HOE 16410)
3,414,0,-1.128854346585009,quantum_iqp_zz_linear,3,0,-0.693029929082454,0.43582441750255496,Difenoxuron (Ref: C3470)
378,416,0,-1.6290427457282617,quantum_iqp_zz_linear,3,0,-1.1932183282257067,0.43582441750255496,Mefluidide (Ref: MBR 12325)
22,417,0,-1.4246852319212486,quantum_iqp_zz_linear,3,0,-0.9888608144186937,0.43582441750255496,(E)-dec-5-enyl acetate
154,419,1,0.8911961275664739,quantum_iqp_zz_linear,3,1,1.327020545069029,0.43582441750255496,O-(4-bromo-2-chlorophenyl) O-ethyl S-propyl ester phosphorothioic acid
27,421,0,-1.4044059213771245,quantum_iqp_zz_linear,3,0,-0.9685815038745695,0.43582441750255496,"beta-(4-Chlorophenoxy)-alpha-(1,1-dimethylethyl)-1H-1,2,4-triazole-1-ethanol"
27,424,0,-1.0872880560523372,quantum_iqp_zz_linear,3,0,-0.6514636385497823,0.43582441750255496,Bitertanol (Ref: KWG 0599)
158,437,0,-1.3892134872486344,quantum_iqp_zz_linear,3,0,-0.9533890697460794,0.43582441750255496,"1,1-Dichloro-N-[(dimethylamino)sulfonyl]-1-fluoro-N-(4-methylphenyl)methanesulfenamide"
96,438,1,-1.2711052129738225,quantum_iqp_zz_linear,3,0,-0.8352807954712675,0.43582441750255496,Climbazole (Ref: 106162)
27,441,1,-1.3455710557390141,quantum_iqp_zz_linear,3,0,-0.9097466382364592,0.43582441750255496,Diclobutrazol (Ref: PP296)
372,443,0,-1.6235310283308717,quantum_iqp_zz_linear,3,0,-1.1877066108283167,0.43582441750255496,Triclopyr-triethylammonium
13,448,0,-0.9455323757226255,quantum_iqp_zz_linear,3,0,-0.5097079582200705,0.43582441750255496,Fluazifop-butyl (Ref: SL 236)
3,450,0,-1.266970627063742,quantum_iqp_zz_linear,3,0,-0.831146209561187,0.43582441750255496,Dimefuron (Ref: RP 23465)
3,451,0,-0.8103623957942518,quantum_iqp_zz_linear,3,0,-0.37453797829169694,0.43582441750255496,Pencycuron (Ref: NTN 19701)
78,456,0,-1.1450306835178503,quantum_iqp_zz_linear,3,0,-0.7092062660152954,0.43582441750255496,Chlozolinate (Ref: M 8164)
8,469,0,-1.3142046256691904,quantum_iqp_zz_linear,3,0,-0.8783802081666354,0.43582441750255496,Dimethametryn (Ref: C 18898)
22,473,0,-1.6275717686651963,quantum_iqp_zz_linear,3,0,-1.1917473511626413,0.43582441750255496,5-decenol (Ref: BAS 287 1)
27,483,0,-1.2463470006107789,quantum_iqp_zz_linear,3,0,-0.8105225831082239,0.43582441750255496,Diniconazole (Ref: XE-779)
364,490,0,-1.228601312819839,quantum_iqp_zz_linear,3,0,-0.792776895317284,0.43582441750255496,Triflumizole (Ref: NF 114 )
129,511,0,-1.4511513970828158,quantum_iqp_zz_linear,3,0,-1.0153269795802609,0.43582441750255496,"2-[(2-Chlorophenyl)methyl]-4,4-dimethyl-3-isoxazolidinone"
154,522,1,0.7767302385828403,quantum_iqp_zz_linear,3,1,1.2125546560853953,0.43582441750255496,Pyraclofos (Ref: OMS 3040)
63,544,1,-1.11334963347327,quantum_iqp_zz_linear,3,0,-0.677525215970715,0.43582441750255496,Chlorantraniliprole (Ref: DPX E2Y45)
77,547,0,-1.3954365971454619,quantum_iqp_zz_linear,3,0,-0.9596121796429069,0.43582441750255496,"4,6-Dimethyl-N-phenyl-2-pyrimidinamine"
354,550,0,-1.3030941008252035,quantum_iqp_zz_linear,3,0,-0.8672696833226485,0.43582441750255496,"[3-(4,5-Dihydro-3-isoxazolyl)-2-methyl-4-(methylsulfonyl)phenyl](5-hydroxy-1-methyl-1H-pyrazol-4-yl)methanone"
13,556,0,-0.720293933396299,quantum_iqp_zz_linear,3,0,-0.2844695158937441,0.43582441750255496,Propaquizafop (Ref: CGA 233380)
13,567,0,-0.7789743999846286,quantum_iqp_zz_linear,3,0,-0.3431499824820737,0.43582441750255496,Quizalofop-P-tefuryl (Ref: UBI C4874 )
348,580,1,-0.90613445117613,quantum_iqp_zz_linear,3,0,-0.4703100336735751,0.43582441750255496,"4-[2-[4-(1,1-Dimethylethyl)phenyl]ethoxy]quinazoline"
341,597,0,-1.2318845038718758,quantum_iqp_zz_linear,3,0,-0.7960600863693208,0.43582441750255496,"1,2,3-Benzothiadiazole-7-carbothioic acid S-methyl ester"
337,606,0,-1.4059262255436797,quantum_iqp_zz_linear,3,0,-0.9701018080411248,0.43582441750255496,Fluquinconazole (Ref: AE C597265)
147,628,0,-1.6285189728630765,quantum_iqp_zz_linear,3,0,-1.1926945553605215,0.43582441750255496,"3-Chloro-2-[[(5-ethoxy-7-fluoro[1,2,4]triazolo[1,5-c]pyrimidin-2-yl)sulfonyl]amino]benzoic acid, Methyl ester"
77,632,0,-1.284886135884254,quantum_iqp_zz_linear,3,0,-0.8490617183816991,0.43582441750255496,Cyprodinil (Ref: CGA 219417)
89,649,0,-1.206295975473494,quantum_iqp_zz_linear,3,0,-0.7704715579709391,0.43582441750255496,2-[2-Chloro-5-[4-chloro-5-(difluoromethoxy)-1-methyl-1H-pyrazol-3-yl]-4-fluorophenoxy]acetic acid ethyl ester
328,652,0,-1.106228142352681,quantum_iqp_zz_linear,3,0,-0.670403724850126,0.43582441750255496,Fenhexamid (Ref: KBR 2738)
318,681,0,-1.1863992951184819,quantum_iqp_zz_linear,3,0,-0.7505748776159269,0.43582441750255496,Cafenstrole (Ref: CH 900)
33,685,0,-1.4891810748442056,quantum_iqp_zz_linear,3,0,-1.0533566573416506,0.43582441750255496,Propoxycarbazone
144,686,1,-1.1647749469456092,quantum_iqp_zz_linear,3,0,-0.7289505294430543,0.43582441750255496,"2-(4-Methoxy[1,1'-biphenyl]-3-yl)hydrazinecarboxylic acid, 1-Methylethyl ester"
315,690,0,-1.2398374247427093,quantum_iqp_zz_linear,3,0,-0.8040130072401543,0.43582441750255496,Fentrazamide (Ref: BAY YRC 2388)
33,694,0,-1.8031336175357255,quantum_iqp_zz_linear,3,0,-1.3673092000331706,0.43582441750255496,Flucarbazone
89,696,0,-1.391651294938246,quantum_iqp_zz_linear,3,0,-0.9558268774356911,0.43582441750255496,"2-[2-Chloro-4-fluoro-5-[5-methyl-6-oxo-4-(trifluoromethyl)-1(6H)-pyridazinyl]phenoxy]acetic acid, Ethyl ester"
140,717,0,-0.5876289205918557,quantum_iqp_zz_linear,3,0,-0.15180450308930077,0.43582441750255496,Profoxydim (Ref: BAS 625H)
308,718,0,-1.6396382342180982,quantum_iqp_zz_linear,3,0,-1.2038138167155432,0.43582441750255496,Picloram-tripromine
13,743,0,-0.9034926223432789,quantum_iqp_zz_linear,3,0,-0.46766820484072386,0.43582441750255496,Haloxyfop-etotyl (Ref: DOWCO 453EE)
303,756,0,-1.1178697734436016,quantum_iqp_zz_linear,3,0,-0.6820453559410466,0.43582441750255496,"N-[2-(1,3-Dimethylbutyl)-3-thienyl]-1-methyl-3-(trifluoromethyl)-1H-pyrazole-4-carboxamide"
63,767,1,-1.2643496912927028,quantum_iqp_zz_linear,3,0,-0.8285252737901478,0.43582441750255496,3-Bromo-1-(3-chloro-2-pyridinyl)-N-[4-cyano-2-methyl-6-[(methylamino)carbonyl]phenyl]-1H-pyrazole-5-carboxamide
300,768,0,0.779820739401998,quantum_iqp_zz_linear,3,1,1.215645156904553,0.43582441750255496,Iprobenfos
135,769,0,-0.662209328011611,quantum_iqp_zz_linear,3,0,-0.22638491050905601,0.43582441750255496,Dihydroazadirachtin
290,801,0,-1.4446229731024054,quantum_iqp_zz_linear,3,0,-1.0087985555998504,0.43582441750255496,Ametoctradin (Ref: BAS 650F)
63,805,1,-0.431192965893123,quantum_iqp_zz_linear,3,0,0.004631451609431958,0.43582441750255496,Cyclaniliprole (Ref: IKI-3106)
288,807,0,-1.365431721882276,quantum_iqp_zz_linear,3,0,-0.9296073043797211,0.43582441750255496,Fluazaindolizine (Ref: DPX-Q8U80)
33,808,0,-1.2841863581485746,quantum_iqp_zz_linear,3,0,-0.8483619406460197,0.43582441750255496,Thiencarbazone-methyl (Ref: BYH 18636 )
33,813,0,-1.1505795797817717,quantum_iqp_zz_linear,3,0,-0.7147551622792168,0.43582441750255496,Thiencarbazone
282,821,0,-0.8830729082126461,quantum_iqp_zz_linear,3,0,-0.44724849071009104,0.43582441750255496,Isoflucypram (Ref: BCS-CN88460)
129,827,0,-1.394572124488606,quantum_iqp_zz_linear,3,0,-0.958747706986051,0.43582441750255496,Bixlozone (Ref: F9600)
274,847,0,-1.5801244848714926,quantum_iqp_zz_linear,3,0,-1.1443000673689376,0.43582441750255496,Cinnamaldehyde
271,854,0,-1.5418959772400318,quantum_iqp_zz_linear,3,0,-1.1060715597374768,0.43582441750255496,"N,N'-[1,4-Piperazinediylbis(2,2,2-trichloroethylidene)]bis-formamide"
264,864,0,-1.590368376282498,quantum_iqp_zz_linear,3,0,-1.154543958779943,0.43582441750255496,Garlic extract
262,866,0,-0.8031338770761864,quantum_iqp_zz_linear,3,0,-0.36730945957363154,0.43582441750255496,"N,N,N',N'-Tetramethylthioperoxydicarbonic diamide ([(H2N)C(S)]2S2)"
80,869,0,-1.2773484346076247,quantum_iqp_zz_linear,3,0,-0.8415240171050697,0.43582441750255496,Captan (Ref: SR 406)
259,881,0,-0.9877164509384699,quantum_iqp_zz_linear,3,0,-0.551892033435915,0.43582441750255496,"2-[4-(1,1-Dimethylethyl)phenoxy]cyclohexyl 2-propynyl ester sulfurous acid"
59,883,1,-0.49992240678464966,quantum_iqp_zz_linear,3,0,-0.0640979892820947,0.43582441750255496,Chlordane (Technical Grade)
253,893,0,-1.3440037659613804,quantum_iqp_zz_linear,3,0,-0.9081793484588254,0.43582441750255496,"1H-1,2,4-Triazol-3-amine"
123,899,1,0.8590685843279302,quantum_iqp_zz_linear,3,1,1.2948930018304852,0.43582441750255496,"Phosphorothioic acid O-(3-chloro-4-methyl-2-oxo-2H-1-benzopyran-7-yl) O,O-diethyl ester"
52,904,1,0.5076419035889042,quantum_iqp_zz_linear,3,1,0.9434663210914591,0.43582441750255496,"S-[(4,6-Diamino-1,3,5-triazin-2-yl)methyl]O,O-dimethyl ester phosphorodithioic acid"
121,913,1,0.19631111382559463,quantum_iqp_zz_linear,3,1,0.6321355313281496,0.43582441750255496,"1,1a,2,2,3,3a,4,5,5,5a,5b,6-Dodecachlorooctahydro-1,3,4-metheno-1H-cyclobuta[cd]pentalene"
243,917,1,-1.1849914809138988,quantum_iqp_zz_linear,3,0,-0.7491670634113439,0.43582441750255496,Molinate (Ref: OMS 1373)
241,920,0,-1.3232395106167218,quantum_iqp_zz_linear,3,0,-0.8874150931141669,0.43582441750255496,Silthiofam (Ref: MON 65500)
16,921,0,-0.9800795048175761,quantum_iqp_zz_linear,3,0,-0.5442550873150211,0.43582441750255496,"2-(2,4-Dichlorophenoxy)acetic acid, 2-Ethylhexyl ester"
235,930,1,-0.5530134283088313,quantum_iqp_zz_linear,3,0,-0.11718901080627636,0.43582441750255496,Camphechlor (Ref: Hercules 3956)
231,935,0,-1.37403090539871,quantum_iqp_zz_linear,3,0,-0.9382064878961551,0.43582441750255496,Grandlure (Ref: SHA 112401)
78,940,0,-1.2295022682867995,quantum_iqp_zz_linear,3,0,-0.7936778507842446,0.43582441750255496,Vinclozolin (Ref: BAS 352F)
227,945,0,-1.183970588494232,quantum_iqp_zz_linear,3,0,-0.748146170991677,0.43582441750255496,2-Cyano-N-[(ethylamino)carbonyl]-2-(methoxyimino)acetamide
218,962,0,-1.412180544599686,quantum_iqp_zz_linear,3,0,-0.976356127097131,0.43582441750255496,Pyroquilon (Ref: CGA 49104)
217,963,0,-1.5613834063423628,quantum_iqp_zz_linear,3,0,-1.1255589888398079,0.43582441750255496,alpha-(1-Methylethyl)-alpha-[4-(trifluoromethoxy)phenyl]-5-pyrimidinemethanol
210,973,0,-1.5547980498026674,quantum_iqp_zz_linear,3,0,-1.1189736323001125,0.43582441750255496,Amisulbrom
77,982,0,-1.312474782815201,quantum_iqp_zz_linear,3,0,-0.8766503653126461,0.43582441750255496,Mepanipyrim (Ref: KUF 6201)
202,988,1,-1.4228009529081536,quantum_iqp_zz_linear,3,0,-0.9869765354055986,0.43582441750255496,Dinotefuran (Ref: MTI 446)
198,998,0,-1.2483776353776206,quantum_iqp_zz_linear,3,0,-0.8125532178750656,0.43582441750255496,"2-Chloro-5-[3,6-dihydro-3-methyl-2,6-dioxo-4-(trifluoromethyl)-1(2H)-pyrimidinyl]benzoic acid 1,1-dimethyl-2-oxo-2-(2-propenyloxy)ethyl ester"
197,1002,0,-1.0808317092874165,quantum_iqp_zz_linear,3,0,-0.6450072917848615,0.43582441750255496,"5-[[(2,6-Difluorophenyl)methoxy]methyl]-4,5-dihydro-5-methyl(3-methyl-2-thienyl)isoxazole"
111,1006,0,-1.3918430424476447,quantum_iqp_zz_linear,3,0,-0.9560186249450897,0.43582441750255496,Metyltetraprole (Ref: S-2367)
189,1017,0,-1.3503454929559287,quantum_iqp_zz_linear,3,0,-0.9145210754533737,0.43582441750255496,"N2-[(1R,2S)-2,3-Dihydro-2,6-dimethyl-1H-inden-1-yl]-6-(1-fluoroethyl)-1,3,5-triazine-2,4-diamine"
63,1025,1,-1.5591043662211599,quantum_iqp_zz_linear,3,0,-1.123279948718605,0.43582441750255496,1-(3-Chloropyridin-2-yl)-N-[4-cyano-2-methyl-6-(methylcarbamoyl)phenyl]-3-{[5-(trifluoromethyl)-2H-tetrazol-2-yl]methyl}-1H-pyrazole-5-carboxamide
184,1028,0,-1.167864427917335,quantum_iqp_zz_linear,3,0,-0.73204001041478,0.43582441750255496,Penflufen (Ref: BYF-14182)
183,1029,0,-1.2193460848485154,quantum_iqp_zz_linear,3,0,-0.7835216673459604,0.43582441750255496,"N-[6-[[[(Z)-[(1-Methyl-1H-tetrazol-5-yl)phenylmethylene]amino]oxy]methyl]-2-pyridinyl]-1,1-dimethylethyl ester carbamic acid"
93,16,1,-0.05185475333757715,quantum_iqp_zz_linear,4,0,0.013498480831542009,0.06535323416911916,2-[[Ethoxy[(1-methylethyl)amino]phosphinothioyl]oxy]benzoic acid 1-methylethyl ester
457,19,0,-0.5286102311777067,quantum_iqp_zz_linear,4,0,-0.46325699700858747,0.06535323416911916,(2-Chloroethyl)phosphonic acid
53,27,0,-0.6847225528392716,quantum_iqp_zz_linear,4,0,-0.6193693186701524,0.06535323416911916,"3,6-Dichloro-2-methyoxybenzoic acid"
450,44,0,-0.8066739736826692,quantum_iqp_zz_linear,4,0,-0.74132073951355,0.06535323416911916,Anethole
4,60,1,-0.750694324927528,quantum_iqp_zz_linear,4,0,-0.6853410907584088,0.06535323416911916,"3-(2-Chloro-3,3,3-trifluoro-1-propenyl)-2,2-dimethylcyclopropanecarboxylic acid cyano(3-phenoxyphenyl)methyl ester"
82,62,0,-0.7654365816764165,quantum_iqp_zz_linear,4,0,-0.7000833475072973,0.06535323416911916,Methyleugenol (Ref: Ent 21040)
82,66,1,-0.5632663049527888,quantum_iqp_zz_linear,4,0,-0.49791307078366964,0.06535323416911916,Capsaicin (Ref: NCI-C56564)
444,69,0,-0.7211006864325099,quantum_iqp_zz_linear,4,0,-0.6557474522633907,0.06535323416911916,2-phenylphenol
60,83,1,-0.2616927931043141,quantum_iqp_zz_linear,4,0,-0.19633955893519495,0.06535323416911916,DDT (Ref: OMS 16)
9,84,1,-0.2490331987786794,quantum_iqp_zz_linear,4,0,-0.18367996460956024,0.06535323416911916,Ethion (Ref: ENT 24105)
174,86,1,0.7859899235960588,quantum_iqp_zz_linear,4,1,0.851343157765178,0.06535323416911916,"Phosphorodithioic acid O,O-diethyl S-[(4-oxo-1,2,3-benzotriazin-3(4H)-yl)methyl] ester"
9,90,1,1.0203971639194513,quantum_iqp_zz_linear,4,1,1.0857503980885705,0.06535323416911916,Chlormephos (Ref: MC 2188)
161,95,0,-0.7085075137418744,quantum_iqp_zz_linear,4,0,-0.6431542795727552,0.06535323416911916,5-Amino-4-chloro-2-phenyl-3(2H)-pyridazinone
15,102,0,-0.8458054044026009,quantum_iqp_zz_linear,4,0,-0.7804521702334817,0.06535323416911916,(3-Methylphenyl)carbamic acid 3-[(methoxycarbonyl)amino]phenyl ester
9,112,1,0.9835605992611638,quantum_iqp_zz_linear,4,1,1.048913833430283,0.06535323416911916,"S-[2-(Ethylthio)ethyl]O,O-dimethyl ester phosphorodithioc acid"
433,117,0,-0.3730227626155086,quantum_iqp_zz_linear,4,0,-0.30766952844638945,0.06535323416911916,Piperonyl butoxide (Ref: ENT 14250)
0,119,0,-0.45858054278597266,quantum_iqp_zz_linear,4,0,-0.3932273086168535,0.06535323416911916,Metsulfuron-methyl (Ref: DPX T6376)
9,123,1,0.6889098991523739,quantum_iqp_zz_linear,4,1,0.7542631333214931,0.06535323416911916,"Phosphorodithioic acid S-[[(1,1-dimethylethyl)thio]O,O-diethylmethyl]ester"
170,131,1,-0.2616927931043141,quantum_iqp_zz_linear,4,0,-0.19633955893519495,0.06535323416911916,"O,P'-DDT"
15,134,0,-0.9588457011699237,quantum_iqp_zz_linear,4,0,-0.8934924670008045,0.06535323416911916,"N-Phenylcarbamic acid, 1-Methylethyl ester"
431,138,0,-0.6663176419197441,quantum_iqp_zz_linear,4,0,-0.6009644077506249,0.06535323416911916,Flurochloridone (Ref: R 40244)
0,142,0,-0.4407162154717624,quantum_iqp_zz_linear,4,0,-0.37536298130264323,0.06535323416911916,Cyclosulfamuron (Ref: BAS 710H)
9,156,1,0.6881324483946766,quantum_iqp_zz_linear,4,1,0.7534856825637958,0.06535323416911916,"O,O-Diethyl S-[2-(ethylsulfanyl)ethyl] phosphorothioate"
0,157,0,-0.7305698223998024,quantum_iqp_zz_linear,4,0,-0.6652165882306832,0.06535323416911916,"2-Chloro-N-[[(4-methoxy-6-methyl-1,3,5-triazin-2-yl)amino]carbonyl]benzenesulfonamide"
4,159,1,-0.7244364217017387,quantum_iqp_zz_linear,4,0,-0.6590831875326195,0.06535323416911916,"3-(2,2-Dichloroethenyl)-2,2-dimethylcyclopropanecarboxylic acid, (3-Phenoxyphenyl)methyl ester"
9,169,1,0.9897215781237321,quantum_iqp_zz_linear,4,1,1.0550748122928513,0.06535323416911916,Demeton-O-methyl (Ref: ENT 18862)
60,170,1,-0.3322601204692084,quantum_iqp_zz_linear,4,0,-0.26690688630008924,0.06535323416911916,"1,1'-(2,2-Dichloroethylidene)bis[4-ethylbenzene"
54,178,0,-1.0887494615635962,quantum_iqp_zz_linear,4,0,-1.023396227394477,0.06535323416911916,"N-(3-Chlorophenyl)carbamic acid, 1-Methylethyl ester"
9,181,1,0.684691454236206,quantum_iqp_zz_linear,4,1,0.7500446884053252,0.06535323416911916,Demeton (Ref: ENT 17295)
422,183,0,-0.3578888853650248,quantum_iqp_zz_linear,4,0,-0.29253565119590563,0.06535323416911916,"2,2-Dichloropropanoic acid"
4,184,1,-0.8084749784118341,quantum_iqp_zz_linear,4,0,-0.7431217442427149,0.06535323416911916,Beta-cypermethrin (Ref: OMS 3068)
9,187,1,0.7050401587877162,quantum_iqp_zz_linear,4,1,0.7703933929568354,0.06535323416911916,"Phosphorodithioic acid, O,O-Diethyl-S-[2-(ethylthio)ethyl] ester"
9,193,1,0.9658936713323913,quantum_iqp_zz_linear,4,1,1.0312469055015105,0.06535323416911916,"S-[2-(Ethylthio)ethyl]O,O-dimethyl ester phosphorothioic acid"
53,198,0,-0.8671318892488409,quantum_iqp_zz_linear,4,0,-0.8017786550797217,0.06535323416911916,"2,3,6-TBA (Ref: HC 1281)"
9,201,1,0.8446369082326148,quantum_iqp_zz_linear,4,1,0.909990142401734,0.06535323416911916,"O,O-Diethyl S-[(ethylthio)methyl])ester, Phosphorodithioic acid"
125,206,1,-0.9506623910656014,quantum_iqp_zz_linear,4,0,-0.8853091568964822,0.06535323416911916,Dichlobenil (Ref: H 133)
104,210,1,0.7764210906824833,quantum_iqp_zz_linear,4,1,0.8417743248516025,0.06535323416911916,"S-[(6-Chloro-2-oxo-3(2H)-benzoxazolyl)methyl]O,O-diethyl ester phosphorodithioic acid"
9,221,1,0.8649379655567504,quantum_iqp_zz_linear,4,1,0.9302911997258696,0.06535323416911916,Carbofenthion
416,236,1,-0.6281357823327917,quantum_iqp_zz_linear,4,0,-0.5627825481636725,0.06535323416911916,1-methylcyclopropene
35,258,0,-0.5292285184149239,quantum_iqp_zz_linear,4,0,-0.4638752842458047,0.06535323416911916,Chloramben (Ref: ACP M-629)
102,277,1,-0.8692715632854351,quantum_iqp_zz_linear,4,0,-0.8039183291163159,0.06535323416911916,Pebulate (Ref: R 2061)
122,294,0,-0.5258483756956408,quantum_iqp_zz_linear,4,0,-0.4604951415265216,0.06535323416911916,Fuberidazole
24,304,1,-0.978340833281094,quantum_iqp_zz_linear,4,0,-0.9129875991119748,0.06535323416911916,Terbutryn (Ref: GS 14260)
401,310,0,-0.7303306113715091,quantum_iqp_zz_linear,4,0,-0.6649773772023899,0.06535323416911916,"5-Chloro-3-(1,1-dimethylethyl)-6-methyl-2,4(1H,3H)-pyrimidinedione"
400,311,1,-0.595569357449309,quantum_iqp_zz_linear,4,0,-0.5302161232801897,0.06535323416911916,Chlorophacinone (Ref: LM 91)
15,322,0,-0.3702126465943721,quantum_iqp_zz_linear,4,0,-0.30485941242525294,0.06535323416911916,Thiophanate
15,335,0,-0.8555468823341198,quantum_iqp_zz_linear,4,0,-0.7901936481650006,0.06535323416911916,"N-[3-[[(Phenylamino)carbonyl]oxy]phenyl]carbamic acid, Ethyl ester"
15,337,0,-0.874391719626371,quantum_iqp_zz_linear,4,0,-0.8090384854572518,0.06535323416911916,Carbetamide (Ref: RP 11561)
15,355,0,-0.7411026197973221,quantum_iqp_zz_linear,4,0,-0.6757493856282029,0.06535323416911916,Proximpham
389,358,0,-0.37340473293477133,quantum_iqp_zz_linear,4,0,-0.3080514987656522,0.06535323416911916,Dodemorph
161,371,0,-0.8435815683588612,quantum_iqp_zz_linear,4,0,-0.778228334189742,0.06535323416911916,Norflurazon (Ref: H 52143)
24,379,0,-0.8501743955933411,quantum_iqp_zz_linear,4,0,-0.7848211614242219,0.06535323416911916,Terbumeton (Ref: GS 14259)
384,382,0,-0.9504848376832299,quantum_iqp_zz_linear,4,0,-0.8851316035141107,0.06535323416911916,Multistriatin
69,384,0,-0.741987787417358,quantum_iqp_zz_linear,4,0,-0.6766345532482388,0.06535323416911916,Tembotrione (Ref: AE 0172747)
4,386,1,-0.7629042721073322,quantum_iqp_zz_linear,4,0,-0.697551037938213,0.06535323416911916,Fenpropathrin (Ref: OMS 1999)
4,392,1,-0.7016013376102779,quantum_iqp_zz_linear,4,0,-0.6362481034411587,0.06535323416911916,"2,2-Dimethyl-3-(1,1,2,2-tetrabromoethyl)cyclopropanecarboxylic acid cyano(3-phenoxyphenyl)methyl ester"
0,393,0,-0.6707944456111529,quantum_iqp_zz_linear,4,0,-0.6054412114420337,0.06535323416911916,"2-[[[[(4-Chloro-6-methoxy-2-pyrimidinyl)amino]carbonyl]amino]sulfonyl]benzoic acid, Ethyl ester"
28,400,0,-0.981287112576055,quantum_iqp_zz_linear,4,0,-0.9159338784069359,0.06535323416911916,2-Chloro-1-(3-ethoxy-4-nitrophenoxy)-4-(trifluoromethyl)benzene
4,401,1,-0.4786370881780771,quantum_iqp_zz_linear,4,0,-0.41328385400895795,0.06535323416911916,4-Chloro-alpha-(1-methylethyl)benzeneacetic acid cyano(3-phenoxyphenyl)methyl ester
35,404,0,-0.520279522645227,quantum_iqp_zz_linear,4,0,-0.45492628847610783,0.06535323416911916,"3,6-Dichloro-2-pyridinecarboxylic acid"
379,405,0,-1.0404829498375436,quantum_iqp_zz_linear,4,0,-0.9751297156684244,0.06535323416911916,"3-(3,5-Dichlorophenyl)-N-(1-methylethyl)-2,4-dioxo-1-imidazolidinecarboxamide"
160,407,0,-0.6707201808696148,quantum_iqp_zz_linear,4,0,-0.6053669467004956,0.06535323416911916,Nuarimol (Ref: EL 228)
4,409,1,-0.6657358388724633,quantum_iqp_zz_linear,4,0,-0.6003826047033441,0.06535323416911916,"(1R,3R)-3-(2,2-Dibromoethenyl)-2,2-dimethylcyclopropanecarboxylic acid (S)cyano(3-phenoxyphenyl)methyl ester"
50,423,0,-0.7445945338580153,quantum_iqp_zz_linear,4,0,-0.6792412996888961,0.06535323416911916,Triflumuron (Ref: OMS 2015)
4,430,1,-0.4953249668286464,quantum_iqp_zz_linear,4,0,-0.42997173265952726,0.06535323416911916,Flucythrinate (Ref: OMS 2007)
97,434,1,1.182506110372606,quantum_iqp_zz_linear,4,1,1.2478593445417252,0.06535323416911916,Etrimfos
4,446,1,-0.6271978568497263,quantum_iqp_zz_linear,4,0,-0.5618446226806071,0.06535323416911916,Cyphenothrin (Ref: S 2703)
104,454,1,0.6128051048488657,quantum_iqp_zz_linear,4,1,0.678158339017985,0.06535323416911916,Azamethiphos (Ref: GCA 18809)
93,455,1,-0.21645455505780337,quantum_iqp_zz_linear,4,0,-0.15110132088868422,0.06535323416911916,2-[(Aminomethoxyphosphinothioyl)oxy]benzoic acid 1-methylethyl ester
15,462,0,-0.838772460522853,quantum_iqp_zz_linear,4,0,-0.7734192263537338,0.06535323416911916,Fenoxycarb (Ref: OMS 3010)
4,464,1,-0.44722850107876727,quantum_iqp_zz_linear,4,0,-0.3818752669096481,0.06535323416911916,Bifenthrin (Ref: FMC 54800)
4,465,1,-0.4024810865490131,quantum_iqp_zz_linear,4,0,-0.33712785237989396,0.06535323416911916,"3-[2-Chloro-2-(4-chlorophenyl)ethenyl]-2,2-dimethylcyclopropanecarboxylic acid cyano(4-fluoro-3-phenoxyphenyl)methyl ester"
0,466,0,-0.5590209623595114,quantum_iqp_zz_linear,4,0,-0.4936677281903922,0.06535323416911916,"2-[[[[(4,6-Dimethyl-2-pyrimidinyl)amino]carbonyl]amino]sulfonyl]benzoic acid, Methyl ester"
0,470,0,-0.4244802175429106,quantum_iqp_zz_linear,4,0,-0.35912698337379145,0.06535323416911916,Sulfometuron
367,480,0,-0.5996746154472433,quantum_iqp_zz_linear,4,0,-0.5343213812781241,0.06535323416911916,"2-Ethoxy-2,3-dihydro-3,3-dimethyl-5-benzofuranol 5-methanesulfonate"
4,481,1,-0.7919355476880442,quantum_iqp_zz_linear,4,0,-0.726582313518925,0.06535323416911916,Beta-cyfluthrin (Ref: OMS 3051)
365,484,0,-0.5560666048815309,quantum_iqp_zz_linear,4,0,-0.4907133707124117,0.06535323416911916,2-[1-Methyl-2-(4-phenoxyphenoxy)ethoxy]pyridine
0,495,0,-0.29228431249127595,quantum_iqp_zz_linear,4,0,-0.2269310783221568,0.06535323416911916,Metsulfuron (Ref: IN F5438)
54,498,0,-0.8590026077534193,quantum_iqp_zz_linear,4,0,-0.7936493735843001,0.06535323416911916,Diethofencarb (Ref: S 1605)
15,499,0,-0.903383880739064,quantum_iqp_zz_linear,4,0,-0.8380306465699447,0.06535323416911916,Mepronil (Ref: B1 2459)
28,500,0,-0.7687388601123869,quantum_iqp_zz_linear,4,0,-0.7033856259432677,0.06535323416911916,"5-[2-Chloro-4-(trifluoromethyl)phenoxy]-2-nitrobenzoic acid, 2-Ethoxy-1-methyl-2-oxoethyl ester"
72,501,0,-1.1299257608724285,quantum_iqp_zz_linear,4,0,-1.0645725267033093,0.06535323416911916,Uniconazole (Ref: XE 1019)
93,503,1,-0.10493961944555387,quantum_iqp_zz_linear,4,0,-0.03958638527643471,0.06535323416911916,Isofenphos-methyl
0,506,0,-0.6737083107060271,quantum_iqp_zz_linear,4,0,-0.6083550765369079,0.06535323416911916,"2-(2-Chloroethoxy)-N-[[(4-methoxy-6-methyl-1,3,5-triazin-2-yl)amino]carbonyl]benzenesulfonamide"
0,517,0,-0.3664097638316272,quantum_iqp_zz_linear,4,0,-0.30105652966250807,0.06535323416911916,Pyrazosulfuron-ethyl (Ref: NC 311)
53,519,0,-0.7835160251472925,quantum_iqp_zz_linear,4,0,-0.7181627909781733,0.06535323416911916,Quinmerac (Ref: BAS 518H)
53,520,0,-0.8514565214839392,quantum_iqp_zz_linear,4,0,-0.78610328731482,0.06535323416911916,"3,7-Dichloro-8-quinolinecarboxylic acidZ"
0,524,0,-0.5160451862594442,quantum_iqp_zz_linear,4,0,-0.450691952090325,0.06535323416911916,Bensulfuron-methyl (Ref: DPX F5384)
15,525,0,-0.8761951763748597,quantum_iqp_zz_linear,4,0,-0.8108419422057405,0.06535323416911916,Flutolanil (Ref: NNF 136)
0,527,0,-0.31766954366558126,quantum_iqp_zz_linear,4,0,-0.2523163094964621,0.06535323416911916,Bensulfuron (Ref: IN R9419)
359,528,0,-0.936830092629101,quantum_iqp_zz_linear,4,0,-0.8714768584599818,0.06535323416911916,Diclomezine (Ref: F-850)
0,529,0,-0.46000467006203943,quantum_iqp_zz_linear,4,0,-0.3946514358929203,0.06535323416911916,"2-[[[[[4,6-Bis(difluoromethoxy)-2-pyrimidinyl]amino]carbonyl]amino]sulfonyl]benzoic acid, Methyl ester"
35,542,1,-0.5698799140906993,quantum_iqp_zz_linear,4,0,-0.5045266799215801,0.06535323416911916,Aminopyralid (Ref: XDE 750)
0,543,0,-0.5129211239565322,quantum_iqp_zz_linear,4,0,-0.447567889787413,0.06535323416911916,"N-[[4,6-Dimethoxy-2-pyrimidinyl)amino]carbonyl]-3-(trifluoromethyl)-2-pyridinesulfonamide"
136,545,1,-1.1048055790565061,quantum_iqp_zz_linear,4,0,-1.039452344887387,0.06535323416911916,Tebufenpyrad (Ref: AC 801757)
0,553,0,-0.32249759691715735,quantum_iqp_zz_linear,4,0,-0.2571443627480382,0.06535323416911916,Chlorimuron
351,559,0,-1.0836336372735886,quantum_iqp_zz_linear,4,0,-1.0182804031044694,0.06535323416911916,Flamprop-M-isopropyl (Ref: WL 43425)
0,560,0,-0.34300289012476914,quantum_iqp_zz_linear,4,0,-0.27764965595565,0.06535323416911916,Cinosulfuron (Ref: CGA 142464)
0,568,0,-0.3000688689146267,quantum_iqp_zz_linear,4,0,-0.23471563474550752,0.06535323416911916,"N-[[(4,6-Dimethoxy-2-pyrimidinyl)amino]carbonyl]-2-(ethylsulfonyl)imidazo[1,2-a]pyridine-3-sulfonamide"
0,570,1,-0.45998491070676545,quantum_iqp_zz_linear,4,0,-0.3946316765376463,0.06535323416911916,Thifensulfuron (Ref: IN L9225)
0,572,1,-0.41162014581133677,quantum_iqp_zz_linear,4,0,-0.3462669116422176,0.06535323416911916,Nicosulfuron (Ref: DPX V9360)
44,577,0,-1.201964758672073,quantum_iqp_zz_linear,4,0,-1.1366115245029538,0.06535323416911916,(alphaE)-alpha-(Methoxyimino)-2-[[[(E)-[1-[3-(trifluoromethyl)phenyl]ethylidene]amino]oxy]methyl]benzeneacteic acid methyl ester
347,581,0,-1.1925919178472828,quantum_iqp_zz_linear,4,0,-1.1272386836781636,0.06535323416911916,"N-(4-Fluorophenyl)-N-(1-methylethyl)-2-[[5-(trifluoromethyl)-1,3,4-thiadiazol-2-yl]oxy]acetamide"
44,582,0,-0.8893078468307724,quantum_iqp_zz_linear,4,0,-0.8239546126616532,0.06535323416911916,(alphaE)-alpha-(Methoxyimino)-2-[(2-methylphenoxy)methyl]benzeneacetic acid methyl ester
69,583,0,-0.8501244591817488,quantum_iqp_zz_linear,4,0,-0.7847712250126296,0.06535323416911916,Sulcotrione (Ref: SC 0051)
344,588,0,-0.755875507780121,quantum_iqp_zz_linear,4,0,-0.6905222736110018,0.06535323416911916,Fenchlorazole (Ref: HOE 072829)
0,592,1,-0.2986587987330128,quantum_iqp_zz_linear,4,0,-0.23330556456389367,0.06535323416911916,Ethametsulfuron-methyl (Ref: DPX-A7881)
35,595,0,-0.7590131710856963,quantum_iqp_zz_linear,4,0,-0.6936599369165771,0.06535323416911916,Aminocyclopyrachlor (Ref: DPX-MAT28)
151,600,0,-1.1418197049225576,quantum_iqp_zz_linear,4,0,-1.0764664707534384,0.06535323416911916,Tebutam (Ref: GPC-5544)
338,602,0,-0.7455056819301551,quantum_iqp_zz_linear,4,0,-0.6801524477610359,0.06535323416911916,Cymiazol (Ref: CGA 50439)
0,604,0,-0.23868526629982595,quantum_iqp_zz_linear,4,0,-0.17333203213070678,0.06535323416911916,"N-[[(4,6-Dimethoxy-2-pyrimidinyl)amino]carbonyl]-3-(ethylsulfonyl)-2-pyridine sulfonamide"
0,605,0,-0.3960162311514099,quantum_iqp_zz_linear,4,0,-0.33066299698229074,0.06535323416911916,"2-[[[[[(4,6-Dimethoxy-2-pyrimidinyl)amino]carbonyl]amino]sulfonyl]amino]-N,N-dimethylbenzamide"
0,607,1,-0.2971094219065427,quantum_iqp_zz_linear,4,0,-0.23175618773742354,0.06535323416911916,Tribenuron (Ref: IN R9803)
0,608,0,-0.25825060648029446,quantum_iqp_zz_linear,4,0,-0.1928973723111753,0.06535323416911916,Amidosulfuron
0,610,0,-0.5046212856515663,quantum_iqp_zz_linear,4,0,-0.4392680514824471,0.06535323416911916,"2-Chloro-N-[[(4,6-dimethoxy-2-pyrimidinyl)amino]carbonyl]imidazo[1,2-a]pyridine-3-sulfonamide"
0,611,0,-0.36335500706956014,quantum_iqp_zz_linear,4,0,-0.298001772900441,0.06535323416911916,Triflusulfuron
85,613,0,-0.6192981759373409,quantum_iqp_zz_linear,4,0,-0.5539449417682217,0.06535323416911916,(alphaE)-2-[[6-(2-Cyanophenoxy)-4-pyrimidinyl]oxy]-alpha-(methoxymethylene)benzeneacetic acid methyl ester
0,615,0,-0.34740684880608186,quantum_iqp_zz_linear,4,0,-0.2820536146369627,0.06535323416911916,"2-[[[[[4-Ethoxy-6-(methylamino)-1,3,5-triazin-2-yl]amino]carbonyl]amino]sulfonyl]benzoic acid"
335,627,0,-0.8171991574325734,quantum_iqp_zz_linear,4,0,-0.7518459232634542,0.06535323416911916,Diofenolan (Ref: CGA 059205)
0,633,0,-0.6257589063888416,quantum_iqp_zz_linear,4,0,-0.5604056722197224,0.06535323416911916,"N-[[(4-Methoxy-6-methyl-1,3,5-triazin-2-yl)amino]carbonyl]-2-(3,3,3-trifluoropropyl)benzenesulfonamide"
0,646,0,-0.2650656010120377,quantum_iqp_zz_linear,4,0,-0.19971236684291854,0.06535323416911916,Mesosulfuron-methyl (Ref: AE F130060)
0,647,0,-0.33507796614783153,quantum_iqp_zz_linear,4,0,-0.2697247319787124,0.06535323416911916,Flupyrsulfuron
329,648,0,-0.6182589975493904,quantum_iqp_zz_linear,4,0,-0.5529057633802712,0.06535323416911916,4-Chloro-N-[2-[3-methoxy-4-(2-propynyloxy)phenyl]ethyl]-alpha-(2-propynyloxy)benzeneacetamide
4,657,1,-0.5147965746742156,quantum_iqp_zz_linear,4,0,-0.4494433405050964,0.06535323416911916,Acrinathrin (Ref: RU 38702)
0,662,0,-0.3173764628327884,quantum_iqp_zz_linear,4,0,-0.2520232286636693,0.06535323416911916,Foramsulfuron (Ref: AE F130360)
69,665,1,-0.5290223343111667,quantum_iqp_zz_linear,4,0,-0.46366910014204754,0.06535323416911916,Mesotrione (Ref: ZA 1296)
44,666,0,-0.899545537234309,quantum_iqp_zz_linear,4,0,-0.8341923030651898,0.06535323416911916,Metominostrobin (Ref: SSF 126)
0,667,0,-0.3092607949201582,quantum_iqp_zz_linear,4,0,-0.243907560751039,0.06535323416911916,Primisulfuron
321,671,1,-0.6302218924663708,quantum_iqp_zz_linear,4,0,-0.5648686582972516,0.06535323416911916,"3-[(2-Chloro-5-thiazolyl)methyl]tetrahydro-5-methyl-N-nitro-4H-1,3,5-oxadiazin-4-imine"
4,674,0,-0.4123319287602158,quantum_iqp_zz_linear,4,0,-0.34697869459109665,0.06535323416911916,Tau-fluvalinate (Ref: SAN 527l)
142,683,0,-0.2445846022165743,quantum_iqp_zz_linear,4,0,-0.17923136804745513,0.06535323416911916,Pyribenzoxim (Ref: LGC 40863 )
142,691,0,-0.7412411824499889,quantum_iqp_zz_linear,4,0,-0.6758879482808697,0.06535323416911916,Pyriminobac-methyl (Ref: KIH-6127)
0,692,0,-0.36517910360927675,quantum_iqp_zz_linear,4,0,-0.2998258694401576,0.06535323416911916,Pyrazosulfuron
0,693,0,-0.5071838988258187,quantum_iqp_zz_linear,4,0,-0.4418306646566995,0.06535323416911916,Ethoxysulfuron (Ref: AE F095404)
0,699,0,-0.2760974970831238,quantum_iqp_zz_linear,4,0,-0.21074426291400467,0.06535323416911916,Azimsulfuron
0,701,1,-0.27485024117410783,quantum_iqp_zz_linear,4,0,-0.20949700700498866,0.06535323416911916,Mesosulfuron (Ref: AE F154851)
313,704,0,-0.9022583990567145,quantum_iqp_zz_linear,4,0,-0.8369051648875953,0.06535323416911916,Mefenpyr diethyl (Ref: HOE 107892)
0,706,0,-0.6009661663150969,quantum_iqp_zz_linear,4,0,-0.5356129321459777,0.06535323416911916,Oxasulfuron (Ref: CGA 277476 )
4,715,1,-0.6262989077613464,quantum_iqp_zz_linear,4,0,-0.5609456735922272,0.06535323416911916,Sumithrin 
0,729,0,-0.5492367677814333,quantum_iqp_zz_linear,4,0,-0.48388353361231407,0.06535323416911916,Trifloxysulfuron (Ref: CGA 292230)
60,731,0,-0.9235557803916512,quantum_iqp_zz_linear,4,0,-0.858202546222532,0.06535323416911916,"1,1'-(2-Nitrobutylidene)bis(4-chlorobenzene), Mixt. with 1,1'-(2-Nitropropylidene)bis(4-chlorobenzene)"
132,735,0,-0.8530604371562225,quantum_iqp_zz_linear,4,0,-0.7877072029871033,0.06535323416911916,"(3-Bromo-6-methoxy-2-methylphenyl)(2,3,4-trimethoxy-6-methylphenyl)methanone"
85,737,1,-0.9952693114118955,quantum_iqp_zz_linear,4,0,-0.9299160772427763,0.06535323416911916,Fluacrypyrim
136,738,1,-0.6461576602930951,quantum_iqp_zz_linear,4,0,-0.5808044261239759,0.06535323416911916,4-Chloro-3-ethyl-1-methyl-N-[[4-(4-methylphenoxy)phenyl]methyl]-1H-pyrazole-5-carboxamide
44,740,0,-0.9903036983749199,quantum_iqp_zz_linear,4,0,-0.9249504642058007,0.06535323416911916,Dimoxystrobin (Ref: BAS 505F)
305,742,0,-0.701099193296732,quantum_iqp_zz_linear,4,0,-0.6357459591276128,0.06535323416911916,Sintofen (Ref: SC 2053)
0,745,0,-0.426909745236402,quantum_iqp_zz_linear,4,0,-0.36155651106728287,0.06535323416911916,Tritosulfuron
85,753,0,-1.1249177761342202,quantum_iqp_zz_linear,4,0,-1.059564541965101,0.06535323416911916,(alphaE)-alpha-(Methoxymethylene)-2-[[[6-(trifluoromethyl)-2-pyridinyl]oxy]methyl]benzeneacetic acid methyl ester
44,761,0,-0.5091785364198632,quantum_iqp_zz_linear,4,0,-0.443825302250744,0.06535323416911916,Orysastrobin
298,776,0,-0.6854937498008671,quantum_iqp_zz_linear,4,0,-0.6201405156317479,0.06535323416911916,Trifludimoxazin
0,794,0,-0.3249024342200056,quantum_iqp_zz_linear,4,0,-0.25954920005088644,0.06535323416911916,Iodosulfuron
35,796,0,-0.6425529909259368,quantum_iqp_zz_linear,4,0,-0.5771997567568176,0.06535323416911916,Picloram-dimethylammonium
132,800,0,-0.9863711842093625,quantum_iqp_zz_linear,4,0,-0.9210179500402433,0.06535323416911916,"(5-Chloro-2-methoxy-4-methylpyridin-3-yl)(2,3,4-trimethoxy-6-methylphenyl)methanone"
289,803,0,-0.8309410568155899,quantum_iqp_zz_linear,4,0,-0.7655878226464707,0.06535323416911916,N-[(2-Chlorophenyl)methyl]-N'-(1-methyl-1-phenylethyl)urea
283,818,0,-0.8893543961913907,quantum_iqp_zz_linear,4,0,-0.8240011620222715,0.06535323416911916,Flupyrimin
35,822,0,-0.6941162434514289,quantum_iqp_zz_linear,4,0,-0.6287630092823097,0.06535323416911916,Halauxifen (Ref: X11393729)
82,839,0,-0.6667552710256738,quantum_iqp_zz_linear,4,0,-0.6014020368565546,0.06535323416911916,Eugenol
276,844,0,-0.38572856042857995,quantum_iqp_zz_linear,4,0,-0.3203753262594608,0.06535323416911916,Trichloronitromethane
270,855,0,-0.4299839776519839,quantum_iqp_zz_linear,4,0,-0.3646307434828647,0.06535323416911916,Dibromochloropropane (Ref: OS1897)
263,865,0,-0.5853492552519804,quantum_iqp_zz_linear,4,0,-0.5199960210828612,0.06535323416911916,Dicyclopentadiene
60,867,0,-0.3109202186303751,quantum_iqp_zz_linear,4,0,-0.24556698446125594,0.06535323416911916,"1,1'-(2,2-Dichloroethylidene)bis[4-chlorobenzene]"
256,885,0,-0.41674337107481857,quantum_iqp_zz_linear,4,0,-0.3513901369056994,0.06535323416911916,Karanjin
254,888,1,-0.7547027733554474,quantum_iqp_zz_linear,4,0,-0.6893495391863282,0.06535323416911916,"1,3-dichloropropene (Ref: D D92)"
125,891,0,-0.9066693937683014,quantum_iqp_zz_linear,4,0,-0.8413161595991822,0.06535323416911916,"2,4,5,6-Tetrachloro-1,3-benzenedicarbonitrile"
122,902,1,-0.460176787106393,quantum_iqp_zz_linear,4,0,-0.39482355293727384,0.06535323416911916,2-(4-Thiazolyl)-1H-benzimidazole
246,907,0,-0.9089102872054934,quantum_iqp_zz_linear,4,0,-0.8435570530363742,0.06535323416911916,"5-Bromo-6-methyl-3-(1-methylpropyl)-2,4(1H,3H)-pyrimidinedione"
242,918,0,-0.6005007022941256,quantum_iqp_zz_linear,4,0,-0.5351474681250064,0.06535323416911916,Oxolinic acid
234,931,0,-1.1244814329759665,quantum_iqp_zz_linear,4,0,-1.0591281988068473,0.06535323416911916,Propyzamide (Ref: RH 315)
224,949,0,-0.530209653622695,quantum_iqp_zz_linear,4,0,-0.4648564194535758,0.06535323416911916,Difenzoquat metilsulfate (Ref: AC 84777)
4,954,1,-0.16928542280170866,quantum_iqp_zz_linear,4,0,-0.10393218863258949,0.06535323416911916,"(1R,3R)-rel-3-[(1Z)-2-Chloro-3,3,3-trifluoro-1-propen-1-yl]-2,2-dimethylcyclopropanecarboxylic acid (2,3,5,6-tetrafluoro-4-methylphenyl)methyl ester"
214,968,1,-0.4624185262953985,quantum_iqp_zz_linear,4,0,-0.39706529212627933,0.06535323416911916,Diafenthiuron (Ref: CGA 106630)
207,980,0,-1.099501747659088,quantum_iqp_zz_linear,4,0,-1.0341485134899688,0.06535323416911916,"2-[2-(1-Chlorocyclopropyl)-3-(2-chlorophenyl)-2-hydroxypropyl]-1,2-dihydro-3H-1,2,4-triazole-3-thione"
206,981,0,-0.7466559955415668,quantum_iqp_zz_linear,4,0,-0.6813027613724476,0.06535323416911916,Furilazole (Ref: MON 13900)
204,984,1,-0.8943892540833829,quantum_iqp_zz_linear,4,0,-0.8290360199142637,0.06535323416911916,"8-(1,1-Dimethylethyl)-N-ethyl-N-propyl-1,4-dioxaspiro[4.5]decane-2-methanamine"
0,991,0,-0.3481034609603291,quantum_iqp_zz_linear,4,0,-0.28275022679121,0.06535323416911916,"3-Chloro-5-[[[[(4,6-dimethoxy-2-pyrimidinyl)amino]carbonyl]amino]sulfonyl]-1-methyl-1H-pyrazole-4-carboxylic acid, Methyl ester"
69,993,0,-0.7039923450891256,quantum_iqp_zz_linear,4,0,-0.6386391109200064,0.06535323416911916,3-[2-Chloro-4-(methanesulfonyl)benzoyl]-4-(phenylsulfanyl)bicyclo[3.2.1]oct-3-en-2-one
112,995,0,-0.7864098525509832,quantum_iqp_zz_linear,4,0,-0.721056618381864,0.06535323416911916,Benthiavalicarb
190,1016,1,-0.9292752761864582,quantum_iqp_zz_linear,4,0,-0.863922042017339,0.06535323416911916,N-[Methyloxido[1-[6-(trifluoromethyl)-3-pyridinyl]ethyl]-lambda4-sulfanylidene]cyanamide
4,1024,1,-0.4044611182255167,quantum_iqp_zz_linear,4,0,-0.3391078840563976,0.06535323416911916,Brofluthrinate (Ref: ZXI 8901)
181,1031,0,-0.3805697880062208,quantum_iqp_zz_linear,4,0,-0.3152165538371017,0.06535323416911916,"Cyclopropanecarboxylic acid, [(3S,4R,4aR,6S,6aS,12R,12aS,12bS)-3-[(Cyclopropylcarbonyl)oxy]-1,3,4,4a,5,6,6a,12,12a,12b-decahydro-6,12-dihydroxy-4,6a,12b-trimethyl-11-oxo-9-(3-pyridinyl)-2H,11H-naphtho[2,1-b]pyrano[3,4-e]pyran-4-yl]methyl ester"
179,1033,0,-0.8894849011537408,quantum_iqp_zz_linear,4,0,-0.8241316669846216,0.06535323416911916,Fluindapyr (Ref: IR9792)
31,5,1,1.208913353385299,quantum_iqp_zz_linear,5,1,1.277316864623725,0.06840351123842597,"S-[(1,3-Dihydro-1,3-dioxo-2H-isoindol-2-yl)methyl]O,O-dimethyl ester, Phosphorodithioic acid"
61,6,0,-1.0302900290775783,quantum_iqp_zz_linear,5,0,-0.9618865178391522,0.06840351123842597,"(2E)-3,7-Dimethyl-2,6-octadien-1-ol"
458,15,1,0.8733750825301223,quantum_iqp_zz_linear,5,1,0.9417785937685483,0.06840351123842597,"Phosphoric acid 2,2-dichloroethenyl dimethyl ester"
11,23,0,-0.16511446436911353,quantum_iqp_zz_linear,5,0,-0.09671095313068756,0.06840351123842597,Hexadecanoic acid
11,26,0,-0.8552291539051085,quantum_iqp_zz_linear,5,0,-0.7868256426666824,0.06840351123842597,N-Dodecylguanidine acetate (1:1)
451,41,0,-1.215834791586309,quantum_iqp_zz_linear,5,0,-1.147431280347883,0.06840351123842597,8-hydroxyquinoline
18,46,0,1.1041354685086702,quantum_iqp_zz_linear,5,1,1.1725389797470962,0.06840351123842597,Parathion-methyl (Ref: OMS 213)
11,49,0,-1.1306660479696986,quantum_iqp_zz_linear,5,0,-1.0622625367312726,0.06840351123842597,Caprylic acid
448,52,0,-1.243196340100504,quantum_iqp_zz_linear,5,0,-1.174792828862078,0.06840351123842597,2-Furancarboxaldehyde
61,57,0,-1.0262933467410176,quantum_iqp_zz_linear,5,0,-0.9578898355025915,0.06840351123842597,Linalool
11,58,0,-1.066144670806884,quantum_iqp_zz_linear,5,0,-0.997741159568458,0.06840351123842597,Nonanoic acid
11,59,0,-0.4399544723330108,quantum_iqp_zz_linear,5,0,-0.37155096109458485,0.06840351123842597,Myristyl alcohol
11,76,0,1.0282284704189069,quantum_iqp_zz_linear,5,1,1.0966319816573329,0.06840351123842597,Pentacosane
175,79,1,-0.32759559331744653,quantum_iqp_zz_linear,5,0,-0.25919208207902056,0.06840351123842597,Methoxychlor (Ref: OMS 466)
17,85,1,0.9552247897357455,quantum_iqp_zz_linear,5,1,1.0236283009741716,0.06840351123842597,"Phosphorothioic acid O,O-diethyl O-2-quinoxalinyl ester  "
18,96,1,1.1823392993515383,quantum_iqp_zz_linear,5,1,1.2507428105899643,0.06840351123842597,"Phosphorothioic acid, O,O-Dimethyl O-(2,4,5-trichlorophenyl)ester"
438,98,0,-0.9798806217675224,quantum_iqp_zz_linear,5,0,-0.9114771105290964,0.06840351123842597,Verbenone
31,100,1,0.9768125040513278,quantum_iqp_zz_linear,5,1,1.0452160152897538,0.06840351123842597,"O,O-Dimethyl S-[2-(methylamino)-2-oxoethyl]phosphorodithioic acid ester"
437,105,1,-0.46378767903949364,quantum_iqp_zz_linear,5,0,-0.39538416780106767,0.06840351123842597,Rotenone (Ref: ENT 133)
18,106,1,1.139066871189393,quantum_iqp_zz_linear,5,1,1.207470382427819,0.06840351123842597,"Phosphorothioic acid, O,O-Diethyl-O-(4-nitrophenyl)ester"
106,111,0,-0.5618592143752172,quantum_iqp_zz_linear,5,0,-0.4934557031367912,0.06840351123842597,"1,2,3,4,5-Pentachloro-6-nitrobenzene"
434,116,0,0.25312283385177464,quantum_iqp_zz_linear,5,1,0.3215263450902006,0.06840351123842597,Streptomycin sulphate
171,130,0,-0.6738774248864663,quantum_iqp_zz_linear,5,0,-0.6054739136480403,0.06840351123842597,"1-[2-(2,4-Dichlorophenyl)-3-(1,1,2,2-tetrafluoroethoxy)propyl]-1H-1,2,4-triazole"
18,132,1,1.1654767244219504,quantum_iqp_zz_linear,5,1,1.2338802356603764,0.06840351123842597,"Phosphorothioic acid O,O-dimethyl O-(3-methyl-4-nitrophenyl)ester"
106,141,0,-1.1494772702611873,quantum_iqp_zz_linear,5,0,-1.0810737590227613,0.06840351123842597,"2,6-Dichloro-4-nitrobenzenamine"
106,149,0,-0.8121813957230577,quantum_iqp_zz_linear,5,0,-0.7437778844846317,0.06840351123842597,Tecnazene
55,150,1,0.9771342156788221,quantum_iqp_zz_linear,5,1,1.0455377269172481,0.06840351123842597,"Phosphoric acid, Dimethyl 4-nitrophenyl ester"
429,152,0,-0.8723084804205117,quantum_iqp_zz_linear,5,0,-0.8039049691820856,0.06840351123842597,Oxytetracycline
427,161,0,-0.2964151828671639,quantum_iqp_zz_linear,5,0,-0.22801167162873792,0.06840351123842597,"N,N-Bis(1-methylethyl)carbamothioic acid, S-(2,3,3-trichloro-2-propen-1-yl) ester"
18,163,1,2.423124089122523,quantum_iqp_zz_linear,5,1,2.491527600360949,0.06840351123842597,"O,O'-(Thiodi-4,1-phenylene) O,O,O',O'-tetramethyl ester phosphorothioic acid"
17,165,1,1.1657965124810228,quantum_iqp_zz_linear,5,1,1.2342000237194488,0.06840351123842597,"O,O-Diethyl O-[6-methyl-2-(1-methylethyl)-4-pyrimidinyl] ester phosphorothioic acid"
18,167,1,1.1388460332595565,quantum_iqp_zz_linear,5,1,1.2072495444979825,0.06840351123842597,Chlorthion (Ref: BAY 22/190 )
423,172,0,1.1883858495568,quantum_iqp_zz_linear,5,1,1.256789360795226,0.06840351123842597,"Thiodiphosphoric acid, Tetrapropyl ester"
11,179,0,-0.22382371379109361,quantum_iqp_zz_linear,5,0,-0.15542020255266764,0.06840351123842597,Myristyl acetate
31,182,1,0.9201680533262881,quantum_iqp_zz_linear,5,1,0.9885715645647142,0.06840351123842597,"O,O-Dimethyl S-[(4-oxo-1,2,3-benzotriazin-3(4H)-yl)methyl] ester, Phosphorodithioic acid"
18,186,1,1.207411489522564,quantum_iqp_zz_linear,5,1,1.27581500076099,0.06840351123842597,"O,O-Dimethyl O-[3-methyl-4-(methylthio)phenyl]ester phosphorothioic acid"
31,195,1,1.0818248860774362,quantum_iqp_zz_linear,5,1,1.1502283973158622,0.06840351123842597,"Phosphorodithioic acid S-[(5-methoxy-2-oxo-1,3,4-thiadiazol-3(2H)yl)methyl] O,O-dimethyl ester"
31,208,1,1.3861052862510432,quantum_iqp_zz_linear,5,1,1.4545087974894693,0.06840351123842597,Dialifos (Ref: AC 14503)
61,215,0,-0.5330301810273375,quantum_iqp_zz_linear,5,0,-0.46462666978891143,0.06840351123842597,Farnesol
418,219,0,-1.2586903807103726,quantum_iqp_zz_linear,5,0,-1.1902868694719466,0.06840351123842597,Chlormequat
68,223,0,-1.229604016187559,quantum_iqp_zz_linear,5,0,-1.161200504949133,0.06840351123842597,6-Chloro-3-pyridinecarboxylic acid
55,225,1,-0.08748549626744778,quantum_iqp_zz_linear,5,0,-0.01908198502902181,0.06840351123842597,P-Phenylphosphonothioic acid O-ethyl O-(4-nitrophenyl) ester 
417,231,0,-1.2569923590579628,quantum_iqp_zz_linear,5,0,-1.1885888478195368,0.06840351123842597,Diquat
17,233,1,0.8823318052469411,quantum_iqp_zz_linear,5,1,0.9507353164853671,0.06840351123842597,"Phosphorothioic acid, O,O-Diethyl O-2-pyrazinyl ester  "
410,255,0,-1.0456698579620292,quantum_iqp_zz_linear,5,0,-0.9772663467236031,0.06840351123842597,Diphenamid (Ref: L 34314)
18,256,1,1.0556335403546193,quantum_iqp_zz_linear,5,1,1.1240370515930453,0.06840351123842597,"O-[4[(Dimethylamino)sulfonyl]phenyl]O,O-dimethylester phosphorothioic acid"
409,259,0,-0.7144645957344904,quantum_iqp_zz_linear,5,0,-0.6460610844960644,0.06840351123842597,2-Chloro-6-(trichloromethyl)pyridine
25,261,1,-1.0889351159522436,quantum_iqp_zz_linear,5,0,-1.0205316047138175,0.06840351123842597,2-Methyl-2-(methylthio)propanol O-[(methylamino)carbonyl]oxime
25,273,1,-1.0043672453897936,quantum_iqp_zz_linear,5,0,-0.9359637341513676,0.06840351123842597,2-(Dimethylamino)-N-[[(methylamino)carbonyl]oxy]-2-oxo-ethanimidothioic acid methyl ester
17,276,1,1.2116469312708833,quantum_iqp_zz_linear,5,1,1.2800504425093093,0.06840351123842597,"Phosphorothioic acid, O,O-Diethyl O-(3,5,6-trichloro-2-pyridinyl) ester"
163,297,0,-0.9525155492040918,quantum_iqp_zz_linear,5,0,-0.8841120379656657,0.06840351123842597,"5,6-Dihydro-2-methyl-N-phenyl-1,4-oxathiin-3-carboxamide"
405,298,0,-1.1477838249426244,quantum_iqp_zz_linear,5,0,-1.0793803137041984,0.06840351123842597,N-1H-Benzimidazol-2-yl carbamic acid methyl ester
100,316,0,-1.0072546873723829,quantum_iqp_zz_linear,5,0,-0.9388511761339569,0.06840351123842597,Aldoxycarb
163,319,0,-1.1199421613415894,quantum_iqp_zz_linear,5,0,-1.0515386501031634,0.06840351123842597,Oxycarboxin (Ref: F 461)
157,326,1,-0.10903643530209023,quantum_iqp_zz_linear,5,0,-0.040632924063664255,0.06840351123842597,"4-Ethoxy-7-phenyl-3,5-dioxa-6-aza-4-phosphaoct-6-ene-8-nitrile 4-sulfide"
76,330,1,-1.1530933505115013,quantum_iqp_zz_linear,5,0,-1.0846898392730753,0.06840351123842597,Methabenzthiazuron (Ref: BAY 74283 )
394,334,0,-0.928442572272923,quantum_iqp_zz_linear,5,0,-0.860039061034497,0.06840351123842597,Glufosinate (Ref: HOE 00661)
55,336,1,1.0031452304076256,quantum_iqp_zz_linear,5,1,1.0715487416460516,0.06840351123842597,Dimethyl 4-(methylsulfanyl)phenyl phosphate
17,338,1,1.0840321658083945,quantum_iqp_zz_linear,5,1,1.1524356770468205,0.06840351123842597,"2-[(Diethoxyphosphinothionyl)oxy]-5-methylpyrazolo[1,5-a]pyrimidine-6-carboxylic acid ethyl ester"
11,339,0,0.9130742052657721,quantum_iqp_zz_linear,5,1,0.9814777165041981,0.06840351123842597,Muscalure
393,340,0,-1.060389870000379,quantum_iqp_zz_linear,5,0,-0.9919863587619531,0.06840351123842597,"2-Fluoroethyl ([1,1'-biphenyl]-4-yl)acetate"
17,343,1,1.0793230290990825,quantum_iqp_zz_linear,5,1,1.1477265403375085,0.06840351123842597,"O-[2-(Diethylamino)-6-methyl-4-pyrimidinyl]O,O-dimethyl ester, Phosphorothioic acid"
17,347,1,1.1940729940116632,quantum_iqp_zz_linear,5,1,1.2624765052500893,0.06840351123842597,"Phosphorothioic acid O-[2-(diethylamino)-6-methyl-4-pyrimidinyl] O,O-diethyl ester"
100,351,1,-0.9131045379961897,quantum_iqp_zz_linear,5,0,-0.8447010267577637,0.06840351123842597,2-Methyl-2-(methylsulfinyl)propanal O-[(methylamino)carbonyl]oxime
37,357,1,1.0985819718565568,quantum_iqp_zz_linear,5,1,1.1669854830949828,0.06840351123842597,"O,O-Dimethyl O-(3,5,6-trichloro-2-pyridinyl) ester phosphorothioic acid"
25,364,1,-0.9471015002963903,quantum_iqp_zz_linear,5,0,-0.8786979890579643,0.06840351123842597,"3,3-Dimethyl-1-(methylthio)-2-butanone O-[(methylamino)carbonyl]oxime"
17,372,1,1.1996645572063753,quantum_iqp_zz_linear,5,1,1.2680680684448014,0.06840351123842597,Isoxathion (Ref: SL 6711)
386,377,0,-0.9951912101386873,quantum_iqp_zz_linear,5,0,-0.9267876989002612,0.06840351123842597,Frontalin
76,381,0,-1.0766487188853688,quantum_iqp_zz_linear,5,0,-1.0082452076469428,0.06840351123842597,"N-[5-(1,1-Dimethylethyl)-1,3,4-thiadiazol-2-yl]-N,N'-dimethylurea"
11,397,0,-0.9700584680536399,quantum_iqp_zz_linear,5,0,-0.9016549568152139,0.06840351123842597,2-(Octylsulfanyl)ethan-1-ol
380,402,0,-1.1442829745215035,quantum_iqp_zz_linear,5,0,-1.0758794632830775,0.06840351123842597,5-Methyl-3(2H)-isoxazolone
374,435,0,-1.0815323592018395,quantum_iqp_zz_linear,5,0,-1.0131288479634135,0.06840351123842597,Ipsenol
25,436,1,-0.3255258475344482,quantum_iqp_zz_linear,5,0,-0.2571223362960222,0.06840351123842597,"N,N'-[Thiobis[(methylimino)carbonyloxy]]bisethanimidothioic acid dimethyl ester"
18,458,0,1.1588206623817536,quantum_iqp_zz_linear,5,1,1.2272241736201797,0.06840351123842597,"Phosphorothioic acid O-(2,6-dichloro-4-methylphenyl) O,O-dimethyl ester"
25,459,1,-1.083630360746308,quantum_iqp_zz_linear,5,0,-1.015226849507882,0.06840351123842597,Butocarboxim (Ref: Co 755)
370,468,0,-1.1477891612050157,quantum_iqp_zz_linear,5,0,-1.0793856499665897,0.06840351123842597,Aviglycine
368,479,0,-0.9537848184913327,quantum_iqp_zz_linear,5,0,-0.8853813072529066,0.06840351123842597,Thiocyclam
157,486,0,-1.226318008612461,quantum_iqp_zz_linear,5,0,-1.157914497374035,0.06840351123842597,Oxabetrinil (Ref: CGA 92194)
94,494,0,-0.834526036953982,quantum_iqp_zz_linear,5,0,-0.766122525715556,0.06840351123842597,"[(3,5,6-Trichloro-2-pyridinyl)oxy]acetic acid, 2-Butoxyethyl ester"
71,533,0,-0.3709268879864351,quantum_iqp_zz_linear,5,0,-0.3025233767480091,0.06840351123842597,Methoxyfenozide (Ref: RH 2485)
71,536,0,-0.6102196686575461,quantum_iqp_zz_linear,5,0,-0.54181615741912,0.06840351123842597,Halofenozide (Ref: RH 0345)
355,549,0,-0.7007946536192717,quantum_iqp_zz_linear,5,0,-0.6323911423808457,0.06840351123842597,"3,5-Dichloro-N-(3-chloro-1-ethyl-1-methyl-2-oxopropyl)-4-methylbenzamide"
352,555,1,1.1858813837769688,quantum_iqp_zz_linear,5,1,1.2542848950153949,0.06840351123842597,"Phosphorothioic acid O,O-diethyl-O-(1,2,2,2-tetrachloroethyl) ester"
66,557,0,-0.34608812116098026,quantum_iqp_zz_linear,5,0,-0.2776846099225543,0.06840351123842597,"2-[2-Chloro-4-fluoro-5-(1,3,4,5,6,7-hexahydro-1,3-dioxo-2H-isoindol-2-yl)phenoxy]acetic acid pentyl ester"
71,563,0,-0.32343534491937337,quantum_iqp_zz_linear,5,0,-0.2550318336809474,0.06840351123842597,"1-(1,1-Dimethylethyl)-2-(4-ethylbenzoyl)hydrazide-3,5-dimethylbenzoic acid"
115,575,0,-0.3202920048535693,quantum_iqp_zz_linear,5,0,-0.2518884936151433,0.06840351123842597,"2-(Difluoromethyl)-5-(4,5-dihydro-2-thiazolyl)-4-(2-methylpropyl)-6-(trifluoromethyl)-3-pyridinecarboxylic acid methyl ester"
114,579,1,-0.9041501063628792,quantum_iqp_zz_linear,5,0,-0.8357465951244532,0.06840351123842597,Fenpiclonil (Ref: CGA 142705)
31,585,1,1.4288969851846391,quantum_iqp_zz_linear,5,1,1.4973004964230652,0.06840351123842597,Anilofos (Ref: HOE 30374)
345,587,0,0.2792465980609549,quantum_iqp_zz_linear,5,1,0.3476501092993809,0.06840351123842597,"2-(Acetyloxy)-3-dodecyl-1,4-naphthalenedione"
339,601,0,-1.3062545249924242,quantum_iqp_zz_linear,5,0,-1.2378510137539982,0.06840351123842597,"4,5-Dihydro-6-methyl-4-[(E)-(3-pyridinylmethylene)amino]-1,2,4-triazin-3(2H)-one"
87,612,0,-1.087185947136174,quantum_iqp_zz_linear,5,0,-1.018782435897748,0.06840351123842597,Metosulam (Ref: XDE 511)
68,620,0,-1.3461009898099614,quantum_iqp_zz_linear,5,0,-1.2776974785715354,0.06840351123842597,6-chloro-3-pyridinemethanol
17,634,1,1.1664297806434385,quantum_iqp_zz_linear,5,1,1.2348332918818645,0.06840351123842597,Butathiofos (Ref: Dowco 429)
68,635,1,-1.1198456897675295,quantum_iqp_zz_linear,5,0,-1.0514421785291035,0.06840351123842597,Acetamiprid
146,640,0,-1.006814023882431,quantum_iqp_zz_linear,5,0,-0.938410512644005,0.06840351123842597,Isoxaflutole (Ref: RPA 201772)
66,641,0,-0.9620102413037563,quantum_iqp_zz_linear,5,0,-0.8936067300653303,0.06840351123842597,Flumiclorac
330,643,0,-1.1620756269825858,quantum_iqp_zz_linear,5,0,-1.0936721157441598,0.06840351123842597,"4-Amino-N-(1,1-dimethylethyl)-4,5-dihydro-3-(1-methylethyl)-5-oxo-1H-1,2,4-triazole-1-carboxamide"
146,645,0,-1.3348775374701014,quantum_iqp_zz_linear,5,0,-1.2664740262316754,0.06840351123842597,"(5-Hydroxy-1,3-dimethyl-1H-pyrazol-4-yl)[2-(methylsulfonyl)-4-(trifluoromethyl)phenyl]methanone"
326,656,0,-0.45578746613336135,quantum_iqp_zz_linear,5,0,-0.3873839548949354,0.06840351123842597,"2,2-Dimethylpropanoic acid  8-(2,6-diethyl-4-methylphenyl)-1,2,4,5- tetrahydro-7-oxo-7H-pyrazolo[1,2-d][1,4,5]oxadiazepin-9-yl ester"
116,664,0,-1.0581104238873138,quantum_iqp_zz_linear,5,0,-0.9897069126488878,0.06840351123842597,Diflovidazin (Ref: SZ1 121)
71,675,0,-0.15130837727573704,quantum_iqp_zz_linear,5,0,-0.08290486603731106,0.06840351123842597,Chromafenozide (Ref: ANS 118)
317,682,0,-0.8766929171205566,quantum_iqp_zz_linear,5,0,-0.8082894058821306,0.06840351123842597,Pyriftalid (Ref: CGA 279233)
143,688,0,-0.8570788884274878,quantum_iqp_zz_linear,5,0,-0.7886753771890618,0.06840351123842597,2-Chloro-N-(2-ethoxyethyl)-N-(2-methyl-1-phenyl-1-propen-1-yl)acetamide
314,698,0,-0.7183724768929074,quantum_iqp_zz_linear,5,0,-0.6499689656544814,0.06840351123842597,Beflubutamid (Ref: UBH 820)
45,711,0,-0.5785017914019617,quantum_iqp_zz_linear,5,0,-0.5100982801635356,0.06840351123842597,Cycloxydim (Ref: BAS 517H)
25,723,0,-0.8594051141861538,quantum_iqp_zz_linear,5,0,-0.7910016029477278,0.06840351123842597,"N-[[(Methylamino)carbonyl]oxy]ethanimidothioic acid, 2-Cyanoethylester"
45,725,1,-0.5163317308350435,quantum_iqp_zz_linear,5,0,-0.44792821959661744,0.06840351123842597,Sethoxydim (Ref: BAS 9052H)
31,726,1,1.125689971787716,quantum_iqp_zz_linear,5,1,1.194093483026142,0.06840351123842597,"S-[(5-Ethoxy-2-oxo-1,3,4-thiadiazol-3(2H)-yl)methyl] O,O-dimethyl phosphorodithioate"
45,732,0,-0.5478691089281802,quantum_iqp_zz_linear,5,0,-0.47946559768975416,0.06840351123842597,Tralkoxydim (Ref: PP 604)
137,736,0,-0.09118136285360418,quantum_iqp_zz_linear,5,0,-0.022777851615178202,0.06840351123842597,Imibenconazole (Ref: HF 6305)
306,741,0,-1.3889277541317893,quantum_iqp_zz_linear,5,0,-1.3205242428933632,0.06840351123842597,N-(Cyanomethyl)-4-(trifluoromethyl)-3-pyridinecarboxamide
87,744,0,-1.3492297165480243,quantum_iqp_zz_linear,5,0,-1.2808262053095982,0.06840351123842597,"N-(5,7-Dimethoxy[1,2,4]triazolo[1,5-a]pyrimidin-2-yl)-2-methoxy-4-(trifluoromethyl)-3-pyridinesulfonamide"
11,749,0,-0.9349806025160183,quantum_iqp_zz_linear,5,0,-0.8665770912775923,0.06840351123842597,"C6-12 Fatty acids, Me esters"
45,799,0,-0.10072726705652574,quantum_iqp_zz_linear,5,0,-0.032323755818099764,0.06840351123842597,Butroxydim (Ref: ICIA0500)
131,802,0,-0.8724504306263459,quantum_iqp_zz_linear,5,0,-0.8040469193879198,0.06840351123842597,"2-{2-[(2,5-Dimethylphenoxy)methyl]phenyl}-2-methoxy-N-methylacetamide"
284,816,0,-0.32128910707638186,quantum_iqp_zz_linear,5,0,-0.2528855958379559,0.06840351123842597,"3-(Difluoromethyl)-N-methoxy-1-methyl-N-[1-(2,4,6-trichlorophenyl)propan-2-yl]-1H-pyrazole-4-carboxamide"
278,837,0,-0.6485352984774335,quantum_iqp_zz_linear,5,0,-0.5801317872390075,0.06840351123842597,Hydroquinone
11,845,0,-0.9631988320546547,quantum_iqp_zz_linear,5,0,-0.8947953208162287,0.06840351123842597,1-decanol
268,857,0,-0.9321487695156265,quantum_iqp_zz_linear,5,0,-0.8637452582772005,0.06840351123842597,Metaldehyde
61,858,0,-0.5333777020324602,quantum_iqp_zz_linear,5,0,-0.4649741907940341,0.06840351123842597,Nerolidol
266,860,0,-0.5119421947696581,quantum_iqp_zz_linear,5,0,-0.44353868353123205,0.06840351123842597,Paraffin oils
260,870,0,-1.146487467942803,quantum_iqp_zz_linear,5,0,-1.078083956704377,0.06840351123842597,Lenacil (Ref: DPX B634)
249,900,0,-0.9148288003908756,quantum_iqp_zz_linear,5,0,-0.8464252891524495,0.06840351123842597,Dikegulac
247,906,0,-1.155631774010392,quantum_iqp_zz_linear,5,0,-1.087228262771966,0.06840351123842597,Bupirimate (Ref: PP 588)
25,915,1,-1.0245446020898514,quantum_iqp_zz_linear,5,0,-0.9561410908514254,0.06840351123842597,N-[[(Methylamino)carbonyl]oxy]ethanimidothioic acid methyl ester
238,926,1,-1.1708610812411127,quantum_iqp_zz_linear,5,0,-1.1024575700026866,0.06840351123842597,Pirimicarb (Ref: OMS 1330)
229,939,1,-0.165607370351954,quantum_iqp_zz_linear,5,0,-0.09720385911352802,0.06840351123842597,4-Bromo-2-(4-chlorophenyl)-1-(ethoxymethyl)-5-(trifluoromethyl)-1H-pyrrole-3-carbonitrile
225,948,1,-0.1691042620585907,quantum_iqp_zz_linear,5,0,-0.10070075082016472,0.06840351123842597,24-epibrassinolide
220,958,0,-1.4453813433917042,quantum_iqp_zz_linear,5,0,-1.3769778321532782,0.06840351123842597,Triazoxide (Ref: SAS 9244)
116,960,0,-0.9290874515751613,quantum_iqp_zz_linear,5,0,-0.8606839403367352,0.06840351123842597,"3,6-Bis(2-chlorophenyl)-1,2,4,5-tetrazine"
115,969,0,-0.1337095944231172,quantum_iqp_zz_linear,5,0,-0.06530608318469122,0.06840351123842597,"2-(Difluoromethyl)-4-(2-methylpropyl)-6-(trifluoromethyl)-3,5-pyridinedicarbothioic acid, S3,S5-Dimethyl ester"
212,971,1,0.31511741411901767,quantum_iqp_zz_linear,5,1,0.38352092535744364,0.06840351123842597,Silafluofen (Ref: HOE 084498)
211,972,0,-1.1535224444593122,quantum_iqp_zz_linear,5,0,-1.0851189332208862,0.06840351123842597,Rhyncolure
45,974,0,-0.4331397147636275,quantum_iqp_zz_linear,5,0,-0.36473620352520153,0.06840351123842597,Clethodim (Ref: RE 45601)
66,975,0,-0.9755157168283404,quantum_iqp_zz_linear,5,0,-0.9071122055899143,0.06840351123842597,"2-[7-Fluoro-3,4-dihydro-3-oxo-4-(2-propynyl)-2H-1,4-benzoxazin-6-yl]-4,5,6,7-tetrahydro-1H-isoindole-1,3(2H)-dione"
114,979,0,-1.16135157126581,quantum_iqp_zz_linear,5,0,-1.092948060027384,0.06840351123842597,"4-(2,2-Difluoro-1,3-benzodioxol-4-yl)-1H-pyrrole-3-carbonitrile"
201,990,0,-0.6897477465063206,quantum_iqp_zz_linear,5,0,-0.6213442352678946,0.06840351123842597,Phthalide (Ref: BAY 96610)
76,1008,0,-1.1827917647087027,quantum_iqp_zz_linear,5,0,-1.1143882534702767,0.06840351123842597,Ethidimuron (Ref: MET 1486 )
194,1010,0,0.05600864028716718,quantum_iqp_zz_linear,5,1,0.12441215152559315,0.06840351123842597,Cyenopyrafen (Ref: NC-512 )
191,1015,1,-1.0218157023884014,quantum_iqp_zz_linear,5,0,-0.9534121911499753,0.06840351123842597,"3-Phenyl-5-(2-thienyl)-1,2,4-oxadiazole"
185,1027,1,1.362134514755848,quantum_iqp_zz_linear,5,1,1.430538025994274,0.06840351123842597,Broflanilide (Ref: MCI-8007)
180,1032,0,-0.2625937120748207,quantum_iqp_zz_linear,5,0,-0.1941902008363947,0.06840351123842597,Fenpicoxamid (Ref: XDE 777)
108,3,0,-1.32633977576993,iqp_zz_current_20q_idle_control,1,0,-1.1437322192346553,0.18260755653527475,Benzoic acid
109,13,1,2.0687912157270256,iqp_zz_current_20q_idle_control,1,1,2.2513987722623003,0.18260755653527475,Formothion (Ref: SAN 6913I)
456,22,0,-0.31105041627674535,iqp_zz_current_20q_idle_control,1,0,-0.12844285974147057,0.18260755653527475,"2,3,4,5,6-Pentachlorophenol"
455,24,0,-0.7647611059777075,iqp_zz_current_20q_idle_control,1,0,-0.5821535494424328,0.18260755653527475,Warfarin
12,25,1,-1.3324151708180674,iqp_zz_current_20q_idle_control,1,0,-1.1498076142827927,0.18260755653527475,1-Naphthalenol methylcarbamate
108,35,0,-1.4404480520349479,iqp_zz_current_20q_idle_control,1,0,-1.2578404954996731,0.18260755653527475,"Benzoic acid, Methyl ester"
6,43,0,-1.3476010540814505,iqp_zz_current_20q_idle_control,1,0,-1.1649934975461758,0.18260755653527475,2-Chloro-N-(1-methylethyl)-N-phenylacetamide
447,53,0,-1.1538598945928245,iqp_zz_current_20q_idle_control,1,0,-0.9712523380575497,0.18260755653527475,Alpha-terpinoline
168,65,1,2.2815591252416416,iqp_zz_current_20q_idle_control,1,1,2.4641666817769163,0.18260755653527475,"2-[(Dimethoxyphosphinothioyl)thio]butanedioic acid 1,4-diethyl ester"
445,68,1,-1.259348598941906,iqp_zz_current_20q_idle_control,1,0,-1.0767410424066313,0.18260755653527475,"1,2,3,4-Tetrahydronaphthalene"
166,70,0,-1.4169822495052928,iqp_zz_current_20q_idle_control,1,0,-1.2343746929700181,0.18260755653527475,"As,As-Dimethylarsinic acid"
12,72,1,-1.261136475492381,iqp_zz_current_20q_idle_control,1,0,-1.0785289189571063,0.18260755653527475,"2-(1-Methylethoxy)phenol, 1-(N-Methylcarbamate)"
108,75,0,-1.250900213492085,iqp_zz_current_20q_idle_control,1,0,-1.0682926569568103,0.18260755653527475,"2-Aminobenzoic acid, Methyl ester"
12,88,0,-1.4063460364332192,iqp_zz_current_20q_idle_control,1,0,-1.2237384798979445,0.18260755653527475,1-Naphthaleneacetic acid
6,89,0,-1.422330641975793,iqp_zz_current_20q_idle_control,1,0,-1.2397230854405183,0.18260755653527475,2-Chloro-N-(ethoxymethyl)-N-(2-ethyl-6-methylphenyl)acetamide
41,110,0,-0.6458725043531723,iqp_zz_current_20q_idle_control,1,0,-0.46326494781789757,0.18260755653527475,DNOC (Ref: ENT 154)
58,129,1,1.2261692659841614,iqp_zz_current_20q_idle_control,1,1,1.4087768225194361,0.18260755653527475,Abamectin (Ref: MK 936)
432,133,1,0.844801955775698,iqp_zz_current_20q_idle_control,1,1,1.0274095123109728,0.18260755653527475,"Phosphoric acid 1,2-dibromo-2,2-dichloroethyl dimethyl ester"
41,144,0,-0.3232081896072474,iqp_zz_current_20q_idle_control,1,0,-0.14060063307197262,0.18260755653527475,"2-Cyclohexyl-4,6-dinitrophenol"
41,153,0,0.3131169667556817,iqp_zz_current_20q_idle_control,1,1,0.49572452329095645,0.18260755653527475,Dinobuton (Ref: OMS 1056)
41,155,0,-0.678284604670778,iqp_zz_current_20q_idle_control,1,0,-0.49567704813550323,0.18260755653527475,"2-(1-Methylpropyl)-4,6-dinitrophenol"
424,168,0,-1.2957362532491095,iqp_zz_current_20q_idle_control,1,0,-1.1131286967138347,0.18260755653527475,"2-Chloro-9-hydroxy-9H-fluorene-9-carboxylic acid, Methyl ester"
41,171,1,-0.06839843736818538,iqp_zz_current_20q_idle_control,1,0,0.11420911916708937,0.18260755653527475,Dinocap (Ref: ENT 24727)
168,197,1,2.37206552668274,iqp_zz_current_20q_idle_control,1,1,2.554673083218015,0.18260755653527475,"alpha-[(Dimethoxyphosphinothioyl)thio] benzeneacetic acid, Ethyl ester"
41,205,0,-0.15781705526898634,iqp_zz_current_20q_idle_control,1,0,0.0247905012662884,0.18260755653527475,Binapacryl (Ref: FMC 9044)
420,209,1,1.745968182246659,iqp_zz_current_20q_idle_control,1,1,1.9285757387819338,0.18260755653527475,"Phosphoric acid, 2-Chloro-3-(diethylamino)-1-methyl-3-oxo-1-propen-1-yl dimethyl ester"
6,232,0,-1.468883122164617,iqp_zz_current_20q_idle_control,1,0,-1.2862755656293423,0.18260755653527475,"2-Chloro-N-(2,6-diethylphenyl)-N-(methoxymethyl)acetamide"
117,237,0,-1.0583601429752276,iqp_zz_current_20q_idle_control,1,0,-0.8757525864399529,0.18260755653527475,Medlure
414,243,0,-0.9986246831695267,iqp_zz_current_20q_idle_control,1,0,-0.816017126634252,0.18260755653527475,"6-Methyl-1,3-dithiolo[4,5-b]quinoxalin-2-one"
166,250,0,-1.4724357292225525,iqp_zz_current_20q_idle_control,1,0,-1.2898281726872778,0.18260755653527475,Methylarsonic acid
12,270,1,-1.233365260766523,iqp_zz_current_20q_idle_control,1,0,-1.0507577042312484,0.18260755653527475,"2,3-Dihydro-2,2-dimethyl-7-benzofuranol 7-(N-methylcarbamate)"
19,272,0,-1.2190666310302758,iqp_zz_current_20q_idle_control,1,0,-1.036459074495001,0.18260755653527475,Methoprotryne (Ref: G 36393)
406,282,1,2.2610376606473546,iqp_zz_current_20q_idle_control,1,1,2.4436452171826293,0.18260755653527475,Bensulide (Ref: R 4461)
6,289,0,-1.3629151484692974,iqp_zz_current_20q_idle_control,1,0,-1.1803075919340227,0.18260755653527475,Butachlor (Ref: CP 53619)
12,303,1,-1.0315247176823865,iqp_zz_current_20q_idle_control,1,0,-0.8489171611471118,0.18260755653527475,"Benzo[b]thiophene-4-ol, 4-(N-methylcarbamate)"
402,305,0,-1.1915020360378685,iqp_zz_current_20q_idle_control,1,0,-1.0088944795025938,0.18260755653527475,Fenclorim (Ref: CGA 123407)
101,306,1,-1.2374985563162442,iqp_zz_current_20q_idle_control,1,0,-1.0548909997809695,0.18260755653527475,"3,5-Dibromo-4-hydroxybenzonitrile"
12,307,1,-1.3655736578680324,iqp_zz_current_20q_idle_control,1,0,-1.1829661013327577,0.18260755653527475,"2-(1,3-Dioxolan-2-yl)phenol 1-(N-methylcarbamate)"
398,314,0,-1.258021467772191,iqp_zz_current_20q_idle_control,1,0,-1.0754139112369163,0.18260755653527475,Anilazine (Ref: ENT 26 058)
127,318,1,-1.4709376746711962,iqp_zz_current_20q_idle_control,1,0,-1.2883301181359215,0.18260755653527475,Validamycin A
395,328,1,-0.643093235113299,iqp_zz_current_20q_idle_control,1,0,-0.4604856785780242,0.18260755653527475,Cyclohexylethylcarbamothioic acid S-ethyl ester
73,345,0,1.3766240119756548,iqp_zz_current_20q_idle_control,1,1,1.5592315685109295,0.18260755653527475,Triazophos (Ref: HOE 002960 )
12,346,1,-1.1543975257292454,iqp_zz_current_20q_idle_control,1,0,-0.9717899691939706,0.18260755653527475,"2,2-Dimethyl-1,3-benzodioxol-4-ol 4-(N-methylcarbamate)"
12,350,0,-0.9006760851765607,iqp_zz_current_20q_idle_control,1,0,-0.718068528641286,0.18260755653527475,Napropamide (Ref: R 7465)
36,362,0,-1.2575181299102107,iqp_zz_current_20q_idle_control,1,0,-1.074910573374936,0.18260755653527475,(E)-dodec-8-enyl acetate
79,366,1,-0.9826861706600161,iqp_zz_current_20q_idle_control,1,0,-0.8000786141247413,0.18260755653527475,Hydroprene (Ref: OMS 1696)
79,367,1,-0.5864871525879982,iqp_zz_current_20q_idle_control,1,0,-0.40387959605272344,0.18260755653527475,Methoprene (Ref: OMS 1697)
387,368,0,-1.0556336731891838,iqp_zz_current_20q_idle_control,1,0,-0.8730261166539091,0.18260755653527475,"1-[2-(2,4-Dichlorophenyl)-2-(2-propenyloxy)ethyl]-1H-imidazole"
12,383,1,-0.9713623957424451,iqp_zz_current_20q_idle_control,1,0,-0.7887548392071704,0.18260755653527475,2-[(Ethylthio)methyl]phenol 1-(N-methylcarbamate)
381,390,0,-1.5628844903366401,iqp_zz_current_20q_idle_control,1,0,-1.3802769338013654,0.18260755653527475,Metamitron (Ref: BAY DRW 1139)
6,411,0,-1.4539448021835364,iqp_zz_current_20q_idle_control,1,0,-1.2713372456482617,0.18260755653527475,Dimethachlor (Ref: CGA 17020)
12,415,1,-1.2118173421009368,iqp_zz_current_20q_idle_control,1,0,-1.0292097855656621,0.18260755653527475,Isoprocarb (Ref: OMS 32)
6,418,0,-1.263994487900109,iqp_zz_current_20q_idle_control,1,0,-1.0813869313648343,0.18260755653527475,2-Chloro-N-(2-ethyl-6-methylphenyl)-N-(2-methoxy-1-methylethyl)acetamide
6,427,0,-1.2105849829420334,iqp_zz_current_20q_idle_control,1,0,-1.0279774264067587,0.18260755653527475,"N-(2,6-Dimethylphenyl)-N-(methoxyacetyl)alanine methyl ester"
375,432,0,-0.629822891588069,iqp_zz_current_20q_idle_control,1,0,-0.44721533505279426,0.18260755653527475,Prochloraz (Ref: BTS 40542)
58,433,1,0.754370889201577,iqp_zz_current_20q_idle_control,1,1,0.9369784457368517,0.18260755653527475,Milbemycin A4
95,445,0,-1.4835931498514503,iqp_zz_current_20q_idle_control,1,0,-1.3009855933161756,0.18260755653527475,Ofurace (Ref: AE F057623)
73,452,1,1.4839388330298293,iqp_zz_current_20q_idle_control,1,1,1.666546389565104,0.18260755653527475,Pyridafenthion (Ref: ENT 23968))
6,467,0,-0.9521379152981693,iqp_zz_current_20q_idle_control,1,0,-0.7695303587628946,0.18260755653527475,Benalaxyl (Ref: M 9834)
95,476,0,-1.1862006910164657,iqp_zz_current_20q_idle_control,1,0,-1.003593134481191,0.18260755653527475,Oxadixyl (Ref: SAN 371F)
6,478,0,-1.487082857230578,iqp_zz_current_20q_idle_control,1,0,-1.3044753006953034,0.18260755653527475,Metazachlor (Ref: BAS 47900H)
26,488,1,-1.189513767084164,iqp_zz_current_20q_idle_control,1,0,-1.0069062105488893,0.18260755653527475,Imazaquin (Ref: BAS 725H)
26,507,0,-1.2106810396360101,iqp_zz_current_20q_idle_control,1,0,-1.0280734831007354,0.18260755653527475,Imazethapyr (Ref: AC 252925)
362,509,0,-0.6523445044280072,iqp_zz_current_20q_idle_control,1,0,-0.4697369478927324,0.18260755653527475,Aclonifen (Ref: AE F068300)
361,512,0,-0.6938255061487579,iqp_zz_current_20q_idle_control,1,0,-0.5112179496134832,0.18260755653527475,Fenothiocarb (Ref: KCO 3001)
26,521,0,-1.2171163260508626,iqp_zz_current_20q_idle_control,1,0,-1.034508769515588,0.18260755653527475,Imazamethabenz (Ref: AC 263840)
358,530,1,-0.9769680548901887,iqp_zz_current_20q_idle_control,1,0,-0.794360498354914,0.18260755653527475,Diflumetorim (Ref: UBF 002)
6,531,0,-1.4190876829325711,iqp_zz_current_20q_idle_control,1,0,-1.2364801263972964,0.18260755653527475,Pretilachlor (Ref: CGA 26423)
26,532,0,-1.0244371848628804,iqp_zz_current_20q_idle_control,1,0,-0.8418296283276057,0.18260755653527475,Imazamethabenz-methyl (Ref: AC 222293)
26,534,0,-1.27584625054351,iqp_zz_current_20q_idle_control,1,0,-1.0932386940082353,0.18260755653527475,Imazamox (Ref: BAS 720H)
6,552,0,-1.5424253196931383,iqp_zz_current_20q_idle_control,1,0,-1.3598177631578636,0.18260755653527475,Diethatyl ethyl (Ref: BAY NNT 6867)
47,564,1,-1.5777496071127493,iqp_zz_current_20q_idle_control,1,0,-1.3951420505774745,0.18260755653527475,Imidacloprid (Ref: BAY NTN 33893)
350,573,0,0.1720915061988242,iqp_zz_current_20q_idle_control,1,1,0.35469906273409896,0.18260755653527475,Fenchlorazole-ethyl (Ref: HOE 070542)
349,576,0,-0.3833769530944773,iqp_zz_current_20q_idle_control,1,0,-0.2007693965592025,0.18260755653527475,Triazamate (Ref: RH 7988)
26,578,0,-1.2066744209383087,iqp_zz_current_20q_idle_control,1,0,-1.024066864403034,0.18260755653527475,Imazapic (Ref: AC 263222)
152,590,0,-1.184845998685125,iqp_zz_current_20q_idle_control,1,0,-1.0022384421498503,0.18260755653527475,Iminoctadine triacetate (Ref: DF 125)
343,591,0,0.3866671886128712,iqp_zz_current_20q_idle_control,1,1,0.5692747451481459,0.18260755653527475,Fenpyroximate (Ref: NNI 850)
67,630,0,-0.6971141581431022,iqp_zz_current_20q_idle_control,1,0,-0.5145066016078275,0.18260755653527475,Oxadiargyl (Ref: RP 020630 )
47,637,1,-1.6211419237659248,iqp_zz_current_20q_idle_control,1,0,-1.43853436723065,0.18260755653527475,"(1E)-N-[(6-Chloro-3-pyridinyl)methyl]-N-ethyl-N'-methyl-2-nitro-1,1-ethenediamine"
332,639,0,0.0408541848172517,iqp_zz_current_20q_idle_control,1,1,0.22346174135252644,0.18260755653527475,"2-(2,6-Difluorophenyl)-4-[4-(1,1-dimethylethyl)-2-ethoxyphenyl]-4,5-dihydrooxazole"
331,642,0,-0.8587540766038826,iqp_zz_current_20q_idle_control,1,0,-0.6761465200686079,0.18260755653527475,Flupoxam (Ref: MON 18500)
47,644,1,-1.5540533758228863,iqp_zz_current_20q_idle_control,1,0,-1.3714458192876116,0.18260755653527475,"1-[(6-Chloro-3-pyridinyl)methyl]-4,5-dihydro-1H-imidazol-2-amine"
88,650,0,-0.5505639426079396,iqp_zz_current_20q_idle_control,1,0,-0.36795638607266484,0.18260755653527475,Benthiavalicarb-isopropyl (Ref: KIF-230)
67,651,0,-1.359298349071774,iqp_zz_current_20q_idle_control,1,0,-1.1766907925364993,0.18260755653527475,Azafenidin
327,654,0,-0.4402339215580229,iqp_zz_current_20q_idle_control,1,0,-0.2576263650227481,0.18260755653527475,Cinidon-ethyl (Ref: BAS 615H)
320,673,0,-1.259956654185184,iqp_zz_current_20q_idle_control,1,0,-1.0773490976499094,0.18260755653527475,Verbutin (Ref: MB-599)
6,676,0,-1.2915687104304157,iqp_zz_current_20q_idle_control,1,0,-1.108961153895141,0.18260755653527475,Propisochlor
6,679,0,-1.022705533664415,iqp_zz_current_20q_idle_control,1,0,-0.8400979771291404,0.18260755653527475,Dimethenamid-P
145,680,0,-0.07038011065764224,iqp_zz_current_20q_idle_control,1,0,0.1122274458776325,0.18260755653527475,Picolinafen (Ref: BAS 700H)
47,695,1,-1.7121578127432668,iqp_zz_current_20q_idle_control,1,0,-1.5295502562079921,0.18260755653527475,1-[(6-Chloro-3-pyridinyl)methyl]-N-nitro-1H-imidazol-2-amine
310,708,0,0.9752588262576216,iqp_zz_current_20q_idle_control,1,1,1.1578663827928963,0.18260755653527475,Thifluzamide (Ref: MON 24000)
88,709,0,-0.9819239482699329,iqp_zz_current_20q_idle_control,1,0,-0.7993163917346582,0.18260755653527475,Iprovalicarb (Ref: SZX 0722)
139,713,0,-1.4408815796737082,iqp_zz_current_20q_idle_control,1,0,-1.2582740231384335,0.18260755653527475,Dimethirimol (Ref: PP675)
139,721,1,-1.5176324160954477,iqp_zz_current_20q_idle_control,1,0,-1.335024859560173,0.18260755653527475,Ethirimol (Ref: PP149)
307,722,0,-0.9678682806783039,iqp_zz_current_20q_idle_control,1,0,-0.7852607241430292,0.18260755653527475,Pyrifenox (Ref: CGA 179945)
32,727,0,0.253557067724004,iqp_zz_current_20q_idle_control,1,1,0.43616462425927877,0.18260755653527475,"N'-[4-[(3,4-Dihydro-2-methoxy-2,4,4-trimethyl-2H-1-benzopyran-7-yl)oxy]phenyl]-N-methoxy-N-methylurea"
12,734,1,-1.0663163657715353,iqp_zz_current_20q_idle_control,1,0,-0.8837088092362606,0.18260755653527475,"3-(1-Ethylpropyl)phenol, 1-(N-Methylcarbamate) mixt. with 3-(1-Methylbutyl)phenyl N-methylcarbamate"
64,748,0,0.7655730086264034,iqp_zz_current_20q_idle_control,1,1,0.9481805651616781,0.18260755653527475,Metamifop (Ref: DBH-129)
301,763,0,-1.0686282156700573,iqp_zz_current_20q_idle_control,1,0,-0.8860206591347826,0.18260755653527475,"2,4,5-trichlorophenol"
43,771,0,-0.30782160318291485,iqp_zz_current_20q_idle_control,1,0,-0.12521404664764008,0.18260755653527475,Isopyrazam (Ref: SYN 520453)
58,773,1,1.1294890941740636,iqp_zz_current_20q_idle_control,1,1,1.3120966507093383,0.18260755653527475,Emamectin benzoate (Ref: MK 244)
134,775,0,1.8298677952555602,iqp_zz_current_20q_idle_control,1,1,2.012475351790835,0.18260755653527475,Hexylthiofos
43,779,0,0.37365589256100673,iqp_zz_current_20q_idle_control,1,1,0.5562634490962814,0.18260755653527475,"N-(3',4'-Dichloro-5-fluoro[1,1'-biphenyl]-2-yl)-3-(difluoromethyl)-1-methyl-1H-pyrazole-4-carboxamide"
43,782,0,-0.5157284391358319,iqp_zz_current_20q_idle_control,1,0,-0.3331208826005571,0.18260755653527475,Fluxapyroxad (Ref: BAS 700F)
296,783,0,-0.21938452424686525,iqp_zz_current_20q_idle_control,1,0,-0.0367769677115905,0.18260755653527475,Cyflumetofen (Ref: OK-5101)
43,784,1,-0.9585046467104208,iqp_zz_current_20q_idle_control,1,0,-0.7758970901751461,0.18260755653527475,"N-(2-[1,1'-Bicyclopropyl]-2-ylphenyl)-3-(difluoromethyl)-1-methyl-1H-pyrazole-4-carboxamide"
295,788,1,-0.38923136639453393,iqp_zz_current_20q_idle_control,1,0,-0.20662380985925916,0.18260755653527475,"1-Acetyl-3,4-dihydro-3-[(3-pyridinylmethyl)amino]-6-[1,2,2,2-tetrafluoro-1-(trifluoromethyl)ethyl]-2(1H)-quinazolinone"
110,795,1,1.3799256532674358,iqp_zz_current_20q_idle_control,1,1,1.5625332098027105,0.18260755653527475,Spinetoram
43,797,0,0.11218367535325327,iqp_zz_current_20q_idle_control,1,1,0.294791231888528,0.18260755653527475,"N-[9-(Dichloromethylene)-1,2,3,4-tetrahydro-1,4-1H-pyrazole-4-carboxamide"
285,812,0,0.7511667006542089,iqp_zz_current_20q_idle_control,1,1,0.9337742571894836,0.18260755653527475,(2Z)-2-[[2-Fluoro-5-(trifluoromethyl)phenyl]thio]-2-[3-(2-methoxyphenyl)-2-thiazolidinylidene]acetonitrile
88,814,0,-1.050518962480484,iqp_zz_current_20q_idle_control,1,0,-0.8679114059452093,0.18260755653527475,Methyl 3-(4-chlorophenyl)-3-[(N-{[(propan-2-yl)oxy]carbonyl}valyl)amino]propanoate
279,836,1,-0.9366862253144559,iqp_zz_current_20q_idle_control,1,0,-0.7540786687791812,0.18260755653527475,"Cyanamide (Ref: LH 21,810A)"
272,853,0,-1.2387426226870497,iqp_zz_current_20q_idle_control,1,0,-1.056135066151775,0.18260755653527475,Bromomethane
261,868,0,-1.1937782221675297,iqp_zz_current_20q_idle_control,1,0,-1.011170665632255,0.18260755653527475,Alpha-pinene
255,886,0,-2.2308938374491465,iqp_zz_current_20q_idle_control,1,0,-2.0482862809138718,0.18260755653527475,Ryanodine
127,889,0,-1.2096029731667612,iqp_zz_current_20q_idle_control,1,0,-1.0269954166314865,0.18260755653527475,Laminarin (Ref: H11)
26,892,0,-1.2887049632267962,iqp_zz_current_20q_idle_control,1,0,-1.1060974066915215,0.18260755653527475,Imazapyr
248,903,0,-1.6681443698851401,iqp_zz_current_20q_idle_control,1,0,-1.4855368133498654,0.18260755653527475,N-(Phenylmethyl)-1H-purin-6-amine
245,909,0,-1.1765421631962427,iqp_zz_current_20q_idle_control,1,0,-0.993934606660968,0.18260755653527475,Nepetalactone
19,912,0,-1.1983589213691586,iqp_zz_current_20q_idle_control,1,0,-1.0157513648338838,0.18260755653527475,Desmetryn (Ref: G 34360)
239,924,0,-1.3677320838045732,iqp_zz_current_20q_idle_control,1,0,-1.1851245272692985,0.18260755653527475,Bentazone
67,929,0,-0.2898965613994884,iqp_zz_current_20q_idle_control,1,0,-0.10728900486421361,0.18260755653527475,"3-[2,4-Dichloro-5-(1-methylethoxy)phenyl]-5-(1,1-dimethylethyl)-1,3,4-oxadiazol-2(3H)-one"
230,937,0,-1.1384807787155493,iqp_zz_current_20q_idle_control,1,0,-0.9558732221802746,0.18260755653527475,Lineatin
79,938,0,-1.0147024328886483,iqp_zz_current_20q_idle_control,1,0,-0.8320948763533735,0.18260755653527475,Kinoprene
58,944,1,0.5616715615713703,iqp_zz_current_20q_idle_control,1,1,0.744279118106645,0.18260755653527475,Milbemectin (Ref: SL 8601)
222,956,0,0.654118571982818,iqp_zz_current_20q_idle_control,1,1,0.8367261285180927,0.18260755653527475,"Tetrahydro-5,5-dimethyl-2(1H)-pyrimidio[3-[4-trifluoromethyl)phenyl]-1-[2-[4-(trifluoromethyl)phenyl]ethenyl]-2-propenylidene]hydrazone"
117,959,0,-1.0642780708878208,iqp_zz_current_20q_idle_control,1,0,-0.8816705143525461,0.18260755653527475,Siglure
219,961,0,-0.4447039003794879,iqp_zz_current_20q_idle_control,1,0,-0.26209634384421315,0.18260755653527475,Bensultap (Ref: OMS 3011)
213,970,0,-0.9317185409544022,iqp_zz_current_20q_idle_control,1,0,-0.7491109844191275,0.18260755653527475,Pefurazoate (Ref: UR-0003)
205,983,1,-1.0925535749200899,iqp_zz_current_20q_idle_control,1,0,-0.9099460183848151,0.18260755653527475,Pyrimidifen
47,989,0,-0.6858839086932393,iqp_zz_current_20q_idle_control,1,0,-0.5032763521579646,0.18260755653527475,[N(Z)]-N-[3-[(6-Chloro-3-pyridinyl)methyl]-2-thiazolidinylidene]cyanamide
200,992,0,-0.4217590673047029,iqp_zz_current_20q_idle_control,1,0,-0.23915151076942814,0.18260755653527475,N-(Cyano-2-thienylmethyl)-4-ethyl-2-(ethylamino)-5-thiazolecarboxamide
6,997,0,-0.5227133090322083,iqp_zz_current_20q_idle_control,1,0,-0.3401057524969335,0.18260755653527475,Thenylchlor (Ref: NSK 850)
195,1007,0,-1.0598355561198387,iqp_zz_current_20q_idle_control,1,0,-0.877227999584564,0.18260755653527475,Cyflufenamid (Ref: NF 149)
110,1011,1,1.4845764794916017,iqp_zz_current_20q_idle_control,1,1,1.6671840360268764,0.18260755653527475,Spinosad (Ref: XDE 105)
187,1023,0,0.6396426778423665,iqp_zz_current_20q_idle_control,1,1,0.8222502343776412,0.18260755653527475,"1-[4-[4-[5-(2,6-Difluorophenyl)-4,5-dihydro-3-isoxazolyl]-2-thiazolyl]-1-piperidinyl]-2-[5-methyl-3-(trifluoromethyl)-1H-pyrazol-1-yl]ethanone"
178,1034,0,-2.0944981178159434,iqp_zz_current_20q_idle_control,1,0,-1.9118905612806687,0.18260755653527475,Maltodextrin
460,2,0,-0.8601198687245496,iqp_zz_current_20q_idle_control,2,0,-0.6831425969031294,0.1769772718214202,Para-cymene
107,8,0,-0.7940637654775894,iqp_zz_current_20q_idle_control,2,0,-0.6170864936561692,0.1769772718214202,Orange oil
56,18,1,0.943188009320215,iqp_zz_current_20q_idle_control,2,1,1.1201652811416352,0.1769772718214202,"3-[(Dimethoxyphosphinyl)oxy]-2-butenoic acid, Methyl ester"
452,33,0,-1.1127290630167646,iqp_zz_current_20q_idle_control,2,0,-0.9357517911953445,0.1769772718214202,5-Methyl-2-(1-methylethyl)phenol
23,34,0,-1.0554872985990134,iqp_zz_current_20q_idle_control,2,0,-0.878510026777593,0.1769772718214202,"N-Butyl-N-ethyl-2,6-dinitro-4-(trifluoromethyl)benzenamine"
177,37,0,-1.0041954280338956,iqp_zz_current_20q_idle_control,2,0,-0.8272181562124753,0.1769772718214202,Carvone
40,50,1,0.312203852715343,iqp_zz_current_20q_idle_control,2,1,0.4891811245367632,0.1769772718214202,Tetraethyl ester diphosphoric acid
75,51,1,-1.0624944864878674,iqp_zz_current_20q_idle_control,2,0,-0.8855172146664471,0.1769772718214202,Chlorobenzilate (Ref: ENT 18596)
107,55,0,-0.9619181152592543,iqp_zz_current_20q_idle_control,2,0,-0.7849408434378341,0.1769772718214202,Alpha-terpineol
446,67,0,-0.9971083648706495,iqp_zz_current_20q_idle_control,2,0,-0.8201310930492293,0.1769772718214202,1-Methyl-2-pyrrolidinone
441,81,0,-0.9031150331991115,iqp_zz_current_20q_idle_control,2,0,-0.7261377613776913,0.1769772718214202,Tridemorph (Ref: BAS 2205-F)
30,97,1,-1.0516712492085771,iqp_zz_current_20q_idle_control,2,0,-0.874693977387157,0.1769772718214202,"3,5-Dimethyl-4-(methylthio)phenol, Methylcarbamate"
436,108,0,-1.1013620009045106,iqp_zz_current_20q_idle_control,2,0,-0.9243847290830906,0.1769772718214202,2-aminobutane
173,114,0,-1.4161903360719899,iqp_zz_current_20q_idle_control,2,0,-1.2392130642505697,0.1769772718214202,1-naphthylacetamide
2,115,1,-1.2457868192617945,iqp_zz_current_20q_idle_control,2,0,-1.0688095474403743,0.1769772718214202,Tribenuron-methyl (Ref: DPX L5300)
172,118,0,-1.3640605522494027,iqp_zz_current_20q_idle_control,2,0,-1.1870832804279825,0.1769772718214202,2-naphthyloxyacetic acid
40,140,0,0.9709270487280388,iqp_zz_current_20q_idle_control,2,1,1.147904320549459,0.1769772718214202,Tribufos
425,166,0,-0.48740078817224786,iqp_zz_current_20q_idle_control,2,0,-0.31042351635082766,0.1769772718214202,Fosetyl
40,177,1,0.9723056556017864,iqp_zz_current_20q_idle_control,2,1,1.1492829274232066,0.1769772718214202,"Phosphorodithioic acid O-ethyl S,S-dipropyl ester"
167,216,1,-1.173239359786232,iqp_zz_current_20q_idle_control,2,0,-0.9962620879648117,0.1769772718214202,Dimetilan
30,229,1,-1.1797652521632134,iqp_zz_current_20q_idle_control,2,0,-1.0027879803417932,0.1769772718214202,"4-(Dimethylamino)-3,5-dimethylphenol, Methylcarbamate(ester)"
30,235,1,-1.236249842932083,iqp_zz_current_20q_idle_control,2,0,-1.0592725711106628,0.1769772718214202,"4-(Dimethylamino)-3-methylphenol, Methylcarbamate (ester)"
167,240,1,-1.1908343530471497,iqp_zz_current_20q_idle_control,2,0,-1.0138570812257295,0.1769772718214202,"N,N-dimethylcarbamic acid 3-methyl-1-(1-methylethyl)-1H-pyrazol-5-yl ester"
23,241,0,-1.0554381124020047,iqp_zz_current_20q_idle_control,2,0,-0.8784608405805846,0.1769772718214202,"2,6-Dinitro-N,N-dipropyl-4-(trifluoromethyl)benzenamine"
56,246,1,0.8782315368683462,iqp_zz_current_20q_idle_control,2,1,1.0552088086897664,0.1769772718214202,"Phosphoric acid, (1E)-3-(Dimethylamino)-1-methyl-3-oxo-1-propen-1-yl dimethyl ester"
124,249,0,-0.5281784224224096,iqp_zz_current_20q_idle_control,2,0,-0.35120115060098944,0.1769772718214202,Gibberellins
30,251,1,-1.189106025342608,iqp_zz_current_20q_idle_control,2,0,-1.0121287535211878,0.1769772718214202,XMC (Ref: H 69)
412,253,0,-0.6286639298557403,iqp_zz_current_20q_idle_control,2,0,-0.45168665803432007,0.1769772718214202,Kasugamycin hydrochloride hydrate
411,254,1,-0.3649661894135944,iqp_zz_current_20q_idle_control,2,0,-0.18798891759217418,0.1769772718214202,Alpha-endosulfan
98,262,1,1.1238630747610028,iqp_zz_current_20q_idle_control,2,1,1.300840346582423,0.1769772718214202,"Phosphoric acid, 2-Chloro-1-(2,4-dichlorophenyl)ethenyl diethyl ester"
75,265,0,-0.5728146795990391,iqp_zz_current_20q_idle_control,2,0,-0.3958374077776189,0.1769772718214202,Bromopropylate (Ref: GS 19851)
56,275,1,0.8367121513375324,iqp_zz_current_20q_idle_control,2,1,1.0136894231589526,0.1769772718214202,Monocrotophos (Ref: ENT 27129)
30,281,1,-1.0963770738848155,iqp_zz_current_20q_idle_control,2,0,-0.9193998020633954,0.1769772718214202,3-methyl-5-(1-methylethyl)phenol 1-(N-methylcarbamate)  
56,283,1,0.9997862228856762,iqp_zz_current_20q_idle_control,2,1,1.1767634947070964,0.1769772718214202,(2E)-3-[(Dimethoxyphosphinyl)oxy]-2-butenoic acid 1-phenylethyl ester
98,291,1,1.14658377255729,iqp_zz_current_20q_idle_control,2,1,1.3235610443787102,0.1769772718214202,"Phosphoric acid (1Z)-2-chloro-1-(2,4,5-trichlorophenyl)ethenyl dimethyl ester"
403,301,0,-1.3788271794135387,iqp_zz_current_20q_idle_control,2,0,-1.2018499075921185,0.1769772718214202,Benazolin (Ref: RD 7693)
396,325,0,-0.9238727057103374,iqp_zz_current_20q_idle_control,2,0,-0.7468954338889172,0.1769772718214202,N-(2-Methylcyclohexyl)-N'-phenylurea
23,344,1,-0.8043754548510994,iqp_zz_current_20q_idle_control,2,0,-0.6273981830296792,0.1769772718214202,Isopropalin (Ref: EL-179)
23,359,0,-1.0960629122153698,iqp_zz_current_20q_idle_control,2,0,-0.9190856403939497,0.1769772718214202,Fluchloralin (Ref: BAS 392H)
388,365,0,-1.000289718559027,iqp_zz_current_20q_idle_control,2,0,-0.8233124467376066,0.1769772718214202,Methyl cyclohexenone
23,378,0,-1.0696978056502324,iqp_zz_current_20q_idle_control,2,0,-0.8927205338288123,0.1769772718214202,"N-Ethyl-N-(2-methyl-2-propenyl)-2,6-dinitro-4-(trifluoromethyl)benzenamine"
382,389,0,-1.3838671253358645,iqp_zz_current_20q_idle_control,2,0,-1.2068898535144443,0.1769772718214202,alpha-Cyclopropyl-alpha-(4-methoxyphenyl)-5-pyrimidinemethanol
98,408,1,1.2020700647139864,iqp_zz_current_20q_idle_control,2,1,1.3790473365354066,0.1769772718214202,Akton
62,413,1,-1.087942141840117,iqp_zz_current_20q_idle_control,2,0,-0.9109648700186969,0.1769772718214202,Furalaxyl (Ref: IPE 134)
23,425,0,-1.0612895006533276,iqp_zz_current_20q_idle_control,2,0,-0.8843122288319073,0.1769772718214202,"2,6-Dinitro-N1,N1-dipropyl-4-(trifluoromethyl)-1,3-benzenediamine"
377,426,0,1.8897528318275396,iqp_zz_current_20q_idle_control,2,1,2.06673010364896,0.1769772718214202,Dienochlor (Ref: SAN 804)
156,439,1,-0.6166927874859222,iqp_zz_current_20q_idle_control,2,0,-0.43971551566450195,0.1769772718214202,Fenpropidin (Ref: CGA 114900)
371,461,1,-0.5004246190624194,iqp_zz_current_20q_idle_control,2,0,-0.3234473472409992,0.1769772718214202,"(4aS)-7-Chloro-2,5-dihydro-2-[[(methoxycarbonyl)[4-(trifluoromethoxy)phenyl]amino]carbonyl]indeno[1,2-e][1,3,4]oxadiazine-4a(3H)-carboxylic acid methyl ester"
156,487,0,-0.6885840608274644,iqp_zz_current_20q_idle_control,2,0,-0.5116067890060442,0.1769772718214202,"(2R,6S)-rel-4-[3-[4-(1,1-Dimethylethyl)phenyl]-2-methylpropyl]-2,6-dimethylmorpholine  "
81,505,1,-0.6383059433340296,iqp_zz_current_20q_idle_control,2,0,-0.46132867151260937,0.1769772718214202,Benfuracarb
360,514,1,1.260927738753266,iqp_zz_current_20q_idle_control,2,1,1.4379050105746862,0.1769772718214202,Sulfluramid (Ref: GX 071)
150,515,0,-1.259700754604472,iqp_zz_current_20q_idle_control,2,0,-1.0827234827830519,0.1769772718214202,"3-(N-butyl-N-acetyl)-aminopropionic acid, ethyl ester (Ref: OMS 3065)"
2,523,1,-0.9690595164058305,iqp_zz_current_20q_idle_control,2,0,-0.7920822445844103,0.1769772718214202,Thifensulfuron-methyl (Ref: DPX M6316)
23,526,0,-0.5689797189454774,iqp_zz_current_20q_idle_control,2,0,-0.3920024471240572,0.1769772718214202,"2-Chloro-N-[2,6-dinitro-4-(trifluoromethyl)phenyl]-N-ethyl-6-fluorobenzenemethanamine"
113,541,0,-1.1046237432875623,iqp_zz_current_20q_idle_control,2,0,-0.927646471466142,0.1769772718214202,"[[2-Chloro-4-fluoro-5-[(tetrahydro-3-oxo-1H,3H-[1,3,4]thiadiazolo [3,4-a]pyridazin-1-ylidine)amino]phenyl]thioacetic acid methyl ester"
353,551,0,-0.9514881785626698,iqp_zz_current_20q_idle_control,2,0,-0.7745109067412496,0.1769772718214202,Prohexadione
46,584,0,-0.8516554379609041,iqp_zz_current_20q_idle_control,2,0,-0.674678166139484,0.1769772718214202,"(2R)-2-[4-(4-Cyano-2-fluorophenoxy)phenoxy]propanoic acid, Butyl ester"
346,586,0,0.6564852318576196,iqp_zz_current_20q_idle_control,2,1,0.8334625036790398,0.1769772718214202,"N2-[1,1-Dimethyl-2-(methylsulfonyl)ethyl]-3-iodo-N1-[2-methyl-4-[1,2,2,2-tetrafluoro-1-(trifluoromethyl)ethyl]phenyl]-1,2-benzenedicarboxamide"
153,589,1,-0.03496944143324621,iqp_zz_current_20q_idle_control,2,0,0.142007830388174,0.1769772718214202,(2-Oxo-3-thiazolidinyl)phosphonothioic acid O-ethyl S-(1-methylpropyl)ester
90,593,0,-1.413175740354575,iqp_zz_current_20q_idle_control,2,0,-1.2361984685331548,0.1769772718214202,Sulfentrazone (Ref: FMC 97285)
90,598,0,-1.1133198362315273,iqp_zz_current_20q_idle_control,2,0,-0.9363425644101072,0.1769772718214202,"alpha,2-Dichloro-5-[4-(difluoromethyl)-4,5-dihydro-3-methyl-5-oxo-1H-1,2,4-triazol-1-yl]-4-fluorobenzenepropanoic acid, Ethyl ester"
340,599,0,-1.1990780496271751,iqp_zz_current_20q_idle_control,2,0,-1.022100777805755,0.1769772718214202,Benoxacor (Ref: CGA 154281)
40,603,1,1.068944355089995,iqp_zz_current_20q_idle_control,2,1,1.2459216269114153,0.1769772718214202,Cadusafos (Ref: FMC 67825)
7,609,0,-1.2945023186614442,iqp_zz_current_20q_idle_control,2,0,-1.117525046840024,0.1769772718214202,Triflusulfuron-methyl (Ref: DPX 66037)
150,623,0,-1.2251189191047709,iqp_zz_current_20q_idle_control,2,0,-1.0481416472833507,0.1769772718214202,Oryctalure
149,624,1,-0.7608319567656286,iqp_zz_current_20q_idle_control,2,0,-0.5838546849442084,0.1769772718214202,Alanycarb
334,636,1,-0.6641290320790275,iqp_zz_current_20q_idle_control,2,0,-0.4871517602576073,0.1769772718214202,"5-Methyl-5-(4-phenoxyphenyl)-3-(phenylamino)-2,4-oxazolidinedione"
90,661,0,-1.352231508212393,iqp_zz_current_20q_idle_control,2,0,-1.1752542363909728,0.1769772718214202,"alpha,2-Dichloro-5-[4-(difluoromethyl)-4,5-dihydro-3-methyl-5-oxo-1H-1,2,4-triazol-1-yl]-4-fluorobenzenepropanoic acid"
322,670,0,0.39251407264306415,iqp_zz_current_20q_idle_control,2,1,0.5694913444644844,0.1769772718214202,Pyridalyl (Ref: S-1812)
319,677,0,-0.9786683642507489,iqp_zz_current_20q_idle_control,2,0,-0.8016910924293287,0.1769772718214202,"(5S)-3,5-Dihydro-5-methyl-2-(methylthio)-5-phenyl-3-(phenylamino)-4H-imidazol-4-one"
311,707,0,-0.5997668413563847,iqp_zz_current_20q_idle_control,2,0,-0.4227895695349645,0.1769772718214202,Sucrose octanoate
75,710,1,-1.3885302921394487,iqp_zz_current_20q_idle_control,2,0,-1.2115530203180285,0.1769772718214202,Zarilamid (Ref: ICIA001)
309,716,0,-1.0682055136748994,iqp_zz_current_20q_idle_control,2,0,-0.891228241853479,0.1769772718214202,Alloxydim
302,762,0,-0.6314339347773207,iqp_zz_current_20q_idle_control,2,0,-0.4544566629559005,0.1769772718214202,"Carbonic acid, cis-3-(2,5-Dimethylphenyl)-8-methoxy-2-oxo-1-azaspiro[4.5]dec-3-en-4-yl ethyl ester"
130,766,0,-1.2531694271869969,iqp_zz_current_20q_idle_control,2,0,-1.0761921553655767,0.1769772718214202,"2-Chloro-5-[3,6-dihydro-3-methyl-2,6-dioxo-4-(trifluoromethyl-1(2H)-pyrimidinyl]-4-fluoro-N-[[methyl(1-methylethyl)amino]sulfonyl]benzamide"
297,777,0,-1.3040655224388658,iqp_zz_current_20q_idle_control,2,0,-1.1270882506174456,0.1769772718214202,"2-[1-[2-[[(3,5-Difluorophenyl)amino]carbonyl]hydrazinylidene]ethyl]-3-pyridinecarboxylic acid"
62,790,1,-0.5722706238575953,iqp_zz_current_20q_idle_control,2,0,-0.3952933520361751,0.1769772718214202,Furalaxyl-M
294,791,0,-1.474967921946386,iqp_zz_current_20q_idle_control,2,0,-1.2979906501249658,0.1769772718214202,"N-{2-[(4,6-Dimethoxypyrimidin-2-yl)(hydroxy)methyl]-6-(methoxymethyl)phenyl}-1,1-difluoromethanesulfonamide"
292,793,1,-1.5098391280840724,iqp_zz_current_20q_idle_control,2,0,-1.3328618562626522,0.1769772718214202,"4-[[(6-Chloro-3-pyridinyl)methyl](2,2-difluoroethyl)amino]-2(5H)-furanone"
286,810,0,-1.597224092857594,iqp_zz_current_20q_idle_control,2,0,-1.4202468210361738,0.1769772718214202,Triafamone (Ref: AE 1887198)
130,819,1,-1.1375915231635738,iqp_zz_current_20q_idle_control,2,0,-0.9606142513421535,0.1769772718214202,"Methyl N-[2-({2-chloro-4-fluoro-5-[3-methyl-2,6-dioxo-4-(trifluoromethyl)-3,6-dihydropyrimidin-1(2H)-yl]phenyl}sulfanyl)propanoyl]-beta-alaninate"
83,825,0,-0.43192032412641856,iqp_zz_current_20q_idle_control,2,0,-0.25494305230499836,0.1769772718214202,Benzyl 4-amino-3-chloro-6-(4-chloro-2-fluoro-3-methoxyphenyl)-5-fluoropyridine-2-carboxylate
281,831,0,-1.268584096659142,iqp_zz_current_20q_idle_control,2,0,-1.0916068248377218,0.1769772718214202,Nicotine
277,842,0,-0.9168165755187391,iqp_zz_current_20q_idle_control,2,0,-0.7398393036973189,0.1769772718214202,Strychnine
273,850,0,-0.9052816931505424,iqp_zz_current_20q_idle_control,2,0,-0.7283044213291222,0.1769772718214202,Dimethyl disulfide
267,859,0,-0.5579964449044968,iqp_zz_current_20q_idle_control,2,0,-0.38101917308307665,0.1769772718214202,Dithianon (Ref: BAS 216F)
81,863,1,-0.5098581839586177,iqp_zz_current_20q_idle_control,2,0,-0.3328809121371975,0.1769772718214202,Carbosulfan (Ref: OMS 3022)
257,884,0,-1.016549964217289,iqp_zz_current_20q_idle_control,2,0,-0.8395726923958687,0.1769772718214202,"4-[(2R)-2-[(1S,3S,5S)-3,5-Dimethyl-2-oxocyclohexyl]-2-hydroxyethyl]-2,6-piperidinedione"
124,895,0,-0.6848104158170188,iqp_zz_current_20q_idle_control,2,0,-0.5078331439955986,0.1769772718214202,Gibberellic acid
251,896,0,-0.7569042333202881,iqp_zz_current_20q_idle_control,2,0,-0.5799269614988679,0.1769772718214202,ACC
56,914,1,0.9371677250643644,iqp_zz_current_20q_idle_control,2,1,1.1141449968857846,0.1769772718214202,"3-[(Dimethoxyphosphinyl)oxy]-2-pentenedioic acid, Dimethyl ester"
240,922,0,-1.1878173393849563,iqp_zz_current_20q_idle_control,2,0,-1.010840067563536,0.1769772718214202,Metribuzin (Ref: DPX G2504)
23,923,0,-0.9587284988432244,iqp_zz_current_20q_idle_control,2,0,-0.7817512270218042,0.1769772718214202,Oryzalin (Ref: EL 119)
232,933,0,-1.1076683705864263,iqp_zz_current_20q_idle_control,2,0,-0.930691098765006,0.1769772718214202,Jasmonic acid
226,947,0,-0.8749681177533221,iqp_zz_current_20q_idle_control,2,0,-0.6979908459319019,0.1769772718214202,"1,7-dioxaspiro(5.5)undecane"
223,951,0,-0.6555271933574208,iqp_zz_current_20q_idle_control,2,0,-0.4785499215360006,0.1769772718214202,"2,3-Dihydro-5,6-dimethyl-1,4-dithiin 1,1,4,4-tetraoxide"
119,953,0,-0.9428922421811353,iqp_zz_current_20q_idle_control,2,0,-0.7659149703597151,0.1769772718214202,Nitrothal-isopropyl (Ref: BAS 300 OOF)
216,965,0,-0.841086182297884,iqp_zz_current_20q_idle_control,2,0,-0.6641089104764638,0.1769772718214202,Cinmethylin (Ref: BAS 684 H)
209,976,0,-1.375537227576913,iqp_zz_current_20q_idle_control,2,0,-1.198559955755493,0.1769772718214202,Ecolyst (Ref: HSDB 7282)
113,986,0,-1.1551151818148475,iqp_zz_current_20q_idle_control,2,0,-0.9781379099934272,0.1769772718214202,Fluthiacet
107,1001,0,-0.1884052405851232,iqp_zz_current_20q_idle_control,2,0,-0.011427968763703,0.1769772718214202,Di-1-p-menthene
196,1005,0,-0.9934661952265548,iqp_zz_current_20q_idle_control,2,0,-0.8164889234051346,0.1769772718214202,"alpha-Methyl-omega-[3-[1,3,3,3-tetramethyl-1-[(trimethylsilyl)oxy]-1-disiloxanyl]propoxy]poly(oxy-1,2-ethanediyl)"
188,1020,0,-0.12886099221953784,iqp_zz_current_20q_idle_control,2,0,0.04811627960188236,0.1769772718214202,Sabadilla (Ref: ENT 123 )
186,1026,1,-1.121433121270758,iqp_zz_current_20q_idle_control,2,0,-0.9444558494493377,0.1769772718214202,Triflumezopyrim (Ref: DPX-RAB55)
182,1030,0,-0.9679680957393842,iqp_zz_current_20q_idle_control,2,0,-0.790990823917964,0.1769772718214202,1-({1-Ethyl-4-[4-(methanesulfonyl)-3-(2-methoxyethoxy)-2-methylbenzoyl]-1H-pyrazol-5-yl}oxy)ethyl methyl carbonate
3,20,0,-1.2396453468884256,iqp_zz_current_20q_idle_control,3,0,-0.8038209293858707,0.43582441750255496,Neburon
453,29,0,-1.3853244193823953,iqp_zz_current_20q_idle_control,3,0,-0.9495000018798403,0.43582441750255496,"1,8-cineole"
3,31,0,-1.4484551969740331,iqp_zz_current_20q_idle_control,3,0,-1.0126307794714782,0.43582441750255496,"N'-(3,4-Dichlorophenyl)-N-methoxy-N-methylurea"
80,36,0,-1.3412196034635218,iqp_zz_current_20q_idle_control,3,0,-0.9053951859609668,0.43582441750255496,"2-[(Trichloromethyl)thio]-1H-isoindole-1,3(2H)dione"
42,39,0,-1.4557750867141113,iqp_zz_current_20q_idle_control,3,0,-1.0199506692115563,0.43582441750255496,"N-(3,4-Dichlorophenyl)propanamide"
3,42,0,-1.3973224759714329,iqp_zz_current_20q_idle_control,3,0,-0.9614980584688779,0.43582441750255496,"N'-(3,4-Dichlorophenyl)-N,N-dimethylurea"
443,78,1,-0.8263344397435333,iqp_zz_current_20q_idle_control,3,0,-0.39051002224097836,0.43582441750255496,Trichlorfon (Ref: OMS 800)
439,87,0,-1.7708308246501292,iqp_zz_current_20q_idle_control,3,0,-1.3350064071475742,0.43582441750255496,As-(4-Aminophenyl)arsonic acid
27,92,1,-1.2991663219764906,iqp_zz_current_20q_idle_control,3,0,-0.8633419044739357,0.43582441750255496,Penconazole (Ref: CGA 71818)
165,93,0,-1.453017501063713,iqp_zz_current_20q_idle_control,3,0,-1.017193083561158,0.43582441750255496,Dichlone (Ref: USR 604)
27,101,0,-1.3572999629730955,iqp_zz_current_20q_idle_control,3,0,-0.9214755454705406,0.43582441750255496,"1-(4-Chlorophenoxy)-3,3-dimethyl-1-(1H-1,2,4-triazol-1-yl)-2-butanone"
111,125,0,-0.9088101897942025,iqp_zz_current_20q_idle_control,3,0,-0.47298577229164745,0.43582441750255496,[2-[[[1-(4-Chlorophenyl)-1H-pyrazol-3-yl]oxy]methyl]phenyl]methoxycarbamic acid methyl ester
430,145,0,-0.861948988694377,iqp_zz_current_20q_idle_control,3,0,-0.42612457119182195,0.43582441750255496,"2-[(1,1-Dimethylethyl)imino]tetrahydro-3-(1-methylethyl)-5-phenyl-4H-1,3,5-thiadiazin-4-one"
59,146,1,-0.7202832549685476,iqp_zz_current_20q_idle_control,3,0,-0.2844588374659927,0.43582441750255496,"1,4,5,6,7,8,8-Heptachloro-3a,4,7,7a-tetrahydro-4,7-methano-1H-indene"
16,147,0,-1.2014992550964028,iqp_zz_current_20q_idle_control,3,0,-0.7656748375938478,0.43582441750255496,"2-(2,4,5-Trichlorophenoxy)acetic acid, Butyl ester"
59,148,1,-0.7917636873924714,iqp_zz_current_20q_idle_control,3,0,-0.35593926988991637,0.43582441750255496,"(1R,4S,4aS,5S,8R,8aR)-rel-1,2,3,4,10,10-Hexachloro-1,4,4a,5,8,8a-hexahydro-1,4:5,8-dimethanonaphthalene"
59,154,1,-0.9030302276353419,iqp_zz_current_20q_idle_control,3,0,-0.4672058101327869,0.43582441750255496,"(1aR,2R,2aS,3S,6R,6aR,7S,7aS)-rel-3,4,5,6,9,9-Hexachloro-1a,2,2a,3,6,6a,7,7a-octahydro-2,7:3,6-dimethanonaphth[2,3-b]oxirene "
428,158,0,-1.2767721430101642,iqp_zz_current_20q_idle_control,3,0,-0.8409477255076092,0.43582441750255496,"alpha-(4-(1,1,3,3-Tetramethylbutyl)phenyl)-omega-hydroxypoly(oxy-1,2-ethanediyl)"
52,173,0,-1.1319517775436108,iqp_zz_current_20q_idle_control,3,0,-0.6961273600410558,0.43582441750255496,Chlorbenside (Ref: ENT 20696)
38,175,1,0.7989858394333886,iqp_zz_current_20q_idle_control,3,1,1.2348102569359436,0.43582441750255496,"Phosphorothioic acid, S-[2-(Ethylsulfinyl)ethyl] O,O-dimethyl ester"
3,176,0,-1.440711969826867,iqp_zz_current_20q_idle_control,3,0,-1.004887552324312,0.43582441750255496,"N'-(4-chlorophenyl)-N,N-dimethylurea"
8,192,0,-1.6905578273648554,iqp_zz_current_20q_idle_control,3,0,-1.2547334098623004,0.43582441750255496,"6-Chloro-N,N'-diethyl-1,3,5-triazine-2,4-diamine"
8,196,0,-1.5540683245766282,iqp_zz_current_20q_idle_control,3,0,-1.1182439070740733,0.43582441750255496,"6-Chloro-N2,N4-bis(1-methylethyl)-1,3,5-triazine-2,4-diamine"
421,202,0,-1.6741868166412794,iqp_zz_current_20q_idle_control,3,0,-1.2383623991387245,0.43582441750255496,Methazole (Ref: VCS-438)
8,211,0,-1.5118146135205475,iqp_zz_current_20q_idle_control,3,0,-1.0759901960179925,0.43582441750255496,"6-Methoxy-N2,N4-bis(1-methylethyl)-1,3,5-triazine-2,4-diamine"
8,217,0,-1.4818745689228952,iqp_zz_current_20q_idle_control,3,0,-1.0460501514203402,0.43582441750255496,"N2-Ethyl-N4-(1-methylethyl)-6-(methylthio)-1,3,5-triazine-2,4-diamine"
8,218,0,-1.638261607153131,iqp_zz_current_20q_idle_control,3,0,-1.202437189650576,0.43582441750255496,"6-Chloro-N-ethyl-N'-(1-methylethyl)-1,3,5-triazine-2,4-diamine"
8,220,0,-1.3745995971630396,iqp_zz_current_20q_idle_control,3,0,-0.9387751796604846,0.43582441750255496,"N2,N4-Bis(1-methylethyl)-6-(methylthio)-1,3,5-triazine-2,4-diamine"
8,226,0,-1.6314234816388922,iqp_zz_current_20q_idle_control,3,0,-1.1955990641363372,0.43582441750255496,Trietazine (Ref: G 27901)
38,227,1,0.695005447850835,iqp_zz_current_20q_idle_control,3,1,1.13082986535339,0.43582441750255496,Vamidothion (Ref: ENT 26613)
121,230,1,-0.39820655211552297,iqp_zz_current_20q_idle_control,3,0,0.03761786538703199,0.43582441750255496,"1,1a,3,3a,4,5,5,5a,5b,6-Decachlorooctahydro-1,3,4-metheno-2H-cyclobuta[cd]pentalen-2-one"
415,238,0,-1.4918393590639125,iqp_zz_current_20q_idle_control,3,0,-1.0560149415613576,0.43582441750255496,"N-Cyclopropyl-1,3,5-triazine-2,4,6-triamine"
3,239,0,-1.1054821829647123,iqp_zz_current_20q_idle_control,3,0,-0.6696577654621574,0.43582441750255496,Chloroxuron (Ref: C 1983)
52,242,1,0.9405317922019136,iqp_zz_current_20q_idle_control,3,1,1.3763562097044686,0.43582441750255496,Methyl trithion
3,252,0,-1.4781885410149933,iqp_zz_current_20q_idle_control,3,0,-1.0423641235124383,0.43582441750255496,Monolinuron (Ref: HOE 002747)
80,257,0,-1.181602942454936,iqp_zz_current_20q_idle_control,3,0,-0.745778524952381,0.43582441750255496,Captafol (Ref: Ortho-5865)
103,266,1,0.8124404069910094,iqp_zz_current_20q_idle_control,3,1,1.2482648244935644,0.43582441750255496,"Phosphorothioic acid, O,O-Diethyl O(4-methylsulfinyl)phenyl)ester"
8,268,0,-1.5039181244398157,iqp_zz_current_20q_idle_control,3,0,-1.0680937069372607,0.43582441750255496,Terbuthylazine
165,271,0,-1.505106951731181,iqp_zz_current_20q_idle_control,3,0,-1.069282534228626,0.43582441750255496,Quinoclamine
407,278,0,-1.463188520280672,iqp_zz_current_20q_idle_control,3,0,-1.027364102778117,0.43582441750255496,"3-Cyclohexyl-6-(dimethylamino)-1-methyl-1,3,5-triazine-2,4-(1H,3H)dione"
3,279,0,-1.3554992441590188,iqp_zz_current_20q_idle_control,3,0,-0.9196748266564638,0.43582441750255496,Chlorbromuron (Ref: C6313)
38,284,1,0.5623329355980768,iqp_zz_current_20q_idle_control,3,1,0.9981573531006318,0.43582441750255496,"O,O-Dimethyl S-[2-(methylamino)-2-oxoethyl ester phosphorothioic acid"
3,285,0,-1.5622516748805446,iqp_zz_current_20q_idle_control,3,0,-1.1264272573779897,0.43582441750255496,"N,N-Dimethyl-N'-[3-(trifluoromethyl)phenyl]urea"
3,286,0,-1.4276750702895824,iqp_zz_current_20q_idle_control,3,0,-0.9918506527870274,0.43582441750255496,Metobromuron (Ref: C 3216)
158,287,0,-1.4741127266828462,iqp_zz_current_20q_idle_control,3,0,-1.0382883091802912,0.43582441750255496,"1,1-Dichloro-N-[(dimethylamino)sulfonyl]-1-fluoro-N-phenylmethanesulfenamide"
164,290,1,-0.4841981536623946,iqp_zz_current_20q_idle_control,3,0,-0.04837373615983964,0.43582441750255496,(1-Methylethyl)phosphoramidic acid ethyl-3-methyl-4-(methylthio)phenyl ester
404,300,1,-0.5408630169003812,iqp_zz_current_20q_idle_control,3,0,-0.10503859939782628,0.43582441750255496,"Ethylphosphonodithioic acid, O-Ethyl S-phenyl ester"
22,309,0,-1.4330297112167774,iqp_zz_current_20q_idle_control,3,0,-0.9972052937142224,0.43582441750255496,Looplure (Ref: ENT 33266)
38,320,1,0.8321427746384908,iqp_zz_current_20q_idle_control,3,1,1.2679671921410458,0.43582441750255496,"S-[2-(Ethylsulfonyl)ethyl]O,O-dimethyl ester phosphorothioic acid"
397,321,0,-1.2283055992019698,iqp_zz_current_20q_idle_control,3,0,-0.7924811816994148,0.43582441750255496,Asulam (Ref: M&B 9057)
3,323,0,-1.403653468093814,iqp_zz_current_20q_idle_control,3,0,-0.967829050591259,0.43582441750255496,Metoxuron (Ref: SAN 6915H)
3,327,0,-1.2753345858776373,iqp_zz_current_20q_idle_control,3,0,-0.8395101683750823,0.43582441750255496,Monalide (Ref: SN 35830)
38,332,1,0.7711029899442317,iqp_zz_current_20q_idle_control,3,1,1.2069274074467866,0.43582441750255496,"O,O-Dimethyl O-[2-(methylthio)ethyl]ester phosphorothioic acid mixt. with O,O-dimethyl S-[2-(methylthio)ethyl]phosphorothioate"
8,333,0,-1.4837898343355476,iqp_zz_current_20q_idle_control,3,0,-1.0479654168329926,0.43582441750255496,Cyanazine
135,341,1,-0.6566807162534709,iqp_zz_current_20q_idle_control,3,0,-0.2208562987509159,0.43582441750255496,"2aR,3S,4S,4aR,5S,7aS,8S,10R,10aS,10bR)-10-(Acetyloxy)octahydro-3,5-dihydroxy-4-methyl-8-[[(2E)-2-methyl-1-oxo-2-buten-1-yl]oxy]-4-[(1aR,2S,3aS,6aS,7S,7aS)-3a,6a,7,7a-tetrahydro-6a-hydroxy-7a-methyl-2,7-methanofuro[2,3-b]oxireno[e]oxepin-1a(2H)-yl]-1H,7H-naptho[1,8-bc:4,4a-c']difuran-5,10a(8H)-dicarboxylic acid 5-10a-dimethyl ester"
3,348,0,-1.383988973096732,iqp_zz_current_20q_idle_control,3,0,-0.9481645555941771,0.43582441750255496,Chlorotoluron (Ref: C 2242)
22,349,1,-1.657278899702655,iqp_zz_current_20q_idle_control,3,0,-1.2214544822001001,0.43582441750255496,8-dodecenol
3,353,1,-1.5458586440828983,iqp_zz_current_20q_idle_control,3,0,-1.1100342265803433,0.43582441750255496,Diflubenzuron (Ref: OMS 1804)
391,354,1,-0.9952431586588275,iqp_zz_current_20q_idle_control,3,0,-0.5594187411562725,0.43582441750255496,"Benzoyl chloride, (2,4,6-Trichlorophenyl)hydrazone"
390,356,0,-1.0266969874681202,iqp_zz_current_20q_idle_control,3,0,-0.5908725699655653,0.43582441750255496,Piperalin (Ref: HSDB 7058)
22,363,0,-1.6285243952032245,iqp_zz_current_20q_idle_control,3,0,-1.1926999777006695,0.43582441750255496,Codlemone (Ref: BAS 2851)
8,370,0,-1.307177741154954,iqp_zz_current_20q_idle_control,3,0,-0.8713533236523991,0.43582441750255496,Dipropetryn (Ref: GC 16068)
383,387,1,-1.1620981655841256,iqp_zz_current_20q_idle_control,3,0,-0.7262737480815706,0.43582441750255496,"5-Amino-1-[2,6-dichloro-4-(trifluoromethyl)phenyl]-4-[(trifluoromethyl)sulfinyl]-1H-pyrazole-3-carbonitrile"
78,406,0,-1.318056176978837,iqp_zz_current_20q_idle_control,3,0,-0.8822317594762821,0.43582441750255496,Procymidone (Ref: S 7131)
3,412,0,-1.304265106031188,iqp_zz_current_20q_idle_control,3,0,-0.8684406885286331,0.43582441750255496,Isoproturon (Ref: HOE 16410)
3,414,0,-1.128854346585009,iqp_zz_current_20q_idle_control,3,0,-0.693029929082454,0.43582441750255496,Difenoxuron (Ref: C3470)
378,416,0,-1.6290427457282617,iqp_zz_current_20q_idle_control,3,0,-1.1932183282257067,0.43582441750255496,Mefluidide (Ref: MBR 12325)
22,417,0,-1.4246852319212486,iqp_zz_current_20q_idle_control,3,0,-0.9888608144186937,0.43582441750255496,(E)-dec-5-enyl acetate
154,419,1,0.8911961275664739,iqp_zz_current_20q_idle_control,3,1,1.327020545069029,0.43582441750255496,O-(4-bromo-2-chlorophenyl) O-ethyl S-propyl ester phosphorothioic acid
27,421,0,-1.4044059213771245,iqp_zz_current_20q_idle_control,3,0,-0.9685815038745695,0.43582441750255496,"beta-(4-Chlorophenoxy)-alpha-(1,1-dimethylethyl)-1H-1,2,4-triazole-1-ethanol"
27,424,0,-1.0872880560523372,iqp_zz_current_20q_idle_control,3,0,-0.6514636385497823,0.43582441750255496,Bitertanol (Ref: KWG 0599)
158,437,0,-1.3892134872486344,iqp_zz_current_20q_idle_control,3,0,-0.9533890697460794,0.43582441750255496,"1,1-Dichloro-N-[(dimethylamino)sulfonyl]-1-fluoro-N-(4-methylphenyl)methanesulfenamide"
96,438,1,-1.2711052129738225,iqp_zz_current_20q_idle_control,3,0,-0.8352807954712675,0.43582441750255496,Climbazole (Ref: 106162)
27,441,1,-1.3455710557390141,iqp_zz_current_20q_idle_control,3,0,-0.9097466382364592,0.43582441750255496,Diclobutrazol (Ref: PP296)
372,443,0,-1.6235310283308717,iqp_zz_current_20q_idle_control,3,0,-1.1877066108283167,0.43582441750255496,Triclopyr-triethylammonium
13,448,0,-0.9455323757226255,iqp_zz_current_20q_idle_control,3,0,-0.5097079582200705,0.43582441750255496,Fluazifop-butyl (Ref: SL 236)
3,450,0,-1.266970627063742,iqp_zz_current_20q_idle_control,3,0,-0.831146209561187,0.43582441750255496,Dimefuron (Ref: RP 23465)
3,451,0,-0.8103623957942518,iqp_zz_current_20q_idle_control,3,0,-0.37453797829169694,0.43582441750255496,Pencycuron (Ref: NTN 19701)
78,456,0,-1.1450306835178503,iqp_zz_current_20q_idle_control,3,0,-0.7092062660152954,0.43582441750255496,Chlozolinate (Ref: M 8164)
8,469,0,-1.3142046256691904,iqp_zz_current_20q_idle_control,3,0,-0.8783802081666354,0.43582441750255496,Dimethametryn (Ref: C 18898)
22,473,0,-1.6275717686651963,iqp_zz_current_20q_idle_control,3,0,-1.1917473511626413,0.43582441750255496,5-decenol (Ref: BAS 287 1)
27,483,0,-1.2463470006107789,iqp_zz_current_20q_idle_control,3,0,-0.8105225831082239,0.43582441750255496,Diniconazole (Ref: XE-779)
364,490,0,-1.228601312819839,iqp_zz_current_20q_idle_control,3,0,-0.792776895317284,0.43582441750255496,Triflumizole (Ref: NF 114 )
129,511,0,-1.4511513970828158,iqp_zz_current_20q_idle_control,3,0,-1.0153269795802609,0.43582441750255496,"2-[(2-Chlorophenyl)methyl]-4,4-dimethyl-3-isoxazolidinone"
154,522,1,0.7767302385828403,iqp_zz_current_20q_idle_control,3,1,1.2125546560853953,0.43582441750255496,Pyraclofos (Ref: OMS 3040)
63,544,1,-1.11334963347327,iqp_zz_current_20q_idle_control,3,0,-0.677525215970715,0.43582441750255496,Chlorantraniliprole (Ref: DPX E2Y45)
77,547,0,-1.3954365971454619,iqp_zz_current_20q_idle_control,3,0,-0.9596121796429069,0.43582441750255496,"4,6-Dimethyl-N-phenyl-2-pyrimidinamine"
354,550,0,-1.3030941008252035,iqp_zz_current_20q_idle_control,3,0,-0.8672696833226485,0.43582441750255496,"[3-(4,5-Dihydro-3-isoxazolyl)-2-methyl-4-(methylsulfonyl)phenyl](5-hydroxy-1-methyl-1H-pyrazol-4-yl)methanone"
13,556,0,-0.720293933396299,iqp_zz_current_20q_idle_control,3,0,-0.2844695158937441,0.43582441750255496,Propaquizafop (Ref: CGA 233380)
13,567,0,-0.7789743999846286,iqp_zz_current_20q_idle_control,3,0,-0.3431499824820737,0.43582441750255496,Quizalofop-P-tefuryl (Ref: UBI C4874 )
348,580,1,-0.90613445117613,iqp_zz_current_20q_idle_control,3,0,-0.4703100336735751,0.43582441750255496,"4-[2-[4-(1,1-Dimethylethyl)phenyl]ethoxy]quinazoline"
341,597,0,-1.2318845038718758,iqp_zz_current_20q_idle_control,3,0,-0.7960600863693208,0.43582441750255496,"1,2,3-Benzothiadiazole-7-carbothioic acid S-methyl ester"
337,606,0,-1.4059262255436797,iqp_zz_current_20q_idle_control,3,0,-0.9701018080411248,0.43582441750255496,Fluquinconazole (Ref: AE C597265)
147,628,0,-1.6285189728630765,iqp_zz_current_20q_idle_control,3,0,-1.1926945553605215,0.43582441750255496,"3-Chloro-2-[[(5-ethoxy-7-fluoro[1,2,4]triazolo[1,5-c]pyrimidin-2-yl)sulfonyl]amino]benzoic acid, Methyl ester"
77,632,0,-1.284886135884254,iqp_zz_current_20q_idle_control,3,0,-0.8490617183816991,0.43582441750255496,Cyprodinil (Ref: CGA 219417)
89,649,0,-1.206295975473494,iqp_zz_current_20q_idle_control,3,0,-0.7704715579709391,0.43582441750255496,2-[2-Chloro-5-[4-chloro-5-(difluoromethoxy)-1-methyl-1H-pyrazol-3-yl]-4-fluorophenoxy]acetic acid ethyl ester
328,652,0,-1.106228142352681,iqp_zz_current_20q_idle_control,3,0,-0.670403724850126,0.43582441750255496,Fenhexamid (Ref: KBR 2738)
318,681,0,-1.1863992951184819,iqp_zz_current_20q_idle_control,3,0,-0.7505748776159269,0.43582441750255496,Cafenstrole (Ref: CH 900)
33,685,0,-1.4891810748442056,iqp_zz_current_20q_idle_control,3,0,-1.0533566573416506,0.43582441750255496,Propoxycarbazone
144,686,1,-1.1647749469456092,iqp_zz_current_20q_idle_control,3,0,-0.7289505294430543,0.43582441750255496,"2-(4-Methoxy[1,1'-biphenyl]-3-yl)hydrazinecarboxylic acid, 1-Methylethyl ester"
315,690,0,-1.2398374247427093,iqp_zz_current_20q_idle_control,3,0,-0.8040130072401543,0.43582441750255496,Fentrazamide (Ref: BAY YRC 2388)
33,694,0,-1.8031336175357255,iqp_zz_current_20q_idle_control,3,0,-1.3673092000331706,0.43582441750255496,Flucarbazone
89,696,0,-1.391651294938246,iqp_zz_current_20q_idle_control,3,0,-0.9558268774356911,0.43582441750255496,"2-[2-Chloro-4-fluoro-5-[5-methyl-6-oxo-4-(trifluoromethyl)-1(6H)-pyridazinyl]phenoxy]acetic acid, Ethyl ester"
140,717,0,-0.5876289205918557,iqp_zz_current_20q_idle_control,3,0,-0.15180450308930077,0.43582441750255496,Profoxydim (Ref: BAS 625H)
308,718,0,-1.6396382342180982,iqp_zz_current_20q_idle_control,3,0,-1.2038138167155432,0.43582441750255496,Picloram-tripromine
13,743,0,-0.9034926223432789,iqp_zz_current_20q_idle_control,3,0,-0.46766820484072386,0.43582441750255496,Haloxyfop-etotyl (Ref: DOWCO 453EE)
303,756,0,-1.1178697734436016,iqp_zz_current_20q_idle_control,3,0,-0.6820453559410466,0.43582441750255496,"N-[2-(1,3-Dimethylbutyl)-3-thienyl]-1-methyl-3-(trifluoromethyl)-1H-pyrazole-4-carboxamide"
63,767,1,-1.2643496912927028,iqp_zz_current_20q_idle_control,3,0,-0.8285252737901478,0.43582441750255496,3-Bromo-1-(3-chloro-2-pyridinyl)-N-[4-cyano-2-methyl-6-[(methylamino)carbonyl]phenyl]-1H-pyrazole-5-carboxamide
300,768,0,0.779820739401998,iqp_zz_current_20q_idle_control,3,1,1.215645156904553,0.43582441750255496,Iprobenfos
135,769,0,-0.662209328011611,iqp_zz_current_20q_idle_control,3,0,-0.22638491050905601,0.43582441750255496,Dihydroazadirachtin
290,801,0,-1.4446229731024054,iqp_zz_current_20q_idle_control,3,0,-1.0087985555998504,0.43582441750255496,Ametoctradin (Ref: BAS 650F)
63,805,1,-0.431192965893123,iqp_zz_current_20q_idle_control,3,0,0.004631451609431958,0.43582441750255496,Cyclaniliprole (Ref: IKI-3106)
288,807,0,-1.365431721882276,iqp_zz_current_20q_idle_control,3,0,-0.9296073043797211,0.43582441750255496,Fluazaindolizine (Ref: DPX-Q8U80)
33,808,0,-1.2841863581485746,iqp_zz_current_20q_idle_control,3,0,-0.8483619406460197,0.43582441750255496,Thiencarbazone-methyl (Ref: BYH 18636 )
33,813,0,-1.1505795797817717,iqp_zz_current_20q_idle_control,3,0,-0.7147551622792168,0.43582441750255496,Thiencarbazone
282,821,0,-0.8830729082126461,iqp_zz_current_20q_idle_control,3,0,-0.44724849071009104,0.43582441750255496,Isoflucypram (Ref: BCS-CN88460)
129,827,0,-1.394572124488606,iqp_zz_current_20q_idle_control,3,0,-0.958747706986051,0.43582441750255496,Bixlozone (Ref: F9600)
274,847,0,-1.5801244848714926,iqp_zz_current_20q_idle_control,3,0,-1.1443000673689376,0.43582441750255496,Cinnamaldehyde
271,854,0,-1.5418959772400318,iqp_zz_current_20q_idle_control,3,0,-1.1060715597374768,0.43582441750255496,"N,N'-[1,4-Piperazinediylbis(2,2,2-trichloroethylidene)]bis-formamide"
264,864,0,-1.590368376282498,iqp_zz_current_20q_idle_control,3,0,-1.154543958779943,0.43582441750255496,Garlic extract
262,866,0,-0.8031338770761864,iqp_zz_current_20q_idle_control,3,0,-0.36730945957363154,0.43582441750255496,"N,N,N',N'-Tetramethylthioperoxydicarbonic diamide ([(H2N)C(S)]2S2)"
80,869,0,-1.2773484346076247,iqp_zz_current_20q_idle_control,3,0,-0.8415240171050697,0.43582441750255496,Captan (Ref: SR 406)
259,881,0,-0.9877164509384699,iqp_zz_current_20q_idle_control,3,0,-0.551892033435915,0.43582441750255496,"2-[4-(1,1-Dimethylethyl)phenoxy]cyclohexyl 2-propynyl ester sulfurous acid"
59,883,1,-0.49992240678464966,iqp_zz_current_20q_idle_control,3,0,-0.0640979892820947,0.43582441750255496,Chlordane (Technical Grade)
253,893,0,-1.3440037659613804,iqp_zz_current_20q_idle_control,3,0,-0.9081793484588254,0.43582441750255496,"1H-1,2,4-Triazol-3-amine"
123,899,1,0.8590685843279302,iqp_zz_current_20q_idle_control,3,1,1.2948930018304852,0.43582441750255496,"Phosphorothioic acid O-(3-chloro-4-methyl-2-oxo-2H-1-benzopyran-7-yl) O,O-diethyl ester"
52,904,1,0.5076419035889042,iqp_zz_current_20q_idle_control,3,1,0.9434663210914591,0.43582441750255496,"S-[(4,6-Diamino-1,3,5-triazin-2-yl)methyl]O,O-dimethyl ester phosphorodithioic acid"
121,913,1,0.19631111382559463,iqp_zz_current_20q_idle_control,3,1,0.6321355313281496,0.43582441750255496,"1,1a,2,2,3,3a,4,5,5,5a,5b,6-Dodecachlorooctahydro-1,3,4-metheno-1H-cyclobuta[cd]pentalene"
243,917,1,-1.1849914809138988,iqp_zz_current_20q_idle_control,3,0,-0.7491670634113439,0.43582441750255496,Molinate (Ref: OMS 1373)
241,920,0,-1.3232395106167218,iqp_zz_current_20q_idle_control,3,0,-0.8874150931141669,0.43582441750255496,Silthiofam (Ref: MON 65500)
16,921,0,-0.9800795048175761,iqp_zz_current_20q_idle_control,3,0,-0.5442550873150211,0.43582441750255496,"2-(2,4-Dichlorophenoxy)acetic acid, 2-Ethylhexyl ester"
235,930,1,-0.5530134283088313,iqp_zz_current_20q_idle_control,3,0,-0.11718901080627636,0.43582441750255496,Camphechlor (Ref: Hercules 3956)
231,935,0,-1.37403090539871,iqp_zz_current_20q_idle_control,3,0,-0.9382064878961551,0.43582441750255496,Grandlure (Ref: SHA 112401)
78,940,0,-1.2295022682867995,iqp_zz_current_20q_idle_control,3,0,-0.7936778507842446,0.43582441750255496,Vinclozolin (Ref: BAS 352F)
227,945,0,-1.183970588494232,iqp_zz_current_20q_idle_control,3,0,-0.748146170991677,0.43582441750255496,2-Cyano-N-[(ethylamino)carbonyl]-2-(methoxyimino)acetamide
218,962,0,-1.412180544599686,iqp_zz_current_20q_idle_control,3,0,-0.976356127097131,0.43582441750255496,Pyroquilon (Ref: CGA 49104)
217,963,0,-1.5613834063423628,iqp_zz_current_20q_idle_control,3,0,-1.1255589888398079,0.43582441750255496,alpha-(1-Methylethyl)-alpha-[4-(trifluoromethoxy)phenyl]-5-pyrimidinemethanol
210,973,0,-1.5547980498026674,iqp_zz_current_20q_idle_control,3,0,-1.1189736323001125,0.43582441750255496,Amisulbrom
77,982,0,-1.312474782815201,iqp_zz_current_20q_idle_control,3,0,-0.8766503653126461,0.43582441750255496,Mepanipyrim (Ref: KUF 6201)
202,988,1,-1.4228009529081536,iqp_zz_current_20q_idle_control,3,0,-0.9869765354055986,0.43582441750255496,Dinotefuran (Ref: MTI 446)
198,998,0,-1.2483776353776206,iqp_zz_current_20q_idle_control,3,0,-0.8125532178750656,0.43582441750255496,"2-Chloro-5-[3,6-dihydro-3-methyl-2,6-dioxo-4-(trifluoromethyl)-1(2H)-pyrimidinyl]benzoic acid 1,1-dimethyl-2-oxo-2-(2-propenyloxy)ethyl ester"
197,1002,0,-1.0808317092874165,iqp_zz_current_20q_idle_control,3,0,-0.6450072917848615,0.43582441750255496,"5-[[(2,6-Difluorophenyl)methoxy]methyl]-4,5-dihydro-5-methyl(3-methyl-2-thienyl)isoxazole"
111,1006,0,-1.3918430424476447,iqp_zz_current_20q_idle_control,3,0,-0.9560186249450897,0.43582441750255496,Metyltetraprole (Ref: S-2367)
189,1017,0,-1.3503454929559287,iqp_zz_current_20q_idle_control,3,0,-0.9145210754533737,0.43582441750255496,"N2-[(1R,2S)-2,3-Dihydro-2,6-dimethyl-1H-inden-1-yl]-6-(1-fluoroethyl)-1,3,5-triazine-2,4-diamine"
63,1025,1,-1.5591043662211599,iqp_zz_current_20q_idle_control,3,0,-1.123279948718605,0.43582441750255496,1-(3-Chloropyridin-2-yl)-N-[4-cyano-2-methyl-6-(methylcarbamoyl)phenyl]-3-{[5-(trifluoromethyl)-2H-tetrazol-2-yl]methyl}-1H-pyrazole-5-carboxamide
184,1028,0,-1.167864427917335,iqp_zz_current_20q_idle_control,3,0,-0.73204001041478,0.43582441750255496,Penflufen (Ref: BYF-14182)
183,1029,0,-1.2193460848485154,iqp_zz_current_20q_idle_control,3,0,-0.7835216673459604,0.43582441750255496,"N-[6-[[[(Z)-[(1-Methyl-1H-tetrazol-5-yl)phenylmethylene]amino]oxy]methyl]-2-pyridinyl]-1,1-dimethylethyl ester carbamic acid"
93,16,1,-0.05185475333757715,iqp_zz_current_20q_idle_control,4,0,0.013498480831542009,0.06535323416911916,2-[[Ethoxy[(1-methylethyl)amino]phosphinothioyl]oxy]benzoic acid 1-methylethyl ester
457,19,0,-0.5286102311777067,iqp_zz_current_20q_idle_control,4,0,-0.46325699700858747,0.06535323416911916,(2-Chloroethyl)phosphonic acid
53,27,0,-0.6847225528392716,iqp_zz_current_20q_idle_control,4,0,-0.6193693186701524,0.06535323416911916,"3,6-Dichloro-2-methyoxybenzoic acid"
450,44,0,-0.8066739736826692,iqp_zz_current_20q_idle_control,4,0,-0.74132073951355,0.06535323416911916,Anethole
4,60,1,-0.750694324927528,iqp_zz_current_20q_idle_control,4,0,-0.6853410907584088,0.06535323416911916,"3-(2-Chloro-3,3,3-trifluoro-1-propenyl)-2,2-dimethylcyclopropanecarboxylic acid cyano(3-phenoxyphenyl)methyl ester"
82,62,0,-0.7654365816764165,iqp_zz_current_20q_idle_control,4,0,-0.7000833475072973,0.06535323416911916,Methyleugenol (Ref: Ent 21040)
82,66,1,-0.5632663049527888,iqp_zz_current_20q_idle_control,4,0,-0.49791307078366964,0.06535323416911916,Capsaicin (Ref: NCI-C56564)
444,69,0,-0.7211006864325099,iqp_zz_current_20q_idle_control,4,0,-0.6557474522633907,0.06535323416911916,2-phenylphenol
60,83,1,-0.2616927931043141,iqp_zz_current_20q_idle_control,4,0,-0.19633955893519495,0.06535323416911916,DDT (Ref: OMS 16)
9,84,1,-0.2490331987786794,iqp_zz_current_20q_idle_control,4,0,-0.18367996460956024,0.06535323416911916,Ethion (Ref: ENT 24105)
174,86,1,0.7859899235960588,iqp_zz_current_20q_idle_control,4,1,0.851343157765178,0.06535323416911916,"Phosphorodithioic acid O,O-diethyl S-[(4-oxo-1,2,3-benzotriazin-3(4H)-yl)methyl] ester"
9,90,1,1.0203971639194513,iqp_zz_current_20q_idle_control,4,1,1.0857503980885705,0.06535323416911916,Chlormephos (Ref: MC 2188)
161,95,0,-0.7085075137418744,iqp_zz_current_20q_idle_control,4,0,-0.6431542795727552,0.06535323416911916,5-Amino-4-chloro-2-phenyl-3(2H)-pyridazinone
15,102,0,-0.8458054044026009,iqp_zz_current_20q_idle_control,4,0,-0.7804521702334817,0.06535323416911916,(3-Methylphenyl)carbamic acid 3-[(methoxycarbonyl)amino]phenyl ester
9,112,1,0.9835605992611638,iqp_zz_current_20q_idle_control,4,1,1.048913833430283,0.06535323416911916,"S-[2-(Ethylthio)ethyl]O,O-dimethyl ester phosphorodithioc acid"
433,117,0,-0.3730227626155086,iqp_zz_current_20q_idle_control,4,0,-0.30766952844638945,0.06535323416911916,Piperonyl butoxide (Ref: ENT 14250)
0,119,0,-0.45858054278597266,iqp_zz_current_20q_idle_control,4,0,-0.3932273086168535,0.06535323416911916,Metsulfuron-methyl (Ref: DPX T6376)
9,123,1,0.6889098991523739,iqp_zz_current_20q_idle_control,4,1,0.7542631333214931,0.06535323416911916,"Phosphorodithioic acid S-[[(1,1-dimethylethyl)thio]O,O-diethylmethyl]ester"
170,131,1,-0.2616927931043141,iqp_zz_current_20q_idle_control,4,0,-0.19633955893519495,0.06535323416911916,"O,P'-DDT"
15,134,0,-0.9588457011699237,iqp_zz_current_20q_idle_control,4,0,-0.8934924670008045,0.06535323416911916,"N-Phenylcarbamic acid, 1-Methylethyl ester"
431,138,0,-0.6663176419197441,iqp_zz_current_20q_idle_control,4,0,-0.6009644077506249,0.06535323416911916,Flurochloridone (Ref: R 40244)
0,142,0,-0.4407162154717624,iqp_zz_current_20q_idle_control,4,0,-0.37536298130264323,0.06535323416911916,Cyclosulfamuron (Ref: BAS 710H)
9,156,1,0.6881324483946766,iqp_zz_current_20q_idle_control,4,1,0.7534856825637958,0.06535323416911916,"O,O-Diethyl S-[2-(ethylsulfanyl)ethyl] phosphorothioate"
0,157,0,-0.7305698223998024,iqp_zz_current_20q_idle_control,4,0,-0.6652165882306832,0.06535323416911916,"2-Chloro-N-[[(4-methoxy-6-methyl-1,3,5-triazin-2-yl)amino]carbonyl]benzenesulfonamide"
4,159,1,-0.7244364217017387,iqp_zz_current_20q_idle_control,4,0,-0.6590831875326195,0.06535323416911916,"3-(2,2-Dichloroethenyl)-2,2-dimethylcyclopropanecarboxylic acid, (3-Phenoxyphenyl)methyl ester"
9,169,1,0.9897215781237321,iqp_zz_current_20q_idle_control,4,1,1.0550748122928513,0.06535323416911916,Demeton-O-methyl (Ref: ENT 18862)
60,170,1,-0.3322601204692084,iqp_zz_current_20q_idle_control,4,0,-0.26690688630008924,0.06535323416911916,"1,1'-(2,2-Dichloroethylidene)bis[4-ethylbenzene"
54,178,0,-1.0887494615635962,iqp_zz_current_20q_idle_control,4,0,-1.023396227394477,0.06535323416911916,"N-(3-Chlorophenyl)carbamic acid, 1-Methylethyl ester"
9,181,1,0.684691454236206,iqp_zz_current_20q_idle_control,4,1,0.7500446884053252,0.06535323416911916,Demeton (Ref: ENT 17295)
422,183,0,-0.3578888853650248,iqp_zz_current_20q_idle_control,4,0,-0.29253565119590563,0.06535323416911916,"2,2-Dichloropropanoic acid"
4,184,1,-0.8084749784118341,iqp_zz_current_20q_idle_control,4,0,-0.7431217442427149,0.06535323416911916,Beta-cypermethrin (Ref: OMS 3068)
9,187,1,0.7050401587877162,iqp_zz_current_20q_idle_control,4,1,0.7703933929568354,0.06535323416911916,"Phosphorodithioic acid, O,O-Diethyl-S-[2-(ethylthio)ethyl] ester"
9,193,1,0.9658936713323913,iqp_zz_current_20q_idle_control,4,1,1.0312469055015105,0.06535323416911916,"S-[2-(Ethylthio)ethyl]O,O-dimethyl ester phosphorothioic acid"
53,198,0,-0.8671318892488409,iqp_zz_current_20q_idle_control,4,0,-0.8017786550797217,0.06535323416911916,"2,3,6-TBA (Ref: HC 1281)"
9,201,1,0.8446369082326148,iqp_zz_current_20q_idle_control,4,1,0.909990142401734,0.06535323416911916,"O,O-Diethyl S-[(ethylthio)methyl])ester, Phosphorodithioic acid"
125,206,1,-0.9506623910656014,iqp_zz_current_20q_idle_control,4,0,-0.8853091568964822,0.06535323416911916,Dichlobenil (Ref: H 133)
104,210,1,0.7764210906824833,iqp_zz_current_20q_idle_control,4,1,0.8417743248516025,0.06535323416911916,"S-[(6-Chloro-2-oxo-3(2H)-benzoxazolyl)methyl]O,O-diethyl ester phosphorodithioic acid"
9,221,1,0.8649379655567504,iqp_zz_current_20q_idle_control,4,1,0.9302911997258696,0.06535323416911916,Carbofenthion
416,236,1,-0.6281357823327917,iqp_zz_current_20q_idle_control,4,0,-0.5627825481636725,0.06535323416911916,1-methylcyclopropene
35,258,0,-0.5292285184149239,iqp_zz_current_20q_idle_control,4,0,-0.4638752842458047,0.06535323416911916,Chloramben (Ref: ACP M-629)
102,277,1,-0.8692715632854351,iqp_zz_current_20q_idle_control,4,0,-0.8039183291163159,0.06535323416911916,Pebulate (Ref: R 2061)
122,294,0,-0.5258483756956408,iqp_zz_current_20q_idle_control,4,0,-0.4604951415265216,0.06535323416911916,Fuberidazole
24,304,1,-0.978340833281094,iqp_zz_current_20q_idle_control,4,0,-0.9129875991119748,0.06535323416911916,Terbutryn (Ref: GS 14260)
401,310,0,-0.7303306113715091,iqp_zz_current_20q_idle_control,4,0,-0.6649773772023899,0.06535323416911916,"5-Chloro-3-(1,1-dimethylethyl)-6-methyl-2,4(1H,3H)-pyrimidinedione"
400,311,1,-0.595569357449309,iqp_zz_current_20q_idle_control,4,0,-0.5302161232801897,0.06535323416911916,Chlorophacinone (Ref: LM 91)
15,322,0,-0.3702126465943721,iqp_zz_current_20q_idle_control,4,0,-0.30485941242525294,0.06535323416911916,Thiophanate
15,335,0,-0.8555468823341198,iqp_zz_current_20q_idle_control,4,0,-0.7901936481650006,0.06535323416911916,"N-[3-[[(Phenylamino)carbonyl]oxy]phenyl]carbamic acid, Ethyl ester"
15,337,0,-0.874391719626371,iqp_zz_current_20q_idle_control,4,0,-0.8090384854572518,0.06535323416911916,Carbetamide (Ref: RP 11561)
15,355,0,-0.7411026197973221,iqp_zz_current_20q_idle_control,4,0,-0.6757493856282029,0.06535323416911916,Proximpham
389,358,0,-0.37340473293477133,iqp_zz_current_20q_idle_control,4,0,-0.3080514987656522,0.06535323416911916,Dodemorph
161,371,0,-0.8435815683588612,iqp_zz_current_20q_idle_control,4,0,-0.778228334189742,0.06535323416911916,Norflurazon (Ref: H 52143)
24,379,0,-0.8501743955933411,iqp_zz_current_20q_idle_control,4,0,-0.7848211614242219,0.06535323416911916,Terbumeton (Ref: GS 14259)
384,382,0,-0.9504848376832299,iqp_zz_current_20q_idle_control,4,0,-0.8851316035141107,0.06535323416911916,Multistriatin
69,384,0,-0.741987787417358,iqp_zz_current_20q_idle_control,4,0,-0.6766345532482388,0.06535323416911916,Tembotrione (Ref: AE 0172747)
4,386,1,-0.7629042721073322,iqp_zz_current_20q_idle_control,4,0,-0.697551037938213,0.06535323416911916,Fenpropathrin (Ref: OMS 1999)
4,392,1,-0.7016013376102779,iqp_zz_current_20q_idle_control,4,0,-0.6362481034411587,0.06535323416911916,"2,2-Dimethyl-3-(1,1,2,2-tetrabromoethyl)cyclopropanecarboxylic acid cyano(3-phenoxyphenyl)methyl ester"
0,393,0,-0.6707944456111529,iqp_zz_current_20q_idle_control,4,0,-0.6054412114420337,0.06535323416911916,"2-[[[[(4-Chloro-6-methoxy-2-pyrimidinyl)amino]carbonyl]amino]sulfonyl]benzoic acid, Ethyl ester"
28,400,0,-0.981287112576055,iqp_zz_current_20q_idle_control,4,0,-0.9159338784069359,0.06535323416911916,2-Chloro-1-(3-ethoxy-4-nitrophenoxy)-4-(trifluoromethyl)benzene
4,401,1,-0.4786370881780771,iqp_zz_current_20q_idle_control,4,0,-0.41328385400895795,0.06535323416911916,4-Chloro-alpha-(1-methylethyl)benzeneacetic acid cyano(3-phenoxyphenyl)methyl ester
35,404,0,-0.520279522645227,iqp_zz_current_20q_idle_control,4,0,-0.45492628847610783,0.06535323416911916,"3,6-Dichloro-2-pyridinecarboxylic acid"
379,405,0,-1.0404829498375436,iqp_zz_current_20q_idle_control,4,0,-0.9751297156684244,0.06535323416911916,"3-(3,5-Dichlorophenyl)-N-(1-methylethyl)-2,4-dioxo-1-imidazolidinecarboxamide"
160,407,0,-0.6707201808696148,iqp_zz_current_20q_idle_control,4,0,-0.6053669467004956,0.06535323416911916,Nuarimol (Ref: EL 228)
4,409,1,-0.6657358388724633,iqp_zz_current_20q_idle_control,4,0,-0.6003826047033441,0.06535323416911916,"(1R,3R)-3-(2,2-Dibromoethenyl)-2,2-dimethylcyclopropanecarboxylic acid (S)cyano(3-phenoxyphenyl)methyl ester"
50,423,0,-0.7445945338580153,iqp_zz_current_20q_idle_control,4,0,-0.6792412996888961,0.06535323416911916,Triflumuron (Ref: OMS 2015)
4,430,1,-0.4953249668286464,iqp_zz_current_20q_idle_control,4,0,-0.42997173265952726,0.06535323416911916,Flucythrinate (Ref: OMS 2007)
97,434,1,1.182506110372606,iqp_zz_current_20q_idle_control,4,1,1.2478593445417252,0.06535323416911916,Etrimfos
4,446,1,-0.6271978568497263,iqp_zz_current_20q_idle_control,4,0,-0.5618446226806071,0.06535323416911916,Cyphenothrin (Ref: S 2703)
104,454,1,0.6128051048488657,iqp_zz_current_20q_idle_control,4,1,0.678158339017985,0.06535323416911916,Azamethiphos (Ref: GCA 18809)
93,455,1,-0.21645455505780337,iqp_zz_current_20q_idle_control,4,0,-0.15110132088868422,0.06535323416911916,2-[(Aminomethoxyphosphinothioyl)oxy]benzoic acid 1-methylethyl ester
15,462,0,-0.838772460522853,iqp_zz_current_20q_idle_control,4,0,-0.7734192263537338,0.06535323416911916,Fenoxycarb (Ref: OMS 3010)
4,464,1,-0.44722850107876727,iqp_zz_current_20q_idle_control,4,0,-0.3818752669096481,0.06535323416911916,Bifenthrin (Ref: FMC 54800)
4,465,1,-0.4024810865490131,iqp_zz_current_20q_idle_control,4,0,-0.33712785237989396,0.06535323416911916,"3-[2-Chloro-2-(4-chlorophenyl)ethenyl]-2,2-dimethylcyclopropanecarboxylic acid cyano(4-fluoro-3-phenoxyphenyl)methyl ester"
0,466,0,-0.5590209623595114,iqp_zz_current_20q_idle_control,4,0,-0.4936677281903922,0.06535323416911916,"2-[[[[(4,6-Dimethyl-2-pyrimidinyl)amino]carbonyl]amino]sulfonyl]benzoic acid, Methyl ester"
0,470,0,-0.4244802175429106,iqp_zz_current_20q_idle_control,4,0,-0.35912698337379145,0.06535323416911916,Sulfometuron
367,480,0,-0.5996746154472433,iqp_zz_current_20q_idle_control,4,0,-0.5343213812781241,0.06535323416911916,"2-Ethoxy-2,3-dihydro-3,3-dimethyl-5-benzofuranol 5-methanesulfonate"
4,481,1,-0.7919355476880442,iqp_zz_current_20q_idle_control,4,0,-0.726582313518925,0.06535323416911916,Beta-cyfluthrin (Ref: OMS 3051)
365,484,0,-0.5560666048815309,iqp_zz_current_20q_idle_control,4,0,-0.4907133707124117,0.06535323416911916,2-[1-Methyl-2-(4-phenoxyphenoxy)ethoxy]pyridine
0,495,0,-0.29228431249127595,iqp_zz_current_20q_idle_control,4,0,-0.2269310783221568,0.06535323416911916,Metsulfuron (Ref: IN F5438)
54,498,0,-0.8590026077534193,iqp_zz_current_20q_idle_control,4,0,-0.7936493735843001,0.06535323416911916,Diethofencarb (Ref: S 1605)
15,499,0,-0.903383880739064,iqp_zz_current_20q_idle_control,4,0,-0.8380306465699447,0.06535323416911916,Mepronil (Ref: B1 2459)
28,500,0,-0.7687388601123869,iqp_zz_current_20q_idle_control,4,0,-0.7033856259432677,0.06535323416911916,"5-[2-Chloro-4-(trifluoromethyl)phenoxy]-2-nitrobenzoic acid, 2-Ethoxy-1-methyl-2-oxoethyl ester"
72,501,0,-1.1299257608724285,iqp_zz_current_20q_idle_control,4,0,-1.0645725267033093,0.06535323416911916,Uniconazole (Ref: XE 1019)
93,503,1,-0.10493961944555387,iqp_zz_current_20q_idle_control,4,0,-0.03958638527643471,0.06535323416911916,Isofenphos-methyl
0,506,0,-0.6737083107060271,iqp_zz_current_20q_idle_control,4,0,-0.6083550765369079,0.06535323416911916,"2-(2-Chloroethoxy)-N-[[(4-methoxy-6-methyl-1,3,5-triazin-2-yl)amino]carbonyl]benzenesulfonamide"
0,517,0,-0.3664097638316272,iqp_zz_current_20q_idle_control,4,0,-0.30105652966250807,0.06535323416911916,Pyrazosulfuron-ethyl (Ref: NC 311)
53,519,0,-0.7835160251472925,iqp_zz_current_20q_idle_control,4,0,-0.7181627909781733,0.06535323416911916,Quinmerac (Ref: BAS 518H)
53,520,0,-0.8514565214839392,iqp_zz_current_20q_idle_control,4,0,-0.78610328731482,0.06535323416911916,"3,7-Dichloro-8-quinolinecarboxylic acidZ"
0,524,0,-0.5160451862594442,iqp_zz_current_20q_idle_control,4,0,-0.450691952090325,0.06535323416911916,Bensulfuron-methyl (Ref: DPX F5384)
15,525,0,-0.8761951763748597,iqp_zz_current_20q_idle_control,4,0,-0.8108419422057405,0.06535323416911916,Flutolanil (Ref: NNF 136)
0,527,0,-0.31766954366558126,iqp_zz_current_20q_idle_control,4,0,-0.2523163094964621,0.06535323416911916,Bensulfuron (Ref: IN R9419)
359,528,0,-0.936830092629101,iqp_zz_current_20q_idle_control,4,0,-0.8714768584599818,0.06535323416911916,Diclomezine (Ref: F-850)
0,529,0,-0.46000467006203943,iqp_zz_current_20q_idle_control,4,0,-0.3946514358929203,0.06535323416911916,"2-[[[[[4,6-Bis(difluoromethoxy)-2-pyrimidinyl]amino]carbonyl]amino]sulfonyl]benzoic acid, Methyl ester"
35,542,1,-0.5698799140906993,iqp_zz_current_20q_idle_control,4,0,-0.5045266799215801,0.06535323416911916,Aminopyralid (Ref: XDE 750)
0,543,0,-0.5129211239565322,iqp_zz_current_20q_idle_control,4,0,-0.447567889787413,0.06535323416911916,"N-[[4,6-Dimethoxy-2-pyrimidinyl)amino]carbonyl]-3-(trifluoromethyl)-2-pyridinesulfonamide"
136,545,1,-1.1048055790565061,iqp_zz_current_20q_idle_control,4,0,-1.039452344887387,0.06535323416911916,Tebufenpyrad (Ref: AC 801757)
0,553,0,-0.32249759691715735,iqp_zz_current_20q_idle_control,4,0,-0.2571443627480382,0.06535323416911916,Chlorimuron
351,559,0,-1.0836336372735886,iqp_zz_current_20q_idle_control,4,0,-1.0182804031044694,0.06535323416911916,Flamprop-M-isopropyl (Ref: WL 43425)
0,560,0,-0.34300289012476914,iqp_zz_current_20q_idle_control,4,0,-0.27764965595565,0.06535323416911916,Cinosulfuron (Ref: CGA 142464)
0,568,0,-0.3000688689146267,iqp_zz_current_20q_idle_control,4,0,-0.23471563474550752,0.06535323416911916,"N-[[(4,6-Dimethoxy-2-pyrimidinyl)amino]carbonyl]-2-(ethylsulfonyl)imidazo[1,2-a]pyridine-3-sulfonamide"
0,570,1,-0.45998491070676545,iqp_zz_current_20q_idle_control,4,0,-0.3946316765376463,0.06535323416911916,Thifensulfuron (Ref: IN L9225)
0,572,1,-0.41162014581133677,iqp_zz_current_20q_idle_control,4,0,-0.3462669116422176,0.06535323416911916,Nicosulfuron (Ref: DPX V9360)
44,577,0,-1.201964758672073,iqp_zz_current_20q_idle_control,4,0,-1.1366115245029538,0.06535323416911916,(alphaE)-alpha-(Methoxyimino)-2-[[[(E)-[1-[3-(trifluoromethyl)phenyl]ethylidene]amino]oxy]methyl]benzeneacteic acid methyl ester
347,581,0,-1.1925919178472828,iqp_zz_current_20q_idle_control,4,0,-1.1272386836781636,0.06535323416911916,"N-(4-Fluorophenyl)-N-(1-methylethyl)-2-[[5-(trifluoromethyl)-1,3,4-thiadiazol-2-yl]oxy]acetamide"
44,582,0,-0.8893078468307724,iqp_zz_current_20q_idle_control,4,0,-0.8239546126616532,0.06535323416911916,(alphaE)-alpha-(Methoxyimino)-2-[(2-methylphenoxy)methyl]benzeneacetic acid methyl ester
69,583,0,-0.8501244591817488,iqp_zz_current_20q_idle_control,4,0,-0.7847712250126296,0.06535323416911916,Sulcotrione (Ref: SC 0051)
344,588,0,-0.755875507780121,iqp_zz_current_20q_idle_control,4,0,-0.6905222736110018,0.06535323416911916,Fenchlorazole (Ref: HOE 072829)
0,592,1,-0.2986587987330128,iqp_zz_current_20q_idle_control,4,0,-0.23330556456389367,0.06535323416911916,Ethametsulfuron-methyl (Ref: DPX-A7881)
35,595,0,-0.7590131710856963,iqp_zz_current_20q_idle_control,4,0,-0.6936599369165771,0.06535323416911916,Aminocyclopyrachlor (Ref: DPX-MAT28)
151,600,0,-1.1418197049225576,iqp_zz_current_20q_idle_control,4,0,-1.0764664707534384,0.06535323416911916,Tebutam (Ref: GPC-5544)
338,602,0,-0.7455056819301551,iqp_zz_current_20q_idle_control,4,0,-0.6801524477610359,0.06535323416911916,Cymiazol (Ref: CGA 50439)
0,604,0,-0.23868526629982595,iqp_zz_current_20q_idle_control,4,0,-0.17333203213070678,0.06535323416911916,"N-[[(4,6-Dimethoxy-2-pyrimidinyl)amino]carbonyl]-3-(ethylsulfonyl)-2-pyridine sulfonamide"
0,605,0,-0.3960162311514099,iqp_zz_current_20q_idle_control,4,0,-0.33066299698229074,0.06535323416911916,"2-[[[[[(4,6-Dimethoxy-2-pyrimidinyl)amino]carbonyl]amino]sulfonyl]amino]-N,N-dimethylbenzamide"
0,607,1,-0.2971094219065427,iqp_zz_current_20q_idle_control,4,0,-0.23175618773742354,0.06535323416911916,Tribenuron (Ref: IN R9803)
0,608,0,-0.25825060648029446,iqp_zz_current_20q_idle_control,4,0,-0.1928973723111753,0.06535323416911916,Amidosulfuron
0,610,0,-0.5046212856515663,iqp_zz_current_20q_idle_control,4,0,-0.4392680514824471,0.06535323416911916,"2-Chloro-N-[[(4,6-dimethoxy-2-pyrimidinyl)amino]carbonyl]imidazo[1,2-a]pyridine-3-sulfonamide"
0,611,0,-0.36335500706956014,iqp_zz_current_20q_idle_control,4,0,-0.298001772900441,0.06535323416911916,Triflusulfuron
85,613,0,-0.6192981759373409,iqp_zz_current_20q_idle_control,4,0,-0.5539449417682217,0.06535323416911916,(alphaE)-2-[[6-(2-Cyanophenoxy)-4-pyrimidinyl]oxy]-alpha-(methoxymethylene)benzeneacetic acid methyl ester
0,615,0,-0.34740684880608186,iqp_zz_current_20q_idle_control,4,0,-0.2820536146369627,0.06535323416911916,"2-[[[[[4-Ethoxy-6-(methylamino)-1,3,5-triazin-2-yl]amino]carbonyl]amino]sulfonyl]benzoic acid"
335,627,0,-0.8171991574325734,iqp_zz_current_20q_idle_control,4,0,-0.7518459232634542,0.06535323416911916,Diofenolan (Ref: CGA 059205)
0,633,0,-0.6257589063888416,iqp_zz_current_20q_idle_control,4,0,-0.5604056722197224,0.06535323416911916,"N-[[(4-Methoxy-6-methyl-1,3,5-triazin-2-yl)amino]carbonyl]-2-(3,3,3-trifluoropropyl)benzenesulfonamide"
0,646,0,-0.2650656010120377,iqp_zz_current_20q_idle_control,4,0,-0.19971236684291854,0.06535323416911916,Mesosulfuron-methyl (Ref: AE F130060)
0,647,0,-0.33507796614783153,iqp_zz_current_20q_idle_control,4,0,-0.2697247319787124,0.06535323416911916,Flupyrsulfuron
329,648,0,-0.6182589975493904,iqp_zz_current_20q_idle_control,4,0,-0.5529057633802712,0.06535323416911916,4-Chloro-N-[2-[3-methoxy-4-(2-propynyloxy)phenyl]ethyl]-alpha-(2-propynyloxy)benzeneacetamide
4,657,1,-0.5147965746742156,iqp_zz_current_20q_idle_control,4,0,-0.4494433405050964,0.06535323416911916,Acrinathrin (Ref: RU 38702)
0,662,0,-0.3173764628327884,iqp_zz_current_20q_idle_control,4,0,-0.2520232286636693,0.06535323416911916,Foramsulfuron (Ref: AE F130360)
69,665,1,-0.5290223343111667,iqp_zz_current_20q_idle_control,4,0,-0.46366910014204754,0.06535323416911916,Mesotrione (Ref: ZA 1296)
44,666,0,-0.899545537234309,iqp_zz_current_20q_idle_control,4,0,-0.8341923030651898,0.06535323416911916,Metominostrobin (Ref: SSF 126)
0,667,0,-0.3092607949201582,iqp_zz_current_20q_idle_control,4,0,-0.243907560751039,0.06535323416911916,Primisulfuron
321,671,1,-0.6302218924663708,iqp_zz_current_20q_idle_control,4,0,-0.5648686582972516,0.06535323416911916,"3-[(2-Chloro-5-thiazolyl)methyl]tetrahydro-5-methyl-N-nitro-4H-1,3,5-oxadiazin-4-imine"
4,674,0,-0.4123319287602158,iqp_zz_current_20q_idle_control,4,0,-0.34697869459109665,0.06535323416911916,Tau-fluvalinate (Ref: SAN 527l)
142,683,0,-0.2445846022165743,iqp_zz_current_20q_idle_control,4,0,-0.17923136804745513,0.06535323416911916,Pyribenzoxim (Ref: LGC 40863 )
142,691,0,-0.7412411824499889,iqp_zz_current_20q_idle_control,4,0,-0.6758879482808697,0.06535323416911916,Pyriminobac-methyl (Ref: KIH-6127)
0,692,0,-0.36517910360927675,iqp_zz_current_20q_idle_control,4,0,-0.2998258694401576,0.06535323416911916,Pyrazosulfuron
0,693,0,-0.5071838988258187,iqp_zz_current_20q_idle_control,4,0,-0.4418306646566995,0.06535323416911916,Ethoxysulfuron (Ref: AE F095404)
0,699,0,-0.2760974970831238,iqp_zz_current_20q_idle_control,4,0,-0.21074426291400467,0.06535323416911916,Azimsulfuron
0,701,1,-0.27485024117410783,iqp_zz_current_20q_idle_control,4,0,-0.20949700700498866,0.06535323416911916,Mesosulfuron (Ref: AE F154851)
313,704,0,-0.9022583990567145,iqp_zz_current_20q_idle_control,4,0,-0.8369051648875953,0.06535323416911916,Mefenpyr diethyl (Ref: HOE 107892)
0,706,0,-0.6009661663150969,iqp_zz_current_20q_idle_control,4,0,-0.5356129321459777,0.06535323416911916,Oxasulfuron (Ref: CGA 277476 )
4,715,1,-0.6262989077613464,iqp_zz_current_20q_idle_control,4,0,-0.5609456735922272,0.06535323416911916,Sumithrin 
0,729,0,-0.5492367677814333,iqp_zz_current_20q_idle_control,4,0,-0.48388353361231407,0.06535323416911916,Trifloxysulfuron (Ref: CGA 292230)
60,731,0,-0.9235557803916512,iqp_zz_current_20q_idle_control,4,0,-0.858202546222532,0.06535323416911916,"1,1'-(2-Nitrobutylidene)bis(4-chlorobenzene), Mixt. with 1,1'-(2-Nitropropylidene)bis(4-chlorobenzene)"
132,735,0,-0.8530604371562225,iqp_zz_current_20q_idle_control,4,0,-0.7877072029871033,0.06535323416911916,"(3-Bromo-6-methoxy-2-methylphenyl)(2,3,4-trimethoxy-6-methylphenyl)methanone"
85,737,1,-0.9952693114118955,iqp_zz_current_20q_idle_control,4,0,-0.9299160772427763,0.06535323416911916,Fluacrypyrim
136,738,1,-0.6461576602930951,iqp_zz_current_20q_idle_control,4,0,-0.5808044261239759,0.06535323416911916,4-Chloro-3-ethyl-1-methyl-N-[[4-(4-methylphenoxy)phenyl]methyl]-1H-pyrazole-5-carboxamide
44,740,0,-0.9903036983749199,iqp_zz_current_20q_idle_control,4,0,-0.9249504642058007,0.06535323416911916,Dimoxystrobin (Ref: BAS 505F)
305,742,0,-0.701099193296732,iqp_zz_current_20q_idle_control,4,0,-0.6357459591276128,0.06535323416911916,Sintofen (Ref: SC 2053)
0,745,0,-0.426909745236402,iqp_zz_current_20q_idle_control,4,0,-0.36155651106728287,0.06535323416911916,Tritosulfuron
85,753,0,-1.1249177761342202,iqp_zz_current_20q_idle_control,4,0,-1.059564541965101,0.06535323416911916,(alphaE)-alpha-(Methoxymethylene)-2-[[[6-(trifluoromethyl)-2-pyridinyl]oxy]methyl]benzeneacetic acid methyl ester
44,761,0,-0.5091785364198632,iqp_zz_current_20q_idle_control,4,0,-0.443825302250744,0.06535323416911916,Orysastrobin
298,776,0,-0.6854937498008671,iqp_zz_current_20q_idle_control,4,0,-0.6201405156317479,0.06535323416911916,Trifludimoxazin
0,794,0,-0.3249024342200056,iqp_zz_current_20q_idle_control,4,0,-0.25954920005088644,0.06535323416911916,Iodosulfuron
35,796,0,-0.6425529909259368,iqp_zz_current_20q_idle_control,4,0,-0.5771997567568176,0.06535323416911916,Picloram-dimethylammonium
132,800,0,-0.9863711842093625,iqp_zz_current_20q_idle_control,4,0,-0.9210179500402433,0.06535323416911916,"(5-Chloro-2-methoxy-4-methylpyridin-3-yl)(2,3,4-trimethoxy-6-methylphenyl)methanone"
289,803,0,-0.8309410568155899,iqp_zz_current_20q_idle_control,4,0,-0.7655878226464707,0.06535323416911916,N-[(2-Chlorophenyl)methyl]-N'-(1-methyl-1-phenylethyl)urea
283,818,0,-0.8893543961913907,iqp_zz_current_20q_idle_control,4,0,-0.8240011620222715,0.06535323416911916,Flupyrimin
35,822,0,-0.6941162434514289,iqp_zz_current_20q_idle_control,4,0,-0.6287630092823097,0.06535323416911916,Halauxifen (Ref: X11393729)
82,839,0,-0.6667552710256738,iqp_zz_current_20q_idle_control,4,0,-0.6014020368565546,0.06535323416911916,Eugenol
276,844,0,-0.38572856042857995,iqp_zz_current_20q_idle_control,4,0,-0.3203753262594608,0.06535323416911916,Trichloronitromethane
270,855,0,-0.4299839776519839,iqp_zz_current_20q_idle_control,4,0,-0.3646307434828647,0.06535323416911916,Dibromochloropropane (Ref: OS1897)
263,865,0,-0.5853492552519804,iqp_zz_current_20q_idle_control,4,0,-0.5199960210828612,0.06535323416911916,Dicyclopentadiene
60,867,0,-0.3109202186303751,iqp_zz_current_20q_idle_control,4,0,-0.24556698446125594,0.06535323416911916,"1,1'-(2,2-Dichloroethylidene)bis[4-chlorobenzene]"
256,885,0,-0.41674337107481857,iqp_zz_current_20q_idle_control,4,0,-0.3513901369056994,0.06535323416911916,Karanjin
254,888,1,-0.7547027733554474,iqp_zz_current_20q_idle_control,4,0,-0.6893495391863282,0.06535323416911916,"1,3-dichloropropene (Ref: D D92)"
125,891,0,-0.9066693937683014,iqp_zz_current_20q_idle_control,4,0,-0.8413161595991822,0.06535323416911916,"2,4,5,6-Tetrachloro-1,3-benzenedicarbonitrile"
122,902,1,-0.460176787106393,iqp_zz_current_20q_idle_control,4,0,-0.39482355293727384,0.06535323416911916,2-(4-Thiazolyl)-1H-benzimidazole
246,907,0,-0.9089102872054934,iqp_zz_current_20q_idle_control,4,0,-0.8435570530363742,0.06535323416911916,"5-Bromo-6-methyl-3-(1-methylpropyl)-2,4(1H,3H)-pyrimidinedione"
242,918,0,-0.6005007022941256,iqp_zz_current_20q_idle_control,4,0,-0.5351474681250064,0.06535323416911916,Oxolinic acid
234,931,0,-1.1244814329759665,iqp_zz_current_20q_idle_control,4,0,-1.0591281988068473,0.06535323416911916,Propyzamide (Ref: RH 315)
224,949,0,-0.530209653622695,iqp_zz_current_20q_idle_control,4,0,-0.4648564194535758,0.06535323416911916,Difenzoquat metilsulfate (Ref: AC 84777)
4,954,1,-0.16928542280170866,iqp_zz_current_20q_idle_control,4,0,-0.10393218863258949,0.06535323416911916,"(1R,3R)-rel-3-[(1Z)-2-Chloro-3,3,3-trifluoro-1-propen-1-yl]-2,2-dimethylcyclopropanecarboxylic acid (2,3,5,6-tetrafluoro-4-methylphenyl)methyl ester"
214,968,1,-0.4624185262953985,iqp_zz_current_20q_idle_control,4,0,-0.39706529212627933,0.06535323416911916,Diafenthiuron (Ref: CGA 106630)
207,980,0,-1.099501747659088,iqp_zz_current_20q_idle_control,4,0,-1.0341485134899688,0.06535323416911916,"2-[2-(1-Chlorocyclopropyl)-3-(2-chlorophenyl)-2-hydroxypropyl]-1,2-dihydro-3H-1,2,4-triazole-3-thione"
206,981,0,-0.7466559955415668,iqp_zz_current_20q_idle_control,4,0,-0.6813027613724476,0.06535323416911916,Furilazole (Ref: MON 13900)
204,984,1,-0.8943892540833829,iqp_zz_current_20q_idle_control,4,0,-0.8290360199142637,0.06535323416911916,"8-(1,1-Dimethylethyl)-N-ethyl-N-propyl-1,4-dioxaspiro[4.5]decane-2-methanamine"
0,991,0,-0.3481034609603291,iqp_zz_current_20q_idle_control,4,0,-0.28275022679121,0.06535323416911916,"3-Chloro-5-[[[[(4,6-dimethoxy-2-pyrimidinyl)amino]carbonyl]amino]sulfonyl]-1-methyl-1H-pyrazole-4-carboxylic acid, Methyl ester"
69,993,0,-0.7039923450891256,iqp_zz_current_20q_idle_control,4,0,-0.6386391109200064,0.06535323416911916,3-[2-Chloro-4-(methanesulfonyl)benzoyl]-4-(phenylsulfanyl)bicyclo[3.2.1]oct-3-en-2-one
112,995,0,-0.7864098525509832,iqp_zz_current_20q_idle_control,4,0,-0.721056618381864,0.06535323416911916,Benthiavalicarb
190,1016,1,-0.9292752761864582,iqp_zz_current_20q_idle_control,4,0,-0.863922042017339,0.06535323416911916,N-[Methyloxido[1-[6-(trifluoromethyl)-3-pyridinyl]ethyl]-lambda4-sulfanylidene]cyanamide
4,1024,1,-0.4044611182255167,iqp_zz_current_20q_idle_control,4,0,-0.3391078840563976,0.06535323416911916,Brofluthrinate (Ref: ZXI 8901)
181,1031,0,-0.3805697880062208,iqp_zz_current_20q_idle_control,4,0,-0.3152165538371017,0.06535323416911916,"Cyclopropanecarboxylic acid, [(3S,4R,4aR,6S,6aS,12R,12aS,12bS)-3-[(Cyclopropylcarbonyl)oxy]-1,3,4,4a,5,6,6a,12,12a,12b-decahydro-6,12-dihydroxy-4,6a,12b-trimethyl-11-oxo-9-(3-pyridinyl)-2H,11H-naphtho[2,1-b]pyrano[3,4-e]pyran-4-yl]methyl ester"
179,1033,0,-0.8894849011537408,iqp_zz_current_20q_idle_control,4,0,-0.8241316669846216,0.06535323416911916,Fluindapyr (Ref: IR9792)
31,5,1,1.208913353385299,iqp_zz_current_20q_idle_control,5,1,1.277316864623725,0.06840351123842597,"S-[(1,3-Dihydro-1,3-dioxo-2H-isoindol-2-yl)methyl]O,O-dimethyl ester, Phosphorodithioic acid"
61,6,0,-1.0302900290775783,iqp_zz_current_20q_idle_control,5,0,-0.9618865178391522,0.06840351123842597,"(2E)-3,7-Dimethyl-2,6-octadien-1-ol"
458,15,1,0.8733750825301223,iqp_zz_current_20q_idle_control,5,1,0.9417785937685483,0.06840351123842597,"Phosphoric acid 2,2-dichloroethenyl dimethyl ester"
11,23,0,-0.16511446436911353,iqp_zz_current_20q_idle_control,5,0,-0.09671095313068756,0.06840351123842597,Hexadecanoic acid
11,26,0,-0.8552291539051085,iqp_zz_current_20q_idle_control,5,0,-0.7868256426666824,0.06840351123842597,N-Dodecylguanidine acetate (1:1)
451,41,0,-1.215834791586309,iqp_zz_current_20q_idle_control,5,0,-1.147431280347883,0.06840351123842597,8-hydroxyquinoline
18,46,0,1.1041354685086702,iqp_zz_current_20q_idle_control,5,1,1.1725389797470962,0.06840351123842597,Parathion-methyl (Ref: OMS 213)
11,49,0,-1.1306660479696986,iqp_zz_current_20q_idle_control,5,0,-1.0622625367312726,0.06840351123842597,Caprylic acid
448,52,0,-1.243196340100504,iqp_zz_current_20q_idle_control,5,0,-1.174792828862078,0.06840351123842597,2-Furancarboxaldehyde
61,57,0,-1.0262933467410176,iqp_zz_current_20q_idle_control,5,0,-0.9578898355025915,0.06840351123842597,Linalool
11,58,0,-1.066144670806884,iqp_zz_current_20q_idle_control,5,0,-0.997741159568458,0.06840351123842597,Nonanoic acid
11,59,0,-0.4399544723330108,iqp_zz_current_20q_idle_control,5,0,-0.37155096109458485,0.06840351123842597,Myristyl alcohol
11,76,0,1.0282284704189069,iqp_zz_current_20q_idle_control,5,1,1.0966319816573329,0.06840351123842597,Pentacosane
175,79,1,-0.32759559331744653,iqp_zz_current_20q_idle_control,5,0,-0.25919208207902056,0.06840351123842597,Methoxychlor (Ref: OMS 466)
17,85,1,0.9552247897357455,iqp_zz_current_20q_idle_control,5,1,1.0236283009741716,0.06840351123842597,"Phosphorothioic acid O,O-diethyl O-2-quinoxalinyl ester  "
18,96,1,1.1823392993515383,iqp_zz_current_20q_idle_control,5,1,1.2507428105899643,0.06840351123842597,"Phosphorothioic acid, O,O-Dimethyl O-(2,4,5-trichlorophenyl)ester"
438,98,0,-0.9798806217675224,iqp_zz_current_20q_idle_control,5,0,-0.9114771105290964,0.06840351123842597,Verbenone
31,100,1,0.9768125040513278,iqp_zz_current_20q_idle_control,5,1,1.0452160152897538,0.06840351123842597,"O,O-Dimethyl S-[2-(methylamino)-2-oxoethyl]phosphorodithioic acid ester"
437,105,1,-0.46378767903949364,iqp_zz_current_20q_idle_control,5,0,-0.39538416780106767,0.06840351123842597,Rotenone (Ref: ENT 133)
18,106,1,1.139066871189393,iqp_zz_current_20q_idle_control,5,1,1.207470382427819,0.06840351123842597,"Phosphorothioic acid, O,O-Diethyl-O-(4-nitrophenyl)ester"
106,111,0,-0.5618592143752172,iqp_zz_current_20q_idle_control,5,0,-0.4934557031367912,0.06840351123842597,"1,2,3,4,5-Pentachloro-6-nitrobenzene"
434,116,0,0.25312283385177464,iqp_zz_current_20q_idle_control,5,1,0.3215263450902006,0.06840351123842597,Streptomycin sulphate
171,130,0,-0.6738774248864663,iqp_zz_current_20q_idle_control,5,0,-0.6054739136480403,0.06840351123842597,"1-[2-(2,4-Dichlorophenyl)-3-(1,1,2,2-tetrafluoroethoxy)propyl]-1H-1,2,4-triazole"
18,132,1,1.1654767244219504,iqp_zz_current_20q_idle_control,5,1,1.2338802356603764,0.06840351123842597,"Phosphorothioic acid O,O-dimethyl O-(3-methyl-4-nitrophenyl)ester"
106,141,0,-1.1494772702611873,iqp_zz_current_20q_idle_control,5,0,-1.0810737590227613,0.06840351123842597,"2,6-Dichloro-4-nitrobenzenamine"
106,149,0,-0.8121813957230577,iqp_zz_current_20q_idle_control,5,0,-0.7437778844846317,0.06840351123842597,Tecnazene
55,150,1,0.9771342156788221,iqp_zz_current_20q_idle_control,5,1,1.0455377269172481,0.06840351123842597,"Phosphoric acid, Dimethyl 4-nitrophenyl ester"
429,152,0,-0.8723084804205117,iqp_zz_current_20q_idle_control,5,0,-0.8039049691820856,0.06840351123842597,Oxytetracycline
427,161,0,-0.2964151828671639,iqp_zz_current_20q_idle_control,5,0,-0.22801167162873792,0.06840351123842597,"N,N-Bis(1-methylethyl)carbamothioic acid, S-(2,3,3-trichloro-2-propen-1-yl) ester"
18,163,1,2.423124089122523,iqp_zz_current_20q_idle_control,5,1,2.491527600360949,0.06840351123842597,"O,O'-(Thiodi-4,1-phenylene) O,O,O',O'-tetramethyl ester phosphorothioic acid"
17,165,1,1.1657965124810228,iqp_zz_current_20q_idle_control,5,1,1.2342000237194488,0.06840351123842597,"O,O-Diethyl O-[6-methyl-2-(1-methylethyl)-4-pyrimidinyl] ester phosphorothioic acid"
18,167,1,1.1388460332595565,iqp_zz_current_20q_idle_control,5,1,1.2072495444979825,0.06840351123842597,Chlorthion (Ref: BAY 22/190 )
423,172,0,1.1883858495568,iqp_zz_current_20q_idle_control,5,1,1.256789360795226,0.06840351123842597,"Thiodiphosphoric acid, Tetrapropyl ester"
11,179,0,-0.22382371379109361,iqp_zz_current_20q_idle_control,5,0,-0.15542020255266764,0.06840351123842597,Myristyl acetate
31,182,1,0.9201680533262881,iqp_zz_current_20q_idle_control,5,1,0.9885715645647142,0.06840351123842597,"O,O-Dimethyl S-[(4-oxo-1,2,3-benzotriazin-3(4H)-yl)methyl] ester, Phosphorodithioic acid"
18,186,1,1.207411489522564,iqp_zz_current_20q_idle_control,5,1,1.27581500076099,0.06840351123842597,"O,O-Dimethyl O-[3-methyl-4-(methylthio)phenyl]ester phosphorothioic acid"
31,195,1,1.0818248860774362,iqp_zz_current_20q_idle_control,5,1,1.1502283973158622,0.06840351123842597,"Phosphorodithioic acid S-[(5-methoxy-2-oxo-1,3,4-thiadiazol-3(2H)yl)methyl] O,O-dimethyl ester"
31,208,1,1.3861052862510432,iqp_zz_current_20q_idle_control,5,1,1.4545087974894693,0.06840351123842597,Dialifos (Ref: AC 14503)
61,215,0,-0.5330301810273375,iqp_zz_current_20q_idle_control,5,0,-0.46462666978891143,0.06840351123842597,Farnesol
418,219,0,-1.2586903807103726,iqp_zz_current_20q_idle_control,5,0,-1.1902868694719466,0.06840351123842597,Chlormequat
68,223,0,-1.229604016187559,iqp_zz_current_20q_idle_control,5,0,-1.161200504949133,0.06840351123842597,6-Chloro-3-pyridinecarboxylic acid
55,225,1,-0.08748549626744778,iqp_zz_current_20q_idle_control,5,0,-0.01908198502902181,0.06840351123842597,P-Phenylphosphonothioic acid O-ethyl O-(4-nitrophenyl) ester 
417,231,0,-1.2569923590579628,iqp_zz_current_20q_idle_control,5,0,-1.1885888478195368,0.06840351123842597,Diquat
17,233,1,0.8823318052469411,iqp_zz_current_20q_idle_control,5,1,0.9507353164853671,0.06840351123842597,"Phosphorothioic acid, O,O-Diethyl O-2-pyrazinyl ester  "
410,255,0,-1.0456698579620292,iqp_zz_current_20q_idle_control,5,0,-0.9772663467236031,0.06840351123842597,Diphenamid (Ref: L 34314)
18,256,1,1.0556335403546193,iqp_zz_current_20q_idle_control,5,1,1.1240370515930453,0.06840351123842597,"O-[4[(Dimethylamino)sulfonyl]phenyl]O,O-dimethylester phosphorothioic acid"
409,259,0,-0.7144645957344904,iqp_zz_current_20q_idle_control,5,0,-0.6460610844960644,0.06840351123842597,2-Chloro-6-(trichloromethyl)pyridine
25,261,1,-1.0889351159522436,iqp_zz_current_20q_idle_control,5,0,-1.0205316047138175,0.06840351123842597,2-Methyl-2-(methylthio)propanol O-[(methylamino)carbonyl]oxime
25,273,1,-1.0043672453897936,iqp_zz_current_20q_idle_control,5,0,-0.9359637341513676,0.06840351123842597,2-(Dimethylamino)-N-[[(methylamino)carbonyl]oxy]-2-oxo-ethanimidothioic acid methyl ester
17,276,1,1.2116469312708833,iqp_zz_current_20q_idle_control,5,1,1.2800504425093093,0.06840351123842597,"Phosphorothioic acid, O,O-Diethyl O-(3,5,6-trichloro-2-pyridinyl) ester"
163,297,0,-0.9525155492040918,iqp_zz_current_20q_idle_control,5,0,-0.8841120379656657,0.06840351123842597,"5,6-Dihydro-2-methyl-N-phenyl-1,4-oxathiin-3-carboxamide"
405,298,0,-1.1477838249426244,iqp_zz_current_20q_idle_control,5,0,-1.0793803137041984,0.06840351123842597,N-1H-Benzimidazol-2-yl carbamic acid methyl ester
100,316,0,-1.0072546873723829,iqp_zz_current_20q_idle_control,5,0,-0.9388511761339569,0.06840351123842597,Aldoxycarb
163,319,0,-1.1199421613415894,iqp_zz_current_20q_idle_control,5,0,-1.0515386501031634,0.06840351123842597,Oxycarboxin (Ref: F 461)
157,326,1,-0.10903643530209023,iqp_zz_current_20q_idle_control,5,0,-0.040632924063664255,0.06840351123842597,"4-Ethoxy-7-phenyl-3,5-dioxa-6-aza-4-phosphaoct-6-ene-8-nitrile 4-sulfide"
76,330,1,-1.1530933505115013,iqp_zz_current_20q_idle_control,5,0,-1.0846898392730753,0.06840351123842597,Methabenzthiazuron (Ref: BAY 74283 )
394,334,0,-0.928442572272923,iqp_zz_current_20q_idle_control,5,0,-0.860039061034497,0.06840351123842597,Glufosinate (Ref: HOE 00661)
55,336,1,1.0031452304076256,iqp_zz_current_20q_idle_control,5,1,1.0715487416460516,0.06840351123842597,Dimethyl 4-(methylsulfanyl)phenyl phosphate
17,338,1,1.0840321658083945,iqp_zz_current_20q_idle_control,5,1,1.1524356770468205,0.06840351123842597,"2-[(Diethoxyphosphinothionyl)oxy]-5-methylpyrazolo[1,5-a]pyrimidine-6-carboxylic acid ethyl ester"
11,339,0,0.9130742052657721,iqp_zz_current_20q_idle_control,5,1,0.9814777165041981,0.06840351123842597,Muscalure
393,340,0,-1.060389870000379,iqp_zz_current_20q_idle_control,5,0,-0.9919863587619531,0.06840351123842597,"2-Fluoroethyl ([1,1'-biphenyl]-4-yl)acetate"
17,343,1,1.0793230290990825,iqp_zz_current_20q_idle_control,5,1,1.1477265403375085,0.06840351123842597,"O-[2-(Diethylamino)-6-methyl-4-pyrimidinyl]O,O-dimethyl ester, Phosphorothioic acid"
17,347,1,1.1940729940116632,iqp_zz_current_20q_idle_control,5,1,1.2624765052500893,0.06840351123842597,"Phosphorothioic acid O-[2-(diethylamino)-6-methyl-4-pyrimidinyl] O,O-diethyl ester"
100,351,1,-0.9131045379961897,iqp_zz_current_20q_idle_control,5,0,-0.8447010267577637,0.06840351123842597,2-Methyl-2-(methylsulfinyl)propanal O-[(methylamino)carbonyl]oxime
37,357,1,1.0985819718565568,iqp_zz_current_20q_idle_control,5,1,1.1669854830949828,0.06840351123842597,"O,O-Dimethyl O-(3,5,6-trichloro-2-pyridinyl) ester phosphorothioic acid"
25,364,1,-0.9471015002963903,iqp_zz_current_20q_idle_control,5,0,-0.8786979890579643,0.06840351123842597,"3,3-Dimethyl-1-(methylthio)-2-butanone O-[(methylamino)carbonyl]oxime"
17,372,1,1.1996645572063753,iqp_zz_current_20q_idle_control,5,1,1.2680680684448014,0.06840351123842597,Isoxathion (Ref: SL 6711)
386,377,0,-0.9951912101386873,iqp_zz_current_20q_idle_control,5,0,-0.9267876989002612,0.06840351123842597,Frontalin
76,381,0,-1.0766487188853688,iqp_zz_current_20q_idle_control,5,0,-1.0082452076469428,0.06840351123842597,"N-[5-(1,1-Dimethylethyl)-1,3,4-thiadiazol-2-yl]-N,N'-dimethylurea"
11,397,0,-0.9700584680536399,iqp_zz_current_20q_idle_control,5,0,-0.9016549568152139,0.06840351123842597,2-(Octylsulfanyl)ethan-1-ol
380,402,0,-1.1442829745215035,iqp_zz_current_20q_idle_control,5,0,-1.0758794632830775,0.06840351123842597,5-Methyl-3(2H)-isoxazolone
374,435,0,-1.0815323592018395,iqp_zz_current_20q_idle_control,5,0,-1.0131288479634135,0.06840351123842597,Ipsenol
25,436,1,-0.3255258475344482,iqp_zz_current_20q_idle_control,5,0,-0.2571223362960222,0.06840351123842597,"N,N'-[Thiobis[(methylimino)carbonyloxy]]bisethanimidothioic acid dimethyl ester"
18,458,0,1.1588206623817536,iqp_zz_current_20q_idle_control,5,1,1.2272241736201797,0.06840351123842597,"Phosphorothioic acid O-(2,6-dichloro-4-methylphenyl) O,O-dimethyl ester"
25,459,1,-1.083630360746308,iqp_zz_current_20q_idle_control,5,0,-1.015226849507882,0.06840351123842597,Butocarboxim (Ref: Co 755)
370,468,0,-1.1477891612050157,iqp_zz_current_20q_idle_control,5,0,-1.0793856499665897,0.06840351123842597,Aviglycine
368,479,0,-0.9537848184913327,iqp_zz_current_20q_idle_control,5,0,-0.8853813072529066,0.06840351123842597,Thiocyclam
157,486,0,-1.226318008612461,iqp_zz_current_20q_idle_control,5,0,-1.157914497374035,0.06840351123842597,Oxabetrinil (Ref: CGA 92194)
94,494,0,-0.834526036953982,iqp_zz_current_20q_idle_control,5,0,-0.766122525715556,0.06840351123842597,"[(3,5,6-Trichloro-2-pyridinyl)oxy]acetic acid, 2-Butoxyethyl ester"
71,533,0,-0.3709268879864351,iqp_zz_current_20q_idle_control,5,0,-0.3025233767480091,0.06840351123842597,Methoxyfenozide (Ref: RH 2485)
71,536,0,-0.6102196686575461,iqp_zz_current_20q_idle_control,5,0,-0.54181615741912,0.06840351123842597,Halofenozide (Ref: RH 0345)
355,549,0,-0.7007946536192717,iqp_zz_current_20q_idle_control,5,0,-0.6323911423808457,0.06840351123842597,"3,5-Dichloro-N-(3-chloro-1-ethyl-1-methyl-2-oxopropyl)-4-methylbenzamide"
352,555,1,1.1858813837769688,iqp_zz_current_20q_idle_control,5,1,1.2542848950153949,0.06840351123842597,"Phosphorothioic acid O,O-diethyl-O-(1,2,2,2-tetrachloroethyl) ester"
66,557,0,-0.34608812116098026,iqp_zz_current_20q_idle_control,5,0,-0.2776846099225543,0.06840351123842597,"2-[2-Chloro-4-fluoro-5-(1,3,4,5,6,7-hexahydro-1,3-dioxo-2H-isoindol-2-yl)phenoxy]acetic acid pentyl ester"
71,563,0,-0.32343534491937337,iqp_zz_current_20q_idle_control,5,0,-0.2550318336809474,0.06840351123842597,"1-(1,1-Dimethylethyl)-2-(4-ethylbenzoyl)hydrazide-3,5-dimethylbenzoic acid"
115,575,0,-0.3202920048535693,iqp_zz_current_20q_idle_control,5,0,-0.2518884936151433,0.06840351123842597,"2-(Difluoromethyl)-5-(4,5-dihydro-2-thiazolyl)-4-(2-methylpropyl)-6-(trifluoromethyl)-3-pyridinecarboxylic acid methyl ester"
114,579,1,-0.9041501063628792,iqp_zz_current_20q_idle_control,5,0,-0.8357465951244532,0.06840351123842597,Fenpiclonil (Ref: CGA 142705)
31,585,1,1.4288969851846391,iqp_zz_current_20q_idle_control,5,1,1.4973004964230652,0.06840351123842597,Anilofos (Ref: HOE 30374)
345,587,0,0.2792465980609549,iqp_zz_current_20q_idle_control,5,1,0.3476501092993809,0.06840351123842597,"2-(Acetyloxy)-3-dodecyl-1,4-naphthalenedione"
339,601,0,-1.3062545249924242,iqp_zz_current_20q_idle_control,5,0,-1.2378510137539982,0.06840351123842597,"4,5-Dihydro-6-methyl-4-[(E)-(3-pyridinylmethylene)amino]-1,2,4-triazin-3(2H)-one"
87,612,0,-1.087185947136174,iqp_zz_current_20q_idle_control,5,0,-1.018782435897748,0.06840351123842597,Metosulam (Ref: XDE 511)
68,620,0,-1.3461009898099614,iqp_zz_current_20q_idle_control,5,0,-1.2776974785715354,0.06840351123842597,6-chloro-3-pyridinemethanol
17,634,1,1.1664297806434385,iqp_zz_current_20q_idle_control,5,1,1.2348332918818645,0.06840351123842597,Butathiofos (Ref: Dowco 429)
68,635,1,-1.1198456897675295,iqp_zz_current_20q_idle_control,5,0,-1.0514421785291035,0.06840351123842597,Acetamiprid
146,640,0,-1.006814023882431,iqp_zz_current_20q_idle_control,5,0,-0.938410512644005,0.06840351123842597,Isoxaflutole (Ref: RPA 201772)
66,641,0,-0.9620102413037563,iqp_zz_current_20q_idle_control,5,0,-0.8936067300653303,0.06840351123842597,Flumiclorac
330,643,0,-1.1620756269825858,iqp_zz_current_20q_idle_control,5,0,-1.0936721157441598,0.06840351123842597,"4-Amino-N-(1,1-dimethylethyl)-4,5-dihydro-3-(1-methylethyl)-5-oxo-1H-1,2,4-triazole-1-carboxamide"
146,645,0,-1.3348775374701014,iqp_zz_current_20q_idle_control,5,0,-1.2664740262316754,0.06840351123842597,"(5-Hydroxy-1,3-dimethyl-1H-pyrazol-4-yl)[2-(methylsulfonyl)-4-(trifluoromethyl)phenyl]methanone"
326,656,0,-0.45578746613336135,iqp_zz_current_20q_idle_control,5,0,-0.3873839548949354,0.06840351123842597,"2,2-Dimethylpropanoic acid  8-(2,6-diethyl-4-methylphenyl)-1,2,4,5- tetrahydro-7-oxo-7H-pyrazolo[1,2-d][1,4,5]oxadiazepin-9-yl ester"
116,664,0,-1.0581104238873138,iqp_zz_current_20q_idle_control,5,0,-0.9897069126488878,0.06840351123842597,Diflovidazin (Ref: SZ1 121)
71,675,0,-0.15130837727573704,iqp_zz_current_20q_idle_control,5,0,-0.08290486603731106,0.06840351123842597,Chromafenozide (Ref: ANS 118)
317,682,0,-0.8766929171205566,iqp_zz_current_20q_idle_control,5,0,-0.8082894058821306,0.06840351123842597,Pyriftalid (Ref: CGA 279233)
143,688,0,-0.8570788884274878,iqp_zz_current_20q_idle_control,5,0,-0.7886753771890618,0.06840351123842597,2-Chloro-N-(2-ethoxyethyl)-N-(2-methyl-1-phenyl-1-propen-1-yl)acetamide
314,698,0,-0.7183724768929074,iqp_zz_current_20q_idle_control,5,0,-0.6499689656544814,0.06840351123842597,Beflubutamid (Ref: UBH 820)
45,711,0,-0.5785017914019617,iqp_zz_current_20q_idle_control,5,0,-0.5100982801635356,0.06840351123842597,Cycloxydim (Ref: BAS 517H)
25,723,0,-0.8594051141861538,iqp_zz_current_20q_idle_control,5,0,-0.7910016029477278,0.06840351123842597,"N-[[(Methylamino)carbonyl]oxy]ethanimidothioic acid, 2-Cyanoethylester"
45,725,1,-0.5163317308350435,iqp_zz_current_20q_idle_control,5,0,-0.44792821959661744,0.06840351123842597,Sethoxydim (Ref: BAS 9052H)
31,726,1,1.125689971787716,iqp_zz_current_20q_idle_control,5,1,1.194093483026142,0.06840351123842597,"S-[(5-Ethoxy-2-oxo-1,3,4-thiadiazol-3(2H)-yl)methyl] O,O-dimethyl phosphorodithioate"
45,732,0,-0.5478691089281802,iqp_zz_current_20q_idle_control,5,0,-0.47946559768975416,0.06840351123842597,Tralkoxydim (Ref: PP 604)
137,736,0,-0.09118136285360418,iqp_zz_current_20q_idle_control,5,0,-0.022777851615178202,0.06840351123842597,Imibenconazole (Ref: HF 6305)
306,741,0,-1.3889277541317893,iqp_zz_current_20q_idle_control,5,0,-1.3205242428933632,0.06840351123842597,N-(Cyanomethyl)-4-(trifluoromethyl)-3-pyridinecarboxamide
87,744,0,-1.3492297165480243,iqp_zz_current_20q_idle_control,5,0,-1.2808262053095982,0.06840351123842597,"N-(5,7-Dimethoxy[1,2,4]triazolo[1,5-a]pyrimidin-2-yl)-2-methoxy-4-(trifluoromethyl)-3-pyridinesulfonamide"
11,749,0,-0.9349806025160183,iqp_zz_current_20q_idle_control,5,0,-0.8665770912775923,0.06840351123842597,"C6-12 Fatty acids, Me esters"
45,799,0,-0.10072726705652574,iqp_zz_current_20q_idle_control,5,0,-0.032323755818099764,0.06840351123842597,Butroxydim (Ref: ICIA0500)
131,802,0,-0.8724504306263459,iqp_zz_current_20q_idle_control,5,0,-0.8040469193879198,0.06840351123842597,"2-{2-[(2,5-Dimethylphenoxy)methyl]phenyl}-2-methoxy-N-methylacetamide"
284,816,0,-0.32128910707638186,iqp_zz_current_20q_idle_control,5,0,-0.2528855958379559,0.06840351123842597,"3-(Difluoromethyl)-N-methoxy-1-methyl-N-[1-(2,4,6-trichlorophenyl)propan-2-yl]-1H-pyrazole-4-carboxamide"
278,837,0,-0.6485352984774335,iqp_zz_current_20q_idle_control,5,0,-0.5801317872390075,0.06840351123842597,Hydroquinone
11,845,0,-0.9631988320546547,iqp_zz_current_20q_idle_control,5,0,-0.8947953208162287,0.06840351123842597,1-decanol
268,857,0,-0.9321487695156265,iqp_zz_current_20q_idle_control,5,0,-0.8637452582772005,0.06840351123842597,Metaldehyde
61,858,0,-0.5333777020324602,iqp_zz_current_20q_idle_control,5,0,-0.4649741907940341,0.06840351123842597,Nerolidol
266,860,0,-0.5119421947696581,iqp_zz_current_20q_idle_control,5,0,-0.44353868353123205,0.06840351123842597,Paraffin oils
260,870,0,-1.146487467942803,iqp_zz_current_20q_idle_control,5,0,-1.078083956704377,0.06840351123842597,Lenacil (Ref: DPX B634)
249,900,0,-0.9148288003908756,iqp_zz_current_20q_idle_control,5,0,-0.8464252891524495,0.06840351123842597,Dikegulac
247,906,0,-1.155631774010392,iqp_zz_current_20q_idle_control,5,0,-1.087228262771966,0.06840351123842597,Bupirimate (Ref: PP 588)
25,915,1,-1.0245446020898514,iqp_zz_current_20q_idle_control,5,0,-0.9561410908514254,0.06840351123842597,N-[[(Methylamino)carbonyl]oxy]ethanimidothioic acid methyl ester
238,926,1,-1.1708610812411127,iqp_zz_current_20q_idle_control,5,0,-1.1024575700026866,0.06840351123842597,Pirimicarb (Ref: OMS 1330)
229,939,1,-0.165607370351954,iqp_zz_current_20q_idle_control,5,0,-0.09720385911352802,0.06840351123842597,4-Bromo-2-(4-chlorophenyl)-1-(ethoxymethyl)-5-(trifluoromethyl)-1H-pyrrole-3-carbonitrile
225,948,1,-0.1691042620585907,iqp_zz_current_20q_idle_control,5,0,-0.10070075082016472,0.06840351123842597,24-epibrassinolide
220,958,0,-1.4453813433917042,iqp_zz_current_20q_idle_control,5,0,-1.3769778321532782,0.06840351123842597,Triazoxide (Ref: SAS 9244)
116,960,0,-0.9290874515751613,iqp_zz_current_20q_idle_control,5,0,-0.8606839403367352,0.06840351123842597,"3,6-Bis(2-chlorophenyl)-1,2,4,5-tetrazine"
115,969,0,-0.1337095944231172,iqp_zz_current_20q_idle_control,5,0,-0.06530608318469122,0.06840351123842597,"2-(Difluoromethyl)-4-(2-methylpropyl)-6-(trifluoromethyl)-3,5-pyridinedicarbothioic acid, S3,S5-Dimethyl ester"
212,971,1,0.31511741411901767,iqp_zz_current_20q_idle_control,5,1,0.38352092535744364,0.06840351123842597,Silafluofen (Ref: HOE 084498)
211,972,0,-1.1535224444593122,iqp_zz_current_20q_idle_control,5,0,-1.0851189332208862,0.06840351123842597,Rhyncolure
45,974,0,-0.4331397147636275,iqp_zz_current_20q_idle_control,5,0,-0.36473620352520153,0.06840351123842597,Clethodim (Ref: RE 45601)
66,975,0,-0.9755157168283404,iqp_zz_current_20q_idle_control,5,0,-0.9071122055899143,0.06840351123842597,"2-[7-Fluoro-3,4-dihydro-3-oxo-4-(2-propynyl)-2H-1,4-benzoxazin-6-yl]-4,5,6,7-tetrahydro-1H-isoindole-1,3(2H)-dione"
114,979,0,-1.16135157126581,iqp_zz_current_20q_idle_control,5,0,-1.092948060027384,0.06840351123842597,"4-(2,2-Difluoro-1,3-benzodioxol-4-yl)-1H-pyrrole-3-carbonitrile"
201,990,0,-0.6897477465063206,iqp_zz_current_20q_idle_control,5,0,-0.6213442352678946,0.06840351123842597,Phthalide (Ref: BAY 96610)
76,1008,0,-1.1827917647087027,iqp_zz_current_20q_idle_control,5,0,-1.1143882534702767,0.06840351123842597,Ethidimuron (Ref: MET 1486 )
194,1010,0,0.05600864028716718,iqp_zz_current_20q_idle_control,5,1,0.12441215152559315,0.06840351123842597,Cyenopyrafen (Ref: NC-512 )
191,1015,1,-1.0218157023884014,iqp_zz_current_20q_idle_control,5,0,-0.9534121911499753,0.06840351123842597,"3-Phenyl-5-(2-thienyl)-1,2,4-oxadiazole"
185,1027,1,1.362134514755848,iqp_zz_current_20q_idle_control,5,1,1.430538025994274,0.06840351123842597,Broflanilide (Ref: MCI-8007)
180,1032,0,-0.2625937120748207,iqp_zz_current_20q_idle_control,5,0,-0.1941902008363947,0.06840351123842597,Fenpicoxamid (Ref: XDE 777)
108,3,0,-1.7556841464589337,iqp_zz_current_20q_duplicate,1,0,-0.941483127166388,0.8142010192925456,Benzoic acid
109,13,1,1.0252279029908884,iqp_zz_current_20q_duplicate,1,1,1.839428922283434,0.8142010192925456,Formothion (Ref: SAN 6913I)
456,22,0,-0.8849436361945096,iqp_zz_current_20q_duplicate,1,0,-0.07074261690196393,0.8142010192925456,"2,3,4,5,6-Pentachlorophenol"
455,24,0,-1.2846075877732421,iqp_zz_current_20q_duplicate,1,0,-0.4704065684806965,0.8142010192925456,Warfarin
12,25,1,-1.8917113219717754,iqp_zz_current_20q_duplicate,1,0,-1.0775103026792299,0.8142010192925456,1-Naphthalenol methylcarbamate
108,35,0,-1.8425741681238401,iqp_zz_current_20q_duplicate,1,0,-1.0283731488312946,0.8142010192925456,"Benzoic acid, Methyl ester"
6,43,0,-1.985603435260452,iqp_zz_current_20q_duplicate,1,0,-1.1714024159679064,0.8142010192925456,2-Chloro-N-(1-methylethyl)-N-phenylacetamide
447,53,0,-1.9182559192586144,iqp_zz_current_20q_duplicate,1,0,-1.1040548999660689,0.8142010192925456,Alpha-terpinoline
168,65,1,1.2771441814046955,iqp_zz_current_20q_duplicate,1,1,2.091345200697241,0.8142010192925456,"2-[(Dimethoxyphosphinothioyl)thio]butanedioic acid 1,4-diethyl ester"
445,68,1,-1.7485525064973466,iqp_zz_current_20q_duplicate,1,0,-0.934351487204801,0.8142010192925456,"1,2,3,4-Tetrahydronaphthalene"
166,70,0,-1.7086638634028326,iqp_zz_current_20q_duplicate,1,0,-0.894462844110287,0.8142010192925456,"As,As-Dimethylarsinic acid"
12,72,1,-1.8034673226675981,iqp_zz_current_20q_duplicate,1,0,-0.9892663033750525,0.8142010192925456,"2-(1-Methylethoxy)phenol, 1-(N-Methylcarbamate)"
108,75,0,-1.6369834155603649,iqp_zz_current_20q_duplicate,1,0,-0.8227823962678192,0.8142010192925456,"2-Aminobenzoic acid, Methyl ester"
12,88,0,-1.8929723883965694,iqp_zz_current_20q_duplicate,1,0,-1.078771369104024,0.8142010192925456,1-Naphthaleneacetic acid
6,89,0,-2.086783594386543,iqp_zz_current_20q_duplicate,1,0,-1.2725825750939976,0.8142010192925456,2-Chloro-N-(ethoxymethyl)-N-(2-ethyl-6-methylphenyl)acetamide
41,110,0,-1.3621652635657562,iqp_zz_current_20q_duplicate,1,0,-0.5479642442732106,0.8142010192925456,DNOC (Ref: ENT 154)
58,129,1,0.035606838150651354,iqp_zz_current_20q_duplicate,1,1,0.849807857443197,0.8142010192925456,Abamectin (Ref: MK 936)
432,133,1,0.37283752378437895,iqp_zz_current_20q_duplicate,1,1,1.1870385430769246,0.8142010192925456,"Phosphoric acid 1,2-dibromo-2,2-dichloroethyl dimethyl ester"
41,144,0,-0.9826946402151251,iqp_zz_current_20q_duplicate,1,0,-0.16849362092257947,0.8142010192925456,"2-Cyclohexyl-4,6-dinitrophenol"
41,153,0,-0.07001118275148355,iqp_zz_current_20q_duplicate,1,0,0.7441898365410621,0.8142010192925456,Dinobuton (Ref: OMS 1056)
41,155,0,-1.122520480453898,iqp_zz_current_20q_duplicate,1,0,-0.30831946116135234,0.8142010192925456,"2-(1-Methylpropyl)-4,6-dinitrophenol"
424,168,0,-2.0159582940581506,iqp_zz_current_20q_duplicate,1,0,-1.2017572747656051,0.8142010192925456,"2-Chloro-9-hydroxy-9H-fluorene-9-carboxylic acid, Methyl ester"
41,171,1,-0.5764220490102538,iqp_zz_current_20q_duplicate,1,0,0.23777897028229178,0.8142010192925456,Dinocap (Ref: ENT 24727)
168,197,1,1.3101878956043338,iqp_zz_current_20q_duplicate,1,1,2.1243889148968793,0.8142010192925456,"alpha-[(Dimethoxyphosphinothioyl)thio] benzeneacetic acid, Ethyl ester"
41,205,0,-0.5776316302551951,iqp_zz_current_20q_duplicate,1,0,0.23656938903735047,0.8142010192925456,Binapacryl (Ref: FMC 9044)
420,209,1,0.8777837264191674,iqp_zz_current_20q_duplicate,1,1,1.691984745711713,0.8142010192925456,"Phosphoric acid, 2-Chloro-3-(diethylamino)-1-methyl-3-oxo-1-propen-1-yl dimethyl ester"
6,232,0,-2.139346848161197,iqp_zz_current_20q_duplicate,1,0,-1.3251458288686515,0.8142010192925456,"2-Chloro-N-(2,6-diethylphenyl)-N-(methoxymethyl)acetamide"
117,237,0,-1.7716974962412106,iqp_zz_current_20q_duplicate,1,0,-0.957496476948665,0.8142010192925456,Medlure
414,243,0,-1.6971972635871329,iqp_zz_current_20q_duplicate,1,0,-0.8829962442945872,0.8142010192925456,"6-Methyl-1,3-dithiolo[4,5-b]quinoxalin-2-one"
166,250,0,-1.912890607313793,iqp_zz_current_20q_duplicate,1,0,-1.0986895880212475,0.8142010192925456,Methylarsonic acid
12,270,1,-1.8501316510726982,iqp_zz_current_20q_duplicate,1,0,-1.0359306317801527,0.8142010192925456,"2,3-Dihydro-2,2-dimethyl-7-benzofuranol 7-(N-methylcarbamate)"
19,272,0,-1.7868344340630469,iqp_zz_current_20q_duplicate,1,0,-0.9726334147705012,0.8142010192925456,Methoprotryne (Ref: G 36393)
406,282,1,1.0309168888916789,iqp_zz_current_20q_duplicate,1,1,1.8451179081842244,0.8142010192925456,Bensulide (Ref: R 4461)
6,289,0,-1.9565184016471884,iqp_zz_current_20q_duplicate,1,0,-1.1423173823546429,0.8142010192925456,Butachlor (Ref: CP 53619)
12,303,1,-1.5794238735188444,iqp_zz_current_20q_duplicate,1,0,-0.7652228542262988,0.8142010192925456,"Benzo[b]thiophene-4-ol, 4-(N-methylcarbamate)"
402,305,0,-1.8284343781136512,iqp_zz_current_20q_duplicate,1,0,-1.0142333588211057,0.8142010192925456,Fenclorim (Ref: CGA 123407)
101,306,1,-1.9737268713386724,iqp_zz_current_20q_duplicate,1,0,-1.159525852046127,0.8142010192925456,"3,5-Dibromo-4-hydroxybenzonitrile"
12,307,1,-1.8129013831815872,iqp_zz_current_20q_duplicate,1,0,-0.9987003638890416,0.8142010192925456,"2-(1,3-Dioxolan-2-yl)phenol 1-(N-methylcarbamate)"
398,314,0,-2.0432339683868177,iqp_zz_current_20q_duplicate,1,0,-1.2290329490942722,0.8142010192925456,Anilazine (Ref: ENT 26 058)
127,318,1,-1.6011026706771883,iqp_zz_current_20q_duplicate,1,0,-0.7869016513846426,0.8142010192925456,Validamycin A
395,328,1,-1.3277341991707143,iqp_zz_current_20q_duplicate,1,0,-0.5135331798781687,0.8142010192925456,Cyclohexylethylcarbamothioic acid S-ethyl ester
73,345,0,0.38816999608733205,iqp_zz_current_20q_duplicate,1,1,1.2023710153798777,0.8142010192925456,Triazophos (Ref: HOE 002960 )
12,346,1,-1.7001380920100655,iqp_zz_current_20q_duplicate,1,0,-0.8859370727175199,0.8142010192925456,"2,2-Dimethyl-1,3-benzodioxol-4-ol 4-(N-methylcarbamate)"
12,350,0,-1.5764484477982894,iqp_zz_current_20q_duplicate,1,0,-0.7622474285057438,0.8142010192925456,Napropamide (Ref: R 7465)
36,362,0,-1.8391836706127735,iqp_zz_current_20q_duplicate,1,0,-1.024982651320228,0.8142010192925456,(E)-dodec-8-enyl acetate
79,366,1,-1.5581121996424863,iqp_zz_current_20q_duplicate,1,0,-0.7439111803499406,0.8142010192925456,Hydroprene (Ref: OMS 1696)
79,367,1,-1.2112661716236144,iqp_zz_current_20q_duplicate,1,0,-0.39706515233106876,0.8142010192925456,Methoprene (Ref: OMS 1697)
387,368,0,-1.6838014183388552,iqp_zz_current_20q_duplicate,1,0,-0.8696003990463096,0.8142010192925456,"1-[2-(2,4-Dichlorophenyl)-2-(2-propenyloxy)ethyl]-1H-imidazole"
12,383,1,-1.5103941228320974,iqp_zz_current_20q_duplicate,1,0,-0.6961931035395518,0.8142010192925456,2-[(Ethylthio)methyl]phenol 1-(N-methylcarbamate)
381,390,0,-1.857490721616661,iqp_zz_current_20q_duplicate,1,0,-1.0432897023241154,0.8142010192925456,Metamitron (Ref: BAY DRW 1139)
6,411,0,-2.1600491633610845,iqp_zz_current_20q_duplicate,1,0,-1.345848144068539,0.8142010192925456,Dimethachlor (Ref: CGA 17020)
12,415,1,-1.8477932661933716,iqp_zz_current_20q_duplicate,1,0,-1.033592246900826,0.8142010192925456,Isoprocarb (Ref: OMS 32)
6,418,0,-2.0205999133792014,iqp_zz_current_20q_duplicate,1,0,-1.206398894086656,0.8142010192925456,2-Chloro-N-(2-ethyl-6-methylphenyl)-N-(2-methoxy-1-methylethyl)acetamide
6,427,0,-1.7790285260521188,iqp_zz_current_20q_duplicate,1,0,-0.9648275067595732,0.8142010192925456,"N-(2,6-Dimethylphenyl)-N-(methoxyacetyl)alanine methyl ester"
375,432,0,-1.3440839723389033,iqp_zz_current_20q_duplicate,1,0,-0.5298829530463577,0.8142010192925456,Prochloraz (Ref: BTS 40542)
58,433,1,-0.3207774454565169,iqp_zz_current_20q_duplicate,1,0,0.49342357383602875,0.8142010192925456,Milbemycin A4
95,445,0,-2.1244752203314006,iqp_zz_current_20q_duplicate,1,0,-1.310274201038855,0.8142010192925456,Ofurace (Ref: AE F057623)
73,452,1,0.4713690239946312,iqp_zz_current_20q_duplicate,1,1,1.2855700432871768,0.8142010192925456,Pyridafenthion (Ref: ENT 23968))
6,467,0,-1.503313541866935,iqp_zz_current_20q_duplicate,1,0,-0.6891125225743894,0.8142010192925456,Benalaxyl (Ref: M 9834)
95,476,0,-1.675209452476243,iqp_zz_current_20q_duplicate,1,0,-0.8610084331836975,0.8142010192925456,Oxadixyl (Ref: SAN 371F)
6,478,0,-2.071622074693807,iqp_zz_current_20q_duplicate,1,0,-1.2574210554012617,0.8142010192925456,Metazachlor (Ref: BAS 47900H)
26,488,1,-1.8498954194825563,iqp_zz_current_20q_duplicate,1,0,-1.0356944001900108,0.8142010192925456,Imazaquin (Ref: BAS 725H)
26,507,0,-1.755265200935143,iqp_zz_current_20q_duplicate,1,0,-0.9410641816425974,0.8142010192925456,Imazethapyr (Ref: AC 252925)
362,509,0,-1.4170910521752689,iqp_zz_current_20q_duplicate,1,0,-0.6028900328827232,0.8142010192925456,Aclonifen (Ref: AE F068300)
361,512,0,-1.2941412719249847,iqp_zz_current_20q_duplicate,1,0,-0.4799402526324391,0.8142010192925456,Fenothiocarb (Ref: KCO 3001)
26,521,0,-1.8132301270218492,iqp_zz_current_20q_duplicate,1,0,-0.9990291077293035,0.8142010192925456,Imazamethabenz (Ref: AC 263840)
358,530,1,-1.7411205947029178,iqp_zz_current_20q_duplicate,1,0,-0.9269195754103722,0.8142010192925456,Diflumetorim (Ref: UBF 002)
6,531,0,-2.1375828694764936,iqp_zz_current_20q_duplicate,1,0,-1.323381850183948,0.8142010192925456,Pretilachlor (Ref: CGA 26423)
26,532,0,-1.6770786641465254,iqp_zz_current_20q_duplicate,1,0,-0.8628776448539798,0.8142010192925456,Imazamethabenz-methyl (Ref: AC 222293)
26,534,0,-1.7874771691703633,iqp_zz_current_20q_duplicate,1,0,-0.9732761498778176,0.8142010192925456,Imazamox (Ref: BAS 720H)
6,552,0,-2.194326259544284,iqp_zz_current_20q_duplicate,1,0,-1.3801252402517385,0.8142010192925456,Diethatyl ethyl (Ref: BAY NNT 6867)
47,564,1,-1.9019350197185139,iqp_zz_current_20q_duplicate,1,0,-1.0877340004259684,0.8142010192925456,Imidacloprid (Ref: BAY NTN 33893)
350,573,0,-0.6888214896052418,iqp_zz_current_20q_duplicate,1,0,0.12537952968730381,0.8142010192925456,Fenchlorazole-ethyl (Ref: HOE 070542)
349,576,0,-0.853734253678325,iqp_zz_current_20q_duplicate,1,0,-0.03953323438577938,0.8142010192925456,Triazamate (Ref: RH 7988)
26,578,0,-1.7595391591447698,iqp_zz_current_20q_duplicate,1,0,-0.9453381398522241,0.8142010192925456,Imazapic (Ref: AC 263222)
152,590,0,-1.4506307247040542,iqp_zz_current_20q_duplicate,1,0,-0.6364297054115086,0.8142010192925456,Iminoctadine triacetate (Ref: DF 125)
343,591,0,-0.22030377753472696,iqp_zz_current_20q_duplicate,1,0,0.5938972417578187,0.8142010192925456,Fenpyroximate (Ref: NNI 850)
67,630,0,-1.4561626787862416,iqp_zz_current_20q_duplicate,1,0,-0.641961659493696,0.8142010192925456,Oxadiargyl (Ref: RP 020630 )
47,637,1,-2.1476664289898126,iqp_zz_current_20q_duplicate,1,0,-1.3334654096972671,0.8142010192925456,"(1E)-N-[(6-Chloro-3-pyridinyl)methyl]-N-ethyl-N'-methyl-2-nitro-1,1-ethenediamine"
332,639,0,-0.4918961998392686,iqp_zz_current_20q_duplicate,1,0,0.32230481945327705,0.8142010192925456,"2-(2,6-Difluorophenyl)-4-[4-(1,1-dimethylethyl)-2-ethoxyphenyl]-4,5-dihydrooxazole"
331,642,0,-1.3043179716652908,iqp_zz_current_20q_duplicate,1,0,-0.4901169523727452,0.8142010192925456,Flupoxam (Ref: MON 18500)
47,644,1,-1.9656819555274962,iqp_zz_current_20q_duplicate,1,0,-1.1514809362349507,0.8142010192925456,"1-[(6-Chloro-3-pyridinyl)methyl]-4,5-dihydro-1H-imidazol-2-amine"
88,650,0,-1.335262325598266,iqp_zz_current_20q_duplicate,1,0,-0.5210613063057205,0.8142010192925456,Benthiavalicarb-isopropyl (Ref: KIF-230)
67,651,0,-2.0281621584899616,iqp_zz_current_20q_duplicate,1,0,-1.213961139197416,0.8142010192925456,Azafenidin
327,654,0,-1.242527164740758,iqp_zz_current_20q_duplicate,1,0,-0.42832614544821246,0.8142010192925456,Cinidon-ethyl (Ref: BAS 615H)
320,673,0,-1.8937154658545756,iqp_zz_current_20q_duplicate,1,0,-1.07951444656203,0.8142010192925456,Verbutin (Ref: MB-599)
6,676,0,-1.9401265767442561,iqp_zz_current_20q_duplicate,1,0,-1.1259255574517106,0.8142010192925456,Propisochlor
6,679,0,-1.6700441153802086,iqp_zz_current_20q_duplicate,1,0,-0.855843096087663,0.8142010192925456,Dimethenamid-P
145,680,0,-0.5962650865012418,iqp_zz_current_20q_duplicate,1,0,0.21793593279130385,0.8142010192925456,Picolinafen (Ref: BAS 700H)
47,695,1,-2.179043138597696,iqp_zz_current_20q_duplicate,1,0,-1.3648421193051505,0.8142010192925456,1-[(6-Chloro-3-pyridinyl)methyl]-N-nitro-1H-imidazol-2-amine
310,708,0,0.22744973265361856,iqp_zz_current_20q_duplicate,1,1,1.0416507519461642,0.8142010192925456,Thifluzamide (Ref: MON 24000)
88,709,0,-1.6279179185559471,iqp_zz_current_20q_duplicate,1,0,-0.8137168992634015,0.8142010192925456,Iprovalicarb (Ref: SZX 0722)
139,713,0,-2.044795595874219,iqp_zz_current_20q_duplicate,1,0,-1.2305945765816735,0.8142010192925456,Dimethirimol (Ref: PP675)
139,721,1,-2.0948640357349335,iqp_zz_current_20q_duplicate,1,0,-1.280663016442388,0.8142010192925456,Ethirimol (Ref: PP149)
307,722,0,-1.6055266391836256,iqp_zz_current_20q_duplicate,1,0,-0.79132561989108,0.8142010192925456,Pyrifenox (Ref: CGA 179945)
32,727,0,-0.3636781670204432,iqp_zz_current_20q_duplicate,1,0,0.4505228522721024,0.8142010192925456,"N'-[4-[(3,4-Dihydro-2-methoxy-2,4,4-trimethyl-2H-1-benzopyran-7-yl)oxy]phenyl]-N-methoxy-N-methylurea"
12,734,1,-1.738908994018945,iqp_zz_current_20q_duplicate,1,0,-0.9247079747263994,0.8142010192925456,"3-(1-Ethylpropyl)phenol, 1-(N-Methylcarbamate) mixt. with 3-(1-Methylbutyl)phenyl N-methylcarbamate"
64,748,0,0.12056640807728125,iqp_zz_current_20q_duplicate,1,1,0.9347674273698269,0.8142010192925456,Metamifop (Ref: DBH-129)
301,763,0,-1.6112022345004082,iqp_zz_current_20q_duplicate,1,0,-0.7970012152078626,0.8142010192925456,"2,4,5-trichlorophenol"
43,771,0,-1.01491551421256,iqp_zz_current_20q_duplicate,1,0,-0.20071449492001447,0.8142010192925456,Isopyrazam (Ref: SYN 520453)
58,773,1,-0.13517896385402772,iqp_zz_current_20q_duplicate,1,0,0.6790220554385179,0.8142010192925456,Emamectin benzoate (Ref: MK 244)
134,775,0,0.7255186886396067,iqp_zz_current_20q_duplicate,1,1,1.5397197079321523,0.8142010192925456,Hexylthiofos
43,779,0,-0.05770038358707841,iqp_zz_current_20q_duplicate,1,0,0.7565006357054672,0.8142010192925456,"N-(3',4'-Dichloro-5-fluoro[1,1'-biphenyl]-2-yl)-3-(difluoromethyl)-1-methyl-1H-pyrazole-4-carboxamide"
43,782,0,-0.954203108571652,iqp_zz_current_20q_duplicate,1,0,-0.1400020892791064,0.8142010192925456,Fluxapyroxad (Ref: BAS 700F)
296,783,0,-0.9611417078943607,iqp_zz_current_20q_duplicate,1,0,-0.14694068860181508,0.8142010192925456,Cyflumetofen (Ref: OK-5101)
43,784,1,-1.6734656746924756,iqp_zz_current_20q_duplicate,1,0,-0.85926465539993,0.8142010192925456,"N-(2-[1,1'-Bicyclopropyl]-2-ylphenyl)-3-(difluoromethyl)-1-methyl-1H-pyrazole-4-carboxamide"
295,788,1,-0.7658106463916348,iqp_zz_current_20q_duplicate,1,0,0.04839037290091086,0.8142010192925456,"1-Acetyl-3,4-dihydro-3-[(3-pyridinylmethyl)amino]-6-[1,2,2,2-tetrafluoro-1-(trifluoromethyl)ethyl]-2(1H)-quinazolinone"
110,795,1,0.3759970350998144,iqp_zz_current_20q_duplicate,1,1,1.19019805439236,0.8142010192925456,Spinetoram
43,797,0,-0.5643214338473055,iqp_zz_current_20q_duplicate,1,0,0.24987958544524014,0.8142010192925456,"N-[9-(Dichloromethylene)-1,2,3,4-tetrahydro-1,4-1H-pyrazole-4-carboxamide"
285,812,0,-0.21072043414503416,iqp_zz_current_20q_duplicate,1,0,0.6034805851475115,0.8142010192925456,(2Z)-2-[[2-Fluoro-5-(trifluoromethyl)phenyl]thio]-2-[3-(2-methoxyphenyl)-2-thiazolidinylidene]acetonitrile
88,814,0,-1.7275631842630716,iqp_zz_current_20q_duplicate,1,0,-0.913362164970526,0.8142010192925456,Methyl 3-(4-chlorophenyl)-3-[(N-{[(propan-2-yl)oxy]carbonyl}valyl)amino]propanoate
279,836,1,-2.221788760318617,iqp_zz_current_20q_duplicate,1,0,-1.4075877410260715,0.8142010192925456,"Cyanamide (Ref: LH 21,810A)"
272,853,0,-1.4784350939169466,iqp_zz_current_20q_duplicate,1,0,-0.664234074624401,0.8142010192925456,Bromomethane
261,868,0,-1.890143551694135,iqp_zz_current_20q_duplicate,1,0,-1.0759425324015894,0.8142010192925456,Alpha-pinene
255,886,0,-2.8372958022033603,iqp_zz_current_20q_duplicate,1,0,-2.023094782910815,0.8142010192925456,Ryanodine
127,889,0,-1.8174846605793604,iqp_zz_current_20q_duplicate,1,0,-1.003283641286815,0.8142010192925456,Laminarin (Ref: H11)
26,892,0,-1.785499059791918,iqp_zz_current_20q_duplicate,1,0,-0.9712980404993724,0.8142010192925456,Imazapyr
248,903,0,-2.0218484694514762,iqp_zz_current_20q_duplicate,1,0,-1.2076474501589307,0.8142010192925456,N-(Phenylmethyl)-1H-purin-6-amine
245,909,0,-1.8361472941836672,iqp_zz_current_20q_duplicate,1,0,-1.0219462748911217,0.8142010192925456,Nepetalactone
19,912,0,-1.6103085104595956,iqp_zz_current_20q_duplicate,1,0,-0.7961074911670499,0.8142010192925456,Desmetryn (Ref: G 34360)
239,924,0,-1.9413699907206725,iqp_zz_current_20q_duplicate,1,0,-1.127168971428127,0.8142010192925456,Bentazone
67,929,0,-1.087000084433533,iqp_zz_current_20q_duplicate,1,0,-0.2727990651409874,0.8142010192925456,"3-[2,4-Dichloro-5-(1-methylethoxy)phenyl]-5-(1,1-dimethylethyl)-1,3,4-oxadiazol-2(3H)-one"
230,937,0,-1.8359467463263508,iqp_zz_current_20q_duplicate,1,0,-1.0217457270338053,0.8142010192925456,Lineatin
79,938,0,-1.6247875135573058,iqp_zz_current_20q_duplicate,1,0,-0.8105864942647601,0.8142010192925456,Kinoprene
58,944,1,-0.6144482690196462,iqp_zz_current_20q_duplicate,1,0,0.1997527502728994,0.8142010192925456,Milbemectin (Ref: SL 8601)
222,956,0,-0.014869407670992318,iqp_zz_current_20q_duplicate,1,0,0.7993316116215533,0.8142010192925456,"Tetrahydro-5,5-dimethyl-2(1H)-pyrimidio[3-[4-trifluoromethyl)phenyl]-1-[2-[4-(trifluoromethyl)phenyl]ethenyl]-2-propenylidene]hydrazone"
117,959,0,-1.730195017194471,iqp_zz_current_20q_duplicate,1,0,-0.9159939979019255,0.8142010192925456,Siglure
219,961,0,-1.2779706666906396,iqp_zz_current_20q_duplicate,1,0,-0.463769647398094,0.8142010192925456,Bensultap (Ref: OMS 3011)
213,970,0,-1.826250021005694,iqp_zz_current_20q_duplicate,1,0,-1.0120490017131485,0.8142010192925456,Pefurazoate (Ref: UR-0003)
205,983,1,-1.8248018218166164,iqp_zz_current_20q_duplicate,1,0,-1.010600802524071,0.8142010192925456,Pyrimidifen
47,989,0,-1.2235151837545033,iqp_zz_current_20q_duplicate,1,0,-0.4093141644619577,0.8142010192925456,[N(Z)]-N-[3-[(6-Chloro-3-pyridinyl)methyl]-2-thiazolidinylidene]cyanamide
200,992,0,-1.1565396222750455,iqp_zz_current_20q_duplicate,1,0,-0.34233860298249985,0.8142010192925456,N-(Cyano-2-thienylmethyl)-4-ethyl-2-(ethylamino)-5-thiazolecarboxamide
6,997,0,-1.2084837724905413,iqp_zz_current_20q_duplicate,1,0,-0.39428275319799566,0.8142010192925456,Thenylchlor (Ref: NSK 850)
195,1007,0,-1.6592500702085016,iqp_zz_current_20q_duplicate,1,0,-0.845049050915956,0.8142010192925456,Cyflufenamid (Ref: NF 149)
110,1011,1,0.6126991095162556,iqp_zz_current_20q_duplicate,1,1,1.4269001288088012,0.8142010192925456,Spinosad (Ref: XDE 105)
187,1023,0,0.2197701518101195,iqp_zz_current_20q_duplicate,1,1,1.0339711711026651,0.8142010192925456,"1-[4-[4-[5-(2,6-Difluorophenyl)-4,5-dihydro-3-isoxazolyl]-2-thiazolyl]-1-piperidinyl]-2-[5-methyl-3-(trifluoromethyl)-1H-pyrazol-1-yl]ethanone"
178,1034,0,-2.8785176379512474,iqp_zz_current_20q_duplicate,1,0,-2.064316618658702,0.8142010192925456,Maltodextrin
108,3,0,-1.1390515481544896,iqp_zz_current_20q_complementary_signed_sqrt,1,0,-1.0659412099748944,0.07311033817959534,Benzoic acid
109,13,1,1.5696173069691288,iqp_zz_current_20q_complementary_signed_sqrt,1,1,1.642727645148724,0.07311033817959534,Formothion (Ref: SAN 6913I)
456,22,0,-0.40551222200972825,iqp_zz_current_20q_complementary_signed_sqrt,1,0,-0.3324018838301329,0.07311033817959534,"2,3,4,5,6-Pentachlorophenol"
455,24,0,-0.5569929647574701,iqp_zz_current_20q_complementary_signed_sqrt,1,0,-0.48388262657787473,0.07311033817959534,Warfarin
12,25,1,-1.1426506654716033,iqp_zz_current_20q_complementary_signed_sqrt,1,0,-1.069540327292008,0.07311033817959534,1-Naphthalenol methylcarbamate
108,35,0,-1.1696076050193036,iqp_zz_current_20q_complementary_signed_sqrt,1,0,-1.0964972668397084,0.07311033817959534,"Benzoic acid, Methyl ester"
6,43,0,-1.065344045841805,iqp_zz_current_20q_complementary_signed_sqrt,1,0,-0.9922337076622098,0.07311033817959534,2-Chloro-N-(1-methylethyl)-N-phenylacetamide
447,53,0,-1.2303861422515827,iqp_zz_current_20q_complementary_signed_sqrt,1,0,-1.1572758040719875,0.07311033817959534,Alpha-terpinoline
168,65,1,1.605394929768344,iqp_zz_current_20q_complementary_signed_sqrt,1,1,1.6785052679479393,0.07311033817959534,"2-[(Dimethoxyphosphinothioyl)thio]butanedioic acid 1,4-diethyl ester"
445,68,1,-1.0587027491400414,iqp_zz_current_20q_complementary_signed_sqrt,1,0,-0.985592410960446,0.07311033817959534,"1,2,3,4-Tetrahydronaphthalene"
166,70,0,-0.7835018159666061,iqp_zz_current_20q_complementary_signed_sqrt,1,0,-0.7103914777870107,0.07311033817959534,"As,As-Dimethylarsinic acid"
12,72,1,-1.0501351450662573,iqp_zz_current_20q_complementary_signed_sqrt,1,0,-0.9770248068866619,0.07311033817959534,"2-(1-Methylethoxy)phenol, 1-(N-Methylcarbamate)"
108,75,0,-1.0534540963345376,iqp_zz_current_20q_complementary_signed_sqrt,1,0,-0.9803437581549422,0.07311033817959534,"2-Aminobenzoic acid, Methyl ester"
12,88,0,-1.143200436247208,iqp_zz_current_20q_complementary_signed_sqrt,1,0,-1.0700900980676127,0.07311033817959534,1-Naphthaleneacetic acid
6,89,0,-1.3178182264169078,iqp_zz_current_20q_complementary_signed_sqrt,1,0,-1.2447078882373126,0.07311033817959534,2-Chloro-N-(ethoxymethyl)-N-(2-ethyl-6-methylphenyl)acetamide
41,110,0,-0.7485932459130678,iqp_zz_current_20q_complementary_signed_sqrt,1,0,-0.6754829077334724,0.07311033817959534,DNOC (Ref: ENT 154)
58,129,1,1.6269298232327443,iqp_zz_current_20q_complementary_signed_sqrt,1,1,1.7000401614123395,0.07311033817959534,Abamectin (Ref: MK 936)
432,133,1,0.9891807253389556,iqp_zz_current_20q_complementary_signed_sqrt,1,1,1.062291063518551,0.07311033817959534,"Phosphoric acid 1,2-dibromo-2,2-dichloroethyl dimethyl ester"
41,144,0,-0.27964873580682204,iqp_zz_current_20q_complementary_signed_sqrt,1,0,-0.20653839762722673,0.07311033817959534,"2-Cyclohexyl-4,6-dinitrophenol"
41,153,0,0.5353756836303893,iqp_zz_current_20q_complementary_signed_sqrt,1,1,0.6084860218099847,0.07311033817959534,Dinobuton (Ref: OMS 1056)
41,155,0,-0.35484034302315104,iqp_zz_current_20q_complementary_signed_sqrt,1,0,-0.2817300048435557,0.07311033817959534,"2-(1-Methylpropyl)-4,6-dinitrophenol"
424,168,0,-1.1399294193901857,iqp_zz_current_20q_complementary_signed_sqrt,1,0,-1.0668190812105904,0.07311033817959534,"2-Chloro-9-hydroxy-9H-fluorene-9-carboxylic acid, Methyl ester"
41,171,1,0.1990157776665682,iqp_zz_current_20q_complementary_signed_sqrt,1,1,0.27212611584616353,0.07311033817959534,Dinocap (Ref: ENT 24727)
168,197,1,1.697101054873413,iqp_zz_current_20q_complementary_signed_sqrt,1,1,1.7702113930530081,0.07311033817959534,"alpha-[(Dimethoxyphosphinothioyl)thio] benzeneacetic acid, Ethyl ester"
41,205,0,0.14321319071280622,iqp_zz_current_20q_complementary_signed_sqrt,1,1,0.21632352889240156,0.07311033817959534,Binapacryl (Ref: FMC 9044)
420,209,1,1.212074108773328,iqp_zz_current_20q_complementary_signed_sqrt,1,1,1.2851844469529232,0.07311033817959534,"Phosphoric acid, 2-Chloro-3-(diethylamino)-1-methyl-3-oxo-1-propen-1-yl dimethyl ester"
6,232,0,-1.360878596443046,iqp_zz_current_20q_complementary_signed_sqrt,1,0,-1.2877682582634509,0.07311033817959534,"2-Chloro-N-(2,6-diethylphenyl)-N-(methoxymethyl)acetamide"
117,237,0,-1.0721841378015307,iqp_zz_current_20q_complementary_signed_sqrt,1,0,-0.9990737996219353,0.07311033817959534,Medlure
414,243,0,-1.0045778923516786,iqp_zz_current_20q_complementary_signed_sqrt,1,0,-0.9314675541720833,0.07311033817959534,"6-Methyl-1,3-dithiolo[4,5-b]quinoxalin-2-one"
166,250,0,-0.8886496912182351,iqp_zz_current_20q_complementary_signed_sqrt,1,0,-0.8155393530386398,0.07311033817959534,Methylarsonic acid
12,270,1,-1.0727949573841795,iqp_zz_current_20q_complementary_signed_sqrt,1,0,-0.9996846192045842,0.07311033817959534,"2,3-Dihydro-2,2-dimethyl-7-benzofuranol 7-(N-methylcarbamate)"
19,272,0,-1.0654203481179647,iqp_zz_current_20q_complementary_signed_sqrt,1,0,-0.9923100099383694,0.07311033817959534,Methoprotryne (Ref: G 36393)
406,282,1,1.4979796231736615,iqp_zz_current_20q_complementary_signed_sqrt,1,1,1.5710899613532567,0.07311033817959534,Bensulide (Ref: R 4461)
6,289,0,-1.270807536766935,iqp_zz_current_20q_complementary_signed_sqrt,1,0,-1.1976971985873397,0.07311033817959534,Butachlor (Ref: CP 53619)
12,303,1,-0.8466274413560595,iqp_zz_current_20q_complementary_signed_sqrt,1,0,-0.7735171031764642,0.07311033817959534,"Benzo[b]thiophene-4-ol, 4-(N-methylcarbamate)"
402,305,0,-1.0870790764653688,iqp_zz_current_20q_complementary_signed_sqrt,1,0,-1.0139687382857736,0.07311033817959534,Fenclorim (Ref: CGA 123407)
101,306,1,-1.0494995617596854,iqp_zz_current_20q_complementary_signed_sqrt,1,0,-0.9763892235800901,0.07311033817959534,"3,5-Dibromo-4-hydroxybenzonitrile"
12,307,1,-0.9063224479864282,iqp_zz_current_20q_complementary_signed_sqrt,1,0,-0.8332121098068329,0.07311033817959534,"2-(1,3-Dioxolan-2-yl)phenol 1-(N-methylcarbamate)"
398,314,0,-1.1710983060023108,iqp_zz_current_20q_complementary_signed_sqrt,1,0,-1.0979879678227156,0.07311033817959534,Anilazine (Ref: ENT 26 058)
127,318,1,-1.4075172048361142,iqp_zz_current_20q_complementary_signed_sqrt,1,0,-1.3344068666565188,0.07311033817959534,Validamycin A
395,328,1,-0.7693242973190544,iqp_zz_current_20q_complementary_signed_sqrt,1,0,-0.696213959139459,0.07311033817959534,Cyclohexylethylcarbamothioic acid S-ethyl ester
73,345,0,0.8816376286961574,iqp_zz_current_20q_complementary_signed_sqrt,1,1,0.9547479668757527,0.07311033817959534,Triazophos (Ref: HOE 002960 )
12,346,1,-0.8484289117222947,iqp_zz_current_20q_complementary_signed_sqrt,1,0,-0.7753185735426994,0.07311033817959534,"2,2-Dimethyl-1,3-benzodioxol-4-ol 4-(N-methylcarbamate)"
12,350,0,-0.6996755032134154,iqp_zz_current_20q_complementary_signed_sqrt,1,0,-0.6265651650338201,0.07311033817959534,Napropamide (Ref: R 7465)
36,362,0,-1.0699367738603525,iqp_zz_current_20q_complementary_signed_sqrt,1,0,-0.9968264356807571,0.07311033817959534,(E)-dodec-8-enyl acetate
79,366,1,-0.8080296592793208,iqp_zz_current_20q_complementary_signed_sqrt,1,0,-0.7349193210997255,0.07311033817959534,Hydroprene (Ref: OMS 1696)
79,367,1,-0.49776756700237756,iqp_zz_current_20q_complementary_signed_sqrt,1,0,-0.42465722882278223,0.07311033817959534,Methoprene (Ref: OMS 1697)
387,368,0,-0.893993439956287,iqp_zz_current_20q_complementary_signed_sqrt,1,0,-0.8208831017766917,0.07311033817959534,"1-[2-(2,4-Dichlorophenyl)-2-(2-propenyloxy)ethyl]-1H-imidazole"
12,383,1,-0.8577992305617355,iqp_zz_current_20q_complementary_signed_sqrt,1,0,-0.7846888923821401,0.07311033817959534,2-[(Ethylthio)methyl]phenol 1-(N-methylcarbamate)
381,390,0,-1.1451174920078224,iqp_zz_current_20q_complementary_signed_sqrt,1,0,-1.0720071538282272,0.07311033817959534,Metamitron (Ref: BAY DRW 1139)
6,411,0,-1.2668903606185062,iqp_zz_current_20q_complementary_signed_sqrt,1,0,-1.193780022438911,0.07311033817959534,Dimethachlor (Ref: CGA 17020)
12,415,1,-1.0935249631757125,iqp_zz_current_20q_complementary_signed_sqrt,1,0,-1.0204146249961172,0.07311033817959534,Isoprocarb (Ref: OMS 32)
6,418,0,-1.141369725297333,iqp_zz_current_20q_complementary_signed_sqrt,1,0,-1.0682593871177377,0.07311033817959534,2-Chloro-N-(2-ethyl-6-methylphenyl)-N-(2-methoxy-1-methylethyl)acetamide
6,427,0,-1.0062129449151276,iqp_zz_current_20q_complementary_signed_sqrt,1,0,-0.9331026067355322,0.07311033817959534,"N-(2,6-Dimethylphenyl)-N-(methoxyacetyl)alanine methyl ester"
375,432,0,-0.5550986353494491,iqp_zz_current_20q_complementary_signed_sqrt,1,0,-0.4819882971698538,0.07311033817959534,Prochloraz (Ref: BTS 40542)
58,433,1,0.6576618372922165,iqp_zz_current_20q_complementary_signed_sqrt,1,1,0.7307721754718118,0.07311033817959534,Milbemycin A4
95,445,0,-1.2464837332288448,iqp_zz_current_20q_complementary_signed_sqrt,1,0,-1.1733733950492495,0.07311033817959534,Ofurace (Ref: AE F057623)
73,452,1,0.9061230021519111,iqp_zz_current_20q_complementary_signed_sqrt,1,1,0.9792333403315064,0.07311033817959534,Pyridafenthion (Ref: ENT 23968))
6,467,0,-0.7551540918741932,iqp_zz_current_20q_complementary_signed_sqrt,1,0,-0.6820437536945979,0.07311033817959534,Benalaxyl (Ref: M 9834)
95,476,0,-0.7164212956265872,iqp_zz_current_20q_complementary_signed_sqrt,1,0,-0.6433109574469918,0.07311033817959534,Oxadixyl (Ref: SAN 371F)
6,478,0,-1.1847303474623154,iqp_zz_current_20q_complementary_signed_sqrt,1,0,-1.1116200092827202,0.07311033817959534,Metazachlor (Ref: BAS 47900H)
26,488,1,-1.2078698044328733,iqp_zz_current_20q_complementary_signed_sqrt,1,0,-1.134759466253278,0.07311033817959534,Imazaquin (Ref: BAS 725H)
26,507,0,-0.9346291853489697,iqp_zz_current_20q_complementary_signed_sqrt,1,0,-0.8615188471693743,0.07311033817959534,Imazethapyr (Ref: AC 252925)
362,509,0,-0.7560623173764367,iqp_zz_current_20q_complementary_signed_sqrt,1,0,-0.6829519791968414,0.07311033817959534,Aclonifen (Ref: AE F068300)
361,512,0,-0.6361193162770058,iqp_zz_current_20q_complementary_signed_sqrt,1,0,-0.5630089780974105,0.07311033817959534,Fenothiocarb (Ref: KCO 3001)
26,521,0,-1.0857534452457682,iqp_zz_current_20q_complementary_signed_sqrt,1,0,-1.012643107066173,0.07311033817959534,Imazamethabenz (Ref: AC 263840)
358,530,1,-0.9928761984727719,iqp_zz_current_20q_complementary_signed_sqrt,1,0,-0.9197658602931765,0.07311033817959534,Diflumetorim (Ref: UBF 002)
6,531,0,-1.3759547968383044,iqp_zz_current_20q_complementary_signed_sqrt,1,0,-1.3028444586587091,0.07311033817959534,Pretilachlor (Ref: CGA 26423)
26,532,0,-0.9392821497180415,iqp_zz_current_20q_complementary_signed_sqrt,1,0,-0.8661718115384461,0.07311033817959534,Imazamethabenz-methyl (Ref: AC 222293)
26,534,0,-1.0368367611604055,iqp_zz_current_20q_complementary_signed_sqrt,1,0,-0.9637264229808101,0.07311033817959534,Imazamox (Ref: BAS 720H)
6,552,0,-1.5792549035724588,iqp_zz_current_20q_complementary_signed_sqrt,1,0,-1.5061445653928636,0.07311033817959534,Diethatyl ethyl (Ref: BAY NNT 6867)
47,564,1,-0.986590222549538,iqp_zz_current_20q_complementary_signed_sqrt,1,0,-0.9134798843699427,0.07311033817959534,Imidacloprid (Ref: BAY NTN 33893)
350,573,0,0.32392641546390477,iqp_zz_current_20q_complementary_signed_sqrt,1,1,0.3970367536435001,0.07311033817959534,Fenchlorazole-ethyl (Ref: HOE 070542)
349,576,0,-0.16151695939986557,iqp_zz_current_20q_complementary_signed_sqrt,1,0,-0.08840662122027024,0.07311033817959534,Triazamate (Ref: RH 7988)
26,578,0,-0.9473623618935236,iqp_zz_current_20q_complementary_signed_sqrt,1,0,-0.8742520237139283,0.07311033817959534,Imazapic (Ref: AC 263222)
152,590,0,-1.035965654485755,iqp_zz_current_20q_complementary_signed_sqrt,1,0,-0.9628553163061596,0.07311033817959534,Iminoctadine triacetate (Ref: DF 125)
343,591,0,0.5404058359833122,iqp_zz_current_20q_complementary_signed_sqrt,1,1,0.6135161741629075,0.07311033817959534,Fenpyroximate (Ref: NNI 850)
67,630,0,-0.6143651828018837,iqp_zz_current_20q_complementary_signed_sqrt,1,0,-0.5412548446222883,0.07311033817959534,Oxadiargyl (Ref: RP 020630 )
47,637,1,-1.3139745708538002,iqp_zz_current_20q_complementary_signed_sqrt,1,0,-1.240864232674205,0.07311033817959534,"(1E)-N-[(6-Chloro-3-pyridinyl)methyl]-N-ethyl-N'-methyl-2-nitro-1,1-ethenediamine"
332,639,0,0.45444875985378763,iqp_zz_current_20q_complementary_signed_sqrt,1,1,0.527559098033383,0.07311033817959534,"2-(2,6-Difluorophenyl)-4-[4-(1,1-dimethylethyl)-2-ethoxyphenyl]-4,5-dihydrooxazole"
331,642,0,-0.8059271714583418,iqp_zz_current_20q_complementary_signed_sqrt,1,0,-0.7328168332787465,0.07311033817959534,Flupoxam (Ref: MON 18500)
47,644,1,-1.1882594289577555,iqp_zz_current_20q_complementary_signed_sqrt,1,0,-1.1151490907781603,0.07311033817959534,"1-[(6-Chloro-3-pyridinyl)methyl]-4,5-dihydro-1H-imidazol-2-amine"
88,650,0,-0.7436413442440952,iqp_zz_current_20q_complementary_signed_sqrt,1,0,-0.6705310060644999,0.07311033817959534,Benthiavalicarb-isopropyl (Ref: KIF-230)
67,651,0,-1.252648022661552,iqp_zz_current_20q_complementary_signed_sqrt,1,0,-1.1795376844819567,0.07311033817959534,Azafenidin
327,654,0,-0.5911196321231409,iqp_zz_current_20q_complementary_signed_sqrt,1,0,-0.5180092939435456,0.07311033817959534,Cinidon-ethyl (Ref: BAS 615H)
320,673,0,-1.0994335880550925,iqp_zz_current_20q_complementary_signed_sqrt,1,0,-1.0263232498754973,0.07311033817959534,Verbutin (Ref: MB-599)
6,676,0,-1.1845726787202477,iqp_zz_current_20q_complementary_signed_sqrt,1,0,-1.1114623405406525,0.07311033817959534,Propisochlor
6,679,0,-1.0315605726977055,iqp_zz_current_20q_complementary_signed_sqrt,1,0,-0.9584502345181102,0.07311033817959534,Dimethenamid-P
145,680,0,0.3958489628519479,iqp_zz_current_20q_complementary_signed_sqrt,1,1,0.46895930103154326,0.07311033817959534,Picolinafen (Ref: BAS 700H)
47,695,1,-1.3324122296802092,iqp_zz_current_20q_complementary_signed_sqrt,1,0,-1.259301891500614,0.07311033817959534,1-[(6-Chloro-3-pyridinyl)methyl]-N-nitro-1H-imidazol-2-amine
310,708,0,0.8631644117375301,iqp_zz_current_20q_complementary_signed_sqrt,1,1,0.9362747499171254,0.07311033817959534,Thifluzamide (Ref: MON 24000)
88,709,0,-1.0084064072744021,iqp_zz_current_20q_complementary_signed_sqrt,1,0,-0.9352960690948068,0.07311033817959534,Iprovalicarb (Ref: SZX 0722)
139,713,0,-1.2127357936347285,iqp_zz_current_20q_complementary_signed_sqrt,1,0,-1.1396254554551333,0.07311033817959534,Dimethirimol (Ref: PP675)
139,721,1,-1.3436308784057034,iqp_zz_current_20q_complementary_signed_sqrt,1,0,-1.2705205402261082,0.07311033817959534,Ethirimol (Ref: PP149)
307,722,0,-0.8208888090349196,iqp_zz_current_20q_complementary_signed_sqrt,1,0,-0.7477784708553242,0.07311033817959534,Pyrifenox (Ref: CGA 179945)
32,727,0,0.2920807129766678,iqp_zz_current_20q_complementary_signed_sqrt,1,1,0.36519105115626316,0.07311033817959534,"N'-[4-[(3,4-Dihydro-2-methoxy-2,4,4-trimethyl-2H-1-benzopyran-7-yl)oxy]phenyl]-N-methoxy-N-methylurea"
12,734,1,-1.0377059882631028,iqp_zz_current_20q_complementary_signed_sqrt,1,0,-0.9645956500835074,0.07311033817959534,"3-(1-Ethylpropyl)phenol, 1-(N-Methylcarbamate) mixt. with 3-(1-Methylbutyl)phenyl N-methylcarbamate"
64,748,0,0.834398256356891,iqp_zz_current_20q_complementary_signed_sqrt,1,1,0.9075085945364864,0.07311033817959534,Metamifop (Ref: DBH-129)
301,763,0,-0.9807631504004832,iqp_zz_current_20q_complementary_signed_sqrt,1,0,-0.9076528122208879,0.07311033817959534,"2,4,5-trichlorophenol"
43,771,0,-0.13232288502781533,iqp_zz_current_20q_complementary_signed_sqrt,1,0,-0.05921254684821999,0.07311033817959534,Isopyrazam (Ref: SYN 520453)
58,773,1,1.5297170311445307,iqp_zz_current_20q_complementary_signed_sqrt,1,1,1.602827369324126,0.07311033817959534,Emamectin benzoate (Ref: MK 244)
134,775,0,1.0810214774671008,iqp_zz_current_20q_complementary_signed_sqrt,1,1,1.154131815646696,0.07311033817959534,Hexylthiofos
43,779,0,0.8389096420105271,iqp_zz_current_20q_complementary_signed_sqrt,1,1,0.9120199801901224,0.07311033817959534,"N-(3',4'-Dichloro-5-fluoro[1,1'-biphenyl]-2-yl)-3-(difluoromethyl)-1-methyl-1H-pyrazole-4-carboxamide"
43,782,0,-0.11260215578165547,iqp_zz_current_20q_complementary_signed_sqrt,1,0,-0.03949181760206013,0.07311033817959534,Fluxapyroxad (Ref: BAS 700F)
296,783,0,-0.12962579682395384,iqp_zz_current_20q_complementary_signed_sqrt,1,0,-0.056515458644358495,0.07311033817959534,Cyflumetofen (Ref: OK-5101)
43,784,1,-0.9298678160282905,iqp_zz_current_20q_complementary_signed_sqrt,1,0,-0.8567574778486952,0.07311033817959534,"N-(2-[1,1'-Bicyclopropyl]-2-ylphenyl)-3-(difluoromethyl)-1-methyl-1H-pyrazole-4-carboxamide"
295,788,1,-0.13163124527421968,iqp_zz_current_20q_complementary_signed_sqrt,1,0,-0.05852090709462434,0.07311033817959534,"1-Acetyl-3,4-dihydro-3-[(3-pyridinylmethyl)amino]-6-[1,2,2,2-tetrafluoro-1-(trifluoromethyl)ethyl]-2(1H)-quinazolinone"
110,795,1,2.11426449147849,iqp_zz_current_20q_complementary_signed_sqrt,1,1,2.187374829658085,0.07311033817959534,Spinetoram
43,797,0,0.45574357025430556,iqp_zz_current_20q_complementary_signed_sqrt,1,1,0.5288539084339009,0.07311033817959534,"N-[9-(Dichloromethylene)-1,2,3,4-tetrahydro-1,4-1H-pyrazole-4-carboxamide"
285,812,0,0.8661590646682096,iqp_zz_current_20q_complementary_signed_sqrt,1,1,0.9392694028478049,0.07311033817959534,(2Z)-2-[[2-Fluoro-5-(trifluoromethyl)phenyl]thio]-2-[3-(2-methoxyphenyl)-2-thiazolidinylidene]acetonitrile
88,814,0,-1.0459687578159529,iqp_zz_current_20q_complementary_signed_sqrt,1,0,-0.9728584196363576,0.07311033817959534,Methyl 3-(4-chlorophenyl)-3-[(N-{[(propan-2-yl)oxy]carbonyl}valyl)amino]propanoate
279,836,1,-1.2041563427337416,iqp_zz_current_20q_complementary_signed_sqrt,1,0,-1.1310460045541464,0.07311033817959534,"Cyanamide (Ref: LH 21,810A)"
272,853,0,-0.8694195060145771,iqp_zz_current_20q_complementary_signed_sqrt,1,0,-0.7963091678349817,0.07311033817959534,Bromomethane
261,868,0,-1.1988089599174816,iqp_zz_current_20q_complementary_signed_sqrt,1,0,-1.1256986217378864,0.07311033817959534,Alpha-pinene
255,886,0,-2.1078514308513623,iqp_zz_current_20q_complementary_signed_sqrt,1,0,-2.034741092671767,0.07311033817959534,Ryanodine
127,889,0,-1.332938775833382,iqp_zz_current_20q_complementary_signed_sqrt,1,0,-1.2598284376537867,0.07311033817959534,Laminarin (Ref: H11)
26,892,0,-0.9616908486202171,iqp_zz_current_20q_complementary_signed_sqrt,1,0,-0.8885805104406218,0.07311033817959534,Imazapyr
248,903,0,-1.149868940809244,iqp_zz_current_20q_complementary_signed_sqrt,1,0,-1.0767586026296487,0.07311033817959534,N-(Phenylmethyl)-1H-purin-6-amine
245,909,0,-1.0654954671656935,iqp_zz_current_20q_complementary_signed_sqrt,1,0,-0.9923851289860982,0.07311033817959534,Nepetalactone
19,912,0,-0.8334552416941592,iqp_zz_current_20q_complementary_signed_sqrt,1,0,-0.7603449035145639,0.07311033817959534,Desmetryn (Ref: G 34360)
239,924,0,-0.9416048551569003,iqp_zz_current_20q_complementary_signed_sqrt,1,0,-0.868494516977305,0.07311033817959534,Bentazone
67,929,0,-0.20081027988347747,iqp_zz_current_20q_complementary_signed_sqrt,1,0,-0.12769994170388213,0.07311033817959534,"3-[2,4-Dichloro-5-(1-methylethoxy)phenyl]-5-(1,1-dimethylethyl)-1,3,4-oxadiazol-2(3H)-one"
230,937,0,-1.0041605624361858,iqp_zz_current_20q_complementary_signed_sqrt,1,0,-0.9310502242565905,0.07311033817959534,Lineatin
79,938,0,-0.8604485175510352,iqp_zz_current_20q_complementary_signed_sqrt,1,0,-0.7873381793714399,0.07311033817959534,Kinoprene
58,944,1,0.39171590742552054,iqp_zz_current_20q_complementary_signed_sqrt,1,1,0.4648262456051159,0.07311033817959534,Milbemectin (Ref: SL 8601)
222,956,0,0.6821543330916842,iqp_zz_current_20q_complementary_signed_sqrt,1,1,0.7552646712712795,0.07311033817959534,"Tetrahydro-5,5-dimethyl-2(1H)-pyrimidio[3-[4-trifluoromethyl)phenyl]-1-[2-[4-(trifluoromethyl)phenyl]ethenyl]-2-propenylidene]hydrazone"
117,959,0,-0.9993994369609784,iqp_zz_current_20q_complementary_signed_sqrt,1,0,-0.9262890987813831,0.07311033817959534,Siglure
219,961,0,-0.4933096667004464,iqp_zz_current_20q_complementary_signed_sqrt,1,0,-0.42019932852085107,0.07311033817959534,Bensultap (Ref: OMS 3011)
213,970,0,-1.1479466313381956,iqp_zz_current_20q_complementary_signed_sqrt,1,0,-1.0748362931586004,0.07311033817959534,Pefurazoate (Ref: UR-0003)
205,983,1,-0.9849460903388114,iqp_zz_current_20q_complementary_signed_sqrt,1,0,-0.9118357521592161,0.07311033817959534,Pyrimidifen
47,989,0,-0.43468349517751337,iqp_zz_current_20q_complementary_signed_sqrt,1,0,-0.36157315699791803,0.07311033817959534,[N(Z)]-N-[3-[(6-Chloro-3-pyridinyl)methyl]-2-thiazolidinylidene]cyanamide
200,992,0,-0.6211351323309562,iqp_zz_current_20q_complementary_signed_sqrt,1,0,-0.5480247941513609,0.07311033817959534,N-(Cyano-2-thienylmethyl)-4-ethyl-2-(ethylamino)-5-thiazolecarboxamide
6,997,0,-0.5534482185848213,iqp_zz_current_20q_complementary_signed_sqrt,1,0,-0.48033788040522596,0.07311033817959534,Thenylchlor (Ref: NSK 850)
195,1007,0,-1.0437669796647033,iqp_zz_current_20q_complementary_signed_sqrt,1,0,-0.970656641485108,0.07311033817959534,Cyflufenamid (Ref: NF 149)
110,1011,1,2.308634108280429,iqp_zz_current_20q_complementary_signed_sqrt,1,1,2.3817444464600244,0.07311033817959534,Spinosad (Ref: XDE 105)
187,1023,0,0.6928347609652099,iqp_zz_current_20q_complementary_signed_sqrt,1,1,0.7659450991448052,0.07311033817959534,"1-[4-[4-[5-(2,6-Difluorophenyl)-4,5-dihydro-3-isoxazolyl]-2-thiazolyl]-1-piperidinyl]-2-[5-methyl-3-(trifluoromethyl)-1H-pyrazol-1-yl]ethanone"
178,1034,0,-1.8552943682792953,iqp_zz_current_20q_complementary_signed_sqrt,1,0,-1.7821840300997,0.07311033817959534,Maltodextrin
460,2,0,-1.347889445200847,iqp_zz_current_20q_duplicate,2,0,-0.7074314505018222,0.6404579946990248,Para-cymene
107,8,0,-1.4471687439719783,iqp_zz_current_20q_duplicate,2,0,-0.8067107492729534,0.6404579946990248,Orange oil
56,18,1,0.670566759410282,iqp_zz_current_20q_duplicate,2,1,1.3110247541093067,0.6404579946990248,"3-[(Dimethoxyphosphinyl)oxy]-2-butenoic acid, Methyl ester"
452,33,0,-1.6035671939657545,iqp_zz_current_20q_duplicate,2,0,-0.9631091992667298,0.6404579946990248,5-Methyl-2-(1-methylethyl)phenol
23,34,0,-1.6019908054599432,iqp_zz_current_20q_duplicate,2,0,-0.9615328107609185,0.6404579946990248,"N-Butyl-N-ethyl-2,6-dinitro-4-(trifluoromethyl)benzenamine"
177,37,0,-1.564544483820689,iqp_zz_current_20q_duplicate,2,0,-0.9240864891216642,0.6404579946990248,Carvone
40,50,1,0.07765615234571299,iqp_zz_current_20q_duplicate,2,1,0.7181141470447377,0.6404579946990248,Tetraethyl ester diphosphoric acid
75,51,1,-1.5696897089643447,iqp_zz_current_20q_duplicate,2,0,-0.9292317142653199,0.6404579946990248,Chlorobenzilate (Ref: ENT 18596)
107,55,0,-1.4920482526151353,iqp_zz_current_20q_duplicate,2,0,-0.8515902579161105,0.6404579946990248,Alpha-terpineol
446,67,0,-1.276645087875777,iqp_zz_current_20q_duplicate,2,0,-0.6361870931767521,0.6404579946990248,1-Methyl-2-pyrrolidinone
441,81,0,-1.4175052936672166,iqp_zz_current_20q_duplicate,2,0,-0.7770472989681917,0.6404579946990248,Tridemorph (Ref: BAS 2205-F)
30,97,1,-1.4607753954670615,iqp_zz_current_20q_duplicate,2,0,-0.8203174007680367,0.6404579946990248,"3,5-Dimethyl-4-(methylthio)phenol, Methylcarbamate"
436,108,0,-1.458021671850222,iqp_zz_current_20q_duplicate,2,0,-0.8175636771511972,0.6404579946990248,2-aminobutane
173,114,0,-1.8293846482269436,iqp_zz_current_20q_duplicate,2,0,-1.1889266535279188,0.6404579946990248,1-naphthylacetamide
2,115,1,-1.6343721072202921,iqp_zz_current_20q_duplicate,2,0,-0.9939141125212674,0.6404579946990248,Tribenuron-methyl (Ref: DPX L5300)
172,118,0,-1.7754687205987445,iqp_zz_current_20q_duplicate,2,0,-1.1350107258997197,0.6404579946990248,2-naphthyloxyacetic acid
40,140,0,0.2190286880052278,iqp_zz_current_20q_duplicate,2,1,0.8594866827042525,0.6404579946990248,Tribufos
425,166,0,-0.7530888137812011,iqp_zz_current_20q_duplicate,2,0,-0.11263081908217629,0.6404579946990248,Fosetyl
40,177,1,0.5502454982328238,iqp_zz_current_20q_duplicate,2,1,1.1907034929318485,0.6404579946990248,"Phosphorodithioic acid O-ethyl S,S-dipropyl ester"
167,216,1,-1.4959077210409133,iqp_zz_current_20q_duplicate,2,0,-0.8554497263418885,0.6404579946990248,Dimetilan
30,229,1,-1.62025690537595,iqp_zz_current_20q_duplicate,2,0,-0.9797989106769251,0.6404579946990248,"4-(Dimethylamino)-3,5-dimethylphenol, Methylcarbamate(ester)"
30,235,1,-1.6594528319190367,iqp_zz_current_20q_duplicate,2,0,-1.018994837220012,0.6404579946990248,"4-(Dimethylamino)-3-methylphenol, Methylcarbamate (ester)"
167,240,1,-1.5860669464971124,iqp_zz_current_20q_duplicate,2,0,-0.9456089517980877,0.6404579946990248,"N,N-dimethylcarbamic acid 3-methyl-1-(1-methylethyl)-1H-pyrazol-5-yl ester"
23,241,0,-1.601635593403324,iqp_zz_current_20q_duplicate,2,0,-0.9611775987042992,0.6404579946990248,"2,6-Dinitro-N,N-dipropyl-4-(trifluoromethyl)benzenamine"
56,246,1,0.6068870175411822,iqp_zz_current_20q_duplicate,2,1,1.247345012240207,0.6404579946990248,"Phosphoric acid, (1E)-3-(Dimethylamino)-1-methyl-3-oxo-1-propen-1-yl dimethyl ester"
124,249,0,-0.8741272573943971,iqp_zz_current_20q_duplicate,2,0,-0.23366926269537233,0.6404579946990248,Gibberellins
30,251,1,-1.6190873770352507,iqp_zz_current_20q_duplicate,2,0,-0.978629382336226,0.6404579946990248,XMC (Ref: H 69)
412,253,0,-1.3604178367028106,iqp_zz_current_20q_duplicate,2,0,-0.7199598420037857,0.6404579946990248,Kasugamycin hydrochloride hydrate
411,254,1,-1.0017212458644544,iqp_zz_current_20q_duplicate,2,0,-0.3612632511654298,0.6404579946990248,Alpha-endosulfan
98,262,1,0.6360355095910932,iqp_zz_current_20q_duplicate,2,1,1.276493504290118,0.6404579946990248,"Phosphoric acid, 2-Chloro-1-(2,4-dichlorophenyl)ethenyl diethyl ester"
75,265,0,-0.9789283750595914,iqp_zz_current_20q_duplicate,2,0,-0.33847038036056665,0.6404579946990248,Bromopropylate (Ref: GS 19851)
56,275,1,0.5803608703301684,iqp_zz_current_20q_duplicate,2,1,1.2208188650291931,0.6404579946990248,Monocrotophos (Ref: ENT 27129)
30,281,1,-1.5462918563078591,iqp_zz_current_20q_duplicate,2,0,-0.9058338616088344,0.6404579946990248,3-methyl-5-(1-methylethyl)phenol 1-(N-methylcarbamate)  
56,283,1,0.6228405210042047,iqp_zz_current_20q_duplicate,2,1,1.2632985157032295,0.6404579946990248,(2E)-3-[(Dimethoxyphosphinyl)oxy]-2-butenoic acid 1-phenylethyl ester
98,291,1,0.6009805610842804,iqp_zz_current_20q_duplicate,2,1,1.2414385557833052,0.6404579946990248,"Phosphoric acid (1Z)-2-chloro-1-(2,4,5-trichlorophenyl)ethenyl dimethyl ester"
403,301,0,-1.8112992929083165,iqp_zz_current_20q_duplicate,2,0,-1.1708412982092917,0.6404579946990248,Benazolin (Ref: RD 7693)
396,325,0,-1.3945077984927319,iqp_zz_current_20q_duplicate,2,0,-0.754049803793707,0.6404579946990248,N-(2-Methylcyclohexyl)-N'-phenylurea
23,344,1,-1.127616773787592,iqp_zz_current_20q_duplicate,2,0,-0.4871587790885673,0.6404579946990248,Isopropalin (Ref: EL-179)
23,359,0,-1.703226885283125,iqp_zz_current_20q_duplicate,2,0,-1.0627688905841002,0.6404579946990248,Fluchloralin (Ref: BAS 392H)
388,365,0,-1.4288389447336787,iqp_zz_current_20q_duplicate,2,0,-0.7883809500346539,0.6404579946990248,Methyl cyclohexenone
23,378,0,-1.628093105453736,iqp_zz_current_20q_duplicate,2,0,-0.9876351107547112,0.6404579946990248,"N-Ethyl-N-(2-methyl-2-propenyl)-2,6-dinitro-4-(trifluoromethyl)benzenamine"
382,389,0,-1.8448880149199416,iqp_zz_current_20q_duplicate,2,0,-1.2044300202209168,0.6404579946990248,alpha-Cyclopropyl-alpha-(4-methoxyphenyl)-5-pyrimidinemethanol
98,408,1,0.7003381377143638,iqp_zz_current_20q_duplicate,2,1,1.3407961324133886,0.6404579946990248,Akton
62,413,1,-1.5532760476509806,iqp_zz_current_20q_duplicate,2,0,-0.9128180529519558,0.6404579946990248,Furalaxyl (Ref: IPE 134)
23,425,0,-1.5682776419026883,iqp_zz_current_20q_duplicate,2,0,-0.9278196472036635,0.6404579946990248,"2,6-Dinitro-N1,N1-dipropyl-4-(trifluoromethyl)-1,3-benzenediamine"
377,426,0,1.2533279607552241,iqp_zz_current_20q_duplicate,2,1,1.8937859554542489,0.6404579946990248,Dienochlor (Ref: SAN 804)
156,439,1,-1.0355505195409136,iqp_zz_current_20q_duplicate,2,0,-0.39509252484188884,0.6404579946990248,Fenpropidin (Ref: CGA 114900)
371,461,1,-1.0709881562018637,iqp_zz_current_20q_duplicate,2,0,-0.43053016150283896,0.6404579946990248,"(4aS)-7-Chloro-2,5-dihydro-2-[[(methoxycarbonyl)[4-(trifluoromethoxy)phenyl]amino]carbonyl]indeno[1,2-e][1,3,4]oxadiazine-4a(3H)-carboxylic acid methyl ester"
156,487,0,-1.1431503820419648,iqp_zz_current_20q_duplicate,2,0,-0.5026923873429401,0.6404579946990248,"(2R,6S)-rel-4-[3-[4-(1,1-Dimethylethyl)phenyl]-2-methylpropyl]-2,6-dimethylmorpholine  "
81,505,1,-1.0023834546182444,iqp_zz_current_20q_duplicate,2,0,-0.36192545991921965,0.6404579946990248,Benfuracarb
360,514,1,-0.1309399228251733,iqp_zz_current_20q_duplicate,2,0,0.5095180718738515,0.6404579946990248,Sulfluramid (Ref: GX 071)
150,515,0,-1.575752855548098,iqp_zz_current_20q_duplicate,2,0,-0.9352948608490732,0.6404579946990248,"3-(N-butyl-N-acetyl)-aminopropionic acid, ethyl ester (Ref: OMS 3065)"
2,523,1,-1.415246678265861,iqp_zz_current_20q_duplicate,2,0,-0.7747886835668364,0.6404579946990248,Thifensulfuron-methyl (Ref: DPX M6316)
23,526,0,-1.1583006888527778,iqp_zz_current_20q_duplicate,2,0,-0.5178426941537531,0.6404579946990248,"2-Chloro-N-[2,6-dinitro-4-(trifluoromethyl)phenyl]-N-ethyl-6-fluorobenzenemethanamine"
113,541,0,-1.7103671834548706,iqp_zz_current_20q_duplicate,2,0,-1.0699091887558458,0.6404579946990248,"[[2-Chloro-4-fluoro-5-[(tetrahydro-3-oxo-1H,3H-[1,3,4]thiadiazolo [3,4-a]pyridazin-1-ylidine)amino]phenyl]thioacetic acid methyl ester"
353,551,0,-1.09211315946045,iqp_zz_current_20q_duplicate,2,0,-0.4516551647614254,0.6404579946990248,Prohexadione
46,584,0,-1.2790971911080562,iqp_zz_current_20q_duplicate,2,0,-0.6386391964090313,0.6404579946990248,"(2R)-2-[4-(4-Cyano-2-fluorophenoxy)phenoxy]propanoic acid, Butyl ester"
346,586,0,0.22372189099998008,iqp_zz_current_20q_duplicate,2,1,0.8641798856990048,0.6404579946990248,"N2-[1,1-Dimethyl-2-(methylsulfonyl)ethyl]-3-iodo-N1-[2-methyl-4-[1,2,2,2-tetrafluoro-1-(trifluoromethyl)ethyl]phenyl]-1,2-benzenedicarboxamide"
153,589,1,-0.2022337852441718,iqp_zz_current_20q_duplicate,2,0,0.43822420945485296,0.6404579946990248,(2-Oxo-3-thiazolidinyl)phosphonothioic acid O-ethyl S-(1-methylpropyl)ester
90,593,0,-2.0394312301722923,iqp_zz_current_20q_duplicate,2,0,-1.3989732354732674,0.6404579946990248,Sulfentrazone (Ref: FMC 97285)
90,598,0,-1.7678003684606345,iqp_zz_current_20q_duplicate,2,0,-1.1273423737616097,0.6404579946990248,"alpha,2-Dichloro-5-[4-(difluoromethyl)-4,5-dihydro-3-methyl-5-oxo-1H-1,2,4-triazol-1-yl]-4-fluorobenzenepropanoic acid, Ethyl ester"
340,599,0,-1.784949355446153,iqp_zz_current_20q_duplicate,2,0,-1.1444913607471283,0.6404579946990248,Benoxacor (Ref: CGA 154281)
40,603,1,0.5978781601449199,iqp_zz_current_20q_duplicate,2,1,1.2383361548439447,0.6404579946990248,Cadusafos (Ref: FMC 67825)
7,609,0,-1.7444066259883018,iqp_zz_current_20q_duplicate,2,0,-1.103948631289277,0.6404579946990248,Triflusulfuron-methyl (Ref: DPX 66037)
150,623,0,-1.6569079568842795,iqp_zz_current_20q_duplicate,2,0,-1.0164499621852547,0.6404579946990248,Oryctalure
149,624,1,-1.1308797840122868,iqp_zz_current_20q_duplicate,2,0,-0.4904217893132622,0.6404579946990248,Alanycarb
334,636,1,-1.0002564180618605,iqp_zz_current_20q_duplicate,2,0,-0.35979842336283563,0.6404579946990248,"5-Methyl-5-(4-phenoxyphenyl)-3-(phenylamino)-2,4-oxazolidinedione"
90,661,0,-2.000302212104188,iqp_zz_current_20q_duplicate,2,0,-1.3598442174051633,0.6404579946990248,"alpha,2-Dichloro-5-[4-(difluoromethyl)-4,5-dihydro-3-methyl-5-oxo-1H-1,2,4-triazol-1-yl]-4-fluorobenzenepropanoic acid"
322,670,0,0.04430867789695736,iqp_zz_current_20q_duplicate,2,1,0.6847666725959821,0.6404579946990248,Pyridalyl (Ref: S-1812)
319,677,0,-1.4145150722185311,iqp_zz_current_20q_duplicate,2,0,-0.7740570775195064,0.6404579946990248,"(5S)-3,5-Dihydro-5-methyl-2-(methylthio)-5-phenyl-3-(phenylamino)-4H-imidazol-4-one"
311,707,0,-1.2273406489696725,iqp_zz_current_20q_duplicate,2,0,-0.5868826542706479,0.6404579946990248,Sucrose octanoate
75,710,1,-1.8173833984886272,iqp_zz_current_20q_duplicate,2,0,-1.1769254037896024,0.6404579946990248,Zarilamid (Ref: ICIA001)
309,716,0,-1.3674045343076804,iqp_zz_current_20q_duplicate,2,0,-0.7269465396086557,0.6404579946990248,Alloxydim
302,762,0,-0.9863375699403683,iqp_zz_current_20q_duplicate,2,0,-0.3458795752413435,0.6404579946990248,"Carbonic acid, cis-3-(2,5-Dimethylphenyl)-8-methoxy-2-oxo-1-azaspiro[4.5]dec-3-en-4-yl ethyl ester"
130,766,0,-1.815859915309296,iqp_zz_current_20q_duplicate,2,0,-1.1754019206102713,0.6404579946990248,"2-Chloro-5-[3,6-dihydro-3-methyl-2,6-dioxo-4-(trifluoromethyl-1(2H)-pyrimidinyl]-4-fluoro-N-[[methyl(1-methylethyl)amino]sulfonyl]benzamide"
297,777,0,-1.8412648444202384,iqp_zz_current_20q_duplicate,2,0,-1.2008068497212137,0.6404579946990248,"2-[1-[2-[[(3,5-Difluorophenyl)amino]carbonyl]hydrazinylidene]ethyl]-3-pyridinecarboxylic acid"
62,790,1,-0.8704223593693657,iqp_zz_current_20q_duplicate,2,0,-0.22996436467034095,0.6404579946990248,Furalaxyl-M
294,791,0,-2.0228004630430236,iqp_zz_current_20q_duplicate,2,0,-1.3823424683439989,0.6404579946990248,"N-{2-[(4,6-Dimethoxypyrimidin-2-yl)(hydroxy)methyl]-6-(methoxymethyl)phenyl}-1,1-difluoromethanesulfonamide"
292,793,1,-2.095830310482415,iqp_zz_current_20q_duplicate,2,0,-1.4553723157833902,0.6404579946990248,"4-[[(6-Chloro-3-pyridinyl)methyl](2,2-difluoroethyl)amino]-2(5H)-furanone"
286,810,0,-2.151570858293521,iqp_zz_current_20q_duplicate,2,0,-1.5111128635944961,0.6404579946990248,Triafamone (Ref: AE 1887198)
130,819,1,-1.686907486305004,iqp_zz_current_20q_duplicate,2,0,-1.0464494916059792,0.6404579946990248,"Methyl N-[2-({2-chloro-4-fluoro-5-[3-methyl-2,6-dioxo-4-(trifluoromethyl)-3,6-dihydropyrimidin-1(2H)-yl]phenyl}sulfanyl)propanoyl]-beta-alaninate"
83,825,0,-0.8231695404929085,iqp_zz_current_20q_duplicate,2,0,-0.18271154579388368,0.6404579946990248,Benzyl 4-amino-3-chloro-6-(4-chloro-2-fluoro-3-methoxyphenyl)-5-fluoropyridine-2-carboxylate
281,831,0,-1.7459536322852218,iqp_zz_current_20q_duplicate,2,0,-1.105495637586197,0.6404579946990248,Nicotine
277,842,0,-1.4388074832772593,iqp_zz_current_20q_duplicate,2,0,-0.7983494885782346,0.6404579946990248,Strychnine
273,850,0,-1.2678104284422278,iqp_zz_current_20q_duplicate,2,0,-0.627352433743203,0.6404579946990248,Dimethyl disulfide
267,859,0,-0.9906953581499685,iqp_zz_current_20q_duplicate,2,0,-0.3502373634509437,0.6404579946990248,Dithianon (Ref: BAS 216F)
81,863,1,-0.780491381038068,iqp_zz_current_20q_duplicate,2,0,-0.14003338633904325,0.6404579946990248,Carbosulfan (Ref: OMS 3022)
257,884,0,-1.3230629844968687,iqp_zz_current_20q_duplicate,2,0,-0.6826049897978439,0.6404579946990248,"4-[(2R)-2-[(1S,3S,5S)-3,5-Dimethyl-2-oxocyclohexyl]-2-hydroxyethyl]-2,6-piperidinedione"
124,895,0,-1.063026529173397,iqp_zz_current_20q_duplicate,2,0,-0.42256853447437204,0.6404579946990248,Gibberellic acid
251,896,0,-1.1420580556886823,iqp_zz_current_20q_duplicate,2,0,-0.5016000609896576,0.6404579946990248,ACC
56,914,1,0.6925726339303915,iqp_zz_current_20q_duplicate,2,1,1.3330306286294162,0.6404579946990248,"3-[(Dimethoxyphosphinyl)oxy]-2-pentenedioic acid, Dimethyl ester"
240,922,0,-1.473305824037231,iqp_zz_current_20q_duplicate,2,0,-0.8328478293382062,0.6404579946990248,Metribuzin (Ref: DPX G2504)
23,923,0,-1.2425478380459776,iqp_zz_current_20q_duplicate,2,0,-0.6020898433469529,0.6404579946990248,Oryzalin (Ref: EL 119)
232,933,0,-1.4458894027959346,iqp_zz_current_20q_duplicate,2,0,-0.8054314080969098,0.6404579946990248,Jasmonic acid
226,947,0,-1.3198553254571017,iqp_zz_current_20q_duplicate,2,0,-0.679397330758077,0.6404579946990248,"1,7-dioxaspiro(5.5)undecane"
223,951,0,-0.8462678499197892,iqp_zz_current_20q_duplicate,2,0,-0.20580985522076448,0.6404579946990248,"2,3-Dihydro-5,6-dimethyl-1,4-dithiin 1,1,4,4-tetraoxide"
119,953,0,-1.2791624235201549,iqp_zz_current_20q_duplicate,2,0,-0.6387044288211301,0.6404579946990248,Nitrothal-isopropyl (Ref: BAS 300 OOF)
216,965,0,-1.2799063348712698,iqp_zz_current_20q_duplicate,2,0,-0.6394483401722451,0.6404579946990248,Cinmethylin (Ref: BAS 684 H)
209,976,0,-1.826029718253516,iqp_zz_current_20q_duplicate,2,0,-1.1855717235544911,0.6404579946990248,Ecolyst (Ref: HSDB 7282)
113,986,0,-1.7037047746399094,iqp_zz_current_20q_duplicate,2,0,-1.0632467799408847,0.6404579946990248,Fluthiacet
107,1001,0,-0.7103916387384671,iqp_zz_current_20q_duplicate,2,0,-0.06993364403944233,0.6404579946990248,Di-1-p-menthene
196,1005,0,-1.461860353539206,iqp_zz_current_20q_duplicate,2,0,-0.8214023588401813,0.6404579946990248,"alpha-Methyl-omega-[3-[1,3,3,3-tetramethyl-1-[(trimethylsilyl)oxy]-1-disiloxanyl]propoxy]poly(oxy-1,2-ethanediyl)"
188,1020,0,-0.7061219814746678,iqp_zz_current_20q_duplicate,2,0,-0.06566398677564297,0.6404579946990248,Sabadilla (Ref: ENT 123 )
186,1026,1,-1.7549901861907555,iqp_zz_current_20q_duplicate,2,0,-1.1145321914917308,0.6404579946990248,Triflumezopyrim (Ref: DPX-RAB55)
182,1030,0,-1.5848292918132116,iqp_zz_current_20q_duplicate,2,0,-0.9443712971141869,0.6404579946990248,1-({1-Ethyl-4-[4-(methanesulfonyl)-3-(2-methoxyethoxy)-2-methylbenzoyl]-1H-pyrazol-5-yl}oxy)ethyl methyl carbonate
460,2,0,-1.0155996469580761,iqp_zz_current_20q_complementary_signed_sqrt,2,0,-0.7555741394005877,0.2600255075574885,Para-cymene
107,8,0,-1.0362419963906377,iqp_zz_current_20q_complementary_signed_sqrt,2,0,-0.7762164888331493,0.2600255075574885,Orange oil
56,18,1,1.1335955594255769,iqp_zz_current_20q_complementary_signed_sqrt,2,1,1.3936210669830653,0.2600255075574885,"3-[(Dimethoxyphosphinyl)oxy]-2-butenoic acid, Methyl ester"
452,33,0,-1.252563379270621,iqp_zz_current_20q_complementary_signed_sqrt,2,0,-0.9925378717131326,0.2600255075574885,5-Methyl-2-(1-methylethyl)phenol
23,34,0,-1.303397605855205,iqp_zz_current_20q_complementary_signed_sqrt,2,0,-1.0433720982977166,0.2600255075574885,"N-Butyl-N-ethyl-2,6-dinitro-4-(trifluoromethyl)benzenamine"
177,37,0,-1.1651761537113512,iqp_zz_current_20q_complementary_signed_sqrt,2,0,-0.9051506461538628,0.2600255075574885,Carvone
40,50,1,0.5696068564378374,iqp_zz_current_20q_complementary_signed_sqrt,2,1,0.8296323639953258,0.2600255075574885,Tetraethyl ester diphosphoric acid
75,51,1,-1.1283538486137774,iqp_zz_current_20q_complementary_signed_sqrt,2,0,-0.868328341056289,0.2600255075574885,Chlorobenzilate (Ref: ENT 18596)
107,55,0,-1.1150610080863754,iqp_zz_current_20q_complementary_signed_sqrt,2,0,-0.855035500528887,0.2600255075574885,Alpha-terpineol
446,67,0,-1.0188862383154358,iqp_zz_current_20q_complementary_signed_sqrt,2,0,-0.7588607307579474,0.2600255075574885,1-Methyl-2-pyrrolidinone
441,81,0,-1.0265820072229968,iqp_zz_current_20q_complementary_signed_sqrt,2,0,-0.7665564996655083,0.2600255075574885,Tridemorph (Ref: BAS 2205-F)
30,97,1,-1.167582940494951,iqp_zz_current_20q_complementary_signed_sqrt,2,0,-0.9075574329374625,0.2600255075574885,"3,5-Dimethyl-4-(methylthio)phenol, Methylcarbamate"
436,108,0,-1.1112559078813005,iqp_zz_current_20q_complementary_signed_sqrt,2,0,-0.851230400323812,0.2600255075574885,2-aminobutane
173,114,0,-1.4106666501585077,iqp_zz_current_20q_complementary_signed_sqrt,2,0,-1.1506411426010192,0.2600255075574885,1-naphthylacetamide
2,115,1,-1.3258355995364097,iqp_zz_current_20q_complementary_signed_sqrt,2,0,-1.0658100919789213,0.2600255075574885,Tribenuron-methyl (Ref: DPX L5300)
172,118,0,-1.364984143862981,iqp_zz_current_20q_complementary_signed_sqrt,2,0,-1.1049586363054926,0.2600255075574885,2-naphthyloxyacetic acid
40,140,0,0.7851722073879837,iqp_zz_current_20q_complementary_signed_sqrt,2,1,1.045197714945472,0.2600255075574885,Tribufos
425,166,0,-0.5082298380840555,iqp_zz_current_20q_complementary_signed_sqrt,2,0,-0.2482043305265671,0.2600255075574885,Fosetyl
40,177,1,0.9790138255869378,iqp_zz_current_20q_complementary_signed_sqrt,2,1,1.2390393331444263,0.2600255075574885,"Phosphorodithioic acid O-ethyl S,S-dipropyl ester"
167,216,1,-1.1015230901493576,iqp_zz_current_20q_complementary_signed_sqrt,2,0,-0.8414975825918691,0.2600255075574885,Dimetilan
30,229,1,-1.213304570750316,iqp_zz_current_20q_complementary_signed_sqrt,2,0,-0.9532790631928276,0.2600255075574885,"4-(Dimethylamino)-3,5-dimethylphenol, Methylcarbamate(ester)"
30,235,1,-1.2502136402701354,iqp_zz_current_20q_complementary_signed_sqrt,2,0,-0.9901881327126469,0.2600255075574885,"4-(Dimethylamino)-3-methylphenol, Methylcarbamate (ester)"
167,240,1,-1.2278071883254567,iqp_zz_current_20q_complementary_signed_sqrt,2,0,-0.9677816807679682,0.2600255075574885,"N,N-dimethylcarbamic acid 3-methyl-1-(1-methylethyl)-1H-pyrazol-5-yl ester"
23,241,0,-1.3036541256864977,iqp_zz_current_20q_complementary_signed_sqrt,2,0,-1.0436286181290093,0.2600255075574885,"2,6-Dinitro-N,N-dipropyl-4-(trifluoromethyl)benzenamine"
56,246,1,1.069388982495737,iqp_zz_current_20q_complementary_signed_sqrt,2,1,1.3294144900532254,0.2600255075574885,"Phosphoric acid, (1E)-3-(Dimethylamino)-1-methyl-3-oxo-1-propen-1-yl dimethyl ester"
124,249,0,-0.6063727144146605,iqp_zz_current_20q_complementary_signed_sqrt,2,0,-0.3463472068571719,0.2600255075574885,Gibberellins
30,251,1,-1.224367305048909,iqp_zz_current_20q_complementary_signed_sqrt,2,0,-0.9643417974914206,0.2600255075574885,XMC (Ref: H 69)
412,253,0,-1.0520130845323405,iqp_zz_current_20q_complementary_signed_sqrt,2,0,-0.7919875769748521,0.2600255075574885,Kasugamycin hydrochloride hydrate
411,254,1,-0.5742154290413366,iqp_zz_current_20q_complementary_signed_sqrt,2,0,-0.31418992148384806,0.2600255075574885,Alpha-endosulfan
98,262,1,0.9691124629542673,iqp_zz_current_20q_complementary_signed_sqrt,2,1,1.2291379705117558,0.2600255075574885,"Phosphoric acid, 2-Chloro-1-(2,4-dichlorophenyl)ethenyl diethyl ester"
75,265,0,-0.5403150959441683,iqp_zz_current_20q_complementary_signed_sqrt,2,0,-0.28028958838667983,0.2600255075574885,Bromopropylate (Ref: GS 19851)
56,275,1,1.0765462561786805,iqp_zz_current_20q_complementary_signed_sqrt,2,1,1.336571763736169,0.2600255075574885,Monocrotophos (Ref: ENT 27129)
30,281,1,-1.1775670718758449,iqp_zz_current_20q_complementary_signed_sqrt,2,0,-0.9175415643183564,0.2600255075574885,3-methyl-5-(1-methylethyl)phenol 1-(N-methylcarbamate)  
56,283,1,1.025305952760747,iqp_zz_current_20q_complementary_signed_sqrt,2,1,1.2853314603182355,0.2600255075574885,(2E)-3-[(Dimethoxyphosphinyl)oxy]-2-butenoic acid 1-phenylethyl ester
98,291,1,1.0011764096888038,iqp_zz_current_20q_complementary_signed_sqrt,2,1,1.2612019172462923,0.2600255075574885,"Phosphoric acid (1Z)-2-chloro-1-(2,4,5-trichlorophenyl)ethenyl dimethyl ester"
403,301,0,-1.3552265056387827,iqp_zz_current_20q_complementary_signed_sqrt,2,0,-1.0952009980812942,0.2600255075574885,Benazolin (Ref: RD 7693)
396,325,0,-1.097282756976624,iqp_zz_current_20q_complementary_signed_sqrt,2,0,-0.8372572494191355,0.2600255075574885,N-(2-Methylcyclohexyl)-N'-phenylurea
23,344,1,-0.8546858629121226,iqp_zz_current_20q_complementary_signed_sqrt,2,0,-0.5946603553546341,0.2600255075574885,Isopropalin (Ref: EL-179)
23,359,0,-1.3434053789348661,iqp_zz_current_20q_complementary_signed_sqrt,2,0,-1.0833798713773777,0.2600255075574885,Fluchloralin (Ref: BAS 392H)
388,365,0,-1.0722936496868094,iqp_zz_current_20q_complementary_signed_sqrt,2,0,-0.812268142129321,0.2600255075574885,Methyl cyclohexenone
23,378,0,-1.3229075683695533,iqp_zz_current_20q_complementary_signed_sqrt,2,0,-1.0628820608120648,0.2600255075574885,"N-Ethyl-N-(2-methyl-2-propenyl)-2,6-dinitro-4-(trifluoromethyl)benzenamine"
382,389,0,-1.4125836885944831,iqp_zz_current_20q_complementary_signed_sqrt,2,0,-1.1525581810369947,0.2600255075574885,alpha-Cyclopropyl-alpha-(4-methoxyphenyl)-5-pyrimidinemethanol
98,408,1,1.0218346173500288,iqp_zz_current_20q_complementary_signed_sqrt,2,1,1.2818601249075172,0.2600255075574885,Akton
62,413,1,-1.2324443645512175,iqp_zz_current_20q_complementary_signed_sqrt,2,0,-0.9724188569937291,0.2600255075574885,Furalaxyl (Ref: IPE 134)
23,425,0,-1.1960549286125326,iqp_zz_current_20q_complementary_signed_sqrt,2,0,-0.9360294210550442,0.2600255075574885,"2,6-Dinitro-N1,N1-dipropyl-4-(trifluoromethyl)-1,3-benzenediamine"
377,426,0,1.640219652837108,iqp_zz_current_20q_complementary_signed_sqrt,2,1,1.9002451603945965,0.2600255075574885,Dienochlor (Ref: SAN 804)
156,439,1,-0.7269394085331955,iqp_zz_current_20q_complementary_signed_sqrt,2,0,-0.46691390097570706,0.2600255075574885,Fenpropidin (Ref: CGA 114900)
371,461,1,-0.6820078687168218,iqp_zz_current_20q_complementary_signed_sqrt,2,0,-0.4219823611593334,0.2600255075574885,"(4aS)-7-Chloro-2,5-dihydro-2-[[(methoxycarbonyl)[4-(trifluoromethoxy)phenyl]amino]carbonyl]indeno[1,2-e][1,3,4]oxadiazine-4a(3H)-carboxylic acid methyl ester"
156,487,0,-0.7906231193146516,iqp_zz_current_20q_complementary_signed_sqrt,2,0,-0.530597611757163,0.2600255075574885,"(2R,6S)-rel-4-[3-[4-(1,1-Dimethylethyl)phenyl]-2-methylpropyl]-2,6-dimethylmorpholine  "
81,505,1,-0.7072800546381666,iqp_zz_current_20q_complementary_signed_sqrt,2,0,-0.447254547080678,0.2600255075574885,Benfuracarb
360,514,1,0.6290721311562011,iqp_zz_current_20q_complementary_signed_sqrt,2,1,0.8890976387136895,0.2600255075574885,Sulfluramid (Ref: GX 071)
150,515,0,-1.2406629566022784,iqp_zz_current_20q_complementary_signed_sqrt,2,0,-0.98063744904479,0.2600255075574885,"3-(N-butyl-N-acetyl)-aminopropionic acid, ethyl ester (Ref: OMS 3065)"
2,523,1,-1.1395441309535321,iqp_zz_current_20q_complementary_signed_sqrt,2,0,-0.8795186233960437,0.2600255075574885,Thifensulfuron-methyl (Ref: DPX M6316)
23,526,0,-0.7852618061210987,iqp_zz_current_20q_complementary_signed_sqrt,2,0,-0.5252362985636103,0.2600255075574885,"2-Chloro-N-[2,6-dinitro-4-(trifluoromethyl)phenyl]-N-ethyl-6-fluorobenzenemethanamine"
113,541,0,-1.373282322111571,iqp_zz_current_20q_complementary_signed_sqrt,2,0,-1.1132568145540827,0.2600255075574885,"[[2-Chloro-4-fluoro-5-[(tetrahydro-3-oxo-1H,3H-[1,3,4]thiadiazolo [3,4-a]pyridazin-1-ylidine)amino]phenyl]thioacetic acid methyl ester"
353,551,0,-0.7610019114701818,iqp_zz_current_20q_complementary_signed_sqrt,2,0,-0.5009764039126934,0.2600255075574885,Prohexadione
46,584,0,-0.8710462103545766,iqp_zz_current_20q_complementary_signed_sqrt,2,0,-0.6110207027970881,0.2600255075574885,"(2R)-2-[4-(4-Cyano-2-fluorophenoxy)phenoxy]propanoic acid, Butyl ester"
346,586,0,0.6175351910988147,iqp_zz_current_20q_complementary_signed_sqrt,2,1,0.8775606986563032,0.2600255075574885,"N2-[1,1-Dimethyl-2-(methylsulfonyl)ethyl]-3-iodo-N1-[2-methyl-4-[1,2,2,2-tetrafluoro-1-(trifluoromethyl)ethyl]phenyl]-1,2-benzenedicarboxamide"
153,589,1,0.31762602599571105,iqp_zz_current_20q_complementary_signed_sqrt,2,1,0.5776515335531995,0.2600255075574885,(2-Oxo-3-thiazolidinyl)phosphonothioic acid O-ethyl S-(1-methylpropyl)ester
90,593,0,-1.549850968888289,iqp_zz_current_20q_complementary_signed_sqrt,2,0,-1.2898254613308007,0.2600255075574885,Sulfentrazone (Ref: FMC 97285)
90,598,0,-1.1867455847125166,iqp_zz_current_20q_complementary_signed_sqrt,2,0,-0.9267200771550281,0.2600255075574885,"alpha,2-Dichloro-5-[4-(difluoromethyl)-4,5-dihydro-3-methyl-5-oxo-1H-1,2,4-triazol-1-yl]-4-fluorobenzenepropanoic acid, Ethyl ester"
340,599,0,-1.3444999638742077,iqp_zz_current_20q_complementary_signed_sqrt,2,0,-1.0844744563167192,0.2600255075574885,Benoxacor (Ref: CGA 154281)
40,603,1,1.0193527761717651,iqp_zz_current_20q_complementary_signed_sqrt,2,1,1.2793782837292536,0.2600255075574885,Cadusafos (Ref: FMC 67825)
7,609,0,-1.3496881711786692,iqp_zz_current_20q_complementary_signed_sqrt,2,0,-1.0896626636211808,0.2600255075574885,Triflusulfuron-methyl (Ref: DPX 66037)
150,623,0,-1.3182907792634853,iqp_zz_current_20q_complementary_signed_sqrt,2,0,-1.0582652717059968,0.2600255075574885,Oryctalure
149,624,1,-0.8784660830904627,iqp_zz_current_20q_complementary_signed_sqrt,2,0,-0.6184405755329743,0.2600255075574885,Alanycarb
334,636,1,-0.646440042286851,iqp_zz_current_20q_complementary_signed_sqrt,2,0,-0.3864145347293626,0.2600255075574885,"5-Methyl-5-(4-phenoxyphenyl)-3-(phenylamino)-2,4-oxazolidinedione"
90,661,0,-1.480154731352902,iqp_zz_current_20q_complementary_signed_sqrt,2,0,-1.2201292237954136,0.2600255075574885,"alpha,2-Dichloro-5-[4-(difluoromethyl)-4,5-dihydro-3-methyl-5-oxo-1H-1,2,4-triazol-1-yl]-4-fluorobenzenepropanoic acid"
322,670,0,0.4729096261863965,iqp_zz_current_20q_complementary_signed_sqrt,2,1,0.732935133743885,0.2600255075574885,Pyridalyl (Ref: S-1812)
319,677,0,-1.1143879599903366,iqp_zz_current_20q_complementary_signed_sqrt,2,0,-0.8543624524328481,0.2600255075574885,"(5S)-3,5-Dihydro-5-methyl-2-(methylthio)-5-phenyl-3-(phenylamino)-4H-imidazol-4-one"
311,707,0,-0.9229087411047556,iqp_zz_current_20q_complementary_signed_sqrt,2,0,-0.6628832335472672,0.2600255075574885,Sucrose octanoate
75,710,1,-1.3398083551269317,iqp_zz_current_20q_complementary_signed_sqrt,2,0,-1.0797828475694433,0.2600255075574885,Zarilamid (Ref: ICIA001)
309,716,0,-1.11248245058109,iqp_zz_current_20q_complementary_signed_sqrt,2,0,-0.8524569430236015,0.2600255075574885,Alloxydim
302,762,0,-0.6745943248602209,iqp_zz_current_20q_complementary_signed_sqrt,2,0,-0.4145688173027323,0.2600255075574885,"Carbonic acid, cis-3-(2,5-Dimethylphenyl)-8-methoxy-2-oxo-1-azaspiro[4.5]dec-3-en-4-yl ethyl ester"
130,766,0,-1.3633283497894226,iqp_zz_current_20q_complementary_signed_sqrt,2,0,-1.1033028422319342,0.2600255075574885,"2-Chloro-5-[3,6-dihydro-3-methyl-2,6-dioxo-4-(trifluoromethyl-1(2H)-pyrimidinyl]-4-fluoro-N-[[methyl(1-methylethyl)amino]sulfonyl]benzamide"
297,777,0,-1.435125756922669,iqp_zz_current_20q_complementary_signed_sqrt,2,0,-1.1751002493651805,0.2600255075574885,"2-[1-[2-[[(3,5-Difluorophenyl)amino]carbonyl]hydrazinylidene]ethyl]-3-pyridinecarboxylic acid"
62,790,1,-0.5105591798927149,iqp_zz_current_20q_complementary_signed_sqrt,2,0,-0.2505336723352264,0.2600255075574885,Furalaxyl-M
294,791,0,-1.5558493198048935,iqp_zz_current_20q_complementary_signed_sqrt,2,0,-1.295823812247405,0.2600255075574885,"N-{2-[(4,6-Dimethoxypyrimidin-2-yl)(hydroxy)methyl]-6-(methoxymethyl)phenyl}-1,1-difluoromethanesulfonamide"
292,793,1,-1.6170704411727306,iqp_zz_current_20q_complementary_signed_sqrt,2,0,-1.3570449336152421,0.2600255075574885,"4-[[(6-Chloro-3-pyridinyl)methyl](2,2-difluoroethyl)amino]-2(5H)-furanone"
286,810,0,-1.758665384671773,iqp_zz_current_20q_complementary_signed_sqrt,2,0,-1.4986398771142846,0.2600255075574885,Triafamone (Ref: AE 1887198)
130,819,1,-1.2295479566628222,iqp_zz_current_20q_complementary_signed_sqrt,2,0,-0.9695224491053338,0.2600255075574885,"Methyl N-[2-({2-chloro-4-fluoro-5-[3-methyl-2,6-dioxo-4-(trifluoromethyl)-3,6-dihydropyrimidin-1(2H)-yl]phenyl}sulfanyl)propanoyl]-beta-alaninate"
83,825,0,-0.31951092085868066,iqp_zz_current_20q_complementary_signed_sqrt,2,0,-0.05948541330119217,0.2600255075574885,Benzyl 4-amino-3-chloro-6-(4-chloro-2-fluoro-3-methoxyphenyl)-5-fluoropyridine-2-carboxylate
281,831,0,-1.3482622876132373,iqp_zz_current_20q_complementary_signed_sqrt,2,0,-1.0882367800557489,0.2600255075574885,Nicotine
277,842,0,-1.0182617658897413,iqp_zz_current_20q_complementary_signed_sqrt,2,0,-0.7582362583322528,0.2600255075574885,Strychnine
273,850,0,-0.8588993550119111,iqp_zz_current_20q_complementary_signed_sqrt,2,0,-0.5988738474544226,0.2600255075574885,Dimethyl disulfide
267,859,0,-0.6673376404983369,iqp_zz_current_20q_complementary_signed_sqrt,2,0,-0.40731213294084834,0.2600255075574885,Dithianon (Ref: BAS 216F)
81,863,1,-0.5381586439852,iqp_zz_current_20q_complementary_signed_sqrt,2,0,-0.2781331364277114,0.2600255075574885,Carbosulfan (Ref: OMS 3022)
257,884,0,-1.010939165366987,iqp_zz_current_20q_complementary_signed_sqrt,2,0,-0.7509136578094986,0.2600255075574885,"4-[(2R)-2-[(1S,3S,5S)-3,5-Dimethyl-2-oxocyclohexyl]-2-hydroxyethyl]-2,6-piperidinedione"
124,895,0,-0.7319143459946136,iqp_zz_current_20q_complementary_signed_sqrt,2,0,-0.47188883843712504,0.2600255075574885,Gibberellic acid
251,896,0,-0.8395578060608622,iqp_zz_current_20q_complementary_signed_sqrt,2,0,-0.5795322985033737,0.2600255075574885,ACC
56,914,1,1.085094766760725,iqp_zz_current_20q_complementary_signed_sqrt,2,1,1.3451202743182133,0.2600255075574885,"3-[(Dimethoxyphosphinyl)oxy]-2-pentenedioic acid, Dimethyl ester"
240,922,0,-1.072039402077125,iqp_zz_current_20q_complementary_signed_sqrt,2,0,-0.8120138945196365,0.2600255075574885,Metribuzin (Ref: DPX G2504)
23,923,0,-1.0094595986870927,iqp_zz_current_20q_complementary_signed_sqrt,2,0,-0.7494340911296042,0.2600255075574885,Oryzalin (Ref: EL 119)
232,933,0,-1.1675085743637632,iqp_zz_current_20q_complementary_signed_sqrt,2,0,-0.9074830668062748,0.2600255075574885,Jasmonic acid
226,947,0,-0.9673536755055656,iqp_zz_current_20q_complementary_signed_sqrt,2,0,-0.7073281679480772,0.2600255075574885,"1,7-dioxaspiro(5.5)undecane"
223,951,0,-0.5668741841597074,iqp_zz_current_20q_complementary_signed_sqrt,2,0,-0.30684867660221893,0.2600255075574885,"2,3-Dihydro-5,6-dimethyl-1,4-dithiin 1,1,4,4-tetraoxide"
119,953,0,-0.9610439790601177,iqp_zz_current_20q_complementary_signed_sqrt,2,0,-0.7010184715026293,0.2600255075574885,Nitrothal-isopropyl (Ref: BAS 300 OOF)
216,965,0,-0.9792673659882414,iqp_zz_current_20q_complementary_signed_sqrt,2,0,-0.719241858430753,0.2600255075574885,Cinmethylin (Ref: BAS 684 H)
209,976,0,-1.4056140496392004,iqp_zz_current_20q_complementary_signed_sqrt,2,0,-1.145588542081712,0.2600255075574885,Ecolyst (Ref: HSDB 7282)
113,986,0,-1.3877580059201458,iqp_zz_current_20q_complementary_signed_sqrt,2,0,-1.1277324983626573,0.2600255075574885,Fluthiacet
107,1001,0,-0.4193089091439806,iqp_zz_current_20q_complementary_signed_sqrt,2,0,-0.15928340158649212,0.2600255075574885,Di-1-p-menthene
196,1005,0,-1.0929923562339587,iqp_zz_current_20q_complementary_signed_sqrt,2,0,-0.8329668486764703,0.2600255075574885,"alpha-Methyl-omega-[3-[1,3,3,3-tetramethyl-1-[(trimethylsilyl)oxy]-1-disiloxanyl]propoxy]poly(oxy-1,2-ethanediyl)"
188,1020,0,-0.3123186802332048,iqp_zz_current_20q_complementary_signed_sqrt,2,0,-0.052293172675716315,0.2600255075574885,Sabadilla (Ref: ENT 123 )
186,1026,1,-1.2335411017870814,iqp_zz_current_20q_complementary_signed_sqrt,2,0,-0.973515594229593,0.2600255075574885,Triflumezopyrim (Ref: DPX-RAB55)
182,1030,0,-1.2066679934735853,iqp_zz_current_20q_complementary_signed_sqrt,2,0,-0.9466424859160969,0.2600255075574885,1-({1-Ethyl-4-[4-(methanesulfonyl)-3-(2-methoxyethoxy)-2-methylbenzoyl]-1H-pyrazol-5-yl}oxy)ethyl methyl carbonate
3,20,0,-1.245931848223143,iqp_zz_current_20q_duplicate,3,0,-0.716192486018591,0.5297393622045521,Neburon
453,29,0,-1.563708154437099,iqp_zz_current_20q_duplicate,3,0,-1.033968792232547,0.5297393622045521,"1,8-cineole"
3,31,0,-1.5563427100105838,iqp_zz_current_20q_duplicate,3,0,-1.0266033478060317,0.5297393622045521,"N'-(3,4-Dichlorophenyl)-N-methoxy-N-methylurea"
80,36,0,-1.5024333607493556,iqp_zz_current_20q_duplicate,3,0,-0.9726939985448034,0.5297393622045521,"2-[(Trichloromethyl)thio]-1H-isoindole-1,3(2H)dione"
42,39,0,-1.5488016994671736,iqp_zz_current_20q_duplicate,3,0,-1.0190623372626215,0.5297393622045521,"N-(3,4-Dichlorophenyl)propanamide"
3,42,0,-1.4940168138689316,iqp_zz_current_20q_duplicate,3,0,-0.9642774516643796,0.5297393622045521,"N'-(3,4-Dichlorophenyl)-N,N-dimethylurea"
443,78,1,-0.8661826904394949,iqp_zz_current_20q_duplicate,3,0,-0.33644332823494283,0.5297393622045521,Trichlorfon (Ref: OMS 800)
439,87,0,-1.837107761299611,iqp_zz_current_20q_duplicate,3,0,-1.3073683990950589,0.5297393622045521,As-(4-Aminophenyl)arsonic acid
27,92,1,-1.334087863425281,iqp_zz_current_20q_duplicate,3,0,-0.804348501220729,0.5297393622045521,Penconazole (Ref: CGA 71818)
165,93,0,-1.6070238896882822,iqp_zz_current_20q_duplicate,3,0,-1.0772845274837302,0.5297393622045521,Dichlone (Ref: USR 604)
27,101,0,-1.4525367274808114,iqp_zz_current_20q_duplicate,3,0,-0.9227973652762594,0.5297393622045521,"1-(4-Chlorophenoxy)-3,3-dimethyl-1-(1H-1,2,4-triazol-1-yl)-2-butanone"
111,125,0,-0.9329304592353035,iqp_zz_current_20q_duplicate,3,0,-0.4031910970307514,0.5297393622045521,[2-[[[1-(4-Chlorophenyl)-1H-pyrazol-3-yl]oxy]methyl]phenyl]methoxycarbamic acid methyl ester
430,145,0,-0.7470462047803466,iqp_zz_current_20q_duplicate,3,0,-0.21730684257579444,0.5297393622045521,"2-[(1,1-Dimethylethyl)imino]tetrahydro-3-(1-methylethyl)-5-phenyl-4H-1,3,5-thiadiazin-4-one"
59,146,1,-0.6573614191175852,iqp_zz_current_20q_duplicate,3,0,-0.12762205691303305,0.5297393622045521,"1,4,5,6,7,8,8-Heptachloro-3a,4,7,7a-tetrahydro-4,7-methano-1H-indene"
16,147,0,-1.27982956060294,iqp_zz_current_20q_duplicate,3,0,-0.7500901983983879,0.5297393622045521,"2-(2,4,5-Trichlorophenoxy)acetic acid, Butyl ester"
59,148,1,-0.7413948131628687,iqp_zz_current_20q_duplicate,3,0,-0.21165545095831662,0.5297393622045521,"(1R,4S,4aS,5S,8R,8aR)-rel-1,2,3,4,10,10-Hexachloro-1,4,4a,5,8,8a-hexahydro-1,4:5,8-dimethanonaphthalene"
59,154,1,-0.9500778581268123,iqp_zz_current_20q_duplicate,3,0,-0.42033849592226025,0.5297393622045521,"(1aR,2R,2aS,3S,6R,6aR,7S,7aS)-rel-3,4,5,6,9,9-Hexachloro-1a,2,2a,3,6,6a,7,7a-octahydro-2,7:3,6-dimethanonaphth[2,3-b]oxirene "
428,158,0,-1.2465656752273142,iqp_zz_current_20q_duplicate,3,0,-0.7168263130227621,0.5297393622045521,"alpha-(4-(1,1,3,3-Tetramethylbutyl)phenyl)-omega-hydroxypoly(oxy-1,2-ethanediyl)"
52,173,0,-0.9624685315971085,iqp_zz_current_20q_duplicate,3,0,-0.43272916939255646,0.5297393622045521,Chlorbenside (Ref: ENT 20696)
38,175,1,0.7592756047248488,iqp_zz_current_20q_duplicate,3,1,1.2890149669294009,0.5297393622045521,"Phosphorothioic acid, S-[2-(Ethylsulfinyl)ethyl] O,O-dimethyl ester"
3,176,0,-1.533642070282934,iqp_zz_current_20q_duplicate,3,0,-1.003902708078382,0.5297393622045521,"N'-(4-chlorophenyl)-N,N-dimethylurea"
8,192,0,-1.8075710213176701,iqp_zz_current_20q_duplicate,3,0,-1.277831659113118,0.5297393622045521,"6-Chloro-N,N'-diethyl-1,3,5-triazine-2,4-diamine"
8,196,0,-1.6542439150536747,iqp_zz_current_20q_duplicate,3,0,-1.1245045528491227,0.5297393622045521,"6-Chloro-N2,N4-bis(1-methylethyl)-1,3,5-triazine-2,4-diamine"
421,202,0,-1.8426806780764375,iqp_zz_current_20q_duplicate,3,0,-1.3129413158718855,0.5297393622045521,Methazole (Ref: VCS-438)
8,211,0,-1.6098395498159532,iqp_zz_current_20q_duplicate,3,0,-1.0801001876114011,0.5297393622045521,"6-Methoxy-N2,N4-bis(1-methylethyl)-1,3,5-triazine-2,4-diamine"
8,217,0,-1.5133098931028794,iqp_zz_current_20q_duplicate,3,0,-0.9835705308983274,0.5297393622045521,"N2-Ethyl-N4-(1-methylethyl)-6-(methylthio)-1,3,5-triazine-2,4-diamine"
8,218,0,-1.7509138287121062,iqp_zz_current_20q_duplicate,3,0,-1.2211744665075541,0.5297393622045521,"6-Chloro-N-ethyl-N'-(1-methylethyl)-1,3,5-triazine-2,4-diamine"
8,220,0,-1.390014886192489,iqp_zz_current_20q_duplicate,3,0,-0.8602755239879368,0.5297393622045521,"N2,N4-Bis(1-methylethyl)-6-(methylthio)-1,3,5-triazine-2,4-diamine"
8,226,0,-1.7836251728529462,iqp_zz_current_20q_duplicate,3,0,-1.253885810648394,0.5297393622045521,Trietazine (Ref: G 27901)
38,227,1,0.7331087349917034,iqp_zz_current_20q_duplicate,3,1,1.2628480971962555,0.5297393622045521,Vamidothion (Ref: ENT 26613)
121,230,1,-0.35872052853417047,iqp_zz_current_20q_duplicate,3,0,0.17101883367038165,0.5297393622045521,"1,1a,3,3a,4,5,5,5a,5b,6-Decachlorooctahydro-1,3,4-metheno-2H-cyclobuta[cd]pentalen-2-one"
415,238,0,-1.6103645078453106,iqp_zz_current_20q_duplicate,3,0,-1.0806251456407585,0.5297393622045521,"N-Cyclopropyl-1,3,5-triazine-2,4,6-triamine"
3,239,0,-1.062343380556565,iqp_zz_current_20q_duplicate,3,0,-0.5326040183520129,0.5297393622045521,Chloroxuron (Ref: C 1983)
52,242,1,1.0471474951955846,iqp_zz_current_20q_duplicate,3,1,1.5768868574001367,0.5297393622045521,Methyl trithion
3,252,0,-1.5703490897270524,iqp_zz_current_20q_duplicate,3,0,-1.0406097275225004,0.5297393622045521,Monolinuron (Ref: HOE 002747)
80,257,0,-1.3167556865652572,iqp_zz_current_20q_duplicate,3,0,-0.7870163243607051,0.5297393622045521,Captafol (Ref: Ortho-5865)
103,266,1,0.8655811007895737,iqp_zz_current_20q_duplicate,3,1,1.3953204629941258,0.5297393622045521,"Phosphorothioic acid, O,O-Diethyl O(4-methylsulfinyl)phenyl)ester"
8,268,0,-1.5906954571383651,iqp_zz_current_20q_duplicate,3,0,-1.060956094933813,0.5297393622045521,Terbuthylazine
165,271,0,-1.5802509620508864,iqp_zz_current_20q_duplicate,3,0,-1.0505115998463344,0.5297393622045521,Quinoclamine
407,278,0,-1.5828831885546681,iqp_zz_current_20q_duplicate,3,0,-1.053143826350116,0.5297393622045521,"3-Cyclohexyl-6-(dimethylamino)-1-methyl-1,3,5-triazine-2,4-(1H,3H)dione"
3,279,0,-1.4570487986724396,iqp_zz_current_20q_duplicate,3,0,-0.9273094364678877,0.5297393622045521,Chlorbromuron (Ref: C6313)
38,284,1,0.5211424692013313,iqp_zz_current_20q_duplicate,3,1,1.0508818314058834,0.5297393622045521,"O,O-Dimethyl S-[2-(methylamino)-2-oxoethyl ester phosphorothioic acid"
3,285,0,-1.7060049714248724,iqp_zz_current_20q_duplicate,3,0,-1.1762656092203203,0.5297393622045521,"N,N-Dimethyl-N'-[3-(trifluoromethyl)phenyl]urea"
3,286,0,-1.527990325236992,iqp_zz_current_20q_duplicate,3,0,-0.9982509630324398,0.5297393622045521,Metobromuron (Ref: C 3216)
158,287,0,-1.6786324565549702,iqp_zz_current_20q_duplicate,3,0,-1.148893094350418,0.5297393622045521,"1,1-Dichloro-N-[(dimethylamino)sulfonyl]-1-fluoro-N-phenylmethanesulfenamide"
164,290,1,-0.26439906028307114,iqp_zz_current_20q_duplicate,3,0,0.26534030192148095,0.5297393622045521,(1-Methylethyl)phosphoramidic acid ethyl-3-methyl-4-(methylthio)phenyl ester
404,300,1,-0.42252309386681924,iqp_zz_current_20q_duplicate,3,0,0.10721626833773285,0.5297393622045521,"Ethylphosphonodithioic acid, O-Ethyl S-phenyl ester"
22,309,0,-1.5155108661741705,iqp_zz_current_20q_duplicate,3,0,-0.9857715039696183,0.5297393622045521,Looplure (Ref: ENT 33266)
38,320,1,0.7862649742647656,iqp_zz_current_20q_duplicate,3,1,1.3160043364693177,0.5297393622045521,"S-[2-(Ethylsulfonyl)ethyl]O,O-dimethyl ester phosphorothioic acid"
397,321,0,-1.3165135405591903,iqp_zz_current_20q_duplicate,3,0,-0.7867741783546383,0.5297393622045521,Asulam (Ref: M&B 9057)
3,323,0,-1.493358191773903,iqp_zz_current_20q_duplicate,3,0,-0.9636188295693509,0.5297393622045521,Metoxuron (Ref: SAN 6915H)
3,327,0,-1.253741920625672,iqp_zz_current_20q_duplicate,3,0,-0.7240025584211197,0.5297393622045521,Monalide (Ref: SN 35830)
38,332,1,0.8207773295799219,iqp_zz_current_20q_duplicate,3,1,1.350516691784474,0.5297393622045521,"O,O-Dimethyl O-[2-(methylthio)ethyl]ester phosphorothioic acid mixt. with O,O-dimethyl S-[2-(methylthio)ethyl]phosphorothioate"
8,333,0,-1.5765319477142528,iqp_zz_current_20q_duplicate,3,0,-1.0467925855097007,0.5297393622045521,Cyanazine
135,341,1,-0.7670766605218483,iqp_zz_current_20q_duplicate,3,0,-0.23733729831729625,0.5297393622045521,"2aR,3S,4S,4aR,5S,7aS,8S,10R,10aS,10bR)-10-(Acetyloxy)octahydro-3,5-dihydroxy-4-methyl-8-[[(2E)-2-methyl-1-oxo-2-buten-1-yl]oxy]-4-[(1aR,2S,3aS,6aS,7S,7aS)-3a,6a,7,7a-tetrahydro-6a-hydroxy-7a-methyl-2,7-methanofuro[2,3-b]oxireno[e]oxepin-1a(2H)-yl]-1H,7H-naptho[1,8-bc:4,4a-c']difuran-5,10a(8H)-dicarboxylic acid 5-10a-dimethyl ester"
3,348,0,-1.4667873908115512,iqp_zz_current_20q_duplicate,3,0,-0.9370480286069991,0.5297393622045521,Chlorotoluron (Ref: C 2242)
22,349,1,-1.778282858247649,iqp_zz_current_20q_duplicate,3,0,-1.248543496043097,0.5297393622045521,8-dodecenol
3,353,1,-1.7391171557537435,iqp_zz_current_20q_duplicate,3,0,-1.2093777935491914,0.5297393622045521,Diflubenzuron (Ref: OMS 1804)
391,354,1,-0.904067319939337,iqp_zz_current_20q_duplicate,3,0,-0.3743279577347849,0.5297393622045521,"Benzoyl chloride, (2,4,6-Trichlorophenyl)hydrazone"
390,356,0,-0.9944119160302217,iqp_zz_current_20q_duplicate,3,0,-0.46467255382566963,0.5297393622045521,Piperalin (Ref: HSDB 7058)
22,363,0,-1.7436568995001698,iqp_zz_current_20q_duplicate,3,0,-1.2139175372956177,0.5297393622045521,Codlemone (Ref: BAS 2851)
8,370,0,-1.3101245089476692,iqp_zz_current_20q_duplicate,3,0,-0.7803851467431171,0.5297393622045521,Dipropetryn (Ref: GC 16068)
383,387,1,-1.3679388349068542,iqp_zz_current_20q_duplicate,3,0,-0.8381994727023021,0.5297393622045521,"5-Amino-1-[2,6-dichloro-4-(trifluoromethyl)phenyl]-4-[(trifluoromethyl)sulfinyl]-1H-pyrazole-3-carbonitrile"
78,406,0,-1.449952642409549,iqp_zz_current_20q_duplicate,3,0,-0.9202132802049969,0.5297393622045521,Procymidone (Ref: S 7131)
3,412,0,-1.3496624520819753,iqp_zz_current_20q_duplicate,3,0,-0.8199230898774232,0.5297393622045521,Isoproturon (Ref: HOE 16410)
3,414,0,-1.1006694447125738,iqp_zz_current_20q_duplicate,3,0,-0.5709300825080217,0.5297393622045521,Difenoxuron (Ref: C3470)
378,416,0,-1.8255052003746521,iqp_zz_current_20q_duplicate,3,0,-1.2957658381701,0.5297393622045521,Mefluidide (Ref: MBR 12325)
22,417,0,-1.5178874713996735,iqp_zz_current_20q_duplicate,3,0,-0.9881481091951214,0.5297393622045521,(E)-dec-5-enyl acetate
154,419,1,0.9602468459457894,iqp_zz_current_20q_duplicate,3,1,1.4899862081503414,0.5297393622045521,O-(4-bromo-2-chlorophenyl) O-ethyl S-propyl ester phosphorothioic acid
27,421,0,-1.5131682391572383,iqp_zz_current_20q_duplicate,3,0,-0.9834288769526862,0.5297393622045521,"beta-(4-Chlorophenoxy)-alpha-(1,1-dimethylethyl)-1H-1,2,4-triazole-1-ethanol"
27,424,0,-1.0535732934261945,iqp_zz_current_20q_duplicate,3,0,-0.5238339312216425,0.5297393622045521,Bitertanol (Ref: KWG 0599)
158,437,0,-1.5724083373931734,iqp_zz_current_20q_duplicate,3,0,-1.0426689751886213,0.5297393622045521,"1,1-Dichloro-N-[(dimethylamino)sulfonyl]-1-fluoro-N-(4-methylphenyl)methanesulfenamide"
96,438,1,-1.300934749226307,iqp_zz_current_20q_duplicate,3,0,-0.7711953870217548,0.5297393622045521,Climbazole (Ref: 106162)
27,441,1,-1.4276202589954237,iqp_zz_current_20q_duplicate,3,0,-0.8978808967908716,0.5297393622045521,Diclobutrazol (Ref: PP296)
372,443,0,-1.790200836599123,iqp_zz_current_20q_duplicate,3,0,-1.260461474394571,0.5297393622045521,Triclopyr-triethylammonium
13,448,0,-0.937629021530758,iqp_zz_current_20q_duplicate,3,0,-0.4078896593262059,0.5297393622045521,Fluazifop-butyl (Ref: SL 236)
3,450,0,-1.3509744009687648,iqp_zz_current_20q_duplicate,3,0,-0.8212350387642127,0.5297393622045521,Dimefuron (Ref: RP 23465)
3,451,0,-0.5559812062241377,iqp_zz_current_20q_duplicate,3,0,-0.026241844019585597,0.5297393622045521,Pencycuron (Ref: NTN 19701)
78,456,0,-1.2002142516866918,iqp_zz_current_20q_duplicate,3,0,-0.6704748894821396,0.5297393622045521,Chlozolinate (Ref: M 8164)
8,469,0,-1.3331228610436872,iqp_zz_current_20q_duplicate,3,0,-0.8033834988391351,0.5297393622045521,Dimethametryn (Ref: C 18898)
22,473,0,-1.7464473222085448,iqp_zz_current_20q_duplicate,3,0,-1.2167079600039927,0.5297393622045521,5-decenol (Ref: BAS 287 1)
27,483,0,-1.301382761697324,iqp_zz_current_20q_duplicate,3,0,-0.7716433994927718,0.5297393622045521,Diniconazole (Ref: XE-779)
364,490,0,-1.3244209976787285,iqp_zz_current_20q_duplicate,3,0,-0.7946816354741763,0.5297393622045521,Triflumizole (Ref: NF 114 )
129,511,0,-1.596436237774491,iqp_zz_current_20q_duplicate,3,0,-1.0666968755699389,0.5297393622045521,"2-[(2-Chlorophenyl)methyl]-4,4-dimethyl-3-isoxazolidinone"
154,522,1,0.8099436938670941,iqp_zz_current_20q_duplicate,3,1,1.3396830560716462,0.5297393622045521,Pyraclofos (Ref: OMS 3040)
63,544,1,-1.337811932898525,iqp_zz_current_20q_duplicate,3,0,-0.8080725706939729,0.5297393622045521,Chlorantraniliprole (Ref: DPX E2Y45)
77,547,0,-1.4423281032087274,iqp_zz_current_20q_duplicate,3,0,-0.9125887410041753,0.5297393622045521,"4,6-Dimethyl-N-phenyl-2-pyrimidinamine"
354,550,0,-1.3975296593692976,iqp_zz_current_20q_duplicate,3,0,-0.8677902971647455,0.5297393622045521,"[3-(4,5-Dihydro-3-isoxazolyl)-2-methyl-4-(methylsulfonyl)phenyl](5-hydroxy-1-methyl-1H-pyrazol-4-yl)methanone"
13,556,0,-0.6912957594991527,iqp_zz_current_20q_duplicate,3,0,-0.16155639729460058,0.5297393622045521,Propaquizafop (Ref: CGA 233380)
13,567,0,-0.7520129570528461,iqp_zz_current_20q_duplicate,3,0,-0.222273594848294,0.5297393622045521,Quizalofop-P-tefuryl (Ref: UBI C4874 )
348,580,1,-0.7716911933661859,iqp_zz_current_20q_duplicate,3,0,-0.2419518311616338,0.5297393622045521,"4-[2-[4-(1,1-Dimethylethyl)phenyl]ethoxy]quinazoline"
341,597,0,-1.2859430525773163,iqp_zz_current_20q_duplicate,3,0,-0.7562036903727641,0.5297393622045521,"1,2,3-Benzothiadiazole-7-carbothioic acid S-methyl ester"
337,606,0,-1.669426218854117,iqp_zz_current_20q_duplicate,3,0,-1.1396868566495648,0.5297393622045521,Fluquinconazole (Ref: AE C597265)
147,628,0,-1.8982368971367343,iqp_zz_current_20q_duplicate,3,0,-1.3684975349321822,0.5297393622045521,"3-Chloro-2-[[(5-ethoxy-7-fluoro[1,2,4]triazolo[1,5-c]pyrimidin-2-yl)sulfonyl]amino]benzoic acid, Methyl ester"
77,632,0,-1.2859830344575776,iqp_zz_current_20q_duplicate,3,0,-0.7562436722530256,0.5297393622045521,Cyprodinil (Ref: CGA 219417)
89,649,0,-1.4737104415627171,iqp_zz_current_20q_duplicate,3,0,-0.943971079358165,0.5297393622045521,2-[2-Chloro-5-[4-chloro-5-(difluoromethoxy)-1-methyl-1H-pyrazol-3-yl]-4-fluorophenoxy]acetic acid ethyl ester
328,652,0,-1.0637314220453815,iqp_zz_current_20q_duplicate,3,0,-0.5339920598408295,0.5297393622045521,Fenhexamid (Ref: KBR 2738)
318,681,0,-1.231122261126186,iqp_zz_current_20q_duplicate,3,0,-0.701382898921634,0.5297393622045521,Cafenstrole (Ref: CH 900)
33,685,0,-1.535583423340616,iqp_zz_current_20q_duplicate,3,0,-1.005844061136064,0.5297393622045521,Propoxycarbazone
144,686,1,-1.1046135063532967,iqp_zz_current_20q_duplicate,3,0,-0.5748741441487446,0.5297393622045521,"2-(4-Methoxy[1,1'-biphenyl]-3-yl)hydrazinecarboxylic acid, 1-Methylethyl ester"
315,690,0,-1.3419545104628587,iqp_zz_current_20q_duplicate,3,0,-0.8122151482583067,0.5297393622045521,Fentrazamide (Ref: BAY YRC 2388)
33,694,0,-1.9360170317895664,iqp_zz_current_20q_duplicate,3,0,-1.4062776695850143,0.5297393622045521,Flucarbazone
89,696,0,-1.7005577854973672,iqp_zz_current_20q_duplicate,3,0,-1.1708184232928152,0.5297393622045521,"2-[2-Chloro-4-fluoro-5-[5-methyl-6-oxo-4-(trifluoromethyl)-1(6H)-pyridazinyl]phenoxy]acetic acid, Ethyl ester"
140,717,0,-0.24247821941047298,iqp_zz_current_20q_duplicate,3,0,0.2872611427940791,0.5297393622045521,Profoxydim (Ref: BAS 625H)
308,718,0,-1.8460987500421606,iqp_zz_current_20q_duplicate,3,0,-1.3163593878376085,0.5297393622045521,Picloram-tripromine
13,743,0,-1.0174517870682216,iqp_zz_current_20q_duplicate,3,0,-0.4877124248636694,0.5297393622045521,Haloxyfop-etotyl (Ref: DOWCO 453EE)
303,756,0,-1.1516793407084205,iqp_zz_current_20q_duplicate,3,0,-0.6219399785038684,0.5297393622045521,"N-[2-(1,3-Dimethylbutyl)-3-thienyl]-1-methyl-3-(trifluoromethyl)-1H-pyrazole-4-carboxamide"
63,767,1,-1.5073356711163926,iqp_zz_current_20q_duplicate,3,0,-0.9775963089118406,0.5297393622045521,3-Bromo-1-(3-chloro-2-pyridinyl)-N-[4-cyano-2-methyl-6-[(methylamino)carbonyl]phenyl]-1H-pyrazole-5-carboxamide
300,768,0,0.8650053839900933,iqp_zz_current_20q_duplicate,3,1,1.3947447461946454,0.5297393622045521,Iprobenfos
135,769,0,-0.7833426304494624,iqp_zz_current_20q_duplicate,3,0,-0.2536032682449103,0.5297393622045521,Dihydroazadirachtin
290,801,0,-1.4806777962939712,iqp_zz_current_20q_duplicate,3,0,-0.9509384340894192,0.5297393622045521,Ametoctradin (Ref: BAS 650F)
63,805,1,-0.5392213426573739,iqp_zz_current_20q_duplicate,3,0,-0.009481980452821809,0.5297393622045521,Cyclaniliprole (Ref: IKI-3106)
288,807,0,-1.7425725347338425,iqp_zz_current_20q_duplicate,3,0,-1.2128331725292905,0.5297393622045521,Fluazaindolizine (Ref: DPX-Q8U80)
33,808,0,-1.1923206860120152,iqp_zz_current_20q_duplicate,3,0,-0.6625813238074632,0.5297393622045521,Thiencarbazone-methyl (Ref: BYH 18636 )
33,813,0,-1.0342207717891765,iqp_zz_current_20q_duplicate,3,0,-0.5044814095846243,0.5297393622045521,Thiencarbazone
282,821,0,-0.8699683017500148,iqp_zz_current_20q_duplicate,3,0,-0.34022893954546274,0.5297393622045521,Isoflucypram (Ref: BCS-CN88460)
129,827,0,-1.5353944079380693,iqp_zz_current_20q_duplicate,3,0,-1.0056550457335172,0.5297393622045521,Bixlozone (Ref: F9600)
274,847,0,-1.7159881723345303,iqp_zz_current_20q_duplicate,3,0,-1.1862488101299782,0.5297393622045521,Cinnamaldehyde
271,854,0,-1.7754951680948525,iqp_zz_current_20q_duplicate,3,0,-1.2457558058903004,0.5297393622045521,"N,N'-[1,4-Piperazinediylbis(2,2,2-trichloroethylidene)]bis-formamide"
264,864,0,-1.7174533134453174,iqp_zz_current_20q_duplicate,3,0,-1.1877139512407653,0.5297393622045521,Garlic extract
262,866,0,-0.7309541819115233,iqp_zz_current_20q_duplicate,3,0,-0.2012148197069712,0.5297393622045521,"N,N,N',N'-Tetramethylthioperoxydicarbonic diamide ([(H2N)C(S)]2S2)"
80,869,0,-1.410380798612712,iqp_zz_current_20q_duplicate,3,0,-0.8806414364081598,0.5297393622045521,Captan (Ref: SR 406)
259,881,0,-0.8408971741822866,iqp_zz_current_20q_duplicate,3,0,-0.3111578119777345,0.5297393622045521,"2-[4-(1,1-Dimethylethyl)phenoxy]cyclohexyl 2-propynyl ester sulfurous acid"
59,883,1,-0.4414797758088892,iqp_zz_current_20q_duplicate,3,0,0.08825958639566292,0.5297393622045521,Chlordane (Technical Grade)
253,893,0,-1.3965135661208148,iqp_zz_current_20q_duplicate,3,0,-0.8667742039162627,0.5297393622045521,"1H-1,2,4-Triazol-3-amine"
123,899,1,0.8529123634036133,iqp_zz_current_20q_duplicate,3,1,1.3826517256081654,0.5297393622045521,"Phosphorothioic acid O-(3-chloro-4-methyl-2-oxo-2H-1-benzopyran-7-yl) O,O-diethyl ester"
52,904,1,0.3593083266762104,iqp_zz_current_20q_duplicate,3,1,0.8890476888807625,0.5297393622045521,"S-[(4,6-Diamino-1,3,5-triazin-2-yl)methyl]O,O-dimethyl ester phosphorodithioic acid"
121,913,1,0.10822869144323688,iqp_zz_current_20q_duplicate,3,1,0.637968053647789,0.5297393622045521,"1,1a,2,2,3,3a,4,5,5,5a,5b,6-Dodecachlorooctahydro-1,3,4-metheno-1H-cyclobuta[cd]pentalene"
243,917,1,-1.2551597960069243,iqp_zz_current_20q_duplicate,3,0,-0.7254204338023721,0.5297393622045521,Molinate (Ref: OMS 1373)
241,920,0,-1.345012458472225,iqp_zz_current_20q_duplicate,3,0,-0.8152730962676729,0.5297393622045521,Silthiofam (Ref: MON 65500)
16,921,0,-0.8896812480286883,iqp_zz_current_20q_duplicate,3,0,-0.3599418858241362,0.5297393622045521,"2-(2,4-Dichlorophenoxy)acetic acid, 2-Ethylhexyl ester"
235,930,1,-0.5042419580061572,iqp_zz_current_20q_duplicate,3,0,0.02549740419839483,0.5297393622045521,Camphechlor (Ref: Hercules 3956)
231,935,0,-1.5280489407508127,iqp_zz_current_20q_duplicate,3,0,-0.9983095785462606,0.5297393622045521,Grandlure (Ref: SHA 112401)
78,940,0,-1.309497326854633,iqp_zz_current_20q_duplicate,3,0,-0.7797579646500808,0.5297393622045521,Vinclozolin (Ref: BAS 352F)
227,945,0,-1.3100456868104815,iqp_zz_current_20q_duplicate,3,0,-0.7803063246059293,0.5297393622045521,2-Cyano-N-[(ethylamino)carbonyl]-2-(methoxyimino)acetamide
218,962,0,-1.5618373216661596,iqp_zz_current_20q_duplicate,3,0,-1.0320979594616075,0.5297393622045521,Pyroquilon (Ref: CGA 49104)
217,963,0,-1.7811367618998746,iqp_zz_current_20q_duplicate,3,0,-1.2513973996953225,0.5297393622045521,alpha-(1-Methylethyl)-alpha-[4-(trifluoromethoxy)phenyl]-5-pyrimidinemethanol
210,973,0,-1.7755787582561613,iqp_zz_current_20q_duplicate,3,0,-1.2458393960516092,0.5297393622045521,Amisulbrom
77,982,0,-1.3663030771986673,iqp_zz_current_20q_duplicate,3,0,-0.8365637149941153,0.5297393622045521,Mepanipyrim (Ref: KUF 6201)
202,988,1,-1.5053047410946734,iqp_zz_current_20q_duplicate,3,0,-0.9755653788901213,0.5297393622045521,Dinotefuran (Ref: MTI 446)
198,998,0,-1.5220669468756864,iqp_zz_current_20q_duplicate,3,0,-0.9923275846711342,0.5297393622045521,"2-Chloro-5-[3,6-dihydro-3-methyl-2,6-dioxo-4-(trifluoromethyl)-1(2H)-pyrimidinyl]benzoic acid 1,1-dimethyl-2-oxo-2-(2-propenyloxy)ethyl ester"
197,1002,0,-1.0680823993337683,iqp_zz_current_20q_duplicate,3,0,-0.5383430371292162,0.5297393622045521,"5-[[(2,6-Difluorophenyl)methoxy]methyl]-4,5-dihydro-5-methyl(3-methyl-2-thienyl)isoxazole"
111,1006,0,-1.603950621870641,iqp_zz_current_20q_duplicate,3,0,-1.0742112596660889,0.5297393622045521,Metyltetraprole (Ref: S-2367)
189,1017,0,-1.4285949810293213,iqp_zz_current_20q_duplicate,3,0,-0.898855618824769,0.5297393622045521,"N2-[(1R,2S)-2,3-Dihydro-2,6-dimethyl-1H-inden-1-yl]-6-(1-fluoroethyl)-1,3,5-triazine-2,4-diamine"
63,1025,1,-1.9526185618446366,iqp_zz_current_20q_duplicate,3,0,-1.4228791996400845,0.5297393622045521,1-(3-Chloropyridin-2-yl)-N-[4-cyano-2-methyl-6-(methylcarbamoyl)phenyl]-3-{[5-(trifluoromethyl)-2H-tetrazol-2-yl]methyl}-1H-pyrazole-5-carboxamide
184,1028,0,-1.0948652457515142,iqp_zz_current_20q_duplicate,3,0,-0.565125883546962,0.5297393622045521,Penflufen (Ref: BYF-14182)
183,1029,0,-1.3376883097932115,iqp_zz_current_20q_duplicate,3,0,-0.8079489475886595,0.5297393622045521,"N-[6-[[[(Z)-[(1-Methyl-1H-tetrazol-5-yl)phenylmethylene]amino]oxy]methyl]-2-pyridinyl]-1,1-dimethylethyl ester carbamic acid"
3,20,0,-1.566258075308384,iqp_zz_current_20q_complementary_signed_sqrt,3,0,-0.8947175789720964,0.6715404963362874,Neburon
453,29,0,-1.6727720648305258,iqp_zz_current_20q_complementary_signed_sqrt,3,0,-1.0012315684942383,0.6715404963362874,"1,8-cineole"
3,31,0,-1.7205125162626997,iqp_zz_current_20q_complementary_signed_sqrt,3,0,-1.0489720199264123,0.6715404963362874,"N'-(3,4-Dichlorophenyl)-N-methoxy-N-methylurea"
80,36,0,-1.6870634912858944,iqp_zz_current_20q_complementary_signed_sqrt,3,0,-1.015522994949607,0.6715404963362874,"2-[(Trichloromethyl)thio]-1H-isoindole-1,3(2H)dione"
42,39,0,-1.7979428060033273,iqp_zz_current_20q_complementary_signed_sqrt,3,0,-1.12640230966704,0.6715404963362874,"N-(3,4-Dichlorophenyl)propanamide"
3,42,0,-1.6450404762352246,iqp_zz_current_20q_complementary_signed_sqrt,3,0,-0.9734999798989372,0.6715404963362874,"N'-(3,4-Dichlorophenyl)-N,N-dimethylurea"
443,78,1,-0.7589720990829079,iqp_zz_current_20q_complementary_signed_sqrt,3,0,-0.08743160274662037,0.6715404963362874,Trichlorfon (Ref: OMS 800)
439,87,0,-1.8867382965664399,iqp_zz_current_20q_complementary_signed_sqrt,3,0,-1.2151978002301524,0.6715404963362874,As-(4-Aminophenyl)arsonic acid
27,92,1,-1.5859651692219858,iqp_zz_current_20q_complementary_signed_sqrt,3,0,-0.9144246728856984,0.6715404963362874,Penconazole (Ref: CGA 71818)
165,93,0,-1.7893425659944882,iqp_zz_current_20q_complementary_signed_sqrt,3,0,-1.1178020696582007,0.6715404963362874,Dichlone (Ref: USR 604)
27,101,0,-1.6485839344519706,iqp_zz_current_20q_complementary_signed_sqrt,3,0,-0.9770434381156832,0.6715404963362874,"1-(4-Chlorophenoxy)-3,3-dimethyl-1-(1H-1,2,4-triazol-1-yl)-2-butanone"
111,125,0,-0.9727696368237004,iqp_zz_current_20q_complementary_signed_sqrt,3,0,-0.301229140487413,0.6715404963362874,[2-[[[1-(4-Chlorophenyl)-1H-pyrazol-3-yl]oxy]methyl]phenyl]methoxycarbamic acid methyl ester
430,145,0,-1.162429694361637,iqp_zz_current_20q_complementary_signed_sqrt,3,0,-0.4908891980253496,0.6715404963362874,"2-[(1,1-Dimethylethyl)imino]tetrahydro-3-(1-methylethyl)-5-phenyl-4H-1,3,5-thiadiazin-4-one"
59,146,1,-0.8002011810081971,iqp_zz_current_20q_complementary_signed_sqrt,3,0,-0.12866068467190972,0.6715404963362874,"1,4,5,6,7,8,8-Heptachloro-3a,4,7,7a-tetrahydro-4,7-methano-1H-indene"
16,147,0,-1.4466361890582733,iqp_zz_current_20q_complementary_signed_sqrt,3,0,-0.7750956927219858,0.6715404963362874,"2-(2,4,5-Trichlorophenoxy)acetic acid, Butyl ester"
59,148,1,-0.89476266744375,iqp_zz_current_20q_complementary_signed_sqrt,3,0,-0.22322217110746256,0.6715404963362874,"(1R,4S,4aS,5S,8R,8aR)-rel-1,2,3,4,10,10-Hexachloro-1,4,4a,5,8,8a-hexahydro-1,4:5,8-dimethanonaphthalene"
59,154,1,-1.029436084806966,iqp_zz_current_20q_complementary_signed_sqrt,3,0,-0.35789558847067837,0.6715404963362874,"(1aR,2R,2aS,3S,6R,6aR,7S,7aS)-rel-3,4,5,6,9,9-Hexachloro-1a,2,2a,3,6,6a,7,7a-octahydro-2,7:3,6-dimethanonaphth[2,3-b]oxirene "
428,158,0,-1.5520137517853918,iqp_zz_current_20q_complementary_signed_sqrt,3,0,-0.8804732554491044,0.6715404963362874,"alpha-(4-(1,1,3,3-Tetramethylbutyl)phenyl)-omega-hydroxypoly(oxy-1,2-ethanediyl)"
52,173,0,-1.3068625258966982,iqp_zz_current_20q_complementary_signed_sqrt,3,0,-0.6353220295604107,0.6715404963362874,Chlorbenside (Ref: ENT 20696)
38,175,1,0.5193028813797052,iqp_zz_current_20q_complementary_signed_sqrt,3,1,1.1908433777159926,0.6715404963362874,"Phosphorothioic acid, S-[2-(Ethylsulfinyl)ethyl] O,O-dimethyl ester"
3,176,0,-1.627219427601987,iqp_zz_current_20q_complementary_signed_sqrt,3,0,-0.9556789312656994,0.6715404963362874,"N'-(4-chlorophenyl)-N,N-dimethylurea"
8,192,0,-1.8420656608598298,iqp_zz_current_20q_complementary_signed_sqrt,3,0,-1.1705251645235424,0.6715404963362874,"6-Chloro-N,N'-diethyl-1,3,5-triazine-2,4-diamine"
8,196,0,-1.7347433666866132,iqp_zz_current_20q_complementary_signed_sqrt,3,0,-1.0632028703503258,0.6715404963362874,"6-Chloro-N2,N4-bis(1-methylethyl)-1,3,5-triazine-2,4-diamine"
421,202,0,-1.8865549203024217,iqp_zz_current_20q_complementary_signed_sqrt,3,0,-1.2150144239661342,0.6715404963362874,Methazole (Ref: VCS-438)
8,211,0,-1.7298741041523347,iqp_zz_current_20q_complementary_signed_sqrt,3,0,-1.0583336078160472,0.6715404963362874,"6-Methoxy-N2,N4-bis(1-methylethyl)-1,3,5-triazine-2,4-diamine"
8,217,0,-1.66180507762331,iqp_zz_current_20q_complementary_signed_sqrt,3,0,-0.9902645812870225,0.6715404963362874,"N2-Ethyl-N4-(1-methylethyl)-6-(methylthio)-1,3,5-triazine-2,4-diamine"
8,218,0,-1.8030743455708331,iqp_zz_current_20q_complementary_signed_sqrt,3,0,-1.1315338492345457,0.6715404963362874,"6-Chloro-N-ethyl-N'-(1-methylethyl)-1,3,5-triazine-2,4-diamine"
8,220,0,-1.6025203476195706,iqp_zz_current_20q_complementary_signed_sqrt,3,0,-0.9309798512832832,0.6715404963362874,"N2,N4-Bis(1-methylethyl)-6-(methylthio)-1,3,5-triazine-2,4-diamine"
8,226,0,-1.8402119486296478,iqp_zz_current_20q_complementary_signed_sqrt,3,0,-1.1686714522933603,0.6715404963362874,Trietazine (Ref: G 27901)
38,227,1,0.5050532730007002,iqp_zz_current_20q_complementary_signed_sqrt,3,1,1.1765937693369877,0.6715404963362874,Vamidothion (Ref: ENT 26613)
121,230,1,-0.4242144798344094,iqp_zz_current_20q_complementary_signed_sqrt,3,0,0.24732601650187802,0.6715404963362874,"1,1a,3,3a,4,5,5,5a,5b,6-Decachlorooctahydro-1,3,4-metheno-2H-cyclobuta[cd]pentalen-2-one"
415,238,0,-1.7727516993524337,iqp_zz_current_20q_complementary_signed_sqrt,3,0,-1.1012112030161463,0.6715404963362874,"N-Cyclopropyl-1,3,5-triazine-2,4,6-triamine"
3,239,0,-1.2810995503044884,iqp_zz_current_20q_complementary_signed_sqrt,3,0,-0.6095590539682011,0.6715404963362874,Chloroxuron (Ref: C 1983)
52,242,1,0.7733865909470377,iqp_zz_current_20q_complementary_signed_sqrt,3,1,1.444927087283325,0.6715404963362874,Methyl trithion
3,252,0,-1.6651597257723518,iqp_zz_current_20q_complementary_signed_sqrt,3,0,-0.9936192294360644,0.6715404963362874,Monolinuron (Ref: HOE 002747)
80,257,0,-1.4816547810779646,iqp_zz_current_20q_complementary_signed_sqrt,3,0,-0.8101142847416771,0.6715404963362874,Captafol (Ref: Ortho-5865)
103,266,1,0.700028807646432,iqp_zz_current_20q_complementary_signed_sqrt,3,1,1.3715693039827195,0.6715404963362874,"Phosphorothioic acid, O,O-Diethyl O(4-methylsulfinyl)phenyl)ester"
8,268,0,-1.6869909548062874,iqp_zz_current_20q_complementary_signed_sqrt,3,0,-1.01545045847,0.6715404963362874,Terbuthylazine
165,271,0,-1.707815277413118,iqp_zz_current_20q_complementary_signed_sqrt,3,0,-1.0362747810768305,0.6715404963362874,Quinoclamine
407,278,0,-1.6866819884871693,iqp_zz_current_20q_complementary_signed_sqrt,3,0,-1.015141492150882,0.6715404963362874,"3-Cyclohexyl-6-(dimethylamino)-1-methyl-1,3,5-triazine-2,4-(1H,3H)dione"
3,279,0,-1.6204808245723994,iqp_zz_current_20q_complementary_signed_sqrt,3,0,-0.9489403282361119,0.6715404963362874,Chlorbromuron (Ref: C6313)
38,284,1,0.33320748926880284,iqp_zz_current_20q_complementary_signed_sqrt,3,1,1.0047479856050903,0.6715404963362874,"O,O-Dimethyl S-[2-(methylamino)-2-oxoethyl ester phosphorothioic acid"
3,285,0,-1.8282469209201728,iqp_zz_current_20q_complementary_signed_sqrt,3,0,-1.1567064245838854,0.6715404963362874,"N,N-Dimethyl-N'-[3-(trifluoromethyl)phenyl]urea"
3,286,0,-1.6383089863764977,iqp_zz_current_20q_complementary_signed_sqrt,3,0,-0.9667684900402103,0.6715404963362874,Metobromuron (Ref: C 3216)
158,287,0,-1.8172501823310296,iqp_zz_current_20q_complementary_signed_sqrt,3,0,-1.1457096859947422,0.6715404963362874,"1,1-Dichloro-N-[(dimethylamino)sulfonyl]-1-fluoro-N-phenylmethanesulfenamide"
164,290,1,-0.41952978179831163,iqp_zz_current_20q_complementary_signed_sqrt,3,0,0.2520107145379758,0.6715404963362874,(1-Methylethyl)phosphoramidic acid ethyl-3-methyl-4-(methylthio)phenyl ester
404,300,1,-0.44423619502625644,iqp_zz_current_20q_complementary_signed_sqrt,3,0,0.227304301310031,0.6715404963362874,"Ethylphosphonodithioic acid, O-Ethyl S-phenyl ester"
22,309,0,-1.710497004149848,iqp_zz_current_20q_complementary_signed_sqrt,3,0,-1.0389565078135605,0.6715404963362874,Looplure (Ref: ENT 33266)
38,320,1,0.5263955838675582,iqp_zz_current_20q_complementary_signed_sqrt,3,1,1.1979360802038457,0.6715404963362874,"S-[2-(Ethylsulfonyl)ethyl]O,O-dimethyl ester phosphorothioic acid"
397,321,0,-1.5725923385808063,iqp_zz_current_20q_complementary_signed_sqrt,3,0,-0.901051842244519,0.6715404963362874,Asulam (Ref: M&B 9057)
3,323,0,-1.6001504912664621,iqp_zz_current_20q_complementary_signed_sqrt,3,0,-0.9286099949301747,0.6715404963362874,Metoxuron (Ref: SAN 6915H)
3,327,0,-1.5695158798564912,iqp_zz_current_20q_complementary_signed_sqrt,3,0,-0.8979753835202038,0.6715404963362874,Monalide (Ref: SN 35830)
38,332,1,0.5727512731806628,iqp_zz_current_20q_complementary_signed_sqrt,3,1,1.2442917695169502,0.6715404963362874,"O,O-Dimethyl O-[2-(methylthio)ethyl]ester phosphorothioic acid mixt. with O,O-dimethyl S-[2-(methylthio)ethyl]phosphorothioate"
8,333,0,-1.7151442106598977,iqp_zz_current_20q_complementary_signed_sqrt,3,0,-1.0436037143236103,0.6715404963362874,Cyanazine
135,341,1,-1.0267852533900297,iqp_zz_current_20q_complementary_signed_sqrt,3,0,-0.35524475705374225,0.6715404963362874,"2aR,3S,4S,4aR,5S,7aS,8S,10R,10aS,10bR)-10-(Acetyloxy)octahydro-3,5-dihydroxy-4-methyl-8-[[(2E)-2-methyl-1-oxo-2-buten-1-yl]oxy]-4-[(1aR,2S,3aS,6aS,7S,7aS)-3a,6a,7,7a-tetrahydro-6a-hydroxy-7a-methyl-2,7-methanofuro[2,3-b]oxireno[e]oxepin-1a(2H)-yl]-1H,7H-naptho[1,8-bc:4,4a-c']difuran-5,10a(8H)-dicarboxylic acid 5-10a-dimethyl ester"
3,348,0,-1.5843649949284804,iqp_zz_current_20q_complementary_signed_sqrt,3,0,-0.912824498592193,0.6715404963362874,Chlorotoluron (Ref: C 2242)
22,349,1,-1.9121028880418676,iqp_zz_current_20q_complementary_signed_sqrt,3,0,-1.2405623917055801,0.6715404963362874,8-dodecenol
3,353,1,-1.8999896289879785,iqp_zz_current_20q_complementary_signed_sqrt,3,0,-1.228449132651691,0.6715404963362874,Diflubenzuron (Ref: OMS 1804)
391,354,1,-1.176386581135152,iqp_zz_current_20q_complementary_signed_sqrt,3,0,-0.5048460847988644,0.6715404963362874,"Benzoyl chloride, (2,4,6-Trichlorophenyl)hydrazone"
390,356,0,-1.1850483075718987,iqp_zz_current_20q_complementary_signed_sqrt,3,0,-0.5135078112356113,0.6715404963362874,Piperalin (Ref: HSDB 7058)
22,363,0,-1.8916293496407388,iqp_zz_current_20q_complementary_signed_sqrt,3,0,-1.2200888533044514,0.6715404963362874,Codlemone (Ref: BAS 2851)
8,370,0,-1.5472611718533285,iqp_zz_current_20q_complementary_signed_sqrt,3,0,-0.875720675517041,0.6715404963362874,Dipropetryn (Ref: GC 16068)
383,387,1,-1.3529442841224144,iqp_zz_current_20q_complementary_signed_sqrt,3,0,-0.6814037877861271,0.6715404963362874,"5-Amino-1-[2,6-dichloro-4-(trifluoromethyl)phenyl]-4-[(trifluoromethyl)sulfinyl]-1H-pyrazole-3-carbonitrile"
78,406,0,-1.6997632093846136,iqp_zz_current_20q_complementary_signed_sqrt,3,0,-1.0282227130483261,0.6715404963362874,Procymidone (Ref: S 7131)
3,412,0,-1.5672502662253893,iqp_zz_current_20q_complementary_signed_sqrt,3,0,-0.8957097698891018,0.6715404963362874,Isoproturon (Ref: HOE 16410)
3,414,0,-1.32120341559586,iqp_zz_current_20q_complementary_signed_sqrt,3,0,-0.6496629192595725,0.6715404963362874,Difenoxuron (Ref: C3470)
378,416,0,-1.9786417840993338,iqp_zz_current_20q_complementary_signed_sqrt,3,0,-1.3071012877630463,0.6715404963362874,Mefluidide (Ref: MBR 12325)
22,417,0,-1.7309083531229619,iqp_zz_current_20q_complementary_signed_sqrt,3,0,-1.0593678567866744,0.6715404963362874,(E)-dec-5-enyl acetate
154,419,1,0.6370362855878953,iqp_zz_current_20q_complementary_signed_sqrt,3,1,1.3085767819241827,0.6715404963362874,O-(4-bromo-2-chlorophenyl) O-ethyl S-propyl ester phosphorothioic acid
27,421,0,-1.6297565950584034,iqp_zz_current_20q_complementary_signed_sqrt,3,0,-0.9582160987221159,0.6715404963362874,"beta-(4-Chlorophenoxy)-alpha-(1,1-dimethylethyl)-1H-1,2,4-triazole-1-ethanol"
27,424,0,-1.1861062772777777,iqp_zz_current_20q_complementary_signed_sqrt,3,0,-0.5145657809414903,0.6715404963362874,Bitertanol (Ref: KWG 0599)
158,437,0,-1.7292850730919267,iqp_zz_current_20q_complementary_signed_sqrt,3,0,-1.0577445767556393,0.6715404963362874,"1,1-Dichloro-N-[(dimethylamino)sulfonyl]-1-fluoro-N-(4-methylphenyl)methanesulfenamide"
96,438,1,-1.529577741497518,iqp_zz_current_20q_complementary_signed_sqrt,3,0,-0.8580372451612306,0.6715404963362874,Climbazole (Ref: 106162)
27,441,1,-1.6589097827715331,iqp_zz_current_20q_complementary_signed_sqrt,3,0,-0.9873692864352457,0.6715404963362874,Diclobutrazol (Ref: PP296)
372,443,0,-1.8877409567665515,iqp_zz_current_20q_complementary_signed_sqrt,3,0,-1.216200460430264,0.6715404963362874,Triclopyr-triethylammonium
13,448,0,-0.9918969349020168,iqp_zz_current_20q_complementary_signed_sqrt,3,0,-0.3203564385657294,0.6715404963362874,Fluazifop-butyl (Ref: SL 236)
3,450,0,-1.531146475372831,iqp_zz_current_20q_complementary_signed_sqrt,3,0,-0.8596059790365435,0.6715404963362874,Dimefuron (Ref: RP 23465)
3,451,0,-0.8526382392359448,iqp_zz_current_20q_complementary_signed_sqrt,3,0,-0.18109774289965735,0.6715404963362874,Pencycuron (Ref: NTN 19701)
78,456,0,-1.4180910304855694,iqp_zz_current_20q_complementary_signed_sqrt,3,0,-0.746550534149282,0.6715404963362874,Chlozolinate (Ref: M 8164)
8,469,0,-1.5640254535464297,iqp_zz_current_20q_complementary_signed_sqrt,3,0,-0.8924849572101423,0.6715404963362874,Dimethametryn (Ref: C 18898)
22,473,0,-1.8977082523370346,iqp_zz_current_20q_complementary_signed_sqrt,3,0,-1.2261677560007471,0.6715404963362874,5-decenol (Ref: BAS 287 1)
27,483,0,-1.5432270839115607,iqp_zz_current_20q_complementary_signed_sqrt,3,0,-0.8716865875752734,0.6715404963362874,Diniconazole (Ref: XE-779)
364,490,0,-1.37329425739834,iqp_zz_current_20q_complementary_signed_sqrt,3,0,-0.7017537610620526,0.6715404963362874,Triflumizole (Ref: NF 114 )
129,511,0,-1.756227546387362,iqp_zz_current_20q_complementary_signed_sqrt,3,0,-1.0846870500510746,0.6715404963362874,"2-[(2-Chlorophenyl)methyl]-4,4-dimethyl-3-isoxazolidinone"
154,522,1,0.5914107648231335,iqp_zz_current_20q_complementary_signed_sqrt,3,1,1.262951261159421,0.6715404963362874,Pyraclofos (Ref: OMS 3040)
63,544,1,-1.4177403293497113,iqp_zz_current_20q_complementary_signed_sqrt,3,0,-0.7461998330134237,0.6715404963362874,Chlorantraniliprole (Ref: DPX E2Y45)
77,547,0,-1.6669990030895654,iqp_zz_current_20q_complementary_signed_sqrt,3,0,-0.995458506753278,0.6715404963362874,"4,6-Dimethyl-N-phenyl-2-pyrimidinamine"
354,550,0,-1.6297386730828134,iqp_zz_current_20q_complementary_signed_sqrt,3,0,-0.958198176746526,0.6715404963362874,"[3-(4,5-Dihydro-3-isoxazolyl)-2-methyl-4-(methylsulfonyl)phenyl](5-hydroxy-1-methyl-1H-pyrazol-4-yl)methanone"
13,556,0,-0.8557181415707575,iqp_zz_current_20q_complementary_signed_sqrt,3,0,-0.1841776452344701,0.6715404963362874,Propaquizafop (Ref: CGA 233380)
13,567,0,-0.8736628269726275,iqp_zz_current_20q_complementary_signed_sqrt,3,0,-0.2021223306363401,0.6715404963362874,Quizalofop-P-tefuryl (Ref: UBI C4874 )
348,580,1,-1.0901092571158517,iqp_zz_current_20q_complementary_signed_sqrt,3,0,-0.41856876077956434,0.6715404963362874,"4-[2-[4-(1,1-Dimethylethyl)phenyl]ethoxy]quinazoline"
341,597,0,-1.4294509119673435,iqp_zz_current_20q_complementary_signed_sqrt,3,0,-0.7579104156310562,0.6715404963362874,"1,2,3-Benzothiadiazole-7-carbothioic acid S-methyl ester"
337,606,0,-1.6594938842303333,iqp_zz_current_20q_complementary_signed_sqrt,3,0,-0.9879533878940459,0.6715404963362874,Fluquinconazole (Ref: AE C597265)
147,628,0,-2.018164392931323,iqp_zz_current_20q_complementary_signed_sqrt,3,0,-1.3466238965950357,0.6715404963362874,"3-Chloro-2-[[(5-ethoxy-7-fluoro[1,2,4]triazolo[1,5-c]pyrimidin-2-yl)sulfonyl]amino]benzoic acid, Methyl ester"
77,632,0,-1.498995499104455,iqp_zz_current_20q_complementary_signed_sqrt,3,0,-0.8274550027681675,0.6715404963362874,Cyprodinil (Ref: CGA 219417)
89,649,0,-1.2684942436512596,iqp_zz_current_20q_complementary_signed_sqrt,3,0,-0.5969537473149721,0.6715404963362874,2-[2-Chloro-5-[4-chloro-5-(difluoromethoxy)-1-methyl-1H-pyrazol-3-yl]-4-fluorophenoxy]acetic acid ethyl ester
328,652,0,-1.4637727026157052,iqp_zz_current_20q_complementary_signed_sqrt,3,0,-0.7922322062794178,0.6715404963362874,Fenhexamid (Ref: KBR 2738)
318,681,0,-1.4680563537124929,iqp_zz_current_20q_complementary_signed_sqrt,3,0,-0.7965158573762054,0.6715404963362874,Cafenstrole (Ref: CH 900)
33,685,0,-1.7280530852576106,iqp_zz_current_20q_complementary_signed_sqrt,3,0,-1.0565125889213232,0.6715404963362874,Propoxycarbazone
144,686,1,-1.3177200090713486,iqp_zz_current_20q_complementary_signed_sqrt,3,0,-0.6461795127350611,0.6715404963362874,"2-(4-Methoxy[1,1'-biphenyl]-3-yl)hydrazinecarboxylic acid, 1-Methylethyl ester"
315,690,0,-1.4474549161586459,iqp_zz_current_20q_complementary_signed_sqrt,3,0,-0.7759144198223583,0.6715404963362874,Fentrazamide (Ref: BAY YRC 2388)
33,694,0,-2.0588671167103576,iqp_zz_current_20q_complementary_signed_sqrt,3,0,-1.3873266203740702,0.6715404963362874,Flucarbazone
89,696,0,-1.5334069957063754,iqp_zz_current_20q_complementary_signed_sqrt,3,0,-0.8618664993700879,0.6715404963362874,"2-[2-Chloro-4-fluoro-5-[5-methyl-6-oxo-4-(trifluoromethyl)-1(6H)-pyridazinyl]phenoxy]acetic acid, Ethyl ester"
140,717,0,-0.7683614245570973,iqp_zz_current_20q_complementary_signed_sqrt,3,0,-0.09682092822080995,0.6715404963362874,Profoxydim (Ref: BAS 625H)
308,718,0,-1.8924829504176393,iqp_zz_current_20q_complementary_signed_sqrt,3,0,-1.2209424540813518,0.6715404963362874,Picloram-tripromine
13,743,0,-0.9562169732974931,iqp_zz_current_20q_complementary_signed_sqrt,3,0,-0.2846764769612057,0.6715404963362874,Haloxyfop-etotyl (Ref: DOWCO 453EE)
303,756,0,-1.4475932822177175,iqp_zz_current_20q_complementary_signed_sqrt,3,0,-0.77605278588143,0.6715404963362874,"N-[2-(1,3-Dimethylbutyl)-3-thienyl]-1-methyl-3-(trifluoromethyl)-1H-pyrazole-4-carboxamide"
63,767,1,-1.6259700844299567,iqp_zz_current_20q_complementary_signed_sqrt,3,0,-0.9544295880936693,0.6715404963362874,3-Bromo-1-(3-chloro-2-pyridinyl)-N-[4-cyano-2-methyl-6-[(methylamino)carbonyl]phenyl]-1H-pyrazole-5-carboxamide
300,768,0,0.5399155383501972,iqp_zz_current_20q_complementary_signed_sqrt,3,1,1.2114560346864847,0.6715404963362874,Iprobenfos
135,769,0,-1.0405199140629269,iqp_zz_current_20q_complementary_signed_sqrt,3,0,-0.36897941772663945,0.6715404963362874,Dihydroazadirachtin
290,801,0,-1.7160475682509702,iqp_zz_current_20q_complementary_signed_sqrt,3,0,-1.0445070719146827,0.6715404963362874,Ametoctradin (Ref: BAS 650F)
63,805,1,-0.7020814598706485,iqp_zz_current_20q_complementary_signed_sqrt,3,0,-0.030540963534361094,0.6715404963362874,Cyclaniliprole (Ref: IKI-3106)
288,807,0,-1.6695908058689328,iqp_zz_current_20q_complementary_signed_sqrt,3,0,-0.9980503095326454,0.6715404963362874,Fluazaindolizine (Ref: DPX-Q8U80)
33,808,0,-1.4817467912282745,iqp_zz_current_20q_complementary_signed_sqrt,3,0,-0.810206294891987,0.6715404963362874,Thiencarbazone-methyl (Ref: BYH 18636 )
33,813,0,-1.4372535141443739,iqp_zz_current_20q_complementary_signed_sqrt,3,0,-0.7657130178080865,0.6715404963362874,Thiencarbazone
282,821,0,-0.8371555134296873,iqp_zz_current_20q_complementary_signed_sqrt,3,0,-0.16561501709339987,0.6715404963362874,Isoflucypram (Ref: BCS-CN88460)
129,827,0,-1.7600058352462196,iqp_zz_current_20q_complementary_signed_sqrt,3,0,-1.0884653389099321,0.6715404963362874,Bixlozone (Ref: F9600)
274,847,0,-1.836109027066737,iqp_zz_current_20q_complementary_signed_sqrt,3,0,-1.1645685307304496,0.6715404963362874,Cinnamaldehyde
271,854,0,-1.6649702872333125,iqp_zz_current_20q_complementary_signed_sqrt,3,0,-0.9934297908970251,0.6715404963362874,"N,N'-[1,4-Piperazinediylbis(2,2,2-trichloroethylidene)]bis-formamide"
264,864,0,-1.8482481487066227,iqp_zz_current_20q_complementary_signed_sqrt,3,0,-1.1767076523703353,0.6715404963362874,Garlic extract
262,866,0,-1.1056456153000167,iqp_zz_current_20q_complementary_signed_sqrt,3,0,-0.4341051189637293,0.6715404963362874,"N,N,N',N'-Tetramethylthioperoxydicarbonic diamide ([(H2N)C(S)]2S2)"
80,869,0,-1.6022769531180083,iqp_zz_current_20q_complementary_signed_sqrt,3,0,-0.9307364567817208,0.6715404963362874,Captan (Ref: SR 406)
259,881,0,-1.1659921091001055,iqp_zz_current_20q_complementary_signed_sqrt,3,0,-0.4944516127638182,0.6715404963362874,"2-[4-(1,1-Dimethylethyl)phenoxy]cyclohexyl 2-propynyl ester sulfurous acid"
59,883,1,-0.5709132284547128,iqp_zz_current_20q_complementary_signed_sqrt,3,0,0.10062726788157461,0.6715404963362874,Chlordane (Technical Grade)
253,893,0,-1.6095042852733896,iqp_zz_current_20q_complementary_signed_sqrt,3,0,-0.9379637889371022,0.6715404963362874,"1H-1,2,4-Triazol-3-amine"
123,899,1,0.6821947475856209,iqp_zz_current_20q_complementary_signed_sqrt,3,1,1.3537352439219084,0.6715404963362874,"Phosphorothioic acid O-(3-chloro-4-methyl-2-oxo-2H-1-benzopyran-7-yl) O,O-diethyl ester"
52,904,1,0.21202848661474705,iqp_zz_current_20q_complementary_signed_sqrt,3,1,0.8835689829510345,0.6715404963362874,"S-[(4,6-Diamino-1,3,5-triazin-2-yl)methyl]O,O-dimethyl ester phosphorodithioic acid"
121,913,1,0.10103832074434471,iqp_zz_current_20q_complementary_signed_sqrt,3,1,0.7725788170806321,0.6715404963362874,"1,1a,2,2,3,3a,4,5,5,5a,5b,6-Dodecachlorooctahydro-1,3,4-metheno-1H-cyclobuta[cd]pentalene"
243,917,1,-1.5400920496100252,iqp_zz_current_20q_complementary_signed_sqrt,3,0,-0.8685515532737378,0.6715404963362874,Molinate (Ref: OMS 1373)
241,920,0,-1.6211616085884186,iqp_zz_current_20q_complementary_signed_sqrt,3,0,-0.9496211122521312,0.6715404963362874,Silthiofam (Ref: MON 65500)
16,921,0,-1.1334851423569077,iqp_zz_current_20q_complementary_signed_sqrt,3,0,-0.4619446460206202,0.6715404963362874,"2-(2,4-Dichlorophenoxy)acetic acid, 2-Ethylhexyl ester"
235,930,1,-0.608269885628089,iqp_zz_current_20q_complementary_signed_sqrt,3,0,0.0632706107081984,0.6715404963362874,Camphechlor (Ref: Hercules 3956)
231,935,0,-1.6886975046455595,iqp_zz_current_20q_complementary_signed_sqrt,3,0,-1.017157008309272,0.6715404963362874,Grandlure (Ref: SHA 112401)
78,940,0,-1.5809006591903474,iqp_zz_current_20q_complementary_signed_sqrt,3,0,-0.9093601628540599,0.6715404963362874,Vinclozolin (Ref: BAS 352F)
227,945,0,-1.5599742877571088,iqp_zz_current_20q_complementary_signed_sqrt,3,0,-0.8884337914208214,0.6715404963362874,2-Cyano-N-[(ethylamino)carbonyl]-2-(methoxyimino)acetamide
218,962,0,-1.7095265472277301,iqp_zz_current_20q_complementary_signed_sqrt,3,0,-1.0379860508914427,0.6715404963362874,Pyroquilon (Ref: CGA 49104)
217,963,0,-1.8868203500192824,iqp_zz_current_20q_complementary_signed_sqrt,3,0,-1.215279853682995,0.6715404963362874,alpha-(1-Methylethyl)-alpha-[4-(trifluoromethoxy)phenyl]-5-pyrimidinemethanol
210,973,0,-1.8229235546547033,iqp_zz_current_20q_complementary_signed_sqrt,3,0,-1.151383058318416,0.6715404963362874,Amisulbrom
77,982,0,-1.5284261601490596,iqp_zz_current_20q_complementary_signed_sqrt,3,0,-0.8568856638127722,0.6715404963362874,Mepanipyrim (Ref: KUF 6201)
202,988,1,-1.659171182721517,iqp_zz_current_20q_complementary_signed_sqrt,3,0,-0.9876306863852296,0.6715404963362874,Dinotefuran (Ref: MTI 446)
198,998,0,-1.5264236879758477,iqp_zz_current_20q_complementary_signed_sqrt,3,0,-0.8548831916395604,0.6715404963362874,"2-Chloro-5-[3,6-dihydro-3-methyl-2,6-dioxo-4-(trifluoromethyl)-1(2H)-pyrimidinyl]benzoic acid 1,1-dimethyl-2-oxo-2-(2-propenyloxy)ethyl ester"
197,1002,0,-1.321671481280925,iqp_zz_current_20q_complementary_signed_sqrt,3,0,-0.6501309849446375,0.6715404963362874,"5-[[(2,6-Difluorophenyl)methoxy]methyl]-4,5-dihydro-5-methyl(3-methyl-2-thienyl)isoxazole"
111,1006,0,-1.6677251963647708,iqp_zz_current_20q_complementary_signed_sqrt,3,0,-0.9961847000284834,0.6715404963362874,Metyltetraprole (Ref: S-2367)
189,1017,0,-1.6141758224658111,iqp_zz_current_20q_complementary_signed_sqrt,3,0,-0.9426353261295237,0.6715404963362874,"N2-[(1R,2S)-2,3-Dihydro-2,6-dimethyl-1H-inden-1-yl]-6-(1-fluoroethyl)-1,3,5-triazine-2,4-diamine"
63,1025,1,-1.923290374262447,iqp_zz_current_20q_complementary_signed_sqrt,3,0,-1.2517498779261595,0.6715404963362874,1-(3-Chloropyridin-2-yl)-N-[4-cyano-2-methyl-6-(methylcarbamoyl)phenyl]-3-{[5-(trifluoromethyl)-2H-tetrazol-2-yl]methyl}-1H-pyrazole-5-carboxamide
184,1028,0,-1.3646564400009997,iqp_zz_current_20q_complementary_signed_sqrt,3,0,-0.6931159436647123,0.6715404963362874,Penflufen (Ref: BYF-14182)
183,1029,0,-1.5116304049270415,iqp_zz_current_20q_complementary_signed_sqrt,3,0,-0.840089908590754,0.6715404963362874,"N-[6-[[[(Z)-[(1-Methyl-1H-tetrazol-5-yl)phenylmethylene]amino]oxy]methyl]-2-pyridinyl]-1,1-dimethylethyl ester carbamic acid"
93,16,1,-0.035867026368773924,iqp_zz_current_20q_duplicate,4,0,0.6245462028834696,0.6604132292522435,2-[[Ethoxy[(1-methylethyl)amino]phosphinothioyl]oxy]benzoic acid 1-methylethyl ester
457,19,0,-1.0141875985212248,iqp_zz_current_20q_duplicate,4,0,-0.3537743692689813,0.6604132292522435,(2-Chloroethyl)phosphonic acid
53,27,0,-1.0762681345741902,iqp_zz_current_20q_duplicate,4,0,-0.4158549053219466,0.6604132292522435,"3,6-Dichloro-2-methyoxybenzoic acid"
450,44,0,-1.7346390952548805,iqp_zz_current_20q_duplicate,4,0,-1.074225866002637,0.6604132292522435,Anethole
4,60,1,-1.4989676883011789,iqp_zz_current_20q_duplicate,4,0,-0.8385544590489353,0.6604132292522435,"3-(2-Chloro-3,3,3-trifluoro-1-propenyl)-2,2-dimethylcyclopropanecarboxylic acid cyano(3-phenoxyphenyl)methyl ester"
82,62,0,-1.4873577245298237,iqp_zz_current_20q_duplicate,4,0,-0.8269444952775802,0.6604132292522435,Methyleugenol (Ref: Ent 21040)
82,66,1,-1.4390122330471211,iqp_zz_current_20q_duplicate,4,0,-0.7785990037948776,0.6604132292522435,Capsaicin (Ref: NCI-C56564)
444,69,0,-1.5283322115679825,iqp_zz_current_20q_duplicate,4,0,-0.8679189823157389,0.6604132292522435,2-phenylphenol
60,83,1,-0.47456999048412685,iqp_zz_current_20q_duplicate,4,0,0.1858432387681167,0.6604132292522435,DDT (Ref: OMS 16)
9,84,1,0.01056389767319299,iqp_zz_current_20q_duplicate,4,1,0.6709771269254365,0.6604132292522435,Ethion (Ref: ENT 24105)
174,86,1,0.4881497807717272,iqp_zz_current_20q_duplicate,4,1,1.1485630100239708,0.6604132292522435,"Phosphorodithioic acid O,O-diethyl S-[(4-oxo-1,2,3-benzotriazin-3(4H)-yl)methyl] ester"
9,90,1,0.6549775126387944,iqp_zz_current_20q_duplicate,4,1,1.315390741891038,0.6604132292522435,Chlormephos (Ref: MC 2188)
161,95,0,-1.4525945691393953,iqp_zz_current_20q_duplicate,4,0,-0.7921813398871518,0.6604132292522435,5-Amino-4-chloro-2-phenyl-3(2H)-pyridazinone
15,102,0,-1.2846232712949726,iqp_zz_current_20q_duplicate,4,0,-0.6242100420427289,0.6604132292522435,(3-Methylphenyl)carbamic acid 3-[(methoxycarbonyl)amino]phenyl ester
9,112,1,0.6627379596340048,iqp_zz_current_20q_duplicate,4,1,1.3231511888862484,0.6604132292522435,"S-[2-(Ethylthio)ethyl]O,O-dimethyl ester phosphorodithioc acid"
433,117,0,-1.0775541025271804,iqp_zz_current_20q_duplicate,4,0,-0.41714087327493693,0.6604132292522435,Piperonyl butoxide (Ref: ENT 14250)
0,119,0,-1.3293769149857608,iqp_zz_current_20q_duplicate,4,0,-0.6689636857335173,0.6604132292522435,Metsulfuron-methyl (Ref: DPX T6376)
9,123,1,0.6928901588121621,iqp_zz_current_20q_duplicate,4,1,1.3533033880644056,0.6604132292522435,"Phosphorodithioic acid S-[[(1,1-dimethylethyl)thio]O,O-diethylmethyl]ester"
170,131,1,-0.47456999048412685,iqp_zz_current_20q_duplicate,4,0,0.1858432387681167,0.6604132292522435,"O,P'-DDT"
15,134,0,-1.4443841819022711,iqp_zz_current_20q_duplicate,4,0,-0.7839709526500276,0.6604132292522435,"N-Phenylcarbamic acid, 1-Methylethyl ester"
431,138,0,-1.3224686037016018,iqp_zz_current_20q_duplicate,4,0,-0.6620553744493582,0.6604132292522435,Flurochloridone (Ref: R 40244)
0,142,0,-1.3586021873076748,iqp_zz_current_20q_duplicate,4,0,-0.6981889580554312,0.6604132292522435,Cyclosulfamuron (Ref: BAS 710H)
9,156,1,0.473497720875077,iqp_zz_current_20q_duplicate,4,1,1.1339109501273206,0.6604132292522435,"O,O-Diethyl S-[2-(ethylsulfanyl)ethyl] phosphorothioate"
0,157,0,-1.6872781760133482,iqp_zz_current_20q_duplicate,4,0,-1.0268649467611046,0.6604132292522435,"2-Chloro-N-[[(4-methoxy-6-methyl-1,3,5-triazin-2-yl)amino]carbonyl]benzenesulfonamide"
4,159,1,-1.0638745912651584,iqp_zz_current_20q_duplicate,4,0,-0.40346136201291477,0.6604132292522435,"3-(2,2-Dichloroethenyl)-2,2-dimethylcyclopropanecarboxylic acid, (3-Phenoxyphenyl)methyl ester"
9,169,1,0.5705054128879019,iqp_zz_current_20q_duplicate,4,1,1.2309186421401455,0.6604132292522435,Demeton-O-methyl (Ref: ENT 18862)
60,170,1,-0.92926417292202,iqp_zz_current_20q_duplicate,4,0,-0.26885094366977647,0.6604132292522435,"1,1'-(2,2-Dichloroethylidene)bis[4-ethylbenzene"
54,178,0,-1.697540002910627,iqp_zz_current_20q_duplicate,4,0,-1.0371267736583833,0.6604132292522435,"N-(3-Chlorophenyl)carbamic acid, 1-Methylethyl ester"
9,181,1,0.4357439866527455,iqp_zz_current_20q_duplicate,4,1,1.096157215904989,0.6604132292522435,Demeton (Ref: ENT 17295)
422,183,0,-0.9483737121657532,iqp_zz_current_20q_duplicate,4,0,-0.2879604829135096,0.6604132292522435,"2,2-Dichloropropanoic acid"
4,184,1,-1.2425407840902543,iqp_zz_current_20q_duplicate,4,0,-0.5821275548380107,0.6604132292522435,Beta-cypermethrin (Ref: OMS 3068)
9,187,1,0.5399683186298918,iqp_zz_current_20q_duplicate,4,1,1.2003815478821354,0.6604132292522435,"Phosphorodithioic acid, O,O-Diethyl-S-[2-(ethylthio)ethyl] ester"
9,193,1,0.6150567437352594,iqp_zz_current_20q_duplicate,4,1,1.275469972987503,0.6604132292522435,"S-[2-(Ethylthio)ethyl]O,O-dimethyl ester phosphorothioic acid"
53,198,0,-1.4517712472954785,iqp_zz_current_20q_duplicate,4,0,-0.7913580180432349,0.6604132292522435,"2,3,6-TBA (Ref: HC 1281)"
9,201,1,0.6466108521286362,iqp_zz_current_20q_duplicate,4,1,1.3070240813808798,0.6604132292522435,"O,O-Diethyl S-[(ethylthio)methyl])ester, Phosphorodithioic acid"
125,206,1,-1.803980630595154,iqp_zz_current_20q_duplicate,4,0,-1.1435674013429105,0.6604132292522435,Dichlobenil (Ref: H 133)
104,210,1,0.448205935765599,iqp_zz_current_20q_duplicate,4,1,1.1086191650178425,0.6604132292522435,"S-[(6-Chloro-2-oxo-3(2H)-benzoxazolyl)methyl]O,O-diethyl ester phosphorodithioic acid"
9,221,1,0.6659928080910356,iqp_zz_current_20q_duplicate,4,1,1.326406037343279,0.6604132292522435,Carbofenthion
416,236,1,-1.893285809437635,iqp_zz_current_20q_duplicate,4,0,-1.2328725801853915,0.6604132292522435,1-methylcyclopropene
35,258,0,-1.4595568227116862,iqp_zz_current_20q_duplicate,4,0,-0.7991435934594426,0.6604132292522435,Chloramben (Ref: ACP M-629)
102,277,1,-1.0791516179805214,iqp_zz_current_20q_duplicate,4,0,-0.41873838872827795,0.6604132292522435,Pebulate (Ref: R 2061)
122,294,0,-1.1527257824945518,iqp_zz_current_20q_duplicate,4,0,-0.4923125532423082,0.6604132292522435,Fuberidazole
24,304,1,-1.5022417278363036,iqp_zz_current_20q_duplicate,4,0,-0.8418284985840601,0.6604132292522435,Terbutryn (Ref: GS 14260)
401,310,0,-1.5734646176469906,iqp_zz_current_20q_duplicate,4,0,-0.9130513883947471,0.6604132292522435,"5-Chloro-3-(1,1-dimethylethyl)-6-methyl-2,4(1H,3H)-pyrimidinedione"
400,311,1,-1.2635145222081172,iqp_zz_current_20q_duplicate,4,0,-0.6031012929558737,0.6604132292522435,Chlorophacinone (Ref: LM 91)
15,322,0,-1.122102786634647,iqp_zz_current_20q_duplicate,4,0,-0.4616895573824034,0.6604132292522435,Thiophanate
15,335,0,-1.3283110839790684,iqp_zz_current_20q_duplicate,4,0,-0.6678978547268248,0.6604132292522435,"N-[3-[[(Phenylamino)carbonyl]oxy]phenyl]carbamic acid, Ethyl ester"
15,337,0,-1.5308903355913166,iqp_zz_current_20q_duplicate,4,0,-0.870477106339073,0.6604132292522435,Carbetamide (Ref: RP 11561)
15,355,0,-1.0606963920499832,iqp_zz_current_20q_duplicate,4,0,-0.4002831627977397,0.6604132292522435,Proximpham
389,358,0,-1.2744796524864008,iqp_zz_current_20q_duplicate,4,0,-0.6140664232341572,0.6604132292522435,Dodemorph
161,371,0,-1.6486095161086018,iqp_zz_current_20q_duplicate,4,0,-0.9881962868563583,0.6604132292522435,Norflurazon (Ref: H 52143)
24,379,0,-1.5493278692173151,iqp_zz_current_20q_duplicate,4,0,-0.8889146399650716,0.6604132292522435,Terbumeton (Ref: GS 14259)
384,382,0,-1.6741995436211585,iqp_zz_current_20q_duplicate,4,0,-1.013786314368915,0.6604132292522435,Multistriatin
69,384,0,-1.7070541039121871,iqp_zz_current_20q_duplicate,4,0,-1.0466408746599436,0.6604132292522435,Tembotrione (Ref: AE 0172747)
4,386,1,-1.0587885025895447,iqp_zz_current_20q_duplicate,4,0,-0.3983752733373012,0.6604132292522435,Fenpropathrin (Ref: OMS 1999)
4,392,1,-0.6048032126956884,iqp_zz_current_20q_duplicate,4,0,0.055610016556555175,0.6604132292522435,"2,2-Dimethyl-3-(1,1,2,2-tetrabromoethyl)cyclopropanecarboxylic acid cyano(3-phenoxyphenyl)methyl ester"
0,393,0,-1.5050178660142446,iqp_zz_current_20q_duplicate,4,0,-0.844604636762001,0.6604132292522435,"2-[[[[(4-Chloro-6-methoxy-2-pyrimidinyl)amino]carbonyl]amino]sulfonyl]benzoic acid, Ethyl ester"
28,400,0,-1.8127937503058984,iqp_zz_current_20q_duplicate,4,0,-1.1523805210536548,0.6604132292522435,2-Chloro-1-(3-ethoxy-4-nitrophenoxy)-4-(trifluoromethyl)benzene
4,401,1,-0.678226722836186,iqp_zz_current_20q_duplicate,4,0,-0.017813493583942408,0.6604132292522435,4-Chloro-alpha-(1-methylethyl)benzeneacetic acid cyano(3-phenoxyphenyl)methyl ester
35,404,0,-1.1394394368215042,iqp_zz_current_20q_duplicate,4,0,-0.4790262075692605,0.6604132292522435,"3,6-Dichloro-2-pyridinecarboxylic acid"
379,405,0,-1.404112098941494,iqp_zz_current_20q_duplicate,4,0,-0.7436988696892504,0.6604132292522435,"3-(3,5-Dichlorophenyl)-N-(1-methylethyl)-2,4-dioxo-1-imidazolidinecarboxamide"
160,407,0,-1.4471223719946305,iqp_zz_current_20q_duplicate,4,0,-0.7867091427423869,0.6604132292522435,Nuarimol (Ref: EL 228)
4,409,1,-0.9634173657694571,iqp_zz_current_20q_duplicate,4,0,-0.30300413651721353,0.6604132292522435,"(1R,3R)-3-(2,2-Dibromoethenyl)-2,2-dimethylcyclopropanecarboxylic acid (S)cyano(3-phenoxyphenyl)methyl ester"
50,423,0,-1.2093071799204274,iqp_zz_current_20q_duplicate,4,0,-0.5488939506681838,0.6604132292522435,Triflumuron (Ref: OMS 2015)
4,430,1,-0.9695042941405762,iqp_zz_current_20q_duplicate,4,0,-0.3090910648883326,0.6604132292522435,Flucythrinate (Ref: OMS 2007)
97,434,1,0.6154172302358087,iqp_zz_current_20q_duplicate,4,1,1.2758304594880523,0.6604132292522435,Etrimfos
4,446,1,-0.8433367217814001,iqp_zz_current_20q_duplicate,4,0,-0.18292349252915652,0.6604132292522435,Cyphenothrin (Ref: S 2703)
104,454,1,0.25663456868171,iqp_zz_current_20q_duplicate,4,1,0.9170477979339535,0.6604132292522435,Azamethiphos (Ref: GCA 18809)
93,455,1,-0.34663914198405893,iqp_zz_current_20q_duplicate,4,0,0.3137740872681846,0.6604132292522435,2-[(Aminomethoxyphosphinothioyl)oxy]benzoic acid 1-methylethyl ester
15,462,0,-1.438194944917331,iqp_zz_current_20q_duplicate,4,0,-0.7777817156650875,0.6604132292522435,Fenoxycarb (Ref: OMS 3010)
4,464,1,-1.0437147278371652,iqp_zz_current_20q_duplicate,4,0,-0.3833014985849216,0.6604132292522435,Bifenthrin (Ref: FMC 54800)
4,465,1,-0.8871752680101611,iqp_zz_current_20q_duplicate,4,0,-0.2267620387579176,0.6604132292522435,"3-[2-Chloro-2-(4-chlorophenyl)ethenyl]-2,2-dimethylcyclopropanecarboxylic acid cyano(4-fluoro-3-phenoxyphenyl)methyl ester"
0,466,0,-1.6699368740835259,iqp_zz_current_20q_duplicate,4,0,-1.0095236448312823,0.6604132292522435,"2-[[[[(4,6-Dimethyl-2-pyrimidinyl)amino]carbonyl]amino]sulfonyl]benzoic acid, Methyl ester"
0,470,0,-1.411602330896457,iqp_zz_current_20q_duplicate,4,0,-0.7511891016442134,0.6604132292522435,Sulfometuron
367,480,0,-0.8222235111804721,iqp_zz_current_20q_duplicate,4,0,-0.16181028192822855,0.6604132292522435,"2-Ethoxy-2,3-dihydro-3,3-dimethyl-5-benzofuranol 5-methanesulfonate"
4,481,1,-1.3600437414525242,iqp_zz_current_20q_duplicate,4,0,-0.6996305122002806,0.6604132292522435,Beta-cyfluthrin (Ref: OMS 3051)
365,484,0,-0.929960495968359,iqp_zz_current_20q_duplicate,4,0,-0.26954726671611534,0.6604132292522435,2-[1-Methyl-2-(4-phenoxyphenoxy)ethoxy]pyridine
0,495,0,-0.902446884759408,iqp_zz_current_20q_duplicate,4,0,-0.2420336555071645,0.6604132292522435,Metsulfuron (Ref: IN F5438)
54,498,0,-1.190030327166637,iqp_zz_current_20q_duplicate,4,0,-0.5296170979143935,0.6604132292522435,Diethofencarb (Ref: S 1605)
15,499,0,-1.3604117124304547,iqp_zz_current_20q_duplicate,4,0,-0.6999984831782111,0.6604132292522435,Mepronil (Ref: B1 2459)
28,500,0,-1.5028539836676897,iqp_zz_current_20q_duplicate,4,0,-0.8424407544154462,0.6604132292522435,"5-[2-Chloro-4-(trifluoromethyl)phenoxy]-2-nitrobenzoic acid, 2-Ethoxy-1-methyl-2-oxoethyl ester"
72,501,0,-1.7513667874894185,iqp_zz_current_20q_duplicate,4,0,-1.090953558237175,0.6604132292522435,Uniconazole (Ref: XE 1019)
93,503,1,-0.10309585262411902,iqp_zz_current_20q_duplicate,4,0,0.5573173766281245,0.6604132292522435,Isofenphos-methyl
0,506,0,-1.7561477569436958,iqp_zz_current_20q_duplicate,4,0,-1.0957345276914523,0.6604132292522435,"2-(2-Chloroethoxy)-N-[[(4-methoxy-6-methyl-1,3,5-triazin-2-yl)amino]carbonyl]benzenesulfonamide"
0,517,0,-1.2026337303705787,iqp_zz_current_20q_duplicate,4,0,-0.5422205011183353,0.6604132292522435,Pyrazosulfuron-ethyl (Ref: NC 311)
53,519,0,-1.2765814405350193,iqp_zz_current_20q_duplicate,4,0,-0.6161682112827758,0.6604132292522435,Quinmerac (Ref: BAS 518H)
53,520,0,-1.4221774353677663,iqp_zz_current_20q_duplicate,4,0,-0.7617642061155228,0.6604132292522435,"3,7-Dichloro-8-quinolinecarboxylic acidZ"
0,524,0,-1.5530201269308843,iqp_zz_current_20q_duplicate,4,0,-0.8926068976786408,0.6604132292522435,Bensulfuron-methyl (Ref: DPX F5384)
15,525,0,-1.5183846556383742,iqp_zz_current_20q_duplicate,4,0,-0.8579714263861307,0.6604132292522435,Flutolanil (Ref: NNF 136)
0,527,0,-1.1213822177087687,iqp_zz_current_20q_duplicate,4,0,-0.46096898845652506,0.6604132292522435,Bensulfuron (Ref: IN R9419)
359,528,0,-1.7622272113222988,iqp_zz_current_20q_duplicate,4,0,-1.1018139820700552,0.6604132292522435,Diclomezine (Ref: F-850)
0,529,0,-1.1361255180884493,iqp_zz_current_20q_duplicate,4,0,-0.47571228883620564,0.6604132292522435,"2-[[[[[4,6-Bis(difluoromethoxy)-2-pyrimidinyl]amino]carbonyl]amino]sulfonyl]benzoic acid, Methyl ester"
35,542,1,-1.4984604913540265,iqp_zz_current_20q_duplicate,4,0,-0.8380472621017829,0.6604132292522435,Aminopyralid (Ref: XDE 750)
0,543,0,-1.2790346375453303,iqp_zz_current_20q_duplicate,4,0,-0.6186214082930868,0.6604132292522435,"N-[[4,6-Dimethoxy-2-pyrimidinyl)amino]carbonyl]-3-(trifluoromethyl)-2-pyridinesulfonamide"
136,545,1,-1.741469618882685,iqp_zz_current_20q_duplicate,4,0,-1.0810563896304415,0.6604132292522435,Tebufenpyrad (Ref: AC 801757)
0,553,0,-1.0073910914363875,iqp_zz_current_20q_duplicate,4,0,-0.34697786218414406,0.6604132292522435,Chlorimuron
351,559,0,-1.7301562465527625,iqp_zz_current_20q_duplicate,4,0,-1.069743017300519,0.6604132292522435,Flamprop-M-isopropyl (Ref: WL 43425)
0,560,0,-1.4688824339789102,iqp_zz_current_20q_duplicate,4,0,-0.8084692047266666,0.6604132292522435,Cinosulfuron (Ref: CGA 142464)
0,568,0,-0.8815629425105681,iqp_zz_current_20q_duplicate,4,0,-0.22114971325832453,0.6604132292522435,"N-[[(4,6-Dimethoxy-2-pyrimidinyl)amino]carbonyl]-2-(ethylsulfonyl)imidazo[1,2-a]pyridine-3-sulfonamide"
0,570,1,-0.7695679692007817,iqp_zz_current_20q_duplicate,4,0,-0.10915473994853814,0.6604132292522435,Thifensulfuron (Ref: IN L9225)
0,572,1,-1.3573855110356343,iqp_zz_current_20q_duplicate,4,0,-0.6969722817833908,0.6604132292522435,Nicosulfuron (Ref: DPX V9360)
44,577,0,-1.963425058498859,iqp_zz_current_20q_duplicate,4,0,-1.3030118292466155,0.6604132292522435,(alphaE)-alpha-(Methoxyimino)-2-[[[(E)-[1-[3-(trifluoromethyl)phenyl]ethylidene]amino]oxy]methyl]benzeneacteic acid methyl ester
347,581,0,-2.1286639166393106,iqp_zz_current_20q_duplicate,4,0,-1.4682506873870673,0.6604132292522435,"N-(4-Fluorophenyl)-N-(1-methylethyl)-2-[[5-(trifluoromethyl)-1,3,4-thiadiazol-2-yl]oxy]acetamide"
44,582,0,-1.4737781760199742,iqp_zz_current_20q_duplicate,4,0,-0.8133649467677306,0.6604132292522435,(alphaE)-alpha-(Methoxyimino)-2-[(2-methylphenoxy)methyl]benzeneacetic acid methyl ester
69,583,0,-1.6142338605629303,iqp_zz_current_20q_duplicate,4,0,-0.9538206313106867,0.6604132292522435,Sulcotrione (Ref: SC 0051)
344,588,0,-1.3443261443166503,iqp_zz_current_20q_duplicate,4,0,-0.6839129150644068,0.6604132292522435,Fenchlorazole (Ref: HOE 072829)
0,592,1,-1.0611483498030907,iqp_zz_current_20q_duplicate,4,0,-0.40073512055084703,0.6604132292522435,Ethametsulfuron-methyl (Ref: DPX-A7881)
35,595,0,-1.6249577768417311,iqp_zz_current_20q_duplicate,4,0,-0.9645445475894876,0.6604132292522435,Aminocyclopyrachlor (Ref: DPX-MAT28)
151,600,0,-1.8062631887480896,iqp_zz_current_20q_duplicate,4,0,-1.145849959495846,0.6604132292522435,Tebutam (Ref: GPC-5544)
338,602,0,-1.2419676831904,iqp_zz_current_20q_duplicate,4,0,-0.5815544539381565,0.6604132292522435,Cymiazol (Ref: CGA 50439)
0,604,0,-0.8522445522329165,iqp_zz_current_20q_duplicate,4,0,-0.191831322980673,0.6604132292522435,"N-[[(4,6-Dimethoxy-2-pyrimidinyl)amino]carbonyl]-3-(ethylsulfonyl)-2-pyridine sulfonamide"
0,605,0,-1.322441756081529,iqp_zz_current_20q_duplicate,4,0,-0.6620285268292854,0.6604132292522435,"2-[[[[[(4,6-Dimethoxy-2-pyrimidinyl)amino]carbonyl]amino]sulfonyl]amino]-N,N-dimethylbenzamide"
0,607,1,-1.1869228536959944,iqp_zz_current_20q_duplicate,4,0,-0.5265096244437508,0.6604132292522435,Tribenuron (Ref: IN R9803)
0,608,0,-0.9815188292588306,iqp_zz_current_20q_duplicate,4,0,-0.3211056000065871,0.6604132292522435,Amidosulfuron
0,610,0,-1.2218178511072155,iqp_zz_current_20q_duplicate,4,0,-0.5614046218549721,0.6604132292522435,"2-Chloro-N-[[(4,6-dimethoxy-2-pyrimidinyl)amino]carbonyl]imidazo[1,2-a]pyridine-3-sulfonamide"
0,611,0,-0.8486683269371037,iqp_zz_current_20q_duplicate,4,0,-0.18825509768486015,0.6604132292522435,Triflusulfuron
85,613,0,-1.6659810466255094,iqp_zz_current_20q_duplicate,4,0,-1.0055678173732658,0.6604132292522435,(alphaE)-2-[[6-(2-Cyanophenoxy)-4-pyrimidinyl]oxy]-alpha-(methoxymethylene)benzeneacetic acid methyl ester
0,615,0,-0.8765671113095994,iqp_zz_current_20q_duplicate,4,0,-0.21615388205735586,0.6604132292522435,"2-[[[[[4-Ethoxy-6-(methylamino)-1,3,5-triazin-2-yl]amino]carbonyl]amino]sulfonyl]benzoic acid"
335,627,0,-1.2252204258509947,iqp_zz_current_20q_duplicate,4,0,-0.5648071965987511,0.6604132292522435,Diofenolan (Ref: CGA 059205)
0,633,0,-1.615972929215369,iqp_zz_current_20q_duplicate,4,0,-0.9555596999631255,0.6604132292522435,"N-[[(4-Methoxy-6-methyl-1,3,5-triazin-2-yl)amino]carbonyl]-2-(3,3,3-trifluoropropyl)benzenesulfonamide"
0,646,0,-0.8233154008379929,iqp_zz_current_20q_duplicate,4,0,-0.16290217158574935,0.6604132292522435,Mesosulfuron-methyl (Ref: AE F130060)
0,647,0,-0.7521844124455379,iqp_zz_current_20q_duplicate,4,0,-0.0917711831932943,0.6604132292522435,Flupyrsulfuron
329,648,0,-1.5151112425445912,iqp_zz_current_20q_duplicate,4,0,-0.8546980132923476,0.6604132292522435,4-Chloro-N-[2-[3-methoxy-4-(2-propynyloxy)phenyl]ethyl]-alpha-(2-propynyloxy)benzeneacetamide
4,657,1,-1.5890125259646875,iqp_zz_current_20q_duplicate,4,0,-0.9285992967124439,0.6604132292522435,Acrinathrin (Ref: RU 38702)
0,662,0,-1.0893696624248868,iqp_zz_current_20q_duplicate,4,0,-0.42895643317264326,0.6604132292522435,Foramsulfuron (Ref: AE F130360)
69,665,1,-1.3900488649191605,iqp_zz_current_20q_duplicate,4,0,-0.7296356356669169,0.6604132292522435,Mesotrione (Ref: ZA 1296)
44,666,0,-1.5426825730162705,iqp_zz_current_20q_duplicate,4,0,-0.882269343764027,0.6604132292522435,Metominostrobin (Ref: SSF 126)
0,667,0,-0.8016147203157298,iqp_zz_current_20q_duplicate,4,0,-0.14120149106348628,0.6604132292522435,Primisulfuron
321,671,1,-1.7064058484885483,iqp_zz_current_20q_duplicate,4,0,-1.0459926192363047,0.6604132292522435,"3-[(2-Chloro-5-thiazolyl)methyl]tetrahydro-5-methyl-N-nitro-4H-1,3,5-oxadiazin-4-imine"
4,674,0,-1.0881295696395796,iqp_zz_current_20q_duplicate,4,0,-0.42771634038733614,0.6604132292522435,Tau-fluvalinate (Ref: SAN 527l)
142,683,0,-0.5199477075988725,iqp_zz_current_20q_duplicate,4,0,0.140465521653371,0.6604132292522435,Pyribenzoxim (Ref: LGC 40863 )
142,691,0,-1.73371280344224,iqp_zz_current_20q_duplicate,4,0,-1.0732995741899964,0.6604132292522435,Pyriminobac-methyl (Ref: KIH-6127)
0,692,0,-0.8584887494719742,iqp_zz_current_20q_duplicate,4,0,-0.19807552021973066,0.6604132292522435,Pyrazosulfuron
0,693,0,-1.6179536503862886,iqp_zz_current_20q_duplicate,4,0,-0.957540421134045,0.6604132292522435,Ethoxysulfuron (Ref: AE F095404)
0,699,0,-0.8370245804588863,iqp_zz_current_20q_duplicate,4,0,-0.17661135120664267,0.6604132292522435,Azimsulfuron
0,701,1,-0.8047530355463931,iqp_zz_current_20q_duplicate,4,0,-0.14433980629414955,0.6604132292522435,Mesosulfuron (Ref: AE F154851)
313,704,0,-1.4939869700100423,iqp_zz_current_20q_duplicate,4,0,-0.8335737407577988,0.6604132292522435,Mefenpyr diethyl (Ref: HOE 107892)
0,706,0,-1.5691361483775563,iqp_zz_current_20q_duplicate,4,0,-0.9087229191253128,0.6604132292522435,Oxasulfuron (Ref: CGA 277476 )
4,715,1,-0.8297401585398995,iqp_zz_current_20q_duplicate,4,0,-0.16932692928765594,0.6604132292522435,Sumithrin 
0,729,0,-1.3753191024803888,iqp_zz_current_20q_duplicate,4,0,-0.7149058732281452,0.6604132292522435,Trifloxysulfuron (Ref: CGA 292230)
60,731,0,-1.4237896221833803,iqp_zz_current_20q_duplicate,4,0,-0.7633763929311368,0.6604132292522435,"1,1'-(2-Nitrobutylidene)bis(4-chlorobenzene), Mixt. with 1,1'-(2-Nitropropylidene)bis(4-chlorobenzene)"
132,735,0,-1.4574579464490183,iqp_zz_current_20q_duplicate,4,0,-0.7970447171967747,0.6604132292522435,"(3-Bromo-6-methoxy-2-methylphenyl)(2,3,4-trimethoxy-6-methylphenyl)methanone"
85,737,1,-1.8549962668922544,iqp_zz_current_20q_duplicate,4,0,-1.1945830376400108,0.6604132292522435,Fluacrypyrim
136,738,1,-1.1584222241884978,iqp_zz_current_20q_duplicate,4,0,-0.49800899493625433,0.6604132292522435,4-Chloro-3-ethyl-1-methyl-N-[[4-(4-methylphenoxy)phenyl]methyl]-1H-pyrazole-5-carboxamide
44,740,0,-1.7569615212453238,iqp_zz_current_20q_duplicate,4,0,-1.0965482919930802,0.6604132292522435,Dimoxystrobin (Ref: BAS 505F)
305,742,0,-1.863405956634521,iqp_zz_current_20q_duplicate,4,0,-1.2029927273822774,0.6604132292522435,Sintofen (Ref: SC 2053)
0,745,0,-0.8241535283438779,iqp_zz_current_20q_duplicate,4,0,-0.1637402990916344,0.6604132292522435,Tritosulfuron
85,753,0,-1.8795715582874017,iqp_zz_current_20q_duplicate,4,0,-1.2191583290351582,0.6604132292522435,(alphaE)-alpha-(Methoxymethylene)-2-[[[6-(trifluoromethyl)-2-pyridinyl]oxy]methyl]benzeneacetic acid methyl ester
44,761,0,-1.631581887369081,iqp_zz_current_20q_duplicate,4,0,-0.9711686581168375,0.6604132292522435,Orysastrobin
298,776,0,-1.853108548094645,iqp_zz_current_20q_duplicate,4,0,-1.1926953188424014,0.6604132292522435,Trifludimoxazin
0,794,0,-0.6804234902189941,iqp_zz_current_20q_duplicate,4,0,-0.02001026096675057,0.6604132292522435,Iodosulfuron
35,796,0,-1.4381382885471228,iqp_zz_current_20q_duplicate,4,0,-0.7777250592948792,0.6604132292522435,Picloram-dimethylammonium
132,800,0,-1.6781678665452378,iqp_zz_current_20q_duplicate,4,0,-1.0177546372929942,0.6604132292522435,"(5-Chloro-2-methoxy-4-methylpyridin-3-yl)(2,3,4-trimethoxy-6-methylphenyl)methanone"
289,803,0,-1.5736424905577158,iqp_zz_current_20q_duplicate,4,0,-0.9132292613054722,0.6604132292522435,N-[(2-Chlorophenyl)methyl]-N'-(1-methyl-1-phenylethyl)urea
283,818,0,-1.7828392044943095,iqp_zz_current_20q_duplicate,4,0,-1.122425975242066,0.6604132292522435,Flupyrimin
35,822,0,-1.2502835466714144,iqp_zz_current_20q_duplicate,4,0,-0.5898703174191708,0.6604132292522435,Halauxifen (Ref: X11393729)
82,839,0,-1.3956162027972154,iqp_zz_current_20q_duplicate,4,0,-0.7352029735449719,0.6604132292522435,Eugenol
276,844,0,-1.7394042245475918,iqp_zz_current_20q_duplicate,4,0,-1.0789909952953483,0.6604132292522435,Trichloronitromethane
270,855,0,-1.539763050764719,iqp_zz_current_20q_duplicate,4,0,-0.8793498215124755,0.6604132292522435,Dibromochloropropane (Ref: OS1897)
263,865,0,-1.6720131542270744,iqp_zz_current_20q_duplicate,4,0,-1.0115999249748309,0.6604132292522435,Dicyclopentadiene
60,867,0,-0.6811410485214504,iqp_zz_current_20q_duplicate,4,0,-0.020727819269206832,0.6604132292522435,"1,1'-(2,2-Dichloroethylidene)bis[4-chlorobenzene]"
256,885,0,-1.079471164788617,iqp_zz_current_20q_duplicate,4,0,-0.41905793553637344,0.6604132292522435,Karanjin
254,888,1,-2.124629462137494,iqp_zz_current_20q_duplicate,4,0,-1.4642162328852508,0.6604132292522435,"1,3-dichloropropene (Ref: D D92)"
125,891,0,-1.6954934802543244,iqp_zz_current_20q_duplicate,4,0,-1.035080251002081,0.6604132292522435,"2,4,5,6-Tetrachloro-1,3-benzenedicarbonitrile"
122,902,1,-1.1785627685645377,iqp_zz_current_20q_duplicate,4,0,-0.5181495393122941,0.6604132292522435,2-(4-Thiazolyl)-1H-benzimidazole
246,907,0,-1.5554447687985047,iqp_zz_current_20q_duplicate,4,0,-0.8950315395462611,0.6604132292522435,"5-Bromo-6-methyl-3-(1-methylpropyl)-2,4(1H,3H)-pyrimidinedione"
242,918,0,-1.2632725825944926,iqp_zz_current_20q_duplicate,4,0,-0.602859353342249,0.6604132292522435,Oxolinic acid
234,931,0,-2.002472711605483,iqp_zz_current_20q_duplicate,4,0,-1.3420594823532397,0.6604132292522435,Propyzamide (Ref: RH 315)
224,949,0,-1.2472646615749992,iqp_zz_current_20q_duplicate,4,0,-0.5868514323227556,0.6604132292522435,Difenzoquat metilsulfate (Ref: AC 84777)
4,954,1,-0.1331885994816866,iqp_zz_current_20q_duplicate,4,0,0.527224629770557,0.6604132292522435,"(1R,3R)-rel-3-[(1Z)-2-Chloro-3,3,3-trifluoro-1-propen-1-yl]-2,2-dimethylcyclopropanecarboxylic acid (2,3,5,6-tetrafluoro-4-methylphenyl)methyl ester"
214,968,1,-0.919419241316618,iqp_zz_current_20q_duplicate,4,0,-0.2590060120643745,0.6604132292522435,Diafenthiuron (Ref: CGA 106630)
207,980,0,-1.8317753866961697,iqp_zz_current_20q_duplicate,4,0,-1.1713621574439261,0.6604132292522435,"2-[2-(1-Chlorocyclopropyl)-3-(2-chlorophenyl)-2-hydroxypropyl]-1,2-dihydro-3H-1,2,4-triazole-3-thione"
206,981,0,-1.2418430021311093,iqp_zz_current_20q_duplicate,4,0,-0.5814297728788658,0.6604132292522435,Furilazole (Ref: MON 13900)
204,984,1,-1.6596241618685206,iqp_zz_current_20q_duplicate,4,0,-0.999210932616277,0.6604132292522435,"8-(1,1-Dimethylethyl)-N-ethyl-N-propyl-1,4-dioxaspiro[4.5]decane-2-methanamine"
0,991,0,-1.0497735528185828,iqp_zz_current_20q_duplicate,4,0,-0.38936032356633926,0.6604132292522435,"3-Chloro-5-[[[[(4,6-dimethoxy-2-pyrimidinyl)amino]carbonyl]amino]sulfonyl]-1-methyl-1H-pyrazole-4-carboxylic acid, Methyl ester"
69,993,0,-1.3044351438181232,iqp_zz_current_20q_duplicate,4,0,-0.6440219145658796,0.6604132292522435,3-[2-Chloro-4-(methanesulfonyl)benzoyl]-4-(phenylsulfanyl)bicyclo[3.2.1]oct-3-en-2-one
112,995,0,-1.6608998231865206,iqp_zz_current_20q_duplicate,4,0,-1.000486593934277,0.6604132292522435,Benthiavalicarb
190,1016,1,-1.5096295721276105,iqp_zz_current_20q_duplicate,4,0,-0.849216342875367,0.6604132292522435,N-[Methyloxido[1-[6-(trifluoromethyl)-3-pyridinyl]ethyl]-lambda4-sulfanylidene]cyanamide
4,1024,1,-0.8869343137405913,iqp_zz_current_20q_duplicate,4,0,-0.22652108448834776,0.6604132292522435,Brofluthrinate (Ref: ZXI 8901)
181,1031,0,-0.1096771665629046,iqp_zz_current_20q_duplicate,4,0,0.550736062689339,0.6604132292522435,"Cyclopropanecarboxylic acid, [(3S,4R,4aR,6S,6aS,12R,12aS,12bS)-3-[(Cyclopropylcarbonyl)oxy]-1,3,4,4a,5,6,6a,12,12a,12b-decahydro-6,12-dihydroxy-4,6a,12b-trimethyl-11-oxo-9-(3-pyridinyl)-2H,11H-naphtho[2,1-b]pyrano[3,4-e]pyran-4-yl]methyl ester"
179,1033,0,-1.6198614987378757,iqp_zz_current_20q_duplicate,4,0,-0.9594482694856321,0.6604132292522435,Fluindapyr (Ref: IR9792)
93,16,1,0.1365303945543116,iqp_zz_current_20q_complementary_signed_sqrt,4,1,0.09400479798275897,-0.042525596571552624,2-[[Ethoxy[(1-methylethyl)amino]phosphinothioyl]oxy]benzoic acid 1-methylethyl ester
457,19,0,-0.6632874228879605,iqp_zz_current_20q_complementary_signed_sqrt,4,0,-0.7058130194595131,-0.042525596571552624,(2-Chloroethyl)phosphonic acid
53,27,0,-0.8749639287510129,iqp_zz_current_20q_complementary_signed_sqrt,4,0,-0.9174895253225656,-0.042525596571552624,"3,6-Dichloro-2-methyoxybenzoic acid"
450,44,0,-1.0020891645770353,iqp_zz_current_20q_complementary_signed_sqrt,4,0,-1.0446147611485879,-0.042525596571552624,Anethole
4,60,1,-0.6215250193756383,iqp_zz_current_20q_complementary_signed_sqrt,4,0,-0.664050615947191,-0.042525596571552624,"3-(2-Chloro-3,3,3-trifluoro-1-propenyl)-2,2-dimethylcyclopropanecarboxylic acid cyano(3-phenoxyphenyl)methyl ester"
82,62,0,-0.9527705027574577,iqp_zz_current_20q_complementary_signed_sqrt,4,0,-0.9952960993290103,-0.042525596571552624,Methyleugenol (Ref: Ent 21040)
82,66,1,-0.7615879683221258,iqp_zz_current_20q_complementary_signed_sqrt,4,0,-0.8041135648936785,-0.042525596571552624,Capsaicin (Ref: NCI-C56564)
444,69,0,-1.0215599350638866,iqp_zz_current_20q_complementary_signed_sqrt,4,0,-1.0640855316354392,-0.042525596571552624,2-phenylphenol
60,83,1,-0.5694989050248974,iqp_zz_current_20q_complementary_signed_sqrt,4,0,-0.61202450159645,-0.042525596571552624,DDT (Ref: OMS 16)
9,84,1,1.5581621074305334,iqp_zz_current_20q_complementary_signed_sqrt,4,1,1.5156365108589809,-0.042525596571552624,Ethion (Ref: ENT 24105)
174,86,1,0.9700922175655738,iqp_zz_current_20q_complementary_signed_sqrt,4,1,0.9275666209940212,-0.042525596571552624,"Phosphorodithioic acid O,O-diethyl S-[(4-oxo-1,2,3-benzotriazin-3(4H)-yl)methyl] ester"
9,90,1,1.1154702374053214,iqp_zz_current_20q_complementary_signed_sqrt,4,1,1.0729446408337688,-0.042525596571552624,Chlormephos (Ref: MC 2188)
161,95,0,-1.0219080975990646,iqp_zz_current_20q_complementary_signed_sqrt,4,0,-1.0644336941706172,-0.042525596571552624,5-Amino-4-chloro-2-phenyl-3(2H)-pyridazinone
15,102,0,-0.808134555273622,iqp_zz_current_20q_complementary_signed_sqrt,4,0,-0.8506601518451746,-0.042525596571552624,(3-Methylphenyl)carbamic acid 3-[(methoxycarbonyl)amino]phenyl ester
9,112,1,1.1690583161262333,iqp_zz_current_20q_complementary_signed_sqrt,4,1,1.1265327195546808,-0.042525596571552624,"S-[2-(Ethylthio)ethyl]O,O-dimethyl ester phosphorodithioc acid"
433,117,0,-0.6619822959183217,iqp_zz_current_20q_complementary_signed_sqrt,4,0,-0.7045078924898743,-0.042525596571552624,Piperonyl butoxide (Ref: ENT 14250)
0,119,0,-0.6837141587533118,iqp_zz_current_20q_complementary_signed_sqrt,4,0,-0.7262397553248644,-0.042525596571552624,Metsulfuron-methyl (Ref: DPX T6376)
9,123,1,1.1968122391563867,iqp_zz_current_20q_complementary_signed_sqrt,4,1,1.1542866425848342,-0.042525596571552624,"Phosphorodithioic acid S-[[(1,1-dimethylethyl)thio]O,O-diethylmethyl]ester"
170,131,1,-0.5694989050248974,iqp_zz_current_20q_complementary_signed_sqrt,4,0,-0.61202450159645,-0.042525596571552624,"O,P'-DDT"
15,134,0,-1.0142598220291363,iqp_zz_current_20q_complementary_signed_sqrt,4,0,-1.0567854186006889,-0.042525596571552624,"N-Phenylcarbamic acid, 1-Methylethyl ester"
431,138,0,-0.7741812256723946,iqp_zz_current_20q_complementary_signed_sqrt,4,0,-0.8167068222439472,-0.042525596571552624,Flurochloridone (Ref: R 40244)
0,142,0,-0.6551304762268042,iqp_zz_current_20q_complementary_signed_sqrt,4,0,-0.6976560727983568,-0.042525596571552624,Cyclosulfamuron (Ref: BAS 710H)
9,156,1,1.140752959180658,iqp_zz_current_20q_complementary_signed_sqrt,4,1,1.0982273626091055,-0.042525596571552624,"O,O-Diethyl S-[2-(ethylsulfanyl)ethyl] phosphorothioate"
0,157,0,-0.7873957179102838,iqp_zz_current_20q_complementary_signed_sqrt,4,0,-0.8299213144818365,-0.042525596571552624,"2-Chloro-N-[[(4-methoxy-6-methyl-1,3,5-triazin-2-yl)amino]carbonyl]benzenesulfonamide"
4,159,1,-0.7573484085248688,iqp_zz_current_20q_complementary_signed_sqrt,4,0,-0.7998740050964215,-0.042525596571552624,"3-(2,2-Dichloroethenyl)-2,2-dimethylcyclopropanecarboxylic acid, (3-Phenoxyphenyl)methyl ester"
9,169,1,1.067377066681239,iqp_zz_current_20q_complementary_signed_sqrt,4,1,1.0248514701096865,-0.042525596571552624,Demeton-O-methyl (Ref: ENT 18862)
60,170,1,-0.7777439740682905,iqp_zz_current_20q_complementary_signed_sqrt,4,0,-0.8202695706398432,-0.042525596571552624,"1,1'-(2,2-Dichloroethylidene)bis[4-ethylbenzene"
54,178,0,-0.9754614559420821,iqp_zz_current_20q_complementary_signed_sqrt,4,0,-1.0179870525136347,-0.042525596571552624,"N-(3-Chlorophenyl)carbamic acid, 1-Methylethyl ester"
9,181,1,1.0882408178757585,iqp_zz_current_20q_complementary_signed_sqrt,4,1,1.045715221304206,-0.042525596571552624,Demeton (Ref: ENT 17295)
422,183,0,-0.7875434230145819,iqp_zz_current_20q_complementary_signed_sqrt,4,0,-0.8300690195861345,-0.042525596571552624,"2,2-Dichloropropanoic acid"
4,184,1,-0.6897808187462292,iqp_zz_current_20q_complementary_signed_sqrt,4,0,-0.7323064153177818,-0.042525596571552624,Beta-cypermethrin (Ref: OMS 3068)
9,187,1,1.1768076915989014,iqp_zz_current_20q_complementary_signed_sqrt,4,1,1.134282095027349,-0.042525596571552624,"Phosphorodithioic acid, O,O-Diethyl-S-[2-(ethylthio)ethyl] ester"
9,193,1,1.1160162269693852,iqp_zz_current_20q_complementary_signed_sqrt,4,1,1.0734906303978327,-0.042525596571552624,"S-[2-(Ethylthio)ethyl]O,O-dimethyl ester phosphorothioic acid"
53,198,0,-0.8660952757144743,iqp_zz_current_20q_complementary_signed_sqrt,4,0,-0.908620872286027,-0.042525596571552624,"2,3,6-TBA (Ref: HC 1281)"
9,201,1,1.1978167936371513,iqp_zz_current_20q_complementary_signed_sqrt,4,1,1.1552911970655988,-0.042525596571552624,"O,O-Diethyl S-[(ethylthio)methyl])ester, Phosphorodithioic acid"
125,206,1,-0.9547764461632322,iqp_zz_current_20q_complementary_signed_sqrt,4,0,-0.9973020427347848,-0.042525596571552624,Dichlobenil (Ref: H 133)
104,210,1,1.0153152272298978,iqp_zz_current_20q_complementary_signed_sqrt,4,1,0.9727896306583451,-0.042525596571552624,"S-[(6-Chloro-2-oxo-3(2H)-benzoxazolyl)methyl]O,O-diethyl ester phosphorodithioic acid"
9,221,1,1.1729882637037543,iqp_zz_current_20q_complementary_signed_sqrt,4,1,1.1304626671322018,-0.042525596571552624,Carbofenthion
416,236,1,-0.9422178565546934,iqp_zz_current_20q_complementary_signed_sqrt,4,0,-0.984743453126246,-0.042525596571552624,1-methylcyclopropene
35,258,0,-0.8599065478616418,iqp_zz_current_20q_complementary_signed_sqrt,4,0,-0.9024321444331944,-0.042525596571552624,Chloramben (Ref: ACP M-629)
102,277,1,-0.8337427075347157,iqp_zz_current_20q_complementary_signed_sqrt,4,0,-0.8762683041062683,-0.042525596571552624,Pebulate (Ref: R 2061)
122,294,0,-0.9504734765671432,iqp_zz_current_20q_complementary_signed_sqrt,4,0,-0.9929990731386958,-0.042525596571552624,Fuberidazole
24,304,1,-0.8590705982102315,iqp_zz_current_20q_complementary_signed_sqrt,4,0,-0.9015961947817841,-0.042525596571552624,Terbutryn (Ref: GS 14260)
401,310,0,-1.0069280871678956,iqp_zz_current_20q_complementary_signed_sqrt,4,0,-1.0494536837394481,-0.042525596571552624,"5-Chloro-3-(1,1-dimethylethyl)-6-methyl-2,4(1H,3H)-pyrimidinedione"
400,311,1,-0.8701298816430216,iqp_zz_current_20q_complementary_signed_sqrt,4,0,-0.9126554782145743,-0.042525596571552624,Chlorophacinone (Ref: LM 91)
15,322,0,-0.5922707418833513,iqp_zz_current_20q_complementary_signed_sqrt,4,0,-0.6347963384549039,-0.042525596571552624,Thiophanate
15,335,0,-0.7951432472414782,iqp_zz_current_20q_complementary_signed_sqrt,4,0,-0.8376688438130309,-0.042525596571552624,"N-[3-[[(Phenylamino)carbonyl]oxy]phenyl]carbamic acid, Ethyl ester"
15,337,0,-0.9506803170362291,iqp_zz_current_20q_complementary_signed_sqrt,4,0,-0.9932059136077818,-0.042525596571552624,Carbetamide (Ref: RP 11561)
15,355,0,-0.9598700496791802,iqp_zz_current_20q_complementary_signed_sqrt,4,0,-1.0023956462507329,-0.042525596571552624,Proximpham
389,358,0,-0.7223235323325067,iqp_zz_current_20q_complementary_signed_sqrt,4,0,-0.7648491289040593,-0.042525596571552624,Dodemorph
161,371,0,-1.0087193088037516,iqp_zz_current_20q_complementary_signed_sqrt,4,0,-1.0512449053753041,-0.042525596571552624,Norflurazon (Ref: H 52143)
24,379,0,-0.9328998300764565,iqp_zz_current_20q_complementary_signed_sqrt,4,0,-0.9754254266480091,-0.042525596571552624,Terbumeton (Ref: GS 14259)
384,382,0,-0.8887087092752199,iqp_zz_current_20q_complementary_signed_sqrt,4,0,-0.9312343058467726,-0.042525596571552624,Multistriatin
69,384,0,-0.5668447807490054,iqp_zz_current_20q_complementary_signed_sqrt,4,0,-0.609370377320558,-0.042525596571552624,Tembotrione (Ref: AE 0172747)
4,386,1,-0.7426161738484451,iqp_zz_current_20q_complementary_signed_sqrt,4,0,-0.7851417704199978,-0.042525596571552624,Fenpropathrin (Ref: OMS 1999)
4,392,1,-0.33587298463960685,iqp_zz_current_20q_complementary_signed_sqrt,4,0,-0.3783985812111595,-0.042525596571552624,"2,2-Dimethyl-3-(1,1,2,2-tetrabromoethyl)cyclopropanecarboxylic acid cyano(3-phenoxyphenyl)methyl ester"
0,393,0,-0.697979501993006,iqp_zz_current_20q_complementary_signed_sqrt,4,0,-0.7405050985645586,-0.042525596571552624,"2-[[[[(4-Chloro-6-methoxy-2-pyrimidinyl)amino]carbonyl]amino]sulfonyl]benzoic acid, Ethyl ester"
28,400,0,-0.7047780289622727,iqp_zz_current_20q_complementary_signed_sqrt,4,0,-0.7473036255338253,-0.042525596571552624,2-Chloro-1-(3-ethoxy-4-nitrophenoxy)-4-(trifluoromethyl)benzene
4,401,1,-0.6747524366479845,iqp_zz_current_20q_complementary_signed_sqrt,4,0,-0.7172780332195371,-0.042525596571552624,4-Chloro-alpha-(1-methylethyl)benzeneacetic acid cyano(3-phenoxyphenyl)methyl ester
35,404,0,-0.8447794751269194,iqp_zz_current_20q_complementary_signed_sqrt,4,0,-0.8873050716984721,-0.042525596571552624,"3,6-Dichloro-2-pyridinecarboxylic acid"
379,405,0,-0.8068197223987095,iqp_zz_current_20q_complementary_signed_sqrt,4,0,-0.8493453189702621,-0.042525596571552624,"3-(3,5-Dichlorophenyl)-N-(1-methylethyl)-2,4-dioxo-1-imidazolidinecarboxamide"
160,407,0,-1.0303798870831051,iqp_zz_current_20q_complementary_signed_sqrt,4,0,-1.0729054836546577,-0.042525596571552624,Nuarimol (Ref: EL 228)
4,409,1,-0.5839324571597624,iqp_zz_current_20q_complementary_signed_sqrt,4,0,-0.626458053731315,-0.042525596571552624,"(1R,3R)-3-(2,2-Dibromoethenyl)-2,2-dimethylcyclopropanecarboxylic acid (S)cyano(3-phenoxyphenyl)methyl ester"
50,423,0,-0.8347803675918442,iqp_zz_current_20q_complementary_signed_sqrt,4,0,-0.8773059641633968,-0.042525596571552624,Triflumuron (Ref: OMS 2015)
4,430,1,-0.6336291904471756,iqp_zz_current_20q_complementary_signed_sqrt,4,0,-0.6761547870187282,-0.042525596571552624,Flucythrinate (Ref: OMS 2007)
97,434,1,1.0597076518692015,iqp_zz_current_20q_complementary_signed_sqrt,4,1,1.017182055297649,-0.042525596571552624,Etrimfos
4,446,1,-0.6900100249227168,iqp_zz_current_20q_complementary_signed_sqrt,4,0,-0.7325356214942694,-0.042525596571552624,Cyphenothrin (Ref: S 2703)
104,454,1,0.9339195403850437,iqp_zz_current_20q_complementary_signed_sqrt,4,1,0.891393943813491,-0.042525596571552624,Azamethiphos (Ref: GCA 18809)
93,455,1,0.05715615691814177,iqp_zz_current_20q_complementary_signed_sqrt,4,1,0.014630560346589147,-0.042525596571552624,2-[(Aminomethoxyphosphinothioyl)oxy]benzoic acid 1-methylethyl ester
15,462,0,-0.858717823693468,iqp_zz_current_20q_complementary_signed_sqrt,4,0,-0.9012434202650207,-0.042525596571552624,Fenoxycarb (Ref: OMS 3010)
4,464,1,-0.6925320389571582,iqp_zz_current_20q_complementary_signed_sqrt,4,0,-0.7350576355287108,-0.042525596571552624,Bifenthrin (Ref: FMC 54800)
4,465,1,-0.5314729819787354,iqp_zz_current_20q_complementary_signed_sqrt,4,0,-0.573998578550288,-0.042525596571552624,"3-[2-Chloro-2-(4-chlorophenyl)ethenyl]-2,2-dimethylcyclopropanecarboxylic acid cyano(4-fluoro-3-phenoxyphenyl)methyl ester"
0,466,0,-0.7859305137078663,iqp_zz_current_20q_complementary_signed_sqrt,4,0,-0.8284561102794189,-0.042525596571552624,"2-[[[[(4,6-Dimethyl-2-pyrimidinyl)amino]carbonyl]amino]sulfonyl]benzoic acid, Methyl ester"
0,470,0,-0.7510642853335165,iqp_zz_current_20q_complementary_signed_sqrt,4,0,-0.7935898819050692,-0.042525596571552624,Sulfometuron
367,480,0,-0.7313558467517787,iqp_zz_current_20q_complementary_signed_sqrt,4,0,-0.7738814433233313,-0.042525596571552624,"2-Ethoxy-2,3-dihydro-3,3-dimethyl-5-benzofuranol 5-methanesulfonate"
4,481,1,-0.6465569834641242,iqp_zz_current_20q_complementary_signed_sqrt,4,0,-0.6890825800356768,-0.042525596571552624,Beta-cyfluthrin (Ref: OMS 3051)
365,484,0,-0.8087310636913709,iqp_zz_current_20q_complementary_signed_sqrt,4,0,-0.8512566602629236,-0.042525596571552624,2-[1-Methyl-2-(4-phenoxyphenoxy)ethoxy]pyridine
0,495,0,-0.6515069989672506,iqp_zz_current_20q_complementary_signed_sqrt,4,0,-0.6940325955388033,-0.042525596571552624,Metsulfuron (Ref: IN F5438)
54,498,0,-0.8295453495340132,iqp_zz_current_20q_complementary_signed_sqrt,4,0,-0.8720709461055658,-0.042525596571552624,Diethofencarb (Ref: S 1605)
15,499,0,-0.9275438895875754,iqp_zz_current_20q_complementary_signed_sqrt,4,0,-0.970069486159128,-0.042525596571552624,Mepronil (Ref: B1 2459)
28,500,0,-0.5287017222517628,iqp_zz_current_20q_complementary_signed_sqrt,4,0,-0.5712273188233155,-0.042525596571552624,"5-[2-Chloro-4-(trifluoromethyl)phenoxy]-2-nitrobenzoic acid, 2-Ethoxy-1-methyl-2-oxoethyl ester"
72,501,0,-1.0175728398735284,iqp_zz_current_20q_complementary_signed_sqrt,4,0,-1.060098436445081,-0.042525596571552624,Uniconazole (Ref: XE 1019)
93,503,1,0.11907956382830831,iqp_zz_current_20q_complementary_signed_sqrt,4,1,0.07655396725675569,-0.042525596571552624,Isofenphos-methyl
0,506,0,-0.7211427684386911,iqp_zz_current_20q_complementary_signed_sqrt,4,0,-0.7636683650102437,-0.042525596571552624,"2-(2-Chloroethoxy)-N-[[(4-methoxy-6-methyl-1,3,5-triazin-2-yl)amino]carbonyl]benzenesulfonamide"
0,517,0,-0.6278823581649967,iqp_zz_current_20q_complementary_signed_sqrt,4,0,-0.6704079547365493,-0.042525596571552624,Pyrazosulfuron-ethyl (Ref: NC 311)
53,519,0,-0.9679855208919367,iqp_zz_current_20q_complementary_signed_sqrt,4,0,-1.0105111174634893,-0.042525596571552624,Quinmerac (Ref: BAS 518H)
53,520,0,-0.9352074483232281,iqp_zz_current_20q_complementary_signed_sqrt,4,0,-0.9777330448947807,-0.042525596571552624,"3,7-Dichloro-8-quinolinecarboxylic acidZ"
0,524,0,-0.6612440049512146,iqp_zz_current_20q_complementary_signed_sqrt,4,0,-0.7037696015227672,-0.042525596571552624,Bensulfuron-methyl (Ref: DPX F5384)
15,525,0,-0.9268547792515425,iqp_zz_current_20q_complementary_signed_sqrt,4,0,-0.9693803758230951,-0.042525596571552624,Flutolanil (Ref: NNF 136)
0,527,0,-0.6460931101619509,iqp_zz_current_20q_complementary_signed_sqrt,4,0,-0.6886187067335036,-0.042525596571552624,Bensulfuron (Ref: IN R9419)
359,528,0,-1.0361652346637886,iqp_zz_current_20q_complementary_signed_sqrt,4,0,-1.0786908312353412,-0.042525596571552624,Diclomezine (Ref: F-850)
0,529,0,-0.6616867313663813,iqp_zz_current_20q_complementary_signed_sqrt,4,0,-0.704212327937934,-0.042525596571552624,"2-[[[[[4,6-Bis(difluoromethoxy)-2-pyrimidinyl]amino]carbonyl]amino]sulfonyl]benzoic acid, Methyl ester"
35,542,1,-0.7983331132648707,iqp_zz_current_20q_complementary_signed_sqrt,4,0,-0.8408587098364233,-0.042525596571552624,Aminopyralid (Ref: XDE 750)
0,543,0,-0.7628825202733311,iqp_zz_current_20q_complementary_signed_sqrt,4,0,-0.8054081168448838,-0.042525596571552624,"N-[[4,6-Dimethoxy-2-pyrimidinyl)amino]carbonyl]-3-(trifluoromethyl)-2-pyridinesulfonamide"
136,545,1,-0.958654468384745,iqp_zz_current_20q_complementary_signed_sqrt,4,0,-1.0011800649562976,-0.042525596571552624,Tebufenpyrad (Ref: AC 801757)
0,553,0,-0.676573757119236,iqp_zz_current_20q_complementary_signed_sqrt,4,0,-0.7190993536907886,-0.042525596571552624,Chlorimuron
351,559,0,-0.9049210467844438,iqp_zz_current_20q_complementary_signed_sqrt,4,0,-0.9474466433559965,-0.042525596571552624,Flamprop-M-isopropyl (Ref: WL 43425)
0,560,0,-0.6024020089390968,iqp_zz_current_20q_complementary_signed_sqrt,4,0,-0.6449276055106494,-0.042525596571552624,Cinosulfuron (Ref: CGA 142464)
0,568,0,-0.5961988894674878,iqp_zz_current_20q_complementary_signed_sqrt,4,0,-0.6387244860390404,-0.042525596571552624,"N-[[(4,6-Dimethoxy-2-pyrimidinyl)amino]carbonyl]-2-(ethylsulfonyl)imidazo[1,2-a]pyridine-3-sulfonamide"
0,570,1,-0.5202324378086973,iqp_zz_current_20q_complementary_signed_sqrt,4,0,-0.56275803438025,-0.042525596571552624,Thifensulfuron (Ref: IN L9225)
0,572,1,-0.671877855388939,iqp_zz_current_20q_complementary_signed_sqrt,4,0,-0.7144034519604916,-0.042525596571552624,Nicosulfuron (Ref: DPX V9360)
44,577,0,-0.7994074527906463,iqp_zz_current_20q_complementary_signed_sqrt,4,0,-0.8419330493621989,-0.042525596571552624,(alphaE)-alpha-(Methoxyimino)-2-[[[(E)-[1-[3-(trifluoromethyl)phenyl]ethylidene]amino]oxy]methyl]benzeneacteic acid methyl ester
347,581,0,-0.8008348773780026,iqp_zz_current_20q_complementary_signed_sqrt,4,0,-0.8433604739495553,-0.042525596571552624,"N-(4-Fluorophenyl)-N-(1-methylethyl)-2-[[5-(trifluoromethyl)-1,3,4-thiadiazol-2-yl]oxy]acetamide"
44,582,0,-0.852307669451413,iqp_zz_current_20q_complementary_signed_sqrt,4,0,-0.8948332660229656,-0.042525596571552624,(alphaE)-alpha-(Methoxyimino)-2-[(2-methylphenoxy)methyl]benzeneacetic acid methyl ester
69,583,0,-0.7083603163568587,iqp_zz_current_20q_complementary_signed_sqrt,4,0,-0.7508859129284113,-0.042525596571552624,Sulcotrione (Ref: SC 0051)
344,588,0,-0.7691406904466574,iqp_zz_current_20q_complementary_signed_sqrt,4,0,-0.8116662870182101,-0.042525596571552624,Fenchlorazole (Ref: HOE 072829)
0,592,1,-0.6388911274970924,iqp_zz_current_20q_complementary_signed_sqrt,4,0,-0.6814167240686451,-0.042525596571552624,Ethametsulfuron-methyl (Ref: DPX-A7881)
35,595,0,-0.8172262397517924,iqp_zz_current_20q_complementary_signed_sqrt,4,0,-0.8597518363233451,-0.042525596571552624,Aminocyclopyrachlor (Ref: DPX-MAT28)
151,600,0,-0.959300608428204,iqp_zz_current_20q_complementary_signed_sqrt,4,0,-1.0018262049997566,-0.042525596571552624,Tebutam (Ref: GPC-5544)
338,602,0,-0.9822146012716725,iqp_zz_current_20q_complementary_signed_sqrt,4,0,-1.0247401978432251,-0.042525596571552624,Cymiazol (Ref: CGA 50439)
0,604,0,-0.5569431714007789,iqp_zz_current_20q_complementary_signed_sqrt,4,0,-0.5994687679723315,-0.042525596571552624,"N-[[(4,6-Dimethoxy-2-pyrimidinyl)amino]carbonyl]-3-(ethylsulfonyl)-2-pyridine sulfonamide"
0,605,0,-0.684706096660552,iqp_zz_current_20q_complementary_signed_sqrt,4,0,-0.7272316932321047,-0.042525596571552624,"2-[[[[[(4,6-Dimethoxy-2-pyrimidinyl)amino]carbonyl]amino]sulfonyl]amino]-N,N-dimethylbenzamide"
0,607,1,-0.65652689253195,iqp_zz_current_20q_complementary_signed_sqrt,4,0,-0.6990524891035026,-0.042525596571552624,Tribenuron (Ref: IN R9803)
0,608,0,-0.520291939353026,iqp_zz_current_20q_complementary_signed_sqrt,4,0,-0.5628175359245786,-0.042525596571552624,Amidosulfuron
0,610,0,-0.7625322233760942,iqp_zz_current_20q_complementary_signed_sqrt,4,0,-0.8050578199476468,-0.042525596571552624,"2-Chloro-N-[[(4,6-dimethoxy-2-pyrimidinyl)amino]carbonyl]imidazo[1,2-a]pyridine-3-sulfonamide"
0,611,0,-0.6710996277540932,iqp_zz_current_20q_complementary_signed_sqrt,4,0,-0.7136252243256458,-0.042525596571552624,Triflusulfuron
85,613,0,-0.5561597581246613,iqp_zz_current_20q_complementary_signed_sqrt,4,0,-0.598685354696214,-0.042525596571552624,(alphaE)-2-[[6-(2-Cyanophenoxy)-4-pyrimidinyl]oxy]-alpha-(methoxymethylene)benzeneacetic acid methyl ester
0,615,0,-0.6172251007537188,iqp_zz_current_20q_complementary_signed_sqrt,4,0,-0.6597506973252715,-0.042525596571552624,"2-[[[[[4-Ethoxy-6-(methylamino)-1,3,5-triazin-2-yl]amino]carbonyl]amino]sulfonyl]benzoic acid"
335,627,0,-0.8483241058283434,iqp_zz_current_20q_complementary_signed_sqrt,4,0,-0.890849702399896,-0.042525596571552624,Diofenolan (Ref: CGA 059205)
0,633,0,-0.8095275574317841,iqp_zz_current_20q_complementary_signed_sqrt,4,0,-0.8520531540033367,-0.042525596571552624,"N-[[(4-Methoxy-6-methyl-1,3,5-triazin-2-yl)amino]carbonyl]-2-(3,3,3-trifluoropropyl)benzenesulfonamide"
0,646,0,-0.5047028522508372,iqp_zz_current_20q_complementary_signed_sqrt,4,0,-0.5472284488223899,-0.042525596571552624,Mesosulfuron-methyl (Ref: AE F130060)
0,647,0,-0.6200113108474352,iqp_zz_current_20q_complementary_signed_sqrt,4,0,-0.6625369074189879,-0.042525596571552624,Flupyrsulfuron
329,648,0,-0.8248878986908195,iqp_zz_current_20q_complementary_signed_sqrt,4,0,-0.8674134952623721,-0.042525596571552624,4-Chloro-N-[2-[3-methoxy-4-(2-propynyloxy)phenyl]ethyl]-alpha-(2-propynyloxy)benzeneacetamide
4,657,1,-0.4650642360395061,iqp_zz_current_20q_complementary_signed_sqrt,4,0,-0.5075898326110587,-0.042525596571552624,Acrinathrin (Ref: RU 38702)
0,662,0,-0.6170847840576211,iqp_zz_current_20q_complementary_signed_sqrt,4,0,-0.6596103806291738,-0.042525596571552624,Foramsulfuron (Ref: AE F130360)
69,665,1,-0.5078609560258845,iqp_zz_current_20q_complementary_signed_sqrt,4,0,-0.5503865525974372,-0.042525596571552624,Mesotrione (Ref: ZA 1296)
44,666,0,-0.9402058899880187,iqp_zz_current_20q_complementary_signed_sqrt,4,0,-0.9827314865595713,-0.042525596571552624,Metominostrobin (Ref: SSF 126)
0,667,0,-0.6145087241320077,iqp_zz_current_20q_complementary_signed_sqrt,4,0,-0.6570343207035604,-0.042525596571552624,Primisulfuron
321,671,1,-0.621306856916978,iqp_zz_current_20q_complementary_signed_sqrt,4,0,-0.6638324534885306,-0.042525596571552624,"3-[(2-Chloro-5-thiazolyl)methyl]tetrahydro-5-methyl-N-nitro-4H-1,3,5-oxadiazin-4-imine"
4,674,0,-0.5699795034247679,iqp_zz_current_20q_complementary_signed_sqrt,4,0,-0.6125050999963205,-0.042525596571552624,Tau-fluvalinate (Ref: SAN 527l)
142,683,0,-0.3298074899007778,iqp_zz_current_20q_complementary_signed_sqrt,4,0,-0.37233308647233043,-0.042525596571552624,Pyribenzoxim (Ref: LGC 40863 )
142,691,0,-0.6474009281443425,iqp_zz_current_20q_complementary_signed_sqrt,4,0,-0.6899265247158951,-0.042525596571552624,Pyriminobac-methyl (Ref: KIH-6127)
0,692,0,-0.5917402911867847,iqp_zz_current_20q_complementary_signed_sqrt,4,0,-0.6342658877583374,-0.042525596571552624,Pyrazosulfuron
0,693,0,-0.6350136611717605,iqp_zz_current_20q_complementary_signed_sqrt,4,0,-0.6775392577433131,-0.042525596571552624,Ethoxysulfuron (Ref: AE F095404)
0,699,0,-0.6357952970212974,iqp_zz_current_20q_complementary_signed_sqrt,4,0,-0.6783208935928501,-0.042525596571552624,Azimsulfuron
0,701,1,-0.48279047495162597,iqp_zz_current_20q_complementary_signed_sqrt,4,0,-0.5253160715231786,-0.042525596571552624,Mesosulfuron (Ref: AE F154851)
313,704,0,-0.6575823763894364,iqp_zz_current_20q_complementary_signed_sqrt,4,0,-0.700107972960989,-0.042525596571552624,Mefenpyr diethyl (Ref: HOE 107892)
0,706,0,-0.731472012357612,iqp_zz_current_20q_complementary_signed_sqrt,4,0,-0.7739976089291646,-0.042525596571552624,Oxasulfuron (Ref: CGA 277476 )
4,715,1,-0.746411923082463,iqp_zz_current_20q_complementary_signed_sqrt,4,0,-0.7889375196540156,-0.042525596571552624,Sumithrin 
0,729,0,-0.7220700175927123,iqp_zz_current_20q_complementary_signed_sqrt,4,0,-0.7645956141642649,-0.042525596571552624,Trifloxysulfuron (Ref: CGA 292230)
60,731,0,-0.8984958714603023,iqp_zz_current_20q_complementary_signed_sqrt,4,0,-0.9410214680318549,-0.042525596571552624,"1,1'-(2-Nitrobutylidene)bis(4-chlorobenzene), Mixt. with 1,1'-(2-Nitropropylidene)bis(4-chlorobenzene)"
132,735,0,-0.7272306024238097,iqp_zz_current_20q_complementary_signed_sqrt,4,0,-0.7697561989953623,-0.042525596571552624,"(3-Bromo-6-methoxy-2-methylphenyl)(2,3,4-trimethoxy-6-methylphenyl)methanone"
85,737,1,-0.7029884511876778,iqp_zz_current_20q_complementary_signed_sqrt,4,0,-0.7455140477592305,-0.042525596571552624,Fluacrypyrim
136,738,1,-0.8491490401333863,iqp_zz_current_20q_complementary_signed_sqrt,4,0,-0.891674636704939,-0.042525596571552624,4-Chloro-3-ethyl-1-methyl-N-[[4-(4-methylphenoxy)phenyl]methyl]-1H-pyrazole-5-carboxamide
44,740,0,-0.9213092804446331,iqp_zz_current_20q_complementary_signed_sqrt,4,0,-0.9638348770161858,-0.042525596571552624,Dimoxystrobin (Ref: BAS 505F)
305,742,0,-0.8208632430919349,iqp_zz_current_20q_complementary_signed_sqrt,4,0,-0.8633888396634876,-0.042525596571552624,Sintofen (Ref: SC 2053)
0,745,0,-0.7375457985460756,iqp_zz_current_20q_complementary_signed_sqrt,4,0,-0.7800713951176282,-0.042525596571552624,Tritosulfuron
85,753,0,-0.8459987338062681,iqp_zz_current_20q_complementary_signed_sqrt,4,0,-0.8885243303778207,-0.042525596571552624,(alphaE)-alpha-(Methoxymethylene)-2-[[[6-(trifluoromethyl)-2-pyridinyl]oxy]methyl]benzeneacetic acid methyl ester
44,761,0,-0.5859428444890986,iqp_zz_current_20q_complementary_signed_sqrt,4,0,-0.6284684410606513,-0.042525596571552624,Orysastrobin
298,776,0,-0.8463935151556081,iqp_zz_current_20q_complementary_signed_sqrt,4,0,-0.8889191117271608,-0.042525596571552624,Trifludimoxazin
0,794,0,-0.5785308407646838,iqp_zz_current_20q_complementary_signed_sqrt,4,0,-0.6210564373362364,-0.042525596571552624,Iodosulfuron
35,796,0,-0.8165947192952512,iqp_zz_current_20q_complementary_signed_sqrt,4,0,-0.8591203158668038,-0.042525596571552624,Picloram-dimethylammonium
132,800,0,-0.7775286440922098,iqp_zz_current_20q_complementary_signed_sqrt,4,0,-0.8200542406637624,-0.042525596571552624,"(5-Chloro-2-methoxy-4-methylpyridin-3-yl)(2,3,4-trimethoxy-6-methylphenyl)methanone"
289,803,0,-0.9495146389926089,iqp_zz_current_20q_complementary_signed_sqrt,4,0,-0.9920402355641615,-0.042525596571552624,N-[(2-Chlorophenyl)methyl]-N'-(1-methyl-1-phenylethyl)urea
283,818,0,-0.9899319469386506,iqp_zz_current_20q_complementary_signed_sqrt,4,0,-1.0324575435102032,-0.042525596571552624,Flupyrimin
35,822,0,-0.8230000146402628,iqp_zz_current_20q_complementary_signed_sqrt,4,0,-0.8655256112118155,-0.042525596571552624,Halauxifen (Ref: X11393729)
82,839,0,-0.9912725322303139,iqp_zz_current_20q_complementary_signed_sqrt,4,0,-1.0337981288018665,-0.042525596571552624,Eugenol
276,844,0,-0.5870520116163169,iqp_zz_current_20q_complementary_signed_sqrt,4,0,-0.6295776081878696,-0.042525596571552624,Trichloronitromethane
270,855,0,-0.8427152311763677,iqp_zz_current_20q_complementary_signed_sqrt,4,0,-0.8852408277479203,-0.042525596571552624,Dibromochloropropane (Ref: OS1897)
263,865,0,-0.8838454476468158,iqp_zz_current_20q_complementary_signed_sqrt,4,0,-0.9263710442183685,-0.042525596571552624,Dicyclopentadiene
60,867,0,-0.6711943705051322,iqp_zz_current_20q_complementary_signed_sqrt,4,0,-0.7137199670766848,-0.042525596571552624,"1,1'-(2,2-Dichloroethylidene)bis[4-chlorobenzene]"
256,885,0,-0.773642809984117,iqp_zz_current_20q_complementary_signed_sqrt,4,0,-0.8161684065556697,-0.042525596571552624,Karanjin
254,888,1,-0.9405415108492745,iqp_zz_current_20q_complementary_signed_sqrt,4,0,-0.9830671074208271,-0.042525596571552624,"1,3-dichloropropene (Ref: D D92)"
125,891,0,-0.7121952053681843,iqp_zz_current_20q_complementary_signed_sqrt,4,0,-0.7547208019397369,-0.042525596571552624,"2,4,5,6-Tetrachloro-1,3-benzenedicarbonitrile"
122,902,1,-0.9222769209596687,iqp_zz_current_20q_complementary_signed_sqrt,4,0,-0.9648025175312214,-0.042525596571552624,2-(4-Thiazolyl)-1H-benzimidazole
246,907,0,-1.0069912776969119,iqp_zz_current_20q_complementary_signed_sqrt,4,0,-1.0495168742684644,-0.042525596571552624,"5-Bromo-6-methyl-3-(1-methylpropyl)-2,4(1H,3H)-pyrimidinedione"
242,918,0,-0.8161520748204751,iqp_zz_current_20q_complementary_signed_sqrt,4,0,-0.8586776713920278,-0.042525596571552624,Oxolinic acid
234,931,0,-0.9849007476199855,iqp_zz_current_20q_complementary_signed_sqrt,4,0,-1.027426344191538,-0.042525596571552624,Propyzamide (Ref: RH 315)
224,949,0,-0.9416343044843569,iqp_zz_current_20q_complementary_signed_sqrt,4,0,-0.9841599010559096,-0.042525596571552624,Difenzoquat metilsulfate (Ref: AC 84777)
4,954,1,-0.3669642092960446,iqp_zz_current_20q_complementary_signed_sqrt,4,0,-0.40948980586759726,-0.042525596571552624,"(1R,3R)-rel-3-[(1Z)-2-Chloro-3,3,3-trifluoro-1-propen-1-yl]-2,2-dimethylcyclopropanecarboxylic acid (2,3,5,6-tetrafluoro-4-methylphenyl)methyl ester"
214,968,1,-0.70518162384521,iqp_zz_current_20q_complementary_signed_sqrt,4,0,-0.7477072204167626,-0.042525596571552624,Diafenthiuron (Ref: CGA 106630)
207,980,0,-0.94098386516914,iqp_zz_current_20q_complementary_signed_sqrt,4,0,-0.9835094617406926,-0.042525596571552624,"2-[2-(1-Chlorocyclopropyl)-3-(2-chlorophenyl)-2-hydroxypropyl]-1,2-dihydro-3H-1,2,4-triazole-3-thione"
206,981,0,-0.8754553379857697,iqp_zz_current_20q_complementary_signed_sqrt,4,0,-0.9179809345573223,-0.042525596571552624,Furilazole (Ref: MON 13900)
204,984,1,-0.8151218300146437,iqp_zz_current_20q_complementary_signed_sqrt,4,0,-0.8576474265861963,-0.042525596571552624,"8-(1,1-Dimethylethyl)-N-ethyl-N-propyl-1,4-dioxaspiro[4.5]decane-2-methanamine"
0,991,0,-0.642424222732179,iqp_zz_current_20q_complementary_signed_sqrt,4,0,-0.6849498193037317,-0.042525596571552624,"3-Chloro-5-[[[[(4,6-dimethoxy-2-pyrimidinyl)amino]carbonyl]amino]sulfonyl]-1-methyl-1H-pyrazole-4-carboxylic acid, Methyl ester"
69,993,0,-0.5881366464867361,iqp_zz_current_20q_complementary_signed_sqrt,4,0,-0.6306622430582888,-0.042525596571552624,3-[2-Chloro-4-(methanesulfonyl)benzoyl]-4-(phenylsulfanyl)bicyclo[3.2.1]oct-3-en-2-one
112,995,0,-0.8188317320978499,iqp_zz_current_20q_complementary_signed_sqrt,4,0,-0.8613573286694025,-0.042525596571552624,Benthiavalicarb
190,1016,1,-0.7608673065594252,iqp_zz_current_20q_complementary_signed_sqrt,4,0,-0.8033929031309779,-0.042525596571552624,N-[Methyloxido[1-[6-(trifluoromethyl)-3-pyridinyl]ethyl]-lambda4-sulfanylidene]cyanamide
4,1024,1,-0.5121303210289176,iqp_zz_current_20q_complementary_signed_sqrt,4,0,-0.5546559176004703,-0.042525596571552624,Brofluthrinate (Ref: ZXI 8901)
181,1031,0,-0.3820027048175265,iqp_zz_current_20q_complementary_signed_sqrt,4,0,-0.42452830138907915,-0.042525596571552624,"Cyclopropanecarboxylic acid, [(3S,4R,4aR,6S,6aS,12R,12aS,12bS)-3-[(Cyclopropylcarbonyl)oxy]-1,3,4,4a,5,6,6a,12,12a,12b-decahydro-6,12-dihydroxy-4,6a,12b-trimethyl-11-oxo-9-(3-pyridinyl)-2H,11H-naphtho[2,1-b]pyrano[3,4-e]pyran-4-yl]methyl ester"
179,1033,0,-0.8788277755596566,iqp_zz_current_20q_complementary_signed_sqrt,4,0,-0.9213533721312093,-0.042525596571552624,Fluindapyr (Ref: IR9792)
31,5,1,1.030632367136001,iqp_zz_current_20q_duplicate,5,1,1.3834899190823675,0.35285755194636653,"S-[(1,3-Dihydro-1,3-dioxo-2H-isoindol-2-yl)methyl]O,O-dimethyl ester, Phosphorodithioic acid"
61,6,0,-1.3863577036161938,iqp_zz_current_20q_duplicate,5,0,-1.0335001516698272,0.35285755194636653,"(2E)-3,7-Dimethyl-2,6-octadien-1-ol"
458,15,1,0.5938027337010952,iqp_zz_current_20q_duplicate,5,1,0.9466602856474617,0.35285755194636653,"Phosphoric acid 2,2-dichloroethenyl dimethyl ester"
11,23,0,-0.2661715968706433,iqp_zz_current_20q_duplicate,5,0,0.08668595507572324,0.35285755194636653,Hexadecanoic acid
11,26,0,-1.0473583829134923,iqp_zz_current_20q_duplicate,5,0,-0.6945008309671257,0.35285755194636653,N-Dodecylguanidine acetate (1:1)
451,41,0,-1.3488980351768587,iqp_zz_current_20q_duplicate,5,0,-0.9960404832304921,0.35285755194636653,8-hydroxyquinoline
18,46,0,0.9145158970645504,iqp_zz_current_20q_duplicate,5,1,1.267373449010917,0.35285755194636653,Parathion-methyl (Ref: OMS 213)
11,49,0,-1.3334605440950182,iqp_zz_current_20q_duplicate,5,0,-0.9806029921486517,0.35285755194636653,Caprylic acid
448,52,0,-1.2801926162693913,iqp_zz_current_20q_duplicate,5,0,-0.9273350643230247,0.35285755194636653,2-Furancarboxaldehyde
61,57,0,-1.3907146889375763,iqp_zz_current_20q_duplicate,5,0,-1.0378571369912097,0.35285755194636653,Linalool
11,58,0,-1.2697141761985735,iqp_zz_current_20q_duplicate,5,0,-0.9168566242522069,0.35285755194636653,Nonanoic acid
11,59,0,-0.6752360355949476,iqp_zz_current_20q_duplicate,5,0,-0.32237848364858107,0.35285755194636653,Myristyl alcohol
11,76,0,0.06292658938288404,iqp_zz_current_20q_duplicate,5,1,0.41578414132925057,0.35285755194636653,Pentacosane
175,79,1,-0.6577381851517952,iqp_zz_current_20q_duplicate,5,0,-0.30488063320542863,0.35285755194636653,Methoxychlor (Ref: OMS 466)
17,85,1,0.7351175613021594,iqp_zz_current_20q_duplicate,5,1,1.087975113248526,0.35285755194636653,"Phosphorothioic acid O,O-diethyl O-2-quinoxalinyl ester  "
18,96,1,0.8257112294905478,iqp_zz_current_20q_duplicate,5,1,1.1785687814369143,0.35285755194636653,"Phosphorothioic acid, O,O-Dimethyl O-(2,4,5-trichlorophenyl)ester"
438,98,0,-1.3628374343917133,iqp_zz_current_20q_duplicate,5,0,-1.0099798824453468,0.35285755194636653,Verbenone
31,100,1,0.8351704589983384,iqp_zz_current_20q_duplicate,5,1,1.188028010944705,0.35285755194636653,"O,O-Dimethyl S-[2-(methylamino)-2-oxoethyl]phosphorodithioic acid ester"
437,105,1,-0.7127357734939872,iqp_zz_current_20q_duplicate,5,0,-0.35987822154762067,0.35285755194636653,Rotenone (Ref: ENT 133)
18,106,1,1.0010554794389948,iqp_zz_current_20q_duplicate,5,1,1.3539130313853613,0.35285755194636653,"Phosphorothioic acid, O,O-Diethyl-O-(4-nitrophenyl)ester"
106,111,0,-0.9793737911140503,iqp_zz_current_20q_duplicate,5,0,-0.6265162391676837,0.35285755194636653,"1,2,3,4,5-Pentachloro-6-nitrobenzene"
434,116,0,0.3721271025023139,iqp_zz_current_20q_duplicate,5,1,0.7249846544486804,0.35285755194636653,Streptomycin sulphate
171,130,0,-1.0714574474973149,iqp_zz_current_20q_duplicate,5,0,-0.7185998955509483,0.35285755194636653,"1-[2-(2,4-Dichlorophenyl)-3-(1,1,2,2-tetrafluoroethoxy)propyl]-1H-1,2,4-triazole"
18,132,1,1.0011664011735768,iqp_zz_current_20q_duplicate,5,1,1.3540239531199434,0.35285755194636653,"Phosphorothioic acid O,O-dimethyl O-(3-methyl-4-nitrophenyl)ester"
106,141,0,-1.4431457216620478,iqp_zz_current_20q_duplicate,5,0,-1.0902881697156812,0.35285755194636653,"2,6-Dichloro-4-nitrobenzenamine"
106,149,0,-1.223166143161986,iqp_zz_current_20q_duplicate,5,0,-0.8703085912156194,0.35285755194636653,Tecnazene
55,150,1,0.8007243619113655,iqp_zz_current_20q_duplicate,5,1,1.1535819138577321,0.35285755194636653,"Phosphoric acid, Dimethyl 4-nitrophenyl ester"
429,152,0,-1.5310171293623314,iqp_zz_current_20q_duplicate,5,0,-1.1781595774159648,0.35285755194636653,Oxytetracycline
427,161,0,-0.6629638075869768,iqp_zz_current_20q_duplicate,5,0,-0.3101062556406103,0.35285755194636653,"N,N-Bis(1-methylethyl)carbamothioic acid, S-(2,3,3-trichloro-2-propen-1-yl) ester"
18,163,1,0.494039336409349,iqp_zz_current_20q_duplicate,5,1,0.8468968883557155,0.35285755194636653,"O,O'-(Thiodi-4,1-phenylene) O,O,O',O'-tetramethyl ester phosphorothioic acid"
17,165,1,1.0143080312609487,iqp_zz_current_20q_duplicate,5,1,1.3671655832073153,0.35285755194636653,"O,O-Diethyl O-[6-methyl-2-(1-methylethyl)-4-pyrimidinyl] ester phosphorothioic acid"
18,167,1,0.9230915111955027,iqp_zz_current_20q_duplicate,5,1,1.2759490631418693,0.35285755194636653,Chlorthion (Ref: BAY 22/190 )
423,172,0,1.0354164648342694,iqp_zz_current_20q_duplicate,5,1,1.388274016780636,0.35285755194636653,"Thiodiphosphoric acid, Tetrapropyl ester"
11,179,0,-0.38272278759113987,iqp_zz_current_20q_duplicate,5,0,-0.029865235644773336,0.35285755194636653,Myristyl acetate
31,182,1,0.6700042257905898,iqp_zz_current_20q_duplicate,5,1,1.0228617777369564,0.35285755194636653,"O,O-Dimethyl S-[(4-oxo-1,2,3-benzotriazin-3(4H)-yl)methyl] ester, Phosphorodithioic acid"
18,186,1,1.0534559251232165,iqp_zz_current_20q_duplicate,5,1,1.406313477069583,0.35285755194636653,"O,O-Dimethyl O-[3-methyl-4-(methylthio)phenyl]ester phosphorothioic acid"
31,195,1,0.7861672930048249,iqp_zz_current_20q_duplicate,5,1,1.1390248449511915,0.35285755194636653,"Phosphorodithioic acid S-[(5-methoxy-2-oxo-1,3,4-thiadiazol-3(2H)yl)methyl] O,O-dimethyl ester"
31,208,1,1.2172020310714513,iqp_zz_current_20q_duplicate,5,1,1.570059583017818,0.35285755194636653,Dialifos (Ref: AC 14503)
61,215,0,-0.8291717269288899,iqp_zz_current_20q_duplicate,5,0,-0.4763141749825233,0.35285755194636653,Farnesol
418,219,0,-1.5976405155871307,iqp_zz_current_20q_duplicate,5,0,-1.2447829636407641,0.35285755194636653,Chlormequat
68,223,0,-1.3874683473207348,iqp_zz_current_20q_duplicate,5,0,-1.0346107953743682,0.35285755194636653,6-Chloro-3-pyridinecarboxylic acid
55,225,1,-0.2685021990705778,iqp_zz_current_20q_duplicate,5,0,0.08435535287578871,0.35285755194636653,P-Phenylphosphonothioic acid O-ethyl O-(4-nitrophenyl) ester 
417,231,0,-1.443550211617429,iqp_zz_current_20q_duplicate,5,0,-1.0906926596710624,0.35285755194636653,Diquat
17,233,1,0.7638742740663673,iqp_zz_current_20q_duplicate,5,1,1.116731826012734,0.35285755194636653,"Phosphorothioic acid, O,O-Diethyl O-2-pyrazinyl ester  "
410,255,0,-1.3503485084711355,iqp_zz_current_20q_duplicate,5,0,-0.9974909565247689,0.35285755194636653,Diphenamid (Ref: L 34314)
18,256,1,0.9472134183682726,iqp_zz_current_20q_duplicate,5,1,1.3000709703146391,0.35285755194636653,"O-[4[(Dimethylamino)sulfonyl]phenyl]O,O-dimethylester phosphorothioic acid"
409,259,0,-1.049028032449627,iqp_zz_current_20q_duplicate,5,0,-0.6961704805032605,0.35285755194636653,2-Chloro-6-(trichloromethyl)pyridine
25,261,1,-1.2687893455439296,iqp_zz_current_20q_duplicate,5,0,-0.915931793597563,0.35285755194636653,2-Methyl-2-(methylthio)propanol O-[(methylamino)carbonyl]oxime
25,273,1,-1.1848752372839195,iqp_zz_current_20q_duplicate,5,0,-0.8320176853375529,0.35285755194636653,2-(Dimethylamino)-N-[[(methylamino)carbonyl]oxy]-2-oxo-ethanimidothioic acid methyl ester
17,276,1,0.8534328753520801,iqp_zz_current_20q_duplicate,5,1,1.2062904272984467,0.35285755194636653,"Phosphorothioic acid, O,O-Diethyl O-(3,5,6-trichloro-2-pyridinyl) ester"
163,297,0,-1.181564191895506,iqp_zz_current_20q_duplicate,5,0,-0.8287066399491394,0.35285755194636653,"5,6-Dihydro-2-methyl-N-phenyl-1,4-oxathiin-3-carboxamide"
405,298,0,-1.310177546171001,iqp_zz_current_20q_duplicate,5,0,-0.9573199942246344,0.35285755194636653,N-1H-Benzimidazol-2-yl carbamic acid methyl ester
100,316,0,-1.1782856575446778,iqp_zz_current_20q_duplicate,5,0,-0.8254281055983113,0.35285755194636653,Aldoxycarb
163,319,0,-1.3055187851486696,iqp_zz_current_20q_duplicate,5,0,-0.952661233202303,0.35285755194636653,Oxycarboxin (Ref: F 461)
157,326,1,-0.16434050327747607,iqp_zz_current_20q_duplicate,5,0,0.18851704866889046,0.35285755194636653,"4-Ethoxy-7-phenyl-3,5-dioxa-6-aza-4-phosphaoct-6-ene-8-nitrile 4-sulfide"
76,330,1,-1.3337535778934595,iqp_zz_current_20q_duplicate,5,0,-0.9808960259470929,0.35285755194636653,Methabenzthiazuron (Ref: BAY 74283 )
394,334,0,-1.2917113427639375,iqp_zz_current_20q_duplicate,5,0,-0.9388537908175709,0.35285755194636653,Glufosinate (Ref: HOE 00661)
55,336,1,0.824407779356298,iqp_zz_current_20q_duplicate,5,1,1.1772653313026646,0.35285755194636653,Dimethyl 4-(methylsulfanyl)phenyl phosphate
17,338,1,0.8586493010988838,iqp_zz_current_20q_duplicate,5,1,1.2115068530452504,0.35285755194636653,"2-[(Diethoxyphosphinothionyl)oxy]-5-methylpyrazolo[1,5-a]pyrimidine-6-carboxylic acid ethyl ester"
11,339,0,0.13696838363277636,iqp_zz_current_20q_duplicate,5,1,0.4898259355791429,0.35285755194636653,Muscalure
393,340,0,-1.4050895150218778,iqp_zz_current_20q_duplicate,5,0,-1.0522319630755113,0.35285755194636653,"2-Fluoroethyl ([1,1'-biphenyl]-4-yl)acetate"
17,343,1,0.973086091430382,iqp_zz_current_20q_duplicate,5,1,1.3259436433767486,0.35285755194636653,"O-[2-(Diethylamino)-6-methyl-4-pyrimidinyl]O,O-dimethyl ester, Phosphorothioic acid"
17,347,1,1.061877989381864,iqp_zz_current_20q_duplicate,5,1,1.4147355413282305,0.35285755194636653,"Phosphorothioic acid O-[2-(diethylamino)-6-methyl-4-pyrimidinyl] O,O-diethyl ester"
100,351,1,-1.1243900364784591,iqp_zz_current_20q_duplicate,5,0,-0.7715324845320926,0.35285755194636653,2-Methyl-2-(methylsulfinyl)propanal O-[(methylamino)carbonyl]oxime
37,357,1,0.784426570431805,iqp_zz_current_20q_duplicate,5,1,1.1372841223781716,0.35285755194636653,"O,O-Dimethyl O-(3,5,6-trichloro-2-pyridinyl) ester phosphorothioic acid"
25,364,1,-1.161521613070209,iqp_zz_current_20q_duplicate,5,0,-0.8086640611238425,0.35285755194636653,"3,3-Dimethyl-1-(methylthio)-2-butanone O-[(methylamino)carbonyl]oxime"
17,372,1,0.9735218296495922,iqp_zz_current_20q_duplicate,5,1,1.3263793815959588,0.35285755194636653,Isoxathion (Ref: SL 6711)
386,377,0,-1.2897303058492655,iqp_zz_current_20q_duplicate,5,0,-0.9368727539028989,0.35285755194636653,Frontalin
76,381,0,-1.2617128124954218,iqp_zz_current_20q_duplicate,5,0,-0.9088552605490552,0.35285755194636653,"N-[5-(1,1-Dimethylethyl)-1,3,4-thiadiazol-2-yl]-N,N'-dimethylurea"
11,397,0,-1.1776574780351483,iqp_zz_current_20q_duplicate,5,0,-0.8247999260887817,0.35285755194636653,2-(Octylsulfanyl)ethan-1-ol
380,402,0,-1.1608692161525922,iqp_zz_current_20q_duplicate,5,0,-0.8080116642062256,0.35285755194636653,5-Methyl-3(2H)-isoxazolone
374,435,0,-1.4370096814606321,iqp_zz_current_20q_duplicate,5,0,-1.0841521295142655,0.35285755194636653,Ipsenol
25,436,1,-0.6025237417076944,iqp_zz_current_20q_duplicate,5,0,-0.24966618976132787,0.35285755194636653,"N,N'-[Thiobis[(methylimino)carbonyloxy]]bisethanimidothioic acid dimethyl ester"
18,458,0,0.8634013706445516,iqp_zz_current_20q_duplicate,5,1,1.2162589225909182,0.35285755194636653,"Phosphorothioic acid O-(2,6-dichloro-4-methylphenyl) O,O-dimethyl ester"
25,459,1,-1.262596467230082,iqp_zz_current_20q_duplicate,5,0,-0.9097389152837154,0.35285755194636653,Butocarboxim (Ref: Co 755)
370,468,0,-1.381563708927454,iqp_zz_current_20q_duplicate,5,0,-1.0287061569810874,0.35285755194636653,Aviglycine
368,479,0,-1.236129726338232,iqp_zz_current_20q_duplicate,5,0,-0.8832721743918655,0.35285755194636653,Thiocyclam
157,486,0,-1.412306561692586,iqp_zz_current_20q_duplicate,5,0,-1.0594490097462195,0.35285755194636653,Oxabetrinil (Ref: CGA 92194)
94,494,0,-1.2888989594473836,iqp_zz_current_20q_duplicate,5,0,-0.936041407501017,0.35285755194636653,"[(3,5,6-Trichloro-2-pyridinyl)oxy]acetic acid, 2-Butoxyethyl ester"
71,533,0,-0.5278578543778611,iqp_zz_current_20q_duplicate,5,0,-0.17500030243149461,0.35285755194636653,Methoxyfenozide (Ref: RH 2485)
71,536,0,-0.8903516181518818,iqp_zz_current_20q_duplicate,5,0,-0.5374940662055152,0.35285755194636653,Halofenozide (Ref: RH 0345)
355,549,0,-1.1142734635033427,iqp_zz_current_20q_duplicate,5,0,-0.7614159115569761,0.35285755194636653,"3,5-Dichloro-N-(3-chloro-1-ethyl-1-methyl-2-oxopropyl)-4-methylbenzamide"
352,555,1,0.7863953290483678,iqp_zz_current_20q_duplicate,5,1,1.1392528809947344,0.35285755194636653,"Phosphorothioic acid O,O-diethyl-O-(1,2,2,2-tetrachloroethyl) ester"
66,557,0,-0.6326406847399337,iqp_zz_current_20q_duplicate,5,0,-0.2797831327935672,0.35285755194636653,"2-[2-Chloro-4-fluoro-5-(1,3,4,5,6,7-hexahydro-1,3-dioxo-2H-isoindol-2-yl)phenoxy]acetic acid pentyl ester"
71,563,0,-0.4712087183110081,iqp_zz_current_20q_duplicate,5,0,-0.11835116636464155,0.35285755194636653,"1-(1,1-Dimethylethyl)-2-(4-ethylbenzoyl)hydrazide-3,5-dimethylbenzoic acid"
115,575,0,-0.6873014086778302,iqp_zz_current_20q_duplicate,5,0,-0.33444385673146365,0.35285755194636653,"2-(Difluoromethyl)-5-(4,5-dihydro-2-thiazolyl)-4-(2-methylpropyl)-6-(trifluoromethyl)-3-pyridinecarboxylic acid methyl ester"
114,579,1,-1.2834133699754757,iqp_zz_current_20q_duplicate,5,0,-0.9305558180291091,0.35285755194636653,Fenpiclonil (Ref: CGA 142705)
31,585,1,1.2574160710943296,iqp_zz_current_20q_duplicate,5,1,1.6102736230406962,0.35285755194636653,Anilofos (Ref: HOE 30374)
345,587,0,0.3995212428652289,iqp_zz_current_20q_duplicate,5,1,0.7523787948115954,0.35285755194636653,"2-(Acetyloxy)-3-dodecyl-1,4-naphthalenedione"
339,601,0,-1.4329101067302046,iqp_zz_current_20q_duplicate,5,0,-1.080052554783838,0.35285755194636653,"4,5-Dihydro-6-methyl-4-[(E)-(3-pyridinylmethylene)amino]-1,2,4-triazin-3(2H)-one"
87,612,0,-1.4989611036973147,iqp_zz_current_20q_duplicate,5,0,-1.1461035517509481,0.35285755194636653,Metosulam (Ref: XDE 511)
68,620,0,-1.5110543400055605,iqp_zz_current_20q_duplicate,5,0,-1.158196788059194,0.35285755194636653,6-chloro-3-pyridinemethanol
17,634,1,1.006971586359181,iqp_zz_current_20q_duplicate,5,1,1.3598291383055476,0.35285755194636653,Butathiofos (Ref: Dowco 429)
68,635,1,-1.398018569135832,iqp_zz_current_20q_duplicate,5,0,-1.0451610171894654,0.35285755194636653,Acetamiprid
146,640,0,-1.439621890705284,iqp_zz_current_20q_duplicate,5,0,-1.0867643387589174,0.35285755194636653,Isoxaflutole (Ref: RPA 201772)
66,641,0,-1.3112703593063664,iqp_zz_current_20q_duplicate,5,0,-0.9584128073599998,0.35285755194636653,Flumiclorac
330,643,0,-1.317419908172941,iqp_zz_current_20q_duplicate,5,0,-0.9645623562265744,0.35285755194636653,"4-Amino-N-(1,1-dimethylethyl)-4,5-dihydro-3-(1-methylethyl)-5-oxo-1H-1,2,4-triazole-1-carboxamide"
146,645,0,-1.6780487901081873,iqp_zz_current_20q_duplicate,5,0,-1.3251912381618207,0.35285755194636653,"(5-Hydroxy-1,3-dimethyl-1H-pyrazol-4-yl)[2-(methylsulfonyl)-4-(trifluoromethyl)phenyl]methanone"
326,656,0,-0.679153923175845,iqp_zz_current_20q_duplicate,5,0,-0.32629637122947847,0.35285755194636653,"2,2-Dimethylpropanoic acid  8-(2,6-diethyl-4-methylphenyl)-1,2,4,5- tetrahydro-7-oxo-7H-pyrazolo[1,2-d][1,4,5]oxadiazepin-9-yl ester"
116,664,0,-1.4474182363031396,iqp_zz_current_20q_duplicate,5,0,-1.094560684356773,0.35285755194636653,Diflovidazin (Ref: SZ1 121)
71,675,0,-0.28690280728033213,iqp_zz_current_20q_duplicate,5,0,0.0659547446660344,0.35285755194636653,Chromafenozide (Ref: ANS 118)
317,682,0,-1.1807048034199925,iqp_zz_current_20q_duplicate,5,0,-0.8278472514736259,0.35285755194636653,Pyriftalid (Ref: CGA 279233)
143,688,0,-1.1993181747074169,iqp_zz_current_20q_duplicate,5,0,-0.8464606227610503,0.35285755194636653,2-Chloro-N-(2-ethoxyethyl)-N-(2-methyl-1-phenyl-1-propen-1-yl)acetamide
314,698,0,-1.1514485095575446,iqp_zz_current_20q_duplicate,5,0,-0.798590957611178,0.35285755194636653,Beflubutamid (Ref: UBH 820)
45,711,0,-0.7392527755274341,iqp_zz_current_20q_duplicate,5,0,-0.38639522358106754,0.35285755194636653,Cycloxydim (Ref: BAS 517H)
25,723,0,-1.0728932616639086,iqp_zz_current_20q_duplicate,5,0,-0.720035709717542,0.35285755194636653,"N-[[(Methylamino)carbonyl]oxy]ethanimidothioic acid, 2-Cyanoethylester"
45,725,1,-0.6186608417645114,iqp_zz_current_20q_duplicate,5,0,-0.2658032898181449,0.35285755194636653,Sethoxydim (Ref: BAS 9052H)
31,726,1,0.9012900706715696,iqp_zz_current_20q_duplicate,5,1,1.2541476226179362,0.35285755194636653,"S-[(5-Ethoxy-2-oxo-1,3,4-thiadiazol-3(2H)-yl)methyl] O,O-dimethyl phosphorodithioate"
45,732,0,-0.7240057136591203,iqp_zz_current_20q_duplicate,5,0,-0.3711481617127537,0.35285755194636653,Tralkoxydim (Ref: PP 604)
137,736,0,-0.32059163880387676,iqp_zz_current_20q_duplicate,5,0,0.03226591314248978,0.35285755194636653,Imibenconazole (Ref: HF 6305)
306,741,0,-1.6492987558608352,iqp_zz_current_20q_duplicate,5,0,-1.2964412039144686,0.35285755194636653,N-(Cyanomethyl)-4-(trifluoromethyl)-3-pyridinecarboxamide
87,744,0,-1.691531314539552,iqp_zz_current_20q_duplicate,5,0,-1.3386737625931855,0.35285755194636653,"N-(5,7-Dimethoxy[1,2,4]triazolo[1,5-a]pyrimidin-2-yl)-2-methoxy-4-(trifluoromethyl)-3-pyridinesulfonamide"
11,749,0,-1.1894995224783478,iqp_zz_current_20q_duplicate,5,0,-0.8366419705319812,0.35285755194636653,"C6-12 Fatty acids, Me esters"
45,799,0,-0.08558525657474325,iqp_zz_current_20q_duplicate,5,0,0.2672722953716233,0.35285755194636653,Butroxydim (Ref: ICIA0500)
131,802,0,-1.1178039644317985,iqp_zz_current_20q_duplicate,5,0,-0.7649464124854319,0.35285755194636653,"2-{2-[(2,5-Dimethylphenoxy)methyl]phenyl}-2-methoxy-N-methylacetamide"
284,816,0,-0.7109827408459555,iqp_zz_current_20q_duplicate,5,0,-0.35812518889958894,0.35285755194636653,"3-(Difluoromethyl)-N-methoxy-1-methyl-N-[1-(2,4,6-trichlorophenyl)propan-2-yl]-1H-pyrazole-4-carboxamide"
278,837,0,-0.9426617558857209,iqp_zz_current_20q_duplicate,5,0,-0.5898042039393543,0.35285755194636653,Hydroquinone
11,845,0,-1.2716709261076158,iqp_zz_current_20q_duplicate,5,0,-0.9188133741612492,0.35285755194636653,1-decanol
268,857,0,-1.181543136112715,iqp_zz_current_20q_duplicate,5,0,-0.8286855841663485,0.35285755194636653,Metaldehyde
61,858,0,-0.8297134600026904,iqp_zz_current_20q_duplicate,5,0,-0.4768559080563239,0.35285755194636653,Nerolidol
266,860,0,-1.0975042864550442,iqp_zz_current_20q_duplicate,5,0,-0.7446467345086776,0.35285755194636653,Paraffin oils
260,870,0,-1.3614637031463628,iqp_zz_current_20q_duplicate,5,0,-1.0086061511999962,0.35285755194636653,Lenacil (Ref: DPX B634)
249,900,0,-1.1206861499924394,iqp_zz_current_20q_duplicate,5,0,-0.7678285980460728,0.35285755194636653,Dikegulac
247,906,0,-1.3546196267183275,iqp_zz_current_20q_duplicate,5,0,-1.0017620747719609,0.35285755194636653,Bupirimate (Ref: PP 588)
25,915,1,-1.22100530411677,iqp_zz_current_20q_duplicate,5,0,-0.8681477521704035,0.35285755194636653,N-[[(Methylamino)carbonyl]oxy]ethanimidothioic acid methyl ester
238,926,1,-1.3623681158510852,iqp_zz_current_20q_duplicate,5,0,-1.0095105639047186,0.35285755194636653,Pirimicarb (Ref: OMS 1330)
229,939,1,-0.5525083770269281,iqp_zz_current_20q_duplicate,5,0,-0.1996508250805616,0.35285755194636653,4-Bromo-2-(4-chlorophenyl)-1-(ethoxymethyl)-5-(trifluoromethyl)-1H-pyrrole-3-carbonitrile
225,948,1,-0.4976603532804076,iqp_zz_current_20q_duplicate,5,0,-0.14480280133404105,0.35285755194636653,24-epibrassinolide
220,958,0,-1.6224624177798428,iqp_zz_current_20q_duplicate,5,0,-1.2696048658334762,0.35285755194636653,Triazoxide (Ref: SAS 9244)
116,960,0,-1.3127099773705069,iqp_zz_current_20q_duplicate,5,0,-0.9598524254241403,0.35285755194636653,"3,6-Bis(2-chlorophenyl)-1,2,4,5-tetrazine"
115,969,0,-0.5072289384506514,iqp_zz_current_20q_duplicate,5,0,-0.1543713865042849,0.35285755194636653,"2-(Difluoromethyl)-4-(2-methylpropyl)-6-(trifluoromethyl)-3,5-pyridinedicarbothioic acid, S3,S5-Dimethyl ester"
212,971,1,0.3698273221506592,iqp_zz_current_20q_duplicate,5,1,0.7226848740970258,0.35285755194636653,Silafluofen (Ref: HOE 084498)
211,972,0,-1.4986554065514508,iqp_zz_current_20q_duplicate,5,0,-1.1457978546050842,0.35285755194636653,Rhyncolure
45,974,0,-0.5998365692601353,iqp_zz_current_20q_duplicate,5,0,-0.24697901731376876,0.35285755194636653,Clethodim (Ref: RE 45601)
66,975,0,-1.272269688381309,iqp_zz_current_20q_duplicate,5,0,-0.9194121364349424,0.35285755194636653,"2-[7-Fluoro-3,4-dihydro-3-oxo-4-(2-propynyl)-2H-1,4-benzoxazin-6-yl]-4,5,6,7-tetrahydro-1H-isoindole-1,3(2H)-dione"
114,979,0,-1.4875679260955827,iqp_zz_current_20q_duplicate,5,0,-1.1347103741492162,0.35285755194636653,"4-(2,2-Difluoro-1,3-benzodioxol-4-yl)-1H-pyrrole-3-carbonitrile"
201,990,0,-1.064634627569954,iqp_zz_current_20q_duplicate,5,0,-0.7117770756235875,0.35285755194636653,Phthalide (Ref: BAY 96610)
76,1008,0,-1.3385717223921771,iqp_zz_current_20q_duplicate,5,0,-0.9857141704458106,0.35285755194636653,Ethidimuron (Ref: MET 1486 )
194,1010,0,-0.0011132431132554466,iqp_zz_current_20q_duplicate,5,0,0.3517443088331111,0.35285755194636653,Cyenopyrafen (Ref: NC-512 )
191,1015,1,-1.2503225339801527,iqp_zz_current_20q_duplicate,5,0,-0.8974649820337861,0.35285755194636653,"3-Phenyl-5-(2-thienyl)-1,2,4-oxadiazole"
185,1027,1,0.5600518636263481,iqp_zz_current_20q_duplicate,5,1,0.9129094155727147,0.35285755194636653,Broflanilide (Ref: MCI-8007)
180,1032,0,-0.47057038655590167,iqp_zz_current_20q_duplicate,5,0,-0.11771283460953513,0.35285755194636653,Fenpicoxamid (Ref: XDE 777)
31,5,1,1.0642617813004358,iqp_zz_current_20q_complementary_signed_sqrt,5,1,1.401115977841198,0.3368541965407621,"S-[(1,3-Dihydro-1,3-dioxo-2H-isoindol-2-yl)methyl]O,O-dimethyl ester, Phosphorodithioic acid"
61,6,0,-1.3811395290937245,iqp_zz_current_20q_complementary_signed_sqrt,5,0,-1.0442853325529624,0.3368541965407621,"(2E)-3,7-Dimethyl-2,6-octadien-1-ol"
458,15,1,0.47451306668851556,iqp_zz_current_20q_complementary_signed_sqrt,5,1,0.8113672632292777,0.3368541965407621,"Phosphoric acid 2,2-dichloroethenyl dimethyl ester"
11,23,0,-0.30365501263457834,iqp_zz_current_20q_complementary_signed_sqrt,5,0,0.03319918390618376,0.3368541965407621,Hexadecanoic acid
11,26,0,-1.0799287982887211,iqp_zz_current_20q_complementary_signed_sqrt,5,0,-0.743074601747959,0.3368541965407621,N-Dodecylguanidine acetate (1:1)
451,41,0,-1.352452768844626,iqp_zz_current_20q_complementary_signed_sqrt,5,0,-1.0155985723038639,0.3368541965407621,8-hydroxyquinoline
18,46,0,0.9266096516404532,iqp_zz_current_20q_complementary_signed_sqrt,5,1,1.2634638481812153,0.3368541965407621,Parathion-methyl (Ref: OMS 213)
11,49,0,-1.396763544785437,iqp_zz_current_20q_complementary_signed_sqrt,5,0,-1.0599093482446749,0.3368541965407621,Caprylic acid
448,52,0,-1.2556209579888709,iqp_zz_current_20q_complementary_signed_sqrt,5,0,-0.9187667614481088,0.3368541965407621,2-Furancarboxaldehyde
61,57,0,-1.3782297201023368,iqp_zz_current_20q_complementary_signed_sqrt,5,0,-1.0413755235615747,0.3368541965407621,Linalool
11,58,0,-1.3436191920536775,iqp_zz_current_20q_complementary_signed_sqrt,5,0,-1.0067649955129154,0.3368541965407621,Nonanoic acid
11,59,0,-0.6063576324296711,iqp_zz_current_20q_complementary_signed_sqrt,5,0,-0.26950343588890907,0.3368541965407621,Myristyl alcohol
11,76,0,0.6156439785202432,iqp_zz_current_20q_complementary_signed_sqrt,5,1,0.9524981750610053,0.3368541965407621,Pentacosane
175,79,1,-0.5085834820081581,iqp_zz_current_20q_complementary_signed_sqrt,5,0,-0.1717292854673959,0.3368541965407621,Methoxychlor (Ref: OMS 466)
17,85,1,0.7023996672885409,iqp_zz_current_20q_complementary_signed_sqrt,5,1,1.039253863829303,0.3368541965407621,"Phosphorothioic acid O,O-diethyl O-2-quinoxalinyl ester  "
18,96,1,0.8656642046292176,iqp_zz_current_20q_complementary_signed_sqrt,5,1,1.2025184011699797,0.3368541965407621,"Phosphorothioic acid, O,O-Dimethyl O-(2,4,5-trichlorophenyl)ester"
438,98,0,-1.3557436172319477,iqp_zz_current_20q_complementary_signed_sqrt,5,0,-1.0188894206911856,0.3368541965407621,Verbenone
31,100,1,0.8014001961551049,iqp_zz_current_20q_complementary_signed_sqrt,5,1,1.138254392695867,0.3368541965407621,"O,O-Dimethyl S-[2-(methylamino)-2-oxoethyl]phosphorodithioic acid ester"
437,105,1,-0.612072583888003,iqp_zz_current_20q_complementary_signed_sqrt,5,0,-0.27521838734724086,0.3368541965407621,Rotenone (Ref: ENT 133)
18,106,1,0.9653827978531684,iqp_zz_current_20q_complementary_signed_sqrt,5,1,1.3022369943939305,0.3368541965407621,"Phosphorothioic acid, O,O-Diethyl-O-(4-nitrophenyl)ester"
106,111,0,-1.0209078161191942,iqp_zz_current_20q_complementary_signed_sqrt,5,0,-0.6840536195784321,0.3368541965407621,"1,2,3,4,5-Pentachloro-6-nitrobenzene"
434,116,0,-0.0383359215721793,iqp_zz_current_20q_complementary_signed_sqrt,5,0,0.2985182749685828,0.3368541965407621,Streptomycin sulphate
171,130,0,-0.8227817858798365,iqp_zz_current_20q_complementary_signed_sqrt,5,0,-0.4859275893390744,0.3368541965407621,"1-[2-(2,4-Dichlorophenyl)-3-(1,1,2,2-tetrafluoroethoxy)propyl]-1H-1,2,4-triazole"
18,132,1,1.0301757240981864,iqp_zz_current_20q_complementary_signed_sqrt,5,1,1.3670299206389485,0.3368541965407621,"Phosphorothioic acid O,O-dimethyl O-(3-methyl-4-nitrophenyl)ester"
106,141,0,-1.3806144040869908,iqp_zz_current_20q_complementary_signed_sqrt,5,0,-1.0437602075462287,0.3368541965407621,"2,6-Dichloro-4-nitrobenzenamine"
106,149,0,-1.262545771340248,iqp_zz_current_20q_complementary_signed_sqrt,5,0,-0.9256915747994858,0.3368541965407621,Tecnazene
55,150,1,0.7929577566877224,iqp_zz_current_20q_complementary_signed_sqrt,5,1,1.1298119532284845,0.3368541965407621,"Phosphoric acid, Dimethyl 4-nitrophenyl ester"
429,152,0,-1.3301463790223782,iqp_zz_current_20q_complementary_signed_sqrt,5,0,-0.9932921824816161,0.3368541965407621,Oxytetracycline
427,161,0,-0.7431920776733627,iqp_zz_current_20q_complementary_signed_sqrt,5,0,-0.40633788113260055,0.3368541965407621,"N,N-Bis(1-methylethyl)carbamothioic acid, S-(2,3,3-trichloro-2-propen-1-yl) ester"
18,163,1,1.2981203931146084,iqp_zz_current_20q_complementary_signed_sqrt,5,1,1.6349745896553705,0.3368541965407621,"O,O'-(Thiodi-4,1-phenylene) O,O,O',O'-tetramethyl ester phosphorothioic acid"
17,165,1,1.0093350471066445,iqp_zz_current_20q_complementary_signed_sqrt,5,1,1.3461892436474066,0.3368541965407621,"O,O-Diethyl O-[6-methyl-2-(1-methylethyl)-4-pyrimidinyl] ester phosphorothioic acid"
18,167,1,0.9663011890880246,iqp_zz_current_20q_complementary_signed_sqrt,5,1,1.3031553856287867,0.3368541965407621,Chlorthion (Ref: BAY 22/190 )
423,172,0,1.2008063158322249,iqp_zz_current_20q_complementary_signed_sqrt,5,1,1.537660512372987,0.3368541965407621,"Thiodiphosphoric acid, Tetrapropyl ester"
11,179,0,-0.3987938187273555,iqp_zz_current_20q_complementary_signed_sqrt,5,0,-0.06193962218659338,0.3368541965407621,Myristyl acetate
31,182,1,0.629646995616487,iqp_zz_current_20q_complementary_signed_sqrt,5,1,0.9665011921572491,0.3368541965407621,"O,O-Dimethyl S-[(4-oxo-1,2,3-benzotriazin-3(4H)-yl)methyl] ester, Phosphorodithioic acid"
18,186,1,1.0257057384716521,iqp_zz_current_20q_complementary_signed_sqrt,5,1,1.3625599350124142,0.3368541965407621,"O,O-Dimethyl O-[3-methyl-4-(methylthio)phenyl]ester phosphorothioic acid"
31,195,1,0.8387235064092577,iqp_zz_current_20q_complementary_signed_sqrt,5,1,1.1755777029500198,0.3368541965407621,"Phosphorodithioic acid S-[(5-methoxy-2-oxo-1,3,4-thiadiazol-3(2H)yl)methyl] O,O-dimethyl ester"
31,208,1,1.2640218890789805,iqp_zz_current_20q_complementary_signed_sqrt,5,1,1.6008760856197426,0.3368541965407621,Dialifos (Ref: AC 14503)
61,215,0,-0.7689246086052521,iqp_zz_current_20q_complementary_signed_sqrt,5,0,-0.4320704120644901,0.3368541965407621,Farnesol
418,219,0,-1.4914663539313995,iqp_zz_current_20q_complementary_signed_sqrt,5,0,-1.1546121573906374,0.3368541965407621,Chlormequat
68,223,0,-1.2596474461644986,iqp_zz_current_20q_complementary_signed_sqrt,5,0,-0.9227932496237365,0.3368541965407621,6-Chloro-3-pyridinecarboxylic acid
55,225,1,-0.02450620439740686,iqp_zz_current_20q_complementary_signed_sqrt,5,0,0.31234799214335524,0.3368541965407621,P-Phenylphosphonothioic acid O-ethyl O-(4-nitrophenyl) ester 
417,231,0,-1.4097046024764777,iqp_zz_current_20q_complementary_signed_sqrt,5,0,-1.0728504059357156,0.3368541965407621,Diquat
17,233,1,0.7282540486276261,iqp_zz_current_20q_complementary_signed_sqrt,5,1,1.0651082451683882,0.3368541965407621,"Phosphorothioic acid, O,O-Diethyl O-2-pyrazinyl ester  "
410,255,0,-1.3433452516846993,iqp_zz_current_20q_complementary_signed_sqrt,5,0,-1.0064910551439372,0.3368541965407621,Diphenamid (Ref: L 34314)
18,256,1,0.9414404874035318,iqp_zz_current_20q_complementary_signed_sqrt,5,1,1.278294683944294,0.3368541965407621,"O-[4[(Dimethylamino)sulfonyl]phenyl]O,O-dimethylester phosphorothioic acid"
409,259,0,-1.0855951150195775,iqp_zz_current_20q_complementary_signed_sqrt,5,0,-0.7487409184788154,0.3368541965407621,2-Chloro-6-(trichloromethyl)pyridine
25,261,1,-1.3178305644902248,iqp_zz_current_20q_complementary_signed_sqrt,5,0,-0.9809763679494627,0.3368541965407621,2-Methyl-2-(methylthio)propanol O-[(methylamino)carbonyl]oxime
25,273,1,-1.1406616453188236,iqp_zz_current_20q_complementary_signed_sqrt,5,0,-0.8038074487780615,0.3368541965407621,2-(Dimethylamino)-N-[[(methylamino)carbonyl]oxy]-2-oxo-ethanimidothioic acid methyl ester
17,276,1,0.8598983622431242,iqp_zz_current_20q_complementary_signed_sqrt,5,1,1.1967525587838863,0.3368541965407621,"Phosphorothioic acid, O,O-Diethyl O-(3,5,6-trichloro-2-pyridinyl) ester"
163,297,0,-1.1424741681743171,iqp_zz_current_20q_complementary_signed_sqrt,5,0,-0.805619971633555,0.3368541965407621,"5,6-Dihydro-2-methyl-N-phenyl-1,4-oxathiin-3-carboxamide"
405,298,0,-1.2576952299392006,iqp_zz_current_20q_complementary_signed_sqrt,5,0,-0.9208410333984385,0.3368541965407621,N-1H-Benzimidazol-2-yl carbamic acid methyl ester
100,316,0,-1.1530458932749645,iqp_zz_current_20q_complementary_signed_sqrt,5,0,-0.8161916967342024,0.3368541965407621,Aldoxycarb
163,319,0,-1.2248395689346825,iqp_zz_current_20q_complementary_signed_sqrt,5,0,-0.8879853723939204,0.3368541965407621,Oxycarboxin (Ref: F 461)
157,326,1,0.06064055009665498,iqp_zz_current_20q_complementary_signed_sqrt,5,1,0.3974947466374171,0.3368541965407621,"4-Ethoxy-7-phenyl-3,5-dioxa-6-aza-4-phosphaoct-6-ene-8-nitrile 4-sulfide"
76,330,1,-1.357045789660985,iqp_zz_current_20q_complementary_signed_sqrt,5,0,-1.020191593120223,0.3368541965407621,Methabenzthiazuron (Ref: BAY 74283 )
394,334,0,-1.2936104597621338,iqp_zz_current_20q_complementary_signed_sqrt,5,0,-0.9567562632213717,0.3368541965407621,Glufosinate (Ref: HOE 00661)
55,336,1,0.8150729206507548,iqp_zz_current_20q_complementary_signed_sqrt,5,1,1.1519271171915169,0.3368541965407621,Dimethyl 4-(methylsulfanyl)phenyl phosphate
17,338,1,0.8266760323631057,iqp_zz_current_20q_complementary_signed_sqrt,5,1,1.1635302289038678,0.3368541965407621,"2-[(Diethoxyphosphinothionyl)oxy]-5-methylpyrazolo[1,5-a]pyrimidine-6-carboxylic acid ethyl ester"
11,339,0,0.6117101626089987,iqp_zz_current_20q_complementary_signed_sqrt,5,1,0.9485643591497608,0.3368541965407621,Muscalure
393,340,0,-1.3622644794276602,iqp_zz_current_20q_complementary_signed_sqrt,5,0,-1.025410282886898,0.3368541965407621,"2-Fluoroethyl ([1,1'-biphenyl]-4-yl)acetate"
17,343,1,0.9738897392538062,iqp_zz_current_20q_complementary_signed_sqrt,5,1,1.3107439357945683,0.3368541965407621,"O-[2-(Diethylamino)-6-methyl-4-pyrimidinyl]O,O-dimethyl ester, Phosphorothioic acid"
17,347,1,1.1133419955004054,iqp_zz_current_20q_complementary_signed_sqrt,5,1,1.4501961920411675,0.3368541965407621,"Phosphorothioic acid O-[2-(diethylamino)-6-methyl-4-pyrimidinyl] O,O-diethyl ester"
100,351,1,-1.0952971105920166,iqp_zz_current_20q_complementary_signed_sqrt,5,0,-0.7584429140512545,0.3368541965407621,2-Methyl-2-(methylsulfinyl)propanal O-[(methylamino)carbonyl]oxime
37,357,1,0.8104962884029503,iqp_zz_current_20q_complementary_signed_sqrt,5,1,1.1473504849437124,0.3368541965407621,"O,O-Dimethyl O-(3,5,6-trichloro-2-pyridinyl) ester phosphorothioic acid"
25,364,1,-1.2316003800148503,iqp_zz_current_20q_complementary_signed_sqrt,5,0,-0.8947461834740882,0.3368541965407621,"3,3-Dimethyl-1-(methylthio)-2-butanone O-[(methylamino)carbonyl]oxime"
17,372,1,0.9569691826661089,iqp_zz_current_20q_complementary_signed_sqrt,5,1,1.293823379206871,0.3368541965407621,Isoxathion (Ref: SL 6711)
386,377,0,-1.2422578659011345,iqp_zz_current_20q_complementary_signed_sqrt,5,0,-0.9054036693603724,0.3368541965407621,Frontalin
76,381,0,-1.2706381512243317,iqp_zz_current_20q_complementary_signed_sqrt,5,0,-0.9337839546835696,0.3368541965407621,"N-[5-(1,1-Dimethylethyl)-1,3,4-thiadiazol-2-yl]-N,N'-dimethylurea"
11,397,0,-1.20035728703316,iqp_zz_current_20q_complementary_signed_sqrt,5,0,-0.8635030904923979,0.3368541965407621,2-(Octylsulfanyl)ethan-1-ol
380,402,0,-1.1186423605066758,iqp_zz_current_20q_complementary_signed_sqrt,5,0,-0.7817881639659137,0.3368541965407621,5-Methyl-3(2H)-isoxazolone
374,435,0,-1.3904671736256817,iqp_zz_current_20q_complementary_signed_sqrt,5,0,-1.0536129770849196,0.3368541965407621,Ipsenol
25,436,1,-0.6376985845199727,iqp_zz_current_20q_complementary_signed_sqrt,5,0,-0.3008443879792107,0.3368541965407621,"N,N'-[Thiobis[(methylimino)carbonyloxy]]bisethanimidothioic acid dimethyl ester"
18,458,0,0.8350733709891978,iqp_zz_current_20q_complementary_signed_sqrt,5,1,1.1719275675299599,0.3368541965407621,"Phosphorothioic acid O-(2,6-dichloro-4-methylphenyl) O,O-dimethyl ester"
25,459,1,-1.311122161426969,iqp_zz_current_20q_complementary_signed_sqrt,5,0,-0.9742679648862069,0.3368541965407621,Butocarboxim (Ref: Co 755)
370,468,0,-1.4371970912651297,iqp_zz_current_20q_complementary_signed_sqrt,5,0,-1.1003428947243676,0.3368541965407621,Aviglycine
368,479,0,-1.228789536114123,iqp_zz_current_20q_complementary_signed_sqrt,5,0,-0.8919353395733609,0.3368541965407621,Thiocyclam
157,486,0,-1.3314042184456831,iqp_zz_current_20q_complementary_signed_sqrt,5,0,-0.994550021904921,0.3368541965407621,Oxabetrinil (Ref: CGA 92194)
94,494,0,-1.1366464970463583,iqp_zz_current_20q_complementary_signed_sqrt,5,0,-0.7997923005055962,0.3368541965407621,"[(3,5,6-Trichloro-2-pyridinyl)oxy]acetic acid, 2-Butoxyethyl ester"
71,533,0,-0.40343843969637566,iqp_zz_current_20q_complementary_signed_sqrt,5,0,-0.06658424315561356,0.3368541965407621,Methoxyfenozide (Ref: RH 2485)
71,536,0,-0.7598272202395413,iqp_zz_current_20q_complementary_signed_sqrt,5,0,-0.42297302369877915,0.3368541965407621,Halofenozide (Ref: RH 0345)
355,549,0,-0.949588724709377,iqp_zz_current_20q_complementary_signed_sqrt,5,0,-0.612734528168615,0.3368541965407621,"3,5-Dichloro-N-(3-chloro-1-ethyl-1-methyl-2-oxopropyl)-4-methylbenzamide"
352,555,1,0.7715932745755854,iqp_zz_current_20q_complementary_signed_sqrt,5,1,1.1084474711163474,0.3368541965407621,"Phosphorothioic acid O,O-diethyl-O-(1,2,2,2-tetrachloroethyl) ester"
66,557,0,-0.5627712760377375,iqp_zz_current_20q_complementary_signed_sqrt,5,0,-0.22591707949697531,0.3368541965407621,"2-[2-Chloro-4-fluoro-5-(1,3,4,5,6,7-hexahydro-1,3-dioxo-2H-isoindol-2-yl)phenoxy]acetic acid pentyl ester"
71,563,0,-0.3362140838242655,iqp_zz_current_20q_complementary_signed_sqrt,5,0,0.0006401127164966103,0.3368541965407621,"1-(1,1-Dimethylethyl)-2-(4-ethylbenzoyl)hydrazide-3,5-dimethylbenzoic acid"
115,575,0,-0.5667541344108071,iqp_zz_current_20q_complementary_signed_sqrt,5,0,-0.22989993787004498,0.3368541965407621,"2-(Difluoromethyl)-5-(4,5-dihydro-2-thiazolyl)-4-(2-methylpropyl)-6-(trifluoromethyl)-3-pyridinecarboxylic acid methyl ester"
114,579,1,-1.2999337683737522,iqp_zz_current_20q_complementary_signed_sqrt,5,0,-0.9630795718329901,0.3368541965407621,Fenpiclonil (Ref: CGA 142705)
31,585,1,1.3324949624053672,iqp_zz_current_20q_complementary_signed_sqrt,5,1,1.6693491589461293,0.3368541965407621,Anilofos (Ref: HOE 30374)
345,587,0,0.3896894073614774,iqp_zz_current_20q_complementary_signed_sqrt,5,1,0.7265436039022395,0.3368541965407621,"2-(Acetyloxy)-3-dodecyl-1,4-naphthalenedione"
339,601,0,-1.4057231346649692,iqp_zz_current_20q_complementary_signed_sqrt,5,0,-1.0688689381242071,0.3368541965407621,"4,5-Dihydro-6-methyl-4-[(E)-(3-pyridinylmethylene)amino]-1,2,4-triazin-3(2H)-one"
87,612,0,-1.4225862236497038,iqp_zz_current_20q_complementary_signed_sqrt,5,0,-1.0857320271089417,0.3368541965407621,Metosulam (Ref: XDE 511)
68,620,0,-1.4335655421767195,iqp_zz_current_20q_complementary_signed_sqrt,5,0,-1.0967113456359574,0.3368541965407621,6-chloro-3-pyridinemethanol
17,634,1,1.0026283473855844,iqp_zz_current_20q_complementary_signed_sqrt,5,1,1.3394825439263465,0.3368541965407621,Butathiofos (Ref: Dowco 429)
68,635,1,-1.3112153365449009,iqp_zz_current_20q_complementary_signed_sqrt,5,0,-0.9743611400041388,0.3368541965407621,Acetamiprid
146,640,0,-1.4197915449695682,iqp_zz_current_20q_complementary_signed_sqrt,5,0,-1.082937348428806,0.3368541965407621,Isoxaflutole (Ref: RPA 201772)
66,641,0,-1.2710880069546822,iqp_zz_current_20q_complementary_signed_sqrt,5,0,-0.9342338104139201,0.3368541965407621,Flumiclorac
330,643,0,-1.295837114519158,iqp_zz_current_20q_complementary_signed_sqrt,5,0,-0.958982917978396,0.3368541965407621,"4-Amino-N-(1,1-dimethylethyl)-4,5-dihydro-3-(1-methylethyl)-5-oxo-1H-1,2,4-triazole-1-carboxamide"
146,645,0,-1.5782297598011992,iqp_zz_current_20q_complementary_signed_sqrt,5,0,-1.241375563260437,0.3368541965407621,"(5-Hydroxy-1,3-dimethyl-1H-pyrazol-4-yl)[2-(methylsulfonyl)-4-(trifluoromethyl)phenyl]methanone"
326,656,0,-0.5379152039794222,iqp_zz_current_20q_complementary_signed_sqrt,5,0,-0.20106100743866,0.3368541965407621,"2,2-Dimethylpropanoic acid  8-(2,6-diethyl-4-methylphenyl)-1,2,4,5- tetrahydro-7-oxo-7H-pyrazolo[1,2-d][1,4,5]oxadiazepin-9-yl ester"
116,664,0,-1.4004261356284995,iqp_zz_current_20q_complementary_signed_sqrt,5,0,-1.0635719390877374,0.3368541965407621,Diflovidazin (Ref: SZ1 121)
71,675,0,-0.15003361065875692,iqp_zz_current_20q_complementary_signed_sqrt,5,0,0.18682058588200517,0.3368541965407621,Chromafenozide (Ref: ANS 118)
317,682,0,-1.2199706723042247,iqp_zz_current_20q_complementary_signed_sqrt,5,0,-0.8831164757634626,0.3368541965407621,Pyriftalid (Ref: CGA 279233)
143,688,0,-1.1271910634292968,iqp_zz_current_20q_complementary_signed_sqrt,5,0,-0.7903368668885347,0.3368541965407621,2-Chloro-N-(2-ethoxyethyl)-N-(2-methyl-1-phenyl-1-propen-1-yl)acetamide
314,698,0,-0.8984892055199529,iqp_zz_current_20q_complementary_signed_sqrt,5,0,-0.5616350089791908,0.3368541965407621,Beflubutamid (Ref: UBH 820)
45,711,0,-0.7736185268012528,iqp_zz_current_20q_complementary_signed_sqrt,5,0,-0.4367643302604906,0.3368541965407621,Cycloxydim (Ref: BAS 517H)
25,723,0,-1.057683865616929,iqp_zz_current_20q_complementary_signed_sqrt,5,0,-0.7208296690761669,0.3368541965407621,"N-[[(Methylamino)carbonyl]oxy]ethanimidothioic acid, 2-Cyanoethylester"
45,725,1,-0.6496244652237968,iqp_zz_current_20q_complementary_signed_sqrt,5,0,-0.31277026868303465,0.3368541965407621,Sethoxydim (Ref: BAS 9052H)
31,726,1,0.894887295460465,iqp_zz_current_20q_complementary_signed_sqrt,5,1,1.231741492001227,0.3368541965407621,"S-[(5-Ethoxy-2-oxo-1,3,4-thiadiazol-3(2H)-yl)methyl] O,O-dimethyl phosphorodithioate"
45,732,0,-0.6056596238491587,iqp_zz_current_20q_complementary_signed_sqrt,5,0,-0.26880542730839657,0.3368541965407621,Tralkoxydim (Ref: PP 604)
137,736,0,-0.2057809132132173,iqp_zz_current_20q_complementary_signed_sqrt,5,0,0.1310732833275448,0.3368541965407621,Imibenconazole (Ref: HF 6305)
306,741,0,-1.508136678017892,iqp_zz_current_20q_complementary_signed_sqrt,5,0,-1.1712824814771299,0.3368541965407621,N-(Cyanomethyl)-4-(trifluoromethyl)-3-pyridinecarboxamide
87,744,0,-1.5923381233846639,iqp_zz_current_20q_complementary_signed_sqrt,5,0,-1.2554839268439018,0.3368541965407621,"N-(5,7-Dimethoxy[1,2,4]triazolo[1,5-a]pyrimidin-2-yl)-2-methoxy-4-(trifluoromethyl)-3-pyridinesulfonamide"
11,749,0,-1.2267010740826876,iqp_zz_current_20q_complementary_signed_sqrt,5,0,-0.8898468775419255,0.3368541965407621,"C6-12 Fatty acids, Me esters"
45,799,0,-0.0062882127898151174,iqp_zz_current_20q_complementary_signed_sqrt,5,0,0.330565983750947,0.3368541965407621,Butroxydim (Ref: ICIA0500)
131,802,0,-0.999378546086019,iqp_zz_current_20q_complementary_signed_sqrt,5,0,-0.6625243495452569,0.3368541965407621,"2-{2-[(2,5-Dimethylphenoxy)methyl]phenyl}-2-methoxy-N-methylacetamide"
284,816,0,-0.48240230960193026,iqp_zz_current_20q_complementary_signed_sqrt,5,0,-0.14554811306116816,0.3368541965407621,"3-(Difluoromethyl)-N-methoxy-1-methyl-N-[1-(2,4,6-trichlorophenyl)propan-2-yl]-1H-pyrazole-4-carboxamide"
278,837,0,-1.0516106147030742,iqp_zz_current_20q_complementary_signed_sqrt,5,0,-0.7147564181623121,0.3368541965407621,Hydroquinone
11,845,0,-1.2049275523216874,iqp_zz_current_20q_complementary_signed_sqrt,5,0,-0.8680733557809253,0.3368541965407621,1-decanol
268,857,0,-1.150717879508058,iqp_zz_current_20q_complementary_signed_sqrt,5,0,-0.8138636829672958,0.3368541965407621,Metaldehyde
61,858,0,-0.7701309513845944,iqp_zz_current_20q_complementary_signed_sqrt,5,0,-0.4332767548438324,0.3368541965407621,Nerolidol
266,860,0,-1.1028525287928972,iqp_zz_current_20q_complementary_signed_sqrt,5,0,-0.7659983322521351,0.3368541965407621,Paraffin oils
260,870,0,-1.3523639913567016,iqp_zz_current_20q_complementary_signed_sqrt,5,0,-1.0155097948159395,0.3368541965407621,Lenacil (Ref: DPX B634)
249,900,0,-1.0687195774786886,iqp_zz_current_20q_complementary_signed_sqrt,5,0,-0.7318653809379265,0.3368541965407621,Dikegulac
247,906,0,-1.3268918602324775,iqp_zz_current_20q_complementary_signed_sqrt,5,0,-0.9900376636917154,0.3368541965407621,Bupirimate (Ref: PP 588)
25,915,1,-1.2393921749434356,iqp_zz_current_20q_complementary_signed_sqrt,5,0,-0.9025379784026735,0.3368541965407621,N-[[(Methylamino)carbonyl]oxy]ethanimidothioic acid methyl ester
238,926,1,-1.300254906379875,iqp_zz_current_20q_complementary_signed_sqrt,5,0,-0.9634007098391129,0.3368541965407621,Pirimicarb (Ref: OMS 1330)
229,939,1,-0.31167680263569036,iqp_zz_current_20q_complementary_signed_sqrt,5,0,0.025177393905071732,0.3368541965407621,4-Bromo-2-(4-chlorophenyl)-1-(ethoxymethyl)-5-(trifluoromethyl)-1H-pyrrole-3-carbonitrile
225,948,1,-0.4029673214405202,iqp_zz_current_20q_complementary_signed_sqrt,5,0,-0.06611312489975812,0.3368541965407621,24-epibrassinolide
220,958,0,-1.5860473730255755,iqp_zz_current_20q_complementary_signed_sqrt,5,0,-1.2491931764848134,0.3368541965407621,Triazoxide (Ref: SAS 9244)
116,960,0,-1.323240577998354,iqp_zz_current_20q_complementary_signed_sqrt,5,0,-0.9863863814575919,0.3368541965407621,"3,6-Bis(2-chlorophenyl)-1,2,4,5-tetrazine"
115,969,0,-0.47915982468902824,iqp_zz_current_20q_complementary_signed_sqrt,5,0,-0.14230562814826614,0.3368541965407621,"2-(Difluoromethyl)-4-(2-methylpropyl)-6-(trifluoromethyl)-3,5-pyridinedicarbothioic acid, S3,S5-Dimethyl ester"
212,971,1,0.5157734857976799,iqp_zz_current_20q_complementary_signed_sqrt,5,1,0.852627682338442,0.3368541965407621,Silafluofen (Ref: HOE 084498)
211,972,0,-1.4636269789737517,iqp_zz_current_20q_complementary_signed_sqrt,5,0,-1.1267727824329896,0.3368541965407621,Rhyncolure
45,974,0,-0.5764427486794441,iqp_zz_current_20q_complementary_signed_sqrt,5,0,-0.23958855213868196,0.3368541965407621,Clethodim (Ref: RE 45601)
66,975,0,-1.2019146062284287,iqp_zz_current_20q_complementary_signed_sqrt,5,0,-0.8650604096876666,0.3368541965407621,"2-[7-Fluoro-3,4-dihydro-3-oxo-4-(2-propynyl)-2H-1,4-benzoxazin-6-yl]-4,5,6,7-tetrahydro-1H-isoindole-1,3(2H)-dione"
114,979,0,-1.470610705342699,iqp_zz_current_20q_complementary_signed_sqrt,5,0,-1.133756508801937,0.3368541965407621,"4-(2,2-Difluoro-1,3-benzodioxol-4-yl)-1H-pyrrole-3-carbonitrile"
201,990,0,-1.1028152804931521,iqp_zz_current_20q_complementary_signed_sqrt,5,0,-0.76596108395239,0.3368541965407621,Phthalide (Ref: BAY 96610)
76,1008,0,-1.3397884218130491,iqp_zz_current_20q_complementary_signed_sqrt,5,0,-1.002934225272287,0.3368541965407621,Ethidimuron (Ref: MET 1486 )
194,1010,0,0.0746236265125309,iqp_zz_current_20q_complementary_signed_sqrt,5,1,0.411477823053293,0.3368541965407621,Cyenopyrafen (Ref: NC-512 )
191,1015,1,-1.2896869670413689,iqp_zz_current_20q_complementary_signed_sqrt,5,0,-0.9528327705006068,0.3368541965407621,"3-Phenyl-5-(2-thienyl)-1,2,4-oxadiazole"
185,1027,1,0.95182826814075,iqp_zz_current_20q_complementary_signed_sqrt,5,1,1.288682464681512,0.3368541965407621,Broflanilide (Ref: MCI-8007)
180,1032,0,-0.5643642660297237,iqp_zz_current_20q_complementary_signed_sqrt,5,0,-0.22751006948896163,0.3368541965407621,Fenpicoxamid (Ref: XDE 777)
