DIAGONAL_ERROR,FOLD,MIN_EIGENVALUE,MODEL,N,PARAMS,PASS,PSD_VERIFICATION,STAGE,SYMMETRY_ERROR
0.0,1.1,,singleton__MolLogP,431,"{""feature_scale"": 0.125}",True,fidelity_gram_by_construction,hpo_representative,0.0
0.0,1.2,,singleton__MolLogP,431,"{""feature_scale"": 0.125}",True,fidelity_gram_by_construction,hpo_representative,0.0
0.0,1.3,,singleton__MolLogP,431,"{""feature_scale"": 0.125}",True,fidelity_gram_by_construction,hpo_representative,0.0
0.0,1.4,,singleton__MolLogP,432,"{""feature_scale"": 0.125}",True,fidelity_gram_by_construction,hpo_representative,0.0
0.0,1.1,,singleton__MolWt,431,"{""feature_scale"": 0.125}",True,fidelity_gram_by_construction,hpo_representative,0.0
0.0,1.2,,singleton__MolWt,431,"{""feature_scale"": 0.125}",True,fidelity_gram_by_construction,hpo_representative,0.0
0.0,1.3,,singleton__MolWt,431,"{""feature_scale"": 0.125}",True,fidelity_gram_by_construction,hpo_representative,0.0
0.0,1.4,,singleton__MolWt,432,"{""feature_scale"": 0.125}",True,fidelity_gram_by_construction,hpo_representative,0.0
0.0,1.1,,singleton__TPSA_SP,431,"{""feature_scale"": 0.125}",True,fidelity_gram_by_construction,hpo_representative,0.0
0.0,1.2,,singleton__TPSA_SP,431,"{""feature_scale"": 0.125}",True,fidelity_gram_by_construction,hpo_representative,0.0
0.0,1.3,,singleton__TPSA_SP,431,"{""feature_scale"": 0.125}",True,fidelity_gram_by_construction,hpo_representative,0.0
0.0,1.4,,singleton__TPSA_SP,432,"{""feature_scale"": 0.125}",True,fidelity_gram_by_construction,hpo_representative,0.0
0.0,1.1,,singleton__NumHDonors,431,"{""feature_scale"": 0.125}",True,fidelity_gram_by_construction,hpo_representative,0.0
0.0,1.2,,singleton__NumHDonors,431,"{""feature_scale"": 0.125}",True,fidelity_gram_by_construction,hpo_representative,0.0
0.0,1.3,,singleton__NumHDonors,431,"{""feature_scale"": 0.125}",True,fidelity_gram_by_construction,hpo_representative,0.0
0.0,1.4,,singleton__NumHDonors,432,"{""feature_scale"": 0.125}",True,fidelity_gram_by_construction,hpo_representative,0.0
0.0,1.1,,singleton__NumRotatableBonds,431,"{""feature_scale"": 0.125}",True,fidelity_gram_by_construction,hpo_representative,0.0
0.0,1.2,,singleton__NumRotatableBonds,431,"{""feature_scale"": 0.125}",True,fidelity_gram_by_construction,hpo_representative,0.0
0.0,1.3,,singleton__NumRotatableBonds,431,"{""feature_scale"": 0.125}",True,fidelity_gram_by_construction,hpo_representative,0.0
0.0,1.4,,singleton__NumRotatableBonds,432,"{""feature_scale"": 0.125}",True,fidelity_gram_by_construction,hpo_representative,0.0
0.0,1.1,,singleton__NumAromaticRings,431,"{""feature_scale"": 0.125}",True,fidelity_gram_by_construction,hpo_representative,0.0
0.0,1.2,,singleton__NumAromaticRings,431,"{""feature_scale"": 0.125}",True,fidelity_gram_by_construction,hpo_representative,0.0
0.0,1.3,,singleton__NumAromaticRings,431,"{""feature_scale"": 0.125}",True,fidelity_gram_by_construction,hpo_representative,0.0
0.0,1.4,,singleton__NumAromaticRings,432,"{""feature_scale"": 0.125}",True,fidelity_gram_by_construction,hpo_representative,0.0
0.0,1.1,,singleton__nHalogen,431,"{""feature_scale"": 0.125}",True,fidelity_gram_by_construction,hpo_representative,0.0
0.0,1.2,,singleton__nHalogen,431,"{""feature_scale"": 0.125}",True,fidelity_gram_by_construction,hpo_representative,0.0
0.0,1.3,,singleton__nHalogen,431,"{""feature_scale"": 0.125}",True,fidelity_gram_by_construction,hpo_representative,0.0
0.0,1.4,,singleton__nHalogen,432,"{""feature_scale"": 0.125}",True,fidelity_gram_by_construction,hpo_representative,0.0
0.0,1.1,,singleton__n_OP,431,"{""feature_scale"": 0.125}",True,fidelity_gram_by_construction,hpo_representative,0.0
0.0,1.2,,singleton__n_OP,431,"{""feature_scale"": 0.125}",True,fidelity_gram_by_construction,hpo_representative,0.0
0.0,1.3,,singleton__n_OP,431,"{""feature_scale"": 0.125}",True,fidelity_gram_by_construction,hpo_representative,0.0
0.0,1.4,,singleton__n_OP,432,"{""feature_scale"": 0.125}",True,fidelity_gram_by_construction,hpo_representative,0.0
0.0,1.1,,singleton__LiPHEX_prediction,431,"{""feature_scale"": 0.125}",True,fidelity_gram_by_construction,hpo_representative,0.0
0.0,1.2,,singleton__LiPHEX_prediction,431,"{""feature_scale"": 0.125}",True,fidelity_gram_by_construction,hpo_representative,0.0
0.0,1.3,,singleton__LiPHEX_prediction,431,"{""feature_scale"": 0.125}",True,fidelity_gram_by_construction,hpo_representative,0.0
0.0,1.4,,singleton__LiPHEX_prediction,432,"{""feature_scale"": 0.125}",True,fidelity_gram_by_construction,hpo_representative,0.0
0.0,1.1,,singleton__sasa002_frac_polar_hetero_only,431,"{""feature_scale"": 0.125}",True,fidelity_gram_by_construction,hpo_representative,0.0
0.0,1.2,,singleton__sasa002_frac_polar_hetero_only,431,"{""feature_scale"": 0.125}",True,fidelity_gram_by_construction,hpo_representative,0.0
0.0,1.3,,singleton__sasa002_frac_polar_hetero_only,431,"{""feature_scale"": 0.125}",True,fidelity_gram_by_construction,hpo_representative,0.0
0.0,1.4,,singleton__sasa002_frac_polar_hetero_only,432,"{""feature_scale"": 0.125}",True,fidelity_gram_by_construction,hpo_representative,0.0
0.0,1.1,,pair_phase_no_zz__MolLogP__MolWt,431,"{""feature_scale"": 0.125}",True,fidelity_gram_by_construction,hpo_representative,0.0
0.0,1.2,,pair_phase_no_zz__MolLogP__MolWt,431,"{""feature_scale"": 0.125}",True,fidelity_gram_by_construction,hpo_representative,0.0
0.0,1.3,,pair_phase_no_zz__MolLogP__MolWt,431,"{""feature_scale"": 0.125}",True,fidelity_gram_by_construction,hpo_representative,0.0
0.0,1.4,,pair_phase_no_zz__MolLogP__MolWt,432,"{""feature_scale"": 0.125}",True,fidelity_gram_by_construction,hpo_representative,0.0
0.0,1.1,,pair_iqp_zz__MolLogP__MolWt,431,"{""feature_scale"": 0.125}",True,fidelity_gram_by_construction,hpo_representative,0.0
0.0,1.2,,pair_iqp_zz__MolLogP__MolWt,431,"{""feature_scale"": 0.125}",True,fidelity_gram_by_construction,hpo_representative,0.0
0.0,1.3,,pair_iqp_zz__MolLogP__MolWt,431,"{""feature_scale"": 0.125}",True,fidelity_gram_by_construction,hpo_representative,0.0
0.0,1.4,,pair_iqp_zz__MolLogP__MolWt,432,"{""feature_scale"": 0.125}",True,fidelity_gram_by_construction,hpo_representative,0.0
0.0,1,,pair_iqp_zz__MolLogP__MolWt,575,"{""C"": 100.0, ""feature_scale"": 0.25}",True,fidelity_gram_by_construction,outer_fit,0.0
0.0,1.1,,pair_phase_no_zz__MolLogP__TPSA_SP,431,"{""feature_scale"": 0.125}",True,fidelity_gram_by_construction,hpo_representative,0.0
0.0,1.2,,pair_phase_no_zz__MolLogP__TPSA_SP,431,"{""feature_scale"": 0.125}",True,fidelity_gram_by_construction,hpo_representative,0.0
0.0,1.3,,pair_phase_no_zz__MolLogP__TPSA_SP,431,"{""feature_scale"": 0.125}",True,fidelity_gram_by_construction,hpo_representative,0.0
0.0,1.4,,pair_phase_no_zz__MolLogP__TPSA_SP,432,"{""feature_scale"": 0.125}",True,fidelity_gram_by_construction,hpo_representative,0.0
0.0,1.1,,pair_iqp_zz__MolLogP__TPSA_SP,431,"{""feature_scale"": 0.125}",True,fidelity_gram_by_construction,hpo_representative,0.0
0.0,1.2,,pair_iqp_zz__MolLogP__TPSA_SP,431,"{""feature_scale"": 0.125}",True,fidelity_gram_by_construction,hpo_representative,0.0
0.0,1.3,,pair_iqp_zz__MolLogP__TPSA_SP,431,"{""feature_scale"": 0.125}",True,fidelity_gram_by_construction,hpo_representative,0.0
0.0,1.4,,pair_iqp_zz__MolLogP__TPSA_SP,432,"{""feature_scale"": 0.125}",True,fidelity_gram_by_construction,hpo_representative,0.0
0.0,1.1,,pair_phase_no_zz__MolLogP__NumHDonors,431,"{""feature_scale"": 0.125}",True,fidelity_gram_by_construction,hpo_representative,0.0
0.0,1.2,,pair_phase_no_zz__MolLogP__NumHDonors,431,"{""feature_scale"": 0.125}",True,fidelity_gram_by_construction,hpo_representative,0.0
0.0,1.3,,pair_phase_no_zz__MolLogP__NumHDonors,431,"{""feature_scale"": 0.125}",True,fidelity_gram_by_construction,hpo_representative,0.0
0.0,1.4,,pair_phase_no_zz__MolLogP__NumHDonors,432,"{""feature_scale"": 0.125}",True,fidelity_gram_by_construction,hpo_representative,0.0
0.0,1.1,,pair_iqp_zz__MolLogP__NumHDonors,431,"{""feature_scale"": 0.125}",True,fidelity_gram_by_construction,hpo_representative,0.0
0.0,1.2,,pair_iqp_zz__MolLogP__NumHDonors,431,"{""feature_scale"": 0.125}",True,fidelity_gram_by_construction,hpo_representative,0.0
0.0,1.3,,pair_iqp_zz__MolLogP__NumHDonors,431,"{""feature_scale"": 0.125}",True,fidelity_gram_by_construction,hpo_representative,0.0
0.0,1.4,,pair_iqp_zz__MolLogP__NumHDonors,432,"{""feature_scale"": 0.125}",True,fidelity_gram_by_construction,hpo_representative,0.0
0.0,1.1,,pair_phase_no_zz__MolLogP__NumRotatableBonds,431,"{""feature_scale"": 0.125}",True,fidelity_gram_by_construction,hpo_representative,0.0
0.0,1.2,,pair_phase_no_zz__MolLogP__NumRotatableBonds,431,"{""feature_scale"": 0.125}",True,fidelity_gram_by_construction,hpo_representative,0.0
0.0,1.3,,pair_phase_no_zz__MolLogP__NumRotatableBonds,431,"{""feature_scale"": 0.125}",True,fidelity_gram_by_construction,hpo_representative,0.0
0.0,1.4,,pair_phase_no_zz__MolLogP__NumRotatableBonds,432,"{""feature_scale"": 0.125}",True,fidelity_gram_by_construction,hpo_representative,0.0
0.0,1.1,,pair_iqp_zz__MolLogP__NumRotatableBonds,431,"{""feature_scale"": 0.125}",True,fidelity_gram_by_construction,hpo_representative,0.0
0.0,1.2,,pair_iqp_zz__MolLogP__NumRotatableBonds,431,"{""feature_scale"": 0.125}",True,fidelity_gram_by_construction,hpo_representative,0.0
0.0,1.3,,pair_iqp_zz__MolLogP__NumRotatableBonds,431,"{""feature_scale"": 0.125}",True,fidelity_gram_by_construction,hpo_representative,0.0
0.0,1.4,,pair_iqp_zz__MolLogP__NumRotatableBonds,432,"{""feature_scale"": 0.125}",True,fidelity_gram_by_construction,hpo_representative,0.0
0.0,1.1,,pair_phase_no_zz__MolLogP__NumAromaticRings,431,"{""feature_scale"": 0.125}",True,fidelity_gram_by_construction,hpo_representative,0.0
0.0,1.2,,pair_phase_no_zz__MolLogP__NumAromaticRings,431,"{""feature_scale"": 0.125}",True,fidelity_gram_by_construction,hpo_representative,0.0
0.0,1.3,,pair_phase_no_zz__MolLogP__NumAromaticRings,431,"{""feature_scale"": 0.125}",True,fidelity_gram_by_construction,hpo_representative,0.0
0.0,1.4,,pair_phase_no_zz__MolLogP__NumAromaticRings,432,"{""feature_scale"": 0.125}",True,fidelity_gram_by_construction,hpo_representative,0.0
0.0,1.1,,pair_iqp_zz__MolLogP__NumAromaticRings,431,"{""feature_scale"": 0.125}",True,fidelity_gram_by_construction,hpo_representative,0.0
0.0,1.2,,pair_iqp_zz__MolLogP__NumAromaticRings,431,"{""feature_scale"": 0.125}",True,fidelity_gram_by_construction,hpo_representative,0.0
0.0,1.3,,pair_iqp_zz__MolLogP__NumAromaticRings,431,"{""feature_scale"": 0.125}",True,fidelity_gram_by_construction,hpo_representative,0.0
0.0,1.4,,pair_iqp_zz__MolLogP__NumAromaticRings,432,"{""feature_scale"": 0.125}",True,fidelity_gram_by_construction,hpo_representative,0.0
0.0,1.1,,pair_phase_no_zz__MolLogP__nHalogen,431,"{""feature_scale"": 0.125}",True,fidelity_gram_by_construction,hpo_representative,0.0
0.0,1.2,,pair_phase_no_zz__MolLogP__nHalogen,431,"{""feature_scale"": 0.125}",True,fidelity_gram_by_construction,hpo_representative,0.0
0.0,1.3,,pair_phase_no_zz__MolLogP__nHalogen,431,"{""feature_scale"": 0.125}",True,fidelity_gram_by_construction,hpo_representative,0.0
0.0,1.4,,pair_phase_no_zz__MolLogP__nHalogen,432,"{""feature_scale"": 0.125}",True,fidelity_gram_by_construction,hpo_representative,0.0
0.0,1.1,,pair_iqp_zz__MolLogP__nHalogen,431,"{""feature_scale"": 0.125}",True,fidelity_gram_by_construction,hpo_representative,0.0
0.0,1.2,,pair_iqp_zz__MolLogP__nHalogen,431,"{""feature_scale"": 0.125}",True,fidelity_gram_by_construction,hpo_representative,0.0
0.0,1.3,,pair_iqp_zz__MolLogP__nHalogen,431,"{""feature_scale"": 0.125}",True,fidelity_gram_by_construction,hpo_representative,0.0
0.0,1.4,,pair_iqp_zz__MolLogP__nHalogen,432,"{""feature_scale"": 0.125}",True,fidelity_gram_by_construction,hpo_representative,0.0
0.0,1.1,,pair_phase_no_zz__MolLogP__n_OP,431,"{""feature_scale"": 0.125}",True,fidelity_gram_by_construction,hpo_representative,0.0
0.0,1.2,,pair_phase_no_zz__MolLogP__n_OP,431,"{""feature_scale"": 0.125}",True,fidelity_gram_by_construction,hpo_representative,0.0
0.0,1.3,,pair_phase_no_zz__MolLogP__n_OP,431,"{""feature_scale"": 0.125}",True,fidelity_gram_by_construction,hpo_representative,0.0
0.0,1.4,,pair_phase_no_zz__MolLogP__n_OP,432,"{""feature_scale"": 0.125}",True,fidelity_gram_by_construction,hpo_representative,0.0
0.0,1.1,,pair_iqp_zz__MolLogP__n_OP,431,"{""feature_scale"": 0.125}",True,fidelity_gram_by_construction,hpo_representative,0.0
0.0,1.2,,pair_iqp_zz__MolLogP__n_OP,431,"{""feature_scale"": 0.125}",True,fidelity_gram_by_construction,hpo_representative,0.0
0.0,1.3,,pair_iqp_zz__MolLogP__n_OP,431,"{""feature_scale"": 0.125}",True,fidelity_gram_by_construction,hpo_representative,0.0
0.0,1.4,,pair_iqp_zz__MolLogP__n_OP,432,"{""feature_scale"": 0.125}",True,fidelity_gram_by_construction,hpo_representative,0.0
0.0,1.1,,pair_phase_no_zz__MolLogP__LiPHEX_prediction,431,"{""feature_scale"": 0.125}",True,fidelity_gram_by_construction,hpo_representative,0.0
0.0,1.2,,pair_phase_no_zz__MolLogP__LiPHEX_prediction,431,"{""feature_scale"": 0.125}",True,fidelity_gram_by_construction,hpo_representative,0.0
0.0,1.3,,pair_phase_no_zz__MolLogP__LiPHEX_prediction,431,"{""feature_scale"": 0.125}",True,fidelity_gram_by_construction,hpo_representative,0.0
0.0,1.4,,pair_phase_no_zz__MolLogP__LiPHEX_prediction,432,"{""feature_scale"": 0.125}",True,fidelity_gram_by_construction,hpo_representative,0.0
0.0,1.1,,pair_iqp_zz__MolLogP__LiPHEX_prediction,431,"{""feature_scale"": 0.125}",True,fidelity_gram_by_construction,hpo_representative,0.0
0.0,1.2,,pair_iqp_zz__MolLogP__LiPHEX_prediction,431,"{""feature_scale"": 0.125}",True,fidelity_gram_by_construction,hpo_representative,0.0
0.0,1.3,,pair_iqp_zz__MolLogP__LiPHEX_prediction,431,"{""feature_scale"": 0.125}",True,fidelity_gram_by_construction,hpo_representative,0.0
0.0,1.4,,pair_iqp_zz__MolLogP__LiPHEX_prediction,432,"{""feature_scale"": 0.125}",True,fidelity_gram_by_construction,hpo_representative,0.0
0.0,1.1,,pair_phase_no_zz__MolLogP__sasa002_frac_polar_hetero_only,431,"{""feature_scale"": 0.125}",True,fidelity_gram_by_construction,hpo_representative,0.0
0.0,1.2,,pair_phase_no_zz__MolLogP__sasa002_frac_polar_hetero_only,431,"{""feature_scale"": 0.125}",True,fidelity_gram_by_construction,hpo_representative,0.0
0.0,1.3,,pair_phase_no_zz__MolLogP__sasa002_frac_polar_hetero_only,431,"{""feature_scale"": 0.125}",True,fidelity_gram_by_construction,hpo_representative,0.0
0.0,1.4,,pair_phase_no_zz__MolLogP__sasa002_frac_polar_hetero_only,432,"{""feature_scale"": 0.125}",True,fidelity_gram_by_construction,hpo_representative,0.0
0.0,1.1,,pair_iqp_zz__MolLogP__sasa002_frac_polar_hetero_only,431,"{""feature_scale"": 0.125}",True,fidelity_gram_by_construction,hpo_representative,0.0
0.0,1.2,,pair_iqp_zz__MolLogP__sasa002_frac_polar_hetero_only,431,"{""feature_scale"": 0.125}",True,fidelity_gram_by_construction,hpo_representative,0.0
0.0,1.3,,pair_iqp_zz__MolLogP__sasa002_frac_polar_hetero_only,431,"{""feature_scale"": 0.125}",True,fidelity_gram_by_construction,hpo_representative,0.0
0.0,1.4,,pair_iqp_zz__MolLogP__sasa002_frac_polar_hetero_only,432,"{""feature_scale"": 0.125}",True,fidelity_gram_by_construction,hpo_representative,0.0
0.0,1.1,,pair_phase_no_zz__MolWt__TPSA_SP,431,"{""feature_scale"": 0.125}",True,fidelity_gram_by_construction,hpo_representative,0.0
0.0,1.2,,pair_phase_no_zz__MolWt__TPSA_SP,431,"{""feature_scale"": 0.125}",True,fidelity_gram_by_construction,hpo_representative,0.0
0.0,1.3,,pair_phase_no_zz__MolWt__TPSA_SP,431,"{""feature_scale"": 0.125}",True,fidelity_gram_by_construction,hpo_representative,0.0
0.0,1.4,,pair_phase_no_zz__MolWt__TPSA_SP,432,"{""feature_scale"": 0.125}",True,fidelity_gram_by_construction,hpo_representative,0.0
0.0,1.1,,pair_iqp_zz__MolWt__TPSA_SP,431,"{""feature_scale"": 0.125}",True,fidelity_gram_by_construction,hpo_representative,0.0
0.0,1.2,,pair_iqp_zz__MolWt__TPSA_SP,431,"{""feature_scale"": 0.125}",True,fidelity_gram_by_construction,hpo_representative,0.0
0.0,1.3,,pair_iqp_zz__MolWt__TPSA_SP,431,"{""feature_scale"": 0.125}",True,fidelity_gram_by_construction,hpo_representative,0.0
0.0,1.4,,pair_iqp_zz__MolWt__TPSA_SP,432,"{""feature_scale"": 0.125}",True,fidelity_gram_by_construction,hpo_representative,0.0
0.0,1.1,,pair_phase_no_zz__MolWt__NumHDonors,431,"{""feature_scale"": 0.125}",True,fidelity_gram_by_construction,hpo_representative,0.0
0.0,1.2,,pair_phase_no_zz__MolWt__NumHDonors,431,"{""feature_scale"": 0.125}",True,fidelity_gram_by_construction,hpo_representative,0.0
0.0,1.3,,pair_phase_no_zz__MolWt__NumHDonors,431,"{""feature_scale"": 0.125}",True,fidelity_gram_by_construction,hpo_representative,0.0
0.0,1.4,,pair_phase_no_zz__MolWt__NumHDonors,432,"{""feature_scale"": 0.125}",True,fidelity_gram_by_construction,hpo_representative,0.0
0.0,1.1,,pair_iqp_zz__MolWt__NumHDonors,431,"{""feature_scale"": 0.125}",True,fidelity_gram_by_construction,hpo_representative,0.0
0.0,1.2,,pair_iqp_zz__MolWt__NumHDonors,431,"{""feature_scale"": 0.125}",True,fidelity_gram_by_construction,hpo_representative,0.0
0.0,1.3,,pair_iqp_zz__MolWt__NumHDonors,431,"{""feature_scale"": 0.125}",True,fidelity_gram_by_construction,hpo_representative,0.0
0.0,1.4,,pair_iqp_zz__MolWt__NumHDonors,432,"{""feature_scale"": 0.125}",True,fidelity_gram_by_construction,hpo_representative,0.0
0.0,1.1,,pair_phase_no_zz__MolWt__NumRotatableBonds,431,"{""feature_scale"": 0.125}",True,fidelity_gram_by_construction,hpo_representative,0.0
0.0,1.2,,pair_phase_no_zz__MolWt__NumRotatableBonds,431,"{""feature_scale"": 0.125}",True,fidelity_gram_by_construction,hpo_representative,0.0
0.0,1.3,,pair_phase_no_zz__MolWt__NumRotatableBonds,431,"{""feature_scale"": 0.125}",True,fidelity_gram_by_construction,hpo_representative,0.0
0.0,1.4,,pair_phase_no_zz__MolWt__NumRotatableBonds,432,"{""feature_scale"": 0.125}",True,fidelity_gram_by_construction,hpo_representative,0.0
0.0,1.1,,pair_iqp_zz__MolWt__NumRotatableBonds,431,"{""feature_scale"": 0.125}",True,fidelity_gram_by_construction,hpo_representative,0.0
0.0,1.2,,pair_iqp_zz__MolWt__NumRotatableBonds,431,"{""feature_scale"": 0.125}",True,fidelity_gram_by_construction,hpo_representative,0.0
0.0,1.3,,pair_iqp_zz__MolWt__NumRotatableBonds,431,"{""feature_scale"": 0.125}",True,fidelity_gram_by_construction,hpo_representative,0.0
0.0,1.4,,pair_iqp_zz__MolWt__NumRotatableBonds,432,"{""feature_scale"": 0.125}",True,fidelity_gram_by_construction,hpo_representative,0.0
0.0,1.1,,pair_phase_no_zz__MolWt__NumAromaticRings,431,"{""feature_scale"": 0.125}",True,fidelity_gram_by_construction,hpo_representative,0.0
0.0,1.2,,pair_phase_no_zz__MolWt__NumAromaticRings,431,"{""feature_scale"": 0.125}",True,fidelity_gram_by_construction,hpo_representative,0.0
0.0,1.3,,pair_phase_no_zz__MolWt__NumAromaticRings,431,"{""feature_scale"": 0.125}",True,fidelity_gram_by_construction,hpo_representative,0.0
0.0,1.4,,pair_phase_no_zz__MolWt__NumAromaticRings,432,"{""feature_scale"": 0.125}",True,fidelity_gram_by_construction,hpo_representative,0.0
0.0,1.1,,pair_iqp_zz__MolWt__NumAromaticRings,431,"{""feature_scale"": 0.125}",True,fidelity_gram_by_construction,hpo_representative,0.0
0.0,1.2,,pair_iqp_zz__MolWt__NumAromaticRings,431,"{""feature_scale"": 0.125}",True,fidelity_gram_by_construction,hpo_representative,0.0
0.0,1.3,,pair_iqp_zz__MolWt__NumAromaticRings,431,"{""feature_scale"": 0.125}",True,fidelity_gram_by_construction,hpo_representative,0.0
0.0,1.4,,pair_iqp_zz__MolWt__NumAromaticRings,432,"{""feature_scale"": 0.125}",True,fidelity_gram_by_construction,hpo_representative,0.0
0.0,1.1,,pair_phase_no_zz__MolWt__nHalogen,431,"{""feature_scale"": 0.125}",True,fidelity_gram_by_construction,hpo_representative,0.0
0.0,1.2,,pair_phase_no_zz__MolWt__nHalogen,431,"{""feature_scale"": 0.125}",True,fidelity_gram_by_construction,hpo_representative,0.0
0.0,1.3,,pair_phase_no_zz__MolWt__nHalogen,431,"{""feature_scale"": 0.125}",True,fidelity_gram_by_construction,hpo_representative,0.0
0.0,1.4,,pair_phase_no_zz__MolWt__nHalogen,432,"{""feature_scale"": 0.125}",True,fidelity_gram_by_construction,hpo_representative,0.0
0.0,1.1,,pair_iqp_zz__MolWt__nHalogen,431,"{""feature_scale"": 0.125}",True,fidelity_gram_by_construction,hpo_representative,0.0
0.0,1.2,,pair_iqp_zz__MolWt__nHalogen,431,"{""feature_scale"": 0.125}",True,fidelity_gram_by_construction,hpo_representative,0.0
0.0,1.3,,pair_iqp_zz__MolWt__nHalogen,431,"{""feature_scale"": 0.125}",True,fidelity_gram_by_construction,hpo_representative,0.0
0.0,1.4,,pair_iqp_zz__MolWt__nHalogen,432,"{""feature_scale"": 0.125}",True,fidelity_gram_by_construction,hpo_representative,0.0
0.0,1.1,,pair_phase_no_zz__MolWt__n_OP,431,"{""feature_scale"": 0.125}",True,fidelity_gram_by_construction,hpo_representative,0.0
0.0,1.2,,pair_phase_no_zz__MolWt__n_OP,431,"{""feature_scale"": 0.125}",True,fidelity_gram_by_construction,hpo_representative,0.0
0.0,1.3,,pair_phase_no_zz__MolWt__n_OP,431,"{""feature_scale"": 0.125}",True,fidelity_gram_by_construction,hpo_representative,0.0
0.0,1.4,,pair_phase_no_zz__MolWt__n_OP,432,"{""feature_scale"": 0.125}",True,fidelity_gram_by_construction,hpo_representative,0.0
0.0,1.1,,pair_iqp_zz__MolWt__n_OP,431,"{""feature_scale"": 0.125}",True,fidelity_gram_by_construction,hpo_representative,0.0
0.0,1.2,,pair_iqp_zz__MolWt__n_OP,431,"{""feature_scale"": 0.125}",True,fidelity_gram_by_construction,hpo_representative,0.0
0.0,1.3,,pair_iqp_zz__MolWt__n_OP,431,"{""feature_scale"": 0.125}",True,fidelity_gram_by_construction,hpo_representative,0.0
0.0,1.4,,pair_iqp_zz__MolWt__n_OP,432,"{""feature_scale"": 0.125}",True,fidelity_gram_by_construction,hpo_representative,0.0
0.0,1.1,,pair_phase_no_zz__MolWt__LiPHEX_prediction,431,"{""feature_scale"": 0.125}",True,fidelity_gram_by_construction,hpo_representative,0.0
0.0,1.2,,pair_phase_no_zz__MolWt__LiPHEX_prediction,431,"{""feature_scale"": 0.125}",True,fidelity_gram_by_construction,hpo_representative,0.0
0.0,1.3,,pair_phase_no_zz__MolWt__LiPHEX_prediction,431,"{""feature_scale"": 0.125}",True,fidelity_gram_by_construction,hpo_representative,0.0
0.0,1.4,,pair_phase_no_zz__MolWt__LiPHEX_prediction,432,"{""feature_scale"": 0.125}",True,fidelity_gram_by_construction,hpo_representative,0.0
0.0,1.1,,pair_iqp_zz__MolWt__LiPHEX_prediction,431,"{""feature_scale"": 0.125}",True,fidelity_gram_by_construction,hpo_representative,0.0
0.0,1.2,,pair_iqp_zz__MolWt__LiPHEX_prediction,431,"{""feature_scale"": 0.125}",True,fidelity_gram_by_construction,hpo_representative,0.0
0.0,1.3,,pair_iqp_zz__MolWt__LiPHEX_prediction,431,"{""feature_scale"": 0.125}",True,fidelity_gram_by_construction,hpo_representative,0.0
0.0,1.4,,pair_iqp_zz__MolWt__LiPHEX_prediction,432,"{""feature_scale"": 0.125}",True,fidelity_gram_by_construction,hpo_representative,0.0
0.0,1.1,,pair_phase_no_zz__MolWt__sasa002_frac_polar_hetero_only,431,"{""feature_scale"": 0.125}",True,fidelity_gram_by_construction,hpo_representative,0.0
0.0,1.2,,pair_phase_no_zz__MolWt__sasa002_frac_polar_hetero_only,431,"{""feature_scale"": 0.125}",True,fidelity_gram_by_construction,hpo_representative,0.0
0.0,1.3,,pair_phase_no_zz__MolWt__sasa002_frac_polar_hetero_only,431,"{""feature_scale"": 0.125}",True,fidelity_gram_by_construction,hpo_representative,0.0
0.0,1.4,,pair_phase_no_zz__MolWt__sasa002_frac_polar_hetero_only,432,"{""feature_scale"": 0.125}",True,fidelity_gram_by_construction,hpo_representative,0.0
0.0,1.1,,pair_iqp_zz__MolWt__sasa002_frac_polar_hetero_only,431,"{""feature_scale"": 0.125}",True,fidelity_gram_by_construction,hpo_representative,0.0
0.0,1.2,,pair_iqp_zz__MolWt__sasa002_frac_polar_hetero_only,431,"{""feature_scale"": 0.125}",True,fidelity_gram_by_construction,hpo_representative,0.0
0.0,1.3,,pair_iqp_zz__MolWt__sasa002_frac_polar_hetero_only,431,"{""feature_scale"": 0.125}",True,fidelity_gram_by_construction,hpo_representative,0.0
0.0,1.4,,pair_iqp_zz__MolWt__sasa002_frac_polar_hetero_only,432,"{""feature_scale"": 0.125}",True,fidelity_gram_by_construction,hpo_representative,0.0
0.0,1.1,,pair_phase_no_zz__TPSA_SP__NumHDonors,431,"{""feature_scale"": 0.125}",True,fidelity_gram_by_construction,hpo_representative,0.0
0.0,1.2,,pair_phase_no_zz__TPSA_SP__NumHDonors,431,"{""feature_scale"": 0.125}",True,fidelity_gram_by_construction,hpo_representative,0.0
0.0,1.3,,pair_phase_no_zz__TPSA_SP__NumHDonors,431,"{""feature_scale"": 0.125}",True,fidelity_gram_by_construction,hpo_representative,0.0
0.0,1.4,,pair_phase_no_zz__TPSA_SP__NumHDonors,432,"{""feature_scale"": 0.125}",True,fidelity_gram_by_construction,hpo_representative,0.0
0.0,1.1,,pair_iqp_zz__TPSA_SP__NumHDonors,431,"{""feature_scale"": 0.125}",True,fidelity_gram_by_construction,hpo_representative,0.0
0.0,1.2,,pair_iqp_zz__TPSA_SP__NumHDonors,431,"{""feature_scale"": 0.125}",True,fidelity_gram_by_construction,hpo_representative,0.0
0.0,1.3,,pair_iqp_zz__TPSA_SP__NumHDonors,431,"{""feature_scale"": 0.125}",True,fidelity_gram_by_construction,hpo_representative,0.0
0.0,1.4,,pair_iqp_zz__TPSA_SP__NumHDonors,432,"{""feature_scale"": 0.125}",True,fidelity_gram_by_construction,hpo_representative,0.0
0.0,1.1,,pair_phase_no_zz__TPSA_SP__NumRotatableBonds,431,"{""feature_scale"": 0.125}",True,fidelity_gram_by_construction,hpo_representative,0.0
0.0,1.2,,pair_phase_no_zz__TPSA_SP__NumRotatableBonds,431,"{""feature_scale"": 0.125}",True,fidelity_gram_by_construction,hpo_representative,0.0
0.0,1.3,,pair_phase_no_zz__TPSA_SP__NumRotatableBonds,431,"{""feature_scale"": 0.125}",True,fidelity_gram_by_construction,hpo_representative,0.0
0.0,1.4,,pair_phase_no_zz__TPSA_SP__NumRotatableBonds,432,"{""feature_scale"": 0.125}",True,fidelity_gram_by_construction,hpo_representative,0.0
0.0,1.1,,pair_iqp_zz__TPSA_SP__NumRotatableBonds,431,"{""feature_scale"": 0.125}",True,fidelity_gram_by_construction,hpo_representative,0.0
0.0,1.2,,pair_iqp_zz__TPSA_SP__NumRotatableBonds,431,"{""feature_scale"": 0.125}",True,fidelity_gram_by_construction,hpo_representative,0.0
0.0,1.3,,pair_iqp_zz__TPSA_SP__NumRotatableBonds,431,"{""feature_scale"": 0.125}",True,fidelity_gram_by_construction,hpo_representative,0.0
0.0,1.4,,pair_iqp_zz__TPSA_SP__NumRotatableBonds,432,"{""feature_scale"": 0.125}",True,fidelity_gram_by_construction,hpo_representative,0.0
0.0,1.1,,pair_phase_no_zz__TPSA_SP__NumAromaticRings,431,"{""feature_scale"": 0.125}",True,fidelity_gram_by_construction,hpo_representative,0.0
0.0,1.2,,pair_phase_no_zz__TPSA_SP__NumAromaticRings,431,"{""feature_scale"": 0.125}",True,fidelity_gram_by_construction,hpo_representative,0.0
0.0,1.3,,pair_phase_no_zz__TPSA_SP__NumAromaticRings,431,"{""feature_scale"": 0.125}",True,fidelity_gram_by_construction,hpo_representative,0.0
0.0,1.4,,pair_phase_no_zz__TPSA_SP__NumAromaticRings,432,"{""feature_scale"": 0.125}",True,fidelity_gram_by_construction,hpo_representative,0.0
0.0,1.1,,pair_iqp_zz__TPSA_SP__NumAromaticRings,431,"{""feature_scale"": 0.125}",True,fidelity_gram_by_construction,hpo_representative,0.0
0.0,1.2,,pair_iqp_zz__TPSA_SP__NumAromaticRings,431,"{""feature_scale"": 0.125}",True,fidelity_gram_by_construction,hpo_representative,0.0
0.0,1.3,,pair_iqp_zz__TPSA_SP__NumAromaticRings,431,"{""feature_scale"": 0.125}",True,fidelity_gram_by_construction,hpo_representative,0.0
0.0,1.4,,pair_iqp_zz__TPSA_SP__NumAromaticRings,432,"{""feature_scale"": 0.125}",True,fidelity_gram_by_construction,hpo_representative,0.0
0.0,1.1,,pair_phase_no_zz__TPSA_SP__nHalogen,431,"{""feature_scale"": 0.125}",True,fidelity_gram_by_construction,hpo_representative,0.0
0.0,1.2,,pair_phase_no_zz__TPSA_SP__nHalogen,431,"{""feature_scale"": 0.125}",True,fidelity_gram_by_construction,hpo_representative,0.0
0.0,1.3,,pair_phase_no_zz__TPSA_SP__nHalogen,431,"{""feature_scale"": 0.125}",True,fidelity_gram_by_construction,hpo_representative,0.0
0.0,1.4,,pair_phase_no_zz__TPSA_SP__nHalogen,432,"{""feature_scale"": 0.125}",True,fidelity_gram_by_construction,hpo_representative,0.0
0.0,1.1,,pair_iqp_zz__TPSA_SP__nHalogen,431,"{""feature_scale"": 0.125}",True,fidelity_gram_by_construction,hpo_representative,0.0
0.0,1.2,,pair_iqp_zz__TPSA_SP__nHalogen,431,"{""feature_scale"": 0.125}",True,fidelity_gram_by_construction,hpo_representative,0.0
0.0,1.3,,pair_iqp_zz__TPSA_SP__nHalogen,431,"{""feature_scale"": 0.125}",True,fidelity_gram_by_construction,hpo_representative,0.0
0.0,1.4,,pair_iqp_zz__TPSA_SP__nHalogen,432,"{""feature_scale"": 0.125}",True,fidelity_gram_by_construction,hpo_representative,0.0
0.0,1.1,,pair_phase_no_zz__TPSA_SP__n_OP,431,"{""feature_scale"": 0.125}",True,fidelity_gram_by_construction,hpo_representative,0.0
0.0,1.2,,pair_phase_no_zz__TPSA_SP__n_OP,431,"{""feature_scale"": 0.125}",True,fidelity_gram_by_construction,hpo_representative,0.0
0.0,1.3,,pair_phase_no_zz__TPSA_SP__n_OP,431,"{""feature_scale"": 0.125}",True,fidelity_gram_by_construction,hpo_representative,0.0
0.0,1.4,,pair_phase_no_zz__TPSA_SP__n_OP,432,"{""feature_scale"": 0.125}",True,fidelity_gram_by_construction,hpo_representative,0.0
0.0,1.1,,pair_iqp_zz__TPSA_SP__n_OP,431,"{""feature_scale"": 0.125}",True,fidelity_gram_by_construction,hpo_representative,0.0
0.0,1.2,,pair_iqp_zz__TPSA_SP__n_OP,431,"{""feature_scale"": 0.125}",True,fidelity_gram_by_construction,hpo_representative,0.0
0.0,1.3,,pair_iqp_zz__TPSA_SP__n_OP,431,"{""feature_scale"": 0.125}",True,fidelity_gram_by_construction,hpo_representative,0.0
0.0,1.4,,pair_iqp_zz__TPSA_SP__n_OP,432,"{""feature_scale"": 0.125}",True,fidelity_gram_by_construction,hpo_representative,0.0
0.0,1.1,,pair_phase_no_zz__TPSA_SP__LiPHEX_prediction,431,"{""feature_scale"": 0.125}",True,fidelity_gram_by_construction,hpo_representative,0.0
0.0,1.2,,pair_phase_no_zz__TPSA_SP__LiPHEX_prediction,431,"{""feature_scale"": 0.125}",True,fidelity_gram_by_construction,hpo_representative,0.0
0.0,1.3,,pair_phase_no_zz__TPSA_SP__LiPHEX_prediction,431,"{""feature_scale"": 0.125}",True,fidelity_gram_by_construction,hpo_representative,0.0
0.0,1.4,,pair_phase_no_zz__TPSA_SP__LiPHEX_prediction,432,"{""feature_scale"": 0.125}",True,fidelity_gram_by_construction,hpo_representative,0.0
0.0,1.1,,pair_iqp_zz__TPSA_SP__LiPHEX_prediction,431,"{""feature_scale"": 0.125}",True,fidelity_gram_by_construction,hpo_representative,0.0
0.0,1.2,,pair_iqp_zz__TPSA_SP__LiPHEX_prediction,431,"{""feature_scale"": 0.125}",True,fidelity_gram_by_construction,hpo_representative,0.0
0.0,1.3,,pair_iqp_zz__TPSA_SP__LiPHEX_prediction,431,"{""feature_scale"": 0.125}",True,fidelity_gram_by_construction,hpo_representative,0.0
0.0,1.4,,pair_iqp_zz__TPSA_SP__LiPHEX_prediction,432,"{""feature_scale"": 0.125}",True,fidelity_gram_by_construction,hpo_representative,0.0
0.0,1.1,,pair_phase_no_zz__TPSA_SP__sasa002_frac_polar_hetero_only,431,"{""feature_scale"": 0.125}",True,fidelity_gram_by_construction,hpo_representative,0.0
0.0,1.2,,pair_phase_no_zz__TPSA_SP__sasa002_frac_polar_hetero_only,431,"{""feature_scale"": 0.125}",True,fidelity_gram_by_construction,hpo_representative,0.0
0.0,1.3,,pair_phase_no_zz__TPSA_SP__sasa002_frac_polar_hetero_only,431,"{""feature_scale"": 0.125}",True,fidelity_gram_by_construction,hpo_representative,0.0
0.0,1.4,,pair_phase_no_zz__TPSA_SP__sasa002_frac_polar_hetero_only,432,"{""feature_scale"": 0.125}",True,fidelity_gram_by_construction,hpo_representative,0.0
0.0,1.1,,pair_iqp_zz__TPSA_SP__sasa002_frac_polar_hetero_only,431,"{""feature_scale"": 0.125}",True,fidelity_gram_by_construction,hpo_representative,0.0
0.0,1.2,,pair_iqp_zz__TPSA_SP__sasa002_frac_polar_hetero_only,431,"{""feature_scale"": 0.125}",True,fidelity_gram_by_construction,hpo_representative,0.0
0.0,1.3,,pair_iqp_zz__TPSA_SP__sasa002_frac_polar_hetero_only,431,"{""feature_scale"": 0.125}",True,fidelity_gram_by_construction,hpo_representative,0.0
0.0,1.4,,pair_iqp_zz__TPSA_SP__sasa002_frac_polar_hetero_only,432,"{""feature_scale"": 0.125}",True,fidelity_gram_by_construction,hpo_representative,0.0
0.0,1.1,,pair_phase_no_zz__NumHDonors__NumRotatableBonds,431,"{""feature_scale"": 0.125}",True,fidelity_gram_by_construction,hpo_representative,0.0
0.0,1.2,,pair_phase_no_zz__NumHDonors__NumRotatableBonds,431,"{""feature_scale"": 0.125}",True,fidelity_gram_by_construction,hpo_representative,0.0
0.0,1.3,,pair_phase_no_zz__NumHDonors__NumRotatableBonds,431,"{""feature_scale"": 0.125}",True,fidelity_gram_by_construction,hpo_representative,0.0
0.0,1.4,,pair_phase_no_zz__NumHDonors__NumRotatableBonds,432,"{""feature_scale"": 0.125}",True,fidelity_gram_by_construction,hpo_representative,0.0
0.0,1.1,,pair_iqp_zz__NumHDonors__NumRotatableBonds,431,"{""feature_scale"": 0.125}",True,fidelity_gram_by_construction,hpo_representative,0.0
0.0,1.2,,pair_iqp_zz__NumHDonors__NumRotatableBonds,431,"{""feature_scale"": 0.125}",True,fidelity_gram_by_construction,hpo_representative,0.0
0.0,1.3,,pair_iqp_zz__NumHDonors__NumRotatableBonds,431,"{""feature_scale"": 0.125}",True,fidelity_gram_by_construction,hpo_representative,0.0
0.0,1.4,,pair_iqp_zz__NumHDonors__NumRotatableBonds,432,"{""feature_scale"": 0.125}",True,fidelity_gram_by_construction,hpo_representative,0.0
0.0,1.1,,pair_phase_no_zz__NumHDonors__NumAromaticRings,431,"{""feature_scale"": 0.125}",True,fidelity_gram_by_construction,hpo_representative,0.0
0.0,1.2,,pair_phase_no_zz__NumHDonors__NumAromaticRings,431,"{""feature_scale"": 0.125}",True,fidelity_gram_by_construction,hpo_representative,0.0
0.0,1.3,,pair_phase_no_zz__NumHDonors__NumAromaticRings,431,"{""feature_scale"": 0.125}",True,fidelity_gram_by_construction,hpo_representative,0.0
0.0,1.4,,pair_phase_no_zz__NumHDonors__NumAromaticRings,432,"{""feature_scale"": 0.125}",True,fidelity_gram_by_construction,hpo_representative,0.0
0.0,1.1,,pair_iqp_zz__NumHDonors__NumAromaticRings,431,"{""feature_scale"": 0.125}",True,fidelity_gram_by_construction,hpo_representative,0.0
0.0,1.2,,pair_iqp_zz__NumHDonors__NumAromaticRings,431,"{""feature_scale"": 0.125}",True,fidelity_gram_by_construction,hpo_representative,0.0
0.0,1.3,,pair_iqp_zz__NumHDonors__NumAromaticRings,431,"{""feature_scale"": 0.125}",True,fidelity_gram_by_construction,hpo_representative,0.0
0.0,1.4,,pair_iqp_zz__NumHDonors__NumAromaticRings,432,"{""feature_scale"": 0.125}",True,fidelity_gram_by_construction,hpo_representative,0.0
0.0,1.1,,pair_phase_no_zz__NumHDonors__nHalogen,431,"{""feature_scale"": 0.125}",True,fidelity_gram_by_construction,hpo_representative,0.0
0.0,1.2,,pair_phase_no_zz__NumHDonors__nHalogen,431,"{""feature_scale"": 0.125}",True,fidelity_gram_by_construction,hpo_representative,0.0
0.0,1.3,,pair_phase_no_zz__NumHDonors__nHalogen,431,"{""feature_scale"": 0.125}",True,fidelity_gram_by_construction,hpo_representative,0.0
0.0,1.4,,pair_phase_no_zz__NumHDonors__nHalogen,432,"{""feature_scale"": 0.125}",True,fidelity_gram_by_construction,hpo_representative,0.0
0.0,1.1,,pair_iqp_zz__NumHDonors__nHalogen,431,"{""feature_scale"": 0.125}",True,fidelity_gram_by_construction,hpo_representative,0.0
0.0,1.2,,pair_iqp_zz__NumHDonors__nHalogen,431,"{""feature_scale"": 0.125}",True,fidelity_gram_by_construction,hpo_representative,0.0
0.0,1.3,,pair_iqp_zz__NumHDonors__nHalogen,431,"{""feature_scale"": 0.125}",True,fidelity_gram_by_construction,hpo_representative,0.0
0.0,1.4,,pair_iqp_zz__NumHDonors__nHalogen,432,"{""feature_scale"": 0.125}",True,fidelity_gram_by_construction,hpo_representative,0.0
0.0,1.1,,pair_phase_no_zz__NumHDonors__n_OP,431,"{""feature_scale"": 0.125}",True,fidelity_gram_by_construction,hpo_representative,0.0
0.0,1.2,,pair_phase_no_zz__NumHDonors__n_OP,431,"{""feature_scale"": 0.125}",True,fidelity_gram_by_construction,hpo_representative,0.0
0.0,1.3,,pair_phase_no_zz__NumHDonors__n_OP,431,"{""feature_scale"": 0.125}",True,fidelity_gram_by_construction,hpo_representative,0.0
0.0,1.4,,pair_phase_no_zz__NumHDonors__n_OP,432,"{""feature_scale"": 0.125}",True,fidelity_gram_by_construction,hpo_representative,0.0
0.0,1.1,,pair_iqp_zz__NumHDonors__n_OP,431,"{""feature_scale"": 0.125}",True,fidelity_gram_by_construction,hpo_representative,0.0
0.0,1.2,,pair_iqp_zz__NumHDonors__n_OP,431,"{""feature_scale"": 0.125}",True,fidelity_gram_by_construction,hpo_representative,0.0
0.0,1.3,,pair_iqp_zz__NumHDonors__n_OP,431,"{""feature_scale"": 0.125}",True,fidelity_gram_by_construction,hpo_representative,0.0
0.0,1.4,,pair_iqp_zz__NumHDonors__n_OP,432,"{""feature_scale"": 0.125}",True,fidelity_gram_by_construction,hpo_representative,0.0
0.0,1.1,,pair_phase_no_zz__NumHDonors__LiPHEX_prediction,431,"{""feature_scale"": 0.125}",True,fidelity_gram_by_construction,hpo_representative,0.0
0.0,1.2,,pair_phase_no_zz__NumHDonors__LiPHEX_prediction,431,"{""feature_scale"": 0.125}",True,fidelity_gram_by_construction,hpo_representative,0.0
0.0,1.3,,pair_phase_no_zz__NumHDonors__LiPHEX_prediction,431,"{""feature_scale"": 0.125}",True,fidelity_gram_by_construction,hpo_representative,0.0
0.0,1.4,,pair_phase_no_zz__NumHDonors__LiPHEX_prediction,432,"{""feature_scale"": 0.125}",True,fidelity_gram_by_construction,hpo_representative,0.0
0.0,1.1,,pair_iqp_zz__NumHDonors__LiPHEX_prediction,431,"{""feature_scale"": 0.125}",True,fidelity_gram_by_construction,hpo_representative,0.0
0.0,1.2,,pair_iqp_zz__NumHDonors__LiPHEX_prediction,431,"{""feature_scale"": 0.125}",True,fidelity_gram_by_construction,hpo_representative,0.0
0.0,1.3,,pair_iqp_zz__NumHDonors__LiPHEX_prediction,431,"{""feature_scale"": 0.125}",True,fidelity_gram_by_construction,hpo_representative,0.0
0.0,1.4,,pair_iqp_zz__NumHDonors__LiPHEX_prediction,432,"{""feature_scale"": 0.125}",True,fidelity_gram_by_construction,hpo_representative,0.0
0.0,1.1,,pair_phase_no_zz__NumHDonors__sasa002_frac_polar_hetero_only,431,"{""feature_scale"": 0.125}",True,fidelity_gram_by_construction,hpo_representative,0.0
0.0,1.2,,pair_phase_no_zz__NumHDonors__sasa002_frac_polar_hetero_only,431,"{""feature_scale"": 0.125}",True,fidelity_gram_by_construction,hpo_representative,0.0
0.0,1.3,,pair_phase_no_zz__NumHDonors__sasa002_frac_polar_hetero_only,431,"{""feature_scale"": 0.125}",True,fidelity_gram_by_construction,hpo_representative,0.0
0.0,1.4,,pair_phase_no_zz__NumHDonors__sasa002_frac_polar_hetero_only,432,"{""feature_scale"": 0.125}",True,fidelity_gram_by_construction,hpo_representative,0.0
0.0,1.1,,pair_iqp_zz__NumHDonors__sasa002_frac_polar_hetero_only,431,"{""feature_scale"": 0.125}",True,fidelity_gram_by_construction,hpo_representative,0.0
0.0,1.2,,pair_iqp_zz__NumHDonors__sasa002_frac_polar_hetero_only,431,"{""feature_scale"": 0.125}",True,fidelity_gram_by_construction,hpo_representative,0.0
0.0,1.3,,pair_iqp_zz__NumHDonors__sasa002_frac_polar_hetero_only,431,"{""feature_scale"": 0.125}",True,fidelity_gram_by_construction,hpo_representative,0.0
0.0,1.4,,pair_iqp_zz__NumHDonors__sasa002_frac_polar_hetero_only,432,"{""feature_scale"": 0.125}",True,fidelity_gram_by_construction,hpo_representative,0.0
0.0,1.1,,pair_phase_no_zz__NumRotatableBonds__NumAromaticRings,431,"{""feature_scale"": 0.125}",True,fidelity_gram_by_construction,hpo_representative,0.0
0.0,1.2,,pair_phase_no_zz__NumRotatableBonds__NumAromaticRings,431,"{""feature_scale"": 0.125}",True,fidelity_gram_by_construction,hpo_representative,0.0
0.0,1.3,,pair_phase_no_zz__NumRotatableBonds__NumAromaticRings,431,"{""feature_scale"": 0.125}",True,fidelity_gram_by_construction,hpo_representative,0.0
0.0,1.4,,pair_phase_no_zz__NumRotatableBonds__NumAromaticRings,432,"{""feature_scale"": 0.125}",True,fidelity_gram_by_construction,hpo_representative,0.0
0.0,1.1,,pair_iqp_zz__NumRotatableBonds__NumAromaticRings,431,"{""feature_scale"": 0.125}",True,fidelity_gram_by_construction,hpo_representative,0.0
0.0,1.2,,pair_iqp_zz__NumRotatableBonds__NumAromaticRings,431,"{""feature_scale"": 0.125}",True,fidelity_gram_by_construction,hpo_representative,0.0
0.0,1.3,,pair_iqp_zz__NumRotatableBonds__NumAromaticRings,431,"{""feature_scale"": 0.125}",True,fidelity_gram_by_construction,hpo_representative,0.0
0.0,1.4,,pair_iqp_zz__NumRotatableBonds__NumAromaticRings,432,"{""feature_scale"": 0.125}",True,fidelity_gram_by_construction,hpo_representative,0.0
0.0,1.1,,pair_phase_no_zz__NumRotatableBonds__nHalogen,431,"{""feature_scale"": 0.125}",True,fidelity_gram_by_construction,hpo_representative,0.0
0.0,1.2,,pair_phase_no_zz__NumRotatableBonds__nHalogen,431,"{""feature_scale"": 0.125}",True,fidelity_gram_by_construction,hpo_representative,0.0
0.0,1.3,,pair_phase_no_zz__NumRotatableBonds__nHalogen,431,"{""feature_scale"": 0.125}",True,fidelity_gram_by_construction,hpo_representative,0.0
0.0,1.4,,pair_phase_no_zz__NumRotatableBonds__nHalogen,432,"{""feature_scale"": 0.125}",True,fidelity_gram_by_construction,hpo_representative,0.0
0.0,1.1,,pair_iqp_zz__NumRotatableBonds__nHalogen,431,"{""feature_scale"": 0.125}",True,fidelity_gram_by_construction,hpo_representative,0.0
0.0,1.2,,pair_iqp_zz__NumRotatableBonds__nHalogen,431,"{""feature_scale"": 0.125}",True,fidelity_gram_by_construction,hpo_representative,0.0
0.0,1.3,,pair_iqp_zz__NumRotatableBonds__nHalogen,431,"{""feature_scale"": 0.125}",True,fidelity_gram_by_construction,hpo_representative,0.0
0.0,1.4,,pair_iqp_zz__NumRotatableBonds__nHalogen,432,"{""feature_scale"": 0.125}",True,fidelity_gram_by_construction,hpo_representative,0.0
0.0,1.1,,pair_phase_no_zz__NumRotatableBonds__n_OP,431,"{""feature_scale"": 0.125}",True,fidelity_gram_by_construction,hpo_representative,0.0
0.0,1.2,,pair_phase_no_zz__NumRotatableBonds__n_OP,431,"{""feature_scale"": 0.125}",True,fidelity_gram_by_construction,hpo_representative,0.0
0.0,1.3,,pair_phase_no_zz__NumRotatableBonds__n_OP,431,"{""feature_scale"": 0.125}",True,fidelity_gram_by_construction,hpo_representative,0.0
0.0,1.4,,pair_phase_no_zz__NumRotatableBonds__n_OP,432,"{""feature_scale"": 0.125}",True,fidelity_gram_by_construction,hpo_representative,0.0
0.0,1.1,,pair_iqp_zz__NumRotatableBonds__n_OP,431,"{""feature_scale"": 0.125}",True,fidelity_gram_by_construction,hpo_representative,0.0
0.0,1.2,,pair_iqp_zz__NumRotatableBonds__n_OP,431,"{""feature_scale"": 0.125}",True,fidelity_gram_by_construction,hpo_representative,0.0
0.0,1.3,,pair_iqp_zz__NumRotatableBonds__n_OP,431,"{""feature_scale"": 0.125}",True,fidelity_gram_by_construction,hpo_representative,0.0
0.0,1.4,,pair_iqp_zz__NumRotatableBonds__n_OP,432,"{""feature_scale"": 0.125}",True,fidelity_gram_by_construction,hpo_representative,0.0
0.0,1.1,,pair_phase_no_zz__NumRotatableBonds__LiPHEX_prediction,431,"{""feature_scale"": 0.125}",True,fidelity_gram_by_construction,hpo_representative,0.0
0.0,1.2,,pair_phase_no_zz__NumRotatableBonds__LiPHEX_prediction,431,"{""feature_scale"": 0.125}",True,fidelity_gram_by_construction,hpo_representative,0.0
0.0,1.3,,pair_phase_no_zz__NumRotatableBonds__LiPHEX_prediction,431,"{""feature_scale"": 0.125}",True,fidelity_gram_by_construction,hpo_representative,0.0
0.0,1.4,,pair_phase_no_zz__NumRotatableBonds__LiPHEX_prediction,432,"{""feature_scale"": 0.125}",True,fidelity_gram_by_construction,hpo_representative,0.0
0.0,1.1,,pair_iqp_zz__NumRotatableBonds__LiPHEX_prediction,431,"{""feature_scale"": 0.125}",True,fidelity_gram_by_construction,hpo_representative,0.0
0.0,1.2,,pair_iqp_zz__NumRotatableBonds__LiPHEX_prediction,431,"{""feature_scale"": 0.125}",True,fidelity_gram_by_construction,hpo_representative,0.0
0.0,1.3,,pair_iqp_zz__NumRotatableBonds__LiPHEX_prediction,431,"{""feature_scale"": 0.125}",True,fidelity_gram_by_construction,hpo_representative,0.0
0.0,1.4,,pair_iqp_zz__NumRotatableBonds__LiPHEX_prediction,432,"{""feature_scale"": 0.125}",True,fidelity_gram_by_construction,hpo_representative,0.0
0.0,1.1,,pair_phase_no_zz__NumRotatableBonds__sasa002_frac_polar_hetero_only,431,"{""feature_scale"": 0.125}",True,fidelity_gram_by_construction,hpo_representative,0.0
0.0,1.2,,pair_phase_no_zz__NumRotatableBonds__sasa002_frac_polar_hetero_only,431,"{""feature_scale"": 0.125}",True,fidelity_gram_by_construction,hpo_representative,0.0
0.0,1.3,,pair_phase_no_zz__NumRotatableBonds__sasa002_frac_polar_hetero_only,431,"{""feature_scale"": 0.125}",True,fidelity_gram_by_construction,hpo_representative,0.0
0.0,1.4,,pair_phase_no_zz__NumRotatableBonds__sasa002_frac_polar_hetero_only,432,"{""feature_scale"": 0.125}",True,fidelity_gram_by_construction,hpo_representative,0.0
0.0,1.1,,pair_iqp_zz__NumRotatableBonds__sasa002_frac_polar_hetero_only,431,"{""feature_scale"": 0.125}",True,fidelity_gram_by_construction,hpo_representative,0.0
0.0,1.2,,pair_iqp_zz__NumRotatableBonds__sasa002_frac_polar_hetero_only,431,"{""feature_scale"": 0.125}",True,fidelity_gram_by_construction,hpo_representative,0.0
0.0,1.3,,pair_iqp_zz__NumRotatableBonds__sasa002_frac_polar_hetero_only,431,"{""feature_scale"": 0.125}",True,fidelity_gram_by_construction,hpo_representative,0.0
0.0,1.4,,pair_iqp_zz__NumRotatableBonds__sasa002_frac_polar_hetero_only,432,"{""feature_scale"": 0.125}",True,fidelity_gram_by_construction,hpo_representative,0.0
0.0,1.1,,pair_phase_no_zz__NumAromaticRings__nHalogen,431,"{""feature_scale"": 0.125}",True,fidelity_gram_by_construction,hpo_representative,0.0
0.0,1.2,,pair_phase_no_zz__NumAromaticRings__nHalogen,431,"{""feature_scale"": 0.125}",True,fidelity_gram_by_construction,hpo_representative,0.0
0.0,1.3,,pair_phase_no_zz__NumAromaticRings__nHalogen,431,"{""feature_scale"": 0.125}",True,fidelity_gram_by_construction,hpo_representative,0.0
0.0,1.4,,pair_phase_no_zz__NumAromaticRings__nHalogen,432,"{""feature_scale"": 0.125}",True,fidelity_gram_by_construction,hpo_representative,0.0
0.0,1.1,,pair_iqp_zz__NumAromaticRings__nHalogen,431,"{""feature_scale"": 0.125}",True,fidelity_gram_by_construction,hpo_representative,0.0
0.0,1.2,,pair_iqp_zz__NumAromaticRings__nHalogen,431,"{""feature_scale"": 0.125}",True,fidelity_gram_by_construction,hpo_representative,0.0
0.0,1.3,,pair_iqp_zz__NumAromaticRings__nHalogen,431,"{""feature_scale"": 0.125}",True,fidelity_gram_by_construction,hpo_representative,0.0
0.0,1.4,,pair_iqp_zz__NumAromaticRings__nHalogen,432,"{""feature_scale"": 0.125}",True,fidelity_gram_by_construction,hpo_representative,0.0
0.0,1.1,,pair_phase_no_zz__NumAromaticRings__n_OP,431,"{""feature_scale"": 0.125}",True,fidelity_gram_by_construction,hpo_representative,0.0
0.0,1.2,,pair_phase_no_zz__NumAromaticRings__n_OP,431,"{""feature_scale"": 0.125}",True,fidelity_gram_by_construction,hpo_representative,0.0
0.0,1.3,,pair_phase_no_zz__NumAromaticRings__n_OP,431,"{""feature_scale"": 0.125}",True,fidelity_gram_by_construction,hpo_representative,0.0
0.0,1.4,,pair_phase_no_zz__NumAromaticRings__n_OP,432,"{""feature_scale"": 0.125}",True,fidelity_gram_by_construction,hpo_representative,0.0
0.0,1.1,,pair_iqp_zz__NumAromaticRings__n_OP,431,"{""feature_scale"": 0.125}",True,fidelity_gram_by_construction,hpo_representative,0.0
0.0,1.2,,pair_iqp_zz__NumAromaticRings__n_OP,431,"{""feature_scale"": 0.125}",True,fidelity_gram_by_construction,hpo_representative,0.0
0.0,1.3,,pair_iqp_zz__NumAromaticRings__n_OP,431,"{""feature_scale"": 0.125}",True,fidelity_gram_by_construction,hpo_representative,0.0
0.0,1.4,,pair_iqp_zz__NumAromaticRings__n_OP,432,"{""feature_scale"": 0.125}",True,fidelity_gram_by_construction,hpo_representative,0.0
0.0,1.1,,pair_phase_no_zz__NumAromaticRings__LiPHEX_prediction,431,"{""feature_scale"": 0.125}",True,fidelity_gram_by_construction,hpo_representative,0.0
0.0,1.2,,pair_phase_no_zz__NumAromaticRings__LiPHEX_prediction,431,"{""feature_scale"": 0.125}",True,fidelity_gram_by_construction,hpo_representative,0.0
0.0,1.3,,pair_phase_no_zz__NumAromaticRings__LiPHEX_prediction,431,"{""feature_scale"": 0.125}",True,fidelity_gram_by_construction,hpo_representative,0.0
0.0,1.4,,pair_phase_no_zz__NumAromaticRings__LiPHEX_prediction,432,"{""feature_scale"": 0.125}",True,fidelity_gram_by_construction,hpo_representative,0.0
0.0,1.1,,pair_iqp_zz__NumAromaticRings__LiPHEX_prediction,431,"{""feature_scale"": 0.125}",True,fidelity_gram_by_construction,hpo_representative,0.0
0.0,1.2,,pair_iqp_zz__NumAromaticRings__LiPHEX_prediction,431,"{""feature_scale"": 0.125}",True,fidelity_gram_by_construction,hpo_representative,0.0
0.0,1.3,,pair_iqp_zz__NumAromaticRings__LiPHEX_prediction,431,"{""feature_scale"": 0.125}",True,fidelity_gram_by_construction,hpo_representative,0.0
0.0,1.4,,pair_iqp_zz__NumAromaticRings__LiPHEX_prediction,432,"{""feature_scale"": 0.125}",True,fidelity_gram_by_construction,hpo_representative,0.0
0.0,1.1,,pair_phase_no_zz__NumAromaticRings__sasa002_frac_polar_hetero_only,431,"{""feature_scale"": 0.125}",True,fidelity_gram_by_construction,hpo_representative,0.0
0.0,1.2,,pair_phase_no_zz__NumAromaticRings__sasa002_frac_polar_hetero_only,431,"{""feature_scale"": 0.125}",True,fidelity_gram_by_construction,hpo_representative,0.0
0.0,1.3,,pair_phase_no_zz__NumAromaticRings__sasa002_frac_polar_hetero_only,431,"{""feature_scale"": 0.125}",True,fidelity_gram_by_construction,hpo_representative,0.0
0.0,1.4,,pair_phase_no_zz__NumAromaticRings__sasa002_frac_polar_hetero_only,432,"{""feature_scale"": 0.125}",True,fidelity_gram_by_construction,hpo_representative,0.0
0.0,1.1,,pair_iqp_zz__NumAromaticRings__sasa002_frac_polar_hetero_only,431,"{""feature_scale"": 0.125}",True,fidelity_gram_by_construction,hpo_representative,0.0
0.0,1.2,,pair_iqp_zz__NumAromaticRings__sasa002_frac_polar_hetero_only,431,"{""feature_scale"": 0.125}",True,fidelity_gram_by_construction,hpo_representative,0.0
0.0,1.3,,pair_iqp_zz__NumAromaticRings__sasa002_frac_polar_hetero_only,431,"{""feature_scale"": 0.125}",True,fidelity_gram_by_construction,hpo_representative,0.0
0.0,1.4,,pair_iqp_zz__NumAromaticRings__sasa002_frac_polar_hetero_only,432,"{""feature_scale"": 0.125}",True,fidelity_gram_by_construction,hpo_representative,0.0
0.0,1.1,,pair_phase_no_zz__nHalogen__n_OP,431,"{""feature_scale"": 0.125}",True,fidelity_gram_by_construction,hpo_representative,0.0
0.0,1.2,,pair_phase_no_zz__nHalogen__n_OP,431,"{""feature_scale"": 0.125}",True,fidelity_gram_by_construction,hpo_representative,0.0
0.0,1.3,,pair_phase_no_zz__nHalogen__n_OP,431,"{""feature_scale"": 0.125}",True,fidelity_gram_by_construction,hpo_representative,0.0
0.0,1.4,,pair_phase_no_zz__nHalogen__n_OP,432,"{""feature_scale"": 0.125}",True,fidelity_gram_by_construction,hpo_representative,0.0
0.0,1.1,,pair_iqp_zz__nHalogen__n_OP,431,"{""feature_scale"": 0.125}",True,fidelity_gram_by_construction,hpo_representative,0.0
0.0,1.2,,pair_iqp_zz__nHalogen__n_OP,431,"{""feature_scale"": 0.125}",True,fidelity_gram_by_construction,hpo_representative,0.0
0.0,1.3,,pair_iqp_zz__nHalogen__n_OP,431,"{""feature_scale"": 0.125}",True,fidelity_gram_by_construction,hpo_representative,0.0
0.0,1.4,,pair_iqp_zz__nHalogen__n_OP,432,"{""feature_scale"": 0.125}",True,fidelity_gram_by_construction,hpo_representative,0.0
0.0,1.1,,pair_phase_no_zz__nHalogen__LiPHEX_prediction,431,"{""feature_scale"": 0.125}",True,fidelity_gram_by_construction,hpo_representative,0.0
0.0,1.2,,pair_phase_no_zz__nHalogen__LiPHEX_prediction,431,"{""feature_scale"": 0.125}",True,fidelity_gram_by_construction,hpo_representative,0.0
0.0,1.3,,pair_phase_no_zz__nHalogen__LiPHEX_prediction,431,"{""feature_scale"": 0.125}",True,fidelity_gram_by_construction,hpo_representative,0.0
0.0,1.4,,pair_phase_no_zz__nHalogen__LiPHEX_prediction,432,"{""feature_scale"": 0.125}",True,fidelity_gram_by_construction,hpo_representative,0.0
0.0,1.1,,pair_iqp_zz__nHalogen__LiPHEX_prediction,431,"{""feature_scale"": 0.125}",True,fidelity_gram_by_construction,hpo_representative,0.0
0.0,1.2,,pair_iqp_zz__nHalogen__LiPHEX_prediction,431,"{""feature_scale"": 0.125}",True,fidelity_gram_by_construction,hpo_representative,0.0
0.0,1.3,,pair_iqp_zz__nHalogen__LiPHEX_prediction,431,"{""feature_scale"": 0.125}",True,fidelity_gram_by_construction,hpo_representative,0.0
0.0,1.4,,pair_iqp_zz__nHalogen__LiPHEX_prediction,432,"{""feature_scale"": 0.125}",True,fidelity_gram_by_construction,hpo_representative,0.0
0.0,1.1,,pair_phase_no_zz__nHalogen__sasa002_frac_polar_hetero_only,431,"{""feature_scale"": 0.125}",True,fidelity_gram_by_construction,hpo_representative,0.0
0.0,1.2,,pair_phase_no_zz__nHalogen__sasa002_frac_polar_hetero_only,431,"{""feature_scale"": 0.125}",True,fidelity_gram_by_construction,hpo_representative,0.0
0.0,1.3,,pair_phase_no_zz__nHalogen__sasa002_frac_polar_hetero_only,431,"{""feature_scale"": 0.125}",True,fidelity_gram_by_construction,hpo_representative,0.0
0.0,1.4,,pair_phase_no_zz__nHalogen__sasa002_frac_polar_hetero_only,432,"{""feature_scale"": 0.125}",True,fidelity_gram_by_construction,hpo_representative,0.0
0.0,1.1,,pair_iqp_zz__nHalogen__sasa002_frac_polar_hetero_only,431,"{""feature_scale"": 0.125}",True,fidelity_gram_by_construction,hpo_representative,0.0
0.0,1.2,,pair_iqp_zz__nHalogen__sasa002_frac_polar_hetero_only,431,"{""feature_scale"": 0.125}",True,fidelity_gram_by_construction,hpo_representative,0.0
0.0,1.3,,pair_iqp_zz__nHalogen__sasa002_frac_polar_hetero_only,431,"{""feature_scale"": 0.125}",True,fidelity_gram_by_construction,hpo_representative,0.0
0.0,1.4,,pair_iqp_zz__nHalogen__sasa002_frac_polar_hetero_only,432,"{""feature_scale"": 0.125}",True,fidelity_gram_by_construction,hpo_representative,0.0
0.0,1.1,,pair_phase_no_zz__n_OP__LiPHEX_prediction,431,"{""feature_scale"": 0.125}",True,fidelity_gram_by_construction,hpo_representative,0.0
0.0,1.2,,pair_phase_no_zz__n_OP__LiPHEX_prediction,431,"{""feature_scale"": 0.125}",True,fidelity_gram_by_construction,hpo_representative,0.0
0.0,1.3,,pair_phase_no_zz__n_OP__LiPHEX_prediction,431,"{""feature_scale"": 0.125}",True,fidelity_gram_by_construction,hpo_representative,0.0
0.0,1.4,,pair_phase_no_zz__n_OP__LiPHEX_prediction,432,"{""feature_scale"": 0.125}",True,fidelity_gram_by_construction,hpo_representative,0.0
0.0,1.1,,pair_iqp_zz__n_OP__LiPHEX_prediction,431,"{""feature_scale"": 0.125}",True,fidelity_gram_by_construction,hpo_representative,0.0
0.0,1.2,,pair_iqp_zz__n_OP__LiPHEX_prediction,431,"{""feature_scale"": 0.125}",True,fidelity_gram_by_construction,hpo_representative,0.0
0.0,1.3,,pair_iqp_zz__n_OP__LiPHEX_prediction,431,"{""feature_scale"": 0.125}",True,fidelity_gram_by_construction,hpo_representative,0.0
0.0,1.4,,pair_iqp_zz__n_OP__LiPHEX_prediction,432,"{""feature_scale"": 0.125}",True,fidelity_gram_by_construction,hpo_representative,0.0
0.0,1.1,,pair_phase_no_zz__n_OP__sasa002_frac_polar_hetero_only,431,"{""feature_scale"": 0.125}",True,fidelity_gram_by_construction,hpo_representative,0.0
0.0,1.2,,pair_phase_no_zz__n_OP__sasa002_frac_polar_hetero_only,431,"{""feature_scale"": 0.125}",True,fidelity_gram_by_construction,hpo_representative,0.0
0.0,1.3,,pair_phase_no_zz__n_OP__sasa002_frac_polar_hetero_only,431,"{""feature_scale"": 0.125}",True,fidelity_gram_by_construction,hpo_representative,0.0
0.0,1.4,,pair_phase_no_zz__n_OP__sasa002_frac_polar_hetero_only,432,"{""feature_scale"": 0.125}",True,fidelity_gram_by_construction,hpo_representative,0.0
0.0,1.1,,pair_iqp_zz__n_OP__sasa002_frac_polar_hetero_only,431,"{""feature_scale"": 0.125}",True,fidelity_gram_by_construction,hpo_representative,0.0
0.0,1.2,,pair_iqp_zz__n_OP__sasa002_frac_polar_hetero_only,431,"{""feature_scale"": 0.125}",True,fidelity_gram_by_construction,hpo_representative,0.0
0.0,1.3,,pair_iqp_zz__n_OP__sasa002_frac_polar_hetero_only,431,"{""feature_scale"": 0.125}",True,fidelity_gram_by_construction,hpo_representative,0.0
0.0,1.4,,pair_iqp_zz__n_OP__sasa002_frac_polar_hetero_only,432,"{""feature_scale"": 0.125}",True,fidelity_gram_by_construction,hpo_representative,0.0
0.0,1.1,,pair_phase_no_zz__LiPHEX_prediction__sasa002_frac_polar_hetero_only,431,"{""feature_scale"": 0.125}",True,fidelity_gram_by_construction,hpo_representative,0.0
0.0,1.2,,pair_phase_no_zz__LiPHEX_prediction__sasa002_frac_polar_hetero_only,431,"{""feature_scale"": 0.125}",True,fidelity_gram_by_construction,hpo_representative,0.0
0.0,1.3,,pair_phase_no_zz__LiPHEX_prediction__sasa002_frac_polar_hetero_only,431,"{""feature_scale"": 0.125}",True,fidelity_gram_by_construction,hpo_representative,0.0
0.0,1.4,,pair_phase_no_zz__LiPHEX_prediction__sasa002_frac_polar_hetero_only,432,"{""feature_scale"": 0.125}",True,fidelity_gram_by_construction,hpo_representative,0.0
0.0,1.1,,pair_iqp_zz__LiPHEX_prediction__sasa002_frac_polar_hetero_only,431,"{""feature_scale"": 0.125}",True,fidelity_gram_by_construction,hpo_representative,0.0
0.0,1.2,,pair_iqp_zz__LiPHEX_prediction__sasa002_frac_polar_hetero_only,431,"{""feature_scale"": 0.125}",True,fidelity_gram_by_construction,hpo_representative,0.0
0.0,1.3,,pair_iqp_zz__LiPHEX_prediction__sasa002_frac_polar_hetero_only,431,"{""feature_scale"": 0.125}",True,fidelity_gram_by_construction,hpo_representative,0.0
0.0,1.4,,pair_iqp_zz__LiPHEX_prediction__sasa002_frac_polar_hetero_only,432,"{""feature_scale"": 0.125}",True,fidelity_gram_by_construction,hpo_representative,0.0
0.0,1.1,,current_order_10q,431,"{""feature_scale"": 0.125}",True,fidelity_gram_by_construction,hpo_representative,0.0
0.0,1.2,,current_order_10q,431,"{""feature_scale"": 0.125}",True,fidelity_gram_by_construction,hpo_representative,0.0
0.0,1.3,,current_order_10q,431,"{""feature_scale"": 0.125}",True,fidelity_gram_by_construction,hpo_representative,0.0
0.0,1.4,,current_order_10q,432,"{""feature_scale"": 0.125}",True,fidelity_gram_by_construction,hpo_representative,0.0
0.0,1,5.581844024682235e-17,current_order_10q,575,"{""C"": 10.0, ""feature_scale"": 0.125}",True,numeric,outer_fit,0.0
0.0,1.1,,max_synergy_path_10q,431,"{""feature_scale"": 0.125}",True,fidelity_gram_by_construction,hpo_representative,0.0
0.0,1.2,,max_synergy_path_10q,431,"{""feature_scale"": 0.125}",True,fidelity_gram_by_construction,hpo_representative,0.0
0.0,1.3,,max_synergy_path_10q,431,"{""feature_scale"": 0.125}",True,fidelity_gram_by_construction,hpo_representative,0.0
0.0,1.4,,max_synergy_path_10q,432,"{""feature_scale"": 0.125}",True,fidelity_gram_by_construction,hpo_representative,0.0
0.0,1,-1.2542782117107727e-16,max_synergy_path_10q,575,"{""C"": 10.0, ""feature_scale"": 0.125}",True,numeric,outer_fit,0.0
0.0,1.1,,stable_synergy_path_10q,431,"{""feature_scale"": 0.125}",True,fidelity_gram_by_construction,hpo_representative,0.0
0.0,1.2,,stable_synergy_path_10q,431,"{""feature_scale"": 0.125}",True,fidelity_gram_by_construction,hpo_representative,0.0
0.0,1.3,,stable_synergy_path_10q,431,"{""feature_scale"": 0.125}",True,fidelity_gram_by_construction,hpo_representative,0.0
0.0,1.4,,stable_synergy_path_10q,432,"{""feature_scale"": 0.125}",True,fidelity_gram_by_construction,hpo_representative,0.0
0.0,1,1.1461359266432076e-16,stable_synergy_path_10q,575,"{""C"": 10.0, ""feature_scale"": 0.125}",True,numeric,outer_fit,0.0
0.0,1.1,,current_order_20q_duplicate,431,"{""feature_scale"": 0.125}",True,fidelity_gram_by_construction,hpo_representative,0.0
0.0,1.2,,current_order_20q_duplicate,431,"{""feature_scale"": 0.125}",True,fidelity_gram_by_construction,hpo_representative,0.0
0.0,1.3,,current_order_20q_duplicate,431,"{""feature_scale"": 0.125}",True,fidelity_gram_by_construction,hpo_representative,0.0
0.0,1.4,,current_order_20q_duplicate,432,"{""feature_scale"": 0.125}",True,fidelity_gram_by_construction,hpo_representative,0.0
0.0,1,-2.0917034449736763e-16,current_order_20q_duplicate,575,"{""C"": 10.0, ""feature_scale"": 0.125}",True,numeric,outer_fit,0.0
0.0,1.1,,current_order_20q_complementary,431,"{""feature_scale"": 0.125}",True,fidelity_gram_by_construction,hpo_representative,0.0
0.0,1.2,,current_order_20q_complementary,431,"{""feature_scale"": 0.125}",True,fidelity_gram_by_construction,hpo_representative,0.0
0.0,1.3,,current_order_20q_complementary,431,"{""feature_scale"": 0.125}",True,fidelity_gram_by_construction,hpo_representative,0.0
0.0,1.4,,current_order_20q_complementary,432,"{""feature_scale"": 0.125}",True,fidelity_gram_by_construction,hpo_representative,0.0
0.0,1,-2.0992022495561464e-17,current_order_20q_complementary,575,"{""C"": 10.0, ""feature_scale"": 0.125}",True,numeric,outer_fit,0.0
0.0,1.1,,max_synergy_path_20q_duplicate,431,"{""feature_scale"": 0.125}",True,fidelity_gram_by_construction,hpo_representative,0.0
0.0,1.2,,max_synergy_path_20q_duplicate,431,"{""feature_scale"": 0.125}",True,fidelity_gram_by_construction,hpo_representative,0.0
0.0,1.3,,max_synergy_path_20q_duplicate,431,"{""feature_scale"": 0.125}",True,fidelity_gram_by_construction,hpo_representative,0.0
0.0,1.4,,max_synergy_path_20q_duplicate,432,"{""feature_scale"": 0.125}",True,fidelity_gram_by_construction,hpo_representative,0.0
0.0,1,4.1565690527890005e-17,max_synergy_path_20q_duplicate,575,"{""C"": 10.0, ""feature_scale"": 0.125}",True,numeric,outer_fit,0.0
0.0,1.1,,max_synergy_path_20q_complementary,431,"{""feature_scale"": 0.125}",True,fidelity_gram_by_construction,hpo_representative,0.0
0.0,1.2,,max_synergy_path_20q_complementary,431,"{""feature_scale"": 0.125}",True,fidelity_gram_by_construction,hpo_representative,0.0
0.0,1.3,,max_synergy_path_20q_complementary,431,"{""feature_scale"": 0.125}",True,fidelity_gram_by_construction,hpo_representative,0.0
0.0,1.4,,max_synergy_path_20q_complementary,432,"{""feature_scale"": 0.125}",True,fidelity_gram_by_construction,hpo_representative,0.0
0.0,1,-3.3073250553390194e-16,max_synergy_path_20q_complementary,575,"{""C"": 10.0, ""feature_scale"": 0.125}",True,numeric,outer_fit,0.0
0.0,1.1,,stable_synergy_path_20q_duplicate,431,"{""feature_scale"": 0.125}",True,fidelity_gram_by_construction,hpo_representative,0.0
0.0,1.2,,stable_synergy_path_20q_duplicate,431,"{""feature_scale"": 0.125}",True,fidelity_gram_by_construction,hpo_representative,0.0
0.0,1.3,,stable_synergy_path_20q_duplicate,431,"{""feature_scale"": 0.125}",True,fidelity_gram_by_construction,hpo_representative,0.0
0.0,1.4,,stable_synergy_path_20q_duplicate,432,"{""feature_scale"": 0.125}",True,fidelity_gram_by_construction,hpo_representative,0.0
0.0,1,-7.174033374943515e-17,stable_synergy_path_20q_duplicate,575,"{""C"": 10.0, ""feature_scale"": 0.125}",True,numeric,outer_fit,0.0
0.0,1.1,,stable_synergy_path_20q_complementary,431,"{""feature_scale"": 0.125}",True,fidelity_gram_by_construction,hpo_representative,0.0
0.0,1.2,,stable_synergy_path_20q_complementary,431,"{""feature_scale"": 0.125}",True,fidelity_gram_by_construction,hpo_representative,0.0
0.0,1.3,,stable_synergy_path_20q_complementary,431,"{""feature_scale"": 0.125}",True,fidelity_gram_by_construction,hpo_representative,0.0
0.0,1.4,,stable_synergy_path_20q_complementary,432,"{""feature_scale"": 0.125}",True,fidelity_gram_by_construction,hpo_representative,0.0
0.0,1,7.085825820782e-17,stable_synergy_path_20q_complementary,575,"{""C"": 10.0, ""feature_scale"": 0.125}",True,numeric,outer_fit,0.0
0.0,2.1,,singleton__MolLogP,457,"{""feature_scale"": 0.125}",True,fidelity_gram_by_construction,hpo_representative,0.0
0.0,2.2,,singleton__MolLogP,455,"{""feature_scale"": 0.125}",True,fidelity_gram_by_construction,hpo_representative,0.0
0.0,2.3,,singleton__MolLogP,453,"{""feature_scale"": 0.125}",True,fidelity_gram_by_construction,hpo_representative,0.0
0.0,2.4,,singleton__MolLogP,456,"{""feature_scale"": 0.125}",True,fidelity_gram_by_construction,hpo_representative,0.0
0.0,2.1,,singleton__MolWt,457,"{""feature_scale"": 0.125}",True,fidelity_gram_by_construction,hpo_representative,0.0
0.0,2.2,,singleton__MolWt,455,"{""feature_scale"": 0.125}",True,fidelity_gram_by_construction,hpo_representative,0.0
0.0,2.3,,singleton__MolWt,453,"{""feature_scale"": 0.125}",True,fidelity_gram_by_construction,hpo_representative,0.0
0.0,2.4,,singleton__MolWt,456,"{""feature_scale"": 0.125}",True,fidelity_gram_by_construction,hpo_representative,0.0
0.0,2.1,,singleton__TPSA_SP,457,"{""feature_scale"": 0.125}",True,fidelity_gram_by_construction,hpo_representative,0.0
0.0,2.2,,singleton__TPSA_SP,455,"{""feature_scale"": 0.125}",True,fidelity_gram_by_construction,hpo_representative,0.0
0.0,2.3,,singleton__TPSA_SP,453,"{""feature_scale"": 0.125}",True,fidelity_gram_by_construction,hpo_representative,0.0
0.0,2.4,,singleton__TPSA_SP,456,"{""feature_scale"": 0.125}",True,fidelity_gram_by_construction,hpo_representative,0.0
0.0,2.1,,singleton__NumHDonors,457,"{""feature_scale"": 0.125}",True,fidelity_gram_by_construction,hpo_representative,0.0
0.0,2.2,,singleton__NumHDonors,455,"{""feature_scale"": 0.125}",True,fidelity_gram_by_construction,hpo_representative,0.0
0.0,2.3,,singleton__NumHDonors,453,"{""feature_scale"": 0.125}",True,fidelity_gram_by_construction,hpo_representative,0.0
0.0,2.4,,singleton__NumHDonors,456,"{""feature_scale"": 0.125}",True,fidelity_gram_by_construction,hpo_representative,0.0
0.0,2.1,,singleton__NumRotatableBonds,457,"{""feature_scale"": 0.125}",True,fidelity_gram_by_construction,hpo_representative,0.0
0.0,2.2,,singleton__NumRotatableBonds,455,"{""feature_scale"": 0.125}",True,fidelity_gram_by_construction,hpo_representative,0.0
0.0,2.3,,singleton__NumRotatableBonds,453,"{""feature_scale"": 0.125}",True,fidelity_gram_by_construction,hpo_representative,0.0
0.0,2.4,,singleton__NumRotatableBonds,456,"{""feature_scale"": 0.125}",True,fidelity_gram_by_construction,hpo_representative,0.0
0.0,2.1,,singleton__NumAromaticRings,457,"{""feature_scale"": 0.125}",True,fidelity_gram_by_construction,hpo_representative,0.0
0.0,2.2,,singleton__NumAromaticRings,455,"{""feature_scale"": 0.125}",True,fidelity_gram_by_construction,hpo_representative,0.0
0.0,2.3,,singleton__NumAromaticRings,453,"{""feature_scale"": 0.125}",True,fidelity_gram_by_construction,hpo_representative,0.0
0.0,2.4,,singleton__NumAromaticRings,456,"{""feature_scale"": 0.125}",True,fidelity_gram_by_construction,hpo_representative,0.0
0.0,2.1,,singleton__nHalogen,457,"{""feature_scale"": 0.125}",True,fidelity_gram_by_construction,hpo_representative,0.0
0.0,2.2,,singleton__nHalogen,455,"{""feature_scale"": 0.125}",True,fidelity_gram_by_construction,hpo_representative,0.0
0.0,2.3,,singleton__nHalogen,453,"{""feature_scale"": 0.125}",True,fidelity_gram_by_construction,hpo_representative,0.0
0.0,2.4,,singleton__nHalogen,456,"{""feature_scale"": 0.125}",True,fidelity_gram_by_construction,hpo_representative,0.0
0.0,2.1,,singleton__n_OP,457,"{""feature_scale"": 0.125}",True,fidelity_gram_by_construction,hpo_representative,0.0
0.0,2.2,,singleton__n_OP,455,"{""feature_scale"": 0.125}",True,fidelity_gram_by_construction,hpo_representative,0.0
0.0,2.3,,singleton__n_OP,453,"{""feature_scale"": 0.125}",True,fidelity_gram_by_construction,hpo_representative,0.0
0.0,2.4,,singleton__n_OP,456,"{""feature_scale"": 0.125}",True,fidelity_gram_by_construction,hpo_representative,0.0
0.0,2.1,,singleton__LiPHEX_prediction,457,"{""feature_scale"": 0.125}",True,fidelity_gram_by_construction,hpo_representative,0.0
0.0,2.2,,singleton__LiPHEX_prediction,455,"{""feature_scale"": 0.125}",True,fidelity_gram_by_construction,hpo_representative,0.0
0.0,2.3,,singleton__LiPHEX_prediction,453,"{""feature_scale"": 0.125}",True,fidelity_gram_by_construction,hpo_representative,0.0
0.0,2.4,,singleton__LiPHEX_prediction,456,"{""feature_scale"": 0.125}",True,fidelity_gram_by_construction,hpo_representative,0.0
0.0,2.1,,singleton__sasa002_frac_polar_hetero_only,457,"{""feature_scale"": 0.125}",True,fidelity_gram_by_construction,hpo_representative,0.0
0.0,2.2,,singleton__sasa002_frac_polar_hetero_only,455,"{""feature_scale"": 0.125}",True,fidelity_gram_by_construction,hpo_representative,0.0
0.0,2.3,,singleton__sasa002_frac_polar_hetero_only,453,"{""feature_scale"": 0.125}",True,fidelity_gram_by_construction,hpo_representative,0.0
0.0,2.4,,singleton__sasa002_frac_polar_hetero_only,456,"{""feature_scale"": 0.125}",True,fidelity_gram_by_construction,hpo_representative,0.0
0.0,2.1,,pair_phase_no_zz__MolLogP__MolWt,457,"{""feature_scale"": 0.125}",True,fidelity_gram_by_construction,hpo_representative,0.0
0.0,2.2,,pair_phase_no_zz__MolLogP__MolWt,455,"{""feature_scale"": 0.125}",True,fidelity_gram_by_construction,hpo_representative,0.0
0.0,2.3,,pair_phase_no_zz__MolLogP__MolWt,453,"{""feature_scale"": 0.125}",True,fidelity_gram_by_construction,hpo_representative,0.0
0.0,2.4,,pair_phase_no_zz__MolLogP__MolWt,456,"{""feature_scale"": 0.125}",True,fidelity_gram_by_construction,hpo_representative,0.0
0.0,2.1,,pair_iqp_zz__MolLogP__MolWt,457,"{""feature_scale"": 0.125}",True,fidelity_gram_by_construction,hpo_representative,0.0
0.0,2.2,,pair_iqp_zz__MolLogP__MolWt,455,"{""feature_scale"": 0.125}",True,fidelity_gram_by_construction,hpo_representative,0.0
0.0,2.3,,pair_iqp_zz__MolLogP__MolWt,453,"{""feature_scale"": 0.125}",True,fidelity_gram_by_construction,hpo_representative,0.0
0.0,2.4,,pair_iqp_zz__MolLogP__MolWt,456,"{""feature_scale"": 0.125}",True,fidelity_gram_by_construction,hpo_representative,0.0
0.0,2,,pair_iqp_zz__MolLogP__MolWt,607,"{""C"": 1.0, ""feature_scale"": 0.125}",True,fidelity_gram_by_construction,outer_fit,0.0
0.0,2.1,,pair_phase_no_zz__MolLogP__TPSA_SP,457,"{""feature_scale"": 0.125}",True,fidelity_gram_by_construction,hpo_representative,0.0
0.0,2.2,,pair_phase_no_zz__MolLogP__TPSA_SP,455,"{""feature_scale"": 0.125}",True,fidelity_gram_by_construction,hpo_representative,0.0
0.0,2.3,,pair_phase_no_zz__MolLogP__TPSA_SP,453,"{""feature_scale"": 0.125}",True,fidelity_gram_by_construction,hpo_representative,0.0
0.0,2.4,,pair_phase_no_zz__MolLogP__TPSA_SP,456,"{""feature_scale"": 0.125}",True,fidelity_gram_by_construction,hpo_representative,0.0
0.0,2.1,,pair_iqp_zz__MolLogP__TPSA_SP,457,"{""feature_scale"": 0.125}",True,fidelity_gram_by_construction,hpo_representative,0.0
0.0,2.2,,pair_iqp_zz__MolLogP__TPSA_SP,455,"{""feature_scale"": 0.125}",True,fidelity_gram_by_construction,hpo_representative,0.0
0.0,2.3,,pair_iqp_zz__MolLogP__TPSA_SP,453,"{""feature_scale"": 0.125}",True,fidelity_gram_by_construction,hpo_representative,0.0
0.0,2.4,,pair_iqp_zz__MolLogP__TPSA_SP,456,"{""feature_scale"": 0.125}",True,fidelity_gram_by_construction,hpo_representative,0.0
0.0,2.1,,pair_phase_no_zz__MolLogP__NumHDonors,457,"{""feature_scale"": 0.125}",True,fidelity_gram_by_construction,hpo_representative,0.0
0.0,2.2,,pair_phase_no_zz__MolLogP__NumHDonors,455,"{""feature_scale"": 0.125}",True,fidelity_gram_by_construction,hpo_representative,0.0
0.0,2.3,,pair_phase_no_zz__MolLogP__NumHDonors,453,"{""feature_scale"": 0.125}",True,fidelity_gram_by_construction,hpo_representative,0.0
0.0,2.4,,pair_phase_no_zz__MolLogP__NumHDonors,456,"{""feature_scale"": 0.125}",True,fidelity_gram_by_construction,hpo_representative,0.0
0.0,2.1,,pair_iqp_zz__MolLogP__NumHDonors,457,"{""feature_scale"": 0.125}",True,fidelity_gram_by_construction,hpo_representative,0.0
0.0,2.2,,pair_iqp_zz__MolLogP__NumHDonors,455,"{""feature_scale"": 0.125}",True,fidelity_gram_by_construction,hpo_representative,0.0
0.0,2.3,,pair_iqp_zz__MolLogP__NumHDonors,453,"{""feature_scale"": 0.125}",True,fidelity_gram_by_construction,hpo_representative,0.0
0.0,2.4,,pair_iqp_zz__MolLogP__NumHDonors,456,"{""feature_scale"": 0.125}",True,fidelity_gram_by_construction,hpo_representative,0.0
0.0,2.1,,pair_phase_no_zz__MolLogP__NumRotatableBonds,457,"{""feature_scale"": 0.125}",True,fidelity_gram_by_construction,hpo_representative,0.0
0.0,2.2,,pair_phase_no_zz__MolLogP__NumRotatableBonds,455,"{""feature_scale"": 0.125}",True,fidelity_gram_by_construction,hpo_representative,0.0
0.0,2.3,,pair_phase_no_zz__MolLogP__NumRotatableBonds,453,"{""feature_scale"": 0.125}",True,fidelity_gram_by_construction,hpo_representative,0.0
0.0,2.4,,pair_phase_no_zz__MolLogP__NumRotatableBonds,456,"{""feature_scale"": 0.125}",True,fidelity_gram_by_construction,hpo_representative,0.0
0.0,2.1,,pair_iqp_zz__MolLogP__NumRotatableBonds,457,"{""feature_scale"": 0.125}",True,fidelity_gram_by_construction,hpo_representative,0.0
0.0,2.2,,pair_iqp_zz__MolLogP__NumRotatableBonds,455,"{""feature_scale"": 0.125}",True,fidelity_gram_by_construction,hpo_representative,0.0
0.0,2.3,,pair_iqp_zz__MolLogP__NumRotatableBonds,453,"{""feature_scale"": 0.125}",True,fidelity_gram_by_construction,hpo_representative,0.0
0.0,2.4,,pair_iqp_zz__MolLogP__NumRotatableBonds,456,"{""feature_scale"": 0.125}",True,fidelity_gram_by_construction,hpo_representative,0.0
0.0,2.1,,pair_phase_no_zz__MolLogP__NumAromaticRings,457,"{""feature_scale"": 0.125}",True,fidelity_gram_by_construction,hpo_representative,0.0
0.0,2.2,,pair_phase_no_zz__MolLogP__NumAromaticRings,455,"{""feature_scale"": 0.125}",True,fidelity_gram_by_construction,hpo_representative,0.0
0.0,2.3,,pair_phase_no_zz__MolLogP__NumAromaticRings,453,"{""feature_scale"": 0.125}",True,fidelity_gram_by_construction,hpo_representative,0.0
0.0,2.4,,pair_phase_no_zz__MolLogP__NumAromaticRings,456,"{""feature_scale"": 0.125}",True,fidelity_gram_by_construction,hpo_representative,0.0
0.0,2.1,,pair_iqp_zz__MolLogP__NumAromaticRings,457,"{""feature_scale"": 0.125}",True,fidelity_gram_by_construction,hpo_representative,0.0
0.0,2.2,,pair_iqp_zz__MolLogP__NumAromaticRings,455,"{""feature_scale"": 0.125}",True,fidelity_gram_by_construction,hpo_representative,0.0
0.0,2.3,,pair_iqp_zz__MolLogP__NumAromaticRings,453,"{""feature_scale"": 0.125}",True,fidelity_gram_by_construction,hpo_representative,0.0
0.0,2.4,,pair_iqp_zz__MolLogP__NumAromaticRings,456,"{""feature_scale"": 0.125}",True,fidelity_gram_by_construction,hpo_representative,0.0
0.0,2.1,,pair_phase_no_zz__MolLogP__nHalogen,457,"{""feature_scale"": 0.125}",True,fidelity_gram_by_construction,hpo_representative,0.0
0.0,2.2,,pair_phase_no_zz__MolLogP__nHalogen,455,"{""feature_scale"": 0.125}",True,fidelity_gram_by_construction,hpo_representative,0.0
0.0,2.3,,pair_phase_no_zz__MolLogP__nHalogen,453,"{""feature_scale"": 0.125}",True,fidelity_gram_by_construction,hpo_representative,0.0
0.0,2.4,,pair_phase_no_zz__MolLogP__nHalogen,456,"{""feature_scale"": 0.125}",True,fidelity_gram_by_construction,hpo_representative,0.0
0.0,2.1,,pair_iqp_zz__MolLogP__nHalogen,457,"{""feature_scale"": 0.125}",True,fidelity_gram_by_construction,hpo_representative,0.0
0.0,2.2,,pair_iqp_zz__MolLogP__nHalogen,455,"{""feature_scale"": 0.125}",True,fidelity_gram_by_construction,hpo_representative,0.0
0.0,2.3,,pair_iqp_zz__MolLogP__nHalogen,453,"{""feature_scale"": 0.125}",True,fidelity_gram_by_construction,hpo_representative,0.0
0.0,2.4,,pair_iqp_zz__MolLogP__nHalogen,456,"{""feature_scale"": 0.125}",True,fidelity_gram_by_construction,hpo_representative,0.0
0.0,2.1,,pair_phase_no_zz__MolLogP__n_OP,457,"{""feature_scale"": 0.125}",True,fidelity_gram_by_construction,hpo_representative,0.0
0.0,2.2,,pair_phase_no_zz__MolLogP__n_OP,455,"{""feature_scale"": 0.125}",True,fidelity_gram_by_construction,hpo_representative,0.0
0.0,2.3,,pair_phase_no_zz__MolLogP__n_OP,453,"{""feature_scale"": 0.125}",True,fidelity_gram_by_construction,hpo_representative,0.0
0.0,2.4,,pair_phase_no_zz__MolLogP__n_OP,456,"{""feature_scale"": 0.125}",True,fidelity_gram_by_construction,hpo_representative,0.0
0.0,2.1,,pair_iqp_zz__MolLogP__n_OP,457,"{""feature_scale"": 0.125}",True,fidelity_gram_by_construction,hpo_representative,0.0
0.0,2.2,,pair_iqp_zz__MolLogP__n_OP,455,"{""feature_scale"": 0.125}",True,fidelity_gram_by_construction,hpo_representative,0.0
0.0,2.3,,pair_iqp_zz__MolLogP__n_OP,453,"{""feature_scale"": 0.125}",True,fidelity_gram_by_construction,hpo_representative,0.0
0.0,2.4,,pair_iqp_zz__MolLogP__n_OP,456,"{""feature_scale"": 0.125}",True,fidelity_gram_by_construction,hpo_representative,0.0
0.0,2.1,,pair_phase_no_zz__MolLogP__LiPHEX_prediction,457,"{""feature_scale"": 0.125}",True,fidelity_gram_by_construction,hpo_representative,0.0
0.0,2.2,,pair_phase_no_zz__MolLogP__LiPHEX_prediction,455,"{""feature_scale"": 0.125}",True,fidelity_gram_by_construction,hpo_representative,0.0
0.0,2.3,,pair_phase_no_zz__MolLogP__LiPHEX_prediction,453,"{""feature_scale"": 0.125}",True,fidelity_gram_by_construction,hpo_representative,0.0
0.0,2.4,,pair_phase_no_zz__MolLogP__LiPHEX_prediction,456,"{""feature_scale"": 0.125}",True,fidelity_gram_by_construction,hpo_representative,0.0
0.0,2.1,,pair_iqp_zz__MolLogP__LiPHEX_prediction,457,"{""feature_scale"": 0.125}",True,fidelity_gram_by_construction,hpo_representative,0.0
0.0,2.2,,pair_iqp_zz__MolLogP__LiPHEX_prediction,455,"{""feature_scale"": 0.125}",True,fidelity_gram_by_construction,hpo_representative,0.0
0.0,2.3,,pair_iqp_zz__MolLogP__LiPHEX_prediction,453,"{""feature_scale"": 0.125}",True,fidelity_gram_by_construction,hpo_representative,0.0
0.0,2.4,,pair_iqp_zz__MolLogP__LiPHEX_prediction,456,"{""feature_scale"": 0.125}",True,fidelity_gram_by_construction,hpo_representative,0.0
0.0,2.1,,pair_phase_no_zz__MolLogP__sasa002_frac_polar_hetero_only,457,"{""feature_scale"": 0.125}",True,fidelity_gram_by_construction,hpo_representative,0.0
0.0,2.2,,pair_phase_no_zz__MolLogP__sasa002_frac_polar_hetero_only,455,"{""feature_scale"": 0.125}",True,fidelity_gram_by_construction,hpo_representative,0.0
0.0,2.3,,pair_phase_no_zz__MolLogP__sasa002_frac_polar_hetero_only,453,"{""feature_scale"": 0.125}",True,fidelity_gram_by_construction,hpo_representative,0.0
0.0,2.4,,pair_phase_no_zz__MolLogP__sasa002_frac_polar_hetero_only,456,"{""feature_scale"": 0.125}",True,fidelity_gram_by_construction,hpo_representative,0.0
0.0,2.1,,pair_iqp_zz__MolLogP__sasa002_frac_polar_hetero_only,457,"{""feature_scale"": 0.125}",True,fidelity_gram_by_construction,hpo_representative,0.0
0.0,2.2,,pair_iqp_zz__MolLogP__sasa002_frac_polar_hetero_only,455,"{""feature_scale"": 0.125}",True,fidelity_gram_by_construction,hpo_representative,0.0
0.0,2.3,,pair_iqp_zz__MolLogP__sasa002_frac_polar_hetero_only,453,"{""feature_scale"": 0.125}",True,fidelity_gram_by_construction,hpo_representative,0.0
0.0,2.4,,pair_iqp_zz__MolLogP__sasa002_frac_polar_hetero_only,456,"{""feature_scale"": 0.125}",True,fidelity_gram_by_construction,hpo_representative,0.0
0.0,2.1,,pair_phase_no_zz__MolWt__TPSA_SP,457,"{""feature_scale"": 0.125}",True,fidelity_gram_by_construction,hpo_representative,0.0
0.0,2.2,,pair_phase_no_zz__MolWt__TPSA_SP,455,"{""feature_scale"": 0.125}",True,fidelity_gram_by_construction,hpo_representative,0.0
0.0,2.3,,pair_phase_no_zz__MolWt__TPSA_SP,453,"{""feature_scale"": 0.125}",True,fidelity_gram_by_construction,hpo_representative,0.0
0.0,2.4,,pair_phase_no_zz__MolWt__TPSA_SP,456,"{""feature_scale"": 0.125}",True,fidelity_gram_by_construction,hpo_representative,0.0
0.0,2.1,,pair_iqp_zz__MolWt__TPSA_SP,457,"{""feature_scale"": 0.125}",True,fidelity_gram_by_construction,hpo_representative,0.0
0.0,2.2,,pair_iqp_zz__MolWt__TPSA_SP,455,"{""feature_scale"": 0.125}",True,fidelity_gram_by_construction,hpo_representative,0.0
0.0,2.3,,pair_iqp_zz__MolWt__TPSA_SP,453,"{""feature_scale"": 0.125}",True,fidelity_gram_by_construction,hpo_representative,0.0
0.0,2.4,,pair_iqp_zz__MolWt__TPSA_SP,456,"{""feature_scale"": 0.125}",True,fidelity_gram_by_construction,hpo_representative,0.0
0.0,2.1,,pair_phase_no_zz__MolWt__NumHDonors,457,"{""feature_scale"": 0.125}",True,fidelity_gram_by_construction,hpo_representative,0.0
0.0,2.2,,pair_phase_no_zz__MolWt__NumHDonors,455,"{""feature_scale"": 0.125}",True,fidelity_gram_by_construction,hpo_representative,0.0
0.0,2.3,,pair_phase_no_zz__MolWt__NumHDonors,453,"{""feature_scale"": 0.125}",True,fidelity_gram_by_construction,hpo_representative,0.0
0.0,2.4,,pair_phase_no_zz__MolWt__NumHDonors,456,"{""feature_scale"": 0.125}",True,fidelity_gram_by_construction,hpo_representative,0.0
0.0,2.1,,pair_iqp_zz__MolWt__NumHDonors,457,"{""feature_scale"": 0.125}",True,fidelity_gram_by_construction,hpo_representative,0.0
0.0,2.2,,pair_iqp_zz__MolWt__NumHDonors,455,"{""feature_scale"": 0.125}",True,fidelity_gram_by_construction,hpo_representative,0.0
0.0,2.3,,pair_iqp_zz__MolWt__NumHDonors,453,"{""feature_scale"": 0.125}",True,fidelity_gram_by_construction,hpo_representative,0.0
0.0,2.4,,pair_iqp_zz__MolWt__NumHDonors,456,"{""feature_scale"": 0.125}",True,fidelity_gram_by_construction,hpo_representative,0.0
0.0,2.1,,pair_phase_no_zz__MolWt__NumRotatableBonds,457,"{""feature_scale"": 0.125}",True,fidelity_gram_by_construction,hpo_representative,0.0
0.0,2.2,,pair_phase_no_zz__MolWt__NumRotatableBonds,455,"{""feature_scale"": 0.125}",True,fidelity_gram_by_construction,hpo_representative,0.0
0.0,2.3,,pair_phase_no_zz__MolWt__NumRotatableBonds,453,"{""feature_scale"": 0.125}",True,fidelity_gram_by_construction,hpo_representative,0.0
0.0,2.4,,pair_phase_no_zz__MolWt__NumRotatableBonds,456,"{""feature_scale"": 0.125}",True,fidelity_gram_by_construction,hpo_representative,0.0
0.0,2.1,,pair_iqp_zz__MolWt__NumRotatableBonds,457,"{""feature_scale"": 0.125}",True,fidelity_gram_by_construction,hpo_representative,0.0
0.0,2.2,,pair_iqp_zz__MolWt__NumRotatableBonds,455,"{""feature_scale"": 0.125}",True,fidelity_gram_by_construction,hpo_representative,0.0
0.0,2.3,,pair_iqp_zz__MolWt__NumRotatableBonds,453,"{""feature_scale"": 0.125}",True,fidelity_gram_by_construction,hpo_representative,0.0
0.0,2.4,,pair_iqp_zz__MolWt__NumRotatableBonds,456,"{""feature_scale"": 0.125}",True,fidelity_gram_by_construction,hpo_representative,0.0
0.0,2.1,,pair_phase_no_zz__MolWt__NumAromaticRings,457,"{""feature_scale"": 0.125}",True,fidelity_gram_by_construction,hpo_representative,0.0
0.0,2.2,,pair_phase_no_zz__MolWt__NumAromaticRings,455,"{""feature_scale"": 0.125}",True,fidelity_gram_by_construction,hpo_representative,0.0
0.0,2.3,,pair_phase_no_zz__MolWt__NumAromaticRings,453,"{""feature_scale"": 0.125}",True,fidelity_gram_by_construction,hpo_representative,0.0
0.0,2.4,,pair_phase_no_zz__MolWt__NumAromaticRings,456,"{""feature_scale"": 0.125}",True,fidelity_gram_by_construction,hpo_representative,0.0
0.0,2.1,,pair_iqp_zz__MolWt__NumAromaticRings,457,"{""feature_scale"": 0.125}",True,fidelity_gram_by_construction,hpo_representative,0.0
0.0,2.2,,pair_iqp_zz__MolWt__NumAromaticRings,455,"{""feature_scale"": 0.125}",True,fidelity_gram_by_construction,hpo_representative,0.0
0.0,2.3,,pair_iqp_zz__MolWt__NumAromaticRings,453,"{""feature_scale"": 0.125}",True,fidelity_gram_by_construction,hpo_representative,0.0
0.0,2.4,,pair_iqp_zz__MolWt__NumAromaticRings,456,"{""feature_scale"": 0.125}",True,fidelity_gram_by_construction,hpo_representative,0.0
0.0,2.1,,pair_phase_no_zz__MolWt__nHalogen,457,"{""feature_scale"": 0.125}",True,fidelity_gram_by_construction,hpo_representative,0.0
0.0,2.2,,pair_phase_no_zz__MolWt__nHalogen,455,"{""feature_scale"": 0.125}",True,fidelity_gram_by_construction,hpo_representative,0.0
0.0,2.3,,pair_phase_no_zz__MolWt__nHalogen,453,"{""feature_scale"": 0.125}",True,fidelity_gram_by_construction,hpo_representative,0.0
0.0,2.4,,pair_phase_no_zz__MolWt__nHalogen,456,"{""feature_scale"": 0.125}",True,fidelity_gram_by_construction,hpo_representative,0.0
0.0,2.1,,pair_iqp_zz__MolWt__nHalogen,457,"{""feature_scale"": 0.125}",True,fidelity_gram_by_construction,hpo_representative,0.0
0.0,2.2,,pair_iqp_zz__MolWt__nHalogen,455,"{""feature_scale"": 0.125}",True,fidelity_gram_by_construction,hpo_representative,0.0
0.0,2.3,,pair_iqp_zz__MolWt__nHalogen,453,"{""feature_scale"": 0.125}",True,fidelity_gram_by_construction,hpo_representative,0.0
0.0,2.4,,pair_iqp_zz__MolWt__nHalogen,456,"{""feature_scale"": 0.125}",True,fidelity_gram_by_construction,hpo_representative,0.0
0.0,2.1,,pair_phase_no_zz__MolWt__n_OP,457,"{""feature_scale"": 0.125}",True,fidelity_gram_by_construction,hpo_representative,0.0
0.0,2.2,,pair_phase_no_zz__MolWt__n_OP,455,"{""feature_scale"": 0.125}",True,fidelity_gram_by_construction,hpo_representative,0.0
0.0,2.3,,pair_phase_no_zz__MolWt__n_OP,453,"{""feature_scale"": 0.125}",True,fidelity_gram_by_construction,hpo_representative,0.0
0.0,2.4,,pair_phase_no_zz__MolWt__n_OP,456,"{""feature_scale"": 0.125}",True,fidelity_gram_by_construction,hpo_representative,0.0
0.0,2.1,,pair_iqp_zz__MolWt__n_OP,457,"{""feature_scale"": 0.125}",True,fidelity_gram_by_construction,hpo_representative,0.0
0.0,2.2,,pair_iqp_zz__MolWt__n_OP,455,"{""feature_scale"": 0.125}",True,fidelity_gram_by_construction,hpo_representative,0.0
0.0,2.3,,pair_iqp_zz__MolWt__n_OP,453,"{""feature_scale"": 0.125}",True,fidelity_gram_by_construction,hpo_representative,0.0
0.0,2.4,,pair_iqp_zz__MolWt__n_OP,456,"{""feature_scale"": 0.125}",True,fidelity_gram_by_construction,hpo_representative,0.0
0.0,2.1,,pair_phase_no_zz__MolWt__LiPHEX_prediction,457,"{""feature_scale"": 0.125}",True,fidelity_gram_by_construction,hpo_representative,0.0
0.0,2.2,,pair_phase_no_zz__MolWt__LiPHEX_prediction,455,"{""feature_scale"": 0.125}",True,fidelity_gram_by_construction,hpo_representative,0.0
0.0,2.3,,pair_phase_no_zz__MolWt__LiPHEX_prediction,453,"{""feature_scale"": 0.125}",True,fidelity_gram_by_construction,hpo_representative,0.0
0.0,2.4,,pair_phase_no_zz__MolWt__LiPHEX_prediction,456,"{""feature_scale"": 0.125}",True,fidelity_gram_by_construction,hpo_representative,0.0
0.0,2.1,,pair_iqp_zz__MolWt__LiPHEX_prediction,457,"{""feature_scale"": 0.125}",True,fidelity_gram_by_construction,hpo_representative,0.0
0.0,2.2,,pair_iqp_zz__MolWt__LiPHEX_prediction,455,"{""feature_scale"": 0.125}",True,fidelity_gram_by_construction,hpo_representative,0.0
0.0,2.3,,pair_iqp_zz__MolWt__LiPHEX_prediction,453,"{""feature_scale"": 0.125}",True,fidelity_gram_by_construction,hpo_representative,0.0
0.0,2.4,,pair_iqp_zz__MolWt__LiPHEX_prediction,456,"{""feature_scale"": 0.125}",True,fidelity_gram_by_construction,hpo_representative,0.0
0.0,2.1,,pair_phase_no_zz__MolWt__sasa002_frac_polar_hetero_only,457,"{""feature_scale"": 0.125}",True,fidelity_gram_by_construction,hpo_representative,0.0
0.0,2.2,,pair_phase_no_zz__MolWt__sasa002_frac_polar_hetero_only,455,"{""feature_scale"": 0.125}",True,fidelity_gram_by_construction,hpo_representative,0.0
0.0,2.3,,pair_phase_no_zz__MolWt__sasa002_frac_polar_hetero_only,453,"{""feature_scale"": 0.125}",True,fidelity_gram_by_construction,hpo_representative,0.0
0.0,2.4,,pair_phase_no_zz__MolWt__sasa002_frac_polar_hetero_only,456,"{""feature_scale"": 0.125}",True,fidelity_gram_by_construction,hpo_representative,0.0
0.0,2.1,,pair_iqp_zz__MolWt__sasa002_frac_polar_hetero_only,457,"{""feature_scale"": 0.125}",True,fidelity_gram_by_construction,hpo_representative,0.0
0.0,2.2,,pair_iqp_zz__MolWt__sasa002_frac_polar_hetero_only,455,"{""feature_scale"": 0.125}",True,fidelity_gram_by_construction,hpo_representative,0.0
0.0,2.3,,pair_iqp_zz__MolWt__sasa002_frac_polar_hetero_only,453,"{""feature_scale"": 0.125}",True,fidelity_gram_by_construction,hpo_representative,0.0
0.0,2.4,,pair_iqp_zz__MolWt__sasa002_frac_polar_hetero_only,456,"{""feature_scale"": 0.125}",True,fidelity_gram_by_construction,hpo_representative,0.0
0.0,2.1,,pair_phase_no_zz__TPSA_SP__NumHDonors,457,"{""feature_scale"": 0.125}",True,fidelity_gram_by_construction,hpo_representative,0.0
0.0,2.2,,pair_phase_no_zz__TPSA_SP__NumHDonors,455,"{""feature_scale"": 0.125}",True,fidelity_gram_by_construction,hpo_representative,0.0
0.0,2.3,,pair_phase_no_zz__TPSA_SP__NumHDonors,453,"{""feature_scale"": 0.125}",True,fidelity_gram_by_construction,hpo_representative,0.0
0.0,2.4,,pair_phase_no_zz__TPSA_SP__NumHDonors,456,"{""feature_scale"": 0.125}",True,fidelity_gram_by_construction,hpo_representative,0.0
0.0,2.1,,pair_iqp_zz__TPSA_SP__NumHDonors,457,"{""feature_scale"": 0.125}",True,fidelity_gram_by_construction,hpo_representative,0.0
0.0,2.2,,pair_iqp_zz__TPSA_SP__NumHDonors,455,"{""feature_scale"": 0.125}",True,fidelity_gram_by_construction,hpo_representative,0.0
0.0,2.3,,pair_iqp_zz__TPSA_SP__NumHDonors,453,"{""feature_scale"": 0.125}",True,fidelity_gram_by_construction,hpo_representative,0.0
0.0,2.4,,pair_iqp_zz__TPSA_SP__NumHDonors,456,"{""feature_scale"": 0.125}",True,fidelity_gram_by_construction,hpo_representative,0.0
0.0,2.1,,pair_phase_no_zz__TPSA_SP__NumRotatableBonds,457,"{""feature_scale"": 0.125}",True,fidelity_gram_by_construction,hpo_representative,0.0
0.0,2.2,,pair_phase_no_zz__TPSA_SP__NumRotatableBonds,455,"{""feature_scale"": 0.125}",True,fidelity_gram_by_construction,hpo_representative,0.0
0.0,2.3,,pair_phase_no_zz__TPSA_SP__NumRotatableBonds,453,"{""feature_scale"": 0.125}",True,fidelity_gram_by_construction,hpo_representative,0.0
0.0,2.4,,pair_phase_no_zz__TPSA_SP__NumRotatableBonds,456,"{""feature_scale"": 0.125}",True,fidelity_gram_by_construction,hpo_representative,0.0
0.0,2.1,,pair_iqp_zz__TPSA_SP__NumRotatableBonds,457,"{""feature_scale"": 0.125}",True,fidelity_gram_by_construction,hpo_representative,0.0
0.0,2.2,,pair_iqp_zz__TPSA_SP__NumRotatableBonds,455,"{""feature_scale"": 0.125}",True,fidelity_gram_by_construction,hpo_representative,0.0
0.0,2.3,,pair_iqp_zz__TPSA_SP__NumRotatableBonds,453,"{""feature_scale"": 0.125}",True,fidelity_gram_by_construction,hpo_representative,0.0
0.0,2.4,,pair_iqp_zz__TPSA_SP__NumRotatableBonds,456,"{""feature_scale"": 0.125}",True,fidelity_gram_by_construction,hpo_representative,0.0
0.0,2.1,,pair_phase_no_zz__TPSA_SP__NumAromaticRings,457,"{""feature_scale"": 0.125}",True,fidelity_gram_by_construction,hpo_representative,0.0
0.0,2.2,,pair_phase_no_zz__TPSA_SP__NumAromaticRings,455,"{""feature_scale"": 0.125}",True,fidelity_gram_by_construction,hpo_representative,0.0
0.0,2.3,,pair_phase_no_zz__TPSA_SP__NumAromaticRings,453,"{""feature_scale"": 0.125}",True,fidelity_gram_by_construction,hpo_representative,0.0
0.0,2.4,,pair_phase_no_zz__TPSA_SP__NumAromaticRings,456,"{""feature_scale"": 0.125}",True,fidelity_gram_by_construction,hpo_representative,0.0
0.0,2.1,,pair_iqp_zz__TPSA_SP__NumAromaticRings,457,"{""feature_scale"": 0.125}",True,fidelity_gram_by_construction,hpo_representative,0.0
0.0,2.2,,pair_iqp_zz__TPSA_SP__NumAromaticRings,455,"{""feature_scale"": 0.125}",True,fidelity_gram_by_construction,hpo_representative,0.0
0.0,2.3,,pair_iqp_zz__TPSA_SP__NumAromaticRings,453,"{""feature_scale"": 0.125}",True,fidelity_gram_by_construction,hpo_representative,0.0
0.0,2.4,,pair_iqp_zz__TPSA_SP__NumAromaticRings,456,"{""feature_scale"": 0.125}",True,fidelity_gram_by_construction,hpo_representative,0.0
0.0,2.1,,pair_phase_no_zz__TPSA_SP__nHalogen,457,"{""feature_scale"": 0.125}",True,fidelity_gram_by_construction,hpo_representative,0.0
0.0,2.2,,pair_phase_no_zz__TPSA_SP__nHalogen,455,"{""feature_scale"": 0.125}",True,fidelity_gram_by_construction,hpo_representative,0.0
0.0,2.3,,pair_phase_no_zz__TPSA_SP__nHalogen,453,"{""feature_scale"": 0.125}",True,fidelity_gram_by_construction,hpo_representative,0.0
0.0,2.4,,pair_phase_no_zz__TPSA_SP__nHalogen,456,"{""feature_scale"": 0.125}",True,fidelity_gram_by_construction,hpo_representative,0.0
0.0,2.1,,pair_iqp_zz__TPSA_SP__nHalogen,457,"{""feature_scale"": 0.125}",True,fidelity_gram_by_construction,hpo_representative,0.0
0.0,2.2,,pair_iqp_zz__TPSA_SP__nHalogen,455,"{""feature_scale"": 0.125}",True,fidelity_gram_by_construction,hpo_representative,0.0
0.0,2.3,,pair_iqp_zz__TPSA_SP__nHalogen,453,"{""feature_scale"": 0.125}",True,fidelity_gram_by_construction,hpo_representative,0.0
0.0,2.4,,pair_iqp_zz__TPSA_SP__nHalogen,456,"{""feature_scale"": 0.125}",True,fidelity_gram_by_construction,hpo_representative,0.0
0.0,2.1,,pair_phase_no_zz__TPSA_SP__n_OP,457,"{""feature_scale"": 0.125}",True,fidelity_gram_by_construction,hpo_representative,0.0
0.0,2.2,,pair_phase_no_zz__TPSA_SP__n_OP,455,"{""feature_scale"": 0.125}",True,fidelity_gram_by_construction,hpo_representative,0.0
0.0,2.3,,pair_phase_no_zz__TPSA_SP__n_OP,453,"{""feature_scale"": 0.125}",True,fidelity_gram_by_construction,hpo_representative,0.0
0.0,2.4,,pair_phase_no_zz__TPSA_SP__n_OP,456,"{""feature_scale"": 0.125}",True,fidelity_gram_by_construction,hpo_representative,0.0
0.0,2.1,,pair_iqp_zz__TPSA_SP__n_OP,457,"{""feature_scale"": 0.125}",True,fidelity_gram_by_construction,hpo_representative,0.0
0.0,2.2,,pair_iqp_zz__TPSA_SP__n_OP,455,"{""feature_scale"": 0.125}",True,fidelity_gram_by_construction,hpo_representative,0.0
0.0,2.3,,pair_iqp_zz__TPSA_SP__n_OP,453,"{""feature_scale"": 0.125}",True,fidelity_gram_by_construction,hpo_representative,0.0
0.0,2.4,,pair_iqp_zz__TPSA_SP__n_OP,456,"{""feature_scale"": 0.125}",True,fidelity_gram_by_construction,hpo_representative,0.0
0.0,2.1,,pair_phase_no_zz__TPSA_SP__LiPHEX_prediction,457,"{""feature_scale"": 0.125}",True,fidelity_gram_by_construction,hpo_representative,0.0
0.0,2.2,,pair_phase_no_zz__TPSA_SP__LiPHEX_prediction,455,"{""feature_scale"": 0.125}",True,fidelity_gram_by_construction,hpo_representative,0.0
0.0,2.3,,pair_phase_no_zz__TPSA_SP__LiPHEX_prediction,453,"{""feature_scale"": 0.125}",True,fidelity_gram_by_construction,hpo_representative,0.0
0.0,2.4,,pair_phase_no_zz__TPSA_SP__LiPHEX_prediction,456,"{""feature_scale"": 0.125}",True,fidelity_gram_by_construction,hpo_representative,0.0
0.0,2.1,,pair_iqp_zz__TPSA_SP__LiPHEX_prediction,457,"{""feature_scale"": 0.125}",True,fidelity_gram_by_construction,hpo_representative,0.0
0.0,2.2,,pair_iqp_zz__TPSA_SP__LiPHEX_prediction,455,"{""feature_scale"": 0.125}",True,fidelity_gram_by_construction,hpo_representative,0.0
0.0,2.3,,pair_iqp_zz__TPSA_SP__LiPHEX_prediction,453,"{""feature_scale"": 0.125}",True,fidelity_gram_by_construction,hpo_representative,0.0
0.0,2.4,,pair_iqp_zz__TPSA_SP__LiPHEX_prediction,456,"{""feature_scale"": 0.125}",True,fidelity_gram_by_construction,hpo_representative,0.0
0.0,2.1,,pair_phase_no_zz__TPSA_SP__sasa002_frac_polar_hetero_only,457,"{""feature_scale"": 0.125}",True,fidelity_gram_by_construction,hpo_representative,0.0
0.0,2.2,,pair_phase_no_zz__TPSA_SP__sasa002_frac_polar_hetero_only,455,"{""feature_scale"": 0.125}",True,fidelity_gram_by_construction,hpo_representative,0.0
0.0,2.3,,pair_phase_no_zz__TPSA_SP__sasa002_frac_polar_hetero_only,453,"{""feature_scale"": 0.125}",True,fidelity_gram_by_construction,hpo_representative,0.0
0.0,2.4,,pair_phase_no_zz__TPSA_SP__sasa002_frac_polar_hetero_only,456,"{""feature_scale"": 0.125}",True,fidelity_gram_by_construction,hpo_representative,0.0
0.0,2.1,,pair_iqp_zz__TPSA_SP__sasa002_frac_polar_hetero_only,457,"{""feature_scale"": 0.125}",True,fidelity_gram_by_construction,hpo_representative,0.0
0.0,2.2,,pair_iqp_zz__TPSA_SP__sasa002_frac_polar_hetero_only,455,"{""feature_scale"": 0.125}",True,fidelity_gram_by_construction,hpo_representative,0.0
0.0,2.3,,pair_iqp_zz__TPSA_SP__sasa002_frac_polar_hetero_only,453,"{""feature_scale"": 0.125}",True,fidelity_gram_by_construction,hpo_representative,0.0
0.0,2.4,,pair_iqp_zz__TPSA_SP__sasa002_frac_polar_hetero_only,456,"{""feature_scale"": 0.125}",True,fidelity_gram_by_construction,hpo_representative,0.0
0.0,2.1,,pair_phase_no_zz__NumHDonors__NumRotatableBonds,457,"{""feature_scale"": 0.125}",True,fidelity_gram_by_construction,hpo_representative,0.0
0.0,2.2,,pair_phase_no_zz__NumHDonors__NumRotatableBonds,455,"{""feature_scale"": 0.125}",True,fidelity_gram_by_construction,hpo_representative,0.0
0.0,2.3,,pair_phase_no_zz__NumHDonors__NumRotatableBonds,453,"{""feature_scale"": 0.125}",True,fidelity_gram_by_construction,hpo_representative,0.0
0.0,2.4,,pair_phase_no_zz__NumHDonors__NumRotatableBonds,456,"{""feature_scale"": 0.125}",True,fidelity_gram_by_construction,hpo_representative,0.0
0.0,2.1,,pair_iqp_zz__NumHDonors__NumRotatableBonds,457,"{""feature_scale"": 0.125}",True,fidelity_gram_by_construction,hpo_representative,0.0
0.0,2.2,,pair_iqp_zz__NumHDonors__NumRotatableBonds,455,"{""feature_scale"": 0.125}",True,fidelity_gram_by_construction,hpo_representative,0.0
0.0,2.3,,pair_iqp_zz__NumHDonors__NumRotatableBonds,453,"{""feature_scale"": 0.125}",True,fidelity_gram_by_construction,hpo_representative,0.0
0.0,2.4,,pair_iqp_zz__NumHDonors__NumRotatableBonds,456,"{""feature_scale"": 0.125}",True,fidelity_gram_by_construction,hpo_representative,0.0
0.0,2.1,,pair_phase_no_zz__NumHDonors__NumAromaticRings,457,"{""feature_scale"": 0.125}",True,fidelity_gram_by_construction,hpo_representative,0.0
0.0,2.2,,pair_phase_no_zz__NumHDonors__NumAromaticRings,455,"{""feature_scale"": 0.125}",True,fidelity_gram_by_construction,hpo_representative,0.0
0.0,2.3,,pair_phase_no_zz__NumHDonors__NumAromaticRings,453,"{""feature_scale"": 0.125}",True,fidelity_gram_by_construction,hpo_representative,0.0
0.0,2.4,,pair_phase_no_zz__NumHDonors__NumAromaticRings,456,"{""feature_scale"": 0.125}",True,fidelity_gram_by_construction,hpo_representative,0.0
0.0,2.1,,pair_iqp_zz__NumHDonors__NumAromaticRings,457,"{""feature_scale"": 0.125}",True,fidelity_gram_by_construction,hpo_representative,0.0
0.0,2.2,,pair_iqp_zz__NumHDonors__NumAromaticRings,455,"{""feature_scale"": 0.125}",True,fidelity_gram_by_construction,hpo_representative,0.0
0.0,2.3,,pair_iqp_zz__NumHDonors__NumAromaticRings,453,"{""feature_scale"": 0.125}",True,fidelity_gram_by_construction,hpo_representative,0.0
0.0,2.4,,pair_iqp_zz__NumHDonors__NumAromaticRings,456,"{""feature_scale"": 0.125}",True,fidelity_gram_by_construction,hpo_representative,0.0
0.0,2.1,,pair_phase_no_zz__NumHDonors__nHalogen,457,"{""feature_scale"": 0.125}",True,fidelity_gram_by_construction,hpo_representative,0.0
0.0,2.2,,pair_phase_no_zz__NumHDonors__nHalogen,455,"{""feature_scale"": 0.125}",True,fidelity_gram_by_construction,hpo_representative,0.0
0.0,2.3,,pair_phase_no_zz__NumHDonors__nHalogen,453,"{""feature_scale"": 0.125}",True,fidelity_gram_by_construction,hpo_representative,0.0
0.0,2.4,,pair_phase_no_zz__NumHDonors__nHalogen,456,"{""feature_scale"": 0.125}",True,fidelity_gram_by_construction,hpo_representative,0.0
0.0,2.1,,pair_iqp_zz__NumHDonors__nHalogen,457,"{""feature_scale"": 0.125}",True,fidelity_gram_by_construction,hpo_representative,0.0
0.0,2.2,,pair_iqp_zz__NumHDonors__nHalogen,455,"{""feature_scale"": 0.125}",True,fidelity_gram_by_construction,hpo_representative,0.0
0.0,2.3,,pair_iqp_zz__NumHDonors__nHalogen,453,"{""feature_scale"": 0.125}",True,fidelity_gram_by_construction,hpo_representative,0.0
0.0,2.4,,pair_iqp_zz__NumHDonors__nHalogen,456,"{""feature_scale"": 0.125}",True,fidelity_gram_by_construction,hpo_representative,0.0
0.0,2.1,,pair_phase_no_zz__NumHDonors__n_OP,457,"{""feature_scale"": 0.125}",True,fidelity_gram_by_construction,hpo_representative,0.0
0.0,2.2,,pair_phase_no_zz__NumHDonors__n_OP,455,"{""feature_scale"": 0.125}",True,fidelity_gram_by_construction,hpo_representative,0.0
0.0,2.3,,pair_phase_no_zz__NumHDonors__n_OP,453,"{""feature_scale"": 0.125}",True,fidelity_gram_by_construction,hpo_representative,0.0
0.0,2.4,,pair_phase_no_zz__NumHDonors__n_OP,456,"{""feature_scale"": 0.125}",True,fidelity_gram_by_construction,hpo_representative,0.0
0.0,2.1,,pair_iqp_zz__NumHDonors__n_OP,457,"{""feature_scale"": 0.125}",True,fidelity_gram_by_construction,hpo_representative,0.0
0.0,2.2,,pair_iqp_zz__NumHDonors__n_OP,455,"{""feature_scale"": 0.125}",True,fidelity_gram_by_construction,hpo_representative,0.0
0.0,2.3,,pair_iqp_zz__NumHDonors__n_OP,453,"{""feature_scale"": 0.125}",True,fidelity_gram_by_construction,hpo_representative,0.0
0.0,2.4,,pair_iqp_zz__NumHDonors__n_OP,456,"{""feature_scale"": 0.125}",True,fidelity_gram_by_construction,hpo_representative,0.0
0.0,2.1,,pair_phase_no_zz__NumHDonors__LiPHEX_prediction,457,"{""feature_scale"": 0.125}",True,fidelity_gram_by_construction,hpo_representative,0.0
0.0,2.2,,pair_phase_no_zz__NumHDonors__LiPHEX_prediction,455,"{""feature_scale"": 0.125}",True,fidelity_gram_by_construction,hpo_representative,0.0
0.0,2.3,,pair_phase_no_zz__NumHDonors__LiPHEX_prediction,453,"{""feature_scale"": 0.125}",True,fidelity_gram_by_construction,hpo_representative,0.0
0.0,2.4,,pair_phase_no_zz__NumHDonors__LiPHEX_prediction,456,"{""feature_scale"": 0.125}",True,fidelity_gram_by_construction,hpo_representative,0.0
0.0,2.1,,pair_iqp_zz__NumHDonors__LiPHEX_prediction,457,"{""feature_scale"": 0.125}",True,fidelity_gram_by_construction,hpo_representative,0.0
0.0,2.2,,pair_iqp_zz__NumHDonors__LiPHEX_prediction,455,"{""feature_scale"": 0.125}",True,fidelity_gram_by_construction,hpo_representative,0.0
0.0,2.3,,pair_iqp_zz__NumHDonors__LiPHEX_prediction,453,"{""feature_scale"": 0.125}",True,fidelity_gram_by_construction,hpo_representative,0.0
0.0,2.4,,pair_iqp_zz__NumHDonors__LiPHEX_prediction,456,"{""feature_scale"": 0.125}",True,fidelity_gram_by_construction,hpo_representative,0.0
0.0,2.1,,pair_phase_no_zz__NumHDonors__sasa002_frac_polar_hetero_only,457,"{""feature_scale"": 0.125}",True,fidelity_gram_by_construction,hpo_representative,0.0
0.0,2.2,,pair_phase_no_zz__NumHDonors__sasa002_frac_polar_hetero_only,455,"{""feature_scale"": 0.125}",True,fidelity_gram_by_construction,hpo_representative,0.0
0.0,2.3,,pair_phase_no_zz__NumHDonors__sasa002_frac_polar_hetero_only,453,"{""feature_scale"": 0.125}",True,fidelity_gram_by_construction,hpo_representative,0.0
0.0,2.4,,pair_phase_no_zz__NumHDonors__sasa002_frac_polar_hetero_only,456,"{""feature_scale"": 0.125}",True,fidelity_gram_by_construction,hpo_representative,0.0
0.0,2.1,,pair_iqp_zz__NumHDonors__sasa002_frac_polar_hetero_only,457,"{""feature_scale"": 0.125}",True,fidelity_gram_by_construction,hpo_representative,0.0
0.0,2.2,,pair_iqp_zz__NumHDonors__sasa002_frac_polar_hetero_only,455,"{""feature_scale"": 0.125}",True,fidelity_gram_by_construction,hpo_representative,0.0
0.0,2.3,,pair_iqp_zz__NumHDonors__sasa002_frac_polar_hetero_only,453,"{""feature_scale"": 0.125}",True,fidelity_gram_by_construction,hpo_representative,0.0
0.0,2.4,,pair_iqp_zz__NumHDonors__sasa002_frac_polar_hetero_only,456,"{""feature_scale"": 0.125}",True,fidelity_gram_by_construction,hpo_representative,0.0
0.0,2.1,,pair_phase_no_zz__NumRotatableBonds__NumAromaticRings,457,"{""feature_scale"": 0.125}",True,fidelity_gram_by_construction,hpo_representative,0.0
0.0,2.2,,pair_phase_no_zz__NumRotatableBonds__NumAromaticRings,455,"{""feature_scale"": 0.125}",True,fidelity_gram_by_construction,hpo_representative,0.0
0.0,2.3,,pair_phase_no_zz__NumRotatableBonds__NumAromaticRings,453,"{""feature_scale"": 0.125}",True,fidelity_gram_by_construction,hpo_representative,0.0
0.0,2.4,,pair_phase_no_zz__NumRotatableBonds__NumAromaticRings,456,"{""feature_scale"": 0.125}",True,fidelity_gram_by_construction,hpo_representative,0.0
0.0,2.1,,pair_iqp_zz__NumRotatableBonds__NumAromaticRings,457,"{""feature_scale"": 0.125}",True,fidelity_gram_by_construction,hpo_representative,0.0
0.0,2.2,,pair_iqp_zz__NumRotatableBonds__NumAromaticRings,455,"{""feature_scale"": 0.125}",True,fidelity_gram_by_construction,hpo_representative,0.0
0.0,2.3,,pair_iqp_zz__NumRotatableBonds__NumAromaticRings,453,"{""feature_scale"": 0.125}",True,fidelity_gram_by_construction,hpo_representative,0.0
0.0,2.4,,pair_iqp_zz__NumRotatableBonds__NumAromaticRings,456,"{""feature_scale"": 0.125}",True,fidelity_gram_by_construction,hpo_representative,0.0
0.0,2.1,,pair_phase_no_zz__NumRotatableBonds__nHalogen,457,"{""feature_scale"": 0.125}",True,fidelity_gram_by_construction,hpo_representative,0.0
0.0,2.2,,pair_phase_no_zz__NumRotatableBonds__nHalogen,455,"{""feature_scale"": 0.125}",True,fidelity_gram_by_construction,hpo_representative,0.0
0.0,2.3,,pair_phase_no_zz__NumRotatableBonds__nHalogen,453,"{""feature_scale"": 0.125}",True,fidelity_gram_by_construction,hpo_representative,0.0
0.0,2.4,,pair_phase_no_zz__NumRotatableBonds__nHalogen,456,"{""feature_scale"": 0.125}",True,fidelity_gram_by_construction,hpo_representative,0.0
0.0,2.1,,pair_iqp_zz__NumRotatableBonds__nHalogen,457,"{""feature_scale"": 0.125}",True,fidelity_gram_by_construction,hpo_representative,0.0
0.0,2.2,,pair_iqp_zz__NumRotatableBonds__nHalogen,455,"{""feature_scale"": 0.125}",True,fidelity_gram_by_construction,hpo_representative,0.0
0.0,2.3,,pair_iqp_zz__NumRotatableBonds__nHalogen,453,"{""feature_scale"": 0.125}",True,fidelity_gram_by_construction,hpo_representative,0.0
0.0,2.4,,pair_iqp_zz__NumRotatableBonds__nHalogen,456,"{""feature_scale"": 0.125}",True,fidelity_gram_by_construction,hpo_representative,0.0
0.0,2.1,,pair_phase_no_zz__NumRotatableBonds__n_OP,457,"{""feature_scale"": 0.125}",True,fidelity_gram_by_construction,hpo_representative,0.0
0.0,2.2,,pair_phase_no_zz__NumRotatableBonds__n_OP,455,"{""feature_scale"": 0.125}",True,fidelity_gram_by_construction,hpo_representative,0.0
0.0,2.3,,pair_phase_no_zz__NumRotatableBonds__n_OP,453,"{""feature_scale"": 0.125}",True,fidelity_gram_by_construction,hpo_representative,0.0
0.0,2.4,,pair_phase_no_zz__NumRotatableBonds__n_OP,456,"{""feature_scale"": 0.125}",True,fidelity_gram_by_construction,hpo_representative,0.0
0.0,2.1,,pair_iqp_zz__NumRotatableBonds__n_OP,457,"{""feature_scale"": 0.125}",True,fidelity_gram_by_construction,hpo_representative,0.0
0.0,2.2,,pair_iqp_zz__NumRotatableBonds__n_OP,455,"{""feature_scale"": 0.125}",True,fidelity_gram_by_construction,hpo_representative,0.0
0.0,2.3,,pair_iqp_zz__NumRotatableBonds__n_OP,453,"{""feature_scale"": 0.125}",True,fidelity_gram_by_construction,hpo_representative,0.0
0.0,2.4,,pair_iqp_zz__NumRotatableBonds__n_OP,456,"{""feature_scale"": 0.125}",True,fidelity_gram_by_construction,hpo_representative,0.0
0.0,2.1,,pair_phase_no_zz__NumRotatableBonds__LiPHEX_prediction,457,"{""feature_scale"": 0.125}",True,fidelity_gram_by_construction,hpo_representative,0.0
0.0,2.2,,pair_phase_no_zz__NumRotatableBonds__LiPHEX_prediction,455,"{""feature_scale"": 0.125}",True,fidelity_gram_by_construction,hpo_representative,0.0
0.0,2.3,,pair_phase_no_zz__NumRotatableBonds__LiPHEX_prediction,453,"{""feature_scale"": 0.125}",True,fidelity_gram_by_construction,hpo_representative,0.0
0.0,2.4,,pair_phase_no_zz__NumRotatableBonds__LiPHEX_prediction,456,"{""feature_scale"": 0.125}",True,fidelity_gram_by_construction,hpo_representative,0.0
0.0,2.1,,pair_iqp_zz__NumRotatableBonds__LiPHEX_prediction,457,"{""feature_scale"": 0.125}",True,fidelity_gram_by_construction,hpo_representative,0.0
0.0,2.2,,pair_iqp_zz__NumRotatableBonds__LiPHEX_prediction,455,"{""feature_scale"": 0.125}",True,fidelity_gram_by_construction,hpo_representative,0.0
0.0,2.3,,pair_iqp_zz__NumRotatableBonds__LiPHEX_prediction,453,"{""feature_scale"": 0.125}",True,fidelity_gram_by_construction,hpo_representative,0.0
0.0,2.4,,pair_iqp_zz__NumRotatableBonds__LiPHEX_prediction,456,"{""feature_scale"": 0.125}",True,fidelity_gram_by_construction,hpo_representative,0.0
0.0,2.1,,pair_phase_no_zz__NumRotatableBonds__sasa002_frac_polar_hetero_only,457,"{""feature_scale"": 0.125}",True,fidelity_gram_by_construction,hpo_representative,0.0
0.0,2.2,,pair_phase_no_zz__NumRotatableBonds__sasa002_frac_polar_hetero_only,455,"{""feature_scale"": 0.125}",True,fidelity_gram_by_construction,hpo_representative,0.0
0.0,2.3,,pair_phase_no_zz__NumRotatableBonds__sasa002_frac_polar_hetero_only,453,"{""feature_scale"": 0.125}",True,fidelity_gram_by_construction,hpo_representative,0.0
0.0,2.4,,pair_phase_no_zz__NumRotatableBonds__sasa002_frac_polar_hetero_only,456,"{""feature_scale"": 0.125}",True,fidelity_gram_by_construction,hpo_representative,0.0
0.0,2.1,,pair_iqp_zz__NumRotatableBonds__sasa002_frac_polar_hetero_only,457,"{""feature_scale"": 0.125}",True,fidelity_gram_by_construction,hpo_representative,0.0
0.0,2.2,,pair_iqp_zz__NumRotatableBonds__sasa002_frac_polar_hetero_only,455,"{""feature_scale"": 0.125}",True,fidelity_gram_by_construction,hpo_representative,0.0
0.0,2.3,,pair_iqp_zz__NumRotatableBonds__sasa002_frac_polar_hetero_only,453,"{""feature_scale"": 0.125}",True,fidelity_gram_by_construction,hpo_representative,0.0
0.0,2.4,,pair_iqp_zz__NumRotatableBonds__sasa002_frac_polar_hetero_only,456,"{""feature_scale"": 0.125}",True,fidelity_gram_by_construction,hpo_representative,0.0
0.0,2.1,,pair_phase_no_zz__NumAromaticRings__nHalogen,457,"{""feature_scale"": 0.125}",True,fidelity_gram_by_construction,hpo_representative,0.0
0.0,2.2,,pair_phase_no_zz__NumAromaticRings__nHalogen,455,"{""feature_scale"": 0.125}",True,fidelity_gram_by_construction,hpo_representative,0.0
0.0,2.3,,pair_phase_no_zz__NumAromaticRings__nHalogen,453,"{""feature_scale"": 0.125}",True,fidelity_gram_by_construction,hpo_representative,0.0
0.0,2.4,,pair_phase_no_zz__NumAromaticRings__nHalogen,456,"{""feature_scale"": 0.125}",True,fidelity_gram_by_construction,hpo_representative,0.0
0.0,2.1,,pair_iqp_zz__NumAromaticRings__nHalogen,457,"{""feature_scale"": 0.125}",True,fidelity_gram_by_construction,hpo_representative,0.0
0.0,2.2,,pair_iqp_zz__NumAromaticRings__nHalogen,455,"{""feature_scale"": 0.125}",True,fidelity_gram_by_construction,hpo_representative,0.0
0.0,2.3,,pair_iqp_zz__NumAromaticRings__nHalogen,453,"{""feature_scale"": 0.125}",True,fidelity_gram_by_construction,hpo_representative,0.0
0.0,2.4,,pair_iqp_zz__NumAromaticRings__nHalogen,456,"{""feature_scale"": 0.125}",True,fidelity_gram_by_construction,hpo_representative,0.0
0.0,2.1,,pair_phase_no_zz__NumAromaticRings__n_OP,457,"{""feature_scale"": 0.125}",True,fidelity_gram_by_construction,hpo_representative,0.0
0.0,2.2,,pair_phase_no_zz__NumAromaticRings__n_OP,455,"{""feature_scale"": 0.125}",True,fidelity_gram_by_construction,hpo_representative,0.0
0.0,2.3,,pair_phase_no_zz__NumAromaticRings__n_OP,453,"{""feature_scale"": 0.125}",True,fidelity_gram_by_construction,hpo_representative,0.0
0.0,2.4,,pair_phase_no_zz__NumAromaticRings__n_OP,456,"{""feature_scale"": 0.125}",True,fidelity_gram_by_construction,hpo_representative,0.0
0.0,2.1,,pair_iqp_zz__NumAromaticRings__n_OP,457,"{""feature_scale"": 0.125}",True,fidelity_gram_by_construction,hpo_representative,0.0
0.0,2.2,,pair_iqp_zz__NumAromaticRings__n_OP,455,"{""feature_scale"": 0.125}",True,fidelity_gram_by_construction,hpo_representative,0.0
0.0,2.3,,pair_iqp_zz__NumAromaticRings__n_OP,453,"{""feature_scale"": 0.125}",True,fidelity_gram_by_construction,hpo_representative,0.0
0.0,2.4,,pair_iqp_zz__NumAromaticRings__n_OP,456,"{""feature_scale"": 0.125}",True,fidelity_gram_by_construction,hpo_representative,0.0
0.0,2.1,,pair_phase_no_zz__NumAromaticRings__LiPHEX_prediction,457,"{""feature_scale"": 0.125}",True,fidelity_gram_by_construction,hpo_representative,0.0
0.0,2.2,,pair_phase_no_zz__NumAromaticRings__LiPHEX_prediction,455,"{""feature_scale"": 0.125}",True,fidelity_gram_by_construction,hpo_representative,0.0
0.0,2.3,,pair_phase_no_zz__NumAromaticRings__LiPHEX_prediction,453,"{""feature_scale"": 0.125}",True,fidelity_gram_by_construction,hpo_representative,0.0
0.0,2.4,,pair_phase_no_zz__NumAromaticRings__LiPHEX_prediction,456,"{""feature_scale"": 0.125}",True,fidelity_gram_by_construction,hpo_representative,0.0
0.0,2.1,,pair_iqp_zz__NumAromaticRings__LiPHEX_prediction,457,"{""feature_scale"": 0.125}",True,fidelity_gram_by_construction,hpo_representative,0.0
0.0,2.2,,pair_iqp_zz__NumAromaticRings__LiPHEX_prediction,455,"{""feature_scale"": 0.125}",True,fidelity_gram_by_construction,hpo_representative,0.0
0.0,2.3,,pair_iqp_zz__NumAromaticRings__LiPHEX_prediction,453,"{""feature_scale"": 0.125}",True,fidelity_gram_by_construction,hpo_representative,0.0
0.0,2.4,,pair_iqp_zz__NumAromaticRings__LiPHEX_prediction,456,"{""feature_scale"": 0.125}",True,fidelity_gram_by_construction,hpo_representative,0.0
0.0,2.1,,pair_phase_no_zz__NumAromaticRings__sasa002_frac_polar_hetero_only,457,"{""feature_scale"": 0.125}",True,fidelity_gram_by_construction,hpo_representative,0.0
0.0,2.2,,pair_phase_no_zz__NumAromaticRings__sasa002_frac_polar_hetero_only,455,"{""feature_scale"": 0.125}",True,fidelity_gram_by_construction,hpo_representative,0.0
0.0,2.3,,pair_phase_no_zz__NumAromaticRings__sasa002_frac_polar_hetero_only,453,"{""feature_scale"": 0.125}",True,fidelity_gram_by_construction,hpo_representative,0.0
0.0,2.4,,pair_phase_no_zz__NumAromaticRings__sasa002_frac_polar_hetero_only,456,"{""feature_scale"": 0.125}",True,fidelity_gram_by_construction,hpo_representative,0.0
0.0,2.1,,pair_iqp_zz__NumAromaticRings__sasa002_frac_polar_hetero_only,457,"{""feature_scale"": 0.125}",True,fidelity_gram_by_construction,hpo_representative,0.0
0.0,2.2,,pair_iqp_zz__NumAromaticRings__sasa002_frac_polar_hetero_only,455,"{""feature_scale"": 0.125}",True,fidelity_gram_by_construction,hpo_representative,0.0
0.0,2.3,,pair_iqp_zz__NumAromaticRings__sasa002_frac_polar_hetero_only,453,"{""feature_scale"": 0.125}",True,fidelity_gram_by_construction,hpo_representative,0.0
0.0,2.4,,pair_iqp_zz__NumAromaticRings__sasa002_frac_polar_hetero_only,456,"{""feature_scale"": 0.125}",True,fidelity_gram_by_construction,hpo_representative,0.0
0.0,2.1,,pair_phase_no_zz__nHalogen__n_OP,457,"{""feature_scale"": 0.125}",True,fidelity_gram_by_construction,hpo_representative,0.0
0.0,2.2,,pair_phase_no_zz__nHalogen__n_OP,455,"{""feature_scale"": 0.125}",True,fidelity_gram_by_construction,hpo_representative,0.0
0.0,2.3,,pair_phase_no_zz__nHalogen__n_OP,453,"{""feature_scale"": 0.125}",True,fidelity_gram_by_construction,hpo_representative,0.0
0.0,2.4,,pair_phase_no_zz__nHalogen__n_OP,456,"{""feature_scale"": 0.125}",True,fidelity_gram_by_construction,hpo_representative,0.0
0.0,2.1,,pair_iqp_zz__nHalogen__n_OP,457,"{""feature_scale"": 0.125}",True,fidelity_gram_by_construction,hpo_representative,0.0
0.0,2.2,,pair_iqp_zz__nHalogen__n_OP,455,"{""feature_scale"": 0.125}",True,fidelity_gram_by_construction,hpo_representative,0.0
0.0,2.3,,pair_iqp_zz__nHalogen__n_OP,453,"{""feature_scale"": 0.125}",True,fidelity_gram_by_construction,hpo_representative,0.0
0.0,2.4,,pair_iqp_zz__nHalogen__n_OP,456,"{""feature_scale"": 0.125}",True,fidelity_gram_by_construction,hpo_representative,0.0
0.0,2.1,,pair_phase_no_zz__nHalogen__LiPHEX_prediction,457,"{""feature_scale"": 0.125}",True,fidelity_gram_by_construction,hpo_representative,0.0
0.0,2.2,,pair_phase_no_zz__nHalogen__LiPHEX_prediction,455,"{""feature_scale"": 0.125}",True,fidelity_gram_by_construction,hpo_representative,0.0
0.0,2.3,,pair_phase_no_zz__nHalogen__LiPHEX_prediction,453,"{""feature_scale"": 0.125}",True,fidelity_gram_by_construction,hpo_representative,0.0
0.0,2.4,,pair_phase_no_zz__nHalogen__LiPHEX_prediction,456,"{""feature_scale"": 0.125}",True,fidelity_gram_by_construction,hpo_representative,0.0
0.0,2.1,,pair_iqp_zz__nHalogen__LiPHEX_prediction,457,"{""feature_scale"": 0.125}",True,fidelity_gram_by_construction,hpo_representative,0.0
0.0,2.2,,pair_iqp_zz__nHalogen__LiPHEX_prediction,455,"{""feature_scale"": 0.125}",True,fidelity_gram_by_construction,hpo_representative,0.0
0.0,2.3,,pair_iqp_zz__nHalogen__LiPHEX_prediction,453,"{""feature_scale"": 0.125}",True,fidelity_gram_by_construction,hpo_representative,0.0
0.0,2.4,,pair_iqp_zz__nHalogen__LiPHEX_prediction,456,"{""feature_scale"": 0.125}",True,fidelity_gram_by_construction,hpo_representative,0.0
0.0,2.1,,pair_phase_no_zz__nHalogen__sasa002_frac_polar_hetero_only,457,"{""feature_scale"": 0.125}",True,fidelity_gram_by_construction,hpo_representative,0.0
0.0,2.2,,pair_phase_no_zz__nHalogen__sasa002_frac_polar_hetero_only,455,"{""feature_scale"": 0.125}",True,fidelity_gram_by_construction,hpo_representative,0.0
0.0,2.3,,pair_phase_no_zz__nHalogen__sasa002_frac_polar_hetero_only,453,"{""feature_scale"": 0.125}",True,fidelity_gram_by_construction,hpo_representative,0.0
0.0,2.4,,pair_phase_no_zz__nHalogen__sasa002_frac_polar_hetero_only,456,"{""feature_scale"": 0.125}",True,fidelity_gram_by_construction,hpo_representative,0.0
0.0,2.1,,pair_iqp_zz__nHalogen__sasa002_frac_polar_hetero_only,457,"{""feature_scale"": 0.125}",True,fidelity_gram_by_construction,hpo_representative,0.0
0.0,2.2,,pair_iqp_zz__nHalogen__sasa002_frac_polar_hetero_only,455,"{""feature_scale"": 0.125}",True,fidelity_gram_by_construction,hpo_representative,0.0
0.0,2.3,,pair_iqp_zz__nHalogen__sasa002_frac_polar_hetero_only,453,"{""feature_scale"": 0.125}",True,fidelity_gram_by_construction,hpo_representative,0.0
0.0,2.4,,pair_iqp_zz__nHalogen__sasa002_frac_polar_hetero_only,456,"{""feature_scale"": 0.125}",True,fidelity_gram_by_construction,hpo_representative,0.0
0.0,2.1,,pair_phase_no_zz__n_OP__LiPHEX_prediction,457,"{""feature_scale"": 0.125}",True,fidelity_gram_by_construction,hpo_representative,0.0
0.0,2.2,,pair_phase_no_zz__n_OP__LiPHEX_prediction,455,"{""feature_scale"": 0.125}",True,fidelity_gram_by_construction,hpo_representative,0.0
0.0,2.3,,pair_phase_no_zz__n_OP__LiPHEX_prediction,453,"{""feature_scale"": 0.125}",True,fidelity_gram_by_construction,hpo_representative,0.0
0.0,2.4,,pair_phase_no_zz__n_OP__LiPHEX_prediction,456,"{""feature_scale"": 0.125}",True,fidelity_gram_by_construction,hpo_representative,0.0
0.0,2.1,,pair_iqp_zz__n_OP__LiPHEX_prediction,457,"{""feature_scale"": 0.125}",True,fidelity_gram_by_construction,hpo_representative,0.0
0.0,2.2,,pair_iqp_zz__n_OP__LiPHEX_prediction,455,"{""feature_scale"": 0.125}",True,fidelity_gram_by_construction,hpo_representative,0.0
0.0,2.3,,pair_iqp_zz__n_OP__LiPHEX_prediction,453,"{""feature_scale"": 0.125}",True,fidelity_gram_by_construction,hpo_representative,0.0
0.0,2.4,,pair_iqp_zz__n_OP__LiPHEX_prediction,456,"{""feature_scale"": 0.125}",True,fidelity_gram_by_construction,hpo_representative,0.0
0.0,2.1,,pair_phase_no_zz__n_OP__sasa002_frac_polar_hetero_only,457,"{""feature_scale"": 0.125}",True,fidelity_gram_by_construction,hpo_representative,0.0
0.0,2.2,,pair_phase_no_zz__n_OP__sasa002_frac_polar_hetero_only,455,"{""feature_scale"": 0.125}",True,fidelity_gram_by_construction,hpo_representative,0.0
0.0,2.3,,pair_phase_no_zz__n_OP__sasa002_frac_polar_hetero_only,453,"{""feature_scale"": 0.125}",True,fidelity_gram_by_construction,hpo_representative,0.0
0.0,2.4,,pair_phase_no_zz__n_OP__sasa002_frac_polar_hetero_only,456,"{""feature_scale"": 0.125}",True,fidelity_gram_by_construction,hpo_representative,0.0
0.0,2.1,,pair_iqp_zz__n_OP__sasa002_frac_polar_hetero_only,457,"{""feature_scale"": 0.125}",True,fidelity_gram_by_construction,hpo_representative,0.0
0.0,2.2,,pair_iqp_zz__n_OP__sasa002_frac_polar_hetero_only,455,"{""feature_scale"": 0.125}",True,fidelity_gram_by_construction,hpo_representative,0.0
0.0,2.3,,pair_iqp_zz__n_OP__sasa002_frac_polar_hetero_only,453,"{""feature_scale"": 0.125}",True,fidelity_gram_by_construction,hpo_representative,0.0
0.0,2.4,,pair_iqp_zz__n_OP__sasa002_frac_polar_hetero_only,456,"{""feature_scale"": 0.125}",True,fidelity_gram_by_construction,hpo_representative,0.0
0.0,2.1,,pair_phase_no_zz__LiPHEX_prediction__sasa002_frac_polar_hetero_only,457,"{""feature_scale"": 0.125}",True,fidelity_gram_by_construction,hpo_representative,0.0
0.0,2.2,,pair_phase_no_zz__LiPHEX_prediction__sasa002_frac_polar_hetero_only,455,"{""feature_scale"": 0.125}",True,fidelity_gram_by_construction,hpo_representative,0.0
0.0,2.3,,pair_phase_no_zz__LiPHEX_prediction__sasa002_frac_polar_hetero_only,453,"{""feature_scale"": 0.125}",True,fidelity_gram_by_construction,hpo_representative,0.0
0.0,2.4,,pair_phase_no_zz__LiPHEX_prediction__sasa002_frac_polar_hetero_only,456,"{""feature_scale"": 0.125}",True,fidelity_gram_by_construction,hpo_representative,0.0
0.0,2.1,,pair_iqp_zz__LiPHEX_prediction__sasa002_frac_polar_hetero_only,457,"{""feature_scale"": 0.125}",True,fidelity_gram_by_construction,hpo_representative,0.0
0.0,2.2,,pair_iqp_zz__LiPHEX_prediction__sasa002_frac_polar_hetero_only,455,"{""feature_scale"": 0.125}",True,fidelity_gram_by_construction,hpo_representative,0.0
0.0,2.3,,pair_iqp_zz__LiPHEX_prediction__sasa002_frac_polar_hetero_only,453,"{""feature_scale"": 0.125}",True,fidelity_gram_by_construction,hpo_representative,0.0
0.0,2.4,,pair_iqp_zz__LiPHEX_prediction__sasa002_frac_polar_hetero_only,456,"{""feature_scale"": 0.125}",True,fidelity_gram_by_construction,hpo_representative,0.0
0.0,2.1,,current_order_10q,457,"{""feature_scale"": 0.125}",True,fidelity_gram_by_construction,hpo_representative,0.0
0.0,2.2,,current_order_10q,455,"{""feature_scale"": 0.125}",True,fidelity_gram_by_construction,hpo_representative,0.0
0.0,2.3,,current_order_10q,453,"{""feature_scale"": 0.125}",True,fidelity_gram_by_construction,hpo_representative,0.0
0.0,2.4,,current_order_10q,456,"{""feature_scale"": 0.125}",True,fidelity_gram_by_construction,hpo_representative,0.0
0.0,2,8.043800379600686e-17,current_order_10q,607,"{""C"": 1.0, ""feature_scale"": 0.125}",True,numeric,outer_fit,0.0
0.0,2.1,,max_synergy_path_10q,457,"{""feature_scale"": 0.125}",True,fidelity_gram_by_construction,hpo_representative,0.0
0.0,2.2,,max_synergy_path_10q,455,"{""feature_scale"": 0.125}",True,fidelity_gram_by_construction,hpo_representative,0.0
0.0,2.3,,max_synergy_path_10q,453,"{""feature_scale"": 0.125}",True,fidelity_gram_by_construction,hpo_representative,0.0
0.0,2.4,,max_synergy_path_10q,456,"{""feature_scale"": 0.125}",True,fidelity_gram_by_construction,hpo_representative,0.0
0.0,2,4.406779168959389e-17,max_synergy_path_10q,607,"{""C"": 1.0, ""feature_scale"": 0.125}",True,numeric,outer_fit,0.0
0.0,2.1,,stable_synergy_path_10q,457,"{""feature_scale"": 0.125}",True,fidelity_gram_by_construction,hpo_representative,0.0
0.0,2.2,,stable_synergy_path_10q,455,"{""feature_scale"": 0.125}",True,fidelity_gram_by_construction,hpo_representative,0.0
0.0,2.3,,stable_synergy_path_10q,453,"{""feature_scale"": 0.125}",True,fidelity_gram_by_construction,hpo_representative,0.0
0.0,2.4,,stable_synergy_path_10q,456,"{""feature_scale"": 0.125}",True,fidelity_gram_by_construction,hpo_representative,0.0
0.0,2,-5.306106275854788e-17,stable_synergy_path_10q,607,"{""C"": 1.0, ""feature_scale"": 0.125}",True,numeric,outer_fit,0.0
0.0,2.1,,current_order_20q_duplicate,457,"{""feature_scale"": 0.125}",True,fidelity_gram_by_construction,hpo_representative,0.0
0.0,2.2,,current_order_20q_duplicate,455,"{""feature_scale"": 0.125}",True,fidelity_gram_by_construction,hpo_representative,0.0
0.0,2.3,,current_order_20q_duplicate,453,"{""feature_scale"": 0.125}",True,fidelity_gram_by_construction,hpo_representative,0.0
0.0,2.4,,current_order_20q_duplicate,456,"{""feature_scale"": 0.125}",True,fidelity_gram_by_construction,hpo_representative,0.0
0.0,2,2.701974965452172e-16,current_order_20q_duplicate,607,"{""C"": 1.0, ""feature_scale"": 0.125}",True,numeric,outer_fit,0.0
0.0,2.1,,current_order_20q_complementary,457,"{""feature_scale"": 0.125}",True,fidelity_gram_by_construction,hpo_representative,0.0
0.0,2.2,,current_order_20q_complementary,455,"{""feature_scale"": 0.125}",True,fidelity_gram_by_construction,hpo_representative,0.0
0.0,2.3,,current_order_20q_complementary,453,"{""feature_scale"": 0.125}",True,fidelity_gram_by_construction,hpo_representative,0.0
0.0,2.4,,current_order_20q_complementary,456,"{""feature_scale"": 0.125}",True,fidelity_gram_by_construction,hpo_representative,0.0
0.0,2,-3.340903247449848e-17,current_order_20q_complementary,607,"{""C"": 1.0, ""feature_scale"": 0.125}",True,numeric,outer_fit,0.0
0.0,2.1,,max_synergy_path_20q_duplicate,457,"{""feature_scale"": 0.125}",True,fidelity_gram_by_construction,hpo_representative,0.0
0.0,2.2,,max_synergy_path_20q_duplicate,455,"{""feature_scale"": 0.125}",True,fidelity_gram_by_construction,hpo_representative,0.0
0.0,2.3,,max_synergy_path_20q_duplicate,453,"{""feature_scale"": 0.125}",True,fidelity_gram_by_construction,hpo_representative,0.0
0.0,2.4,,max_synergy_path_20q_duplicate,456,"{""feature_scale"": 0.125}",True,fidelity_gram_by_construction,hpo_representative,0.0
0.0,2,4.3913136314367783e-20,max_synergy_path_20q_duplicate,607,"{""C"": 1.0, ""feature_scale"": 0.125}",True,numeric,outer_fit,0.0
0.0,2.1,,max_synergy_path_20q_complementary,457,"{""feature_scale"": 0.125}",True,fidelity_gram_by_construction,hpo_representative,0.0
0.0,2.2,,max_synergy_path_20q_complementary,455,"{""feature_scale"": 0.125}",True,fidelity_gram_by_construction,hpo_representative,0.0
0.0,2.3,,max_synergy_path_20q_complementary,453,"{""feature_scale"": 0.125}",True,fidelity_gram_by_construction,hpo_representative,0.0
0.0,2.4,,max_synergy_path_20q_complementary,456,"{""feature_scale"": 0.125}",True,fidelity_gram_by_construction,hpo_representative,0.0
0.0,2,2.4743517655946965e-16,max_synergy_path_20q_complementary,607,"{""C"": 1.0, ""feature_scale"": 0.125}",True,numeric,outer_fit,0.0
0.0,2.1,,stable_synergy_path_20q_duplicate,457,"{""feature_scale"": 0.125}",True,fidelity_gram_by_construction,hpo_representative,0.0
0.0,2.2,,stable_synergy_path_20q_duplicate,455,"{""feature_scale"": 0.125}",True,fidelity_gram_by_construction,hpo_representative,0.0
0.0,2.3,,stable_synergy_path_20q_duplicate,453,"{""feature_scale"": 0.125}",True,fidelity_gram_by_construction,hpo_representative,0.0
0.0,2.4,,stable_synergy_path_20q_duplicate,456,"{""feature_scale"": 0.125}",True,fidelity_gram_by_construction,hpo_representative,0.0
0.0,2,2.923160220561087e-17,stable_synergy_path_20q_duplicate,607,"{""C"": 1.0, ""feature_scale"": 0.125}",True,numeric,outer_fit,0.0
0.0,2.1,,stable_synergy_path_20q_complementary,457,"{""feature_scale"": 0.125}",True,fidelity_gram_by_construction,hpo_representative,0.0
0.0,2.2,,stable_synergy_path_20q_complementary,455,"{""feature_scale"": 0.125}",True,fidelity_gram_by_construction,hpo_representative,0.0
0.0,2.3,,stable_synergy_path_20q_complementary,453,"{""feature_scale"": 0.125}",True,fidelity_gram_by_construction,hpo_representative,0.0
0.0,2.4,,stable_synergy_path_20q_complementary,456,"{""feature_scale"": 0.125}",True,fidelity_gram_by_construction,hpo_representative,0.0
0.0,2,5.0742670089164184e-17,stable_synergy_path_20q_complementary,607,"{""C"": 1.0, ""feature_scale"": 0.125}",True,numeric,outer_fit,0.0
0.0,3.1,,singleton__MolLogP,424,"{""feature_scale"": 0.125}",True,fidelity_gram_by_construction,hpo_representative,0.0
0.0,3.2,,singleton__MolLogP,422,"{""feature_scale"": 0.125}",True,fidelity_gram_by_construction,hpo_representative,0.0
0.0,3.3,,singleton__MolLogP,424,"{""feature_scale"": 0.125}",True,fidelity_gram_by_construction,hpo_representative,0.0
0.0,3.4,,singleton__MolLogP,425,"{""feature_scale"": 0.125}",True,fidelity_gram_by_construction,hpo_representative,0.0
0.0,3.1,,singleton__MolWt,424,"{""feature_scale"": 0.125}",True,fidelity_gram_by_construction,hpo_representative,0.0
0.0,3.2,,singleton__MolWt,422,"{""feature_scale"": 0.125}",True,fidelity_gram_by_construction,hpo_representative,0.0
0.0,3.3,,singleton__MolWt,424,"{""feature_scale"": 0.125}",True,fidelity_gram_by_construction,hpo_representative,0.0
0.0,3.4,,singleton__MolWt,425,"{""feature_scale"": 0.125}",True,fidelity_gram_by_construction,hpo_representative,0.0
0.0,3.1,,singleton__TPSA_SP,424,"{""feature_scale"": 0.125}",True,fidelity_gram_by_construction,hpo_representative,0.0
0.0,3.2,,singleton__TPSA_SP,422,"{""feature_scale"": 0.125}",True,fidelity_gram_by_construction,hpo_representative,0.0
0.0,3.3,,singleton__TPSA_SP,424,"{""feature_scale"": 0.125}",True,fidelity_gram_by_construction,hpo_representative,0.0
0.0,3.4,,singleton__TPSA_SP,425,"{""feature_scale"": 0.125}",True,fidelity_gram_by_construction,hpo_representative,0.0
0.0,3.1,,singleton__NumHDonors,424,"{""feature_scale"": 0.125}",True,fidelity_gram_by_construction,hpo_representative,0.0
0.0,3.2,,singleton__NumHDonors,422,"{""feature_scale"": 0.125}",True,fidelity_gram_by_construction,hpo_representative,0.0
0.0,3.3,,singleton__NumHDonors,424,"{""feature_scale"": 0.125}",True,fidelity_gram_by_construction,hpo_representative,0.0
0.0,3.4,,singleton__NumHDonors,425,"{""feature_scale"": 0.125}",True,fidelity_gram_by_construction,hpo_representative,0.0
0.0,3.1,,singleton__NumRotatableBonds,424,"{""feature_scale"": 0.125}",True,fidelity_gram_by_construction,hpo_representative,0.0
0.0,3.2,,singleton__NumRotatableBonds,422,"{""feature_scale"": 0.125}",True,fidelity_gram_by_construction,hpo_representative,0.0
0.0,3.3,,singleton__NumRotatableBonds,424,"{""feature_scale"": 0.125}",True,fidelity_gram_by_construction,hpo_representative,0.0
0.0,3.4,,singleton__NumRotatableBonds,425,"{""feature_scale"": 0.125}",True,fidelity_gram_by_construction,hpo_representative,0.0
0.0,3.1,,singleton__NumAromaticRings,424,"{""feature_scale"": 0.125}",True,fidelity_gram_by_construction,hpo_representative,0.0
0.0,3.2,,singleton__NumAromaticRings,422,"{""feature_scale"": 0.125}",True,fidelity_gram_by_construction,hpo_representative,0.0
0.0,3.3,,singleton__NumAromaticRings,424,"{""feature_scale"": 0.125}",True,fidelity_gram_by_construction,hpo_representative,0.0
0.0,3.4,,singleton__NumAromaticRings,425,"{""feature_scale"": 0.125}",True,fidelity_gram_by_construction,hpo_representative,0.0
0.0,3.1,,singleton__nHalogen,424,"{""feature_scale"": 0.125}",True,fidelity_gram_by_construction,hpo_representative,0.0
0.0,3.2,,singleton__nHalogen,422,"{""feature_scale"": 0.125}",True,fidelity_gram_by_construction,hpo_representative,0.0
0.0,3.3,,singleton__nHalogen,424,"{""feature_scale"": 0.125}",True,fidelity_gram_by_construction,hpo_representative,0.0
0.0,3.4,,singleton__nHalogen,425,"{""feature_scale"": 0.125}",True,fidelity_gram_by_construction,hpo_representative,0.0
0.0,3.1,,singleton__n_OP,424,"{""feature_scale"": 0.125}",True,fidelity_gram_by_construction,hpo_representative,0.0
0.0,3.2,,singleton__n_OP,422,"{""feature_scale"": 0.125}",True,fidelity_gram_by_construction,hpo_representative,0.0
0.0,3.3,,singleton__n_OP,424,"{""feature_scale"": 0.125}",True,fidelity_gram_by_construction,hpo_representative,0.0
0.0,3.4,,singleton__n_OP,425,"{""feature_scale"": 0.125}",True,fidelity_gram_by_construction,hpo_representative,0.0
0.0,3.1,,singleton__LiPHEX_prediction,424,"{""feature_scale"": 0.125}",True,fidelity_gram_by_construction,hpo_representative,0.0
0.0,3.2,,singleton__LiPHEX_prediction,422,"{""feature_scale"": 0.125}",True,fidelity_gram_by_construction,hpo_representative,0.0
0.0,3.3,,singleton__LiPHEX_prediction,424,"{""feature_scale"": 0.125}",True,fidelity_gram_by_construction,hpo_representative,0.0
0.0,3.4,,singleton__LiPHEX_prediction,425,"{""feature_scale"": 0.125}",True,fidelity_gram_by_construction,hpo_representative,0.0
0.0,3.1,,singleton__sasa002_frac_polar_hetero_only,424,"{""feature_scale"": 0.125}",True,fidelity_gram_by_construction,hpo_representative,0.0
0.0,3.2,,singleton__sasa002_frac_polar_hetero_only,422,"{""feature_scale"": 0.125}",True,fidelity_gram_by_construction,hpo_representative,0.0
0.0,3.3,,singleton__sasa002_frac_polar_hetero_only,424,"{""feature_scale"": 0.125}",True,fidelity_gram_by_construction,hpo_representative,0.0
0.0,3.4,,singleton__sasa002_frac_polar_hetero_only,425,"{""feature_scale"": 0.125}",True,fidelity_gram_by_construction,hpo_representative,0.0
0.0,3.1,,pair_phase_no_zz__MolLogP__MolWt,424,"{""feature_scale"": 0.125}",True,fidelity_gram_by_construction,hpo_representative,0.0
0.0,3.2,,pair_phase_no_zz__MolLogP__MolWt,422,"{""feature_scale"": 0.125}",True,fidelity_gram_by_construction,hpo_representative,0.0
0.0,3.3,,pair_phase_no_zz__MolLogP__MolWt,424,"{""feature_scale"": 0.125}",True,fidelity_gram_by_construction,hpo_representative,0.0
0.0,3.4,,pair_phase_no_zz__MolLogP__MolWt,425,"{""feature_scale"": 0.125}",True,fidelity_gram_by_construction,hpo_representative,0.0
0.0,3.1,,pair_iqp_zz__MolLogP__MolWt,424,"{""feature_scale"": 0.125}",True,fidelity_gram_by_construction,hpo_representative,0.0
0.0,3.2,,pair_iqp_zz__MolLogP__MolWt,422,"{""feature_scale"": 0.125}",True,fidelity_gram_by_construction,hpo_representative,0.0
0.0,3.3,,pair_iqp_zz__MolLogP__MolWt,424,"{""feature_scale"": 0.125}",True,fidelity_gram_by_construction,hpo_representative,0.0
0.0,3.4,,pair_iqp_zz__MolLogP__MolWt,425,"{""feature_scale"": 0.125}",True,fidelity_gram_by_construction,hpo_representative,0.0
0.0,3,,pair_iqp_zz__MolLogP__MolWt,565,"{""C"": 0.1, ""feature_scale"": 0.125}",True,fidelity_gram_by_construction,outer_fit,0.0
0.0,3.1,,pair_phase_no_zz__MolLogP__TPSA_SP,424,"{""feature_scale"": 0.125}",True,fidelity_gram_by_construction,hpo_representative,0.0
0.0,3.2,,pair_phase_no_zz__MolLogP__TPSA_SP,422,"{""feature_scale"": 0.125}",True,fidelity_gram_by_construction,hpo_representative,0.0
0.0,3.3,,pair_phase_no_zz__MolLogP__TPSA_SP,424,"{""feature_scale"": 0.125}",True,fidelity_gram_by_construction,hpo_representative,0.0
0.0,3.4,,pair_phase_no_zz__MolLogP__TPSA_SP,425,"{""feature_scale"": 0.125}",True,fidelity_gram_by_construction,hpo_representative,0.0
0.0,3.1,,pair_iqp_zz__MolLogP__TPSA_SP,424,"{""feature_scale"": 0.125}",True,fidelity_gram_by_construction,hpo_representative,0.0
0.0,3.2,,pair_iqp_zz__MolLogP__TPSA_SP,422,"{""feature_scale"": 0.125}",True,fidelity_gram_by_construction,hpo_representative,0.0
0.0,3.3,,pair_iqp_zz__MolLogP__TPSA_SP,424,"{""feature_scale"": 0.125}",True,fidelity_gram_by_construction,hpo_representative,0.0
0.0,3.4,,pair_iqp_zz__MolLogP__TPSA_SP,425,"{""feature_scale"": 0.125}",True,fidelity_gram_by_construction,hpo_representative,0.0
0.0,3.1,,pair_phase_no_zz__MolLogP__NumHDonors,424,"{""feature_scale"": 0.125}",True,fidelity_gram_by_construction,hpo_representative,0.0
0.0,3.2,,pair_phase_no_zz__MolLogP__NumHDonors,422,"{""feature_scale"": 0.125}",True,fidelity_gram_by_construction,hpo_representative,0.0
0.0,3.3,,pair_phase_no_zz__MolLogP__NumHDonors,424,"{""feature_scale"": 0.125}",True,fidelity_gram_by_construction,hpo_representative,0.0
0.0,3.4,,pair_phase_no_zz__MolLogP__NumHDonors,425,"{""feature_scale"": 0.125}",True,fidelity_gram_by_construction,hpo_representative,0.0
0.0,3.1,,pair_iqp_zz__MolLogP__NumHDonors,424,"{""feature_scale"": 0.125}",True,fidelity_gram_by_construction,hpo_representative,0.0
0.0,3.2,,pair_iqp_zz__MolLogP__NumHDonors,422,"{""feature_scale"": 0.125}",True,fidelity_gram_by_construction,hpo_representative,0.0
0.0,3.3,,pair_iqp_zz__MolLogP__NumHDonors,424,"{""feature_scale"": 0.125}",True,fidelity_gram_by_construction,hpo_representative,0.0
0.0,3.4,,pair_iqp_zz__MolLogP__NumHDonors,425,"{""feature_scale"": 0.125}",True,fidelity_gram_by_construction,hpo_representative,0.0
0.0,3.1,,pair_phase_no_zz__MolLogP__NumRotatableBonds,424,"{""feature_scale"": 0.125}",True,fidelity_gram_by_construction,hpo_representative,0.0
0.0,3.2,,pair_phase_no_zz__MolLogP__NumRotatableBonds,422,"{""feature_scale"": 0.125}",True,fidelity_gram_by_construction,hpo_representative,0.0
0.0,3.3,,pair_phase_no_zz__MolLogP__NumRotatableBonds,424,"{""feature_scale"": 0.125}",True,fidelity_gram_by_construction,hpo_representative,0.0
0.0,3.4,,pair_phase_no_zz__MolLogP__NumRotatableBonds,425,"{""feature_scale"": 0.125}",True,fidelity_gram_by_construction,hpo_representative,0.0
0.0,3.1,,pair_iqp_zz__MolLogP__NumRotatableBonds,424,"{""feature_scale"": 0.125}",True,fidelity_gram_by_construction,hpo_representative,0.0
0.0,3.2,,pair_iqp_zz__MolLogP__NumRotatableBonds,422,"{""feature_scale"": 0.125}",True,fidelity_gram_by_construction,hpo_representative,0.0
0.0,3.3,,pair_iqp_zz__MolLogP__NumRotatableBonds,424,"{""feature_scale"": 0.125}",True,fidelity_gram_by_construction,hpo_representative,0.0
0.0,3.4,,pair_iqp_zz__MolLogP__NumRotatableBonds,425,"{""feature_scale"": 0.125}",True,fidelity_gram_by_construction,hpo_representative,0.0
0.0,3.1,,pair_phase_no_zz__MolLogP__NumAromaticRings,424,"{""feature_scale"": 0.125}",True,fidelity_gram_by_construction,hpo_representative,0.0
0.0,3.2,,pair_phase_no_zz__MolLogP__NumAromaticRings,422,"{""feature_scale"": 0.125}",True,fidelity_gram_by_construction,hpo_representative,0.0
0.0,3.3,,pair_phase_no_zz__MolLogP__NumAromaticRings,424,"{""feature_scale"": 0.125}",True,fidelity_gram_by_construction,hpo_representative,0.0
0.0,3.4,,pair_phase_no_zz__MolLogP__NumAromaticRings,425,"{""feature_scale"": 0.125}",True,fidelity_gram_by_construction,hpo_representative,0.0
0.0,3.1,,pair_iqp_zz__MolLogP__NumAromaticRings,424,"{""feature_scale"": 0.125}",True,fidelity_gram_by_construction,hpo_representative,0.0
0.0,3.2,,pair_iqp_zz__MolLogP__NumAromaticRings,422,"{""feature_scale"": 0.125}",True,fidelity_gram_by_construction,hpo_representative,0.0
0.0,3.3,,pair_iqp_zz__MolLogP__NumAromaticRings,424,"{""feature_scale"": 0.125}",True,fidelity_gram_by_construction,hpo_representative,0.0
0.0,3.4,,pair_iqp_zz__MolLogP__NumAromaticRings,425,"{""feature_scale"": 0.125}",True,fidelity_gram_by_construction,hpo_representative,0.0
0.0,3.1,,pair_phase_no_zz__MolLogP__nHalogen,424,"{""feature_scale"": 0.125}",True,fidelity_gram_by_construction,hpo_representative,0.0
0.0,3.2,,pair_phase_no_zz__MolLogP__nHalogen,422,"{""feature_scale"": 0.125}",True,fidelity_gram_by_construction,hpo_representative,0.0
0.0,3.3,,pair_phase_no_zz__MolLogP__nHalogen,424,"{""feature_scale"": 0.125}",True,fidelity_gram_by_construction,hpo_representative,0.0
0.0,3.4,,pair_phase_no_zz__MolLogP__nHalogen,425,"{""feature_scale"": 0.125}",True,fidelity_gram_by_construction,hpo_representative,0.0
0.0,3.1,,pair_iqp_zz__MolLogP__nHalogen,424,"{""feature_scale"": 0.125}",True,fidelity_gram_by_construction,hpo_representative,0.0
0.0,3.2,,pair_iqp_zz__MolLogP__nHalogen,422,"{""feature_scale"": 0.125}",True,fidelity_gram_by_construction,hpo_representative,0.0
0.0,3.3,,pair_iqp_zz__MolLogP__nHalogen,424,"{""feature_scale"": 0.125}",True,fidelity_gram_by_construction,hpo_representative,0.0
0.0,3.4,,pair_iqp_zz__MolLogP__nHalogen,425,"{""feature_scale"": 0.125}",True,fidelity_gram_by_construction,hpo_representative,0.0
0.0,3.1,,pair_phase_no_zz__MolLogP__n_OP,424,"{""feature_scale"": 0.125}",True,fidelity_gram_by_construction,hpo_representative,0.0
0.0,3.2,,pair_phase_no_zz__MolLogP__n_OP,422,"{""feature_scale"": 0.125}",True,fidelity_gram_by_construction,hpo_representative,0.0
0.0,3.3,,pair_phase_no_zz__MolLogP__n_OP,424,"{""feature_scale"": 0.125}",True,fidelity_gram_by_construction,hpo_representative,0.0
0.0,3.4,,pair_phase_no_zz__MolLogP__n_OP,425,"{""feature_scale"": 0.125}",True,fidelity_gram_by_construction,hpo_representative,0.0
0.0,3.1,,pair_iqp_zz__MolLogP__n_OP,424,"{""feature_scale"": 0.125}",True,fidelity_gram_by_construction,hpo_representative,0.0
0.0,3.2,,pair_iqp_zz__MolLogP__n_OP,422,"{""feature_scale"": 0.125}",True,fidelity_gram_by_construction,hpo_representative,0.0
0.0,3.3,,pair_iqp_zz__MolLogP__n_OP,424,"{""feature_scale"": 0.125}",True,fidelity_gram_by_construction,hpo_representative,0.0
0.0,3.4,,pair_iqp_zz__MolLogP__n_OP,425,"{""feature_scale"": 0.125}",True,fidelity_gram_by_construction,hpo_representative,0.0
0.0,3.1,,pair_phase_no_zz__MolLogP__LiPHEX_prediction,424,"{""feature_scale"": 0.125}",True,fidelity_gram_by_construction,hpo_representative,0.0
0.0,3.2,,pair_phase_no_zz__MolLogP__LiPHEX_prediction,422,"{""feature_scale"": 0.125}",True,fidelity_gram_by_construction,hpo_representative,0.0
0.0,3.3,,pair_phase_no_zz__MolLogP__LiPHEX_prediction,424,"{""feature_scale"": 0.125}",True,fidelity_gram_by_construction,hpo_representative,0.0
0.0,3.4,,pair_phase_no_zz__MolLogP__LiPHEX_prediction,425,"{""feature_scale"": 0.125}",True,fidelity_gram_by_construction,hpo_representative,0.0
0.0,3.1,,pair_iqp_zz__MolLogP__LiPHEX_prediction,424,"{""feature_scale"": 0.125}",True,fidelity_gram_by_construction,hpo_representative,0.0
0.0,3.2,,pair_iqp_zz__MolLogP__LiPHEX_prediction,422,"{""feature_scale"": 0.125}",True,fidelity_gram_by_construction,hpo_representative,0.0
0.0,3.3,,pair_iqp_zz__MolLogP__LiPHEX_prediction,424,"{""feature_scale"": 0.125}",True,fidelity_gram_by_construction,hpo_representative,0.0
0.0,3.4,,pair_iqp_zz__MolLogP__LiPHEX_prediction,425,"{""feature_scale"": 0.125}",True,fidelity_gram_by_construction,hpo_representative,0.0
0.0,3.1,,pair_phase_no_zz__MolLogP__sasa002_frac_polar_hetero_only,424,"{""feature_scale"": 0.125}",True,fidelity_gram_by_construction,hpo_representative,0.0
0.0,3.2,,pair_phase_no_zz__MolLogP__sasa002_frac_polar_hetero_only,422,"{""feature_scale"": 0.125}",True,fidelity_gram_by_construction,hpo_representative,0.0
0.0,3.3,,pair_phase_no_zz__MolLogP__sasa002_frac_polar_hetero_only,424,"{""feature_scale"": 0.125}",True,fidelity_gram_by_construction,hpo_representative,0.0
0.0,3.4,,pair_phase_no_zz__MolLogP__sasa002_frac_polar_hetero_only,425,"{""feature_scale"": 0.125}",True,fidelity_gram_by_construction,hpo_representative,0.0
0.0,3.1,,pair_iqp_zz__MolLogP__sasa002_frac_polar_hetero_only,424,"{""feature_scale"": 0.125}",True,fidelity_gram_by_construction,hpo_representative,0.0
0.0,3.2,,pair_iqp_zz__MolLogP__sasa002_frac_polar_hetero_only,422,"{""feature_scale"": 0.125}",True,fidelity_gram_by_construction,hpo_representative,0.0
0.0,3.3,,pair_iqp_zz__MolLogP__sasa002_frac_polar_hetero_only,424,"{""feature_scale"": 0.125}",True,fidelity_gram_by_construction,hpo_representative,0.0
0.0,3.4,,pair_iqp_zz__MolLogP__sasa002_frac_polar_hetero_only,425,"{""feature_scale"": 0.125}",True,fidelity_gram_by_construction,hpo_representative,0.0
0.0,3.1,,pair_phase_no_zz__MolWt__TPSA_SP,424,"{""feature_scale"": 0.125}",True,fidelity_gram_by_construction,hpo_representative,0.0
0.0,3.2,,pair_phase_no_zz__MolWt__TPSA_SP,422,"{""feature_scale"": 0.125}",True,fidelity_gram_by_construction,hpo_representative,0.0
0.0,3.3,,pair_phase_no_zz__MolWt__TPSA_SP,424,"{""feature_scale"": 0.125}",True,fidelity_gram_by_construction,hpo_representative,0.0
0.0,3.4,,pair_phase_no_zz__MolWt__TPSA_SP,425,"{""feature_scale"": 0.125}",True,fidelity_gram_by_construction,hpo_representative,0.0
0.0,3.1,,pair_iqp_zz__MolWt__TPSA_SP,424,"{""feature_scale"": 0.125}",True,fidelity_gram_by_construction,hpo_representative,0.0
0.0,3.2,,pair_iqp_zz__MolWt__TPSA_SP,422,"{""feature_scale"": 0.125}",True,fidelity_gram_by_construction,hpo_representative,0.0
0.0,3.3,,pair_iqp_zz__MolWt__TPSA_SP,424,"{""feature_scale"": 0.125}",True,fidelity_gram_by_construction,hpo_representative,0.0
0.0,3.4,,pair_iqp_zz__MolWt__TPSA_SP,425,"{""feature_scale"": 0.125}",True,fidelity_gram_by_construction,hpo_representative,0.0
0.0,3.1,,pair_phase_no_zz__MolWt__NumHDonors,424,"{""feature_scale"": 0.125}",True,fidelity_gram_by_construction,hpo_representative,0.0
0.0,3.2,,pair_phase_no_zz__MolWt__NumHDonors,422,"{""feature_scale"": 0.125}",True,fidelity_gram_by_construction,hpo_representative,0.0
0.0,3.3,,pair_phase_no_zz__MolWt__NumHDonors,424,"{""feature_scale"": 0.125}",True,fidelity_gram_by_construction,hpo_representative,0.0
0.0,3.4,,pair_phase_no_zz__MolWt__NumHDonors,425,"{""feature_scale"": 0.125}",True,fidelity_gram_by_construction,hpo_representative,0.0
0.0,3.1,,pair_iqp_zz__MolWt__NumHDonors,424,"{""feature_scale"": 0.125}",True,fidelity_gram_by_construction,hpo_representative,0.0
0.0,3.2,,pair_iqp_zz__MolWt__NumHDonors,422,"{""feature_scale"": 0.125}",True,fidelity_gram_by_construction,hpo_representative,0.0
0.0,3.3,,pair_iqp_zz__MolWt__NumHDonors,424,"{""feature_scale"": 0.125}",True,fidelity_gram_by_construction,hpo_representative,0.0
0.0,3.4,,pair_iqp_zz__MolWt__NumHDonors,425,"{""feature_scale"": 0.125}",True,fidelity_gram_by_construction,hpo_representative,0.0
0.0,3.1,,pair_phase_no_zz__MolWt__NumRotatableBonds,424,"{""feature_scale"": 0.125}",True,fidelity_gram_by_construction,hpo_representative,0.0
0.0,3.2,,pair_phase_no_zz__MolWt__NumRotatableBonds,422,"{""feature_scale"": 0.125}",True,fidelity_gram_by_construction,hpo_representative,0.0
0.0,3.3,,pair_phase_no_zz__MolWt__NumRotatableBonds,424,"{""feature_scale"": 0.125}",True,fidelity_gram_by_construction,hpo_representative,0.0
0.0,3.4,,pair_phase_no_zz__MolWt__NumRotatableBonds,425,"{""feature_scale"": 0.125}",True,fidelity_gram_by_construction,hpo_representative,0.0
0.0,3.1,,pair_iqp_zz__MolWt__NumRotatableBonds,424,"{""feature_scale"": 0.125}",True,fidelity_gram_by_construction,hpo_representative,0.0
0.0,3.2,,pair_iqp_zz__MolWt__NumRotatableBonds,422,"{""feature_scale"": 0.125}",True,fidelity_gram_by_construction,hpo_representative,0.0
0.0,3.3,,pair_iqp_zz__MolWt__NumRotatableBonds,424,"{""feature_scale"": 0.125}",True,fidelity_gram_by_construction,hpo_representative,0.0
0.0,3.4,,pair_iqp_zz__MolWt__NumRotatableBonds,425,"{""feature_scale"": 0.125}",True,fidelity_gram_by_construction,hpo_representative,0.0
0.0,3.1,,pair_phase_no_zz__MolWt__NumAromaticRings,424,"{""feature_scale"": 0.125}",True,fidelity_gram_by_construction,hpo_representative,0.0
0.0,3.2,,pair_phase_no_zz__MolWt__NumAromaticRings,422,"{""feature_scale"": 0.125}",True,fidelity_gram_by_construction,hpo_representative,0.0
0.0,3.3,,pair_phase_no_zz__MolWt__NumAromaticRings,424,"{""feature_scale"": 0.125}",True,fidelity_gram_by_construction,hpo_representative,0.0
0.0,3.4,,pair_phase_no_zz__MolWt__NumAromaticRings,425,"{""feature_scale"": 0.125}",True,fidelity_gram_by_construction,hpo_representative,0.0
0.0,3.1,,pair_iqp_zz__MolWt__NumAromaticRings,424,"{""feature_scale"": 0.125}",True,fidelity_gram_by_construction,hpo_representative,0.0
0.0,3.2,,pair_iqp_zz__MolWt__NumAromaticRings,422,"{""feature_scale"": 0.125}",True,fidelity_gram_by_construction,hpo_representative,0.0
0.0,3.3,,pair_iqp_zz__MolWt__NumAromaticRings,424,"{""feature_scale"": 0.125}",True,fidelity_gram_by_construction,hpo_representative,0.0
0.0,3.4,,pair_iqp_zz__MolWt__NumAromaticRings,425,"{""feature_scale"": 0.125}",True,fidelity_gram_by_construction,hpo_representative,0.0
0.0,3.1,,pair_phase_no_zz__MolWt__nHalogen,424,"{""feature_scale"": 0.125}",True,fidelity_gram_by_construction,hpo_representative,0.0
0.0,3.2,,pair_phase_no_zz__MolWt__nHalogen,422,"{""feature_scale"": 0.125}",True,fidelity_gram_by_construction,hpo_representative,0.0
0.0,3.3,,pair_phase_no_zz__MolWt__nHalogen,424,"{""feature_scale"": 0.125}",True,fidelity_gram_by_construction,hpo_representative,0.0
0.0,3.4,,pair_phase_no_zz__MolWt__nHalogen,425,"{""feature_scale"": 0.125}",True,fidelity_gram_by_construction,hpo_representative,0.0
0.0,3.1,,pair_iqp_zz__MolWt__nHalogen,424,"{""feature_scale"": 0.125}",True,fidelity_gram_by_construction,hpo_representative,0.0
0.0,3.2,,pair_iqp_zz__MolWt__nHalogen,422,"{""feature_scale"": 0.125}",True,fidelity_gram_by_construction,hpo_representative,0.0
0.0,3.3,,pair_iqp_zz__MolWt__nHalogen,424,"{""feature_scale"": 0.125}",True,fidelity_gram_by_construction,hpo_representative,0.0
0.0,3.4,,pair_iqp_zz__MolWt__nHalogen,425,"{""feature_scale"": 0.125}",True,fidelity_gram_by_construction,hpo_representative,0.0
0.0,3.1,,pair_phase_no_zz__MolWt__n_OP,424,"{""feature_scale"": 0.125}",True,fidelity_gram_by_construction,hpo_representative,0.0
0.0,3.2,,pair_phase_no_zz__MolWt__n_OP,422,"{""feature_scale"": 0.125}",True,fidelity_gram_by_construction,hpo_representative,0.0
0.0,3.3,,pair_phase_no_zz__MolWt__n_OP,424,"{""feature_scale"": 0.125}",True,fidelity_gram_by_construction,hpo_representative,0.0
0.0,3.4,,pair_phase_no_zz__MolWt__n_OP,425,"{""feature_scale"": 0.125}",True,fidelity_gram_by_construction,hpo_representative,0.0
0.0,3.1,,pair_iqp_zz__MolWt__n_OP,424,"{""feature_scale"": 0.125}",True,fidelity_gram_by_construction,hpo_representative,0.0
0.0,3.2,,pair_iqp_zz__MolWt__n_OP,422,"{""feature_scale"": 0.125}",True,fidelity_gram_by_construction,hpo_representative,0.0
0.0,3.3,,pair_iqp_zz__MolWt__n_OP,424,"{""feature_scale"": 0.125}",True,fidelity_gram_by_construction,hpo_representative,0.0
0.0,3.4,,pair_iqp_zz__MolWt__n_OP,425,"{""feature_scale"": 0.125}",True,fidelity_gram_by_construction,hpo_representative,0.0
0.0,3.1,,pair_phase_no_zz__MolWt__LiPHEX_prediction,424,"{""feature_scale"": 0.125}",True,fidelity_gram_by_construction,hpo_representative,0.0
0.0,3.2,,pair_phase_no_zz__MolWt__LiPHEX_prediction,422,"{""feature_scale"": 0.125}",True,fidelity_gram_by_construction,hpo_representative,0.0
0.0,3.3,,pair_phase_no_zz__MolWt__LiPHEX_prediction,424,"{""feature_scale"": 0.125}",True,fidelity_gram_by_construction,hpo_representative,0.0
0.0,3.4,,pair_phase_no_zz__MolWt__LiPHEX_prediction,425,"{""feature_scale"": 0.125}",True,fidelity_gram_by_construction,hpo_representative,0.0
0.0,3.1,,pair_iqp_zz__MolWt__LiPHEX_prediction,424,"{""feature_scale"": 0.125}",True,fidelity_gram_by_construction,hpo_representative,0.0
0.0,3.2,,pair_iqp_zz__MolWt__LiPHEX_prediction,422,"{""feature_scale"": 0.125}",True,fidelity_gram_by_construction,hpo_representative,0.0
0.0,3.3,,pair_iqp_zz__MolWt__LiPHEX_prediction,424,"{""feature_scale"": 0.125}",True,fidelity_gram_by_construction,hpo_representative,0.0
0.0,3.4,,pair_iqp_zz__MolWt__LiPHEX_prediction,425,"{""feature_scale"": 0.125}",True,fidelity_gram_by_construction,hpo_representative,0.0
0.0,3.1,,pair_phase_no_zz__MolWt__sasa002_frac_polar_hetero_only,424,"{""feature_scale"": 0.125}",True,fidelity_gram_by_construction,hpo_representative,0.0
0.0,3.2,,pair_phase_no_zz__MolWt__sasa002_frac_polar_hetero_only,422,"{""feature_scale"": 0.125}",True,fidelity_gram_by_construction,hpo_representative,0.0
0.0,3.3,,pair_phase_no_zz__MolWt__sasa002_frac_polar_hetero_only,424,"{""feature_scale"": 0.125}",True,fidelity_gram_by_construction,hpo_representative,0.0
0.0,3.4,,pair_phase_no_zz__MolWt__sasa002_frac_polar_hetero_only,425,"{""feature_scale"": 0.125}",True,fidelity_gram_by_construction,hpo_representative,0.0
0.0,3.1,,pair_iqp_zz__MolWt__sasa002_frac_polar_hetero_only,424,"{""feature_scale"": 0.125}",True,fidelity_gram_by_construction,hpo_representative,0.0
0.0,3.2,,pair_iqp_zz__MolWt__sasa002_frac_polar_hetero_only,422,"{""feature_scale"": 0.125}",True,fidelity_gram_by_construction,hpo_representative,0.0
0.0,3.3,,pair_iqp_zz__MolWt__sasa002_frac_polar_hetero_only,424,"{""feature_scale"": 0.125}",True,fidelity_gram_by_construction,hpo_representative,0.0
0.0,3.4,,pair_iqp_zz__MolWt__sasa002_frac_polar_hetero_only,425,"{""feature_scale"": 0.125}",True,fidelity_gram_by_construction,hpo_representative,0.0
0.0,3.1,,pair_phase_no_zz__TPSA_SP__NumHDonors,424,"{""feature_scale"": 0.125}",True,fidelity_gram_by_construction,hpo_representative,0.0
0.0,3.2,,pair_phase_no_zz__TPSA_SP__NumHDonors,422,"{""feature_scale"": 0.125}",True,fidelity_gram_by_construction,hpo_representative,0.0
0.0,3.3,,pair_phase_no_zz__TPSA_SP__NumHDonors,424,"{""feature_scale"": 0.125}",True,fidelity_gram_by_construction,hpo_representative,0.0
0.0,3.4,,pair_phase_no_zz__TPSA_SP__NumHDonors,425,"{""feature_scale"": 0.125}",True,fidelity_gram_by_construction,hpo_representative,0.0
0.0,3.1,,pair_iqp_zz__TPSA_SP__NumHDonors,424,"{""feature_scale"": 0.125}",True,fidelity_gram_by_construction,hpo_representative,0.0
0.0,3.2,,pair_iqp_zz__TPSA_SP__NumHDonors,422,"{""feature_scale"": 0.125}",True,fidelity_gram_by_construction,hpo_representative,0.0
0.0,3.3,,pair_iqp_zz__TPSA_SP__NumHDonors,424,"{""feature_scale"": 0.125}",True,fidelity_gram_by_construction,hpo_representative,0.0
0.0,3.4,,pair_iqp_zz__TPSA_SP__NumHDonors,425,"{""feature_scale"": 0.125}",True,fidelity_gram_by_construction,hpo_representative,0.0
0.0,3.1,,pair_phase_no_zz__TPSA_SP__NumRotatableBonds,424,"{""feature_scale"": 0.125}",True,fidelity_gram_by_construction,hpo_representative,0.0
0.0,3.2,,pair_phase_no_zz__TPSA_SP__NumRotatableBonds,422,"{""feature_scale"": 0.125}",True,fidelity_gram_by_construction,hpo_representative,0.0
0.0,3.3,,pair_phase_no_zz__TPSA_SP__NumRotatableBonds,424,"{""feature_scale"": 0.125}",True,fidelity_gram_by_construction,hpo_representative,0.0
0.0,3.4,,pair_phase_no_zz__TPSA_SP__NumRotatableBonds,425,"{""feature_scale"": 0.125}",True,fidelity_gram_by_construction,hpo_representative,0.0
0.0,3.1,,pair_iqp_zz__TPSA_SP__NumRotatableBonds,424,"{""feature_scale"": 0.125}",True,fidelity_gram_by_construction,hpo_representative,0.0
0.0,3.2,,pair_iqp_zz__TPSA_SP__NumRotatableBonds,422,"{""feature_scale"": 0.125}",True,fidelity_gram_by_construction,hpo_representative,0.0
0.0,3.3,,pair_iqp_zz__TPSA_SP__NumRotatableBonds,424,"{""feature_scale"": 0.125}",True,fidelity_gram_by_construction,hpo_representative,0.0
0.0,3.4,,pair_iqp_zz__TPSA_SP__NumRotatableBonds,425,"{""feature_scale"": 0.125}",True,fidelity_gram_by_construction,hpo_representative,0.0
0.0,3.1,,pair_phase_no_zz__TPSA_SP__NumAromaticRings,424,"{""feature_scale"": 0.125}",True,fidelity_gram_by_construction,hpo_representative,0.0
0.0,3.2,,pair_phase_no_zz__TPSA_SP__NumAromaticRings,422,"{""feature_scale"": 0.125}",True,fidelity_gram_by_construction,hpo_representative,0.0
0.0,3.3,,pair_phase_no_zz__TPSA_SP__NumAromaticRings,424,"{""feature_scale"": 0.125}",True,fidelity_gram_by_construction,hpo_representative,0.0
0.0,3.4,,pair_phase_no_zz__TPSA_SP__NumAromaticRings,425,"{""feature_scale"": 0.125}",True,fidelity_gram_by_construction,hpo_representative,0.0
0.0,3.1,,pair_iqp_zz__TPSA_SP__NumAromaticRings,424,"{""feature_scale"": 0.125}",True,fidelity_gram_by_construction,hpo_representative,0.0
0.0,3.2,,pair_iqp_zz__TPSA_SP__NumAromaticRings,422,"{""feature_scale"": 0.125}",True,fidelity_gram_by_construction,hpo_representative,0.0
0.0,3.3,,pair_iqp_zz__TPSA_SP__NumAromaticRings,424,"{""feature_scale"": 0.125}",True,fidelity_gram_by_construction,hpo_representative,0.0
0.0,3.4,,pair_iqp_zz__TPSA_SP__NumAromaticRings,425,"{""feature_scale"": 0.125}",True,fidelity_gram_by_construction,hpo_representative,0.0
0.0,3.1,,pair_phase_no_zz__TPSA_SP__nHalogen,424,"{""feature_scale"": 0.125}",True,fidelity_gram_by_construction,hpo_representative,0.0
0.0,3.2,,pair_phase_no_zz__TPSA_SP__nHalogen,422,"{""feature_scale"": 0.125}",True,fidelity_gram_by_construction,hpo_representative,0.0
0.0,3.3,,pair_phase_no_zz__TPSA_SP__nHalogen,424,"{""feature_scale"": 0.125}",True,fidelity_gram_by_construction,hpo_representative,0.0
0.0,3.4,,pair_phase_no_zz__TPSA_SP__nHalogen,425,"{""feature_scale"": 0.125}",True,fidelity_gram_by_construction,hpo_representative,0.0
0.0,3.1,,pair_iqp_zz__TPSA_SP__nHalogen,424,"{""feature_scale"": 0.125}",True,fidelity_gram_by_construction,hpo_representative,0.0
0.0,3.2,,pair_iqp_zz__TPSA_SP__nHalogen,422,"{""feature_scale"": 0.125}",True,fidelity_gram_by_construction,hpo_representative,0.0
0.0,3.3,,pair_iqp_zz__TPSA_SP__nHalogen,424,"{""feature_scale"": 0.125}",True,fidelity_gram_by_construction,hpo_representative,0.0
0.0,3.4,,pair_iqp_zz__TPSA_SP__nHalogen,425,"{""feature_scale"": 0.125}",True,fidelity_gram_by_construction,hpo_representative,0.0
0.0,3.1,,pair_phase_no_zz__TPSA_SP__n_OP,424,"{""feature_scale"": 0.125}",True,fidelity_gram_by_construction,hpo_representative,0.0
0.0,3.2,,pair_phase_no_zz__TPSA_SP__n_OP,422,"{""feature_scale"": 0.125}",True,fidelity_gram_by_construction,hpo_representative,0.0
0.0,3.3,,pair_phase_no_zz__TPSA_SP__n_OP,424,"{""feature_scale"": 0.125}",True,fidelity_gram_by_construction,hpo_representative,0.0
0.0,3.4,,pair_phase_no_zz__TPSA_SP__n_OP,425,"{""feature_scale"": 0.125}",True,fidelity_gram_by_construction,hpo_representative,0.0
0.0,3.1,,pair_iqp_zz__TPSA_SP__n_OP,424,"{""feature_scale"": 0.125}",True,fidelity_gram_by_construction,hpo_representative,0.0
0.0,3.2,,pair_iqp_zz__TPSA_SP__n_OP,422,"{""feature_scale"": 0.125}",True,fidelity_gram_by_construction,hpo_representative,0.0
0.0,3.3,,pair_iqp_zz__TPSA_SP__n_OP,424,"{""feature_scale"": 0.125}",True,fidelity_gram_by_construction,hpo_representative,0.0
0.0,3.4,,pair_iqp_zz__TPSA_SP__n_OP,425,"{""feature_scale"": 0.125}",True,fidelity_gram_by_construction,hpo_representative,0.0
0.0,3.1,,pair_phase_no_zz__TPSA_SP__LiPHEX_prediction,424,"{""feature_scale"": 0.125}",True,fidelity_gram_by_construction,hpo_representative,0.0
0.0,3.2,,pair_phase_no_zz__TPSA_SP__LiPHEX_prediction,422,"{""feature_scale"": 0.125}",True,fidelity_gram_by_construction,hpo_representative,0.0
0.0,3.3,,pair_phase_no_zz__TPSA_SP__LiPHEX_prediction,424,"{""feature_scale"": 0.125}",True,fidelity_gram_by_construction,hpo_representative,0.0
0.0,3.4,,pair_phase_no_zz__TPSA_SP__LiPHEX_prediction,425,"{""feature_scale"": 0.125}",True,fidelity_gram_by_construction,hpo_representative,0.0
0.0,3.1,,pair_iqp_zz__TPSA_SP__LiPHEX_prediction,424,"{""feature_scale"": 0.125}",True,fidelity_gram_by_construction,hpo_representative,0.0
0.0,3.2,,pair_iqp_zz__TPSA_SP__LiPHEX_prediction,422,"{""feature_scale"": 0.125}",True,fidelity_gram_by_construction,hpo_representative,0.0
0.0,3.3,,pair_iqp_zz__TPSA_SP__LiPHEX_prediction,424,"{""feature_scale"": 0.125}",True,fidelity_gram_by_construction,hpo_representative,0.0
0.0,3.4,,pair_iqp_zz__TPSA_SP__LiPHEX_prediction,425,"{""feature_scale"": 0.125}",True,fidelity_gram_by_construction,hpo_representative,0.0
0.0,3.1,,pair_phase_no_zz__TPSA_SP__sasa002_frac_polar_hetero_only,424,"{""feature_scale"": 0.125}",True,fidelity_gram_by_construction,hpo_representative,0.0
0.0,3.2,,pair_phase_no_zz__TPSA_SP__sasa002_frac_polar_hetero_only,422,"{""feature_scale"": 0.125}",True,fidelity_gram_by_construction,hpo_representative,0.0
0.0,3.3,,pair_phase_no_zz__TPSA_SP__sasa002_frac_polar_hetero_only,424,"{""feature_scale"": 0.125}",True,fidelity_gram_by_construction,hpo_representative,0.0
0.0,3.4,,pair_phase_no_zz__TPSA_SP__sasa002_frac_polar_hetero_only,425,"{""feature_scale"": 0.125}",True,fidelity_gram_by_construction,hpo_representative,0.0
0.0,3.1,,pair_iqp_zz__TPSA_SP__sasa002_frac_polar_hetero_only,424,"{""feature_scale"": 0.125}",True,fidelity_gram_by_construction,hpo_representative,0.0
0.0,3.2,,pair_iqp_zz__TPSA_SP__sasa002_frac_polar_hetero_only,422,"{""feature_scale"": 0.125}",True,fidelity_gram_by_construction,hpo_representative,0.0
0.0,3.3,,pair_iqp_zz__TPSA_SP__sasa002_frac_polar_hetero_only,424,"{""feature_scale"": 0.125}",True,fidelity_gram_by_construction,hpo_representative,0.0
0.0,3.4,,pair_iqp_zz__TPSA_SP__sasa002_frac_polar_hetero_only,425,"{""feature_scale"": 0.125}",True,fidelity_gram_by_construction,hpo_representative,0.0
0.0,3.1,,pair_phase_no_zz__NumHDonors__NumRotatableBonds,424,"{""feature_scale"": 0.125}",True,fidelity_gram_by_construction,hpo_representative,0.0
0.0,3.2,,pair_phase_no_zz__NumHDonors__NumRotatableBonds,422,"{""feature_scale"": 0.125}",True,fidelity_gram_by_construction,hpo_representative,0.0
0.0,3.3,,pair_phase_no_zz__NumHDonors__NumRotatableBonds,424,"{""feature_scale"": 0.125}",True,fidelity_gram_by_construction,hpo_representative,0.0
0.0,3.4,,pair_phase_no_zz__NumHDonors__NumRotatableBonds,425,"{""feature_scale"": 0.125}",True,fidelity_gram_by_construction,hpo_representative,0.0
0.0,3.1,,pair_iqp_zz__NumHDonors__NumRotatableBonds,424,"{""feature_scale"": 0.125}",True,fidelity_gram_by_construction,hpo_representative,0.0
0.0,3.2,,pair_iqp_zz__NumHDonors__NumRotatableBonds,422,"{""feature_scale"": 0.125}",True,fidelity_gram_by_construction,hpo_representative,0.0
0.0,3.3,,pair_iqp_zz__NumHDonors__NumRotatableBonds,424,"{""feature_scale"": 0.125}",True,fidelity_gram_by_construction,hpo_representative,0.0
0.0,3.4,,pair_iqp_zz__NumHDonors__NumRotatableBonds,425,"{""feature_scale"": 0.125}",True,fidelity_gram_by_construction,hpo_representative,0.0
0.0,3.1,,pair_phase_no_zz__NumHDonors__NumAromaticRings,424,"{""feature_scale"": 0.125}",True,fidelity_gram_by_construction,hpo_representative,0.0
0.0,3.2,,pair_phase_no_zz__NumHDonors__NumAromaticRings,422,"{""feature_scale"": 0.125}",True,fidelity_gram_by_construction,hpo_representative,0.0
0.0,3.3,,pair_phase_no_zz__NumHDonors__NumAromaticRings,424,"{""feature_scale"": 0.125}",True,fidelity_gram_by_construction,hpo_representative,0.0
0.0,3.4,,pair_phase_no_zz__NumHDonors__NumAromaticRings,425,"{""feature_scale"": 0.125}",True,fidelity_gram_by_construction,hpo_representative,0.0
0.0,3.1,,pair_iqp_zz__NumHDonors__NumAromaticRings,424,"{""feature_scale"": 0.125}",True,fidelity_gram_by_construction,hpo_representative,0.0
0.0,3.2,,pair_iqp_zz__NumHDonors__NumAromaticRings,422,"{""feature_scale"": 0.125}",True,fidelity_gram_by_construction,hpo_representative,0.0
0.0,3.3,,pair_iqp_zz__NumHDonors__NumAromaticRings,424,"{""feature_scale"": 0.125}",True,fidelity_gram_by_construction,hpo_representative,0.0
0.0,3.4,,pair_iqp_zz__NumHDonors__NumAromaticRings,425,"{""feature_scale"": 0.125}",True,fidelity_gram_by_construction,hpo_representative,0.0
0.0,3.1,,pair_phase_no_zz__NumHDonors__nHalogen,424,"{""feature_scale"": 0.125}",True,fidelity_gram_by_construction,hpo_representative,0.0
0.0,3.2,,pair_phase_no_zz__NumHDonors__nHalogen,422,"{""feature_scale"": 0.125}",True,fidelity_gram_by_construction,hpo_representative,0.0
0.0,3.3,,pair_phase_no_zz__NumHDonors__nHalogen,424,"{""feature_scale"": 0.125}",True,fidelity_gram_by_construction,hpo_representative,0.0
0.0,3.4,,pair_phase_no_zz__NumHDonors__nHalogen,425,"{""feature_scale"": 0.125}",True,fidelity_gram_by_construction,hpo_representative,0.0
0.0,3.1,,pair_iqp_zz__NumHDonors__nHalogen,424,"{""feature_scale"": 0.125}",True,fidelity_gram_by_construction,hpo_representative,0.0
0.0,3.2,,pair_iqp_zz__NumHDonors__nHalogen,422,"{""feature_scale"": 0.125}",True,fidelity_gram_by_construction,hpo_representative,0.0
0.0,3.3,,pair_iqp_zz__NumHDonors__nHalogen,424,"{""feature_scale"": 0.125}",True,fidelity_gram_by_construction,hpo_representative,0.0
0.0,3.4,,pair_iqp_zz__NumHDonors__nHalogen,425,"{""feature_scale"": 0.125}",True,fidelity_gram_by_construction,hpo_representative,0.0
0.0,3.1,,pair_phase_no_zz__NumHDonors__n_OP,424,"{""feature_scale"": 0.125}",True,fidelity_gram_by_construction,hpo_representative,0.0
0.0,3.2,,pair_phase_no_zz__NumHDonors__n_OP,422,"{""feature_scale"": 0.125}",True,fidelity_gram_by_construction,hpo_representative,0.0
0.0,3.3,,pair_phase_no_zz__NumHDonors__n_OP,424,"{""feature_scale"": 0.125}",True,fidelity_gram_by_construction,hpo_representative,0.0
0.0,3.4,,pair_phase_no_zz__NumHDonors__n_OP,425,"{""feature_scale"": 0.125}",True,fidelity_gram_by_construction,hpo_representative,0.0
0.0,3.1,,pair_iqp_zz__NumHDonors__n_OP,424,"{""feature_scale"": 0.125}",True,fidelity_gram_by_construction,hpo_representative,0.0
0.0,3.2,,pair_iqp_zz__NumHDonors__n_OP,422,"{""feature_scale"": 0.125}",True,fidelity_gram_by_construction,hpo_representative,0.0
0.0,3.3,,pair_iqp_zz__NumHDonors__n_OP,424,"{""feature_scale"": 0.125}",True,fidelity_gram_by_construction,hpo_representative,0.0
0.0,3.4,,pair_iqp_zz__NumHDonors__n_OP,425,"{""feature_scale"": 0.125}",True,fidelity_gram_by_construction,hpo_representative,0.0
0.0,3.1,,pair_phase_no_zz__NumHDonors__LiPHEX_prediction,424,"{""feature_scale"": 0.125}",True,fidelity_gram_by_construction,hpo_representative,0.0
0.0,3.2,,pair_phase_no_zz__NumHDonors__LiPHEX_prediction,422,"{""feature_scale"": 0.125}",True,fidelity_gram_by_construction,hpo_representative,0.0
0.0,3.3,,pair_phase_no_zz__NumHDonors__LiPHEX_prediction,424,"{""feature_scale"": 0.125}",True,fidelity_gram_by_construction,hpo_representative,0.0
0.0,3.4,,pair_phase_no_zz__NumHDonors__LiPHEX_prediction,425,"{""feature_scale"": 0.125}",True,fidelity_gram_by_construction,hpo_representative,0.0
0.0,3.1,,pair_iqp_zz__NumHDonors__LiPHEX_prediction,424,"{""feature_scale"": 0.125}",True,fidelity_gram_by_construction,hpo_representative,0.0
0.0,3.2,,pair_iqp_zz__NumHDonors__LiPHEX_prediction,422,"{""feature_scale"": 0.125}",True,fidelity_gram_by_construction,hpo_representative,0.0
0.0,3.3,,pair_iqp_zz__NumHDonors__LiPHEX_prediction,424,"{""feature_scale"": 0.125}",True,fidelity_gram_by_construction,hpo_representative,0.0
0.0,3.4,,pair_iqp_zz__NumHDonors__LiPHEX_prediction,425,"{""feature_scale"": 0.125}",True,fidelity_gram_by_construction,hpo_representative,0.0
0.0,3.1,,pair_phase_no_zz__NumHDonors__sasa002_frac_polar_hetero_only,424,"{""feature_scale"": 0.125}",True,fidelity_gram_by_construction,hpo_representative,0.0
0.0,3.2,,pair_phase_no_zz__NumHDonors__sasa002_frac_polar_hetero_only,422,"{""feature_scale"": 0.125}",True,fidelity_gram_by_construction,hpo_representative,0.0
0.0,3.3,,pair_phase_no_zz__NumHDonors__sasa002_frac_polar_hetero_only,424,"{""feature_scale"": 0.125}",True,fidelity_gram_by_construction,hpo_representative,0.0
0.0,3.4,,pair_phase_no_zz__NumHDonors__sasa002_frac_polar_hetero_only,425,"{""feature_scale"": 0.125}",True,fidelity_gram_by_construction,hpo_representative,0.0
0.0,3.1,,pair_iqp_zz__NumHDonors__sasa002_frac_polar_hetero_only,424,"{""feature_scale"": 0.125}",True,fidelity_gram_by_construction,hpo_representative,0.0
0.0,3.2,,pair_iqp_zz__NumHDonors__sasa002_frac_polar_hetero_only,422,"{""feature_scale"": 0.125}",True,fidelity_gram_by_construction,hpo_representative,0.0
0.0,3.3,,pair_iqp_zz__NumHDonors__sasa002_frac_polar_hetero_only,424,"{""feature_scale"": 0.125}",True,fidelity_gram_by_construction,hpo_representative,0.0
0.0,3.4,,pair_iqp_zz__NumHDonors__sasa002_frac_polar_hetero_only,425,"{""feature_scale"": 0.125}",True,fidelity_gram_by_construction,hpo_representative,0.0
0.0,3.1,,pair_phase_no_zz__NumRotatableBonds__NumAromaticRings,424,"{""feature_scale"": 0.125}",True,fidelity_gram_by_construction,hpo_representative,0.0
0.0,3.2,,pair_phase_no_zz__NumRotatableBonds__NumAromaticRings,422,"{""feature_scale"": 0.125}",True,fidelity_gram_by_construction,hpo_representative,0.0
0.0,3.3,,pair_phase_no_zz__NumRotatableBonds__NumAromaticRings,424,"{""feature_scale"": 0.125}",True,fidelity_gram_by_construction,hpo_representative,0.0
0.0,3.4,,pair_phase_no_zz__NumRotatableBonds__NumAromaticRings,425,"{""feature_scale"": 0.125}",True,fidelity_gram_by_construction,hpo_representative,0.0
0.0,3.1,,pair_iqp_zz__NumRotatableBonds__NumAromaticRings,424,"{""feature_scale"": 0.125}",True,fidelity_gram_by_construction,hpo_representative,0.0
0.0,3.2,,pair_iqp_zz__NumRotatableBonds__NumAromaticRings,422,"{""feature_scale"": 0.125}",True,fidelity_gram_by_construction,hpo_representative,0.0
0.0,3.3,,pair_iqp_zz__NumRotatableBonds__NumAromaticRings,424,"{""feature_scale"": 0.125}",True,fidelity_gram_by_construction,hpo_representative,0.0
0.0,3.4,,pair_iqp_zz__NumRotatableBonds__NumAromaticRings,425,"{""feature_scale"": 0.125}",True,fidelity_gram_by_construction,hpo_representative,0.0
0.0,3.1,,pair_phase_no_zz__NumRotatableBonds__nHalogen,424,"{""feature_scale"": 0.125}",True,fidelity_gram_by_construction,hpo_representative,0.0
0.0,3.2,,pair_phase_no_zz__NumRotatableBonds__nHalogen,422,"{""feature_scale"": 0.125}",True,fidelity_gram_by_construction,hpo_representative,0.0
0.0,3.3,,pair_phase_no_zz__NumRotatableBonds__nHalogen,424,"{""feature_scale"": 0.125}",True,fidelity_gram_by_construction,hpo_representative,0.0
0.0,3.4,,pair_phase_no_zz__NumRotatableBonds__nHalogen,425,"{""feature_scale"": 0.125}",True,fidelity_gram_by_construction,hpo_representative,0.0
0.0,3.1,,pair_iqp_zz__NumRotatableBonds__nHalogen,424,"{""feature_scale"": 0.125}",True,fidelity_gram_by_construction,hpo_representative,0.0
0.0,3.2,,pair_iqp_zz__NumRotatableBonds__nHalogen,422,"{""feature_scale"": 0.125}",True,fidelity_gram_by_construction,hpo_representative,0.0
0.0,3.3,,pair_iqp_zz__NumRotatableBonds__nHalogen,424,"{""feature_scale"": 0.125}",True,fidelity_gram_by_construction,hpo_representative,0.0
0.0,3.4,,pair_iqp_zz__NumRotatableBonds__nHalogen,425,"{""feature_scale"": 0.125}",True,fidelity_gram_by_construction,hpo_representative,0.0
0.0,3.1,,pair_phase_no_zz__NumRotatableBonds__n_OP,424,"{""feature_scale"": 0.125}",True,fidelity_gram_by_construction,hpo_representative,0.0
0.0,3.2,,pair_phase_no_zz__NumRotatableBonds__n_OP,422,"{""feature_scale"": 0.125}",True,fidelity_gram_by_construction,hpo_representative,0.0
0.0,3.3,,pair_phase_no_zz__NumRotatableBonds__n_OP,424,"{""feature_scale"": 0.125}",True,fidelity_gram_by_construction,hpo_representative,0.0
0.0,3.4,,pair_phase_no_zz__NumRotatableBonds__n_OP,425,"{""feature_scale"": 0.125}",True,fidelity_gram_by_construction,hpo_representative,0.0
0.0,3.1,,pair_iqp_zz__NumRotatableBonds__n_OP,424,"{""feature_scale"": 0.125}",True,fidelity_gram_by_construction,hpo_representative,0.0
0.0,3.2,,pair_iqp_zz__NumRotatableBonds__n_OP,422,"{""feature_scale"": 0.125}",True,fidelity_gram_by_construction,hpo_representative,0.0
0.0,3.3,,pair_iqp_zz__NumRotatableBonds__n_OP,424,"{""feature_scale"": 0.125}",True,fidelity_gram_by_construction,hpo_representative,0.0
0.0,3.4,,pair_iqp_zz__NumRotatableBonds__n_OP,425,"{""feature_scale"": 0.125}",True,fidelity_gram_by_construction,hpo_representative,0.0
0.0,3.1,,pair_phase_no_zz__NumRotatableBonds__LiPHEX_prediction,424,"{""feature_scale"": 0.125}",True,fidelity_gram_by_construction,hpo_representative,0.0
0.0,3.2,,pair_phase_no_zz__NumRotatableBonds__LiPHEX_prediction,422,"{""feature_scale"": 0.125}",True,fidelity_gram_by_construction,hpo_representative,0.0
0.0,3.3,,pair_phase_no_zz__NumRotatableBonds__LiPHEX_prediction,424,"{""feature_scale"": 0.125}",True,fidelity_gram_by_construction,hpo_representative,0.0
0.0,3.4,,pair_phase_no_zz__NumRotatableBonds__LiPHEX_prediction,425,"{""feature_scale"": 0.125}",True,fidelity_gram_by_construction,hpo_representative,0.0
0.0,3.1,,pair_iqp_zz__NumRotatableBonds__LiPHEX_prediction,424,"{""feature_scale"": 0.125}",True,fidelity_gram_by_construction,hpo_representative,0.0
0.0,3.2,,pair_iqp_zz__NumRotatableBonds__LiPHEX_prediction,422,"{""feature_scale"": 0.125}",True,fidelity_gram_by_construction,hpo_representative,0.0
0.0,3.3,,pair_iqp_zz__NumRotatableBonds__LiPHEX_prediction,424,"{""feature_scale"": 0.125}",True,fidelity_gram_by_construction,hpo_representative,0.0
0.0,3.4,,pair_iqp_zz__NumRotatableBonds__LiPHEX_prediction,425,"{""feature_scale"": 0.125}",True,fidelity_gram_by_construction,hpo_representative,0.0
0.0,3.1,,pair_phase_no_zz__NumRotatableBonds__sasa002_frac_polar_hetero_only,424,"{""feature_scale"": 0.125}",True,fidelity_gram_by_construction,hpo_representative,0.0
0.0,3.2,,pair_phase_no_zz__NumRotatableBonds__sasa002_frac_polar_hetero_only,422,"{""feature_scale"": 0.125}",True,fidelity_gram_by_construction,hpo_representative,0.0
0.0,3.3,,pair_phase_no_zz__NumRotatableBonds__sasa002_frac_polar_hetero_only,424,"{""feature_scale"": 0.125}",True,fidelity_gram_by_construction,hpo_representative,0.0
0.0,3.4,,pair_phase_no_zz__NumRotatableBonds__sasa002_frac_polar_hetero_only,425,"{""feature_scale"": 0.125}",True,fidelity_gram_by_construction,hpo_representative,0.0
0.0,3.1,,pair_iqp_zz__NumRotatableBonds__sasa002_frac_polar_hetero_only,424,"{""feature_scale"": 0.125}",True,fidelity_gram_by_construction,hpo_representative,0.0
0.0,3.2,,pair_iqp_zz__NumRotatableBonds__sasa002_frac_polar_hetero_only,422,"{""feature_scale"": 0.125}",True,fidelity_gram_by_construction,hpo_representative,0.0
0.0,3.3,,pair_iqp_zz__NumRotatableBonds__sasa002_frac_polar_hetero_only,424,"{""feature_scale"": 0.125}",True,fidelity_gram_by_construction,hpo_representative,0.0
0.0,3.4,,pair_iqp_zz__NumRotatableBonds__sasa002_frac_polar_hetero_only,425,"{""feature_scale"": 0.125}",True,fidelity_gram_by_construction,hpo_representative,0.0
0.0,3.1,,pair_phase_no_zz__NumAromaticRings__nHalogen,424,"{""feature_scale"": 0.125}",True,fidelity_gram_by_construction,hpo_representative,0.0
0.0,3.2,,pair_phase_no_zz__NumAromaticRings__nHalogen,422,"{""feature_scale"": 0.125}",True,fidelity_gram_by_construction,hpo_representative,0.0
0.0,3.3,,pair_phase_no_zz__NumAromaticRings__nHalogen,424,"{""feature_scale"": 0.125}",True,fidelity_gram_by_construction,hpo_representative,0.0
0.0,3.4,,pair_phase_no_zz__NumAromaticRings__nHalogen,425,"{""feature_scale"": 0.125}",True,fidelity_gram_by_construction,hpo_representative,0.0
0.0,3.1,,pair_iqp_zz__NumAromaticRings__nHalogen,424,"{""feature_scale"": 0.125}",True,fidelity_gram_by_construction,hpo_representative,0.0
0.0,3.2,,pair_iqp_zz__NumAromaticRings__nHalogen,422,"{""feature_scale"": 0.125}",True,fidelity_gram_by_construction,hpo_representative,0.0
0.0,3.3,,pair_iqp_zz__NumAromaticRings__nHalogen,424,"{""feature_scale"": 0.125}",True,fidelity_gram_by_construction,hpo_representative,0.0
0.0,3.4,,pair_iqp_zz__NumAromaticRings__nHalogen,425,"{""feature_scale"": 0.125}",True,fidelity_gram_by_construction,hpo_representative,0.0
0.0,3.1,,pair_phase_no_zz__NumAromaticRings__n_OP,424,"{""feature_scale"": 0.125}",True,fidelity_gram_by_construction,hpo_representative,0.0
0.0,3.2,,pair_phase_no_zz__NumAromaticRings__n_OP,422,"{""feature_scale"": 0.125}",True,fidelity_gram_by_construction,hpo_representative,0.0
0.0,3.3,,pair_phase_no_zz__NumAromaticRings__n_OP,424,"{""feature_scale"": 0.125}",True,fidelity_gram_by_construction,hpo_representative,0.0
0.0,3.4,,pair_phase_no_zz__NumAromaticRings__n_OP,425,"{""feature_scale"": 0.125}",True,fidelity_gram_by_construction,hpo_representative,0.0
0.0,3.1,,pair_iqp_zz__NumAromaticRings__n_OP,424,"{""feature_scale"": 0.125}",True,fidelity_gram_by_construction,hpo_representative,0.0
0.0,3.2,,pair_iqp_zz__NumAromaticRings__n_OP,422,"{""feature_scale"": 0.125}",True,fidelity_gram_by_construction,hpo_representative,0.0
0.0,3.3,,pair_iqp_zz__NumAromaticRings__n_OP,424,"{""feature_scale"": 0.125}",True,fidelity_gram_by_construction,hpo_representative,0.0
0.0,3.4,,pair_iqp_zz__NumAromaticRings__n_OP,425,"{""feature_scale"": 0.125}",True,fidelity_gram_by_construction,hpo_representative,0.0
0.0,3.1,,pair_phase_no_zz__NumAromaticRings__LiPHEX_prediction,424,"{""feature_scale"": 0.125}",True,fidelity_gram_by_construction,hpo_representative,0.0
0.0,3.2,,pair_phase_no_zz__NumAromaticRings__LiPHEX_prediction,422,"{""feature_scale"": 0.125}",True,fidelity_gram_by_construction,hpo_representative,0.0
0.0,3.3,,pair_phase_no_zz__NumAromaticRings__LiPHEX_prediction,424,"{""feature_scale"": 0.125}",True,fidelity_gram_by_construction,hpo_representative,0.0
0.0,3.4,,pair_phase_no_zz__NumAromaticRings__LiPHEX_prediction,425,"{""feature_scale"": 0.125}",True,fidelity_gram_by_construction,hpo_representative,0.0
0.0,3.1,,pair_iqp_zz__NumAromaticRings__LiPHEX_prediction,424,"{""feature_scale"": 0.125}",True,fidelity_gram_by_construction,hpo_representative,0.0
0.0,3.2,,pair_iqp_zz__NumAromaticRings__LiPHEX_prediction,422,"{""feature_scale"": 0.125}",True,fidelity_gram_by_construction,hpo_representative,0.0
0.0,3.3,,pair_iqp_zz__NumAromaticRings__LiPHEX_prediction,424,"{""feature_scale"": 0.125}",True,fidelity_gram_by_construction,hpo_representative,0.0
0.0,3.4,,pair_iqp_zz__NumAromaticRings__LiPHEX_prediction,425,"{""feature_scale"": 0.125}",True,fidelity_gram_by_construction,hpo_representative,0.0
0.0,3.1,,pair_phase_no_zz__NumAromaticRings__sasa002_frac_polar_hetero_only,424,"{""feature_scale"": 0.125}",True,fidelity_gram_by_construction,hpo_representative,0.0
0.0,3.2,,pair_phase_no_zz__NumAromaticRings__sasa002_frac_polar_hetero_only,422,"{""feature_scale"": 0.125}",True,fidelity_gram_by_construction,hpo_representative,0.0
0.0,3.3,,pair_phase_no_zz__NumAromaticRings__sasa002_frac_polar_hetero_only,424,"{""feature_scale"": 0.125}",True,fidelity_gram_by_construction,hpo_representative,0.0
0.0,3.4,,pair_phase_no_zz__NumAromaticRings__sasa002_frac_polar_hetero_only,425,"{""feature_scale"": 0.125}",True,fidelity_gram_by_construction,hpo_representative,0.0
0.0,3.1,,pair_iqp_zz__NumAromaticRings__sasa002_frac_polar_hetero_only,424,"{""feature_scale"": 0.125}",True,fidelity_gram_by_construction,hpo_representative,0.0
0.0,3.2,,pair_iqp_zz__NumAromaticRings__sasa002_frac_polar_hetero_only,422,"{""feature_scale"": 0.125}",True,fidelity_gram_by_construction,hpo_representative,0.0
0.0,3.3,,pair_iqp_zz__NumAromaticRings__sasa002_frac_polar_hetero_only,424,"{""feature_scale"": 0.125}",True,fidelity_gram_by_construction,hpo_representative,0.0
0.0,3.4,,pair_iqp_zz__NumAromaticRings__sasa002_frac_polar_hetero_only,425,"{""feature_scale"": 0.125}",True,fidelity_gram_by_construction,hpo_representative,0.0
0.0,3.1,,pair_phase_no_zz__nHalogen__n_OP,424,"{""feature_scale"": 0.125}",True,fidelity_gram_by_construction,hpo_representative,0.0
0.0,3.2,,pair_phase_no_zz__nHalogen__n_OP,422,"{""feature_scale"": 0.125}",True,fidelity_gram_by_construction,hpo_representative,0.0
0.0,3.3,,pair_phase_no_zz__nHalogen__n_OP,424,"{""feature_scale"": 0.125}",True,fidelity_gram_by_construction,hpo_representative,0.0
0.0,3.4,,pair_phase_no_zz__nHalogen__n_OP,425,"{""feature_scale"": 0.125}",True,fidelity_gram_by_construction,hpo_representative,0.0
0.0,3.1,,pair_iqp_zz__nHalogen__n_OP,424,"{""feature_scale"": 0.125}",True,fidelity_gram_by_construction,hpo_representative,0.0
0.0,3.2,,pair_iqp_zz__nHalogen__n_OP,422,"{""feature_scale"": 0.125}",True,fidelity_gram_by_construction,hpo_representative,0.0
0.0,3.3,,pair_iqp_zz__nHalogen__n_OP,424,"{""feature_scale"": 0.125}",True,fidelity_gram_by_construction,hpo_representative,0.0
0.0,3.4,,pair_iqp_zz__nHalogen__n_OP,425,"{""feature_scale"": 0.125}",True,fidelity_gram_by_construction,hpo_representative,0.0
0.0,3.1,,pair_phase_no_zz__nHalogen__LiPHEX_prediction,424,"{""feature_scale"": 0.125}",True,fidelity_gram_by_construction,hpo_representative,0.0
0.0,3.2,,pair_phase_no_zz__nHalogen__LiPHEX_prediction,422,"{""feature_scale"": 0.125}",True,fidelity_gram_by_construction,hpo_representative,0.0
0.0,3.3,,pair_phase_no_zz__nHalogen__LiPHEX_prediction,424,"{""feature_scale"": 0.125}",True,fidelity_gram_by_construction,hpo_representative,0.0
0.0,3.4,,pair_phase_no_zz__nHalogen__LiPHEX_prediction,425,"{""feature_scale"": 0.125}",True,fidelity_gram_by_construction,hpo_representative,0.0
0.0,3.1,,pair_iqp_zz__nHalogen__LiPHEX_prediction,424,"{""feature_scale"": 0.125}",True,fidelity_gram_by_construction,hpo_representative,0.0
0.0,3.2,,pair_iqp_zz__nHalogen__LiPHEX_prediction,422,"{""feature_scale"": 0.125}",True,fidelity_gram_by_construction,hpo_representative,0.0
0.0,3.3,,pair_iqp_zz__nHalogen__LiPHEX_prediction,424,"{""feature_scale"": 0.125}",True,fidelity_gram_by_construction,hpo_representative,0.0
0.0,3.4,,pair_iqp_zz__nHalogen__LiPHEX_prediction,425,"{""feature_scale"": 0.125}",True,fidelity_gram_by_construction,hpo_representative,0.0
0.0,3.1,,pair_phase_no_zz__nHalogen__sasa002_frac_polar_hetero_only,424,"{""feature_scale"": 0.125}",True,fidelity_gram_by_construction,hpo_representative,0.0
0.0,3.2,,pair_phase_no_zz__nHalogen__sasa002_frac_polar_hetero_only,422,"{""feature_scale"": 0.125}",True,fidelity_gram_by_construction,hpo_representative,0.0
0.0,3.3,,pair_phase_no_zz__nHalogen__sasa002_frac_polar_hetero_only,424,"{""feature_scale"": 0.125}",True,fidelity_gram_by_construction,hpo_representative,0.0
0.0,3.4,,pair_phase_no_zz__nHalogen__sasa002_frac_polar_hetero_only,425,"{""feature_scale"": 0.125}",True,fidelity_gram_by_construction,hpo_representative,0.0
0.0,3.1,,pair_iqp_zz__nHalogen__sasa002_frac_polar_hetero_only,424,"{""feature_scale"": 0.125}",True,fidelity_gram_by_construction,hpo_representative,0.0
0.0,3.2,,pair_iqp_zz__nHalogen__sasa002_frac_polar_hetero_only,422,"{""feature_scale"": 0.125}",True,fidelity_gram_by_construction,hpo_representative,0.0
0.0,3.3,,pair_iqp_zz__nHalogen__sasa002_frac_polar_hetero_only,424,"{""feature_scale"": 0.125}",True,fidelity_gram_by_construction,hpo_representative,0.0
0.0,3.4,,pair_iqp_zz__nHalogen__sasa002_frac_polar_hetero_only,425,"{""feature_scale"": 0.125}",True,fidelity_gram_by_construction,hpo_representative,0.0
0.0,3.1,,pair_phase_no_zz__n_OP__LiPHEX_prediction,424,"{""feature_scale"": 0.125}",True,fidelity_gram_by_construction,hpo_representative,0.0
0.0,3.2,,pair_phase_no_zz__n_OP__LiPHEX_prediction,422,"{""feature_scale"": 0.125}",True,fidelity_gram_by_construction,hpo_representative,0.0
0.0,3.3,,pair_phase_no_zz__n_OP__LiPHEX_prediction,424,"{""feature_scale"": 0.125}",True,fidelity_gram_by_construction,hpo_representative,0.0
0.0,3.4,,pair_phase_no_zz__n_OP__LiPHEX_prediction,425,"{""feature_scale"": 0.125}",True,fidelity_gram_by_construction,hpo_representative,0.0
0.0,3.1,,pair_iqp_zz__n_OP__LiPHEX_prediction,424,"{""feature_scale"": 0.125}",True,fidelity_gram_by_construction,hpo_representative,0.0
0.0,3.2,,pair_iqp_zz__n_OP__LiPHEX_prediction,422,"{""feature_scale"": 0.125}",True,fidelity_gram_by_construction,hpo_representative,0.0
0.0,3.3,,pair_iqp_zz__n_OP__LiPHEX_prediction,424,"{""feature_scale"": 0.125}",True,fidelity_gram_by_construction,hpo_representative,0.0
0.0,3.4,,pair_iqp_zz__n_OP__LiPHEX_prediction,425,"{""feature_scale"": 0.125}",True,fidelity_gram_by_construction,hpo_representative,0.0
0.0,3.1,,pair_phase_no_zz__n_OP__sasa002_frac_polar_hetero_only,424,"{""feature_scale"": 0.125}",True,fidelity_gram_by_construction,hpo_representative,0.0
0.0,3.2,,pair_phase_no_zz__n_OP__sasa002_frac_polar_hetero_only,422,"{""feature_scale"": 0.125}",True,fidelity_gram_by_construction,hpo_representative,0.0
0.0,3.3,,pair_phase_no_zz__n_OP__sasa002_frac_polar_hetero_only,424,"{""feature_scale"": 0.125}",True,fidelity_gram_by_construction,hpo_representative,0.0
0.0,3.4,,pair_phase_no_zz__n_OP__sasa002_frac_polar_hetero_only,425,"{""feature_scale"": 0.125}",True,fidelity_gram_by_construction,hpo_representative,0.0
0.0,3.1,,pair_iqp_zz__n_OP__sasa002_frac_polar_hetero_only,424,"{""feature_scale"": 0.125}",True,fidelity_gram_by_construction,hpo_representative,0.0
0.0,3.2,,pair_iqp_zz__n_OP__sasa002_frac_polar_hetero_only,422,"{""feature_scale"": 0.125}",True,fidelity_gram_by_construction,hpo_representative,0.0
0.0,3.3,,pair_iqp_zz__n_OP__sasa002_frac_polar_hetero_only,424,"{""feature_scale"": 0.125}",True,fidelity_gram_by_construction,hpo_representative,0.0
0.0,3.4,,pair_iqp_zz__n_OP__sasa002_frac_polar_hetero_only,425,"{""feature_scale"": 0.125}",True,fidelity_gram_by_construction,hpo_representative,0.0
0.0,3.1,,pair_phase_no_zz__LiPHEX_prediction__sasa002_frac_polar_hetero_only,424,"{""feature_scale"": 0.125}",True,fidelity_gram_by_construction,hpo_representative,0.0
0.0,3.2,,pair_phase_no_zz__LiPHEX_prediction__sasa002_frac_polar_hetero_only,422,"{""feature_scale"": 0.125}",True,fidelity_gram_by_construction,hpo_representative,0.0
0.0,3.3,,pair_phase_no_zz__LiPHEX_prediction__sasa002_frac_polar_hetero_only,424,"{""feature_scale"": 0.125}",True,fidelity_gram_by_construction,hpo_representative,0.0
0.0,3.4,,pair_phase_no_zz__LiPHEX_prediction__sasa002_frac_polar_hetero_only,425,"{""feature_scale"": 0.125}",True,fidelity_gram_by_construction,hpo_representative,0.0
0.0,3.1,,pair_iqp_zz__LiPHEX_prediction__sasa002_frac_polar_hetero_only,424,"{""feature_scale"": 0.125}",True,fidelity_gram_by_construction,hpo_representative,0.0
0.0,3.2,,pair_iqp_zz__LiPHEX_prediction__sasa002_frac_polar_hetero_only,422,"{""feature_scale"": 0.125}",True,fidelity_gram_by_construction,hpo_representative,0.0
0.0,3.3,,pair_iqp_zz__LiPHEX_prediction__sasa002_frac_polar_hetero_only,424,"{""feature_scale"": 0.125}",True,fidelity_gram_by_construction,hpo_representative,0.0
0.0,3.4,,pair_iqp_zz__LiPHEX_prediction__sasa002_frac_polar_hetero_only,425,"{""feature_scale"": 0.125}",True,fidelity_gram_by_construction,hpo_representative,0.0
0.0,3.1,,current_order_10q,424,"{""feature_scale"": 0.125}",True,fidelity_gram_by_construction,hpo_representative,0.0
0.0,3.2,,current_order_10q,422,"{""feature_scale"": 0.125}",True,fidelity_gram_by_construction,hpo_representative,0.0
0.0,3.3,,current_order_10q,424,"{""feature_scale"": 0.125}",True,fidelity_gram_by_construction,hpo_representative,0.0
0.0,3.4,,current_order_10q,425,"{""feature_scale"": 0.125}",True,fidelity_gram_by_construction,hpo_representative,0.0
0.0,3,2.8198678634315866e-16,current_order_10q,565,"{""C"": 1.0, ""feature_scale"": 0.125}",True,numeric,outer_fit,0.0
0.0,3.1,,max_synergy_path_10q,424,"{""feature_scale"": 0.125}",True,fidelity_gram_by_construction,hpo_representative,0.0
0.0,3.2,,max_synergy_path_10q,422,"{""feature_scale"": 0.125}",True,fidelity_gram_by_construction,hpo_representative,0.0
0.0,3.3,,max_synergy_path_10q,424,"{""feature_scale"": 0.125}",True,fidelity_gram_by_construction,hpo_representative,0.0
0.0,3.4,,max_synergy_path_10q,425,"{""feature_scale"": 0.125}",True,fidelity_gram_by_construction,hpo_representative,0.0
0.0,3,3.360730272308572e-16,max_synergy_path_10q,565,"{""C"": 1.0, ""feature_scale"": 0.125}",True,numeric,outer_fit,0.0
0.0,3.1,,stable_synergy_path_10q,424,"{""feature_scale"": 0.125}",True,fidelity_gram_by_construction,hpo_representative,0.0
0.0,3.2,,stable_synergy_path_10q,422,"{""feature_scale"": 0.125}",True,fidelity_gram_by_construction,hpo_representative,0.0
0.0,3.3,,stable_synergy_path_10q,424,"{""feature_scale"": 0.125}",True,fidelity_gram_by_construction,hpo_representative,0.0
0.0,3.4,,stable_synergy_path_10q,425,"{""feature_scale"": 0.125}",True,fidelity_gram_by_construction,hpo_representative,0.0
0.0,3,2.7230268991283656e-16,stable_synergy_path_10q,565,"{""C"": 1.0, ""feature_scale"": 0.125}",True,numeric,outer_fit,0.0
0.0,3.1,,current_order_20q_duplicate,424,"{""feature_scale"": 0.125}",True,fidelity_gram_by_construction,hpo_representative,0.0
0.0,3.2,,current_order_20q_duplicate,422,"{""feature_scale"": 0.125}",True,fidelity_gram_by_construction,hpo_representative,0.0
0.0,3.3,,current_order_20q_duplicate,424,"{""feature_scale"": 0.125}",True,fidelity_gram_by_construction,hpo_representative,0.0
0.0,3.4,,current_order_20q_duplicate,425,"{""feature_scale"": 0.125}",True,fidelity_gram_by_construction,hpo_representative,0.0
0.0,3,-1.7757754896000714e-16,current_order_20q_duplicate,565,"{""C"": 1.0, ""feature_scale"": 0.125}",True,numeric,outer_fit,0.0
0.0,3.1,,current_order_20q_complementary,424,"{""feature_scale"": 0.125}",True,fidelity_gram_by_construction,hpo_representative,0.0
0.0,3.2,,current_order_20q_complementary,422,"{""feature_scale"": 0.125}",True,fidelity_gram_by_construction,hpo_representative,0.0
0.0,3.3,,current_order_20q_complementary,424,"{""feature_scale"": 0.125}",True,fidelity_gram_by_construction,hpo_representative,0.0
0.0,3.4,,current_order_20q_complementary,425,"{""feature_scale"": 0.125}",True,fidelity_gram_by_construction,hpo_representative,0.0
0.0,3,1.6865504499201808e-16,current_order_20q_complementary,565,"{""C"": 1.0, ""feature_scale"": 0.125}",True,numeric,outer_fit,0.0
0.0,3.1,,max_synergy_path_20q_duplicate,424,"{""feature_scale"": 0.125}",True,fidelity_gram_by_construction,hpo_representative,0.0
0.0,3.2,,max_synergy_path_20q_duplicate,422,"{""feature_scale"": 0.125}",True,fidelity_gram_by_construction,hpo_representative,0.0
0.0,3.3,,max_synergy_path_20q_duplicate,424,"{""feature_scale"": 0.125}",True,fidelity_gram_by_construction,hpo_representative,0.0
0.0,3.4,,max_synergy_path_20q_duplicate,425,"{""feature_scale"": 0.125}",True,fidelity_gram_by_construction,hpo_representative,0.0
0.0,3,-6.6075617199959036e-15,max_synergy_path_20q_duplicate,565,"{""C"": 1.0, ""feature_scale"": 1.0}",True,numeric,outer_fit,0.0
0.0,3.1,,max_synergy_path_20q_complementary,424,"{""feature_scale"": 0.125}",True,fidelity_gram_by_construction,hpo_representative,0.0
0.0,3.2,,max_synergy_path_20q_complementary,422,"{""feature_scale"": 0.125}",True,fidelity_gram_by_construction,hpo_representative,0.0
0.0,3.3,,max_synergy_path_20q_complementary,424,"{""feature_scale"": 0.125}",True,fidelity_gram_by_construction,hpo_representative,0.0
0.0,3.4,,max_synergy_path_20q_complementary,425,"{""feature_scale"": 0.125}",True,fidelity_gram_by_construction,hpo_representative,0.0
0.0,3,5.941892008639853e-17,max_synergy_path_20q_complementary,565,"{""C"": 1.0, ""feature_scale"": 0.125}",True,numeric,outer_fit,0.0
0.0,3.1,,stable_synergy_path_20q_duplicate,424,"{""feature_scale"": 0.125}",True,fidelity_gram_by_construction,hpo_representative,0.0
0.0,3.2,,stable_synergy_path_20q_duplicate,422,"{""feature_scale"": 0.125}",True,fidelity_gram_by_construction,hpo_representative,0.0
0.0,3.3,,stable_synergy_path_20q_duplicate,424,"{""feature_scale"": 0.125}",True,fidelity_gram_by_construction,hpo_representative,0.0
0.0,3.4,,stable_synergy_path_20q_duplicate,425,"{""feature_scale"": 0.125}",True,fidelity_gram_by_construction,hpo_representative,0.0
0.0,3,-2.2724485225135672e-17,stable_synergy_path_20q_duplicate,565,"{""C"": 1.0, ""feature_scale"": 0.125}",True,numeric,outer_fit,0.0
0.0,3.1,,stable_synergy_path_20q_complementary,424,"{""feature_scale"": 0.125}",True,fidelity_gram_by_construction,hpo_representative,0.0
0.0,3.2,,stable_synergy_path_20q_complementary,422,"{""feature_scale"": 0.125}",True,fidelity_gram_by_construction,hpo_representative,0.0
0.0,3.3,,stable_synergy_path_20q_complementary,424,"{""feature_scale"": 0.125}",True,fidelity_gram_by_construction,hpo_representative,0.0
0.0,3.4,,stable_synergy_path_20q_complementary,425,"{""feature_scale"": 0.125}",True,fidelity_gram_by_construction,hpo_representative,0.0
0.0,3,1.4479338460266404e-17,stable_synergy_path_20q_complementary,565,"{""C"": 1.0, ""feature_scale"": 0.125}",True,numeric,outer_fit,0.0
0.0,4.1,,singleton__MolLogP,399,"{""feature_scale"": 0.125}",True,fidelity_gram_by_construction,hpo_representative,0.0
0.0,4.2,,singleton__MolLogP,398,"{""feature_scale"": 0.125}",True,fidelity_gram_by_construction,hpo_representative,0.0
0.0,4.3,,singleton__MolLogP,397,"{""feature_scale"": 0.125}",True,fidelity_gram_by_construction,hpo_representative,0.0
0.0,4.4,,singleton__MolLogP,399,"{""feature_scale"": 0.125}",True,fidelity_gram_by_construction,hpo_representative,0.0
0.0,4.1,,singleton__MolWt,399,"{""feature_scale"": 0.125}",True,fidelity_gram_by_construction,hpo_representative,0.0
0.0,4.2,,singleton__MolWt,398,"{""feature_scale"": 0.125}",True,fidelity_gram_by_construction,hpo_representative,0.0
0.0,4.3,,singleton__MolWt,397,"{""feature_scale"": 0.125}",True,fidelity_gram_by_construction,hpo_representative,0.0
0.0,4.4,,singleton__MolWt,399,"{""feature_scale"": 0.125}",True,fidelity_gram_by_construction,hpo_representative,0.0
0.0,4.1,,singleton__TPSA_SP,399,"{""feature_scale"": 0.125}",True,fidelity_gram_by_construction,hpo_representative,0.0
0.0,4.2,,singleton__TPSA_SP,398,"{""feature_scale"": 0.125}",True,fidelity_gram_by_construction,hpo_representative,0.0
0.0,4.3,,singleton__TPSA_SP,397,"{""feature_scale"": 0.125}",True,fidelity_gram_by_construction,hpo_representative,0.0
0.0,4.4,,singleton__TPSA_SP,399,"{""feature_scale"": 0.125}",True,fidelity_gram_by_construction,hpo_representative,0.0
0.0,4.1,,singleton__NumHDonors,399,"{""feature_scale"": 0.125}",True,fidelity_gram_by_construction,hpo_representative,0.0
0.0,4.2,,singleton__NumHDonors,398,"{""feature_scale"": 0.125}",True,fidelity_gram_by_construction,hpo_representative,0.0
0.0,4.3,,singleton__NumHDonors,397,"{""feature_scale"": 0.125}",True,fidelity_gram_by_construction,hpo_representative,0.0
0.0,4.4,,singleton__NumHDonors,399,"{""feature_scale"": 0.125}",True,fidelity_gram_by_construction,hpo_representative,0.0
0.0,4.1,,singleton__NumRotatableBonds,399,"{""feature_scale"": 0.125}",True,fidelity_gram_by_construction,hpo_representative,0.0
0.0,4.2,,singleton__NumRotatableBonds,398,"{""feature_scale"": 0.125}",True,fidelity_gram_by_construction,hpo_representative,0.0
0.0,4.3,,singleton__NumRotatableBonds,397,"{""feature_scale"": 0.125}",True,fidelity_gram_by_construction,hpo_representative,0.0
0.0,4.4,,singleton__NumRotatableBonds,399,"{""feature_scale"": 0.125}",True,fidelity_gram_by_construction,hpo_representative,0.0
0.0,4.1,,singleton__NumAromaticRings,399,"{""feature_scale"": 0.125}",True,fidelity_gram_by_construction,hpo_representative,0.0
0.0,4.2,,singleton__NumAromaticRings,398,"{""feature_scale"": 0.125}",True,fidelity_gram_by_construction,hpo_representative,0.0
0.0,4.3,,singleton__NumAromaticRings,397,"{""feature_scale"": 0.125}",True,fidelity_gram_by_construction,hpo_representative,0.0
0.0,4.4,,singleton__NumAromaticRings,399,"{""feature_scale"": 0.125}",True,fidelity_gram_by_construction,hpo_representative,0.0
0.0,4.1,,singleton__nHalogen,399,"{""feature_scale"": 0.125}",True,fidelity_gram_by_construction,hpo_representative,0.0
0.0,4.2,,singleton__nHalogen,398,"{""feature_scale"": 0.125}",True,fidelity_gram_by_construction,hpo_representative,0.0
0.0,4.3,,singleton__nHalogen,397,"{""feature_scale"": 0.125}",True,fidelity_gram_by_construction,hpo_representative,0.0
0.0,4.4,,singleton__nHalogen,399,"{""feature_scale"": 0.125}",True,fidelity_gram_by_construction,hpo_representative,0.0
0.0,4.1,,singleton__n_OP,399,"{""feature_scale"": 0.125}",True,fidelity_gram_by_construction,hpo_representative,0.0
0.0,4.2,,singleton__n_OP,398,"{""feature_scale"": 0.125}",True,fidelity_gram_by_construction,hpo_representative,0.0
0.0,4.3,,singleton__n_OP,397,"{""feature_scale"": 0.125}",True,fidelity_gram_by_construction,hpo_representative,0.0
0.0,4.4,,singleton__n_OP,399,"{""feature_scale"": 0.125}",True,fidelity_gram_by_construction,hpo_representative,0.0
0.0,4.1,,singleton__LiPHEX_prediction,399,"{""feature_scale"": 0.125}",True,fidelity_gram_by_construction,hpo_representative,0.0
0.0,4.2,,singleton__LiPHEX_prediction,398,"{""feature_scale"": 0.125}",True,fidelity_gram_by_construction,hpo_representative,0.0
0.0,4.3,,singleton__LiPHEX_prediction,397,"{""feature_scale"": 0.125}",True,fidelity_gram_by_construction,hpo_representative,0.0
0.0,4.4,,singleton__LiPHEX_prediction,399,"{""feature_scale"": 0.125}",True,fidelity_gram_by_construction,hpo_representative,0.0
0.0,4.1,,singleton__sasa002_frac_polar_hetero_only,399,"{""feature_scale"": 0.125}",True,fidelity_gram_by_construction,hpo_representative,0.0
0.0,4.2,,singleton__sasa002_frac_polar_hetero_only,398,"{""feature_scale"": 0.125}",True,fidelity_gram_by_construction,hpo_representative,0.0
0.0,4.3,,singleton__sasa002_frac_polar_hetero_only,397,"{""feature_scale"": 0.125}",True,fidelity_gram_by_construction,hpo_representative,0.0
0.0,4.4,,singleton__sasa002_frac_polar_hetero_only,399,"{""feature_scale"": 0.125}",True,fidelity_gram_by_construction,hpo_representative,0.0
0.0,4.1,,pair_phase_no_zz__MolLogP__MolWt,399,"{""feature_scale"": 0.125}",True,fidelity_gram_by_construction,hpo_representative,0.0
0.0,4.2,,pair_phase_no_zz__MolLogP__MolWt,398,"{""feature_scale"": 0.125}",True,fidelity_gram_by_construction,hpo_representative,0.0
0.0,4.3,,pair_phase_no_zz__MolLogP__MolWt,397,"{""feature_scale"": 0.125}",True,fidelity_gram_by_construction,hpo_representative,0.0
0.0,4.4,,pair_phase_no_zz__MolLogP__MolWt,399,"{""feature_scale"": 0.125}",True,fidelity_gram_by_construction,hpo_representative,0.0
0.0,4.1,,pair_iqp_zz__MolLogP__MolWt,399,"{""feature_scale"": 0.125}",True,fidelity_gram_by_construction,hpo_representative,0.0
0.0,4.2,,pair_iqp_zz__MolLogP__MolWt,398,"{""feature_scale"": 0.125}",True,fidelity_gram_by_construction,hpo_representative,0.0
0.0,4.3,,pair_iqp_zz__MolLogP__MolWt,397,"{""feature_scale"": 0.125}",True,fidelity_gram_by_construction,hpo_representative,0.0
0.0,4.4,,pair_iqp_zz__MolLogP__MolWt,399,"{""feature_scale"": 0.125}",True,fidelity_gram_by_construction,hpo_representative,0.0
0.0,4,,pair_iqp_zz__MolLogP__MolWt,531,"{""C"": 0.1, ""feature_scale"": 0.125}",True,fidelity_gram_by_construction,outer_fit,0.0
0.0,4.1,,pair_phase_no_zz__MolLogP__TPSA_SP,399,"{""feature_scale"": 0.125}",True,fidelity_gram_by_construction,hpo_representative,0.0
0.0,4.2,,pair_phase_no_zz__MolLogP__TPSA_SP,398,"{""feature_scale"": 0.125}",True,fidelity_gram_by_construction,hpo_representative,0.0
0.0,4.3,,pair_phase_no_zz__MolLogP__TPSA_SP,397,"{""feature_scale"": 0.125}",True,fidelity_gram_by_construction,hpo_representative,0.0
0.0,4.4,,pair_phase_no_zz__MolLogP__TPSA_SP,399,"{""feature_scale"": 0.125}",True,fidelity_gram_by_construction,hpo_representative,0.0
0.0,4.1,,pair_iqp_zz__MolLogP__TPSA_SP,399,"{""feature_scale"": 0.125}",True,fidelity_gram_by_construction,hpo_representative,0.0
0.0,4.2,,pair_iqp_zz__MolLogP__TPSA_SP,398,"{""feature_scale"": 0.125}",True,fidelity_gram_by_construction,hpo_representative,0.0
0.0,4.3,,pair_iqp_zz__MolLogP__TPSA_SP,397,"{""feature_scale"": 0.125}",True,fidelity_gram_by_construction,hpo_representative,0.0
0.0,4.4,,pair_iqp_zz__MolLogP__TPSA_SP,399,"{""feature_scale"": 0.125}",True,fidelity_gram_by_construction,hpo_representative,0.0
0.0,4.1,,pair_phase_no_zz__MolLogP__NumHDonors,399,"{""feature_scale"": 0.125}",True,fidelity_gram_by_construction,hpo_representative,0.0
0.0,4.2,,pair_phase_no_zz__MolLogP__NumHDonors,398,"{""feature_scale"": 0.125}",True,fidelity_gram_by_construction,hpo_representative,0.0
0.0,4.3,,pair_phase_no_zz__MolLogP__NumHDonors,397,"{""feature_scale"": 0.125}",True,fidelity_gram_by_construction,hpo_representative,0.0
0.0,4.4,,pair_phase_no_zz__MolLogP__NumHDonors,399,"{""feature_scale"": 0.125}",True,fidelity_gram_by_construction,hpo_representative,0.0
0.0,4.1,,pair_iqp_zz__MolLogP__NumHDonors,399,"{""feature_scale"": 0.125}",True,fidelity_gram_by_construction,hpo_representative,0.0
0.0,4.2,,pair_iqp_zz__MolLogP__NumHDonors,398,"{""feature_scale"": 0.125}",True,fidelity_gram_by_construction,hpo_representative,0.0
0.0,4.3,,pair_iqp_zz__MolLogP__NumHDonors,397,"{""feature_scale"": 0.125}",True,fidelity_gram_by_construction,hpo_representative,0.0
0.0,4.4,,pair_iqp_zz__MolLogP__NumHDonors,399,"{""feature_scale"": 0.125}",True,fidelity_gram_by_construction,hpo_representative,0.0
0.0,4.1,,pair_phase_no_zz__MolLogP__NumRotatableBonds,399,"{""feature_scale"": 0.125}",True,fidelity_gram_by_construction,hpo_representative,0.0
0.0,4.2,,pair_phase_no_zz__MolLogP__NumRotatableBonds,398,"{""feature_scale"": 0.125}",True,fidelity_gram_by_construction,hpo_representative,0.0
0.0,4.3,,pair_phase_no_zz__MolLogP__NumRotatableBonds,397,"{""feature_scale"": 0.125}",True,fidelity_gram_by_construction,hpo_representative,0.0
0.0,4.4,,pair_phase_no_zz__MolLogP__NumRotatableBonds,399,"{""feature_scale"": 0.125}",True,fidelity_gram_by_construction,hpo_representative,0.0
0.0,4.1,,pair_iqp_zz__MolLogP__NumRotatableBonds,399,"{""feature_scale"": 0.125}",True,fidelity_gram_by_construction,hpo_representative,0.0
0.0,4.2,,pair_iqp_zz__MolLogP__NumRotatableBonds,398,"{""feature_scale"": 0.125}",True,fidelity_gram_by_construction,hpo_representative,0.0
0.0,4.3,,pair_iqp_zz__MolLogP__NumRotatableBonds,397,"{""feature_scale"": 0.125}",True,fidelity_gram_by_construction,hpo_representative,0.0
0.0,4.4,,pair_iqp_zz__MolLogP__NumRotatableBonds,399,"{""feature_scale"": 0.125}",True,fidelity_gram_by_construction,hpo_representative,0.0
0.0,4.1,,pair_phase_no_zz__MolLogP__NumAromaticRings,399,"{""feature_scale"": 0.125}",True,fidelity_gram_by_construction,hpo_representative,0.0
0.0,4.2,,pair_phase_no_zz__MolLogP__NumAromaticRings,398,"{""feature_scale"": 0.125}",True,fidelity_gram_by_construction,hpo_representative,0.0
0.0,4.3,,pair_phase_no_zz__MolLogP__NumAromaticRings,397,"{""feature_scale"": 0.125}",True,fidelity_gram_by_construction,hpo_representative,0.0
0.0,4.4,,pair_phase_no_zz__MolLogP__NumAromaticRings,399,"{""feature_scale"": 0.125}",True,fidelity_gram_by_construction,hpo_representative,0.0
0.0,4.1,,pair_iqp_zz__MolLogP__NumAromaticRings,399,"{""feature_scale"": 0.125}",True,fidelity_gram_by_construction,hpo_representative,0.0
0.0,4.2,,pair_iqp_zz__MolLogP__NumAromaticRings,398,"{""feature_scale"": 0.125}",True,fidelity_gram_by_construction,hpo_representative,0.0
0.0,4.3,,pair_iqp_zz__MolLogP__NumAromaticRings,397,"{""feature_scale"": 0.125}",True,fidelity_gram_by_construction,hpo_representative,0.0
0.0,4.4,,pair_iqp_zz__MolLogP__NumAromaticRings,399,"{""feature_scale"": 0.125}",True,fidelity_gram_by_construction,hpo_representative,0.0
0.0,4.1,,pair_phase_no_zz__MolLogP__nHalogen,399,"{""feature_scale"": 0.125}",True,fidelity_gram_by_construction,hpo_representative,0.0
0.0,4.2,,pair_phase_no_zz__MolLogP__nHalogen,398,"{""feature_scale"": 0.125}",True,fidelity_gram_by_construction,hpo_representative,0.0
0.0,4.3,,pair_phase_no_zz__MolLogP__nHalogen,397,"{""feature_scale"": 0.125}",True,fidelity_gram_by_construction,hpo_representative,0.0
0.0,4.4,,pair_phase_no_zz__MolLogP__nHalogen,399,"{""feature_scale"": 0.125}",True,fidelity_gram_by_construction,hpo_representative,0.0
0.0,4.1,,pair_iqp_zz__MolLogP__nHalogen,399,"{""feature_scale"": 0.125}",True,fidelity_gram_by_construction,hpo_representative,0.0
0.0,4.2,,pair_iqp_zz__MolLogP__nHalogen,398,"{""feature_scale"": 0.125}",True,fidelity_gram_by_construction,hpo_representative,0.0
0.0,4.3,,pair_iqp_zz__MolLogP__nHalogen,397,"{""feature_scale"": 0.125}",True,fidelity_gram_by_construction,hpo_representative,0.0
0.0,4.4,,pair_iqp_zz__MolLogP__nHalogen,399,"{""feature_scale"": 0.125}",True,fidelity_gram_by_construction,hpo_representative,0.0
0.0,4.1,,pair_phase_no_zz__MolLogP__n_OP,399,"{""feature_scale"": 0.125}",True,fidelity_gram_by_construction,hpo_representative,0.0
0.0,4.2,,pair_phase_no_zz__MolLogP__n_OP,398,"{""feature_scale"": 0.125}",True,fidelity_gram_by_construction,hpo_representative,0.0
0.0,4.3,,pair_phase_no_zz__MolLogP__n_OP,397,"{""feature_scale"": 0.125}",True,fidelity_gram_by_construction,hpo_representative,0.0
0.0,4.4,,pair_phase_no_zz__MolLogP__n_OP,399,"{""feature_scale"": 0.125}",True,fidelity_gram_by_construction,hpo_representative,0.0
0.0,4.1,,pair_iqp_zz__MolLogP__n_OP,399,"{""feature_scale"": 0.125}",True,fidelity_gram_by_construction,hpo_representative,0.0
0.0,4.2,,pair_iqp_zz__MolLogP__n_OP,398,"{""feature_scale"": 0.125}",True,fidelity_gram_by_construction,hpo_representative,0.0
0.0,4.3,,pair_iqp_zz__MolLogP__n_OP,397,"{""feature_scale"": 0.125}",True,fidelity_gram_by_construction,hpo_representative,0.0
0.0,4.4,,pair_iqp_zz__MolLogP__n_OP,399,"{""feature_scale"": 0.125}",True,fidelity_gram_by_construction,hpo_representative,0.0
0.0,4.1,,pair_phase_no_zz__MolLogP__LiPHEX_prediction,399,"{""feature_scale"": 0.125}",True,fidelity_gram_by_construction,hpo_representative,0.0
0.0,4.2,,pair_phase_no_zz__MolLogP__LiPHEX_prediction,398,"{""feature_scale"": 0.125}",True,fidelity_gram_by_construction,hpo_representative,0.0
0.0,4.3,,pair_phase_no_zz__MolLogP__LiPHEX_prediction,397,"{""feature_scale"": 0.125}",True,fidelity_gram_by_construction,hpo_representative,0.0
0.0,4.4,,pair_phase_no_zz__MolLogP__LiPHEX_prediction,399,"{""feature_scale"": 0.125}",True,fidelity_gram_by_construction,hpo_representative,0.0
0.0,4.1,,pair_iqp_zz__MolLogP__LiPHEX_prediction,399,"{""feature_scale"": 0.125}",True,fidelity_gram_by_construction,hpo_representative,0.0
0.0,4.2,,pair_iqp_zz__MolLogP__LiPHEX_prediction,398,"{""feature_scale"": 0.125}",True,fidelity_gram_by_construction,hpo_representative,0.0
0.0,4.3,,pair_iqp_zz__MolLogP__LiPHEX_prediction,397,"{""feature_scale"": 0.125}",True,fidelity_gram_by_construction,hpo_representative,0.0
0.0,4.4,,pair_iqp_zz__MolLogP__LiPHEX_prediction,399,"{""feature_scale"": 0.125}",True,fidelity_gram_by_construction,hpo_representative,0.0
0.0,4.1,,pair_phase_no_zz__MolLogP__sasa002_frac_polar_hetero_only,399,"{""feature_scale"": 0.125}",True,fidelity_gram_by_construction,hpo_representative,0.0
0.0,4.2,,pair_phase_no_zz__MolLogP__sasa002_frac_polar_hetero_only,398,"{""feature_scale"": 0.125}",True,fidelity_gram_by_construction,hpo_representative,0.0
0.0,4.3,,pair_phase_no_zz__MolLogP__sasa002_frac_polar_hetero_only,397,"{""feature_scale"": 0.125}",True,fidelity_gram_by_construction,hpo_representative,0.0
0.0,4.4,,pair_phase_no_zz__MolLogP__sasa002_frac_polar_hetero_only,399,"{""feature_scale"": 0.125}",True,fidelity_gram_by_construction,hpo_representative,0.0
0.0,4.1,,pair_iqp_zz__MolLogP__sasa002_frac_polar_hetero_only,399,"{""feature_scale"": 0.125}",True,fidelity_gram_by_construction,hpo_representative,0.0
0.0,4.2,,pair_iqp_zz__MolLogP__sasa002_frac_polar_hetero_only,398,"{""feature_scale"": 0.125}",True,fidelity_gram_by_construction,hpo_representative,0.0
0.0,4.3,,pair_iqp_zz__MolLogP__sasa002_frac_polar_hetero_only,397,"{""feature_scale"": 0.125}",True,fidelity_gram_by_construction,hpo_representative,0.0
0.0,4.4,,pair_iqp_zz__MolLogP__sasa002_frac_polar_hetero_only,399,"{""feature_scale"": 0.125}",True,fidelity_gram_by_construction,hpo_representative,0.0
0.0,4.1,,pair_phase_no_zz__MolWt__TPSA_SP,399,"{""feature_scale"": 0.125}",True,fidelity_gram_by_construction,hpo_representative,0.0
0.0,4.2,,pair_phase_no_zz__MolWt__TPSA_SP,398,"{""feature_scale"": 0.125}",True,fidelity_gram_by_construction,hpo_representative,0.0
0.0,4.3,,pair_phase_no_zz__MolWt__TPSA_SP,397,"{""feature_scale"": 0.125}",True,fidelity_gram_by_construction,hpo_representative,0.0
0.0,4.4,,pair_phase_no_zz__MolWt__TPSA_SP,399,"{""feature_scale"": 0.125}",True,fidelity_gram_by_construction,hpo_representative,0.0
0.0,4.1,,pair_iqp_zz__MolWt__TPSA_SP,399,"{""feature_scale"": 0.125}",True,fidelity_gram_by_construction,hpo_representative,0.0
0.0,4.2,,pair_iqp_zz__MolWt__TPSA_SP,398,"{""feature_scale"": 0.125}",True,fidelity_gram_by_construction,hpo_representative,0.0
0.0,4.3,,pair_iqp_zz__MolWt__TPSA_SP,397,"{""feature_scale"": 0.125}",True,fidelity_gram_by_construction,hpo_representative,0.0
0.0,4.4,,pair_iqp_zz__MolWt__TPSA_SP,399,"{""feature_scale"": 0.125}",True,fidelity_gram_by_construction,hpo_representative,0.0
0.0,4.1,,pair_phase_no_zz__MolWt__NumHDonors,399,"{""feature_scale"": 0.125}",True,fidelity_gram_by_construction,hpo_representative,0.0
0.0,4.2,,pair_phase_no_zz__MolWt__NumHDonors,398,"{""feature_scale"": 0.125}",True,fidelity_gram_by_construction,hpo_representative,0.0
0.0,4.3,,pair_phase_no_zz__MolWt__NumHDonors,397,"{""feature_scale"": 0.125}",True,fidelity_gram_by_construction,hpo_representative,0.0
0.0,4.4,,pair_phase_no_zz__MolWt__NumHDonors,399,"{""feature_scale"": 0.125}",True,fidelity_gram_by_construction,hpo_representative,0.0
0.0,4.1,,pair_iqp_zz__MolWt__NumHDonors,399,"{""feature_scale"": 0.125}",True,fidelity_gram_by_construction,hpo_representative,0.0
0.0,4.2,,pair_iqp_zz__MolWt__NumHDonors,398,"{""feature_scale"": 0.125}",True,fidelity_gram_by_construction,hpo_representative,0.0
0.0,4.3,,pair_iqp_zz__MolWt__NumHDonors,397,"{""feature_scale"": 0.125}",True,fidelity_gram_by_construction,hpo_representative,0.0
0.0,4.4,,pair_iqp_zz__MolWt__NumHDonors,399,"{""feature_scale"": 0.125}",True,fidelity_gram_by_construction,hpo_representative,0.0
0.0,4.1,,pair_phase_no_zz__MolWt__NumRotatableBonds,399,"{""feature_scale"": 0.125}",True,fidelity_gram_by_construction,hpo_representative,0.0
0.0,4.2,,pair_phase_no_zz__MolWt__NumRotatableBonds,398,"{""feature_scale"": 0.125}",True,fidelity_gram_by_construction,hpo_representative,0.0
0.0,4.3,,pair_phase_no_zz__MolWt__NumRotatableBonds,397,"{""feature_scale"": 0.125}",True,fidelity_gram_by_construction,hpo_representative,0.0
0.0,4.4,,pair_phase_no_zz__MolWt__NumRotatableBonds,399,"{""feature_scale"": 0.125}",True,fidelity_gram_by_construction,hpo_representative,0.0
0.0,4.1,,pair_iqp_zz__MolWt__NumRotatableBonds,399,"{""feature_scale"": 0.125}",True,fidelity_gram_by_construction,hpo_representative,0.0
0.0,4.2,,pair_iqp_zz__MolWt__NumRotatableBonds,398,"{""feature_scale"": 0.125}",True,fidelity_gram_by_construction,hpo_representative,0.0
0.0,4.3,,pair_iqp_zz__MolWt__NumRotatableBonds,397,"{""feature_scale"": 0.125}",True,fidelity_gram_by_construction,hpo_representative,0.0
0.0,4.4,,pair_iqp_zz__MolWt__NumRotatableBonds,399,"{""feature_scale"": 0.125}",True,fidelity_gram_by_construction,hpo_representative,0.0
0.0,4.1,,pair_phase_no_zz__MolWt__NumAromaticRings,399,"{""feature_scale"": 0.125}",True,fidelity_gram_by_construction,hpo_representative,0.0
0.0,4.2,,pair_phase_no_zz__MolWt__NumAromaticRings,398,"{""feature_scale"": 0.125}",True,fidelity_gram_by_construction,hpo_representative,0.0
0.0,4.3,,pair_phase_no_zz__MolWt__NumAromaticRings,397,"{""feature_scale"": 0.125}",True,fidelity_gram_by_construction,hpo_representative,0.0
0.0,4.4,,pair_phase_no_zz__MolWt__NumAromaticRings,399,"{""feature_scale"": 0.125}",True,fidelity_gram_by_construction,hpo_representative,0.0
0.0,4.1,,pair_iqp_zz__MolWt__NumAromaticRings,399,"{""feature_scale"": 0.125}",True,fidelity_gram_by_construction,hpo_representative,0.0
0.0,4.2,,pair_iqp_zz__MolWt__NumAromaticRings,398,"{""feature_scale"": 0.125}",True,fidelity_gram_by_construction,hpo_representative,0.0
0.0,4.3,,pair_iqp_zz__MolWt__NumAromaticRings,397,"{""feature_scale"": 0.125}",True,fidelity_gram_by_construction,hpo_representative,0.0
0.0,4.4,,pair_iqp_zz__MolWt__NumAromaticRings,399,"{""feature_scale"": 0.125}",True,fidelity_gram_by_construction,hpo_representative,0.0
0.0,4.1,,pair_phase_no_zz__MolWt__nHalogen,399,"{""feature_scale"": 0.125}",True,fidelity_gram_by_construction,hpo_representative,0.0
0.0,4.2,,pair_phase_no_zz__MolWt__nHalogen,398,"{""feature_scale"": 0.125}",True,fidelity_gram_by_construction,hpo_representative,0.0
0.0,4.3,,pair_phase_no_zz__MolWt__nHalogen,397,"{""feature_scale"": 0.125}",True,fidelity_gram_by_construction,hpo_representative,0.0
0.0,4.4,,pair_phase_no_zz__MolWt__nHalogen,399,"{""feature_scale"": 0.125}",True,fidelity_gram_by_construction,hpo_representative,0.0
0.0,4.1,,pair_iqp_zz__MolWt__nHalogen,399,"{""feature_scale"": 0.125}",True,fidelity_gram_by_construction,hpo_representative,0.0
0.0,4.2,,pair_iqp_zz__MolWt__nHalogen,398,"{""feature_scale"": 0.125}",True,fidelity_gram_by_construction,hpo_representative,0.0
0.0,4.3,,pair_iqp_zz__MolWt__nHalogen,397,"{""feature_scale"": 0.125}",True,fidelity_gram_by_construction,hpo_representative,0.0
0.0,4.4,,pair_iqp_zz__MolWt__nHalogen,399,"{""feature_scale"": 0.125}",True,fidelity_gram_by_construction,hpo_representative,0.0
0.0,4.1,,pair_phase_no_zz__MolWt__n_OP,399,"{""feature_scale"": 0.125}",True,fidelity_gram_by_construction,hpo_representative,0.0
0.0,4.2,,pair_phase_no_zz__MolWt__n_OP,398,"{""feature_scale"": 0.125}",True,fidelity_gram_by_construction,hpo_representative,0.0
0.0,4.3,,pair_phase_no_zz__MolWt__n_OP,397,"{""feature_scale"": 0.125}",True,fidelity_gram_by_construction,hpo_representative,0.0
0.0,4.4,,pair_phase_no_zz__MolWt__n_OP,399,"{""feature_scale"": 0.125}",True,fidelity_gram_by_construction,hpo_representative,0.0
0.0,4.1,,pair_iqp_zz__MolWt__n_OP,399,"{""feature_scale"": 0.125}",True,fidelity_gram_by_construction,hpo_representative,0.0
0.0,4.2,,pair_iqp_zz__MolWt__n_OP,398,"{""feature_scale"": 0.125}",True,fidelity_gram_by_construction,hpo_representative,0.0
0.0,4.3,,pair_iqp_zz__MolWt__n_OP,397,"{""feature_scale"": 0.125}",True,fidelity_gram_by_construction,hpo_representative,0.0
0.0,4.4,,pair_iqp_zz__MolWt__n_OP,399,"{""feature_scale"": 0.125}",True,fidelity_gram_by_construction,hpo_representative,0.0
0.0,4.1,,pair_phase_no_zz__MolWt__LiPHEX_prediction,399,"{""feature_scale"": 0.125}",True,fidelity_gram_by_construction,hpo_representative,0.0
0.0,4.2,,pair_phase_no_zz__MolWt__LiPHEX_prediction,398,"{""feature_scale"": 0.125}",True,fidelity_gram_by_construction,hpo_representative,0.0
0.0,4.3,,pair_phase_no_zz__MolWt__LiPHEX_prediction,397,"{""feature_scale"": 0.125}",True,fidelity_gram_by_construction,hpo_representative,0.0
0.0,4.4,,pair_phase_no_zz__MolWt__LiPHEX_prediction,399,"{""feature_scale"": 0.125}",True,fidelity_gram_by_construction,hpo_representative,0.0
0.0,4.1,,pair_iqp_zz__MolWt__LiPHEX_prediction,399,"{""feature_scale"": 0.125}",True,fidelity_gram_by_construction,hpo_representative,0.0
0.0,4.2,,pair_iqp_zz__MolWt__LiPHEX_prediction,398,"{""feature_scale"": 0.125}",True,fidelity_gram_by_construction,hpo_representative,0.0
0.0,4.3,,pair_iqp_zz__MolWt__LiPHEX_prediction,397,"{""feature_scale"": 0.125}",True,fidelity_gram_by_construction,hpo_representative,0.0
0.0,4.4,,pair_iqp_zz__MolWt__LiPHEX_prediction,399,"{""feature_scale"": 0.125}",True,fidelity_gram_by_construction,hpo_representative,0.0
0.0,4.1,,pair_phase_no_zz__MolWt__sasa002_frac_polar_hetero_only,399,"{""feature_scale"": 0.125}",True,fidelity_gram_by_construction,hpo_representative,0.0
0.0,4.2,,pair_phase_no_zz__MolWt__sasa002_frac_polar_hetero_only,398,"{""feature_scale"": 0.125}",True,fidelity_gram_by_construction,hpo_representative,0.0
0.0,4.3,,pair_phase_no_zz__MolWt__sasa002_frac_polar_hetero_only,397,"{""feature_scale"": 0.125}",True,fidelity_gram_by_construction,hpo_representative,0.0
0.0,4.4,,pair_phase_no_zz__MolWt__sasa002_frac_polar_hetero_only,399,"{""feature_scale"": 0.125}",True,fidelity_gram_by_construction,hpo_representative,0.0
0.0,4.1,,pair_iqp_zz__MolWt__sasa002_frac_polar_hetero_only,399,"{""feature_scale"": 0.125}",True,fidelity_gram_by_construction,hpo_representative,0.0
0.0,4.2,,pair_iqp_zz__MolWt__sasa002_frac_polar_hetero_only,398,"{""feature_scale"": 0.125}",True,fidelity_gram_by_construction,hpo_representative,0.0
0.0,4.3,,pair_iqp_zz__MolWt__sasa002_frac_polar_hetero_only,397,"{""feature_scale"": 0.125}",True,fidelity_gram_by_construction,hpo_representative,0.0
0.0,4.4,,pair_iqp_zz__MolWt__sasa002_frac_polar_hetero_only,399,"{""feature_scale"": 0.125}",True,fidelity_gram_by_construction,hpo_representative,0.0
0.0,4.1,,pair_phase_no_zz__TPSA_SP__NumHDonors,399,"{""feature_scale"": 0.125}",True,fidelity_gram_by_construction,hpo_representative,0.0
0.0,4.2,,pair_phase_no_zz__TPSA_SP__NumHDonors,398,"{""feature_scale"": 0.125}",True,fidelity_gram_by_construction,hpo_representative,0.0
0.0,4.3,,pair_phase_no_zz__TPSA_SP__NumHDonors,397,"{""feature_scale"": 0.125}",True,fidelity_gram_by_construction,hpo_representative,0.0
0.0,4.4,,pair_phase_no_zz__TPSA_SP__NumHDonors,399,"{""feature_scale"": 0.125}",True,fidelity_gram_by_construction,hpo_representative,0.0
0.0,4.1,,pair_iqp_zz__TPSA_SP__NumHDonors,399,"{""feature_scale"": 0.125}",True,fidelity_gram_by_construction,hpo_representative,0.0
0.0,4.2,,pair_iqp_zz__TPSA_SP__NumHDonors,398,"{""feature_scale"": 0.125}",True,fidelity_gram_by_construction,hpo_representative,0.0
0.0,4.3,,pair_iqp_zz__TPSA_SP__NumHDonors,397,"{""feature_scale"": 0.125}",True,fidelity_gram_by_construction,hpo_representative,0.0
0.0,4.4,,pair_iqp_zz__TPSA_SP__NumHDonors,399,"{""feature_scale"": 0.125}",True,fidelity_gram_by_construction,hpo_representative,0.0
0.0,4.1,,pair_phase_no_zz__TPSA_SP__NumRotatableBonds,399,"{""feature_scale"": 0.125}",True,fidelity_gram_by_construction,hpo_representative,0.0
0.0,4.2,,pair_phase_no_zz__TPSA_SP__NumRotatableBonds,398,"{""feature_scale"": 0.125}",True,fidelity_gram_by_construction,hpo_representative,0.0
0.0,4.3,,pair_phase_no_zz__TPSA_SP__NumRotatableBonds,397,"{""feature_scale"": 0.125}",True,fidelity_gram_by_construction,hpo_representative,0.0
0.0,4.4,,pair_phase_no_zz__TPSA_SP__NumRotatableBonds,399,"{""feature_scale"": 0.125}",True,fidelity_gram_by_construction,hpo_representative,0.0
0.0,4.1,,pair_iqp_zz__TPSA_SP__NumRotatableBonds,399,"{""feature_scale"": 0.125}",True,fidelity_gram_by_construction,hpo_representative,0.0
0.0,4.2,,pair_iqp_zz__TPSA_SP__NumRotatableBonds,398,"{""feature_scale"": 0.125}",True,fidelity_gram_by_construction,hpo_representative,0.0
0.0,4.3,,pair_iqp_zz__TPSA_SP__NumRotatableBonds,397,"{""feature_scale"": 0.125}",True,fidelity_gram_by_construction,hpo_representative,0.0
0.0,4.4,,pair_iqp_zz__TPSA_SP__NumRotatableBonds,399,"{""feature_scale"": 0.125}",True,fidelity_gram_by_construction,hpo_representative,0.0
0.0,4.1,,pair_phase_no_zz__TPSA_SP__NumAromaticRings,399,"{""feature_scale"": 0.125}",True,fidelity_gram_by_construction,hpo_representative,0.0
0.0,4.2,,pair_phase_no_zz__TPSA_SP__NumAromaticRings,398,"{""feature_scale"": 0.125}",True,fidelity_gram_by_construction,hpo_representative,0.0
0.0,4.3,,pair_phase_no_zz__TPSA_SP__NumAromaticRings,397,"{""feature_scale"": 0.125}",True,fidelity_gram_by_construction,hpo_representative,0.0
0.0,4.4,,pair_phase_no_zz__TPSA_SP__NumAromaticRings,399,"{""feature_scale"": 0.125}",True,fidelity_gram_by_construction,hpo_representative,0.0
0.0,4.1,,pair_iqp_zz__TPSA_SP__NumAromaticRings,399,"{""feature_scale"": 0.125}",True,fidelity_gram_by_construction,hpo_representative,0.0
0.0,4.2,,pair_iqp_zz__TPSA_SP__NumAromaticRings,398,"{""feature_scale"": 0.125}",True,fidelity_gram_by_construction,hpo_representative,0.0
0.0,4.3,,pair_iqp_zz__TPSA_SP__NumAromaticRings,397,"{""feature_scale"": 0.125}",True,fidelity_gram_by_construction,hpo_representative,0.0
0.0,4.4,,pair_iqp_zz__TPSA_SP__NumAromaticRings,399,"{""feature_scale"": 0.125}",True,fidelity_gram_by_construction,hpo_representative,0.0
0.0,4.1,,pair_phase_no_zz__TPSA_SP__nHalogen,399,"{""feature_scale"": 0.125}",True,fidelity_gram_by_construction,hpo_representative,0.0
0.0,4.2,,pair_phase_no_zz__TPSA_SP__nHalogen,398,"{""feature_scale"": 0.125}",True,fidelity_gram_by_construction,hpo_representative,0.0
0.0,4.3,,pair_phase_no_zz__TPSA_SP__nHalogen,397,"{""feature_scale"": 0.125}",True,fidelity_gram_by_construction,hpo_representative,0.0
0.0,4.4,,pair_phase_no_zz__TPSA_SP__nHalogen,399,"{""feature_scale"": 0.125}",True,fidelity_gram_by_construction,hpo_representative,0.0
0.0,4.1,,pair_iqp_zz__TPSA_SP__nHalogen,399,"{""feature_scale"": 0.125}",True,fidelity_gram_by_construction,hpo_representative,0.0
0.0,4.2,,pair_iqp_zz__TPSA_SP__nHalogen,398,"{""feature_scale"": 0.125}",True,fidelity_gram_by_construction,hpo_representative,0.0
0.0,4.3,,pair_iqp_zz__TPSA_SP__nHalogen,397,"{""feature_scale"": 0.125}",True,fidelity_gram_by_construction,hpo_representative,0.0
0.0,4.4,,pair_iqp_zz__TPSA_SP__nHalogen,399,"{""feature_scale"": 0.125}",True,fidelity_gram_by_construction,hpo_representative,0.0
0.0,4.1,,pair_phase_no_zz__TPSA_SP__n_OP,399,"{""feature_scale"": 0.125}",True,fidelity_gram_by_construction,hpo_representative,0.0
0.0,4.2,,pair_phase_no_zz__TPSA_SP__n_OP,398,"{""feature_scale"": 0.125}",True,fidelity_gram_by_construction,hpo_representative,0.0
0.0,4.3,,pair_phase_no_zz__TPSA_SP__n_OP,397,"{""feature_scale"": 0.125}",True,fidelity_gram_by_construction,hpo_representative,0.0
0.0,4.4,,pair_phase_no_zz__TPSA_SP__n_OP,399,"{""feature_scale"": 0.125}",True,fidelity_gram_by_construction,hpo_representative,0.0
0.0,4.1,,pair_iqp_zz__TPSA_SP__n_OP,399,"{""feature_scale"": 0.125}",True,fidelity_gram_by_construction,hpo_representative,0.0
0.0,4.2,,pair_iqp_zz__TPSA_SP__n_OP,398,"{""feature_scale"": 0.125}",True,fidelity_gram_by_construction,hpo_representative,0.0
0.0,4.3,,pair_iqp_zz__TPSA_SP__n_OP,397,"{""feature_scale"": 0.125}",True,fidelity_gram_by_construction,hpo_representative,0.0
0.0,4.4,,pair_iqp_zz__TPSA_SP__n_OP,399,"{""feature_scale"": 0.125}",True,fidelity_gram_by_construction,hpo_representative,0.0
0.0,4.1,,pair_phase_no_zz__TPSA_SP__LiPHEX_prediction,399,"{""feature_scale"": 0.125}",True,fidelity_gram_by_construction,hpo_representative,0.0
0.0,4.2,,pair_phase_no_zz__TPSA_SP__LiPHEX_prediction,398,"{""feature_scale"": 0.125}",True,fidelity_gram_by_construction,hpo_representative,0.0
0.0,4.3,,pair_phase_no_zz__TPSA_SP__LiPHEX_prediction,397,"{""feature_scale"": 0.125}",True,fidelity_gram_by_construction,hpo_representative,0.0
0.0,4.4,,pair_phase_no_zz__TPSA_SP__LiPHEX_prediction,399,"{""feature_scale"": 0.125}",True,fidelity_gram_by_construction,hpo_representative,0.0
0.0,4.1,,pair_iqp_zz__TPSA_SP__LiPHEX_prediction,399,"{""feature_scale"": 0.125}",True,fidelity_gram_by_construction,hpo_representative,0.0
0.0,4.2,,pair_iqp_zz__TPSA_SP__LiPHEX_prediction,398,"{""feature_scale"": 0.125}",True,fidelity_gram_by_construction,hpo_representative,0.0
0.0,4.3,,pair_iqp_zz__TPSA_SP__LiPHEX_prediction,397,"{""feature_scale"": 0.125}",True,fidelity_gram_by_construction,hpo_representative,0.0
0.0,4.4,,pair_iqp_zz__TPSA_SP__LiPHEX_prediction,399,"{""feature_scale"": 0.125}",True,fidelity_gram_by_construction,hpo_representative,0.0
0.0,4.1,,pair_phase_no_zz__TPSA_SP__sasa002_frac_polar_hetero_only,399,"{""feature_scale"": 0.125}",True,fidelity_gram_by_construction,hpo_representative,0.0
0.0,4.2,,pair_phase_no_zz__TPSA_SP__sasa002_frac_polar_hetero_only,398,"{""feature_scale"": 0.125}",True,fidelity_gram_by_construction,hpo_representative,0.0
0.0,4.3,,pair_phase_no_zz__TPSA_SP__sasa002_frac_polar_hetero_only,397,"{""feature_scale"": 0.125}",True,fidelity_gram_by_construction,hpo_representative,0.0
0.0,4.4,,pair_phase_no_zz__TPSA_SP__sasa002_frac_polar_hetero_only,399,"{""feature_scale"": 0.125}",True,fidelity_gram_by_construction,hpo_representative,0.0
0.0,4.1,,pair_iqp_zz__TPSA_SP__sasa002_frac_polar_hetero_only,399,"{""feature_scale"": 0.125}",True,fidelity_gram_by_construction,hpo_representative,0.0
0.0,4.2,,pair_iqp_zz__TPSA_SP__sasa002_frac_polar_hetero_only,398,"{""feature_scale"": 0.125}",True,fidelity_gram_by_construction,hpo_representative,0.0
0.0,4.3,,pair_iqp_zz__TPSA_SP__sasa002_frac_polar_hetero_only,397,"{""feature_scale"": 0.125}",True,fidelity_gram_by_construction,hpo_representative,0.0
0.0,4.4,,pair_iqp_zz__TPSA_SP__sasa002_frac_polar_hetero_only,399,"{""feature_scale"": 0.125}",True,fidelity_gram_by_construction,hpo_representative,0.0
0.0,4.1,,pair_phase_no_zz__NumHDonors__NumRotatableBonds,399,"{""feature_scale"": 0.125}",True,fidelity_gram_by_construction,hpo_representative,0.0
0.0,4.2,,pair_phase_no_zz__NumHDonors__NumRotatableBonds,398,"{""feature_scale"": 0.125}",True,fidelity_gram_by_construction,hpo_representative,0.0
0.0,4.3,,pair_phase_no_zz__NumHDonors__NumRotatableBonds,397,"{""feature_scale"": 0.125}",True,fidelity_gram_by_construction,hpo_representative,0.0
0.0,4.4,,pair_phase_no_zz__NumHDonors__NumRotatableBonds,399,"{""feature_scale"": 0.125}",True,fidelity_gram_by_construction,hpo_representative,0.0
0.0,4.1,,pair_iqp_zz__NumHDonors__NumRotatableBonds,399,"{""feature_scale"": 0.125}",True,fidelity_gram_by_construction,hpo_representative,0.0
0.0,4.2,,pair_iqp_zz__NumHDonors__NumRotatableBonds,398,"{""feature_scale"": 0.125}",True,fidelity_gram_by_construction,hpo_representative,0.0
0.0,4.3,,pair_iqp_zz__NumHDonors__NumRotatableBonds,397,"{""feature_scale"": 0.125}",True,fidelity_gram_by_construction,hpo_representative,0.0
0.0,4.4,,pair_iqp_zz__NumHDonors__NumRotatableBonds,399,"{""feature_scale"": 0.125}",True,fidelity_gram_by_construction,hpo_representative,0.0
0.0,4.1,,pair_phase_no_zz__NumHDonors__NumAromaticRings,399,"{""feature_scale"": 0.125}",True,fidelity_gram_by_construction,hpo_representative,0.0
0.0,4.2,,pair_phase_no_zz__NumHDonors__NumAromaticRings,398,"{""feature_scale"": 0.125}",True,fidelity_gram_by_construction,hpo_representative,0.0
0.0,4.3,,pair_phase_no_zz__NumHDonors__NumAromaticRings,397,"{""feature_scale"": 0.125}",True,fidelity_gram_by_construction,hpo_representative,0.0
0.0,4.4,,pair_phase_no_zz__NumHDonors__NumAromaticRings,399,"{""feature_scale"": 0.125}",True,fidelity_gram_by_construction,hpo_representative,0.0
0.0,4.1,,pair_iqp_zz__NumHDonors__NumAromaticRings,399,"{""feature_scale"": 0.125}",True,fidelity_gram_by_construction,hpo_representative,0.0
0.0,4.2,,pair_iqp_zz__NumHDonors__NumAromaticRings,398,"{""feature_scale"": 0.125}",True,fidelity_gram_by_construction,hpo_representative,0.0
0.0,4.3,,pair_iqp_zz__NumHDonors__NumAromaticRings,397,"{""feature_scale"": 0.125}",True,fidelity_gram_by_construction,hpo_representative,0.0
0.0,4.4,,pair_iqp_zz__NumHDonors__NumAromaticRings,399,"{""feature_scale"": 0.125}",True,fidelity_gram_by_construction,hpo_representative,0.0
0.0,4.1,,pair_phase_no_zz__NumHDonors__nHalogen,399,"{""feature_scale"": 0.125}",True,fidelity_gram_by_construction,hpo_representative,0.0
0.0,4.2,,pair_phase_no_zz__NumHDonors__nHalogen,398,"{""feature_scale"": 0.125}",True,fidelity_gram_by_construction,hpo_representative,0.0
0.0,4.3,,pair_phase_no_zz__NumHDonors__nHalogen,397,"{""feature_scale"": 0.125}",True,fidelity_gram_by_construction,hpo_representative,0.0
0.0,4.4,,pair_phase_no_zz__NumHDonors__nHalogen,399,"{""feature_scale"": 0.125}",True,fidelity_gram_by_construction,hpo_representative,0.0
0.0,4.1,,pair_iqp_zz__NumHDonors__nHalogen,399,"{""feature_scale"": 0.125}",True,fidelity_gram_by_construction,hpo_representative,0.0
0.0,4.2,,pair_iqp_zz__NumHDonors__nHalogen,398,"{""feature_scale"": 0.125}",True,fidelity_gram_by_construction,hpo_representative,0.0
0.0,4.3,,pair_iqp_zz__NumHDonors__nHalogen,397,"{""feature_scale"": 0.125}",True,fidelity_gram_by_construction,hpo_representative,0.0
0.0,4.4,,pair_iqp_zz__NumHDonors__nHalogen,399,"{""feature_scale"": 0.125}",True,fidelity_gram_by_construction,hpo_representative,0.0
0.0,4.1,,pair_phase_no_zz__NumHDonors__n_OP,399,"{""feature_scale"": 0.125}",True,fidelity_gram_by_construction,hpo_representative,0.0
0.0,4.2,,pair_phase_no_zz__NumHDonors__n_OP,398,"{""feature_scale"": 0.125}",True,fidelity_gram_by_construction,hpo_representative,0.0
0.0,4.3,,pair_phase_no_zz__NumHDonors__n_OP,397,"{""feature_scale"": 0.125}",True,fidelity_gram_by_construction,hpo_representative,0.0
0.0,4.4,,pair_phase_no_zz__NumHDonors__n_OP,399,"{""feature_scale"": 0.125}",True,fidelity_gram_by_construction,hpo_representative,0.0
0.0,4.1,,pair_iqp_zz__NumHDonors__n_OP,399,"{""feature_scale"": 0.125}",True,fidelity_gram_by_construction,hpo_representative,0.0
0.0,4.2,,pair_iqp_zz__NumHDonors__n_OP,398,"{""feature_scale"": 0.125}",True,fidelity_gram_by_construction,hpo_representative,0.0
0.0,4.3,,pair_iqp_zz__NumHDonors__n_OP,397,"{""feature_scale"": 0.125}",True,fidelity_gram_by_construction,hpo_representative,0.0
0.0,4.4,,pair_iqp_zz__NumHDonors__n_OP,399,"{""feature_scale"": 0.125}",True,fidelity_gram_by_construction,hpo_representative,0.0
0.0,4.1,,pair_phase_no_zz__NumHDonors__LiPHEX_prediction,399,"{""feature_scale"": 0.125}",True,fidelity_gram_by_construction,hpo_representative,0.0
0.0,4.2,,pair_phase_no_zz__NumHDonors__LiPHEX_prediction,398,"{""feature_scale"": 0.125}",True,fidelity_gram_by_construction,hpo_representative,0.0
0.0,4.3,,pair_phase_no_zz__NumHDonors__LiPHEX_prediction,397,"{""feature_scale"": 0.125}",True,fidelity_gram_by_construction,hpo_representative,0.0
0.0,4.4,,pair_phase_no_zz__NumHDonors__LiPHEX_prediction,399,"{""feature_scale"": 0.125}",True,fidelity_gram_by_construction,hpo_representative,0.0
0.0,4.1,,pair_iqp_zz__NumHDonors__LiPHEX_prediction,399,"{""feature_scale"": 0.125}",True,fidelity_gram_by_construction,hpo_representative,0.0
0.0,4.2,,pair_iqp_zz__NumHDonors__LiPHEX_prediction,398,"{""feature_scale"": 0.125}",True,fidelity_gram_by_construction,hpo_representative,0.0
0.0,4.3,,pair_iqp_zz__NumHDonors__LiPHEX_prediction,397,"{""feature_scale"": 0.125}",True,fidelity_gram_by_construction,hpo_representative,0.0
0.0,4.4,,pair_iqp_zz__NumHDonors__LiPHEX_prediction,399,"{""feature_scale"": 0.125}",True,fidelity_gram_by_construction,hpo_representative,0.0
0.0,4.1,,pair_phase_no_zz__NumHDonors__sasa002_frac_polar_hetero_only,399,"{""feature_scale"": 0.125}",True,fidelity_gram_by_construction,hpo_representative,0.0
0.0,4.2,,pair_phase_no_zz__NumHDonors__sasa002_frac_polar_hetero_only,398,"{""feature_scale"": 0.125}",True,fidelity_gram_by_construction,hpo_representative,0.0
0.0,4.3,,pair_phase_no_zz__NumHDonors__sasa002_frac_polar_hetero_only,397,"{""feature_scale"": 0.125}",True,fidelity_gram_by_construction,hpo_representative,0.0
0.0,4.4,,pair_phase_no_zz__NumHDonors__sasa002_frac_polar_hetero_only,399,"{""feature_scale"": 0.125}",True,fidelity_gram_by_construction,hpo_representative,0.0
0.0,4.1,,pair_iqp_zz__NumHDonors__sasa002_frac_polar_hetero_only,399,"{""feature_scale"": 0.125}",True,fidelity_gram_by_construction,hpo_representative,0.0
0.0,4.2,,pair_iqp_zz__NumHDonors__sasa002_frac_polar_hetero_only,398,"{""feature_scale"": 0.125}",True,fidelity_gram_by_construction,hpo_representative,0.0
0.0,4.3,,pair_iqp_zz__NumHDonors__sasa002_frac_polar_hetero_only,397,"{""feature_scale"": 0.125}",True,fidelity_gram_by_construction,hpo_representative,0.0
0.0,4.4,,pair_iqp_zz__NumHDonors__sasa002_frac_polar_hetero_only,399,"{""feature_scale"": 0.125}",True,fidelity_gram_by_construction,hpo_representative,0.0
0.0,4.1,,pair_phase_no_zz__NumRotatableBonds__NumAromaticRings,399,"{""feature_scale"": 0.125}",True,fidelity_gram_by_construction,hpo_representative,0.0
0.0,4.2,,pair_phase_no_zz__NumRotatableBonds__NumAromaticRings,398,"{""feature_scale"": 0.125}",True,fidelity_gram_by_construction,hpo_representative,0.0
0.0,4.3,,pair_phase_no_zz__NumRotatableBonds__NumAromaticRings,397,"{""feature_scale"": 0.125}",True,fidelity_gram_by_construction,hpo_representative,0.0
0.0,4.4,,pair_phase_no_zz__NumRotatableBonds__NumAromaticRings,399,"{""feature_scale"": 0.125}",True,fidelity_gram_by_construction,hpo_representative,0.0
0.0,4.1,,pair_iqp_zz__NumRotatableBonds__NumAromaticRings,399,"{""feature_scale"": 0.125}",True,fidelity_gram_by_construction,hpo_representative,0.0
0.0,4.2,,pair_iqp_zz__NumRotatableBonds__NumAromaticRings,398,"{""feature_scale"": 0.125}",True,fidelity_gram_by_construction,hpo_representative,0.0
0.0,4.3,,pair_iqp_zz__NumRotatableBonds__NumAromaticRings,397,"{""feature_scale"": 0.125}",True,fidelity_gram_by_construction,hpo_representative,0.0
0.0,4.4,,pair_iqp_zz__NumRotatableBonds__NumAromaticRings,399,"{""feature_scale"": 0.125}",True,fidelity_gram_by_construction,hpo_representative,0.0
0.0,4.1,,pair_phase_no_zz__NumRotatableBonds__nHalogen,399,"{""feature_scale"": 0.125}",True,fidelity_gram_by_construction,hpo_representative,0.0
0.0,4.2,,pair_phase_no_zz__NumRotatableBonds__nHalogen,398,"{""feature_scale"": 0.125}",True,fidelity_gram_by_construction,hpo_representative,0.0
0.0,4.3,,pair_phase_no_zz__NumRotatableBonds__nHalogen,397,"{""feature_scale"": 0.125}",True,fidelity_gram_by_construction,hpo_representative,0.0
0.0,4.4,,pair_phase_no_zz__NumRotatableBonds__nHalogen,399,"{""feature_scale"": 0.125}",True,fidelity_gram_by_construction,hpo_representative,0.0
0.0,4.1,,pair_iqp_zz__NumRotatableBonds__nHalogen,399,"{""feature_scale"": 0.125}",True,fidelity_gram_by_construction,hpo_representative,0.0
0.0,4.2,,pair_iqp_zz__NumRotatableBonds__nHalogen,398,"{""feature_scale"": 0.125}",True,fidelity_gram_by_construction,hpo_representative,0.0
0.0,4.3,,pair_iqp_zz__NumRotatableBonds__nHalogen,397,"{""feature_scale"": 0.125}",True,fidelity_gram_by_construction,hpo_representative,0.0
0.0,4.4,,pair_iqp_zz__NumRotatableBonds__nHalogen,399,"{""feature_scale"": 0.125}",True,fidelity_gram_by_construction,hpo_representative,0.0
0.0,4.1,,pair_phase_no_zz__NumRotatableBonds__n_OP,399,"{""feature_scale"": 0.125}",True,fidelity_gram_by_construction,hpo_representative,0.0
0.0,4.2,,pair_phase_no_zz__NumRotatableBonds__n_OP,398,"{""feature_scale"": 0.125}",True,fidelity_gram_by_construction,hpo_representative,0.0
0.0,4.3,,pair_phase_no_zz__NumRotatableBonds__n_OP,397,"{""feature_scale"": 0.125}",True,fidelity_gram_by_construction,hpo_representative,0.0
0.0,4.4,,pair_phase_no_zz__NumRotatableBonds__n_OP,399,"{""feature_scale"": 0.125}",True,fidelity_gram_by_construction,hpo_representative,0.0
0.0,4.1,,pair_iqp_zz__NumRotatableBonds__n_OP,399,"{""feature_scale"": 0.125}",True,fidelity_gram_by_construction,hpo_representative,0.0
0.0,4.2,,pair_iqp_zz__NumRotatableBonds__n_OP,398,"{""feature_scale"": 0.125}",True,fidelity_gram_by_construction,hpo_representative,0.0
0.0,4.3,,pair_iqp_zz__NumRotatableBonds__n_OP,397,"{""feature_scale"": 0.125}",True,fidelity_gram_by_construction,hpo_representative,0.0
0.0,4.4,,pair_iqp_zz__NumRotatableBonds__n_OP,399,"{""feature_scale"": 0.125}",True,fidelity_gram_by_construction,hpo_representative,0.0
0.0,4.1,,pair_phase_no_zz__NumRotatableBonds__LiPHEX_prediction,399,"{""feature_scale"": 0.125}",True,fidelity_gram_by_construction,hpo_representative,0.0
0.0,4.2,,pair_phase_no_zz__NumRotatableBonds__LiPHEX_prediction,398,"{""feature_scale"": 0.125}",True,fidelity_gram_by_construction,hpo_representative,0.0
0.0,4.3,,pair_phase_no_zz__NumRotatableBonds__LiPHEX_prediction,397,"{""feature_scale"": 0.125}",True,fidelity_gram_by_construction,hpo_representative,0.0
0.0,4.4,,pair_phase_no_zz__NumRotatableBonds__LiPHEX_prediction,399,"{""feature_scale"": 0.125}",True,fidelity_gram_by_construction,hpo_representative,0.0
0.0,4.1,,pair_iqp_zz__NumRotatableBonds__LiPHEX_prediction,399,"{""feature_scale"": 0.125}",True,fidelity_gram_by_construction,hpo_representative,0.0
0.0,4.2,,pair_iqp_zz__NumRotatableBonds__LiPHEX_prediction,398,"{""feature_scale"": 0.125}",True,fidelity_gram_by_construction,hpo_representative,0.0
0.0,4.3,,pair_iqp_zz__NumRotatableBonds__LiPHEX_prediction,397,"{""feature_scale"": 0.125}",True,fidelity_gram_by_construction,hpo_representative,0.0
0.0,4.4,,pair_iqp_zz__NumRotatableBonds__LiPHEX_prediction,399,"{""feature_scale"": 0.125}",True,fidelity_gram_by_construction,hpo_representative,0.0
0.0,4.1,,pair_phase_no_zz__NumRotatableBonds__sasa002_frac_polar_hetero_only,399,"{""feature_scale"": 0.125}",True,fidelity_gram_by_construction,hpo_representative,0.0
0.0,4.2,,pair_phase_no_zz__NumRotatableBonds__sasa002_frac_polar_hetero_only,398,"{""feature_scale"": 0.125}",True,fidelity_gram_by_construction,hpo_representative,0.0
0.0,4.3,,pair_phase_no_zz__NumRotatableBonds__sasa002_frac_polar_hetero_only,397,"{""feature_scale"": 0.125}",True,fidelity_gram_by_construction,hpo_representative,0.0
0.0,4.4,,pair_phase_no_zz__NumRotatableBonds__sasa002_frac_polar_hetero_only,399,"{""feature_scale"": 0.125}",True,fidelity_gram_by_construction,hpo_representative,0.0
0.0,4.1,,pair_iqp_zz__NumRotatableBonds__sasa002_frac_polar_hetero_only,399,"{""feature_scale"": 0.125}",True,fidelity_gram_by_construction,hpo_representative,0.0
0.0,4.2,,pair_iqp_zz__NumRotatableBonds__sasa002_frac_polar_hetero_only,398,"{""feature_scale"": 0.125}",True,fidelity_gram_by_construction,hpo_representative,0.0
0.0,4.3,,pair_iqp_zz__NumRotatableBonds__sasa002_frac_polar_hetero_only,397,"{""feature_scale"": 0.125}",True,fidelity_gram_by_construction,hpo_representative,0.0
0.0,4.4,,pair_iqp_zz__NumRotatableBonds__sasa002_frac_polar_hetero_only,399,"{""feature_scale"": 0.125}",True,fidelity_gram_by_construction,hpo_representative,0.0
0.0,4.1,,pair_phase_no_zz__NumAromaticRings__nHalogen,399,"{""feature_scale"": 0.125}",True,fidelity_gram_by_construction,hpo_representative,0.0
0.0,4.2,,pair_phase_no_zz__NumAromaticRings__nHalogen,398,"{""feature_scale"": 0.125}",True,fidelity_gram_by_construction,hpo_representative,0.0
0.0,4.3,,pair_phase_no_zz__NumAromaticRings__nHalogen,397,"{""feature_scale"": 0.125}",True,fidelity_gram_by_construction,hpo_representative,0.0
0.0,4.4,,pair_phase_no_zz__NumAromaticRings__nHalogen,399,"{""feature_scale"": 0.125}",True,fidelity_gram_by_construction,hpo_representative,0.0
0.0,4.1,,pair_iqp_zz__NumAromaticRings__nHalogen,399,"{""feature_scale"": 0.125}",True,fidelity_gram_by_construction,hpo_representative,0.0
0.0,4.2,,pair_iqp_zz__NumAromaticRings__nHalogen,398,"{""feature_scale"": 0.125}",True,fidelity_gram_by_construction,hpo_representative,0.0
0.0,4.3,,pair_iqp_zz__NumAromaticRings__nHalogen,397,"{""feature_scale"": 0.125}",True,fidelity_gram_by_construction,hpo_representative,0.0
0.0,4.4,,pair_iqp_zz__NumAromaticRings__nHalogen,399,"{""feature_scale"": 0.125}",True,fidelity_gram_by_construction,hpo_representative,0.0
0.0,4.1,,pair_phase_no_zz__NumAromaticRings__n_OP,399,"{""feature_scale"": 0.125}",True,fidelity_gram_by_construction,hpo_representative,0.0
0.0,4.2,,pair_phase_no_zz__NumAromaticRings__n_OP,398,"{""feature_scale"": 0.125}",True,fidelity_gram_by_construction,hpo_representative,0.0
0.0,4.3,,pair_phase_no_zz__NumAromaticRings__n_OP,397,"{""feature_scale"": 0.125}",True,fidelity_gram_by_construction,hpo_representative,0.0
0.0,4.4,,pair_phase_no_zz__NumAromaticRings__n_OP,399,"{""feature_scale"": 0.125}",True,fidelity_gram_by_construction,hpo_representative,0.0
0.0,4.1,,pair_iqp_zz__NumAromaticRings__n_OP,399,"{""feature_scale"": 0.125}",True,fidelity_gram_by_construction,hpo_representative,0.0
0.0,4.2,,pair_iqp_zz__NumAromaticRings__n_OP,398,"{""feature_scale"": 0.125}",True,fidelity_gram_by_construction,hpo_representative,0.0
0.0,4.3,,pair_iqp_zz__NumAromaticRings__n_OP,397,"{""feature_scale"": 0.125}",True,fidelity_gram_by_construction,hpo_representative,0.0
0.0,4.4,,pair_iqp_zz__NumAromaticRings__n_OP,399,"{""feature_scale"": 0.125}",True,fidelity_gram_by_construction,hpo_representative,0.0
0.0,4.1,,pair_phase_no_zz__NumAromaticRings__LiPHEX_prediction,399,"{""feature_scale"": 0.125}",True,fidelity_gram_by_construction,hpo_representative,0.0
0.0,4.2,,pair_phase_no_zz__NumAromaticRings__LiPHEX_prediction,398,"{""feature_scale"": 0.125}",True,fidelity_gram_by_construction,hpo_representative,0.0
0.0,4.3,,pair_phase_no_zz__NumAromaticRings__LiPHEX_prediction,397,"{""feature_scale"": 0.125}",True,fidelity_gram_by_construction,hpo_representative,0.0
0.0,4.4,,pair_phase_no_zz__NumAromaticRings__LiPHEX_prediction,399,"{""feature_scale"": 0.125}",True,fidelity_gram_by_construction,hpo_representative,0.0
0.0,4.1,,pair_iqp_zz__NumAromaticRings__LiPHEX_prediction,399,"{""feature_scale"": 0.125}",True,fidelity_gram_by_construction,hpo_representative,0.0
0.0,4.2,,pair_iqp_zz__NumAromaticRings__LiPHEX_prediction,398,"{""feature_scale"": 0.125}",True,fidelity_gram_by_construction,hpo_representative,0.0
0.0,4.3,,pair_iqp_zz__NumAromaticRings__LiPHEX_prediction,397,"{""feature_scale"": 0.125}",True,fidelity_gram_by_construction,hpo_representative,0.0
0.0,4.4,,pair_iqp_zz__NumAromaticRings__LiPHEX_prediction,399,"{""feature_scale"": 0.125}",True,fidelity_gram_by_construction,hpo_representative,0.0
0.0,4.1,,pair_phase_no_zz__NumAromaticRings__sasa002_frac_polar_hetero_only,399,"{""feature_scale"": 0.125}",True,fidelity_gram_by_construction,hpo_representative,0.0
0.0,4.2,,pair_phase_no_zz__NumAromaticRings__sasa002_frac_polar_hetero_only,398,"{""feature_scale"": 0.125}",True,fidelity_gram_by_construction,hpo_representative,0.0
0.0,4.3,,pair_phase_no_zz__NumAromaticRings__sasa002_frac_polar_hetero_only,397,"{""feature_scale"": 0.125}",True,fidelity_gram_by_construction,hpo_representative,0.0
0.0,4.4,,pair_phase_no_zz__NumAromaticRings__sasa002_frac_polar_hetero_only,399,"{""feature_scale"": 0.125}",True,fidelity_gram_by_construction,hpo_representative,0.0
0.0,4.1,,pair_iqp_zz__NumAromaticRings__sasa002_frac_polar_hetero_only,399,"{""feature_scale"": 0.125}",True,fidelity_gram_by_construction,hpo_representative,0.0
0.0,4.2,,pair_iqp_zz__NumAromaticRings__sasa002_frac_polar_hetero_only,398,"{""feature_scale"": 0.125}",True,fidelity_gram_by_construction,hpo_representative,0.0
0.0,4.3,,pair_iqp_zz__NumAromaticRings__sasa002_frac_polar_hetero_only,397,"{""feature_scale"": 0.125}",True,fidelity_gram_by_construction,hpo_representative,0.0
0.0,4.4,,pair_iqp_zz__NumAromaticRings__sasa002_frac_polar_hetero_only,399,"{""feature_scale"": 0.125}",True,fidelity_gram_by_construction,hpo_representative,0.0
0.0,4.1,,pair_phase_no_zz__nHalogen__n_OP,399,"{""feature_scale"": 0.125}",True,fidelity_gram_by_construction,hpo_representative,0.0
0.0,4.2,,pair_phase_no_zz__nHalogen__n_OP,398,"{""feature_scale"": 0.125}",True,fidelity_gram_by_construction,hpo_representative,0.0
0.0,4.3,,pair_phase_no_zz__nHalogen__n_OP,397,"{""feature_scale"": 0.125}",True,fidelity_gram_by_construction,hpo_representative,0.0
0.0,4.4,,pair_phase_no_zz__nHalogen__n_OP,399,"{""feature_scale"": 0.125}",True,fidelity_gram_by_construction,hpo_representative,0.0
0.0,4.1,,pair_iqp_zz__nHalogen__n_OP,399,"{""feature_scale"": 0.125}",True,fidelity_gram_by_construction,hpo_representative,0.0
0.0,4.2,,pair_iqp_zz__nHalogen__n_OP,398,"{""feature_scale"": 0.125}",True,fidelity_gram_by_construction,hpo_representative,0.0
0.0,4.3,,pair_iqp_zz__nHalogen__n_OP,397,"{""feature_scale"": 0.125}",True,fidelity_gram_by_construction,hpo_representative,0.0
0.0,4.4,,pair_iqp_zz__nHalogen__n_OP,399,"{""feature_scale"": 0.125}",True,fidelity_gram_by_construction,hpo_representative,0.0
0.0,4.1,,pair_phase_no_zz__nHalogen__LiPHEX_prediction,399,"{""feature_scale"": 0.125}",True,fidelity_gram_by_construction,hpo_representative,0.0
0.0,4.2,,pair_phase_no_zz__nHalogen__LiPHEX_prediction,398,"{""feature_scale"": 0.125}",True,fidelity_gram_by_construction,hpo_representative,0.0
0.0,4.3,,pair_phase_no_zz__nHalogen__LiPHEX_prediction,397,"{""feature_scale"": 0.125}",True,fidelity_gram_by_construction,hpo_representative,0.0
0.0,4.4,,pair_phase_no_zz__nHalogen__LiPHEX_prediction,399,"{""feature_scale"": 0.125}",True,fidelity_gram_by_construction,hpo_representative,0.0
0.0,4.1,,pair_iqp_zz__nHalogen__LiPHEX_prediction,399,"{""feature_scale"": 0.125}",True,fidelity_gram_by_construction,hpo_representative,0.0
0.0,4.2,,pair_iqp_zz__nHalogen__LiPHEX_prediction,398,"{""feature_scale"": 0.125}",True,fidelity_gram_by_construction,hpo_representative,0.0
0.0,4.3,,pair_iqp_zz__nHalogen__LiPHEX_prediction,397,"{""feature_scale"": 0.125}",True,fidelity_gram_by_construction,hpo_representative,0.0
0.0,4.4,,pair_iqp_zz__nHalogen__LiPHEX_prediction,399,"{""feature_scale"": 0.125}",True,fidelity_gram_by_construction,hpo_representative,0.0
0.0,4.1,,pair_phase_no_zz__nHalogen__sasa002_frac_polar_hetero_only,399,"{""feature_scale"": 0.125}",True,fidelity_gram_by_construction,hpo_representative,0.0
0.0,4.2,,pair_phase_no_zz__nHalogen__sasa002_frac_polar_hetero_only,398,"{""feature_scale"": 0.125}",True,fidelity_gram_by_construction,hpo_representative,0.0
0.0,4.3,,pair_phase_no_zz__nHalogen__sasa002_frac_polar_hetero_only,397,"{""feature_scale"": 0.125}",True,fidelity_gram_by_construction,hpo_representative,0.0
0.0,4.4,,pair_phase_no_zz__nHalogen__sasa002_frac_polar_hetero_only,399,"{""feature_scale"": 0.125}",True,fidelity_gram_by_construction,hpo_representative,0.0
0.0,4.1,,pair_iqp_zz__nHalogen__sasa002_frac_polar_hetero_only,399,"{""feature_scale"": 0.125}",True,fidelity_gram_by_construction,hpo_representative,0.0
0.0,4.2,,pair_iqp_zz__nHalogen__sasa002_frac_polar_hetero_only,398,"{""feature_scale"": 0.125}",True,fidelity_gram_by_construction,hpo_representative,0.0
0.0,4.3,,pair_iqp_zz__nHalogen__sasa002_frac_polar_hetero_only,397,"{""feature_scale"": 0.125}",True,fidelity_gram_by_construction,hpo_representative,0.0
0.0,4.4,,pair_iqp_zz__nHalogen__sasa002_frac_polar_hetero_only,399,"{""feature_scale"": 0.125}",True,fidelity_gram_by_construction,hpo_representative,0.0
0.0,4.1,,pair_phase_no_zz__n_OP__LiPHEX_prediction,399,"{""feature_scale"": 0.125}",True,fidelity_gram_by_construction,hpo_representative,0.0
0.0,4.2,,pair_phase_no_zz__n_OP__LiPHEX_prediction,398,"{""feature_scale"": 0.125}",True,fidelity_gram_by_construction,hpo_representative,0.0
0.0,4.3,,pair_phase_no_zz__n_OP__LiPHEX_prediction,397,"{""feature_scale"": 0.125}",True,fidelity_gram_by_construction,hpo_representative,0.0
0.0,4.4,,pair_phase_no_zz__n_OP__LiPHEX_prediction,399,"{""feature_scale"": 0.125}",True,fidelity_gram_by_construction,hpo_representative,0.0
0.0,4.1,,pair_iqp_zz__n_OP__LiPHEX_prediction,399,"{""feature_scale"": 0.125}",True,fidelity_gram_by_construction,hpo_representative,0.0
0.0,4.2,,pair_iqp_zz__n_OP__LiPHEX_prediction,398,"{""feature_scale"": 0.125}",True,fidelity_gram_by_construction,hpo_representative,0.0
0.0,4.3,,pair_iqp_zz__n_OP__LiPHEX_prediction,397,"{""feature_scale"": 0.125}",True,fidelity_gram_by_construction,hpo_representative,0.0
0.0,4.4,,pair_iqp_zz__n_OP__LiPHEX_prediction,399,"{""feature_scale"": 0.125}",True,fidelity_gram_by_construction,hpo_representative,0.0
0.0,4.1,,pair_phase_no_zz__n_OP__sasa002_frac_polar_hetero_only,399,"{""feature_scale"": 0.125}",True,fidelity_gram_by_construction,hpo_representative,0.0
0.0,4.2,,pair_phase_no_zz__n_OP__sasa002_frac_polar_hetero_only,398,"{""feature_scale"": 0.125}",True,fidelity_gram_by_construction,hpo_representative,0.0
0.0,4.3,,pair_phase_no_zz__n_OP__sasa002_frac_polar_hetero_only,397,"{""feature_scale"": 0.125}",True,fidelity_gram_by_construction,hpo_representative,0.0
0.0,4.4,,pair_phase_no_zz__n_OP__sasa002_frac_polar_hetero_only,399,"{""feature_scale"": 0.125}",True,fidelity_gram_by_construction,hpo_representative,0.0
0.0,4.1,,pair_iqp_zz__n_OP__sasa002_frac_polar_hetero_only,399,"{""feature_scale"": 0.125}",True,fidelity_gram_by_construction,hpo_representative,0.0
0.0,4.2,,pair_iqp_zz__n_OP__sasa002_frac_polar_hetero_only,398,"{""feature_scale"": 0.125}",True,fidelity_gram_by_construction,hpo_representative,0.0
0.0,4.3,,pair_iqp_zz__n_OP__sasa002_frac_polar_hetero_only,397,"{""feature_scale"": 0.125}",True,fidelity_gram_by_construction,hpo_representative,0.0
0.0,4.4,,pair_iqp_zz__n_OP__sasa002_frac_polar_hetero_only,399,"{""feature_scale"": 0.125}",True,fidelity_gram_by_construction,hpo_representative,0.0
0.0,4.1,,pair_phase_no_zz__LiPHEX_prediction__sasa002_frac_polar_hetero_only,399,"{""feature_scale"": 0.125}",True,fidelity_gram_by_construction,hpo_representative,0.0
0.0,4.2,,pair_phase_no_zz__LiPHEX_prediction__sasa002_frac_polar_hetero_only,398,"{""feature_scale"": 0.125}",True,fidelity_gram_by_construction,hpo_representative,0.0
0.0,4.3,,pair_phase_no_zz__LiPHEX_prediction__sasa002_frac_polar_hetero_only,397,"{""feature_scale"": 0.125}",True,fidelity_gram_by_construction,hpo_representative,0.0
0.0,4.4,,pair_phase_no_zz__LiPHEX_prediction__sasa002_frac_polar_hetero_only,399,"{""feature_scale"": 0.125}",True,fidelity_gram_by_construction,hpo_representative,0.0
0.0,4.1,,pair_iqp_zz__LiPHEX_prediction__sasa002_frac_polar_hetero_only,399,"{""feature_scale"": 0.125}",True,fidelity_gram_by_construction,hpo_representative,0.0
0.0,4.2,,pair_iqp_zz__LiPHEX_prediction__sasa002_frac_polar_hetero_only,398,"{""feature_scale"": 0.125}",True,fidelity_gram_by_construction,hpo_representative,0.0
0.0,4.3,,pair_iqp_zz__LiPHEX_prediction__sasa002_frac_polar_hetero_only,397,"{""feature_scale"": 0.125}",True,fidelity_gram_by_construction,hpo_representative,0.0
0.0,4.4,,pair_iqp_zz__LiPHEX_prediction__sasa002_frac_polar_hetero_only,399,"{""feature_scale"": 0.125}",True,fidelity_gram_by_construction,hpo_representative,0.0
0.0,4.1,,current_order_10q,399,"{""feature_scale"": 0.125}",True,fidelity_gram_by_construction,hpo_representative,0.0
0.0,4.2,,current_order_10q,398,"{""feature_scale"": 0.125}",True,fidelity_gram_by_construction,hpo_representative,0.0
0.0,4.3,,current_order_10q,397,"{""feature_scale"": 0.125}",True,fidelity_gram_by_construction,hpo_representative,0.0
0.0,4.4,,current_order_10q,399,"{""feature_scale"": 0.125}",True,fidelity_gram_by_construction,hpo_representative,0.0
0.0,4,1.787812612498066e-05,current_order_10q,531,"{""C"": 0.1, ""feature_scale"": 0.5}",True,numeric,outer_fit,0.0
0.0,4.1,,max_synergy_path_10q,399,"{""feature_scale"": 0.125}",True,fidelity_gram_by_construction,hpo_representative,0.0
0.0,4.2,,max_synergy_path_10q,398,"{""feature_scale"": 0.125}",True,fidelity_gram_by_construction,hpo_representative,0.0
0.0,4.3,,max_synergy_path_10q,397,"{""feature_scale"": 0.125}",True,fidelity_gram_by_construction,hpo_representative,0.0
0.0,4.4,,max_synergy_path_10q,399,"{""feature_scale"": 0.125}",True,fidelity_gram_by_construction,hpo_representative,0.0
0.0,4,2.0450362217011206e-05,max_synergy_path_10q,531,"{""C"": 0.1, ""feature_scale"": 0.5}",True,numeric,outer_fit,0.0
0.0,4.1,,stable_synergy_path_10q,399,"{""feature_scale"": 0.125}",True,fidelity_gram_by_construction,hpo_representative,0.0
0.0,4.2,,stable_synergy_path_10q,398,"{""feature_scale"": 0.125}",True,fidelity_gram_by_construction,hpo_representative,0.0
0.0,4.3,,stable_synergy_path_10q,397,"{""feature_scale"": 0.125}",True,fidelity_gram_by_construction,hpo_representative,0.0
0.0,4.4,,stable_synergy_path_10q,399,"{""feature_scale"": 0.125}",True,fidelity_gram_by_construction,hpo_representative,0.0
0.0,4,1.8702775405521992e-05,stable_synergy_path_10q,531,"{""C"": 0.1, ""feature_scale"": 0.5}",True,numeric,outer_fit,0.0
0.0,4.1,,current_order_20q_duplicate,399,"{""feature_scale"": 0.125}",True,fidelity_gram_by_construction,hpo_representative,0.0
0.0,4.2,,current_order_20q_duplicate,398,"{""feature_scale"": 0.125}",True,fidelity_gram_by_construction,hpo_representative,0.0
0.0,4.3,,current_order_20q_duplicate,397,"{""feature_scale"": 0.125}",True,fidelity_gram_by_construction,hpo_representative,0.0
0.0,4.4,,current_order_20q_duplicate,399,"{""feature_scale"": 0.125}",True,fidelity_gram_by_construction,hpo_representative,0.0
0.0,4,2.199786278423544e-06,current_order_20q_duplicate,531,"{""C"": 1.0, ""feature_scale"": 0.25}",True,numeric,outer_fit,0.0
0.0,4.1,,current_order_20q_complementary,399,"{""feature_scale"": 0.125}",True,fidelity_gram_by_construction,hpo_representative,0.0
0.0,4.2,,current_order_20q_complementary,398,"{""feature_scale"": 0.125}",True,fidelity_gram_by_construction,hpo_representative,0.0
0.0,4.3,,current_order_20q_complementary,397,"{""feature_scale"": 0.125}",True,fidelity_gram_by_construction,hpo_representative,0.0
0.0,4.4,,current_order_20q_complementary,399,"{""feature_scale"": 0.125}",True,fidelity_gram_by_construction,hpo_representative,0.0
0.0,4,4.065336899648113e-08,current_order_20q_complementary,531,"{""C"": 0.1, ""feature_scale"": 0.125}",True,numeric,outer_fit,0.0
0.0,4.1,,max_synergy_path_20q_duplicate,399,"{""feature_scale"": 0.125}",True,fidelity_gram_by_construction,hpo_representative,0.0
0.0,4.2,,max_synergy_path_20q_duplicate,398,"{""feature_scale"": 0.125}",True,fidelity_gram_by_construction,hpo_representative,0.0
0.0,4.3,,max_synergy_path_20q_duplicate,397,"{""feature_scale"": 0.125}",True,fidelity_gram_by_construction,hpo_representative,0.0
0.0,4.4,,max_synergy_path_20q_duplicate,399,"{""feature_scale"": 0.125}",True,fidelity_gram_by_construction,hpo_representative,0.0
0.0,4,2.270339677766058e-06,max_synergy_path_20q_duplicate,531,"{""C"": 1.0, ""feature_scale"": 0.25}",True,numeric,outer_fit,0.0
0.0,4.1,,max_synergy_path_20q_complementary,399,"{""feature_scale"": 0.125}",True,fidelity_gram_by_construction,hpo_representative,0.0
0.0,4.2,,max_synergy_path_20q_complementary,398,"{""feature_scale"": 0.125}",True,fidelity_gram_by_construction,hpo_representative,0.0
0.0,4.3,,max_synergy_path_20q_complementary,397,"{""feature_scale"": 0.125}",True,fidelity_gram_by_construction,hpo_representative,0.0
0.0,4.4,,max_synergy_path_20q_complementary,399,"{""feature_scale"": 0.125}",True,fidelity_gram_by_construction,hpo_representative,0.0
0.0,4,4.097538034100131e-08,max_synergy_path_20q_complementary,531,"{""C"": 0.1, ""feature_scale"": 0.125}",True,numeric,outer_fit,0.0
0.0,4.1,,stable_synergy_path_20q_duplicate,399,"{""feature_scale"": 0.125}",True,fidelity_gram_by_construction,hpo_representative,0.0
0.0,4.2,,stable_synergy_path_20q_duplicate,398,"{""feature_scale"": 0.125}",True,fidelity_gram_by_construction,hpo_representative,0.0
0.0,4.3,,stable_synergy_path_20q_duplicate,397,"{""feature_scale"": 0.125}",True,fidelity_gram_by_construction,hpo_representative,0.0
0.0,4.4,,stable_synergy_path_20q_duplicate,399,"{""feature_scale"": 0.125}",True,fidelity_gram_by_construction,hpo_representative,0.0
0.0,4,2.2292939526726687e-06,stable_synergy_path_20q_duplicate,531,"{""C"": 1.0, ""feature_scale"": 0.25}",True,numeric,outer_fit,0.0
0.0,4.1,,stable_synergy_path_20q_complementary,399,"{""feature_scale"": 0.125}",True,fidelity_gram_by_construction,hpo_representative,0.0
0.0,4.2,,stable_synergy_path_20q_complementary,398,"{""feature_scale"": 0.125}",True,fidelity_gram_by_construction,hpo_representative,0.0
0.0,4.3,,stable_synergy_path_20q_complementary,397,"{""feature_scale"": 0.125}",True,fidelity_gram_by_construction,hpo_representative,0.0
0.0,4.4,,stable_synergy_path_20q_complementary,399,"{""feature_scale"": 0.125}",True,fidelity_gram_by_construction,hpo_representative,0.0
0.0,4,4.073720165329117e-08,stable_synergy_path_20q_complementary,531,"{""C"": 0.1, ""feature_scale"": 0.125}",True,numeric,outer_fit,0.0
0.0,5.1,,singleton__MolLogP,429,"{""feature_scale"": 0.125}",True,fidelity_gram_by_construction,hpo_representative,0.0
0.0,5.2,,singleton__MolLogP,427,"{""feature_scale"": 0.125}",True,fidelity_gram_by_construction,hpo_representative,0.0
0.0,5.3,,singleton__MolLogP,425,"{""feature_scale"": 0.125}",True,fidelity_gram_by_construction,hpo_representative,0.0
0.0,5.4,,singleton__MolLogP,429,"{""feature_scale"": 0.125}",True,fidelity_gram_by_construction,hpo_representative,0.0
0.0,5.1,,singleton__MolWt,429,"{""feature_scale"": 0.125}",True,fidelity_gram_by_construction,hpo_representative,0.0
0.0,5.2,,singleton__MolWt,427,"{""feature_scale"": 0.125}",True,fidelity_gram_by_construction,hpo_representative,0.0
0.0,5.3,,singleton__MolWt,425,"{""feature_scale"": 0.125}",True,fidelity_gram_by_construction,hpo_representative,0.0
0.0,5.4,,singleton__MolWt,429,"{""feature_scale"": 0.125}",True,fidelity_gram_by_construction,hpo_representative,0.0
0.0,5.1,,singleton__TPSA_SP,429,"{""feature_scale"": 0.125}",True,fidelity_gram_by_construction,hpo_representative,0.0
0.0,5.2,,singleton__TPSA_SP,427,"{""feature_scale"": 0.125}",True,fidelity_gram_by_construction,hpo_representative,0.0
0.0,5.3,,singleton__TPSA_SP,425,"{""feature_scale"": 0.125}",True,fidelity_gram_by_construction,hpo_representative,0.0
0.0,5.4,,singleton__TPSA_SP,429,"{""feature_scale"": 0.125}",True,fidelity_gram_by_construction,hpo_representative,0.0
0.0,5.1,,singleton__NumHDonors,429,"{""feature_scale"": 0.125}",True,fidelity_gram_by_construction,hpo_representative,0.0
0.0,5.2,,singleton__NumHDonors,427,"{""feature_scale"": 0.125}",True,fidelity_gram_by_construction,hpo_representative,0.0
0.0,5.3,,singleton__NumHDonors,425,"{""feature_scale"": 0.125}",True,fidelity_gram_by_construction,hpo_representative,0.0
0.0,5.4,,singleton__NumHDonors,429,"{""feature_scale"": 0.125}",True,fidelity_gram_by_construction,hpo_representative,0.0
0.0,5.1,,singleton__NumRotatableBonds,429,"{""feature_scale"": 0.125}",True,fidelity_gram_by_construction,hpo_representative,0.0
0.0,5.2,,singleton__NumRotatableBonds,427,"{""feature_scale"": 0.125}",True,fidelity_gram_by_construction,hpo_representative,0.0
0.0,5.3,,singleton__NumRotatableBonds,425,"{""feature_scale"": 0.125}",True,fidelity_gram_by_construction,hpo_representative,0.0
0.0,5.4,,singleton__NumRotatableBonds,429,"{""feature_scale"": 0.125}",True,fidelity_gram_by_construction,hpo_representative,0.0
0.0,5.1,,singleton__NumAromaticRings,429,"{""feature_scale"": 0.125}",True,fidelity_gram_by_construction,hpo_representative,0.0
0.0,5.2,,singleton__NumAromaticRings,427,"{""feature_scale"": 0.125}",True,fidelity_gram_by_construction,hpo_representative,0.0
0.0,5.3,,singleton__NumAromaticRings,425,"{""feature_scale"": 0.125}",True,fidelity_gram_by_construction,hpo_representative,0.0
0.0,5.4,,singleton__NumAromaticRings,429,"{""feature_scale"": 0.125}",True,fidelity_gram_by_construction,hpo_representative,0.0
0.0,5.1,,singleton__nHalogen,429,"{""feature_scale"": 0.125}",True,fidelity_gram_by_construction,hpo_representative,0.0
0.0,5.2,,singleton__nHalogen,427,"{""feature_scale"": 0.125}",True,fidelity_gram_by_construction,hpo_representative,0.0
0.0,5.3,,singleton__nHalogen,425,"{""feature_scale"": 0.125}",True,fidelity_gram_by_construction,hpo_representative,0.0
0.0,5.4,,singleton__nHalogen,429,"{""feature_scale"": 0.125}",True,fidelity_gram_by_construction,hpo_representative,0.0
0.0,5.1,,singleton__n_OP,429,"{""feature_scale"": 0.125}",True,fidelity_gram_by_construction,hpo_representative,0.0
0.0,5.2,,singleton__n_OP,427,"{""feature_scale"": 0.125}",True,fidelity_gram_by_construction,hpo_representative,0.0
0.0,5.3,,singleton__n_OP,425,"{""feature_scale"": 0.125}",True,fidelity_gram_by_construction,hpo_representative,0.0
0.0,5.4,,singleton__n_OP,429,"{""feature_scale"": 0.125}",True,fidelity_gram_by_construction,hpo_representative,0.0
0.0,5.1,,singleton__LiPHEX_prediction,429,"{""feature_scale"": 0.125}",True,fidelity_gram_by_construction,hpo_representative,0.0
0.0,5.2,,singleton__LiPHEX_prediction,427,"{""feature_scale"": 0.125}",True,fidelity_gram_by_construction,hpo_representative,0.0
0.0,5.3,,singleton__LiPHEX_prediction,425,"{""feature_scale"": 0.125}",True,fidelity_gram_by_construction,hpo_representative,0.0
0.0,5.4,,singleton__LiPHEX_prediction,429,"{""feature_scale"": 0.125}",True,fidelity_gram_by_construction,hpo_representative,0.0
0.0,5.1,,singleton__sasa002_frac_polar_hetero_only,429,"{""feature_scale"": 0.125}",True,fidelity_gram_by_construction,hpo_representative,0.0
0.0,5.2,,singleton__sasa002_frac_polar_hetero_only,427,"{""feature_scale"": 0.125}",True,fidelity_gram_by_construction,hpo_representative,0.0
0.0,5.3,,singleton__sasa002_frac_polar_hetero_only,425,"{""feature_scale"": 0.125}",True,fidelity_gram_by_construction,hpo_representative,0.0
0.0,5.4,,singleton__sasa002_frac_polar_hetero_only,429,"{""feature_scale"": 0.125}",True,fidelity_gram_by_construction,hpo_representative,0.0
0.0,5.1,,pair_phase_no_zz__MolLogP__MolWt,429,"{""feature_scale"": 0.125}",True,fidelity_gram_by_construction,hpo_representative,0.0
0.0,5.2,,pair_phase_no_zz__MolLogP__MolWt,427,"{""feature_scale"": 0.125}",True,fidelity_gram_by_construction,hpo_representative,0.0
0.0,5.3,,pair_phase_no_zz__MolLogP__MolWt,425,"{""feature_scale"": 0.125}",True,fidelity_gram_by_construction,hpo_representative,0.0
0.0,5.4,,pair_phase_no_zz__MolLogP__MolWt,429,"{""feature_scale"": 0.125}",True,fidelity_gram_by_construction,hpo_representative,0.0
0.0,5.1,,pair_iqp_zz__MolLogP__MolWt,429,"{""feature_scale"": 0.125}",True,fidelity_gram_by_construction,hpo_representative,0.0
0.0,5.2,,pair_iqp_zz__MolLogP__MolWt,427,"{""feature_scale"": 0.125}",True,fidelity_gram_by_construction,hpo_representative,0.0
0.0,5.3,,pair_iqp_zz__MolLogP__MolWt,425,"{""feature_scale"": 0.125}",True,fidelity_gram_by_construction,hpo_representative,0.0
0.0,5.4,,pair_iqp_zz__MolLogP__MolWt,429,"{""feature_scale"": 0.125}",True,fidelity_gram_by_construction,hpo_representative,0.0
0.0,5,,pair_iqp_zz__MolLogP__MolWt,570,"{""C"": 1.0, ""feature_scale"": 0.125}",True,fidelity_gram_by_construction,outer_fit,0.0
0.0,5.1,,pair_phase_no_zz__MolLogP__TPSA_SP,429,"{""feature_scale"": 0.125}",True,fidelity_gram_by_construction,hpo_representative,0.0
0.0,5.2,,pair_phase_no_zz__MolLogP__TPSA_SP,427,"{""feature_scale"": 0.125}",True,fidelity_gram_by_construction,hpo_representative,0.0
0.0,5.3,,pair_phase_no_zz__MolLogP__TPSA_SP,425,"{""feature_scale"": 0.125}",True,fidelity_gram_by_construction,hpo_representative,0.0
0.0,5.4,,pair_phase_no_zz__MolLogP__TPSA_SP,429,"{""feature_scale"": 0.125}",True,fidelity_gram_by_construction,hpo_representative,0.0
0.0,5.1,,pair_iqp_zz__MolLogP__TPSA_SP,429,"{""feature_scale"": 0.125}",True,fidelity_gram_by_construction,hpo_representative,0.0
0.0,5.2,,pair_iqp_zz__MolLogP__TPSA_SP,427,"{""feature_scale"": 0.125}",True,fidelity_gram_by_construction,hpo_representative,0.0
0.0,5.3,,pair_iqp_zz__MolLogP__TPSA_SP,425,"{""feature_scale"": 0.125}",True,fidelity_gram_by_construction,hpo_representative,0.0
0.0,5.4,,pair_iqp_zz__MolLogP__TPSA_SP,429,"{""feature_scale"": 0.125}",True,fidelity_gram_by_construction,hpo_representative,0.0
0.0,5.1,,pair_phase_no_zz__MolLogP__NumHDonors,429,"{""feature_scale"": 0.125}",True,fidelity_gram_by_construction,hpo_representative,0.0
0.0,5.2,,pair_phase_no_zz__MolLogP__NumHDonors,427,"{""feature_scale"": 0.125}",True,fidelity_gram_by_construction,hpo_representative,0.0
0.0,5.3,,pair_phase_no_zz__MolLogP__NumHDonors,425,"{""feature_scale"": 0.125}",True,fidelity_gram_by_construction,hpo_representative,0.0
0.0,5.4,,pair_phase_no_zz__MolLogP__NumHDonors,429,"{""feature_scale"": 0.125}",True,fidelity_gram_by_construction,hpo_representative,0.0
0.0,5.1,,pair_iqp_zz__MolLogP__NumHDonors,429,"{""feature_scale"": 0.125}",True,fidelity_gram_by_construction,hpo_representative,0.0
0.0,5.2,,pair_iqp_zz__MolLogP__NumHDonors,427,"{""feature_scale"": 0.125}",True,fidelity_gram_by_construction,hpo_representative,0.0
0.0,5.3,,pair_iqp_zz__MolLogP__NumHDonors,425,"{""feature_scale"": 0.125}",True,fidelity_gram_by_construction,hpo_representative,0.0
0.0,5.4,,pair_iqp_zz__MolLogP__NumHDonors,429,"{""feature_scale"": 0.125}",True,fidelity_gram_by_construction,hpo_representative,0.0
0.0,5.1,,pair_phase_no_zz__MolLogP__NumRotatableBonds,429,"{""feature_scale"": 0.125}",True,fidelity_gram_by_construction,hpo_representative,0.0
0.0,5.2,,pair_phase_no_zz__MolLogP__NumRotatableBonds,427,"{""feature_scale"": 0.125}",True,fidelity_gram_by_construction,hpo_representative,0.0
0.0,5.3,,pair_phase_no_zz__MolLogP__NumRotatableBonds,425,"{""feature_scale"": 0.125}",True,fidelity_gram_by_construction,hpo_representative,0.0
0.0,5.4,,pair_phase_no_zz__MolLogP__NumRotatableBonds,429,"{""feature_scale"": 0.125}",True,fidelity_gram_by_construction,hpo_representative,0.0
0.0,5.1,,pair_iqp_zz__MolLogP__NumRotatableBonds,429,"{""feature_scale"": 0.125}",True,fidelity_gram_by_construction,hpo_representative,0.0
0.0,5.2,,pair_iqp_zz__MolLogP__NumRotatableBonds,427,"{""feature_scale"": 0.125}",True,fidelity_gram_by_construction,hpo_representative,0.0
0.0,5.3,,pair_iqp_zz__MolLogP__NumRotatableBonds,425,"{""feature_scale"": 0.125}",True,fidelity_gram_by_construction,hpo_representative,0.0
0.0,5.4,,pair_iqp_zz__MolLogP__NumRotatableBonds,429,"{""feature_scale"": 0.125}",True,fidelity_gram_by_construction,hpo_representative,0.0
0.0,5.1,,pair_phase_no_zz__MolLogP__NumAromaticRings,429,"{""feature_scale"": 0.125}",True,fidelity_gram_by_construction,hpo_representative,0.0
0.0,5.2,,pair_phase_no_zz__MolLogP__NumAromaticRings,427,"{""feature_scale"": 0.125}",True,fidelity_gram_by_construction,hpo_representative,0.0
0.0,5.3,,pair_phase_no_zz__MolLogP__NumAromaticRings,425,"{""feature_scale"": 0.125}",True,fidelity_gram_by_construction,hpo_representative,0.0
0.0,5.4,,pair_phase_no_zz__MolLogP__NumAromaticRings,429,"{""feature_scale"": 0.125}",True,fidelity_gram_by_construction,hpo_representative,0.0
0.0,5.1,,pair_iqp_zz__MolLogP__NumAromaticRings,429,"{""feature_scale"": 0.125}",True,fidelity_gram_by_construction,hpo_representative,0.0
0.0,5.2,,pair_iqp_zz__MolLogP__NumAromaticRings,427,"{""feature_scale"": 0.125}",True,fidelity_gram_by_construction,hpo_representative,0.0
0.0,5.3,,pair_iqp_zz__MolLogP__NumAromaticRings,425,"{""feature_scale"": 0.125}",True,fidelity_gram_by_construction,hpo_representative,0.0
0.0,5.4,,pair_iqp_zz__MolLogP__NumAromaticRings,429,"{""feature_scale"": 0.125}",True,fidelity_gram_by_construction,hpo_representative,0.0
0.0,5.1,,pair_phase_no_zz__MolLogP__nHalogen,429,"{""feature_scale"": 0.125}",True,fidelity_gram_by_construction,hpo_representative,0.0
0.0,5.2,,pair_phase_no_zz__MolLogP__nHalogen,427,"{""feature_scale"": 0.125}",True,fidelity_gram_by_construction,hpo_representative,0.0
0.0,5.3,,pair_phase_no_zz__MolLogP__nHalogen,425,"{""feature_scale"": 0.125}",True,fidelity_gram_by_construction,hpo_representative,0.0
0.0,5.4,,pair_phase_no_zz__MolLogP__nHalogen,429,"{""feature_scale"": 0.125}",True,fidelity_gram_by_construction,hpo_representative,0.0
0.0,5.1,,pair_iqp_zz__MolLogP__nHalogen,429,"{""feature_scale"": 0.125}",True,fidelity_gram_by_construction,hpo_representative,0.0
0.0,5.2,,pair_iqp_zz__MolLogP__nHalogen,427,"{""feature_scale"": 0.125}",True,fidelity_gram_by_construction,hpo_representative,0.0
0.0,5.3,,pair_iqp_zz__MolLogP__nHalogen,425,"{""feature_scale"": 0.125}",True,fidelity_gram_by_construction,hpo_representative,0.0
0.0,5.4,,pair_iqp_zz__MolLogP__nHalogen,429,"{""feature_scale"": 0.125}",True,fidelity_gram_by_construction,hpo_representative,0.0
0.0,5.1,,pair_phase_no_zz__MolLogP__n_OP,429,"{""feature_scale"": 0.125}",True,fidelity_gram_by_construction,hpo_representative,0.0
0.0,5.2,,pair_phase_no_zz__MolLogP__n_OP,427,"{""feature_scale"": 0.125}",True,fidelity_gram_by_construction,hpo_representative,0.0
0.0,5.3,,pair_phase_no_zz__MolLogP__n_OP,425,"{""feature_scale"": 0.125}",True,fidelity_gram_by_construction,hpo_representative,0.0
0.0,5.4,,pair_phase_no_zz__MolLogP__n_OP,429,"{""feature_scale"": 0.125}",True,fidelity_gram_by_construction,hpo_representative,0.0
0.0,5.1,,pair_iqp_zz__MolLogP__n_OP,429,"{""feature_scale"": 0.125}",True,fidelity_gram_by_construction,hpo_representative,0.0
0.0,5.2,,pair_iqp_zz__MolLogP__n_OP,427,"{""feature_scale"": 0.125}",True,fidelity_gram_by_construction,hpo_representative,0.0
0.0,5.3,,pair_iqp_zz__MolLogP__n_OP,425,"{""feature_scale"": 0.125}",True,fidelity_gram_by_construction,hpo_representative,0.0
0.0,5.4,,pair_iqp_zz__MolLogP__n_OP,429,"{""feature_scale"": 0.125}",True,fidelity_gram_by_construction,hpo_representative,0.0
0.0,5.1,,pair_phase_no_zz__MolLogP__LiPHEX_prediction,429,"{""feature_scale"": 0.125}",True,fidelity_gram_by_construction,hpo_representative,0.0
0.0,5.2,,pair_phase_no_zz__MolLogP__LiPHEX_prediction,427,"{""feature_scale"": 0.125}",True,fidelity_gram_by_construction,hpo_representative,0.0
0.0,5.3,,pair_phase_no_zz__MolLogP__LiPHEX_prediction,425,"{""feature_scale"": 0.125}",True,fidelity_gram_by_construction,hpo_representative,0.0
0.0,5.4,,pair_phase_no_zz__MolLogP__LiPHEX_prediction,429,"{""feature_scale"": 0.125}",True,fidelity_gram_by_construction,hpo_representative,0.0
0.0,5.1,,pair_iqp_zz__MolLogP__LiPHEX_prediction,429,"{""feature_scale"": 0.125}",True,fidelity_gram_by_construction,hpo_representative,0.0
0.0,5.2,,pair_iqp_zz__MolLogP__LiPHEX_prediction,427,"{""feature_scale"": 0.125}",True,fidelity_gram_by_construction,hpo_representative,0.0
0.0,5.3,,pair_iqp_zz__MolLogP__LiPHEX_prediction,425,"{""feature_scale"": 0.125}",True,fidelity_gram_by_construction,hpo_representative,0.0
0.0,5.4,,pair_iqp_zz__MolLogP__LiPHEX_prediction,429,"{""feature_scale"": 0.125}",True,fidelity_gram_by_construction,hpo_representative,0.0
0.0,5.1,,pair_phase_no_zz__MolLogP__sasa002_frac_polar_hetero_only,429,"{""feature_scale"": 0.125}",True,fidelity_gram_by_construction,hpo_representative,0.0
0.0,5.2,,pair_phase_no_zz__MolLogP__sasa002_frac_polar_hetero_only,427,"{""feature_scale"": 0.125}",True,fidelity_gram_by_construction,hpo_representative,0.0
0.0,5.3,,pair_phase_no_zz__MolLogP__sasa002_frac_polar_hetero_only,425,"{""feature_scale"": 0.125}",True,fidelity_gram_by_construction,hpo_representative,0.0
0.0,5.4,,pair_phase_no_zz__MolLogP__sasa002_frac_polar_hetero_only,429,"{""feature_scale"": 0.125}",True,fidelity_gram_by_construction,hpo_representative,0.0
0.0,5.1,,pair_iqp_zz__MolLogP__sasa002_frac_polar_hetero_only,429,"{""feature_scale"": 0.125}",True,fidelity_gram_by_construction,hpo_representative,0.0
0.0,5.2,,pair_iqp_zz__MolLogP__sasa002_frac_polar_hetero_only,427,"{""feature_scale"": 0.125}",True,fidelity_gram_by_construction,hpo_representative,0.0
0.0,5.3,,pair_iqp_zz__MolLogP__sasa002_frac_polar_hetero_only,425,"{""feature_scale"": 0.125}",True,fidelity_gram_by_construction,hpo_representative,0.0
0.0,5.4,,pair_iqp_zz__MolLogP__sasa002_frac_polar_hetero_only,429,"{""feature_scale"": 0.125}",True,fidelity_gram_by_construction,hpo_representative,0.0
0.0,5.1,,pair_phase_no_zz__MolWt__TPSA_SP,429,"{""feature_scale"": 0.125}",True,fidelity_gram_by_construction,hpo_representative,0.0
0.0,5.2,,pair_phase_no_zz__MolWt__TPSA_SP,427,"{""feature_scale"": 0.125}",True,fidelity_gram_by_construction,hpo_representative,0.0
0.0,5.3,,pair_phase_no_zz__MolWt__TPSA_SP,425,"{""feature_scale"": 0.125}",True,fidelity_gram_by_construction,hpo_representative,0.0
0.0,5.4,,pair_phase_no_zz__MolWt__TPSA_SP,429,"{""feature_scale"": 0.125}",True,fidelity_gram_by_construction,hpo_representative,0.0
0.0,5.1,,pair_iqp_zz__MolWt__TPSA_SP,429,"{""feature_scale"": 0.125}",True,fidelity_gram_by_construction,hpo_representative,0.0
0.0,5.2,,pair_iqp_zz__MolWt__TPSA_SP,427,"{""feature_scale"": 0.125}",True,fidelity_gram_by_construction,hpo_representative,0.0
0.0,5.3,,pair_iqp_zz__MolWt__TPSA_SP,425,"{""feature_scale"": 0.125}",True,fidelity_gram_by_construction,hpo_representative,0.0
0.0,5.4,,pair_iqp_zz__MolWt__TPSA_SP,429,"{""feature_scale"": 0.125}",True,fidelity_gram_by_construction,hpo_representative,0.0
0.0,5.1,,pair_phase_no_zz__MolWt__NumHDonors,429,"{""feature_scale"": 0.125}",True,fidelity_gram_by_construction,hpo_representative,0.0
0.0,5.2,,pair_phase_no_zz__MolWt__NumHDonors,427,"{""feature_scale"": 0.125}",True,fidelity_gram_by_construction,hpo_representative,0.0
0.0,5.3,,pair_phase_no_zz__MolWt__NumHDonors,425,"{""feature_scale"": 0.125}",True,fidelity_gram_by_construction,hpo_representative,0.0
0.0,5.4,,pair_phase_no_zz__MolWt__NumHDonors,429,"{""feature_scale"": 0.125}",True,fidelity_gram_by_construction,hpo_representative,0.0
0.0,5.1,,pair_iqp_zz__MolWt__NumHDonors,429,"{""feature_scale"": 0.125}",True,fidelity_gram_by_construction,hpo_representative,0.0
0.0,5.2,,pair_iqp_zz__MolWt__NumHDonors,427,"{""feature_scale"": 0.125}",True,fidelity_gram_by_construction,hpo_representative,0.0
0.0,5.3,,pair_iqp_zz__MolWt__NumHDonors,425,"{""feature_scale"": 0.125}",True,fidelity_gram_by_construction,hpo_representative,0.0
0.0,5.4,,pair_iqp_zz__MolWt__NumHDonors,429,"{""feature_scale"": 0.125}",True,fidelity_gram_by_construction,hpo_representative,0.0
0.0,5.1,,pair_phase_no_zz__MolWt__NumRotatableBonds,429,"{""feature_scale"": 0.125}",True,fidelity_gram_by_construction,hpo_representative,0.0
0.0,5.2,,pair_phase_no_zz__MolWt__NumRotatableBonds,427,"{""feature_scale"": 0.125}",True,fidelity_gram_by_construction,hpo_representative,0.0
0.0,5.3,,pair_phase_no_zz__MolWt__NumRotatableBonds,425,"{""feature_scale"": 0.125}",True,fidelity_gram_by_construction,hpo_representative,0.0
0.0,5.4,,pair_phase_no_zz__MolWt__NumRotatableBonds,429,"{""feature_scale"": 0.125}",True,fidelity_gram_by_construction,hpo_representative,0.0
0.0,5.1,,pair_iqp_zz__MolWt__NumRotatableBonds,429,"{""feature_scale"": 0.125}",True,fidelity_gram_by_construction,hpo_representative,0.0
0.0,5.2,,pair_iqp_zz__MolWt__NumRotatableBonds,427,"{""feature_scale"": 0.125}",True,fidelity_gram_by_construction,hpo_representative,0.0
0.0,5.3,,pair_iqp_zz__MolWt__NumRotatableBonds,425,"{""feature_scale"": 0.125}",True,fidelity_gram_by_construction,hpo_representative,0.0
0.0,5.4,,pair_iqp_zz__MolWt__NumRotatableBonds,429,"{""feature_scale"": 0.125}",True,fidelity_gram_by_construction,hpo_representative,0.0
0.0,5.1,,pair_phase_no_zz__MolWt__NumAromaticRings,429,"{""feature_scale"": 0.125}",True,fidelity_gram_by_construction,hpo_representative,0.0
0.0,5.2,,pair_phase_no_zz__MolWt__NumAromaticRings,427,"{""feature_scale"": 0.125}",True,fidelity_gram_by_construction,hpo_representative,0.0
0.0,5.3,,pair_phase_no_zz__MolWt__NumAromaticRings,425,"{""feature_scale"": 0.125}",True,fidelity_gram_by_construction,hpo_representative,0.0
0.0,5.4,,pair_phase_no_zz__MolWt__NumAromaticRings,429,"{""feature_scale"": 0.125}",True,fidelity_gram_by_construction,hpo_representative,0.0
0.0,5.1,,pair_iqp_zz__MolWt__NumAromaticRings,429,"{""feature_scale"": 0.125}",True,fidelity_gram_by_construction,hpo_representative,0.0
0.0,5.2,,pair_iqp_zz__MolWt__NumAromaticRings,427,"{""feature_scale"": 0.125}",True,fidelity_gram_by_construction,hpo_representative,0.0
0.0,5.3,,pair_iqp_zz__MolWt__NumAromaticRings,425,"{""feature_scale"": 0.125}",True,fidelity_gram_by_construction,hpo_representative,0.0
0.0,5.4,,pair_iqp_zz__MolWt__NumAromaticRings,429,"{""feature_scale"": 0.125}",True,fidelity_gram_by_construction,hpo_representative,0.0
0.0,5.1,,pair_phase_no_zz__MolWt__nHalogen,429,"{""feature_scale"": 0.125}",True,fidelity_gram_by_construction,hpo_representative,0.0
0.0,5.2,,pair_phase_no_zz__MolWt__nHalogen,427,"{""feature_scale"": 0.125}",True,fidelity_gram_by_construction,hpo_representative,0.0
0.0,5.3,,pair_phase_no_zz__MolWt__nHalogen,425,"{""feature_scale"": 0.125}",True,fidelity_gram_by_construction,hpo_representative,0.0
0.0,5.4,,pair_phase_no_zz__MolWt__nHalogen,429,"{""feature_scale"": 0.125}",True,fidelity_gram_by_construction,hpo_representative,0.0
0.0,5.1,,pair_iqp_zz__MolWt__nHalogen,429,"{""feature_scale"": 0.125}",True,fidelity_gram_by_construction,hpo_representative,0.0
0.0,5.2,,pair_iqp_zz__MolWt__nHalogen,427,"{""feature_scale"": 0.125}",True,fidelity_gram_by_construction,hpo_representative,0.0
0.0,5.3,,pair_iqp_zz__MolWt__nHalogen,425,"{""feature_scale"": 0.125}",True,fidelity_gram_by_construction,hpo_representative,0.0
0.0,5.4,,pair_iqp_zz__MolWt__nHalogen,429,"{""feature_scale"": 0.125}",True,fidelity_gram_by_construction,hpo_representative,0.0
0.0,5.1,,pair_phase_no_zz__MolWt__n_OP,429,"{""feature_scale"": 0.125}",True,fidelity_gram_by_construction,hpo_representative,0.0
0.0,5.2,,pair_phase_no_zz__MolWt__n_OP,427,"{""feature_scale"": 0.125}",True,fidelity_gram_by_construction,hpo_representative,0.0
0.0,5.3,,pair_phase_no_zz__MolWt__n_OP,425,"{""feature_scale"": 0.125}",True,fidelity_gram_by_construction,hpo_representative,0.0
0.0,5.4,,pair_phase_no_zz__MolWt__n_OP,429,"{""feature_scale"": 0.125}",True,fidelity_gram_by_construction,hpo_representative,0.0
0.0,5.1,,pair_iqp_zz__MolWt__n_OP,429,"{""feature_scale"": 0.125}",True,fidelity_gram_by_construction,hpo_representative,0.0
0.0,5.2,,pair_iqp_zz__MolWt__n_OP,427,"{""feature_scale"": 0.125}",True,fidelity_gram_by_construction,hpo_representative,0.0
0.0,5.3,,pair_iqp_zz__MolWt__n_OP,425,"{""feature_scale"": 0.125}",True,fidelity_gram_by_construction,hpo_representative,0.0
0.0,5.4,,pair_iqp_zz__MolWt__n_OP,429,"{""feature_scale"": 0.125}",True,fidelity_gram_by_construction,hpo_representative,0.0
0.0,5.1,,pair_phase_no_zz__MolWt__LiPHEX_prediction,429,"{""feature_scale"": 0.125}",True,fidelity_gram_by_construction,hpo_representative,0.0
0.0,5.2,,pair_phase_no_zz__MolWt__LiPHEX_prediction,427,"{""feature_scale"": 0.125}",True,fidelity_gram_by_construction,hpo_representative,0.0
0.0,5.3,,pair_phase_no_zz__MolWt__LiPHEX_prediction,425,"{""feature_scale"": 0.125}",True,fidelity_gram_by_construction,hpo_representative,0.0
0.0,5.4,,pair_phase_no_zz__MolWt__LiPHEX_prediction,429,"{""feature_scale"": 0.125}",True,fidelity_gram_by_construction,hpo_representative,0.0
0.0,5.1,,pair_iqp_zz__MolWt__LiPHEX_prediction,429,"{""feature_scale"": 0.125}",True,fidelity_gram_by_construction,hpo_representative,0.0
0.0,5.2,,pair_iqp_zz__MolWt__LiPHEX_prediction,427,"{""feature_scale"": 0.125}",True,fidelity_gram_by_construction,hpo_representative,0.0
0.0,5.3,,pair_iqp_zz__MolWt__LiPHEX_prediction,425,"{""feature_scale"": 0.125}",True,fidelity_gram_by_construction,hpo_representative,0.0
0.0,5.4,,pair_iqp_zz__MolWt__LiPHEX_prediction,429,"{""feature_scale"": 0.125}",True,fidelity_gram_by_construction,hpo_representative,0.0
0.0,5.1,,pair_phase_no_zz__MolWt__sasa002_frac_polar_hetero_only,429,"{""feature_scale"": 0.125}",True,fidelity_gram_by_construction,hpo_representative,0.0
0.0,5.2,,pair_phase_no_zz__MolWt__sasa002_frac_polar_hetero_only,427,"{""feature_scale"": 0.125}",True,fidelity_gram_by_construction,hpo_representative,0.0
0.0,5.3,,pair_phase_no_zz__MolWt__sasa002_frac_polar_hetero_only,425,"{""feature_scale"": 0.125}",True,fidelity_gram_by_construction,hpo_representative,0.0
0.0,5.4,,pair_phase_no_zz__MolWt__sasa002_frac_polar_hetero_only,429,"{""feature_scale"": 0.125}",True,fidelity_gram_by_construction,hpo_representative,0.0
0.0,5.1,,pair_iqp_zz__MolWt__sasa002_frac_polar_hetero_only,429,"{""feature_scale"": 0.125}",True,fidelity_gram_by_construction,hpo_representative,0.0
0.0,5.2,,pair_iqp_zz__MolWt__sasa002_frac_polar_hetero_only,427,"{""feature_scale"": 0.125}",True,fidelity_gram_by_construction,hpo_representative,0.0
0.0,5.3,,pair_iqp_zz__MolWt__sasa002_frac_polar_hetero_only,425,"{""feature_scale"": 0.125}",True,fidelity_gram_by_construction,hpo_representative,0.0
0.0,5.4,,pair_iqp_zz__MolWt__sasa002_frac_polar_hetero_only,429,"{""feature_scale"": 0.125}",True,fidelity_gram_by_construction,hpo_representative,0.0
0.0,5.1,,pair_phase_no_zz__TPSA_SP__NumHDonors,429,"{""feature_scale"": 0.125}",True,fidelity_gram_by_construction,hpo_representative,0.0
0.0,5.2,,pair_phase_no_zz__TPSA_SP__NumHDonors,427,"{""feature_scale"": 0.125}",True,fidelity_gram_by_construction,hpo_representative,0.0
0.0,5.3,,pair_phase_no_zz__TPSA_SP__NumHDonors,425,"{""feature_scale"": 0.125}",True,fidelity_gram_by_construction,hpo_representative,0.0
0.0,5.4,,pair_phase_no_zz__TPSA_SP__NumHDonors,429,"{""feature_scale"": 0.125}",True,fidelity_gram_by_construction,hpo_representative,0.0
0.0,5.1,,pair_iqp_zz__TPSA_SP__NumHDonors,429,"{""feature_scale"": 0.125}",True,fidelity_gram_by_construction,hpo_representative,0.0
0.0,5.2,,pair_iqp_zz__TPSA_SP__NumHDonors,427,"{""feature_scale"": 0.125}",True,fidelity_gram_by_construction,hpo_representative,0.0
0.0,5.3,,pair_iqp_zz__TPSA_SP__NumHDonors,425,"{""feature_scale"": 0.125}",True,fidelity_gram_by_construction,hpo_representative,0.0
0.0,5.4,,pair_iqp_zz__TPSA_SP__NumHDonors,429,"{""feature_scale"": 0.125}",True,fidelity_gram_by_construction,hpo_representative,0.0
0.0,5.1,,pair_phase_no_zz__TPSA_SP__NumRotatableBonds,429,"{""feature_scale"": 0.125}",True,fidelity_gram_by_construction,hpo_representative,0.0
0.0,5.2,,pair_phase_no_zz__TPSA_SP__NumRotatableBonds,427,"{""feature_scale"": 0.125}",True,fidelity_gram_by_construction,hpo_representative,0.0
0.0,5.3,,pair_phase_no_zz__TPSA_SP__NumRotatableBonds,425,"{""feature_scale"": 0.125}",True,fidelity_gram_by_construction,hpo_representative,0.0
0.0,5.4,,pair_phase_no_zz__TPSA_SP__NumRotatableBonds,429,"{""feature_scale"": 0.125}",True,fidelity_gram_by_construction,hpo_representative,0.0
0.0,5.1,,pair_iqp_zz__TPSA_SP__NumRotatableBonds,429,"{""feature_scale"": 0.125}",True,fidelity_gram_by_construction,hpo_representative,0.0
0.0,5.2,,pair_iqp_zz__TPSA_SP__NumRotatableBonds,427,"{""feature_scale"": 0.125}",True,fidelity_gram_by_construction,hpo_representative,0.0
0.0,5.3,,pair_iqp_zz__TPSA_SP__NumRotatableBonds,425,"{""feature_scale"": 0.125}",True,fidelity_gram_by_construction,hpo_representative,0.0
0.0,5.4,,pair_iqp_zz__TPSA_SP__NumRotatableBonds,429,"{""feature_scale"": 0.125}",True,fidelity_gram_by_construction,hpo_representative,0.0
0.0,5.1,,pair_phase_no_zz__TPSA_SP__NumAromaticRings,429,"{""feature_scale"": 0.125}",True,fidelity_gram_by_construction,hpo_representative,0.0
0.0,5.2,,pair_phase_no_zz__TPSA_SP__NumAromaticRings,427,"{""feature_scale"": 0.125}",True,fidelity_gram_by_construction,hpo_representative,0.0
0.0,5.3,,pair_phase_no_zz__TPSA_SP__NumAromaticRings,425,"{""feature_scale"": 0.125}",True,fidelity_gram_by_construction,hpo_representative,0.0
0.0,5.4,,pair_phase_no_zz__TPSA_SP__NumAromaticRings,429,"{""feature_scale"": 0.125}",True,fidelity_gram_by_construction,hpo_representative,0.0
0.0,5.1,,pair_iqp_zz__TPSA_SP__NumAromaticRings,429,"{""feature_scale"": 0.125}",True,fidelity_gram_by_construction,hpo_representative,0.0
0.0,5.2,,pair_iqp_zz__TPSA_SP__NumAromaticRings,427,"{""feature_scale"": 0.125}",True,fidelity_gram_by_construction,hpo_representative,0.0
0.0,5.3,,pair_iqp_zz__TPSA_SP__NumAromaticRings,425,"{""feature_scale"": 0.125}",True,fidelity_gram_by_construction,hpo_representative,0.0
0.0,5.4,,pair_iqp_zz__TPSA_SP__NumAromaticRings,429,"{""feature_scale"": 0.125}",True,fidelity_gram_by_construction,hpo_representative,0.0
0.0,5.1,,pair_phase_no_zz__TPSA_SP__nHalogen,429,"{""feature_scale"": 0.125}",True,fidelity_gram_by_construction,hpo_representative,0.0
0.0,5.2,,pair_phase_no_zz__TPSA_SP__nHalogen,427,"{""feature_scale"": 0.125}",True,fidelity_gram_by_construction,hpo_representative,0.0
0.0,5.3,,pair_phase_no_zz__TPSA_SP__nHalogen,425,"{""feature_scale"": 0.125}",True,fidelity_gram_by_construction,hpo_representative,0.0
0.0,5.4,,pair_phase_no_zz__TPSA_SP__nHalogen,429,"{""feature_scale"": 0.125}",True,fidelity_gram_by_construction,hpo_representative,0.0
0.0,5.1,,pair_iqp_zz__TPSA_SP__nHalogen,429,"{""feature_scale"": 0.125}",True,fidelity_gram_by_construction,hpo_representative,0.0
0.0,5.2,,pair_iqp_zz__TPSA_SP__nHalogen,427,"{""feature_scale"": 0.125}",True,fidelity_gram_by_construction,hpo_representative,0.0
0.0,5.3,,pair_iqp_zz__TPSA_SP__nHalogen,425,"{""feature_scale"": 0.125}",True,fidelity_gram_by_construction,hpo_representative,0.0
0.0,5.4,,pair_iqp_zz__TPSA_SP__nHalogen,429,"{""feature_scale"": 0.125}",True,fidelity_gram_by_construction,hpo_representative,0.0
0.0,5.1,,pair_phase_no_zz__TPSA_SP__n_OP,429,"{""feature_scale"": 0.125}",True,fidelity_gram_by_construction,hpo_representative,0.0
0.0,5.2,,pair_phase_no_zz__TPSA_SP__n_OP,427,"{""feature_scale"": 0.125}",True,fidelity_gram_by_construction,hpo_representative,0.0
0.0,5.3,,pair_phase_no_zz__TPSA_SP__n_OP,425,"{""feature_scale"": 0.125}",True,fidelity_gram_by_construction,hpo_representative,0.0
0.0,5.4,,pair_phase_no_zz__TPSA_SP__n_OP,429,"{""feature_scale"": 0.125}",True,fidelity_gram_by_construction,hpo_representative,0.0
0.0,5.1,,pair_iqp_zz__TPSA_SP__n_OP,429,"{""feature_scale"": 0.125}",True,fidelity_gram_by_construction,hpo_representative,0.0
0.0,5.2,,pair_iqp_zz__TPSA_SP__n_OP,427,"{""feature_scale"": 0.125}",True,fidelity_gram_by_construction,hpo_representative,0.0
0.0,5.3,,pair_iqp_zz__TPSA_SP__n_OP,425,"{""feature_scale"": 0.125}",True,fidelity_gram_by_construction,hpo_representative,0.0
0.0,5.4,,pair_iqp_zz__TPSA_SP__n_OP,429,"{""feature_scale"": 0.125}",True,fidelity_gram_by_construction,hpo_representative,0.0
0.0,5.1,,pair_phase_no_zz__TPSA_SP__LiPHEX_prediction,429,"{""feature_scale"": 0.125}",True,fidelity_gram_by_construction,hpo_representative,0.0
0.0,5.2,,pair_phase_no_zz__TPSA_SP__LiPHEX_prediction,427,"{""feature_scale"": 0.125}",True,fidelity_gram_by_construction,hpo_representative,0.0
0.0,5.3,,pair_phase_no_zz__TPSA_SP__LiPHEX_prediction,425,"{""feature_scale"": 0.125}",True,fidelity_gram_by_construction,hpo_representative,0.0
0.0,5.4,,pair_phase_no_zz__TPSA_SP__LiPHEX_prediction,429,"{""feature_scale"": 0.125}",True,fidelity_gram_by_construction,hpo_representative,0.0
0.0,5.1,,pair_iqp_zz__TPSA_SP__LiPHEX_prediction,429,"{""feature_scale"": 0.125}",True,fidelity_gram_by_construction,hpo_representative,0.0
0.0,5.2,,pair_iqp_zz__TPSA_SP__LiPHEX_prediction,427,"{""feature_scale"": 0.125}",True,fidelity_gram_by_construction,hpo_representative,0.0
0.0,5.3,,pair_iqp_zz__TPSA_SP__LiPHEX_prediction,425,"{""feature_scale"": 0.125}",True,fidelity_gram_by_construction,hpo_representative,0.0
0.0,5.4,,pair_iqp_zz__TPSA_SP__LiPHEX_prediction,429,"{""feature_scale"": 0.125}",True,fidelity_gram_by_construction,hpo_representative,0.0
0.0,5.1,,pair_phase_no_zz__TPSA_SP__sasa002_frac_polar_hetero_only,429,"{""feature_scale"": 0.125}",True,fidelity_gram_by_construction,hpo_representative,0.0
0.0,5.2,,pair_phase_no_zz__TPSA_SP__sasa002_frac_polar_hetero_only,427,"{""feature_scale"": 0.125}",True,fidelity_gram_by_construction,hpo_representative,0.0
0.0,5.3,,pair_phase_no_zz__TPSA_SP__sasa002_frac_polar_hetero_only,425,"{""feature_scale"": 0.125}",True,fidelity_gram_by_construction,hpo_representative,0.0
0.0,5.4,,pair_phase_no_zz__TPSA_SP__sasa002_frac_polar_hetero_only,429,"{""feature_scale"": 0.125}",True,fidelity_gram_by_construction,hpo_representative,0.0
0.0,5.1,,pair_iqp_zz__TPSA_SP__sasa002_frac_polar_hetero_only,429,"{""feature_scale"": 0.125}",True,fidelity_gram_by_construction,hpo_representative,0.0
0.0,5.2,,pair_iqp_zz__TPSA_SP__sasa002_frac_polar_hetero_only,427,"{""feature_scale"": 0.125}",True,fidelity_gram_by_construction,hpo_representative,0.0
0.0,5.3,,pair_iqp_zz__TPSA_SP__sasa002_frac_polar_hetero_only,425,"{""feature_scale"": 0.125}",True,fidelity_gram_by_construction,hpo_representative,0.0
0.0,5.4,,pair_iqp_zz__TPSA_SP__sasa002_frac_polar_hetero_only,429,"{""feature_scale"": 0.125}",True,fidelity_gram_by_construction,hpo_representative,0.0
0.0,5.1,,pair_phase_no_zz__NumHDonors__NumRotatableBonds,429,"{""feature_scale"": 0.125}",True,fidelity_gram_by_construction,hpo_representative,0.0
0.0,5.2,,pair_phase_no_zz__NumHDonors__NumRotatableBonds,427,"{""feature_scale"": 0.125}",True,fidelity_gram_by_construction,hpo_representative,0.0
0.0,5.3,,pair_phase_no_zz__NumHDonors__NumRotatableBonds,425,"{""feature_scale"": 0.125}",True,fidelity_gram_by_construction,hpo_representative,0.0
0.0,5.4,,pair_phase_no_zz__NumHDonors__NumRotatableBonds,429,"{""feature_scale"": 0.125}",True,fidelity_gram_by_construction,hpo_representative,0.0
0.0,5.1,,pair_iqp_zz__NumHDonors__NumRotatableBonds,429,"{""feature_scale"": 0.125}",True,fidelity_gram_by_construction,hpo_representative,0.0
0.0,5.2,,pair_iqp_zz__NumHDonors__NumRotatableBonds,427,"{""feature_scale"": 0.125}",True,fidelity_gram_by_construction,hpo_representative,0.0
0.0,5.3,,pair_iqp_zz__NumHDonors__NumRotatableBonds,425,"{""feature_scale"": 0.125}",True,fidelity_gram_by_construction,hpo_representative,0.0
0.0,5.4,,pair_iqp_zz__NumHDonors__NumRotatableBonds,429,"{""feature_scale"": 0.125}",True,fidelity_gram_by_construction,hpo_representative,0.0
0.0,5.1,,pair_phase_no_zz__NumHDonors__NumAromaticRings,429,"{""feature_scale"": 0.125}",True,fidelity_gram_by_construction,hpo_representative,0.0
0.0,5.2,,pair_phase_no_zz__NumHDonors__NumAromaticRings,427,"{""feature_scale"": 0.125}",True,fidelity_gram_by_construction,hpo_representative,0.0
0.0,5.3,,pair_phase_no_zz__NumHDonors__NumAromaticRings,425,"{""feature_scale"": 0.125}",True,fidelity_gram_by_construction,hpo_representative,0.0
0.0,5.4,,pair_phase_no_zz__NumHDonors__NumAromaticRings,429,"{""feature_scale"": 0.125}",True,fidelity_gram_by_construction,hpo_representative,0.0
0.0,5.1,,pair_iqp_zz__NumHDonors__NumAromaticRings,429,"{""feature_scale"": 0.125}",True,fidelity_gram_by_construction,hpo_representative,0.0
0.0,5.2,,pair_iqp_zz__NumHDonors__NumAromaticRings,427,"{""feature_scale"": 0.125}",True,fidelity_gram_by_construction,hpo_representative,0.0
0.0,5.3,,pair_iqp_zz__NumHDonors__NumAromaticRings,425,"{""feature_scale"": 0.125}",True,fidelity_gram_by_construction,hpo_representative,0.0
0.0,5.4,,pair_iqp_zz__NumHDonors__NumAromaticRings,429,"{""feature_scale"": 0.125}",True,fidelity_gram_by_construction,hpo_representative,0.0
0.0,5.1,,pair_phase_no_zz__NumHDonors__nHalogen,429,"{""feature_scale"": 0.125}",True,fidelity_gram_by_construction,hpo_representative,0.0
0.0,5.2,,pair_phase_no_zz__NumHDonors__nHalogen,427,"{""feature_scale"": 0.125}",True,fidelity_gram_by_construction,hpo_representative,0.0
0.0,5.3,,pair_phase_no_zz__NumHDonors__nHalogen,425,"{""feature_scale"": 0.125}",True,fidelity_gram_by_construction,hpo_representative,0.0
0.0,5.4,,pair_phase_no_zz__NumHDonors__nHalogen,429,"{""feature_scale"": 0.125}",True,fidelity_gram_by_construction,hpo_representative,0.0
0.0,5.1,,pair_iqp_zz__NumHDonors__nHalogen,429,"{""feature_scale"": 0.125}",True,fidelity_gram_by_construction,hpo_representative,0.0
0.0,5.2,,pair_iqp_zz__NumHDonors__nHalogen,427,"{""feature_scale"": 0.125}",True,fidelity_gram_by_construction,hpo_representative,0.0
0.0,5.3,,pair_iqp_zz__NumHDonors__nHalogen,425,"{""feature_scale"": 0.125}",True,fidelity_gram_by_construction,hpo_representative,0.0
0.0,5.4,,pair_iqp_zz__NumHDonors__nHalogen,429,"{""feature_scale"": 0.125}",True,fidelity_gram_by_construction,hpo_representative,0.0
0.0,5.1,,pair_phase_no_zz__NumHDonors__n_OP,429,"{""feature_scale"": 0.125}",True,fidelity_gram_by_construction,hpo_representative,0.0
0.0,5.2,,pair_phase_no_zz__NumHDonors__n_OP,427,"{""feature_scale"": 0.125}",True,fidelity_gram_by_construction,hpo_representative,0.0
0.0,5.3,,pair_phase_no_zz__NumHDonors__n_OP,425,"{""feature_scale"": 0.125}",True,fidelity_gram_by_construction,hpo_representative,0.0
0.0,5.4,,pair_phase_no_zz__NumHDonors__n_OP,429,"{""feature_scale"": 0.125}",True,fidelity_gram_by_construction,hpo_representative,0.0
0.0,5.1,,pair_iqp_zz__NumHDonors__n_OP,429,"{""feature_scale"": 0.125}",True,fidelity_gram_by_construction,hpo_representative,0.0
0.0,5.2,,pair_iqp_zz__NumHDonors__n_OP,427,"{""feature_scale"": 0.125}",True,fidelity_gram_by_construction,hpo_representative,0.0
0.0,5.3,,pair_iqp_zz__NumHDonors__n_OP,425,"{""feature_scale"": 0.125}",True,fidelity_gram_by_construction,hpo_representative,0.0
0.0,5.4,,pair_iqp_zz__NumHDonors__n_OP,429,"{""feature_scale"": 0.125}",True,fidelity_gram_by_construction,hpo_representative,0.0
0.0,5.1,,pair_phase_no_zz__NumHDonors__LiPHEX_prediction,429,"{""feature_scale"": 0.125}",True,fidelity_gram_by_construction,hpo_representative,0.0
0.0,5.2,,pair_phase_no_zz__NumHDonors__LiPHEX_prediction,427,"{""feature_scale"": 0.125}",True,fidelity_gram_by_construction,hpo_representative,0.0
0.0,5.3,,pair_phase_no_zz__NumHDonors__LiPHEX_prediction,425,"{""feature_scale"": 0.125}",True,fidelity_gram_by_construction,hpo_representative,0.0
0.0,5.4,,pair_phase_no_zz__NumHDonors__LiPHEX_prediction,429,"{""feature_scale"": 0.125}",True,fidelity_gram_by_construction,hpo_representative,0.0
0.0,5.1,,pair_iqp_zz__NumHDonors__LiPHEX_prediction,429,"{""feature_scale"": 0.125}",True,fidelity_gram_by_construction,hpo_representative,0.0
0.0,5.2,,pair_iqp_zz__NumHDonors__LiPHEX_prediction,427,"{""feature_scale"": 0.125}",True,fidelity_gram_by_construction,hpo_representative,0.0
0.0,5.3,,pair_iqp_zz__NumHDonors__LiPHEX_prediction,425,"{""feature_scale"": 0.125}",True,fidelity_gram_by_construction,hpo_representative,0.0
0.0,5.4,,pair_iqp_zz__NumHDonors__LiPHEX_prediction,429,"{""feature_scale"": 0.125}",True,fidelity_gram_by_construction,hpo_representative,0.0
0.0,5.1,,pair_phase_no_zz__NumHDonors__sasa002_frac_polar_hetero_only,429,"{""feature_scale"": 0.125}",True,fidelity_gram_by_construction,hpo_representative,0.0
0.0,5.2,,pair_phase_no_zz__NumHDonors__sasa002_frac_polar_hetero_only,427,"{""feature_scale"": 0.125}",True,fidelity_gram_by_construction,hpo_representative,0.0
0.0,5.3,,pair_phase_no_zz__NumHDonors__sasa002_frac_polar_hetero_only,425,"{""feature_scale"": 0.125}",True,fidelity_gram_by_construction,hpo_representative,0.0
0.0,5.4,,pair_phase_no_zz__NumHDonors__sasa002_frac_polar_hetero_only,429,"{""feature_scale"": 0.125}",True,fidelity_gram_by_construction,hpo_representative,0.0
0.0,5.1,,pair_iqp_zz__NumHDonors__sasa002_frac_polar_hetero_only,429,"{""feature_scale"": 0.125}",True,fidelity_gram_by_construction,hpo_representative,0.0
0.0,5.2,,pair_iqp_zz__NumHDonors__sasa002_frac_polar_hetero_only,427,"{""feature_scale"": 0.125}",True,fidelity_gram_by_construction,hpo_representative,0.0
0.0,5.3,,pair_iqp_zz__NumHDonors__sasa002_frac_polar_hetero_only,425,"{""feature_scale"": 0.125}",True,fidelity_gram_by_construction,hpo_representative,0.0
0.0,5.4,,pair_iqp_zz__NumHDonors__sasa002_frac_polar_hetero_only,429,"{""feature_scale"": 0.125}",True,fidelity_gram_by_construction,hpo_representative,0.0
0.0,5.1,,pair_phase_no_zz__NumRotatableBonds__NumAromaticRings,429,"{""feature_scale"": 0.125}",True,fidelity_gram_by_construction,hpo_representative,0.0
0.0,5.2,,pair_phase_no_zz__NumRotatableBonds__NumAromaticRings,427,"{""feature_scale"": 0.125}",True,fidelity_gram_by_construction,hpo_representative,0.0
0.0,5.3,,pair_phase_no_zz__NumRotatableBonds__NumAromaticRings,425,"{""feature_scale"": 0.125}",True,fidelity_gram_by_construction,hpo_representative,0.0
0.0,5.4,,pair_phase_no_zz__NumRotatableBonds__NumAromaticRings,429,"{""feature_scale"": 0.125}",True,fidelity_gram_by_construction,hpo_representative,0.0
0.0,5.1,,pair_iqp_zz__NumRotatableBonds__NumAromaticRings,429,"{""feature_scale"": 0.125}",True,fidelity_gram_by_construction,hpo_representative,0.0
0.0,5.2,,pair_iqp_zz__NumRotatableBonds__NumAromaticRings,427,"{""feature_scale"": 0.125}",True,fidelity_gram_by_construction,hpo_representative,0.0
0.0,5.3,,pair_iqp_zz__NumRotatableBonds__NumAromaticRings,425,"{""feature_scale"": 0.125}",True,fidelity_gram_by_construction,hpo_representative,0.0
0.0,5.4,,pair_iqp_zz__NumRotatableBonds__NumAromaticRings,429,"{""feature_scale"": 0.125}",True,fidelity_gram_by_construction,hpo_representative,0.0
0.0,5.1,,pair_phase_no_zz__NumRotatableBonds__nHalogen,429,"{""feature_scale"": 0.125}",True,fidelity_gram_by_construction,hpo_representative,0.0
0.0,5.2,,pair_phase_no_zz__NumRotatableBonds__nHalogen,427,"{""feature_scale"": 0.125}",True,fidelity_gram_by_construction,hpo_representative,0.0
0.0,5.3,,pair_phase_no_zz__NumRotatableBonds__nHalogen,425,"{""feature_scale"": 0.125}",True,fidelity_gram_by_construction,hpo_representative,0.0
0.0,5.4,,pair_phase_no_zz__NumRotatableBonds__nHalogen,429,"{""feature_scale"": 0.125}",True,fidelity_gram_by_construction,hpo_representative,0.0
0.0,5.1,,pair_iqp_zz__NumRotatableBonds__nHalogen,429,"{""feature_scale"": 0.125}",True,fidelity_gram_by_construction,hpo_representative,0.0
0.0,5.2,,pair_iqp_zz__NumRotatableBonds__nHalogen,427,"{""feature_scale"": 0.125}",True,fidelity_gram_by_construction,hpo_representative,0.0
0.0,5.3,,pair_iqp_zz__NumRotatableBonds__nHalogen,425,"{""feature_scale"": 0.125}",True,fidelity_gram_by_construction,hpo_representative,0.0
0.0,5.4,,pair_iqp_zz__NumRotatableBonds__nHalogen,429,"{""feature_scale"": 0.125}",True,fidelity_gram_by_construction,hpo_representative,0.0
0.0,5.1,,pair_phase_no_zz__NumRotatableBonds__n_OP,429,"{""feature_scale"": 0.125}",True,fidelity_gram_by_construction,hpo_representative,0.0
0.0,5.2,,pair_phase_no_zz__NumRotatableBonds__n_OP,427,"{""feature_scale"": 0.125}",True,fidelity_gram_by_construction,hpo_representative,0.0
0.0,5.3,,pair_phase_no_zz__NumRotatableBonds__n_OP,425,"{""feature_scale"": 0.125}",True,fidelity_gram_by_construction,hpo_representative,0.0
0.0,5.4,,pair_phase_no_zz__NumRotatableBonds__n_OP,429,"{""feature_scale"": 0.125}",True,fidelity_gram_by_construction,hpo_representative,0.0
0.0,5.1,,pair_iqp_zz__NumRotatableBonds__n_OP,429,"{""feature_scale"": 0.125}",True,fidelity_gram_by_construction,hpo_representative,0.0
0.0,5.2,,pair_iqp_zz__NumRotatableBonds__n_OP,427,"{""feature_scale"": 0.125}",True,fidelity_gram_by_construction,hpo_representative,0.0
0.0,5.3,,pair_iqp_zz__NumRotatableBonds__n_OP,425,"{""feature_scale"": 0.125}",True,fidelity_gram_by_construction,hpo_representative,0.0
0.0,5.4,,pair_iqp_zz__NumRotatableBonds__n_OP,429,"{""feature_scale"": 0.125}",True,fidelity_gram_by_construction,hpo_representative,0.0
0.0,5.1,,pair_phase_no_zz__NumRotatableBonds__LiPHEX_prediction,429,"{""feature_scale"": 0.125}",True,fidelity_gram_by_construction,hpo_representative,0.0
0.0,5.2,,pair_phase_no_zz__NumRotatableBonds__LiPHEX_prediction,427,"{""feature_scale"": 0.125}",True,fidelity_gram_by_construction,hpo_representative,0.0
0.0,5.3,,pair_phase_no_zz__NumRotatableBonds__LiPHEX_prediction,425,"{""feature_scale"": 0.125}",True,fidelity_gram_by_construction,hpo_representative,0.0
0.0,5.4,,pair_phase_no_zz__NumRotatableBonds__LiPHEX_prediction,429,"{""feature_scale"": 0.125}",True,fidelity_gram_by_construction,hpo_representative,0.0
0.0,5.1,,pair_iqp_zz__NumRotatableBonds__LiPHEX_prediction,429,"{""feature_scale"": 0.125}",True,fidelity_gram_by_construction,hpo_representative,0.0
0.0,5.2,,pair_iqp_zz__NumRotatableBonds__LiPHEX_prediction,427,"{""feature_scale"": 0.125}",True,fidelity_gram_by_construction,hpo_representative,0.0
0.0,5.3,,pair_iqp_zz__NumRotatableBonds__LiPHEX_prediction,425,"{""feature_scale"": 0.125}",True,fidelity_gram_by_construction,hpo_representative,0.0
0.0,5.4,,pair_iqp_zz__NumRotatableBonds__LiPHEX_prediction,429,"{""feature_scale"": 0.125}",True,fidelity_gram_by_construction,hpo_representative,0.0
0.0,5.1,,pair_phase_no_zz__NumRotatableBonds__sasa002_frac_polar_hetero_only,429,"{""feature_scale"": 0.125}",True,fidelity_gram_by_construction,hpo_representative,0.0
0.0,5.2,,pair_phase_no_zz__NumRotatableBonds__sasa002_frac_polar_hetero_only,427,"{""feature_scale"": 0.125}",True,fidelity_gram_by_construction,hpo_representative,0.0
0.0,5.3,,pair_phase_no_zz__NumRotatableBonds__sasa002_frac_polar_hetero_only,425,"{""feature_scale"": 0.125}",True,fidelity_gram_by_construction,hpo_representative,0.0
0.0,5.4,,pair_phase_no_zz__NumRotatableBonds__sasa002_frac_polar_hetero_only,429,"{""feature_scale"": 0.125}",True,fidelity_gram_by_construction,hpo_representative,0.0
0.0,5.1,,pair_iqp_zz__NumRotatableBonds__sasa002_frac_polar_hetero_only,429,"{""feature_scale"": 0.125}",True,fidelity_gram_by_construction,hpo_representative,0.0
0.0,5.2,,pair_iqp_zz__NumRotatableBonds__sasa002_frac_polar_hetero_only,427,"{""feature_scale"": 0.125}",True,fidelity_gram_by_construction,hpo_representative,0.0
0.0,5.3,,pair_iqp_zz__NumRotatableBonds__sasa002_frac_polar_hetero_only,425,"{""feature_scale"": 0.125}",True,fidelity_gram_by_construction,hpo_representative,0.0
0.0,5.4,,pair_iqp_zz__NumRotatableBonds__sasa002_frac_polar_hetero_only,429,"{""feature_scale"": 0.125}",True,fidelity_gram_by_construction,hpo_representative,0.0
0.0,5.1,,pair_phase_no_zz__NumAromaticRings__nHalogen,429,"{""feature_scale"": 0.125}",True,fidelity_gram_by_construction,hpo_representative,0.0
0.0,5.2,,pair_phase_no_zz__NumAromaticRings__nHalogen,427,"{""feature_scale"": 0.125}",True,fidelity_gram_by_construction,hpo_representative,0.0
0.0,5.3,,pair_phase_no_zz__NumAromaticRings__nHalogen,425,"{""feature_scale"": 0.125}",True,fidelity_gram_by_construction,hpo_representative,0.0
0.0,5.4,,pair_phase_no_zz__NumAromaticRings__nHalogen,429,"{""feature_scale"": 0.125}",True,fidelity_gram_by_construction,hpo_representative,0.0
0.0,5.1,,pair_iqp_zz__NumAromaticRings__nHalogen,429,"{""feature_scale"": 0.125}",True,fidelity_gram_by_construction,hpo_representative,0.0
0.0,5.2,,pair_iqp_zz__NumAromaticRings__nHalogen,427,"{""feature_scale"": 0.125}",True,fidelity_gram_by_construction,hpo_representative,0.0
0.0,5.3,,pair_iqp_zz__NumAromaticRings__nHalogen,425,"{""feature_scale"": 0.125}",True,fidelity_gram_by_construction,hpo_representative,0.0
0.0,5.4,,pair_iqp_zz__NumAromaticRings__nHalogen,429,"{""feature_scale"": 0.125}",True,fidelity_gram_by_construction,hpo_representative,0.0
0.0,5.1,,pair_phase_no_zz__NumAromaticRings__n_OP,429,"{""feature_scale"": 0.125}",True,fidelity_gram_by_construction,hpo_representative,0.0
0.0,5.2,,pair_phase_no_zz__NumAromaticRings__n_OP,427,"{""feature_scale"": 0.125}",True,fidelity_gram_by_construction,hpo_representative,0.0
0.0,5.3,,pair_phase_no_zz__NumAromaticRings__n_OP,425,"{""feature_scale"": 0.125}",True,fidelity_gram_by_construction,hpo_representative,0.0
0.0,5.4,,pair_phase_no_zz__NumAromaticRings__n_OP,429,"{""feature_scale"": 0.125}",True,fidelity_gram_by_construction,hpo_representative,0.0
0.0,5.1,,pair_iqp_zz__NumAromaticRings__n_OP,429,"{""feature_scale"": 0.125}",True,fidelity_gram_by_construction,hpo_representative,0.0
0.0,5.2,,pair_iqp_zz__NumAromaticRings__n_OP,427,"{""feature_scale"": 0.125}",True,fidelity_gram_by_construction,hpo_representative,0.0
0.0,5.3,,pair_iqp_zz__NumAromaticRings__n_OP,425,"{""feature_scale"": 0.125}",True,fidelity_gram_by_construction,hpo_representative,0.0
0.0,5.4,,pair_iqp_zz__NumAromaticRings__n_OP,429,"{""feature_scale"": 0.125}",True,fidelity_gram_by_construction,hpo_representative,0.0
0.0,5.1,,pair_phase_no_zz__NumAromaticRings__LiPHEX_prediction,429,"{""feature_scale"": 0.125}",True,fidelity_gram_by_construction,hpo_representative,0.0
0.0,5.2,,pair_phase_no_zz__NumAromaticRings__LiPHEX_prediction,427,"{""feature_scale"": 0.125}",True,fidelity_gram_by_construction,hpo_representative,0.0
0.0,5.3,,pair_phase_no_zz__NumAromaticRings__LiPHEX_prediction,425,"{""feature_scale"": 0.125}",True,fidelity_gram_by_construction,hpo_representative,0.0
0.0,5.4,,pair_phase_no_zz__NumAromaticRings__LiPHEX_prediction,429,"{""feature_scale"": 0.125}",True,fidelity_gram_by_construction,hpo_representative,0.0
0.0,5.1,,pair_iqp_zz__NumAromaticRings__LiPHEX_prediction,429,"{""feature_scale"": 0.125}",True,fidelity_gram_by_construction,hpo_representative,0.0
0.0,5.2,,pair_iqp_zz__NumAromaticRings__LiPHEX_prediction,427,"{""feature_scale"": 0.125}",True,fidelity_gram_by_construction,hpo_representative,0.0
0.0,5.3,,pair_iqp_zz__NumAromaticRings__LiPHEX_prediction,425,"{""feature_scale"": 0.125}",True,fidelity_gram_by_construction,hpo_representative,0.0
0.0,5.4,,pair_iqp_zz__NumAromaticRings__LiPHEX_prediction,429,"{""feature_scale"": 0.125}",True,fidelity_gram_by_construction,hpo_representative,0.0
0.0,5.1,,pair_phase_no_zz__NumAromaticRings__sasa002_frac_polar_hetero_only,429,"{""feature_scale"": 0.125}",True,fidelity_gram_by_construction,hpo_representative,0.0
0.0,5.2,,pair_phase_no_zz__NumAromaticRings__sasa002_frac_polar_hetero_only,427,"{""feature_scale"": 0.125}",True,fidelity_gram_by_construction,hpo_representative,0.0
0.0,5.3,,pair_phase_no_zz__NumAromaticRings__sasa002_frac_polar_hetero_only,425,"{""feature_scale"": 0.125}",True,fidelity_gram_by_construction,hpo_representative,0.0
0.0,5.4,,pair_phase_no_zz__NumAromaticRings__sasa002_frac_polar_hetero_only,429,"{""feature_scale"": 0.125}",True,fidelity_gram_by_construction,hpo_representative,0.0
0.0,5.1,,pair_iqp_zz__NumAromaticRings__sasa002_frac_polar_hetero_only,429,"{""feature_scale"": 0.125}",True,fidelity_gram_by_construction,hpo_representative,0.0
0.0,5.2,,pair_iqp_zz__NumAromaticRings__sasa002_frac_polar_hetero_only,427,"{""feature_scale"": 0.125}",True,fidelity_gram_by_construction,hpo_representative,0.0
0.0,5.3,,pair_iqp_zz__NumAromaticRings__sasa002_frac_polar_hetero_only,425,"{""feature_scale"": 0.125}",True,fidelity_gram_by_construction,hpo_representative,0.0
0.0,5.4,,pair_iqp_zz__NumAromaticRings__sasa002_frac_polar_hetero_only,429,"{""feature_scale"": 0.125}",True,fidelity_gram_by_construction,hpo_representative,0.0
0.0,5.1,,pair_phase_no_zz__nHalogen__n_OP,429,"{""feature_scale"": 0.125}",True,fidelity_gram_by_construction,hpo_representative,0.0
0.0,5.2,,pair_phase_no_zz__nHalogen__n_OP,427,"{""feature_scale"": 0.125}",True,fidelity_gram_by_construction,hpo_representative,0.0
0.0,5.3,,pair_phase_no_zz__nHalogen__n_OP,425,"{""feature_scale"": 0.125}",True,fidelity_gram_by_construction,hpo_representative,0.0
0.0,5.4,,pair_phase_no_zz__nHalogen__n_OP,429,"{""feature_scale"": 0.125}",True,fidelity_gram_by_construction,hpo_representative,0.0
0.0,5.1,,pair_iqp_zz__nHalogen__n_OP,429,"{""feature_scale"": 0.125}",True,fidelity_gram_by_construction,hpo_representative,0.0
0.0,5.2,,pair_iqp_zz__nHalogen__n_OP,427,"{""feature_scale"": 0.125}",True,fidelity_gram_by_construction,hpo_representative,0.0
0.0,5.3,,pair_iqp_zz__nHalogen__n_OP,425,"{""feature_scale"": 0.125}",True,fidelity_gram_by_construction,hpo_representative,0.0
0.0,5.4,,pair_iqp_zz__nHalogen__n_OP,429,"{""feature_scale"": 0.125}",True,fidelity_gram_by_construction,hpo_representative,0.0
0.0,5.1,,pair_phase_no_zz__nHalogen__LiPHEX_prediction,429,"{""feature_scale"": 0.125}",True,fidelity_gram_by_construction,hpo_representative,0.0
0.0,5.2,,pair_phase_no_zz__nHalogen__LiPHEX_prediction,427,"{""feature_scale"": 0.125}",True,fidelity_gram_by_construction,hpo_representative,0.0
0.0,5.3,,pair_phase_no_zz__nHalogen__LiPHEX_prediction,425,"{""feature_scale"": 0.125}",True,fidelity_gram_by_construction,hpo_representative,0.0
0.0,5.4,,pair_phase_no_zz__nHalogen__LiPHEX_prediction,429,"{""feature_scale"": 0.125}",True,fidelity_gram_by_construction,hpo_representative,0.0
0.0,5.1,,pair_iqp_zz__nHalogen__LiPHEX_prediction,429,"{""feature_scale"": 0.125}",True,fidelity_gram_by_construction,hpo_representative,0.0
0.0,5.2,,pair_iqp_zz__nHalogen__LiPHEX_prediction,427,"{""feature_scale"": 0.125}",True,fidelity_gram_by_construction,hpo_representative,0.0
0.0,5.3,,pair_iqp_zz__nHalogen__LiPHEX_prediction,425,"{""feature_scale"": 0.125}",True,fidelity_gram_by_construction,hpo_representative,0.0
0.0,5.4,,pair_iqp_zz__nHalogen__LiPHEX_prediction,429,"{""feature_scale"": 0.125}",True,fidelity_gram_by_construction,hpo_representative,0.0
0.0,5.1,,pair_phase_no_zz__nHalogen__sasa002_frac_polar_hetero_only,429,"{""feature_scale"": 0.125}",True,fidelity_gram_by_construction,hpo_representative,0.0
0.0,5.2,,pair_phase_no_zz__nHalogen__sasa002_frac_polar_hetero_only,427,"{""feature_scale"": 0.125}",True,fidelity_gram_by_construction,hpo_representative,0.0
0.0,5.3,,pair_phase_no_zz__nHalogen__sasa002_frac_polar_hetero_only,425,"{""feature_scale"": 0.125}",True,fidelity_gram_by_construction,hpo_representative,0.0
0.0,5.4,,pair_phase_no_zz__nHalogen__sasa002_frac_polar_hetero_only,429,"{""feature_scale"": 0.125}",True,fidelity_gram_by_construction,hpo_representative,0.0
0.0,5.1,,pair_iqp_zz__nHalogen__sasa002_frac_polar_hetero_only,429,"{""feature_scale"": 0.125}",True,fidelity_gram_by_construction,hpo_representative,0.0
0.0,5.2,,pair_iqp_zz__nHalogen__sasa002_frac_polar_hetero_only,427,"{""feature_scale"": 0.125}",True,fidelity_gram_by_construction,hpo_representative,0.0
0.0,5.3,,pair_iqp_zz__nHalogen__sasa002_frac_polar_hetero_only,425,"{""feature_scale"": 0.125}",True,fidelity_gram_by_construction,hpo_representative,0.0
0.0,5.4,,pair_iqp_zz__nHalogen__sasa002_frac_polar_hetero_only,429,"{""feature_scale"": 0.125}",True,fidelity_gram_by_construction,hpo_representative,0.0
0.0,5.1,,pair_phase_no_zz__n_OP__LiPHEX_prediction,429,"{""feature_scale"": 0.125}",True,fidelity_gram_by_construction,hpo_representative,0.0
0.0,5.2,,pair_phase_no_zz__n_OP__LiPHEX_prediction,427,"{""feature_scale"": 0.125}",True,fidelity_gram_by_construction,hpo_representative,0.0
0.0,5.3,,pair_phase_no_zz__n_OP__LiPHEX_prediction,425,"{""feature_scale"": 0.125}",True,fidelity_gram_by_construction,hpo_representative,0.0
0.0,5.4,,pair_phase_no_zz__n_OP__LiPHEX_prediction,429,"{""feature_scale"": 0.125}",True,fidelity_gram_by_construction,hpo_representative,0.0
0.0,5.1,,pair_iqp_zz__n_OP__LiPHEX_prediction,429,"{""feature_scale"": 0.125}",True,fidelity_gram_by_construction,hpo_representative,0.0
0.0,5.2,,pair_iqp_zz__n_OP__LiPHEX_prediction,427,"{""feature_scale"": 0.125}",True,fidelity_gram_by_construction,hpo_representative,0.0
0.0,5.3,,pair_iqp_zz__n_OP__LiPHEX_prediction,425,"{""feature_scale"": 0.125}",True,fidelity_gram_by_construction,hpo_representative,0.0
0.0,5.4,,pair_iqp_zz__n_OP__LiPHEX_prediction,429,"{""feature_scale"": 0.125}",True,fidelity_gram_by_construction,hpo_representative,0.0
0.0,5.1,,pair_phase_no_zz__n_OP__sasa002_frac_polar_hetero_only,429,"{""feature_scale"": 0.125}",True,fidelity_gram_by_construction,hpo_representative,0.0
0.0,5.2,,pair_phase_no_zz__n_OP__sasa002_frac_polar_hetero_only,427,"{""feature_scale"": 0.125}",True,fidelity_gram_by_construction,hpo_representative,0.0
0.0,5.3,,pair_phase_no_zz__n_OP__sasa002_frac_polar_hetero_only,425,"{""feature_scale"": 0.125}",True,fidelity_gram_by_construction,hpo_representative,0.0
0.0,5.4,,pair_phase_no_zz__n_OP__sasa002_frac_polar_hetero_only,429,"{""feature_scale"": 0.125}",True,fidelity_gram_by_construction,hpo_representative,0.0
0.0,5.1,,pair_iqp_zz__n_OP__sasa002_frac_polar_hetero_only,429,"{""feature_scale"": 0.125}",True,fidelity_gram_by_construction,hpo_representative,0.0
0.0,5.2,,pair_iqp_zz__n_OP__sasa002_frac_polar_hetero_only,427,"{""feature_scale"": 0.125}",True,fidelity_gram_by_construction,hpo_representative,0.0
0.0,5.3,,pair_iqp_zz__n_OP__sasa002_frac_polar_hetero_only,425,"{""feature_scale"": 0.125}",True,fidelity_gram_by_construction,hpo_representative,0.0
0.0,5.4,,pair_iqp_zz__n_OP__sasa002_frac_polar_hetero_only,429,"{""feature_scale"": 0.125}",True,fidelity_gram_by_construction,hpo_representative,0.0
0.0,5.1,,pair_phase_no_zz__LiPHEX_prediction__sasa002_frac_polar_hetero_only,429,"{""feature_scale"": 0.125}",True,fidelity_gram_by_construction,hpo_representative,0.0
0.0,5.2,,pair_phase_no_zz__LiPHEX_prediction__sasa002_frac_polar_hetero_only,427,"{""feature_scale"": 0.125}",True,fidelity_gram_by_construction,hpo_representative,0.0
0.0,5.3,,pair_phase_no_zz__LiPHEX_prediction__sasa002_frac_polar_hetero_only,425,"{""feature_scale"": 0.125}",True,fidelity_gram_by_construction,hpo_representative,0.0
0.0,5.4,,pair_phase_no_zz__LiPHEX_prediction__sasa002_frac_polar_hetero_only,429,"{""feature_scale"": 0.125}",True,fidelity_gram_by_construction,hpo_representative,0.0
0.0,5.1,,pair_iqp_zz__LiPHEX_prediction__sasa002_frac_polar_hetero_only,429,"{""feature_scale"": 0.125}",True,fidelity_gram_by_construction,hpo_representative,0.0
0.0,5.2,,pair_iqp_zz__LiPHEX_prediction__sasa002_frac_polar_hetero_only,427,"{""feature_scale"": 0.125}",True,fidelity_gram_by_construction,hpo_representative,0.0
0.0,5.3,,pair_iqp_zz__LiPHEX_prediction__sasa002_frac_polar_hetero_only,425,"{""feature_scale"": 0.125}",True,fidelity_gram_by_construction,hpo_representative,0.0
0.0,5.4,,pair_iqp_zz__LiPHEX_prediction__sasa002_frac_polar_hetero_only,429,"{""feature_scale"": 0.125}",True,fidelity_gram_by_construction,hpo_representative,0.0
0.0,5.1,,current_order_10q,429,"{""feature_scale"": 0.125}",True,fidelity_gram_by_construction,hpo_representative,0.0
0.0,5.2,,current_order_10q,427,"{""feature_scale"": 0.125}",True,fidelity_gram_by_construction,hpo_representative,0.0
0.0,5.3,,current_order_10q,425,"{""feature_scale"": 0.125}",True,fidelity_gram_by_construction,hpo_representative,0.0
0.0,5.4,,current_order_10q,429,"{""feature_scale"": 0.125}",True,fidelity_gram_by_construction,hpo_representative,0.0
0.0,5,-1.1525424282291003e-16,current_order_10q,570,"{""C"": 1.0, ""feature_scale"": 0.125}",True,numeric,outer_fit,0.0
0.0,5.1,,max_synergy_path_10q,429,"{""feature_scale"": 0.125}",True,fidelity_gram_by_construction,hpo_representative,0.0
0.0,5.2,,max_synergy_path_10q,427,"{""feature_scale"": 0.125}",True,fidelity_gram_by_construction,hpo_representative,0.0
0.0,5.3,,max_synergy_path_10q,425,"{""feature_scale"": 0.125}",True,fidelity_gram_by_construction,hpo_representative,0.0
0.0,5.4,,max_synergy_path_10q,429,"{""feature_scale"": 0.125}",True,fidelity_gram_by_construction,hpo_representative,0.0
0.0,5,-5.808237851622401e-17,max_synergy_path_10q,570,"{""C"": 1.0, ""feature_scale"": 0.125}",True,numeric,outer_fit,0.0
0.0,5.1,,stable_synergy_path_10q,429,"{""feature_scale"": 0.125}",True,fidelity_gram_by_construction,hpo_representative,0.0
0.0,5.2,,stable_synergy_path_10q,427,"{""feature_scale"": 0.125}",True,fidelity_gram_by_construction,hpo_representative,0.0
0.0,5.3,,stable_synergy_path_10q,425,"{""feature_scale"": 0.125}",True,fidelity_gram_by_construction,hpo_representative,0.0
0.0,5.4,,stable_synergy_path_10q,429,"{""feature_scale"": 0.125}",True,fidelity_gram_by_construction,hpo_representative,0.0
0.0,5,1.123757349101381e-16,stable_synergy_path_10q,570,"{""C"": 1.0, ""feature_scale"": 0.125}",True,numeric,outer_fit,0.0
0.0,5.1,,current_order_20q_duplicate,429,"{""feature_scale"": 0.125}",True,fidelity_gram_by_construction,hpo_representative,0.0
0.0,5.2,,current_order_20q_duplicate,427,"{""feature_scale"": 0.125}",True,fidelity_gram_by_construction,hpo_representative,0.0
0.0,5.3,,current_order_20q_duplicate,425,"{""feature_scale"": 0.125}",True,fidelity_gram_by_construction,hpo_representative,0.0
0.0,5.4,,current_order_20q_duplicate,429,"{""feature_scale"": 0.125}",True,fidelity_gram_by_construction,hpo_representative,0.0
0.0,5,2.3473913125287003e-16,current_order_20q_duplicate,570,"{""C"": 1.0, ""feature_scale"": 0.125}",True,numeric,outer_fit,0.0
0.0,5.1,,current_order_20q_complementary,429,"{""feature_scale"": 0.125}",True,fidelity_gram_by_construction,hpo_representative,0.0
0.0,5.2,,current_order_20q_complementary,427,"{""feature_scale"": 0.125}",True,fidelity_gram_by_construction,hpo_representative,0.0
0.0,5.3,,current_order_20q_complementary,425,"{""feature_scale"": 0.125}",True,fidelity_gram_by_construction,hpo_representative,0.0
0.0,5.4,,current_order_20q_complementary,429,"{""feature_scale"": 0.125}",True,fidelity_gram_by_construction,hpo_representative,0.0
0.0,5,-4.0612043715340703e-17,current_order_20q_complementary,570,"{""C"": 1.0, ""feature_scale"": 0.125}",True,numeric,outer_fit,0.0
0.0,5.1,,max_synergy_path_20q_duplicate,429,"{""feature_scale"": 0.125}",True,fidelity_gram_by_construction,hpo_representative,0.0
0.0,5.2,,max_synergy_path_20q_duplicate,427,"{""feature_scale"": 0.125}",True,fidelity_gram_by_construction,hpo_representative,0.0
0.0,5.3,,max_synergy_path_20q_duplicate,425,"{""feature_scale"": 0.125}",True,fidelity_gram_by_construction,hpo_representative,0.0
0.0,5.4,,max_synergy_path_20q_duplicate,429,"{""feature_scale"": 0.125}",True,fidelity_gram_by_construction,hpo_representative,0.0
0.0,5,3.656503058530274e-16,max_synergy_path_20q_duplicate,570,"{""C"": 1.0, ""feature_scale"": 0.125}",True,numeric,outer_fit,0.0
0.0,5.1,,max_synergy_path_20q_complementary,429,"{""feature_scale"": 0.125}",True,fidelity_gram_by_construction,hpo_representative,0.0
0.0,5.2,,max_synergy_path_20q_complementary,427,"{""feature_scale"": 0.125}",True,fidelity_gram_by_construction,hpo_representative,0.0
0.0,5.3,,max_synergy_path_20q_complementary,425,"{""feature_scale"": 0.125}",True,fidelity_gram_by_construction,hpo_representative,0.0
0.0,5.4,,max_synergy_path_20q_complementary,429,"{""feature_scale"": 0.125}",True,fidelity_gram_by_construction,hpo_representative,0.0
0.0,5,4.36305565294782e-16,max_synergy_path_20q_complementary,570,"{""C"": 1.0, ""feature_scale"": 0.125}",True,numeric,outer_fit,0.0
0.0,5.1,,stable_synergy_path_20q_duplicate,429,"{""feature_scale"": 0.125}",True,fidelity_gram_by_construction,hpo_representative,0.0
0.0,5.2,,stable_synergy_path_20q_duplicate,427,"{""feature_scale"": 0.125}",True,fidelity_gram_by_construction,hpo_representative,0.0
0.0,5.3,,stable_synergy_path_20q_duplicate,425,"{""feature_scale"": 0.125}",True,fidelity_gram_by_construction,hpo_representative,0.0
0.0,5.4,,stable_synergy_path_20q_duplicate,429,"{""feature_scale"": 0.125}",True,fidelity_gram_by_construction,hpo_representative,0.0
0.0,5,3.702271251359717e-16,stable_synergy_path_20q_duplicate,570,"{""C"": 1.0, ""feature_scale"": 0.125}",True,numeric,outer_fit,0.0
0.0,5.1,,stable_synergy_path_20q_complementary,429,"{""feature_scale"": 0.125}",True,fidelity_gram_by_construction,hpo_representative,0.0
0.0,5.2,,stable_synergy_path_20q_complementary,427,"{""feature_scale"": 0.125}",True,fidelity_gram_by_construction,hpo_representative,0.0
0.0,5.3,,stable_synergy_path_20q_complementary,425,"{""feature_scale"": 0.125}",True,fidelity_gram_by_construction,hpo_representative,0.0
0.0,5.4,,stable_synergy_path_20q_complementary,429,"{""feature_scale"": 0.125}",True,fidelity_gram_by_construction,hpo_representative,0.0
0.0,5,-1.3916626088279458e-16,stable_synergy_path_20q_complementary,570,"{""C"": 1.0, ""feature_scale"": 0.125}",True,numeric,outer_fit,0.0
