evaluation_status,representation,n_features,model,ID,BUTINA_CLUSTER_ID,outer_fold,y_true,y_pred,y_score
development_oof,x10,10,rbf_matched,5,31,1,1,1,2.6481079827644995
development_oof,x10,10,rbf_matched,33,452,1,0,0,-0.99320284232933
development_oof,x10,10,rbf_matched,53,447,1,0,0,-1.2347906436562557
development_oof,x10,10,rbf_matched,64,34,1,1,0,-0.20691668374457883
development_oof,x10,10,rbf_matched,73,176,1,0,0,-0.08469457950853787
development_oof,x10,10,rbf_matched,78,443,1,1,1,0.41420240493330773
development_oof,x10,10,rbf_matched,83,60,1,1,1,1.0000357140442597
development_oof,x10,10,rbf_matched,100,31,1,1,1,2.975930056993813
development_oof,x10,10,rbf_matched,105,437,1,1,1,0.08193604601650062
development_oof,x10,10,rbf_matched,113,435,1,0,0,-1.3353592797105138
development_oof,x10,10,rbf_matched,116,434,1,0,0,-0.38554270907780186
development_oof,x10,10,rbf_matched,119,0,1,0,0,-0.8627987474531977
development_oof,x10,10,rbf_matched,139,20,1,1,1,0.5586823348245575
development_oof,x10,10,rbf_matched,142,0,1,0,0,-1.0260323106443647
development_oof,x10,10,rbf_matched,157,0,1,0,0,-1.186838559906001
development_oof,x10,10,rbf_matched,162,426,1,0,0,-4.711526506489077
development_oof,x10,10,rbf_matched,170,60,1,1,0,-0.539271926493111
development_oof,x10,10,rbf_matched,182,31,1,1,1,2.034678579103214
development_oof,x10,10,rbf_matched,195,31,1,1,1,2.225442749985956
development_oof,x10,10,rbf_matched,203,34,1,1,0,-0.2592652033979528
development_oof,x10,10,rbf_matched,208,31,1,1,1,1.608703799228966
development_oof,x10,10,rbf_matched,236,416,1,1,0,-1.164902782158959
development_oof,x10,10,rbf_matched,255,410,1,0,0,-0.8792349009860496
development_oof,x10,10,rbf_matched,261,25,1,1,0,-0.4512294531679313
development_oof,x10,10,rbf_matched,278,407,1,0,0,-0.5501547327845593
development_oof,x10,10,rbf_matched,288,128,1,0,0,-0.7833331216648389
development_oof,x10,10,rbf_matched,290,164,1,1,1,0.8293157166521761
development_oof,x10,10,rbf_matched,321,397,1,0,0,-1.0159881174614984
development_oof,x10,10,rbf_matched,325,396,1,0,0,-0.8746974143088715
development_oof,x10,10,rbf_matched,334,394,1,0,0,-1.2819085920358266
development_oof,x10,10,rbf_matched,364,25,1,1,0,-0.11837557351408101
development_oof,x10,10,rbf_matched,379,24,1,0,0,-1.279495273707596
development_oof,x10,10,rbf_matched,393,0,1,0,0,-1.250299430831237
development_oof,x10,10,rbf_matched,419,154,1,1,1,1.1885327875520373
development_oof,x10,10,rbf_matched,438,96,1,1,0,-0.5837353596676982
development_oof,x10,10,rbf_matched,439,156,1,1,0,-0.6837025969768895
development_oof,x10,10,rbf_matched,440,373,1,0,0,-1.7255273883706588
development_oof,x10,10,rbf_matched,466,0,1,0,0,-1.2932482512619892
development_oof,x10,10,rbf_matched,470,0,1,0,0,-0.7275839124604593
development_oof,x10,10,rbf_matched,490,364,1,0,0,-0.7164760845523537
development_oof,x10,10,rbf_matched,495,0,1,0,0,-0.8343571427330927
development_oof,x10,10,rbf_matched,506,0,1,0,0,-1.2913670289459747
development_oof,x10,10,rbf_matched,509,362,1,0,0,-0.8199610115477398
development_oof,x10,10,rbf_matched,517,0,1,0,0,-1.010413972677152
development_oof,x10,10,rbf_matched,522,154,1,1,1,0.7993351394781198
development_oof,x10,10,rbf_matched,524,0,1,0,0,-1.0147255028810425
development_oof,x10,10,rbf_matched,527,0,1,0,0,-0.9488339631687159
development_oof,x10,10,rbf_matched,529,0,1,0,0,-1.8736351137243483
development_oof,x10,10,rbf_matched,544,63,1,1,0,-1.2650545731972338
development_oof,x10,10,rbf_matched,548,34,1,0,1,0.5989674344958322
development_oof,x10,10,rbf_matched,553,0,1,0,0,-1.3345594194162218
development_oof,x10,10,rbf_matched,554,148,1,0,0,-0.5529693781018628
development_oof,x10,10,rbf_matched,560,0,1,0,0,-1.3647244309387063
development_oof,x10,10,rbf_matched,561,70,1,0,0,-1.7777280682018066
development_oof,x10,10,rbf_matched,568,0,1,0,0,-1.2058646222955973
development_oof,x10,10,rbf_matched,570,0,1,1,0,-1.1750015815360388
development_oof,x10,10,rbf_matched,571,70,1,0,0,-2.213381729650666
development_oof,x10,10,rbf_matched,572,0,1,1,0,-0.9366727077851968
development_oof,x10,10,rbf_matched,576,349,1,0,0,-0.0046001242262727615
development_oof,x10,10,rbf_matched,579,114,1,1,0,-1.0579186463609362
development_oof,x10,10,rbf_matched,580,348,1,1,1,0.03668627236865074
development_oof,x10,10,rbf_matched,585,31,1,1,1,1.8539990094049434
development_oof,x10,10,rbf_matched,592,0,1,1,0,-1.0088525446422238
development_oof,x10,10,rbf_matched,594,34,1,0,0,-0.009419937763131436
development_oof,x10,10,rbf_matched,600,151,1,0,0,-0.20774528310708362
development_oof,x10,10,rbf_matched,604,0,1,0,0,-1.0916435398418196
development_oof,x10,10,rbf_matched,605,0,1,0,0,-0.9820853629213051
development_oof,x10,10,rbf_matched,608,0,1,0,0,-0.7449511583178001
development_oof,x10,10,rbf_matched,611,0,1,0,0,-1.5973191261641144
development_oof,x10,10,rbf_matched,612,87,1,0,0,-1.711319958610816
development_oof,x10,10,rbf_matched,615,0,1,0,0,-0.9878541440440651
development_oof,x10,10,rbf_matched,622,34,1,0,0,-0.1324547717593232
development_oof,x10,10,rbf_matched,624,149,1,1,1,0.09002357332506161
development_oof,x10,10,rbf_matched,625,148,1,0,0,-0.9092816259861252
development_oof,x10,10,rbf_matched,630,67,1,0,0,-1.0208280786846853
development_oof,x10,10,rbf_matched,633,0,1,0,0,-1.775271834806337
development_oof,x10,10,rbf_matched,646,0,1,0,0,-1.3275497236539193
development_oof,x10,10,rbf_matched,647,0,1,0,0,-2.126969946240986
development_oof,x10,10,rbf_matched,651,67,1,0,0,-1.0499790768560455
development_oof,x10,10,rbf_matched,662,0,1,0,0,-1.1071897834968567
development_oof,x10,10,rbf_matched,667,0,1,0,0,-2.179517496979189
development_oof,x10,10,rbf_matched,678,20,1,1,1,0.15197541242990198
development_oof,x10,10,rbf_matched,680,145,1,0,0,-0.8266521294996934
development_oof,x10,10,rbf_matched,686,144,1,1,0,-0.8248669650258158
development_oof,x10,10,rbf_matched,692,0,1,0,0,-1.1114400470925623
development_oof,x10,10,rbf_matched,693,0,1,0,0,-1.1174148650277815
development_oof,x10,10,rbf_matched,698,314,1,0,0,-1.1232500575315352
development_oof,x10,10,rbf_matched,699,0,1,0,0,-0.892380511397671
development_oof,x10,10,rbf_matched,701,0,1,1,0,-1.6255037541350688
development_oof,x10,10,rbf_matched,706,0,1,0,0,-0.932777677162858
development_oof,x10,10,rbf_matched,716,309,1,0,0,-0.48669230994287105
development_oof,x10,10,rbf_matched,723,25,1,0,0,-0.056009049771089
development_oof,x10,10,rbf_matched,726,31,1,1,1,2.1022527554603583
development_oof,x10,10,rbf_matched,729,0,1,0,0,-1.7196878013610521
development_oof,x10,10,rbf_matched,731,60,1,0,0,-0.13228591603312534
development_oof,x10,10,rbf_matched,741,306,1,0,0,-1.731863907843973
development_oof,x10,10,rbf_matched,742,305,1,0,0,-1.1086887648388246
development_oof,x10,10,rbf_matched,744,87,1,0,0,-2.0835129383019484
development_oof,x10,10,rbf_matched,745,0,1,0,0,-2.071324932391416
development_oof,x10,10,rbf_matched,756,303,1,0,0,-0.5153670129897465
development_oof,x10,10,rbf_matched,767,63,1,1,0,-1.176050143778843
development_oof,x10,10,rbf_matched,780,133,1,0,0,-0.872085182081042
development_oof,x10,10,rbf_matched,791,294,1,0,0,-1.7357018515902531
development_oof,x10,10,rbf_matched,794,0,1,0,0,-1.8304204559636426
development_oof,x10,10,rbf_matched,798,291,1,0,0,-0.8832305068800372
development_oof,x10,10,rbf_matched,805,63,1,1,0,-0.431939904357896
development_oof,x10,10,rbf_matched,809,287,1,0,1,0.19227320738313036
development_oof,x10,10,rbf_matched,811,20,1,1,0,-0.4021824356353587
development_oof,x10,10,rbf_matched,821,282,1,0,0,-0.3820867067287743
development_oof,x10,10,rbf_matched,827,129,1,0,0,-0.5696696318574448
development_oof,x10,10,rbf_matched,836,279,1,1,0,-1.6068377895388326
development_oof,x10,10,rbf_matched,847,274,1,0,0,-1.2597037526612582
development_oof,x10,10,rbf_matched,867,60,1,0,1,0.20583240404151315
development_oof,x10,10,rbf_matched,907,246,1,0,0,-0.9956400731761774
development_oof,x10,10,rbf_matched,915,25,1,1,0,-0.44902924254013055
development_oof,x10,10,rbf_matched,916,244,1,0,0,-0.7139618253074689
development_oof,x10,10,rbf_matched,927,237,1,0,0,-0.7310278159497541
development_oof,x10,10,rbf_matched,929,67,1,0,0,-0.5809507464643682
development_oof,x10,10,rbf_matched,930,235,1,1,1,2.0197337264618005
development_oof,x10,10,rbf_matched,931,234,1,0,0,-0.9458370819092883
development_oof,x10,10,rbf_matched,945,227,1,0,0,-0.763759418599161
development_oof,x10,10,rbf_matched,962,218,1,0,0,-0.6964311015320348
development_oof,x10,10,rbf_matched,978,208,1,0,0,-2.720460782052683
development_oof,x10,10,rbf_matched,979,114,1,0,0,-1.3917851389848281
development_oof,x10,10,rbf_matched,991,0,1,0,0,-1.2367772347241517
development_oof,x10,10,rbf_matched,1025,63,1,1,0,-1.4485810219574184
development_oof,x10,10,rbf_matched,1028,184,1,0,0,-0.47784508764722045
development_oof,x10,10,quantum_angle_product,5,31,1,1,1,2.943612237462423
development_oof,x10,10,quantum_angle_product,33,452,1,0,0,-0.9165341114668799
development_oof,x10,10,quantum_angle_product,53,447,1,0,0,-0.9287427472935978
development_oof,x10,10,quantum_angle_product,64,34,1,1,0,-0.42549452089689765
development_oof,x10,10,quantum_angle_product,73,176,1,0,0,-0.24862419116692247
development_oof,x10,10,quantum_angle_product,78,443,1,1,0,-0.004843812356129407
development_oof,x10,10,quantum_angle_product,83,60,1,1,1,1.0003989973323613
development_oof,x10,10,quantum_angle_product,100,31,1,1,1,2.7750297139179274
development_oof,x10,10,quantum_angle_product,105,437,1,1,1,0.32721540049358877
development_oof,x10,10,quantum_angle_product,113,435,1,0,0,-1.0363559935961306
development_oof,x10,10,quantum_angle_product,116,434,1,0,0,-0.23658811631897192
development_oof,x10,10,quantum_angle_product,119,0,1,0,0,-1.3614723383035274
development_oof,x10,10,quantum_angle_product,139,20,1,1,1,0.6235186858733028
development_oof,x10,10,quantum_angle_product,142,0,1,0,0,-1.5911849814645005
development_oof,x10,10,quantum_angle_product,157,0,1,0,0,-1.6141959323077746
development_oof,x10,10,quantum_angle_product,162,426,1,0,0,-1.1768684461323011
development_oof,x10,10,quantum_angle_product,170,60,1,1,0,-0.15991470507134986
development_oof,x10,10,quantum_angle_product,182,31,1,1,1,2.1873071748584407
development_oof,x10,10,quantum_angle_product,195,31,1,1,1,2.292041844304012
development_oof,x10,10,quantum_angle_product,203,34,1,1,0,-0.5043484942692888
development_oof,x10,10,quantum_angle_product,208,31,1,1,1,2.480635311803145
development_oof,x10,10,quantum_angle_product,236,416,1,1,0,-1.4451464773680422
development_oof,x10,10,quantum_angle_product,255,410,1,0,0,-0.6851288795650528
development_oof,x10,10,quantum_angle_product,261,25,1,1,0,-0.6183349194137682
development_oof,x10,10,quantum_angle_product,278,407,1,0,0,-0.6935649272995463
development_oof,x10,10,quantum_angle_product,288,128,1,0,0,-0.7585271481674793
development_oof,x10,10,quantum_angle_product,290,164,1,1,1,0.7734526514850966
development_oof,x10,10,quantum_angle_product,321,397,1,0,0,-0.880783189008643
development_oof,x10,10,quantum_angle_product,325,396,1,0,0,-0.6512140326356481
development_oof,x10,10,quantum_angle_product,334,394,1,0,0,-1.127963247300948
development_oof,x10,10,quantum_angle_product,364,25,1,1,0,-0.29523050055631006
development_oof,x10,10,quantum_angle_product,379,24,1,0,0,-1.231302289984969
development_oof,x10,10,quantum_angle_product,393,0,1,0,0,-1.6698636164932625
development_oof,x10,10,quantum_angle_product,419,154,1,1,1,2.2462943476391968
development_oof,x10,10,quantum_angle_product,438,96,1,1,0,-0.5615740998464429
development_oof,x10,10,quantum_angle_product,439,156,1,1,0,-0.3193294502485564
development_oof,x10,10,quantum_angle_product,440,373,1,0,0,-1.5679921204719685
development_oof,x10,10,quantum_angle_product,466,0,1,0,0,-1.4013230959867828
development_oof,x10,10,quantum_angle_product,470,0,1,0,0,-1.2422438372062743
development_oof,x10,10,quantum_angle_product,490,364,1,0,0,-0.7143862140211512
development_oof,x10,10,quantum_angle_product,495,0,1,0,0,-1.319670241491288
development_oof,x10,10,quantum_angle_product,506,0,1,0,0,-1.8067345457969957
development_oof,x10,10,quantum_angle_product,509,362,1,0,0,-0.8079808302074762
development_oof,x10,10,quantum_angle_product,517,0,1,0,0,-1.5716386081227895
development_oof,x10,10,quantum_angle_product,522,154,1,1,1,1.8286795942699028
development_oof,x10,10,quantum_angle_product,524,0,1,0,0,-1.4809782015010728
development_oof,x10,10,quantum_angle_product,527,0,1,0,0,-1.5200335159618925
development_oof,x10,10,quantum_angle_product,529,0,1,0,0,-2.6635904917142965
development_oof,x10,10,quantum_angle_product,544,63,1,1,0,-1.3563936168907058
development_oof,x10,10,quantum_angle_product,548,34,1,0,1,0.45630789543806616
development_oof,x10,10,quantum_angle_product,553,0,1,0,0,-1.7224050829985582
development_oof,x10,10,quantum_angle_product,554,148,1,0,0,-0.19791564042750576
development_oof,x10,10,quantum_angle_product,560,0,1,0,0,-1.6885783165796735
development_oof,x10,10,quantum_angle_product,561,70,1,0,0,-2.1357644386910626
development_oof,x10,10,quantum_angle_product,568,0,1,0,0,-1.8614699236062657
development_oof,x10,10,quantum_angle_product,570,0,1,1,0,-1.2055725576600689
development_oof,x10,10,quantum_angle_product,571,70,1,0,0,-2.7219166001080763
development_oof,x10,10,quantum_angle_product,572,0,1,1,0,-1.4622929757326415
development_oof,x10,10,quantum_angle_product,576,349,1,0,0,-0.14241660173551685
development_oof,x10,10,quantum_angle_product,579,114,1,1,0,-0.8713691235031078
development_oof,x10,10,quantum_angle_product,580,348,1,1,1,0.03813566099449828
development_oof,x10,10,quantum_angle_product,585,31,1,1,1,2.751062744169486
development_oof,x10,10,quantum_angle_product,592,0,1,1,0,-1.5323352793261122
development_oof,x10,10,quantum_angle_product,594,34,1,0,0,-0.1037330762999027
development_oof,x10,10,quantum_angle_product,600,151,1,0,0,-0.24855482798031914
development_oof,x10,10,quantum_angle_product,604,0,1,0,0,-1.446568852735625
development_oof,x10,10,quantum_angle_product,605,0,1,0,0,-1.6018322398924052
development_oof,x10,10,quantum_angle_product,608,0,1,0,0,-1.1073808840596777
development_oof,x10,10,quantum_angle_product,611,0,1,0,0,-2.3902262258559976
development_oof,x10,10,quantum_angle_product,612,87,1,0,0,-2.0242714485474225
development_oof,x10,10,quantum_angle_product,615,0,1,0,0,-1.5650789284350517
development_oof,x10,10,quantum_angle_product,622,34,1,0,0,-0.18935778519454916
development_oof,x10,10,quantum_angle_product,624,149,1,1,1,0.09629414469908704
development_oof,x10,10,quantum_angle_product,625,148,1,0,0,-0.531346198935224
development_oof,x10,10,quantum_angle_product,630,67,1,0,0,-0.7471577134812648
development_oof,x10,10,quantum_angle_product,633,0,1,0,0,-2.1807540346689698
development_oof,x10,10,quantum_angle_product,646,0,1,0,0,-1.7773632461571012
development_oof,x10,10,quantum_angle_product,647,0,1,0,0,-2.4427526738128034
development_oof,x10,10,quantum_angle_product,651,67,1,0,0,-1.0030136965883467
development_oof,x10,10,quantum_angle_product,662,0,1,0,0,-1.705806967433098
development_oof,x10,10,quantum_angle_product,667,0,1,0,0,-2.813561923886367
development_oof,x10,10,quantum_angle_product,678,20,1,1,1,0.03636074957736568
development_oof,x10,10,quantum_angle_product,680,145,1,0,0,-0.8271922155521594
development_oof,x10,10,quantum_angle_product,686,144,1,1,0,-0.720373570086501
development_oof,x10,10,quantum_angle_product,692,0,1,0,0,-1.4035532455313573
development_oof,x10,10,quantum_angle_product,693,0,1,0,0,-1.5165652622151164
development_oof,x10,10,quantum_angle_product,698,314,1,0,0,-1.1045377868205564
development_oof,x10,10,quantum_angle_product,699,0,1,0,0,-1.820765790349721
development_oof,x10,10,quantum_angle_product,701,0,1,1,0,-1.7632949423644728
development_oof,x10,10,quantum_angle_product,706,0,1,0,0,-1.3243524775678868
development_oof,x10,10,quantum_angle_product,716,309,1,0,0,-0.49632274625769646
development_oof,x10,10,quantum_angle_product,723,25,1,0,0,-0.2842351013489248
development_oof,x10,10,quantum_angle_product,726,31,1,1,1,2.3088761154982294
development_oof,x10,10,quantum_angle_product,729,0,1,0,0,-2.4590809702476846
development_oof,x10,10,quantum_angle_product,731,60,1,0,0,-0.10176381117316602
development_oof,x10,10,quantum_angle_product,741,306,1,0,0,-1.8871889223453762
development_oof,x10,10,quantum_angle_product,742,305,1,0,0,-1.281650339823127
development_oof,x10,10,quantum_angle_product,744,87,1,0,0,-2.6878796743092868
development_oof,x10,10,quantum_angle_product,745,0,1,0,0,-2.7873104922789578
development_oof,x10,10,quantum_angle_product,756,303,1,0,0,-0.617647977672025
development_oof,x10,10,quantum_angle_product,767,63,1,1,0,-1.4824774298277141
development_oof,x10,10,quantum_angle_product,780,133,1,0,0,-1.0866712929674402
development_oof,x10,10,quantum_angle_product,791,294,1,0,0,-2.1930708624477098
development_oof,x10,10,quantum_angle_product,794,0,1,0,0,-1.8892857236404696
development_oof,x10,10,quantum_angle_product,798,291,1,0,0,-1.039707622864305
development_oof,x10,10,quantum_angle_product,805,63,1,1,0,-0.5832129987721126
development_oof,x10,10,quantum_angle_product,809,287,1,0,1,0.09311495618679011
development_oof,x10,10,quantum_angle_product,811,20,1,1,0,-0.4642401850152078
development_oof,x10,10,quantum_angle_product,821,282,1,0,0,-0.20751678930887385
development_oof,x10,10,quantum_angle_product,827,129,1,0,0,-0.5313184554822392
development_oof,x10,10,quantum_angle_product,836,279,1,1,0,-0.9610283504243413
development_oof,x10,10,quantum_angle_product,847,274,1,0,0,-1.321642210575176
development_oof,x10,10,quantum_angle_product,867,60,1,0,1,0.3606886197232586
development_oof,x10,10,quantum_angle_product,907,246,1,0,0,-1.076400543291096
development_oof,x10,10,quantum_angle_product,915,25,1,1,0,-0.5182373247046468
development_oof,x10,10,quantum_angle_product,916,244,1,0,0,-0.471665367745
development_oof,x10,10,quantum_angle_product,927,237,1,0,0,-0.7922706786218303
development_oof,x10,10,quantum_angle_product,929,67,1,0,0,-0.34307764938687724
development_oof,x10,10,quantum_angle_product,930,235,1,1,1,1.5299151453722049
development_oof,x10,10,quantum_angle_product,931,234,1,0,0,-0.864348782864087
development_oof,x10,10,quantum_angle_product,945,227,1,0,0,-0.8425804607334884
development_oof,x10,10,quantum_angle_product,962,218,1,0,0,-0.6850150743187011
development_oof,x10,10,quantum_angle_product,978,208,1,0,0,-2.2420183022723488
development_oof,x10,10,quantum_angle_product,979,114,1,0,0,-1.348963058250209
development_oof,x10,10,quantum_angle_product,991,0,1,0,0,-1.818906808730921
development_oof,x10,10,quantum_angle_product,1025,63,1,1,0,-2.5496243950163566
development_oof,x10,10,quantum_angle_product,1028,184,1,0,0,-0.4726442345400126
development_oof,x10,10,quantum_iqp_zz_linear,5,31,1,1,1,2.929016949359647
development_oof,x10,10,quantum_iqp_zz_linear,33,452,1,0,0,-0.920693725829834
development_oof,x10,10,quantum_iqp_zz_linear,53,447,1,0,0,-0.9395877524679319
development_oof,x10,10,quantum_iqp_zz_linear,64,34,1,1,0,-0.38389932978172503
development_oof,x10,10,quantum_iqp_zz_linear,73,176,1,0,0,-0.21196845223903082
development_oof,x10,10,quantum_iqp_zz_linear,78,443,1,1,1,0.04822202831169853
development_oof,x10,10,quantum_iqp_zz_linear,83,60,1,1,1,1.000028921355574
development_oof,x10,10,quantum_iqp_zz_linear,100,31,1,1,1,2.7667593001836255
development_oof,x10,10,quantum_iqp_zz_linear,105,437,1,1,1,0.2917006239032891
development_oof,x10,10,quantum_iqp_zz_linear,113,435,1,0,0,-1.035642443420504
development_oof,x10,10,quantum_iqp_zz_linear,116,434,1,0,0,-0.7148272429231792
development_oof,x10,10,quantum_iqp_zz_linear,119,0,1,0,0,-1.3213957180041647
development_oof,x10,10,quantum_iqp_zz_linear,139,20,1,1,1,0.6006654916751599
development_oof,x10,10,quantum_iqp_zz_linear,142,0,1,0,0,-1.5330401607712878
development_oof,x10,10,quantum_iqp_zz_linear,157,0,1,0,0,-1.5902482006280183
development_oof,x10,10,quantum_iqp_zz_linear,162,426,1,0,0,-0.6471095053548107
development_oof,x10,10,quantum_iqp_zz_linear,170,60,1,1,0,-0.1707322801812481
development_oof,x10,10,quantum_iqp_zz_linear,182,31,1,1,1,2.1304614936011728
development_oof,x10,10,quantum_iqp_zz_linear,195,31,1,1,1,2.274952319878974
development_oof,x10,10,quantum_iqp_zz_linear,203,34,1,1,0,-0.46098417757986954
development_oof,x10,10,quantum_iqp_zz_linear,208,31,1,1,1,2.488343526413032
development_oof,x10,10,quantum_iqp_zz_linear,236,416,1,1,0,-1.4331114908924714
development_oof,x10,10,quantum_iqp_zz_linear,255,410,1,0,0,-0.6890007385080839
development_oof,x10,10,quantum_iqp_zz_linear,261,25,1,1,0,-0.5927708859766714
development_oof,x10,10,quantum_iqp_zz_linear,278,407,1,0,0,-0.7044872087854865
development_oof,x10,10,quantum_iqp_zz_linear,288,128,1,0,0,-0.7553080983157379
development_oof,x10,10,quantum_iqp_zz_linear,290,164,1,1,1,0.7681949125264544
development_oof,x10,10,quantum_iqp_zz_linear,321,397,1,0,0,-0.9092988816035386
development_oof,x10,10,quantum_iqp_zz_linear,325,396,1,0,0,-0.6630494337334203
development_oof,x10,10,quantum_iqp_zz_linear,334,394,1,0,0,-1.1550009596016266
development_oof,x10,10,quantum_iqp_zz_linear,364,25,1,1,0,-0.2846588976983584
development_oof,x10,10,quantum_iqp_zz_linear,379,24,1,0,0,-1.2289335711379543
development_oof,x10,10,quantum_iqp_zz_linear,393,0,1,0,0,-1.6426690051034563
development_oof,x10,10,quantum_iqp_zz_linear,419,154,1,1,1,2.1921051811158043
development_oof,x10,10,quantum_iqp_zz_linear,438,96,1,1,0,-0.566476785990099
development_oof,x10,10,quantum_iqp_zz_linear,439,156,1,1,0,-0.31661411525106375
development_oof,x10,10,quantum_iqp_zz_linear,440,373,1,0,0,-1.4995286237472314
development_oof,x10,10,quantum_iqp_zz_linear,466,0,1,0,0,-1.4058348403325216
development_oof,x10,10,quantum_iqp_zz_linear,470,0,1,0,0,-1.2120327535224011
development_oof,x10,10,quantum_iqp_zz_linear,490,364,1,0,0,-0.7263937322168865
development_oof,x10,10,quantum_iqp_zz_linear,495,0,1,0,0,-1.2308078504576982
development_oof,x10,10,quantum_iqp_zz_linear,506,0,1,0,0,-1.7741727049436826
development_oof,x10,10,quantum_iqp_zz_linear,509,362,1,0,0,-0.7985391038188381
development_oof,x10,10,quantum_iqp_zz_linear,517,0,1,0,0,-1.4986247217066764
development_oof,x10,10,quantum_iqp_zz_linear,522,154,1,1,1,1.7658567884119392
development_oof,x10,10,quantum_iqp_zz_linear,524,0,1,0,0,-1.444267477612018
development_oof,x10,10,quantum_iqp_zz_linear,527,0,1,0,0,-1.4378224640956798
development_oof,x10,10,quantum_iqp_zz_linear,529,0,1,0,0,-2.592831050625135
development_oof,x10,10,quantum_iqp_zz_linear,544,63,1,1,0,-1.3807734101273152
development_oof,x10,10,quantum_iqp_zz_linear,548,34,1,0,1,0.44833113413946624
development_oof,x10,10,quantum_iqp_zz_linear,553,0,1,0,0,-1.6436605297870495
development_oof,x10,10,quantum_iqp_zz_linear,554,148,1,0,0,-0.23200023121309732
development_oof,x10,10,quantum_iqp_zz_linear,560,0,1,0,0,-1.611603708255104
development_oof,x10,10,quantum_iqp_zz_linear,561,70,1,0,0,-2.100636600591951
development_oof,x10,10,quantum_iqp_zz_linear,568,0,1,0,0,-1.7485164562421782
development_oof,x10,10,quantum_iqp_zz_linear,570,0,1,1,0,-1.0412482666528402
development_oof,x10,10,quantum_iqp_zz_linear,571,70,1,0,0,-2.7103301358852696
development_oof,x10,10,quantum_iqp_zz_linear,572,0,1,1,0,-1.4262184201446335
development_oof,x10,10,quantum_iqp_zz_linear,576,349,1,0,0,-0.17658530522302418
development_oof,x10,10,quantum_iqp_zz_linear,579,114,1,1,0,-0.8774771086259405
development_oof,x10,10,quantum_iqp_zz_linear,580,348,1,1,1,0.023084741714222812
development_oof,x10,10,quantum_iqp_zz_linear,585,31,1,1,1,2.7606121730662347
development_oof,x10,10,quantum_iqp_zz_linear,592,0,1,1,0,-1.4520294071315116
development_oof,x10,10,quantum_iqp_zz_linear,594,34,1,0,0,-0.1019902689647223
development_oof,x10,10,quantum_iqp_zz_linear,600,151,1,0,0,-0.24935095045658962
development_oof,x10,10,quantum_iqp_zz_linear,604,0,1,0,0,-1.339159052540081
development_oof,x10,10,quantum_iqp_zz_linear,605,0,1,0,0,-1.5591366814609002
development_oof,x10,10,quantum_iqp_zz_linear,608,0,1,0,0,-1.0189696120851166
development_oof,x10,10,quantum_iqp_zz_linear,611,0,1,0,0,-2.305222840716793
development_oof,x10,10,quantum_iqp_zz_linear,612,87,1,0,0,-2.0128420337796085
development_oof,x10,10,quantum_iqp_zz_linear,615,0,1,0,0,-1.4355681967600238
development_oof,x10,10,quantum_iqp_zz_linear,622,34,1,0,0,-0.18840058575810925
development_oof,x10,10,quantum_iqp_zz_linear,624,149,1,1,1,0.102803406351609
development_oof,x10,10,quantum_iqp_zz_linear,625,148,1,0,0,-0.5632794623111801
development_oof,x10,10,quantum_iqp_zz_linear,630,67,1,0,0,-0.7725508564741213
development_oof,x10,10,quantum_iqp_zz_linear,633,0,1,0,0,-2.174033863010699
development_oof,x10,10,quantum_iqp_zz_linear,646,0,1,0,0,-1.5893141540949172
development_oof,x10,10,quantum_iqp_zz_linear,647,0,1,0,0,-2.2988572450602454
development_oof,x10,10,quantum_iqp_zz_linear,651,67,1,0,0,-1.0183059810071842
development_oof,x10,10,quantum_iqp_zz_linear,662,0,1,0,0,-1.6149303651579276
development_oof,x10,10,quantum_iqp_zz_linear,667,0,1,0,0,-2.6633500483878603
development_oof,x10,10,quantum_iqp_zz_linear,678,20,1,1,1,0.06171568563821239
development_oof,x10,10,quantum_iqp_zz_linear,680,145,1,0,0,-0.8489337649983506
development_oof,x10,10,quantum_iqp_zz_linear,686,144,1,1,0,-0.7299203056835202
development_oof,x10,10,quantum_iqp_zz_linear,692,0,1,0,0,-1.2717577402520277
development_oof,x10,10,quantum_iqp_zz_linear,693,0,1,0,0,-1.4633481437211906
development_oof,x10,10,quantum_iqp_zz_linear,698,314,1,0,0,-1.1101052761727046
development_oof,x10,10,quantum_iqp_zz_linear,699,0,1,0,0,-1.6927710462155876
development_oof,x10,10,quantum_iqp_zz_linear,701,0,1,1,0,-1.5230906187062887
development_oof,x10,10,quantum_iqp_zz_linear,706,0,1,0,0,-1.3256359926264574
development_oof,x10,10,quantum_iqp_zz_linear,716,309,1,0,0,-0.4732823190885098
development_oof,x10,10,quantum_iqp_zz_linear,723,25,1,0,0,-0.2735663068124863
development_oof,x10,10,quantum_iqp_zz_linear,726,31,1,1,1,2.3036579196648135
development_oof,x10,10,quantum_iqp_zz_linear,729,0,1,0,0,-2.4016004984202315
development_oof,x10,10,quantum_iqp_zz_linear,731,60,1,0,0,-0.11572231984725168
development_oof,x10,10,quantum_iqp_zz_linear,741,306,1,0,0,-1.844640311302535
development_oof,x10,10,quantum_iqp_zz_linear,742,305,1,0,0,-1.2745507555488897
development_oof,x10,10,quantum_iqp_zz_linear,744,87,1,0,0,-2.6479387292653445
development_oof,x10,10,quantum_iqp_zz_linear,745,0,1,0,0,-2.7778568187493367
development_oof,x10,10,quantum_iqp_zz_linear,756,303,1,0,0,-0.6256193958898169
development_oof,x10,10,quantum_iqp_zz_linear,767,63,1,1,0,-1.4971196693880935
development_oof,x10,10,quantum_iqp_zz_linear,780,133,1,0,0,-1.0648102317901527
development_oof,x10,10,quantum_iqp_zz_linear,791,294,1,0,0,-2.174590093555402
development_oof,x10,10,quantum_iqp_zz_linear,794,0,1,0,0,-1.7877918722509425
development_oof,x10,10,quantum_iqp_zz_linear,798,291,1,0,0,-1.0768234190707098
development_oof,x10,10,quantum_iqp_zz_linear,805,63,1,1,0,-0.5828167341200086
development_oof,x10,10,quantum_iqp_zz_linear,809,287,1,0,1,0.08057740275517711
development_oof,x10,10,quantum_iqp_zz_linear,811,20,1,1,0,-0.5025900674847477
development_oof,x10,10,quantum_iqp_zz_linear,821,282,1,0,0,-0.24303458007885181
development_oof,x10,10,quantum_iqp_zz_linear,827,129,1,0,0,-0.5205733613268273
development_oof,x10,10,quantum_iqp_zz_linear,836,279,1,1,0,-1.0272278316126557
development_oof,x10,10,quantum_iqp_zz_linear,847,274,1,0,0,-1.306210297086196
development_oof,x10,10,quantum_iqp_zz_linear,867,60,1,0,1,0.35406592028115735
development_oof,x10,10,quantum_iqp_zz_linear,907,246,1,0,0,-1.0714802620132715
development_oof,x10,10,quantum_iqp_zz_linear,915,25,1,1,0,-0.5253225819598497
development_oof,x10,10,quantum_iqp_zz_linear,916,244,1,0,0,-0.5141385464147159
development_oof,x10,10,quantum_iqp_zz_linear,927,237,1,0,0,-0.7747843642543337
development_oof,x10,10,quantum_iqp_zz_linear,929,67,1,0,0,-0.3711601686413326
development_oof,x10,10,quantum_iqp_zz_linear,930,235,1,1,1,1.6065067209454753
development_oof,x10,10,quantum_iqp_zz_linear,931,234,1,0,0,-0.8490309785242154
development_oof,x10,10,quantum_iqp_zz_linear,945,227,1,0,0,-0.8652448982026928
development_oof,x10,10,quantum_iqp_zz_linear,962,218,1,0,0,-0.6838098736580893
development_oof,x10,10,quantum_iqp_zz_linear,978,208,1,0,0,-2.222063379850782
development_oof,x10,10,quantum_iqp_zz_linear,979,114,1,0,0,-1.3312819181660664
development_oof,x10,10,quantum_iqp_zz_linear,991,0,1,0,0,-1.741373563350027
development_oof,x10,10,quantum_iqp_zz_linear,1025,63,1,1,0,-2.4842914498549455
development_oof,x10,10,quantum_iqp_zz_linear,1028,184,1,0,0,-0.47651963014293663
development_oof,x10,10,rbf_matched,13,109,2,1,1,0.9820032275127705
development_oof,x10,10,rbf_matched,15,458,2,1,1,0.8101221921381206
development_oof,x10,10,rbf_matched,25,12,2,1,0,-1.053367543633699
development_oof,x10,10,rbf_matched,28,454,2,1,0,-1.127690658560387
development_oof,x10,10,rbf_matched,52,448,2,0,0,-0.3622378073450155
development_oof,x10,10,rbf_matched,54,1,2,0,0,-1.091005014940372
development_oof,x10,10,rbf_matched,61,1,2,0,0,-0.9682910599529354
development_oof,x10,10,rbf_matched,70,166,2,0,1,0.5477265942717486
development_oof,x10,10,rbf_matched,72,12,2,1,0,-0.9291503071277876
development_oof,x10,10,rbf_matched,79,175,2,1,1,0.0018601296779913873
development_oof,x10,10,rbf_matched,85,17,2,1,1,0.964571489542467
development_oof,x10,10,rbf_matched,87,439,2,0,0,-0.7602065738236364
development_oof,x10,10,rbf_matched,88,12,2,0,0,-1.178352395202428
development_oof,x10,10,rbf_matched,108,436,2,0,0,-1.2310370053803577
development_oof,x10,10,rbf_matched,114,173,2,0,0,-1.3347519551399745
development_oof,x10,10,rbf_matched,115,2,2,1,0,-1.1724037806360084
development_oof,x10,10,rbf_matched,118,172,2,0,0,-0.9543812655758394
development_oof,x10,10,rbf_matched,131,170,2,1,1,1.0002312721868627
development_oof,x10,10,rbf_matched,165,17,2,1,1,1.1949870112944732
development_oof,x10,10,rbf_matched,188,1,2,0,0,-1.347669929153466
development_oof,x10,10,rbf_matched,199,1,2,0,0,-0.6532657237686679
development_oof,x10,10,rbf_matched,207,1,2,0,0,-1.044184426841641
development_oof,x10,10,rbf_matched,216,167,2,1,0,-0.7263986362967594
development_oof,x10,10,rbf_matched,219,418,2,0,0,-1.1870870741410235
development_oof,x10,10,rbf_matched,222,1,2,0,0,-1.4890794835468744
development_oof,x10,10,rbf_matched,224,1,2,0,0,-1.1358111129962265
development_oof,x10,10,rbf_matched,233,17,2,1,1,1.1721693633842807
development_oof,x10,10,rbf_matched,240,167,2,1,0,-0.7374028203244414
development_oof,x10,10,rbf_matched,249,124,2,0,0,-0.6710559985330443
development_oof,x10,10,rbf_matched,250,166,2,0,1,0.12136592560452386
development_oof,x10,10,rbf_matched,259,409,2,0,0,-0.18593932519985773
development_oof,x10,10,rbf_matched,267,408,2,0,0,-1.1892146189158086
development_oof,x10,10,rbf_matched,270,12,2,1,0,-0.9386004473969881
development_oof,x10,10,rbf_matched,276,17,2,1,1,1.1840603177603386
development_oof,x10,10,rbf_matched,294,122,2,0,0,-0.3849876471721071
development_oof,x10,10,rbf_matched,296,1,2,0,0,-0.7786061157849304
development_oof,x10,10,rbf_matched,301,403,2,0,0,-1.2990747064621142
development_oof,x10,10,rbf_matched,305,402,2,0,0,-0.8245749843942244
development_oof,x10,10,rbf_matched,306,101,2,1,0,-0.7699266931123443
development_oof,x10,10,rbf_matched,307,12,2,1,0,-0.8496866642700927
development_oof,x10,10,rbf_matched,312,399,2,0,0,-0.07677442899878312
development_oof,x10,10,rbf_matched,338,17,2,1,1,1.0563975757048558
development_oof,x10,10,rbf_matched,343,17,2,1,1,1.2547757999111986
development_oof,x10,10,rbf_matched,345,73,2,0,1,0.937538873478044
development_oof,x10,10,rbf_matched,346,12,2,1,0,-0.8356895615795137
development_oof,x10,10,rbf_matched,347,17,2,1,1,1.0992428188807213
development_oof,x10,10,rbf_matched,350,12,2,0,0,-0.9732137436830726
development_oof,x10,10,rbf_matched,369,1,2,0,0,-1.2545132314553622
development_oof,x10,10,rbf_matched,372,17,2,1,1,0.9526331989066422
development_oof,x10,10,rbf_matched,382,384,2,0,0,-0.800216065016614
development_oof,x10,10,rbf_matched,383,12,2,1,0,-0.9430607650014793
development_oof,x10,10,rbf_matched,384,69,2,0,0,-0.7563860688444832
development_oof,x10,10,rbf_matched,406,78,2,0,0,-1.1621466833312395
development_oof,x10,10,rbf_matched,407,160,2,0,1,0.419422774541103
development_oof,x10,10,rbf_matched,413,62,2,1,0,-0.9422545868030321
development_oof,x10,10,rbf_matched,415,12,2,1,0,-1.182971750252654
development_oof,x10,10,rbf_matched,426,377,2,0,1,0.7156423865908864
development_oof,x10,10,rbf_matched,434,97,2,1,1,1.3531866390907896
development_oof,x10,10,rbf_matched,447,1,2,0,0,-0.9035073974415364
development_oof,x10,10,rbf_matched,452,73,2,1,1,0.9372667084233534
development_oof,x10,10,rbf_matched,456,78,2,0,0,-1.1048583629260196
development_oof,x10,10,rbf_matched,463,1,2,0,0,-1.4327352173345127
development_oof,x10,10,rbf_matched,472,1,2,1,0,-0.6476154926390083
development_oof,x10,10,rbf_matched,474,1,2,0,0,-1.56163965876432
development_oof,x10,10,rbf_matched,513,92,2,0,0,-0.12803314738564878
development_oof,x10,10,rbf_matched,523,2,2,1,0,-0.9026149049445402
development_oof,x10,10,rbf_matched,540,356,2,0,1,0.5145531863364632
development_oof,x10,10,rbf_matched,557,66,2,0,1,0.22784997291065096
development_oof,x10,10,rbf_matched,573,350,2,0,0,-0.5638084441041815
development_oof,x10,10,rbf_matched,574,1,2,0,0,-1.4792368174952637
development_oof,x10,10,rbf_matched,583,69,2,0,0,-1.3645953955461398
development_oof,x10,10,rbf_matched,587,345,2,0,1,0.13161792553741744
development_oof,x10,10,rbf_matched,591,343,2,0,1,0.31807374215931267
development_oof,x10,10,rbf_matched,617,1,2,0,0,-1.5711807313797532
development_oof,x10,10,rbf_matched,626,1,2,0,0,-0.749602581720311
development_oof,x10,10,rbf_matched,631,92,2,0,0,-0.016717276363734615
development_oof,x10,10,rbf_matched,634,17,2,1,1,1.1547921159268735
development_oof,x10,10,rbf_matched,636,334,2,1,1,0.22096569426419282
development_oof,x10,10,rbf_matched,638,333,2,0,0,-0.047680727409522033
development_oof,x10,10,rbf_matched,641,66,2,0,0,-1.446830935942422
development_oof,x10,10,rbf_matched,658,325,2,0,0,-0.7305564447392316
development_oof,x10,10,rbf_matched,664,116,2,0,0,-0.5352028163184612
development_oof,x10,10,rbf_matched,670,322,2,0,1,0.5800975730468506
development_oof,x10,10,rbf_matched,681,318,2,0,0,-1.0484449133866347
development_oof,x10,10,rbf_matched,685,33,2,0,0,-1.1590436593893267
development_oof,x10,10,rbf_matched,689,1,2,0,0,-1.2502980109199
development_oof,x10,10,rbf_matched,694,33,2,0,0,-1.3591164877055926
development_oof,x10,10,rbf_matched,707,311,2,0,0,-0.19848925676530252
development_oof,x10,10,rbf_matched,734,12,2,1,0,-1.3049623994184785
development_oof,x10,10,rbf_matched,760,1,2,0,0,-0.3725717825253622
development_oof,x10,10,rbf_matched,771,43,2,0,0,-0.1206693863548524
development_oof,x10,10,rbf_matched,774,299,2,0,0,-0.9959349232857677
development_oof,x10,10,rbf_matched,779,43,2,0,0,-0.7460931906522127
development_oof,x10,10,rbf_matched,782,43,2,0,0,-1.1382208366160347
development_oof,x10,10,rbf_matched,790,62,2,1,1,1.093820684555018
development_oof,x10,10,rbf_matched,797,43,2,0,0,-0.16476550139584217
development_oof,x10,10,rbf_matched,808,33,2,0,0,-0.9611480760002467
development_oof,x10,10,rbf_matched,810,286,2,0,0,-1.4901123611493658
development_oof,x10,10,rbf_matched,812,285,2,0,0,-0.35204445957365893
development_oof,x10,10,rbf_matched,813,33,2,0,0,-0.39193745499494764
development_oof,x10,10,rbf_matched,816,284,2,0,0,-0.5037227945547558
development_oof,x10,10,rbf_matched,844,276,2,0,0,-0.08701195461628577
development_oof,x10,10,rbf_matched,850,273,2,0,1,0.5850204916841028
development_oof,x10,10,rbf_matched,855,270,2,0,0,-0.31177864213882944
development_oof,x10,10,rbf_matched,864,264,2,0,0,-0.2981596257921304
development_oof,x10,10,rbf_matched,865,263,2,0,0,-0.8262532152352401
development_oof,x10,10,rbf_matched,888,254,2,1,0,-0.6573014764614937
development_oof,x10,10,rbf_matched,895,124,2,0,0,-0.8438249121746245
development_oof,x10,10,rbf_matched,902,122,2,1,0,-0.021061141121537008
development_oof,x10,10,rbf_matched,917,243,2,1,1,0.24533046830890115
development_oof,x10,10,rbf_matched,918,242,2,0,0,-0.8616733787698019
development_oof,x10,10,rbf_matched,932,233,2,0,0,-1.0579953900290424
development_oof,x10,10,rbf_matched,940,78,2,0,0,-1.078423801636252
development_oof,x10,10,rbf_matched,942,228,2,0,0,-0.02672485723881382
development_oof,x10,10,rbf_matched,960,116,2,0,0,-0.10549838112248573
development_oof,x10,10,rbf_matched,970,213,2,0,0,-0.52488523593061
development_oof,x10,10,rbf_matched,972,211,2,0,0,-0.9744890355516309
development_oof,x10,10,rbf_matched,975,66,2,0,0,-1.001733003685583
development_oof,x10,10,rbf_matched,993,69,2,0,1,0.03335798965175499
development_oof,x10,10,rbf_matched,1002,197,2,0,0,-0.9625503308540133
development_oof,x10,10,rbf_matched,1006,111,2,0,0,-0.3444246176205601
development_oof,x10,10,rbf_matched,1026,186,2,1,0,-1.2765706672336976
development_oof,x10,10,rbf_matched,1027,185,2,1,0,-0.3508470513456172
development_oof,x10,10,rbf_matched,1032,180,2,0,0,-0.33650749673851477
development_oof,x10,10,rbf_matched,1034,178,2,0,0,-0.46924636821743954
development_oof,x10,10,quantum_angle_product,13,109,2,1,1,1.6027851691815362
development_oof,x10,10,quantum_angle_product,15,458,2,1,1,1.7397726698160247
development_oof,x10,10,quantum_angle_product,25,12,2,1,0,-1.2149379927687667
development_oof,x10,10,quantum_angle_product,28,454,2,1,0,-0.7006706036505415
development_oof,x10,10,quantum_angle_product,52,448,2,0,0,-1.0018625675231343
development_oof,x10,10,quantum_angle_product,54,1,2,0,0,-0.8222022800338878
development_oof,x10,10,quantum_angle_product,61,1,2,0,0,-1.5181965926006784
development_oof,x10,10,quantum_angle_product,70,166,2,0,0,-0.5597860358034352
development_oof,x10,10,quantum_angle_product,72,12,2,1,0,-1.1396966854696178
development_oof,x10,10,quantum_angle_product,79,175,2,1,0,-0.017533343704129345
development_oof,x10,10,quantum_angle_product,85,17,2,1,1,1.4234551672217806
development_oof,x10,10,quantum_angle_product,87,439,2,0,0,-1.2660841101366578
development_oof,x10,10,quantum_angle_product,88,12,2,0,0,-1.3414537601581253
development_oof,x10,10,quantum_angle_product,108,436,2,0,0,-1.2913453326536173
development_oof,x10,10,quantum_angle_product,114,173,2,0,0,-1.3810770273094968
development_oof,x10,10,quantum_angle_product,115,2,2,1,0,-1.3238659767338103
development_oof,x10,10,quantum_angle_product,118,172,2,0,0,-1.4578672737330924
development_oof,x10,10,quantum_angle_product,131,170,2,1,1,0.999785596235297
development_oof,x10,10,quantum_angle_product,165,17,2,1,1,1.6074919590784917
development_oof,x10,10,quantum_angle_product,188,1,2,0,0,-1.1968759331373522
development_oof,x10,10,quantum_angle_product,199,1,2,0,0,-0.7520868260520941
development_oof,x10,10,quantum_angle_product,207,1,2,0,0,-1.2712355361534295
development_oof,x10,10,quantum_angle_product,216,167,2,1,0,-0.9981736522409098
development_oof,x10,10,quantum_angle_product,219,418,2,0,0,-1.3989482594875913
development_oof,x10,10,quantum_angle_product,222,1,2,0,0,-1.3402989546838597
development_oof,x10,10,quantum_angle_product,224,1,2,0,0,-1.3510339314910689
development_oof,x10,10,quantum_angle_product,233,17,2,1,1,1.605556703012463
development_oof,x10,10,quantum_angle_product,240,167,2,1,0,-1.01174911119164
development_oof,x10,10,quantum_angle_product,249,124,2,0,0,-0.4093538242916438
development_oof,x10,10,quantum_angle_product,250,166,2,0,0,-0.48306709984658114
development_oof,x10,10,quantum_angle_product,259,409,2,0,0,-0.3841832377111898
development_oof,x10,10,quantum_angle_product,267,408,2,0,0,-1.1057130193587272
development_oof,x10,10,quantum_angle_product,270,12,2,1,0,-0.9905989835962139
development_oof,x10,10,quantum_angle_product,276,17,2,1,1,1.4063819854177604
development_oof,x10,10,quantum_angle_product,294,122,2,0,0,-1.1610718796636093
development_oof,x10,10,quantum_angle_product,296,1,2,0,0,-0.46548539306536874
development_oof,x10,10,quantum_angle_product,301,403,2,0,0,-1.6079267338744736
development_oof,x10,10,quantum_angle_product,305,402,2,0,0,-0.9544860536631666
development_oof,x10,10,quantum_angle_product,306,101,2,1,0,-0.9706456319071209
development_oof,x10,10,quantum_angle_product,307,12,2,1,0,-1.1300121658547986
development_oof,x10,10,quantum_angle_product,312,399,2,0,1,0.09312763129533697
development_oof,x10,10,quantum_angle_product,338,17,2,1,1,1.3579748881936702
development_oof,x10,10,quantum_angle_product,343,17,2,1,1,1.7319286170704067
development_oof,x10,10,quantum_angle_product,345,73,2,0,1,1.2525225684406478
development_oof,x10,10,quantum_angle_product,346,12,2,1,0,-0.9972675343261138
development_oof,x10,10,quantum_angle_product,347,17,2,1,1,1.4859535184054184
development_oof,x10,10,quantum_angle_product,350,12,2,0,0,-0.8189126168145081
development_oof,x10,10,quantum_angle_product,369,1,2,0,0,-0.8755582455580037
development_oof,x10,10,quantum_angle_product,372,17,2,1,1,1.5811091925756378
development_oof,x10,10,quantum_angle_product,382,384,2,0,0,-0.6692525581409757
development_oof,x10,10,quantum_angle_product,383,12,2,1,0,-0.9193756140897457
development_oof,x10,10,quantum_angle_product,384,69,2,0,0,-0.6791388538216113
development_oof,x10,10,quantum_angle_product,406,78,2,0,0,-0.49409009976809387
development_oof,x10,10,quantum_angle_product,407,160,2,0,0,-0.6957845064371567
development_oof,x10,10,quantum_angle_product,413,62,2,1,0,-0.7837333740204617
development_oof,x10,10,quantum_angle_product,415,12,2,1,0,-1.1083045661982256
development_oof,x10,10,quantum_angle_product,426,377,2,0,1,1.3696875054691433
development_oof,x10,10,quantum_angle_product,434,97,2,1,1,1.7307508880585845
development_oof,x10,10,quantum_angle_product,447,1,2,0,0,-0.6436595578736941
development_oof,x10,10,quantum_angle_product,452,73,2,1,1,1.2886188853017289
development_oof,x10,10,quantum_angle_product,456,78,2,0,0,-0.9240657013824065
development_oof,x10,10,quantum_angle_product,463,1,2,0,0,-0.966855417438081
development_oof,x10,10,quantum_angle_product,472,1,2,1,0,-0.39014919853722774
development_oof,x10,10,quantum_angle_product,474,1,2,0,0,-1.0796611292712677
development_oof,x10,10,quantum_angle_product,513,92,2,0,0,-1.1203118005982986
development_oof,x10,10,quantum_angle_product,523,2,2,1,0,-1.0587397610835103
development_oof,x10,10,quantum_angle_product,540,356,2,0,0,-0.07502904721230763
development_oof,x10,10,quantum_angle_product,557,66,2,0,1,0.2414261833007043
development_oof,x10,10,quantum_angle_product,573,350,2,0,0,-0.469002665499634
development_oof,x10,10,quantum_angle_product,574,1,2,0,0,-0.8531754551689417
development_oof,x10,10,quantum_angle_product,583,69,2,0,0,-0.8500574565987927
development_oof,x10,10,quantum_angle_product,587,345,2,0,1,0.7435507151018884
development_oof,x10,10,quantum_angle_product,591,343,2,0,1,0.5563428942283268
development_oof,x10,10,quantum_angle_product,617,1,2,0,0,-1.2922324237878806
development_oof,x10,10,quantum_angle_product,626,1,2,0,0,-0.7947643717804639
development_oof,x10,10,quantum_angle_product,631,92,2,0,0,-0.7615878801801722
development_oof,x10,10,quantum_angle_product,634,17,2,1,1,1.7432978782158979
development_oof,x10,10,quantum_angle_product,636,334,2,1,1,0.08655779766112626
development_oof,x10,10,quantum_angle_product,638,333,2,0,0,-0.39191753614931046
development_oof,x10,10,quantum_angle_product,641,66,2,0,0,-0.9280269209364219
development_oof,x10,10,quantum_angle_product,658,325,2,0,1,0.001973023235013971
development_oof,x10,10,quantum_angle_product,664,116,2,0,0,-1.18233932153623
development_oof,x10,10,quantum_angle_product,670,322,2,0,1,0.31192020216634864
development_oof,x10,10,quantum_angle_product,681,318,2,0,0,-0.8031918961873932
development_oof,x10,10,quantum_angle_product,685,33,2,0,0,-1.3938425626095103
development_oof,x10,10,quantum_angle_product,689,1,2,0,0,-1.1001948700440338
development_oof,x10,10,quantum_angle_product,694,33,2,0,0,-1.8900504258767516
development_oof,x10,10,quantum_angle_product,707,311,2,0,0,-1.024692926326599
development_oof,x10,10,quantum_angle_product,734,12,2,1,0,-0.9107719610567739
development_oof,x10,10,quantum_angle_product,760,1,2,0,1,0.12539263473962814
development_oof,x10,10,quantum_angle_product,771,43,2,0,0,-0.021855379871495773
development_oof,x10,10,quantum_angle_product,774,299,2,0,0,-1.3142989405995649
development_oof,x10,10,quantum_angle_product,779,43,2,0,0,-0.1277431642749245
development_oof,x10,10,quantum_angle_product,782,43,2,0,0,-0.6166214171081587
development_oof,x10,10,quantum_angle_product,790,62,2,1,1,0.588538350495686
development_oof,x10,10,quantum_angle_product,797,43,2,0,0,-0.028892310202656923
development_oof,x10,10,quantum_angle_product,808,33,2,0,0,-1.3601277121415793
development_oof,x10,10,quantum_angle_product,810,286,2,0,0,-1.7851411244647641
development_oof,x10,10,quantum_angle_product,812,285,2,0,1,0.12126674908162804
development_oof,x10,10,quantum_angle_product,813,33,2,0,0,-0.9046102902733633
development_oof,x10,10,quantum_angle_product,816,284,2,0,0,-0.21720626932721054
development_oof,x10,10,quantum_angle_product,844,276,2,0,0,-0.6313942852632054
development_oof,x10,10,quantum_angle_product,850,273,2,0,0,-0.22768784336648037
development_oof,x10,10,quantum_angle_product,855,270,2,0,0,-0.4092442695176045
development_oof,x10,10,quantum_angle_product,864,264,2,0,0,-1.0647340765875986
development_oof,x10,10,quantum_angle_product,865,263,2,0,0,-0.986520141430853
development_oof,x10,10,quantum_angle_product,888,254,2,1,0,-1.0924878250678933
development_oof,x10,10,quantum_angle_product,895,124,2,0,0,-0.7020462574066154
development_oof,x10,10,quantum_angle_product,902,122,2,1,0,-1.1374324298530174
development_oof,x10,10,quantum_angle_product,917,243,2,1,0,-0.2452571185003925
development_oof,x10,10,quantum_angle_product,918,242,2,0,0,-1.3712720991030158
development_oof,x10,10,quantum_angle_product,932,233,2,0,0,-1.256960073232643
development_oof,x10,10,quantum_angle_product,940,78,2,0,0,-0.731927158963659
development_oof,x10,10,quantum_angle_product,942,228,2,0,0,-1.169630863487631
development_oof,x10,10,quantum_angle_product,960,116,2,0,0,-0.9708127919775503
development_oof,x10,10,quantum_angle_product,970,213,2,0,0,-0.6031998485565067
development_oof,x10,10,quantum_angle_product,972,211,2,0,0,-1.2852520411153867
development_oof,x10,10,quantum_angle_product,975,66,2,0,0,-0.5893322893095354
development_oof,x10,10,quantum_angle_product,993,69,2,0,1,0.5893481406364263
development_oof,x10,10,quantum_angle_product,1002,197,2,0,0,-0.44861484532060025
development_oof,x10,10,quantum_angle_product,1006,111,2,0,0,-0.661865765038277
development_oof,x10,10,quantum_angle_product,1026,186,2,1,0,-0.8775571713307222
development_oof,x10,10,quantum_angle_product,1027,185,2,1,0,-0.5099406511757884
development_oof,x10,10,quantum_angle_product,1032,180,2,0,1,0.34670610717397243
development_oof,x10,10,quantum_angle_product,1034,178,2,0,0,-1.1206845612573288
development_oof,x10,10,quantum_iqp_zz_linear,13,109,2,1,1,1.643363033537312
development_oof,x10,10,quantum_iqp_zz_linear,15,458,2,1,1,1.8015856541186164
development_oof,x10,10,quantum_iqp_zz_linear,25,12,2,1,0,-1.1640900513191315
development_oof,x10,10,quantum_iqp_zz_linear,28,454,2,1,0,-0.7465313919929599
development_oof,x10,10,quantum_iqp_zz_linear,52,448,2,0,0,-0.9952214851347372
development_oof,x10,10,quantum_iqp_zz_linear,54,1,2,0,0,-0.8478003413270837
development_oof,x10,10,quantum_iqp_zz_linear,61,1,2,0,0,-1.5295821907377274
development_oof,x10,10,quantum_iqp_zz_linear,70,166,2,0,0,-0.5421435152421973
development_oof,x10,10,quantum_iqp_zz_linear,72,12,2,1,0,-1.1427175848939923
development_oof,x10,10,quantum_iqp_zz_linear,79,175,2,1,0,-0.07476667052524238
development_oof,x10,10,quantum_iqp_zz_linear,85,17,2,1,1,1.42207711033288
development_oof,x10,10,quantum_iqp_zz_linear,87,439,2,0,0,-1.2039786946727797
development_oof,x10,10,quantum_iqp_zz_linear,88,12,2,0,0,-1.3009044110534238
development_oof,x10,10,quantum_iqp_zz_linear,108,436,2,0,0,-1.2088772337821077
development_oof,x10,10,quantum_iqp_zz_linear,114,173,2,0,0,-1.321253882162869
development_oof,x10,10,quantum_iqp_zz_linear,115,2,2,1,0,-1.3591732572782487
development_oof,x10,10,quantum_iqp_zz_linear,118,172,2,0,0,-1.419462660343783
development_oof,x10,10,quantum_iqp_zz_linear,131,170,2,1,1,1.0000122540243073
development_oof,x10,10,quantum_iqp_zz_linear,165,17,2,1,1,1.6414740860803394
development_oof,x10,10,quantum_iqp_zz_linear,188,1,2,0,0,-1.2188577400580414
development_oof,x10,10,quantum_iqp_zz_linear,199,1,2,0,0,-0.7439914477245819
development_oof,x10,10,quantum_iqp_zz_linear,207,1,2,0,0,-1.2773450937558803
development_oof,x10,10,quantum_iqp_zz_linear,216,167,2,1,0,-1.0037687839653602
development_oof,x10,10,quantum_iqp_zz_linear,219,418,2,0,0,-1.3276402311608737
development_oof,x10,10,quantum_iqp_zz_linear,222,1,2,0,0,-1.3694948548193828
development_oof,x10,10,quantum_iqp_zz_linear,224,1,2,0,0,-1.3657954826307104
development_oof,x10,10,quantum_iqp_zz_linear,233,17,2,1,1,1.6197903091092383
development_oof,x10,10,quantum_iqp_zz_linear,240,167,2,1,0,-1.0184740300809056
development_oof,x10,10,quantum_iqp_zz_linear,249,124,2,0,0,-0.4470855520322309
development_oof,x10,10,quantum_iqp_zz_linear,250,166,2,0,0,-0.4852370315518928
development_oof,x10,10,quantum_iqp_zz_linear,259,409,2,0,0,-0.3539973385783099
development_oof,x10,10,quantum_iqp_zz_linear,267,408,2,0,0,-1.089635714852347
development_oof,x10,10,quantum_iqp_zz_linear,270,12,2,1,0,-0.9918765155361665
development_oof,x10,10,quantum_iqp_zz_linear,276,17,2,1,1,1.4789391747394407
development_oof,x10,10,quantum_iqp_zz_linear,294,122,2,0,0,-1.0234768812198083
development_oof,x10,10,quantum_iqp_zz_linear,296,1,2,0,0,-0.49530167144337334
development_oof,x10,10,quantum_iqp_zz_linear,301,403,2,0,0,-1.5520491886054981
development_oof,x10,10,quantum_iqp_zz_linear,305,402,2,0,0,-0.9672733363528601
development_oof,x10,10,quantum_iqp_zz_linear,306,101,2,1,0,-0.9701700432769347
development_oof,x10,10,quantum_iqp_zz_linear,307,12,2,1,0,-1.1262862064403003
development_oof,x10,10,quantum_iqp_zz_linear,312,399,2,0,1,0.36336867976753184
development_oof,x10,10,quantum_iqp_zz_linear,338,17,2,1,1,1.408381864930829
development_oof,x10,10,quantum_iqp_zz_linear,343,17,2,1,1,1.8135457024393236
development_oof,x10,10,quantum_iqp_zz_linear,345,73,2,0,1,1.2319110027081264
development_oof,x10,10,quantum_iqp_zz_linear,346,12,2,1,0,-1.0049292906704421
development_oof,x10,10,quantum_iqp_zz_linear,347,17,2,1,1,1.5957059828722309
development_oof,x10,10,quantum_iqp_zz_linear,350,12,2,0,0,-0.8314990849606633
development_oof,x10,10,quantum_iqp_zz_linear,369,1,2,0,0,-0.874369237063865
development_oof,x10,10,quantum_iqp_zz_linear,372,17,2,1,1,1.619376066952745
development_oof,x10,10,quantum_iqp_zz_linear,382,384,2,0,0,-0.691093086652456
development_oof,x10,10,quantum_iqp_zz_linear,383,12,2,1,0,-0.9273738748730102
development_oof,x10,10,quantum_iqp_zz_linear,384,69,2,0,0,-0.6683510700396712
development_oof,x10,10,quantum_iqp_zz_linear,406,78,2,0,0,-0.5111152781594493
development_oof,x10,10,quantum_iqp_zz_linear,407,160,2,0,0,-0.683762716011489
development_oof,x10,10,quantum_iqp_zz_linear,413,62,2,1,0,-0.7908520821866123
development_oof,x10,10,quantum_iqp_zz_linear,415,12,2,1,0,-1.1128940775666125
development_oof,x10,10,quantum_iqp_zz_linear,426,377,2,0,1,1.4422227492660027
development_oof,x10,10,quantum_iqp_zz_linear,434,97,2,1,1,1.8016232018116822
development_oof,x10,10,quantum_iqp_zz_linear,447,1,2,0,0,-0.6698305172228394
development_oof,x10,10,quantum_iqp_zz_linear,452,73,2,1,1,1.271239984714735
development_oof,x10,10,quantum_iqp_zz_linear,456,78,2,0,0,-0.9559351742426594
development_oof,x10,10,quantum_iqp_zz_linear,463,1,2,0,0,-0.9797723317936355
development_oof,x10,10,quantum_iqp_zz_linear,472,1,2,1,0,-0.3992200513006039
development_oof,x10,10,quantum_iqp_zz_linear,474,1,2,0,0,-1.1040453413910227
development_oof,x10,10,quantum_iqp_zz_linear,513,92,2,0,0,-1.0937117116799482
development_oof,x10,10,quantum_iqp_zz_linear,523,2,2,1,0,-1.0331158890992334
development_oof,x10,10,quantum_iqp_zz_linear,540,356,2,0,0,-0.13044305376352222
development_oof,x10,10,quantum_iqp_zz_linear,557,66,2,0,1,0.23928648333137825
development_oof,x10,10,quantum_iqp_zz_linear,573,350,2,0,0,-0.6008526454950824
development_oof,x10,10,quantum_iqp_zz_linear,574,1,2,0,0,-0.887964888745759
development_oof,x10,10,quantum_iqp_zz_linear,583,69,2,0,0,-0.8738084922878107
development_oof,x10,10,quantum_iqp_zz_linear,587,345,2,0,1,0.8426052625822803
development_oof,x10,10,quantum_iqp_zz_linear,591,343,2,0,1,0.5199138526264907
development_oof,x10,10,quantum_iqp_zz_linear,617,1,2,0,0,-1.2954262745733165
development_oof,x10,10,quantum_iqp_zz_linear,626,1,2,0,0,-0.7864111585660117
development_oof,x10,10,quantum_iqp_zz_linear,631,92,2,0,0,-0.7584486991751466
development_oof,x10,10,quantum_iqp_zz_linear,634,17,2,1,1,1.7747997802173843
development_oof,x10,10,quantum_iqp_zz_linear,636,334,2,1,1,0.08112360596153156
development_oof,x10,10,quantum_iqp_zz_linear,638,333,2,0,0,-0.41121277140784507
development_oof,x10,10,quantum_iqp_zz_linear,641,66,2,0,0,-0.9482773266560005
development_oof,x10,10,quantum_iqp_zz_linear,658,325,2,0,0,-0.043335792916372295
development_oof,x10,10,quantum_iqp_zz_linear,664,116,2,0,0,-1.1761462049674938
development_oof,x10,10,quantum_iqp_zz_linear,670,322,2,0,1,0.2624746240127692
development_oof,x10,10,quantum_iqp_zz_linear,681,318,2,0,0,-0.8205707298864038
development_oof,x10,10,quantum_iqp_zz_linear,685,33,2,0,0,-1.4374068127562447
development_oof,x10,10,quantum_iqp_zz_linear,689,1,2,0,0,-1.1109170887698028
development_oof,x10,10,quantum_iqp_zz_linear,694,33,2,0,0,-1.865189027525846
development_oof,x10,10,quantum_iqp_zz_linear,707,311,2,0,0,-0.7416362832353827
development_oof,x10,10,quantum_iqp_zz_linear,734,12,2,1,0,-0.9344535474738312
development_oof,x10,10,quantum_iqp_zz_linear,760,1,2,0,1,0.12806808629335903
development_oof,x10,10,quantum_iqp_zz_linear,771,43,2,0,0,-0.04913369522376021
development_oof,x10,10,quantum_iqp_zz_linear,774,299,2,0,0,-1.3159174964066178
development_oof,x10,10,quantum_iqp_zz_linear,779,43,2,0,0,-0.2522615542805269
development_oof,x10,10,quantum_iqp_zz_linear,782,43,2,0,0,-0.7119368913195537
development_oof,x10,10,quantum_iqp_zz_linear,790,62,2,1,1,0.58766944691097
development_oof,x10,10,quantum_iqp_zz_linear,797,43,2,0,0,-0.09935198435733583
development_oof,x10,10,quantum_iqp_zz_linear,808,33,2,0,0,-1.381980532900411
development_oof,x10,10,quantum_iqp_zz_linear,810,286,2,0,0,-1.7651078483112905
development_oof,x10,10,quantum_iqp_zz_linear,812,285,2,0,1,0.0952033303128621
development_oof,x10,10,quantum_iqp_zz_linear,813,33,2,0,0,-0.793503574186378
development_oof,x10,10,quantum_iqp_zz_linear,816,284,2,0,0,-0.257802183198931
development_oof,x10,10,quantum_iqp_zz_linear,844,276,2,0,0,-0.5789498064440353
development_oof,x10,10,quantum_iqp_zz_linear,850,273,2,0,0,-0.1804317475666013
development_oof,x10,10,quantum_iqp_zz_linear,855,270,2,0,0,-0.3024762436356683
development_oof,x10,10,quantum_iqp_zz_linear,864,264,2,0,0,-1.0025795241615993
development_oof,x10,10,quantum_iqp_zz_linear,865,263,2,0,0,-0.9675413979510343
development_oof,x10,10,quantum_iqp_zz_linear,888,254,2,1,0,-1.0125672702515782
development_oof,x10,10,quantum_iqp_zz_linear,895,124,2,0,0,-0.737055320885846
development_oof,x10,10,quantum_iqp_zz_linear,902,122,2,1,0,-1.003367525473843
development_oof,x10,10,quantum_iqp_zz_linear,917,243,2,1,0,-0.26780633808024307
development_oof,x10,10,quantum_iqp_zz_linear,918,242,2,0,0,-1.3288212265518444
development_oof,x10,10,quantum_iqp_zz_linear,932,233,2,0,0,-1.22617465298356
development_oof,x10,10,quantum_iqp_zz_linear,940,78,2,0,0,-0.7637818898126522
development_oof,x10,10,quantum_iqp_zz_linear,942,228,2,0,0,-1.0126166252478832
development_oof,x10,10,quantum_iqp_zz_linear,960,116,2,0,0,-0.9399247571443757
development_oof,x10,10,quantum_iqp_zz_linear,970,213,2,0,0,-0.6325547696406919
development_oof,x10,10,quantum_iqp_zz_linear,972,211,2,0,0,-1.2302430153550281
development_oof,x10,10,quantum_iqp_zz_linear,975,66,2,0,0,-0.6251701713836094
development_oof,x10,10,quantum_iqp_zz_linear,993,69,2,0,1,0.6162082825207555
development_oof,x10,10,quantum_iqp_zz_linear,1002,197,2,0,0,-0.4699187317092274
development_oof,x10,10,quantum_iqp_zz_linear,1006,111,2,0,0,-0.6449066424297247
development_oof,x10,10,quantum_iqp_zz_linear,1026,186,2,1,0,-0.9224430228441487
development_oof,x10,10,quantum_iqp_zz_linear,1027,185,2,1,0,-0.6016342296537696
development_oof,x10,10,quantum_iqp_zz_linear,1032,180,2,0,1,0.2868970492829682
development_oof,x10,10,quantum_iqp_zz_linear,1034,178,2,0,0,-1.1959149427372617
development_oof,x10,10,rbf_matched,8,107,3,0,0,-1.3432063872299649
development_oof,x10,10,rbf_matched,24,455,3,0,1,0.8597521083593239
development_oof,x10,10,rbf_matched,45,449,3,1,1,1.088509538070075
development_oof,x10,10,rbf_matched,55,107,3,0,0,-2.243051931224112
development_oof,x10,10,rbf_matched,60,4,3,1,0,-2.0256141420183136
development_oof,x10,10,rbf_matched,98,438,3,0,0,-1.2701137244447493
development_oof,x10,10,rbf_matched,120,10,3,0,0,-0.04370692508543128
development_oof,x10,10,rbf_matched,129,58,3,1,0,-0.5337336423797215
development_oof,x10,10,rbf_matched,136,57,3,0,0,-1.3903916905079288
development_oof,x10,10,rbf_matched,150,55,3,1,1,1.4679132896347955
development_oof,x10,10,rbf_matched,161,427,3,0,0,-0.2650586922624872
development_oof,x10,10,rbf_matched,173,52,3,0,0,-0.4185784011290663
development_oof,x10,10,rbf_matched,178,54,3,0,0,-1.7981229698207915
development_oof,x10,10,rbf_matched,183,422,3,0,0,-0.6984012178595016
development_oof,x10,10,rbf_matched,192,8,3,0,0,-0.435108058276759
development_oof,x10,10,rbf_matched,196,8,3,0,0,-0.07524411440653023
development_oof,x10,10,rbf_matched,211,8,3,0,1,0.6574820315486184
development_oof,x10,10,rbf_matched,214,10,3,0,0,-0.3526143368400947
development_oof,x10,10,rbf_matched,217,8,3,0,1,0.3988423895218334
development_oof,x10,10,rbf_matched,218,8,3,0,0,-0.24919947046581503
development_oof,x10,10,rbf_matched,220,8,3,0,1,0.7223516518986285
development_oof,x10,10,rbf_matched,225,55,3,1,1,0.5255541671562353
development_oof,x10,10,rbf_matched,226,8,3,0,0,-0.898419507881591
development_oof,x10,10,rbf_matched,242,52,3,1,1,1.9910806810764181
development_oof,x10,10,rbf_matched,243,414,3,0,0,-0.7355022771718821
development_oof,x10,10,rbf_matched,253,412,3,0,0,-0.6328144019864281
development_oof,x10,10,rbf_matched,260,49,3,1,1,0.41329217384024053
development_oof,x10,10,rbf_matched,264,51,3,0,0,-1.3628240379394194
development_oof,x10,10,rbf_matched,268,8,3,0,0,-0.2275364683005493
development_oof,x10,10,rbf_matched,282,406,3,1,1,0.8836642134880456
development_oof,x10,10,rbf_matched,298,405,3,0,0,-0.33719776619841324
development_oof,x10,10,rbf_matched,300,404,3,1,1,0.1409724025223298
development_oof,x10,10,rbf_matched,311,400,3,1,1,0.4320038826978161
development_oof,x10,10,rbf_matched,313,51,3,0,0,-1.161223819675946
development_oof,x10,10,rbf_matched,314,398,3,0,0,-1.6074384796152041
development_oof,x10,10,rbf_matched,317,49,3,0,0,-1.0346207936078142
development_oof,x10,10,rbf_matched,328,395,3,1,1,1.20057565984533
development_oof,x10,10,rbf_matched,333,8,3,0,0,-1.1193729379812303
development_oof,x10,10,rbf_matched,336,55,3,1,1,0.6488683250145594
development_oof,x10,10,rbf_matched,362,36,3,0,0,-1.256355418589611
development_oof,x10,10,rbf_matched,370,8,3,0,1,1.0274087725198555
development_oof,x10,10,rbf_matched,386,4,3,1,1,0.5321230560701901
development_oof,x10,10,rbf_matched,392,4,3,1,0,-1.0597325570343785
development_oof,x10,10,rbf_matched,401,4,3,1,1,0.5425252267601123
development_oof,x10,10,rbf_matched,405,379,3,0,0,-1.5424502180628985
development_oof,x10,10,rbf_matched,416,378,3,0,0,-2.619850268112124
development_oof,x10,10,rbf_matched,423,50,3,0,0,-0.6958240617742742
development_oof,x10,10,rbf_matched,430,4,3,1,0,-1.2220478669240247
development_oof,x10,10,rbf_matched,432,375,3,0,0,-1.0024665807401418
development_oof,x10,10,rbf_matched,433,58,3,1,0,-1.1511901508980817
development_oof,x10,10,rbf_matched,446,4,3,1,1,0.7893177537756669
development_oof,x10,10,rbf_matched,449,49,3,1,0,-0.9366249038824556
development_oof,x10,10,rbf_matched,464,4,3,1,1,0.3810042238449629
development_oof,x10,10,rbf_matched,465,4,3,1,0,-1.8924695176739244
development_oof,x10,10,rbf_matched,469,8,3,0,1,1.0258538554654493
development_oof,x10,10,rbf_matched,480,367,3,0,0,-0.01948877010967215
development_oof,x10,10,rbf_matched,481,4,3,1,0,-1.6590699197607557
development_oof,x10,10,rbf_matched,482,366,3,0,0,-3.2431689024596912
development_oof,x10,10,rbf_matched,493,84,3,1,1,2.0545307636891073
development_oof,x10,10,rbf_matched,498,54,3,0,1,0.7348689306831596
development_oof,x10,10,rbf_matched,500,28,3,0,0,-0.752589070790395
development_oof,x10,10,rbf_matched,501,72,3,0,0,-0.7114423298324998
development_oof,x10,10,rbf_matched,512,361,3,0,1,0.0385079758614274
development_oof,x10,10,rbf_matched,515,150,3,0,0,-0.8766531248400486
development_oof,x10,10,rbf_matched,528,359,3,0,0,-0.8423360316377293
development_oof,x10,10,rbf_matched,545,136,3,1,0,-0.6177111203029559
development_oof,x10,10,rbf_matched,582,44,3,0,0,-1.0514257138413905
development_oof,x10,10,rbf_matched,588,344,3,0,0,-1.554177735240958
development_oof,x10,10,rbf_matched,599,340,3,0,1,0.5696333668225039
development_oof,x10,10,rbf_matched,602,338,3,0,1,0.9215006648598693
development_oof,x10,10,rbf_matched,621,57,3,0,0,-1.1102403796930425
development_oof,x10,10,rbf_matched,623,150,3,0,0,-0.7535654329543444
development_oof,x10,10,rbf_matched,627,335,3,0,0,-0.29968453181562593
development_oof,x10,10,rbf_matched,632,77,3,0,1,0.24919886783068912
development_oof,x10,10,rbf_matched,642,331,3,0,0,-1.9987756126815497
development_oof,x10,10,rbf_matched,649,89,3,0,0,-0.7495237583773372
development_oof,x10,10,rbf_matched,650,88,3,0,0,-0.5945321772330102
development_oof,x10,10,rbf_matched,652,328,3,0,0,-1.489303674460579
development_oof,x10,10,rbf_matched,656,326,3,0,1,0.05116475231424766
development_oof,x10,10,rbf_matched,657,4,3,1,0,-1.711437015266525
development_oof,x10,10,rbf_matched,666,44,3,0,1,0.09372735883288619
development_oof,x10,10,rbf_matched,674,4,3,0,0,-2.0409308412953515
development_oof,x10,10,rbf_matched,683,142,3,0,0,-0.7468858254497768
development_oof,x10,10,rbf_matched,691,142,3,0,0,-1.0360230034881188
development_oof,x10,10,rbf_matched,696,89,3,0,0,-0.5931971738707493
development_oof,x10,10,rbf_matched,700,49,3,0,0,-2.6432851711478413
development_oof,x10,10,rbf_matched,703,141,3,0,0,-0.707143755426583
development_oof,x10,10,rbf_matched,709,88,3,0,1,0.08362014062777234
development_oof,x10,10,rbf_matched,715,4,3,1,1,1.5303728984854086
development_oof,x10,10,rbf_matched,718,308,3,0,0,-1.1393596154138423
development_oof,x10,10,rbf_matched,724,10,3,0,0,-1.0303663982196212
development_oof,x10,10,rbf_matched,738,136,3,1,1,0.9931456782623828
development_oof,x10,10,rbf_matched,739,10,3,0,0,-1.723704534526656
development_oof,x10,10,rbf_matched,740,44,3,0,0,-0.7572629742601327
development_oof,x10,10,rbf_matched,746,304,3,1,0,-1.395985182778471
development_oof,x10,10,rbf_matched,747,51,3,0,0,-0.5045982516102776
development_oof,x10,10,rbf_matched,761,44,3,0,0,-0.48497441773729716
development_oof,x10,10,rbf_matched,772,10,3,0,0,-1.1215937706086123
development_oof,x10,10,rbf_matched,773,58,3,1,0,-0.5274484082135956
development_oof,x10,10,rbf_matched,778,84,3,1,0,-1.7722397413714317
development_oof,x10,10,rbf_matched,788,295,3,1,0,-1.5223913753905953
development_oof,x10,10,rbf_matched,803,289,3,0,1,0.07352936736405258
development_oof,x10,10,rbf_matched,804,51,3,0,0,-1.343819604102227
development_oof,x10,10,rbf_matched,814,88,3,0,0,-0.6605281343524843
development_oof,x10,10,rbf_matched,831,281,3,0,0,-1.8430896954472082
development_oof,x10,10,rbf_matched,842,277,3,0,1,1.1824287802855205
development_oof,x10,10,rbf_matched,846,275,3,1,1,0.6862268148008667
development_oof,x10,10,rbf_matched,859,267,3,0,0,-1.935370819190585
development_oof,x10,10,rbf_matched,870,260,3,0,0,-0.8110068636699042
development_oof,x10,10,rbf_matched,893,253,3,0,0,-1.7477158894752938
development_oof,x10,10,rbf_matched,899,123,3,1,1,1.4136618984304912
development_oof,x10,10,rbf_matched,904,52,3,1,1,0.5400475851925514
development_oof,x10,10,rbf_matched,922,240,3,0,0,-1.2809478906413663
development_oof,x10,10,rbf_matched,926,238,3,1,1,1.0195888001365323
development_oof,x10,10,rbf_matched,944,58,3,1,0,-1.114138754586304
development_oof,x10,10,rbf_matched,949,224,3,0,0,-0.9696372994269101
development_oof,x10,10,rbf_matched,954,4,3,1,1,0.7781463452615417
development_oof,x10,10,rbf_matched,961,219,3,0,0,-0.5829150960977912
development_oof,x10,10,rbf_matched,966,215,3,0,0,-1.7660820353507325
development_oof,x10,10,rbf_matched,977,57,3,0,0,-0.17910764091776998
development_oof,x10,10,rbf_matched,982,77,3,0,1,0.6293231254332908
development_oof,x10,10,rbf_matched,1001,107,3,0,1,0.26612034333901347
development_oof,x10,10,rbf_matched,1024,4,3,1,0,-1.807763494950966
development_oof,x10,10,rbf_matched,1029,183,3,0,0,-1.1703175870564326
development_oof,x10,10,rbf_matched,1033,179,3,0,0,-0.36234027308034145
development_oof,x10,10,quantum_angle_product,8,107,3,0,0,-0.8882997311794794
development_oof,x10,10,quantum_angle_product,24,455,3,0,1,0.9020497101579807
development_oof,x10,10,quantum_angle_product,45,449,3,1,1,0.926132783048238
development_oof,x10,10,quantum_angle_product,55,107,3,0,0,-1.9709402893183643
development_oof,x10,10,quantum_angle_product,60,4,3,1,0,-2.1247731123818276
development_oof,x10,10,quantum_angle_product,98,438,3,0,0,-0.9829652384366443
development_oof,x10,10,quantum_angle_product,120,10,3,0,0,-0.35826585788547455
development_oof,x10,10,quantum_angle_product,129,58,3,1,1,0.11925888026823195
development_oof,x10,10,quantum_angle_product,136,57,3,0,0,-1.4876752661369694
development_oof,x10,10,quantum_angle_product,150,55,3,1,1,1.824687528933927
development_oof,x10,10,quantum_angle_product,161,427,3,0,0,-0.331283576501066
development_oof,x10,10,quantum_angle_product,173,52,3,0,0,-0.9397884346399613
development_oof,x10,10,quantum_angle_product,178,54,3,0,0,-1.7270664680262435
development_oof,x10,10,quantum_angle_product,183,422,3,0,0,-0.636797278532441
development_oof,x10,10,quantum_angle_product,192,8,3,0,0,-0.8185599534601327
development_oof,x10,10,quantum_angle_product,196,8,3,0,0,-0.1094199135278271
development_oof,x10,10,quantum_angle_product,211,8,3,0,1,0.3293019661980282
development_oof,x10,10,quantum_angle_product,214,10,3,0,0,-0.6212431076826768
development_oof,x10,10,quantum_angle_product,217,8,3,0,1,0.03733913079226414
development_oof,x10,10,quantum_angle_product,218,8,3,0,0,-0.46884886302590034
development_oof,x10,10,quantum_angle_product,220,8,3,0,1,0.4066452289233401
development_oof,x10,10,quantum_angle_product,225,55,3,1,1,0.6355349532965648
development_oof,x10,10,quantum_angle_product,226,8,3,0,0,-1.2152654468599549
development_oof,x10,10,quantum_angle_product,242,52,3,1,1,2.2051030069930997
development_oof,x10,10,quantum_angle_product,243,414,3,0,0,-0.31378293006815994
development_oof,x10,10,quantum_angle_product,253,412,3,0,0,-0.7192713186555524
development_oof,x10,10,quantum_angle_product,260,49,3,1,1,0.2715335557613505
development_oof,x10,10,quantum_angle_product,264,51,3,0,0,-1.5052508951987735
development_oof,x10,10,quantum_angle_product,268,8,3,0,0,-0.03384760106656248
development_oof,x10,10,quantum_angle_product,282,406,3,1,1,1.0876724431088396
development_oof,x10,10,quantum_angle_product,298,405,3,0,0,-0.4191237121849304
development_oof,x10,10,quantum_angle_product,300,404,3,1,1,0.06355761592380249
development_oof,x10,10,quantum_angle_product,311,400,3,1,1,0.32710683515743255
development_oof,x10,10,quantum_angle_product,313,51,3,0,0,-0.9480604930459324
development_oof,x10,10,quantum_angle_product,314,398,3,0,0,-1.5330530197519918
development_oof,x10,10,quantum_angle_product,317,49,3,0,0,-0.1756763810306481
development_oof,x10,10,quantum_angle_product,328,395,3,1,1,1.3232125729357838
development_oof,x10,10,quantum_angle_product,333,8,3,0,0,-1.458408190124996
development_oof,x10,10,quantum_angle_product,336,55,3,1,1,0.6978213840542775
development_oof,x10,10,quantum_angle_product,362,36,3,0,0,-1.0552400107259383
development_oof,x10,10,quantum_angle_product,370,8,3,0,1,0.6362950169608195
development_oof,x10,10,quantum_angle_product,386,4,3,1,1,0.6330818978388302
development_oof,x10,10,quantum_angle_product,392,4,3,1,0,-1.465153519066986
development_oof,x10,10,quantum_angle_product,401,4,3,1,1,1.1566389384940265
development_oof,x10,10,quantum_angle_product,405,379,3,0,0,-1.111166820227051
development_oof,x10,10,quantum_angle_product,416,378,3,0,0,-2.177269452869906
development_oof,x10,10,quantum_angle_product,423,50,3,0,0,-1.0069739346005644
development_oof,x10,10,quantum_angle_product,430,4,3,1,0,-0.6930336664978329
development_oof,x10,10,quantum_angle_product,432,375,3,0,0,-1.34750497421996
development_oof,x10,10,quantum_angle_product,433,58,3,1,0,-3.205375858111685
development_oof,x10,10,quantum_angle_product,446,4,3,1,1,1.0305988350153377
development_oof,x10,10,quantum_angle_product,449,49,3,1,1,0.16732229488556283
development_oof,x10,10,quantum_angle_product,464,4,3,1,1,0.3807761641224734
development_oof,x10,10,quantum_angle_product,465,4,3,1,0,-2.137677649823019
development_oof,x10,10,quantum_angle_product,469,8,3,0,1,0.6045754622176034
development_oof,x10,10,quantum_angle_product,480,367,3,0,1,0.20433824949890622
development_oof,x10,10,quantum_angle_product,481,4,3,1,0,-1.5683173459848934
development_oof,x10,10,quantum_angle_product,482,366,3,0,0,-3.486826450337662
development_oof,x10,10,quantum_angle_product,493,84,3,1,1,2.9512195685725153
development_oof,x10,10,quantum_angle_product,498,54,3,0,1,0.5816266421935066
development_oof,x10,10,quantum_angle_product,500,28,3,0,0,-0.9759865299739137
development_oof,x10,10,quantum_angle_product,501,72,3,0,0,-0.810638139532903
development_oof,x10,10,quantum_angle_product,512,361,3,0,1,0.04518811616292273
development_oof,x10,10,quantum_angle_product,515,150,3,0,0,-0.3357258714084006
development_oof,x10,10,quantum_angle_product,528,359,3,0,0,-0.9910166332599325
development_oof,x10,10,quantum_angle_product,545,136,3,1,0,-0.5031653361803796
development_oof,x10,10,quantum_angle_product,582,44,3,0,0,-1.2895881615232887
development_oof,x10,10,quantum_angle_product,588,344,3,0,0,-2.131918174482526
development_oof,x10,10,quantum_angle_product,599,340,3,0,1,0.5527583591961303
development_oof,x10,10,quantum_angle_product,602,338,3,0,1,0.10367956415125679
development_oof,x10,10,quantum_angle_product,621,57,3,0,0,-1.470158025282066
development_oof,x10,10,quantum_angle_product,623,150,3,0,0,-0.7249695469293047
development_oof,x10,10,quantum_angle_product,627,335,3,0,0,-0.35681496818450503
development_oof,x10,10,quantum_angle_product,632,77,3,0,1,0.139500501639098
development_oof,x10,10,quantum_angle_product,642,331,3,0,0,-1.910568263555686
development_oof,x10,10,quantum_angle_product,649,89,3,0,0,-0.799212706541651
development_oof,x10,10,quantum_angle_product,650,88,3,0,0,-0.8446279065545641
development_oof,x10,10,quantum_angle_product,652,328,3,0,0,-0.7517006510923935
development_oof,x10,10,quantum_angle_product,656,326,3,0,0,-0.10978195596185708
development_oof,x10,10,quantum_angle_product,657,4,3,1,0,-1.7115655622868744
development_oof,x10,10,quantum_angle_product,666,44,3,0,0,-0.07743302209039565
development_oof,x10,10,quantum_angle_product,674,4,3,0,0,-2.26716738807285
development_oof,x10,10,quantum_angle_product,683,142,3,0,0,-0.8380929439040763
development_oof,x10,10,quantum_angle_product,691,142,3,0,0,-1.2702180336227
development_oof,x10,10,quantum_angle_product,696,89,3,0,0,-0.9723164306055511
development_oof,x10,10,quantum_angle_product,700,49,3,0,0,-1.992913738285444
development_oof,x10,10,quantum_angle_product,703,141,3,0,0,-1.0229900936729464
development_oof,x10,10,quantum_angle_product,709,88,3,0,0,-0.13103596276751328
development_oof,x10,10,quantum_angle_product,715,4,3,1,1,1.4378641042208253
development_oof,x10,10,quantum_angle_product,718,308,3,0,0,-1.1802212386315007
development_oof,x10,10,quantum_angle_product,724,10,3,0,0,-0.8939147465951064
development_oof,x10,10,quantum_angle_product,738,136,3,1,1,1.0334424331990422
development_oof,x10,10,quantum_angle_product,739,10,3,0,0,-1.7510066563986157
development_oof,x10,10,quantum_angle_product,740,44,3,0,0,-0.8986998007901572
development_oof,x10,10,quantum_angle_product,746,304,3,1,0,-1.3310171915695492
development_oof,x10,10,quantum_angle_product,747,51,3,0,0,-0.9036395840517706
development_oof,x10,10,quantum_angle_product,761,44,3,0,0,-0.00749827397118652
development_oof,x10,10,quantum_angle_product,772,10,3,0,0,-1.1423701028686
development_oof,x10,10,quantum_angle_product,773,58,3,1,1,0.09550239430515883
development_oof,x10,10,quantum_angle_product,778,84,3,1,0,-1.6367645479570034
development_oof,x10,10,quantum_angle_product,788,295,3,1,0,-1.8104519777170476
development_oof,x10,10,quantum_angle_product,803,289,3,0,1,0.42282091462152305
development_oof,x10,10,quantum_angle_product,804,51,3,0,0,-1.4952302542095124
development_oof,x10,10,quantum_angle_product,814,88,3,0,0,-0.8675938876523972
development_oof,x10,10,quantum_angle_product,831,281,3,0,0,-1.7704097070299551
development_oof,x10,10,quantum_angle_product,842,277,3,0,1,0.4329905189236013
development_oof,x10,10,quantum_angle_product,846,275,3,1,1,0.6576425722049539
development_oof,x10,10,quantum_angle_product,859,267,3,0,0,-2.4871883480953185
development_oof,x10,10,quantum_angle_product,870,260,3,0,0,-0.8744675930110197
development_oof,x10,10,quantum_angle_product,893,253,3,0,0,-1.8895826556145041
development_oof,x10,10,quantum_angle_product,899,123,3,1,1,1.6127046112572423
development_oof,x10,10,quantum_angle_product,904,52,3,1,1,0.645358523702994
development_oof,x10,10,quantum_angle_product,922,240,3,0,0,-0.8539087611068535
development_oof,x10,10,quantum_angle_product,926,238,3,1,1,0.9508796492287173
development_oof,x10,10,quantum_angle_product,944,58,3,1,0,-3.3987411309691806
development_oof,x10,10,quantum_angle_product,949,224,3,0,0,-1.1484366410913456
development_oof,x10,10,quantum_angle_product,954,4,3,1,1,0.8284147375341742
development_oof,x10,10,quantum_angle_product,961,219,3,0,0,-0.39549154396463715
development_oof,x10,10,quantum_angle_product,966,215,3,0,0,-1.530318627880649
development_oof,x10,10,quantum_angle_product,977,57,3,0,0,-0.7174105100280328
development_oof,x10,10,quantum_angle_product,982,77,3,0,1,0.7025291853031446
development_oof,x10,10,quantum_angle_product,1001,107,3,0,1,0.5181629248085278
development_oof,x10,10,quantum_angle_product,1024,4,3,1,0,-1.8743125484985699
development_oof,x10,10,quantum_angle_product,1029,183,3,0,0,-1.440842110898494
development_oof,x10,10,quantum_angle_product,1033,179,3,0,0,-0.2617333252453429
development_oof,x10,10,quantum_iqp_zz_linear,8,107,3,0,0,-0.7471862247317722
development_oof,x10,10,quantum_iqp_zz_linear,24,455,3,0,1,0.9241926670122524
development_oof,x10,10,quantum_iqp_zz_linear,45,449,3,1,1,0.9275626375033523
development_oof,x10,10,quantum_iqp_zz_linear,55,107,3,0,0,-2.16606234714534
development_oof,x10,10,quantum_iqp_zz_linear,60,4,3,1,0,-2.105579309274936
development_oof,x10,10,quantum_iqp_zz_linear,98,438,3,0,0,-1.5606953928221738
development_oof,x10,10,quantum_iqp_zz_linear,120,10,3,0,0,-0.4212562329255489
development_oof,x10,10,quantum_iqp_zz_linear,129,58,3,1,0,-1.1581004352841167
development_oof,x10,10,quantum_iqp_zz_linear,136,57,3,0,0,-1.2667212872169509
development_oof,x10,10,quantum_iqp_zz_linear,150,55,3,1,1,1.2645056984091332
development_oof,x10,10,quantum_iqp_zz_linear,161,427,3,0,0,-1.2757533640519083
development_oof,x10,10,quantum_iqp_zz_linear,173,52,3,0,0,-1.2927238424270304
development_oof,x10,10,quantum_iqp_zz_linear,178,54,3,0,0,-1.8784012326885522
development_oof,x10,10,quantum_iqp_zz_linear,183,422,3,0,0,-0.6117819010513793
development_oof,x10,10,quantum_iqp_zz_linear,192,8,3,0,0,-0.7552408579077826
development_oof,x10,10,quantum_iqp_zz_linear,196,8,3,0,0,-0.05502113117135338
development_oof,x10,10,quantum_iqp_zz_linear,211,8,3,0,1,0.43374726699562766
development_oof,x10,10,quantum_iqp_zz_linear,214,10,3,0,0,-0.5840906856201463
development_oof,x10,10,quantum_iqp_zz_linear,217,8,3,0,0,-0.023442166509385354
development_oof,x10,10,quantum_iqp_zz_linear,218,8,3,0,0,-0.4202920374179878
development_oof,x10,10,quantum_iqp_zz_linear,220,8,3,0,1,0.39992470382831097
development_oof,x10,10,quantum_iqp_zz_linear,225,55,3,1,1,0.353194807453501
development_oof,x10,10,quantum_iqp_zz_linear,226,8,3,0,0,-1.2385525555565111
development_oof,x10,10,quantum_iqp_zz_linear,242,52,3,1,1,2.0919138502455294
development_oof,x10,10,quantum_iqp_zz_linear,243,414,3,0,0,-0.8878389950980818
development_oof,x10,10,quantum_iqp_zz_linear,253,412,3,0,0,-0.9738184657528035
development_oof,x10,10,quantum_iqp_zz_linear,260,49,3,1,1,0.367837280486154
development_oof,x10,10,quantum_iqp_zz_linear,264,51,3,0,0,-1.2145569739617643
development_oof,x10,10,quantum_iqp_zz_linear,268,8,3,0,0,-0.07275682161188002
development_oof,x10,10,quantum_iqp_zz_linear,282,406,3,1,1,0.8019798862539562
development_oof,x10,10,quantum_iqp_zz_linear,298,405,3,0,0,-0.2681097627865835
development_oof,x10,10,quantum_iqp_zz_linear,300,404,3,1,1,0.2305169661481727
development_oof,x10,10,quantum_iqp_zz_linear,311,400,3,1,1,0.3275612777694968
development_oof,x10,10,quantum_iqp_zz_linear,313,51,3,0,0,-0.9470032062329252
development_oof,x10,10,quantum_iqp_zz_linear,314,398,3,0,0,-1.6447951822805444
development_oof,x10,10,quantum_iqp_zz_linear,317,49,3,0,0,-0.4968788721393411
development_oof,x10,10,quantum_iqp_zz_linear,328,395,3,1,1,1.379615712817041
development_oof,x10,10,quantum_iqp_zz_linear,333,8,3,0,0,-1.1888266688903824
development_oof,x10,10,quantum_iqp_zz_linear,336,55,3,1,1,0.2577797375160446
development_oof,x10,10,quantum_iqp_zz_linear,362,36,3,0,0,-1.272777673208668
development_oof,x10,10,quantum_iqp_zz_linear,370,8,3,0,1,0.783825056005631
development_oof,x10,10,quantum_iqp_zz_linear,386,4,3,1,1,0.6671790437534513
development_oof,x10,10,quantum_iqp_zz_linear,392,4,3,1,0,-0.9201143657054954
development_oof,x10,10,quantum_iqp_zz_linear,401,4,3,1,0,-0.05115286527593493
development_oof,x10,10,quantum_iqp_zz_linear,405,379,3,0,0,-1.0865282822490905
development_oof,x10,10,quantum_iqp_zz_linear,416,378,3,0,0,-1.9266819054350852
development_oof,x10,10,quantum_iqp_zz_linear,423,50,3,0,0,-0.827050337591428
development_oof,x10,10,quantum_iqp_zz_linear,430,4,3,1,0,-1.5986100545567132
development_oof,x10,10,quantum_iqp_zz_linear,432,375,3,0,0,-1.0083589780899014
development_oof,x10,10,quantum_iqp_zz_linear,433,58,3,1,0,-1.5859005999884994
development_oof,x10,10,quantum_iqp_zz_linear,446,4,3,1,1,1.0196659502754186
development_oof,x10,10,quantum_iqp_zz_linear,449,49,3,1,0,-0.5161342209660942
development_oof,x10,10,quantum_iqp_zz_linear,464,4,3,1,1,0.16568691064323376
development_oof,x10,10,quantum_iqp_zz_linear,465,4,3,1,0,-2.1422306368958783
development_oof,x10,10,quantum_iqp_zz_linear,469,8,3,0,1,0.7816131707067531
development_oof,x10,10,quantum_iqp_zz_linear,480,367,3,0,0,-0.08397260480288488
development_oof,x10,10,quantum_iqp_zz_linear,481,4,3,1,0,-1.7009141458904784
development_oof,x10,10,quantum_iqp_zz_linear,482,366,3,0,0,-3.21576622338577
development_oof,x10,10,quantum_iqp_zz_linear,493,84,3,1,1,1.0218181703508853
development_oof,x10,10,quantum_iqp_zz_linear,498,54,3,0,1,0.6752603974836902
development_oof,x10,10,quantum_iqp_zz_linear,500,28,3,0,0,-0.35546366644389593
development_oof,x10,10,quantum_iqp_zz_linear,501,72,3,0,0,-0.9112069835052955
development_oof,x10,10,quantum_iqp_zz_linear,512,361,3,0,0,-0.1735942727467556
development_oof,x10,10,quantum_iqp_zz_linear,515,150,3,0,0,-0.9726688059925943
development_oof,x10,10,quantum_iqp_zz_linear,528,359,3,0,0,-0.8050789606185653
development_oof,x10,10,quantum_iqp_zz_linear,545,136,3,1,0,-0.6590141595270408
development_oof,x10,10,quantum_iqp_zz_linear,582,44,3,0,0,-1.1420347388170413
development_oof,x10,10,quantum_iqp_zz_linear,588,344,3,0,0,-1.8236716893479803
development_oof,x10,10,quantum_iqp_zz_linear,599,340,3,0,1,0.8605827266926547
development_oof,x10,10,quantum_iqp_zz_linear,602,338,3,0,1,0.6072184769360924
development_oof,x10,10,quantum_iqp_zz_linear,621,57,3,0,0,-0.9852712677665746
development_oof,x10,10,quantum_iqp_zz_linear,623,150,3,0,0,-0.7441577608920135
development_oof,x10,10,quantum_iqp_zz_linear,627,335,3,0,0,-0.3513596771229208
development_oof,x10,10,quantum_iqp_zz_linear,632,77,3,0,1,0.31092153145593476
development_oof,x10,10,quantum_iqp_zz_linear,642,331,3,0,0,-1.581424884536644
development_oof,x10,10,quantum_iqp_zz_linear,649,89,3,0,0,-0.46824613193546905
development_oof,x10,10,quantum_iqp_zz_linear,650,88,3,0,0,-0.7041094396179999
development_oof,x10,10,quantum_iqp_zz_linear,652,328,3,0,0,-0.9866226102855289
development_oof,x10,10,quantum_iqp_zz_linear,656,326,3,0,0,-0.033699676058326355
development_oof,x10,10,quantum_iqp_zz_linear,657,4,3,1,0,-1.4933493845340036
development_oof,x10,10,quantum_iqp_zz_linear,666,44,3,0,1,0.1264079364008393
development_oof,x10,10,quantum_iqp_zz_linear,674,4,3,0,0,-1.2900008048456144
development_oof,x10,10,quantum_iqp_zz_linear,683,142,3,0,0,-0.09404175466817155
development_oof,x10,10,quantum_iqp_zz_linear,691,142,3,0,0,-0.9438840570459981
development_oof,x10,10,quantum_iqp_zz_linear,696,89,3,0,0,-0.5684989292416842
development_oof,x10,10,quantum_iqp_zz_linear,700,49,3,0,0,-1.6697390043640032
development_oof,x10,10,quantum_iqp_zz_linear,703,141,3,0,0,-0.9043426749937225
development_oof,x10,10,quantum_iqp_zz_linear,709,88,3,0,1,0.13610974679111149
development_oof,x10,10,quantum_iqp_zz_linear,715,4,3,1,1,1.4266755430695792
development_oof,x10,10,quantum_iqp_zz_linear,718,308,3,0,0,-0.8609563727676828
development_oof,x10,10,quantum_iqp_zz_linear,724,10,3,0,0,-1.0735902759252063
development_oof,x10,10,quantum_iqp_zz_linear,738,136,3,1,1,0.4609777991365051
development_oof,x10,10,quantum_iqp_zz_linear,739,10,3,0,0,-1.6551281075061637
development_oof,x10,10,quantum_iqp_zz_linear,740,44,3,0,0,-0.8497733381343919
development_oof,x10,10,quantum_iqp_zz_linear,746,304,3,1,0,-0.7238970856570854
development_oof,x10,10,quantum_iqp_zz_linear,747,51,3,0,0,-0.8338572974282101
development_oof,x10,10,quantum_iqp_zz_linear,761,44,3,0,0,-0.11757225967001217
development_oof,x10,10,quantum_iqp_zz_linear,772,10,3,0,0,-1.2535368677219083
development_oof,x10,10,quantum_iqp_zz_linear,773,58,3,1,0,-1.2636450319929824
development_oof,x10,10,quantum_iqp_zz_linear,778,84,3,1,0,-1.379245337426832
development_oof,x10,10,quantum_iqp_zz_linear,788,295,3,1,0,-1.866200143119047
development_oof,x10,10,quantum_iqp_zz_linear,803,289,3,0,1,0.07035973580614646
development_oof,x10,10,quantum_iqp_zz_linear,804,51,3,0,0,-1.6308073497337854
development_oof,x10,10,quantum_iqp_zz_linear,814,88,3,0,0,-0.766994901264703
development_oof,x10,10,quantum_iqp_zz_linear,831,281,3,0,0,-2.2534853126398113
development_oof,x10,10,quantum_iqp_zz_linear,842,277,3,0,1,1.133881540033175
development_oof,x10,10,quantum_iqp_zz_linear,846,275,3,1,1,0.7039025654793853
development_oof,x10,10,quantum_iqp_zz_linear,859,267,3,0,0,-2.0295424186109243
development_oof,x10,10,quantum_iqp_zz_linear,870,260,3,0,0,-0.988490610663727
development_oof,x10,10,quantum_iqp_zz_linear,893,253,3,0,0,-2.1044672875162336
development_oof,x10,10,quantum_iqp_zz_linear,899,123,3,1,1,0.9630402757892187
development_oof,x10,10,quantum_iqp_zz_linear,904,52,3,1,1,0.24439794599189085
development_oof,x10,10,quantum_iqp_zz_linear,922,240,3,0,0,-1.1534098093505736
development_oof,x10,10,quantum_iqp_zz_linear,926,238,3,1,1,0.9167283837334246
development_oof,x10,10,quantum_iqp_zz_linear,944,58,3,1,0,-1.447646217264717
development_oof,x10,10,quantum_iqp_zz_linear,949,224,3,0,0,-0.5451233451836257
development_oof,x10,10,quantum_iqp_zz_linear,954,4,3,1,1,1.0681731732027606
development_oof,x10,10,quantum_iqp_zz_linear,961,219,3,0,0,-0.33083503539142556
development_oof,x10,10,quantum_iqp_zz_linear,966,215,3,0,0,-1.5112982296650797
development_oof,x10,10,quantum_iqp_zz_linear,977,57,3,0,0,-0.40971193387214544
development_oof,x10,10,quantum_iqp_zz_linear,982,77,3,0,1,0.8598353231091826
development_oof,x10,10,quantum_iqp_zz_linear,1001,107,3,0,1,0.6728670819745579
development_oof,x10,10,quantum_iqp_zz_linear,1024,4,3,1,0,-1.5568634870688307
development_oof,x10,10,quantum_iqp_zz_linear,1029,183,3,0,0,-1.210818904092434
development_oof,x10,10,quantum_iqp_zz_linear,1033,179,3,0,0,-0.29457175831829274
development_oof,x10,10,rbf_matched,6,61,4,0,0,-0.6809754075686003
development_oof,x10,10,rbf_matched,16,93,4,1,1,0.997139819522457
development_oof,x10,10,rbf_matched,23,11,4,0,0,-2.1361722024302514
development_oof,x10,10,rbf_matched,26,11,4,0,0,-2.1231565328692423
development_oof,x10,10,rbf_matched,34,23,4,0,0,-1.2647721256629227
development_oof,x10,10,rbf_matched,36,80,4,0,0,-1.176504506164125
development_oof,x10,10,rbf_matched,49,11,4,0,0,-0.5520636407308865
development_oof,x10,10,rbf_matched,57,61,4,0,0,-0.7354940574016642
development_oof,x10,10,rbf_matched,58,11,4,0,0,-0.7579830298174914
development_oof,x10,10,rbf_matched,59,11,4,0,0,-1.9307519190725964
development_oof,x10,10,rbf_matched,67,446,4,0,1,0.44509201351287575
development_oof,x10,10,rbf_matched,68,445,4,1,0,-1.564689889743421
development_oof,x10,10,rbf_matched,74,74,4,0,0,-0.8293940767940498
development_oof,x10,10,rbf_matched,76,11,4,0,0,-1.8093148251479922
development_oof,x10,10,rbf_matched,82,440,4,1,0,-0.9077664009189415
development_oof,x10,10,rbf_matched,90,9,4,1,1,2.3391524085798245
development_oof,x10,10,rbf_matched,91,74,4,1,0,-0.23650043371137008
development_oof,x10,10,rbf_matched,95,161,4,0,0,-1.568059187525532
development_oof,x10,10,rbf_matched,112,9,4,1,1,2.1955969096434584
development_oof,x10,10,rbf_matched,117,433,4,0,0,-2.4634203931624743
development_oof,x10,10,rbf_matched,123,9,4,1,1,2.440306007545944
development_oof,x10,10,rbf_matched,134,15,4,0,0,-0.7238569363148841
development_oof,x10,10,rbf_matched,145,430,4,0,1,0.8521306466032945
development_oof,x10,10,rbf_matched,156,9,4,1,1,1.6782016832761821
development_oof,x10,10,rbf_matched,166,425,4,0,1,0.15928427408473622
development_oof,x10,10,rbf_matched,169,9,4,1,1,2.1326025562183144
development_oof,x10,10,rbf_matched,175,38,4,1,1,2.5527437055291324
development_oof,x10,10,rbf_matched,179,11,4,0,0,-1.636087361270764
development_oof,x10,10,rbf_matched,181,9,4,1,1,1.488834457308026
development_oof,x10,10,rbf_matched,187,9,4,1,1,1.7081526472905904
development_oof,x10,10,rbf_matched,191,169,4,0,0,-0.035193809642888096
development_oof,x10,10,rbf_matched,193,9,4,1,1,2.1571979153485668
development_oof,x10,10,rbf_matched,201,9,4,1,1,2.049244330277757
development_oof,x10,10,rbf_matched,206,125,4,1,0,-0.8871316770424276
development_oof,x10,10,rbf_matched,212,419,4,0,0,-0.7166521921527631
development_oof,x10,10,rbf_matched,215,61,4,0,0,-0.5112484142230744
development_oof,x10,10,rbf_matched,221,9,4,1,1,1.6713920376683638
development_oof,x10,10,rbf_matched,223,68,4,0,0,-0.856633613256762
development_oof,x10,10,rbf_matched,227,38,4,1,1,1.8179299197190695
development_oof,x10,10,rbf_matched,231,417,4,0,0,-1.9086904445976416
development_oof,x10,10,rbf_matched,237,117,4,0,1,0.33493607581240004
development_oof,x10,10,rbf_matched,241,23,4,0,0,-1.2687891952258703
development_oof,x10,10,rbf_matched,257,80,4,0,1,0.3087136236658663
development_oof,x10,10,rbf_matched,284,38,4,1,1,2.2120720791636126
development_oof,x10,10,rbf_matched,318,127,4,1,0,-2.2698537957881233
development_oof,x10,10,rbf_matched,320,38,4,1,1,2.471088739746909
development_oof,x10,10,rbf_matched,322,15,4,0,0,-0.8103372700082452
development_oof,x10,10,rbf_matched,324,74,4,1,0,-0.19494206704507744
development_oof,x10,10,rbf_matched,330,76,4,1,0,-0.8697031108596689
development_oof,x10,10,rbf_matched,332,38,4,1,1,2.4534964366866214
development_oof,x10,10,rbf_matched,337,15,4,0,0,-1.2142390885247685
development_oof,x10,10,rbf_matched,339,11,4,0,0,-1.670187912788208
development_oof,x10,10,rbf_matched,344,23,4,1,0,-0.17010850362621777
development_oof,x10,10,rbf_matched,355,15,4,0,0,-0.4983802289379562
development_oof,x10,10,rbf_matched,358,389,4,0,1,0.43719749545777087
development_oof,x10,10,rbf_matched,359,23,4,0,0,-1.5318528741399422
development_oof,x10,10,rbf_matched,365,388,4,0,1,0.42191272330452745
development_oof,x10,10,rbf_matched,368,387,4,0,0,-1.4908108835052782
development_oof,x10,10,rbf_matched,371,161,4,0,0,-1.9289861168021718
development_oof,x10,10,rbf_matched,381,76,4,0,0,-0.3370877725088659
development_oof,x10,10,rbf_matched,388,155,4,0,0,-0.6874311978310141
development_oof,x10,10,rbf_matched,390,381,4,0,0,-1.3990768980305561
development_oof,x10,10,rbf_matched,395,74,4,1,0,-0.5724491607188529
development_oof,x10,10,rbf_matched,397,11,4,0,0,-1.2796051050340511
development_oof,x10,10,rbf_matched,399,86,4,0,0,-0.8535173108144789
development_oof,x10,10,rbf_matched,422,159,4,0,0,-0.06701328908335102
development_oof,x10,10,rbf_matched,425,23,4,0,0,-1.3696296446141798
development_oof,x10,10,rbf_matched,453,138,4,0,0,-0.6395836786951703
development_oof,x10,10,rbf_matched,455,93,4,1,1,1.2981502819392905
development_oof,x10,10,rbf_matched,462,15,4,0,0,-1.1189512815119464
development_oof,x10,10,rbf_matched,468,370,4,0,0,-1.5167792499151513
development_oof,x10,10,rbf_matched,494,94,4,0,0,-1.9186553701519757
development_oof,x10,10,rbf_matched,499,15,4,0,0,-0.3614148459096824
development_oof,x10,10,rbf_matched,503,93,4,1,1,1.1379675105741336
development_oof,x10,10,rbf_matched,505,81,4,1,1,0.2311460519527222
development_oof,x10,10,rbf_matched,514,360,4,1,0,-0.14288846894953955
development_oof,x10,10,rbf_matched,516,155,4,0,0,-1.0654284855849363
development_oof,x10,10,rbf_matched,525,15,4,0,0,-0.973137948012117
development_oof,x10,10,rbf_matched,530,358,4,1,0,-1.5079505426108681
development_oof,x10,10,rbf_matched,558,48,4,0,1,0.9484864727315696
development_oof,x10,10,rbf_matched,593,90,4,0,0,-2.0671126271862743
development_oof,x10,10,rbf_matched,598,90,4,0,0,-1.278974350004465
development_oof,x10,10,rbf_matched,606,337,4,0,0,-1.3074949110519312
development_oof,x10,10,rbf_matched,619,336,4,0,0,-1.30498948723058
development_oof,x10,10,rbf_matched,620,68,4,0,0,-1.2670410641642422
development_oof,x10,10,rbf_matched,635,68,4,1,0,-0.5430341253160451
development_oof,x10,10,rbf_matched,661,90,4,0,0,-1.9573592604982097
development_oof,x10,10,rbf_matched,690,315,4,0,0,-0.7358829042554074
development_oof,x10,10,rbf_matched,704,313,4,0,0,-0.5986206667509884
development_oof,x10,10,rbf_matched,708,310,4,0,0,-0.11352346768646249
development_oof,x10,10,rbf_matched,717,140,4,0,1,0.5799265425751063
development_oof,x10,10,rbf_matched,733,138,4,0,0,-0.8559418125391323
development_oof,x10,10,rbf_matched,748,64,4,0,1,0.766209044542544
development_oof,x10,10,rbf_matched,749,11,4,0,0,-0.7539688913889162
development_oof,x10,10,rbf_matched,750,86,4,0,0,-0.8765260383501283
development_oof,x10,10,rbf_matched,762,302,4,0,1,0.3143459201881573
development_oof,x10,10,rbf_matched,768,300,4,0,1,1.703420723114294
development_oof,x10,10,rbf_matched,775,134,4,0,1,2.335707582662878
development_oof,x10,10,rbf_matched,776,298,4,0,0,-1.9142522851281287
development_oof,x10,10,rbf_matched,818,283,4,0,0,-1.966714872712233
development_oof,x10,10,rbf_matched,832,280,4,1,1,0.1721475437700717
development_oof,x10,10,rbf_matched,845,11,4,0,0,-1.5039204015655765
development_oof,x10,10,rbf_matched,856,269,4,0,0,-1.0219965834642424
development_oof,x10,10,rbf_matched,858,61,4,0,0,-0.5155206598367568
development_oof,x10,10,rbf_matched,863,81,4,1,1,0.3548955912466434
development_oof,x10,10,rbf_matched,868,261,4,0,0,-1.068145617337564
development_oof,x10,10,rbf_matched,869,80,4,0,1,0.1534298000644061
development_oof,x10,10,rbf_matched,889,127,4,0,0,-2.0154406274178527
development_oof,x10,10,rbf_matched,891,125,4,0,0,-0.9677658577400681
development_oof,x10,10,rbf_matched,897,250,4,0,1,0.6510773245663628
development_oof,x10,10,rbf_matched,909,245,4,0,1,0.4891618366995436
development_oof,x10,10,rbf_matched,920,241,4,0,0,-0.4516168197560395
development_oof,x10,10,rbf_matched,923,23,4,0,0,-1.0311536484914654
development_oof,x10,10,rbf_matched,933,232,4,0,1,0.05937627454282102
development_oof,x10,10,rbf_matched,947,226,4,0,1,0.5606091875057404
development_oof,x10,10,rbf_matched,959,117,4,0,1,0.3386531467082521
development_oof,x10,10,rbf_matched,968,214,4,1,1,1.9668538112536977
development_oof,x10,10,rbf_matched,983,205,4,1,0,-1.4007941956205354
development_oof,x10,10,rbf_matched,984,204,4,1,1,0.7060407467281014
development_oof,x10,10,rbf_matched,996,199,4,0,0,-0.01385920734519508
development_oof,x10,10,rbf_matched,998,198,4,0,0,-1.1377106601866138
development_oof,x10,10,rbf_matched,1008,76,4,0,0,-1.445203247686678
development_oof,x10,10,rbf_matched,1015,191,4,1,0,-1.1799969657165252
development_oof,x10,10,rbf_matched,1020,188,4,0,0,-0.9624924764267331
development_oof,x10,10,quantum_angle_product,6,61,4,0,0,-0.8598395228985269
development_oof,x10,10,quantum_angle_product,16,93,4,1,1,1.2326673117253633
development_oof,x10,10,quantum_angle_product,23,11,4,0,0,-1.3729488638160932
development_oof,x10,10,quantum_angle_product,26,11,4,0,0,-1.8710573437256686
development_oof,x10,10,quantum_angle_product,34,23,4,0,0,-1.1501034392163818
development_oof,x10,10,quantum_angle_product,36,80,4,0,0,-0.7859600402392048
development_oof,x10,10,quantum_angle_product,49,11,4,0,0,-1.2645463538506065
development_oof,x10,10,quantum_angle_product,57,61,4,0,0,-0.8769646950257923
development_oof,x10,10,quantum_angle_product,58,11,4,0,0,-1.358677337532059
development_oof,x10,10,quantum_angle_product,59,11,4,0,0,-1.7087437837931405
development_oof,x10,10,quantum_angle_product,67,446,4,0,0,-0.025655615132608167
development_oof,x10,10,quantum_angle_product,68,445,4,1,0,-1.0670487691324284
development_oof,x10,10,quantum_angle_product,74,74,4,0,0,-0.6401683903659874
development_oof,x10,10,quantum_angle_product,76,11,4,0,0,-0.12761873344055785
development_oof,x10,10,quantum_angle_product,82,440,4,1,0,-0.9359229257080288
development_oof,x10,10,quantum_angle_product,90,9,4,1,1,3.7361073385547865
development_oof,x10,10,quantum_angle_product,91,74,4,1,1,0.02152333349236657
development_oof,x10,10,quantum_angle_product,95,161,4,0,0,-1.5930872360979593
development_oof,x10,10,quantum_angle_product,112,9,4,1,1,3.78682388897475
development_oof,x10,10,quantum_angle_product,117,433,4,0,0,-1.4337687822226586
development_oof,x10,10,quantum_angle_product,123,9,4,1,1,4.451976824303825
development_oof,x10,10,quantum_angle_product,134,15,4,0,0,-1.012631970619468
development_oof,x10,10,quantum_angle_product,145,430,4,0,1,0.8968649539714149
development_oof,x10,10,quantum_angle_product,156,9,4,1,1,3.4704705526076634
development_oof,x10,10,quantum_angle_product,166,425,4,0,1,0.07585189111232027
development_oof,x10,10,quantum_angle_product,169,9,4,1,1,3.506326948033644
development_oof,x10,10,quantum_angle_product,175,38,4,1,1,4.050378292175806
development_oof,x10,10,quantum_angle_product,179,11,4,0,0,-1.1492145616043545
development_oof,x10,10,quantum_angle_product,181,9,4,1,1,3.2249746934310064
development_oof,x10,10,quantum_angle_product,187,9,4,1,1,3.601370761524306
development_oof,x10,10,quantum_angle_product,191,169,4,0,0,-0.6304127962621509
development_oof,x10,10,quantum_angle_product,193,9,4,1,1,3.632241235860972
development_oof,x10,10,quantum_angle_product,201,9,4,1,1,3.80618383251881
development_oof,x10,10,quantum_angle_product,206,125,4,1,0,-0.8950213804209157
development_oof,x10,10,quantum_angle_product,212,419,4,0,0,-1.2880097539303266
development_oof,x10,10,quantum_angle_product,215,61,4,0,0,-0.525122810121603
development_oof,x10,10,quantum_angle_product,221,9,4,1,1,3.901632996280325
development_oof,x10,10,quantum_angle_product,223,68,4,0,0,-1.2764574285736658
development_oof,x10,10,quantum_angle_product,227,38,4,1,1,3.4497879330438774
development_oof,x10,10,quantum_angle_product,231,417,4,0,0,-1.2442310170655035
development_oof,x10,10,quantum_angle_product,237,117,4,0,1,0.07572666171647158
development_oof,x10,10,quantum_angle_product,241,23,4,0,0,-1.1512878406218918
development_oof,x10,10,quantum_angle_product,257,80,4,0,0,-0.11033187841515413
development_oof,x10,10,quantum_angle_product,284,38,4,1,1,3.661335256796958
development_oof,x10,10,quantum_angle_product,318,127,4,1,0,-3.0532707666890406
development_oof,x10,10,quantum_angle_product,320,38,4,1,1,4.097777459510821
development_oof,x10,10,quantum_angle_product,322,15,4,0,0,-0.14202470865761696
development_oof,x10,10,quantum_angle_product,324,74,4,1,0,-0.3096102378170984
development_oof,x10,10,quantum_angle_product,330,76,4,1,0,-1.1085472115762103
development_oof,x10,10,quantum_angle_product,332,38,4,1,1,3.8510463692966663
development_oof,x10,10,quantum_angle_product,337,15,4,0,0,-1.1444987231714536
development_oof,x10,10,quantum_angle_product,339,11,4,0,0,-0.18177863150555296
development_oof,x10,10,quantum_angle_product,344,23,4,1,0,-0.2047271354520761
development_oof,x10,10,quantum_angle_product,355,15,4,0,0,-0.8777898386196499
development_oof,x10,10,quantum_angle_product,358,389,4,0,1,1.3888311507612754
development_oof,x10,10,quantum_angle_product,359,23,4,0,0,-1.4321985942930995
development_oof,x10,10,quantum_angle_product,365,388,4,0,1,0.07839261690854316
development_oof,x10,10,quantum_angle_product,368,387,4,0,0,-1.096204141293798
development_oof,x10,10,quantum_angle_product,371,161,4,0,0,-1.7606524824042695
development_oof,x10,10,quantum_angle_product,381,76,4,0,0,-0.5160466404739041
development_oof,x10,10,quantum_angle_product,388,155,4,0,0,-0.39434515983187324
development_oof,x10,10,quantum_angle_product,390,381,4,0,0,-1.672363500875308
development_oof,x10,10,quantum_angle_product,395,74,4,1,0,-0.6931349829442455
development_oof,x10,10,quantum_angle_product,397,11,4,0,0,-1.6881094033246187
development_oof,x10,10,quantum_angle_product,399,86,4,0,0,-1.1523229213128887
development_oof,x10,10,quantum_angle_product,422,159,4,0,1,0.2076873039809881
development_oof,x10,10,quantum_angle_product,425,23,4,0,0,-1.2033912081951585
development_oof,x10,10,quantum_angle_product,453,138,4,0,0,-1.14345494744005
development_oof,x10,10,quantum_angle_product,455,93,4,1,1,1.152573118092006
development_oof,x10,10,quantum_angle_product,462,15,4,0,0,-0.849285228648698
development_oof,x10,10,quantum_angle_product,468,370,4,0,0,-1.420728798817622
development_oof,x10,10,quantum_angle_product,494,94,4,0,0,-1.515808211430526
development_oof,x10,10,quantum_angle_product,499,15,4,0,0,-0.3422080007718351
development_oof,x10,10,quantum_angle_product,503,93,4,1,1,1.2163107620972495
development_oof,x10,10,quantum_angle_product,505,81,4,1,1,0.5430292504827448
development_oof,x10,10,quantum_angle_product,514,360,4,1,0,-0.3031087153263188
development_oof,x10,10,quantum_angle_product,516,155,4,0,0,-0.8379259155699843
development_oof,x10,10,quantum_angle_product,525,15,4,0,0,-0.7560973027886619
development_oof,x10,10,quantum_angle_product,530,358,4,1,0,-1.204627070873231
development_oof,x10,10,quantum_angle_product,558,48,4,0,1,0.5480324907438059
development_oof,x10,10,quantum_angle_product,593,90,4,0,0,-1.8101685716940652
development_oof,x10,10,quantum_angle_product,598,90,4,0,0,-1.4227168879758538
development_oof,x10,10,quantum_angle_product,606,337,4,0,0,-1.314391748643901
development_oof,x10,10,quantum_angle_product,619,336,4,0,0,-0.9431631577294455
development_oof,x10,10,quantum_angle_product,620,68,4,0,0,-1.5436369270153862
development_oof,x10,10,quantum_angle_product,635,68,4,1,0,-0.6131279472203504
development_oof,x10,10,quantum_angle_product,661,90,4,0,0,-1.9985380856993673
development_oof,x10,10,quantum_angle_product,690,315,4,0,0,-0.45554226500549233
development_oof,x10,10,quantum_angle_product,704,313,4,0,0,-0.19908532440398274
development_oof,x10,10,quantum_angle_product,708,310,4,0,1,0.19458497343019432
development_oof,x10,10,quantum_angle_product,717,140,4,0,1,0.9424294973929774
development_oof,x10,10,quantum_angle_product,733,138,4,0,0,-1.5389328474288264
development_oof,x10,10,quantum_angle_product,748,64,4,0,1,0.4361712673445608
development_oof,x10,10,quantum_angle_product,749,11,4,0,0,-1.1530123442311024
development_oof,x10,10,quantum_angle_product,750,86,4,0,0,-0.8452913856884423
development_oof,x10,10,quantum_angle_product,762,302,4,0,1,0.7611642040828726
development_oof,x10,10,quantum_angle_product,768,300,4,0,1,3.8114350075647234
development_oof,x10,10,quantum_angle_product,775,134,4,0,1,4.240535401128268
development_oof,x10,10,quantum_angle_product,776,298,4,0,0,-1.3950291286957552
development_oof,x10,10,quantum_angle_product,818,283,4,0,0,-1.6688364935988476
development_oof,x10,10,quantum_angle_product,832,280,4,1,0,-0.11503926813058896
development_oof,x10,10,quantum_angle_product,845,11,4,0,0,-1.8643579860700628
development_oof,x10,10,quantum_angle_product,856,269,4,0,0,-1.1738272672871675
development_oof,x10,10,quantum_angle_product,858,61,4,0,0,-0.5201688194645031
development_oof,x10,10,quantum_angle_product,863,81,4,1,1,0.6303388853768992
development_oof,x10,10,quantum_angle_product,868,261,4,0,0,-0.3769622443840761
development_oof,x10,10,quantum_angle_product,869,80,4,0,0,-0.0432373585986896
development_oof,x10,10,quantum_angle_product,889,127,4,0,0,-2.5121251046991393
development_oof,x10,10,quantum_angle_product,891,125,4,0,0,-0.7440876474874061
development_oof,x10,10,quantum_angle_product,897,250,4,0,1,0.3408370496689328
development_oof,x10,10,quantum_angle_product,909,245,4,0,1,0.19007828607764865
development_oof,x10,10,quantum_angle_product,920,241,4,0,0,-0.46276581184058485
development_oof,x10,10,quantum_angle_product,923,23,4,0,0,-1.0237511827808292
development_oof,x10,10,quantum_angle_product,933,232,4,0,0,-0.6554555980090286
development_oof,x10,10,quantum_angle_product,947,226,4,0,1,0.6603660869122179
development_oof,x10,10,quantum_angle_product,959,117,4,0,0,-0.0004417137215442235
development_oof,x10,10,quantum_angle_product,968,214,4,1,1,1.7198390174096245
development_oof,x10,10,quantum_angle_product,983,205,4,1,0,-0.7777730613305367
development_oof,x10,10,quantum_angle_product,984,204,4,1,1,0.7157187024607892
development_oof,x10,10,quantum_angle_product,996,199,4,0,1,0.05533945577898991
development_oof,x10,10,quantum_angle_product,998,198,4,0,0,-0.926493259857567
development_oof,x10,10,quantum_angle_product,1008,76,4,0,0,-1.2526336821741368
development_oof,x10,10,quantum_angle_product,1015,191,4,1,0,-1.3934596758539202
development_oof,x10,10,quantum_angle_product,1020,188,4,0,1,0.8929869472536167
development_oof,x10,10,quantum_iqp_zz_linear,6,61,4,0,0,-0.8133706830275884
development_oof,x10,10,quantum_iqp_zz_linear,16,93,4,1,1,1.0004760597814844
development_oof,x10,10,quantum_iqp_zz_linear,23,11,4,0,0,-1.589312543299611
development_oof,x10,10,quantum_iqp_zz_linear,26,11,4,0,0,-1.774605887620798
development_oof,x10,10,quantum_iqp_zz_linear,34,23,4,0,0,-1.1039775545335824
development_oof,x10,10,quantum_iqp_zz_linear,36,80,4,0,0,-0.8724390975224887
development_oof,x10,10,quantum_iqp_zz_linear,49,11,4,0,0,-1.050832258970632
development_oof,x10,10,quantum_iqp_zz_linear,57,61,4,0,0,-0.8373823140511203
development_oof,x10,10,quantum_iqp_zz_linear,58,11,4,0,0,-1.1613248554649584
development_oof,x10,10,quantum_iqp_zz_linear,59,11,4,0,0,-1.645327401602529
development_oof,x10,10,quantum_iqp_zz_linear,67,446,4,0,1,0.04868306391163901
development_oof,x10,10,quantum_iqp_zz_linear,68,445,4,1,0,-1.474420975467931
development_oof,x10,10,quantum_iqp_zz_linear,74,74,4,0,0,-0.7001141184845616
development_oof,x10,10,quantum_iqp_zz_linear,76,11,4,0,0,-1.3838344989482887
development_oof,x10,10,quantum_iqp_zz_linear,82,440,4,1,0,-0.9909281139059654
development_oof,x10,10,quantum_iqp_zz_linear,90,9,4,1,1,3.01566976667759
development_oof,x10,10,quantum_iqp_zz_linear,91,74,4,1,0,-0.0481620172614059
development_oof,x10,10,quantum_iqp_zz_linear,95,161,4,0,0,-1.6461180466648964
development_oof,x10,10,quantum_iqp_zz_linear,112,9,4,1,1,2.9369786181442414
development_oof,x10,10,quantum_iqp_zz_linear,117,433,4,0,0,-1.674047139308804
development_oof,x10,10,quantum_iqp_zz_linear,123,9,4,1,1,3.378640386996925
development_oof,x10,10,quantum_iqp_zz_linear,134,15,4,0,0,-0.9515291723547361
development_oof,x10,10,quantum_iqp_zz_linear,145,430,4,0,1,0.7867770881553842
development_oof,x10,10,quantum_iqp_zz_linear,156,9,4,1,1,2.5557855153278126
development_oof,x10,10,quantum_iqp_zz_linear,166,425,4,0,1,0.17038879190410583
development_oof,x10,10,quantum_iqp_zz_linear,169,9,4,1,1,2.7865625023484935
development_oof,x10,10,quantum_iqp_zz_linear,175,38,4,1,1,3.2093669125310305
development_oof,x10,10,quantum_iqp_zz_linear,179,11,4,0,0,-1.2559023380451688
development_oof,x10,10,quantum_iqp_zz_linear,181,9,4,1,1,2.364417648829485
development_oof,x10,10,quantum_iqp_zz_linear,187,9,4,1,1,2.6215482667512306
development_oof,x10,10,quantum_iqp_zz_linear,191,169,4,0,0,-0.6602377419817804
development_oof,x10,10,quantum_iqp_zz_linear,193,9,4,1,1,2.855807337913876
development_oof,x10,10,quantum_iqp_zz_linear,201,9,4,1,1,2.8738184234010893
development_oof,x10,10,quantum_iqp_zz_linear,206,125,4,1,0,-1.0382642754713234
development_oof,x10,10,quantum_iqp_zz_linear,212,419,4,0,0,-0.9372709353707609
development_oof,x10,10,quantum_iqp_zz_linear,215,61,4,0,0,-0.5194402082926213
development_oof,x10,10,quantum_iqp_zz_linear,221,9,4,1,1,2.8176606033946996
development_oof,x10,10,quantum_iqp_zz_linear,223,68,4,0,0,-1.174418485103597
development_oof,x10,10,quantum_iqp_zz_linear,227,38,4,1,1,2.6344469580547756
development_oof,x10,10,quantum_iqp_zz_linear,231,417,4,0,0,-1.5464236614806153
development_oof,x10,10,quantum_iqp_zz_linear,237,117,4,0,1,0.08617010828403582
development_oof,x10,10,quantum_iqp_zz_linear,241,23,4,0,0,-1.1076697980948087
development_oof,x10,10,quantum_iqp_zz_linear,257,80,4,0,1,0.03657124648966059
development_oof,x10,10,quantum_iqp_zz_linear,284,38,4,1,1,2.9819482048439205
development_oof,x10,10,quantum_iqp_zz_linear,318,127,4,1,0,-2.0043019937590656
development_oof,x10,10,quantum_iqp_zz_linear,320,38,4,1,1,3.173077334112884
development_oof,x10,10,quantum_iqp_zz_linear,322,15,4,0,0,-0.3208053848809336
development_oof,x10,10,quantum_iqp_zz_linear,324,74,4,1,0,-0.3673398460309587
development_oof,x10,10,quantum_iqp_zz_linear,330,76,4,1,0,-1.158134101793049
development_oof,x10,10,quantum_iqp_zz_linear,332,38,4,1,1,3.0942784879055543
development_oof,x10,10,quantum_iqp_zz_linear,337,15,4,0,0,-1.1064892903012824
development_oof,x10,10,quantum_iqp_zz_linear,339,11,4,0,0,-1.087711445732796
development_oof,x10,10,quantum_iqp_zz_linear,344,23,4,1,0,-0.2747729687074749
development_oof,x10,10,quantum_iqp_zz_linear,355,15,4,0,0,-0.8028962071608259
development_oof,x10,10,quantum_iqp_zz_linear,358,389,4,0,1,0.8607371951056249
development_oof,x10,10,quantum_iqp_zz_linear,359,23,4,0,0,-1.365325454571799
development_oof,x10,10,quantum_iqp_zz_linear,365,388,4,0,1,0.006180531625781915
development_oof,x10,10,quantum_iqp_zz_linear,368,387,4,0,0,-1.153971804530492
development_oof,x10,10,quantum_iqp_zz_linear,371,161,4,0,0,-1.7613485927023056
development_oof,x10,10,quantum_iqp_zz_linear,381,76,4,0,0,-0.5113073025327102
development_oof,x10,10,quantum_iqp_zz_linear,388,155,4,0,0,-0.5947229591351457
development_oof,x10,10,quantum_iqp_zz_linear,390,381,4,0,0,-1.6239773029528588
development_oof,x10,10,quantum_iqp_zz_linear,395,74,4,1,0,-0.728879521093355
development_oof,x10,10,quantum_iqp_zz_linear,397,11,4,0,0,-1.4376052425322514
development_oof,x10,10,quantum_iqp_zz_linear,399,86,4,0,0,-0.9713866079546094
development_oof,x10,10,quantum_iqp_zz_linear,422,159,4,0,1,0.1641523304161917
development_oof,x10,10,quantum_iqp_zz_linear,425,23,4,0,0,-1.2466405455075558
development_oof,x10,10,quantum_iqp_zz_linear,453,138,4,0,0,-0.6327400413096297
development_oof,x10,10,quantum_iqp_zz_linear,455,93,4,1,1,0.9984519233618097
development_oof,x10,10,quantum_iqp_zz_linear,462,15,4,0,0,-0.9488463721696594
development_oof,x10,10,quantum_iqp_zz_linear,468,370,4,0,0,-1.2071336692254597
development_oof,x10,10,quantum_iqp_zz_linear,494,94,4,0,0,-1.6216637165640637
development_oof,x10,10,quantum_iqp_zz_linear,499,15,4,0,0,-0.4590301675795332
development_oof,x10,10,quantum_iqp_zz_linear,503,93,4,1,1,1.02778725694062
development_oof,x10,10,quantum_iqp_zz_linear,505,81,4,1,1,0.3179913931260683
development_oof,x10,10,quantum_iqp_zz_linear,514,360,4,1,1,0.37399079181323214
development_oof,x10,10,quantum_iqp_zz_linear,516,155,4,0,0,-0.8757608616671269
development_oof,x10,10,quantum_iqp_zz_linear,525,15,4,0,0,-0.7941662064906445
development_oof,x10,10,quantum_iqp_zz_linear,530,358,4,1,0,-1.2294722155416056
development_oof,x10,10,quantum_iqp_zz_linear,558,48,4,0,1,0.6554919716152112
development_oof,x10,10,quantum_iqp_zz_linear,593,90,4,0,0,-1.7792707146795543
development_oof,x10,10,quantum_iqp_zz_linear,598,90,4,0,0,-1.1758425293071662
development_oof,x10,10,quantum_iqp_zz_linear,606,337,4,0,0,-1.4101153643074602
development_oof,x10,10,quantum_iqp_zz_linear,619,336,4,0,0,-0.8681020109585769
development_oof,x10,10,quantum_iqp_zz_linear,620,68,4,0,0,-1.4653496971342783
development_oof,x10,10,quantum_iqp_zz_linear,635,68,4,1,0,-0.7028674522832385
development_oof,x10,10,quantum_iqp_zz_linear,661,90,4,0,0,-1.8321310968813405
development_oof,x10,10,quantum_iqp_zz_linear,690,315,4,0,0,-0.6290373143758219
development_oof,x10,10,quantum_iqp_zz_linear,704,313,4,0,0,-0.43043282138217287
development_oof,x10,10,quantum_iqp_zz_linear,708,310,4,0,1,0.056883666252105725
development_oof,x10,10,quantum_iqp_zz_linear,717,140,4,0,1,0.863307570976465
development_oof,x10,10,quantum_iqp_zz_linear,733,138,4,0,0,-0.8403347698488062
development_oof,x10,10,quantum_iqp_zz_linear,748,64,4,0,1,0.3586486240379527
development_oof,x10,10,quantum_iqp_zz_linear,749,11,4,0,0,-1.0343523454033603
development_oof,x10,10,quantum_iqp_zz_linear,750,86,4,0,0,-0.7945046706015428
development_oof,x10,10,quantum_iqp_zz_linear,762,302,4,0,1,0.4722631476329662
development_oof,x10,10,quantum_iqp_zz_linear,768,300,4,0,1,2.7664259067743977
development_oof,x10,10,quantum_iqp_zz_linear,775,134,4,0,1,3.2357550659312526
development_oof,x10,10,quantum_iqp_zz_linear,776,298,4,0,0,-1.5186672977368505
development_oof,x10,10,quantum_iqp_zz_linear,818,283,4,0,0,-1.7242072554897707
development_oof,x10,10,quantum_iqp_zz_linear,832,280,4,1,0,-0.05641132157088724
development_oof,x10,10,quantum_iqp_zz_linear,845,11,4,0,0,-1.6482019338549745
development_oof,x10,10,quantum_iqp_zz_linear,856,269,4,0,0,-0.9208784988349573
development_oof,x10,10,quantum_iqp_zz_linear,858,61,4,0,0,-0.5178889138197782
development_oof,x10,10,quantum_iqp_zz_linear,863,81,4,1,1,0.4958680704827101
development_oof,x10,10,quantum_iqp_zz_linear,868,261,4,0,0,-0.9612363246016069
development_oof,x10,10,quantum_iqp_zz_linear,869,80,4,0,1,0.07279526909999179
development_oof,x10,10,quantum_iqp_zz_linear,889,127,4,0,0,-1.7162935342897163
development_oof,x10,10,quantum_iqp_zz_linear,891,125,4,0,0,-0.859887401844815
development_oof,x10,10,quantum_iqp_zz_linear,897,250,4,0,1,0.3430957115806643
development_oof,x10,10,quantum_iqp_zz_linear,909,245,4,0,1,0.12165981651889246
development_oof,x10,10,quantum_iqp_zz_linear,920,241,4,0,0,-0.4206572253725127
development_oof,x10,10,quantum_iqp_zz_linear,923,23,4,0,0,-1.062128023923296
development_oof,x10,10,quantum_iqp_zz_linear,933,232,4,0,0,-0.43459721657864514
development_oof,x10,10,quantum_iqp_zz_linear,947,226,4,0,1,0.44119576547624706
development_oof,x10,10,quantum_iqp_zz_linear,959,117,4,0,0,-0.00032274331604886797
development_oof,x10,10,quantum_iqp_zz_linear,968,214,4,1,1,1.72637987102573
development_oof,x10,10,quantum_iqp_zz_linear,983,205,4,1,0,-0.820055840258767
development_oof,x10,10,quantum_iqp_zz_linear,984,204,4,1,1,0.6429931129612085
development_oof,x10,10,quantum_iqp_zz_linear,996,199,4,0,1,0.027095787927962967
development_oof,x10,10,quantum_iqp_zz_linear,998,198,4,0,0,-1.0583142515565764
development_oof,x10,10,quantum_iqp_zz_linear,1008,76,4,0,0,-1.2845334326693842
development_oof,x10,10,quantum_iqp_zz_linear,1015,191,4,1,0,-1.4851612408664667
development_oof,x10,10,quantum_iqp_zz_linear,1020,188,4,0,1,0.0945167337756534
development_oof,x10,10,rbf_matched,3,108,5,0,0,-0.4074659214668323
development_oof,x10,10,rbf_matched,9,29,5,1,1,1.8357238993042446
development_oof,x10,10,rbf_matched,22,456,5,0,1,0.14175926362776992
development_oof,x10,10,rbf_matched,29,453,5,0,0,-0.8130615020097451
development_oof,x10,10,rbf_matched,35,108,5,0,0,-0.5664601539630405
development_oof,x10,10,rbf_matched,41,451,5,0,0,-0.4325302043229811
development_oof,x10,10,rbf_matched,43,6,5,0,0,-1.4761590944001273
development_oof,x10,10,rbf_matched,50,40,5,1,1,2.2634189942252774
development_oof,x10,10,rbf_matched,51,75,5,1,0,-1.171375193197552
development_oof,x10,10,rbf_matched,69,444,5,0,0,-0.7384034088028725
development_oof,x10,10,rbf_matched,75,108,5,0,0,-0.33718380447202245
development_oof,x10,10,rbf_matched,81,441,5,0,0,-0.913265783470572
development_oof,x10,10,rbf_matched,103,14,5,1,1,0.2993557116895069
development_oof,x10,10,rbf_matched,110,41,5,0,0,-1.4317317133634164
development_oof,x10,10,rbf_matched,121,14,5,1,1,0.4907751642159077
development_oof,x10,10,rbf_matched,124,5,5,0,0,-3.114939050131691
development_oof,x10,10,rbf_matched,130,171,5,0,0,-0.799254492650873
development_oof,x10,10,rbf_matched,133,432,5,1,1,1.730735167105716
development_oof,x10,10,rbf_matched,140,40,5,0,0,-0.6881064132113315
development_oof,x10,10,rbf_matched,144,41,5,0,1,0.6968229869621159
development_oof,x10,10,rbf_matched,151,14,5,1,1,0.09771592128821549
development_oof,x10,10,rbf_matched,152,429,5,0,0,-1.5942593847818847
development_oof,x10,10,rbf_matched,153,41,5,0,1,1.0439927907672326
development_oof,x10,10,rbf_matched,155,41,5,0,0,-0.1901775780964901
development_oof,x10,10,rbf_matched,158,428,5,0,0,-1.444319797698134
development_oof,x10,10,rbf_matched,171,41,5,1,1,1.1257641101784066
development_oof,x10,10,rbf_matched,177,40,5,1,0,-0.04296387783939243
development_oof,x10,10,rbf_matched,202,421,5,0,0,-1.9269641359727692
development_oof,x10,10,rbf_matched,205,41,5,0,1,0.563291761622063
development_oof,x10,10,rbf_matched,230,121,5,1,1,0.11591278241923508
development_oof,x10,10,rbf_matched,232,6,5,0,0,-2.16736405102175
development_oof,x10,10,rbf_matched,234,29,5,1,1,0.8996738927841947
development_oof,x10,10,rbf_matched,238,415,5,0,0,-2.033407355829545
development_oof,x10,10,rbf_matched,254,411,5,1,1,0.2968854544180597
development_oof,x10,10,rbf_matched,263,120,5,1,1,2.565709862964538
development_oof,x10,10,rbf_matched,265,75,5,0,1,0.9281486698408401
development_oof,x10,10,rbf_matched,274,29,5,1,1,0.3728572067403272
development_oof,x10,10,rbf_matched,280,14,5,1,1,0.7060781806189165
development_oof,x10,10,rbf_matched,289,6,5,0,0,-1.4303225908015431
development_oof,x10,10,rbf_matched,292,14,5,1,1,0.34315777647537804
development_oof,x10,10,rbf_matched,293,39,5,1,0,-0.5585050170621574
development_oof,x10,10,rbf_matched,295,14,5,1,1,0.5862796981589486
development_oof,x10,10,rbf_matched,299,29,5,1,1,2.0343376037363643
development_oof,x10,10,rbf_matched,310,401,5,0,0,-0.3284887951651597
development_oof,x10,10,rbf_matched,319,163,5,0,1,0.5560583151974745
development_oof,x10,10,rbf_matched,329,29,5,1,1,1.3752361637042694
development_oof,x10,10,rbf_matched,340,393,5,0,0,-1.7541940955089899
development_oof,x10,10,rbf_matched,354,391,5,1,0,-0.23256160049625185
development_oof,x10,10,rbf_matched,357,37,5,1,1,1.8871271566552665
development_oof,x10,10,rbf_matched,360,162,5,0,1,0.8479178906784293
development_oof,x10,10,rbf_matched,374,14,5,1,1,0.334311459418291
development_oof,x10,10,rbf_matched,375,14,5,1,1,0.23322010022651707
development_oof,x10,10,rbf_matched,389,382,5,0,0,-1.355139193938542
development_oof,x10,10,rbf_matched,391,5,5,0,0,-0.0950718541065092
development_oof,x10,10,rbf_matched,398,99,5,1,1,1.4214847302909408
development_oof,x10,10,rbf_matched,411,6,5,0,0,-2.1634531485338355
development_oof,x10,10,rbf_matched,420,5,5,1,0,-1.314599953157162
development_oof,x10,10,rbf_matched,427,6,5,0,0,-0.9351954608796336
development_oof,x10,10,rbf_matched,435,374,5,0,0,-1.3829790328743161
development_oof,x10,10,rbf_matched,443,372,5,0,0,-0.7790505483056075
development_oof,x10,10,rbf_matched,457,14,5,1,0,-0.08944966570977125
development_oof,x10,10,rbf_matched,460,5,5,0,0,-0.8321788139623586
development_oof,x10,10,rbf_matched,467,6,5,0,0,-0.2586929966561076
development_oof,x10,10,rbf_matched,475,5,5,0,0,-2.1642315050516308
development_oof,x10,10,rbf_matched,478,6,5,0,0,-1.8177785987221007
development_oof,x10,10,rbf_matched,479,368,5,0,1,0.5023031423682995
development_oof,x10,10,rbf_matched,485,5,5,0,1,0.5362315679264331
development_oof,x10,10,rbf_matched,488,26,5,1,0,-0.31074584448612597
development_oof,x10,10,rbf_matched,504,5,5,0,1,0.2556747165380142
development_oof,x10,10,rbf_matched,518,5,5,0,0,-0.8833679376085563
development_oof,x10,10,rbf_matched,521,26,5,0,0,-0.5327278193066627
development_oof,x10,10,rbf_matched,531,6,5,0,0,-1.7490214194689595
development_oof,x10,10,rbf_matched,532,26,5,0,0,-0.24175297124791717
development_oof,x10,10,rbf_matched,541,113,5,0,0,-2.2506518957348445
development_oof,x10,10,rbf_matched,549,355,5,0,0,-1.5510290453508964
development_oof,x10,10,rbf_matched,552,6,5,0,0,-1.9023826805936135
development_oof,x10,10,rbf_matched,555,352,5,1,1,1.6097251381050461
development_oof,x10,10,rbf_matched,556,13,5,0,0,-0.6061478983341821
development_oof,x10,10,rbf_matched,559,351,5,0,0,-0.689647272470363
development_oof,x10,10,rbf_matched,567,13,5,0,0,-0.44123076822807994
development_oof,x10,10,rbf_matched,569,5,5,0,0,-2.2981166697855713
development_oof,x10,10,rbf_matched,578,26,5,0,0,-0.6218493308917492
development_oof,x10,10,rbf_matched,590,152,5,0,0,-1.244823129387083
development_oof,x10,10,rbf_matched,603,40,5,1,0,-0.4130553355662924
development_oof,x10,10,rbf_matched,613,85,5,0,0,-1.0002115755882395
development_oof,x10,10,rbf_matched,640,146,5,0,0,-2.9063291754308076
development_oof,x10,10,rbf_matched,645,146,5,0,0,-2.2046894736873313
development_oof,x10,10,rbf_matched,673,320,5,0,0,-1.4541049302606643
development_oof,x10,10,rbf_matched,679,6,5,0,0,-1.3177582750505044
development_oof,x10,10,rbf_matched,688,143,5,0,0,-1.8423830053256112
development_oof,x10,10,rbf_matched,710,75,5,1,0,-1.4023567307506495
development_oof,x10,10,rbf_matched,712,5,5,0,1,0.18321586012573854
development_oof,x10,10,rbf_matched,713,139,5,0,0,-1.7206820597649497
development_oof,x10,10,rbf_matched,721,139,5,1,0,-2.234800455512773
development_oof,x10,10,rbf_matched,727,32,5,0,1,1.2248634864342036
development_oof,x10,10,rbf_matched,735,132,5,0,1,0.1315369003838347
development_oof,x10,10,rbf_matched,736,137,5,0,0,-0.5127987791211311
development_oof,x10,10,rbf_matched,737,85,5,1,0,-0.9934075493803098
development_oof,x10,10,rbf_matched,743,13,5,0,0,-0.5231065843651028
development_oof,x10,10,rbf_matched,753,85,5,0,0,-1.7969687886023338
development_oof,x10,10,rbf_matched,766,130,5,0,0,-0.2464117113886588
development_oof,x10,10,rbf_matched,800,132,5,0,0,-0.9564618592394813
development_oof,x10,10,rbf_matched,807,288,5,0,0,-0.8508857126422221
development_oof,x10,10,rbf_matched,819,130,5,1,0,-0.12309184113610544
development_oof,x10,10,rbf_matched,853,272,5,0,1,0.3441933180253006
development_oof,x10,10,rbf_matched,860,266,5,0,0,-1.0855823452576818
development_oof,x10,10,rbf_matched,866,262,5,0,1,1.5152463538406167
development_oof,x10,10,rbf_matched,892,26,5,0,0,-0.7029513537649533
development_oof,x10,10,rbf_matched,894,252,5,1,0,-0.32603453603275434
development_oof,x10,10,rbf_matched,900,249,5,0,1,0.9681863767235221
development_oof,x10,10,rbf_matched,903,248,5,0,0,-1.4494587363436244
development_oof,x10,10,rbf_matched,913,121,5,1,0,-1.4017152837118336
development_oof,x10,10,rbf_matched,924,239,5,0,0,-0.10049872085719891
development_oof,x10,10,rbf_matched,928,236,5,1,1,1.6704164483028725
development_oof,x10,10,rbf_matched,946,120,5,1,1,3.0227063887151067
development_oof,x10,10,rbf_matched,957,221,5,0,0,-0.655897384361158
development_oof,x10,10,rbf_matched,963,217,5,0,0,-2.2481841950479216
development_oof,x10,10,rbf_matched,973,210,5,0,0,-1.7624580313419715
development_oof,x10,10,rbf_matched,986,113,5,0,0,-2.02987324377205
development_oof,x10,10,rbf_matched,997,6,5,0,0,-0.6780810098287601
development_oof,x10,10,rbf_matched,999,5,5,0,0,-0.20547169375377705
development_oof,x10,10,rbf_matched,1005,196,5,0,0,-1.078488563220191
development_oof,x10,10,rbf_matched,1017,189,5,0,0,-0.7803265541236318
development_oof,x10,10,rbf_matched,1023,187,5,0,1,0.40562419021851825
development_oof,x10,10,quantum_angle_product,3,108,5,0,0,-0.34665944299889123
development_oof,x10,10,quantum_angle_product,9,29,5,1,1,1.9732930406673823
development_oof,x10,10,quantum_angle_product,22,456,5,0,0,-0.26793222503938974
development_oof,x10,10,quantum_angle_product,29,453,5,0,0,-0.7858400686362375
development_oof,x10,10,quantum_angle_product,35,108,5,0,0,-0.5574806167305278
development_oof,x10,10,quantum_angle_product,41,451,5,0,0,-0.3769624996379679
development_oof,x10,10,quantum_angle_product,43,6,5,0,0,-1.5897567757767272
development_oof,x10,10,quantum_angle_product,50,40,5,1,1,1.8769904703367724
development_oof,x10,10,quantum_angle_product,51,75,5,1,0,-1.07501151854723
development_oof,x10,10,quantum_angle_product,69,444,5,0,0,-0.5321559445872336
development_oof,x10,10,quantum_angle_product,75,108,5,0,0,-0.3041109436048406
development_oof,x10,10,quantum_angle_product,81,441,5,0,0,-0.7506086737841959
development_oof,x10,10,quantum_angle_product,103,14,5,1,1,0.12741028510644237
development_oof,x10,10,quantum_angle_product,110,41,5,0,0,-1.1109458016687288
development_oof,x10,10,quantum_angle_product,121,14,5,1,1,0.40835602628956946
development_oof,x10,10,quantum_angle_product,124,5,5,0,0,-2.4532462285846304
development_oof,x10,10,quantum_angle_product,130,171,5,0,0,-1.4678352690755299
development_oof,x10,10,quantum_angle_product,133,432,5,1,1,1.771112698225834
development_oof,x10,10,quantum_angle_product,140,40,5,0,0,-0.6190771224426158
development_oof,x10,10,quantum_angle_product,144,41,5,0,1,0.536934565393706
development_oof,x10,10,quantum_angle_product,151,14,5,1,0,-0.04191484822679792
development_oof,x10,10,quantum_angle_product,152,429,5,0,0,-1.6624290124809926
development_oof,x10,10,quantum_angle_product,153,41,5,0,1,0.9828107000502707
development_oof,x10,10,quantum_angle_product,155,41,5,0,0,-0.138983553862276
development_oof,x10,10,quantum_angle_product,158,428,5,0,0,-1.2190880916841054
development_oof,x10,10,quantum_angle_product,171,41,5,1,1,1.0302143943122712
development_oof,x10,10,quantum_angle_product,177,40,5,1,1,0.2515212554196914
development_oof,x10,10,quantum_angle_product,202,421,5,0,0,-2.135883375671979
development_oof,x10,10,quantum_angle_product,205,41,5,0,1,0.5612393723071502
development_oof,x10,10,quantum_angle_product,230,121,5,1,1,1.0393506204030554
development_oof,x10,10,quantum_angle_product,232,6,5,0,0,-1.938509450999236
development_oof,x10,10,quantum_angle_product,234,29,5,1,1,1.1897373385509322
development_oof,x10,10,quantum_angle_product,238,415,5,0,0,-1.6779002722169158
development_oof,x10,10,quantum_angle_product,254,411,5,1,0,-0.3609221743256887
development_oof,x10,10,quantum_angle_product,263,120,5,1,1,2.3092676713949114
development_oof,x10,10,quantum_angle_product,265,75,5,0,1,0.6573302414367143
development_oof,x10,10,quantum_angle_product,274,29,5,1,1,0.5365356808930305
development_oof,x10,10,quantum_angle_product,280,14,5,1,1,0.5029612778646569
development_oof,x10,10,quantum_angle_product,289,6,5,0,0,-1.2440164522108437
development_oof,x10,10,quantum_angle_product,292,14,5,1,1,0.1864805324527108
development_oof,x10,10,quantum_angle_product,293,39,5,1,0,-0.8303091123280235
development_oof,x10,10,quantum_angle_product,295,14,5,1,1,0.5122953523565031
development_oof,x10,10,quantum_angle_product,299,29,5,1,1,2.122060298629589
development_oof,x10,10,quantum_angle_product,310,401,5,0,0,-0.4510746349485426
development_oof,x10,10,quantum_angle_product,319,163,5,0,0,-0.05850819829885101
development_oof,x10,10,quantum_angle_product,329,29,5,1,1,1.3132088637646624
development_oof,x10,10,quantum_angle_product,340,393,5,0,0,-1.6632577384007896
development_oof,x10,10,quantum_angle_product,354,391,5,1,0,-0.18791967333133613
development_oof,x10,10,quantum_angle_product,357,37,5,1,1,2.0574137609809386
development_oof,x10,10,quantum_angle_product,360,162,5,0,1,0.7597832950809341
development_oof,x10,10,quantum_angle_product,374,14,5,1,1,0.43192296965621113
development_oof,x10,10,quantum_angle_product,375,14,5,1,1,0.10115262992739915
development_oof,x10,10,quantum_angle_product,389,382,5,0,0,-1.297418302237495
development_oof,x10,10,quantum_angle_product,391,5,5,0,1,0.3829755418449613
development_oof,x10,10,quantum_angle_product,398,99,5,1,1,1.3832004693921642
development_oof,x10,10,quantum_angle_product,411,6,5,0,0,-2.1063711191229055
development_oof,x10,10,quantum_angle_product,420,5,5,1,0,-1.2842535661733128
development_oof,x10,10,quantum_angle_product,427,6,5,0,0,-1.0299978808578967
development_oof,x10,10,quantum_angle_product,435,374,5,0,0,-1.6810247135963032
development_oof,x10,10,quantum_angle_product,443,372,5,0,0,-1.3685992674701304
development_oof,x10,10,quantum_angle_product,457,14,5,1,0,-0.14160431447540983
development_oof,x10,10,quantum_angle_product,460,5,5,0,0,-0.9177633937354973
development_oof,x10,10,quantum_angle_product,467,6,5,0,0,-0.16732761128014279
development_oof,x10,10,quantum_angle_product,475,5,5,0,0,-2.0555195484535695
development_oof,x10,10,quantum_angle_product,478,6,5,0,0,-1.5377056368045756
development_oof,x10,10,quantum_angle_product,479,368,5,0,1,0.645984965178141
development_oof,x10,10,quantum_angle_product,485,5,5,0,1,0.9824884571265037
development_oof,x10,10,quantum_angle_product,488,26,5,1,0,-0.39996724446863896
development_oof,x10,10,quantum_angle_product,504,5,5,0,1,0.5926657936487697
development_oof,x10,10,quantum_angle_product,518,5,5,0,0,-0.5195338678525186
development_oof,x10,10,quantum_angle_product,521,26,5,0,0,-0.6906953096202285
development_oof,x10,10,quantum_angle_product,531,6,5,0,0,-1.7331406150951114
development_oof,x10,10,quantum_angle_product,532,26,5,0,0,-0.4419850687867085
development_oof,x10,10,quantum_angle_product,541,113,5,0,0,-1.666766591959918
development_oof,x10,10,quantum_angle_product,549,355,5,0,0,-1.6182462211473316
development_oof,x10,10,quantum_angle_product,552,6,5,0,0,-1.550801876330235
development_oof,x10,10,quantum_angle_product,555,352,5,1,1,1.6704733587917668
development_oof,x10,10,quantum_angle_product,556,13,5,0,0,-0.3962778323141761
development_oof,x10,10,quantum_angle_product,559,351,5,0,0,-0.5244488412861494
development_oof,x10,10,quantum_angle_product,567,13,5,0,0,-0.14957054756054938
development_oof,x10,10,quantum_angle_product,569,5,5,0,0,-2.2049697547484373
development_oof,x10,10,quantum_angle_product,578,26,5,0,0,-0.7696030190166869
development_oof,x10,10,quantum_angle_product,590,152,5,0,0,-1.2105800920592373
development_oof,x10,10,quantum_angle_product,603,40,5,1,0,-0.04305034031080701
development_oof,x10,10,quantum_angle_product,613,85,5,0,0,-0.34835868510536794
development_oof,x10,10,quantum_angle_product,640,146,5,0,0,-2.3375950938369785
development_oof,x10,10,quantum_angle_product,645,146,5,0,0,-2.1758672314756344
development_oof,x10,10,quantum_angle_product,673,320,5,0,0,-1.3510299962993133
development_oof,x10,10,quantum_angle_product,679,6,5,0,0,-1.1120633576730161
development_oof,x10,10,quantum_angle_product,688,143,5,0,0,-1.7785640503627387
development_oof,x10,10,quantum_angle_product,710,75,5,1,0,-1.4810178578241708
development_oof,x10,10,quantum_angle_product,712,5,5,0,1,0.37442120960231773
development_oof,x10,10,quantum_angle_product,713,139,5,0,0,-1.6407213650336643
development_oof,x10,10,quantum_angle_product,721,139,5,1,0,-2.0474792509717763
development_oof,x10,10,quantum_angle_product,727,32,5,0,1,1.2943811279730912
development_oof,x10,10,quantum_angle_product,735,132,5,0,0,-0.0023582434617188675
development_oof,x10,10,quantum_angle_product,736,137,5,0,1,0.07889331162130786
development_oof,x10,10,quantum_angle_product,737,85,5,1,0,-1.5590070376311433
development_oof,x10,10,quantum_angle_product,743,13,5,0,0,-1.3475558483924637
development_oof,x10,10,quantum_angle_product,753,85,5,0,0,-2.020092497113337
development_oof,x10,10,quantum_angle_product,766,130,5,0,0,-1.1457125379021629
development_oof,x10,10,quantum_angle_product,800,132,5,0,0,-0.8887784942282522
development_oof,x10,10,quantum_angle_product,807,288,5,0,0,-0.9046827892478881
development_oof,x10,10,quantum_angle_product,819,130,5,1,0,-1.160198434289482
development_oof,x10,10,quantum_angle_product,853,272,5,0,0,-0.7234785363197819
development_oof,x10,10,quantum_angle_product,860,266,5,0,0,-0.5025549901205832
development_oof,x10,10,quantum_angle_product,866,262,5,0,1,1.2842207855832042
development_oof,x10,10,quantum_angle_product,892,26,5,0,0,-0.8683050243986175
development_oof,x10,10,quantum_angle_product,894,252,5,1,0,-0.23782464693839805
development_oof,x10,10,quantum_angle_product,900,249,5,0,1,0.5113510353603888
development_oof,x10,10,quantum_angle_product,903,248,5,0,0,-1.0793932737545078
development_oof,x10,10,quantum_angle_product,913,121,5,1,0,-0.008206344014708544
development_oof,x10,10,quantum_angle_product,924,239,5,0,0,-0.2660432342760548
development_oof,x10,10,quantum_angle_product,928,236,5,1,1,2.0733139674188186
development_oof,x10,10,quantum_angle_product,946,120,5,1,1,2.6154615515738304
development_oof,x10,10,quantum_angle_product,957,221,5,0,0,-0.5805231624019533
development_oof,x10,10,quantum_angle_product,963,217,5,0,0,-2.1207028179586542
development_oof,x10,10,quantum_angle_product,973,210,5,0,0,-1.906740952630142
development_oof,x10,10,quantum_angle_product,986,113,5,0,0,-1.6321123257686052
development_oof,x10,10,quantum_angle_product,997,6,5,0,0,-0.49126636471944596
development_oof,x10,10,quantum_angle_product,999,5,5,0,1,0.4956346289942214
development_oof,x10,10,quantum_angle_product,1005,196,5,0,0,-0.9983277260334269
development_oof,x10,10,quantum_angle_product,1017,189,5,0,0,-0.6828860515420141
development_oof,x10,10,quantum_angle_product,1023,187,5,0,1,0.9087376534465589
development_oof,x10,10,quantum_iqp_zz_linear,3,108,5,0,0,-0.5260118882196769
development_oof,x10,10,quantum_iqp_zz_linear,9,29,5,1,1,2.019827638793104
development_oof,x10,10,quantum_iqp_zz_linear,22,456,5,0,0,-0.29272392566505956
development_oof,x10,10,quantum_iqp_zz_linear,29,453,5,0,0,-0.7565848383551553
development_oof,x10,10,quantum_iqp_zz_linear,35,108,5,0,0,-0.6408000913911536
development_oof,x10,10,quantum_iqp_zz_linear,41,451,5,0,0,-0.43806931548977834
development_oof,x10,10,quantum_iqp_zz_linear,43,6,5,0,0,-1.6669763917058786
development_oof,x10,10,quantum_iqp_zz_linear,50,40,5,1,1,1.891669283465908
development_oof,x10,10,quantum_iqp_zz_linear,51,75,5,1,0,-1.0577692072530327
development_oof,x10,10,quantum_iqp_zz_linear,69,444,5,0,0,-0.48987526332166725
development_oof,x10,10,quantum_iqp_zz_linear,75,108,5,0,0,-0.3799485532907902
development_oof,x10,10,quantum_iqp_zz_linear,81,441,5,0,0,-0.6483858472437175
development_oof,x10,10,quantum_iqp_zz_linear,103,14,5,1,1,0.131338285676927
development_oof,x10,10,quantum_iqp_zz_linear,110,41,5,0,0,-0.9892414373737797
development_oof,x10,10,quantum_iqp_zz_linear,121,14,5,1,1,0.46815587382216145
development_oof,x10,10,quantum_iqp_zz_linear,124,5,5,0,0,-2.4056163766635934
development_oof,x10,10,quantum_iqp_zz_linear,130,171,5,0,0,-1.321956362288037
development_oof,x10,10,quantum_iqp_zz_linear,133,432,5,1,1,1.9218464405231095
development_oof,x10,10,quantum_iqp_zz_linear,140,40,5,0,0,-0.8417442790558183
development_oof,x10,10,quantum_iqp_zz_linear,144,41,5,0,1,0.6136675277426513
development_oof,x10,10,quantum_iqp_zz_linear,151,14,5,1,0,-0.026793651765781468
development_oof,x10,10,quantum_iqp_zz_linear,152,429,5,0,0,-2.0464736906580083
development_oof,x10,10,quantum_iqp_zz_linear,153,41,5,0,1,1.059336500508072
development_oof,x10,10,quantum_iqp_zz_linear,155,41,5,0,1,0.049231305480434584
development_oof,x10,10,quantum_iqp_zz_linear,158,428,5,0,0,-1.2824931156680226
development_oof,x10,10,quantum_iqp_zz_linear,171,41,5,1,1,1.2685434064871082
development_oof,x10,10,quantum_iqp_zz_linear,177,40,5,1,0,-0.041002508359043566
development_oof,x10,10,quantum_iqp_zz_linear,202,421,5,0,0,-2.0651014407045847
development_oof,x10,10,quantum_iqp_zz_linear,205,41,5,0,1,0.6849885757103804
development_oof,x10,10,quantum_iqp_zz_linear,230,121,5,1,1,0.6876031073772175
development_oof,x10,10,quantum_iqp_zz_linear,232,6,5,0,0,-1.9227469704056952
development_oof,x10,10,quantum_iqp_zz_linear,234,29,5,1,1,1.0480430442371091
development_oof,x10,10,quantum_iqp_zz_linear,238,415,5,0,0,-1.8679158991787814
development_oof,x10,10,quantum_iqp_zz_linear,254,411,5,1,0,-0.2363354071488687
development_oof,x10,10,quantum_iqp_zz_linear,263,120,5,1,1,2.3247764945241385
development_oof,x10,10,quantum_iqp_zz_linear,265,75,5,0,1,0.6341637529262423
development_oof,x10,10,quantum_iqp_zz_linear,274,29,5,1,1,0.40446158957422446
development_oof,x10,10,quantum_iqp_zz_linear,280,14,5,1,1,0.5601891969955586
development_oof,x10,10,quantum_iqp_zz_linear,289,6,5,0,0,-1.1952497724871278
development_oof,x10,10,quantum_iqp_zz_linear,292,14,5,1,1,0.18270018377250158
development_oof,x10,10,quantum_iqp_zz_linear,293,39,5,1,0,-0.7979638983850147
development_oof,x10,10,quantum_iqp_zz_linear,295,14,5,1,1,0.5557653517841303
development_oof,x10,10,quantum_iqp_zz_linear,299,29,5,1,1,2.142274217376046
development_oof,x10,10,quantum_iqp_zz_linear,310,401,5,0,0,-0.42685801913699917
development_oof,x10,10,quantum_iqp_zz_linear,319,163,5,0,1,0.051578723980727326
development_oof,x10,10,quantum_iqp_zz_linear,329,29,5,1,1,1.3376710496989257
development_oof,x10,10,quantum_iqp_zz_linear,340,393,5,0,0,-1.62804679439946
development_oof,x10,10,quantum_iqp_zz_linear,354,391,5,1,0,-0.2065199360621645
development_oof,x10,10,quantum_iqp_zz_linear,357,37,5,1,1,2.16882545856765
development_oof,x10,10,quantum_iqp_zz_linear,360,162,5,0,1,0.7323642854621562
development_oof,x10,10,quantum_iqp_zz_linear,374,14,5,1,1,0.4504435409516006
development_oof,x10,10,quantum_iqp_zz_linear,375,14,5,1,1,0.0934718686056068
development_oof,x10,10,quantum_iqp_zz_linear,389,382,5,0,0,-1.2747398719805052
development_oof,x10,10,quantum_iqp_zz_linear,391,5,5,0,1,0.7187087286503675
development_oof,x10,10,quantum_iqp_zz_linear,398,99,5,1,1,1.4492174464664125
development_oof,x10,10,quantum_iqp_zz_linear,411,6,5,0,0,-2.1055913205326364
development_oof,x10,10,quantum_iqp_zz_linear,420,5,5,1,0,-1.1767697578970888
development_oof,x10,10,quantum_iqp_zz_linear,427,6,5,0,0,-0.9389302235861514
development_oof,x10,10,quantum_iqp_zz_linear,435,374,5,0,0,-1.5596733404088519
development_oof,x10,10,quantum_iqp_zz_linear,443,372,5,0,0,-1.2778130349343966
development_oof,x10,10,quantum_iqp_zz_linear,457,14,5,1,0,-0.11642825352113606
development_oof,x10,10,quantum_iqp_zz_linear,460,5,5,0,0,-0.7818651966224535
development_oof,x10,10,quantum_iqp_zz_linear,467,6,5,0,0,-0.15009202625509088
development_oof,x10,10,quantum_iqp_zz_linear,475,5,5,0,0,-2.0509102840318043
development_oof,x10,10,quantum_iqp_zz_linear,478,6,5,0,0,-1.4759461155500633
development_oof,x10,10,quantum_iqp_zz_linear,479,368,5,0,1,0.6673238974519338
development_oof,x10,10,quantum_iqp_zz_linear,485,5,5,0,1,0.9517739638903029
development_oof,x10,10,quantum_iqp_zz_linear,488,26,5,1,0,-0.4466386757900487
development_oof,x10,10,quantum_iqp_zz_linear,504,5,5,0,1,0.5526730591628719
development_oof,x10,10,quantum_iqp_zz_linear,518,5,5,0,0,-0.6140112311496235
development_oof,x10,10,quantum_iqp_zz_linear,521,26,5,0,0,-0.6520847287176726
development_oof,x10,10,quantum_iqp_zz_linear,531,6,5,0,0,-1.6861571199122007
development_oof,x10,10,quantum_iqp_zz_linear,532,26,5,0,0,-0.41590472491662983
development_oof,x10,10,quantum_iqp_zz_linear,541,113,5,0,0,-1.6846072351479324
development_oof,x10,10,quantum_iqp_zz_linear,549,355,5,0,0,-1.6401118576878502
development_oof,x10,10,quantum_iqp_zz_linear,552,6,5,0,0,-1.4661958427636614
development_oof,x10,10,quantum_iqp_zz_linear,555,352,5,1,1,1.8302678080846206
development_oof,x10,10,quantum_iqp_zz_linear,556,13,5,0,0,-0.5293658681622588
development_oof,x10,10,quantum_iqp_zz_linear,559,351,5,0,0,-0.5116254269194042
development_oof,x10,10,quantum_iqp_zz_linear,567,13,5,0,0,-0.20448715949569635
development_oof,x10,10,quantum_iqp_zz_linear,569,5,5,0,0,-2.1122294712520513
development_oof,x10,10,quantum_iqp_zz_linear,578,26,5,0,0,-0.7323629166496995
development_oof,x10,10,quantum_iqp_zz_linear,590,152,5,0,0,-0.9215871040610495
development_oof,x10,10,quantum_iqp_zz_linear,603,40,5,1,0,-0.3445018677783297
development_oof,x10,10,quantum_iqp_zz_linear,613,85,5,0,0,-0.5742606452622
development_oof,x10,10,quantum_iqp_zz_linear,640,146,5,0,0,-2.329232526180771
development_oof,x10,10,quantum_iqp_zz_linear,645,146,5,0,0,-2.033125697032824
development_oof,x10,10,quantum_iqp_zz_linear,673,320,5,0,0,-1.363661683646005
development_oof,x10,10,quantum_iqp_zz_linear,679,6,5,0,0,-1.103657419265776
development_oof,x10,10,quantum_iqp_zz_linear,688,143,5,0,0,-1.776021793308215
development_oof,x10,10,quantum_iqp_zz_linear,710,75,5,1,0,-1.4077795789148506
development_oof,x10,10,quantum_iqp_zz_linear,712,5,5,0,1,0.7129813178871718
development_oof,x10,10,quantum_iqp_zz_linear,713,139,5,0,0,-1.6236189867658357
development_oof,x10,10,quantum_iqp_zz_linear,721,139,5,1,0,-2.0108683655224877
development_oof,x10,10,quantum_iqp_zz_linear,727,32,5,0,1,1.1966725515612622
development_oof,x10,10,quantum_iqp_zz_linear,735,132,5,0,1,0.051217758653818446
development_oof,x10,10,quantum_iqp_zz_linear,736,137,5,0,0,-0.02937961951269613
development_oof,x10,10,quantum_iqp_zz_linear,737,85,5,1,0,-1.3969844687410593
development_oof,x10,10,quantum_iqp_zz_linear,743,13,5,0,0,-1.129455928320251
development_oof,x10,10,quantum_iqp_zz_linear,753,85,5,0,0,-1.8772824477252836
development_oof,x10,10,quantum_iqp_zz_linear,766,130,5,0,0,-1.0684728547991946
development_oof,x10,10,quantum_iqp_zz_linear,800,132,5,0,0,-0.8450620618152798
development_oof,x10,10,quantum_iqp_zz_linear,807,288,5,0,0,-0.8726271201812577
development_oof,x10,10,quantum_iqp_zz_linear,819,130,5,1,0,-1.0018641377929025
development_oof,x10,10,quantum_iqp_zz_linear,853,272,5,0,0,-0.5614637536131121
development_oof,x10,10,quantum_iqp_zz_linear,860,266,5,0,0,-0.7820207786488906
development_oof,x10,10,quantum_iqp_zz_linear,866,262,5,0,1,1.2914432144426637
development_oof,x10,10,quantum_iqp_zz_linear,892,26,5,0,0,-0.8178439169436751
development_oof,x10,10,quantum_iqp_zz_linear,894,252,5,1,0,-0.3326886252021911
development_oof,x10,10,quantum_iqp_zz_linear,900,249,5,0,1,0.633441075766533
development_oof,x10,10,quantum_iqp_zz_linear,903,248,5,0,0,-1.1220567453396801
development_oof,x10,10,quantum_iqp_zz_linear,913,121,5,1,0,-1.0271987679932364
development_oof,x10,10,quantum_iqp_zz_linear,924,239,5,0,0,-0.16784904008729973
development_oof,x10,10,quantum_iqp_zz_linear,928,236,5,1,1,1.9116134646520977
development_oof,x10,10,quantum_iqp_zz_linear,946,120,5,1,1,2.6116025797519193
development_oof,x10,10,quantum_iqp_zz_linear,957,221,5,0,0,-0.8755718395872008
development_oof,x10,10,quantum_iqp_zz_linear,963,217,5,0,0,-2.0228950851435976
development_oof,x10,10,quantum_iqp_zz_linear,973,210,5,0,0,-1.8199416736518756
development_oof,x10,10,quantum_iqp_zz_linear,986,113,5,0,0,-1.5532408170780678
development_oof,x10,10,quantum_iqp_zz_linear,997,6,5,0,0,-0.4910729935269246
development_oof,x10,10,quantum_iqp_zz_linear,999,5,5,0,1,0.8755255513238827
development_oof,x10,10,quantum_iqp_zz_linear,1005,196,5,0,0,-0.9072052400728308
development_oof,x10,10,quantum_iqp_zz_linear,1017,189,5,0,0,-0.7181460088016924
development_oof,x10,10,quantum_iqp_zz_linear,1023,187,5,0,1,0.6831672806834808
