evaluation_status,representation,n_features,model,ID,BUTINA_CLUSTER_ID,outer_fold,y_true,y_pred,y_score
development_oof,x10,10,rbf_matched,3,108,1,0,0,-1.1731447587708397
development_oof,x10,10,rbf_matched,13,109,1,1,1,1.4873242785283454
development_oof,x10,10,rbf_matched,22,456,1,0,0,-0.21219919551903477
development_oof,x10,10,rbf_matched,24,455,1,0,0,-0.6389459421047521
development_oof,x10,10,rbf_matched,25,12,1,1,0,-1.1072012433840337
development_oof,x10,10,rbf_matched,35,108,1,0,0,-1.222481907006812
development_oof,x10,10,rbf_matched,43,6,1,0,0,-1.0728972264617633
development_oof,x10,10,rbf_matched,53,447,1,0,0,-0.9133862106140134
development_oof,x10,10,rbf_matched,65,168,1,1,1,1.2688200270416852
development_oof,x10,10,rbf_matched,68,445,1,1,0,-1.0528479158776607
development_oof,x10,10,rbf_matched,70,166,1,0,0,-1.0798340737117327
development_oof,x10,10,rbf_matched,72,12,1,1,0,-1.1203022948228094
development_oof,x10,10,rbf_matched,75,108,1,0,0,-1.1721511298368865
development_oof,x10,10,rbf_matched,88,12,1,0,0,-1.1619373764585061
development_oof,x10,10,rbf_matched,89,6,1,0,0,-1.0942722609123914
development_oof,x10,10,rbf_matched,110,41,1,0,0,-0.6460255932062084
development_oof,x10,10,rbf_matched,129,58,1,1,1,1.4573784327465278
development_oof,x10,10,rbf_matched,133,432,1,1,1,1.0196975399144597
development_oof,x10,10,rbf_matched,144,41,1,0,0,-0.6793908979298999
development_oof,x10,10,rbf_matched,153,41,1,0,0,-0.37136739931184426
development_oof,x10,10,rbf_matched,155,41,1,0,0,-0.8464087728610759
development_oof,x10,10,rbf_matched,168,424,1,0,0,-1.0540785156113612
development_oof,x10,10,rbf_matched,171,41,1,1,0,-0.5516292750869551
development_oof,x10,10,rbf_matched,197,168,1,1,1,1.2806799862499192
development_oof,x10,10,rbf_matched,205,41,1,0,0,-0.6242181500940562
development_oof,x10,10,rbf_matched,209,420,1,1,1,1.063591123885078
development_oof,x10,10,rbf_matched,232,6,1,0,0,-1.124859186537301
development_oof,x10,10,rbf_matched,237,117,1,0,0,-0.8759372079096002
development_oof,x10,10,rbf_matched,243,414,1,0,0,-0.9327271087652678
development_oof,x10,10,rbf_matched,250,166,1,0,0,-0.8575295022108067
development_oof,x10,10,rbf_matched,270,12,1,1,0,-1.1008438796971225
development_oof,x10,10,rbf_matched,272,19,1,0,0,-1.1808728790626644
development_oof,x10,10,rbf_matched,282,406,1,1,1,1.0586133368147257
development_oof,x10,10,rbf_matched,289,6,1,0,0,-1.0081787115054395
development_oof,x10,10,rbf_matched,303,12,1,1,0,-1.022871002482538
development_oof,x10,10,rbf_matched,305,402,1,0,0,-0.9441843684960842
development_oof,x10,10,rbf_matched,306,101,1,1,0,-1.0643585931884862
development_oof,x10,10,rbf_matched,307,12,1,1,0,-1.1889961646593425
development_oof,x10,10,rbf_matched,314,398,1,0,0,-0.9974260888061943
development_oof,x10,10,rbf_matched,318,127,1,1,0,-1.4092474333907665
development_oof,x10,10,rbf_matched,328,395,1,1,0,-0.7294519965554231
development_oof,x10,10,rbf_matched,345,73,1,0,1,0.8155745275174331
development_oof,x10,10,rbf_matched,346,12,1,1,0,-1.0742027856995753
development_oof,x10,10,rbf_matched,350,12,1,0,0,-0.7014473386702642
development_oof,x10,10,rbf_matched,362,36,1,0,0,-1.0620629014599805
development_oof,x10,10,rbf_matched,366,79,1,1,0,-0.8201188036437665
development_oof,x10,10,rbf_matched,367,79,1,1,0,-0.5195349398795477
development_oof,x10,10,rbf_matched,368,387,1,0,0,-0.6832463883974329
development_oof,x10,10,rbf_matched,383,12,1,1,0,-1.0087803361887273
development_oof,x10,10,rbf_matched,390,381,1,0,0,-1.3299177835858371
development_oof,x10,10,rbf_matched,411,6,1,0,0,-1.1243242783313425
development_oof,x10,10,rbf_matched,415,12,1,1,0,-1.068050786049647
development_oof,x10,10,rbf_matched,418,6,1,0,0,-0.9466841370596191
development_oof,x10,10,rbf_matched,427,6,1,0,0,-1.088419179308688
development_oof,x10,10,rbf_matched,432,375,1,0,0,-0.36649833592970626
development_oof,x10,10,rbf_matched,433,58,1,1,1,0.5649432156781478
development_oof,x10,10,rbf_matched,445,95,1,0,0,-1.2143719150176286
development_oof,x10,10,rbf_matched,452,73,1,1,1,0.8581091870633637
development_oof,x10,10,rbf_matched,467,6,1,0,0,-0.8195911502236735
development_oof,x10,10,rbf_matched,476,95,1,0,0,-1.0815070046302013
development_oof,x10,10,rbf_matched,478,6,1,0,0,-1.167228531883409
development_oof,x10,10,rbf_matched,488,26,1,1,0,-1.0235763908545659
development_oof,x10,10,rbf_matched,507,26,1,0,0,-1.10255260576153
development_oof,x10,10,rbf_matched,509,362,1,0,0,-0.7728523941919159
development_oof,x10,10,rbf_matched,512,361,1,0,0,-0.8035554556688824
development_oof,x10,10,rbf_matched,521,26,1,0,0,-1.088359134887912
development_oof,x10,10,rbf_matched,530,358,1,1,0,-0.5948295673377997
development_oof,x10,10,rbf_matched,531,6,1,0,0,-1.01079454751551
development_oof,x10,10,rbf_matched,532,26,1,0,0,-0.9810903075496542
development_oof,x10,10,rbf_matched,534,26,1,0,0,-1.135004186160633
development_oof,x10,10,rbf_matched,552,6,1,0,0,-1.2257531513512943
development_oof,x10,10,rbf_matched,564,47,1,1,0,-1.2980663451779337
development_oof,x10,10,rbf_matched,573,350,1,0,1,0.3567483297704781
development_oof,x10,10,rbf_matched,576,349,1,0,0,-0.7374510472625344
development_oof,x10,10,rbf_matched,578,26,1,0,0,-1.097290682847066
development_oof,x10,10,rbf_matched,590,152,1,0,0,-1.5443875244424623
development_oof,x10,10,rbf_matched,591,343,1,0,1,0.2756915301687153
development_oof,x10,10,rbf_matched,630,67,1,0,0,-0.6698156237870352
development_oof,x10,10,rbf_matched,637,47,1,1,0,-1.3688030860315132
development_oof,x10,10,rbf_matched,639,332,1,0,1,0.11544407353252861
development_oof,x10,10,rbf_matched,642,331,1,0,0,-0.3324574840537098
development_oof,x10,10,rbf_matched,644,47,1,1,0,-1.3374222602230459
development_oof,x10,10,rbf_matched,650,88,1,0,0,-0.5918345374753118
development_oof,x10,10,rbf_matched,651,67,1,0,0,-1.0527118566030245
development_oof,x10,10,rbf_matched,654,327,1,0,0,-0.4394813315256032
development_oof,x10,10,rbf_matched,673,320,1,0,0,-1.0374555270363723
development_oof,x10,10,rbf_matched,676,6,1,0,0,-0.9952721943455218
development_oof,x10,10,rbf_matched,679,6,1,0,0,-0.9922881713096716
development_oof,x10,10,rbf_matched,680,145,1,0,1,0.16838506808898313
development_oof,x10,10,rbf_matched,695,47,1,1,0,-1.408083557659375
development_oof,x10,10,rbf_matched,708,310,1,0,1,1.1752859236163262
development_oof,x10,10,rbf_matched,709,88,1,0,0,-0.8483859645519152
development_oof,x10,10,rbf_matched,713,139,1,0,0,-1.2179432989096464
development_oof,x10,10,rbf_matched,721,139,1,1,0,-1.2495432149822117
development_oof,x10,10,rbf_matched,722,307,1,0,0,-0.7229150368817097
development_oof,x10,10,rbf_matched,727,32,1,0,1,0.08744770252620082
development_oof,x10,10,rbf_matched,734,12,1,1,0,-0.935141428470339
development_oof,x10,10,rbf_matched,748,64,1,0,1,0.8569563388268326
development_oof,x10,10,rbf_matched,763,301,1,0,0,-0.9009574322090907
development_oof,x10,10,rbf_matched,771,43,1,0,0,-0.17270407563315882
development_oof,x10,10,rbf_matched,773,58,1,1,1,1.4440185267834709
development_oof,x10,10,rbf_matched,775,134,1,0,1,1.2269667566540372
development_oof,x10,10,rbf_matched,779,43,1,0,1,0.6206577520290795
development_oof,x10,10,rbf_matched,782,43,1,0,0,-0.1159464531907135
development_oof,x10,10,rbf_matched,783,296,1,0,0,-0.10681936393030522
development_oof,x10,10,rbf_matched,784,43,1,1,0,-0.6623835124455111
development_oof,x10,10,rbf_matched,788,295,1,1,1,0.029897077495999902
development_oof,x10,10,rbf_matched,795,110,1,1,1,1.3609280665600307
development_oof,x10,10,rbf_matched,797,43,1,0,1,0.23187419344577354
development_oof,x10,10,rbf_matched,812,285,1,0,1,0.5168599594095964
development_oof,x10,10,rbf_matched,814,88,1,0,0,-0.9033179837951257
development_oof,x10,10,rbf_matched,836,279,1,1,0,-0.6511037390570982
development_oof,x10,10,rbf_matched,853,272,1,0,0,-1.0596128660721886
development_oof,x10,10,rbf_matched,868,261,1,0,0,-0.9626227303203612
development_oof,x10,10,rbf_matched,886,255,1,0,0,-1.39015490425595
development_oof,x10,10,rbf_matched,889,127,1,0,0,-1.2448360612363705
development_oof,x10,10,rbf_matched,892,26,1,0,0,-1.1377700439232195
development_oof,x10,10,rbf_matched,903,248,1,0,0,-1.2224165492230776
development_oof,x10,10,rbf_matched,909,245,1,0,0,-1.0000928670067983
development_oof,x10,10,rbf_matched,912,19,1,0,0,-1.1413127549276707
development_oof,x10,10,rbf_matched,924,239,1,0,0,-1.162119493694548
development_oof,x10,10,rbf_matched,929,67,1,0,0,-0.36668603184545834
development_oof,x10,10,rbf_matched,937,230,1,0,0,-0.9623599960960396
development_oof,x10,10,rbf_matched,938,79,1,0,0,-0.8295931011715831
development_oof,x10,10,rbf_matched,944,58,1,1,1,0.41148615836996694
development_oof,x10,10,rbf_matched,956,222,1,0,1,1.048134291382346
development_oof,x10,10,rbf_matched,959,117,1,0,0,-0.9228027762234676
development_oof,x10,10,rbf_matched,961,219,1,0,0,-0.6997155768488073
development_oof,x10,10,rbf_matched,970,213,1,0,0,-0.8676336097398858
development_oof,x10,10,rbf_matched,983,205,1,1,0,-0.713763974207505
development_oof,x10,10,rbf_matched,989,47,1,0,0,-0.902907671912355
development_oof,x10,10,rbf_matched,992,200,1,0,0,-0.7221274439010523
development_oof,x10,10,rbf_matched,997,6,1,0,0,-0.5449796783386338
development_oof,x10,10,rbf_matched,1007,195,1,0,0,-0.49065798002995376
development_oof,x10,10,rbf_matched,1011,110,1,1,1,1.40764051939684
development_oof,x10,10,rbf_matched,1023,187,1,0,1,0.666650973845063
development_oof,x10,10,rbf_matched,1034,178,1,0,0,-1.0993347077220426
development_oof,x10,10,quantum_angle_product,3,108,1,0,0,-1.3133542541984813
development_oof,x10,10,quantum_angle_product,13,109,1,1,1,1.7510927102507363
development_oof,x10,10,quantum_angle_product,22,456,1,0,0,-0.095303908952582
development_oof,x10,10,quantum_angle_product,24,455,1,0,0,-0.6262062110933133
development_oof,x10,10,quantum_angle_product,25,12,1,1,0,-1.1512198231932818
development_oof,x10,10,quantum_angle_product,35,108,1,0,0,-1.3140750673332438
development_oof,x10,10,quantum_angle_product,43,6,1,0,0,-1.0815073949377112
development_oof,x10,10,quantum_angle_product,53,447,1,0,0,-0.9268146620147153
development_oof,x10,10,quantum_angle_product,65,168,1,1,1,1.4672960913827975
development_oof,x10,10,quantum_angle_product,68,445,1,1,0,-1.029772231762161
development_oof,x10,10,quantum_angle_product,70,166,1,0,0,-1.3272560772342903
development_oof,x10,10,quantum_angle_product,72,12,1,1,0,-1.2015388811308245
development_oof,x10,10,quantum_angle_product,75,108,1,0,0,-1.1646719932136538
development_oof,x10,10,quantum_angle_product,88,12,1,0,0,-1.2304166437361577
development_oof,x10,10,quantum_angle_product,89,6,1,0,0,-1.1452539548094425
development_oof,x10,10,quantum_angle_product,110,41,1,0,0,-0.676899372272624
development_oof,x10,10,quantum_angle_product,129,58,1,1,1,1.8681028736196819
development_oof,x10,10,quantum_angle_product,133,432,1,1,1,0.929450874307781
development_oof,x10,10,quantum_angle_product,144,41,1,0,0,-0.5558132627048966
development_oof,x10,10,quantum_angle_product,153,41,1,0,0,-0.21444889888439356
development_oof,x10,10,quantum_angle_product,155,41,1,0,0,-0.8744578207006786
development_oof,x10,10,quantum_angle_product,168,424,1,0,0,-1.0420911977840266
development_oof,x10,10,quantum_angle_product,171,41,1,1,0,-0.5220597155681279
development_oof,x10,10,quantum_angle_product,197,168,1,1,1,1.364029699250926
development_oof,x10,10,quantum_angle_product,205,41,1,0,0,-0.5428690660565056
development_oof,x10,10,quantum_angle_product,209,420,1,1,1,1.0794994765879036
development_oof,x10,10,quantum_angle_product,232,6,1,0,0,-1.1791152415744879
development_oof,x10,10,quantum_angle_product,237,117,1,0,0,-0.8381156927091187
development_oof,x10,10,quantum_angle_product,243,414,1,0,0,-0.8882736342868274
development_oof,x10,10,quantum_angle_product,250,166,1,0,0,-1.2103532379810193
development_oof,x10,10,quantum_angle_product,270,12,1,1,0,-1.1441488571521123
development_oof,x10,10,quantum_angle_product,272,19,1,0,0,-1.2090253659157444
development_oof,x10,10,quantum_angle_product,282,406,1,1,1,1.0773564745412383
development_oof,x10,10,quantum_angle_product,289,6,1,0,0,-1.1089745840428353
development_oof,x10,10,quantum_angle_product,303,12,1,1,0,-1.0058664367283487
development_oof,x10,10,quantum_angle_product,305,402,1,0,0,-0.8992689550006165
development_oof,x10,10,quantum_angle_product,306,101,1,1,0,-1.1214920250439153
development_oof,x10,10,quantum_angle_product,307,12,1,1,0,-1.2954934275534473
development_oof,x10,10,quantum_angle_product,314,398,1,0,0,-1.039803231141656
development_oof,x10,10,quantum_angle_product,318,127,1,1,0,-2.186691161862223
development_oof,x10,10,quantum_angle_product,328,395,1,1,0,-0.60667471527122
development_oof,x10,10,quantum_angle_product,345,73,1,0,1,0.739433353221818
development_oof,x10,10,quantum_angle_product,346,12,1,1,0,-1.1432541562606904
development_oof,x10,10,quantum_angle_product,350,12,1,0,0,-0.7016749081504035
development_oof,x10,10,quantum_angle_product,362,36,1,0,0,-1.064804404117746
development_oof,x10,10,quantum_angle_product,366,79,1,1,0,-0.8380173358026131
development_oof,x10,10,quantum_angle_product,367,79,1,1,0,-0.48965989210597094
development_oof,x10,10,quantum_angle_product,368,387,1,0,0,-0.7257437093841421
development_oof,x10,10,quantum_angle_product,383,12,1,1,0,-0.9919028939148351
development_oof,x10,10,quantum_angle_product,390,381,1,0,0,-1.3585257418055736
development_oof,x10,10,quantum_angle_product,411,6,1,0,0,-1.1684767861472043
development_oof,x10,10,quantum_angle_product,415,12,1,1,0,-1.09746883690317
development_oof,x10,10,quantum_angle_product,418,6,1,0,0,-0.9867795085165145
development_oof,x10,10,quantum_angle_product,427,6,1,0,0,-1.1112397486660601
development_oof,x10,10,quantum_angle_product,432,375,1,0,0,-0.4092077494279014
development_oof,x10,10,quantum_angle_product,433,58,1,1,1,0.8287363104410641
development_oof,x10,10,quantum_angle_product,445,95,1,0,0,-1.2559262294937188
development_oof,x10,10,quantum_angle_product,452,73,1,1,1,0.8410672293966339
development_oof,x10,10,quantum_angle_product,467,6,1,0,0,-0.8561384766144844
development_oof,x10,10,quantum_angle_product,476,95,1,0,0,-1.1266573322069409
development_oof,x10,10,quantum_angle_product,478,6,1,0,0,-1.2150382339321144
development_oof,x10,10,quantum_angle_product,488,26,1,1,0,-1.0006304085723574
development_oof,x10,10,quantum_angle_product,507,26,1,0,0,-1.1205200237272042
development_oof,x10,10,quantum_angle_product,509,362,1,0,0,-0.6757395951526863
development_oof,x10,10,quantum_angle_product,512,361,1,0,0,-0.7290442483971677
development_oof,x10,10,quantum_angle_product,521,26,1,0,0,-1.1174523159837637
development_oof,x10,10,quantum_angle_product,530,358,1,1,0,-0.6608762240609796
development_oof,x10,10,quantum_angle_product,531,6,1,0,0,-1.106730013870214
development_oof,x10,10,quantum_angle_product,532,26,1,0,0,-0.9412745016431305
development_oof,x10,10,quantum_angle_product,534,26,1,0,0,-1.1785583820174796
development_oof,x10,10,quantum_angle_product,552,6,1,0,0,-1.3059137342527212
development_oof,x10,10,quantum_angle_product,564,47,1,1,0,-1.4074697955735989
development_oof,x10,10,quantum_angle_product,573,350,1,0,1,0.5793973390997618
development_oof,x10,10,quantum_angle_product,576,349,1,0,0,-0.489004705206435
development_oof,x10,10,quantum_angle_product,578,26,1,0,0,-1.0834959752598028
development_oof,x10,10,quantum_angle_product,590,152,1,0,0,-1.7993904675562735
development_oof,x10,10,quantum_angle_product,591,343,1,0,1,0.3742174921544912
development_oof,x10,10,quantum_angle_product,630,67,1,0,0,-0.5867755997847102
development_oof,x10,10,quantum_angle_product,637,47,1,1,0,-1.4858820924030969
development_oof,x10,10,quantum_angle_product,639,332,1,0,1,0.20337221690531315
development_oof,x10,10,quantum_angle_product,642,331,1,0,0,-0.38571940745807787
development_oof,x10,10,quantum_angle_product,644,47,1,1,0,-1.350728924284562
development_oof,x10,10,quantum_angle_product,650,88,1,0,0,-0.4763226417631987
development_oof,x10,10,quantum_angle_product,651,67,1,0,0,-1.0788122255995862
development_oof,x10,10,quantum_angle_product,654,327,1,0,0,-0.3844515849716803
development_oof,x10,10,quantum_angle_product,673,320,1,0,0,-1.0788887002070968
development_oof,x10,10,quantum_angle_product,676,6,1,0,0,-1.0438411005494235
development_oof,x10,10,quantum_angle_product,679,6,1,0,0,-0.9212375511404165
development_oof,x10,10,quantum_angle_product,680,145,1,0,1,0.2618643175944779
development_oof,x10,10,quantum_angle_product,695,47,1,1,0,-1.610075411594261
development_oof,x10,10,quantum_angle_product,708,310,1,0,1,1.4477076482347169
development_oof,x10,10,quantum_angle_product,709,88,1,0,0,-0.9003568435839444
development_oof,x10,10,quantum_angle_product,713,139,1,0,0,-1.2744529883920226
development_oof,x10,10,quantum_angle_product,721,139,1,1,0,-1.357186200043083
development_oof,x10,10,quantum_angle_product,722,307,1,0,0,-0.721932248718753
development_oof,x10,10,quantum_angle_product,727,32,1,0,1,0.14799843511088362
development_oof,x10,10,quantum_angle_product,734,12,1,1,0,-0.9708335968156465
development_oof,x10,10,quantum_angle_product,748,64,1,0,1,1.0335235332088413
development_oof,x10,10,quantum_angle_product,763,301,1,0,0,-0.8501686156428381
development_oof,x10,10,quantum_angle_product,771,43,1,0,0,-0.12162086230292779
development_oof,x10,10,quantum_angle_product,773,58,1,1,1,1.7787916119745315
development_oof,x10,10,quantum_angle_product,775,134,1,0,1,1.3138090943462313
development_oof,x10,10,quantum_angle_product,779,43,1,0,1,0.7472791139037778
development_oof,x10,10,quantum_angle_product,782,43,1,0,0,-0.09697827211854282
development_oof,x10,10,quantum_angle_product,783,296,1,0,0,-0.03693794924407179
development_oof,x10,10,quantum_angle_product,784,43,1,1,0,-0.6939983392461446
development_oof,x10,10,quantum_angle_product,788,295,1,1,1,0.06835324788733566
development_oof,x10,10,quantum_angle_product,795,110,1,1,1,1.6821372832643586
development_oof,x10,10,quantum_angle_product,797,43,1,0,1,0.3418878295042642
development_oof,x10,10,quantum_angle_product,812,285,1,0,1,0.841444799585565
development_oof,x10,10,quantum_angle_product,814,88,1,0,0,-0.9803851060458957
development_oof,x10,10,quantum_angle_product,836,279,1,1,0,-0.7328905056315254
development_oof,x10,10,quantum_angle_product,853,272,1,0,0,-1.0168932009512393
development_oof,x10,10,quantum_angle_product,868,261,1,0,0,-0.971099810334545
development_oof,x10,10,quantum_angle_product,886,255,1,0,0,-1.7216036305303763
development_oof,x10,10,quantum_angle_product,889,127,1,0,0,-1.53503860005595
development_oof,x10,10,quantum_angle_product,892,26,1,0,0,-1.1553055993358559
development_oof,x10,10,quantum_angle_product,903,248,1,0,0,-1.3494469631929693
development_oof,x10,10,quantum_angle_product,909,245,1,0,0,-1.0079733473598598
development_oof,x10,10,quantum_angle_product,912,19,1,0,0,-1.1479375044976
development_oof,x10,10,quantum_angle_product,924,239,1,0,0,-1.2137078176558536
development_oof,x10,10,quantum_angle_product,929,67,1,0,0,-0.23014001699720588
development_oof,x10,10,quantum_angle_product,937,230,1,0,0,-0.9372249788633216
development_oof,x10,10,quantum_angle_product,938,79,1,0,0,-0.8436145255341163
development_oof,x10,10,quantum_angle_product,944,58,1,1,1,0.7099738003204319
development_oof,x10,10,quantum_angle_product,956,222,1,0,1,1.0754926954235255
development_oof,x10,10,quantum_angle_product,959,117,1,0,0,-0.8851052070785901
development_oof,x10,10,quantum_angle_product,961,219,1,0,0,-0.5938405371781759
development_oof,x10,10,quantum_angle_product,970,213,1,0,0,-0.9132792250404638
development_oof,x10,10,quantum_angle_product,983,205,1,1,0,-0.8459689851651095
development_oof,x10,10,quantum_angle_product,989,47,1,0,0,-0.7570663375458597
development_oof,x10,10,quantum_angle_product,992,200,1,0,0,-0.5162546184979764
development_oof,x10,10,quantum_angle_product,997,6,1,0,0,-0.46942464095223535
development_oof,x10,10,quantum_angle_product,1007,195,1,0,0,-0.6193330729986375
development_oof,x10,10,quantum_angle_product,1011,110,1,1,1,1.7327745131370929
development_oof,x10,10,quantum_angle_product,1023,187,1,0,1,0.9828924889800756
development_oof,x10,10,quantum_angle_product,1034,178,1,0,0,-1.2704320985531528
development_oof,x10,10,quantum_iqp_zz_linear,3,108,1,0,0,-1.0966050560404605
development_oof,x10,10,quantum_iqp_zz_linear,13,109,1,1,1,1.6668909895012947
development_oof,x10,10,quantum_iqp_zz_linear,22,456,1,0,0,-0.09539039629316626
development_oof,x10,10,quantum_iqp_zz_linear,24,455,1,0,0,-0.6475395111486141
development_oof,x10,10,quantum_iqp_zz_linear,25,12,1,1,0,-1.0850289983104409
development_oof,x10,10,quantum_iqp_zz_linear,35,108,1,0,0,-1.1534766287170148
development_oof,x10,10,quantum_iqp_zz_linear,43,6,1,0,0,-1.1487253994652855
development_oof,x10,10,quantum_iqp_zz_linear,53,447,1,0,0,-1.004328578001485
development_oof,x10,10,quantum_iqp_zz_linear,65,168,1,1,1,1.448940197954319
development_oof,x10,10,quantum_iqp_zz_linear,68,445,1,1,0,-1.0365137159522737
development_oof,x10,10,quantum_iqp_zz_linear,70,166,1,0,0,-0.9913401476488727
development_oof,x10,10,quantum_iqp_zz_linear,72,12,1,1,0,-1.1266020496942781
development_oof,x10,10,quantum_iqp_zz_linear,75,108,1,0,0,-1.0083678445661919
development_oof,x10,10,quantum_iqp_zz_linear,88,12,1,0,0,-1.1494678806370606
development_oof,x10,10,quantum_iqp_zz_linear,89,6,1,0,0,-1.2127970363163607
development_oof,x10,10,quantum_iqp_zz_linear,110,41,1,0,0,-0.7225419142568467
development_oof,x10,10,quantum_iqp_zz_linear,129,58,1,1,1,1.4058073981475472
development_oof,x10,10,quantum_iqp_zz_linear,133,432,1,1,1,1.0073669994329117
development_oof,x10,10,quantum_iqp_zz_linear,144,41,1,0,0,-0.5566008023955601
development_oof,x10,10,quantum_iqp_zz_linear,153,41,1,0,0,-0.12433137605080702
development_oof,x10,10,quantum_iqp_zz_linear,155,41,1,0,0,-0.7904266017183595
development_oof,x10,10,quantum_iqp_zz_linear,168,424,1,0,0,-1.0332705130698647
development_oof,x10,10,quantum_iqp_zz_linear,171,41,1,1,0,-0.37314276877745634
development_oof,x10,10,quantum_iqp_zz_linear,197,168,1,1,1,1.3845574548588084
development_oof,x10,10,quantum_iqp_zz_linear,205,41,1,0,0,-0.4478635079193357
development_oof,x10,10,quantum_iqp_zz_linear,209,420,1,1,1,1.0610672122589095
development_oof,x10,10,quantum_iqp_zz_linear,232,6,1,0,0,-1.2469061035633677
development_oof,x10,10,quantum_iqp_zz_linear,237,117,1,0,0,-0.9302460488941166
development_oof,x10,10,quantum_iqp_zz_linear,243,414,1,0,0,-0.9203630279462008
development_oof,x10,10,quantum_iqp_zz_linear,250,166,1,0,0,-0.8735868659215321
development_oof,x10,10,quantum_iqp_zz_linear,270,12,1,1,0,-1.0800262961160803
development_oof,x10,10,quantum_iqp_zz_linear,272,19,1,0,0,-1.1941884374758258
development_oof,x10,10,quantum_iqp_zz_linear,282,406,1,1,1,1.0180569040172864
development_oof,x10,10,quantum_iqp_zz_linear,289,6,1,0,0,-1.1429919015449768
development_oof,x10,10,quantum_iqp_zz_linear,303,12,1,1,0,-0.9352860853215191
development_oof,x10,10,quantum_iqp_zz_linear,305,402,1,0,0,-0.9940169474569992
development_oof,x10,10,quantum_iqp_zz_linear,306,101,1,1,0,-1.0232090144220196
development_oof,x10,10,quantum_iqp_zz_linear,307,12,1,1,0,-1.1758681710386982
development_oof,x10,10,quantum_iqp_zz_linear,314,398,1,0,0,-1.0197889374961848
development_oof,x10,10,quantum_iqp_zz_linear,318,127,1,1,0,-1.0736497924257669
development_oof,x10,10,quantum_iqp_zz_linear,328,395,1,1,0,-0.7043575477200851
development_oof,x10,10,quantum_iqp_zz_linear,345,73,1,0,1,0.8242543550160156
development_oof,x10,10,quantum_iqp_zz_linear,346,12,1,1,0,-1.0469246017610176
development_oof,x10,10,quantum_iqp_zz_linear,350,12,1,0,0,-0.7929806235225304
development_oof,x10,10,quantum_iqp_zz_linear,362,36,1,0,0,-1.0450339090908871
development_oof,x10,10,quantum_iqp_zz_linear,366,79,1,1,0,-0.86384845296224
development_oof,x10,10,quantum_iqp_zz_linear,367,79,1,1,0,-0.5532773925093392
development_oof,x10,10,quantum_iqp_zz_linear,368,387,1,0,0,-0.8588759740441237
development_oof,x10,10,quantum_iqp_zz_linear,383,12,1,1,0,-0.9549262120134764
development_oof,x10,10,quantum_iqp_zz_linear,390,381,1,0,0,-1.187108321253814
development_oof,x10,10,quantum_iqp_zz_linear,411,6,1,0,0,-1.2496021986537995
development_oof,x10,10,quantum_iqp_zz_linear,415,12,1,1,0,-1.0627006107908086
development_oof,x10,10,quantum_iqp_zz_linear,418,6,1,0,0,-1.1022430497284175
development_oof,x10,10,quantum_iqp_zz_linear,427,6,1,0,0,-1.1107117481486464
development_oof,x10,10,quantum_iqp_zz_linear,432,375,1,0,0,-0.4562578548083004
development_oof,x10,10,quantum_iqp_zz_linear,433,58,1,1,1,0.6600306996886643
development_oof,x10,10,quantum_iqp_zz_linear,445,95,1,0,0,-1.2550899086156386
development_oof,x10,10,quantum_iqp_zz_linear,452,73,1,1,1,0.8829622482557539
development_oof,x10,10,quantum_iqp_zz_linear,467,6,1,0,0,-0.8641404261579922
development_oof,x10,10,quantum_iqp_zz_linear,476,95,1,0,0,-1.0915572744606346
development_oof,x10,10,quantum_iqp_zz_linear,478,6,1,0,0,-1.254754637639457
development_oof,x10,10,quantum_iqp_zz_linear,488,26,1,1,0,-1.0073435829649062
development_oof,x10,10,quantum_iqp_zz_linear,507,26,1,0,0,-1.10571032638257
development_oof,x10,10,quantum_iqp_zz_linear,509,362,1,0,0,-0.6980442568014568
development_oof,x10,10,quantum_iqp_zz_linear,512,361,1,0,0,-0.7640644099361066
development_oof,x10,10,quantum_iqp_zz_linear,521,26,1,0,0,-1.0897402456172012
development_oof,x10,10,quantum_iqp_zz_linear,530,358,1,1,0,-0.7615803589830613
development_oof,x10,10,quantum_iqp_zz_linear,531,6,1,0,0,-1.1922315894707074
development_oof,x10,10,quantum_iqp_zz_linear,532,26,1,0,0,-0.9633344383967469
development_oof,x10,10,quantum_iqp_zz_linear,534,26,1,0,0,-1.1690967205221154
development_oof,x10,10,quantum_iqp_zz_linear,552,6,1,0,0,-1.3257334886979448
development_oof,x10,10,quantum_iqp_zz_linear,564,47,1,1,0,-1.2866458701870522
development_oof,x10,10,quantum_iqp_zz_linear,573,350,1,0,1,0.4253440163775625
development_oof,x10,10,quantum_iqp_zz_linear,576,349,1,0,0,-0.5210382512188961
development_oof,x10,10,quantum_iqp_zz_linear,578,26,1,0,0,-1.0741274240328513
development_oof,x10,10,quantum_iqp_zz_linear,590,152,1,0,0,-1.1062828388168633
development_oof,x10,10,quantum_iqp_zz_linear,591,343,1,0,1,0.33707363641223254
development_oof,x10,10,quantum_iqp_zz_linear,630,67,1,0,0,-0.6055039622157307
development_oof,x10,10,quantum_iqp_zz_linear,637,47,1,1,0,-1.4385637623700687
development_oof,x10,10,quantum_iqp_zz_linear,639,332,1,0,1,0.14983000908372113
development_oof,x10,10,quantum_iqp_zz_linear,642,331,1,0,0,-0.4514111879834769
development_oof,x10,10,quantum_iqp_zz_linear,644,47,1,1,0,-1.2575108092642582
development_oof,x10,10,quantum_iqp_zz_linear,650,88,1,0,0,-0.5531510610940388
development_oof,x10,10,quantum_iqp_zz_linear,651,67,1,0,0,-1.1118559727900825
development_oof,x10,10,quantum_iqp_zz_linear,654,327,1,0,0,-0.3895558503640161
development_oof,x10,10,quantum_iqp_zz_linear,673,320,1,0,0,-1.1073324786139809
development_oof,x10,10,quantum_iqp_zz_linear,676,6,1,0,0,-1.1069894327915213
development_oof,x10,10,quantum_iqp_zz_linear,679,6,1,0,0,-0.9769851491095974
development_oof,x10,10,quantum_iqp_zz_linear,680,145,1,0,1,0.2123336893613682
development_oof,x10,10,quantum_iqp_zz_linear,695,47,1,1,0,-1.4934214858527008
development_oof,x10,10,quantum_iqp_zz_linear,708,310,1,0,1,1.4449458381764435
development_oof,x10,10,quantum_iqp_zz_linear,709,88,1,0,0,-0.9284283987130885
development_oof,x10,10,quantum_iqp_zz_linear,713,139,1,0,0,-1.2311786073314765
development_oof,x10,10,quantum_iqp_zz_linear,721,139,1,1,0,-1.289602942851526
development_oof,x10,10,quantum_iqp_zz_linear,722,307,1,0,0,-0.8085948076446109
development_oof,x10,10,quantum_iqp_zz_linear,727,32,1,0,1,0.18467218486844772
development_oof,x10,10,quantum_iqp_zz_linear,734,12,1,1,0,-0.9824808820105425
development_oof,x10,10,quantum_iqp_zz_linear,748,64,1,0,1,0.951238070819323
development_oof,x10,10,quantum_iqp_zz_linear,763,301,1,0,0,-0.8396456001742817
development_oof,x10,10,quantum_iqp_zz_linear,771,43,1,0,0,-0.16027749059141783
development_oof,x10,10,quantum_iqp_zz_linear,773,58,1,1,1,1.34686474441577
development_oof,x10,10,quantum_iqp_zz_linear,775,134,1,0,1,1.2279173562037
development_oof,x10,10,quantum_iqp_zz_linear,779,43,1,0,1,0.717236368419795
development_oof,x10,10,quantum_iqp_zz_linear,782,43,1,0,0,-0.15164154651847006
development_oof,x10,10,quantum_iqp_zz_linear,783,296,1,0,0,-0.08199686354755087
development_oof,x10,10,quantum_iqp_zz_linear,784,43,1,1,0,-0.7619037798243874
development_oof,x10,10,quantum_iqp_zz_linear,788,295,1,1,1,0.0406991680128882
development_oof,x10,10,quantum_iqp_zz_linear,795,110,1,1,1,1.5321052505987103
development_oof,x10,10,quantum_iqp_zz_linear,797,43,1,0,1,0.3541683882871488
development_oof,x10,10,quantum_iqp_zz_linear,812,285,1,0,1,0.799356111539571
development_oof,x10,10,quantum_iqp_zz_linear,814,88,1,0,0,-1.015825667497464
development_oof,x10,10,quantum_iqp_zz_linear,836,279,1,1,0,-0.926717514807687
development_oof,x10,10,quantum_iqp_zz_linear,853,272,1,0,0,-0.8949853794690829
development_oof,x10,10,quantum_iqp_zz_linear,868,261,1,0,0,-1.005237173306969
development_oof,x10,10,quantum_iqp_zz_linear,886,255,1,0,0,-1.5584828614808872
development_oof,x10,10,quantum_iqp_zz_linear,889,127,1,0,0,-0.8368711198996789
development_oof,x10,10,quantum_iqp_zz_linear,892,26,1,0,0,-1.122011539516472
development_oof,x10,10,quantum_iqp_zz_linear,903,248,1,0,0,-1.2434225534224685
development_oof,x10,10,quantum_iqp_zz_linear,909,245,1,0,0,-1.009101322591735
development_oof,x10,10,quantum_iqp_zz_linear,912,19,1,0,0,-1.0651712456462858
development_oof,x10,10,quantum_iqp_zz_linear,924,239,1,0,0,-1.1072540530194983
development_oof,x10,10,quantum_iqp_zz_linear,929,67,1,0,0,-0.2602266522189315
development_oof,x10,10,quantum_iqp_zz_linear,937,230,1,0,0,-1.0011012048942698
development_oof,x10,10,quantum_iqp_zz_linear,938,79,1,0,0,-0.8781988924845255
development_oof,x10,10,quantum_iqp_zz_linear,944,58,1,1,1,0.4919663713961554
development_oof,x10,10,quantum_iqp_zz_linear,956,222,1,0,1,1.0968850221583066
development_oof,x10,10,quantum_iqp_zz_linear,959,117,1,0,0,-0.948255352280765
development_oof,x10,10,quantum_iqp_zz_linear,961,219,1,0,0,-0.6222611101640724
development_oof,x10,10,quantum_iqp_zz_linear,970,213,1,0,0,-0.9670872166181973
development_oof,x10,10,quantum_iqp_zz_linear,983,205,1,1,0,-0.9342643286002809
development_oof,x10,10,quantum_iqp_zz_linear,989,47,1,0,0,-0.7469188556301284
development_oof,x10,10,quantum_iqp_zz_linear,992,200,1,0,0,-0.6135487995378462
development_oof,x10,10,quantum_iqp_zz_linear,997,6,1,0,0,-0.5322453787600993
development_oof,x10,10,quantum_iqp_zz_linear,1007,195,1,0,0,-0.6728993618341484
development_oof,x10,10,quantum_iqp_zz_linear,1011,110,1,1,1,1.6080075657064734
development_oof,x10,10,quantum_iqp_zz_linear,1023,187,1,0,1,0.9486789678939004
development_oof,x10,10,quantum_iqp_zz_linear,1034,178,1,0,0,-1.4363863452256167
development_oof,x10,10,rbf_matched,2,460,2,0,0,-0.6908027632450096
development_oof,x10,10,rbf_matched,8,107,2,0,0,-0.5825349302263798
development_oof,x10,10,rbf_matched,18,56,2,1,1,1.0573645148829265
development_oof,x10,10,rbf_matched,33,452,2,0,0,-0.9397179245461817
development_oof,x10,10,rbf_matched,34,23,2,0,0,-0.8803656973824427
development_oof,x10,10,rbf_matched,37,177,2,0,0,-0.8128318544016158
development_oof,x10,10,rbf_matched,50,40,2,1,1,2.694290694200289
development_oof,x10,10,rbf_matched,51,75,2,1,0,-0.8991558084362619
development_oof,x10,10,rbf_matched,55,107,2,0,0,-0.7950541561589985
development_oof,x10,10,rbf_matched,67,446,2,0,0,-0.8815877461588411
development_oof,x10,10,rbf_matched,81,441,2,0,0,-0.5994167602385825
development_oof,x10,10,rbf_matched,97,30,2,1,0,-0.9471141928489186
development_oof,x10,10,rbf_matched,108,436,2,0,0,-0.9606478161605523
development_oof,x10,10,rbf_matched,114,173,2,0,0,-1.223103024095237
development_oof,x10,10,rbf_matched,115,2,2,1,0,-1.0422108653442956
development_oof,x10,10,rbf_matched,118,172,2,0,0,-1.1974296532909192
development_oof,x10,10,rbf_matched,140,40,2,0,1,1.2366242196064685
development_oof,x10,10,rbf_matched,166,425,2,0,0,-0.5636598427852371
development_oof,x10,10,rbf_matched,177,40,2,1,1,1.099647099494176
development_oof,x10,10,rbf_matched,216,167,2,1,0,-1.002220449092024
development_oof,x10,10,rbf_matched,229,30,2,1,0,-1.0049020895930894
development_oof,x10,10,rbf_matched,235,30,2,1,0,-1.0564289862225267
development_oof,x10,10,rbf_matched,240,167,2,1,0,-1.0248633477199367
development_oof,x10,10,rbf_matched,241,23,2,0,0,-0.8804464148868161
development_oof,x10,10,rbf_matched,246,56,2,1,1,1.0287161199683053
development_oof,x10,10,rbf_matched,249,124,2,0,0,-0.4469053528801692
development_oof,x10,10,rbf_matched,251,30,2,1,0,-1.0269427676128648
development_oof,x10,10,rbf_matched,253,412,2,0,0,-0.30229802525350635
development_oof,x10,10,rbf_matched,254,411,2,1,0,-0.1027890254509598
development_oof,x10,10,rbf_matched,262,98,2,1,1,1.3099156879678682
development_oof,x10,10,rbf_matched,265,75,2,0,0,-0.480270748173266
development_oof,x10,10,rbf_matched,275,56,2,1,1,0.9675029571164184
development_oof,x10,10,rbf_matched,281,30,2,1,0,-0.950833457299098
development_oof,x10,10,rbf_matched,283,56,2,1,1,1.1298444255185254
development_oof,x10,10,rbf_matched,291,98,2,1,1,1.3745419346436591
development_oof,x10,10,rbf_matched,301,403,2,0,0,-1.2046420436863827
development_oof,x10,10,rbf_matched,325,396,2,0,0,-0.8159416005029905
development_oof,x10,10,rbf_matched,344,23,2,1,0,-0.7814072408356179
development_oof,x10,10,rbf_matched,359,23,2,0,0,-0.8636350433296252
development_oof,x10,10,rbf_matched,365,388,2,0,0,-0.848388825592632
development_oof,x10,10,rbf_matched,378,23,2,0,0,-0.8839649766345925
development_oof,x10,10,rbf_matched,389,382,2,0,0,-1.1880171172410017
development_oof,x10,10,rbf_matched,408,98,2,1,1,1.3702614478024633
development_oof,x10,10,rbf_matched,413,62,2,1,0,-0.941970146246939
development_oof,x10,10,rbf_matched,425,23,2,0,0,-0.9085165100089854
development_oof,x10,10,rbf_matched,426,377,2,0,1,1.8501953495092902
development_oof,x10,10,rbf_matched,439,156,2,1,0,-0.4687357451637446
development_oof,x10,10,rbf_matched,461,371,2,1,0,-0.3016812575887615
development_oof,x10,10,rbf_matched,487,156,2,0,0,-0.5259861664477552
development_oof,x10,10,rbf_matched,505,81,2,1,0,-0.560295546441389
development_oof,x10,10,rbf_matched,514,360,2,1,1,1.548209508056898
development_oof,x10,10,rbf_matched,515,150,2,0,0,-1.0881770527882888
development_oof,x10,10,rbf_matched,523,2,2,1,0,-0.826290879213591
development_oof,x10,10,rbf_matched,526,23,2,0,0,-0.45507151386880373
development_oof,x10,10,rbf_matched,541,113,2,0,0,-0.8972802406680045
development_oof,x10,10,rbf_matched,551,353,2,0,0,-0.9009353025624729
development_oof,x10,10,rbf_matched,584,46,2,0,0,-0.7887469557083615
development_oof,x10,10,rbf_matched,586,346,2,0,1,0.7058152228440202
development_oof,x10,10,rbf_matched,589,153,2,1,1,1.2671961948875696
development_oof,x10,10,rbf_matched,593,90,2,0,0,-1.0976978894645937
development_oof,x10,10,rbf_matched,598,90,2,0,0,-0.8200065642078069
development_oof,x10,10,rbf_matched,599,340,2,0,0,-0.9311171893609118
development_oof,x10,10,rbf_matched,603,40,2,1,1,1.2141856395899915
development_oof,x10,10,rbf_matched,609,7,2,0,0,-1.009812093299535
development_oof,x10,10,rbf_matched,623,150,2,0,0,-1.0148478741562754
development_oof,x10,10,rbf_matched,624,149,2,1,0,-0.6879225977293335
development_oof,x10,10,rbf_matched,636,334,2,1,0,-0.6502810467686007
development_oof,x10,10,rbf_matched,661,90,2,0,0,-1.0331895825126716
development_oof,x10,10,rbf_matched,670,322,2,0,1,0.3560440142764054
development_oof,x10,10,rbf_matched,677,319,2,0,0,-0.8780138023200674
development_oof,x10,10,rbf_matched,707,311,2,0,0,-0.4805803860645188
development_oof,x10,10,rbf_matched,710,75,2,1,0,-1.1901214434631933
development_oof,x10,10,rbf_matched,716,309,2,0,0,-0.8985273129285702
development_oof,x10,10,rbf_matched,762,302,2,0,0,-0.5523657461174101
development_oof,x10,10,rbf_matched,766,130,2,0,0,-0.864845641354349
development_oof,x10,10,rbf_matched,777,297,2,0,0,-1.1213930356789517
development_oof,x10,10,rbf_matched,790,62,2,1,0,-0.5568354324289646
development_oof,x10,10,rbf_matched,791,294,2,0,0,-1.2115911107779893
development_oof,x10,10,rbf_matched,793,292,2,1,0,-1.1702571805562303
development_oof,x10,10,rbf_matched,810,286,2,0,0,-1.2542550931346121
development_oof,x10,10,rbf_matched,819,130,2,1,0,-0.8052804276808052
development_oof,x10,10,rbf_matched,825,83,2,0,0,-0.4144173585283448
development_oof,x10,10,rbf_matched,831,281,2,0,0,-1.0435112986252641
development_oof,x10,10,rbf_matched,842,277,2,0,0,-0.6720992536482284
development_oof,x10,10,rbf_matched,850,273,2,0,0,-0.8434658130631494
development_oof,x10,10,rbf_matched,859,267,2,0,0,-0.5510570659473619
development_oof,x10,10,rbf_matched,863,81,2,1,0,-0.4815867101752853
development_oof,x10,10,rbf_matched,884,257,2,0,0,-0.8796107229699373
development_oof,x10,10,rbf_matched,895,124,2,0,0,-0.5554952972302067
development_oof,x10,10,rbf_matched,896,251,2,0,0,-0.7207150482586457
development_oof,x10,10,rbf_matched,914,56,2,1,1,1.0734747505318902
development_oof,x10,10,rbf_matched,922,240,2,0,0,-1.0730593986862638
development_oof,x10,10,rbf_matched,923,23,2,0,0,-0.9212403914742473
development_oof,x10,10,rbf_matched,933,232,2,0,0,-0.9826695630998121
development_oof,x10,10,rbf_matched,947,226,2,0,0,-0.7283795051086006
development_oof,x10,10,rbf_matched,951,223,2,0,0,-0.6401940192912563
development_oof,x10,10,rbf_matched,953,119,2,0,0,-0.8760286872459777
development_oof,x10,10,rbf_matched,965,216,2,0,0,-0.6902031318016224
development_oof,x10,10,rbf_matched,976,209,2,0,0,-1.1334140529916006
development_oof,x10,10,rbf_matched,986,113,2,0,0,-0.974758727882167
development_oof,x10,10,rbf_matched,1001,107,2,0,0,-0.008233616278129574
development_oof,x10,10,rbf_matched,1005,196,2,0,0,-0.7594454357810174
development_oof,x10,10,rbf_matched,1020,188,2,0,1,0.08632440483428128
development_oof,x10,10,rbf_matched,1026,186,2,1,0,-0.8360484051314634
development_oof,x10,10,rbf_matched,1030,182,2,0,0,-0.7749769008361711
development_oof,x10,10,quantum_angle_product,2,460,2,0,0,-0.6536894896456324
development_oof,x10,10,quantum_angle_product,8,107,2,0,0,-0.4828297706432956
development_oof,x10,10,quantum_angle_product,18,56,2,1,1,1.1141335729707293
development_oof,x10,10,quantum_angle_product,33,452,2,0,0,-0.8828540106373151
development_oof,x10,10,quantum_angle_product,34,23,2,0,0,-0.9888131865405576
development_oof,x10,10,quantum_angle_product,37,177,2,0,0,-0.7518788776953826
development_oof,x10,10,quantum_angle_product,50,40,2,1,1,3.22354814573516
development_oof,x10,10,quantum_angle_product,51,75,2,1,0,-0.8604215247039555
development_oof,x10,10,quantum_angle_product,55,107,2,0,0,-0.6981899567193217
development_oof,x10,10,quantum_angle_product,67,446,2,0,0,-0.9236355601455966
development_oof,x10,10,quantum_angle_product,81,441,2,0,0,-0.6444406616198588
development_oof,x10,10,quantum_angle_product,97,30,2,1,0,-0.8863152561413941
development_oof,x10,10,quantum_angle_product,108,436,2,0,0,-1.012755513204386
development_oof,x10,10,quantum_angle_product,114,173,2,0,0,-1.3005162183668837
development_oof,x10,10,quantum_angle_product,115,2,2,1,0,-1.1377073994853948
development_oof,x10,10,quantum_angle_product,118,172,2,0,0,-1.253707862213389
development_oof,x10,10,quantum_angle_product,140,40,2,0,1,1.4529919287612607
development_oof,x10,10,quantum_angle_product,166,425,2,0,0,-0.5930682831798659
development_oof,x10,10,quantum_angle_product,177,40,2,1,1,1.191395944463963
development_oof,x10,10,quantum_angle_product,216,167,2,1,0,-1.0415808124499684
development_oof,x10,10,quantum_angle_product,229,30,2,1,0,-0.9792437942506442
development_oof,x10,10,quantum_angle_product,235,30,2,1,0,-1.059833498850228
development_oof,x10,10,quantum_angle_product,240,167,2,1,0,-1.0405607050331707
development_oof,x10,10,quantum_angle_product,241,23,2,0,0,-0.9887243080117205
development_oof,x10,10,quantum_angle_product,246,56,2,1,1,1.0953944300109377
development_oof,x10,10,quantum_angle_product,249,124,2,0,0,-0.23017393582422585
development_oof,x10,10,quantum_angle_product,251,30,2,1,0,-1.0100254770710126
development_oof,x10,10,quantum_angle_product,253,412,2,0,0,-0.06418454536224516
development_oof,x10,10,quantum_angle_product,254,411,2,1,0,-0.13577128144310535
development_oof,x10,10,quantum_angle_product,262,98,2,1,1,1.5401816000888537
development_oof,x10,10,quantum_angle_product,265,75,2,0,0,-0.32082316642976494
development_oof,x10,10,quantum_angle_product,275,56,2,1,1,1.039474484602957
development_oof,x10,10,quantum_angle_product,281,30,2,1,0,-0.8872661790459251
development_oof,x10,10,quantum_angle_product,283,56,2,1,1,1.2677196242219146
development_oof,x10,10,quantum_angle_product,291,98,2,1,1,1.6206048113501073
development_oof,x10,10,quantum_angle_product,301,403,2,0,0,-1.2994889423109584
development_oof,x10,10,quantum_angle_product,325,396,2,0,0,-0.6777002898218889
development_oof,x10,10,quantum_angle_product,344,23,2,1,0,-0.7720679740633738
development_oof,x10,10,quantum_angle_product,359,23,2,0,0,-1.0256292089476915
development_oof,x10,10,quantum_angle_product,365,388,2,0,0,-0.809636633484148
development_oof,x10,10,quantum_angle_product,378,23,2,0,0,-0.9858023794984963
development_oof,x10,10,quantum_angle_product,389,382,2,0,0,-1.2395385319520127
development_oof,x10,10,quantum_angle_product,408,98,2,1,1,1.61118119394623
development_oof,x10,10,quantum_angle_product,413,62,2,1,0,-0.9166500576283738
development_oof,x10,10,quantum_angle_product,425,23,2,0,0,-0.9819376868295517
development_oof,x10,10,quantum_angle_product,426,377,2,0,1,2.4661669275363174
development_oof,x10,10,quantum_angle_product,439,156,2,1,0,-0.3240950446937543
development_oof,x10,10,quantum_angle_product,461,371,2,1,0,-0.2091846683040952
development_oof,x10,10,quantum_angle_product,487,156,2,0,0,-0.39987749452910926
development_oof,x10,10,quantum_angle_product,505,81,2,1,0,-0.5010888494429668
development_oof,x10,10,quantum_angle_product,514,360,2,1,1,1.8408295872415756
development_oof,x10,10,quantum_angle_product,515,150,2,0,0,-1.2075729522879275
development_oof,x10,10,quantum_angle_product,523,2,2,1,0,-0.7973303040471684
development_oof,x10,10,quantum_angle_product,526,23,2,0,0,-0.4614970760060366
development_oof,x10,10,quantum_angle_product,541,113,2,0,0,-0.942772750714612
development_oof,x10,10,quantum_angle_product,551,353,2,0,0,-0.9401941253459096
development_oof,x10,10,quantum_angle_product,584,46,2,0,0,-0.7609866649472856
development_oof,x10,10,quantum_angle_product,586,346,2,0,1,1.0713098715189098
development_oof,x10,10,quantum_angle_product,589,153,2,1,1,1.4043438639676822
development_oof,x10,10,quantum_angle_product,593,90,2,0,0,-1.2536981641744607
development_oof,x10,10,quantum_angle_product,598,90,2,0,0,-1.0021901134754199
development_oof,x10,10,quantum_angle_product,599,340,2,0,0,-0.9455103888458645
development_oof,x10,10,quantum_angle_product,603,40,2,1,1,1.386727679505995
development_oof,x10,10,quantum_angle_product,609,7,2,0,0,-1.1316192329294168
development_oof,x10,10,quantum_angle_product,623,150,2,0,0,-1.0887072995753684
development_oof,x10,10,quantum_angle_product,624,149,2,1,0,-0.7174736822916437
development_oof,x10,10,quantum_angle_product,636,334,2,1,0,-0.49372939397164295
development_oof,x10,10,quantum_angle_product,661,90,2,0,0,-1.2276538511793866
development_oof,x10,10,quantum_angle_product,670,322,2,0,1,0.5471014453833192
development_oof,x10,10,quantum_angle_product,677,319,2,0,0,-0.7860733473488146
development_oof,x10,10,quantum_angle_product,707,311,2,0,0,-0.438338572162456
development_oof,x10,10,quantum_angle_product,710,75,2,1,0,-1.2693617690896417
development_oof,x10,10,quantum_angle_product,716,309,2,0,0,-0.9423735880266921
development_oof,x10,10,quantum_angle_product,762,302,2,0,0,-0.3877348666442906
development_oof,x10,10,quantum_angle_product,766,130,2,0,0,-1.0698968962816835
development_oof,x10,10,quantum_angle_product,777,297,2,0,0,-1.124103555440799
development_oof,x10,10,quantum_angle_product,790,62,2,1,0,-0.41837010681688547
development_oof,x10,10,quantum_angle_product,791,294,2,0,0,-1.3685983320061474
development_oof,x10,10,quantum_angle_product,793,292,2,1,0,-1.3545982115735047
development_oof,x10,10,quantum_angle_product,810,286,2,0,0,-1.5482202446677746
development_oof,x10,10,quantum_angle_product,819,130,2,1,0,-0.9664327176491199
development_oof,x10,10,quantum_angle_product,825,83,2,0,0,-0.26887479222940236
development_oof,x10,10,quantum_angle_product,831,281,2,0,0,-1.0673073838175835
development_oof,x10,10,quantum_angle_product,842,277,2,0,0,-0.5547743522808233
development_oof,x10,10,quantum_angle_product,850,273,2,0,0,-0.8899380896094922
development_oof,x10,10,quantum_angle_product,859,267,2,0,0,-0.42346120566816126
development_oof,x10,10,quantum_angle_product,863,81,2,1,0,-0.37927048876125546
development_oof,x10,10,quantum_angle_product,884,257,2,0,0,-0.8486585176487189
development_oof,x10,10,quantum_angle_product,895,124,2,0,0,-0.36929310455994013
development_oof,x10,10,quantum_angle_product,896,251,2,0,0,-0.7154322977412164
development_oof,x10,10,quantum_angle_product,914,56,2,1,1,1.0756662408922466
development_oof,x10,10,quantum_angle_product,922,240,2,0,0,-1.1276954490063602
development_oof,x10,10,quantum_angle_product,923,23,2,0,0,-1.0122763129249819
development_oof,x10,10,quantum_angle_product,933,232,2,0,0,-0.9976668207423689
development_oof,x10,10,quantum_angle_product,947,226,2,0,0,-0.6269685862335486
development_oof,x10,10,quantum_angle_product,951,223,2,0,0,-0.5939402216055214
development_oof,x10,10,quantum_angle_product,953,119,2,0,0,-0.8755308680724525
development_oof,x10,10,quantum_angle_product,965,216,2,0,0,-0.5632836562200119
development_oof,x10,10,quantum_angle_product,976,209,2,0,0,-1.2262784601420833
development_oof,x10,10,quantum_angle_product,986,113,2,0,0,-0.998094510220211
development_oof,x10,10,quantum_angle_product,1001,107,2,0,1,0.2746647531972908
development_oof,x10,10,quantum_angle_product,1005,196,2,0,0,-0.8028397138819532
development_oof,x10,10,quantum_angle_product,1020,188,2,0,1,0.553996925533415
development_oof,x10,10,quantum_angle_product,1026,186,2,1,0,-0.8678432450604792
development_oof,x10,10,quantum_angle_product,1030,182,2,0,0,-0.8831182490475893
development_oof,x10,10,quantum_iqp_zz_linear,2,460,2,0,0,-0.6486915022745388
development_oof,x10,10,quantum_iqp_zz_linear,8,107,2,0,0,-0.6115617917601597
development_oof,x10,10,quantum_iqp_zz_linear,18,56,2,1,1,1.1222561400340916
development_oof,x10,10,quantum_iqp_zz_linear,33,452,2,0,0,-0.9315039850461639
development_oof,x10,10,quantum_iqp_zz_linear,34,23,2,0,0,-0.9625461555671724
development_oof,x10,10,quantum_iqp_zz_linear,37,177,2,0,0,-0.8417459888463801
development_oof,x10,10,quantum_iqp_zz_linear,50,40,2,1,1,2.589571288944202
development_oof,x10,10,quantum_iqp_zz_linear,51,75,2,1,0,-0.8869612127391824
development_oof,x10,10,quantum_iqp_zz_linear,55,107,2,0,0,-0.7939700893435422
development_oof,x10,10,quantum_iqp_zz_linear,67,446,2,0,0,-0.7886740911443915
development_oof,x10,10,quantum_iqp_zz_linear,81,441,2,0,0,-0.7379437793639856
development_oof,x10,10,quantum_iqp_zz_linear,97,30,2,1,0,-0.9326011438446016
development_oof,x10,10,quantum_iqp_zz_linear,108,436,2,0,0,-0.8890805201185421
development_oof,x10,10,quantum_iqp_zz_linear,114,173,2,0,0,-1.197771621892803
development_oof,x10,10,quantum_iqp_zz_linear,115,2,2,1,0,-1.0648938652275945
development_oof,x10,10,quantum_iqp_zz_linear,118,172,2,0,0,-1.17901537554883
development_oof,x10,10,quantum_iqp_zz_linear,140,40,2,0,1,1.0145067178139042
development_oof,x10,10,quantum_iqp_zz_linear,166,425,2,0,0,-0.32085239030415913
development_oof,x10,10,quantum_iqp_zz_linear,177,40,2,1,1,1.0532338696023442
development_oof,x10,10,quantum_iqp_zz_linear,216,167,2,1,0,-0.9864980838974198
development_oof,x10,10,quantum_iqp_zz_linear,229,30,2,1,0,-0.9999829071563773
development_oof,x10,10,quantum_iqp_zz_linear,235,30,2,1,0,-1.047972913903548
development_oof,x10,10,quantum_iqp_zz_linear,240,167,2,1,0,-1.0202301224050592
development_oof,x10,10,quantum_iqp_zz_linear,241,23,2,0,0,-0.9625451367179554
development_oof,x10,10,quantum_iqp_zz_linear,246,56,2,1,1,1.0637847158059826
development_oof,x10,10,quantum_iqp_zz_linear,249,124,2,0,0,-0.3964624813330402
development_oof,x10,10,quantum_iqp_zz_linear,251,30,2,1,0,-1.0129305905160901
development_oof,x10,10,quantum_iqp_zz_linear,253,412,2,0,0,-0.3043573054991344
development_oof,x10,10,quantum_iqp_zz_linear,254,411,2,1,0,-0.22217481793503646
development_oof,x10,10,quantum_iqp_zz_linear,262,98,2,1,1,1.2422062851009117
development_oof,x10,10,quantum_iqp_zz_linear,265,75,2,0,0,-0.401972784715922
development_oof,x10,10,quantum_iqp_zz_linear,275,56,2,1,1,1.0217204213685147
development_oof,x10,10,quantum_iqp_zz_linear,281,30,2,1,0,-0.9435446761948016
development_oof,x10,10,quantum_iqp_zz_linear,283,56,2,1,1,1.1111373802475262
development_oof,x10,10,quantum_iqp_zz_linear,291,98,2,1,1,1.2809824024501468
development_oof,x10,10,quantum_iqp_zz_linear,301,403,2,0,0,-1.2170780703994093
development_oof,x10,10,quantum_iqp_zz_linear,325,396,2,0,0,-0.7777374451214425
development_oof,x10,10,quantum_iqp_zz_linear,344,23,2,1,0,-0.7490541013563914
development_oof,x10,10,quantum_iqp_zz_linear,359,23,2,0,0,-0.9796478686596655
development_oof,x10,10,quantum_iqp_zz_linear,365,388,2,0,0,-0.827125850642981
development_oof,x10,10,quantum_iqp_zz_linear,378,23,2,0,0,-0.9742680164593307
development_oof,x10,10,quantum_iqp_zz_linear,389,382,2,0,0,-1.1843769447059702
development_oof,x10,10,quantum_iqp_zz_linear,408,98,2,1,1,1.3048635512594713
development_oof,x10,10,quantum_iqp_zz_linear,413,62,2,1,0,-0.9330763662352741
development_oof,x10,10,quantum_iqp_zz_linear,425,23,2,0,0,-0.9753056926655894
development_oof,x10,10,quantum_iqp_zz_linear,426,377,2,0,1,2.0383792829686644
development_oof,x10,10,quantum_iqp_zz_linear,439,156,2,1,0,-0.44689867547211737
development_oof,x10,10,quantum_iqp_zz_linear,461,371,2,1,0,-0.3556014427697347
development_oof,x10,10,quantum_iqp_zz_linear,487,156,2,0,0,-0.519797086903528
development_oof,x10,10,quantum_iqp_zz_linear,505,81,2,1,0,-0.547910898479673
development_oof,x10,10,quantum_iqp_zz_linear,514,360,2,1,1,1.473791887735997
development_oof,x10,10,quantum_iqp_zz_linear,515,150,2,0,0,-1.0724295455292987
development_oof,x10,10,quantum_iqp_zz_linear,523,2,2,1,0,-0.8213294377529476
development_oof,x10,10,quantum_iqp_zz_linear,526,23,2,0,0,-0.4589648595253768
development_oof,x10,10,quantum_iqp_zz_linear,541,113,2,0,0,-0.9685875051987662
development_oof,x10,10,quantum_iqp_zz_linear,551,353,2,0,0,-0.7904736568963644
development_oof,x10,10,quantum_iqp_zz_linear,584,46,2,0,0,-0.7327734666515135
development_oof,x10,10,quantum_iqp_zz_linear,586,346,2,0,1,0.8410693803400839
development_oof,x10,10,quantum_iqp_zz_linear,589,153,2,1,1,1.2653945737425958
development_oof,x10,10,quantum_iqp_zz_linear,593,90,2,0,0,-1.2213522158498509
development_oof,x10,10,quantum_iqp_zz_linear,598,90,2,0,0,-0.8999987787477979
development_oof,x10,10,quantum_iqp_zz_linear,599,340,2,0,0,-1.008538262268154
development_oof,x10,10,quantum_iqp_zz_linear,603,40,2,1,1,1.1243776502709564
development_oof,x10,10,quantum_iqp_zz_linear,609,7,2,0,0,-1.1071661071950607
development_oof,x10,10,quantum_iqp_zz_linear,623,150,2,0,0,-1.0688098355188091
development_oof,x10,10,quantum_iqp_zz_linear,624,149,2,1,0,-0.6904200048938343
development_oof,x10,10,quantum_iqp_zz_linear,636,334,2,1,0,-0.5348974467973746
development_oof,x10,10,quantum_iqp_zz_linear,661,90,2,0,0,-1.1412691722750776
development_oof,x10,10,quantum_iqp_zz_linear,670,322,2,0,1,0.5624519571082982
development_oof,x10,10,quantum_iqp_zz_linear,677,319,2,0,0,-0.8490622981176912
development_oof,x10,10,quantum_iqp_zz_linear,707,311,2,0,0,-0.2837135662165555
development_oof,x10,10,quantum_iqp_zz_linear,710,75,2,1,0,-1.2200704252347907
development_oof,x10,10,quantum_iqp_zz_linear,716,309,2,0,0,-0.9255438044263578
development_oof,x10,10,quantum_iqp_zz_linear,762,302,2,0,0,-0.5215535868278283
development_oof,x10,10,quantum_iqp_zz_linear,766,130,2,0,0,-1.0230555583364227
development_oof,x10,10,quantum_iqp_zz_linear,777,297,2,0,0,-1.1424395768308826
development_oof,x10,10,quantum_iqp_zz_linear,790,62,2,1,0,-0.4277967860276479
development_oof,x10,10,quantum_iqp_zz_linear,791,294,2,0,0,-1.2799597670203267
development_oof,x10,10,quantum_iqp_zz_linear,793,292,2,1,0,-1.2951407964413293
development_oof,x10,10,quantum_iqp_zz_linear,810,286,2,0,0,-1.3785212066806412
development_oof,x10,10,quantum_iqp_zz_linear,819,130,2,1,0,-0.9326437391570055
development_oof,x10,10,quantum_iqp_zz_linear,825,83,2,0,0,-0.27077681778477847
development_oof,x10,10,quantum_iqp_zz_linear,831,281,2,0,0,-1.0561550730499207
development_oof,x10,10,quantum_iqp_zz_linear,842,277,2,0,0,-0.7090021383306118
development_oof,x10,10,quantum_iqp_zz_linear,850,273,2,0,0,-0.7725545582356084
development_oof,x10,10,quantum_iqp_zz_linear,859,267,2,0,0,-0.48345958820472545
development_oof,x10,10,quantum_iqp_zz_linear,863,81,2,1,0,-0.43493212379029833
development_oof,x10,10,quantum_iqp_zz_linear,884,257,2,0,0,-0.8521301340496144
development_oof,x10,10,quantum_iqp_zz_linear,895,124,2,0,0,-0.5211075547115573
development_oof,x10,10,quantum_iqp_zz_linear,896,251,2,0,0,-0.5604499794784217
development_oof,x10,10,quantum_iqp_zz_linear,914,56,2,1,1,1.1277388231355996
development_oof,x10,10,quantum_iqp_zz_linear,922,240,2,0,0,-1.013042288238624
development_oof,x10,10,quantum_iqp_zz_linear,923,23,2,0,0,-0.8638658471013141
development_oof,x10,10,quantum_iqp_zz_linear,933,232,2,0,0,-0.9772619909830067
development_oof,x10,10,quantum_iqp_zz_linear,947,226,2,0,0,-0.7097643460640004
development_oof,x10,10,quantum_iqp_zz_linear,951,223,2,0,0,-0.5036201403167622
development_oof,x10,10,quantum_iqp_zz_linear,953,119,2,0,0,-0.8526986593313974
development_oof,x10,10,quantum_iqp_zz_linear,965,216,2,0,0,-0.6951161830626345
development_oof,x10,10,quantum_iqp_zz_linear,976,209,2,0,0,-1.1608147656705508
development_oof,x10,10,quantum_iqp_zz_linear,986,113,2,0,0,-1.032775002405931
development_oof,x10,10,quantum_iqp_zz_linear,1001,107,2,0,0,-0.06180843564529148
development_oof,x10,10,quantum_iqp_zz_linear,1005,196,2,0,0,-0.817997450206041
development_oof,x10,10,quantum_iqp_zz_linear,1020,188,2,0,1,0.10284978869250128
development_oof,x10,10,quantum_iqp_zz_linear,1026,186,2,1,0,-0.920549395078482
development_oof,x10,10,quantum_iqp_zz_linear,1030,182,2,0,0,-0.8022364576343364
development_oof,x10,10,rbf_matched,20,3,3,0,0,-0.6363652804252363
development_oof,x10,10,rbf_matched,29,453,3,0,0,-1.0272731742309045
development_oof,x10,10,rbf_matched,31,3,3,0,0,-1.0355424207792758
development_oof,x10,10,rbf_matched,36,80,3,0,0,-1.0045689209100082
development_oof,x10,10,rbf_matched,39,42,3,0,0,-0.9761730075285321
development_oof,x10,10,rbf_matched,42,3,3,0,0,-0.9464827511421222
development_oof,x10,10,rbf_matched,78,443,3,1,1,0.9083881268661087
development_oof,x10,10,rbf_matched,87,439,3,0,0,-1.333940947562382
development_oof,x10,10,rbf_matched,92,27,3,1,0,-0.7292300070722931
development_oof,x10,10,rbf_matched,93,165,3,0,0,-1.078064679292977
development_oof,x10,10,rbf_matched,101,27,3,0,0,-0.9359903989410726
development_oof,x10,10,rbf_matched,125,111,3,0,0,-0.4797040819237274
development_oof,x10,10,rbf_matched,145,430,3,0,0,-0.12280118331334122
development_oof,x10,10,rbf_matched,146,59,3,1,1,0.06225808408791228
development_oof,x10,10,rbf_matched,147,16,3,0,0,-0.715668275685937
development_oof,x10,10,rbf_matched,148,59,3,1,0,-0.023258227743265247
development_oof,x10,10,rbf_matched,154,59,3,1,0,-0.3001587483766409
development_oof,x10,10,rbf_matched,158,428,3,0,0,-0.649558720298877
development_oof,x10,10,rbf_matched,173,52,3,0,0,-0.2501935015643517
development_oof,x10,10,rbf_matched,175,38,3,1,1,1.2926250574173173
development_oof,x10,10,rbf_matched,176,3,3,0,0,-1.002592825742437
development_oof,x10,10,rbf_matched,192,8,3,0,0,-1.3608802104153432
development_oof,x10,10,rbf_matched,196,8,3,0,0,-1.1812003099912016
development_oof,x10,10,rbf_matched,202,421,3,0,0,-1.4382467647512036
development_oof,x10,10,rbf_matched,211,8,3,0,0,-1.1336523850598312
development_oof,x10,10,rbf_matched,217,8,3,0,0,-1.036516718902453
development_oof,x10,10,rbf_matched,218,8,3,0,0,-1.2930756210188972
development_oof,x10,10,rbf_matched,220,8,3,0,0,-0.8963993406910978
development_oof,x10,10,rbf_matched,226,8,3,0,0,-1.3381686956532723
development_oof,x10,10,rbf_matched,227,38,3,1,1,1.0661866824719994
development_oof,x10,10,rbf_matched,230,121,3,1,1,0.2704021464899039
development_oof,x10,10,rbf_matched,238,415,3,0,0,-0.9251459166622477
development_oof,x10,10,rbf_matched,239,3,3,0,0,-0.4608645956834113
development_oof,x10,10,rbf_matched,242,52,3,1,1,1.457203686520974
development_oof,x10,10,rbf_matched,252,3,3,0,0,-1.0627738692699196
development_oof,x10,10,rbf_matched,257,80,3,0,0,-0.8271305524471834
development_oof,x10,10,rbf_matched,266,103,3,1,1,1.235467822544367
development_oof,x10,10,rbf_matched,268,8,3,0,0,-1.1030611151233067
development_oof,x10,10,rbf_matched,271,165,3,0,0,-1.0933832432701047
development_oof,x10,10,rbf_matched,278,407,3,0,0,-1.1343755847216292
development_oof,x10,10,rbf_matched,279,3,3,0,0,-0.9424690512773543
development_oof,x10,10,rbf_matched,284,38,3,1,1,1.1897632850939073
development_oof,x10,10,rbf_matched,285,3,3,0,0,-1.2042011499173086
development_oof,x10,10,rbf_matched,286,3,3,0,0,-1.0240436546130822
development_oof,x10,10,rbf_matched,287,158,3,0,0,-1.2377713901291854
development_oof,x10,10,rbf_matched,290,164,3,1,1,1.181953423058692
development_oof,x10,10,rbf_matched,300,404,3,1,1,1.2076407968304739
development_oof,x10,10,rbf_matched,309,22,3,0,0,-1.1223879113369502
development_oof,x10,10,rbf_matched,320,38,3,1,1,1.3854498218507159
development_oof,x10,10,rbf_matched,321,397,3,0,0,-0.5860859251858342
development_oof,x10,10,rbf_matched,323,3,3,0,0,-0.9770413949465143
development_oof,x10,10,rbf_matched,327,3,3,0,0,-0.6208770262405076
development_oof,x10,10,rbf_matched,332,38,3,1,1,1.285753119437469
development_oof,x10,10,rbf_matched,333,8,3,0,0,-1.0746847941858406
development_oof,x10,10,rbf_matched,341,135,3,1,0,-0.37075373319402605
development_oof,x10,10,rbf_matched,348,3,3,0,0,-0.9097331383965258
development_oof,x10,10,rbf_matched,349,22,3,1,0,-1.406114989060435
development_oof,x10,10,rbf_matched,353,3,3,1,0,-1.2623638859814537
development_oof,x10,10,rbf_matched,354,391,3,1,0,-0.22716875302799688
development_oof,x10,10,rbf_matched,356,390,3,0,0,-0.367277902127337
development_oof,x10,10,rbf_matched,363,22,3,0,0,-1.339371207107798
development_oof,x10,10,rbf_matched,370,8,3,0,0,-0.8330081800573427
development_oof,x10,10,rbf_matched,387,383,3,1,0,-1.3123894797559972
development_oof,x10,10,rbf_matched,406,78,3,0,0,-0.8583329579294819
development_oof,x10,10,rbf_matched,412,3,3,0,0,-0.7557292843119935
development_oof,x10,10,rbf_matched,414,3,3,0,0,-0.541507136259659
development_oof,x10,10,rbf_matched,416,378,3,0,0,-1.3906289516752568
development_oof,x10,10,rbf_matched,417,22,3,0,0,-1.086365534475791
development_oof,x10,10,rbf_matched,419,154,3,1,1,1.4999192975399025
development_oof,x10,10,rbf_matched,421,27,3,0,0,-1.0073399316368783
development_oof,x10,10,rbf_matched,424,27,3,0,0,-0.5045856522186564
development_oof,x10,10,rbf_matched,437,158,3,0,0,-1.1095607575759363
development_oof,x10,10,rbf_matched,438,96,3,1,0,-0.7233264722519736
development_oof,x10,10,rbf_matched,441,27,3,1,0,-0.8765054091297538
development_oof,x10,10,rbf_matched,443,372,3,0,0,-1.388881666746102
development_oof,x10,10,rbf_matched,448,13,3,0,0,-0.4947706338537724
development_oof,x10,10,rbf_matched,450,3,3,0,0,-0.840913440433343
development_oof,x10,10,rbf_matched,451,3,3,0,1,0.12074069190119985
development_oof,x10,10,rbf_matched,456,78,3,0,0,-0.7387135181454915
development_oof,x10,10,rbf_matched,469,8,3,0,0,-0.8527940436056168
development_oof,x10,10,rbf_matched,473,22,3,0,0,-1.3303195062841904
development_oof,x10,10,rbf_matched,483,27,3,0,0,-0.739816340669578
development_oof,x10,10,rbf_matched,490,364,3,0,0,-0.7435551461382949
development_oof,x10,10,rbf_matched,511,129,3,0,0,-1.040983031614656
development_oof,x10,10,rbf_matched,522,154,3,1,1,1.2614794617357277
development_oof,x10,10,rbf_matched,544,63,3,1,0,-1.018108819779742
development_oof,x10,10,rbf_matched,547,77,3,0,0,-0.8594690615238457
development_oof,x10,10,rbf_matched,550,354,3,0,0,-0.8981327175384838
development_oof,x10,10,rbf_matched,556,13,3,0,0,-0.33607090886648827
development_oof,x10,10,rbf_matched,567,13,3,0,0,-0.3337873352599311
development_oof,x10,10,rbf_matched,580,348,3,1,0,-0.0940390093767961
development_oof,x10,10,rbf_matched,597,341,3,0,0,-0.7763146265473971
development_oof,x10,10,rbf_matched,606,337,3,0,0,-1.3339854926315877
development_oof,x10,10,rbf_matched,628,147,3,0,0,-1.5625096462746089
development_oof,x10,10,rbf_matched,632,77,3,0,0,-0.6690467980206009
development_oof,x10,10,rbf_matched,649,89,3,0,0,-1.0942042793886766
development_oof,x10,10,rbf_matched,652,328,3,0,0,-0.4920623323792862
development_oof,x10,10,rbf_matched,681,318,3,0,0,-0.7606799947955755
development_oof,x10,10,rbf_matched,685,33,3,0,0,-1.0709722624489326
development_oof,x10,10,rbf_matched,686,144,3,1,0,-0.5619295590903935
development_oof,x10,10,rbf_matched,690,315,3,0,0,-0.8483998421240618
development_oof,x10,10,rbf_matched,694,33,3,0,0,-1.576555471931306
development_oof,x10,10,rbf_matched,696,89,3,0,0,-1.3031333428395167
development_oof,x10,10,rbf_matched,717,140,3,0,1,0.06889436227554213
development_oof,x10,10,rbf_matched,718,308,3,0,0,-1.5139640221731434
development_oof,x10,10,rbf_matched,743,13,3,0,0,-0.6541477954871598
development_oof,x10,10,rbf_matched,756,303,3,0,0,-0.6284079437378692
development_oof,x10,10,rbf_matched,767,63,3,1,0,-1.1347858133134898
development_oof,x10,10,rbf_matched,768,300,3,0,1,1.394479343410162
development_oof,x10,10,rbf_matched,769,135,3,0,0,-0.3962444976223408
development_oof,x10,10,rbf_matched,801,290,3,0,0,-1.0491114752337407
development_oof,x10,10,rbf_matched,805,63,3,1,0,-0.2673755607508428
development_oof,x10,10,rbf_matched,807,288,3,0,0,-1.5063737943299351
development_oof,x10,10,rbf_matched,808,33,3,0,0,-0.5587286541088531
development_oof,x10,10,rbf_matched,813,33,3,0,0,-0.30382688750797004
development_oof,x10,10,rbf_matched,821,282,3,0,0,-0.31344663339585865
development_oof,x10,10,rbf_matched,827,129,3,0,0,-0.9428433491727138
development_oof,x10,10,rbf_matched,847,274,3,0,0,-1.2239297462975354
development_oof,x10,10,rbf_matched,854,271,3,0,0,-1.606103515474754
development_oof,x10,10,rbf_matched,864,264,3,0,0,-1.303870092252204
development_oof,x10,10,rbf_matched,866,262,3,0,0,-0.11012456895699374
development_oof,x10,10,rbf_matched,869,80,3,0,0,-0.9403971978795379
development_oof,x10,10,rbf_matched,881,259,3,0,0,-0.40026709486095813
development_oof,x10,10,rbf_matched,883,59,3,1,1,0.3938206462021983
development_oof,x10,10,rbf_matched,893,253,3,0,0,-0.6688797983843985
development_oof,x10,10,rbf_matched,899,123,3,1,1,1.3511124629988278
development_oof,x10,10,rbf_matched,904,52,3,1,1,1.3769304179548394
development_oof,x10,10,rbf_matched,913,121,3,1,1,1.3606354318532297
development_oof,x10,10,rbf_matched,917,243,3,1,0,-0.6908067159254662
development_oof,x10,10,rbf_matched,920,241,3,0,0,-0.8219399429914555
development_oof,x10,10,rbf_matched,921,16,3,0,0,-0.35510097520956074
development_oof,x10,10,rbf_matched,930,235,3,1,1,0.33393640955029336
development_oof,x10,10,rbf_matched,935,231,3,0,0,-0.965724189923452
development_oof,x10,10,rbf_matched,940,78,3,0,0,-0.7637490279663907
development_oof,x10,10,rbf_matched,945,227,3,0,0,-0.48587504811466864
development_oof,x10,10,rbf_matched,962,218,3,0,0,-1.0506076091887961
development_oof,x10,10,rbf_matched,963,217,3,0,0,-1.2800215076749413
development_oof,x10,10,rbf_matched,973,210,3,0,0,-1.4269810108991545
development_oof,x10,10,rbf_matched,982,77,3,0,0,-0.7778070477035156
development_oof,x10,10,rbf_matched,988,202,3,1,0,-0.9005741783752547
development_oof,x10,10,rbf_matched,998,198,3,0,0,-1.1913901679116452
development_oof,x10,10,rbf_matched,1002,197,3,0,0,-0.5241251882377064
development_oof,x10,10,rbf_matched,1006,111,3,0,0,-1.2461829314581019
development_oof,x10,10,rbf_matched,1017,189,3,0,0,-0.9035003698772875
development_oof,x10,10,rbf_matched,1025,63,3,1,0,-2.006416729431832
development_oof,x10,10,rbf_matched,1028,184,3,0,0,-0.529372089767956
development_oof,x10,10,rbf_matched,1029,183,3,0,0,-0.8738302569507884
development_oof,x10,10,quantum_angle_product,20,3,3,0,0,-0.835855561937358
development_oof,x10,10,quantum_angle_product,29,453,3,0,0,-0.9474977894037886
development_oof,x10,10,quantum_angle_product,31,3,3,0,0,-1.0300968535030868
development_oof,x10,10,quantum_angle_product,36,80,3,0,0,-0.9238032654675763
development_oof,x10,10,quantum_angle_product,39,42,3,0,0,-1.0332934937790135
development_oof,x10,10,quantum_angle_product,42,3,3,0,0,-0.9708214569056408
development_oof,x10,10,quantum_angle_product,78,443,3,1,1,0.798391321571824
development_oof,x10,10,quantum_angle_product,87,439,3,0,0,-1.2550340249358158
development_oof,x10,10,quantum_angle_product,92,27,3,1,0,-0.8862445769246903
development_oof,x10,10,quantum_angle_product,93,165,3,0,0,-1.0178070654932907
development_oof,x10,10,quantum_angle_product,101,27,3,0,0,-0.9559577607209402
development_oof,x10,10,quantum_angle_product,125,111,3,0,0,-0.5269521245751628
development_oof,x10,10,quantum_angle_product,145,430,3,0,0,-0.5129775396456369
development_oof,x10,10,quantum_angle_product,146,59,3,1,0,-0.27507703541745876
development_oof,x10,10,quantum_angle_product,147,16,3,0,0,-0.7983142992795245
development_oof,x10,10,quantum_angle_product,148,59,3,1,0,-0.352718279966875
development_oof,x10,10,quantum_angle_product,154,59,3,1,0,-0.45276185984881645
development_oof,x10,10,quantum_angle_product,158,428,3,0,0,-0.8796154330848016
development_oof,x10,10,quantum_angle_product,173,52,3,0,0,-0.712506049601463
development_oof,x10,10,quantum_angle_product,175,38,3,1,1,1.1401306945556435
development_oof,x10,10,quantum_angle_product,176,3,3,0,0,-1.0143720887551866
development_oof,x10,10,quantum_angle_product,192,8,3,0,0,-1.2661998757297805
development_oof,x10,10,quantum_angle_product,196,8,3,0,0,-1.147476461064059
development_oof,x10,10,quantum_angle_product,202,421,3,0,0,-1.1963635682628815
development_oof,x10,10,quantum_angle_product,211,8,3,0,0,-1.1129019185963092
development_oof,x10,10,quantum_angle_product,217,8,3,0,0,-1.1020613923792477
development_oof,x10,10,quantum_angle_product,218,8,3,0,0,-1.2225192134200626
development_oof,x10,10,quantum_angle_product,220,8,3,0,0,-1.0077828763475036
development_oof,x10,10,quantum_angle_product,226,8,3,0,0,-1.21748922666146
development_oof,x10,10,quantum_angle_product,227,38,3,1,1,1.0217296462224676
development_oof,x10,10,quantum_angle_product,230,121,3,1,1,0.10324186397737878
development_oof,x10,10,quantum_angle_product,238,415,3,0,0,-1.0517752025771752
development_oof,x10,10,quantum_angle_product,239,3,3,0,0,-0.7100424915292884
development_oof,x10,10,quantum_angle_product,242,52,3,1,1,1.2682776044387125
development_oof,x10,10,quantum_angle_product,252,3,3,0,0,-1.060670965320858
development_oof,x10,10,quantum_angle_product,257,80,3,0,0,-0.7811731817051812
development_oof,x10,10,quantum_angle_product,266,103,3,1,1,1.1539103249591718
development_oof,x10,10,quantum_angle_product,268,8,3,0,0,-1.0964606361474798
development_oof,x10,10,quantum_angle_product,271,165,3,0,0,-1.073346743308516
development_oof,x10,10,quantum_angle_product,278,407,3,0,0,-1.023957410589432
development_oof,x10,10,quantum_angle_product,279,3,3,0,0,-0.933079712519739
development_oof,x10,10,quantum_angle_product,284,38,3,1,1,0.9624992810189253
development_oof,x10,10,quantum_angle_product,285,3,3,0,0,-1.1178274201298248
development_oof,x10,10,quantum_angle_product,286,3,3,0,0,-1.0054425775337017
development_oof,x10,10,quantum_angle_product,287,158,3,0,0,-1.0663314462624083
development_oof,x10,10,quantum_angle_product,290,164,3,1,1,1.0287481779522953
development_oof,x10,10,quantum_angle_product,300,404,3,1,1,1.0061816801321746
development_oof,x10,10,quantum_angle_product,309,22,3,0,0,-1.038155141635028
development_oof,x10,10,quantum_angle_product,320,38,3,1,1,1.1694219918141813
development_oof,x10,10,quantum_angle_product,321,397,3,0,0,-0.8121484457495207
development_oof,x10,10,quantum_angle_product,323,3,3,0,0,-0.9883251229877921
development_oof,x10,10,quantum_angle_product,327,3,3,0,0,-0.8769384931858031
development_oof,x10,10,quantum_angle_product,332,38,3,1,1,1.1169259131492761
development_oof,x10,10,quantum_angle_product,333,8,3,0,0,-1.0857455232115423
development_oof,x10,10,quantum_angle_product,341,135,3,1,0,-0.22408931698436863
development_oof,x10,10,quantum_angle_product,348,3,3,0,0,-0.962489281275337
development_oof,x10,10,quantum_angle_product,349,22,3,1,0,-1.2237908907463457
development_oof,x10,10,quantum_angle_product,353,3,3,1,0,-1.0998921153853347
development_oof,x10,10,quantum_angle_product,354,391,3,1,0,-0.5633875186479056
development_oof,x10,10,quantum_angle_product,356,390,3,0,0,-0.6258509677773487
development_oof,x10,10,quantum_angle_product,363,22,3,0,0,-1.1987121817732411
development_oof,x10,10,quantum_angle_product,370,8,3,0,0,-0.9519904082722594
development_oof,x10,10,quantum_angle_product,387,383,3,1,0,-0.6606175743223295
development_oof,x10,10,quantum_angle_product,406,78,3,0,0,-0.8952397917827164
development_oof,x10,10,quantum_angle_product,412,3,3,0,0,-0.8977941645282737
development_oof,x10,10,quantum_angle_product,414,3,3,0,0,-0.7481596684622123
development_oof,x10,10,quantum_angle_product,416,378,3,0,0,-1.197596744441467
development_oof,x10,10,quantum_angle_product,417,22,3,0,0,-1.0328296592431792
development_oof,x10,10,quantum_angle_product,419,154,3,1,1,1.2562449721654705
development_oof,x10,10,quantum_angle_product,421,27,3,0,0,-0.9978121548560086
development_oof,x10,10,quantum_angle_product,424,27,3,0,0,-0.6980608918304054
development_oof,x10,10,quantum_angle_product,437,158,3,0,0,-0.9875183115341648
development_oof,x10,10,quantum_angle_product,438,96,3,1,0,-0.8695797309333178
development_oof,x10,10,quantum_angle_product,441,27,3,1,0,-0.9265283554468742
development_oof,x10,10,quantum_angle_product,443,372,3,0,0,-1.1650001626324649
development_oof,x10,10,quantum_angle_product,448,13,3,0,0,-0.5642997076425734
development_oof,x10,10,quantum_angle_product,450,3,3,0,0,-0.8578366731511533
development_oof,x10,10,quantum_angle_product,451,3,3,0,0,-0.4257918523929556
development_oof,x10,10,quantum_angle_product,456,78,3,0,0,-0.7523290972070131
development_oof,x10,10,quantum_angle_product,469,8,3,0,0,-0.9559898582283561
development_oof,x10,10,quantum_angle_product,473,22,3,0,0,-1.1989437646421308
development_oof,x10,10,quantum_angle_product,483,27,3,0,0,-0.8323248179903813
development_oof,x10,10,quantum_angle_product,490,364,3,0,0,-0.7966628571780974
development_oof,x10,10,quantum_angle_product,511,129,3,0,0,-1.0240554368939685
development_oof,x10,10,quantum_angle_product,522,154,3,1,1,1.1425280370540527
development_oof,x10,10,quantum_angle_product,544,63,3,1,0,-0.6636579678280339
development_oof,x10,10,quantum_angle_product,547,77,3,0,0,-0.9786533678383627
development_oof,x10,10,quantum_angle_product,550,354,3,0,0,-0.8820376667091263
development_oof,x10,10,quantum_angle_product,556,13,3,0,0,-0.3785076622135628
development_oof,x10,10,quantum_angle_product,567,13,3,0,0,-0.41441510536520054
development_oof,x10,10,quantum_angle_product,580,348,3,1,0,-0.5100403759228953
development_oof,x10,10,quantum_angle_product,597,341,3,0,0,-0.8079174935017579
development_oof,x10,10,quantum_angle_product,606,337,3,0,0,-0.9106599758508831
development_oof,x10,10,quantum_angle_product,628,147,3,0,0,-1.1541086016816473
development_oof,x10,10,quantum_angle_product,632,77,3,0,0,-0.8831393855274239
development_oof,x10,10,quantum_angle_product,649,89,3,0,0,-0.7571686763168461
development_oof,x10,10,quantum_angle_product,652,328,3,0,0,-0.7146341618158865
development_oof,x10,10,quantum_angle_product,681,318,3,0,0,-0.8013910231392034
development_oof,x10,10,quantum_angle_product,685,33,3,0,0,-1.0379207519196973
development_oof,x10,10,quantum_angle_product,686,144,3,1,0,-0.7879378922469638
development_oof,x10,10,quantum_angle_product,690,315,3,0,0,-0.8294513417679563
development_oof,x10,10,quantum_angle_product,694,33,3,0,0,-1.2882790156108195
development_oof,x10,10,quantum_angle_product,696,89,3,0,0,-0.921123186196799
development_oof,x10,10,quantum_angle_product,717,140,3,0,0,-0.25922348473907675
development_oof,x10,10,quantum_angle_product,718,308,3,0,0,-1.1783539296654577
development_oof,x10,10,quantum_angle_product,743,13,3,0,0,-0.5001451982841051
development_oof,x10,10,quantum_angle_product,756,303,3,0,0,-0.7326973131649457
development_oof,x10,10,quantum_angle_product,767,63,3,1,0,-0.8171271974051066
development_oof,x10,10,quantum_angle_product,768,300,3,0,1,1.1337613388133752
development_oof,x10,10,quantum_angle_product,769,135,3,0,0,-0.22844090231572767
development_oof,x10,10,quantum_angle_product,801,290,3,0,0,-1.073820507228439
development_oof,x10,10,quantum_angle_product,805,63,3,1,0,-0.0036287386406806954
development_oof,x10,10,quantum_angle_product,807,288,3,0,0,-0.8787408729113801
development_oof,x10,10,quantum_angle_product,808,33,3,0,0,-0.8228638269044746
development_oof,x10,10,quantum_angle_product,813,33,3,0,0,-0.7094129251846764
development_oof,x10,10,quantum_angle_product,821,282,3,0,0,-0.4579643626942558
development_oof,x10,10,quantum_angle_product,827,129,3,0,0,-0.967322365710493
development_oof,x10,10,quantum_angle_product,847,274,3,0,0,-1.1391430486060563
development_oof,x10,10,quantum_angle_product,854,271,3,0,0,-1.009402946919708
development_oof,x10,10,quantum_angle_product,864,264,3,0,0,-1.1732307204391372
development_oof,x10,10,quantum_angle_product,866,262,3,0,0,-0.46715297810595235
development_oof,x10,10,quantum_angle_product,869,80,3,0,0,-0.8765316377958166
development_oof,x10,10,quantum_angle_product,881,259,3,0,0,-0.6408015652220618
development_oof,x10,10,quantum_angle_product,883,59,3,1,0,-0.050945383937742506
development_oof,x10,10,quantum_angle_product,893,253,3,0,0,-0.8703671779394782
development_oof,x10,10,quantum_angle_product,899,123,3,1,1,1.2189870190174745
development_oof,x10,10,quantum_angle_product,904,52,3,1,1,0.9032140815982111
development_oof,x10,10,quantum_angle_product,913,121,3,1,1,0.6840026705633011
development_oof,x10,10,quantum_angle_product,917,243,3,1,0,-0.8054946942068382
development_oof,x10,10,quantum_angle_product,920,241,3,0,0,-0.9376639239889553
development_oof,x10,10,quantum_angle_product,921,16,3,0,0,-0.6021074597911018
development_oof,x10,10,quantum_angle_product,930,235,3,1,0,-0.08972702667509125
development_oof,x10,10,quantum_angle_product,935,231,3,0,0,-0.9524223637466469
development_oof,x10,10,quantum_angle_product,940,78,3,0,0,-0.8292332974834538
development_oof,x10,10,quantum_angle_product,945,227,3,0,0,-0.755743570028969
development_oof,x10,10,quantum_angle_product,962,218,3,0,0,-0.9624175629204066
development_oof,x10,10,quantum_angle_product,963,217,3,0,0,-1.123134393804977
development_oof,x10,10,quantum_angle_product,973,210,3,0,0,-1.031185596748508
development_oof,x10,10,quantum_angle_product,982,77,3,0,0,-0.8985602169307021
development_oof,x10,10,quantum_angle_product,988,202,3,1,0,-0.9823972347049836
development_oof,x10,10,quantum_angle_product,998,198,3,0,0,-0.78332000697521
development_oof,x10,10,quantum_angle_product,1002,197,3,0,0,-0.7014632001804473
development_oof,x10,10,quantum_angle_product,1006,111,3,0,0,-0.9246707283442088
development_oof,x10,10,quantum_angle_product,1017,189,3,0,0,-0.9515439412058111
development_oof,x10,10,quantum_angle_product,1025,63,3,1,0,-1.0489751976768151
development_oof,x10,10,quantum_angle_product,1028,184,3,0,0,-0.7770412860145477
development_oof,x10,10,quantum_angle_product,1029,183,3,0,0,-0.8266073520863799
development_oof,x10,10,quantum_iqp_zz_linear,20,3,3,0,0,-0.8438638160659226
development_oof,x10,10,quantum_iqp_zz_linear,29,453,3,0,0,-0.9608693276062656
development_oof,x10,10,quantum_iqp_zz_linear,31,3,3,0,0,-1.0308284830012375
development_oof,x10,10,quantum_iqp_zz_linear,36,80,3,0,0,-0.9293973128262598
development_oof,x10,10,quantum_iqp_zz_linear,39,42,3,0,0,-1.0368899997021273
development_oof,x10,10,quantum_iqp_zz_linear,42,3,3,0,0,-0.9766880776541524
development_oof,x10,10,quantum_iqp_zz_linear,78,443,3,1,1,0.7888377596833231
development_oof,x10,10,quantum_iqp_zz_linear,87,439,3,0,0,-1.2298251514770424
development_oof,x10,10,quantum_iqp_zz_linear,92,27,3,1,0,-0.8942026834377552
development_oof,x10,10,quantum_iqp_zz_linear,93,165,3,0,0,-1.0253810069491323
development_oof,x10,10,quantum_iqp_zz_linear,101,27,3,0,0,-0.9582994082154004
development_oof,x10,10,quantum_iqp_zz_linear,125,111,3,0,0,-0.5398086331145164
development_oof,x10,10,quantum_iqp_zz_linear,145,430,3,0,0,-0.5288342665326378
development_oof,x10,10,quantum_iqp_zz_linear,146,59,3,1,0,-0.23811140779963247
development_oof,x10,10,quantum_iqp_zz_linear,147,16,3,0,0,-0.8084884027467989
development_oof,x10,10,quantum_iqp_zz_linear,148,59,3,1,0,-0.3167340059672876
development_oof,x10,10,quantum_iqp_zz_linear,154,59,3,1,0,-0.42534416528911223
development_oof,x10,10,quantum_iqp_zz_linear,158,428,3,0,0,-0.8861257158040681
development_oof,x10,10,quantum_iqp_zz_linear,173,52,3,0,0,-0.7194947190532879
development_oof,x10,10,quantum_iqp_zz_linear,175,38,3,1,1,1.0985477342870074
development_oof,x10,10,quantum_iqp_zz_linear,176,3,3,0,0,-1.0186877442781548
development_oof,x10,10,quantum_iqp_zz_linear,192,8,3,0,0,-1.2493442957553584
development_oof,x10,10,quantum_iqp_zz_linear,196,8,3,0,0,-1.1387998093744187
development_oof,x10,10,quantum_iqp_zz_linear,202,421,3,0,0,-1.1936830111764243
development_oof,x10,10,quantum_iqp_zz_linear,211,8,3,0,0,-1.1055903081551715
development_oof,x10,10,quantum_iqp_zz_linear,217,8,3,0,0,-1.0930311914258775
development_oof,x10,10,quantum_iqp_zz_linear,218,8,3,0,0,-1.2089339900345548
development_oof,x10,10,quantum_iqp_zz_linear,220,8,3,0,0,-1.0048768614440258
development_oof,x10,10,quantum_iqp_zz_linear,226,8,3,0,0,-1.2079104837285204
development_oof,x10,10,quantum_iqp_zz_linear,227,38,3,1,1,1.002637959586261
development_oof,x10,10,quantum_iqp_zz_linear,230,121,3,1,1,0.11967186311126865
development_oof,x10,10,quantum_iqp_zz_linear,238,415,3,0,0,-1.035120616461786
development_oof,x10,10,quantum_iqp_zz_linear,239,3,3,0,0,-0.7255469434034376
development_oof,x10,10,quantum_iqp_zz_linear,242,52,3,1,1,1.254258665282474
development_oof,x10,10,quantum_iqp_zz_linear,252,3,3,0,0,-1.0605157092022677
development_oof,x10,10,quantum_iqp_zz_linear,257,80,3,0,0,-0.7743652473245723
development_oof,x10,10,quantum_iqp_zz_linear,266,103,3,1,1,1.1267609167987191
development_oof,x10,10,quantum_iqp_zz_linear,268,8,3,0,0,-1.0891894552466868
development_oof,x10,10,quantum_iqp_zz_linear,271,165,3,0,0,-1.0660154586347836
development_oof,x10,10,quantum_iqp_zz_linear,278,407,3,0,0,-1.0269058459832028
development_oof,x10,10,quantum_iqp_zz_linear,279,3,3,0,0,-0.9360096383131629
development_oof,x10,10,quantum_iqp_zz_linear,284,38,3,1,1,0.9527714105080802
development_oof,x10,10,quantum_iqp_zz_linear,285,3,3,0,0,-1.1129963620400052
development_oof,x10,10,quantum_iqp_zz_linear,286,3,3,0,0,-1.0067000736988985
development_oof,x10,10,quantum_iqp_zz_linear,287,158,3,0,0,-1.0588632930089112
development_oof,x10,10,quantum_iqp_zz_linear,290,164,3,1,1,1.0249329467611137
development_oof,x10,10,quantum_iqp_zz_linear,300,404,3,1,1,1.0115932643126408
development_oof,x10,10,quantum_iqp_zz_linear,309,22,3,0,0,-1.0452672549802382
development_oof,x10,10,quantum_iqp_zz_linear,320,38,3,1,1,1.1297507772063509
development_oof,x10,10,quantum_iqp_zz_linear,321,397,3,0,0,-0.8097710901642254
development_oof,x10,10,quantum_iqp_zz_linear,323,3,3,0,0,-0.9928944068327845
development_oof,x10,10,quantum_iqp_zz_linear,327,3,3,0,0,-0.8865281741435225
development_oof,x10,10,quantum_iqp_zz_linear,332,38,3,1,1,1.1026052342130959
development_oof,x10,10,quantum_iqp_zz_linear,333,8,3,0,0,-1.0802285127894593
development_oof,x10,10,quantum_iqp_zz_linear,341,135,3,1,0,-0.25187631669200383
development_oof,x10,10,quantum_iqp_zz_linear,348,3,3,0,0,-0.9691241492113722
development_oof,x10,10,quantum_iqp_zz_linear,349,22,3,1,0,-1.2234636437574362
development_oof,x10,10,quantum_iqp_zz_linear,353,3,3,1,0,-1.0939064028741616
development_oof,x10,10,quantum_iqp_zz_linear,354,391,3,1,0,-0.5700561198039831
development_oof,x10,10,quantum_iqp_zz_linear,356,390,3,0,0,-0.6393486539649593
development_oof,x10,10,quantum_iqp_zz_linear,363,22,3,0,0,-1.198087239439956
development_oof,x10,10,quantum_iqp_zz_linear,370,8,3,0,0,-0.9541331802543347
development_oof,x10,10,quantum_iqp_zz_linear,387,383,3,1,0,-0.6847653423928279
development_oof,x10,10,quantum_iqp_zz_linear,406,78,3,0,0,-0.9017023428370701
development_oof,x10,10,quantum_iqp_zz_linear,412,3,3,0,0,-0.9077299444625031
development_oof,x10,10,quantum_iqp_zz_linear,414,3,3,0,0,-0.7593930833582319
development_oof,x10,10,quantum_iqp_zz_linear,416,378,3,0,0,-1.1845203472328563
development_oof,x10,10,quantum_iqp_zz_linear,417,22,3,0,0,-1.0415077244320732
development_oof,x10,10,quantum_iqp_zz_linear,419,154,3,1,1,1.2587089084365721
development_oof,x10,10,quantum_iqp_zz_linear,421,27,3,0,0,-0.9984950446170378
development_oof,x10,10,quantum_iqp_zz_linear,424,27,3,0,0,-0.7008254575338921
development_oof,x10,10,quantum_iqp_zz_linear,437,158,3,0,0,-0.9817691191669886
development_oof,x10,10,quantum_iqp_zz_linear,438,96,3,1,0,-0.8749408847127729
development_oof,x10,10,quantum_iqp_zz_linear,441,27,3,1,0,-0.9254679721936809
development_oof,x10,10,quantum_iqp_zz_linear,443,372,3,0,0,-1.1672412041629574
development_oof,x10,10,quantum_iqp_zz_linear,448,13,3,0,0,-0.5708739186750857
development_oof,x10,10,quantum_iqp_zz_linear,450,3,3,0,0,-0.8626164026037362
development_oof,x10,10,quantum_iqp_zz_linear,451,3,3,0,0,-0.4416252497218873
development_oof,x10,10,quantum_iqp_zz_linear,456,78,3,0,0,-0.7685968167691162
development_oof,x10,10,quantum_iqp_zz_linear,469,8,3,0,0,-0.9584891179514765
development_oof,x10,10,quantum_iqp_zz_linear,473,22,3,0,0,-1.1980776877077528
development_oof,x10,10,quantum_iqp_zz_linear,483,27,3,0,0,-0.8374234081333483
development_oof,x10,10,quantum_iqp_zz_linear,490,364,3,0,0,-0.7988492103530549
development_oof,x10,10,quantum_iqp_zz_linear,511,129,3,0,0,-1.0289302665822322
development_oof,x10,10,quantum_iqp_zz_linear,522,154,3,1,1,1.1445794428232676
development_oof,x10,10,quantum_iqp_zz_linear,544,63,3,1,0,-0.6675337055709034
development_oof,x10,10,quantum_iqp_zz_linear,547,77,3,0,0,-0.9829609230197929
development_oof,x10,10,quantum_iqp_zz_linear,550,354,3,0,0,-0.8895335328160505
development_oof,x10,10,quantum_iqp_zz_linear,556,13,3,0,0,-0.37891435204420454
development_oof,x10,10,quantum_iqp_zz_linear,567,13,3,0,0,-0.42136583862913
development_oof,x10,10,quantum_iqp_zz_linear,580,348,3,1,0,-0.528734605617873
development_oof,x10,10,quantum_iqp_zz_linear,597,341,3,0,0,-0.8101954832380183
development_oof,x10,10,quantum_iqp_zz_linear,606,337,3,0,0,-0.9216014462018067
development_oof,x10,10,quantum_iqp_zz_linear,628,147,3,0,0,-1.15616671837884
development_oof,x10,10,quantum_iqp_zz_linear,632,77,3,0,0,-0.8925002011982186
development_oof,x10,10,quantum_iqp_zz_linear,649,89,3,0,0,-0.7692506455043433
development_oof,x10,10,quantum_iqp_zz_linear,652,328,3,0,0,-0.7156948471426139
development_oof,x10,10,quantum_iqp_zz_linear,681,318,3,0,0,-0.8072511507167006
development_oof,x10,10,quantum_iqp_zz_linear,685,33,3,0,0,-1.043096142730738
development_oof,x10,10,quantum_iqp_zz_linear,686,144,3,1,0,-0.7914447327821461
development_oof,x10,10,quantum_iqp_zz_linear,690,315,3,0,0,-0.839891490376095
development_oof,x10,10,quantum_iqp_zz_linear,694,33,3,0,0,-1.2912460483054207
development_oof,x10,10,quantum_iqp_zz_linear,696,89,3,0,0,-0.9332066448900151
development_oof,x10,10,quantum_iqp_zz_linear,717,140,3,0,0,-0.2535411150348894
development_oof,x10,10,quantum_iqp_zz_linear,718,308,3,0,0,-1.1689568452333483
development_oof,x10,10,quantum_iqp_zz_linear,743,13,3,0,0,-0.5082874348511259
development_oof,x10,10,quantum_iqp_zz_linear,756,303,3,0,0,-0.7333975168393962
development_oof,x10,10,quantum_iqp_zz_linear,767,63,3,1,0,-0.8221785763806233
development_oof,x10,10,quantum_iqp_zz_linear,768,300,3,0,1,1.1257919153385556
development_oof,x10,10,quantum_iqp_zz_linear,769,135,3,0,0,-0.25615592134260945
development_oof,x10,10,quantum_iqp_zz_linear,801,290,3,0,0,-1.0620709476817995
development_oof,x10,10,quantum_iqp_zz_linear,805,63,3,1,1,0.01673038986519848
development_oof,x10,10,quantum_iqp_zz_linear,807,288,3,0,0,-0.8894523539788595
development_oof,x10,10,quantum_iqp_zz_linear,808,33,3,0,0,-0.8275433694459846
development_oof,x10,10,quantum_iqp_zz_linear,813,33,3,0,0,-0.7003042573893559
development_oof,x10,10,quantum_iqp_zz_linear,821,282,3,0,0,-0.46677877167034265
development_oof,x10,10,quantum_iqp_zz_linear,827,129,3,0,0,-0.9707551418425631
development_oof,x10,10,quantum_iqp_zz_linear,847,274,3,0,0,-1.1410980658875474
development_oof,x10,10,quantum_iqp_zz_linear,854,271,3,0,0,-1.010962211661595
development_oof,x10,10,quantum_iqp_zz_linear,864,264,3,0,0,-1.1702511586904172
development_oof,x10,10,quantum_iqp_zz_linear,866,262,3,0,0,-0.4836803924286771
development_oof,x10,10,quantum_iqp_zz_linear,869,80,3,0,0,-0.871318095517553
development_oof,x10,10,quantum_iqp_zz_linear,881,259,3,0,0,-0.6452260111229999
development_oof,x10,10,quantum_iqp_zz_linear,883,59,3,1,0,-0.013602959004991977
development_oof,x10,10,quantum_iqp_zz_linear,893,253,3,0,0,-0.8535304242542334
development_oof,x10,10,quantum_iqp_zz_linear,899,123,3,1,1,1.1923714202978823
development_oof,x10,10,quantum_iqp_zz_linear,904,52,3,1,1,0.8824404703609181
development_oof,x10,10,quantum_iqp_zz_linear,913,121,3,1,1,0.7038601415036179
development_oof,x10,10,quantum_iqp_zz_linear,917,243,3,1,0,-0.8213530809116154
development_oof,x10,10,quantum_iqp_zz_linear,920,241,3,0,0,-0.9365541440442646
development_oof,x10,10,quantum_iqp_zz_linear,921,16,3,0,0,-0.6140466610764518
development_oof,x10,10,quantum_iqp_zz_linear,930,235,3,1,0,-0.055080133154098876
development_oof,x10,10,quantum_iqp_zz_linear,935,231,3,0,0,-0.967482341740582
development_oof,x10,10,quantum_iqp_zz_linear,940,78,3,0,0,-0.841995292388638
development_oof,x10,10,quantum_iqp_zz_linear,945,227,3,0,0,-0.7597959419827363
development_oof,x10,10,quantum_iqp_zz_linear,962,218,3,0,0,-0.9776405222549931
development_oof,x10,10,quantum_iqp_zz_linear,963,217,3,0,0,-1.1196063688923938
development_oof,x10,10,quantum_iqp_zz_linear,973,210,3,0,0,-1.0495381338453176
development_oof,x10,10,quantum_iqp_zz_linear,982,77,3,0,0,-0.9075336788281358
development_oof,x10,10,quantum_iqp_zz_linear,988,202,3,1,0,-0.978042314460938
development_oof,x10,10,quantum_iqp_zz_linear,998,198,3,0,0,-0.8087878164928894
development_oof,x10,10,quantum_iqp_zz_linear,1002,197,3,0,0,-0.709977435980695
development_oof,x10,10,quantum_iqp_zz_linear,1006,111,3,0,0,-0.9245211461080083
development_oof,x10,10,quantum_iqp_zz_linear,1017,189,3,0,0,-0.9498019374557876
development_oof,x10,10,quantum_iqp_zz_linear,1025,63,3,1,0,-1.0502797857469726
development_oof,x10,10,quantum_iqp_zz_linear,1028,184,3,0,0,-0.7801361638700128
development_oof,x10,10,quantum_iqp_zz_linear,1029,183,3,0,0,-0.8244500200145279
development_oof,x10,10,rbf_matched,16,93,4,1,1,1.1066634046117394
development_oof,x10,10,rbf_matched,19,457,4,0,0,-0.9482213567400299
development_oof,x10,10,rbf_matched,27,53,4,0,0,-1.0204207077444671
development_oof,x10,10,rbf_matched,44,450,4,0,0,-1.0721207660363992
development_oof,x10,10,rbf_matched,60,4,4,1,0,-0.7446484133059346
development_oof,x10,10,rbf_matched,62,82,4,0,0,-1.0070845212454858
development_oof,x10,10,rbf_matched,66,82,4,1,0,-0.8956150375472718
development_oof,x10,10,rbf_matched,69,444,4,0,0,-1.008719984770451
development_oof,x10,10,rbf_matched,83,60,4,1,0,-0.2558446510990744
development_oof,x10,10,rbf_matched,84,9,4,1,1,2.227509829415265
development_oof,x10,10,rbf_matched,86,174,4,1,1,1.0169017505806024
development_oof,x10,10,rbf_matched,90,9,4,1,1,1.0442303326121327
development_oof,x10,10,rbf_matched,95,161,4,0,0,-1.059384160798026
development_oof,x10,10,rbf_matched,102,15,4,0,0,-0.8398861035803131
development_oof,x10,10,rbf_matched,112,9,4,1,1,1.1155580501639721
development_oof,x10,10,rbf_matched,117,433,4,0,0,-0.9793319485514993
development_oof,x10,10,rbf_matched,119,0,4,0,0,-0.9629228299722734
development_oof,x10,10,rbf_matched,123,9,4,1,1,1.1847584963866442
development_oof,x10,10,rbf_matched,131,170,4,1,0,-0.2558446510990744
development_oof,x10,10,rbf_matched,134,15,4,0,0,-1.0457086075885873
development_oof,x10,10,rbf_matched,138,431,4,0,0,-0.5915462063305621
development_oof,x10,10,rbf_matched,142,0,4,0,0,-0.9415496749108843
development_oof,x10,10,rbf_matched,156,9,4,1,1,1.0418415878393308
development_oof,x10,10,rbf_matched,157,0,4,0,0,-1.007650819643009
development_oof,x10,10,rbf_matched,159,4,4,1,0,-0.8449648309821471
development_oof,x10,10,rbf_matched,169,9,4,1,1,1.0791486399604389
development_oof,x10,10,rbf_matched,170,60,4,1,0,-0.8184005949008513
development_oof,x10,10,rbf_matched,178,54,4,0,0,-1.0327037004397117
development_oof,x10,10,rbf_matched,181,9,4,1,1,1.025081872066012
development_oof,x10,10,rbf_matched,183,422,4,0,0,-0.9923850738505258
development_oof,x10,10,rbf_matched,184,4,4,1,0,-0.8245362418595485
development_oof,x10,10,rbf_matched,187,9,4,1,1,1.069627535923979
development_oof,x10,10,rbf_matched,193,9,4,1,1,1.0866809847342118
development_oof,x10,10,rbf_matched,198,53,4,0,0,-0.963111601750104
development_oof,x10,10,rbf_matched,201,9,4,1,1,1.1052299408201072
development_oof,x10,10,rbf_matched,206,125,4,1,0,-1.0544168433792103
development_oof,x10,10,rbf_matched,210,104,4,1,1,0.989617683560521
development_oof,x10,10,rbf_matched,221,9,4,1,1,1.0127017664441258
development_oof,x10,10,rbf_matched,236,416,4,1,0,-1.1011711482728934
development_oof,x10,10,rbf_matched,258,35,4,0,0,-0.9972870519879042
development_oof,x10,10,rbf_matched,277,102,4,1,0,-0.9726879305272291
development_oof,x10,10,rbf_matched,294,122,4,0,0,-0.8784772976830713
development_oof,x10,10,rbf_matched,304,24,4,1,0,-0.9779607828443342
development_oof,x10,10,rbf_matched,310,401,4,0,0,-1.0182047047583658
development_oof,x10,10,rbf_matched,311,400,4,1,0,-0.9721101972577815
development_oof,x10,10,rbf_matched,322,15,4,0,0,-0.6875055021424927
development_oof,x10,10,rbf_matched,335,15,4,0,0,-0.850033977657302
development_oof,x10,10,rbf_matched,337,15,4,0,0,-0.996799266040429
development_oof,x10,10,rbf_matched,355,15,4,0,0,-1.029485458538324
development_oof,x10,10,rbf_matched,358,389,4,0,0,-0.7106121600263036
development_oof,x10,10,rbf_matched,371,161,4,0,0,-0.9216530485726637
development_oof,x10,10,rbf_matched,379,24,4,0,0,-1.0125075939264034
development_oof,x10,10,rbf_matched,382,384,4,0,0,-0.9750747418677927
development_oof,x10,10,rbf_matched,384,69,4,0,0,-0.8890305401373975
development_oof,x10,10,rbf_matched,386,4,4,1,0,-0.8419139521984587
development_oof,x10,10,rbf_matched,392,4,4,1,1,0.2559306003445214
development_oof,x10,10,rbf_matched,393,0,4,0,0,-0.9559887120115151
development_oof,x10,10,rbf_matched,400,28,4,0,0,-1.0407500430688605
development_oof,x10,10,rbf_matched,401,4,4,1,0,-0.8472209310328647
development_oof,x10,10,rbf_matched,404,35,4,0,0,-1.0689273832985102
development_oof,x10,10,rbf_matched,405,379,4,0,0,-0.8099133625258372
development_oof,x10,10,rbf_matched,407,160,4,0,0,-0.9802929129650231
development_oof,x10,10,rbf_matched,409,4,4,1,0,-0.5155132660484818
development_oof,x10,10,rbf_matched,423,50,4,0,0,-0.8095910299280593
development_oof,x10,10,rbf_matched,430,4,4,1,0,-0.9352550645989641
development_oof,x10,10,rbf_matched,434,97,4,1,1,1.0506677695823758
development_oof,x10,10,rbf_matched,446,4,4,1,0,-0.7904177415202938
development_oof,x10,10,rbf_matched,454,104,4,1,1,0.9657149187525449
development_oof,x10,10,rbf_matched,455,93,4,1,1,1.132771623077785
development_oof,x10,10,rbf_matched,462,15,4,0,0,-0.9407061838404083
development_oof,x10,10,rbf_matched,464,4,4,1,0,-0.6534025070260818
development_oof,x10,10,rbf_matched,465,4,4,1,0,-0.5871890483310431
development_oof,x10,10,rbf_matched,466,0,4,0,0,-0.9367686403427178
development_oof,x10,10,rbf_matched,470,0,4,0,0,-0.952808995099605
development_oof,x10,10,rbf_matched,480,367,4,0,0,-0.9270702540470692
development_oof,x10,10,rbf_matched,481,4,4,1,0,-0.7706057815662279
development_oof,x10,10,rbf_matched,484,365,4,0,0,-0.8744697121869764
development_oof,x10,10,rbf_matched,495,0,4,0,0,-1.0181475085305443
development_oof,x10,10,rbf_matched,498,54,4,0,0,-0.9241935214040216
development_oof,x10,10,rbf_matched,499,15,4,0,0,-0.9220024670615237
development_oof,x10,10,rbf_matched,500,28,4,0,0,-0.9984566665855104
development_oof,x10,10,rbf_matched,501,72,4,0,0,-1.0035921656395783
development_oof,x10,10,rbf_matched,503,93,4,1,1,1.1325101409787086
development_oof,x10,10,rbf_matched,506,0,4,0,0,-1.045096327076454
development_oof,x10,10,rbf_matched,517,0,4,0,0,-0.9931536328708628
development_oof,x10,10,rbf_matched,519,53,4,0,0,-1.0351710500111677
development_oof,x10,10,rbf_matched,520,53,4,0,0,-1.0410255804863895
development_oof,x10,10,rbf_matched,524,0,4,0,0,-0.9614086520206429
development_oof,x10,10,rbf_matched,525,15,4,0,0,-0.9390072168180303
development_oof,x10,10,rbf_matched,527,0,4,0,0,-0.9951990023143495
development_oof,x10,10,rbf_matched,528,359,4,0,0,-1.0184225939061267
development_oof,x10,10,rbf_matched,529,0,4,0,0,-1.040282920778556
development_oof,x10,10,rbf_matched,542,35,4,1,0,-1.0159372841855792
development_oof,x10,10,rbf_matched,543,0,4,0,0,-1.0105487966773197
development_oof,x10,10,rbf_matched,545,136,4,1,0,-0.9263155466200037
development_oof,x10,10,rbf_matched,553,0,4,0,0,-0.9696664734135707
development_oof,x10,10,rbf_matched,559,351,4,0,0,-1.0088036357521912
development_oof,x10,10,rbf_matched,560,0,4,0,0,-1.04277839627829
development_oof,x10,10,rbf_matched,568,0,4,0,0,-0.9103415570357671
development_oof,x10,10,rbf_matched,570,0,4,1,0,-1.0003915064210207
development_oof,x10,10,rbf_matched,572,0,4,1,0,-0.9730373979994784
development_oof,x10,10,rbf_matched,577,44,4,0,0,-1.0882307009487135
development_oof,x10,10,rbf_matched,581,347,4,0,0,-1.1588950835375949
development_oof,x10,10,rbf_matched,582,44,4,0,0,-0.976100297660444
development_oof,x10,10,rbf_matched,583,69,4,0,0,-0.9860926780354271
development_oof,x10,10,rbf_matched,588,344,4,0,0,-0.7756869443601806
development_oof,x10,10,rbf_matched,592,0,4,1,0,-0.9946585169930828
development_oof,x10,10,rbf_matched,595,35,4,0,0,-1.0394631196167503
development_oof,x10,10,rbf_matched,600,151,4,0,0,-1.0028599924446273
development_oof,x10,10,rbf_matched,602,338,4,0,0,-1.0234458712153058
development_oof,x10,10,rbf_matched,604,0,4,0,0,-0.9474480327916979
development_oof,x10,10,rbf_matched,605,0,4,0,0,-0.9639163161254571
development_oof,x10,10,rbf_matched,607,0,4,1,0,-0.9715093744896457
development_oof,x10,10,rbf_matched,608,0,4,0,0,-0.9878323561101574
development_oof,x10,10,rbf_matched,610,0,4,0,0,-0.985192532892901
development_oof,x10,10,rbf_matched,611,0,4,0,0,-0.9138902767882153
development_oof,x10,10,rbf_matched,613,85,4,0,0,-0.8707884117930162
development_oof,x10,10,rbf_matched,615,0,4,0,0,-1.062960972494336
development_oof,x10,10,rbf_matched,627,335,4,0,0,-0.9239253860659593
development_oof,x10,10,rbf_matched,633,0,4,0,0,-1.0360451562465451
development_oof,x10,10,rbf_matched,646,0,4,0,0,-0.8945081133123978
development_oof,x10,10,rbf_matched,647,0,4,0,0,-0.9243324876935688
development_oof,x10,10,rbf_matched,648,329,4,0,0,-1.0230115237321975
development_oof,x10,10,rbf_matched,657,4,4,1,0,-0.6509020643323122
development_oof,x10,10,rbf_matched,662,0,4,0,0,-0.9630447778496727
development_oof,x10,10,rbf_matched,665,69,4,1,0,-0.9320793764292636
development_oof,x10,10,rbf_matched,666,44,4,0,0,-0.9600769435186676
development_oof,x10,10,rbf_matched,667,0,4,0,0,-0.9946423133547997
development_oof,x10,10,rbf_matched,671,321,4,1,0,-1.0769241236633627
development_oof,x10,10,rbf_matched,674,4,4,0,0,-0.726988710699938
development_oof,x10,10,rbf_matched,683,142,4,0,0,-0.5978721349468525
development_oof,x10,10,rbf_matched,691,142,4,0,0,-0.9923565535180701
development_oof,x10,10,rbf_matched,692,0,4,0,0,-1.1035702540055565
development_oof,x10,10,rbf_matched,693,0,4,0,0,-0.9820591954498759
development_oof,x10,10,rbf_matched,699,0,4,0,0,-0.9971835656686112
development_oof,x10,10,rbf_matched,701,0,4,1,0,-1.018568076986659
development_oof,x10,10,rbf_matched,704,313,4,0,0,-0.8271749489944895
development_oof,x10,10,rbf_matched,706,0,4,0,0,-0.8968785145548592
development_oof,x10,10,rbf_matched,715,4,4,1,0,-0.7922603857739632
development_oof,x10,10,rbf_matched,729,0,4,0,0,-1.0649607329390616
development_oof,x10,10,rbf_matched,731,60,4,0,0,-1.074657767224024
development_oof,x10,10,rbf_matched,735,132,4,0,0,-0.8052661015649085
development_oof,x10,10,rbf_matched,737,85,4,1,0,-1.0796089259348292
development_oof,x10,10,rbf_matched,738,136,4,1,0,-0.8901839116111616
development_oof,x10,10,rbf_matched,740,44,4,0,0,-0.9531880904935379
development_oof,x10,10,rbf_matched,742,305,4,0,0,-0.9485387762115298
development_oof,x10,10,rbf_matched,745,0,4,0,0,-0.7292951172431859
development_oof,x10,10,rbf_matched,753,85,4,0,0,-1.078119907597571
development_oof,x10,10,rbf_matched,761,44,4,0,0,-0.9536455697471968
development_oof,x10,10,rbf_matched,776,298,4,0,0,-0.9716094378325812
development_oof,x10,10,rbf_matched,794,0,4,0,0,-0.7142951947793459
development_oof,x10,10,rbf_matched,796,35,4,0,0,-0.9798266300389469
development_oof,x10,10,rbf_matched,800,132,4,0,0,-0.969515728858025
development_oof,x10,10,rbf_matched,803,289,4,0,0,-0.9240762373752762
development_oof,x10,10,rbf_matched,818,283,4,0,0,-0.9812069401067274
development_oof,x10,10,rbf_matched,822,35,4,0,0,-0.9144231009417103
development_oof,x10,10,rbf_matched,839,82,4,0,0,-1.02687386323209
development_oof,x10,10,rbf_matched,844,276,4,0,0,-1.178857166762131
development_oof,x10,10,rbf_matched,855,270,4,0,0,-0.6020493853901998
development_oof,x10,10,rbf_matched,865,263,4,0,0,-0.9968068874145235
development_oof,x10,10,rbf_matched,867,60,4,0,0,-0.5239882647159799
development_oof,x10,10,rbf_matched,885,256,4,0,0,-0.71388607256947
development_oof,x10,10,rbf_matched,888,254,4,1,0,-0.9793724154880246
development_oof,x10,10,rbf_matched,891,125,4,0,0,-0.8833083335935243
development_oof,x10,10,rbf_matched,902,122,4,1,0,-0.9456942219936364
development_oof,x10,10,rbf_matched,907,246,4,0,0,-0.9979234498217151
development_oof,x10,10,rbf_matched,918,242,4,0,0,-0.9442435396847109
development_oof,x10,10,rbf_matched,931,234,4,0,0,-0.932012421432125
development_oof,x10,10,rbf_matched,949,224,4,0,0,-0.8598464824275185
development_oof,x10,10,rbf_matched,954,4,4,1,1,0.18502833897079807
development_oof,x10,10,rbf_matched,968,214,4,1,0,-0.6448361090882924
development_oof,x10,10,rbf_matched,980,207,4,0,0,-1.0359906412907693
development_oof,x10,10,rbf_matched,981,206,4,0,0,-0.9414604790061749
development_oof,x10,10,rbf_matched,984,204,4,1,0,-0.796348885292963
development_oof,x10,10,rbf_matched,991,0,4,0,0,-0.9791982422939101
development_oof,x10,10,rbf_matched,993,69,4,0,0,-0.8395743994068763
development_oof,x10,10,rbf_matched,995,112,4,0,0,-0.9997893493036307
development_oof,x10,10,rbf_matched,1016,190,4,1,0,-1.0270393511914429
development_oof,x10,10,rbf_matched,1024,4,4,1,0,-0.6970595926730945
development_oof,x10,10,rbf_matched,1031,181,4,0,0,-0.04971067787974315
development_oof,x10,10,rbf_matched,1033,179,4,0,0,-0.8380080790178401
development_oof,x10,10,quantum_angle_product,16,93,4,1,1,1.1811454967522081
development_oof,x10,10,quantum_angle_product,19,457,4,0,0,-0.8818436952018427
development_oof,x10,10,quantum_angle_product,27,53,4,0,0,-1.0101542392995455
development_oof,x10,10,quantum_angle_product,44,450,4,0,0,-1.159957467018522
development_oof,x10,10,quantum_angle_product,60,4,4,1,0,-0.5335594449541947
development_oof,x10,10,quantum_angle_product,62,82,4,0,0,-1.0921550128206636
development_oof,x10,10,quantum_angle_product,66,82,4,1,0,-0.8399673188738053
development_oof,x10,10,quantum_angle_product,69,444,4,0,0,-1.0793020921323198
development_oof,x10,10,quantum_angle_product,83,60,4,1,0,-0.2640555113144085
development_oof,x10,10,quantum_angle_product,84,9,4,1,1,3.2283761384421013
development_oof,x10,10,quantum_angle_product,86,174,4,1,1,1.0279386102985377
development_oof,x10,10,quantum_angle_product,90,9,4,1,1,1.0092292116595196
development_oof,x10,10,quantum_angle_product,95,161,4,0,0,-1.0994342381746876
development_oof,x10,10,quantum_angle_product,102,15,4,0,0,-0.7974034320956598
development_oof,x10,10,quantum_angle_product,112,9,4,1,1,1.0619978107897659
development_oof,x10,10,quantum_angle_product,117,433,4,0,0,-1.0025634886776587
development_oof,x10,10,quantum_angle_product,119,0,4,0,0,-0.9518077110493355
development_oof,x10,10,quantum_angle_product,123,9,4,1,1,1.2168403334381335
development_oof,x10,10,quantum_angle_product,131,170,4,1,0,-0.2640555113144085
development_oof,x10,10,quantum_angle_product,134,15,4,0,0,-1.0841207943690225
development_oof,x10,10,quantum_angle_product,138,431,4,0,0,-0.6656047452887535
development_oof,x10,10,quantum_angle_product,142,0,4,0,0,-0.939480978048767
development_oof,x10,10,quantum_angle_product,156,9,4,1,1,1.032404257750816
development_oof,x10,10,quantum_angle_product,157,0,4,0,0,-1.0010279391769359
development_oof,x10,10,quantum_angle_product,159,4,4,1,0,-0.6906713798786015
development_oof,x10,10,quantum_angle_product,169,9,4,1,1,1.0012727768992118
development_oof,x10,10,quantum_angle_product,170,60,4,1,0,-0.8402887195416433
development_oof,x10,10,quantum_angle_product,178,54,4,0,0,-1.0094192277382756
development_oof,x10,10,quantum_angle_product,181,9,4,1,1,0.9969093604242616
development_oof,x10,10,quantum_angle_product,183,422,4,0,0,-1.012350805268035
development_oof,x10,10,quantum_angle_product,184,4,4,1,0,-0.6483597328230761
development_oof,x10,10,quantum_angle_product,187,9,4,1,1,1.07040967268032
development_oof,x10,10,quantum_angle_product,193,9,4,1,1,1.0220677064781718
development_oof,x10,10,quantum_angle_product,198,53,4,0,0,-0.9381267067930956
development_oof,x10,10,quantum_angle_product,201,9,4,1,1,1.0827729879209969
development_oof,x10,10,quantum_angle_product,206,125,4,1,0,-1.041022675666289
development_oof,x10,10,quantum_angle_product,210,104,4,1,1,1.0558777091120302
development_oof,x10,10,quantum_angle_product,221,9,4,1,1,1.1292863952561554
development_oof,x10,10,quantum_angle_product,236,416,4,1,0,-1.1386359963327788
development_oof,x10,10,quantum_angle_product,258,35,4,0,0,-0.9260118361441663
development_oof,x10,10,quantum_angle_product,277,102,4,1,0,-1.0600316973810973
development_oof,x10,10,quantum_angle_product,294,122,4,0,0,-1.0765886946957295
development_oof,x10,10,quantum_angle_product,304,24,4,1,0,-1.0008955617368471
development_oof,x10,10,quantum_angle_product,310,401,4,0,0,-0.9974048955425694
development_oof,x10,10,quantum_angle_product,311,400,4,1,0,-0.9064140806502667
development_oof,x10,10,quantum_angle_product,322,15,4,0,0,-0.6738759567782715
development_oof,x10,10,quantum_angle_product,335,15,4,0,0,-0.8266173965885493
development_oof,x10,10,quantum_angle_product,337,15,4,0,0,-0.9934502387644404
development_oof,x10,10,quantum_angle_product,355,15,4,0,0,-1.0640052809468212
development_oof,x10,10,quantum_angle_product,358,389,4,0,0,-0.4608224507634837
development_oof,x10,10,quantum_angle_product,371,161,4,0,0,-0.9673147140573874
development_oof,x10,10,quantum_angle_product,379,24,4,0,0,-1.018984033542166
development_oof,x10,10,quantum_angle_product,382,384,4,0,0,-0.8876350979920726
development_oof,x10,10,quantum_angle_product,384,69,4,0,0,-0.8208880930567108
development_oof,x10,10,quantum_angle_product,386,4,4,1,0,-0.777013256935069
development_oof,x10,10,quantum_angle_product,392,4,4,1,1,0.4486260182729289
development_oof,x10,10,quantum_angle_product,393,0,4,0,0,-0.9657324790761237
development_oof,x10,10,quantum_angle_product,400,28,4,0,0,-0.9196692634962869
development_oof,x10,10,quantum_angle_product,401,4,4,1,0,-0.7588339080886275
development_oof,x10,10,quantum_angle_product,404,35,4,0,0,-1.0726836685250252
development_oof,x10,10,quantum_angle_product,405,379,4,0,0,-0.7506811485674394
development_oof,x10,10,quantum_angle_product,407,160,4,0,0,-1.0179074556594152
development_oof,x10,10,quantum_angle_product,409,4,4,1,0,-0.30459054624628834
development_oof,x10,10,quantum_angle_product,423,50,4,0,0,-0.7873429748089151
development_oof,x10,10,quantum_angle_product,430,4,4,1,0,-0.8052270482485788
development_oof,x10,10,quantum_angle_product,434,97,4,1,1,1.0465146541886607
development_oof,x10,10,quantum_angle_product,446,4,4,1,0,-0.7090442734349285
development_oof,x10,10,quantum_angle_product,454,104,4,1,1,1.000099079933344
development_oof,x10,10,quantum_angle_product,455,93,4,1,1,1.123268173334269
development_oof,x10,10,quantum_angle_product,462,15,4,0,0,-0.9948580988075051
development_oof,x10,10,quantum_angle_product,464,4,4,1,0,-0.45804519814248223
development_oof,x10,10,quantum_angle_product,465,4,4,1,0,-0.37140403868555616
development_oof,x10,10,quantum_angle_product,466,0,4,0,0,-0.964073123072108
development_oof,x10,10,quantum_angle_product,470,0,4,0,0,-0.8947916508952343
development_oof,x10,10,quantum_angle_product,480,367,4,0,0,-0.9102326237234752
development_oof,x10,10,quantum_angle_product,481,4,4,1,0,-0.5824585082841622
development_oof,x10,10,quantum_angle_product,484,365,4,0,0,-1.0250603183572
development_oof,x10,10,quantum_angle_product,495,0,4,0,0,-0.8862008816265696
development_oof,x10,10,quantum_angle_product,498,54,4,0,0,-0.9404624089661446
development_oof,x10,10,quantum_angle_product,499,15,4,0,0,-0.9286206421874894
development_oof,x10,10,quantum_angle_product,500,28,4,0,0,-0.8240142755910878
development_oof,x10,10,quantum_angle_product,501,72,4,0,0,-0.9742433246591808
development_oof,x10,10,quantum_angle_product,503,93,4,1,1,1.175173035146715
development_oof,x10,10,quantum_angle_product,506,0,4,0,0,-1.045374405734952
development_oof,x10,10,quantum_angle_product,517,0,4,0,0,-0.9832201385664288
development_oof,x10,10,quantum_angle_product,519,53,4,0,0,-1.0541513680934589
development_oof,x10,10,quantum_angle_product,520,53,4,0,0,-1.03520856884899
development_oof,x10,10,quantum_angle_product,524,0,4,0,0,-0.9572512212590052
development_oof,x10,10,quantum_angle_product,525,15,4,0,0,-0.8678707021138337
development_oof,x10,10,quantum_angle_product,527,0,4,0,0,-0.9330383192973315
development_oof,x10,10,quantum_angle_product,528,359,4,0,0,-1.0129905742674001
development_oof,x10,10,quantum_angle_product,529,0,4,0,0,-1.1311033093508787
development_oof,x10,10,quantum_angle_product,542,35,4,1,0,-0.9651335802067322
development_oof,x10,10,quantum_angle_product,543,0,4,0,0,-1.0653922283101203
development_oof,x10,10,quantum_angle_product,545,136,4,1,0,-0.8504890083710084
development_oof,x10,10,quantum_angle_product,553,0,4,0,0,-0.9049160172018578
development_oof,x10,10,quantum_angle_product,559,351,4,0,0,-0.8996908837468851
development_oof,x10,10,quantum_angle_product,560,0,4,0,0,-0.9703023142111871
development_oof,x10,10,quantum_angle_product,568,0,4,0,0,-0.9335145090775612
development_oof,x10,10,quantum_angle_product,570,0,4,1,0,-0.7613094022913014
development_oof,x10,10,quantum_angle_product,572,0,4,1,0,-0.9398196655073701
development_oof,x10,10,quantum_angle_product,577,44,4,0,0,-0.9575340266906096
development_oof,x10,10,quantum_angle_product,581,347,4,0,0,-1.108862581846557
development_oof,x10,10,quantum_angle_product,582,44,4,0,0,-1.0074935329832329
development_oof,x10,10,quantum_angle_product,583,69,4,0,0,-0.9245381003703503
development_oof,x10,10,quantum_angle_product,588,344,4,0,0,-0.7739838163773403
development_oof,x10,10,quantum_angle_product,592,0,4,1,0,-0.911530508621663
development_oof,x10,10,quantum_angle_product,595,35,4,0,0,-1.0202000815135772
development_oof,x10,10,quantum_angle_product,600,151,4,0,0,-0.9557752913476278
development_oof,x10,10,quantum_angle_product,602,338,4,0,0,-1.050742142321612
development_oof,x10,10,quantum_angle_product,604,0,4,0,0,-0.8743624793020519
development_oof,x10,10,quantum_angle_product,605,0,4,0,0,-0.9234269100974597
development_oof,x10,10,quantum_angle_product,607,0,4,1,0,-0.8799253124479645
development_oof,x10,10,quantum_angle_product,608,0,4,0,0,-0.8738400156455874
development_oof,x10,10,quantum_angle_product,610,0,4,0,0,-1.0387393934253826
development_oof,x10,10,quantum_angle_product,611,0,4,0,0,-1.0022291192856603
development_oof,x10,10,quantum_angle_product,613,85,4,0,0,-0.8692561365232372
development_oof,x10,10,quantum_angle_product,615,0,4,0,0,-0.8990525383475916
development_oof,x10,10,quantum_angle_product,627,335,4,0,0,-0.9686263231921544
development_oof,x10,10,quantum_angle_product,633,0,4,0,0,-1.0743184044828809
development_oof,x10,10,quantum_angle_product,646,0,4,0,0,-0.8583325443790688
development_oof,x10,10,quantum_angle_product,647,0,4,0,0,-0.9811169434167883
development_oof,x10,10,quantum_angle_product,648,329,4,0,0,-0.9319918761191168
development_oof,x10,10,quantum_angle_product,657,4,4,1,0,-0.4069564850559093
development_oof,x10,10,quantum_angle_product,662,0,4,0,0,-0.9181535877191553
development_oof,x10,10,quantum_angle_product,665,69,4,1,0,-0.8826673098434963
development_oof,x10,10,quantum_angle_product,666,44,4,0,0,-0.9929441190815496
development_oof,x10,10,quantum_angle_product,667,0,4,0,0,-1.109377846813615
development_oof,x10,10,quantum_angle_product,671,321,4,1,0,-1.025848034157912
development_oof,x10,10,quantum_angle_product,674,4,4,0,0,-0.5319310518118332
development_oof,x10,10,quantum_angle_product,683,142,4,0,0,-0.6552464524999131
development_oof,x10,10,quantum_angle_product,691,142,4,0,0,-0.9764841176005916
development_oof,x10,10,quantum_angle_product,692,0,4,0,0,-0.8658686332425543
development_oof,x10,10,quantum_angle_product,693,0,4,0,0,-0.9662891623502414
development_oof,x10,10,quantum_angle_product,699,0,4,0,0,-1.0310878778968977
development_oof,x10,10,quantum_angle_product,701,0,4,1,0,-0.8146273761965706
development_oof,x10,10,quantum_angle_product,704,313,4,0,0,-0.7365776825573693
development_oof,x10,10,quantum_angle_product,706,0,4,0,0,-0.8983237140157438
development_oof,x10,10,quantum_angle_product,715,4,4,1,0,-0.7411569115089875
development_oof,x10,10,quantum_angle_product,729,0,4,0,0,-1.1288418099623936
development_oof,x10,10,quantum_angle_product,731,60,4,0,0,-0.985787846839175
development_oof,x10,10,quantum_angle_product,735,132,4,0,0,-0.695402559757639
development_oof,x10,10,quantum_angle_product,737,85,4,1,0,-0.9427482030872039
development_oof,x10,10,quantum_angle_product,738,136,4,1,0,-0.8800446863589357
development_oof,x10,10,quantum_angle_product,740,44,4,0,0,-0.9494318340261945
development_oof,x10,10,quantum_angle_product,742,305,4,0,0,-1.013700599290578
development_oof,x10,10,quantum_angle_product,745,0,4,0,0,-0.9375520004050557
development_oof,x10,10,quantum_angle_product,753,85,4,0,0,-1.000220256058702
development_oof,x10,10,quantum_angle_product,761,44,4,0,0,-0.9334851296734765
development_oof,x10,10,quantum_angle_product,776,298,4,0,0,-0.9569300433193888
development_oof,x10,10,quantum_angle_product,794,0,4,0,0,-0.6540042144262088
development_oof,x10,10,quantum_angle_product,796,35,4,0,0,-0.9799922775479466
development_oof,x10,10,quantum_angle_product,800,132,4,0,0,-0.9037760408366378
development_oof,x10,10,quantum_angle_product,803,289,4,0,0,-0.8368441801656417
development_oof,x10,10,quantum_angle_product,818,283,4,0,0,-1.015161360063324
development_oof,x10,10,quantum_angle_product,822,35,4,0,0,-0.8883050916227173
development_oof,x10,10,quantum_angle_product,839,82,4,0,0,-1.0722281262355136
development_oof,x10,10,quantum_angle_product,844,276,4,0,0,-1.0351768063967448
development_oof,x10,10,quantum_angle_product,855,270,4,0,0,-0.6962908546805959
development_oof,x10,10,quantum_angle_product,865,263,4,0,0,-0.9211343445616667
development_oof,x10,10,quantum_angle_product,867,60,4,0,0,-0.5619670141494719
development_oof,x10,10,quantum_angle_product,885,256,4,0,0,-0.8968433868411783
development_oof,x10,10,quantum_angle_product,888,254,4,1,0,-1.0560768179804754
development_oof,x10,10,quantum_angle_product,891,125,4,0,0,-0.8184502813976859
development_oof,x10,10,quantum_angle_product,902,122,4,1,0,-1.1366902751263304
development_oof,x10,10,quantum_angle_product,907,246,4,0,0,-0.9757277071383008
development_oof,x10,10,quantum_angle_product,918,242,4,0,0,-0.9162834514929408
development_oof,x10,10,quantum_angle_product,931,234,4,0,0,-0.858574159857751
development_oof,x10,10,quantum_angle_product,949,224,4,0,0,-0.9790381405988988
development_oof,x10,10,quantum_angle_product,954,4,4,1,0,-0.034423585902612075
development_oof,x10,10,quantum_angle_product,968,214,4,1,0,-0.4870302476207371
development_oof,x10,10,quantum_angle_product,980,207,4,0,0,-0.9999821335548962
development_oof,x10,10,quantum_angle_product,981,206,4,0,0,-0.8736519517263179
development_oof,x10,10,quantum_angle_product,984,204,4,1,0,-0.677912944102097
development_oof,x10,10,quantum_angle_product,991,0,4,0,0,-0.9801477478232332
development_oof,x10,10,quantum_angle_product,993,69,4,0,0,-0.6579792118954337
development_oof,x10,10,quantum_angle_product,995,112,4,0,0,-0.9529595144331005
development_oof,x10,10,quantum_angle_product,1016,190,4,1,0,-1.0135132135882579
development_oof,x10,10,quantum_angle_product,1024,4,4,1,0,-0.4868637869205781
development_oof,x10,10,quantum_angle_product,1031,181,4,0,0,-0.08807906069728766
development_oof,x10,10,quantum_angle_product,1033,179,4,0,0,-0.7305859329166839
development_oof,x10,10,quantum_iqp_zz_linear,16,93,4,1,1,1.0731004746953903
development_oof,x10,10,quantum_iqp_zz_linear,19,457,4,0,0,-0.8482529793768403
development_oof,x10,10,quantum_iqp_zz_linear,27,53,4,0,0,-1.0139921033608092
development_oof,x10,10,quantum_iqp_zz_linear,44,450,4,0,0,-1.0875995071753388
development_oof,x10,10,quantum_iqp_zz_linear,60,4,4,1,0,-0.638009600649244
development_oof,x10,10,quantum_iqp_zz_linear,62,82,4,0,0,-1.0373041698536345
development_oof,x10,10,quantum_iqp_zz_linear,66,82,4,1,0,-0.882572887706434
development_oof,x10,10,quantum_iqp_zz_linear,69,444,4,0,0,-1.0190502461586404
development_oof,x10,10,quantum_iqp_zz_linear,83,60,4,1,0,-0.2578196419168673
development_oof,x10,10,quantum_iqp_zz_linear,84,9,4,1,1,2.3320021428968243
development_oof,x10,10,quantum_iqp_zz_linear,86,174,4,1,1,1.013743080494777
development_oof,x10,10,quantum_iqp_zz_linear,90,9,4,1,1,1.0538713197211336
development_oof,x10,10,quantum_iqp_zz_linear,95,161,4,0,0,-1.0558039743780914
development_oof,x10,10,quantum_iqp_zz_linear,102,15,4,0,0,-0.8814081079486964
development_oof,x10,10,quantum_iqp_zz_linear,112,9,4,1,1,1.1128550783088356
development_oof,x10,10,quantum_iqp_zz_linear,117,433,4,0,0,-0.9101234924756763
development_oof,x10,10,quantum_iqp_zz_linear,119,0,4,0,0,-0.9641721911889216
development_oof,x10,10,quantum_iqp_zz_linear,123,9,4,1,1,1.1857253951920113
development_oof,x10,10,quantum_iqp_zz_linear,131,170,4,1,0,-0.2578196419168673
development_oof,x10,10,quantum_iqp_zz_linear,134,15,4,0,0,-1.067646103781014
development_oof,x10,10,quantum_iqp_zz_linear,138,431,4,0,0,-0.6456302510066467
development_oof,x10,10,quantum_iqp_zz_linear,142,0,4,0,0,-0.9692308424803984
development_oof,x10,10,quantum_iqp_zz_linear,156,9,4,1,1,1.0584688048053574
development_oof,x10,10,quantum_iqp_zz_linear,157,0,4,0,0,-1.0325985894067609
development_oof,x10,10,quantum_iqp_zz_linear,159,4,4,1,0,-0.792641733414291
development_oof,x10,10,quantum_iqp_zz_linear,169,9,4,1,1,1.0589131654129225
development_oof,x10,10,quantum_iqp_zz_linear,170,60,4,1,0,-0.776691164434675
development_oof,x10,10,quantum_iqp_zz_linear,178,54,4,0,0,-1.0243207134111272
development_oof,x10,10,quantum_iqp_zz_linear,181,9,4,1,1,1.0355525972615411
development_oof,x10,10,quantum_iqp_zz_linear,183,422,4,0,0,-0.9535512920548688
development_oof,x10,10,quantum_iqp_zz_linear,184,4,4,1,0,-0.7435252208783831
development_oof,x10,10,quantum_iqp_zz_linear,187,9,4,1,1,1.0983072603748933
development_oof,x10,10,quantum_iqp_zz_linear,193,9,4,1,1,1.0758604272799206
development_oof,x10,10,quantum_iqp_zz_linear,198,53,4,0,0,-0.9518518737422239
development_oof,x10,10,quantum_iqp_zz_linear,201,9,4,1,1,1.1190110456956264
development_oof,x10,10,quantum_iqp_zz_linear,206,125,4,1,0,-1.007620775513119
development_oof,x10,10,quantum_iqp_zz_linear,210,104,4,1,1,0.9984282463675662
development_oof,x10,10,quantum_iqp_zz_linear,221,9,4,1,1,1.0857057226591942
development_oof,x10,10,quantum_iqp_zz_linear,236,416,4,1,0,-1.057042611998157
development_oof,x10,10,quantum_iqp_zz_linear,258,35,4,0,0,-0.9408941490355056
development_oof,x10,10,quantum_iqp_zz_linear,277,102,4,1,0,-1.0070665896092552
development_oof,x10,10,quantum_iqp_zz_linear,294,122,4,0,0,-0.9588417607302899
development_oof,x10,10,quantum_iqp_zz_linear,304,24,4,1,0,-1.0091088185824535
development_oof,x10,10,quantum_iqp_zz_linear,310,401,4,0,0,-1.0107922045800257
development_oof,x10,10,quantum_iqp_zz_linear,311,400,4,1,0,-0.9590781783418831
development_oof,x10,10,quantum_iqp_zz_linear,322,15,4,0,0,-0.8129606200302084
development_oof,x10,10,quantum_iqp_zz_linear,335,15,4,0,0,-0.8952749332543748
development_oof,x10,10,quantum_iqp_zz_linear,337,15,4,0,0,-1.0176421686921338
development_oof,x10,10,quantum_iqp_zz_linear,355,15,4,0,0,-1.054029923749163
development_oof,x10,10,quantum_iqp_zz_linear,358,389,4,0,0,-0.647300335148596
development_oof,x10,10,quantum_iqp_zz_linear,371,161,4,0,0,-0.9808228073897811
development_oof,x10,10,quantum_iqp_zz_linear,379,24,4,0,0,-1.024377638482536
development_oof,x10,10,quantum_iqp_zz_linear,382,384,4,0,0,-0.9499397925483357
development_oof,x10,10,quantum_iqp_zz_linear,384,69,4,0,0,-0.8152248283609143
development_oof,x10,10,quantum_iqp_zz_linear,386,4,4,1,0,-0.8326628341156295
development_oof,x10,10,quantum_iqp_zz_linear,392,4,4,1,1,0.16297651168782062
development_oof,x10,10,quantum_iqp_zz_linear,393,0,4,0,0,-0.9871536863903931
development_oof,x10,10,quantum_iqp_zz_linear,400,28,4,0,0,-0.9511334206891262
development_oof,x10,10,quantum_iqp_zz_linear,401,4,4,1,0,-0.812283037344874
development_oof,x10,10,quantum_iqp_zz_linear,404,35,4,0,0,-1.040256607581207
development_oof,x10,10,quantum_iqp_zz_linear,405,379,4,0,0,-0.8501398054893055
development_oof,x10,10,quantum_iqp_zz_linear,407,160,4,0,0,-1.029548407502571
development_oof,x10,10,quantum_iqp_zz_linear,409,4,4,1,0,-0.4727100436550829
development_oof,x10,10,quantum_iqp_zz_linear,423,50,4,0,0,-0.8831146899050921
development_oof,x10,10,quantum_iqp_zz_linear,430,4,4,1,0,-0.8325592174813576
development_oof,x10,10,quantum_iqp_zz_linear,434,97,4,1,1,1.0588462209519618
development_oof,x10,10,quantum_iqp_zz_linear,446,4,4,1,0,-0.7728202812465368
development_oof,x10,10,quantum_iqp_zz_linear,454,104,4,1,1,0.9538248987469613
development_oof,x10,10,quantum_iqp_zz_linear,455,93,4,1,1,1.0619808283533463
development_oof,x10,10,quantum_iqp_zz_linear,462,15,4,0,0,-0.9881811270836898
development_oof,x10,10,quantum_iqp_zz_linear,464,4,4,1,0,-0.5767017486579393
development_oof,x10,10,quantum_iqp_zz_linear,465,4,4,1,0,-0.5098094239288666
development_oof,x10,10,quantum_iqp_zz_linear,466,0,4,0,0,-0.9738766252428626
development_oof,x10,10,quantum_iqp_zz_linear,470,0,4,0,0,-0.9757653897697136
development_oof,x10,10,quantum_iqp_zz_linear,480,367,4,0,0,-0.9206083633155244
development_oof,x10,10,quantum_iqp_zz_linear,481,4,4,1,0,-0.6854222039088427
development_oof,x10,10,quantum_iqp_zz_linear,484,365,4,0,0,-0.9700309736228585
development_oof,x10,10,quantum_iqp_zz_linear,495,0,4,0,0,-0.9592027069792519
development_oof,x10,10,quantum_iqp_zz_linear,498,54,4,0,0,-0.9548649640023776
development_oof,x10,10,quantum_iqp_zz_linear,499,15,4,0,0,-0.9615716609215292
development_oof,x10,10,quantum_iqp_zz_linear,500,28,4,0,0,-0.8415953724432177
development_oof,x10,10,quantum_iqp_zz_linear,501,72,4,0,0,-1.015977799767009
development_oof,x10,10,quantum_iqp_zz_linear,503,93,4,1,1,1.0831242501673415
development_oof,x10,10,quantum_iqp_zz_linear,506,0,4,0,0,-1.0453117563741041
development_oof,x10,10,quantum_iqp_zz_linear,517,0,4,0,0,-0.9563785331735644
development_oof,x10,10,quantum_iqp_zz_linear,519,53,4,0,0,-1.045672237903488
development_oof,x10,10,quantum_iqp_zz_linear,520,53,4,0,0,-1.0453796333420664
development_oof,x10,10,quantum_iqp_zz_linear,524,0,4,0,0,-0.9607259392214944
development_oof,x10,10,quantum_iqp_zz_linear,525,15,4,0,0,-0.9358439002263905
development_oof,x10,10,quantum_iqp_zz_linear,527,0,4,0,0,-0.9788952424916149
development_oof,x10,10,quantum_iqp_zz_linear,528,359,4,0,0,-1.021813465064497
development_oof,x10,10,quantum_iqp_zz_linear,529,0,4,0,0,-1.0552940016555112
development_oof,x10,10,quantum_iqp_zz_linear,542,35,4,1,0,-0.9592741414759849
development_oof,x10,10,quantum_iqp_zz_linear,543,0,4,0,0,-1.05768811153854
development_oof,x10,10,quantum_iqp_zz_linear,545,136,4,1,0,-0.9373931630207699
development_oof,x10,10,quantum_iqp_zz_linear,553,0,4,0,0,-0.9727325747029587
development_oof,x10,10,quantum_iqp_zz_linear,559,351,4,0,0,-0.9625409819410702
development_oof,x10,10,quantum_iqp_zz_linear,560,0,4,0,0,-0.9521779342123293
development_oof,x10,10,quantum_iqp_zz_linear,568,0,4,0,0,-0.8839526822097215
development_oof,x10,10,quantum_iqp_zz_linear,570,0,4,1,0,-0.833080351147472
development_oof,x10,10,quantum_iqp_zz_linear,572,0,4,1,0,-0.9586631585558634
development_oof,x10,10,quantum_iqp_zz_linear,577,44,4,0,0,-0.993666866191361
development_oof,x10,10,quantum_iqp_zz_linear,581,347,4,0,0,-1.0894902304617553
development_oof,x10,10,quantum_iqp_zz_linear,582,44,4,0,0,-0.9893316722151613
development_oof,x10,10,quantum_iqp_zz_linear,583,69,4,0,0,-0.941727834107587
development_oof,x10,10,quantum_iqp_zz_linear,588,344,4,0,0,-0.847095779084237
development_oof,x10,10,quantum_iqp_zz_linear,592,0,4,1,0,-0.966427938937124
development_oof,x10,10,quantum_iqp_zz_linear,595,35,4,0,0,-1.0146060307935905
development_oof,x10,10,quantum_iqp_zz_linear,600,151,4,0,0,-0.9956503933539942
development_oof,x10,10,quantum_iqp_zz_linear,602,338,4,0,0,-1.0132872051647868
development_oof,x10,10,quantum_iqp_zz_linear,604,0,4,0,0,-0.8762829578539655
development_oof,x10,10,quantum_iqp_zz_linear,605,0,4,0,0,-0.9831214623850897
development_oof,x10,10,quantum_iqp_zz_linear,607,0,4,1,0,-0.9236414029615652
development_oof,x10,10,quantum_iqp_zz_linear,608,0,4,0,0,-0.8929299853255623
development_oof,x10,10,quantum_iqp_zz_linear,610,0,4,0,0,-1.0311348867619308
development_oof,x10,10,quantum_iqp_zz_linear,611,0,4,0,0,-0.9883537289934623
development_oof,x10,10,quantum_iqp_zz_linear,613,85,4,0,0,-0.8467889876437444
development_oof,x10,10,quantum_iqp_zz_linear,615,0,4,0,0,-0.9867109749106233
development_oof,x10,10,quantum_iqp_zz_linear,627,335,4,0,0,-0.9670448601898294
development_oof,x10,10,quantum_iqp_zz_linear,633,0,4,0,0,-1.066936965785796
development_oof,x10,10,quantum_iqp_zz_linear,646,0,4,0,0,-0.8446528972860483
development_oof,x10,10,quantum_iqp_zz_linear,647,0,4,0,0,-0.9464095340400083
development_oof,x10,10,quantum_iqp_zz_linear,648,329,4,0,0,-0.9825642689461618
development_oof,x10,10,quantum_iqp_zz_linear,657,4,4,1,0,-0.4874975456423753
development_oof,x10,10,quantum_iqp_zz_linear,662,0,4,0,0,-0.9523550618663985
development_oof,x10,10,quantum_iqp_zz_linear,665,69,4,1,0,-0.8357084028097814
development_oof,x10,10,quantum_iqp_zz_linear,666,44,4,0,0,-0.9936686016505465
development_oof,x10,10,quantum_iqp_zz_linear,667,0,4,0,0,-1.0198011770324409
development_oof,x10,10,quantum_iqp_zz_linear,671,321,4,1,0,-0.9670261417912538
development_oof,x10,10,quantum_iqp_zz_linear,674,4,4,0,0,-0.6430502746471134
development_oof,x10,10,quantum_iqp_zz_linear,683,142,4,0,0,-0.5457050158090415
development_oof,x10,10,quantum_iqp_zz_linear,691,142,4,0,0,-0.932999445308154
development_oof,x10,10,quantum_iqp_zz_linear,692,0,4,0,0,-0.9335060522824357
development_oof,x10,10,quantum_iqp_zz_linear,693,0,4,0,0,-0.9635984402795343
development_oof,x10,10,quantum_iqp_zz_linear,699,0,4,0,0,-0.9346885509962439
development_oof,x10,10,quantum_iqp_zz_linear,701,0,4,1,0,-0.8621375506592288
development_oof,x10,10,quantum_iqp_zz_linear,704,313,4,0,0,-0.7994481223067735
development_oof,x10,10,quantum_iqp_zz_linear,706,0,4,0,0,-0.9430475113660686
development_oof,x10,10,quantum_iqp_zz_linear,715,4,4,1,0,-0.8107721776005359
development_oof,x10,10,quantum_iqp_zz_linear,729,0,4,0,0,-1.0845146837439192
development_oof,x10,10,quantum_iqp_zz_linear,731,60,4,0,0,-1.012694203042949
development_oof,x10,10,quantum_iqp_zz_linear,735,132,4,0,0,-0.7942916049135369
development_oof,x10,10,quantum_iqp_zz_linear,737,85,4,1,0,-0.9613933337976208
development_oof,x10,10,quantum_iqp_zz_linear,738,136,4,1,0,-0.9417919706549689
development_oof,x10,10,quantum_iqp_zz_linear,740,44,4,0,0,-0.9795477264645043
development_oof,x10,10,quantum_iqp_zz_linear,742,305,4,0,0,-0.9958887593047159
development_oof,x10,10,quantum_iqp_zz_linear,745,0,4,0,0,-0.9238831630954767
development_oof,x10,10,quantum_iqp_zz_linear,753,85,4,0,0,-1.0271857645171882
development_oof,x10,10,quantum_iqp_zz_linear,761,44,4,0,0,-0.8930508360080089
development_oof,x10,10,quantum_iqp_zz_linear,776,298,4,0,0,-0.9758305949658976
development_oof,x10,10,quantum_iqp_zz_linear,794,0,4,0,0,-0.7998128123777732
development_oof,x10,10,quantum_iqp_zz_linear,796,35,4,0,0,-0.9865788029527289
development_oof,x10,10,quantum_iqp_zz_linear,800,132,4,0,0,-0.9356792106562168
development_oof,x10,10,quantum_iqp_zz_linear,803,289,4,0,0,-0.9281812414925978
development_oof,x10,10,quantum_iqp_zz_linear,818,283,4,0,0,-1.0072662736534164
development_oof,x10,10,quantum_iqp_zz_linear,822,35,4,0,0,-0.9491719109155716
development_oof,x10,10,quantum_iqp_zz_linear,839,82,4,0,0,-1.0366294524458528
development_oof,x10,10,quantum_iqp_zz_linear,844,276,4,0,0,-0.912318295692778
development_oof,x10,10,quantum_iqp_zz_linear,855,270,4,0,0,-0.637268269422963
development_oof,x10,10,quantum_iqp_zz_linear,865,263,4,0,0,-0.9278332548685002
development_oof,x10,10,quantum_iqp_zz_linear,867,60,4,0,0,-0.5028828654827351
development_oof,x10,10,quantum_iqp_zz_linear,885,256,4,0,0,-0.8282530804608004
development_oof,x10,10,quantum_iqp_zz_linear,888,254,4,1,0,-0.9523539681120432
development_oof,x10,10,quantum_iqp_zz_linear,891,125,4,0,0,-0.8189083775625172
development_oof,x10,10,quantum_iqp_zz_linear,902,122,4,1,0,-1.0147958269742579
development_oof,x10,10,quantum_iqp_zz_linear,907,246,4,0,0,-1.0164211605554208
development_oof,x10,10,quantum_iqp_zz_linear,918,242,4,0,0,-0.9335226225794746
development_oof,x10,10,quantum_iqp_zz_linear,931,234,4,0,0,-0.9191914596566908
development_oof,x10,10,quantum_iqp_zz_linear,949,224,4,0,0,-0.9187900018392199
development_oof,x10,10,quantum_iqp_zz_linear,954,4,4,1,1,0.03490320958614751
development_oof,x10,10,quantum_iqp_zz_linear,968,214,4,1,0,-0.6422779074038036
development_oof,x10,10,quantum_iqp_zz_linear,980,207,4,0,0,-1.0525079438582616
development_oof,x10,10,quantum_iqp_zz_linear,981,206,4,0,0,-0.9188600955500319
development_oof,x10,10,quantum_iqp_zz_linear,984,204,4,1,0,-0.8053970833983906
development_oof,x10,10,quantum_iqp_zz_linear,991,0,4,0,0,-0.9684233425701958
development_oof,x10,10,quantum_iqp_zz_linear,993,69,4,0,0,-0.7390763544498837
development_oof,x10,10,quantum_iqp_zz_linear,995,112,4,0,0,-1.011059873181238
development_oof,x10,10,quantum_iqp_zz_linear,1016,190,4,1,0,-0.9835931044788158
development_oof,x10,10,quantum_iqp_zz_linear,1024,4,4,1,0,-0.5795593818074578
development_oof,x10,10,quantum_iqp_zz_linear,1031,181,4,0,0,-0.27158023481981247
development_oof,x10,10,quantum_iqp_zz_linear,1033,179,4,0,0,-0.8284966161817635
development_oof,x10,10,rbf_matched,5,31,5,1,1,1.1545972900877735
development_oof,x10,10,rbf_matched,6,61,5,0,0,-0.9528699640016718
development_oof,x10,10,rbf_matched,15,458,5,1,1,0.9732726923417698
development_oof,x10,10,rbf_matched,23,11,5,0,0,-0.3850946393790129
development_oof,x10,10,rbf_matched,26,11,5,0,0,-0.9200052214582477
development_oof,x10,10,rbf_matched,41,451,5,0,0,-1.1722253873434656
development_oof,x10,10,rbf_matched,46,18,5,0,1,1.069480171587656
development_oof,x10,10,rbf_matched,49,11,5,0,0,-1.0959227919989096
development_oof,x10,10,rbf_matched,52,448,5,0,0,-1.1842955977597371
development_oof,x10,10,rbf_matched,57,61,5,0,0,-0.9474982894482336
development_oof,x10,10,rbf_matched,58,11,5,0,0,-1.0518824517952752
development_oof,x10,10,rbf_matched,59,11,5,0,0,-0.5480084514124319
development_oof,x10,10,rbf_matched,76,11,5,0,1,1.0403566211577822
development_oof,x10,10,rbf_matched,79,175,5,1,0,-0.32979267954885594
development_oof,x10,10,rbf_matched,85,17,5,1,1,0.9200813563230059
development_oof,x10,10,rbf_matched,96,18,5,1,1,1.2274647124543192
development_oof,x10,10,rbf_matched,98,438,5,0,0,-0.8620416727060263
development_oof,x10,10,rbf_matched,100,31,5,1,1,0.9838473468934472
development_oof,x10,10,rbf_matched,105,437,5,1,0,-0.5421706491286946
development_oof,x10,10,rbf_matched,106,18,5,1,1,1.0457453674075836
development_oof,x10,10,rbf_matched,111,106,5,0,0,-0.44676781449866776
development_oof,x10,10,rbf_matched,116,434,5,0,1,0.5038530050805134
development_oof,x10,10,rbf_matched,130,171,5,0,0,-0.524219450347948
development_oof,x10,10,rbf_matched,132,18,5,1,1,1.1030018295220687
development_oof,x10,10,rbf_matched,141,106,5,0,0,-1.0777052797888984
development_oof,x10,10,rbf_matched,149,106,5,0,0,-0.6818485662075775
development_oof,x10,10,rbf_matched,150,55,5,1,1,0.9714476393609848
development_oof,x10,10,rbf_matched,152,429,5,0,0,-0.5274824129656286
development_oof,x10,10,rbf_matched,161,427,5,0,0,-0.32859221415341056
development_oof,x10,10,rbf_matched,163,18,5,1,1,2.8881403184268644
development_oof,x10,10,rbf_matched,165,17,5,1,1,1.057638368478202
development_oof,x10,10,rbf_matched,167,18,5,1,1,1.1148641034217088
development_oof,x10,10,rbf_matched,172,423,5,0,1,2.767960199363568
development_oof,x10,10,rbf_matched,179,11,5,0,0,-0.40172751396208417
development_oof,x10,10,rbf_matched,182,31,5,1,1,0.9479273228773444
development_oof,x10,10,rbf_matched,186,18,5,1,1,1.1111753131363526
development_oof,x10,10,rbf_matched,195,31,5,1,1,1.0960492978723921
development_oof,x10,10,rbf_matched,208,31,5,1,1,1.2613912726650316
development_oof,x10,10,rbf_matched,215,61,5,0,0,-0.5862301846416271
development_oof,x10,10,rbf_matched,219,418,5,0,0,-1.0558643521437643
development_oof,x10,10,rbf_matched,223,68,5,0,0,-1.1652747712533598
development_oof,x10,10,rbf_matched,225,55,5,1,1,1.0918097380158618
development_oof,x10,10,rbf_matched,231,417,5,0,0,-1.1172681089800889
development_oof,x10,10,rbf_matched,233,17,5,1,1,0.865171777041982
development_oof,x10,10,rbf_matched,255,410,5,0,0,-0.9736383088520231
development_oof,x10,10,rbf_matched,256,18,5,1,1,1.0227381706233358
development_oof,x10,10,rbf_matched,259,409,5,0,0,-0.5765156276571337
development_oof,x10,10,rbf_matched,261,25,5,1,0,-1.0715676926391013
development_oof,x10,10,rbf_matched,273,25,5,1,0,-0.9670753595606338
development_oof,x10,10,rbf_matched,276,17,5,1,1,1.2214383615765771
development_oof,x10,10,rbf_matched,297,163,5,0,0,-0.9646399724904293
development_oof,x10,10,rbf_matched,298,405,5,0,0,-1.1552241823881377
development_oof,x10,10,rbf_matched,316,100,5,0,0,-0.9838519829251611
development_oof,x10,10,rbf_matched,319,163,5,0,0,-1.0802327846793378
development_oof,x10,10,rbf_matched,326,157,5,1,1,1.0714837221317695
development_oof,x10,10,rbf_matched,330,76,5,1,0,-1.14138769845663
development_oof,x10,10,rbf_matched,334,394,5,0,0,-0.8877252012028991
development_oof,x10,10,rbf_matched,336,55,5,1,1,0.9674975600810676
development_oof,x10,10,rbf_matched,338,17,5,1,1,1.0303301466740666
development_oof,x10,10,rbf_matched,339,11,5,0,1,0.7973235348597812
development_oof,x10,10,rbf_matched,340,393,5,0,0,-0.9833653163904701
development_oof,x10,10,rbf_matched,343,17,5,1,1,1.004459905010834
development_oof,x10,10,rbf_matched,347,17,5,1,1,1.0706330989845376
development_oof,x10,10,rbf_matched,351,100,5,1,0,-0.9107229653283613
development_oof,x10,10,rbf_matched,357,37,5,1,1,1.1582293287129268
development_oof,x10,10,rbf_matched,364,25,5,1,0,-0.9577137824825053
development_oof,x10,10,rbf_matched,372,17,5,1,1,1.1055994212263003
development_oof,x10,10,rbf_matched,377,386,5,0,0,-0.8972379653228162
development_oof,x10,10,rbf_matched,381,76,5,0,0,-1.0664440416198804
development_oof,x10,10,rbf_matched,397,11,5,0,0,-0.9961144678552667
development_oof,x10,10,rbf_matched,402,380,5,0,0,-1.1378925444017824
development_oof,x10,10,rbf_matched,435,374,5,0,0,-0.9991448268558345
development_oof,x10,10,rbf_matched,436,25,5,1,0,-0.5041472656634933
development_oof,x10,10,rbf_matched,458,18,5,0,1,1.1668068315552602
development_oof,x10,10,rbf_matched,459,25,5,1,0,-1.0677277189019174
development_oof,x10,10,rbf_matched,468,370,5,0,0,-1.0568041061535538
development_oof,x10,10,rbf_matched,479,368,5,0,0,-0.9197854098697917
development_oof,x10,10,rbf_matched,486,157,5,0,0,-1.1643170055422114
development_oof,x10,10,rbf_matched,494,94,5,0,0,-0.782776625505403
development_oof,x10,10,rbf_matched,533,71,5,0,0,-0.5297359820702139
development_oof,x10,10,rbf_matched,536,71,5,0,0,-0.6729376640849221
development_oof,x10,10,rbf_matched,549,355,5,0,0,-0.6714970730779652
development_oof,x10,10,rbf_matched,555,352,5,1,1,1.2681120734029148
development_oof,x10,10,rbf_matched,557,66,5,0,0,-0.4515022067974017
development_oof,x10,10,rbf_matched,563,71,5,0,0,-0.4930831721338287
development_oof,x10,10,rbf_matched,575,115,5,0,0,-0.32985129589079154
development_oof,x10,10,rbf_matched,579,114,5,1,0,-0.8482795568149781
development_oof,x10,10,rbf_matched,585,31,5,1,1,1.29364244630214
development_oof,x10,10,rbf_matched,587,345,5,0,0,-0.10158805525259917
development_oof,x10,10,rbf_matched,601,339,5,0,0,-1.2323092067950416
development_oof,x10,10,rbf_matched,612,87,5,0,0,-1.0083982719470248
development_oof,x10,10,rbf_matched,620,68,5,0,0,-1.2348611563326466
development_oof,x10,10,rbf_matched,634,17,5,1,1,1.0721364959521784
development_oof,x10,10,rbf_matched,635,68,5,1,0,-1.035978012965036
development_oof,x10,10,rbf_matched,640,146,5,0,0,-0.9243708880747514
development_oof,x10,10,rbf_matched,641,66,5,0,0,-0.9237046789216439
development_oof,x10,10,rbf_matched,643,330,5,0,0,-1.1033058008180745
development_oof,x10,10,rbf_matched,645,146,5,0,0,-1.1661475122024798
development_oof,x10,10,rbf_matched,656,326,5,0,0,-0.5440363849060972
development_oof,x10,10,rbf_matched,664,116,5,0,0,-0.9289728812253608
development_oof,x10,10,rbf_matched,675,71,5,0,0,-0.35162401090833906
development_oof,x10,10,rbf_matched,682,317,5,0,0,-0.9201145346018322
development_oof,x10,10,rbf_matched,688,143,5,0,0,-0.8233820529105571
development_oof,x10,10,rbf_matched,698,314,5,0,0,-0.652326699102457
development_oof,x10,10,rbf_matched,711,45,5,0,0,-0.6930534073670713
development_oof,x10,10,rbf_matched,723,25,5,0,0,-0.9058449252598153
development_oof,x10,10,rbf_matched,725,45,5,1,0,-0.6796655209251206
development_oof,x10,10,rbf_matched,726,31,5,1,1,1.0918392541173965
development_oof,x10,10,rbf_matched,732,45,5,0,0,-0.6681211899882677
development_oof,x10,10,rbf_matched,736,137,5,0,0,-0.22954196357195955
development_oof,x10,10,rbf_matched,741,306,5,0,0,-1.2234371244433555
development_oof,x10,10,rbf_matched,744,87,5,0,0,-1.1731012181881206
development_oof,x10,10,rbf_matched,749,11,5,0,0,-0.919720624429887
development_oof,x10,10,rbf_matched,799,45,5,0,0,-0.37810972291735756
development_oof,x10,10,rbf_matched,802,131,5,0,0,-0.9055300535461066
development_oof,x10,10,rbf_matched,816,284,5,0,0,-0.2926924278661145
development_oof,x10,10,rbf_matched,837,278,5,0,0,-0.7092692666842806
development_oof,x10,10,rbf_matched,845,11,5,0,0,-0.9336682265732865
development_oof,x10,10,rbf_matched,857,268,5,0,0,-0.87181488854429
development_oof,x10,10,rbf_matched,858,61,5,0,0,-0.5862627794459334
development_oof,x10,10,rbf_matched,860,266,5,0,0,-0.552049290217792
development_oof,x10,10,rbf_matched,870,260,5,0,0,-1.0855417841778043
development_oof,x10,10,rbf_matched,900,249,5,0,0,-0.8687921961004095
development_oof,x10,10,rbf_matched,906,247,5,0,0,-1.1445223665601347
development_oof,x10,10,rbf_matched,915,25,5,1,0,-1.0080668155091208
development_oof,x10,10,rbf_matched,926,238,5,1,0,-1.0926321528909486
development_oof,x10,10,rbf_matched,939,229,5,1,0,-0.13642212450521063
development_oof,x10,10,rbf_matched,948,225,5,1,0,-0.24519876812901908
development_oof,x10,10,rbf_matched,958,220,5,0,0,-1.3031498673127577
development_oof,x10,10,rbf_matched,960,116,5,0,0,-0.8581173362642576
development_oof,x10,10,rbf_matched,969,115,5,0,0,-0.21267075598061203
development_oof,x10,10,rbf_matched,971,212,5,1,1,0.06488304698566605
development_oof,x10,10,rbf_matched,972,211,5,0,0,-1.0472116401355913
development_oof,x10,10,rbf_matched,974,45,5,0,0,-0.5857896337349386
development_oof,x10,10,rbf_matched,975,66,5,0,0,-0.8918966484681314
development_oof,x10,10,rbf_matched,979,114,5,0,0,-1.0770225765086436
development_oof,x10,10,rbf_matched,990,201,5,0,0,-0.5647966312621058
development_oof,x10,10,rbf_matched,1008,76,5,0,0,-1.1300111375647621
development_oof,x10,10,rbf_matched,1010,194,5,0,0,-0.20194202767303593
development_oof,x10,10,rbf_matched,1015,191,5,1,0,-1.0231210859661057
development_oof,x10,10,rbf_matched,1027,185,5,1,1,1.5588774974926778
development_oof,x10,10,rbf_matched,1032,180,5,0,0,-0.35690476512046443
development_oof,x10,10,quantum_angle_product,5,31,5,1,1,1.2988981153731638
development_oof,x10,10,quantum_angle_product,6,61,5,0,0,-0.9937613922758777
development_oof,x10,10,quantum_angle_product,15,458,5,1,1,1.029892857019317
development_oof,x10,10,quantum_angle_product,23,11,5,0,0,-0.3534865203507076
development_oof,x10,10,quantum_angle_product,26,11,5,0,0,-1.0727595649449713
development_oof,x10,10,quantum_angle_product,41,451,5,0,0,-1.181097000040892
development_oof,x10,10,quantum_angle_product,46,18,5,0,1,1.1662839879040954
development_oof,x10,10,quantum_angle_product,49,11,5,0,0,-1.2218625653717323
development_oof,x10,10,quantum_angle_product,52,448,5,0,0,-1.2673568537698854
development_oof,x10,10,quantum_angle_product,57,61,5,0,0,-0.9912847686082911
development_oof,x10,10,quantum_angle_product,58,11,5,0,0,-1.1720655622600722
development_oof,x10,10,quantum_angle_product,59,11,5,0,0,-0.5715421195550539
development_oof,x10,10,quantum_angle_product,76,11,5,0,1,2.0731656349505387
development_oof,x10,10,quantum_angle_product,79,175,5,1,0,-0.2135704794394675
development_oof,x10,10,quantum_angle_product,85,17,5,1,1,1.0259008598589636
development_oof,x10,10,quantum_angle_product,96,18,5,1,1,1.3868229902830107
development_oof,x10,10,quantum_angle_product,98,438,5,0,0,-0.8188259867283287
development_oof,x10,10,quantum_angle_product,100,31,5,1,1,1.0332594019383778
development_oof,x10,10,quantum_angle_product,105,437,5,1,0,-0.30338784167177746
development_oof,x10,10,quantum_angle_product,106,18,5,1,1,1.123404722721518
development_oof,x10,10,quantum_angle_product,111,106,5,0,0,-0.47462485497241413
development_oof,x10,10,quantum_angle_product,116,434,5,0,1,0.874423459496044
development_oof,x10,10,quantum_angle_product,130,171,5,0,0,-0.7379833787482744
development_oof,x10,10,quantum_angle_product,132,18,5,1,1,1.2177413856733788
development_oof,x10,10,quantum_angle_product,141,106,5,0,0,-1.1212492699298826
development_oof,x10,10,quantum_angle_product,149,106,5,0,0,-0.7172691600399999
development_oof,x10,10,quantum_angle_product,150,55,5,1,1,1.0443873442250604
development_oof,x10,10,quantum_angle_product,152,429,5,0,0,-0.22850187099202746
development_oof,x10,10,quantum_angle_product,161,427,5,0,0,-0.3032182533728145
development_oof,x10,10,quantum_angle_product,163,18,5,1,1,4.01561114078345
development_oof,x10,10,quantum_angle_product,165,17,5,1,1,1.1841872856671722
development_oof,x10,10,quantum_angle_product,167,18,5,1,1,1.2182215370697493
development_oof,x10,10,quantum_angle_product,172,423,5,0,1,3.8205048416668594
development_oof,x10,10,quantum_angle_product,179,11,5,0,0,-0.36904509675037556
development_oof,x10,10,quantum_angle_product,182,31,5,1,1,1.0194237470985223
development_oof,x10,10,quantum_angle_product,186,18,5,1,1,1.2662062922069088
development_oof,x10,10,quantum_angle_product,195,31,5,1,1,1.168993674957881
development_oof,x10,10,quantum_angle_product,208,31,5,1,1,1.4217876410807273
development_oof,x10,10,quantum_angle_product,215,61,5,0,0,-0.5134607128581612
development_oof,x10,10,quantum_angle_product,219,418,5,0,0,-1.2408724767031432
development_oof,x10,10,quantum_angle_product,223,68,5,0,0,-1.2172463313630741
development_oof,x10,10,quantum_angle_product,225,55,5,1,1,1.2502008811711898
development_oof,x10,10,quantum_angle_product,231,417,5,0,0,-1.1578705436737176
development_oof,x10,10,quantum_angle_product,233,17,5,1,1,0.8712793196604531
development_oof,x10,10,quantum_angle_product,255,410,5,0,0,-0.9230991253216727
development_oof,x10,10,quantum_angle_product,256,18,5,1,1,1.0931827391884275
development_oof,x10,10,quantum_angle_product,259,409,5,0,0,-0.6493788888220537
development_oof,x10,10,quantum_angle_product,261,25,5,1,0,-1.1271066447425193
development_oof,x10,10,quantum_angle_product,273,25,5,1,0,-0.9745519437568104
development_oof,x10,10,quantum_angle_product,276,17,5,1,1,1.3603430802911207
development_oof,x10,10,quantum_angle_product,297,163,5,0,0,-0.8962272060349497
development_oof,x10,10,quantum_angle_product,298,405,5,0,0,-1.1258883736504428
development_oof,x10,10,quantum_angle_product,316,100,5,0,0,-1.0318365003636485
development_oof,x10,10,quantum_angle_product,319,163,5,0,0,-1.0445036817829978
development_oof,x10,10,quantum_angle_product,326,157,5,1,1,1.1593053898052448
development_oof,x10,10,quantum_angle_product,330,76,5,1,0,-1.1149187293113334
development_oof,x10,10,quantum_angle_product,334,394,5,0,0,-0.9442809108556043
development_oof,x10,10,quantum_angle_product,336,55,5,1,1,1.0818789301408076
development_oof,x10,10,quantum_angle_product,338,17,5,1,1,1.1274434301286247
development_oof,x10,10,quantum_angle_product,339,11,5,0,1,1.540053424479976
development_oof,x10,10,quantum_angle_product,340,393,5,0,0,-1.004329388424405
development_oof,x10,10,quantum_angle_product,343,17,5,1,1,1.068092262255404
development_oof,x10,10,quantum_angle_product,347,17,5,1,1,1.1710156598214398
development_oof,x10,10,quantum_angle_product,351,100,5,1,0,-0.9271331576047901
development_oof,x10,10,quantum_angle_product,357,37,5,1,1,1.2705121600810854
development_oof,x10,10,quantum_angle_product,364,25,5,1,0,-0.9618502395247424
development_oof,x10,10,quantum_angle_product,372,17,5,1,1,1.2615183190567771
development_oof,x10,10,quantum_angle_product,377,386,5,0,0,-0.8641621969077802
development_oof,x10,10,quantum_angle_product,381,76,5,0,0,-1.0414292026412815
development_oof,x10,10,quantum_angle_product,397,11,5,0,0,-1.1440086566682046
development_oof,x10,10,quantum_angle_product,402,380,5,0,0,-1.1930107379635286
development_oof,x10,10,quantum_angle_product,435,374,5,0,0,-1.086545232507592
development_oof,x10,10,quantum_angle_product,436,25,5,1,0,-0.43275590659778995
development_oof,x10,10,quantum_angle_product,458,18,5,0,1,1.3337941158278754
development_oof,x10,10,quantum_angle_product,459,25,5,1,0,-1.1234127559563207
development_oof,x10,10,quantum_angle_product,468,370,5,0,0,-1.2552178661804314
development_oof,x10,10,quantum_angle_product,479,368,5,0,0,-0.9301083473912053
development_oof,x10,10,quantum_angle_product,486,157,5,0,0,-1.2402976481704497
development_oof,x10,10,quantum_angle_product,494,94,5,0,0,-0.9203080713225402
development_oof,x10,10,quantum_angle_product,533,71,5,0,0,-0.2634270481560774
development_oof,x10,10,quantum_angle_product,536,71,5,0,0,-0.4871878932314422
development_oof,x10,10,quantum_angle_product,549,355,5,0,0,-0.6778661277497013
development_oof,x10,10,quantum_angle_product,555,352,5,1,1,1.3484985651093462
development_oof,x10,10,quantum_angle_product,557,66,5,0,0,-0.3959163219314972
development_oof,x10,10,quantum_angle_product,563,71,5,0,0,-0.21742754493253624
development_oof,x10,10,quantum_angle_product,575,115,5,0,0,-0.40320962059716603
development_oof,x10,10,quantum_angle_product,579,114,5,1,0,-0.8071896892818229
development_oof,x10,10,quantum_angle_product,585,31,5,1,1,1.4851668273529652
development_oof,x10,10,quantum_angle_product,587,345,5,0,1,0.11158937045761608
development_oof,x10,10,quantum_angle_product,601,339,5,0,0,-1.2725454030010903
development_oof,x10,10,quantum_angle_product,612,87,5,0,0,-1.0186849284619397
development_oof,x10,10,quantum_angle_product,620,68,5,0,0,-1.3407804198310993
development_oof,x10,10,quantum_angle_product,634,17,5,1,1,1.215727814722654
development_oof,x10,10,quantum_angle_product,635,68,5,1,0,-1.0699783251687398
development_oof,x10,10,quantum_angle_product,640,146,5,0,0,-0.9861318640966585
development_oof,x10,10,quantum_angle_product,641,66,5,0,0,-0.9063408077834145
development_oof,x10,10,quantum_angle_product,643,330,5,0,0,-1.112898190730653
development_oof,x10,10,quantum_angle_product,645,146,5,0,0,-1.2621800811683554
development_oof,x10,10,quantum_angle_product,656,326,5,0,0,-0.33211771654044764
development_oof,x10,10,quantum_angle_product,664,116,5,0,0,-0.9653312757999783
development_oof,x10,10,quantum_angle_product,675,71,5,0,0,-0.0023888194243566474
development_oof,x10,10,quantum_angle_product,682,317,5,0,0,-0.873677083084476
development_oof,x10,10,quantum_angle_product,688,143,5,0,0,-0.829738562373957
development_oof,x10,10,quantum_angle_product,698,314,5,0,0,-0.7086649722871341
development_oof,x10,10,quantum_angle_product,711,45,5,0,0,-0.6220687353791652
development_oof,x10,10,quantum_angle_product,723,25,5,0,0,-0.9278126385310417
development_oof,x10,10,quantum_angle_product,725,45,5,1,0,-0.6591804003831312
development_oof,x10,10,quantum_angle_product,726,31,5,1,1,1.1417048729191306
development_oof,x10,10,quantum_angle_product,732,45,5,0,0,-0.5124411887755889
development_oof,x10,10,quantum_angle_product,736,137,5,0,0,-0.0680859262360114
development_oof,x10,10,quantum_angle_product,741,306,5,0,0,-1.4009554236634
development_oof,x10,10,quantum_angle_product,744,87,5,0,0,-1.351087186597204
development_oof,x10,10,quantum_angle_product,749,11,5,0,0,-1.0123754499069682
development_oof,x10,10,quantum_angle_product,799,45,5,0,0,-0.16934079934372281
development_oof,x10,10,quantum_angle_product,802,131,5,0,0,-0.8365765895758832
development_oof,x10,10,quantum_angle_product,816,284,5,0,0,-0.3058448148736259
development_oof,x10,10,quantum_angle_product,837,278,5,0,0,-0.676614241346754
development_oof,x10,10,quantum_angle_product,845,11,5,0,0,-1.064950678228123
development_oof,x10,10,quantum_angle_product,857,268,5,0,0,-0.8158054182930341
development_oof,x10,10,quantum_angle_product,858,61,5,0,0,-0.513594495278249
development_oof,x10,10,quantum_angle_product,860,266,5,0,0,-0.22758682047948842
development_oof,x10,10,quantum_angle_product,870,260,5,0,0,-1.0501429335936985
development_oof,x10,10,quantum_angle_product,900,249,5,0,0,-0.7918660958700974
development_oof,x10,10,quantum_angle_product,906,247,5,0,0,-1.247424112833138
development_oof,x10,10,quantum_angle_product,915,25,5,1,0,-1.0236789537900188
development_oof,x10,10,quantum_angle_product,926,238,5,1,0,-1.1089294816872082
development_oof,x10,10,quantum_angle_product,939,229,5,1,0,-0.08719512792882522
development_oof,x10,10,quantum_angle_product,948,225,5,1,1,0.10634180803250981
development_oof,x10,10,quantum_angle_product,958,220,5,0,0,-1.4114913288193902
development_oof,x10,10,quantum_angle_product,960,116,5,0,0,-0.8118396193527238
development_oof,x10,10,quantum_angle_product,969,115,5,0,0,-0.25192144750237144
development_oof,x10,10,quantum_angle_product,971,212,5,1,1,0.3771113411174598
development_oof,x10,10,quantum_angle_product,972,211,5,0,0,-1.138987272039878
development_oof,x10,10,quantum_angle_product,974,45,5,0,0,-0.5633479938222719
development_oof,x10,10,quantum_angle_product,975,66,5,0,0,-0.8121928470622803
development_oof,x10,10,quantum_angle_product,979,114,5,0,0,-1.075288703882694
development_oof,x10,10,quantum_angle_product,990,201,5,0,0,-0.5609286552333392
development_oof,x10,10,quantum_angle_product,1008,76,5,0,0,-1.2228207328928482
development_oof,x10,10,quantum_angle_product,1010,194,5,0,1,0.136721400511143
development_oof,x10,10,quantum_angle_product,1015,191,5,1,0,-1.0018572457986208
development_oof,x10,10,quantum_angle_product,1027,185,5,1,1,2.2000547063228337
development_oof,x10,10,quantum_angle_product,1032,180,5,0,0,-0.2055073578419817
development_oof,x10,10,quantum_iqp_zz_linear,5,31,5,1,1,1.2089710814081223
development_oof,x10,10,quantum_iqp_zz_linear,6,61,5,0,0,-0.9701927390776779
development_oof,x10,10,quantum_iqp_zz_linear,15,458,5,1,1,0.9120443770564575
development_oof,x10,10,quantum_iqp_zz_linear,23,11,5,0,0,-0.2956240501871388
development_oof,x10,10,quantum_iqp_zz_linear,26,11,5,0,0,-0.8824010892231058
development_oof,x10,10,quantum_iqp_zz_linear,41,451,5,0,0,-1.1077536802641592
development_oof,x10,10,quantum_iqp_zz_linear,46,18,5,0,1,1.1170011589348934
development_oof,x10,10,quantum_iqp_zz_linear,49,11,5,0,0,-1.111641231982125
development_oof,x10,10,quantum_iqp_zz_linear,52,448,5,0,0,-1.1398088901066241
development_oof,x10,10,quantum_iqp_zz_linear,57,61,5,0,0,-0.9635805131164015
development_oof,x10,10,quantum_iqp_zz_linear,58,11,5,0,0,-1.0696048106031932
development_oof,x10,10,quantum_iqp_zz_linear,59,11,5,0,0,-0.4866450576144814
development_oof,x10,10,quantum_iqp_zz_linear,76,11,5,0,1,0.992543759462714
development_oof,x10,10,quantum_iqp_zz_linear,79,175,5,1,0,-0.24847128680966413
development_oof,x10,10,quantum_iqp_zz_linear,85,17,5,1,1,0.9638222454677474
development_oof,x10,10,quantum_iqp_zz_linear,96,18,5,1,1,1.1784906248771223
development_oof,x10,10,quantum_iqp_zz_linear,98,438,5,0,0,-0.8979004448471557
development_oof,x10,10,quantum_iqp_zz_linear,100,31,5,1,1,1.0268108782792893
development_oof,x10,10,quantum_iqp_zz_linear,105,437,5,1,0,-0.4285524275468091
development_oof,x10,10,quantum_iqp_zz_linear,106,18,5,1,1,1.0608589636506247
development_oof,x10,10,quantum_iqp_zz_linear,111,106,5,0,0,-0.5745026069509758
development_oof,x10,10,quantum_iqp_zz_linear,116,434,5,0,1,0.5709445966337754
development_oof,x10,10,quantum_iqp_zz_linear,130,171,5,0,0,-0.5701469343165972
development_oof,x10,10,quantum_iqp_zz_linear,132,18,5,1,1,1.1529039836702673
development_oof,x10,10,quantum_iqp_zz_linear,141,106,5,0,0,-1.1265325626548137
development_oof,x10,10,quantum_iqp_zz_linear,149,106,5,0,0,-0.817561406630505
development_oof,x10,10,quantum_iqp_zz_linear,150,55,5,1,1,1.0049589026151082
development_oof,x10,10,quantum_iqp_zz_linear,152,429,5,0,0,-0.682595405338968
development_oof,x10,10,quantum_iqp_zz_linear,161,427,5,0,0,-0.3817776814696925
development_oof,x10,10,quantum_iqp_zz_linear,163,18,5,1,1,2.6500120012516124
development_oof,x10,10,quantum_iqp_zz_linear,165,17,5,1,1,1.078030025111239
development_oof,x10,10,quantum_iqp_zz_linear,167,18,5,1,1,1.1279298921389544
development_oof,x10,10,quantum_iqp_zz_linear,172,423,5,0,1,2.4404837222215097
development_oof,x10,10,quantum_iqp_zz_linear,179,11,5,0,0,-0.34257530083024834
development_oof,x10,10,quantum_iqp_zz_linear,182,31,5,1,1,0.9984200381431947
development_oof,x10,10,quantum_iqp_zz_linear,186,18,5,1,1,1.1487612492223447
development_oof,x10,10,quantum_iqp_zz_linear,195,31,5,1,1,1.125372474772155
development_oof,x10,10,quantum_iqp_zz_linear,208,31,5,1,1,1.2755696510278545
development_oof,x10,10,quantum_iqp_zz_linear,215,61,5,0,0,-0.5632415258501167
development_oof,x10,10,quantum_iqp_zz_linear,219,418,5,0,0,-1.0860845664777854
development_oof,x10,10,quantum_iqp_zz_linear,223,68,5,0,0,-1.1503118060404385
development_oof,x10,10,quantum_iqp_zz_linear,225,55,5,1,1,1.1568516382048906
development_oof,x10,10,quantum_iqp_zz_linear,231,417,5,0,0,-1.0729693385424792
development_oof,x10,10,quantum_iqp_zz_linear,233,17,5,1,1,0.897857821315861
development_oof,x10,10,quantum_iqp_zz_linear,255,410,5,0,0,-0.9329284485259577
development_oof,x10,10,quantum_iqp_zz_linear,256,18,5,1,1,1.0742289745544877
development_oof,x10,10,quantum_iqp_zz_linear,259,409,5,0,0,-0.6281826298849489
development_oof,x10,10,quantum_iqp_zz_linear,261,25,5,1,0,-1.07201158909531
development_oof,x10,10,quantum_iqp_zz_linear,273,25,5,1,0,-0.9167151397609952
development_oof,x10,10,quantum_iqp_zz_linear,276,17,5,1,1,1.154900673073826
development_oof,x10,10,quantum_iqp_zz_linear,297,163,5,0,0,-0.9349147848968367
development_oof,x10,10,quantum_iqp_zz_linear,298,405,5,0,0,-1.0673052913122907
development_oof,x10,10,quantum_iqp_zz_linear,316,100,5,0,0,-0.936723540938255
development_oof,x10,10,quantum_iqp_zz_linear,319,163,5,0,0,-1.0571834019027733
development_oof,x10,10,quantum_iqp_zz_linear,326,157,5,1,1,1.1121720467738414
development_oof,x10,10,quantum_iqp_zz_linear,330,76,5,1,0,-1.0861975980311402
development_oof,x10,10,quantum_iqp_zz_linear,334,394,5,0,0,-0.8445100033869786
development_oof,x10,10,quantum_iqp_zz_linear,336,55,5,1,1,0.9824798713943903
development_oof,x10,10,quantum_iqp_zz_linear,338,17,5,1,1,1.0738134061585014
development_oof,x10,10,quantum_iqp_zz_linear,339,11,5,0,1,0.8386102796857893
development_oof,x10,10,quantum_iqp_zz_linear,340,393,5,0,0,-0.9675648539489246
development_oof,x10,10,quantum_iqp_zz_linear,343,17,5,1,1,1.0515042640348564
development_oof,x10,10,quantum_iqp_zz_linear,347,17,5,1,1,1.0983208358459435
development_oof,x10,10,quantum_iqp_zz_linear,351,100,5,1,0,-0.8444577705888912
development_oof,x10,10,quantum_iqp_zz_linear,357,37,5,1,1,1.1155631123503142
development_oof,x10,10,quantum_iqp_zz_linear,364,25,5,1,0,-0.9593017212959987
development_oof,x10,10,quantum_iqp_zz_linear,372,17,5,1,1,1.1661737294588317
development_oof,x10,10,quantum_iqp_zz_linear,377,386,5,0,0,-0.9004418114177655
development_oof,x10,10,quantum_iqp_zz_linear,381,76,5,0,0,-1.0331979395709385
development_oof,x10,10,quantum_iqp_zz_linear,397,11,5,0,0,-0.9990936802076333
development_oof,x10,10,quantum_iqp_zz_linear,402,380,5,0,0,-1.0181453304603958
development_oof,x10,10,quantum_iqp_zz_linear,435,374,5,0,0,-1.0136615454154245
development_oof,x10,10,quantum_iqp_zz_linear,436,25,5,1,0,-0.5028526514798328
development_oof,x10,10,quantum_iqp_zz_linear,458,18,5,0,1,1.148297465470226
development_oof,x10,10,quantum_iqp_zz_linear,459,25,5,1,0,-1.066034954840292
development_oof,x10,10,quantum_iqp_zz_linear,468,370,5,0,0,-1.008614682180952
development_oof,x10,10,quantum_iqp_zz_linear,479,368,5,0,0,-0.9596347663853704
development_oof,x10,10,quantum_iqp_zz_linear,486,157,5,0,0,-1.1604797117428596
development_oof,x10,10,quantum_iqp_zz_linear,494,94,5,0,0,-0.8475302098308766
development_oof,x10,10,quantum_iqp_zz_linear,533,71,5,0,0,-0.3480575346911903
development_oof,x10,10,quantum_iqp_zz_linear,536,71,5,0,0,-0.5596533312086467
development_oof,x10,10,quantum_iqp_zz_linear,549,355,5,0,0,-0.6837427096819477
development_oof,x10,10,quantum_iqp_zz_linear,555,352,5,1,1,1.1357687233527722
development_oof,x10,10,quantum_iqp_zz_linear,557,66,5,0,0,-0.404354510335144
development_oof,x10,10,quantum_iqp_zz_linear,563,71,5,0,0,-0.29836070586579044
development_oof,x10,10,quantum_iqp_zz_linear,575,115,5,0,0,-0.3629627280139571
development_oof,x10,10,quantum_iqp_zz_linear,579,114,5,1,0,-0.8427226865119273
development_oof,x10,10,quantum_iqp_zz_linear,585,31,5,1,1,1.320492359843399
development_oof,x10,10,quantum_iqp_zz_linear,587,345,5,0,1,0.11208356255211815
development_oof,x10,10,quantum_iqp_zz_linear,601,339,5,0,0,-1.2089141628357989
development_oof,x10,10,quantum_iqp_zz_linear,612,87,5,0,0,-0.9921775597119329
development_oof,x10,10,quantum_iqp_zz_linear,620,68,5,0,0,-1.2277627950062866
development_oof,x10,10,quantum_iqp_zz_linear,634,17,5,1,1,1.1002721927448718
development_oof,x10,10,quantum_iqp_zz_linear,635,68,5,1,0,-1.06108177560535
development_oof,x10,10,quantum_iqp_zz_linear,640,146,5,0,0,-0.9716352451382393
development_oof,x10,10,quantum_iqp_zz_linear,641,66,5,0,0,-0.9634427769610714
development_oof,x10,10,quantum_iqp_zz_linear,643,330,5,0,0,-1.051605732218423
development_oof,x10,10,quantum_iqp_zz_linear,645,146,5,0,0,-1.2348293733689417
development_oof,x10,10,quantum_iqp_zz_linear,656,326,5,0,0,-0.415162122878604
development_oof,x10,10,quantum_iqp_zz_linear,664,116,5,0,0,-0.9352034182751621
development_oof,x10,10,quantum_iqp_zz_linear,675,71,5,0,0,-0.1322582217711099
development_oof,x10,10,quantum_iqp_zz_linear,682,317,5,0,0,-0.875786247989127
development_oof,x10,10,quantum_iqp_zz_linear,688,143,5,0,0,-0.8236913470350613
development_oof,x10,10,quantum_iqp_zz_linear,698,314,5,0,0,-0.6236294699246299
development_oof,x10,10,quantum_iqp_zz_linear,711,45,5,0,0,-0.6713980760259302
development_oof,x10,10,quantum_iqp_zz_linear,723,25,5,0,0,-0.8649535113022828
development_oof,x10,10,quantum_iqp_zz_linear,725,45,5,1,0,-0.6478706490236474
development_oof,x10,10,quantum_iqp_zz_linear,726,31,5,1,1,1.1187546186152197
development_oof,x10,10,quantum_iqp_zz_linear,732,45,5,0,0,-0.5708808645294381
development_oof,x10,10,quantum_iqp_zz_linear,736,137,5,0,0,-0.04213745165646343
development_oof,x10,10,quantum_iqp_zz_linear,741,306,5,0,0,-1.2998135344896669
development_oof,x10,10,quantum_iqp_zz_linear,744,87,5,0,0,-1.2131144404183287
development_oof,x10,10,quantum_iqp_zz_linear,749,11,5,0,0,-0.9575891073044727
development_oof,x10,10,quantum_iqp_zz_linear,799,45,5,0,0,-0.20457275057543955
development_oof,x10,10,quantum_iqp_zz_linear,802,131,5,0,0,-0.8064166871749554
development_oof,x10,10,quantum_iqp_zz_linear,816,284,5,0,0,-0.2502964141001993
development_oof,x10,10,quantum_iqp_zz_linear,837,278,5,0,0,-0.5631732091055621
development_oof,x10,10,quantum_iqp_zz_linear,845,11,5,0,0,-0.9322937421692061
development_oof,x10,10,quantum_iqp_zz_linear,857,268,5,0,0,-0.85136931876866
development_oof,x10,10,quantum_iqp_zz_linear,858,61,5,0,0,-0.5629550363079336
development_oof,x10,10,quantum_iqp_zz_linear,860,266,5,0,0,-0.42715378966545714
development_oof,x10,10,quantum_iqp_zz_linear,870,260,5,0,0,-1.053594892692937
development_oof,x10,10,quantum_iqp_zz_linear,900,249,5,0,0,-0.8319349857981277
development_oof,x10,10,quantum_iqp_zz_linear,906,247,5,0,0,-1.1497880061864116
development_oof,x10,10,quantum_iqp_zz_linear,915,25,5,1,0,-0.9736820647666595
development_oof,x10,10,quantum_iqp_zz_linear,926,238,5,1,0,-1.0802083349114084
development_oof,x10,10,quantum_iqp_zz_linear,939,229,5,1,0,-0.08899516066149982
development_oof,x10,10,quantum_iqp_zz_linear,948,225,5,1,0,-0.18178588581598265
development_oof,x10,10,quantum_iqp_zz_linear,958,220,5,0,0,-1.2816569236982038
development_oof,x10,10,quantum_iqp_zz_linear,960,116,5,0,0,-0.8309797943074384
development_oof,x10,10,quantum_iqp_zz_linear,969,115,5,0,0,-0.23610001596602492
development_oof,x10,10,quantum_iqp_zz_linear,971,212,5,1,1,0.42342251106531936
development_oof,x10,10,quantum_iqp_zz_linear,972,211,5,0,0,-1.0566619484980728
development_oof,x10,10,quantum_iqp_zz_linear,974,45,5,0,0,-0.5728400977645398
development_oof,x10,10,quantum_iqp_zz_linear,975,66,5,0,0,-0.9125325760449077
development_oof,x10,10,quantum_iqp_zz_linear,979,114,5,0,0,-1.0949357658859522
development_oof,x10,10,quantum_iqp_zz_linear,990,201,5,0,0,-0.6487069098275879
development_oof,x10,10,quantum_iqp_zz_linear,1008,76,5,0,0,-1.099276045047423
development_oof,x10,10,quantum_iqp_zz_linear,1010,194,5,0,1,0.019089702155034693
development_oof,x10,10,quantum_iqp_zz_linear,1015,191,5,1,0,-0.9638091762126202
development_oof,x10,10,quantum_iqp_zz_linear,1027,185,5,1,1,1.5732791232211623
development_oof,x10,10,quantum_iqp_zz_linear,1032,180,5,0,0,-0.2604648049663987
development_oof,without_n_op,9,rbf_matched,3,108,1,0,0,-1.2045320962323092
development_oof,without_n_op,9,rbf_matched,13,109,1,1,1,1.8688353305400747
development_oof,without_n_op,9,rbf_matched,22,456,1,0,0,-0.3251650384863498
development_oof,without_n_op,9,rbf_matched,24,455,1,0,0,-0.4870105594208378
development_oof,without_n_op,9,rbf_matched,25,12,1,1,0,-1.2462419021049373
development_oof,without_n_op,9,rbf_matched,35,108,1,0,0,-1.138092718367394
development_oof,without_n_op,9,rbf_matched,43,6,1,0,0,-1.0392010753266336
development_oof,without_n_op,9,rbf_matched,53,447,1,0,0,-0.926591278823659
development_oof,without_n_op,9,rbf_matched,65,168,1,1,1,2.071305626547018
development_oof,without_n_op,9,rbf_matched,68,445,1,1,0,-1.3376843755164312
development_oof,without_n_op,9,rbf_matched,70,166,1,0,0,-1.3737866848195757
development_oof,without_n_op,9,rbf_matched,72,12,1,1,0,-0.915458770856977
development_oof,without_n_op,9,rbf_matched,75,108,1,0,0,-1.293189354389097
development_oof,without_n_op,9,rbf_matched,88,12,1,0,0,-1.3073080269348174
development_oof,without_n_op,9,rbf_matched,89,6,1,0,0,-1.0076059348585065
development_oof,without_n_op,9,rbf_matched,110,41,1,0,1,1.0020919822847607
development_oof,without_n_op,9,rbf_matched,129,58,1,1,1,1.6919804606097864
development_oof,without_n_op,9,rbf_matched,133,432,1,1,1,0.19973633896277088
development_oof,without_n_op,9,rbf_matched,144,41,1,0,1,0.9553159306603232
development_oof,without_n_op,9,rbf_matched,153,41,1,0,1,2.2513826492088396
development_oof,without_n_op,9,rbf_matched,155,41,1,0,1,0.8990020636729832
development_oof,without_n_op,9,rbf_matched,168,424,1,0,0,-1.3189199875133943
development_oof,without_n_op,9,rbf_matched,171,41,1,1,1,1.5905450580152327
development_oof,without_n_op,9,rbf_matched,197,168,1,1,1,1.5992428362780768
development_oof,without_n_op,9,rbf_matched,205,41,1,0,1,1.660311899664102
development_oof,without_n_op,9,rbf_matched,209,420,1,1,1,0.6440662150184626
development_oof,without_n_op,9,rbf_matched,232,6,1,0,0,-1.078403383430707
development_oof,without_n_op,9,rbf_matched,237,117,1,0,0,-0.45177823944465123
development_oof,without_n_op,9,rbf_matched,243,414,1,0,1,0.1538729801337202
development_oof,without_n_op,9,rbf_matched,250,166,1,0,0,-1.4661356346270646
development_oof,without_n_op,9,rbf_matched,270,12,1,1,0,-0.994567653587525
development_oof,without_n_op,9,rbf_matched,272,19,1,0,0,-0.8409527893967144
development_oof,without_n_op,9,rbf_matched,282,406,1,1,1,1.1014594627987653
development_oof,without_n_op,9,rbf_matched,289,6,1,0,0,-0.9605691191081625
development_oof,without_n_op,9,rbf_matched,303,12,1,1,0,-0.6034746662280468
development_oof,without_n_op,9,rbf_matched,305,402,1,0,0,-0.8444006693746693
development_oof,without_n_op,9,rbf_matched,306,101,1,1,0,-1.0397903051094288
development_oof,without_n_op,9,rbf_matched,307,12,1,1,0,-1.0401499812031445
development_oof,without_n_op,9,rbf_matched,314,398,1,0,0,-0.9609901913206396
development_oof,without_n_op,9,rbf_matched,318,127,1,1,0,-1.6509559109510001
development_oof,without_n_op,9,rbf_matched,328,395,1,1,1,0.2528444325345309
development_oof,without_n_op,9,rbf_matched,345,73,1,0,1,0.3695285976636833
development_oof,without_n_op,9,rbf_matched,346,12,1,1,0,-0.7388864703351969
development_oof,without_n_op,9,rbf_matched,350,12,1,0,0,-0.6137750907553143
development_oof,without_n_op,9,rbf_matched,362,36,1,0,0,-0.7110668396225903
development_oof,without_n_op,9,rbf_matched,366,79,1,1,0,-0.3601983764101706
development_oof,without_n_op,9,rbf_matched,367,79,1,1,0,-0.003382582379703347
development_oof,without_n_op,9,rbf_matched,368,387,1,0,0,-0.7345315124474214
development_oof,without_n_op,9,rbf_matched,383,12,1,1,0,-0.46447619711902055
development_oof,without_n_op,9,rbf_matched,390,381,1,0,0,-1.6885554295037628
development_oof,without_n_op,9,rbf_matched,411,6,1,0,0,-1.0893118693044257
development_oof,without_n_op,9,rbf_matched,415,12,1,1,0,-1.005768475602943
development_oof,without_n_op,9,rbf_matched,418,6,1,0,0,-0.8586138579009819
development_oof,without_n_op,9,rbf_matched,427,6,1,0,0,-0.6244787223058981
development_oof,without_n_op,9,rbf_matched,432,375,1,0,0,-0.1728877363327288
development_oof,without_n_op,9,rbf_matched,433,58,1,1,1,1.2385847983652707
development_oof,without_n_op,9,rbf_matched,445,95,1,0,0,-0.9428921058358894
development_oof,without_n_op,9,rbf_matched,452,73,1,1,1,0.25453287336417185
development_oof,without_n_op,9,rbf_matched,467,6,1,0,0,-0.5571604516098563
development_oof,without_n_op,9,rbf_matched,476,95,1,0,0,-0.49890793523194743
development_oof,without_n_op,9,rbf_matched,478,6,1,0,0,-1.1612048522750498
development_oof,without_n_op,9,rbf_matched,488,26,1,1,0,-1.0791290806923537
development_oof,without_n_op,9,rbf_matched,507,26,1,0,0,-0.9224847557692342
development_oof,without_n_op,9,rbf_matched,509,362,1,0,0,-0.041498865687234154
development_oof,without_n_op,9,rbf_matched,512,361,1,0,1,0.03837311340866956
development_oof,without_n_op,9,rbf_matched,521,26,1,0,0,-0.9978047926295708
development_oof,without_n_op,9,rbf_matched,530,358,1,1,0,-0.6900662270939164
development_oof,without_n_op,9,rbf_matched,531,6,1,0,0,-1.0559530313844578
development_oof,without_n_op,9,rbf_matched,532,26,1,0,0,-0.7205079655495079
development_oof,without_n_op,9,rbf_matched,534,26,1,0,0,-0.9191717934272776
development_oof,without_n_op,9,rbf_matched,552,6,1,0,0,-0.9721354659100547
development_oof,without_n_op,9,rbf_matched,564,47,1,1,0,-1.033450478466214
development_oof,without_n_op,9,rbf_matched,573,350,1,0,1,0.4095632987091933
development_oof,without_n_op,9,rbf_matched,576,349,1,0,1,0.4936982225533364
development_oof,without_n_op,9,rbf_matched,578,26,1,0,0,-0.9756137017975504
development_oof,without_n_op,9,rbf_matched,590,152,1,0,0,-2.5203397934303484
development_oof,without_n_op,9,rbf_matched,591,343,1,0,1,0.6778923590372288
development_oof,without_n_op,9,rbf_matched,630,67,1,0,0,-0.3297462583238011
development_oof,without_n_op,9,rbf_matched,637,47,1,1,0,-1.0491705967966953
development_oof,without_n_op,9,rbf_matched,639,332,1,0,1,0.230236842629719
development_oof,without_n_op,9,rbf_matched,642,331,1,0,0,-0.9645274801091044
development_oof,without_n_op,9,rbf_matched,644,47,1,1,0,-1.6834858932899528
development_oof,without_n_op,9,rbf_matched,650,88,1,0,0,-0.30471421338763305
development_oof,without_n_op,9,rbf_matched,651,67,1,0,0,-1.086820304314672
development_oof,without_n_op,9,rbf_matched,654,327,1,0,1,0.3281545424125132
development_oof,without_n_op,9,rbf_matched,673,320,1,0,0,-0.8371182547628524
development_oof,without_n_op,9,rbf_matched,676,6,1,0,0,-0.8505129275153176
development_oof,without_n_op,9,rbf_matched,679,6,1,0,0,-0.31889583013452905
development_oof,without_n_op,9,rbf_matched,680,145,1,0,0,-0.1305427108849666
development_oof,without_n_op,9,rbf_matched,695,47,1,1,0,-0.9396916929468477
development_oof,without_n_op,9,rbf_matched,708,310,1,0,1,1.2111628888297141
development_oof,without_n_op,9,rbf_matched,709,88,1,0,0,-0.830268771628988
development_oof,without_n_op,9,rbf_matched,713,139,1,0,0,-1.324119438503732
development_oof,without_n_op,9,rbf_matched,721,139,1,1,0,-1.5012835157676423
development_oof,without_n_op,9,rbf_matched,722,307,1,0,0,-0.5484062745512115
development_oof,without_n_op,9,rbf_matched,727,32,1,0,1,0.5015324647555901
development_oof,without_n_op,9,rbf_matched,734,12,1,1,0,-0.7359228663537851
development_oof,without_n_op,9,rbf_matched,748,64,1,0,1,0.8036675863636558
development_oof,without_n_op,9,rbf_matched,763,301,1,0,0,-1.1839523943899724
development_oof,without_n_op,9,rbf_matched,771,43,1,0,0,-0.2246458131429825
development_oof,without_n_op,9,rbf_matched,773,58,1,1,1,1.533145976327662
development_oof,without_n_op,9,rbf_matched,775,134,1,0,1,1.215081290775665
development_oof,without_n_op,9,rbf_matched,779,43,1,0,1,0.17826671765364255
development_oof,without_n_op,9,rbf_matched,782,43,1,0,0,-0.67444545108664
development_oof,without_n_op,9,rbf_matched,783,296,1,0,1,0.19905610158955023
development_oof,without_n_op,9,rbf_matched,784,43,1,1,0,-0.827231124003601
development_oof,without_n_op,9,rbf_matched,788,295,1,1,0,-0.4469290484231414
development_oof,without_n_op,9,rbf_matched,795,110,1,1,1,1.6206372067327526
development_oof,without_n_op,9,rbf_matched,797,43,1,0,1,0.09245969914086993
development_oof,without_n_op,9,rbf_matched,812,285,1,0,1,1.3576624988225139
development_oof,without_n_op,9,rbf_matched,814,88,1,0,0,-0.7662061738605899
development_oof,without_n_op,9,rbf_matched,836,279,1,1,0,-0.17505058268005902
development_oof,without_n_op,9,rbf_matched,853,272,1,0,0,-1.72256792054525
development_oof,without_n_op,9,rbf_matched,868,261,1,0,0,-1.103614671242633
development_oof,without_n_op,9,rbf_matched,886,255,1,0,0,-2.147976543876625
development_oof,without_n_op,9,rbf_matched,889,127,1,0,0,-1.6317711714271192
development_oof,without_n_op,9,rbf_matched,892,26,1,0,0,-1.0503558035747278
development_oof,without_n_op,9,rbf_matched,903,248,1,0,0,-1.7480298751866559
development_oof,without_n_op,9,rbf_matched,909,245,1,0,0,-0.6636716992209712
development_oof,without_n_op,9,rbf_matched,912,19,1,0,0,-0.9112885079535906
development_oof,without_n_op,9,rbf_matched,924,239,1,0,0,-0.9641781435715759
development_oof,without_n_op,9,rbf_matched,929,67,1,0,1,0.15077158202095164
development_oof,without_n_op,9,rbf_matched,937,230,1,0,0,-0.7908762425814362
development_oof,without_n_op,9,rbf_matched,938,79,1,0,0,-0.4850925912200217
development_oof,without_n_op,9,rbf_matched,944,58,1,1,1,1.0352262889192656
development_oof,without_n_op,9,rbf_matched,956,222,1,0,1,0.5171107651522289
development_oof,without_n_op,9,rbf_matched,959,117,1,0,0,-0.5058304528915794
development_oof,without_n_op,9,rbf_matched,961,219,1,0,1,0.7334235495220214
development_oof,without_n_op,9,rbf_matched,970,213,1,0,0,-0.1911821467061201
development_oof,without_n_op,9,rbf_matched,983,205,1,1,0,-1.0441381975556943
development_oof,without_n_op,9,rbf_matched,989,47,1,0,1,0.21595773395364626
development_oof,without_n_op,9,rbf_matched,992,200,1,0,1,0.19578304639589428
development_oof,without_n_op,9,rbf_matched,997,6,1,0,1,0.023419423919746496
development_oof,without_n_op,9,rbf_matched,1007,195,1,0,0,-0.9558516670819208
development_oof,without_n_op,9,rbf_matched,1011,110,1,1,1,1.7819440822922723
development_oof,without_n_op,9,rbf_matched,1023,187,1,0,1,0.5503273815357024
development_oof,without_n_op,9,rbf_matched,1034,178,1,0,0,-2.1380666507585597
development_oof,without_n_op,9,quantum_angle_product,3,108,1,0,0,-1.259921358515184
development_oof,without_n_op,9,quantum_angle_product,13,109,1,1,1,2.0298953185929935
development_oof,without_n_op,9,quantum_angle_product,22,456,1,0,0,-0.02500315930066499
development_oof,without_n_op,9,quantum_angle_product,24,455,1,0,0,-0.5000393638274812
development_oof,without_n_op,9,quantum_angle_product,25,12,1,1,0,-1.2584599468343338
development_oof,without_n_op,9,quantum_angle_product,35,108,1,0,0,-1.1791676159926379
development_oof,without_n_op,9,quantum_angle_product,43,6,1,0,0,-0.9913365556691627
development_oof,without_n_op,9,quantum_angle_product,53,447,1,0,0,-0.945750416048524
development_oof,without_n_op,9,quantum_angle_product,65,168,1,1,1,2.4524890124044436
development_oof,without_n_op,9,quantum_angle_product,68,445,1,1,0,-1.295390343105792
development_oof,without_n_op,9,quantum_angle_product,70,166,1,0,0,-1.7270515700428444
development_oof,without_n_op,9,quantum_angle_product,72,12,1,1,0,-0.9420818551893699
development_oof,without_n_op,9,quantum_angle_product,75,108,1,0,0,-1.2408289296217827
development_oof,without_n_op,9,quantum_angle_product,88,12,1,0,0,-1.338143292099799
development_oof,without_n_op,9,quantum_angle_product,89,6,1,0,0,-1.1125079449819264
development_oof,without_n_op,9,quantum_angle_product,110,41,1,0,1,0.9679467889296536
development_oof,without_n_op,9,quantum_angle_product,129,58,1,1,1,2.0168402098525195
development_oof,without_n_op,9,quantum_angle_product,133,432,1,1,0,-0.07220987055066352
development_oof,without_n_op,9,quantum_angle_product,144,41,1,0,1,1.0158284124557344
development_oof,without_n_op,9,quantum_angle_product,153,41,1,0,1,2.4625507366677954
development_oof,without_n_op,9,quantum_angle_product,155,41,1,0,1,0.7883403809321425
development_oof,without_n_op,9,quantum_angle_product,168,424,1,0,0,-1.2936843910159137
development_oof,without_n_op,9,quantum_angle_product,171,41,1,1,1,1.6187994672433508
development_oof,without_n_op,9,quantum_angle_product,197,168,1,1,1,1.7668378703895389
development_oof,without_n_op,9,quantum_angle_product,205,41,1,0,1,1.6578781787126804
development_oof,without_n_op,9,quantum_angle_product,209,420,1,1,1,0.7430547126619746
development_oof,without_n_op,9,quantum_angle_product,232,6,1,0,0,-1.187325678342459
development_oof,without_n_op,9,quantum_angle_product,237,117,1,0,0,-0.4085312314364824
development_oof,without_n_op,9,quantum_angle_product,243,414,1,0,1,0.05581710008860519
development_oof,without_n_op,9,quantum_angle_product,250,166,1,0,0,-2.2649412990413946
development_oof,without_n_op,9,quantum_angle_product,270,12,1,1,0,-1.001584131940147
development_oof,without_n_op,9,quantum_angle_product,272,19,1,0,0,-0.7926920903388446
development_oof,without_n_op,9,quantum_angle_product,282,406,1,1,1,1.3314426278848845
development_oof,without_n_op,9,quantum_angle_product,289,6,1,0,0,-1.219514288035894
development_oof,without_n_op,9,quantum_angle_product,303,12,1,1,0,-0.582729136836603
development_oof,without_n_op,9,quantum_angle_product,305,402,1,0,0,-0.7642822005674343
development_oof,without_n_op,9,quantum_angle_product,306,101,1,1,0,-1.0419852105848388
development_oof,without_n_op,9,quantum_angle_product,307,12,1,1,0,-1.1288132778520588
development_oof,without_n_op,9,quantum_angle_product,314,398,1,0,0,-0.9409731595083581
development_oof,without_n_op,9,quantum_angle_product,318,127,1,1,0,-2.906116617699423
development_oof,without_n_op,9,quantum_angle_product,328,395,1,1,1,0.40270362739670595
development_oof,without_n_op,9,quantum_angle_product,345,73,1,0,1,0.20579022981530848
development_oof,without_n_op,9,quantum_angle_product,346,12,1,1,0,-0.763990594001454
development_oof,without_n_op,9,quantum_angle_product,350,12,1,0,0,-0.6464917584498817
development_oof,without_n_op,9,quantum_angle_product,362,36,1,0,0,-0.7292896391010952
development_oof,without_n_op,9,quantum_angle_product,366,79,1,1,0,-0.47258877635439767
development_oof,without_n_op,9,quantum_angle_product,367,79,1,1,0,-0.0633754731095717
development_oof,without_n_op,9,quantum_angle_product,368,387,1,0,0,-0.8020753273259498
development_oof,without_n_op,9,quantum_angle_product,383,12,1,1,0,-0.4184832256832163
development_oof,without_n_op,9,quantum_angle_product,390,381,1,0,0,-1.7547314217752312
development_oof,without_n_op,9,quantum_angle_product,411,6,1,0,0,-1.1241612469646878
development_oof,without_n_op,9,quantum_angle_product,415,12,1,1,0,-0.9770869360019088
development_oof,without_n_op,9,quantum_angle_product,418,6,1,0,0,-0.9177835658069267
development_oof,without_n_op,9,quantum_angle_product,427,6,1,0,0,-0.6674978325386274
development_oof,without_n_op,9,quantum_angle_product,432,375,1,0,0,-0.2175793836861981
development_oof,without_n_op,9,quantum_angle_product,433,58,1,1,1,1.6153014267622456
development_oof,without_n_op,9,quantum_angle_product,445,95,1,0,0,-1.0812149549475958
development_oof,without_n_op,9,quantum_angle_product,452,73,1,1,1,0.11144901395300799
development_oof,without_n_op,9,quantum_angle_product,467,6,1,0,0,-0.7447062203166848
development_oof,without_n_op,9,quantum_angle_product,476,95,1,0,0,-0.5527797436098165
development_oof,without_n_op,9,quantum_angle_product,478,6,1,0,0,-1.283331070184742
development_oof,without_n_op,9,quantum_angle_product,488,26,1,1,0,-1.0427794802377814
development_oof,without_n_op,9,quantum_angle_product,507,26,1,0,0,-0.9159771199128652
development_oof,without_n_op,9,quantum_angle_product,509,362,1,0,1,0.12690753215122363
development_oof,without_n_op,9,quantum_angle_product,512,361,1,0,1,0.13739844227314002
development_oof,without_n_op,9,quantum_angle_product,521,26,1,0,0,-0.9933149158727286
development_oof,without_n_op,9,quantum_angle_product,530,358,1,1,0,-0.7109401533131443
development_oof,without_n_op,9,quantum_angle_product,531,6,1,0,0,-1.2786751053806977
development_oof,without_n_op,9,quantum_angle_product,532,26,1,0,0,-0.6534520895938254
development_oof,without_n_op,9,quantum_angle_product,534,26,1,0,0,-0.931790274133645
development_oof,without_n_op,9,quantum_angle_product,552,6,1,0,0,-1.1905895979002121
development_oof,without_n_op,9,quantum_angle_product,564,47,1,1,0,-1.24176695955566
development_oof,without_n_op,9,quantum_angle_product,573,350,1,0,1,0.6192179338133048
development_oof,without_n_op,9,quantum_angle_product,576,349,1,0,1,0.7055314579398004
development_oof,without_n_op,9,quantum_angle_product,578,26,1,0,0,-0.9327726708399933
development_oof,without_n_op,9,quantum_angle_product,590,152,1,0,0,-2.9016691888598825
development_oof,without_n_op,9,quantum_angle_product,591,343,1,0,1,0.6563776588757566
development_oof,without_n_op,9,quantum_angle_product,630,67,1,0,0,-0.2159667924526314
development_oof,without_n_op,9,quantum_angle_product,637,47,1,1,0,-1.1523927457773748
development_oof,without_n_op,9,quantum_angle_product,639,332,1,0,1,0.279231249482196
development_oof,without_n_op,9,quantum_angle_product,642,331,1,0,0,-1.1654313606513238
development_oof,without_n_op,9,quantum_angle_product,644,47,1,1,0,-1.6429322747115105
development_oof,without_n_op,9,quantum_angle_product,650,88,1,0,0,-0.13807041277769194
development_oof,without_n_op,9,quantum_angle_product,651,67,1,0,0,-1.1785415212508763
development_oof,without_n_op,9,quantum_angle_product,654,327,1,0,1,0.2837737340768758
development_oof,without_n_op,9,quantum_angle_product,673,320,1,0,0,-0.8904961034758099
development_oof,without_n_op,9,quantum_angle_product,676,6,1,0,0,-0.9816898872217319
development_oof,without_n_op,9,quantum_angle_product,679,6,1,0,0,-0.2689193796540206
development_oof,without_n_op,9,quantum_angle_product,680,145,1,0,0,-0.006187228107163989
development_oof,without_n_op,9,quantum_angle_product,695,47,1,1,0,-1.1779692768693604
development_oof,without_n_op,9,quantum_angle_product,708,310,1,0,1,1.5329037180977725
development_oof,without_n_op,9,quantum_angle_product,709,88,1,0,0,-0.8660384386194249
development_oof,without_n_op,9,quantum_angle_product,713,139,1,0,0,-1.323685817330782
development_oof,without_n_op,9,quantum_angle_product,721,139,1,1,0,-1.5500715800746416
development_oof,without_n_op,9,quantum_angle_product,722,307,1,0,0,-0.5622375912782029
development_oof,without_n_op,9,quantum_angle_product,727,32,1,0,1,0.5293737142463062
development_oof,without_n_op,9,quantum_angle_product,734,12,1,1,0,-0.7302734394707198
development_oof,without_n_op,9,quantum_angle_product,748,64,1,0,1,0.9460376599945466
development_oof,without_n_op,9,quantum_angle_product,763,301,1,0,0,-0.9838082090371909
development_oof,without_n_op,9,quantum_angle_product,771,43,1,0,0,-0.17075248059989967
development_oof,without_n_op,9,quantum_angle_product,773,58,1,1,1,1.6770327101957054
development_oof,without_n_op,9,quantum_angle_product,775,134,1,0,1,1.3206435313243805
development_oof,without_n_op,9,quantum_angle_product,779,43,1,0,1,0.3269465917797181
development_oof,without_n_op,9,quantum_angle_product,782,43,1,0,0,-0.689509515644458
development_oof,without_n_op,9,quantum_angle_product,783,296,1,0,1,0.17967836113391122
development_oof,without_n_op,9,quantum_angle_product,784,43,1,1,0,-0.8606826453738545
development_oof,without_n_op,9,quantum_angle_product,788,295,1,1,0,-0.5652015422873813
development_oof,without_n_op,9,quantum_angle_product,795,110,1,1,1,1.361058029086566
development_oof,without_n_op,9,quantum_angle_product,797,43,1,0,1,0.26725100392650525
development_oof,without_n_op,9,quantum_angle_product,812,285,1,0,1,1.726104129733871
development_oof,without_n_op,9,quantum_angle_product,814,88,1,0,0,-0.7926699931971068
development_oof,without_n_op,9,quantum_angle_product,836,279,1,1,0,-0.11818304501980315
development_oof,without_n_op,9,quantum_angle_product,853,272,1,0,0,-1.5939829098529383
development_oof,without_n_op,9,quantum_angle_product,868,261,1,0,0,-1.1370722152790602
development_oof,without_n_op,9,quantum_angle_product,886,255,1,0,0,-2.506884724821388
development_oof,without_n_op,9,quantum_angle_product,889,127,1,0,0,-2.5329706708723148
development_oof,without_n_op,9,quantum_angle_product,892,26,1,0,0,-1.051238394608701
development_oof,without_n_op,9,quantum_angle_product,903,248,1,0,0,-1.8880402517848136
development_oof,without_n_op,9,quantum_angle_product,909,245,1,0,0,-0.6418883810623566
development_oof,without_n_op,9,quantum_angle_product,912,19,1,0,0,-0.9116567203514006
development_oof,without_n_op,9,quantum_angle_product,924,239,1,0,0,-1.1865532780192307
development_oof,without_n_op,9,quantum_angle_product,929,67,1,0,1,0.31981510462839147
development_oof,without_n_op,9,quantum_angle_product,937,230,1,0,0,-0.6655635262586355
development_oof,without_n_op,9,quantum_angle_product,938,79,1,0,0,-0.6091239347768163
development_oof,without_n_op,9,quantum_angle_product,944,58,1,1,1,1.479213939763527
development_oof,without_n_op,9,quantum_angle_product,956,222,1,0,1,0.5819308890939983
development_oof,without_n_op,9,quantum_angle_product,959,117,1,0,0,-0.45064099848042183
development_oof,without_n_op,9,quantum_angle_product,961,219,1,0,1,0.7328059585238424
development_oof,without_n_op,9,quantum_angle_product,970,213,1,0,0,-0.2659942035555769
development_oof,without_n_op,9,quantum_angle_product,983,205,1,1,0,-1.2962800283811173
development_oof,without_n_op,9,quantum_angle_product,989,47,1,0,1,0.42460715931949444
development_oof,without_n_op,9,quantum_angle_product,992,200,1,0,1,0.4049664894862435
development_oof,without_n_op,9,quantum_angle_product,997,6,1,0,1,0.05058530258927085
development_oof,without_n_op,9,quantum_angle_product,1007,195,1,0,0,-1.188192182951381
development_oof,without_n_op,9,quantum_angle_product,1011,110,1,1,1,1.6117235001971455
development_oof,without_n_op,9,quantum_angle_product,1023,187,1,0,1,0.6843219750848011
development_oof,without_n_op,9,quantum_angle_product,1034,178,1,0,0,-2.768553339785937
development_oof,without_n_op,9,quantum_iqp_zz_linear,3,108,1,0,0,-1.1227172676270056
development_oof,without_n_op,9,quantum_iqp_zz_linear,13,109,1,1,1,2.1415560219022334
development_oof,without_n_op,9,quantum_iqp_zz_linear,22,456,1,0,0,-0.3019066077698841
development_oof,without_n_op,9,quantum_iqp_zz_linear,24,455,1,0,0,-0.41690380340891153
development_oof,without_n_op,9,quantum_iqp_zz_linear,25,12,1,1,0,-1.1776748789452993
development_oof,without_n_op,9,quantum_iqp_zz_linear,35,108,1,0,0,-1.0721550295248212
development_oof,without_n_op,9,quantum_iqp_zz_linear,43,6,1,0,0,-1.128842092719002
development_oof,without_n_op,9,quantum_iqp_zz_linear,53,447,1,0,0,-1.0717918985662065
development_oof,without_n_op,9,quantum_iqp_zz_linear,65,168,1,1,1,2.375031394248329
development_oof,without_n_op,9,quantum_iqp_zz_linear,68,445,1,1,0,-1.1790046194785182
development_oof,without_n_op,9,quantum_iqp_zz_linear,70,166,1,0,0,-1.25990655573466
development_oof,without_n_op,9,quantum_iqp_zz_linear,72,12,1,1,0,-0.8393066148750502
development_oof,without_n_op,9,quantum_iqp_zz_linear,75,108,1,0,0,-1.1243842126072385
development_oof,without_n_op,9,quantum_iqp_zz_linear,88,12,1,0,0,-1.1984080860986355
development_oof,without_n_op,9,quantum_iqp_zz_linear,89,6,1,0,0,-1.1057308727093664
development_oof,without_n_op,9,quantum_iqp_zz_linear,110,41,1,0,1,0.9147281178964598
development_oof,without_n_op,9,quantum_iqp_zz_linear,129,58,1,1,1,0.9239224926075104
development_oof,without_n_op,9,quantum_iqp_zz_linear,133,432,1,1,1,0.05593274607949794
development_oof,without_n_op,9,quantum_iqp_zz_linear,144,41,1,0,1,0.948508350584098
development_oof,without_n_op,9,quantum_iqp_zz_linear,153,41,1,0,1,2.4002007848001297
development_oof,without_n_op,9,quantum_iqp_zz_linear,155,41,1,0,1,0.9555577784179644
development_oof,without_n_op,9,quantum_iqp_zz_linear,168,424,1,0,0,-1.2911332340887425
development_oof,without_n_op,9,quantum_iqp_zz_linear,171,41,1,1,1,1.5906607282776895
development_oof,without_n_op,9,quantum_iqp_zz_linear,197,168,1,1,1,1.759827780918065
development_oof,without_n_op,9,quantum_iqp_zz_linear,205,41,1,0,1,1.6545765613603836
development_oof,without_n_op,9,quantum_iqp_zz_linear,209,420,1,1,1,0.8131904579535288
development_oof,without_n_op,9,quantum_iqp_zz_linear,232,6,1,0,0,-1.1732634105477482
development_oof,without_n_op,9,quantum_iqp_zz_linear,237,117,1,0,0,-0.6428961475317198
development_oof,without_n_op,9,quantum_iqp_zz_linear,243,414,1,0,0,-0.046178366469567966
development_oof,without_n_op,9,quantum_iqp_zz_linear,250,166,1,0,0,-1.4771783436675685
development_oof,without_n_op,9,quantum_iqp_zz_linear,270,12,1,1,0,-0.9657588604055852
development_oof,without_n_op,9,quantum_iqp_zz_linear,272,19,1,0,0,-0.6847246882821515
development_oof,without_n_op,9,quantum_iqp_zz_linear,282,406,1,1,1,1.127191512974803
development_oof,without_n_op,9,quantum_iqp_zz_linear,289,6,1,0,0,-1.078390324823105
development_oof,without_n_op,9,quantum_iqp_zz_linear,303,12,1,1,0,-0.5619015591168949
development_oof,without_n_op,9,quantum_iqp_zz_linear,305,402,1,0,0,-0.9892130824040432
development_oof,without_n_op,9,quantum_iqp_zz_linear,306,101,1,1,0,-1.0621891562663572
development_oof,without_n_op,9,quantum_iqp_zz_linear,307,12,1,1,0,-0.969305431926233
development_oof,without_n_op,9,quantum_iqp_zz_linear,314,398,1,0,0,-1.0071747915799376
development_oof,without_n_op,9,quantum_iqp_zz_linear,318,127,1,1,0,-0.7573927626508611
development_oof,without_n_op,9,quantum_iqp_zz_linear,328,395,1,1,1,0.08802460848953764
development_oof,without_n_op,9,quantum_iqp_zz_linear,345,73,1,0,1,0.43840080112967506
development_oof,without_n_op,9,quantum_iqp_zz_linear,346,12,1,1,0,-0.7145908506751378
development_oof,without_n_op,9,quantum_iqp_zz_linear,350,12,1,0,0,-0.674297713983978
development_oof,without_n_op,9,quantum_iqp_zz_linear,362,36,1,0,0,-0.8143625717137805
development_oof,without_n_op,9,quantum_iqp_zz_linear,366,79,1,1,0,-0.6047605512366047
development_oof,without_n_op,9,quantum_iqp_zz_linear,367,79,1,1,0,-0.18001216440615686
development_oof,without_n_op,9,quantum_iqp_zz_linear,368,387,1,0,0,-0.864182927326227
development_oof,without_n_op,9,quantum_iqp_zz_linear,383,12,1,1,0,-0.36560379588513314
development_oof,without_n_op,9,quantum_iqp_zz_linear,390,381,1,0,0,-1.5771313861244272
development_oof,without_n_op,9,quantum_iqp_zz_linear,411,6,1,0,0,-1.1702126459086903
development_oof,without_n_op,9,quantum_iqp_zz_linear,415,12,1,1,0,-0.9639051161894489
development_oof,without_n_op,9,quantum_iqp_zz_linear,418,6,1,0,0,-0.970844974596223
development_oof,without_n_op,9,quantum_iqp_zz_linear,427,6,1,0,0,-0.5963234162811651
development_oof,without_n_op,9,quantum_iqp_zz_linear,432,375,1,0,0,-0.22380621193980332
development_oof,without_n_op,9,quantum_iqp_zz_linear,433,58,1,1,1,1.0070281394330758
development_oof,without_n_op,9,quantum_iqp_zz_linear,445,95,1,0,0,-1.0517127871425762
development_oof,without_n_op,9,quantum_iqp_zz_linear,452,73,1,1,1,0.25355718299187024
development_oof,without_n_op,9,quantum_iqp_zz_linear,467,6,1,0,0,-0.580124817391691
development_oof,without_n_op,9,quantum_iqp_zz_linear,476,95,1,0,0,-0.4618153311121108
development_oof,without_n_op,9,quantum_iqp_zz_linear,478,6,1,0,0,-1.209618985514589
development_oof,without_n_op,9,quantum_iqp_zz_linear,488,26,1,1,0,-1.0617028487257558
development_oof,without_n_op,9,quantum_iqp_zz_linear,507,26,1,0,0,-0.8663774648024446
development_oof,without_n_op,9,quantum_iqp_zz_linear,509,362,1,0,0,-0.0038628289903100965
development_oof,without_n_op,9,quantum_iqp_zz_linear,512,361,1,0,1,0.07317020534345253
development_oof,without_n_op,9,quantum_iqp_zz_linear,521,26,1,0,0,-0.944867410166519
development_oof,without_n_op,9,quantum_iqp_zz_linear,530,358,1,1,0,-0.7222012275229278
development_oof,without_n_op,9,quantum_iqp_zz_linear,531,6,1,0,0,-1.1844986631133638
development_oof,without_n_op,9,quantum_iqp_zz_linear,532,26,1,0,0,-0.6853528887020285
development_oof,without_n_op,9,quantum_iqp_zz_linear,534,26,1,0,0,-0.8652895604722978
development_oof,without_n_op,9,quantum_iqp_zz_linear,552,6,1,0,0,-1.0752399810957263
development_oof,without_n_op,9,quantum_iqp_zz_linear,564,47,1,1,0,-1.0200363688156253
development_oof,without_n_op,9,quantum_iqp_zz_linear,573,350,1,0,1,0.23699984356129
development_oof,without_n_op,9,quantum_iqp_zz_linear,576,349,1,0,1,0.5668321803359032
development_oof,without_n_op,9,quantum_iqp_zz_linear,578,26,1,0,0,-0.9237856399910253
development_oof,without_n_op,9,quantum_iqp_zz_linear,590,152,1,0,0,-1.7954605685311718
development_oof,without_n_op,9,quantum_iqp_zz_linear,591,343,1,0,1,0.6220124551517267
development_oof,without_n_op,9,quantum_iqp_zz_linear,630,67,1,0,0,-0.337135982017574
development_oof,without_n_op,9,quantum_iqp_zz_linear,637,47,1,1,0,-0.9683375783265805
development_oof,without_n_op,9,quantum_iqp_zz_linear,639,332,1,0,1,0.1867497175284204
development_oof,without_n_op,9,quantum_iqp_zz_linear,642,331,1,0,0,-1.0198733597811769
development_oof,without_n_op,9,quantum_iqp_zz_linear,644,47,1,1,0,-1.5732999887996746
development_oof,without_n_op,9,quantum_iqp_zz_linear,650,88,1,0,0,-0.29598161646184373
development_oof,without_n_op,9,quantum_iqp_zz_linear,651,67,1,0,0,-1.194349791285366
development_oof,without_n_op,9,quantum_iqp_zz_linear,654,327,1,0,1,0.18034942459844927
development_oof,without_n_op,9,quantum_iqp_zz_linear,673,320,1,0,0,-0.8678881040365339
development_oof,without_n_op,9,quantum_iqp_zz_linear,676,6,1,0,0,-0.9707551128843718
development_oof,without_n_op,9,quantum_iqp_zz_linear,679,6,1,0,0,-0.3620037026752413
development_oof,without_n_op,9,quantum_iqp_zz_linear,680,145,1,0,0,-0.008144600160348792
development_oof,without_n_op,9,quantum_iqp_zz_linear,695,47,1,1,0,-0.9261654378566685
development_oof,without_n_op,9,quantum_iqp_zz_linear,708,310,1,0,1,1.368500359760712
development_oof,without_n_op,9,quantum_iqp_zz_linear,709,88,1,0,0,-0.8167540403671057
development_oof,without_n_op,9,quantum_iqp_zz_linear,713,139,1,0,0,-1.225768972887244
development_oof,without_n_op,9,quantum_iqp_zz_linear,721,139,1,1,0,-1.3742825242814822
development_oof,without_n_op,9,quantum_iqp_zz_linear,722,307,1,0,0,-0.6622761974190868
development_oof,without_n_op,9,quantum_iqp_zz_linear,727,32,1,0,1,0.5474079941186315
development_oof,without_n_op,9,quantum_iqp_zz_linear,734,12,1,1,0,-0.7191965059538151
development_oof,without_n_op,9,quantum_iqp_zz_linear,748,64,1,0,1,0.8714256721456345
development_oof,without_n_op,9,quantum_iqp_zz_linear,763,301,1,0,0,-1.1887988425752036
development_oof,without_n_op,9,quantum_iqp_zz_linear,771,43,1,0,0,-0.19440106594783224
development_oof,without_n_op,9,quantum_iqp_zz_linear,773,58,1,1,1,0.7747573363422456
development_oof,without_n_op,9,quantum_iqp_zz_linear,775,134,1,0,1,1.1813095253204446
development_oof,without_n_op,9,quantum_iqp_zz_linear,779,43,1,0,1,0.38356876996614175
development_oof,without_n_op,9,quantum_iqp_zz_linear,782,43,1,0,0,-0.6235606461489961
development_oof,without_n_op,9,quantum_iqp_zz_linear,783,296,1,0,1,0.10206625240333878
development_oof,without_n_op,9,quantum_iqp_zz_linear,784,43,1,1,0,-0.8397836720468802
development_oof,without_n_op,9,quantum_iqp_zz_linear,788,295,1,1,0,-0.5636000833677591
development_oof,without_n_op,9,quantum_iqp_zz_linear,795,110,1,1,1,0.8863669204759689
development_oof,without_n_op,9,quantum_iqp_zz_linear,797,43,1,0,1,0.2273959528668631
development_oof,without_n_op,9,quantum_iqp_zz_linear,812,285,1,0,1,1.3299352190588634
development_oof,without_n_op,9,quantum_iqp_zz_linear,814,88,1,0,0,-0.7688439390958407
development_oof,without_n_op,9,quantum_iqp_zz_linear,836,279,1,1,0,-0.6005798909273788
development_oof,without_n_op,9,quantum_iqp_zz_linear,853,272,1,0,0,-1.4680146592096461
development_oof,without_n_op,9,quantum_iqp_zz_linear,868,261,1,0,0,-1.1580678145175591
development_oof,without_n_op,9,quantum_iqp_zz_linear,886,255,1,0,0,-2.1555048375410486
development_oof,without_n_op,9,quantum_iqp_zz_linear,889,127,1,0,0,-0.6065078424890121
development_oof,without_n_op,9,quantum_iqp_zz_linear,892,26,1,0,0,-0.9899516216993912
development_oof,without_n_op,9,quantum_iqp_zz_linear,903,248,1,0,0,-1.6890194387382715
development_oof,without_n_op,9,quantum_iqp_zz_linear,909,245,1,0,0,-0.7902576421845114
development_oof,without_n_op,9,quantum_iqp_zz_linear,912,19,1,0,0,-0.7556262752348629
development_oof,without_n_op,9,quantum_iqp_zz_linear,924,239,1,0,0,-0.99944420675513
development_oof,without_n_op,9,quantum_iqp_zz_linear,929,67,1,0,1,0.14227303334797348
development_oof,without_n_op,9,quantum_iqp_zz_linear,937,230,1,0,0,-0.8784494354254139
development_oof,without_n_op,9,quantum_iqp_zz_linear,938,79,1,0,0,-0.6939202094156914
development_oof,without_n_op,9,quantum_iqp_zz_linear,944,58,1,1,1,0.8205729903947024
development_oof,without_n_op,9,quantum_iqp_zz_linear,956,222,1,0,1,0.7999848742766574
development_oof,without_n_op,9,quantum_iqp_zz_linear,959,117,1,0,0,-0.6395691343766919
development_oof,without_n_op,9,quantum_iqp_zz_linear,961,219,1,0,1,0.5527854027088751
development_oof,without_n_op,9,quantum_iqp_zz_linear,970,213,1,0,0,-0.22722058042255455
development_oof,without_n_op,9,quantum_iqp_zz_linear,983,205,1,1,0,-1.0811604225654117
development_oof,without_n_op,9,quantum_iqp_zz_linear,989,47,1,0,1,0.25719943127101785
development_oof,without_n_op,9,quantum_iqp_zz_linear,992,200,1,0,1,0.21248449609305886
development_oof,without_n_op,9,quantum_iqp_zz_linear,997,6,1,0,0,-0.03741056671242682
development_oof,without_n_op,9,quantum_iqp_zz_linear,1007,195,1,0,0,-1.0686017877417067
development_oof,without_n_op,9,quantum_iqp_zz_linear,1011,110,1,1,1,1.1041842227259862
development_oof,without_n_op,9,quantum_iqp_zz_linear,1023,187,1,0,1,0.5202059174059749
development_oof,without_n_op,9,quantum_iqp_zz_linear,1034,178,1,0,0,-2.3121932933225686
development_oof,without_n_op,9,rbf_matched,2,460,2,0,0,-0.761374792826998
development_oof,without_n_op,9,rbf_matched,8,107,2,0,0,-0.8111541019039517
development_oof,without_n_op,9,rbf_matched,18,56,2,1,1,1.2201377241584606
development_oof,without_n_op,9,rbf_matched,33,452,2,0,0,-1.1565863571594583
development_oof,without_n_op,9,rbf_matched,34,23,2,0,1,0.506037351542379
development_oof,without_n_op,9,rbf_matched,37,177,2,0,0,-0.8254715882442905
development_oof,without_n_op,9,rbf_matched,50,40,2,1,1,1.629585186293315
development_oof,without_n_op,9,rbf_matched,51,75,2,1,0,-1.1007433003945037
development_oof,without_n_op,9,rbf_matched,55,107,2,0,0,-0.9967262038325202
development_oof,without_n_op,9,rbf_matched,67,446,2,0,0,-0.6483988723513596
development_oof,without_n_op,9,rbf_matched,81,441,2,0,0,-0.6554509586579691
development_oof,without_n_op,9,rbf_matched,97,30,2,1,0,-0.4205245752538411
development_oof,without_n_op,9,rbf_matched,108,436,2,0,0,-1.0804368206176516
development_oof,without_n_op,9,rbf_matched,114,173,2,0,0,-1.4295186683389596
development_oof,without_n_op,9,rbf_matched,115,2,2,1,0,-0.5077952835421098
development_oof,without_n_op,9,rbf_matched,118,172,2,0,0,-1.0051116513074438
development_oof,without_n_op,9,rbf_matched,140,40,2,0,1,1.292951894425393
development_oof,without_n_op,9,rbf_matched,166,425,2,0,1,1.2907925581047461
development_oof,without_n_op,9,rbf_matched,177,40,2,1,1,1.4404555210721575
development_oof,without_n_op,9,rbf_matched,216,167,2,1,0,-0.550840190528531
development_oof,without_n_op,9,rbf_matched,229,30,2,1,0,-1.0675170832716292
development_oof,without_n_op,9,rbf_matched,235,30,2,1,0,-1.1107427696989376
development_oof,without_n_op,9,rbf_matched,240,167,2,1,0,-0.6485282684417748
development_oof,without_n_op,9,rbf_matched,241,23,2,0,1,0.5104420909614917
development_oof,without_n_op,9,rbf_matched,246,56,2,1,1,0.7911692976023108
development_oof,without_n_op,9,rbf_matched,249,124,2,0,0,-0.14110818395263613
development_oof,without_n_op,9,rbf_matched,251,30,2,1,0,-1.0252694148444945
development_oof,without_n_op,9,rbf_matched,253,412,2,0,0,-0.5243409237323005
development_oof,without_n_op,9,rbf_matched,254,411,2,1,0,-0.04378411846057373
development_oof,without_n_op,9,rbf_matched,262,98,2,1,1,0.660993145192242
development_oof,without_n_op,9,rbf_matched,265,75,2,0,0,-0.6830665860469916
development_oof,without_n_op,9,rbf_matched,275,56,2,1,1,0.5134227966366269
development_oof,without_n_op,9,rbf_matched,281,30,2,1,0,-0.8622213420993603
development_oof,without_n_op,9,rbf_matched,283,56,2,1,1,0.8445713721543661
development_oof,without_n_op,9,rbf_matched,291,98,2,1,1,0.5880591610869057
development_oof,without_n_op,9,rbf_matched,301,403,2,0,0,-0.5579130487995347
development_oof,without_n_op,9,rbf_matched,325,396,2,0,0,-0.9138138372384979
development_oof,without_n_op,9,rbf_matched,344,23,2,1,1,1.2162272922927435
development_oof,without_n_op,9,rbf_matched,359,23,2,0,1,0.28853869704796387
development_oof,without_n_op,9,rbf_matched,365,388,2,0,0,-0.740087281010702
development_oof,without_n_op,9,rbf_matched,378,23,2,0,1,0.4056625330506314
development_oof,without_n_op,9,rbf_matched,389,382,2,0,0,-1.287849372550911
development_oof,without_n_op,9,rbf_matched,408,98,2,1,1,0.8673327354878178
development_oof,without_n_op,9,rbf_matched,413,62,2,1,0,-0.45713901478502583
development_oof,without_n_op,9,rbf_matched,425,23,2,0,1,0.2673909541858208
development_oof,without_n_op,9,rbf_matched,426,377,2,0,1,2.156515428322992
development_oof,without_n_op,9,rbf_matched,439,156,2,1,0,-0.424504884269576
development_oof,without_n_op,9,rbf_matched,461,371,2,1,0,-0.2014006470322356
development_oof,without_n_op,9,rbf_matched,487,156,2,0,0,-0.5214955481823926
development_oof,without_n_op,9,rbf_matched,505,81,2,1,1,0.8203453656767886
development_oof,without_n_op,9,rbf_matched,514,360,2,1,1,1.0660196113468956
development_oof,without_n_op,9,rbf_matched,515,150,2,0,0,-0.2652004789537926
development_oof,without_n_op,9,rbf_matched,523,2,2,1,0,-0.34085509742156217
development_oof,without_n_op,9,rbf_matched,526,23,2,0,1,0.3172883952271035
development_oof,without_n_op,9,rbf_matched,541,113,2,0,0,-0.2998645946453571
development_oof,without_n_op,9,rbf_matched,551,353,2,0,1,0.394591652114454
development_oof,without_n_op,9,rbf_matched,584,46,2,0,1,0.20707859866381306
development_oof,without_n_op,9,rbf_matched,586,346,2,0,1,0.5851299106930212
development_oof,without_n_op,9,rbf_matched,589,153,2,1,1,1.8586265245588491
development_oof,without_n_op,9,rbf_matched,593,90,2,0,0,-1.2583294581716173
development_oof,without_n_op,9,rbf_matched,598,90,2,0,0,-0.9922761834734941
development_oof,without_n_op,9,rbf_matched,599,340,2,0,0,-1.210791388110809
development_oof,without_n_op,9,rbf_matched,603,40,2,1,1,1.4373561141312041
development_oof,without_n_op,9,rbf_matched,609,7,2,0,0,-1.2577188083388393
development_oof,without_n_op,9,rbf_matched,623,150,2,0,0,-0.5913111960295021
development_oof,without_n_op,9,rbf_matched,624,149,2,1,1,1.0978470168335535
development_oof,without_n_op,9,rbf_matched,636,334,2,1,0,-0.07575529530900482
development_oof,without_n_op,9,rbf_matched,661,90,2,0,0,-1.4242834622422802
development_oof,without_n_op,9,rbf_matched,670,322,2,0,1,0.8457412938165749
development_oof,without_n_op,9,rbf_matched,677,319,2,0,0,-0.5362864413082038
development_oof,without_n_op,9,rbf_matched,707,311,2,0,0,-0.5454430705990763
development_oof,without_n_op,9,rbf_matched,710,75,2,1,0,-0.8500015501702598
development_oof,without_n_op,9,rbf_matched,716,309,2,0,0,-0.12158237805279837
development_oof,without_n_op,9,rbf_matched,762,302,2,0,0,-0.01742381921287095
development_oof,without_n_op,9,rbf_matched,766,130,2,0,0,-1.4558946775608548
development_oof,without_n_op,9,rbf_matched,777,297,2,0,0,-1.4039783602683844
development_oof,without_n_op,9,rbf_matched,790,62,2,1,1,0.10940047788275797
development_oof,without_n_op,9,rbf_matched,791,294,2,0,0,-1.3684364782014802
development_oof,without_n_op,9,rbf_matched,793,292,2,1,0,-1.151430402776898
development_oof,without_n_op,9,rbf_matched,810,286,2,0,0,-0.7930026115463786
development_oof,without_n_op,9,rbf_matched,819,130,2,1,0,-1.14510443803424
development_oof,without_n_op,9,rbf_matched,825,83,2,0,0,-0.3224371049927812
development_oof,without_n_op,9,rbf_matched,831,281,2,0,0,-1.2815745478005196
development_oof,without_n_op,9,rbf_matched,842,277,2,0,0,-1.1363199337930379
development_oof,without_n_op,9,rbf_matched,850,273,2,0,1,0.3626893034468032
development_oof,without_n_op,9,rbf_matched,859,267,2,0,1,1.1553397979429472
development_oof,without_n_op,9,rbf_matched,863,81,2,1,1,0.8592193157129293
development_oof,without_n_op,9,rbf_matched,884,257,2,0,0,-0.6296434470893231
development_oof,without_n_op,9,rbf_matched,895,124,2,0,0,-0.550441225490955
development_oof,without_n_op,9,rbf_matched,896,251,2,0,0,-0.3209220117607232
development_oof,without_n_op,9,rbf_matched,914,56,2,1,1,1.4622935160223984
development_oof,without_n_op,9,rbf_matched,922,240,2,0,0,-0.5569655084149177
development_oof,without_n_op,9,rbf_matched,923,23,2,0,1,0.9251208993595299
development_oof,without_n_op,9,rbf_matched,933,232,2,0,0,-0.2710478697469574
development_oof,without_n_op,9,rbf_matched,947,226,2,0,0,-0.636146265204441
development_oof,without_n_op,9,rbf_matched,951,223,2,0,1,0.7257511721940813
development_oof,without_n_op,9,rbf_matched,953,119,2,0,1,0.8252475262830301
development_oof,without_n_op,9,rbf_matched,965,216,2,0,0,-0.5437584177936816
development_oof,without_n_op,9,rbf_matched,976,209,2,0,0,-1.2594439190800588
development_oof,without_n_op,9,rbf_matched,986,113,2,0,0,-0.488224668612778
development_oof,without_n_op,9,rbf_matched,1001,107,2,0,1,0.08843963742905558
development_oof,without_n_op,9,rbf_matched,1005,196,2,0,0,-0.2840760946770584
development_oof,without_n_op,9,rbf_matched,1020,188,2,0,0,-0.3896406692717663
development_oof,without_n_op,9,rbf_matched,1026,186,2,1,0,-1.2308737039422515
development_oof,without_n_op,9,rbf_matched,1030,182,2,0,1,0.059103380047437426
development_oof,without_n_op,9,quantum_angle_product,2,460,2,0,0,-0.6831809691357666
development_oof,without_n_op,9,quantum_angle_product,8,107,2,0,0,-0.9728415682589928
development_oof,without_n_op,9,quantum_angle_product,18,56,2,1,1,1.5069879432543625
development_oof,without_n_op,9,quantum_angle_product,33,452,2,0,0,-1.0439848681610915
development_oof,without_n_op,9,quantum_angle_product,34,23,2,0,1,0.467173081603558
development_oof,without_n_op,9,quantum_angle_product,37,177,2,0,0,-0.9693277253808605
development_oof,without_n_op,9,quantum_angle_product,50,40,2,1,1,1.7830573892427355
development_oof,without_n_op,9,quantum_angle_product,51,75,2,1,0,-1.2422742125000714
development_oof,without_n_op,9,quantum_angle_product,55,107,2,0,0,-0.952023139640426
development_oof,without_n_op,9,quantum_angle_product,67,446,2,0,0,-0.5325701697534335
development_oof,without_n_op,9,quantum_angle_product,81,441,2,0,0,-0.9085988339437198
development_oof,without_n_op,9,quantum_angle_product,97,30,2,1,0,-0.36952042976608057
development_oof,without_n_op,9,quantum_angle_product,108,436,2,0,0,-0.773945532827017
development_oof,without_n_op,9,quantum_angle_product,114,173,2,0,0,-1.1987870533741343
development_oof,without_n_op,9,quantum_angle_product,115,2,2,1,0,-0.616154644893054
development_oof,without_n_op,9,quantum_angle_product,118,172,2,0,0,-0.9695843003862783
development_oof,without_n_op,9,quantum_angle_product,140,40,2,0,1,0.6038171298510832
development_oof,without_n_op,9,quantum_angle_product,166,425,2,0,1,0.8284495666257382
development_oof,without_n_op,9,quantum_angle_product,177,40,2,1,1,1.363036225128001
development_oof,without_n_op,9,quantum_angle_product,216,167,2,1,0,-0.5107374968770554
development_oof,without_n_op,9,quantum_angle_product,229,30,2,1,0,-1.0259357984943975
development_oof,without_n_op,9,quantum_angle_product,235,30,2,1,0,-1.0463602098908211
development_oof,without_n_op,9,quantum_angle_product,240,167,2,1,0,-0.6326636830042649
development_oof,without_n_op,9,quantum_angle_product,241,23,2,0,1,0.4759958361858359
development_oof,without_n_op,9,quantum_angle_product,246,56,2,1,1,1.0800775129889233
development_oof,without_n_op,9,quantum_angle_product,249,124,2,0,1,0.0016082682635954332
development_oof,without_n_op,9,quantum_angle_product,251,30,2,1,0,-0.9354104769518778
development_oof,without_n_op,9,quantum_angle_product,253,412,2,0,0,-0.4234045175483709
development_oof,without_n_op,9,quantum_angle_product,254,411,2,1,0,-0.14220800890483748
development_oof,without_n_op,9,quantum_angle_product,262,98,2,1,1,0.6580010915643861
development_oof,without_n_op,9,quantum_angle_product,265,75,2,0,0,-0.734213419875707
development_oof,without_n_op,9,quantum_angle_product,275,56,2,1,1,0.783154259594899
development_oof,without_n_op,9,quantum_angle_product,281,30,2,1,0,-0.8427564920708921
development_oof,without_n_op,9,quantum_angle_product,283,56,2,1,1,1.0101194992504126
development_oof,without_n_op,9,quantum_angle_product,291,98,2,1,1,0.5306119366824399
development_oof,without_n_op,9,quantum_angle_product,301,403,2,0,0,-0.4728783976229876
development_oof,without_n_op,9,quantum_angle_product,325,396,2,0,0,-0.8670898167488943
development_oof,without_n_op,9,quantum_angle_product,344,23,2,1,1,1.4691091969349304
development_oof,without_n_op,9,quantum_angle_product,359,23,2,0,1,0.12437141957309869
development_oof,without_n_op,9,quantum_angle_product,365,388,2,0,0,-0.7109964510482887
development_oof,without_n_op,9,quantum_angle_product,378,23,2,0,1,0.3108285379841384
development_oof,without_n_op,9,quantum_angle_product,389,382,2,0,0,-1.3571074376327767
development_oof,without_n_op,9,quantum_angle_product,408,98,2,1,1,0.7727814199978964
development_oof,without_n_op,9,quantum_angle_product,413,62,2,1,0,-0.5933717953836024
development_oof,without_n_op,9,quantum_angle_product,425,23,2,0,1,0.33961614681273894
development_oof,without_n_op,9,quantum_angle_product,426,377,2,0,1,1.7182476774522306
development_oof,without_n_op,9,quantum_angle_product,439,156,2,1,0,-0.6404366536191991
development_oof,without_n_op,9,quantum_angle_product,461,371,2,1,0,-0.4120630307621585
development_oof,without_n_op,9,quantum_angle_product,487,156,2,0,0,-0.8043415649980804
development_oof,without_n_op,9,quantum_angle_product,505,81,2,1,1,0.8821637032894534
development_oof,without_n_op,9,quantum_angle_product,514,360,2,1,1,0.5142524324221311
development_oof,without_n_op,9,quantum_angle_product,515,150,2,0,0,-0.16565346869161812
development_oof,without_n_op,9,quantum_angle_product,523,2,2,1,0,-0.40411970896398164
development_oof,without_n_op,9,quantum_angle_product,526,23,2,0,0,-0.060591291492153546
development_oof,without_n_op,9,quantum_angle_product,541,113,2,0,0,-0.7007308345551599
development_oof,without_n_op,9,quantum_angle_product,551,353,2,0,1,0.5149269466900974
development_oof,without_n_op,9,quantum_angle_product,584,46,2,0,1,0.19632731216551788
development_oof,without_n_op,9,quantum_angle_product,586,346,2,0,1,0.9457662670522585
development_oof,without_n_op,9,quantum_angle_product,589,153,2,1,1,1.9135435794178386
development_oof,without_n_op,9,quantum_angle_product,593,90,2,0,0,-1.440870538393704
development_oof,without_n_op,9,quantum_angle_product,598,90,2,0,0,-1.4378371668835617
development_oof,without_n_op,9,quantum_angle_product,599,340,2,0,0,-1.31522122046251
development_oof,without_n_op,9,quantum_angle_product,603,40,2,1,1,1.2052956871974414
development_oof,without_n_op,9,quantum_angle_product,609,7,2,0,0,-1.302206881559146
development_oof,without_n_op,9,quantum_angle_product,623,150,2,0,0,-0.7864803724207865
development_oof,without_n_op,9,quantum_angle_product,624,149,2,1,1,1.0867341494338003
development_oof,without_n_op,9,quantum_angle_product,636,334,2,1,0,-0.12642512974947273
development_oof,without_n_op,9,quantum_angle_product,661,90,2,0,0,-1.6783625191459453
development_oof,without_n_op,9,quantum_angle_product,670,322,2,0,1,0.9931533717636458
development_oof,without_n_op,9,quantum_angle_product,677,319,2,0,0,-0.5950815727935496
development_oof,without_n_op,9,quantum_angle_product,707,311,2,0,0,-0.26494756357350707
development_oof,without_n_op,9,quantum_angle_product,710,75,2,1,0,-0.7759567346606472
development_oof,without_n_op,9,quantum_angle_product,716,309,2,0,0,-0.010262083584481066
development_oof,without_n_op,9,quantum_angle_product,762,302,2,0,1,0.08334295067331028
development_oof,without_n_op,9,quantum_angle_product,766,130,2,0,0,-1.6971413793151118
development_oof,without_n_op,9,quantum_angle_product,777,297,2,0,0,-1.4147112467790848
development_oof,without_n_op,9,quantum_angle_product,790,62,2,1,1,0.0333887835184649
development_oof,without_n_op,9,quantum_angle_product,791,294,2,0,0,-1.528424578442067
development_oof,without_n_op,9,quantum_angle_product,793,292,2,1,0,-1.2299179957085102
development_oof,without_n_op,9,quantum_angle_product,810,286,2,0,0,-0.9531609497644409
development_oof,without_n_op,9,quantum_angle_product,819,130,2,1,0,-1.2477866097065904
development_oof,without_n_op,9,quantum_angle_product,825,83,2,0,0,-0.22734727671409477
development_oof,without_n_op,9,quantum_angle_product,831,281,2,0,0,-1.2049798797238112
development_oof,without_n_op,9,quantum_angle_product,842,277,2,0,0,-1.2265475876770733
development_oof,without_n_op,9,quantum_angle_product,850,273,2,0,0,-0.06554885788577357
development_oof,without_n_op,9,quantum_angle_product,859,267,2,0,1,0.7047210248449188
development_oof,without_n_op,9,quantum_angle_product,863,81,2,1,1,0.9825051747956495
development_oof,without_n_op,9,quantum_angle_product,884,257,2,0,0,-0.44340367638923556
development_oof,without_n_op,9,quantum_angle_product,895,124,2,0,0,-0.5150479717785706
development_oof,without_n_op,9,quantum_angle_product,896,251,2,0,0,-0.5508308304605788
development_oof,without_n_op,9,quantum_angle_product,914,56,2,1,1,1.7316822041918285
development_oof,without_n_op,9,quantum_angle_product,922,240,2,0,0,-0.4545840585643374
development_oof,without_n_op,9,quantum_angle_product,923,23,2,0,1,0.9735961026992369
development_oof,without_n_op,9,quantum_angle_product,933,232,2,0,0,-0.1578649029864152
development_oof,without_n_op,9,quantum_angle_product,947,226,2,0,0,-0.6315799641944105
development_oof,without_n_op,9,quantum_angle_product,951,223,2,0,1,0.5410529126896639
development_oof,without_n_op,9,quantum_angle_product,953,119,2,0,1,1.0642066140359698
development_oof,without_n_op,9,quantum_angle_product,965,216,2,0,0,-0.7344025420994412
development_oof,without_n_op,9,quantum_angle_product,976,209,2,0,0,-1.3831446554133804
development_oof,without_n_op,9,quantum_angle_product,986,113,2,0,0,-0.6320610603107252
development_oof,without_n_op,9,quantum_angle_product,1001,107,2,0,0,-0.5015769484880955
development_oof,without_n_op,9,quantum_angle_product,1005,196,2,0,0,-0.42007568843231125
development_oof,without_n_op,9,quantum_angle_product,1020,188,2,0,0,-0.062391493649220156
development_oof,without_n_op,9,quantum_angle_product,1026,186,2,1,0,-1.5536250219566354
development_oof,without_n_op,9,quantum_angle_product,1030,182,2,0,0,-0.37473634112429416
development_oof,without_n_op,9,quantum_iqp_zz_linear,2,460,2,0,0,-0.6607591707888265
development_oof,without_n_op,9,quantum_iqp_zz_linear,8,107,2,0,0,-0.9628649867088097
development_oof,without_n_op,9,quantum_iqp_zz_linear,18,56,2,1,1,1.5113452622563424
development_oof,without_n_op,9,quantum_iqp_zz_linear,33,452,2,0,0,-1.027083986119575
development_oof,without_n_op,9,quantum_iqp_zz_linear,34,23,2,0,1,0.4342708326440473
development_oof,without_n_op,9,quantum_iqp_zz_linear,37,177,2,0,0,-0.9671264919418763
development_oof,without_n_op,9,quantum_iqp_zz_linear,50,40,2,1,1,1.718905215367624
development_oof,without_n_op,9,quantum_iqp_zz_linear,51,75,2,1,0,-1.2856200715672725
development_oof,without_n_op,9,quantum_iqp_zz_linear,55,107,2,0,0,-0.9061434025480118
development_oof,without_n_op,9,quantum_iqp_zz_linear,67,446,2,0,0,-0.6134116758599633
development_oof,without_n_op,9,quantum_iqp_zz_linear,81,441,2,0,0,-0.884010136235352
development_oof,without_n_op,9,quantum_iqp_zz_linear,97,30,2,1,0,-0.3518814689452973
development_oof,without_n_op,9,quantum_iqp_zz_linear,108,436,2,0,0,-0.7483405576901109
development_oof,without_n_op,9,quantum_iqp_zz_linear,114,173,2,0,0,-1.194562337022347
development_oof,without_n_op,9,quantum_iqp_zz_linear,115,2,2,1,0,-0.6001279856603425
development_oof,without_n_op,9,quantum_iqp_zz_linear,118,172,2,0,0,-0.9679047135579246
development_oof,without_n_op,9,quantum_iqp_zz_linear,140,40,2,0,1,0.49902502520092645
development_oof,without_n_op,9,quantum_iqp_zz_linear,166,425,2,0,1,0.6532911360388589
development_oof,without_n_op,9,quantum_iqp_zz_linear,177,40,2,1,1,1.3314018800186596
development_oof,without_n_op,9,quantum_iqp_zz_linear,216,167,2,1,0,-0.5478482025929204
development_oof,without_n_op,9,quantum_iqp_zz_linear,229,30,2,1,0,-0.9789801460637346
development_oof,without_n_op,9,quantum_iqp_zz_linear,235,30,2,1,0,-1.005327142188371
development_oof,without_n_op,9,quantum_iqp_zz_linear,240,167,2,1,0,-0.6362360707025793
development_oof,without_n_op,9,quantum_iqp_zz_linear,241,23,2,0,1,0.44402655979098216
development_oof,without_n_op,9,quantum_iqp_zz_linear,246,56,2,1,1,1.0825801856921546
development_oof,without_n_op,9,quantum_iqp_zz_linear,249,124,2,0,0,-0.006234147531034254
development_oof,without_n_op,9,quantum_iqp_zz_linear,251,30,2,1,0,-0.9101284091778495
development_oof,without_n_op,9,quantum_iqp_zz_linear,253,412,2,0,0,-0.3625657717625717
development_oof,without_n_op,9,quantum_iqp_zz_linear,254,411,2,1,0,-0.21966159727761264
development_oof,without_n_op,9,quantum_iqp_zz_linear,262,98,2,1,1,0.563337899476047
development_oof,without_n_op,9,quantum_iqp_zz_linear,265,75,2,0,0,-0.7482626654968019
development_oof,without_n_op,9,quantum_iqp_zz_linear,275,56,2,1,1,0.8160278441932121
development_oof,without_n_op,9,quantum_iqp_zz_linear,281,30,2,1,0,-0.8046532293663868
development_oof,without_n_op,9,quantum_iqp_zz_linear,283,56,2,1,1,1.016350525991761
development_oof,without_n_op,9,quantum_iqp_zz_linear,291,98,2,1,1,0.4182854382440118
development_oof,without_n_op,9,quantum_iqp_zz_linear,301,403,2,0,0,-0.4880103156774689
development_oof,without_n_op,9,quantum_iqp_zz_linear,325,396,2,0,0,-0.8078454234144035
development_oof,without_n_op,9,quantum_iqp_zz_linear,344,23,2,1,1,1.4759078934906542
development_oof,without_n_op,9,quantum_iqp_zz_linear,359,23,2,0,1,0.07075372240576153
development_oof,without_n_op,9,quantum_iqp_zz_linear,365,388,2,0,0,-0.7231058522404337
development_oof,without_n_op,9,quantum_iqp_zz_linear,378,23,2,0,1,0.26206123441718143
development_oof,without_n_op,9,quantum_iqp_zz_linear,389,382,2,0,0,-1.3254075465625352
development_oof,without_n_op,9,quantum_iqp_zz_linear,408,98,2,1,1,0.673386160254739
development_oof,without_n_op,9,quantum_iqp_zz_linear,413,62,2,1,0,-0.5865153976202054
development_oof,without_n_op,9,quantum_iqp_zz_linear,425,23,2,0,1,0.3166985544556785
development_oof,without_n_op,9,quantum_iqp_zz_linear,426,377,2,0,1,1.5468121518728875
development_oof,without_n_op,9,quantum_iqp_zz_linear,439,156,2,1,0,-0.6451256675689698
development_oof,without_n_op,9,quantum_iqp_zz_linear,461,371,2,1,0,-0.5182462779349947
development_oof,without_n_op,9,quantum_iqp_zz_linear,487,156,2,0,0,-0.8328572892451666
development_oof,without_n_op,9,quantum_iqp_zz_linear,505,81,2,1,1,0.901960006592737
development_oof,without_n_op,9,quantum_iqp_zz_linear,514,360,2,1,0,-0.010568115492478325
development_oof,without_n_op,9,quantum_iqp_zz_linear,515,150,2,0,0,-0.13387130626302396
development_oof,without_n_op,9,quantum_iqp_zz_linear,523,2,2,1,0,-0.5289556160153576
development_oof,without_n_op,9,quantum_iqp_zz_linear,526,23,2,0,0,-0.28020528996728616
development_oof,without_n_op,9,quantum_iqp_zz_linear,541,113,2,0,0,-0.7534150853144788
development_oof,without_n_op,9,quantum_iqp_zz_linear,551,353,2,0,1,0.49959644777682033
development_oof,without_n_op,9,quantum_iqp_zz_linear,584,46,2,0,1,0.22149456272225138
development_oof,without_n_op,9,quantum_iqp_zz_linear,586,346,2,0,1,0.8195235074416947
development_oof,without_n_op,9,quantum_iqp_zz_linear,589,153,2,1,1,1.891383790149683
development_oof,without_n_op,9,quantum_iqp_zz_linear,593,90,2,0,0,-1.5100768928628059
development_oof,without_n_op,9,quantum_iqp_zz_linear,598,90,2,0,0,-1.6186082104880337
development_oof,without_n_op,9,quantum_iqp_zz_linear,599,340,2,0,0,-1.3360423674488873
development_oof,without_n_op,9,quantum_iqp_zz_linear,603,40,2,1,1,1.1502062238020825
development_oof,without_n_op,9,quantum_iqp_zz_linear,609,7,2,0,0,-1.2457033997311167
development_oof,without_n_op,9,quantum_iqp_zz_linear,623,150,2,0,0,-0.7998456746197184
development_oof,without_n_op,9,quantum_iqp_zz_linear,624,149,2,1,1,1.1230925584847633
development_oof,without_n_op,9,quantum_iqp_zz_linear,636,334,2,1,0,-0.16317056759977672
development_oof,without_n_op,9,quantum_iqp_zz_linear,661,90,2,0,0,-1.8022738302726464
development_oof,without_n_op,9,quantum_iqp_zz_linear,670,322,2,0,1,0.8111915052432975
development_oof,without_n_op,9,quantum_iqp_zz_linear,677,319,2,0,0,-0.599870153716807
development_oof,without_n_op,9,quantum_iqp_zz_linear,707,311,2,0,0,-0.277410512768988
development_oof,without_n_op,9,quantum_iqp_zz_linear,710,75,2,1,0,-0.728666599672216
development_oof,without_n_op,9,quantum_iqp_zz_linear,716,309,2,0,1,0.027507757367063707
development_oof,without_n_op,9,quantum_iqp_zz_linear,762,302,2,0,1,0.09115852013224962
development_oof,without_n_op,9,quantum_iqp_zz_linear,766,130,2,0,0,-1.7709690756100933
development_oof,without_n_op,9,quantum_iqp_zz_linear,777,297,2,0,0,-1.4299279488939276
development_oof,without_n_op,9,quantum_iqp_zz_linear,790,62,2,1,1,0.041023254259231944
development_oof,without_n_op,9,quantum_iqp_zz_linear,791,294,2,0,0,-1.4802512104546333
development_oof,without_n_op,9,quantum_iqp_zz_linear,793,292,2,1,0,-1.1944351766269508
development_oof,without_n_op,9,quantum_iqp_zz_linear,810,286,2,0,0,-0.8730324389013912
development_oof,without_n_op,9,quantum_iqp_zz_linear,819,130,2,1,0,-1.2922541008450776
development_oof,without_n_op,9,quantum_iqp_zz_linear,825,83,2,0,0,-0.18632736982104714
development_oof,without_n_op,9,quantum_iqp_zz_linear,831,281,2,0,0,-1.2002685070679806
development_oof,without_n_op,9,quantum_iqp_zz_linear,842,277,2,0,0,-1.189742858049766
development_oof,without_n_op,9,quantum_iqp_zz_linear,850,273,2,0,0,-0.0732436976185455
development_oof,without_n_op,9,quantum_iqp_zz_linear,859,267,2,0,1,0.5755032537317001
development_oof,without_n_op,9,quantum_iqp_zz_linear,863,81,2,1,1,1.0022691055268562
development_oof,without_n_op,9,quantum_iqp_zz_linear,884,257,2,0,0,-0.36837792173340167
development_oof,without_n_op,9,quantum_iqp_zz_linear,895,124,2,0,0,-0.5022445988292549
development_oof,without_n_op,9,quantum_iqp_zz_linear,896,251,2,0,0,-0.6188204295295402
development_oof,without_n_op,9,quantum_iqp_zz_linear,914,56,2,1,1,1.7471547984348794
development_oof,without_n_op,9,quantum_iqp_zz_linear,922,240,2,0,0,-0.4806256542916755
development_oof,without_n_op,9,quantum_iqp_zz_linear,923,23,2,0,1,0.9920396201686714
development_oof,without_n_op,9,quantum_iqp_zz_linear,933,232,2,0,0,-0.08541433734909747
development_oof,without_n_op,9,quantum_iqp_zz_linear,947,226,2,0,0,-0.6224846655423202
development_oof,without_n_op,9,quantum_iqp_zz_linear,951,223,2,0,1,0.42401665503546965
development_oof,without_n_op,9,quantum_iqp_zz_linear,953,119,2,0,1,1.056417990471917
development_oof,without_n_op,9,quantum_iqp_zz_linear,965,216,2,0,0,-0.7654884356443957
development_oof,without_n_op,9,quantum_iqp_zz_linear,976,209,2,0,0,-1.4023828342762428
development_oof,without_n_op,9,quantum_iqp_zz_linear,986,113,2,0,0,-0.6863634914750019
development_oof,without_n_op,9,quantum_iqp_zz_linear,1001,107,2,0,0,-0.33948968833180765
development_oof,without_n_op,9,quantum_iqp_zz_linear,1005,196,2,0,0,-0.4581615658349103
development_oof,without_n_op,9,quantum_iqp_zz_linear,1020,188,2,0,1,0.03409598844846944
development_oof,without_n_op,9,quantum_iqp_zz_linear,1026,186,2,1,0,-1.615340163089553
development_oof,without_n_op,9,quantum_iqp_zz_linear,1030,182,2,0,0,-0.32986478990594825
development_oof,without_n_op,9,rbf_matched,20,3,3,0,0,-0.5947863152311368
development_oof,without_n_op,9,rbf_matched,29,453,3,0,0,-1.0526144960413588
development_oof,without_n_op,9,rbf_matched,31,3,3,0,0,-0.920103792116322
development_oof,without_n_op,9,rbf_matched,36,80,3,0,0,-0.03502369196968114
development_oof,without_n_op,9,rbf_matched,39,42,3,0,0,-1.040916518798212
development_oof,without_n_op,9,rbf_matched,42,3,3,0,0,-1.0549555328029399
development_oof,without_n_op,9,rbf_matched,78,443,3,1,0,-0.2210255269725967
development_oof,without_n_op,9,rbf_matched,87,439,3,0,0,-2.2860800080398214
development_oof,without_n_op,9,rbf_matched,92,27,3,1,0,-0.5468668233355032
development_oof,without_n_op,9,rbf_matched,93,165,3,0,0,-0.6876204902386351
development_oof,without_n_op,9,rbf_matched,101,27,3,0,0,-0.4544988206977163
development_oof,without_n_op,9,rbf_matched,125,111,3,0,0,-0.297362778628971
development_oof,without_n_op,9,rbf_matched,145,430,3,0,1,0.6091382413626563
development_oof,without_n_op,9,rbf_matched,146,59,3,1,1,0.16891731234194274
development_oof,without_n_op,9,rbf_matched,147,16,3,0,0,-0.1195214824465003
development_oof,without_n_op,9,rbf_matched,148,59,3,1,1,0.08804218331081248
development_oof,without_n_op,9,rbf_matched,154,59,3,1,0,-0.229254543658449
development_oof,without_n_op,9,rbf_matched,158,428,3,0,0,-0.7933555254614963
development_oof,without_n_op,9,rbf_matched,173,52,3,0,1,0.15509027273118803
development_oof,without_n_op,9,rbf_matched,175,38,3,1,1,1.7616810305164652
development_oof,without_n_op,9,rbf_matched,176,3,3,0,0,-1.1595808906723764
development_oof,without_n_op,9,rbf_matched,192,8,3,0,0,-1.4848044174518173
development_oof,without_n_op,9,rbf_matched,196,8,3,0,0,-1.2942670241974155
development_oof,without_n_op,9,rbf_matched,202,421,3,0,0,-1.1709482120655468
development_oof,without_n_op,9,rbf_matched,211,8,3,0,0,-1.1555704631384867
development_oof,without_n_op,9,rbf_matched,217,8,3,0,0,-0.7362560319019866
development_oof,without_n_op,9,rbf_matched,218,8,3,0,0,-1.4207229524769314
development_oof,without_n_op,9,rbf_matched,220,8,3,0,0,-0.5684220716211557
development_oof,without_n_op,9,rbf_matched,226,8,3,0,0,-1.2618473081493724
development_oof,without_n_op,9,rbf_matched,227,38,3,1,1,1.0322741828566404
development_oof,without_n_op,9,rbf_matched,230,121,3,1,1,0.42592702205596145
development_oof,without_n_op,9,rbf_matched,238,415,3,0,0,-1.122451606403589
development_oof,without_n_op,9,rbf_matched,239,3,3,0,0,-0.47738896456372215
development_oof,without_n_op,9,rbf_matched,242,52,3,1,1,1.9406641586985216
development_oof,without_n_op,9,rbf_matched,252,3,3,0,0,-0.9928602070473564
development_oof,without_n_op,9,rbf_matched,257,80,3,0,1,0.20357448342525153
development_oof,without_n_op,9,rbf_matched,266,103,3,1,1,1.11628035915194
development_oof,without_n_op,9,rbf_matched,268,8,3,0,0,-1.2186971156283601
development_oof,without_n_op,9,rbf_matched,271,165,3,0,0,-1.0474004858723398
development_oof,without_n_op,9,rbf_matched,278,407,3,0,0,-0.9307274793312239
development_oof,without_n_op,9,rbf_matched,279,3,3,0,0,-0.8813751431135455
development_oof,without_n_op,9,rbf_matched,284,38,3,1,1,0.7165536470987159
development_oof,without_n_op,9,rbf_matched,285,3,3,0,0,-1.4501075554986678
development_oof,without_n_op,9,rbf_matched,286,3,3,0,0,-1.0167851741767882
development_oof,without_n_op,9,rbf_matched,287,158,3,0,0,-0.3203201482466125
development_oof,without_n_op,9,rbf_matched,290,164,3,1,1,0.3304281295403966
development_oof,without_n_op,9,rbf_matched,300,404,3,1,1,0.8075919557353679
development_oof,without_n_op,9,rbf_matched,309,22,3,0,0,-0.8036204286990452
development_oof,without_n_op,9,rbf_matched,320,38,3,1,1,2.0734457840854024
development_oof,without_n_op,9,rbf_matched,321,397,3,0,1,0.0011845555116962725
development_oof,without_n_op,9,rbf_matched,323,3,3,0,0,-0.9442678860253921
development_oof,without_n_op,9,rbf_matched,327,3,3,0,0,-0.6304401144555571
development_oof,without_n_op,9,rbf_matched,332,38,3,1,1,1.6549982889591068
development_oof,without_n_op,9,rbf_matched,333,8,3,0,0,-0.7543696344917896
development_oof,without_n_op,9,rbf_matched,341,135,3,1,0,-0.4567783586637293
development_oof,without_n_op,9,rbf_matched,348,3,3,0,0,-1.0533288172889135
development_oof,without_n_op,9,rbf_matched,349,22,3,1,0,-1.6604575098718943
development_oof,without_n_op,9,rbf_matched,353,3,3,1,0,-1.618406492976135
development_oof,without_n_op,9,rbf_matched,354,391,3,1,0,-0.29478287624223287
development_oof,without_n_op,9,rbf_matched,356,390,3,0,0,-0.12675307794978097
development_oof,without_n_op,9,rbf_matched,363,22,3,0,0,-1.5921221917923345
development_oof,without_n_op,9,rbf_matched,370,8,3,0,0,-0.48744270252978583
development_oof,without_n_op,9,rbf_matched,387,383,3,1,0,-1.0318869919892728
development_oof,without_n_op,9,rbf_matched,406,78,3,0,0,-0.5375008920509527
development_oof,without_n_op,9,rbf_matched,412,3,3,0,0,-0.8444761126711089
development_oof,without_n_op,9,rbf_matched,414,3,3,0,0,-0.4724452722504451
development_oof,without_n_op,9,rbf_matched,416,378,3,0,0,-1.3145666054912033
development_oof,without_n_op,9,rbf_matched,417,22,3,0,0,-0.7338908221751017
development_oof,without_n_op,9,rbf_matched,419,154,3,1,1,1.2833696508064338
development_oof,without_n_op,9,rbf_matched,421,27,3,0,0,-1.0387598173137964
development_oof,without_n_op,9,rbf_matched,424,27,3,0,0,-0.7840432752984559
development_oof,without_n_op,9,rbf_matched,437,158,3,0,0,-0.2256102555020969
development_oof,without_n_op,9,rbf_matched,438,96,3,1,0,-0.3898247751568997
development_oof,without_n_op,9,rbf_matched,441,27,3,1,0,-1.0472877313120825
development_oof,without_n_op,9,rbf_matched,443,372,3,0,0,-1.7970767330293105
development_oof,without_n_op,9,rbf_matched,448,13,3,0,1,0.006321720587034063
development_oof,without_n_op,9,rbf_matched,450,3,3,0,0,-0.7168422928588527
development_oof,without_n_op,9,rbf_matched,451,3,3,0,0,-0.04930893389451296
development_oof,without_n_op,9,rbf_matched,456,78,3,0,1,0.34497967360839477
development_oof,without_n_op,9,rbf_matched,469,8,3,0,0,-0.49192201775059674
development_oof,without_n_op,9,rbf_matched,473,22,3,0,0,-1.6198379116993389
development_oof,without_n_op,9,rbf_matched,483,27,3,0,0,-0.8230994898433532
development_oof,without_n_op,9,rbf_matched,490,364,3,0,0,-0.5046196072993812
development_oof,without_n_op,9,rbf_matched,511,129,3,0,0,-0.8376459401090373
development_oof,without_n_op,9,rbf_matched,522,154,3,1,1,0.912497192457806
development_oof,without_n_op,9,rbf_matched,544,63,3,1,0,-1.7027010794985584
development_oof,without_n_op,9,rbf_matched,547,77,3,0,0,-0.9793823396556711
development_oof,without_n_op,9,rbf_matched,550,354,3,0,0,-0.4841846725129957
development_oof,without_n_op,9,rbf_matched,556,13,3,0,1,0.025477768432016434
development_oof,without_n_op,9,rbf_matched,567,13,3,0,0,-0.07490188849499191
development_oof,without_n_op,9,rbf_matched,580,348,3,1,0,-0.09794406007290046
development_oof,without_n_op,9,rbf_matched,597,341,3,0,1,0.5915477648512284
development_oof,without_n_op,9,rbf_matched,606,337,3,0,0,-1.5428439144609423
development_oof,without_n_op,9,rbf_matched,628,147,3,0,0,-1.5850287743993359
development_oof,without_n_op,9,rbf_matched,632,77,3,0,0,-0.7706649342705261
development_oof,without_n_op,9,rbf_matched,649,89,3,0,0,-0.6604809046419862
development_oof,without_n_op,9,rbf_matched,652,328,3,0,0,-0.5253467125836082
development_oof,without_n_op,9,rbf_matched,681,318,3,0,0,-0.09401393855974538
development_oof,without_n_op,9,rbf_matched,685,33,3,0,0,-0.7676209430419578
development_oof,without_n_op,9,rbf_matched,686,144,3,1,0,-0.8163214626350337
development_oof,without_n_op,9,rbf_matched,690,315,3,0,0,-0.4449306380361049
development_oof,without_n_op,9,rbf_matched,694,33,3,0,0,-1.5778504418556905
development_oof,without_n_op,9,rbf_matched,696,89,3,0,0,-1.011063770746728
development_oof,without_n_op,9,rbf_matched,717,140,3,0,1,0.4265393975407923
development_oof,without_n_op,9,rbf_matched,718,308,3,0,0,-2.195795127533726
development_oof,without_n_op,9,rbf_matched,743,13,3,0,0,-0.1471796504200109
development_oof,without_n_op,9,rbf_matched,756,303,3,0,0,-0.3353078040987416
development_oof,without_n_op,9,rbf_matched,767,63,3,1,0,-1.6940037316232959
development_oof,without_n_op,9,rbf_matched,768,300,3,0,1,1.0376504261575772
development_oof,without_n_op,9,rbf_matched,769,135,3,0,0,-0.47913102503471783
development_oof,without_n_op,9,rbf_matched,801,290,3,0,0,-0.9818377160820557
development_oof,without_n_op,9,rbf_matched,805,63,3,1,0,-0.9962980231604692
development_oof,without_n_op,9,rbf_matched,807,288,3,0,0,-1.7155820687586527
development_oof,without_n_op,9,rbf_matched,808,33,3,0,0,-0.01528144631147077
development_oof,without_n_op,9,rbf_matched,813,33,3,0,1,0.3138506869205975
development_oof,without_n_op,9,rbf_matched,821,282,3,0,0,-0.22637068919193593
development_oof,without_n_op,9,rbf_matched,827,129,3,0,0,-0.6928113600943129
development_oof,without_n_op,9,rbf_matched,847,274,3,0,0,-1.162607743122193
development_oof,without_n_op,9,rbf_matched,854,271,3,0,0,-1.9435960162163124
development_oof,without_n_op,9,rbf_matched,864,264,3,0,0,-1.0975840355161819
development_oof,without_n_op,9,rbf_matched,866,262,3,0,1,1.6723746722170447
development_oof,without_n_op,9,rbf_matched,869,80,3,0,0,-0.035327286209964504
development_oof,without_n_op,9,rbf_matched,881,259,3,0,1,0.22775703869614317
development_oof,without_n_op,9,rbf_matched,883,59,3,1,1,0.5693123982390758
development_oof,without_n_op,9,rbf_matched,893,253,3,0,0,-0.6423507025813595
development_oof,without_n_op,9,rbf_matched,899,123,3,1,1,1.0723510119236042
development_oof,without_n_op,9,rbf_matched,904,52,3,1,1,0.9915766997010882
development_oof,without_n_op,9,rbf_matched,913,121,3,1,1,1.5377232999745767
development_oof,without_n_op,9,rbf_matched,917,243,3,1,0,-0.04198962180040544
development_oof,without_n_op,9,rbf_matched,920,241,3,0,0,-0.7772929067103647
development_oof,without_n_op,9,rbf_matched,921,16,3,0,1,0.09519294188678717
development_oof,without_n_op,9,rbf_matched,930,235,3,1,1,0.5256018882333604
development_oof,without_n_op,9,rbf_matched,935,231,3,0,0,-0.830495339079564
development_oof,without_n_op,9,rbf_matched,940,78,3,0,0,-0.051981533242810185
development_oof,without_n_op,9,rbf_matched,945,227,3,0,1,0.3821156028196767
development_oof,without_n_op,9,rbf_matched,962,218,3,0,0,-1.1299130689832158
development_oof,without_n_op,9,rbf_matched,963,217,3,0,0,-1.4303372074948262
development_oof,without_n_op,9,rbf_matched,973,210,3,0,0,-1.5088872302761087
development_oof,without_n_op,9,rbf_matched,982,77,3,0,0,-0.9793547596196053
development_oof,without_n_op,9,rbf_matched,988,202,3,1,0,-0.6286384104943743
development_oof,without_n_op,9,rbf_matched,998,198,3,0,0,-0.9086464916247035
development_oof,without_n_op,9,rbf_matched,1002,197,3,0,0,-0.012023280366338929
development_oof,without_n_op,9,rbf_matched,1006,111,3,0,0,-1.5322785428408279
development_oof,without_n_op,9,rbf_matched,1017,189,3,0,0,-1.2278984371792727
development_oof,without_n_op,9,rbf_matched,1025,63,3,1,0,-3.159138114687334
development_oof,without_n_op,9,rbf_matched,1028,184,3,0,0,-0.6241278058632029
development_oof,without_n_op,9,rbf_matched,1029,183,3,0,0,-0.8760032742396877
development_oof,without_n_op,9,quantum_angle_product,20,3,3,0,0,-0.5936324795427219
development_oof,without_n_op,9,quantum_angle_product,29,453,3,0,0,-1.0526499911612412
development_oof,without_n_op,9,quantum_angle_product,31,3,3,0,0,-0.9394174742877248
development_oof,without_n_op,9,quantum_angle_product,36,80,3,0,0,-0.12090375294662659
development_oof,without_n_op,9,quantum_angle_product,39,42,3,0,0,-1.0137011830018303
development_oof,without_n_op,9,quantum_angle_product,42,3,3,0,0,-1.0349936295174822
development_oof,without_n_op,9,quantum_angle_product,78,443,3,1,0,-0.20530123244239684
development_oof,without_n_op,9,quantum_angle_product,87,439,3,0,0,-2.4708203215782825
development_oof,without_n_op,9,quantum_angle_product,92,27,3,1,0,-0.52521826471285
development_oof,without_n_op,9,quantum_angle_product,93,165,3,0,0,-0.6979581680909015
development_oof,without_n_op,9,quantum_angle_product,101,27,3,0,0,-0.4869475927957674
development_oof,without_n_op,9,quantum_angle_product,125,111,3,0,0,-0.40917618021139157
development_oof,without_n_op,9,quantum_angle_product,145,430,3,0,1,0.6773602495605906
development_oof,without_n_op,9,quantum_angle_product,146,59,3,1,1,0.2425034012640288
development_oof,without_n_op,9,quantum_angle_product,147,16,3,0,0,-0.13652891494308728
development_oof,without_n_op,9,quantum_angle_product,148,59,3,1,1,0.13931962991199276
development_oof,without_n_op,9,quantum_angle_product,154,59,3,1,0,-0.2227640614332551
development_oof,without_n_op,9,quantum_angle_product,158,428,3,0,0,-0.8068422985901784
development_oof,without_n_op,9,quantum_angle_product,173,52,3,0,1,0.3303053149744648
development_oof,without_n_op,9,quantum_angle_product,175,38,3,1,1,1.9125398131332623
development_oof,without_n_op,9,quantum_angle_product,176,3,3,0,0,-1.1392616778805
development_oof,without_n_op,9,quantum_angle_product,192,8,3,0,0,-1.5265188184183693
development_oof,without_n_op,9,quantum_angle_product,196,8,3,0,0,-1.301590279075969
development_oof,without_n_op,9,quantum_angle_product,202,421,3,0,0,-1.3140416099658574
development_oof,without_n_op,9,quantum_angle_product,211,8,3,0,0,-1.1735500183676515
development_oof,without_n_op,9,quantum_angle_product,217,8,3,0,0,-0.721273290543524
development_oof,without_n_op,9,quantum_angle_product,218,8,3,0,0,-1.4440486502829324
development_oof,without_n_op,9,quantum_angle_product,220,8,3,0,0,-0.5261419757555665
development_oof,without_n_op,9,quantum_angle_product,226,8,3,0,0,-1.3227847141153029
development_oof,without_n_op,9,quantum_angle_product,227,38,3,1,1,1.0820530447841938
development_oof,without_n_op,9,quantum_angle_product,230,121,3,1,1,0.5273279436928653
development_oof,without_n_op,9,quantum_angle_product,238,415,3,0,0,-0.9507575817809291
development_oof,without_n_op,9,quantum_angle_product,239,3,3,0,0,-0.5119676773892032
development_oof,without_n_op,9,quantum_angle_product,242,52,3,1,1,2.0052568513606466
development_oof,without_n_op,9,quantum_angle_product,252,3,3,0,0,-1.0102299941379038
development_oof,without_n_op,9,quantum_angle_product,257,80,3,0,1,0.17955197548685708
development_oof,without_n_op,9,quantum_angle_product,266,103,3,1,1,1.1246264852776853
development_oof,without_n_op,9,quantum_angle_product,268,8,3,0,0,-1.2112709451113823
development_oof,without_n_op,9,quantum_angle_product,271,165,3,0,0,-1.0258414656935693
development_oof,without_n_op,9,quantum_angle_product,278,407,3,0,0,-1.012367997735924
development_oof,without_n_op,9,quantum_angle_product,279,3,3,0,0,-0.9378395895183211
development_oof,without_n_op,9,quantum_angle_product,284,38,3,1,1,0.6952924647157253
development_oof,without_n_op,9,quantum_angle_product,285,3,3,0,0,-1.4349750792775233
development_oof,without_n_op,9,quantum_angle_product,286,3,3,0,0,-1.0754782765705309
development_oof,without_n_op,9,quantum_angle_product,287,158,3,0,0,-0.43622735371317356
development_oof,without_n_op,9,quantum_angle_product,290,164,3,1,1,0.30850408324580547
development_oof,without_n_op,9,quantum_angle_product,300,404,3,1,1,0.8060467479978164
development_oof,without_n_op,9,quantum_angle_product,309,22,3,0,0,-0.907098445889718
development_oof,without_n_op,9,quantum_angle_product,320,38,3,1,1,2.3121525287363247
development_oof,without_n_op,9,quantum_angle_product,321,397,3,0,1,0.22691928781437332
development_oof,without_n_op,9,quantum_angle_product,323,3,3,0,0,-0.9574757252784516
development_oof,without_n_op,9,quantum_angle_product,327,3,3,0,0,-0.5995048457882128
development_oof,without_n_op,9,quantum_angle_product,332,38,3,1,1,1.6955202570694659
development_oof,without_n_op,9,quantum_angle_product,333,8,3,0,0,-0.7207179032162849
development_oof,without_n_op,9,quantum_angle_product,341,135,3,1,0,-0.3410867441943872
development_oof,without_n_op,9,quantum_angle_product,348,3,3,0,0,-1.02272442914285
development_oof,without_n_op,9,quantum_angle_product,349,22,3,1,0,-1.8043110851166753
development_oof,without_n_op,9,quantum_angle_product,353,3,3,1,0,-1.7186494767423874
development_oof,without_n_op,9,quantum_angle_product,354,391,3,1,0,-0.2813913981921652
development_oof,without_n_op,9,quantum_angle_product,356,390,3,0,0,-0.1440614149871302
development_oof,without_n_op,9,quantum_angle_product,363,22,3,0,0,-1.7199624079478277
development_oof,without_n_op,9,quantum_angle_product,370,8,3,0,0,-0.4461865461651109
development_oof,without_n_op,9,quantum_angle_product,387,383,3,1,0,-1.3376057219051298
development_oof,without_n_op,9,quantum_angle_product,406,78,3,0,0,-0.5323202483449827
development_oof,without_n_op,9,quantum_angle_product,412,3,3,0,0,-0.8119523744785107
development_oof,without_n_op,9,quantum_angle_product,414,3,3,0,0,-0.5273292890521923
development_oof,without_n_op,9,quantum_angle_product,416,378,3,0,0,-1.3918759832316874
development_oof,without_n_op,9,quantum_angle_product,417,22,3,0,0,-0.8178584653243939
development_oof,without_n_op,9,quantum_angle_product,419,154,3,1,1,1.2721413897970684
development_oof,without_n_op,9,quantum_angle_product,421,27,3,0,0,-1.0957376472253793
development_oof,without_n_op,9,quantum_angle_product,424,27,3,0,0,-0.8439146599079543
development_oof,without_n_op,9,quantum_angle_product,437,158,3,0,0,-0.31694396939616576
development_oof,without_n_op,9,quantum_angle_product,438,96,3,1,0,-0.384382924993917
development_oof,without_n_op,9,quantum_angle_product,441,27,3,1,0,-1.0803425309531414
development_oof,without_n_op,9,quantum_angle_product,443,372,3,0,0,-1.925420421961237
development_oof,without_n_op,9,quantum_angle_product,448,13,3,0,0,-0.023394972027861005
development_oof,without_n_op,9,quantum_angle_product,450,3,3,0,0,-0.7697513390665613
development_oof,without_n_op,9,quantum_angle_product,451,3,3,0,0,-0.07305637837770229
development_oof,without_n_op,9,quantum_angle_product,456,78,3,0,1,0.3460962763170108
development_oof,without_n_op,9,quantum_angle_product,469,8,3,0,0,-0.45552745804278993
development_oof,without_n_op,9,quantum_angle_product,473,22,3,0,0,-1.7291619455264446
development_oof,without_n_op,9,quantum_angle_product,483,27,3,0,0,-0.8603211150617391
development_oof,without_n_op,9,quantum_angle_product,490,364,3,0,0,-0.5041705898196036
development_oof,without_n_op,9,quantum_angle_product,511,129,3,0,0,-0.8629748337336332
development_oof,without_n_op,9,quantum_angle_product,522,154,3,1,1,0.9328386304607128
development_oof,without_n_op,9,quantum_angle_product,544,63,3,1,0,-2.0161769429207603
development_oof,without_n_op,9,quantum_angle_product,547,77,3,0,0,-0.9357714034524158
development_oof,without_n_op,9,quantum_angle_product,550,354,3,0,0,-0.5240456369487867
development_oof,without_n_op,9,quantum_angle_product,556,13,3,0,0,-0.012624847530491312
development_oof,without_n_op,9,quantum_angle_product,567,13,3,0,0,-0.16037210794530177
development_oof,without_n_op,9,quantum_angle_product,580,348,3,1,0,-0.046861001154555826
development_oof,without_n_op,9,quantum_angle_product,597,341,3,0,1,0.4783386300856072
development_oof,without_n_op,9,quantum_angle_product,606,337,3,0,0,-1.7299017476025633
development_oof,without_n_op,9,quantum_angle_product,628,147,3,0,0,-1.8140336498300393
development_oof,without_n_op,9,quantum_angle_product,632,77,3,0,0,-0.7366519732005608
development_oof,without_n_op,9,quantum_angle_product,649,89,3,0,0,-0.7622865473724496
development_oof,without_n_op,9,quantum_angle_product,652,328,3,0,0,-0.5287155144729945
development_oof,without_n_op,9,quantum_angle_product,681,318,3,0,0,-0.15582273645885403
development_oof,without_n_op,9,quantum_angle_product,685,33,3,0,0,-0.9279532061761722
development_oof,without_n_op,9,quantum_angle_product,686,144,3,1,0,-0.8718687543212078
development_oof,without_n_op,9,quantum_angle_product,690,315,3,0,0,-0.5067265002408186
development_oof,without_n_op,9,quantum_angle_product,694,33,3,0,0,-1.8029596040336764
development_oof,without_n_op,9,quantum_angle_product,696,89,3,0,0,-1.1181065643925145
development_oof,without_n_op,9,quantum_angle_product,717,140,3,0,1,0.3785360691099533
development_oof,without_n_op,9,quantum_angle_product,718,308,3,0,0,-2.332307727546502
development_oof,without_n_op,9,quantum_angle_product,743,13,3,0,0,-0.20518502771646263
development_oof,without_n_op,9,quantum_angle_product,756,303,3,0,0,-0.3382225794211089
development_oof,without_n_op,9,quantum_angle_product,767,63,3,1,0,-1.9392087937814062
development_oof,without_n_op,9,quantum_angle_product,768,300,3,0,1,1.0621236577467505
development_oof,without_n_op,9,quantum_angle_product,769,135,3,0,0,-0.35496674067921186
development_oof,without_n_op,9,quantum_angle_product,801,290,3,0,0,-0.9921524825946073
development_oof,without_n_op,9,quantum_angle_product,805,63,3,1,0,-1.3688015482072395
development_oof,without_n_op,9,quantum_angle_product,807,288,3,0,0,-2.0066282757373153
development_oof,without_n_op,9,quantum_angle_product,808,33,3,0,0,-0.006294982383908465
development_oof,without_n_op,9,quantum_angle_product,813,33,3,0,1,0.6760050378594733
development_oof,without_n_op,9,quantum_angle_product,821,282,3,0,0,-0.2785185075204617
development_oof,without_n_op,9,quantum_angle_product,827,129,3,0,0,-0.7058251510442326
development_oof,without_n_op,9,quantum_angle_product,847,274,3,0,0,-1.177319100169941
development_oof,without_n_op,9,quantum_angle_product,854,271,3,0,0,-2.098619370255387
development_oof,without_n_op,9,quantum_angle_product,864,264,3,0,0,-1.1538278289898707
development_oof,without_n_op,9,quantum_angle_product,866,262,3,0,1,1.9115248648768932
development_oof,without_n_op,9,quantum_angle_product,869,80,3,0,0,-0.09817309352871684
development_oof,without_n_op,9,quantum_angle_product,881,259,3,0,1,0.15841979572775733
development_oof,without_n_op,9,quantum_angle_product,883,59,3,1,1,0.7093263453861645
development_oof,without_n_op,9,quantum_angle_product,893,253,3,0,0,-0.5723337973885543
development_oof,without_n_op,9,quantum_angle_product,899,123,3,1,1,1.1105596125755617
development_oof,without_n_op,9,quantum_angle_product,904,52,3,1,1,1.3073413584159872
development_oof,without_n_op,9,quantum_angle_product,913,121,3,1,1,2.051901361082462
development_oof,without_n_op,9,quantum_angle_product,917,243,3,1,1,0.05778269374240841
development_oof,without_n_op,9,quantum_angle_product,920,241,3,0,0,-0.7792899936584115
development_oof,without_n_op,9,quantum_angle_product,921,16,3,0,1,0.08483792201686446
development_oof,without_n_op,9,quantum_angle_product,930,235,3,1,1,0.6615681969274099
development_oof,without_n_op,9,quantum_angle_product,935,231,3,0,0,-0.7961713313772898
development_oof,without_n_op,9,quantum_angle_product,940,78,3,0,0,-0.05349030521734699
development_oof,without_n_op,9,quantum_angle_product,945,227,3,0,1,0.7242400405817739
development_oof,without_n_op,9,quantum_angle_product,962,218,3,0,0,-1.134767023480196
development_oof,without_n_op,9,quantum_angle_product,963,217,3,0,0,-1.4837395060086203
development_oof,without_n_op,9,quantum_angle_product,973,210,3,0,0,-1.840965926240417
development_oof,without_n_op,9,quantum_angle_product,982,77,3,0,0,-0.9727395598324216
development_oof,without_n_op,9,quantum_angle_product,988,202,3,1,0,-0.5594093222322294
development_oof,without_n_op,9,quantum_angle_product,998,198,3,0,0,-1.0182088205375899
development_oof,without_n_op,9,quantum_angle_product,1002,197,3,0,1,0.00144129242020119
development_oof,without_n_op,9,quantum_angle_product,1006,111,3,0,0,-1.6877082248428175
development_oof,without_n_op,9,quantum_angle_product,1017,189,3,0,0,-1.2314982029465065
development_oof,without_n_op,9,quantum_angle_product,1025,63,3,1,0,-3.6864376589400814
development_oof,without_n_op,9,quantum_angle_product,1028,184,3,0,0,-0.646160456085719
development_oof,without_n_op,9,quantum_angle_product,1029,183,3,0,0,-0.9549320173181806
development_oof,without_n_op,9,quantum_iqp_zz_linear,20,3,3,0,0,-0.5383005012206469
development_oof,without_n_op,9,quantum_iqp_zz_linear,29,453,3,0,0,-1.1837260745138096
development_oof,without_n_op,9,quantum_iqp_zz_linear,31,3,3,0,0,-0.923697730167362
development_oof,without_n_op,9,quantum_iqp_zz_linear,36,80,3,0,0,-0.400014350927486
development_oof,without_n_op,9,quantum_iqp_zz_linear,39,42,3,0,0,-1.01599382834219
development_oof,without_n_op,9,quantum_iqp_zz_linear,42,3,3,0,0,-1.0414450653023986
development_oof,without_n_op,9,quantum_iqp_zz_linear,78,443,3,1,1,0.003620687563775489
development_oof,without_n_op,9,quantum_iqp_zz_linear,87,439,3,0,0,-2.224364071581684
development_oof,without_n_op,9,quantum_iqp_zz_linear,92,27,3,1,0,-0.6051232839891406
development_oof,without_n_op,9,quantum_iqp_zz_linear,93,165,3,0,0,-0.9194676228930657
development_oof,without_n_op,9,quantum_iqp_zz_linear,101,27,3,0,0,-0.5700674590585132
development_oof,without_n_op,9,quantum_iqp_zz_linear,125,111,3,0,0,-0.46971775723117765
development_oof,without_n_op,9,quantum_iqp_zz_linear,145,430,3,0,1,0.419607061677203
development_oof,without_n_op,9,quantum_iqp_zz_linear,146,59,3,1,1,0.3735613655401056
development_oof,without_n_op,9,quantum_iqp_zz_linear,147,16,3,0,0,-0.0772892575460779
development_oof,without_n_op,9,quantum_iqp_zz_linear,148,59,3,1,1,0.23923938515844007
development_oof,without_n_op,9,quantum_iqp_zz_linear,154,59,3,1,0,-0.08545859769865477
development_oof,without_n_op,9,quantum_iqp_zz_linear,158,428,3,0,0,-0.7278529571267519
development_oof,without_n_op,9,quantum_iqp_zz_linear,173,52,3,0,1,0.08276630978236815
development_oof,without_n_op,9,quantum_iqp_zz_linear,175,38,3,1,1,2.011356526144411
development_oof,without_n_op,9,quantum_iqp_zz_linear,176,3,3,0,0,-1.1211823396220872
development_oof,without_n_op,9,quantum_iqp_zz_linear,192,8,3,0,0,-1.3791072901161925
development_oof,without_n_op,9,quantum_iqp_zz_linear,196,8,3,0,0,-1.2183076551488305
development_oof,without_n_op,9,quantum_iqp_zz_linear,202,421,3,0,0,-1.3618331846131202
development_oof,without_n_op,9,quantum_iqp_zz_linear,211,8,3,0,0,-1.083305676739999
development_oof,without_n_op,9,quantum_iqp_zz_linear,217,8,3,0,0,-0.6572356976715173
development_oof,without_n_op,9,quantum_iqp_zz_linear,218,8,3,0,0,-1.329349276637909
development_oof,without_n_op,9,quantum_iqp_zz_linear,220,8,3,0,0,-0.5047020403034178
development_oof,without_n_op,9,quantum_iqp_zz_linear,226,8,3,0,0,-1.2035240468252468
development_oof,without_n_op,9,quantum_iqp_zz_linear,227,38,3,1,1,1.1078340020888973
development_oof,without_n_op,9,quantum_iqp_zz_linear,230,121,3,1,1,0.8610256511370665
development_oof,without_n_op,9,quantum_iqp_zz_linear,238,415,3,0,0,-1.0903618143295633
development_oof,without_n_op,9,quantum_iqp_zz_linear,239,3,3,0,0,-0.5419581733732098
development_oof,without_n_op,9,quantum_iqp_zz_linear,242,52,3,1,1,1.8491485919985666
development_oof,without_n_op,9,quantum_iqp_zz_linear,252,3,3,0,0,-0.9645321889243265
development_oof,without_n_op,9,quantum_iqp_zz_linear,257,80,3,0,1,0.19827458127833825
development_oof,without_n_op,9,quantum_iqp_zz_linear,266,103,3,1,1,1.2111917999958706
development_oof,without_n_op,9,quantum_iqp_zz_linear,268,8,3,0,0,-1.1520182157947976
development_oof,without_n_op,9,quantum_iqp_zz_linear,271,165,3,0,0,-1.0311170965942686
development_oof,without_n_op,9,quantum_iqp_zz_linear,278,407,3,0,0,-0.953730293522853
development_oof,without_n_op,9,quantum_iqp_zz_linear,279,3,3,0,0,-0.8887931448504424
development_oof,without_n_op,9,quantum_iqp_zz_linear,284,38,3,1,1,0.7712033149622323
development_oof,without_n_op,9,quantum_iqp_zz_linear,285,3,3,0,0,-1.4113203775035148
development_oof,without_n_op,9,quantum_iqp_zz_linear,286,3,3,0,0,-1.0195535181182331
development_oof,without_n_op,9,quantum_iqp_zz_linear,287,158,3,0,0,-0.5447495116180804
development_oof,without_n_op,9,quantum_iqp_zz_linear,290,164,3,1,1,0.32906825987482496
development_oof,without_n_op,9,quantum_iqp_zz_linear,300,404,3,1,1,0.5910567079116434
development_oof,without_n_op,9,quantum_iqp_zz_linear,309,22,3,0,0,-0.9636088914857363
development_oof,without_n_op,9,quantum_iqp_zz_linear,320,38,3,1,1,2.3463272899980714
development_oof,without_n_op,9,quantum_iqp_zz_linear,321,397,3,0,1,0.09179165776331127
development_oof,without_n_op,9,quantum_iqp_zz_linear,323,3,3,0,0,-0.9174849174177625
development_oof,without_n_op,9,quantum_iqp_zz_linear,327,3,3,0,0,-0.5786350536120187
development_oof,without_n_op,9,quantum_iqp_zz_linear,332,38,3,1,1,1.7337432791008855
development_oof,without_n_op,9,quantum_iqp_zz_linear,333,8,3,0,0,-0.6857827473198953
development_oof,without_n_op,9,quantum_iqp_zz_linear,341,135,3,1,0,-0.19889773953559337
development_oof,without_n_op,9,quantum_iqp_zz_linear,348,3,3,0,0,-1.0273508482928353
development_oof,without_n_op,9,quantum_iqp_zz_linear,349,22,3,1,0,-1.6297798515145836
development_oof,without_n_op,9,quantum_iqp_zz_linear,353,3,3,1,0,-1.8170439763039534
development_oof,without_n_op,9,quantum_iqp_zz_linear,354,391,3,1,0,-0.27409158255861205
development_oof,without_n_op,9,quantum_iqp_zz_linear,356,390,3,0,0,-0.11360816145748548
development_oof,without_n_op,9,quantum_iqp_zz_linear,363,22,3,0,0,-1.5612867290376906
development_oof,without_n_op,9,quantum_iqp_zz_linear,370,8,3,0,0,-0.42642617754760587
development_oof,without_n_op,9,quantum_iqp_zz_linear,387,383,3,1,0,-1.4048864361198226
development_oof,without_n_op,9,quantum_iqp_zz_linear,406,78,3,0,0,-0.7206952503660732
development_oof,without_n_op,9,quantum_iqp_zz_linear,412,3,3,0,0,-0.8109083826797404
development_oof,without_n_op,9,quantum_iqp_zz_linear,414,3,3,0,0,-0.49076262959190137
development_oof,without_n_op,9,quantum_iqp_zz_linear,416,378,3,0,0,-1.4394129566373512
development_oof,without_n_op,9,quantum_iqp_zz_linear,417,22,3,0,0,-0.872090718673663
development_oof,without_n_op,9,quantum_iqp_zz_linear,419,154,3,1,1,1.2165392955547387
development_oof,without_n_op,9,quantum_iqp_zz_linear,421,27,3,0,0,-1.0990373398433781
development_oof,without_n_op,9,quantum_iqp_zz_linear,424,27,3,0,0,-0.7944007990522514
development_oof,without_n_op,9,quantum_iqp_zz_linear,437,158,3,0,0,-0.44163118997737677
development_oof,without_n_op,9,quantum_iqp_zz_linear,438,96,3,1,0,-0.4862475690462175
development_oof,without_n_op,9,quantum_iqp_zz_linear,441,27,3,1,0,-1.1107246565365887
development_oof,without_n_op,9,quantum_iqp_zz_linear,443,372,3,0,0,-1.8090907001562067
development_oof,without_n_op,9,quantum_iqp_zz_linear,448,13,3,0,1,0.015853622980577083
development_oof,without_n_op,9,quantum_iqp_zz_linear,450,3,3,0,0,-0.8845293163571634
development_oof,without_n_op,9,quantum_iqp_zz_linear,451,3,3,0,0,-0.012555975677139557
development_oof,without_n_op,9,quantum_iqp_zz_linear,456,78,3,0,1,0.4041844368363042
development_oof,without_n_op,9,quantum_iqp_zz_linear,469,8,3,0,0,-0.43226029998145393
development_oof,without_n_op,9,quantum_iqp_zz_linear,473,22,3,0,0,-1.58016448172056
development_oof,without_n_op,9,quantum_iqp_zz_linear,483,27,3,0,0,-0.9363113429217705
development_oof,without_n_op,9,quantum_iqp_zz_linear,490,364,3,0,0,-0.6082323003013635
development_oof,without_n_op,9,quantum_iqp_zz_linear,511,129,3,0,0,-0.9492183851487
development_oof,without_n_op,9,quantum_iqp_zz_linear,522,154,3,1,1,0.8483658514138005
development_oof,without_n_op,9,quantum_iqp_zz_linear,544,63,3,1,0,-2.132594062503248
development_oof,without_n_op,9,quantum_iqp_zz_linear,547,77,3,0,0,-0.902915274512963
development_oof,without_n_op,9,quantum_iqp_zz_linear,550,354,3,0,0,-0.47949870011081436
development_oof,without_n_op,9,quantum_iqp_zz_linear,556,13,3,0,0,-0.04968587389445938
development_oof,without_n_op,9,quantum_iqp_zz_linear,567,13,3,0,0,-0.22357094960468044
development_oof,without_n_op,9,quantum_iqp_zz_linear,580,348,3,1,0,-0.12082146340118477
development_oof,without_n_op,9,quantum_iqp_zz_linear,597,341,3,0,1,0.19490718241364552
development_oof,without_n_op,9,quantum_iqp_zz_linear,606,337,3,0,0,-2.1198170835799712
development_oof,without_n_op,9,quantum_iqp_zz_linear,628,147,3,0,0,-1.9434056236357509
development_oof,without_n_op,9,quantum_iqp_zz_linear,632,77,3,0,0,-0.7248906090687298
development_oof,without_n_op,9,quantum_iqp_zz_linear,649,89,3,0,0,-0.7606036302086824
development_oof,without_n_op,9,quantum_iqp_zz_linear,652,328,3,0,0,-0.4941874206604437
development_oof,without_n_op,9,quantum_iqp_zz_linear,681,318,3,0,0,-0.20372306364000575
development_oof,without_n_op,9,quantum_iqp_zz_linear,685,33,3,0,0,-0.8208733028830776
development_oof,without_n_op,9,quantum_iqp_zz_linear,686,144,3,1,0,-0.7736493720537371
development_oof,without_n_op,9,quantum_iqp_zz_linear,690,315,3,0,0,-0.6121441803462676
development_oof,without_n_op,9,quantum_iqp_zz_linear,694,33,3,0,0,-1.8288625679173474
development_oof,without_n_op,9,quantum_iqp_zz_linear,696,89,3,0,0,-1.240595476167192
development_oof,without_n_op,9,quantum_iqp_zz_linear,717,140,3,0,1,0.4891018464204178
development_oof,without_n_op,9,quantum_iqp_zz_linear,718,308,3,0,0,-2.178286524521409
development_oof,without_n_op,9,quantum_iqp_zz_linear,743,13,3,0,0,-0.12335536594262803
development_oof,without_n_op,9,quantum_iqp_zz_linear,756,303,3,0,0,-0.510867946980398
development_oof,without_n_op,9,quantum_iqp_zz_linear,767,63,3,1,0,-2.1526808501977035
development_oof,without_n_op,9,quantum_iqp_zz_linear,768,300,3,0,1,0.979958394615423
development_oof,without_n_op,9,quantum_iqp_zz_linear,769,135,3,0,0,-0.1925943095057569
development_oof,without_n_op,9,quantum_iqp_zz_linear,801,290,3,0,0,-0.8366764921722639
development_oof,without_n_op,9,quantum_iqp_zz_linear,805,63,3,1,0,-1.2622142494994633
development_oof,without_n_op,9,quantum_iqp_zz_linear,807,288,3,0,0,-2.3531360746618044
development_oof,without_n_op,9,quantum_iqp_zz_linear,808,33,3,0,1,0.007286398945695778
development_oof,without_n_op,9,quantum_iqp_zz_linear,813,33,3,0,1,0.5353387789017744
development_oof,without_n_op,9,quantum_iqp_zz_linear,821,282,3,0,0,-0.222146407680545
development_oof,without_n_op,9,quantum_iqp_zz_linear,827,129,3,0,0,-0.8297663748234322
development_oof,without_n_op,9,quantum_iqp_zz_linear,847,274,3,0,0,-1.1586965307203578
development_oof,without_n_op,9,quantum_iqp_zz_linear,854,271,3,0,0,-1.4785098428756294
development_oof,without_n_op,9,quantum_iqp_zz_linear,864,264,3,0,0,-1.1485988481149008
development_oof,without_n_op,9,quantum_iqp_zz_linear,866,262,3,0,1,1.391775238246635
development_oof,without_n_op,9,quantum_iqp_zz_linear,869,80,3,0,0,-0.28914863033609034
development_oof,without_n_op,9,quantum_iqp_zz_linear,881,259,3,0,1,0.134122716499171
development_oof,without_n_op,9,quantum_iqp_zz_linear,883,59,3,1,1,0.7613070672474923
development_oof,without_n_op,9,quantum_iqp_zz_linear,893,253,3,0,0,-0.4562453182264357
development_oof,without_n_op,9,quantum_iqp_zz_linear,899,123,3,1,1,1.0039083230864239
development_oof,without_n_op,9,quantum_iqp_zz_linear,904,52,3,1,1,0.9790167370760158
development_oof,without_n_op,9,quantum_iqp_zz_linear,913,121,3,1,1,1.6320970383604123
development_oof,without_n_op,9,quantum_iqp_zz_linear,917,243,3,1,0,-0.1878251640819461
development_oof,without_n_op,9,quantum_iqp_zz_linear,920,241,3,0,0,-0.7610027814687975
development_oof,without_n_op,9,quantum_iqp_zz_linear,921,16,3,0,1,0.21026338717660292
development_oof,without_n_op,9,quantum_iqp_zz_linear,930,235,3,1,1,0.94660106873369
development_oof,without_n_op,9,quantum_iqp_zz_linear,935,231,3,0,0,-0.9707707269662323
development_oof,without_n_op,9,quantum_iqp_zz_linear,940,78,3,0,0,-0.14944715351585897
development_oof,without_n_op,9,quantum_iqp_zz_linear,945,227,3,0,1,0.4336746690549405
development_oof,without_n_op,9,quantum_iqp_zz_linear,962,218,3,0,0,-1.1702485151298438
development_oof,without_n_op,9,quantum_iqp_zz_linear,963,217,3,0,0,-1.557103008646436
development_oof,without_n_op,9,quantum_iqp_zz_linear,973,210,3,0,0,-2.0393506161554544
development_oof,without_n_op,9,quantum_iqp_zz_linear,982,77,3,0,0,-0.9635048157295646
development_oof,without_n_op,9,quantum_iqp_zz_linear,988,202,3,1,0,-0.5770903944606437
development_oof,without_n_op,9,quantum_iqp_zz_linear,998,198,3,0,0,-1.1157898897353846
development_oof,without_n_op,9,quantum_iqp_zz_linear,1002,197,3,0,0,-0.13306745846101514
development_oof,without_n_op,9,quantum_iqp_zz_linear,1006,111,3,0,0,-1.7171728021197992
development_oof,without_n_op,9,quantum_iqp_zz_linear,1017,189,3,0,0,-1.3132662480873436
development_oof,without_n_op,9,quantum_iqp_zz_linear,1025,63,3,1,0,-3.77243964201064
development_oof,without_n_op,9,quantum_iqp_zz_linear,1028,184,3,0,0,-0.5966759828013616
development_oof,without_n_op,9,quantum_iqp_zz_linear,1029,183,3,0,0,-1.0246206189490892
development_oof,without_n_op,9,rbf_matched,16,93,4,1,1,0.5276482231069147
development_oof,without_n_op,9,rbf_matched,19,457,4,0,1,0.052206590239169404
development_oof,without_n_op,9,rbf_matched,27,53,4,0,0,-0.4494321811795464
development_oof,without_n_op,9,rbf_matched,44,450,4,0,0,-1.3343119671195192
development_oof,without_n_op,9,rbf_matched,60,4,4,1,1,0.000560474783895315
development_oof,without_n_op,9,rbf_matched,62,82,4,0,0,-0.9950138841894344
development_oof,without_n_op,9,rbf_matched,66,82,4,1,0,-0.8342378108079896
development_oof,without_n_op,9,rbf_matched,69,444,4,0,0,-1.4160293417883096
development_oof,without_n_op,9,rbf_matched,83,60,4,1,0,-0.2380359484792024
development_oof,without_n_op,9,rbf_matched,84,9,4,1,1,3.1956542781706028
development_oof,without_n_op,9,rbf_matched,86,174,4,1,1,1.0339718457095617
development_oof,without_n_op,9,rbf_matched,90,9,4,1,1,1.4443070728442247
development_oof,without_n_op,9,rbf_matched,95,161,4,0,0,-1.4275260939013181
development_oof,without_n_op,9,rbf_matched,102,15,4,0,0,-0.1862938545046161
development_oof,without_n_op,9,rbf_matched,112,9,4,1,1,1.9575200399080055
development_oof,without_n_op,9,rbf_matched,117,433,4,0,0,-0.8646777831003393
development_oof,without_n_op,9,rbf_matched,119,0,4,0,0,-0.05519996207172684
development_oof,without_n_op,9,rbf_matched,123,9,4,1,1,2.0420790650429015
development_oof,without_n_op,9,rbf_matched,131,170,4,1,0,-0.2380359484792024
development_oof,without_n_op,9,rbf_matched,134,15,4,0,0,-0.9726416809371462
development_oof,without_n_op,9,rbf_matched,138,431,4,0,0,-0.9297115553039271
development_oof,without_n_op,9,rbf_matched,142,0,4,0,0,-0.22790842504758013
development_oof,without_n_op,9,rbf_matched,156,9,4,1,1,1.5662898402778924
development_oof,without_n_op,9,rbf_matched,157,0,4,0,0,-0.2840098995346728
development_oof,without_n_op,9,rbf_matched,159,4,4,1,0,-0.2952957882925512
development_oof,without_n_op,9,rbf_matched,169,9,4,1,1,1.374297915294295
development_oof,without_n_op,9,rbf_matched,170,60,4,1,0,-0.9247355518810504
development_oof,without_n_op,9,rbf_matched,178,54,4,0,0,-0.8667471383472655
development_oof,without_n_op,9,rbf_matched,181,9,4,1,1,1.1757175401819677
development_oof,without_n_op,9,rbf_matched,183,422,4,0,0,-0.5112029401129382
development_oof,without_n_op,9,rbf_matched,184,4,4,1,1,0.11959465603891262
development_oof,without_n_op,9,rbf_matched,187,9,4,1,1,1.8185705587905905
development_oof,without_n_op,9,rbf_matched,193,9,4,1,1,1.6947385783489497
development_oof,without_n_op,9,rbf_matched,198,53,4,0,0,-0.5900896019313168
development_oof,without_n_op,9,rbf_matched,201,9,4,1,1,2.0878333606770325
development_oof,without_n_op,9,rbf_matched,206,125,4,1,0,-0.9248274228848726
development_oof,without_n_op,9,rbf_matched,210,104,4,1,1,1.1461625680733905
development_oof,without_n_op,9,rbf_matched,221,9,4,1,1,1.6031516704186224
development_oof,without_n_op,9,rbf_matched,236,416,4,1,0,-1.8242582327762422
development_oof,without_n_op,9,rbf_matched,258,35,4,0,0,-0.7666115189025945
development_oof,without_n_op,9,rbf_matched,277,102,4,1,0,-0.1279425720894275
development_oof,without_n_op,9,rbf_matched,294,122,4,0,0,-0.9855662338610519
development_oof,without_n_op,9,rbf_matched,304,24,4,1,0,-0.44641129299132676
development_oof,without_n_op,9,rbf_matched,310,401,4,0,0,-1.3600445278710693
development_oof,without_n_op,9,rbf_matched,311,400,4,1,0,-0.6992780315342123
development_oof,without_n_op,9,rbf_matched,322,15,4,0,1,0.46158120059938035
development_oof,without_n_op,9,rbf_matched,335,15,4,0,0,-0.12426319460208524
development_oof,without_n_op,9,rbf_matched,337,15,4,0,0,-0.9111377313888248
development_oof,without_n_op,9,rbf_matched,355,15,4,0,0,-0.5702185526706832
development_oof,without_n_op,9,rbf_matched,358,389,4,0,0,-0.2729090335388761
development_oof,without_n_op,9,rbf_matched,371,161,4,0,0,-1.5243736431368649
development_oof,without_n_op,9,rbf_matched,379,24,4,0,0,-0.8949767435071815
development_oof,without_n_op,9,rbf_matched,382,384,4,0,0,-0.8343885135452546
development_oof,without_n_op,9,rbf_matched,384,69,4,0,0,-0.1856628898060434
development_oof,without_n_op,9,rbf_matched,386,4,4,1,1,0.2259063087724641
development_oof,without_n_op,9,rbf_matched,392,4,4,1,1,0.5797932915955165
development_oof,without_n_op,9,rbf_matched,393,0,4,0,0,-0.09621592111065003
development_oof,without_n_op,9,rbf_matched,400,28,4,0,1,0.05772296947568589
development_oof,without_n_op,9,rbf_matched,401,4,4,1,0,-0.06458329040884314
development_oof,without_n_op,9,rbf_matched,404,35,4,0,0,-0.40214376432260146
development_oof,without_n_op,9,rbf_matched,405,379,4,0,0,-0.2634708774126354
development_oof,without_n_op,9,rbf_matched,407,160,4,0,0,-1.5737193720730094
development_oof,without_n_op,9,rbf_matched,409,4,4,1,1,0.27085218874179995
development_oof,without_n_op,9,rbf_matched,423,50,4,0,0,-0.7618010561892913
development_oof,without_n_op,9,rbf_matched,430,4,4,1,0,-0.295852702462463
development_oof,without_n_op,9,rbf_matched,434,97,4,1,1,1.092498478942964
development_oof,without_n_op,9,rbf_matched,446,4,4,1,1,0.28804691842999863
development_oof,without_n_op,9,rbf_matched,454,104,4,1,1,0.9970159106791677
development_oof,without_n_op,9,rbf_matched,455,93,4,1,1,0.7203048431405586
development_oof,without_n_op,9,rbf_matched,462,15,4,0,0,-0.5339020281801551
development_oof,without_n_op,9,rbf_matched,464,4,4,1,0,-0.41257691039192024
development_oof,without_n_op,9,rbf_matched,465,4,4,1,1,0.08051428410187211
development_oof,without_n_op,9,rbf_matched,466,0,4,0,0,-0.5409421635322841
development_oof,without_n_op,9,rbf_matched,470,0,4,0,0,-0.17023080988840456
development_oof,without_n_op,9,rbf_matched,480,367,4,0,1,0.1965798858657325
development_oof,without_n_op,9,rbf_matched,481,4,4,1,1,0.08355981046702732
development_oof,without_n_op,9,rbf_matched,484,365,4,0,0,-0.50607468230479
development_oof,without_n_op,9,rbf_matched,495,0,4,0,1,0.08134580011758741
development_oof,without_n_op,9,rbf_matched,498,54,4,0,0,-0.2507765267961478
development_oof,without_n_op,9,rbf_matched,499,15,4,0,0,-0.7424770139678417
development_oof,without_n_op,9,rbf_matched,500,28,4,0,1,0.3339278872520056
development_oof,without_n_op,9,rbf_matched,501,72,4,0,0,-1.0907087448435897
development_oof,without_n_op,9,rbf_matched,503,93,4,1,1,0.536710992471149
development_oof,without_n_op,9,rbf_matched,506,0,4,0,0,-0.3334960799657015
development_oof,without_n_op,9,rbf_matched,517,0,4,0,0,-0.10288811313434876
development_oof,without_n_op,9,rbf_matched,519,53,4,0,0,-0.8600712780427388
development_oof,without_n_op,9,rbf_matched,520,53,4,0,0,-0.789100514909094
development_oof,without_n_op,9,rbf_matched,524,0,4,0,0,-0.07286269109851473
development_oof,without_n_op,9,rbf_matched,525,15,4,0,0,-0.9831334885868467
development_oof,without_n_op,9,rbf_matched,527,0,4,0,0,-0.01114278551853165
development_oof,without_n_op,9,rbf_matched,528,359,4,0,0,-1.3034383950319381
development_oof,without_n_op,9,rbf_matched,529,0,4,0,0,-0.5346323749816496
development_oof,without_n_op,9,rbf_matched,542,35,4,1,0,-0.42317253897866236
development_oof,without_n_op,9,rbf_matched,543,0,4,0,0,-0.5197750412369025
development_oof,without_n_op,9,rbf_matched,545,136,4,1,0,-1.0376474706520948
development_oof,without_n_op,9,rbf_matched,553,0,4,0,1,0.04888117181927221
development_oof,without_n_op,9,rbf_matched,559,351,4,0,0,-0.7479921630977767
development_oof,without_n_op,9,rbf_matched,560,0,4,0,1,0.04041137298158526
development_oof,without_n_op,9,rbf_matched,568,0,4,0,0,-0.29496962236603885
development_oof,without_n_op,9,rbf_matched,570,0,4,1,1,0.7179296908713656
development_oof,without_n_op,9,rbf_matched,572,0,4,1,0,-0.21900336519027974
development_oof,without_n_op,9,rbf_matched,577,44,4,0,0,-0.7532499172505439
development_oof,without_n_op,9,rbf_matched,581,347,4,0,0,-0.6499215199910792
development_oof,without_n_op,9,rbf_matched,582,44,4,0,0,-0.41904221044661016
development_oof,without_n_op,9,rbf_matched,583,69,4,0,1,0.11544797537897444
development_oof,without_n_op,9,rbf_matched,588,344,4,0,0,-0.48530506699165843
development_oof,without_n_op,9,rbf_matched,592,0,4,1,0,-0.08319625936522812
development_oof,without_n_op,9,rbf_matched,595,35,4,0,0,-0.4365687929995238
development_oof,without_n_op,9,rbf_matched,600,151,4,0,0,-0.9407000852199522
development_oof,without_n_op,9,rbf_matched,602,338,4,0,0,-0.8387186705516335
development_oof,without_n_op,9,rbf_matched,604,0,4,0,1,0.3853374033017495
development_oof,without_n_op,9,rbf_matched,605,0,4,0,0,-0.4474823235851281
development_oof,without_n_op,9,rbf_matched,607,0,4,1,1,0.15322011579004158
development_oof,without_n_op,9,rbf_matched,608,0,4,0,1,0.5766446000618791
development_oof,without_n_op,9,rbf_matched,610,0,4,0,0,-0.7047126608505235
development_oof,without_n_op,9,rbf_matched,611,0,4,0,0,-0.6420933414306488
development_oof,without_n_op,9,rbf_matched,613,85,4,0,1,0.500693717308541
development_oof,without_n_op,9,rbf_matched,615,0,4,0,0,-0.10120388856472984
development_oof,without_n_op,9,rbf_matched,627,335,4,0,0,-0.423042094220588
development_oof,without_n_op,9,rbf_matched,633,0,4,0,0,-1.0646508024146266
development_oof,without_n_op,9,rbf_matched,646,0,4,0,0,-0.03361588126546311
development_oof,without_n_op,9,rbf_matched,647,0,4,0,0,-0.18109538086002852
development_oof,without_n_op,9,rbf_matched,648,329,4,0,0,-1.5231806920052553
development_oof,without_n_op,9,rbf_matched,657,4,4,1,0,-0.09239049996888904
development_oof,without_n_op,9,rbf_matched,662,0,4,0,0,-0.3120032758567627
development_oof,without_n_op,9,rbf_matched,665,69,4,1,1,1.0464936526764146
development_oof,without_n_op,9,rbf_matched,666,44,4,0,0,-0.7278903792849439
development_oof,without_n_op,9,rbf_matched,667,0,4,0,0,-0.29890218590106976
development_oof,without_n_op,9,rbf_matched,671,321,4,1,1,0.5313360915233355
development_oof,without_n_op,9,rbf_matched,674,4,4,0,0,-0.3837556120015574
development_oof,without_n_op,9,rbf_matched,683,142,4,0,0,-0.07593693426149184
development_oof,without_n_op,9,rbf_matched,691,142,4,0,1,0.33359531504788575
development_oof,without_n_op,9,rbf_matched,692,0,4,0,1,0.05025843106359573
development_oof,without_n_op,9,rbf_matched,693,0,4,0,1,0.18076073953531757
development_oof,without_n_op,9,rbf_matched,699,0,4,0,0,-0.7355942863809931
development_oof,without_n_op,9,rbf_matched,701,0,4,1,0,-0.009041949325404475
development_oof,without_n_op,9,rbf_matched,704,313,4,0,1,0.16525003596499388
development_oof,without_n_op,9,rbf_matched,706,0,4,0,0,-0.2807702642958231
development_oof,without_n_op,9,rbf_matched,715,4,4,1,0,-0.09873432718216624
development_oof,without_n_op,9,rbf_matched,729,0,4,0,0,-0.5794136963043789
development_oof,without_n_op,9,rbf_matched,731,60,4,0,0,-0.5174908897008691
development_oof,without_n_op,9,rbf_matched,735,132,4,0,0,-0.24713087789147636
development_oof,without_n_op,9,rbf_matched,737,85,4,1,0,-0.5785568961290105
development_oof,without_n_op,9,rbf_matched,738,136,4,1,0,-0.8973013824619042
development_oof,without_n_op,9,rbf_matched,740,44,4,0,0,-0.9286201452928232
development_oof,without_n_op,9,rbf_matched,742,305,4,0,0,-0.5966605563653357
development_oof,without_n_op,9,rbf_matched,745,0,4,0,0,-0.9389718935379282
development_oof,without_n_op,9,rbf_matched,753,85,4,0,0,-0.7863509426512959
development_oof,without_n_op,9,rbf_matched,761,44,4,0,0,-0.11479789103401228
development_oof,without_n_op,9,rbf_matched,776,298,4,0,0,-1.4370163214380653
development_oof,without_n_op,9,rbf_matched,794,0,4,0,1,0.21251294352067907
development_oof,without_n_op,9,rbf_matched,796,35,4,0,0,-0.47292491735770004
development_oof,without_n_op,9,rbf_matched,800,132,4,0,0,-0.2897958241421713
development_oof,without_n_op,9,rbf_matched,803,289,4,0,0,-1.2530639209918584
development_oof,without_n_op,9,rbf_matched,818,283,4,0,0,-1.4456374082871917
development_oof,without_n_op,9,rbf_matched,822,35,4,0,0,-0.673278804737994
development_oof,without_n_op,9,rbf_matched,839,82,4,0,0,-1.227567845250641
development_oof,without_n_op,9,rbf_matched,844,276,4,0,1,0.2556931575532281
development_oof,without_n_op,9,rbf_matched,855,270,4,0,0,-1.4172995985102577
development_oof,without_n_op,9,rbf_matched,865,263,4,0,0,-1.422121717139425
development_oof,without_n_op,9,rbf_matched,867,60,4,0,0,-0.6356640049119663
development_oof,without_n_op,9,rbf_matched,885,256,4,0,0,-0.26248669326495844
development_oof,without_n_op,9,rbf_matched,888,254,4,1,0,-1.7121755713734648
development_oof,without_n_op,9,rbf_matched,891,125,4,0,0,-0.013209872908117704
development_oof,without_n_op,9,rbf_matched,902,122,4,1,0,-0.7649435589969978
development_oof,without_n_op,9,rbf_matched,907,246,4,0,0,-1.1182697388341567
development_oof,without_n_op,9,rbf_matched,918,242,4,0,0,-0.22208599711096133
development_oof,without_n_op,9,rbf_matched,931,234,4,0,0,-1.233348224133879
development_oof,without_n_op,9,rbf_matched,949,224,4,0,0,-1.3970831016625795
development_oof,without_n_op,9,rbf_matched,954,4,4,1,1,0.2652017251412099
development_oof,without_n_op,9,rbf_matched,968,214,4,1,1,0.08774711733481444
development_oof,without_n_op,9,rbf_matched,980,207,4,0,0,-1.074073973941296
development_oof,without_n_op,9,rbf_matched,981,206,4,0,0,-0.5045486843356138
development_oof,without_n_op,9,rbf_matched,984,204,4,1,0,-0.4523860786829631
development_oof,without_n_op,9,rbf_matched,991,0,4,0,0,-0.1548111774211619
development_oof,without_n_op,9,rbf_matched,993,69,4,0,1,0.3423570173388243
development_oof,without_n_op,9,rbf_matched,995,112,4,0,0,-0.6508817476232492
development_oof,without_n_op,9,rbf_matched,1016,190,4,1,0,-0.08020691627800691
development_oof,without_n_op,9,rbf_matched,1024,4,4,1,0,-0.16467531579139882
development_oof,without_n_op,9,rbf_matched,1031,181,4,0,1,0.4208336435695367
development_oof,without_n_op,9,rbf_matched,1033,179,4,0,0,-0.7608592316199797
development_oof,without_n_op,9,quantum_angle_product,16,93,4,1,1,0.5041166558864316
development_oof,without_n_op,9,quantum_angle_product,19,457,4,0,1,0.0400236696711026
development_oof,without_n_op,9,quantum_angle_product,27,53,4,0,0,-0.4574807181570355
development_oof,without_n_op,9,quantum_angle_product,44,450,4,0,0,-1.1597462785066002
development_oof,without_n_op,9,quantum_angle_product,60,4,4,1,0,-0.1476119922359398
development_oof,without_n_op,9,quantum_angle_product,62,82,4,0,0,-0.9433794368232205
development_oof,without_n_op,9,quantum_angle_product,66,82,4,1,0,-0.976340283317287
development_oof,without_n_op,9,quantum_angle_product,69,444,4,0,0,-1.0839149739175544
development_oof,without_n_op,9,quantum_angle_product,83,60,4,1,0,-0.23846638365640582
development_oof,without_n_op,9,quantum_angle_product,84,9,4,1,1,3.4837952453367986
development_oof,without_n_op,9,quantum_angle_product,86,174,4,1,1,1.0867608674891402
development_oof,without_n_op,9,quantum_angle_product,90,9,4,1,1,1.544739848295053
development_oof,without_n_op,9,quantum_angle_product,95,161,4,0,0,-1.402904095804096
development_oof,without_n_op,9,quantum_angle_product,102,15,4,0,0,-0.23309974250090693
development_oof,without_n_op,9,quantum_angle_product,112,9,4,1,1,2.133519838188243
development_oof,without_n_op,9,quantum_angle_product,117,433,4,0,0,-0.7746331401769686
development_oof,without_n_op,9,quantum_angle_product,119,0,4,0,0,-0.21727614610094026
development_oof,without_n_op,9,quantum_angle_product,123,9,4,1,1,2.090256171152057
development_oof,without_n_op,9,quantum_angle_product,131,170,4,1,0,-0.23846638365640582
development_oof,without_n_op,9,quantum_angle_product,134,15,4,0,0,-0.926822954311951
development_oof,without_n_op,9,quantum_angle_product,138,431,4,0,0,-0.9377831339682918
development_oof,without_n_op,9,quantum_angle_product,142,0,4,0,0,-0.2504578788077394
development_oof,without_n_op,9,quantum_angle_product,156,9,4,1,1,1.7791874556909801
development_oof,without_n_op,9,quantum_angle_product,157,0,4,0,0,-0.40291320610083625
development_oof,without_n_op,9,quantum_angle_product,159,4,4,1,0,-0.3605408521490381
development_oof,without_n_op,9,quantum_angle_product,169,9,4,1,1,1.5637682091422516
development_oof,without_n_op,9,quantum_angle_product,170,60,4,1,0,-0.7447599136078433
development_oof,without_n_op,9,quantum_angle_product,178,54,4,0,0,-0.8925506260286349
development_oof,without_n_op,9,quantum_angle_product,181,9,4,1,1,1.3662733831287195
development_oof,without_n_op,9,quantum_angle_product,183,422,4,0,0,-0.4874776836584205
development_oof,without_n_op,9,quantum_angle_product,184,4,4,1,1,0.026016395153286576
development_oof,without_n_op,9,quantum_angle_product,187,9,4,1,1,2.017275349058873
development_oof,without_n_op,9,quantum_angle_product,193,9,4,1,1,1.891951924910478
development_oof,without_n_op,9,quantum_angle_product,198,53,4,0,0,-0.6129272161359474
development_oof,without_n_op,9,quantum_angle_product,201,9,4,1,1,2.2918284634558552
development_oof,without_n_op,9,quantum_angle_product,206,125,4,1,0,-0.9545860304760061
development_oof,without_n_op,9,quantum_angle_product,210,104,4,1,1,1.1899500381396089
development_oof,without_n_op,9,quantum_angle_product,221,9,4,1,1,1.671259833715875
development_oof,without_n_op,9,quantum_angle_product,236,416,4,1,0,-1.623794620235614
development_oof,without_n_op,9,quantum_angle_product,258,35,4,0,0,-0.7847397005023979
development_oof,without_n_op,9,quantum_angle_product,277,102,4,1,0,-0.21949378550290577
development_oof,without_n_op,9,quantum_angle_product,294,122,4,0,0,-0.7743893389274712
development_oof,without_n_op,9,quantum_angle_product,304,24,4,1,0,-0.5470889615219949
development_oof,without_n_op,9,quantum_angle_product,310,401,4,0,0,-1.3902550669180733
development_oof,without_n_op,9,quantum_angle_product,311,400,4,1,0,-0.7315466671164994
development_oof,without_n_op,9,quantum_angle_product,322,15,4,0,1,0.2590856311202283
development_oof,without_n_op,9,quantum_angle_product,335,15,4,0,0,-0.1559400912503377
development_oof,without_n_op,9,quantum_angle_product,337,15,4,0,0,-0.9526315285972782
development_oof,without_n_op,9,quantum_angle_product,355,15,4,0,0,-0.603943384899553
development_oof,without_n_op,9,quantum_angle_product,358,389,4,0,0,-0.5345877921702398
development_oof,without_n_op,9,quantum_angle_product,371,161,4,0,0,-1.4953619642023932
development_oof,without_n_op,9,quantum_angle_product,379,24,4,0,0,-0.950570973316482
development_oof,without_n_op,9,quantum_angle_product,382,384,4,0,0,-0.9346866450932516
development_oof,without_n_op,9,quantum_angle_product,384,69,4,0,0,-0.39372434893974817
development_oof,without_n_op,9,quantum_angle_product,386,4,4,1,1,0.1855982330788879
development_oof,without_n_op,9,quantum_angle_product,392,4,4,1,1,0.5555948836078459
development_oof,without_n_op,9,quantum_angle_product,393,0,4,0,0,-0.14191859992141964
development_oof,without_n_op,9,quantum_angle_product,400,28,4,0,0,-0.04214239828134558
development_oof,without_n_op,9,quantum_angle_product,401,4,4,1,0,-0.061906461182554606
development_oof,without_n_op,9,quantum_angle_product,404,35,4,0,0,-0.45499877801377164
development_oof,without_n_op,9,quantum_angle_product,405,379,4,0,0,-0.30396977894249066
development_oof,without_n_op,9,quantum_angle_product,407,160,4,0,0,-1.4465529499795828
development_oof,without_n_op,9,quantum_angle_product,409,4,4,1,1,0.17918702029357259
development_oof,without_n_op,9,quantum_angle_product,423,50,4,0,0,-0.6966798649337098
development_oof,without_n_op,9,quantum_angle_product,430,4,4,1,0,-0.3137710511729461
development_oof,without_n_op,9,quantum_angle_product,434,97,4,1,1,1.2377229803545204
development_oof,without_n_op,9,quantum_angle_product,446,4,4,1,1,0.25128076945151245
development_oof,without_n_op,9,quantum_angle_product,454,104,4,1,1,0.9689699383357946
development_oof,without_n_op,9,quantum_angle_product,455,93,4,1,1,0.6513679624284932
development_oof,without_n_op,9,quantum_angle_product,462,15,4,0,0,-0.47765228647647695
development_oof,without_n_op,9,quantum_angle_product,464,4,4,1,0,-0.5594044889017782
development_oof,without_n_op,9,quantum_angle_product,465,4,4,1,1,0.024354785684979285
development_oof,without_n_op,9,quantum_angle_product,466,0,4,0,0,-0.7208157171644041
development_oof,without_n_op,9,quantum_angle_product,470,0,4,0,0,-0.3610907375433414
development_oof,without_n_op,9,quantum_angle_product,480,367,4,0,1,0.1962600374370731
development_oof,without_n_op,9,quantum_angle_product,481,4,4,1,0,-0.01715306432240493
development_oof,without_n_op,9,quantum_angle_product,484,365,4,0,0,-0.3193332584448263
development_oof,without_n_op,9,quantum_angle_product,495,0,4,0,0,-0.13991886435680145
development_oof,without_n_op,9,quantum_angle_product,498,54,4,0,0,-0.2891988060145485
development_oof,without_n_op,9,quantum_angle_product,499,15,4,0,0,-0.6795183517027565
development_oof,without_n_op,9,quantum_angle_product,500,28,4,0,1,0.2436587846809941
development_oof,without_n_op,9,quantum_angle_product,501,72,4,0,0,-1.0780963890203488
development_oof,without_n_op,9,quantum_angle_product,503,93,4,1,1,0.5068590997598039
development_oof,without_n_op,9,quantum_angle_product,506,0,4,0,0,-0.35429199596017336
development_oof,without_n_op,9,quantum_angle_product,517,0,4,0,0,-0.19271694573289855
development_oof,without_n_op,9,quantum_angle_product,519,53,4,0,0,-0.8767150153895398
development_oof,without_n_op,9,quantum_angle_product,520,53,4,0,0,-0.8395779175874465
development_oof,without_n_op,9,quantum_angle_product,524,0,4,0,0,-0.14159782265385146
development_oof,without_n_op,9,quantum_angle_product,525,15,4,0,0,-1.000498448224887
development_oof,without_n_op,9,quantum_angle_product,527,0,4,0,0,-0.12598219225203033
development_oof,without_n_op,9,quantum_angle_product,528,359,4,0,0,-1.2986761087491148
development_oof,without_n_op,9,quantum_angle_product,529,0,4,0,0,-0.3918611326113115
development_oof,without_n_op,9,quantum_angle_product,542,35,4,1,0,-0.45272222153579644
development_oof,without_n_op,9,quantum_angle_product,543,0,4,0,0,-0.4589112779741795
development_oof,without_n_op,9,quantum_angle_product,545,136,4,1,0,-1.0483120762613225
development_oof,without_n_op,9,quantum_angle_product,553,0,4,0,0,-0.019263451407091292
development_oof,without_n_op,9,quantum_angle_product,559,351,4,0,0,-0.8325841286058477
development_oof,without_n_op,9,quantum_angle_product,560,0,4,0,0,-0.010346395261888963
development_oof,without_n_op,9,quantum_angle_product,568,0,4,0,0,-0.38623117966505083
development_oof,without_n_op,9,quantum_angle_product,570,0,4,1,1,0.4250584645062977
development_oof,without_n_op,9,quantum_angle_product,572,0,4,1,0,-0.35172110309209303
development_oof,without_n_op,9,quantum_angle_product,577,44,4,0,0,-0.8711553910494112
development_oof,without_n_op,9,quantum_angle_product,581,347,4,0,0,-0.8110376155182555
development_oof,without_n_op,9,quantum_angle_product,582,44,4,0,0,-0.3655897781097657
development_oof,without_n_op,9,quantum_angle_product,583,69,4,0,0,-0.03368155889789959
development_oof,without_n_op,9,quantum_angle_product,588,344,4,0,0,-0.5509476032092129
development_oof,without_n_op,9,quantum_angle_product,592,0,4,1,0,-0.21557137351226108
development_oof,without_n_op,9,quantum_angle_product,595,35,4,0,0,-0.5478410812504442
development_oof,without_n_op,9,quantum_angle_product,600,151,4,0,0,-0.9663595394064977
development_oof,without_n_op,9,quantum_angle_product,602,338,4,0,0,-0.8063458759200028
development_oof,without_n_op,9,quantum_angle_product,604,0,4,0,1,0.2622502256202428
development_oof,without_n_op,9,quantum_angle_product,605,0,4,0,0,-0.5331299765505062
development_oof,without_n_op,9,quantum_angle_product,607,0,4,1,0,-0.03903267837519331
development_oof,without_n_op,9,quantum_angle_product,608,0,4,0,1,0.41827481772138053
development_oof,without_n_op,9,quantum_angle_product,610,0,4,0,0,-0.7906208900514538
development_oof,without_n_op,9,quantum_angle_product,611,0,4,0,0,-0.487234858186566
development_oof,without_n_op,9,quantum_angle_product,613,85,4,0,1,0.4904758647187528
development_oof,without_n_op,9,quantum_angle_product,615,0,4,0,0,-0.27208392541245774
development_oof,without_n_op,9,quantum_angle_product,627,335,4,0,0,-0.3386051359965745
development_oof,without_n_op,9,quantum_angle_product,633,0,4,0,0,-1.1529066094045022
development_oof,without_n_op,9,quantum_angle_product,646,0,4,0,0,-0.06814578178516839
development_oof,without_n_op,9,quantum_angle_product,647,0,4,0,1,0.01629293362018447
development_oof,without_n_op,9,quantum_angle_product,648,329,4,0,0,-1.5759956196238554
development_oof,without_n_op,9,quantum_angle_product,657,4,4,1,0,-0.3285377955608928
development_oof,without_n_op,9,quantum_angle_product,662,0,4,0,0,-0.3777147853418392
development_oof,without_n_op,9,quantum_angle_product,665,69,4,1,1,0.9089152544893615
development_oof,without_n_op,9,quantum_angle_product,666,44,4,0,0,-0.7049387482990686
development_oof,without_n_op,9,quantum_angle_product,667,0,4,0,0,-0.018521394306485472
development_oof,without_n_op,9,quantum_angle_product,671,321,4,1,1,0.3846631038389523
development_oof,without_n_op,9,quantum_angle_product,674,4,4,0,0,-0.40834303656913407
development_oof,without_n_op,9,quantum_angle_product,683,142,4,0,0,-0.12995632506654742
development_oof,without_n_op,9,quantum_angle_product,691,142,4,0,1,0.37928637370909524
development_oof,without_n_op,9,quantum_angle_product,692,0,4,0,0,-0.2003454574777519
development_oof,without_n_op,9,quantum_angle_product,693,0,4,0,1,0.17014794216308093
development_oof,without_n_op,9,quantum_angle_product,699,0,4,0,0,-0.8712002330788426
development_oof,without_n_op,9,quantum_angle_product,701,0,4,1,0,-0.13942333396181017
development_oof,without_n_op,9,quantum_angle_product,704,313,4,0,1,0.1466140690039346
development_oof,without_n_op,9,quantum_angle_product,706,0,4,0,0,-0.41368471099635107
development_oof,without_n_op,9,quantum_angle_product,715,4,4,1,0,-0.09366566950268873
development_oof,without_n_op,9,quantum_angle_product,729,0,4,0,0,-0.49564821246729873
development_oof,without_n_op,9,quantum_angle_product,731,60,4,0,0,-0.589684947413845
development_oof,without_n_op,9,quantum_angle_product,735,132,4,0,0,-0.2835837356392894
development_oof,without_n_op,9,quantum_angle_product,737,85,4,1,0,-0.6586022510781195
development_oof,without_n_op,9,quantum_angle_product,738,136,4,1,0,-0.841296172535426
development_oof,without_n_op,9,quantum_angle_product,740,44,4,0,0,-0.9325450343929857
development_oof,without_n_op,9,quantum_angle_product,742,305,4,0,0,-0.5935941973427863
development_oof,without_n_op,9,quantum_angle_product,745,0,4,0,0,-0.9285014745668214
development_oof,without_n_op,9,quantum_angle_product,753,85,4,0,0,-0.8479263481675441
development_oof,without_n_op,9,quantum_angle_product,761,44,4,0,0,-0.10330330735687543
development_oof,without_n_op,9,quantum_angle_product,776,298,4,0,0,-1.693564127012621
development_oof,without_n_op,9,quantum_angle_product,794,0,4,0,1,0.28389766904754477
development_oof,without_n_op,9,quantum_angle_product,796,35,4,0,0,-0.49695396607839504
development_oof,without_n_op,9,quantum_angle_product,800,132,4,0,0,-0.3167975377162078
development_oof,without_n_op,9,quantum_angle_product,803,289,4,0,0,-1.1810110930929134
development_oof,without_n_op,9,quantum_angle_product,818,283,4,0,0,-1.5036194840267523
development_oof,without_n_op,9,quantum_angle_product,822,35,4,0,0,-0.6331794062570666
development_oof,without_n_op,9,quantum_angle_product,839,82,4,0,0,-1.1787414603864168
development_oof,without_n_op,9,quantum_angle_product,844,276,4,0,0,-0.07478042238230698
development_oof,without_n_op,9,quantum_angle_product,855,270,4,0,0,-1.3434364446121545
development_oof,without_n_op,9,quantum_angle_product,865,263,4,0,0,-1.3146416742150968
development_oof,without_n_op,9,quantum_angle_product,867,60,4,0,0,-0.5615561977034871
development_oof,without_n_op,9,quantum_angle_product,885,256,4,0,0,-0.17950170333534587
development_oof,without_n_op,9,quantum_angle_product,888,254,4,1,0,-1.6306143704036102
development_oof,without_n_op,9,quantum_angle_product,891,125,4,0,0,-0.2295817598740839
development_oof,without_n_op,9,quantum_angle_product,902,122,4,1,0,-0.8038806152581535
development_oof,without_n_op,9,quantum_angle_product,907,246,4,0,0,-1.1443967988821253
development_oof,without_n_op,9,quantum_angle_product,918,242,4,0,0,-0.2968381254816399
development_oof,without_n_op,9,quantum_angle_product,931,234,4,0,0,-1.2343451267697274
development_oof,without_n_op,9,quantum_angle_product,949,224,4,0,0,-1.0262914287453435
development_oof,without_n_op,9,quantum_angle_product,954,4,4,1,1,0.07471177650440652
development_oof,without_n_op,9,quantum_angle_product,968,214,4,1,1,0.05597323123893361
development_oof,without_n_op,9,quantum_angle_product,980,207,4,0,0,-1.1207957051690387
development_oof,without_n_op,9,quantum_angle_product,981,206,4,0,0,-0.526995640509275
development_oof,without_n_op,9,quantum_angle_product,984,204,4,1,0,-0.6865381232843828
development_oof,without_n_op,9,quantum_angle_product,991,0,4,0,0,-0.2084517819392282
development_oof,without_n_op,9,quantum_angle_product,993,69,4,0,1,0.11658641572730288
development_oof,without_n_op,9,quantum_angle_product,995,112,4,0,0,-0.7415582750250393
development_oof,without_n_op,9,quantum_angle_product,1016,190,4,1,0,-0.19756603552863283
development_oof,without_n_op,9,quantum_angle_product,1024,4,4,1,0,-0.20526003843673313
development_oof,without_n_op,9,quantum_angle_product,1031,181,4,0,1,0.3450695691148704
development_oof,without_n_op,9,quantum_angle_product,1033,179,4,0,0,-0.8237536446590135
development_oof,without_n_op,9,quantum_iqp_zz_linear,16,93,4,1,1,0.4934469337195449
development_oof,without_n_op,9,quantum_iqp_zz_linear,19,457,4,0,1,0.11530299458375343
development_oof,without_n_op,9,quantum_iqp_zz_linear,27,53,4,0,0,-0.38417099688734097
development_oof,without_n_op,9,quantum_iqp_zz_linear,44,450,4,0,0,-1.1619293719026282
development_oof,without_n_op,9,quantum_iqp_zz_linear,60,4,4,1,0,-0.06761817227034744
development_oof,without_n_op,9,quantum_iqp_zz_linear,62,82,4,0,0,-0.9740028741036593
development_oof,without_n_op,9,quantum_iqp_zz_linear,66,82,4,1,0,-1.0279851758972656
development_oof,without_n_op,9,quantum_iqp_zz_linear,69,444,4,0,0,-1.053029265436215
development_oof,without_n_op,9,quantum_iqp_zz_linear,83,60,4,1,0,-0.21565562734841598
development_oof,without_n_op,9,quantum_iqp_zz_linear,84,9,4,1,1,3.3925150634324943
development_oof,without_n_op,9,quantum_iqp_zz_linear,86,174,4,1,1,1.0461919157141322
development_oof,without_n_op,9,quantum_iqp_zz_linear,90,9,4,1,1,1.5863856516678831
development_oof,without_n_op,9,quantum_iqp_zz_linear,95,161,4,0,0,-1.3743764132813456
development_oof,without_n_op,9,quantum_iqp_zz_linear,102,15,4,0,0,-0.2042299004429759
development_oof,without_n_op,9,quantum_iqp_zz_linear,112,9,4,1,1,2.126529940997842
development_oof,without_n_op,9,quantum_iqp_zz_linear,117,433,4,0,0,-0.7987042552158774
development_oof,without_n_op,9,quantum_iqp_zz_linear,119,0,4,0,0,-0.36063253497343645
development_oof,without_n_op,9,quantum_iqp_zz_linear,123,9,4,1,1,2.108554169436083
development_oof,without_n_op,9,quantum_iqp_zz_linear,131,170,4,1,0,-0.21565562734841598
development_oof,without_n_op,9,quantum_iqp_zz_linear,134,15,4,0,0,-0.8882050017098349
development_oof,without_n_op,9,quantum_iqp_zz_linear,138,431,4,0,0,-1.0119282790869162
development_oof,without_n_op,9,quantum_iqp_zz_linear,142,0,4,0,0,-0.38345944080808597
development_oof,without_n_op,9,quantum_iqp_zz_linear,156,9,4,1,1,1.780453221117901
development_oof,without_n_op,9,quantum_iqp_zz_linear,157,0,4,0,0,-0.4606933329015636
development_oof,without_n_op,9,quantum_iqp_zz_linear,159,4,4,1,0,-0.3122234206115235
development_oof,without_n_op,9,quantum_iqp_zz_linear,169,9,4,1,1,1.557360819768932
development_oof,without_n_op,9,quantum_iqp_zz_linear,170,60,4,1,0,-0.6417181960270917
development_oof,without_n_op,9,quantum_iqp_zz_linear,178,54,4,0,0,-0.860150460496848
development_oof,without_n_op,9,quantum_iqp_zz_linear,181,9,4,1,1,1.3616852317041457
development_oof,without_n_op,9,quantum_iqp_zz_linear,183,422,4,0,0,-0.36499450496605895
development_oof,without_n_op,9,quantum_iqp_zz_linear,184,4,4,1,1,0.1125146144858647
development_oof,without_n_op,9,quantum_iqp_zz_linear,187,9,4,1,1,2.014414240699998
development_oof,without_n_op,9,quantum_iqp_zz_linear,193,9,4,1,1,1.8909612337060524
development_oof,without_n_op,9,quantum_iqp_zz_linear,198,53,4,0,0,-0.5557509101461542
development_oof,without_n_op,9,quantum_iqp_zz_linear,201,9,4,1,1,2.2923308542975755
development_oof,without_n_op,9,quantum_iqp_zz_linear,206,125,4,1,0,-0.9651988743899724
development_oof,without_n_op,9,quantum_iqp_zz_linear,210,104,4,1,1,1.2200032288556704
development_oof,without_n_op,9,quantum_iqp_zz_linear,221,9,4,1,1,1.7389318618884761
development_oof,without_n_op,9,quantum_iqp_zz_linear,236,416,4,1,0,-1.6166343918351533
development_oof,without_n_op,9,quantum_iqp_zz_linear,258,35,4,0,0,-0.6914478332705134
development_oof,without_n_op,9,quantum_iqp_zz_linear,277,102,4,1,0,-0.20530981090366213
development_oof,without_n_op,9,quantum_iqp_zz_linear,294,122,4,0,0,-0.7553400333230305
development_oof,without_n_op,9,quantum_iqp_zz_linear,304,24,4,1,0,-0.5538361114199035
development_oof,without_n_op,9,quantum_iqp_zz_linear,310,401,4,0,0,-1.3620210088701172
development_oof,without_n_op,9,quantum_iqp_zz_linear,311,400,4,1,0,-0.664990703568729
development_oof,without_n_op,9,quantum_iqp_zz_linear,322,15,4,0,1,0.17679233791128707
development_oof,without_n_op,9,quantum_iqp_zz_linear,335,15,4,0,0,-0.14082640205986546
development_oof,without_n_op,9,quantum_iqp_zz_linear,337,15,4,0,0,-0.9661941214794649
development_oof,without_n_op,9,quantum_iqp_zz_linear,355,15,4,0,0,-0.5639864119585221
development_oof,without_n_op,9,quantum_iqp_zz_linear,358,389,4,0,0,-0.5851372889216417
development_oof,without_n_op,9,quantum_iqp_zz_linear,371,161,4,0,0,-1.5027956037632078
development_oof,without_n_op,9,quantum_iqp_zz_linear,379,24,4,0,0,-0.9682942428128016
development_oof,without_n_op,9,quantum_iqp_zz_linear,382,384,4,0,0,-0.9621726744308232
development_oof,without_n_op,9,quantum_iqp_zz_linear,384,69,4,0,0,-0.4449371589208652
development_oof,without_n_op,9,quantum_iqp_zz_linear,386,4,4,1,1,0.24394971009456073
development_oof,without_n_op,9,quantum_iqp_zz_linear,392,4,4,1,1,0.7130047283656877
development_oof,without_n_op,9,quantum_iqp_zz_linear,393,0,4,0,0,-0.21323219065625815
development_oof,without_n_op,9,quantum_iqp_zz_linear,400,28,4,0,1,0.0293536564566928
development_oof,without_n_op,9,quantum_iqp_zz_linear,401,4,4,1,1,0.060084677965977884
development_oof,without_n_op,9,quantum_iqp_zz_linear,404,35,4,0,0,-0.3534586866829816
development_oof,without_n_op,9,quantum_iqp_zz_linear,405,379,4,0,0,-0.27169354074400637
development_oof,without_n_op,9,quantum_iqp_zz_linear,407,160,4,0,0,-1.4196011228221346
development_oof,without_n_op,9,quantum_iqp_zz_linear,409,4,4,1,1,0.29740236109800416
development_oof,without_n_op,9,quantum_iqp_zz_linear,423,50,4,0,0,-0.6351054520367667
development_oof,without_n_op,9,quantum_iqp_zz_linear,430,4,4,1,0,-0.18485222002770135
development_oof,without_n_op,9,quantum_iqp_zz_linear,434,97,4,1,1,1.2054102431282416
development_oof,without_n_op,9,quantum_iqp_zz_linear,446,4,4,1,1,0.329322094868759
development_oof,without_n_op,9,quantum_iqp_zz_linear,454,104,4,1,1,0.9362393946264058
development_oof,without_n_op,9,quantum_iqp_zz_linear,455,93,4,1,1,0.6236893356709234
development_oof,without_n_op,9,quantum_iqp_zz_linear,462,15,4,0,0,-0.4769053938040492
development_oof,without_n_op,9,quantum_iqp_zz_linear,464,4,4,1,0,-0.5576330423887741
development_oof,without_n_op,9,quantum_iqp_zz_linear,465,4,4,1,1,0.19351099343074935
development_oof,without_n_op,9,quantum_iqp_zz_linear,466,0,4,0,0,-0.8057557760358443
development_oof,without_n_op,9,quantum_iqp_zz_linear,470,0,4,0,0,-0.4641303967139882
development_oof,without_n_op,9,quantum_iqp_zz_linear,480,367,4,0,1,0.1697738342927107
development_oof,without_n_op,9,quantum_iqp_zz_linear,481,4,4,1,1,0.06889097299051167
development_oof,without_n_op,9,quantum_iqp_zz_linear,484,365,4,0,0,-0.2971349419651949
development_oof,without_n_op,9,quantum_iqp_zz_linear,495,0,4,0,0,-0.31169771153458375
development_oof,without_n_op,9,quantum_iqp_zz_linear,498,54,4,0,0,-0.28177739721225764
development_oof,without_n_op,9,quantum_iqp_zz_linear,499,15,4,0,0,-0.6562853755836107
development_oof,without_n_op,9,quantum_iqp_zz_linear,500,28,4,0,1,0.3482317052551778
development_oof,without_n_op,9,quantum_iqp_zz_linear,501,72,4,0,0,-1.0480960176036853
development_oof,without_n_op,9,quantum_iqp_zz_linear,503,93,4,1,1,0.49334912637736733
development_oof,without_n_op,9,quantum_iqp_zz_linear,506,0,4,0,0,-0.45877415581838393
development_oof,without_n_op,9,quantum_iqp_zz_linear,517,0,4,0,0,-0.37251998845583095
development_oof,without_n_op,9,quantum_iqp_zz_linear,519,53,4,0,0,-0.8272821221264879
development_oof,without_n_op,9,quantum_iqp_zz_linear,520,53,4,0,0,-0.7817492600463511
development_oof,without_n_op,9,quantum_iqp_zz_linear,524,0,4,0,0,-0.2906703789957043
development_oof,without_n_op,9,quantum_iqp_zz_linear,525,15,4,0,0,-0.9917334872255974
development_oof,without_n_op,9,quantum_iqp_zz_linear,527,0,4,0,0,-0.2964668644928337
development_oof,without_n_op,9,quantum_iqp_zz_linear,528,359,4,0,0,-1.276239074810118
development_oof,without_n_op,9,quantum_iqp_zz_linear,529,0,4,0,0,-0.383052024147473
development_oof,without_n_op,9,quantum_iqp_zz_linear,542,35,4,1,0,-0.32787417052093776
development_oof,without_n_op,9,quantum_iqp_zz_linear,543,0,4,0,0,-0.4365985959171807
development_oof,without_n_op,9,quantum_iqp_zz_linear,545,136,4,1,0,-1.0260351004214592
development_oof,without_n_op,9,quantum_iqp_zz_linear,553,0,4,0,0,-0.0977828091638801
development_oof,without_n_op,9,quantum_iqp_zz_linear,559,351,4,0,0,-0.8020635940511238
development_oof,without_n_op,9,quantum_iqp_zz_linear,560,0,4,0,0,-0.23432091603656652
development_oof,without_n_op,9,quantum_iqp_zz_linear,568,0,4,0,0,-0.4915859936904859
development_oof,without_n_op,9,quantum_iqp_zz_linear,570,0,4,1,1,0.21110186354313226
development_oof,without_n_op,9,quantum_iqp_zz_linear,572,0,4,1,0,-0.5240972804637112
development_oof,without_n_op,9,quantum_iqp_zz_linear,577,44,4,0,0,-0.8333043218337124
development_oof,without_n_op,9,quantum_iqp_zz_linear,581,347,4,0,0,-0.7731532932896303
development_oof,without_n_op,9,quantum_iqp_zz_linear,582,44,4,0,0,-0.37400306140084755
development_oof,without_n_op,9,quantum_iqp_zz_linear,583,69,4,0,0,-0.07058970154833005
development_oof,without_n_op,9,quantum_iqp_zz_linear,588,344,4,0,0,-0.5035692325440826
development_oof,without_n_op,9,quantum_iqp_zz_linear,592,0,4,1,0,-0.3886780370659599
development_oof,without_n_op,9,quantum_iqp_zz_linear,595,35,4,0,0,-0.5049168232820671
development_oof,without_n_op,9,quantum_iqp_zz_linear,600,151,4,0,0,-0.973091101146129
development_oof,without_n_op,9,quantum_iqp_zz_linear,602,338,4,0,0,-0.7940479776605871
development_oof,without_n_op,9,quantum_iqp_zz_linear,604,0,4,0,1,0.07502076820909037
development_oof,without_n_op,9,quantum_iqp_zz_linear,605,0,4,0,0,-0.6889199452181372
development_oof,without_n_op,9,quantum_iqp_zz_linear,607,0,4,1,0,-0.21701400588130754
development_oof,without_n_op,9,quantum_iqp_zz_linear,608,0,4,0,1,0.16122400350613858
development_oof,without_n_op,9,quantum_iqp_zz_linear,610,0,4,0,0,-0.850471859513847
development_oof,without_n_op,9,quantum_iqp_zz_linear,611,0,4,0,0,-0.43757849651925856
development_oof,without_n_op,9,quantum_iqp_zz_linear,613,85,4,0,1,0.46441890170853634
development_oof,without_n_op,9,quantum_iqp_zz_linear,615,0,4,0,0,-0.4356530816549143
development_oof,without_n_op,9,quantum_iqp_zz_linear,627,335,4,0,0,-0.3363316387171204
development_oof,without_n_op,9,quantum_iqp_zz_linear,633,0,4,0,0,-1.215624524162183
development_oof,without_n_op,9,quantum_iqp_zz_linear,646,0,4,0,0,-0.14007810799701764
development_oof,without_n_op,9,quantum_iqp_zz_linear,647,0,4,0,1,0.09866473839244178
development_oof,without_n_op,9,quantum_iqp_zz_linear,648,329,4,0,0,-1.5939704231344487
development_oof,without_n_op,9,quantum_iqp_zz_linear,657,4,4,1,0,-0.23373405812813014
development_oof,without_n_op,9,quantum_iqp_zz_linear,662,0,4,0,0,-0.5304409708825453
development_oof,without_n_op,9,quantum_iqp_zz_linear,665,69,4,1,1,0.7873508071557909
development_oof,without_n_op,9,quantum_iqp_zz_linear,666,44,4,0,0,-0.7256631084182039
development_oof,without_n_op,9,quantum_iqp_zz_linear,667,0,4,0,1,0.07806352486980545
development_oof,without_n_op,9,quantum_iqp_zz_linear,671,321,4,1,1,0.3240853835480562
development_oof,without_n_op,9,quantum_iqp_zz_linear,674,4,4,0,0,-0.23236488079167578
development_oof,without_n_op,9,quantum_iqp_zz_linear,683,142,4,0,0,-0.09581285011750545
development_oof,without_n_op,9,quantum_iqp_zz_linear,691,142,4,0,1,0.3188315740852768
development_oof,without_n_op,9,quantum_iqp_zz_linear,692,0,4,0,0,-0.43001904838654054
development_oof,without_n_op,9,quantum_iqp_zz_linear,693,0,4,0,1,0.007041583514360739
development_oof,without_n_op,9,quantum_iqp_zz_linear,699,0,4,0,0,-1.0289723770638075
development_oof,without_n_op,9,quantum_iqp_zz_linear,701,0,4,1,0,-0.185560726231286
development_oof,without_n_op,9,quantum_iqp_zz_linear,704,313,4,0,1,0.15902196547719322
development_oof,without_n_op,9,quantum_iqp_zz_linear,706,0,4,0,0,-0.5212946370567673
development_oof,without_n_op,9,quantum_iqp_zz_linear,715,4,4,1,0,-0.04830338214137336
development_oof,without_n_op,9,quantum_iqp_zz_linear,729,0,4,0,0,-0.5222400139719876
development_oof,without_n_op,9,quantum_iqp_zz_linear,731,60,4,0,0,-0.5480390494236171
development_oof,without_n_op,9,quantum_iqp_zz_linear,735,132,4,0,0,-0.27575673598676803
development_oof,without_n_op,9,quantum_iqp_zz_linear,737,85,4,1,0,-0.6181305134160204
development_oof,without_n_op,9,quantum_iqp_zz_linear,738,136,4,1,0,-0.7859208354380984
development_oof,without_n_op,9,quantum_iqp_zz_linear,740,44,4,0,0,-0.9437228689482509
development_oof,without_n_op,9,quantum_iqp_zz_linear,742,305,4,0,0,-0.6489646037476087
development_oof,without_n_op,9,quantum_iqp_zz_linear,745,0,4,0,0,-0.9271199606375047
development_oof,without_n_op,9,quantum_iqp_zz_linear,753,85,4,0,0,-0.8240830387705464
development_oof,without_n_op,9,quantum_iqp_zz_linear,761,44,4,0,0,-0.23791835840848313
development_oof,without_n_op,9,quantum_iqp_zz_linear,776,298,4,0,0,-1.8023935657964507
development_oof,without_n_op,9,quantum_iqp_zz_linear,794,0,4,0,1,0.22438273101489253
development_oof,without_n_op,9,quantum_iqp_zz_linear,796,35,4,0,0,-0.3647843747685379
development_oof,without_n_op,9,quantum_iqp_zz_linear,800,132,4,0,0,-0.315106779256957
development_oof,without_n_op,9,quantum_iqp_zz_linear,803,289,4,0,0,-1.1665536251650215
development_oof,without_n_op,9,quantum_iqp_zz_linear,818,283,4,0,0,-1.5332608831147982
development_oof,without_n_op,9,quantum_iqp_zz_linear,822,35,4,0,0,-0.5401536008419028
development_oof,without_n_op,9,quantum_iqp_zz_linear,839,82,4,0,0,-1.1653399903116382
development_oof,without_n_op,9,quantum_iqp_zz_linear,844,276,4,0,0,-0.0745761274559496
development_oof,without_n_op,9,quantum_iqp_zz_linear,855,270,4,0,0,-1.294530727517477
development_oof,without_n_op,9,quantum_iqp_zz_linear,865,263,4,0,0,-1.3061540751976486
development_oof,without_n_op,9,quantum_iqp_zz_linear,867,60,4,0,0,-0.4843259691923047
development_oof,without_n_op,9,quantum_iqp_zz_linear,885,256,4,0,0,-0.21899793886914026
development_oof,without_n_op,9,quantum_iqp_zz_linear,888,254,4,1,0,-1.6154802858548927
development_oof,without_n_op,9,quantum_iqp_zz_linear,891,125,4,0,0,-0.21468627496821052
development_oof,without_n_op,9,quantum_iqp_zz_linear,902,122,4,1,0,-0.7604037292299797
development_oof,without_n_op,9,quantum_iqp_zz_linear,907,246,4,0,0,-1.1400799659077963
development_oof,without_n_op,9,quantum_iqp_zz_linear,918,242,4,0,0,-0.3272733711120572
development_oof,without_n_op,9,quantum_iqp_zz_linear,931,234,4,0,0,-1.238338932829322
development_oof,without_n_op,9,quantum_iqp_zz_linear,949,224,4,0,0,-1.0831219246797663
development_oof,without_n_op,9,quantum_iqp_zz_linear,954,4,4,1,1,0.006625666815199438
development_oof,without_n_op,9,quantum_iqp_zz_linear,968,214,4,1,1,0.16609965125231368
development_oof,without_n_op,9,quantum_iqp_zz_linear,980,207,4,0,0,-1.1055759498520938
development_oof,without_n_op,9,quantum_iqp_zz_linear,981,206,4,0,0,-0.5241327297664893
development_oof,without_n_op,9,quantum_iqp_zz_linear,984,204,4,1,0,-0.7224581542491271
development_oof,without_n_op,9,quantum_iqp_zz_linear,991,0,4,0,0,-0.32517626210750333
development_oof,without_n_op,9,quantum_iqp_zz_linear,993,69,4,0,1,0.20028458322985726
development_oof,without_n_op,9,quantum_iqp_zz_linear,995,112,4,0,0,-0.7704247324297642
development_oof,without_n_op,9,quantum_iqp_zz_linear,1016,190,4,1,0,-0.1392695826134271
development_oof,without_n_op,9,quantum_iqp_zz_linear,1024,4,4,1,0,-0.026198412710631114
development_oof,without_n_op,9,quantum_iqp_zz_linear,1031,181,4,0,1,0.3586870773502265
development_oof,without_n_op,9,quantum_iqp_zz_linear,1033,179,4,0,0,-0.8000294781974
development_oof,without_n_op,9,rbf_matched,5,31,5,1,1,0.9898418605202274
development_oof,without_n_op,9,rbf_matched,6,61,5,0,0,-0.9673513819530664
development_oof,without_n_op,9,rbf_matched,15,458,5,1,1,0.20188331607672927
development_oof,without_n_op,9,rbf_matched,23,11,5,0,1,0.3951236091960715
development_oof,without_n_op,9,rbf_matched,26,11,5,0,0,-0.5191142781945363
development_oof,without_n_op,9,rbf_matched,41,451,5,0,0,-1.2305295563898475
development_oof,without_n_op,9,rbf_matched,46,18,5,0,1,0.9782199814033706
development_oof,without_n_op,9,rbf_matched,49,11,5,0,0,-0.4911003067424944
development_oof,without_n_op,9,rbf_matched,52,448,5,0,0,-0.5802691568893983
development_oof,without_n_op,9,rbf_matched,57,61,5,0,0,-0.9951340206814847
development_oof,without_n_op,9,rbf_matched,58,11,5,0,0,-0.4235487682033443
development_oof,without_n_op,9,rbf_matched,59,11,5,0,0,-0.337560089856603
development_oof,without_n_op,9,rbf_matched,76,11,5,0,1,0.46710501824727657
development_oof,without_n_op,9,rbf_matched,79,175,5,1,0,-0.16179577842155335
development_oof,without_n_op,9,rbf_matched,85,17,5,1,1,0.10504748253794638
development_oof,without_n_op,9,rbf_matched,96,18,5,1,1,0.40445659573879755
development_oof,without_n_op,9,rbf_matched,98,438,5,0,0,-0.9719561192304185
development_oof,without_n_op,9,rbf_matched,100,31,5,1,1,0.5942873082607589
development_oof,without_n_op,9,rbf_matched,105,437,5,1,0,-0.03014991742944706
development_oof,without_n_op,9,rbf_matched,106,18,5,1,1,0.9834650719617911
development_oof,without_n_op,9,rbf_matched,111,106,5,0,1,0.00046311609911442453
development_oof,without_n_op,9,rbf_matched,116,434,5,0,1,0.6522227571196288
development_oof,without_n_op,9,rbf_matched,130,171,5,0,0,-0.5226211768084874
development_oof,without_n_op,9,rbf_matched,132,18,5,1,1,0.987880982035807
development_oof,without_n_op,9,rbf_matched,141,106,5,0,0,-0.7219063801519761
development_oof,without_n_op,9,rbf_matched,149,106,5,0,0,-0.3165105530936845
development_oof,without_n_op,9,rbf_matched,150,55,5,1,1,0.653858986829356
development_oof,without_n_op,9,rbf_matched,152,429,5,0,0,-1.4457542294705197
development_oof,without_n_op,9,rbf_matched,161,427,5,0,1,0.3496126481051993
development_oof,without_n_op,9,rbf_matched,163,18,5,1,1,1.6773699162937208
development_oof,without_n_op,9,rbf_matched,165,17,5,1,1,0.6133004860815214
development_oof,without_n_op,9,rbf_matched,167,18,5,1,1,0.960470949619618
development_oof,without_n_op,9,rbf_matched,172,423,5,0,1,2.021978496645491
development_oof,without_n_op,9,rbf_matched,179,11,5,0,1,0.24616889494542182
development_oof,without_n_op,9,rbf_matched,182,31,5,1,1,0.22035036103529193
development_oof,without_n_op,9,rbf_matched,186,18,5,1,1,0.7217134279705189
development_oof,without_n_op,9,rbf_matched,195,31,5,1,1,1.1202132560061249
development_oof,without_n_op,9,rbf_matched,208,31,5,1,1,1.215681860765563
development_oof,without_n_op,9,rbf_matched,215,61,5,0,0,-0.3937903177633578
development_oof,without_n_op,9,rbf_matched,219,418,5,0,0,-1.364572013452479
development_oof,without_n_op,9,rbf_matched,223,68,5,0,0,-0.8011678413738799
development_oof,without_n_op,9,rbf_matched,225,55,5,1,1,0.5289034819607914
development_oof,without_n_op,9,rbf_matched,231,417,5,0,0,-1.4553294561907932
development_oof,without_n_op,9,rbf_matched,233,17,5,1,1,0.3439826967434456
development_oof,without_n_op,9,rbf_matched,255,410,5,0,0,-1.0544700024333198
development_oof,without_n_op,9,rbf_matched,256,18,5,1,1,0.5557340753665689
development_oof,without_n_op,9,rbf_matched,259,409,5,0,0,-0.762148278246684
development_oof,without_n_op,9,rbf_matched,261,25,5,1,0,-0.2293087054862788
development_oof,without_n_op,9,rbf_matched,273,25,5,1,0,-0.2482460004965239
development_oof,without_n_op,9,rbf_matched,276,17,5,1,1,0.6003961967052152
development_oof,without_n_op,9,rbf_matched,297,163,5,0,0,-0.586962125391129
development_oof,without_n_op,9,rbf_matched,298,405,5,0,0,-1.133630326123994
development_oof,without_n_op,9,rbf_matched,316,100,5,0,1,0.103933908787468
development_oof,without_n_op,9,rbf_matched,319,163,5,0,0,-0.6915501052668607
development_oof,without_n_op,9,rbf_matched,326,157,5,1,1,0.9152893490892412
development_oof,without_n_op,9,rbf_matched,330,76,5,1,0,-0.9752960171057199
development_oof,without_n_op,9,rbf_matched,334,394,5,0,0,-0.40101750323939056
development_oof,without_n_op,9,rbf_matched,336,55,5,1,1,0.3348631408830003
development_oof,without_n_op,9,rbf_matched,338,17,5,1,1,0.4107291142314904
development_oof,without_n_op,9,rbf_matched,339,11,5,0,1,0.4880191119583221
development_oof,without_n_op,9,rbf_matched,340,393,5,0,0,-0.9572624352191075
development_oof,without_n_op,9,rbf_matched,343,17,5,1,1,0.5094447187639435
development_oof,without_n_op,9,rbf_matched,347,17,5,1,1,0.7261907722927088
development_oof,without_n_op,9,rbf_matched,351,100,5,1,1,0.11145558440842596
development_oof,without_n_op,9,rbf_matched,357,37,5,1,1,0.4236472210073432
development_oof,without_n_op,9,rbf_matched,364,25,5,1,0,-0.18900801756053665
development_oof,without_n_op,9,rbf_matched,372,17,5,1,1,0.6648797612886828
development_oof,without_n_op,9,rbf_matched,377,386,5,0,0,-0.8090098577226916
development_oof,without_n_op,9,rbf_matched,381,76,5,0,0,-0.681934301710974
development_oof,without_n_op,9,rbf_matched,397,11,5,0,0,-0.4957350899855043
development_oof,without_n_op,9,rbf_matched,402,380,5,0,0,-0.7165768502109497
development_oof,without_n_op,9,rbf_matched,435,374,5,0,0,-1.0786260767003568
development_oof,without_n_op,9,rbf_matched,436,25,5,1,1,1.2293152112430468
development_oof,without_n_op,9,rbf_matched,458,18,5,0,1,0.3448527144436446
development_oof,without_n_op,9,rbf_matched,459,25,5,1,0,-0.2292443857972717
development_oof,without_n_op,9,rbf_matched,468,370,5,0,0,-0.7505099464499652
development_oof,without_n_op,9,rbf_matched,479,368,5,0,0,-0.13975328313659885
development_oof,without_n_op,9,rbf_matched,486,157,5,0,0,-0.3719228528050691
development_oof,without_n_op,9,rbf_matched,494,94,5,0,0,-0.037425513481177175
development_oof,without_n_op,9,rbf_matched,533,71,5,0,0,-0.2237198212681073
development_oof,without_n_op,9,rbf_matched,536,71,5,0,0,-0.6260391790290529
development_oof,without_n_op,9,rbf_matched,549,355,5,0,0,-0.5296359370761037
development_oof,without_n_op,9,rbf_matched,555,352,5,1,1,0.6695491254909931
development_oof,without_n_op,9,rbf_matched,557,66,5,0,1,0.6063749205823203
development_oof,without_n_op,9,rbf_matched,563,71,5,0,0,-0.1878762781270571
development_oof,without_n_op,9,rbf_matched,575,115,5,0,1,0.1844454000727036
development_oof,without_n_op,9,rbf_matched,579,114,5,1,0,-0.938501946226235
development_oof,without_n_op,9,rbf_matched,585,31,5,1,1,1.1520593867189728
development_oof,without_n_op,9,rbf_matched,587,345,5,0,1,1.233903978880881
development_oof,without_n_op,9,rbf_matched,601,339,5,0,0,-0.9463816210004747
development_oof,without_n_op,9,rbf_matched,612,87,5,0,0,-0.9760514857095701
development_oof,without_n_op,9,rbf_matched,620,68,5,0,0,-1.304145748597808
development_oof,without_n_op,9,rbf_matched,634,17,5,1,1,0.5279608633953194
development_oof,without_n_op,9,rbf_matched,635,68,5,1,0,-0.5946131996570885
development_oof,without_n_op,9,rbf_matched,640,146,5,0,0,-0.704900506137129
development_oof,without_n_op,9,rbf_matched,641,66,5,0,0,-0.4497689068012569
development_oof,without_n_op,9,rbf_matched,643,330,5,0,0,-1.183333417853202
development_oof,without_n_op,9,rbf_matched,645,146,5,0,0,-1.4261362050710713
development_oof,without_n_op,9,rbf_matched,656,326,5,0,0,-0.1184153073951002
development_oof,without_n_op,9,rbf_matched,664,116,5,0,0,-1.0357484016726781
development_oof,without_n_op,9,rbf_matched,675,71,5,0,0,-0.016917157914286163
development_oof,without_n_op,9,rbf_matched,682,317,5,0,1,0.028626084353103654
development_oof,without_n_op,9,rbf_matched,688,143,5,0,0,-0.5179309227180031
development_oof,without_n_op,9,rbf_matched,698,314,5,0,0,-0.8114488889975862
development_oof,without_n_op,9,rbf_matched,711,45,5,0,1,0.21217866919978956
development_oof,without_n_op,9,rbf_matched,723,25,5,0,1,0.48055912010537827
development_oof,without_n_op,9,rbf_matched,725,45,5,1,1,0.4135768552304757
development_oof,without_n_op,9,rbf_matched,726,31,5,1,1,1.219995524165254
development_oof,without_n_op,9,rbf_matched,732,45,5,0,0,-0.26695749963068005
development_oof,without_n_op,9,rbf_matched,736,137,5,0,1,0.3756028214764684
development_oof,without_n_op,9,rbf_matched,741,306,5,0,0,-1.1697205669431052
development_oof,without_n_op,9,rbf_matched,744,87,5,0,0,-1.3084620198871733
development_oof,without_n_op,9,rbf_matched,749,11,5,0,0,-0.35124274712557435
development_oof,without_n_op,9,rbf_matched,799,45,5,0,1,0.5557169003735432
development_oof,without_n_op,9,rbf_matched,802,131,5,0,0,-0.7726400980576136
development_oof,without_n_op,9,rbf_matched,816,284,5,0,0,-0.08572908920843014
development_oof,without_n_op,9,rbf_matched,837,278,5,0,0,-0.6739579364359838
development_oof,without_n_op,9,rbf_matched,845,11,5,0,0,-0.9058127542524768
development_oof,without_n_op,9,rbf_matched,857,268,5,0,0,-0.5258289572291541
development_oof,without_n_op,9,rbf_matched,858,61,5,0,0,-0.39488937993478557
development_oof,without_n_op,9,rbf_matched,860,266,5,0,0,-1.181512103419483
development_oof,without_n_op,9,rbf_matched,870,260,5,0,0,-1.1782720500139956
development_oof,without_n_op,9,rbf_matched,900,249,5,0,0,-0.2971532694918855
development_oof,without_n_op,9,rbf_matched,906,247,5,0,0,-0.3609558032116389
development_oof,without_n_op,9,rbf_matched,915,25,5,1,0,-0.2734132666389273
development_oof,without_n_op,9,rbf_matched,926,238,5,1,0,-0.7305919823207974
development_oof,without_n_op,9,rbf_matched,939,229,5,1,1,0.0706735291919387
development_oof,without_n_op,9,rbf_matched,948,225,5,1,0,-0.33292997877529695
development_oof,without_n_op,9,rbf_matched,958,220,5,0,0,-1.3141483679162262
development_oof,without_n_op,9,rbf_matched,960,116,5,0,0,-0.7771295722783864
development_oof,without_n_op,9,rbf_matched,969,115,5,0,1,0.6180345856906706
development_oof,without_n_op,9,rbf_matched,971,212,5,1,1,0.6534653532102543
development_oof,without_n_op,9,rbf_matched,972,211,5,0,0,-1.1874647559058682
development_oof,without_n_op,9,rbf_matched,974,45,5,0,1,0.464356965226308
development_oof,without_n_op,9,rbf_matched,975,66,5,0,0,-0.6986700241798776
development_oof,without_n_op,9,rbf_matched,979,114,5,0,0,-1.1332592100722585
development_oof,without_n_op,9,rbf_matched,990,201,5,0,0,-0.5451410416916762
development_oof,without_n_op,9,rbf_matched,1008,76,5,0,0,-0.32765822596785377
development_oof,without_n_op,9,rbf_matched,1010,194,5,0,1,0.6055243274726778
development_oof,without_n_op,9,rbf_matched,1015,191,5,1,0,-0.5484132278969587
development_oof,without_n_op,9,rbf_matched,1027,185,5,1,1,1.0737414232085285
development_oof,without_n_op,9,rbf_matched,1032,180,5,0,0,-0.04513907763536873
development_oof,without_n_op,9,quantum_angle_product,5,31,5,1,1,0.800784350775706
development_oof,without_n_op,9,quantum_angle_product,6,61,5,0,0,-0.8085019771937036
development_oof,without_n_op,9,quantum_angle_product,15,458,5,1,1,0.3230267316838713
development_oof,without_n_op,9,quantum_angle_product,23,11,5,0,1,0.9147913404075296
development_oof,without_n_op,9,quantum_angle_product,26,11,5,0,0,-0.1714032181399745
development_oof,without_n_op,9,quantum_angle_product,41,451,5,0,0,-1.5515727058933957
development_oof,without_n_op,9,quantum_angle_product,46,18,5,0,1,0.7907289517589371
development_oof,without_n_op,9,quantum_angle_product,49,11,5,0,0,-0.4246318007509473
development_oof,without_n_op,9,quantum_angle_product,52,448,5,0,0,-0.756028867249831
development_oof,without_n_op,9,quantum_angle_product,57,61,5,0,0,-0.830848095280174
development_oof,without_n_op,9,quantum_angle_product,58,11,5,0,0,-0.2888015625927185
development_oof,without_n_op,9,quantum_angle_product,59,11,5,0,1,0.2216112037829543
development_oof,without_n_op,9,quantum_angle_product,76,11,5,0,1,1.4756256879021339
development_oof,without_n_op,9,quantum_angle_product,79,175,5,1,0,-0.10085261356155284
development_oof,without_n_op,9,quantum_angle_product,85,17,5,1,1,0.05455705910354136
development_oof,without_n_op,9,quantum_angle_product,96,18,5,1,1,0.46749922641641395
development_oof,without_n_op,9,quantum_angle_product,98,438,5,0,0,-0.8137808393319712
development_oof,without_n_op,9,quantum_angle_product,100,31,5,1,1,0.42245660432581666
development_oof,without_n_op,9,quantum_angle_product,105,437,5,1,0,-0.09031256211337202
development_oof,without_n_op,9,quantum_angle_product,106,18,5,1,1,0.8707919688020918
development_oof,without_n_op,9,quantum_angle_product,111,106,5,0,1,0.202550102749548
development_oof,without_n_op,9,quantum_angle_product,116,434,5,0,1,0.5065897921620951
development_oof,without_n_op,9,quantum_angle_product,130,171,5,0,0,-0.28279475375765983
development_oof,without_n_op,9,quantum_angle_product,132,18,5,1,1,0.7855058270345263
development_oof,without_n_op,9,quantum_angle_product,141,106,5,0,0,-0.6826467922149682
development_oof,without_n_op,9,quantum_angle_product,149,106,5,0,0,-0.05612416338411119
development_oof,without_n_op,9,quantum_angle_product,150,55,5,1,1,0.5396651147891394
development_oof,without_n_op,9,quantum_angle_product,152,429,5,0,0,-1.3791736741715421
development_oof,without_n_op,9,quantum_angle_product,161,427,5,0,1,0.5960979793217449
development_oof,without_n_op,9,quantum_angle_product,163,18,5,1,1,1.6476620708081484
development_oof,without_n_op,9,quantum_angle_product,165,17,5,1,1,0.5913877956951641
development_oof,without_n_op,9,quantum_angle_product,167,18,5,1,1,0.8360581658439885
development_oof,without_n_op,9,quantum_angle_product,172,423,5,0,1,2.2581983647526744
development_oof,without_n_op,9,quantum_angle_product,179,11,5,0,1,0.8749288763565977
development_oof,without_n_op,9,quantum_angle_product,182,31,5,1,1,0.1273547341821184
development_oof,without_n_op,9,quantum_angle_product,186,18,5,1,1,0.5895180683134127
development_oof,without_n_op,9,quantum_angle_product,195,31,5,1,1,1.0297069312910443
development_oof,without_n_op,9,quantum_angle_product,208,31,5,1,1,1.110536380128197
development_oof,without_n_op,9,quantum_angle_product,215,61,5,0,0,-0.06080976605892219
development_oof,without_n_op,9,quantum_angle_product,219,418,5,0,0,-1.334999637930878
development_oof,without_n_op,9,quantum_angle_product,223,68,5,0,0,-0.913230086950618
development_oof,without_n_op,9,quantum_angle_product,225,55,5,1,1,0.3684395083275964
development_oof,without_n_op,9,quantum_angle_product,231,417,5,0,0,-1.7328007978588686
development_oof,without_n_op,9,quantum_angle_product,233,17,5,1,1,0.2675331927664619
development_oof,without_n_op,9,quantum_angle_product,255,410,5,0,0,-1.0530981719971326
development_oof,without_n_op,9,quantum_angle_product,256,18,5,1,1,0.42300494175802217
development_oof,without_n_op,9,quantum_angle_product,259,409,5,0,0,-0.646421655399414
development_oof,without_n_op,9,quantum_angle_product,261,25,5,1,0,-0.27419209834750435
development_oof,without_n_op,9,quantum_angle_product,273,25,5,1,0,-0.31531929853354645
development_oof,without_n_op,9,quantum_angle_product,276,17,5,1,1,0.7086137045060945
development_oof,without_n_op,9,quantum_angle_product,297,163,5,0,0,-0.6419825276377997
development_oof,without_n_op,9,quantum_angle_product,298,405,5,0,0,-1.3877214603350796
development_oof,without_n_op,9,quantum_angle_product,316,100,5,0,0,-0.06450354497982502
development_oof,without_n_op,9,quantum_angle_product,319,163,5,0,0,-0.7486167735458098
development_oof,without_n_op,9,quantum_angle_product,326,157,5,1,1,0.7560929618144774
development_oof,without_n_op,9,quantum_angle_product,330,76,5,1,0,-1.1428217180130098
development_oof,without_n_op,9,quantum_angle_product,334,394,5,0,0,-0.3800871123108456
development_oof,without_n_op,9,quantum_angle_product,336,55,5,1,1,0.3023228090535999
development_oof,without_n_op,9,quantum_angle_product,338,17,5,1,1,0.37107128159360325
development_oof,without_n_op,9,quantum_angle_product,339,11,5,0,1,1.4557566005948217
development_oof,without_n_op,9,quantum_angle_product,340,393,5,0,0,-0.8175456524296829
development_oof,without_n_op,9,quantum_angle_product,343,17,5,1,1,0.413096259432741
development_oof,without_n_op,9,quantum_angle_product,347,17,5,1,1,0.7122747732251287
development_oof,without_n_op,9,quantum_angle_product,351,100,5,1,0,-0.0452956886627327
development_oof,without_n_op,9,quantum_angle_product,357,37,5,1,1,0.46046853473532656
development_oof,without_n_op,9,quantum_angle_product,364,25,5,1,0,-0.1979798477254089
development_oof,without_n_op,9,quantum_angle_product,372,17,5,1,1,0.4991882685904381
development_oof,without_n_op,9,quantum_angle_product,377,386,5,0,0,-0.76032313405626
development_oof,without_n_op,9,quantum_angle_product,381,76,5,0,0,-0.7493543466240953
development_oof,without_n_op,9,quantum_angle_product,397,11,5,0,0,-0.1705269914128229
development_oof,without_n_op,9,quantum_angle_product,402,380,5,0,0,-0.9893311112602039
development_oof,without_n_op,9,quantum_angle_product,435,374,5,0,0,-0.8577434345654731
development_oof,without_n_op,9,quantum_angle_product,436,25,5,1,1,1.3745128672395834
development_oof,without_n_op,9,quantum_angle_product,458,18,5,0,1,0.37568367196181307
development_oof,without_n_op,9,quantum_angle_product,459,25,5,1,0,-0.28237804114134235
development_oof,without_n_op,9,quantum_angle_product,468,370,5,0,0,-0.8099418216067529
development_oof,without_n_op,9,quantum_angle_product,479,368,5,0,1,0.09264593002268806
development_oof,without_n_op,9,quantum_angle_product,486,157,5,0,0,-0.4470898320381873
development_oof,without_n_op,9,quantum_angle_product,494,94,5,0,1,0.23287463306962608
development_oof,without_n_op,9,quantum_angle_product,533,71,5,0,0,-0.3658616011864164
development_oof,without_n_op,9,quantum_angle_product,536,71,5,0,0,-0.6952676230921253
development_oof,without_n_op,9,quantum_angle_product,549,355,5,0,0,-0.35820083899837374
development_oof,without_n_op,9,quantum_angle_product,555,352,5,1,1,0.8045853431336805
development_oof,without_n_op,9,quantum_angle_product,557,66,5,0,1,0.6898313046503652
development_oof,without_n_op,9,quantum_angle_product,563,71,5,0,0,-0.3462798490943684
development_oof,without_n_op,9,quantum_angle_product,575,115,5,0,1,0.4035944500367521
development_oof,without_n_op,9,quantum_angle_product,579,114,5,1,0,-0.9968826680173708
development_oof,without_n_op,9,quantum_angle_product,585,31,5,1,1,1.021740049165266
development_oof,without_n_op,9,quantum_angle_product,587,345,5,0,1,1.428975409099635
development_oof,without_n_op,9,quantum_angle_product,601,339,5,0,0,-1.0236759860360032
development_oof,without_n_op,9,quantum_angle_product,612,87,5,0,0,-0.9696026394528738
development_oof,without_n_op,9,quantum_angle_product,620,68,5,0,0,-1.425301458300843
development_oof,without_n_op,9,quantum_angle_product,634,17,5,1,1,0.4933463735648922
development_oof,without_n_op,9,quantum_angle_product,635,68,5,1,0,-0.5762946735570831
development_oof,without_n_op,9,quantum_angle_product,640,146,5,0,0,-0.46561372893658404
development_oof,without_n_op,9,quantum_angle_product,641,66,5,0,0,-0.3648098992025395
development_oof,without_n_op,9,quantum_angle_product,643,330,5,0,0,-1.2947178616546389
development_oof,without_n_op,9,quantum_angle_product,645,146,5,0,0,-1.2908693503287554
development_oof,without_n_op,9,quantum_angle_product,656,326,5,0,0,-0.14023150530306272
development_oof,without_n_op,9,quantum_angle_product,664,116,5,0,0,-0.9924414200560039
development_oof,without_n_op,9,quantum_angle_product,675,71,5,0,0,-0.19832342912267298
development_oof,without_n_op,9,quantum_angle_product,682,317,5,0,0,-0.07773404219010582
development_oof,without_n_op,9,quantum_angle_product,688,143,5,0,0,-0.23143168168753148
development_oof,without_n_op,9,quantum_angle_product,698,314,5,0,0,-0.6586601124768248
development_oof,without_n_op,9,quantum_angle_product,711,45,5,0,1,0.31120556539070465
development_oof,without_n_op,9,quantum_angle_product,723,25,5,0,1,0.29633103764929625
development_oof,without_n_op,9,quantum_angle_product,725,45,5,1,1,0.5839690690466042
development_oof,without_n_op,9,quantum_angle_product,726,31,5,1,1,1.0883827870254017
development_oof,without_n_op,9,quantum_angle_product,732,45,5,0,0,-0.19558777947078032
development_oof,without_n_op,9,quantum_angle_product,736,137,5,0,1,0.27481966439646865
development_oof,without_n_op,9,quantum_angle_product,741,306,5,0,0,-1.1247356891387856
development_oof,without_n_op,9,quantum_angle_product,744,87,5,0,0,-1.2669481441249582
development_oof,without_n_op,9,quantum_angle_product,749,11,5,0,1,0.013125500695546855
development_oof,without_n_op,9,quantum_angle_product,799,45,5,0,1,0.5680383750154783
development_oof,without_n_op,9,quantum_angle_product,802,131,5,0,0,-0.7531994293192659
development_oof,without_n_op,9,quantum_angle_product,816,284,5,0,1,0.06352679196501443
development_oof,without_n_op,9,quantum_angle_product,837,278,5,0,0,-0.839515941116671
development_oof,without_n_op,9,quantum_angle_product,845,11,5,0,0,-0.5337015852491527
development_oof,without_n_op,9,quantum_angle_product,857,268,5,0,0,-0.4953620194291124
development_oof,without_n_op,9,quantum_angle_product,858,61,5,0,0,-0.06329261466597402
development_oof,without_n_op,9,quantum_angle_product,860,266,5,0,0,-1.3934116066212285
development_oof,without_n_op,9,quantum_angle_product,870,260,5,0,0,-1.1969122163479728
development_oof,without_n_op,9,quantum_angle_product,900,249,5,0,0,-0.33272210553081516
development_oof,without_n_op,9,quantum_angle_product,906,247,5,0,0,-0.3024187132000504
development_oof,without_n_op,9,quantum_angle_product,915,25,5,1,0,-0.3173369763480096
development_oof,without_n_op,9,quantum_angle_product,926,238,5,1,0,-0.7565773674029024
development_oof,without_n_op,9,quantum_angle_product,939,229,5,1,1,0.1389241964362573
development_oof,without_n_op,9,quantum_angle_product,948,225,5,1,0,-0.12070991012673082
development_oof,without_n_op,9,quantum_angle_product,958,220,5,0,0,-1.4529348823871564
development_oof,without_n_op,9,quantum_angle_product,960,116,5,0,0,-0.8066972594998187
development_oof,without_n_op,9,quantum_angle_product,969,115,5,0,1,0.7954272096200861
development_oof,without_n_op,9,quantum_angle_product,971,212,5,1,1,0.5333340362981636
development_oof,without_n_op,9,quantum_angle_product,972,211,5,0,0,-1.0975842023250577
development_oof,without_n_op,9,quantum_angle_product,974,45,5,0,1,0.6575495924936907
development_oof,without_n_op,9,quantum_angle_product,975,66,5,0,0,-0.5181121952365648
development_oof,without_n_op,9,quantum_angle_product,979,114,5,0,0,-1.1345903166725944
development_oof,without_n_op,9,quantum_angle_product,990,201,5,0,0,-0.3198042430331842
development_oof,without_n_op,9,quantum_angle_product,1008,76,5,0,0,-0.4053485268562893
development_oof,without_n_op,9,quantum_angle_product,1010,194,5,0,1,0.45756828030914365
development_oof,without_n_op,9,quantum_angle_product,1015,191,5,1,0,-0.7267294988123651
development_oof,without_n_op,9,quantum_angle_product,1027,185,5,1,1,1.25551586147641
development_oof,without_n_op,9,quantum_angle_product,1032,180,5,0,1,0.2143274893280216
development_oof,without_n_op,9,quantum_iqp_zz_linear,5,31,5,1,1,0.809262574779505
development_oof,without_n_op,9,quantum_iqp_zz_linear,6,61,5,0,0,-0.8242979370908643
development_oof,without_n_op,9,quantum_iqp_zz_linear,15,458,5,1,1,0.2713877919273646
development_oof,without_n_op,9,quantum_iqp_zz_linear,23,11,5,0,1,0.9148007012699324
development_oof,without_n_op,9,quantum_iqp_zz_linear,26,11,5,0,0,-0.16376384484169937
development_oof,without_n_op,9,quantum_iqp_zz_linear,41,451,5,0,0,-1.51249206119404
development_oof,without_n_op,9,quantum_iqp_zz_linear,46,18,5,0,1,0.7877614495948775
development_oof,without_n_op,9,quantum_iqp_zz_linear,49,11,5,0,0,-0.43208143747149674
development_oof,without_n_op,9,quantum_iqp_zz_linear,52,448,5,0,0,-0.7527754639121627
development_oof,without_n_op,9,quantum_iqp_zz_linear,57,61,5,0,0,-0.8457694835295626
development_oof,without_n_op,9,quantum_iqp_zz_linear,58,11,5,0,0,-0.29926158475920017
development_oof,without_n_op,9,quantum_iqp_zz_linear,59,11,5,0,1,0.2100785119392823
development_oof,without_n_op,9,quantum_iqp_zz_linear,76,11,5,0,1,1.4589195202322633
development_oof,without_n_op,9,quantum_iqp_zz_linear,79,175,5,1,0,-0.14094049383438323
development_oof,without_n_op,9,quantum_iqp_zz_linear,85,17,5,1,1,0.05573607651134882
development_oof,without_n_op,9,quantum_iqp_zz_linear,96,18,5,1,1,0.43008747289573734
development_oof,without_n_op,9,quantum_iqp_zz_linear,98,438,5,0,0,-0.8516152914240966
development_oof,without_n_op,9,quantum_iqp_zz_linear,100,31,5,1,1,0.41481209134298447
development_oof,without_n_op,9,quantum_iqp_zz_linear,105,437,5,1,0,-0.06751772345749107
development_oof,without_n_op,9,quantum_iqp_zz_linear,106,18,5,1,1,0.866767282057302
development_oof,without_n_op,9,quantum_iqp_zz_linear,111,106,5,0,1,0.12161276133569388
development_oof,without_n_op,9,quantum_iqp_zz_linear,116,434,5,0,1,0.49552903320384667
development_oof,without_n_op,9,quantum_iqp_zz_linear,130,171,5,0,0,-0.2968043211661775
development_oof,without_n_op,9,quantum_iqp_zz_linear,132,18,5,1,1,0.785721323550777
development_oof,without_n_op,9,quantum_iqp_zz_linear,141,106,5,0,0,-0.7005058284221566
development_oof,without_n_op,9,quantum_iqp_zz_linear,149,106,5,0,0,-0.13407208560592832
development_oof,without_n_op,9,quantum_iqp_zz_linear,150,55,5,1,1,0.5249150479694471
development_oof,without_n_op,9,quantum_iqp_zz_linear,152,429,5,0,0,-1.3945086470773527
development_oof,without_n_op,9,quantum_iqp_zz_linear,161,427,5,0,1,0.5386124306617672
development_oof,without_n_op,9,quantum_iqp_zz_linear,163,18,5,1,1,1.701801917788703
development_oof,without_n_op,9,quantum_iqp_zz_linear,165,17,5,1,1,0.5900900026895959
development_oof,without_n_op,9,quantum_iqp_zz_linear,167,18,5,1,1,0.8286568543802251
development_oof,without_n_op,9,quantum_iqp_zz_linear,172,423,5,0,1,2.319913681976935
development_oof,without_n_op,9,quantum_iqp_zz_linear,179,11,5,0,1,0.8665504497431022
development_oof,without_n_op,9,quantum_iqp_zz_linear,182,31,5,1,1,0.1441204826728666
development_oof,without_n_op,9,quantum_iqp_zz_linear,186,18,5,1,1,0.5812017689982469
development_oof,without_n_op,9,quantum_iqp_zz_linear,195,31,5,1,1,1.0379357896928145
development_oof,without_n_op,9,quantum_iqp_zz_linear,208,31,5,1,1,1.1379418583992102
development_oof,without_n_op,9,quantum_iqp_zz_linear,215,61,5,0,0,-0.092185950744615
development_oof,without_n_op,9,quantum_iqp_zz_linear,219,418,5,0,0,-1.3395864594835212
development_oof,without_n_op,9,quantum_iqp_zz_linear,223,68,5,0,0,-0.9045231431209668
development_oof,without_n_op,9,quantum_iqp_zz_linear,225,55,5,1,1,0.3897779294772312
development_oof,without_n_op,9,quantum_iqp_zz_linear,231,417,5,0,0,-1.6950597577214657
development_oof,without_n_op,9,quantum_iqp_zz_linear,233,17,5,1,1,0.26325596309849963
development_oof,without_n_op,9,quantum_iqp_zz_linear,255,410,5,0,0,-1.0513076275077893
development_oof,without_n_op,9,quantum_iqp_zz_linear,256,18,5,1,1,0.4388606949161391
development_oof,without_n_op,9,quantum_iqp_zz_linear,259,409,5,0,0,-0.6941383878970344
development_oof,without_n_op,9,quantum_iqp_zz_linear,261,25,5,1,0,-0.28586545958173515
development_oof,without_n_op,9,quantum_iqp_zz_linear,273,25,5,1,0,-0.32335426788111943
development_oof,without_n_op,9,quantum_iqp_zz_linear,276,17,5,1,1,0.6821949322933962
development_oof,without_n_op,9,quantum_iqp_zz_linear,297,163,5,0,0,-0.6394237506809877
development_oof,without_n_op,9,quantum_iqp_zz_linear,298,405,5,0,0,-1.3382353794309
development_oof,without_n_op,9,quantum_iqp_zz_linear,316,100,5,0,0,-0.06020480828542896
development_oof,without_n_op,9,quantum_iqp_zz_linear,319,163,5,0,0,-0.7368126008126099
development_oof,without_n_op,9,quantum_iqp_zz_linear,326,157,5,1,1,0.7665602754904395
development_oof,without_n_op,9,quantum_iqp_zz_linear,330,76,5,1,0,-1.1123860022069065
development_oof,without_n_op,9,quantum_iqp_zz_linear,334,394,5,0,0,-0.3820108591409088
development_oof,without_n_op,9,quantum_iqp_zz_linear,336,55,5,1,1,0.2808481218625829
development_oof,without_n_op,9,quantum_iqp_zz_linear,338,17,5,1,1,0.4011827698112844
development_oof,without_n_op,9,quantum_iqp_zz_linear,339,11,5,0,1,1.4338308759103902
development_oof,without_n_op,9,quantum_iqp_zz_linear,340,393,5,0,0,-0.8326765436325647
development_oof,without_n_op,9,quantum_iqp_zz_linear,343,17,5,1,1,0.43250845238945357
development_oof,without_n_op,9,quantum_iqp_zz_linear,347,17,5,1,1,0.7386547499687772
development_oof,without_n_op,9,quantum_iqp_zz_linear,351,100,5,1,0,-0.03626747760260973
development_oof,without_n_op,9,quantum_iqp_zz_linear,357,37,5,1,1,0.43427167878749406
development_oof,without_n_op,9,quantum_iqp_zz_linear,364,25,5,1,0,-0.21354884360331283
development_oof,without_n_op,9,quantum_iqp_zz_linear,372,17,5,1,1,0.5186541302556464
development_oof,without_n_op,9,quantum_iqp_zz_linear,377,386,5,0,0,-0.7855126976164482
development_oof,without_n_op,9,quantum_iqp_zz_linear,381,76,5,0,0,-0.7409471425479539
development_oof,without_n_op,9,quantum_iqp_zz_linear,397,11,5,0,0,-0.17423224573359897
development_oof,without_n_op,9,quantum_iqp_zz_linear,402,380,5,0,0,-0.9515665395889676
development_oof,without_n_op,9,quantum_iqp_zz_linear,435,374,5,0,0,-0.8665386104477086
development_oof,without_n_op,9,quantum_iqp_zz_linear,436,25,5,1,1,1.3290667079695
development_oof,without_n_op,9,quantum_iqp_zz_linear,458,18,5,0,1,0.344289996841568
development_oof,without_n_op,9,quantum_iqp_zz_linear,459,25,5,1,0,-0.2923013508172658
development_oof,without_n_op,9,quantum_iqp_zz_linear,468,370,5,0,0,-0.7963346045555784
development_oof,without_n_op,9,quantum_iqp_zz_linear,479,368,5,0,1,0.031562914907482975
development_oof,without_n_op,9,quantum_iqp_zz_linear,486,157,5,0,0,-0.43463445688403524
development_oof,without_n_op,9,quantum_iqp_zz_linear,494,94,5,0,1,0.22925978812621373
development_oof,without_n_op,9,quantum_iqp_zz_linear,533,71,5,0,0,-0.348760191519917
development_oof,without_n_op,9,quantum_iqp_zz_linear,536,71,5,0,0,-0.6904150933618642
development_oof,without_n_op,9,quantum_iqp_zz_linear,549,355,5,0,0,-0.3811168818413362
development_oof,without_n_op,9,quantum_iqp_zz_linear,555,352,5,1,1,0.7707621496326795
development_oof,without_n_op,9,quantum_iqp_zz_linear,557,66,5,0,1,0.7083593242316442
development_oof,without_n_op,9,quantum_iqp_zz_linear,563,71,5,0,0,-0.3342350813418966
development_oof,without_n_op,9,quantum_iqp_zz_linear,575,115,5,0,1,0.38791950980473566
development_oof,without_n_op,9,quantum_iqp_zz_linear,579,114,5,1,0,-1.0138549146853035
development_oof,without_n_op,9,quantum_iqp_zz_linear,585,31,5,1,1,1.0364500509020549
development_oof,without_n_op,9,quantum_iqp_zz_linear,587,345,5,0,1,1.4544653900907432
development_oof,without_n_op,9,quantum_iqp_zz_linear,601,339,5,0,0,-1.007133517430488
development_oof,without_n_op,9,quantum_iqp_zz_linear,612,87,5,0,0,-0.94197359311047
development_oof,without_n_op,9,quantum_iqp_zz_linear,620,68,5,0,0,-1.4082129801916259
development_oof,without_n_op,9,quantum_iqp_zz_linear,634,17,5,1,1,0.48904520223746184
development_oof,without_n_op,9,quantum_iqp_zz_linear,635,68,5,1,0,-0.5860018102735329
development_oof,without_n_op,9,quantum_iqp_zz_linear,640,146,5,0,0,-0.4828914722548512
development_oof,without_n_op,9,quantum_iqp_zz_linear,641,66,5,0,0,-0.3707847172959815
development_oof,without_n_op,9,quantum_iqp_zz_linear,643,330,5,0,0,-1.2640739892382844
development_oof,without_n_op,9,quantum_iqp_zz_linear,645,146,5,0,0,-1.2833781672131064
development_oof,without_n_op,9,quantum_iqp_zz_linear,656,326,5,0,0,-0.11878239464312412
development_oof,without_n_op,9,quantum_iqp_zz_linear,664,116,5,0,0,-1.0052348561909479
development_oof,without_n_op,9,quantum_iqp_zz_linear,675,71,5,0,0,-0.18182064494000527
development_oof,without_n_op,9,quantum_iqp_zz_linear,682,317,5,0,0,-0.05852848379837594
development_oof,without_n_op,9,quantum_iqp_zz_linear,688,143,5,0,0,-0.245030598599689
development_oof,without_n_op,9,quantum_iqp_zz_linear,698,314,5,0,0,-0.6789290597796334
development_oof,without_n_op,9,quantum_iqp_zz_linear,711,45,5,0,1,0.29943445077804975
development_oof,without_n_op,9,quantum_iqp_zz_linear,723,25,5,0,1,0.29120606929061155
development_oof,without_n_op,9,quantum_iqp_zz_linear,725,45,5,1,1,0.5896796098021895
development_oof,without_n_op,9,quantum_iqp_zz_linear,726,31,5,1,1,1.1053705059135066
development_oof,without_n_op,9,quantum_iqp_zz_linear,732,45,5,0,0,-0.1999792396676996
development_oof,without_n_op,9,quantum_iqp_zz_linear,736,137,5,0,1,0.27503464288634394
development_oof,without_n_op,9,quantum_iqp_zz_linear,741,306,5,0,0,-1.1294853870264623
development_oof,without_n_op,9,quantum_iqp_zz_linear,744,87,5,0,0,-1.2414270593535655
development_oof,without_n_op,9,quantum_iqp_zz_linear,749,11,5,0,0,-0.009806511479854452
development_oof,without_n_op,9,quantum_iqp_zz_linear,799,45,5,0,1,0.5827903601133755
development_oof,without_n_op,9,quantum_iqp_zz_linear,802,131,5,0,0,-0.735493547755488
development_oof,without_n_op,9,quantum_iqp_zz_linear,816,284,5,0,1,0.04437978512559959
development_oof,without_n_op,9,quantum_iqp_zz_linear,837,278,5,0,0,-0.8091262947172231
development_oof,without_n_op,9,quantum_iqp_zz_linear,845,11,5,0,0,-0.5437284183622884
development_oof,without_n_op,9,quantum_iqp_zz_linear,857,268,5,0,0,-0.5184900573759099
development_oof,without_n_op,9,quantum_iqp_zz_linear,858,61,5,0,0,-0.09434264518314683
development_oof,without_n_op,9,quantum_iqp_zz_linear,860,266,5,0,0,-1.359145356085957
development_oof,without_n_op,9,quantum_iqp_zz_linear,870,260,5,0,0,-1.183295996476633
development_oof,without_n_op,9,quantum_iqp_zz_linear,900,249,5,0,0,-0.34263444396612286
development_oof,without_n_op,9,quantum_iqp_zz_linear,906,247,5,0,0,-0.28454727336794505
development_oof,without_n_op,9,quantum_iqp_zz_linear,915,25,5,1,0,-0.3314077903950603
development_oof,without_n_op,9,quantum_iqp_zz_linear,926,238,5,1,0,-0.7465890937252804
development_oof,without_n_op,9,quantum_iqp_zz_linear,939,229,5,1,1,0.09630070790167844
development_oof,without_n_op,9,quantum_iqp_zz_linear,948,225,5,1,0,-0.1432866613622381
development_oof,without_n_op,9,quantum_iqp_zz_linear,958,220,5,0,0,-1.4161858327673844
development_oof,without_n_op,9,quantum_iqp_zz_linear,960,116,5,0,0,-0.8119987302790765
development_oof,without_n_op,9,quantum_iqp_zz_linear,969,115,5,0,1,0.776469632600739
development_oof,without_n_op,9,quantum_iqp_zz_linear,971,212,5,1,1,0.5414505542235661
development_oof,without_n_op,9,quantum_iqp_zz_linear,972,211,5,0,0,-1.0997882253825617
development_oof,without_n_op,9,quantum_iqp_zz_linear,974,45,5,0,1,0.6620551811857196
development_oof,without_n_op,9,quantum_iqp_zz_linear,975,66,5,0,0,-0.5373431020622652
development_oof,without_n_op,9,quantum_iqp_zz_linear,979,114,5,0,0,-1.1327856642436664
development_oof,without_n_op,9,quantum_iqp_zz_linear,990,201,5,0,0,-0.3913079753095057
development_oof,without_n_op,9,quantum_iqp_zz_linear,1008,76,5,0,0,-0.40503684105157856
development_oof,without_n_op,9,quantum_iqp_zz_linear,1010,194,5,0,1,0.45660125868525503
development_oof,without_n_op,9,quantum_iqp_zz_linear,1015,191,5,1,0,-0.7238519434642756
development_oof,without_n_op,9,quantum_iqp_zz_linear,1027,185,5,1,1,1.2407057609207675
development_oof,without_n_op,9,quantum_iqp_zz_linear,1032,180,5,0,1,0.24297066705991988
